polled_at_utc,state,site_id,lat,lng,temp_f,short_forecast,precip_pct,wind_mph,snow,ice,is_rain,is_heavy_rain,state_severe_alert,m_weather_delta
2026-09-27T00:11:49Z,IL,IL00070IE002700042,38.7849,-89.7023,70,Mostly Cloudy,8,2,False,False,False,False,True,0.2
2026-09-27T00:11:49Z,IL,IL00055IS002700019,38.8723,-89.8511,69,Mostly Cloudy,7,2,False,False,False,False,True,0.2
2026-09-27T00:11:49Z,IL,IL00080IW005100013,41.3937,-89.5591,69,Mostly Cloudy,0,5,False,False,False,False,True,0.2
2026-09-27T00:11:49Z,IL,IL00074IW002800020,41.2141,-90.3308,66,Mostly Cloudy,3,5,False,False,False,False,True,0.2
2026-09-27T00:11:49Z,IL,IL00057IN033300049,41.3892,-87.7729,64,Mostly Clear,0,5,False,False,False,False,True,0.2
2026-09-27T00:11:49Z,IL,IL00055IN010400050,39.8627,-89.5948,73,Mostly Cloudy,9,3,False,False,False,False,True,0.2
2026-09-27T00:11:49Z,IL,IL00070IE008600051,39.0651,-88.6745,73,Mostly Cloudy,2,2,False,False,False,False,True,0.2
2026-09-27T00:11:49Z,IL,IL00057IN026800032,40.5505,-88.0605,68,Partly Cloudy,0,5,False,False,False,False,True,0.2
2026-09-27T00:11:49Z,IL,IL00024IW003700010,37.1593,-88.6798,70,Partly Cloudy,2,5,False,False,False,False,True,0.2
2026-09-27T00:11:49Z,IL,IL00070IW002700015,38.7884,-89.6889,70,Cloudy,9,2,False,False,False,False,True,0.2
2026-09-27T00:11:49Z,IL,IL00064IW013000053,38.2322,-87.9882,69,Partly Cloudy,1,1,False,False,False,False,True,0.2
2026-09-27T00:11:49Z,IL,IL00080IE005100040,41.3938,-89.5665,69,Mostly Cloudy,0,5,False,False,False,False,True,0.2
2026-09-27T00:11:49Z,IL,IL00074IE011400005,40.6125,-89.245,69,Mostly Cloudy,4,3,False,False,False,False,True,0.2
2026-09-27T00:11:49Z,IL,IL00072IE015200041,39.9923,-88.7827,73,Mostly Cloudy,3,6,False,False,False,False,True,0.2
2026-09-27T00:11:49Z,IL,IL00057IN007900034,38.0297,-88.9203,71,Mostly Cloudy,2,1,False,False,False,False,True,0.2
2026-09-27T00:11:49Z,IL,IL00064IE008500039,38.273,-88.8496,71,Mostly Cloudy,2,1,False,False,False,False,True,0.2
2026-09-27T00:11:49Z,IL,IL00074IW006200004,40.8802,-90.0895,68,Mostly Cloudy,10,2,False,False,False,False,True,0.2
2026-09-27T00:11:49Z,IL,IL00057IS026800022,40.5613,-88.0615,68,Partly Cloudy,0,5,False,False,False,False,True,0.2
2026-09-27T00:11:49Z,IL,IL00055IN002700029,38.8649,-89.8532,69,Mostly Cloudy,7,2,False,False,False,False,True,0.2
2026-09-27T00:11:49Z,IL,IL00074IW020800052,40.1298,-87.7441,69,Partly Cloudy,0,3,False,False,False,False,True,0.2
2026-09-27T00:11:49Z,IL,IL00055IS019400021,40.8371,-88.6833,68,Partly Cloudy,1,0,False,False,False,False,True,0.2
2026-09-27T00:11:49Z,IL,IL00057IS011400023,38.5965,-88.9677,71,Mostly Cloudy,5,1,False,False,False,False,True,0.2
2026-09-27T00:11:49Z,IL,IL00074IE002800030,41.2334,-90.333,66,Mostly Cloudy,3,5,False,False,False,False,True,0.2
2026-09-27T00:11:49Z,IL,IL00080IE011700043,41.4314,-88.3454,66,Partly Cloudy,0,5,False,False,False,False,True,0.2
2026-09-27T00:11:49Z,IL,IL00039IS008500026,41.7285,-89.0105,64,Partly Cloudy,2,5,False,False,False,False,True,0.2
2026-09-27T00:11:49Z,IL,IL00055IN019400031,40.8234,-88.6875,67,Partly Cloudy,1,0,False,False,False,False,True,0.2
2026-09-27T00:11:49Z,IL,IL00057IN011400033,38.5963,-88.9638,71,Mostly Cloudy,5,1,False,False,False,False,True,0.2
2026-09-27T00:11:49Z,IL,IL00074IE015600037,40.2732,-88.6762,77,Mostly Cloudy,3,5,False,False,False,False,True,0.2
2026-09-27T00:11:49Z,IL,IL00055IN006400027,39.3465,-89.6408,69,Slight Chance Rain Showers,18,0,False,False,True,False,True,0.2
2026-09-27T00:11:49Z,IL,IL00055IN014900028,40.3599,-89.1099,72,Mostly Cloudy,4,5,False,False,False,False,True,0.2
2026-09-27T00:11:49Z,IL,IL00064IE002500038,38.5481,-89.7731,70,Mostly Cloudy,4,3,False,False,False,False,True,0.2
2026-09-27T00:11:49Z,IL,IL00057IN022200048,39.9218,-88.299,75,Mostly Cloudy,1,6,False,False,False,False,True,0.2
2026-09-27T00:11:49Z,IL,IL00039IN008500036,41.7236,-89.0062,64,Partly Cloudy,2,5,False,False,False,False,True,0.2
2026-09-27T00:11:49Z,IL,IL00074IW015600009,40.2711,-88.6701,78,Mostly Cloudy,3,5,False,False,False,False,True,0.2
2026-09-27T00:11:49Z,IL,IL00057IS033300046,41.3918,-87.7749,64,Mostly Clear,0,5,False,False,False,False,True,0.2
2026-09-27T00:11:49Z,IL,IL00057IS007900047,38.0962,-88.9138,70,Mostly Cloudy,2,1,False,False,False,False,True,0.2
2026-09-27T00:11:49Z,IL,IL00064IW002500011,38.5491,-89.7633,70,Mostly Cloudy,4,3,False,False,False,False,True,0.2
2026-09-27T00:11:49Z,IL,IL00072IW015200014,39.9888,-88.7852,73,Mostly Cloudy,3,6,False,False,False,False,True,0.2
2026-09-27T00:11:49Z,IL,IL00080IW011700016,41.4473,-88.3285,66,Partly Cloudy,0,5,False,False,False,False,True,0.2
2026-09-27T00:11:49Z,IL,IL00055IS006400017,39.3523,-89.6447,69,Slight Chance Rain Showers,18,1,False,False,True,False,True,0.2
2026-09-27T00:11:49Z,IL,IL00064IW008500012,38.2766,-88.8012,70,Mostly Cloudy,2,1,False,False,False,False,True,0.2
2026-09-27T00:11:49Z,IL,IL00057IS022200054,39.9314,-88.3043,75,Mostly Cloudy,1,6,False,False,False,False,True,0.2
2026-09-27T00:11:49Z,IL,IL00070IW008700045,39.0679,-88.6704,73,Mostly Cloudy,2,2,False,False,False,False,True,0.2
2026-09-27T00:11:49Z,IL,IL00057IS016500018,39.1993,-88.502,75,Mostly Cloudy,2,2,False,False,False,False,True,0.2
2026-09-27T00:11:49Z,IL,IL00074IW011400006,40.6111,-89.2323,69,Mostly Cloudy,4,3,False,False,False,False,True,0.2
2026-09-27T00:11:49Z,IL,IL00074IE006200001,40.8788,-90.0936,68,Mostly Cloudy,10,2,False,False,False,False,True,0.2
2026-09-27T00:11:49Z,IL,IL00070IW014900008,39.4228,-87.6617,74,Partly Cloudy,0,3,False,False,False,False,True,0.2
2026-09-27T00:11:49Z,IL,IL00057IN016500044,39.1898,-88.5031,74,Mostly Cloudy,2,2,False,False,False,False,True,0.2
2026-09-27T00:11:49Z,IL,IL00055IS010400024,39.8871,-89.5966,72,Mostly Cloudy,9,3,False,False,False,False,True,0.2
2026-09-27T00:11:49Z,IL,IL00057IS003200025,37.4699,-89.1329,71,Partly Cloudy,2,2,False,False,False,False,True,0.2
2026-09-27T00:11:49Z,IL,IL00057IN003200035,37.4661,-89.1324,71,Partly Cloudy,2,2,False,False,False,False,True,0.2
2026-09-27T00:11:49Z,IN,322,38.195,-87.8597,69,Partly Cloudy,1,1,False,False,False,False,False,0.0
2026-09-27T00:11:49Z,IN,317,38.5852,-85.7768,72,Clear,0,1,False,False,False,False,False,0.0
2026-09-27T00:11:49Z,IN,316,38.5859,-85.7809,72,Clear,0,1,False,False,False,False,False,0.0
2026-09-27T00:11:49Z,IN,315,39.2602,-85.9521,70,Clear,0,5,False,False,False,False,False,0.0
2026-09-27T00:11:49Z,IN,314,39.2767,-85.9569,70,Clear,0,5,False,False,False,False,False,0.0
2026-09-27T00:11:49Z,IN,313,40.1578,-86.5387,67,Clear,0,5,False,False,False,False,False,0.0
2026-09-27T00:11:49Z,IN,312,40.1722,-86.5522,68,Clear,0,5,False,False,False,False,False,0.0
2026-09-27T00:11:49Z,IN,311,40.6992,-87.0628,68,Mostly Clear,0,0,False,False,False,False,False,0.0
2026-09-27T00:11:49Z,IN,310,40.6984,-87.0646,68,Mostly Clear,0,0,False,False,False,False,False,0.0
2026-09-27T00:11:49Z,IN,308,41.1653,-87.271,65,Mostly Clear,0,5,False,False,False,False,False,0.0
2026-09-27T00:11:49Z,IN,309,41.1666,-87.2749,65,Mostly Clear,0,5,False,False,False,False,False,0.0
2026-09-27T00:11:49Z,IN,318,40.3543,-85.5576,68,Clear,0,3,False,False,False,False,False,0.0
2026-09-27T00:11:49Z,IN,319,40.3569,-85.56,68,Clear,0,3,False,False,False,False,False,0.0
2026-09-27T00:11:49Z,IN,320,41.2963,-85.0863,66,Clear,0,5,False,False,False,False,False,0.0
2026-09-27T00:11:49Z,IN,321,41.5803,-85.0597,66,Clear,0,5,False,False,False,False,False,0.0
2026-09-27T00:11:49Z,IN,300,39.4417,-87.5002,71,Mostly Clear,0,3,False,False,False,False,False,0.0
2026-09-27T00:11:49Z,IN,302,39.6517,-86.3967,71,Mostly Clear,0,5,False,False,False,False,False,0.0
2026-09-27T00:11:49Z,IN,301,39.6541,-86.4005,71,Mostly Clear,0,5,False,False,False,False,False,0.0
2026-09-27T00:11:49Z,IN,303,39.8243,-85.7039,69,Clear,0,5,False,False,False,False,False,0.0
2026-09-27T00:11:49Z,IN,304,39.8266,-85.704,69,Clear,0,5,False,False,False,False,False,0.0
2026-09-27T00:11:49Z,IN,305,39.8605,-85.0259,64,Clear,0,3,False,False,False,False,False,0.0
2026-09-27T00:11:49Z,IN,323,39.29,-85.1688,65,Clear,0,2,False,False,False,False,False,0.0
2026-09-27T00:11:49Z,IN,702,41.7472,-85.3285,66,Clear,0,5,False,False,False,False,False,0.0
2026-09-27T00:11:49Z,IN,701,41.5889,-87.2173,61,Mostly Clear,0,5,False,False,False,False,False,0.0
2026-09-27T00:11:49Z,IN,704,41.7058,-86.6212,62,Mostly Clear,0,5,False,False,False,False,False,0.0
2026-09-27T00:11:49Z,IN,703,41.7071,-86.6235,62,Mostly Clear,0,5,False,False,False,False,False,0.0
2026-09-27T00:11:49Z,IN,705,41.733,-86.0057,66,Clear,0,5,False,False,False,False,False,0.0
2026-09-27T00:11:49Z,IN,708,41.7472,-85.3285,66,Clear,0,5,False,False,False,False,False,0.0
2026-09-27T00:11:49Z,IN,707,41.7453,-85.3287,66,Clear,0,5,False,False,False,False,False,0.0
2026-09-27T00:11:49Z,IN,324,41.7353,-86.7933,58,Partly Cloudy,0,5,False,False,False,False,False,0.0
2026-09-27T00:11:49Z,KY,KY00065IS0000020N65WELCOM,36.6434,-86.5687,73,Partly Cloudy,0,10,False,False,False,False,False,0.0
2026-09-27T00:11:49Z,KY,KY00065IS000020NSMARATHON,36.6612,-86.5553,75,Partly Cloudy,0,8,False,False,False,False,False,0.0
2026-09-27T00:11:49Z,KY,KY00065IS0000340NWEIGHS34,36.6868,-86.5379,75,Partly Cloudy,0,7,False,False,False,False,False,0.0
2026-09-27T00:11:49Z,KY,KY00065IS0011400S65SRA114,37.9464,-85.6905,72,Mostly Clear,0,3,False,False,False,False,False,0.0
2026-09-27T00:11:49Z,KY,KY00065IS0005900S65SRA059,37.239,-85.9297,73,Partly Cloudy,0,3,False,False,False,False,False,0.0
2026-09-27T00:11:49Z,KY,KY00065IS0005900N65NRA059,37.2384,-85.9271,73,Partly Cloudy,0,3,False,False,False,False,False,0.0
2026-09-27T00:11:49Z,KY,KY00075IS0003300NWEIGHS33,37.0422,-84.0968,68,Mostly Clear,0,6,False,False,False,False,False,0.0
2026-09-27T00:11:49Z,KY,KY00075IS0003400SWEIGHS34,37.048,-84.0997,69,Mostly Clear,0,7,False,False,False,False,False,0.0
2026-09-27T00:11:49Z,KY,KY00075IS0017700N75NRA177,38.937,-84.6309,65,Clear,0,5,False,False,False,False,False,0.0
2026-09-27T00:11:49Z,KY,KY00075IS0007500SWALTONWS,38.8653,-84.6476,65,Clear,0,5,False,False,False,False,False,0.0
2026-09-27T00:11:49Z,KY,KY00075IS0017700S75SRA177,38.9388,-84.6339,65,Clear,0,5,False,False,False,False,False,0.0
2026-09-27T00:11:49Z,KY,KY00075IS0016800SCRITENWS,38.8196,-84.6015,65,Clear,0,5,False,False,False,False,False,0.0
2026-09-27T00:11:49Z,KY,KY00075IS0000100N75WELCOM,36.6162,-84.1054,71,Mostly Clear,0,5,False,False,False,False,False,0.0
2026-09-27T00:26:49Z,IL,IL00070IE002700042,38.7849,-89.7023,70,Mostly Cloudy,8,2,False,False,False,False,True,0.2
2026-09-27T00:26:49Z,IL,IL00055IS002700019,38.8723,-89.8511,69,Mostly Cloudy,7,2,False,False,False,False,True,0.2
2026-09-27T00:26:49Z,IL,IL00080IW005100013,41.3937,-89.5591,69,Mostly Cloudy,0,5,False,False,False,False,True,0.2
2026-09-27T00:26:49Z,IL,IL00074IW002800020,41.2141,-90.3308,65,Mostly Cloudy,6,5,False,False,False,False,True,0.2
2026-09-27T00:26:49Z,IL,IL00057IN033300049,41.3892,-87.7729,64,Mostly Clear,0,5,False,False,False,False,True,0.2
2026-09-27T00:26:49Z,IL,IL00055IN010400050,39.8627,-89.5948,71,Mostly Cloudy,9,3,False,False,False,False,True,0.2
2026-09-27T00:26:49Z,IL,IL00070IE008600051,39.0651,-88.6745,70,Mostly Cloudy,2,2,False,False,False,False,True,0.2
2026-09-27T00:26:49Z,IL,IL00057IN026800032,40.5505,-88.0605,68,Partly Cloudy,0,5,False,False,False,False,True,0.2
2026-09-27T00:26:49Z,IL,IL00024IW003700010,37.1593,-88.6798,68,Mostly Cloudy,1,2,False,False,False,False,True,0.2
2026-09-27T00:26:49Z,IL,IL00070IW002700015,38.7884,-89.6889,70,Cloudy,9,2,False,False,False,False,True,0.2
2026-09-27T00:26:49Z,IL,IL00064IW013000053,38.2322,-87.9882,69,Partly Cloudy,1,1,False,False,False,False,True,0.2
2026-09-27T00:26:49Z,IL,IL00080IE005100040,41.3938,-89.5665,69,Mostly Cloudy,0,5,False,False,False,False,True,0.2
2026-09-27T00:26:49Z,IL,IL00074IE011400005,40.6125,-89.245,69,Mostly Cloudy,4,3,False,False,False,False,True,0.2
2026-09-27T00:26:49Z,IL,IL00072IE015200041,39.9923,-88.7827,72,Mostly Cloudy,3,6,False,False,False,False,True,0.2
2026-09-27T00:26:49Z,IL,IL00057IN007900034,38.0297,-88.9203,71,Mostly Cloudy,2,1,False,False,False,False,True,0.2
2026-09-27T00:26:49Z,IL,IL00064IE008500039,38.273,-88.8496,71,Mostly Cloudy,2,1,False,False,False,False,True,0.2
2026-09-27T00:26:49Z,IL,IL00074IW006200004,40.8802,-90.0895,69,Mostly Cloudy,10,2,False,False,False,False,True,0.2
2026-09-27T00:26:49Z,IL,IL00057IS026800022,40.5613,-88.0615,68,Partly Cloudy,0,5,False,False,False,False,True,0.2
2026-09-27T00:26:49Z,IL,IL00055IN002700029,38.8649,-89.8532,69,Mostly Cloudy,7,2,False,False,False,False,True,0.2
2026-09-27T00:26:49Z,IL,IL00074IW020800052,40.1298,-87.7441,69,Partly Cloudy,0,3,False,False,False,False,True,0.2
2026-09-27T00:26:49Z,IL,IL00055IS019400021,40.8371,-88.6833,68,Partly Cloudy,1,0,False,False,False,False,True,0.2
2026-09-27T00:26:49Z,IL,IL00057IS011400023,38.5965,-88.9677,71,Mostly Cloudy,5,1,False,False,False,False,True,0.2
2026-09-27T00:26:49Z,IL,IL00074IE002800030,41.2334,-90.333,65,Mostly Cloudy,6,5,False,False,False,False,True,0.2
2026-09-27T00:26:49Z,IL,IL00080IE011700043,41.4314,-88.3454,66,Partly Cloudy,0,5,False,False,False,False,True,0.2
2026-09-27T00:26:49Z,IL,IL00039IS008500026,41.7285,-89.0105,64,Partly Cloudy,2,5,False,False,False,False,True,0.2
2026-09-27T00:26:49Z,IL,IL00055IN019400031,40.8234,-88.6875,67,Partly Cloudy,1,0,False,False,False,False,True,0.2
2026-09-27T00:26:49Z,IL,IL00057IN011400033,38.5963,-88.9638,71,Mostly Cloudy,5,1,False,False,False,False,True,0.2
2026-09-27T00:26:49Z,IL,IL00074IE015600037,40.2732,-88.6762,69,Mostly Cloudy,1,6,False,False,False,False,True,0.2
2026-09-27T00:26:49Z,IL,IL00055IN006400027,39.3465,-89.6408,69,Slight Chance Rain Showers,18,0,False,False,True,False,True,0.2
2026-09-27T00:26:49Z,IL,IL00055IN014900028,40.3599,-89.1099,70,Mostly Cloudy,4,5,False,False,False,False,True,0.2
2026-09-27T00:26:49Z,IL,IL00064IE002500038,38.5481,-89.7731,70,Mostly Cloudy,4,3,False,False,False,False,True,0.2
2026-09-27T00:26:49Z,IL,IL00057IN022200048,39.9218,-88.299,75,Mostly Cloudy,1,6,False,False,False,False,True,0.2
2026-09-27T00:26:49Z,IL,IL00039IN008500036,41.7236,-89.0062,64,Partly Cloudy,2,5,False,False,False,False,True,0.2
2026-09-27T00:26:49Z,IL,IL00074IW015600009,40.2711,-88.6701,75,Mostly Cloudy,3,5,False,False,False,False,True,0.2
2026-09-27T00:26:49Z,IL,IL00057IS033300046,41.3918,-87.7749,64,Mostly Clear,0,5,False,False,False,False,True,0.2
2026-09-27T00:26:49Z,IL,IL00057IS007900047,38.0962,-88.9138,70,Mostly Cloudy,2,1,False,False,False,False,True,0.2
2026-09-27T00:26:49Z,IL,IL00064IW002500011,38.5491,-89.7633,70,Mostly Cloudy,4,3,False,False,False,False,True,0.2
2026-09-27T00:26:49Z,IL,IL00072IW015200014,39.9888,-88.7852,72,Mostly Cloudy,3,6,False,False,False,False,True,0.2
2026-09-27T00:26:49Z,IL,IL00080IW011700016,41.4473,-88.3285,66,Partly Cloudy,0,5,False,False,False,False,True,0.2
2026-09-27T00:26:49Z,IL,IL00055IS006400017,39.3523,-89.6447,69,Slight Chance Rain Showers,18,1,False,False,True,False,True,0.2
2026-09-27T00:26:49Z,IL,IL00064IW008500012,38.2766,-88.8012,70,Mostly Cloudy,2,1,False,False,False,False,True,0.2
2026-09-27T00:26:49Z,IL,IL00057IS022200054,39.9314,-88.3043,75,Mostly Cloudy,1,6,False,False,False,False,True,0.2
2026-09-27T00:26:49Z,IL,IL00070IW008700045,39.0679,-88.6704,70,Mostly Cloudy,2,2,False,False,False,False,True,0.2
2026-09-27T00:26:49Z,IL,IL00057IS016500018,39.1993,-88.502,73,Mostly Cloudy,2,2,False,False,False,False,True,0.2
2026-09-27T00:26:49Z,IL,IL00074IW011400006,40.6111,-89.2323,69,Mostly Cloudy,4,3,False,False,False,False,True,0.2
2026-09-27T00:26:49Z,IL,IL00074IE006200001,40.8788,-90.0936,69,Mostly Cloudy,10,2,False,False,False,False,True,0.2
2026-09-27T00:26:49Z,IL,IL00070IW014900008,39.4228,-87.6617,70,Partly Cloudy,0,3,False,False,False,False,True,0.2
2026-09-27T00:26:49Z,IL,IL00057IN016500044,39.1898,-88.5031,72,Mostly Cloudy,2,2,False,False,False,False,True,0.2
2026-09-27T00:26:49Z,IL,IL00055IS010400024,39.8871,-89.5966,70,Mostly Cloudy,9,3,False,False,False,False,True,0.2
2026-09-27T00:26:49Z,IL,IL00057IS003200025,37.4699,-89.1329,71,Partly Cloudy,2,2,False,False,False,False,True,0.2
2026-09-27T00:26:49Z,IL,IL00057IN003200035,37.4661,-89.1324,71,Partly Cloudy,2,2,False,False,False,False,True,0.2
2026-09-27T00:26:49Z,IN,322,38.195,-87.8597,66,Partly Cloudy,0,2,False,False,False,False,False,0.0
2026-09-27T00:26:49Z,IN,317,38.5852,-85.7768,72,Clear,0,1,False,False,False,False,False,0.0
2026-09-27T00:26:49Z,IN,316,38.5859,-85.7809,72,Clear,0,1,False,False,False,False,False,0.0
2026-09-27T00:26:49Z,IN,315,39.2602,-85.9521,70,Clear,0,5,False,False,False,False,False,0.0
2026-09-27T00:26:49Z,IN,314,39.2767,-85.9569,70,Clear,0,5,False,False,False,False,False,0.0
2026-09-27T00:26:49Z,IN,313,40.1578,-86.5387,67,Clear,0,5,False,False,False,False,False,0.0
2026-09-27T00:26:49Z,IN,312,40.1722,-86.5522,68,Clear,0,5,False,False,False,False,False,0.0
2026-09-27T00:26:49Z,IN,311,40.6992,-87.0628,69,Mostly Clear,0,0,False,False,False,False,False,0.0
2026-09-27T00:26:49Z,IN,310,40.6984,-87.0646,69,Mostly Clear,0,0,False,False,False,False,False,0.0
2026-09-27T00:26:49Z,IN,308,41.1653,-87.271,65,Mostly Clear,0,5,False,False,False,False,False,0.0
2026-09-27T00:26:49Z,IN,309,41.1666,-87.2749,65,Mostly Clear,0,5,False,False,False,False,False,0.0
2026-09-27T00:26:49Z,IN,318,40.3543,-85.5576,68,Clear,0,3,False,False,False,False,False,0.0
2026-09-27T00:26:49Z,IN,319,40.3569,-85.56,68,Clear,0,3,False,False,False,False,False,0.0
2026-09-27T00:26:49Z,IN,320,41.2963,-85.0863,67,Clear,0,5,False,False,False,False,False,0.0
2026-09-27T00:26:49Z,IN,321,41.5803,-85.0597,64,Clear,0,5,False,False,False,False,False,0.0
2026-09-27T00:26:49Z,IN,300,39.4417,-87.5002,71,Mostly Clear,0,3,False,False,False,False,False,0.0
2026-09-27T00:26:49Z,IN,302,39.6517,-86.3967,71,Mostly Clear,0,5,False,False,False,False,False,0.0
2026-09-27T00:26:49Z,IN,301,39.6541,-86.4005,71,Mostly Clear,0,5,False,False,False,False,False,0.0
2026-09-27T00:26:49Z,IN,303,39.8243,-85.7039,69,Clear,0,5,False,False,False,False,False,0.0
2026-09-27T00:26:49Z,IN,304,39.8266,-85.704,69,Clear,0,5,False,False,False,False,False,0.0
2026-09-27T00:26:49Z,IN,305,39.8605,-85.0259,64,Clear,0,3,False,False,False,False,False,0.0
2026-09-27T00:26:49Z,IN,323,39.29,-85.1688,65,Clear,0,2,False,False,False,False,False,0.0
2026-09-27T00:26:49Z,IN,702,41.7472,-85.3285,68,Clear,0,5,False,False,False,False,False,0.0
2026-09-27T00:26:49Z,IN,701,41.5889,-87.2173,59,Mostly Clear,0,5,False,False,False,False,False,0.0
2026-09-27T00:26:49Z,IN,704,41.7058,-86.6212,62,Mostly Clear,0,5,False,False,False,False,False,0.0
2026-09-27T00:26:49Z,IN,703,41.7071,-86.6235,62,Mostly Clear,0,5,False,False,False,False,False,0.0
2026-09-27T00:26:49Z,IN,705,41.733,-86.0057,67,Clear,0,5,False,False,False,False,False,0.0
2026-09-27T00:26:49Z,IN,708,41.7472,-85.3285,68,Clear,0,5,False,False,False,False,False,0.0
2026-09-27T00:26:49Z,IN,707,41.7453,-85.3287,68,Clear,0,5,False,False,False,False,False,0.0
2026-09-27T00:26:49Z,IN,324,41.7353,-86.7933,60,Partly Cloudy,0,5,False,False,False,False,False,0.0
2026-09-27T00:26:49Z,KY,KY00065IS0000020N65WELCOM,36.6434,-86.5687,73,Partly Cloudy,0,10,False,False,False,False,False,0.0
2026-09-27T00:26:49Z,KY,KY00065IS000020NSMARATHON,36.6612,-86.5553,75,Partly Cloudy,0,8,False,False,False,False,False,0.0
2026-09-27T00:26:49Z,KY,KY00065IS0000340NWEIGHS34,36.6868,-86.5379,75,Partly Cloudy,0,7,False,False,False,False,False,0.0
2026-09-27T00:26:49Z,KY,KY00065IS0011400S65SRA114,37.9464,-85.6905,72,Mostly Clear,0,3,False,False,False,False,False,0.0
2026-09-27T00:26:49Z,KY,KY00065IS0005900S65SRA059,37.239,-85.9297,73,Partly Cloudy,0,3,False,False,False,False,False,0.0
2026-09-27T00:26:49Z,KY,KY00065IS0005900N65NRA059,37.2384,-85.9271,73,Partly Cloudy,0,3,False,False,False,False,False,0.0
2026-09-27T00:26:49Z,KY,KY00075IS0003300NWEIGHS33,37.0422,-84.0968,68,Mostly Clear,0,6,False,False,False,False,False,0.0
2026-09-27T00:26:49Z,KY,KY00075IS0003400SWEIGHS34,37.048,-84.0997,69,Mostly Clear,0,7,False,False,False,False,False,0.0
2026-09-27T00:26:49Z,KY,KY00075IS0017700N75NRA177,38.937,-84.6309,65,Clear,0,5,False,False,False,False,False,0.0
2026-09-27T00:26:49Z,KY,KY00075IS0007500SWALTONWS,38.8653,-84.6476,65,Clear,0,5,False,False,False,False,False,0.0
2026-09-27T00:26:49Z,KY,KY00075IS0017700S75SRA177,38.9388,-84.6339,65,Clear,0,5,False,False,False,False,False,0.0
2026-09-27T00:26:49Z,KY,KY00075IS0016800SCRITENWS,38.8196,-84.6015,65,Clear,0,5,False,False,False,False,False,0.0
2026-09-27T00:26:49Z,KY,KY00075IS0000100N75WELCOM,36.6162,-84.1054,71,Mostly Clear,0,5,False,False,False,False,False,0.0
2026-09-27T00:41:49Z,IL,IL00070IE002700042,38.7849,-89.7023,67,Mostly Cloudy,3,2,False,False,False,False,True,0.2
2026-09-27T00:41:49Z,IL,IL00055IS002700019,38.8723,-89.8511,67,Mostly Cloudy,3,2,False,False,False,False,True,0.2
2026-09-27T00:41:49Z,IL,IL00080IW005100013,41.3937,-89.5591,66,Mostly Cloudy,3,5,False,False,False,False,True,0.2
2026-09-27T00:41:49Z,IL,IL00074IW002800020,41.2141,-90.3308,65,Mostly Cloudy,6,5,False,False,False,False,True,0.2
2026-09-27T00:41:49Z,IL,IL00057IN033300049,41.3892,-87.7729,60,Partly Cloudy,0,5,False,False,False,False,True,0.2
2026-09-27T00:41:49Z,IL,IL00055IN010400050,39.8627,-89.5948,67,Slight Chance Rain Showers,15,3,False,False,True,False,True,0.2
2026-09-27T00:41:49Z,IL,IL00070IE008600051,39.0651,-88.6745,67,Mostly Cloudy,2,2,False,False,False,False,True,0.2
2026-09-27T00:41:49Z,IL,IL00057IN026800032,40.5505,-88.0605,65,Partly Cloudy,0,5,False,False,False,False,True,0.2
2026-09-27T00:41:49Z,IL,IL00024IW003700010,37.1593,-88.6798,68,Mostly Cloudy,1,2,False,False,False,False,True,0.2
2026-09-27T00:41:49Z,IL,IL00070IW002700015,38.7884,-89.6889,67,Mostly Cloudy,3,1,False,False,False,False,True,0.2
2026-09-27T00:41:49Z,IL,IL00064IW013000053,38.2322,-87.9882,66,Partly Cloudy,1,1,False,False,False,False,True,0.2
2026-09-27T00:41:49Z,IL,IL00080IE005100040,41.3938,-89.5665,66,Mostly Cloudy,3,5,False,False,False,False,True,0.2
2026-09-27T00:41:49Z,IL,IL00074IE011400005,40.6125,-89.245,66,Mostly Cloudy,3,5,False,False,False,False,True,0.2
2026-09-27T00:41:49Z,IL,IL00072IE015200041,39.9923,-88.7827,68,Mostly Cloudy,2,6,False,False,False,False,True,0.2
2026-09-27T00:41:49Z,IL,IL00057IN007900034,38.0297,-88.9203,68,Mostly Cloudy,3,1,False,False,False,False,True,0.2
2026-09-27T00:41:49Z,IL,IL00064IE008500039,38.273,-88.8496,66,Mostly Cloudy,3,1,False,False,False,False,True,0.2
2026-09-27T00:41:49Z,IL,IL00074IW006200004,40.8802,-90.0895,67,Mostly Cloudy,13,3,False,False,False,False,True,0.2
2026-09-27T00:41:49Z,IL,IL00057IS026800022,40.5613,-88.0615,65,Partly Cloudy,0,5,False,False,False,False,True,0.2
2026-09-27T00:41:49Z,IL,IL00055IN002700029,38.8649,-89.8532,67,Mostly Cloudy,3,2,False,False,False,False,True,0.2
2026-09-27T00:41:49Z,IL,IL00074IW020800052,40.1298,-87.7441,65,Partly Cloudy,0,2,False,False,False,False,True,0.2
2026-09-27T00:41:49Z,IL,IL00055IS019400021,40.8371,-88.6833,64,Partly Cloudy,1,5,False,False,False,False,True,0.2
2026-09-27T00:41:49Z,IL,IL00057IS011400023,38.5965,-88.9677,69,Cloudy,3,1,False,False,False,False,True,0.2
2026-09-27T00:41:49Z,IL,IL00074IE002800030,41.2334,-90.333,65,Mostly Cloudy,6,5,False,False,False,False,True,0.2
2026-09-27T00:41:49Z,IL,IL00080IE011700043,41.4314,-88.3454,63,Partly Cloudy,0,5,False,False,False,False,True,0.2
2026-09-27T00:41:49Z,IL,IL00039IS008500026,41.7285,-89.0105,60,Mostly Cloudy,2,5,False,False,False,False,True,0.2
2026-09-27T00:41:49Z,IL,IL00055IN019400031,40.8234,-88.6875,64,Partly Cloudy,1,5,False,False,False,False,True,0.2
2026-09-27T00:41:49Z,IL,IL00057IN011400033,38.5963,-88.9638,69,Cloudy,3,1,False,False,False,False,True,0.2
2026-09-27T00:41:49Z,IL,IL00074IE015600037,40.2732,-88.6762,68,Mostly Cloudy,1,6,False,False,False,False,True,0.2
2026-09-27T00:41:49Z,IL,IL00055IN006400027,39.3465,-89.6408,67,Cloudy,6,0,False,False,False,False,True,0.2
2026-09-27T00:41:49Z,IL,IL00055IN014900028,40.3599,-89.1099,66,Mostly Cloudy,3,5,False,False,False,False,True,0.2
2026-09-27T00:41:49Z,IL,IL00064IE002500038,38.5481,-89.7731,67,Mostly Cloudy,2,2,False,False,False,False,True,0.2
2026-09-27T00:41:49Z,IL,IL00057IN022200048,39.9218,-88.299,68,Mostly Cloudy,0,6,False,False,False,False,True,0.2
2026-09-27T00:41:49Z,IL,IL00039IN008500036,41.7236,-89.0062,60,Mostly Cloudy,2,5,False,False,False,False,True,0.2
2026-09-27T00:41:49Z,IL,IL00074IW015600009,40.2711,-88.6701,68,Mostly Cloudy,1,6,False,False,False,False,True,0.2
2026-09-27T00:41:49Z,IL,IL00057IS033300046,41.3918,-87.7749,60,Partly Cloudy,0,5,False,False,False,False,True,0.2
2026-09-27T00:41:49Z,IL,IL00057IS007900047,38.0962,-88.9138,69,Mostly Cloudy,3,1,False,False,False,False,True,0.2
2026-09-27T00:41:49Z,IL,IL00064IW002500011,38.5491,-89.7633,67,Mostly Cloudy,2,2,False,False,False,False,True,0.2
2026-09-27T00:41:49Z,IL,IL00072IW015200014,39.9888,-88.7852,68,Mostly Cloudy,2,6,False,False,False,False,True,0.2
2026-09-27T00:41:49Z,IL,IL00080IW011700016,41.4473,-88.3285,62,Partly Cloudy,0,5,False,False,False,False,True,0.2
2026-09-27T00:41:49Z,IL,IL00055IS006400017,39.3523,-89.6447,67,Cloudy,6,0,False,False,False,False,True,0.2
2026-09-27T00:41:49Z,IL,IL00064IW008500012,38.2766,-88.8012,67,Mostly Cloudy,3,1,False,False,False,False,True,0.2
2026-09-27T00:41:49Z,IL,IL00057IS022200054,39.9314,-88.3043,68,Mostly Cloudy,0,6,False,False,False,False,True,0.2
2026-09-27T00:41:49Z,IL,IL00070IW008700045,39.0679,-88.6704,67,Mostly Cloudy,2,2,False,False,False,False,True,0.2
2026-09-27T00:41:49Z,IL,IL00057IS016500018,39.1993,-88.502,66,Mostly Cloudy,2,2,False,False,False,False,True,0.2
2026-09-27T00:41:49Z,IL,IL00074IW011400006,40.6111,-89.2323,66,Mostly Cloudy,3,5,False,False,False,False,True,0.2
2026-09-27T00:41:49Z,IL,IL00074IE006200001,40.8788,-90.0936,67,Mostly Cloudy,13,3,False,False,False,False,True,0.2
2026-09-27T00:41:49Z,IL,IL00070IW014900008,39.4228,-87.6617,63,Partly Cloudy,0,3,False,False,False,False,True,0.2
2026-09-27T00:41:49Z,IL,IL00057IN016500044,39.1898,-88.5031,66,Mostly Cloudy,2,2,False,False,False,False,True,0.2
2026-09-27T00:41:49Z,IL,IL00055IS010400024,39.8871,-89.5966,67,Slight Chance Rain Showers,15,3,False,False,True,False,True,0.2
2026-09-27T00:41:49Z,IL,IL00057IS003200025,37.4699,-89.1329,68,Partly Cloudy,1,2,False,False,False,False,True,0.2
2026-09-27T00:41:49Z,IL,IL00057IN003200035,37.4661,-89.1324,68,Partly Cloudy,1,2,False,False,False,False,True,0.2
2026-09-27T00:41:49Z,IN,322,38.195,-87.8597,66,Partly Cloudy,0,2,False,False,False,False,False,0.0
2026-09-27T00:41:49Z,IN,317,38.5852,-85.7768,67,Mostly Clear,0,2,False,False,False,False,False,0.0
2026-09-27T00:41:49Z,IN,316,38.5859,-85.7809,67,Mostly Clear,0,2,False,False,False,False,False,0.0
2026-09-27T00:41:49Z,IN,315,39.2602,-85.9521,66,Mostly Clear,0,5,False,False,False,False,False,0.0
2026-09-27T00:41:49Z,IN,314,39.2767,-85.9569,66,Mostly Clear,0,5,False,False,False,False,False,0.0
2026-09-27T00:41:49Z,IN,313,40.1578,-86.5387,64,Clear,0,5,False,False,False,False,False,0.0
2026-09-27T00:41:49Z,IN,312,40.1722,-86.5522,64,Clear,0,5,False,False,False,False,False,0.0
2026-09-27T00:41:49Z,IN,311,40.6992,-87.0628,65,Mostly Clear,0,0,False,False,False,False,False,0.0
2026-09-27T00:41:49Z,IN,310,40.6984,-87.0646,65,Mostly Clear,0,0,False,False,False,False,False,0.0
2026-09-27T00:41:49Z,IN,308,41.1653,-87.271,61,Mostly Clear,0,5,False,False,False,False,False,0.0
2026-09-27T00:41:49Z,IN,309,41.1666,-87.2749,61,Mostly Clear,0,5,False,False,False,False,False,0.0
2026-09-27T00:41:49Z,IN,318,40.3543,-85.5576,63,Clear,0,3,False,False,False,False,False,0.0
2026-09-27T00:41:49Z,IN,319,40.3569,-85.56,63,Clear,0,3,False,False,False,False,False,0.0
2026-09-27T00:41:49Z,IN,320,41.2963,-85.0863,63,Clear,0,5,False,False,False,False,False,0.0
2026-09-27T00:41:49Z,IN,321,41.5803,-85.0597,64,Clear,0,5,False,False,False,False,False,0.0
2026-09-27T00:41:49Z,IN,300,39.4417,-87.5002,67,Mostly Clear,0,3,False,False,False,False,False,0.0
2026-09-27T00:41:49Z,IN,302,39.6517,-86.3967,66,Mostly Clear,0,6,False,False,False,False,False,0.0
2026-09-27T00:41:49Z,IN,301,39.6541,-86.4005,66,Mostly Clear,0,6,False,False,False,False,False,0.0
2026-09-27T00:41:49Z,IN,303,39.8243,-85.7039,65,Clear,0,5,False,False,False,False,False,0.0
2026-09-27T00:41:49Z,IN,304,39.8266,-85.704,65,Clear,0,5,False,False,False,False,False,0.0
2026-09-27T00:41:49Z,IN,305,39.8605,-85.0259,61,Clear,0,3,False,False,False,False,False,0.0
2026-09-27T00:41:49Z,IN,323,39.29,-85.1688,61,Mostly Clear,0,2,False,False,False,False,False,0.0
2026-09-27T00:41:49Z,IN,702,41.7472,-85.3285,64,Clear,0,5,False,False,False,False,False,0.0
2026-09-27T00:41:49Z,IN,701,41.5889,-87.2173,59,Mostly Clear,0,5,False,False,False,False,False,0.0
2026-09-27T00:41:49Z,IN,704,41.7058,-86.6212,59,Mostly Clear,0,5,False,False,False,False,False,0.0
2026-09-27T00:41:49Z,IN,703,41.7071,-86.6235,59,Mostly Clear,0,5,False,False,False,False,False,0.0
2026-09-27T00:41:49Z,IN,705,41.733,-86.0057,63,Clear,0,5,False,False,False,False,False,0.0
2026-09-27T00:41:49Z,IN,708,41.7472,-85.3285,64,Clear,0,5,False,False,False,False,False,0.0
2026-09-27T00:41:49Z,IN,707,41.7453,-85.3287,64,Clear,0,5,False,False,False,False,False,0.0
2026-09-27T00:41:49Z,IN,324,41.7353,-86.7933,58,Partly Cloudy,0,5,False,False,False,False,False,0.0
2026-09-27T00:41:49Z,KY,KY00065IS0000020N65WELCOM,36.6434,-86.5687,68,Partly Cloudy,0,5,False,False,False,False,False,0.0
2026-09-27T00:41:49Z,KY,KY00065IS000020NSMARATHON,36.6612,-86.5553,69,Partly Cloudy,0,6,False,False,False,False,False,0.0
2026-09-27T00:41:49Z,KY,KY00065IS0000340NWEIGHS34,36.6868,-86.5379,70,Partly Cloudy,0,5,False,False,False,False,False,0.0
2026-09-27T00:41:49Z,KY,KY00065IS0011400S65SRA114,37.9464,-85.6905,69,Partly Cloudy,0,3,False,False,False,False,False,0.0
2026-09-27T00:41:49Z,KY,KY00065IS0005900S65SRA059,37.239,-85.9297,68,Partly Cloudy,0,3,False,False,False,False,False,0.0
2026-09-27T00:41:49Z,KY,KY00065IS0005900N65NRA059,37.2384,-85.9271,68,Partly Cloudy,0,3,False,False,False,False,False,0.0
2026-09-27T00:41:49Z,KY,KY00075IS0003300NWEIGHS33,37.0422,-84.0968,64,Mostly Clear,0,5,False,False,False,False,False,0.0
2026-09-27T00:41:49Z,KY,KY00075IS0003400SWEIGHS34,37.048,-84.0997,65,Mostly Clear,0,5,False,False,False,False,False,0.0
2026-09-27T00:41:49Z,KY,KY00075IS0017700N75NRA177,38.937,-84.6309,61,Clear,0,5,False,False,False,False,False,0.0
2026-09-27T00:41:49Z,KY,KY00075IS0007500SWALTONWS,38.8653,-84.6476,61,Clear,0,5,False,False,False,False,False,0.0
2026-09-27T00:41:49Z,KY,KY00075IS0017700S75SRA177,38.9388,-84.6339,61,Clear,0,5,False,False,False,False,False,0.0
2026-09-27T00:41:49Z,KY,KY00075IS0016800SCRITENWS,38.8196,-84.6015,61,Clear,0,3,False,False,False,False,False,0.0
2026-09-27T00:41:49Z,KY,KY00075IS0000100N75WELCOM,36.6162,-84.1054,67,Mostly Clear,0,5,False,False,False,False,False,0.0
2026-09-27T00:56:49Z,IL,IL00070IE002700042,38.7849,-89.7023,70,Mostly Cloudy,8,2,False,False,False,False,True,0.2
2026-09-27T00:56:49Z,IL,IL00055IS002700019,38.8723,-89.8511,69,Mostly Cloudy,7,2,False,False,False,False,True,0.2
2026-09-27T00:56:49Z,IL,IL00080IW005100013,41.3937,-89.5591,69,Mostly Cloudy,0,5,False,False,False,False,True,0.2
2026-09-27T00:56:49Z,IL,IL00074IW002800020,41.2141,-90.3308,66,Mostly Cloudy,3,5,False,False,False,False,True,0.2
2026-09-27T00:56:49Z,IL,IL00057IN033300049,41.3892,-87.7729,64,Mostly Clear,0,5,False,False,False,False,True,0.2
2026-09-27T00:56:49Z,IL,IL00055IN010400050,39.8627,-89.5948,71,Mostly Cloudy,9,3,False,False,False,False,True,0.2
2026-09-27T00:56:49Z,IL,IL00070IE008600051,39.0651,-88.6745,67,Mostly Cloudy,2,2,False,False,False,False,True,0.2
2026-09-27T00:56:49Z,IL,IL00057IN026800032,40.5505,-88.0605,68,Partly Cloudy,0,5,False,False,False,False,True,0.2
2026-09-27T00:56:49Z,IL,IL00024IW003700010,37.1593,-88.6798,70,Partly Cloudy,2,5,False,False,False,False,True,0.2
2026-09-27T00:56:49Z,IL,IL00070IW002700015,38.7884,-89.6889,70,Cloudy,9,2,False,False,False,False,True,0.2
2026-09-27T00:56:49Z,IL,IL00064IW013000053,38.2322,-87.9882,69,Partly Cloudy,1,1,False,False,False,False,True,0.2
2026-09-27T00:56:49Z,IL,IL00080IE005100040,41.3938,-89.5665,69,Mostly Cloudy,0,5,False,False,False,False,True,0.2
2026-09-27T00:56:49Z,IL,IL00074IE011400005,40.6125,-89.245,66,Mostly Cloudy,3,5,False,False,False,False,True,0.2
2026-09-27T00:56:49Z,IL,IL00072IE015200041,39.9923,-88.7827,72,Mostly Cloudy,3,6,False,False,False,False,True,0.2
2026-09-27T00:56:49Z,IL,IL00057IN007900034,38.0297,-88.9203,71,Mostly Cloudy,2,1,False,False,False,False,True,0.2
2026-09-27T00:56:49Z,IL,IL00064IE008500039,38.273,-88.8496,71,Mostly Cloudy,2,1,False,False,False,False,True,0.2
2026-09-27T00:56:49Z,IL,IL00074IW006200004,40.8802,-90.0895,69,Mostly Cloudy,10,2,False,False,False,False,True,0.2
2026-09-27T00:56:49Z,IL,IL00057IS026800022,40.5613,-88.0615,68,Partly Cloudy,0,5,False,False,False,False,True,0.2
2026-09-27T00:56:49Z,IL,IL00055IN002700029,38.8649,-89.8532,67,Mostly Cloudy,3,2,False,False,False,False,True,0.2
2026-09-27T00:56:49Z,IL,IL00074IW020800052,40.1298,-87.7441,69,Partly Cloudy,0,3,False,False,False,False,True,0.2
2026-09-27T00:56:49Z,IL,IL00055IS019400021,40.8371,-88.6833,68,Partly Cloudy,1,0,False,False,False,False,True,0.2
2026-09-27T00:56:49Z,IL,IL00057IS011400023,38.5965,-88.9677,71,Mostly Cloudy,5,1,False,False,False,False,True,0.2
2026-09-27T00:56:49Z,IL,IL00074IE002800030,41.2334,-90.333,66,Mostly Cloudy,3,5,False,False,False,False,True,0.2
2026-09-27T00:56:49Z,IL,IL00080IE011700043,41.4314,-88.3454,66,Partly Cloudy,0,5,False,False,False,False,True,0.2
2026-09-27T00:56:49Z,IL,IL00039IS008500026,41.7285,-89.0105,64,Partly Cloudy,2,5,False,False,False,False,True,0.2
2026-09-27T00:56:49Z,IL,IL00055IN019400031,40.8234,-88.6875,67,Partly Cloudy,1,0,False,False,False,False,True,0.2
2026-09-27T00:56:49Z,IL,IL00057IN011400033,38.5963,-88.9638,71,Mostly Cloudy,5,1,False,False,False,False,True,0.2
2026-09-27T00:56:49Z,IL,IL00074IE015600037,40.2732,-88.6762,74,Mostly Cloudy,3,5,False,False,False,False,True,0.2
2026-09-27T00:56:49Z,IL,IL00055IN006400027,39.3465,-89.6408,69,Slight Chance Rain Showers,18,0,False,False,True,False,True,0.2
2026-09-27T00:56:49Z,IL,IL00055IN014900028,40.3599,-89.1099,70,Mostly Cloudy,4,5,False,False,False,False,True,0.2
2026-09-27T00:56:49Z,IL,IL00064IE002500038,38.5481,-89.7731,70,Mostly Cloudy,4,3,False,False,False,False,True,0.2
2026-09-27T00:56:49Z,IL,IL00057IN022200048,39.9218,-88.299,68,Mostly Cloudy,0,6,False,False,False,False,True,0.2
2026-09-27T00:56:49Z,IL,IL00039IN008500036,41.7236,-89.0062,60,Mostly Cloudy,2,5,False,False,False,False,True,0.2
2026-09-27T00:56:49Z,IL,IL00074IW015600009,40.2711,-88.6701,75,Mostly Cloudy,3,5,False,False,False,False,True,0.2
2026-09-27T00:56:49Z,IL,IL00057IS033300046,41.3918,-87.7749,64,Mostly Clear,0,5,False,False,False,False,True,0.2
2026-09-27T00:56:49Z,IL,IL00057IS007900047,38.0962,-88.9138,70,Mostly Cloudy,2,1,False,False,False,False,True,0.2
2026-09-27T00:56:49Z,IL,IL00064IW002500011,38.5491,-89.7633,70,Mostly Cloudy,4,3,False,False,False,False,True,0.2
2026-09-27T00:56:49Z,IL,IL00072IW015200014,39.9888,-88.7852,68,Mostly Cloudy,2,6,False,False,False,False,True,0.2
2026-09-27T00:56:49Z,IL,IL00080IW011700016,41.4473,-88.3285,66,Partly Cloudy,0,5,False,False,False,False,True,0.2
2026-09-27T00:56:49Z,IL,IL00055IS006400017,39.3523,-89.6447,69,Slight Chance Rain Showers,18,1,False,False,True,False,True,0.2
2026-09-27T00:56:49Z,IL,IL00064IW008500012,38.2766,-88.8012,70,Mostly Cloudy,2,1,False,False,False,False,True,0.2
2026-09-27T00:56:49Z,IL,IL00057IS022200054,39.9314,-88.3043,75,Mostly Cloudy,1,6,False,False,False,False,True,0.2
2026-09-27T00:56:49Z,IL,IL00070IW008700045,39.0679,-88.6704,70,Mostly Cloudy,2,2,False,False,False,False,True,0.2
2026-09-27T00:56:49Z,IL,IL00057IS016500018,39.1993,-88.502,73,Mostly Cloudy,2,2,False,False,False,False,True,0.2
2026-09-27T00:56:49Z,IL,IL00074IW011400006,40.6111,-89.2323,69,Mostly Cloudy,4,3,False,False,False,False,True,0.2
2026-09-27T00:56:49Z,IL,IL00074IE006200001,40.8788,-90.0936,69,Mostly Cloudy,10,2,False,False,False,False,True,0.2
2026-09-27T00:56:49Z,IL,IL00070IW014900008,39.4228,-87.6617,70,Partly Cloudy,0,3,False,False,False,False,True,0.2
2026-09-27T00:56:49Z,IL,IL00057IN016500044,39.1898,-88.5031,72,Mostly Cloudy,2,2,False,False,False,False,True,0.2
2026-09-27T00:56:49Z,IL,IL00055IS010400024,39.8871,-89.5966,70,Mostly Cloudy,9,3,False,False,False,False,True,0.2
2026-09-27T00:56:49Z,IL,IL00057IS003200025,37.4699,-89.1329,71,Partly Cloudy,2,2,False,False,False,False,True,0.2
2026-09-27T00:56:49Z,IL,IL00057IN003200035,37.4661,-89.1324,71,Partly Cloudy,2,2,False,False,False,False,True,0.2
2026-09-27T00:56:49Z,IN,322,38.195,-87.8597,66,Partly Cloudy,0,2,False,False,False,False,False,0.0
2026-09-27T00:56:49Z,IN,317,38.5852,-85.7768,67,Mostly Clear,0,2,False,False,False,False,False,0.0
2026-09-27T00:56:49Z,IN,316,38.5859,-85.7809,72,Clear,0,1,False,False,False,False,False,0.0
2026-09-27T00:56:49Z,IN,315,39.2602,-85.9521,70,Clear,0,5,False,False,False,False,False,0.0
2026-09-27T00:56:49Z,IN,314,39.2767,-85.9569,70,Clear,0,5,False,False,False,False,False,0.0
2026-09-27T00:56:49Z,IN,313,40.1578,-86.5387,67,Clear,0,5,False,False,False,False,False,0.0
2026-09-27T00:56:49Z,IN,312,40.1722,-86.5522,68,Clear,0,5,False,False,False,False,False,0.0
2026-09-27T00:56:49Z,IN,311,40.6992,-87.0628,69,Mostly Clear,0,0,False,False,False,False,False,0.0
2026-09-27T00:56:49Z,IN,310,40.6984,-87.0646,69,Mostly Clear,0,0,False,False,False,False,False,0.0
2026-09-27T00:56:49Z,IN,308,41.1653,-87.271,65,Mostly Clear,0,5,False,False,False,False,False,0.0
2026-09-27T00:56:49Z,IN,309,41.1666,-87.2749,61,Mostly Clear,0,5,False,False,False,False,False,0.0
2026-09-27T00:56:49Z,IN,318,40.3543,-85.5576,68,Clear,0,3,False,False,False,False,False,0.0
2026-09-27T00:56:49Z,IN,319,40.3569,-85.56,63,Clear,0,3,False,False,False,False,False,0.0
2026-09-27T00:56:49Z,IN,320,41.2963,-85.0863,67,Clear,0,5,False,False,False,False,False,0.0
2026-09-27T00:56:49Z,IN,321,41.5803,-85.0597,68,Clear,0,5,False,False,False,False,False,0.0
2026-09-27T00:56:49Z,IN,300,39.4417,-87.5002,71,Mostly Clear,0,3,False,False,False,False,False,0.0
2026-09-27T00:56:49Z,IN,302,39.6517,-86.3967,71,Mostly Clear,0,5,False,False,False,False,False,0.0
2026-09-27T00:56:49Z,IN,301,39.6541,-86.4005,66,Mostly Clear,0,6,False,False,False,False,False,0.0
2026-09-27T00:56:49Z,IN,303,39.8243,-85.7039,69,Clear,0,5,False,False,False,False,False,0.0
2026-09-27T00:56:49Z,IN,304,39.8266,-85.704,69,Clear,0,5,False,False,False,False,False,0.0
2026-09-27T00:56:49Z,IN,305,39.8605,-85.0259,64,Clear,0,3,False,False,False,False,False,0.0
2026-09-27T00:56:49Z,IN,323,39.29,-85.1688,65,Clear,0,2,False,False,False,False,False,0.0
2026-09-27T00:56:49Z,IN,702,41.7472,-85.3285,68,Clear,0,5,False,False,False,False,False,0.0
2026-09-27T00:56:49Z,IN,701,41.5889,-87.2173,61,Mostly Clear,0,5,False,False,False,False,False,0.0
2026-09-27T00:56:49Z,IN,704,41.7058,-86.6212,62,Mostly Clear,0,5,False,False,False,False,False,0.0
2026-09-27T00:56:49Z,IN,703,41.7071,-86.6235,62,Mostly Clear,0,5,False,False,False,False,False,0.0
2026-09-27T00:56:49Z,IN,705,41.733,-86.0057,67,Clear,0,5,False,False,False,False,False,0.0
2026-09-27T00:56:49Z,IN,708,41.7472,-85.3285,68,Clear,0,5,False,False,False,False,False,0.0
2026-09-27T00:56:49Z,IN,707,41.7453,-85.3287,68,Clear,0,5,False,False,False,False,False,0.0
2026-09-27T00:56:49Z,IN,324,41.7353,-86.7933,60,Partly Cloudy,0,5,False,False,False,False,False,0.0
2026-09-27T00:56:49Z,KY,KY00065IS0000020N65WELCOM,36.6434,-86.5687,73,Partly Cloudy,0,10,False,False,False,False,False,0.0
2026-09-27T00:56:49Z,KY,KY00065IS000020NSMARATHON,36.6612,-86.5553,75,Partly Cloudy,0,8,False,False,False,False,False,0.0
2026-09-27T00:56:49Z,KY,KY00065IS0000340NWEIGHS34,36.6868,-86.5379,75,Partly Cloudy,0,7,False,False,False,False,False,0.0
2026-09-27T00:56:49Z,KY,KY00065IS0011400S65SRA114,37.9464,-85.6905,72,Mostly Clear,0,3,False,False,False,False,False,0.0
2026-09-27T00:56:49Z,KY,KY00065IS0005900S65SRA059,37.239,-85.9297,68,Partly Cloudy,0,3,False,False,False,False,False,0.0
2026-09-27T00:56:49Z,KY,KY00065IS0005900N65NRA059,37.2384,-85.9271,73,Partly Cloudy,0,3,False,False,False,False,False,0.0
2026-09-27T00:56:49Z,KY,KY00075IS0003300NWEIGHS33,37.0422,-84.0968,68,Mostly Clear,0,6,False,False,False,False,False,0.0
2026-09-27T00:56:49Z,KY,KY00075IS0003400SWEIGHS34,37.048,-84.0997,69,Mostly Clear,0,7,False,False,False,False,False,0.0
2026-09-27T00:56:49Z,KY,KY00075IS0017700N75NRA177,38.937,-84.6309,65,Clear,0,5,False,False,False,False,False,0.0
2026-09-27T00:56:49Z,KY,KY00075IS0007500SWALTONWS,38.8653,-84.6476,65,Clear,0,5,False,False,False,False,False,0.0
2026-09-27T00:56:49Z,KY,KY00075IS0017700S75SRA177,38.9388,-84.6339,61,Clear,0,5,False,False,False,False,False,0.0
2026-09-27T00:56:49Z,KY,KY00075IS0016800SCRITENWS,38.8196,-84.6015,65,Clear,0,5,False,False,False,False,False,0.0
2026-09-27T00:56:49Z,KY,KY00075IS0000100N75WELCOM,36.6162,-84.1054,71,Mostly Clear,0,5,False,False,False,False,False,0.0
2026-09-27T01:11:49Z,IL,IL00070IE002700042,38.7849,-89.7023,67,Mostly Cloudy,3,2,False,False,False,False,True,0.2
2026-09-27T01:11:49Z,IL,IL00055IS002700019,38.8723,-89.8511,67,Mostly Cloudy,3,2,False,False,False,False,True,0.2
2026-09-27T01:11:49Z,IL,IL00080IW005100013,41.3937,-89.5591,66,Mostly Cloudy,3,5,False,False,False,False,True,0.2
2026-09-27T01:11:49Z,IL,IL00074IW002800020,41.2141,-90.3308,65,Mostly Cloudy,6,5,False,False,False,False,True,0.2
2026-09-27T01:11:49Z,IL,IL00057IN033300049,41.3892,-87.7729,60,Partly Cloudy,0,5,False,False,False,False,True,0.2
2026-09-27T01:11:49Z,IL,IL00055IN010400050,39.8627,-89.5948,67,Slight Chance Rain Showers,15,3,False,False,True,False,True,0.2
2026-09-27T01:11:49Z,IL,IL00070IE008600051,39.0651,-88.6745,67,Mostly Cloudy,2,2,False,False,False,False,True,0.2
2026-09-27T01:11:49Z,IL,IL00057IN026800032,40.5505,-88.0605,65,Partly Cloudy,0,5,False,False,False,False,True,0.2
2026-09-27T01:11:49Z,IL,IL00024IW003700010,37.1593,-88.6798,68,Mostly Cloudy,1,2,False,False,False,False,True,0.2
2026-09-27T01:11:49Z,IL,IL00070IW002700015,38.7884,-89.6889,67,Mostly Cloudy,3,1,False,False,False,False,True,0.2
2026-09-27T01:11:49Z,IL,IL00064IW013000053,38.2322,-87.9882,66,Partly Cloudy,1,1,False,False,False,False,True,0.2
2026-09-27T01:11:49Z,IL,IL00080IE005100040,41.3938,-89.5665,66,Mostly Cloudy,3,5,False,False,False,False,True,0.2
2026-09-27T01:11:49Z,IL,IL00074IE011400005,40.6125,-89.245,66,Mostly Cloudy,3,5,False,False,False,False,True,0.2
2026-09-27T01:11:49Z,IL,IL00072IE015200041,39.9923,-88.7827,66,Mostly Cloudy,1,5,False,False,False,False,True,0.2
2026-09-27T01:11:49Z,IL,IL00057IN007900034,38.0297,-88.9203,67,Mostly Cloudy,2,1,False,False,False,False,True,0.2
2026-09-27T01:11:49Z,IL,IL00064IE008500039,38.273,-88.8496,64,Mostly Cloudy,2,1,False,False,False,False,True,0.2
2026-09-27T01:11:49Z,IL,IL00074IW006200004,40.8802,-90.0895,67,Mostly Cloudy,13,3,False,False,False,False,True,0.2
2026-09-27T01:11:49Z,IL,IL00057IS026800022,40.5613,-88.0615,65,Partly Cloudy,0,5,False,False,False,False,True,0.2
2026-09-27T01:11:49Z,IL,IL00055IN002700029,38.8649,-89.8532,67,Mostly Cloudy,3,2,False,False,False,False,True,0.2
2026-09-27T01:11:49Z,IL,IL00074IW020800052,40.1298,-87.7441,65,Partly Cloudy,0,2,False,False,False,False,True,0.2
2026-09-27T01:11:49Z,IL,IL00055IS019400021,40.8371,-88.6833,61,Partly Cloudy,1,5,False,False,False,False,True,0.2
2026-09-27T01:11:49Z,IL,IL00057IS011400023,38.5965,-88.9677,69,Cloudy,3,1,False,False,False,False,True,0.2
2026-09-27T01:11:49Z,IL,IL00074IE002800030,41.2334,-90.333,65,Mostly Cloudy,6,5,False,False,False,False,True,0.2
2026-09-27T01:11:49Z,IL,IL00080IE011700043,41.4314,-88.3454,63,Partly Cloudy,0,5,False,False,False,False,True,0.2
2026-09-27T01:11:49Z,IL,IL00039IS008500026,41.7285,-89.0105,60,Mostly Cloudy,2,5,False,False,False,False,True,0.2
2026-09-27T01:11:49Z,IL,IL00055IN019400031,40.8234,-88.6875,64,Partly Cloudy,1,5,False,False,False,False,True,0.2
2026-09-27T01:11:49Z,IL,IL00057IN011400033,38.5963,-88.9638,69,Cloudy,3,1,False,False,False,False,True,0.2
2026-09-27T01:11:49Z,IL,IL00074IE015600037,40.2732,-88.6762,69,Mostly Cloudy,1,6,False,False,False,False,True,0.2
2026-09-27T01:11:49Z,IL,IL00055IN006400027,39.3465,-89.6408,65,Cloudy,5,0,False,False,False,False,True,0.2
2026-09-27T01:11:49Z,IL,IL00055IN014900028,40.3599,-89.1099,66,Mostly Cloudy,3,5,False,False,False,False,True,0.2
2026-09-27T01:11:49Z,IL,IL00064IE002500038,38.5481,-89.7731,67,Mostly Cloudy,2,2,False,False,False,False,True,0.2
2026-09-27T01:11:49Z,IL,IL00057IN022200048,39.9218,-88.299,68,Mostly Cloudy,0,6,False,False,False,False,True,0.2
2026-09-27T01:11:49Z,IL,IL00039IN008500036,41.7236,-89.0062,60,Mostly Cloudy,2,5,False,False,False,False,True,0.2
2026-09-27T01:11:49Z,IL,IL00074IW015600009,40.2711,-88.6701,68,Mostly Cloudy,1,6,False,False,False,False,True,0.2
2026-09-27T01:11:49Z,IL,IL00057IS033300046,41.3918,-87.7749,60,Partly Cloudy,0,5,False,False,False,False,True,0.2
2026-09-27T01:11:49Z,IL,IL00057IS007900047,38.0962,-88.9138,67,Mostly Cloudy,2,1,False,False,False,False,True,0.2
2026-09-27T01:11:49Z,IL,IL00064IW002500011,38.5491,-89.7633,64,Mostly Cloudy,2,1,False,False,False,False,True,0.2
2026-09-27T01:11:49Z,IL,IL00072IW015200014,39.9888,-88.7852,66,Mostly Cloudy,1,5,False,False,False,False,True,0.2
2026-09-27T01:11:49Z,IL,IL00080IW011700016,41.4473,-88.3285,60,Partly Cloudy,0,5,False,False,False,False,True,0.2
2026-09-27T01:11:49Z,IL,IL00055IS006400017,39.3523,-89.6447,65,Cloudy,5,0,False,False,False,False,True,0.2
2026-09-27T01:11:49Z,IL,IL00064IW008500012,38.2766,-88.8012,64,Mostly Cloudy,2,1,False,False,False,False,True,0.2
2026-09-27T01:11:49Z,IL,IL00057IS022200054,39.9314,-88.3043,68,Mostly Cloudy,0,6,False,False,False,False,True,0.2
2026-09-27T01:11:49Z,IL,IL00070IW008700045,39.0679,-88.6704,67,Mostly Cloudy,2,2,False,False,False,False,True,0.2
2026-09-27T01:11:49Z,IL,IL00057IS016500018,39.1993,-88.502,64,Mostly Cloudy,0,2,False,False,False,False,True,0.2
2026-09-27T01:11:49Z,IL,IL00074IW011400006,40.6111,-89.2323,66,Mostly Cloudy,3,5,False,False,False,False,True,0.2
2026-09-27T01:11:49Z,IL,IL00074IE006200001,40.8788,-90.0936,67,Mostly Cloudy,13,3,False,False,False,False,True,0.2
2026-09-27T01:11:49Z,IL,IL00070IW014900008,39.4228,-87.6617,63,Partly Cloudy,0,3,False,False,False,False,True,0.2
2026-09-27T01:11:49Z,IL,IL00057IN016500044,39.1898,-88.5031,66,Mostly Cloudy,2,2,False,False,False,False,True,0.2
2026-09-27T01:11:49Z,IL,IL00055IS010400024,39.8871,-89.5966,67,Slight Chance Rain Showers,15,3,False,False,True,False,True,0.2
2026-09-27T01:11:49Z,IL,IL00057IS003200025,37.4699,-89.1329,68,Partly Cloudy,1,2,False,False,False,False,True,0.2
2026-09-27T01:11:49Z,IL,IL00057IN003200035,37.4661,-89.1324,68,Partly Cloudy,1,2,False,False,False,False,True,0.2
2026-09-27T01:11:49Z,IN,322,38.195,-87.8597,66,Partly Cloudy,0,2,False,False,False,False,False,0.0
2026-09-27T01:11:49Z,IN,317,38.5852,-85.7768,67,Mostly Clear,0,2,False,False,False,False,False,0.0
2026-09-27T01:11:49Z,IN,316,38.5859,-85.7809,67,Mostly Clear,0,2,False,False,False,False,False,0.0
2026-09-27T01:11:49Z,IN,315,39.2602,-85.9521,66,Mostly Clear,0,5,False,False,False,False,False,0.0
2026-09-27T01:11:49Z,IN,314,39.2767,-85.9569,66,Mostly Clear,0,5,False,False,False,False,False,0.0
2026-09-27T01:11:49Z,IN,313,40.1578,-86.5387,64,Clear,0,5,False,False,False,False,False,0.0
2026-09-27T01:11:49Z,IN,312,40.1722,-86.5522,64,Clear,0,5,False,False,False,False,False,0.0
2026-09-27T01:11:49Z,IN,311,40.6992,-87.0628,65,Mostly Clear,0,0,False,False,False,False,False,0.0
2026-09-27T01:11:49Z,IN,310,40.6984,-87.0646,65,Mostly Clear,0,0,False,False,False,False,False,0.0
2026-09-27T01:11:49Z,IN,308,41.1653,-87.271,61,Mostly Clear,0,5,False,False,False,False,False,0.0
2026-09-27T01:11:49Z,IN,309,41.1666,-87.2749,61,Mostly Clear,0,5,False,False,False,False,False,0.0
2026-09-27T01:11:49Z,IN,318,40.3543,-85.5576,59,Clear,0,3,False,False,False,False,False,0.0
2026-09-27T01:11:49Z,IN,319,40.3569,-85.56,63,Clear,0,3,False,False,False,False,False,0.0
2026-09-27T01:11:49Z,IN,320,41.2963,-85.0863,63,Clear,0,5,False,False,False,False,False,0.0
2026-09-27T01:11:49Z,IN,321,41.5803,-85.0597,64,Clear,0,5,False,False,False,False,False,0.0
2026-09-27T01:11:49Z,IN,300,39.4417,-87.5002,62,Mostly Clear,0,3,False,False,False,False,False,0.0
2026-09-27T01:11:49Z,IN,302,39.6517,-86.3967,61,Mostly Clear,0,5,False,False,False,False,False,0.0
2026-09-27T01:11:49Z,IN,301,39.6541,-86.4005,61,Mostly Clear,0,5,False,False,False,False,False,0.0
2026-09-27T01:11:49Z,IN,303,39.8243,-85.7039,65,Clear,0,5,False,False,False,False,False,0.0
2026-09-27T01:11:49Z,IN,304,39.8266,-85.704,65,Clear,0,5,False,False,False,False,False,0.0
2026-09-27T01:11:49Z,IN,305,39.8605,-85.0259,61,Clear,0,3,False,False,False,False,False,0.0
2026-09-27T01:11:49Z,IN,323,39.29,-85.1688,61,Mostly Clear,0,2,False,False,False,False,False,0.0
2026-09-27T01:11:49Z,IN,702,41.7472,-85.3285,64,Clear,0,5,False,False,False,False,False,0.0
2026-09-27T01:11:49Z,IN,701,41.5889,-87.2173,59,Mostly Clear,0,5,False,False,False,False,False,0.0
2026-09-27T01:11:49Z,IN,704,41.7058,-86.6212,59,Mostly Clear,0,5,False,False,False,False,False,0.0
2026-09-27T01:11:49Z,IN,703,41.7071,-86.6235,59,Mostly Clear,0,5,False,False,False,False,False,0.0
2026-09-27T01:11:49Z,IN,705,41.733,-86.0057,59,Clear,0,0,False,False,False,False,False,0.0
2026-09-27T01:11:49Z,IN,708,41.7472,-85.3285,64,Clear,0,5,False,False,False,False,False,0.0
2026-09-27T01:11:49Z,IN,707,41.7453,-85.3287,64,Clear,0,5,False,False,False,False,False,0.0
2026-09-27T01:11:49Z,IN,324,41.7353,-86.7933,57,Partly Cloudy,0,0,False,False,False,False,False,0.0
2026-09-27T01:11:49Z,KY,KY00065IS0000020N65WELCOM,36.6434,-86.5687,62,Partly Cloudy,0,5,False,False,False,False,False,0.0
2026-09-27T01:11:49Z,KY,KY00065IS000020NSMARATHON,36.6612,-86.5553,69,Partly Cloudy,0,6,False,False,False,False,False,0.0
2026-09-27T01:11:49Z,KY,KY00065IS0000340NWEIGHS34,36.6868,-86.5379,65,Partly Cloudy,0,3,False,False,False,False,False,0.0
2026-09-27T01:11:49Z,KY,KY00065IS0011400S65SRA114,37.9464,-85.6905,69,Partly Cloudy,0,3,False,False,False,False,False,0.0
2026-09-27T01:11:49Z,KY,KY00065IS0005900S65SRA059,37.239,-85.9297,64,Partly Cloudy,0,2,False,False,False,False,False,0.0
2026-09-27T01:11:49Z,KY,KY00065IS0005900N65NRA059,37.2384,-85.9271,64,Partly Cloudy,0,2,False,False,False,False,False,0.0
2026-09-27T01:11:49Z,KY,KY00075IS0003300NWEIGHS33,37.0422,-84.0968,64,Mostly Clear,0,5,False,False,False,False,False,0.0
2026-09-27T01:11:49Z,KY,KY00075IS0003400SWEIGHS34,37.048,-84.0997,62,Mostly Clear,0,5,False,False,False,False,False,0.0
2026-09-27T01:11:49Z,KY,KY00075IS0017700N75NRA177,38.937,-84.6309,59,Clear,0,5,False,False,False,False,False,0.0
2026-09-27T01:11:49Z,KY,KY00075IS0007500SWALTONWS,38.8653,-84.6476,61,Clear,0,5,False,False,False,False,False,0.0
2026-09-27T01:11:49Z,KY,KY00075IS0017700S75SRA177,38.9388,-84.6339,59,Clear,0,5,False,False,False,False,False,0.0
2026-09-27T01:11:49Z,KY,KY00075IS0016800SCRITENWS,38.8196,-84.6015,59,Clear,0,5,False,False,False,False,False,0.0
2026-09-27T01:11:49Z,KY,KY00075IS0000100N75WELCOM,36.6162,-84.1054,64,Mostly Clear,0,3,False,False,False,False,False,0.0
2026-09-27T01:26:49Z,IL,IL00070IE002700042,38.7849,-89.7023,67,Mostly Cloudy,3,2,False,False,False,False,True,0.2
2026-09-27T01:26:49Z,IL,IL00055IS002700019,38.8723,-89.8511,67,Mostly Cloudy,3,2,False,False,False,False,True,0.2
2026-09-27T01:26:49Z,IL,IL00080IW005100013,41.3937,-89.5591,66,Mostly Cloudy,3,5,False,False,False,False,True,0.2
2026-09-27T01:26:49Z,IL,IL00074IW002800020,41.2141,-90.3308,64,Mostly Cloudy,7,5,False,False,False,False,True,0.2
2026-09-27T01:26:49Z,IL,IL00057IN033300049,41.3892,-87.7729,60,Partly Cloudy,0,5,False,False,False,False,True,0.2
2026-09-27T01:26:49Z,IL,IL00055IN010400050,39.8627,-89.5948,67,Slight Chance Rain Showers,15,3,False,False,True,False,True,0.2
2026-09-27T01:26:49Z,IL,IL00070IE008600051,39.0651,-88.6745,67,Mostly Cloudy,2,2,False,False,False,False,True,0.2
2026-09-27T01:26:49Z,IL,IL00057IN026800032,40.5505,-88.0605,65,Partly Cloudy,0,5,False,False,False,False,True,0.2
2026-09-27T01:26:49Z,IL,IL00024IW003700010,37.1593,-88.6798,63,Mostly Cloudy,2,1,False,False,False,False,True,0.2
2026-09-27T01:26:49Z,IL,IL00070IW002700015,38.7884,-89.6889,67,Mostly Cloudy,3,1,False,False,False,False,True,0.2
2026-09-27T01:26:49Z,IL,IL00064IW013000053,38.2322,-87.9882,66,Partly Cloudy,1,1,False,False,False,False,True,0.2
2026-09-27T01:26:49Z,IL,IL00080IE005100040,41.3938,-89.5665,66,Mostly Cloudy,3,5,False,False,False,False,True,0.2
2026-09-27T01:26:49Z,IL,IL00074IE011400005,40.6125,-89.245,66,Mostly Cloudy,3,5,False,False,False,False,True,0.2
2026-09-27T01:26:49Z,IL,IL00072IE015200041,39.9923,-88.7827,68,Mostly Cloudy,2,6,False,False,False,False,True,0.2
2026-09-27T01:26:49Z,IL,IL00057IN007900034,38.0297,-88.9203,68,Mostly Cloudy,3,1,False,False,False,False,True,0.2
2026-09-27T01:26:49Z,IL,IL00064IE008500039,38.273,-88.8496,66,Mostly Cloudy,3,1,False,False,False,False,True,0.2
2026-09-27T01:26:49Z,IL,IL00074IW006200004,40.8802,-90.0895,67,Mostly Cloudy,13,3,False,False,False,False,True,0.2
2026-09-27T01:26:49Z,IL,IL00057IS026800022,40.5613,-88.0615,65,Partly Cloudy,0,5,False,False,False,False,True,0.2
2026-09-27T01:26:49Z,IL,IL00055IN002700029,38.8649,-89.8532,67,Mostly Cloudy,3,2,False,False,False,False,True,0.2
2026-09-27T01:26:49Z,IL,IL00074IW020800052,40.1298,-87.7441,65,Partly Cloudy,0,2,False,False,False,False,True,0.2
2026-09-27T01:26:49Z,IL,IL00055IS019400021,40.8371,-88.6833,64,Partly Cloudy,1,5,False,False,False,False,True,0.2
2026-09-27T01:26:49Z,IL,IL00057IS011400023,38.5965,-88.9677,69,Cloudy,3,1,False,False,False,False,True,0.2
2026-09-27T01:26:49Z,IL,IL00074IE002800030,41.2334,-90.333,65,Mostly Cloudy,6,5,False,False,False,False,True,0.2
2026-09-27T01:26:49Z,IL,IL00080IE011700043,41.4314,-88.3454,63,Partly Cloudy,0,5,False,False,False,False,True,0.2
2026-09-27T01:26:49Z,IL,IL00039IS008500026,41.7285,-89.0105,60,Mostly Cloudy,2,5,False,False,False,False,True,0.2
2026-09-27T01:26:49Z,IL,IL00055IN019400031,40.8234,-88.6875,64,Partly Cloudy,1,5,False,False,False,False,True,0.2
2026-09-27T01:26:49Z,IL,IL00057IN011400033,38.5963,-88.9638,69,Cloudy,3,1,False,False,False,False,True,0.2
2026-09-27T01:26:49Z,IL,IL00074IE015600037,40.2732,-88.6762,66,Mostly Cloudy,1,6,False,False,False,False,True,0.2
2026-09-27T01:26:49Z,IL,IL00055IN006400027,39.3465,-89.6408,67,Cloudy,6,0,False,False,False,False,True,0.2
2026-09-27T01:26:49Z,IL,IL00055IN014900028,40.3599,-89.1099,66,Mostly Cloudy,3,5,False,False,False,False,True,0.2
2026-09-27T01:26:49Z,IL,IL00064IE002500038,38.5481,-89.7731,67,Mostly Cloudy,2,2,False,False,False,False,True,0.2
2026-09-27T01:26:49Z,IL,IL00057IN022200048,39.9218,-88.299,68,Mostly Cloudy,0,6,False,False,False,False,True,0.2
2026-09-27T01:26:49Z,IL,IL00039IN008500036,41.7236,-89.0062,60,Mostly Cloudy,2,5,False,False,False,False,True,0.2
2026-09-27T01:26:49Z,IL,IL00074IW015600009,40.2711,-88.6701,68,Mostly Cloudy,1,6,False,False,False,False,True,0.2
2026-09-27T01:26:49Z,IL,IL00057IS033300046,41.3918,-87.7749,60,Partly Cloudy,0,5,False,False,False,False,True,0.2
2026-09-27T01:26:49Z,IL,IL00057IS007900047,38.0962,-88.9138,69,Mostly Cloudy,3,1,False,False,False,False,True,0.2
2026-09-27T01:26:49Z,IL,IL00064IW002500011,38.5491,-89.7633,67,Mostly Cloudy,2,2,False,False,False,False,True,0.2
2026-09-27T01:26:49Z,IL,IL00072IW015200014,39.9888,-88.7852,68,Mostly Cloudy,2,6,False,False,False,False,True,0.2
2026-09-27T01:26:49Z,IL,IL00080IW011700016,41.4473,-88.3285,62,Partly Cloudy,0,5,False,False,False,False,True,0.2
2026-09-27T01:26:49Z,IL,IL00055IS006400017,39.3523,-89.6447,67,Cloudy,6,0,False,False,False,False,True,0.2
2026-09-27T01:26:49Z,IL,IL00064IW008500012,38.2766,-88.8012,67,Mostly Cloudy,3,1,False,False,False,False,True,0.2
2026-09-27T01:26:49Z,IL,IL00057IS022200054,39.9314,-88.3043,68,Mostly Cloudy,0,6,False,False,False,False,True,0.2
2026-09-27T01:26:49Z,IL,IL00070IW008700045,39.0679,-88.6704,67,Mostly Cloudy,2,2,False,False,False,False,True,0.2
2026-09-27T01:26:49Z,IL,IL00057IS016500018,39.1993,-88.502,64,Mostly Cloudy,0,2,False,False,False,False,True,0.2
2026-09-27T01:26:49Z,IL,IL00074IW011400006,40.6111,-89.2323,66,Mostly Cloudy,3,5,False,False,False,False,True,0.2
2026-09-27T01:26:49Z,IL,IL00074IE006200001,40.8788,-90.0936,67,Mostly Cloudy,13,3,False,False,False,False,True,0.2
2026-09-27T01:26:49Z,IL,IL00070IW014900008,39.4228,-87.6617,63,Partly Cloudy,0,3,False,False,False,False,True,0.2
2026-09-27T01:26:49Z,IL,IL00057IN016500044,39.1898,-88.5031,66,Mostly Cloudy,2,2,False,False,False,False,True,0.2
2026-09-27T01:26:49Z,IL,IL00055IS010400024,39.8871,-89.5966,67,Slight Chance Rain Showers,15,3,False,False,True,False,True,0.2
2026-09-27T01:26:49Z,IL,IL00057IS003200025,37.4699,-89.1329,68,Partly Cloudy,1,2,False,False,False,False,True,0.2
2026-09-27T01:26:49Z,IL,IL00057IN003200035,37.4661,-89.1324,68,Partly Cloudy,1,2,False,False,False,False,True,0.2
2026-09-27T01:26:49Z,IN,322,38.195,-87.8597,63,Partly Cloudy,0,2,False,False,False,False,False,0.0
2026-09-27T01:26:49Z,IN,317,38.5852,-85.7768,67,Mostly Clear,0,2,False,False,False,False,False,0.0
2026-09-27T01:26:49Z,IN,316,38.5859,-85.7809,67,Mostly Clear,0,2,False,False,False,False,False,0.0
2026-09-27T01:26:49Z,IN,315,39.2602,-85.9521,66,Mostly Clear,0,5,False,False,False,False,False,0.0
2026-09-27T01:26:49Z,IN,314,39.2767,-85.9569,66,Mostly Clear,0,5,False,False,False,False,False,0.0
2026-09-27T01:26:49Z,IN,313,40.1578,-86.5387,64,Clear,0,5,False,False,False,False,False,0.0
2026-09-27T01:26:49Z,IN,312,40.1722,-86.5522,64,Clear,0,5,False,False,False,False,False,0.0
2026-09-27T01:26:49Z,IN,311,40.6992,-87.0628,65,Mostly Clear,0,0,False,False,False,False,False,0.0
2026-09-27T01:26:49Z,IN,310,40.6984,-87.0646,65,Mostly Clear,0,0,False,False,False,False,False,0.0
2026-09-27T01:26:49Z,IN,308,41.1653,-87.271,61,Mostly Clear,0,5,False,False,False,False,False,0.0
2026-09-27T01:26:49Z,IN,309,41.1666,-87.2749,61,Mostly Clear,0,5,False,False,False,False,False,0.0
2026-09-27T01:26:49Z,IN,318,40.3543,-85.5576,63,Clear,0,3,False,False,False,False,False,0.0
2026-09-27T01:26:49Z,IN,319,40.3569,-85.56,63,Clear,0,3,False,False,False,False,False,0.0
2026-09-27T01:26:49Z,IN,320,41.2963,-85.0863,63,Clear,0,5,False,False,False,False,False,0.0
2026-09-27T01:26:49Z,IN,321,41.5803,-85.0597,59,Clear,0,5,False,False,False,False,False,0.0
2026-09-27T01:26:49Z,IN,300,39.4417,-87.5002,67,Mostly Clear,0,3,False,False,False,False,False,0.0
2026-09-27T01:26:49Z,IN,302,39.6517,-86.3967,66,Mostly Clear,0,6,False,False,False,False,False,0.0
2026-09-27T01:26:49Z,IN,301,39.6541,-86.4005,66,Mostly Clear,0,6,False,False,False,False,False,0.0
2026-09-27T01:26:49Z,IN,303,39.8243,-85.7039,65,Clear,0,5,False,False,False,False,False,0.0
2026-09-27T01:26:49Z,IN,304,39.8266,-85.704,65,Clear,0,5,False,False,False,False,False,0.0
2026-09-27T01:26:49Z,IN,305,39.8605,-85.0259,61,Clear,0,3,False,False,False,False,False,0.0
2026-09-27T01:26:49Z,IN,323,39.29,-85.1688,61,Mostly Clear,0,2,False,False,False,False,False,0.0
2026-09-27T01:26:49Z,IN,702,41.7472,-85.3285,64,Clear,0,5,False,False,False,False,False,0.0
2026-09-27T01:26:49Z,IN,701,41.5889,-87.2173,59,Mostly Clear,0,5,False,False,False,False,False,0.0
2026-09-27T01:26:49Z,IN,704,41.7058,-86.6212,59,Mostly Clear,0,5,False,False,False,False,False,0.0
2026-09-27T01:26:49Z,IN,703,41.7071,-86.6235,59,Mostly Clear,0,5,False,False,False,False,False,0.0
2026-09-27T01:26:49Z,IN,705,41.733,-86.0057,59,Clear,0,0,False,False,False,False,False,0.0
2026-09-27T01:26:49Z,IN,708,41.7472,-85.3285,64,Clear,0,5,False,False,False,False,False,0.0
2026-09-27T01:26:49Z,IN,707,41.7453,-85.3287,64,Clear,0,5,False,False,False,False,False,0.0
2026-09-27T01:26:49Z,IN,324,41.7353,-86.7933,58,Partly Cloudy,0,5,False,False,False,False,False,0.0
2026-09-27T01:26:49Z,KY,KY00065IS0000020N65WELCOM,36.6434,-86.5687,68,Partly Cloudy,0,5,False,False,False,False,False,0.0
2026-09-27T01:26:49Z,KY,KY00065IS000020NSMARATHON,36.6612,-86.5553,69,Partly Cloudy,0,6,False,False,False,False,False,0.0
2026-09-27T01:26:49Z,KY,KY00065IS0000340NWEIGHS34,36.6868,-86.5379,65,Partly Cloudy,0,3,False,False,False,False,False,0.0
2026-09-27T01:26:49Z,KY,KY00065IS0011400S65SRA114,37.9464,-85.6905,69,Partly Cloudy,0,3,False,False,False,False,False,0.0
2026-09-27T01:26:49Z,KY,KY00065IS0005900S65SRA059,37.239,-85.9297,68,Partly Cloudy,0,3,False,False,False,False,False,0.0
2026-09-27T01:26:49Z,KY,KY00065IS0005900N65NRA059,37.2384,-85.9271,68,Partly Cloudy,0,3,False,False,False,False,False,0.0
2026-09-27T01:26:49Z,KY,KY00075IS0003300NWEIGHS33,37.0422,-84.0968,64,Mostly Clear,0,5,False,False,False,False,False,0.0
2026-09-27T01:26:49Z,KY,KY00075IS0003400SWEIGHS34,37.048,-84.0997,65,Mostly Clear,0,5,False,False,False,False,False,0.0
2026-09-27T01:26:49Z,KY,KY00075IS0017700N75NRA177,38.937,-84.6309,61,Clear,0,5,False,False,False,False,False,0.0
2026-09-27T01:26:49Z,KY,KY00075IS0007500SWALTONWS,38.8653,-84.6476,61,Clear,0,5,False,False,False,False,False,0.0
2026-09-27T01:26:49Z,KY,KY00075IS0017700S75SRA177,38.9388,-84.6339,61,Clear,0,5,False,False,False,False,False,0.0
2026-09-27T01:26:49Z,KY,KY00075IS0016800SCRITENWS,38.8196,-84.6015,59,Clear,0,5,False,False,False,False,False,0.0
2026-09-27T01:26:49Z,KY,KY00075IS0000100N75WELCOM,36.6162,-84.1054,67,Mostly Clear,0,5,False,False,False,False,False,0.0
2026-09-27T01:41:49Z,IL,IL00070IE002700042,38.7849,-89.7023,67,Mostly Cloudy,3,2,False,False,False,False,True,0.2
2026-09-27T01:41:49Z,IL,IL00055IS002700019,38.8723,-89.8511,67,Mostly Cloudy,3,2,False,False,False,False,True,0.2
2026-09-27T01:41:49Z,IL,IL00080IW005100013,41.3937,-89.5591,66,Mostly Cloudy,3,5,False,False,False,False,True,0.2
2026-09-27T01:41:49Z,IL,IL00074IW002800020,41.2141,-90.3308,64,Mostly Cloudy,7,5,False,False,False,False,True,0.2
2026-09-27T01:41:49Z,IL,IL00057IN033300049,41.3892,-87.7729,60,Partly Cloudy,0,5,False,False,False,False,True,0.2
2026-09-27T01:41:49Z,IL,IL00055IN010400050,39.8627,-89.5948,67,Slight Chance Rain Showers,15,3,False,False,True,False,True,0.2
2026-09-27T01:41:49Z,IL,IL00070IE008600051,39.0651,-88.6745,67,Mostly Cloudy,2,2,False,False,False,False,True,0.2
2026-09-27T01:41:49Z,IL,IL00057IN026800032,40.5505,-88.0605,65,Partly Cloudy,0,5,False,False,False,False,True,0.2
2026-09-27T01:41:49Z,IL,IL00024IW003700010,37.1593,-88.6798,63,Mostly Cloudy,2,1,False,False,False,False,True,0.2
2026-09-27T01:41:49Z,IL,IL00070IW002700015,38.7884,-89.6889,67,Mostly Cloudy,3,1,False,False,False,False,True,0.2
2026-09-27T01:41:49Z,IL,IL00064IW013000053,38.2322,-87.9882,66,Partly Cloudy,1,1,False,False,False,False,True,0.2
2026-09-27T01:41:49Z,IL,IL00080IE005100040,41.3938,-89.5665,66,Mostly Cloudy,3,5,False,False,False,False,True,0.2
2026-09-27T01:41:49Z,IL,IL00074IE011400005,40.6125,-89.245,66,Mostly Cloudy,3,5,False,False,False,False,True,0.2
2026-09-27T01:41:49Z,IL,IL00072IE015200041,39.9923,-88.7827,68,Mostly Cloudy,2,6,False,False,False,False,True,0.2
2026-09-27T01:41:49Z,IL,IL00057IN007900034,38.0297,-88.9203,68,Mostly Cloudy,3,1,False,False,False,False,True,0.2
2026-09-27T01:41:49Z,IL,IL00064IE008500039,38.273,-88.8496,66,Mostly Cloudy,3,1,False,False,False,False,True,0.2
2026-09-27T01:41:49Z,IL,IL00074IW006200004,40.8802,-90.0895,67,Mostly Cloudy,13,3,False,False,False,False,True,0.2
2026-09-27T01:41:49Z,IL,IL00057IS026800022,40.5613,-88.0615,65,Partly Cloudy,0,5,False,False,False,False,True,0.2
2026-09-27T01:41:49Z,IL,IL00055IN002700029,38.8649,-89.8532,67,Mostly Cloudy,3,2,False,False,False,False,True,0.2
2026-09-27T01:41:49Z,IL,IL00074IW020800052,40.1298,-87.7441,65,Partly Cloudy,0,2,False,False,False,False,True,0.2
2026-09-27T01:41:49Z,IL,IL00055IS019400021,40.8371,-88.6833,64,Partly Cloudy,1,5,False,False,False,False,True,0.2
2026-09-27T01:41:49Z,IL,IL00057IS011400023,38.5965,-88.9677,69,Cloudy,3,1,False,False,False,False,True,0.2
2026-09-27T01:41:49Z,IL,IL00074IE002800030,41.2334,-90.333,64,Mostly Cloudy,7,5,False,False,False,False,True,0.2
2026-09-27T01:41:49Z,IL,IL00080IE011700043,41.4314,-88.3454,63,Partly Cloudy,0,5,False,False,False,False,True,0.2
2026-09-27T01:41:49Z,IL,IL00039IS008500026,41.7285,-89.0105,60,Mostly Cloudy,2,5,False,False,False,False,True,0.2
2026-09-27T01:41:49Z,IL,IL00055IN019400031,40.8234,-88.6875,64,Partly Cloudy,1,5,False,False,False,False,True,0.2
2026-09-27T01:41:49Z,IL,IL00057IN011400033,38.5963,-88.9638,69,Cloudy,3,1,False,False,False,False,True,0.2
2026-09-27T01:41:49Z,IL,IL00074IE015600037,40.2732,-88.6762,66,Mostly Cloudy,1,6,False,False,False,False,True,0.2
2026-09-27T01:41:49Z,IL,IL00055IN006400027,39.3465,-89.6408,67,Cloudy,6,0,False,False,False,False,True,0.2
2026-09-27T01:41:49Z,IL,IL00055IN014900028,40.3599,-89.1099,66,Mostly Cloudy,3,5,False,False,False,False,True,0.2
2026-09-27T01:41:49Z,IL,IL00064IE002500038,38.5481,-89.7731,67,Mostly Cloudy,2,2,False,False,False,False,True,0.2
2026-09-27T01:41:49Z,IL,IL00057IN022200048,39.9218,-88.299,68,Mostly Cloudy,0,6,False,False,False,False,True,0.2
2026-09-27T01:41:49Z,IL,IL00039IN008500036,41.7236,-89.0062,60,Mostly Cloudy,2,5,False,False,False,False,True,0.2
2026-09-27T01:41:49Z,IL,IL00074IW015600009,40.2711,-88.6701,68,Mostly Cloudy,1,6,False,False,False,False,True,0.2
2026-09-27T01:41:49Z,IL,IL00057IS033300046,41.3918,-87.7749,60,Partly Cloudy,0,5,False,False,False,False,True,0.2
2026-09-27T01:41:49Z,IL,IL00057IS007900047,38.0962,-88.9138,69,Mostly Cloudy,3,1,False,False,False,False,True,0.2
2026-09-27T01:41:49Z,IL,IL00064IW002500011,38.5491,-89.7633,67,Mostly Cloudy,2,2,False,False,False,False,True,0.2
2026-09-27T01:41:49Z,IL,IL00072IW015200014,39.9888,-88.7852,68,Mostly Cloudy,2,6,False,False,False,False,True,0.2
2026-09-27T01:41:49Z,IL,IL00080IW011700016,41.4473,-88.3285,62,Partly Cloudy,0,5,False,False,False,False,True,0.2
2026-09-27T01:41:49Z,IL,IL00055IS006400017,39.3523,-89.6447,67,Cloudy,6,0,False,False,False,False,True,0.2
2026-09-27T01:41:49Z,IL,IL00064IW008500012,38.2766,-88.8012,67,Mostly Cloudy,3,1,False,False,False,False,True,0.2
2026-09-27T01:41:49Z,IL,IL00057IS022200054,39.9314,-88.3043,68,Mostly Cloudy,0,6,False,False,False,False,True,0.2
2026-09-27T01:41:49Z,IL,IL00070IW008700045,39.0679,-88.6704,67,Mostly Cloudy,2,2,False,False,False,False,True,0.2
2026-09-27T01:41:49Z,IL,IL00057IS016500018,39.1993,-88.502,64,Mostly Cloudy,0,2,False,False,False,False,True,0.2
2026-09-27T01:41:49Z,IL,IL00074IW011400006,40.6111,-89.2323,66,Mostly Cloudy,3,5,False,False,False,False,True,0.2
2026-09-27T01:41:49Z,IL,IL00074IE006200001,40.8788,-90.0936,67,Mostly Cloudy,13,3,False,False,False,False,True,0.2
2026-09-27T01:41:49Z,IL,IL00070IW014900008,39.4228,-87.6617,63,Partly Cloudy,0,3,False,False,False,False,True,0.2
2026-09-27T01:41:49Z,IL,IL00057IN016500044,39.1898,-88.5031,66,Mostly Cloudy,2,2,False,False,False,False,True,0.2
2026-09-27T01:41:49Z,IL,IL00055IS010400024,39.8871,-89.5966,67,Slight Chance Rain Showers,15,3,False,False,True,False,True,0.2
2026-09-27T01:41:49Z,IL,IL00057IS003200025,37.4699,-89.1329,68,Partly Cloudy,1,2,False,False,False,False,True,0.2
2026-09-27T01:41:49Z,IL,IL00057IN003200035,37.4661,-89.1324,68,Partly Cloudy,1,2,False,False,False,False,True,0.2
2026-09-27T01:41:49Z,IN,322,38.195,-87.8597,63,Partly Cloudy,0,2,False,False,False,False,False,0.0
2026-09-27T01:41:49Z,IN,317,38.5852,-85.7768,67,Mostly Clear,0,2,False,False,False,False,False,0.0
2026-09-27T01:41:49Z,IN,316,38.5859,-85.7809,67,Mostly Clear,0,2,False,False,False,False,False,0.0
2026-09-27T01:41:49Z,IN,315,39.2602,-85.9521,66,Mostly Clear,0,5,False,False,False,False,False,0.0
2026-09-27T01:41:49Z,IN,314,39.2767,-85.9569,66,Mostly Clear,0,5,False,False,False,False,False,0.0
2026-09-27T01:41:49Z,IN,313,40.1578,-86.5387,64,Clear,0,5,False,False,False,False,False,0.0
2026-09-27T01:41:49Z,IN,312,40.1722,-86.5522,64,Clear,0,5,False,False,False,False,False,0.0
2026-09-27T01:41:49Z,IN,311,40.6992,-87.0628,65,Mostly Clear,0,0,False,False,False,False,False,0.0
2026-09-27T01:41:49Z,IN,310,40.6984,-87.0646,65,Mostly Clear,0,0,False,False,False,False,False,0.0
2026-09-27T01:41:49Z,IN,308,41.1653,-87.271,61,Mostly Clear,0,5,False,False,False,False,False,0.0
2026-09-27T01:41:49Z,IN,309,41.1666,-87.2749,61,Mostly Clear,0,5,False,False,False,False,False,0.0
2026-09-27T01:41:49Z,IN,318,40.3543,-85.5576,63,Clear,0,3,False,False,False,False,False,0.0
2026-09-27T01:41:49Z,IN,319,40.3569,-85.56,63,Clear,0,3,False,False,False,False,False,0.0
2026-09-27T01:41:49Z,IN,320,41.2963,-85.0863,63,Clear,0,5,False,False,False,False,False,0.0
2026-09-27T01:41:49Z,IN,321,41.5803,-85.0597,59,Clear,0,5,False,False,False,False,False,0.0
2026-09-27T01:41:49Z,IN,300,39.4417,-87.5002,67,Mostly Clear,0,3,False,False,False,False,False,0.0
2026-09-27T01:41:49Z,IN,302,39.6517,-86.3967,66,Mostly Clear,0,6,False,False,False,False,False,0.0
2026-09-27T01:41:49Z,IN,301,39.6541,-86.4005,66,Mostly Clear,0,6,False,False,False,False,False,0.0
2026-09-27T01:41:49Z,IN,303,39.8243,-85.7039,65,Clear,0,5,False,False,False,False,False,0.0
2026-09-27T01:41:49Z,IN,304,39.8266,-85.704,65,Clear,0,5,False,False,False,False,False,0.0
2026-09-27T01:41:49Z,IN,305,39.8605,-85.0259,61,Clear,0,3,False,False,False,False,False,0.0
2026-09-27T01:41:49Z,IN,323,39.29,-85.1688,61,Mostly Clear,0,2,False,False,False,False,False,0.0
2026-09-27T01:41:49Z,IN,702,41.7472,-85.3285,64,Clear,0,5,False,False,False,False,False,0.0
2026-09-27T01:41:49Z,IN,701,41.5889,-87.2173,59,Mostly Clear,0,5,False,False,False,False,False,0.0
2026-09-27T01:41:49Z,IN,704,41.7058,-86.6212,59,Mostly Clear,0,5,False,False,False,False,False,0.0
2026-09-27T01:41:49Z,IN,703,41.7071,-86.6235,59,Mostly Clear,0,5,False,False,False,False,False,0.0
2026-09-27T01:41:49Z,IN,705,41.733,-86.0057,63,Clear,0,5,False,False,False,False,False,0.0
2026-09-27T01:41:49Z,IN,708,41.7472,-85.3285,64,Clear,0,5,False,False,False,False,False,0.0
2026-09-27T01:41:49Z,IN,707,41.7453,-85.3287,64,Clear,0,5,False,False,False,False,False,0.0
2026-09-27T01:41:49Z,IN,324,41.7353,-86.7933,58,Partly Cloudy,0,5,False,False,False,False,False,0.0
2026-09-27T01:41:49Z,KY,KY00065IS0000020N65WELCOM,36.6434,-86.5687,68,Partly Cloudy,0,5,False,False,False,False,False,0.0
2026-09-27T01:41:49Z,KY,KY00065IS000020NSMARATHON,36.6612,-86.5553,69,Partly Cloudy,0,6,False,False,False,False,False,0.0
2026-09-27T01:41:49Z,KY,KY00065IS0000340NWEIGHS34,36.6868,-86.5379,65,Partly Cloudy,0,3,False,False,False,False,False,0.0
2026-09-27T01:41:49Z,KY,KY00065IS0011400S65SRA114,37.9464,-85.6905,69,Partly Cloudy,0,3,False,False,False,False,False,0.0
2026-09-27T01:41:49Z,KY,KY00065IS0005900S65SRA059,37.239,-85.9297,68,Partly Cloudy,0,3,False,False,False,False,False,0.0
2026-09-27T01:41:49Z,KY,KY00065IS0005900N65NRA059,37.2384,-85.9271,68,Partly Cloudy,0,3,False,False,False,False,False,0.0
2026-09-27T01:41:49Z,KY,KY00075IS0003300NWEIGHS33,37.0422,-84.0968,64,Mostly Clear,0,5,False,False,False,False,False,0.0
2026-09-27T01:41:49Z,KY,KY00075IS0003400SWEIGHS34,37.048,-84.0997,65,Mostly Clear,0,5,False,False,False,False,False,0.0
2026-09-27T01:41:49Z,KY,KY00075IS0017700N75NRA177,38.937,-84.6309,61,Clear,0,5,False,False,False,False,False,0.0
2026-09-27T01:41:49Z,KY,KY00075IS0007500SWALTONWS,38.8653,-84.6476,61,Clear,0,5,False,False,False,False,False,0.0
2026-09-27T01:41:49Z,KY,KY00075IS0017700S75SRA177,38.9388,-84.6339,61,Clear,0,5,False,False,False,False,False,0.0
2026-09-27T01:41:49Z,KY,KY00075IS0016800SCRITENWS,38.8196,-84.6015,59,Clear,0,5,False,False,False,False,False,0.0
2026-09-27T01:41:49Z,KY,KY00075IS0000100N75WELCOM,36.6162,-84.1054,67,Mostly Clear,0,5,False,False,False,False,False,0.0
2026-09-27T01:56:49Z,IL,IL00070IE002700042,38.7849,-89.7023,66,Mostly Cloudy,2,1,False,False,False,False,True,0.2
2026-09-27T01:56:49Z,IL,IL00055IS002700019,38.8723,-89.8511,64,Mostly Cloudy,2,1,False,False,False,False,True,0.2
2026-09-27T01:56:49Z,IL,IL00080IW005100013,41.3937,-89.5591,64,Mostly Cloudy,3,5,False,False,False,False,True,0.2
2026-09-27T01:56:49Z,IL,IL00074IW002800020,41.2141,-90.3308,64,Mostly Cloudy,7,5,False,False,False,False,True,0.2
2026-09-27T01:56:49Z,IL,IL00057IN033300049,41.3892,-87.7729,58,Partly Cloudy,0,5,False,False,False,False,True,0.2
2026-09-27T01:56:49Z,IL,IL00055IN010400050,39.8627,-89.5948,66,Mostly Cloudy,10,2,False,False,False,False,True,0.2
2026-09-27T01:56:49Z,IL,IL00070IE008600051,39.0651,-88.6745,65,Mostly Cloudy,1,2,False,False,False,False,True,0.2
2026-09-27T01:56:49Z,IL,IL00057IN026800032,40.5505,-88.0605,65,Partly Cloudy,0,5,False,False,False,False,True,0.2
2026-09-27T01:56:49Z,IL,IL00024IW003700010,37.1593,-88.6798,63,Mostly Cloudy,2,1,False,False,False,False,True,0.2
2026-09-27T01:56:49Z,IL,IL00070IW002700015,38.7884,-89.6889,66,Mostly Cloudy,2,1,False,False,False,False,True,0.2
2026-09-27T01:56:49Z,IL,IL00064IW013000053,38.2322,-87.9882,63,Partly Cloudy,1,1,False,False,False,False,True,0.2
2026-09-27T01:56:49Z,IL,IL00080IE005100040,41.3938,-89.5665,64,Mostly Cloudy,3,5,False,False,False,False,True,0.2
2026-09-27T01:56:49Z,IL,IL00074IE011400005,40.6125,-89.245,64,Mostly Cloudy,2,5,False,False,False,False,True,0.2
2026-09-27T01:56:49Z,IL,IL00072IE015200041,39.9923,-88.7827,68,Mostly Cloudy,2,6,False,False,False,False,True,0.2
2026-09-27T01:56:49Z,IL,IL00057IN007900034,38.0297,-88.9203,67,Mostly Cloudy,2,1,False,False,False,False,True,0.2
2026-09-27T01:56:49Z,IL,IL00064IE008500039,38.273,-88.8496,64,Mostly Cloudy,2,1,False,False,False,False,True,0.2
2026-09-27T01:56:49Z,IL,IL00074IW006200004,40.8802,-90.0895,66,Mostly Cloudy,7,3,False,False,False,False,True,0.2
2026-09-27T01:56:49Z,IL,IL00057IS026800022,40.5613,-88.0615,65,Partly Cloudy,0,5,False,False,False,False,True,0.2
2026-09-27T01:56:49Z,IL,IL00055IN002700029,38.8649,-89.8532,64,Mostly Cloudy,2,1,False,False,False,False,True,0.2
2026-09-27T01:56:49Z,IL,IL00074IW020800052,40.1298,-87.7441,65,Partly Cloudy,0,2,False,False,False,False,True,0.2
2026-09-27T01:56:49Z,IL,IL00055IS019400021,40.8371,-88.6833,64,Partly Cloudy,1,5,False,False,False,False,True,0.2
2026-09-27T01:56:49Z,IL,IL00057IS011400023,38.5965,-88.9677,66,Cloudy,3,0,False,False,False,False,True,0.2
2026-09-27T01:56:49Z,IL,IL00074IE002800030,41.2334,-90.333,64,Mostly Cloudy,7,5,False,False,False,False,True,0.2
2026-09-27T01:56:49Z,IL,IL00080IE011700043,41.4314,-88.3454,60,Partly Cloudy,0,5,False,False,False,False,True,0.2
2026-09-27T01:56:49Z,IL,IL00039IS008500026,41.7285,-89.0105,58,Mostly Cloudy,2,5,False,False,False,False,True,0.2
2026-09-27T01:56:49Z,IL,IL00055IN019400031,40.8234,-88.6875,61,Partly Cloudy,1,5,False,False,False,False,True,0.2
2026-09-27T01:56:49Z,IL,IL00057IN011400033,38.5963,-88.9638,69,Cloudy,3,1,False,False,False,False,True,0.2
2026-09-27T01:56:49Z,IL,IL00074IE015600037,40.2732,-88.6762,66,Mostly Cloudy,1,6,False,False,False,False,True,0.2
2026-09-27T01:56:49Z,IL,IL00055IN006400027,39.3465,-89.6408,67,Cloudy,6,0,False,False,False,False,True,0.2
2026-09-27T01:56:49Z,IL,IL00055IN014900028,40.3599,-89.1099,64,Mostly Cloudy,3,6,False,False,False,False,True,0.2
2026-09-27T01:56:49Z,IL,IL00064IE002500038,38.5481,-89.7731,64,Mostly Cloudy,2,1,False,False,False,False,True,0.2
2026-09-27T01:56:49Z,IL,IL00057IN022200048,39.9218,-88.299,66,Mostly Cloudy,0,6,False,False,False,False,True,0.2
2026-09-27T01:56:49Z,IL,IL00039IN008500036,41.7236,-89.0062,58,Mostly Cloudy,2,5,False,False,False,False,True,0.2
2026-09-27T01:56:49Z,IL,IL00074IW015600009,40.2711,-88.6701,66,Mostly Cloudy,1,6,False,False,False,False,True,0.2
2026-09-27T01:56:49Z,IL,IL00057IS033300046,41.3918,-87.7749,58,Partly Cloudy,0,5,False,False,False,False,True,0.2
2026-09-27T01:56:49Z,IL,IL00057IS007900047,38.0962,-88.9138,67,Mostly Cloudy,2,1,False,False,False,False,True,0.2
2026-09-27T01:56:49Z,IL,IL00064IW002500011,38.5491,-89.7633,64,Mostly Cloudy,2,1,False,False,False,False,True,0.2
2026-09-27T01:56:49Z,IL,IL00072IW015200014,39.9888,-88.7852,66,Mostly Cloudy,1,5,False,False,False,False,True,0.2
2026-09-27T01:56:49Z,IL,IL00080IW011700016,41.4473,-88.3285,60,Partly Cloudy,0,5,False,False,False,False,True,0.2
2026-09-27T01:56:49Z,IL,IL00055IS006400017,39.3523,-89.6447,65,Cloudy,5,0,False,False,False,False,True,0.2
2026-09-27T01:56:49Z,IL,IL00064IW008500012,38.2766,-88.8012,64,Mostly Cloudy,2,1,False,False,False,False,True,0.2
2026-09-27T01:56:49Z,IL,IL00057IS022200054,39.9314,-88.3043,66,Mostly Cloudy,0,6,False,False,False,False,True,0.2
2026-09-27T01:56:49Z,IL,IL00070IW008700045,39.0679,-88.6704,65,Mostly Cloudy,1,2,False,False,False,False,True,0.2
2026-09-27T01:56:49Z,IL,IL00057IS016500018,39.1993,-88.502,64,Mostly Cloudy,0,2,False,False,False,False,True,0.2
2026-09-27T01:56:49Z,IL,IL00074IW011400006,40.6111,-89.2323,66,Mostly Cloudy,3,5,False,False,False,False,True,0.2
2026-09-27T01:56:49Z,IL,IL00074IE006200001,40.8788,-90.0936,66,Mostly Cloudy,7,3,False,False,False,False,True,0.2
2026-09-27T01:56:49Z,IL,IL00070IW014900008,39.4228,-87.6617,63,Partly Cloudy,0,3,False,False,False,False,True,0.2
2026-09-27T01:56:49Z,IL,IL00057IN016500044,39.1898,-88.5031,64,Mostly Cloudy,0,2,False,False,False,False,True,0.2
2026-09-27T01:56:49Z,IL,IL00055IS010400024,39.8871,-89.5966,65,Mostly Cloudy,10,3,False,False,False,False,True,0.2
2026-09-27T01:56:49Z,IL,IL00057IS003200025,37.4699,-89.1329,64,Partly Cloudy,1,1,False,False,False,False,True,0.2
2026-09-27T01:56:49Z,IL,IL00057IN003200035,37.4661,-89.1324,64,Partly Cloudy,1,1,False,False,False,False,True,0.2
2026-09-27T01:56:49Z,IN,322,38.195,-87.8597,63,Partly Cloudy,0,2,False,False,False,False,False,0.0
2026-09-27T01:56:49Z,IN,317,38.5852,-85.7768,60,Mostly Clear,0,1,False,False,False,False,False,0.0
2026-09-27T01:56:49Z,IN,316,38.5859,-85.7809,60,Mostly Clear,0,1,False,False,False,False,False,0.0
2026-09-27T01:56:49Z,IN,315,39.2602,-85.9521,62,Mostly Clear,0,5,False,False,False,False,False,0.0
2026-09-27T01:56:49Z,IN,314,39.2767,-85.9569,63,Mostly Clear,0,5,False,False,False,False,False,0.0
2026-09-27T01:56:49Z,IN,313,40.1578,-86.5387,60,Mostly Clear,0,5,False,False,False,False,False,0.0
2026-09-27T01:56:49Z,IN,312,40.1722,-86.5522,59,Mostly Clear,0,5,False,False,False,False,False,0.0
2026-09-27T01:56:49Z,IN,311,40.6992,-87.0628,61,Mostly Clear,0,0,False,False,False,False,False,0.0
2026-09-27T01:56:49Z,IN,310,40.6984,-87.0646,61,Mostly Clear,0,0,False,False,False,False,False,0.0
2026-09-27T01:56:49Z,IN,308,41.1653,-87.271,58,Mostly Clear,0,5,False,False,False,False,False,0.0
2026-09-27T01:56:49Z,IN,309,41.1666,-87.2749,58,Mostly Clear,0,5,False,False,False,False,False,0.0
2026-09-27T01:56:49Z,IN,318,40.3543,-85.5576,59,Clear,0,3,False,False,False,False,False,0.0
2026-09-27T01:56:49Z,IN,319,40.3569,-85.56,59,Clear,0,3,False,False,False,False,False,0.0
2026-09-27T01:56:49Z,IN,320,41.2963,-85.0863,60,Clear,0,0,False,False,False,False,False,0.0
2026-09-27T01:56:49Z,IN,321,41.5803,-85.0597,59,Clear,0,5,False,False,False,False,False,0.0
2026-09-27T01:56:49Z,IN,300,39.4417,-87.5002,62,Mostly Clear,0,3,False,False,False,False,False,0.0
2026-09-27T01:56:49Z,IN,302,39.6517,-86.3967,61,Mostly Clear,0,5,False,False,False,False,False,0.0
2026-09-27T01:56:49Z,IN,301,39.6541,-86.4005,61,Mostly Clear,0,5,False,False,False,False,False,0.0
2026-09-27T01:56:49Z,IN,303,39.8243,-85.7039,59,Clear,0,5,False,False,False,False,False,0.0
2026-09-27T01:56:49Z,IN,304,39.8266,-85.704,59,Clear,0,5,False,False,False,False,False,0.0
2026-09-27T01:56:49Z,IN,305,39.8605,-85.0259,57,Mostly Clear,0,3,False,False,False,False,False,0.0
2026-09-27T01:56:49Z,IN,323,39.29,-85.1688,57,Clear,0,2,False,False,False,False,False,0.0
2026-09-27T01:56:49Z,IN,702,41.7472,-85.3285,59,Clear,0,5,False,False,False,False,False,0.0
2026-09-27T01:56:49Z,IN,701,41.5889,-87.2173,58,Partly Cloudy,0,5,False,False,False,False,False,0.0
2026-09-27T01:56:49Z,IN,704,41.7058,-86.6212,59,Mostly Clear,0,5,False,False,False,False,False,0.0
2026-09-27T01:56:49Z,IN,703,41.7071,-86.6235,57,Mostly Clear,0,5,False,False,False,False,False,0.0
2026-09-27T01:56:49Z,IN,705,41.733,-86.0057,63,Clear,0,5,False,False,False,False,False,0.0
2026-09-27T01:56:49Z,IN,708,41.7472,-85.3285,59,Clear,0,5,False,False,False,False,False,0.0
2026-09-27T01:56:49Z,IN,707,41.7453,-85.3287,59,Clear,0,5,False,False,False,False,False,0.0
2026-09-27T01:56:49Z,IN,324,41.7353,-86.7933,57,Partly Cloudy,0,0,False,False,False,False,False,0.0
2026-09-27T01:56:49Z,KY,KY00065IS0000020N65WELCOM,36.6434,-86.5687,62,Partly Cloudy,0,5,False,False,False,False,False,0.0
2026-09-27T01:56:49Z,KY,KY00065IS000020NSMARATHON,36.6612,-86.5553,69,Partly Cloudy,0,6,False,False,False,False,False,0.0
2026-09-27T01:56:49Z,KY,KY00065IS0000340NWEIGHS34,36.6868,-86.5379,65,Partly Cloudy,0,3,False,False,False,False,False,0.0
2026-09-27T01:56:49Z,KY,KY00065IS0011400S65SRA114,37.9464,-85.6905,56,Mostly Clear,0,2,False,False,False,False,False,0.0
2026-09-27T01:56:49Z,KY,KY00065IS0005900S65SRA059,37.239,-85.9297,63,Partly Cloudy,0,3,False,False,False,False,False,0.0
2026-09-27T01:56:49Z,KY,KY00065IS0005900N65NRA059,37.2384,-85.9271,63,Partly Cloudy,0,3,False,False,False,False,False,0.0
2026-09-27T01:56:49Z,KY,KY00075IS0003300NWEIGHS33,37.0422,-84.0968,61,Mostly Clear,0,5,False,False,False,False,False,0.0
2026-09-27T01:56:49Z,KY,KY00075IS0003400SWEIGHS34,37.048,-84.0997,62,Mostly Clear,0,5,False,False,False,False,False,0.0
2026-09-27T01:56:49Z,KY,KY00075IS0017700N75NRA177,38.937,-84.6309,59,Clear,0,5,False,False,False,False,False,0.0
2026-09-27T01:56:49Z,KY,KY00075IS0007500SWALTONWS,38.8653,-84.6476,59,Clear,0,5,False,False,False,False,False,0.0
2026-09-27T01:56:49Z,KY,KY00075IS0017700S75SRA177,38.9388,-84.6339,59,Clear,0,5,False,False,False,False,False,0.0
2026-09-27T01:56:49Z,KY,KY00075IS0016800SCRITENWS,38.8196,-84.6015,59,Clear,0,5,False,False,False,False,False,0.0
2026-09-27T01:56:49Z,KY,KY00075IS0000100N75WELCOM,36.6162,-84.1054,60,Mostly Clear,0,3,False,False,False,False,False,0.0
2026-09-27T02:11:49Z,IL,IL00070IE002700042,38.7849,-89.7023,61,Mostly Cloudy,2,1,False,False,False,False,True,0.2
2026-09-27T02:11:49Z,IL,IL00055IS002700019,38.8723,-89.8511,61,Mostly Cloudy,2,1,False,False,False,False,True,0.2
2026-09-27T02:11:49Z,IL,IL00080IW005100013,41.3937,-89.5591,62,Mostly Cloudy,3,5,False,False,False,False,True,0.2
2026-09-27T02:11:49Z,IL,IL00074IW002800020,41.2141,-90.3308,63,Mostly Cloudy,7,5,False,False,False,False,True,0.2
2026-09-27T02:11:49Z,IL,IL00057IN033300049,41.3892,-87.7729,56,Partly Cloudy,0,5,False,False,False,False,True,0.2
2026-09-27T02:11:49Z,IL,IL00055IN010400050,39.8627,-89.5948,65,Mostly Cloudy,8,3,False,False,False,False,True,0.2
2026-09-27T02:11:49Z,IL,IL00070IE008600051,39.0651,-88.6745,64,Mostly Cloudy,1,2,False,False,False,False,True,0.2
2026-09-27T02:11:49Z,IL,IL00057IN026800032,40.5505,-88.0605,60,Partly Cloudy,0,5,False,False,False,False,True,0.2
2026-09-27T02:11:49Z,IL,IL00024IW003700010,37.1593,-88.6798,62,Mostly Cloudy,2,1,False,False,False,False,True,0.2
2026-09-27T02:11:49Z,IL,IL00070IW002700015,38.7884,-89.6889,61,Mostly Cloudy,2,0,False,False,False,False,True,0.2
2026-09-27T02:11:49Z,IL,IL00064IW013000053,38.2322,-87.9882,62,Partly Cloudy,1,2,False,False,False,False,True,0.2
2026-09-27T02:11:49Z,IL,IL00080IE005100040,41.3938,-89.5665,62,Mostly Cloudy,3,5,False,False,False,False,True,0.2
2026-09-27T02:11:49Z,IL,IL00074IE011400005,40.6125,-89.245,62,Mostly Cloudy,3,3,False,False,False,False,True,0.2
2026-09-27T02:11:49Z,IL,IL00072IE015200041,39.9923,-88.7827,64,Mostly Cloudy,1,5,False,False,False,False,True,0.2
2026-09-27T02:11:49Z,IL,IL00057IN007900034,38.0297,-88.9203,64,Mostly Cloudy,2,0,False,False,False,False,True,0.2
2026-09-27T02:11:49Z,IL,IL00064IE008500039,38.273,-88.8496,63,Mostly Cloudy,2,1,False,False,False,False,True,0.2
2026-09-27T02:11:49Z,IL,IL00074IW006200004,40.8802,-90.0895,65,Mostly Cloudy,8,3,False,False,False,False,True,0.2
2026-09-27T02:11:49Z,IL,IL00057IS026800022,40.5613,-88.0615,60,Partly Cloudy,0,5,False,False,False,False,True,0.2
2026-09-27T02:11:49Z,IL,IL00055IN002700029,38.8649,-89.8532,61,Mostly Cloudy,2,1,False,False,False,False,True,0.2
2026-09-27T02:11:49Z,IL,IL00074IW020800052,40.1298,-87.7441,61,Partly Cloudy,0,3,False,False,False,False,True,0.2
2026-09-27T02:11:49Z,IL,IL00055IS019400021,40.8371,-88.6833,59,Partly Cloudy,1,5,False,False,False,False,True,0.2
2026-09-27T02:11:49Z,IL,IL00057IS011400023,38.5965,-88.9677,63,Cloudy,3,0,False,False,False,False,True,0.2
2026-09-27T02:11:49Z,IL,IL00074IE002800030,41.2334,-90.333,63,Mostly Cloudy,7,5,False,False,False,False,True,0.2
2026-09-27T02:11:49Z,IL,IL00080IE011700043,41.4314,-88.3454,58,Partly Cloudy,0,5,False,False,False,False,True,0.2
2026-09-27T02:11:49Z,IL,IL00039IS008500026,41.7285,-89.0105,56,Mostly Cloudy,2,5,False,False,False,False,True,0.2
2026-09-27T02:11:49Z,IL,IL00055IN019400031,40.8234,-88.6875,59,Partly Cloudy,1,5,False,False,False,False,True,0.2
2026-09-27T02:11:49Z,IL,IL00057IN011400033,38.5963,-88.9638,63,Cloudy,3,0,False,False,False,False,True,0.2
2026-09-27T02:11:49Z,IL,IL00074IE015600037,40.2732,-88.6762,64,Mostly Cloudy,1,6,False,False,False,False,True,0.2
2026-09-27T02:11:49Z,IL,IL00055IN006400027,39.3465,-89.6408,61,Cloudy,6,0,False,False,False,False,True,0.2
2026-09-27T02:11:49Z,IL,IL00055IN014900028,40.3599,-89.1099,62,Mostly Cloudy,2,6,False,False,False,False,True,0.2
2026-09-27T02:11:49Z,IL,IL00064IE002500038,38.5481,-89.7731,61,Partly Cloudy,1,1,False,False,False,False,True,0.2
2026-09-27T02:11:49Z,IL,IL00057IN022200048,39.9218,-88.299,63,Partly Cloudy,0,6,False,False,False,False,True,0.2
2026-09-27T02:11:49Z,IL,IL00039IN008500036,41.7236,-89.0062,56,Mostly Cloudy,2,5,False,False,False,False,True,0.2
2026-09-27T02:11:49Z,IL,IL00074IW015600009,40.2711,-88.6701,64,Mostly Cloudy,1,6,False,False,False,False,True,0.2
2026-09-27T02:11:49Z,IL,IL00057IS033300046,41.3918,-87.7749,56,Partly Cloudy,0,5,False,False,False,False,True,0.2
2026-09-27T02:11:49Z,IL,IL00057IS007900047,38.0962,-88.9138,66,Mostly Cloudy,2,1,False,False,False,False,True,0.2
2026-09-27T02:11:49Z,IL,IL00064IW002500011,38.5491,-89.7633,61,Mostly Cloudy,1,1,False,False,False,False,True,0.2
2026-09-27T02:11:49Z,IL,IL00072IW015200014,39.9888,-88.7852,64,Mostly Cloudy,1,5,False,False,False,False,True,0.2
2026-09-27T02:11:49Z,IL,IL00080IW011700016,41.4473,-88.3285,58,Partly Cloudy,0,5,False,False,False,False,True,0.2
2026-09-27T02:11:49Z,IL,IL00055IS006400017,39.3523,-89.6447,61,Cloudy,6,0,False,False,False,False,True,0.2
2026-09-27T02:11:49Z,IL,IL00064IW008500012,38.2766,-88.8012,63,Mostly Cloudy,2,1,False,False,False,False,True,0.2
2026-09-27T02:11:49Z,IL,IL00057IS022200054,39.9314,-88.3043,63,Partly Cloudy,0,6,False,False,False,False,True,0.2
2026-09-27T02:11:49Z,IL,IL00070IW008700045,39.0679,-88.6704,64,Mostly Cloudy,1,2,False,False,False,False,True,0.2
2026-09-27T02:11:49Z,IL,IL00057IS016500018,39.1993,-88.502,62,Mostly Cloudy,1,3,False,False,False,False,True,0.2
2026-09-27T02:11:49Z,IL,IL00074IW011400006,40.6111,-89.2323,62,Mostly Cloudy,3,3,False,False,False,False,True,0.2
2026-09-27T02:11:49Z,IL,IL00074IE006200001,40.8788,-90.0936,65,Mostly Cloudy,8,3,False,False,False,False,True,0.2
2026-09-27T02:11:49Z,IL,IL00070IW014900008,39.4228,-87.6617,59,Partly Cloudy,0,3,False,False,False,False,True,0.2
2026-09-27T02:11:49Z,IL,IL00057IN016500044,39.1898,-88.5031,62,Mostly Cloudy,1,3,False,False,False,False,True,0.2
2026-09-27T02:11:49Z,IL,IL00055IS010400024,39.8871,-89.5966,64,Mostly Cloudy,8,3,False,False,False,False,True,0.2
2026-09-27T02:11:49Z,IL,IL00057IS003200025,37.4699,-89.1329,63,Partly Cloudy,1,0,False,False,False,False,True,0.2
2026-09-27T02:11:49Z,IL,IL00057IN003200035,37.4661,-89.1324,63,Partly Cloudy,1,0,False,False,False,False,True,0.2
2026-09-27T02:11:49Z,IN,322,38.195,-87.8597,62,Partly Cloudy,0,2,False,False,False,False,False,0.0
2026-09-27T02:11:49Z,IN,317,38.5852,-85.7768,59,Mostly Clear,0,1,False,False,False,False,False,0.0
2026-09-27T02:11:49Z,IN,316,38.5859,-85.7809,59,Mostly Clear,0,1,False,False,False,False,False,0.0
2026-09-27T02:11:49Z,IN,315,39.2602,-85.9521,60,Mostly Clear,0,5,False,False,False,False,False,0.0
2026-09-27T02:11:49Z,IN,314,39.2767,-85.9569,61,Mostly Clear,0,5,False,False,False,False,False,0.0
2026-09-27T02:11:49Z,IN,313,40.1578,-86.5387,57,Clear,0,5,False,False,False,False,False,0.0
2026-09-27T02:11:49Z,IN,312,40.1722,-86.5522,57,Mostly Clear,0,5,False,False,False,False,False,0.0
2026-09-27T02:11:49Z,IN,311,40.6992,-87.0628,57,Mostly Clear,0,0,False,False,False,False,False,0.0
2026-09-27T02:11:49Z,IN,310,40.6984,-87.0646,57,Mostly Clear,0,0,False,False,False,False,False,0.0
2026-09-27T02:11:49Z,IN,308,41.1653,-87.271,56,Mostly Clear,0,5,False,False,False,False,False,0.0
2026-09-27T02:11:49Z,IN,309,41.1666,-87.2749,56,Mostly Clear,0,5,False,False,False,False,False,0.0
2026-09-27T02:11:49Z,IN,318,40.3543,-85.5576,57,Clear,0,3,False,False,False,False,False,0.0
2026-09-27T02:11:49Z,IN,319,40.3569,-85.56,57,Clear,0,3,False,False,False,False,False,0.0
2026-09-27T02:11:49Z,IN,320,41.2963,-85.0863,56,Clear,0,0,False,False,False,False,False,0.0
2026-09-27T02:11:49Z,IN,321,41.5803,-85.0597,55,Clear,0,5,False,False,False,False,False,0.0
2026-09-27T02:11:49Z,IN,300,39.4417,-87.5002,60,Mostly Clear,0,3,False,False,False,False,False,0.0
2026-09-27T02:11:49Z,IN,302,39.6517,-86.3967,60,Mostly Clear,0,5,False,False,False,False,False,0.0
2026-09-27T02:11:49Z,IN,301,39.6541,-86.4005,60,Mostly Clear,0,5,False,False,False,False,False,0.0
2026-09-27T02:11:49Z,IN,303,39.8243,-85.7039,57,Mostly Clear,0,5,False,False,False,False,False,0.0
2026-09-27T02:11:49Z,IN,304,39.8266,-85.704,57,Mostly Clear,0,5,False,False,False,False,False,0.0
2026-09-27T02:11:49Z,IN,305,39.8605,-85.0259,55,Mostly Clear,0,3,False,False,False,False,False,0.0
2026-09-27T02:11:49Z,IN,323,39.29,-85.1688,55,Clear,0,2,False,False,False,False,False,0.0
2026-09-27T02:11:49Z,IN,702,41.7472,-85.3285,55,Clear,0,5,False,False,False,False,False,0.0
2026-09-27T02:11:49Z,IN,701,41.5889,-87.2173,57,Partly Cloudy,0,5,False,False,False,False,False,0.0
2026-09-27T02:11:49Z,IN,704,41.7058,-86.6212,54,Partly Cloudy,0,5,False,False,False,False,False,0.0
2026-09-27T02:11:49Z,IN,703,41.7071,-86.6235,54,Partly Cloudy,0,5,False,False,False,False,False,0.0
2026-09-27T02:11:49Z,IN,705,41.733,-86.0057,55,Clear,0,0,False,False,False,False,False,0.0
2026-09-27T02:11:49Z,IN,708,41.7472,-85.3285,55,Clear,0,5,False,False,False,False,False,0.0
2026-09-27T02:11:49Z,IN,707,41.7453,-85.3287,55,Clear,0,5,False,False,False,False,False,0.0
2026-09-27T02:11:49Z,IN,324,41.7353,-86.7933,55,Partly Cloudy,0,0,False,False,False,False,False,0.0
2026-09-27T02:11:49Z,KY,KY00065IS0000020N65WELCOM,36.6434,-86.5687,64,Partly Cloudy,0,5,False,False,False,False,False,0.0
2026-09-27T02:11:49Z,KY,KY00065IS000020NSMARATHON,36.6612,-86.5553,65,Partly Cloudy,0,5,False,False,False,False,False,0.0
2026-09-27T02:11:49Z,KY,KY00065IS0000340NWEIGHS34,36.6868,-86.5379,65,Partly Cloudy,0,5,False,False,False,False,False,0.0
2026-09-27T02:11:49Z,KY,KY00065IS0011400S65SRA114,37.9464,-85.6905,57,Mostly Clear,0,2,False,False,False,False,False,0.0
2026-09-27T02:11:49Z,KY,KY00065IS0005900S65SRA059,37.239,-85.9297,61,Mostly Clear,0,2,False,False,False,False,False,0.0
2026-09-27T02:11:49Z,KY,KY00065IS0005900N65NRA059,37.2384,-85.9271,61,Mostly Clear,0,2,False,False,False,False,False,0.0
2026-09-27T02:11:49Z,KY,KY00075IS0003300NWEIGHS33,37.0422,-84.0968,60,Mostly Clear,0,3,False,False,False,False,False,0.0
2026-09-27T02:11:49Z,KY,KY00075IS0003400SWEIGHS34,37.048,-84.0997,60,Mostly Clear,0,5,False,False,False,False,False,0.0
2026-09-27T02:11:49Z,KY,KY00075IS0017700N75NRA177,38.937,-84.6309,58,Clear,0,5,False,False,False,False,False,0.0
2026-09-27T02:11:49Z,KY,KY00075IS0007500SWALTONWS,38.8653,-84.6476,57,Clear,0,5,False,False,False,False,False,0.0
2026-09-27T02:11:49Z,KY,KY00075IS0017700S75SRA177,38.9388,-84.6339,58,Clear,0,5,False,False,False,False,False,0.0
2026-09-27T02:11:49Z,KY,KY00075IS0016800SCRITENWS,38.8196,-84.6015,57,Clear,0,5,False,False,False,False,False,0.0
2026-09-27T02:11:49Z,KY,KY00075IS0000100N75WELCOM,36.6162,-84.1054,57,Mostly Clear,0,2,False,False,False,False,False,0.0
2026-09-27T02:26:49Z,IL,IL00070IE002700042,38.7849,-89.7023,66,Mostly Cloudy,2,1,False,False,False,False,True,0.2
2026-09-27T02:26:49Z,IL,IL00055IS002700019,38.8723,-89.8511,64,Mostly Cloudy,2,1,False,False,False,False,True,0.2
2026-09-27T02:26:49Z,IL,IL00080IW005100013,41.3937,-89.5591,64,Mostly Cloudy,3,5,False,False,False,False,True,0.2
2026-09-27T02:26:49Z,IL,IL00074IW002800020,41.2141,-90.3308,63,Mostly Cloudy,7,5,False,False,False,False,True,0.2
2026-09-27T02:26:49Z,IL,IL00057IN033300049,41.3892,-87.7729,58,Partly Cloudy,0,5,False,False,False,False,True,0.2
2026-09-27T02:26:49Z,IL,IL00055IN010400050,39.8627,-89.5948,66,Mostly Cloudy,10,2,False,False,False,False,True,0.2
2026-09-27T02:26:49Z,IL,IL00070IE008600051,39.0651,-88.6745,65,Mostly Cloudy,1,2,False,False,False,False,True,0.2
2026-09-27T02:26:49Z,IL,IL00057IN026800032,40.5505,-88.0605,62,Partly Cloudy,0,5,False,False,False,False,True,0.2
2026-09-27T02:26:49Z,IL,IL00024IW003700010,37.1593,-88.6798,62,Mostly Cloudy,2,1,False,False,False,False,True,0.2
2026-09-27T02:26:49Z,IL,IL00070IW002700015,38.7884,-89.6889,61,Mostly Cloudy,2,0,False,False,False,False,True,0.2
2026-09-27T02:26:49Z,IL,IL00064IW013000053,38.2322,-87.9882,63,Partly Cloudy,1,1,False,False,False,False,True,0.2
2026-09-27T02:26:49Z,IL,IL00080IE005100040,41.3938,-89.5665,64,Mostly Cloudy,3,5,False,False,False,False,True,0.2
2026-09-27T02:26:49Z,IL,IL00074IE011400005,40.6125,-89.245,64,Mostly Cloudy,2,5,False,False,False,False,True,0.2
2026-09-27T02:26:49Z,IL,IL00072IE015200041,39.9923,-88.7827,64,Mostly Cloudy,1,5,False,False,False,False,True,0.2
2026-09-27T02:26:49Z,IL,IL00057IN007900034,38.0297,-88.9203,64,Mostly Cloudy,2,0,False,False,False,False,True,0.2
2026-09-27T02:26:49Z,IL,IL00064IE008500039,38.273,-88.8496,63,Mostly Cloudy,2,1,False,False,False,False,True,0.2
2026-09-27T02:26:49Z,IL,IL00074IW006200004,40.8802,-90.0895,66,Mostly Cloudy,7,3,False,False,False,False,True,0.2
2026-09-27T02:26:49Z,IL,IL00057IS026800022,40.5613,-88.0615,62,Partly Cloudy,0,5,False,False,False,False,True,0.2
2026-09-27T02:26:49Z,IL,IL00055IN002700029,38.8649,-89.8532,64,Mostly Cloudy,2,1,False,False,False,False,True,0.2
2026-09-27T02:26:49Z,IL,IL00074IW020800052,40.1298,-87.7441,63,Partly Cloudy,0,3,False,False,False,False,True,0.2
2026-09-27T02:26:49Z,IL,IL00055IS019400021,40.8371,-88.6833,61,Partly Cloudy,1,5,False,False,False,False,True,0.2
2026-09-27T02:26:49Z,IL,IL00057IS011400023,38.5965,-88.9677,66,Cloudy,3,0,False,False,False,False,True,0.2
2026-09-27T02:26:49Z,IL,IL00074IE002800030,41.2334,-90.333,63,Mostly Cloudy,7,5,False,False,False,False,True,0.2
2026-09-27T02:26:49Z,IL,IL00080IE011700043,41.4314,-88.3454,60,Partly Cloudy,0,5,False,False,False,False,True,0.2
2026-09-27T02:26:49Z,IL,IL00039IS008500026,41.7285,-89.0105,58,Mostly Cloudy,2,5,False,False,False,False,True,0.2
2026-09-27T02:26:49Z,IL,IL00055IN019400031,40.8234,-88.6875,61,Partly Cloudy,1,5,False,False,False,False,True,0.2
2026-09-27T02:26:49Z,IL,IL00057IN011400033,38.5963,-88.9638,66,Cloudy,3,0,False,False,False,False,True,0.2
2026-09-27T02:26:49Z,IL,IL00074IE015600037,40.2732,-88.6762,64,Mostly Cloudy,1,6,False,False,False,False,True,0.2
2026-09-27T02:26:49Z,IL,IL00055IN006400027,39.3465,-89.6408,61,Cloudy,6,0,False,False,False,False,True,0.2
2026-09-27T02:26:49Z,IL,IL00055IN014900028,40.3599,-89.1099,62,Mostly Cloudy,2,6,False,False,False,False,True,0.2
2026-09-27T02:26:49Z,IL,IL00064IE002500038,38.5481,-89.7731,61,Partly Cloudy,1,1,False,False,False,False,True,0.2
2026-09-27T02:26:49Z,IL,IL00057IN022200048,39.9218,-88.299,66,Mostly Cloudy,0,6,False,False,False,False,True,0.2
2026-09-27T02:26:49Z,IL,IL00039IN008500036,41.7236,-89.0062,58,Mostly Cloudy,2,5,False,False,False,False,True,0.2
2026-09-27T02:26:49Z,IL,IL00074IW015600009,40.2711,-88.6701,66,Mostly Cloudy,1,6,False,False,False,False,True,0.2
2026-09-27T02:26:49Z,IL,IL00057IS033300046,41.3918,-87.7749,58,Partly Cloudy,0,5,False,False,False,False,True,0.2
2026-09-27T02:26:49Z,IL,IL00057IS007900047,38.0962,-88.9138,66,Mostly Cloudy,2,1,False,False,False,False,True,0.2
2026-09-27T02:26:49Z,IL,IL00064IW002500011,38.5491,-89.7633,64,Mostly Cloudy,2,1,False,False,False,False,True,0.2
2026-09-27T02:26:49Z,IL,IL00072IW015200014,39.9888,-88.7852,64,Mostly Cloudy,1,5,False,False,False,False,True,0.2
2026-09-27T02:26:49Z,IL,IL00080IW011700016,41.4473,-88.3285,57,Partly Cloudy,0,5,False,False,False,False,True,0.2
2026-09-27T02:26:49Z,IL,IL00055IS006400017,39.3523,-89.6447,61,Cloudy,6,0,False,False,False,False,True,0.2
2026-09-27T02:26:49Z,IL,IL00064IW008500012,38.2766,-88.8012,63,Mostly Cloudy,2,1,False,False,False,False,True,0.2
2026-09-27T02:26:49Z,IL,IL00057IS022200054,39.9314,-88.3043,66,Mostly Cloudy,0,6,False,False,False,False,True,0.2
2026-09-27T02:26:49Z,IL,IL00070IW008700045,39.0679,-88.6704,65,Mostly Cloudy,1,2,False,False,False,False,True,0.2
2026-09-27T02:26:49Z,IL,IL00057IS016500018,39.1993,-88.502,62,Mostly Cloudy,1,3,False,False,False,False,True,0.2
2026-09-27T02:26:49Z,IL,IL00074IW011400006,40.6111,-89.2323,64,Mostly Cloudy,2,5,False,False,False,False,True,0.2
2026-09-27T02:26:49Z,IL,IL00074IE006200001,40.8788,-90.0936,66,Mostly Cloudy,7,3,False,False,False,False,True,0.2
2026-09-27T02:26:49Z,IL,IL00070IW014900008,39.4228,-87.6617,60,Partly Cloudy,0,3,False,False,False,False,True,0.2
2026-09-27T02:26:49Z,IL,IL00057IN016500044,39.1898,-88.5031,64,Mostly Cloudy,0,2,False,False,False,False,True,0.2
2026-09-27T02:26:49Z,IL,IL00055IS010400024,39.8871,-89.5966,65,Mostly Cloudy,10,3,False,False,False,False,True,0.2
2026-09-27T02:26:49Z,IL,IL00057IS003200025,37.4699,-89.1329,64,Partly Cloudy,1,1,False,False,False,False,True,0.2
2026-09-27T02:26:49Z,IL,IL00057IN003200035,37.4661,-89.1324,64,Partly Cloudy,1,1,False,False,False,False,True,0.2
2026-09-27T02:26:49Z,IN,322,38.195,-87.8597,62,Partly Cloudy,0,2,False,False,False,False,False,0.0
2026-09-27T02:26:49Z,IN,317,38.5852,-85.7768,59,Mostly Clear,0,1,False,False,False,False,False,0.0
2026-09-27T02:26:49Z,IN,316,38.5859,-85.7809,59,Mostly Clear,0,1,False,False,False,False,False,0.0
2026-09-27T02:26:49Z,IN,315,39.2602,-85.9521,60,Mostly Clear,0,5,False,False,False,False,False,0.0
2026-09-27T02:26:49Z,IN,314,39.2767,-85.9569,63,Mostly Clear,0,5,False,False,False,False,False,0.0
2026-09-27T02:26:49Z,IN,313,40.1578,-86.5387,60,Mostly Clear,0,5,False,False,False,False,False,0.0
2026-09-27T02:26:49Z,IN,312,40.1722,-86.5522,59,Mostly Clear,0,5,False,False,False,False,False,0.0
2026-09-27T02:26:49Z,IN,311,40.6992,-87.0628,61,Mostly Clear,0,0,False,False,False,False,False,0.0
2026-09-27T02:26:49Z,IN,310,40.6984,-87.0646,61,Mostly Clear,0,0,False,False,False,False,False,0.0
2026-09-27T02:26:49Z,IN,308,41.1653,-87.271,58,Mostly Clear,0,5,False,False,False,False,False,0.0
2026-09-27T02:26:49Z,IN,309,41.1666,-87.2749,58,Mostly Clear,0,5,False,False,False,False,False,0.0
2026-09-27T02:26:49Z,IN,318,40.3543,-85.5576,57,Clear,0,3,False,False,False,False,False,0.0
2026-09-27T02:26:49Z,IN,319,40.3569,-85.56,57,Clear,0,3,False,False,False,False,False,0.0
2026-09-27T02:26:49Z,IN,320,41.2963,-85.0863,60,Clear,0,0,False,False,False,False,False,0.0
2026-09-27T02:26:49Z,IN,321,41.5803,-85.0597,55,Clear,0,5,False,False,False,False,False,0.0
2026-09-27T02:26:49Z,IN,300,39.4417,-87.5002,60,Mostly Clear,0,3,False,False,False,False,False,0.0
2026-09-27T02:26:49Z,IN,302,39.6517,-86.3967,60,Mostly Clear,0,5,False,False,False,False,False,0.0
2026-09-27T02:26:49Z,IN,301,39.6541,-86.4005,60,Mostly Clear,0,5,False,False,False,False,False,0.0
2026-09-27T02:26:49Z,IN,303,39.8243,-85.7039,57,Mostly Clear,0,5,False,False,False,False,False,0.0
2026-09-27T02:26:49Z,IN,304,39.8266,-85.704,59,Clear,0,5,False,False,False,False,False,0.0
2026-09-27T02:26:49Z,IN,305,39.8605,-85.0259,57,Mostly Clear,0,3,False,False,False,False,False,0.0
2026-09-27T02:26:49Z,IN,323,39.29,-85.1688,57,Clear,0,2,False,False,False,False,False,0.0
2026-09-27T02:26:49Z,IN,702,41.7472,-85.3285,59,Clear,0,5,False,False,False,False,False,0.0
2026-09-27T02:26:49Z,IN,701,41.5889,-87.2173,58,Partly Cloudy,0,5,False,False,False,False,False,0.0
2026-09-27T02:26:49Z,IN,704,41.7058,-86.6212,57,Mostly Clear,0,5,False,False,False,False,False,0.0
2026-09-27T02:26:49Z,IN,703,41.7071,-86.6235,57,Mostly Clear,0,5,False,False,False,False,False,0.0
2026-09-27T02:26:49Z,IN,705,41.733,-86.0057,55,Clear,0,0,False,False,False,False,False,0.0
2026-09-27T02:26:49Z,IN,708,41.7472,-85.3285,59,Clear,0,5,False,False,False,False,False,0.0
2026-09-27T02:26:49Z,IN,707,41.7453,-85.3287,59,Clear,0,5,False,False,False,False,False,0.0
2026-09-27T02:26:49Z,IN,324,41.7353,-86.7933,55,Partly Cloudy,0,0,False,False,False,False,False,0.0
2026-09-27T02:26:49Z,KY,KY00065IS0000020N65WELCOM,36.6434,-86.5687,64,Partly Cloudy,0,5,False,False,False,False,False,0.0
2026-09-27T02:26:49Z,KY,KY00065IS000020NSMARATHON,36.6612,-86.5553,68,Partly Cloudy,0,5,False,False,False,False,False,0.0
2026-09-27T02:26:49Z,KY,KY00065IS0000340NWEIGHS34,36.6868,-86.5379,65,Partly Cloudy,0,5,False,False,False,False,False,0.0
2026-09-27T02:26:49Z,KY,KY00065IS0011400S65SRA114,37.9464,-85.6905,56,Mostly Clear,0,2,False,False,False,False,False,0.0
2026-09-27T02:26:49Z,KY,KY00065IS0005900S65SRA059,37.239,-85.9297,63,Partly Cloudy,0,3,False,False,False,False,False,0.0
2026-09-27T02:26:49Z,KY,KY00065IS0005900N65NRA059,37.2384,-85.9271,63,Partly Cloudy,0,3,False,False,False,False,False,0.0
2026-09-27T02:26:49Z,KY,KY00075IS0003300NWEIGHS33,37.0422,-84.0968,61,Mostly Clear,0,5,False,False,False,False,False,0.0
2026-09-27T02:26:49Z,KY,KY00075IS0003400SWEIGHS34,37.048,-84.0997,60,Mostly Clear,0,5,False,False,False,False,False,0.0
2026-09-27T02:26:49Z,KY,KY00075IS0017700N75NRA177,38.937,-84.6309,58,Clear,0,5,False,False,False,False,False,0.0
2026-09-27T02:26:49Z,KY,KY00075IS0007500SWALTONWS,38.8653,-84.6476,59,Clear,0,5,False,False,False,False,False,0.0
2026-09-27T02:26:49Z,KY,KY00075IS0017700S75SRA177,38.9388,-84.6339,58,Clear,0,5,False,False,False,False,False,0.0
2026-09-27T02:26:49Z,KY,KY00075IS0016800SCRITENWS,38.8196,-84.6015,57,Clear,0,5,False,False,False,False,False,0.0
2026-09-27T02:26:49Z,KY,KY00075IS0000100N75WELCOM,36.6162,-84.1054,60,Mostly Clear,0,3,False,False,False,False,False,0.0
2026-09-27T02:41:49Z,IL,IL00070IE002700042,38.7849,-89.7023,61,Mostly Cloudy,2,1,False,False,False,False,True,0.2
2026-09-27T02:41:49Z,IL,IL00055IS002700019,38.8723,-89.8511,61,Mostly Cloudy,2,1,False,False,False,False,True,0.2
2026-09-27T02:41:49Z,IL,IL00080IW005100013,41.3937,-89.5591,62,Mostly Cloudy,3,5,False,False,False,False,True,0.2
2026-09-27T02:41:49Z,IL,IL00074IW002800020,41.2141,-90.3308,63,Mostly Cloudy,7,5,False,False,False,False,True,0.2
2026-09-27T02:41:49Z,IL,IL00057IN033300049,41.3892,-87.7729,56,Partly Cloudy,0,5,False,False,False,False,True,0.2
2026-09-27T02:41:49Z,IL,IL00055IN010400050,39.8627,-89.5948,64,Mostly Cloudy,8,3,False,False,False,False,True,0.2
2026-09-27T02:41:49Z,IL,IL00070IE008600051,39.0651,-88.6745,64,Mostly Cloudy,1,2,False,False,False,False,True,0.2
2026-09-27T02:41:49Z,IL,IL00057IN026800032,40.5505,-88.0605,59,Partly Cloudy,0,5,False,False,False,False,True,0.2
2026-09-27T02:41:49Z,IL,IL00024IW003700010,37.1593,-88.6798,62,Mostly Cloudy,2,1,False,False,False,False,True,0.2
2026-09-27T02:41:49Z,IL,IL00070IW002700015,38.7884,-89.6889,61,Mostly Cloudy,2,0,False,False,False,False,True,0.2
2026-09-27T02:41:49Z,IL,IL00064IW013000053,38.2322,-87.9882,62,Partly Cloudy,1,2,False,False,False,False,True,0.2
2026-09-27T02:41:49Z,IL,IL00080IE005100040,41.3938,-89.5665,62,Mostly Cloudy,3,5,False,False,False,False,True,0.2
2026-09-27T02:41:49Z,IL,IL00074IE011400005,40.6125,-89.245,61,Mostly Cloudy,3,3,False,False,False,False,True,0.2
2026-09-27T02:41:49Z,IL,IL00072IE015200041,39.9923,-88.7827,64,Mostly Cloudy,1,5,False,False,False,False,True,0.2
2026-09-27T02:41:49Z,IL,IL00057IN007900034,38.0297,-88.9203,64,Mostly Cloudy,2,0,False,False,False,False,True,0.2
2026-09-27T02:41:49Z,IL,IL00064IE008500039,38.273,-88.8496,63,Mostly Cloudy,2,1,False,False,False,False,True,0.2
2026-09-27T02:41:49Z,IL,IL00074IW006200004,40.8802,-90.0895,65,Mostly Cloudy,8,3,False,False,False,False,True,0.2
2026-09-27T02:41:49Z,IL,IL00057IS026800022,40.5613,-88.0615,59,Partly Cloudy,0,5,False,False,False,False,True,0.2
2026-09-27T02:41:49Z,IL,IL00055IN002700029,38.8649,-89.8532,61,Mostly Cloudy,2,1,False,False,False,False,True,0.2
2026-09-27T02:41:49Z,IL,IL00074IW020800052,40.1298,-87.7441,59,Partly Cloudy,0,3,False,False,False,False,True,0.2
2026-09-27T02:41:49Z,IL,IL00055IS019400021,40.8371,-88.6833,59,Partly Cloudy,1,5,False,False,False,False,True,0.2
2026-09-27T02:41:49Z,IL,IL00057IS011400023,38.5965,-88.9677,63,Cloudy,3,0,False,False,False,False,True,0.2
2026-09-27T02:41:49Z,IL,IL00074IE002800030,41.2334,-90.333,63,Mostly Cloudy,7,5,False,False,False,False,True,0.2
2026-09-27T02:41:49Z,IL,IL00080IE011700043,41.4314,-88.3454,57,Partly Cloudy,0,5,False,False,False,False,True,0.2
2026-09-27T02:41:49Z,IL,IL00039IS008500026,41.7285,-89.0105,56,Mostly Cloudy,2,5,False,False,False,False,True,0.2
2026-09-27T02:41:49Z,IL,IL00055IN019400031,40.8234,-88.6875,59,Partly Cloudy,1,5,False,False,False,False,True,0.2
2026-09-27T02:41:49Z,IL,IL00057IN011400033,38.5963,-88.9638,63,Cloudy,3,0,False,False,False,False,True,0.2
2026-09-27T02:41:49Z,IL,IL00074IE015600037,40.2732,-88.6762,62,Mostly Cloudy,1,6,False,False,False,False,True,0.2
2026-09-27T02:41:49Z,IL,IL00055IN006400027,39.3465,-89.6408,61,Cloudy,6,0,False,False,False,False,True,0.2
2026-09-27T02:41:49Z,IL,IL00055IN014900028,40.3599,-89.1099,62,Mostly Cloudy,2,6,False,False,False,False,True,0.2
2026-09-27T02:41:49Z,IL,IL00064IE002500038,38.5481,-89.7731,61,Partly Cloudy,1,1,False,False,False,False,True,0.2
2026-09-27T02:41:49Z,IL,IL00057IN022200048,39.9218,-88.299,60,Partly Cloudy,0,6,False,False,False,False,True,0.2
2026-09-27T02:41:49Z,IL,IL00039IN008500036,41.7236,-89.0062,56,Mostly Cloudy,2,5,False,False,False,False,True,0.2
2026-09-27T02:41:49Z,IL,IL00074IW015600009,40.2711,-88.6701,62,Mostly Cloudy,1,6,False,False,False,False,True,0.2
2026-09-27T02:41:49Z,IL,IL00057IS033300046,41.3918,-87.7749,56,Partly Cloudy,0,5,False,False,False,False,True,0.2
2026-09-27T02:41:49Z,IL,IL00057IS007900047,38.0962,-88.9138,66,Mostly Cloudy,2,1,False,False,False,False,True,0.2
2026-09-27T02:41:49Z,IL,IL00064IW002500011,38.5491,-89.7633,61,Mostly Cloudy,1,1,False,False,False,False,True,0.2
2026-09-27T02:41:49Z,IL,IL00072IW015200014,39.9888,-88.7852,64,Mostly Cloudy,1,5,False,False,False,False,True,0.2
2026-09-27T02:41:49Z,IL,IL00080IW011700016,41.4473,-88.3285,58,Partly Cloudy,0,5,False,False,False,False,True,0.2
2026-09-27T02:41:49Z,IL,IL00055IS006400017,39.3523,-89.6447,61,Cloudy,6,0,False,False,False,False,True,0.2
2026-09-27T02:41:49Z,IL,IL00064IW008500012,38.2766,-88.8012,63,Mostly Cloudy,2,1,False,False,False,False,True,0.2
2026-09-27T02:41:49Z,IL,IL00057IS022200054,39.9314,-88.3043,60,Partly Cloudy,0,6,False,False,False,False,True,0.2
2026-09-27T02:41:49Z,IL,IL00070IW008700045,39.0679,-88.6704,64,Mostly Cloudy,1,2,False,False,False,False,True,0.2
2026-09-27T02:41:49Z,IL,IL00057IS016500018,39.1993,-88.502,61,Mostly Cloudy,1,3,False,False,False,False,True,0.2
2026-09-27T02:41:49Z,IL,IL00074IW011400006,40.6111,-89.2323,61,Mostly Cloudy,3,3,False,False,False,False,True,0.2
2026-09-27T02:41:49Z,IL,IL00074IE006200001,40.8788,-90.0936,65,Mostly Cloudy,8,3,False,False,False,False,True,0.2
2026-09-27T02:41:49Z,IL,IL00070IW014900008,39.4228,-87.6617,56,Partly Cloudy,0,3,False,False,False,False,True,0.2
2026-09-27T02:41:49Z,IL,IL00057IN016500044,39.1898,-88.5031,62,Mostly Cloudy,1,3,False,False,False,False,True,0.2
2026-09-27T02:41:49Z,IL,IL00055IS010400024,39.8871,-89.5966,65,Mostly Cloudy,8,3,False,False,False,False,True,0.2
2026-09-27T02:41:49Z,IL,IL00057IS003200025,37.4699,-89.1329,63,Partly Cloudy,1,0,False,False,False,False,True,0.2
2026-09-27T02:41:49Z,IL,IL00057IN003200035,37.4661,-89.1324,63,Partly Cloudy,1,0,False,False,False,False,True,0.2
2026-09-27T02:41:49Z,IN,322,38.195,-87.8597,62,Partly Cloudy,0,2,False,False,False,False,False,0.0
2026-09-27T02:41:49Z,IN,317,38.5852,-85.7768,59,Mostly Clear,0,1,False,False,False,False,False,0.0
2026-09-27T02:41:49Z,IN,316,38.5859,-85.7809,59,Mostly Clear,0,1,False,False,False,False,False,0.0
2026-09-27T02:41:49Z,IN,315,39.2602,-85.9521,60,Mostly Clear,0,5,False,False,False,False,False,0.0
2026-09-27T02:41:49Z,IN,314,39.2767,-85.9569,61,Mostly Clear,0,5,False,False,False,False,False,0.0
2026-09-27T02:41:49Z,IN,313,40.1578,-86.5387,57,Clear,0,5,False,False,False,False,False,0.0
2026-09-27T02:41:49Z,IN,312,40.1722,-86.5522,57,Mostly Clear,0,5,False,False,False,False,False,0.0
2026-09-27T02:41:49Z,IN,311,40.6992,-87.0628,57,Mostly Clear,0,0,False,False,False,False,False,0.0
2026-09-27T02:41:49Z,IN,310,40.6984,-87.0646,57,Mostly Clear,0,0,False,False,False,False,False,0.0
2026-09-27T02:41:49Z,IN,308,41.1653,-87.271,55,Mostly Clear,0,5,False,False,False,False,False,0.0
2026-09-27T02:41:49Z,IN,309,41.1666,-87.2749,55,Mostly Clear,0,5,False,False,False,False,False,0.0
2026-09-27T02:41:49Z,IN,318,40.3543,-85.5576,57,Clear,0,3,False,False,False,False,False,0.0
2026-09-27T02:41:49Z,IN,319,40.3569,-85.56,57,Clear,0,3,False,False,False,False,False,0.0
2026-09-27T02:41:49Z,IN,320,41.2963,-85.0863,56,Clear,0,0,False,False,False,False,False,0.0
2026-09-27T02:41:49Z,IN,321,41.5803,-85.0597,55,Clear,0,5,False,False,False,False,False,0.0
2026-09-27T02:41:49Z,IN,300,39.4417,-87.5002,60,Mostly Clear,0,3,False,False,False,False,False,0.0
2026-09-27T02:41:49Z,IN,302,39.6517,-86.3967,60,Mostly Clear,0,5,False,False,False,False,False,0.0
2026-09-27T02:41:49Z,IN,301,39.6541,-86.4005,60,Mostly Clear,0,5,False,False,False,False,False,0.0
2026-09-27T02:41:49Z,IN,303,39.8243,-85.7039,57,Mostly Clear,0,5,False,False,False,False,False,0.0
2026-09-27T02:41:49Z,IN,304,39.8266,-85.704,57,Mostly Clear,0,5,False,False,False,False,False,0.0
2026-09-27T02:41:49Z,IN,305,39.8605,-85.0259,55,Mostly Clear,0,3,False,False,False,False,False,0.0
2026-09-27T02:41:49Z,IN,323,39.29,-85.1688,55,Clear,0,2,False,False,False,False,False,0.0
2026-09-27T02:41:49Z,IN,702,41.7472,-85.3285,55,Clear,0,5,False,False,False,False,False,0.0
2026-09-27T02:41:49Z,IN,701,41.5889,-87.2173,58,Partly Cloudy,0,5,False,False,False,False,False,0.0
2026-09-27T02:41:49Z,IN,704,41.7058,-86.6212,54,Partly Cloudy,0,5,False,False,False,False,False,0.0
2026-09-27T02:41:49Z,IN,703,41.7071,-86.6235,54,Partly Cloudy,0,5,False,False,False,False,False,0.0
2026-09-27T02:41:49Z,IN,705,41.733,-86.0057,55,Clear,0,0,False,False,False,False,False,0.0
2026-09-27T02:41:49Z,IN,708,41.7472,-85.3285,55,Clear,0,5,False,False,False,False,False,0.0
2026-09-27T02:41:49Z,IN,707,41.7453,-85.3287,55,Clear,0,5,False,False,False,False,False,0.0
2026-09-27T02:41:49Z,IN,324,41.7353,-86.7933,55,Partly Cloudy,0,0,False,False,False,False,False,0.0
2026-09-27T02:41:49Z,KY,KY00065IS0000020N65WELCOM,36.6434,-86.5687,64,Partly Cloudy,0,5,False,False,False,False,False,0.0
2026-09-27T02:41:49Z,KY,KY00065IS000020NSMARATHON,36.6612,-86.5553,65,Partly Cloudy,0,5,False,False,False,False,False,0.0
2026-09-27T02:41:49Z,KY,KY00065IS0000340NWEIGHS34,36.6868,-86.5379,65,Partly Cloudy,0,5,False,False,False,False,False,0.0
2026-09-27T02:41:49Z,KY,KY00065IS0011400S65SRA114,37.9464,-85.6905,57,Mostly Clear,0,2,False,False,False,False,False,0.0
2026-09-27T02:41:49Z,KY,KY00065IS0005900S65SRA059,37.239,-85.9297,61,Mostly Clear,0,2,False,False,False,False,False,0.0
2026-09-27T02:41:49Z,KY,KY00065IS0005900N65NRA059,37.2384,-85.9271,61,Mostly Clear,0,2,False,False,False,False,False,0.0
2026-09-27T02:41:49Z,KY,KY00075IS0003300NWEIGHS33,37.0422,-84.0968,60,Mostly Clear,0,3,False,False,False,False,False,0.0
2026-09-27T02:41:49Z,KY,KY00075IS0003400SWEIGHS34,37.048,-84.0997,60,Mostly Clear,0,5,False,False,False,False,False,0.0
2026-09-27T02:41:49Z,KY,KY00075IS0017700N75NRA177,38.937,-84.6309,58,Clear,0,5,False,False,False,False,False,0.0
2026-09-27T02:41:49Z,KY,KY00075IS0007500SWALTONWS,38.8653,-84.6476,57,Clear,0,5,False,False,False,False,False,0.0
2026-09-27T02:41:49Z,KY,KY00075IS0017700S75SRA177,38.9388,-84.6339,58,Clear,0,5,False,False,False,False,False,0.0
2026-09-27T02:41:49Z,KY,KY00075IS0016800SCRITENWS,38.8196,-84.6015,57,Clear,0,5,False,False,False,False,False,0.0
2026-09-27T02:41:49Z,KY,KY00075IS0000100N75WELCOM,36.6162,-84.1054,57,Mostly Clear,0,2,False,False,False,False,False,0.0
2026-09-27T02:56:49Z,IL,IL00070IE002700042,38.7849,-89.7023,61,Mostly Cloudy,2,1,False,False,False,False,True,0.2
2026-09-27T02:56:49Z,IL,IL00055IS002700019,38.8723,-89.8511,61,Mostly Cloudy,2,1,False,False,False,False,True,0.2
2026-09-27T02:56:49Z,IL,IL00080IW005100013,41.3937,-89.5591,62,Mostly Cloudy,3,5,False,False,False,False,True,0.2
2026-09-27T02:56:49Z,IL,IL00074IW002800020,41.2141,-90.3308,63,Mostly Cloudy,7,5,False,False,False,False,True,0.2
2026-09-27T02:56:49Z,IL,IL00057IN033300049,41.3892,-87.7729,56,Partly Cloudy,0,5,False,False,False,False,True,0.2
2026-09-27T02:56:49Z,IL,IL00055IN010400050,39.8627,-89.5948,64,Mostly Cloudy,8,3,False,False,False,False,True,0.2
2026-09-27T02:56:49Z,IL,IL00070IE008600051,39.0651,-88.6745,64,Mostly Cloudy,1,2,False,False,False,False,True,0.2
2026-09-27T02:56:49Z,IL,IL00057IN026800032,40.5505,-88.0605,59,Partly Cloudy,0,5,False,False,False,False,True,0.2
2026-09-27T02:56:49Z,IL,IL00024IW003700010,37.1593,-88.6798,62,Mostly Cloudy,2,1,False,False,False,False,True,0.2
2026-09-27T02:56:49Z,IL,IL00070IW002700015,38.7884,-89.6889,61,Mostly Cloudy,2,0,False,False,False,False,True,0.2
2026-09-27T02:56:49Z,IL,IL00064IW013000053,38.2322,-87.9882,62,Partly Cloudy,1,2,False,False,False,False,True,0.2
2026-09-27T02:56:49Z,IL,IL00080IE005100040,41.3938,-89.5665,62,Mostly Cloudy,3,5,False,False,False,False,True,0.2
2026-09-27T02:56:49Z,IL,IL00074IE011400005,40.6125,-89.245,61,Mostly Cloudy,3,3,False,False,False,False,True,0.2
2026-09-27T02:56:49Z,IL,IL00072IE015200041,39.9923,-88.7827,64,Mostly Cloudy,1,5,False,False,False,False,True,0.2
2026-09-27T02:56:49Z,IL,IL00057IN007900034,38.0297,-88.9203,63,Mostly Cloudy,1,2,False,False,False,False,True,0.2
2026-09-27T02:56:49Z,IL,IL00064IE008500039,38.273,-88.8496,63,Mostly Cloudy,2,1,False,False,False,False,True,0.2
2026-09-27T02:56:49Z,IL,IL00074IW006200004,40.8802,-90.0895,65,Mostly Cloudy,8,3,False,False,False,False,True,0.2
2026-09-27T02:56:49Z,IL,IL00057IS026800022,40.5613,-88.0615,59,Partly Cloudy,0,5,False,False,False,False,True,0.2
2026-09-27T02:56:49Z,IL,IL00055IN002700029,38.8649,-89.8532,61,Mostly Cloudy,2,1,False,False,False,False,True,0.2
2026-09-27T02:56:49Z,IL,IL00074IW020800052,40.1298,-87.7441,59,Partly Cloudy,0,3,False,False,False,False,True,0.2
2026-09-27T02:56:49Z,IL,IL00055IS019400021,40.8371,-88.6833,59,Partly Cloudy,1,5,False,False,False,False,True,0.2
2026-09-27T02:56:49Z,IL,IL00057IS011400023,38.5965,-88.9677,63,Cloudy,3,0,False,False,False,False,True,0.2
2026-09-27T02:56:49Z,IL,IL00074IE002800030,41.2334,-90.333,63,Mostly Cloudy,7,5,False,False,False,False,True,0.2
2026-09-27T02:56:49Z,IL,IL00080IE011700043,41.4314,-88.3454,57,Partly Cloudy,0,5,False,False,False,False,True,0.2
2026-09-27T02:56:49Z,IL,IL00039IS008500026,41.7285,-89.0105,56,Mostly Cloudy,2,5,False,False,False,False,True,0.2
2026-09-27T02:56:49Z,IL,IL00055IN019400031,40.8234,-88.6875,59,Partly Cloudy,1,5,False,False,False,False,True,0.2
2026-09-27T02:56:49Z,IL,IL00057IN011400033,38.5963,-88.9638,63,Cloudy,3,0,False,False,False,False,True,0.2
2026-09-27T02:56:49Z,IL,IL00074IE015600037,40.2732,-88.6762,62,Mostly Cloudy,1,6,False,False,False,False,True,0.2
2026-09-27T02:56:49Z,IL,IL00055IN006400027,39.3465,-89.6408,61,Cloudy,6,0,False,False,False,False,True,0.2
2026-09-27T02:56:49Z,IL,IL00055IN014900028,40.3599,-89.1099,62,Mostly Cloudy,2,6,False,False,False,False,True,0.2
2026-09-27T02:56:49Z,IL,IL00064IE002500038,38.5481,-89.7731,61,Partly Cloudy,1,1,False,False,False,False,True,0.2
2026-09-27T02:56:49Z,IL,IL00057IN022200048,39.9218,-88.299,60,Partly Cloudy,0,6,False,False,False,False,True,0.2
2026-09-27T02:56:49Z,IL,IL00039IN008500036,41.7236,-89.0062,56,Mostly Cloudy,2,5,False,False,False,False,True,0.2
2026-09-27T02:56:49Z,IL,IL00074IW015600009,40.2711,-88.6701,64,Mostly Cloudy,1,6,False,False,False,False,True,0.2
2026-09-27T02:56:49Z,IL,IL00057IS033300046,41.3918,-87.7749,56,Partly Cloudy,0,5,False,False,False,False,True,0.2
2026-09-27T02:56:49Z,IL,IL00057IS007900047,38.0962,-88.9138,66,Mostly Cloudy,2,1,False,False,False,False,True,0.2
2026-09-27T02:56:49Z,IL,IL00064IW002500011,38.5491,-89.7633,61,Mostly Cloudy,3,1,False,False,False,False,True,0.2
2026-09-27T02:56:49Z,IL,IL00072IW015200014,39.9888,-88.7852,64,Mostly Cloudy,1,5,False,False,False,False,True,0.2
2026-09-27T02:56:49Z,IL,IL00080IW011700016,41.4473,-88.3285,58,Partly Cloudy,0,5,False,False,False,False,True,0.2
2026-09-27T02:56:49Z,IL,IL00055IS006400017,39.3523,-89.6447,61,Cloudy,6,0,False,False,False,False,True,0.2
2026-09-27T02:56:49Z,IL,IL00064IW008500012,38.2766,-88.8012,63,Mostly Cloudy,2,1,False,False,False,False,True,0.2
2026-09-27T02:56:49Z,IL,IL00057IS022200054,39.9314,-88.3043,60,Partly Cloudy,0,6,False,False,False,False,True,0.2
2026-09-27T02:56:49Z,IL,IL00070IW008700045,39.0679,-88.6704,64,Mostly Cloudy,1,2,False,False,False,False,True,0.2
2026-09-27T02:56:49Z,IL,IL00057IS016500018,39.1993,-88.502,61,Mostly Cloudy,1,3,False,False,False,False,True,0.2
2026-09-27T02:56:49Z,IL,IL00074IW011400006,40.6111,-89.2323,61,Mostly Cloudy,3,3,False,False,False,False,True,0.2
2026-09-27T02:56:49Z,IL,IL00074IE006200001,40.8788,-90.0936,65,Mostly Cloudy,8,3,False,False,False,False,True,0.2
2026-09-27T02:56:49Z,IL,IL00070IW014900008,39.4228,-87.6617,56,Partly Cloudy,0,3,False,False,False,False,True,0.2
2026-09-27T02:56:49Z,IL,IL00057IN016500044,39.1898,-88.5031,62,Mostly Cloudy,1,3,False,False,False,False,True,0.2
2026-09-27T02:56:49Z,IL,IL00055IS010400024,39.8871,-89.5966,65,Mostly Cloudy,8,3,False,False,False,False,True,0.2
2026-09-27T02:56:49Z,IL,IL00057IS003200025,37.4699,-89.1329,63,Partly Cloudy,1,0,False,False,False,False,True,0.2
2026-09-27T02:56:49Z,IL,IL00057IN003200035,37.4661,-89.1324,63,Partly Cloudy,1,0,False,False,False,False,True,0.2
2026-09-27T02:56:49Z,IN,322,38.195,-87.8597,65,Partly Cloudy,0,1,False,False,False,False,False,0.0
2026-09-27T02:56:49Z,IN,317,38.5852,-85.7768,59,Mostly Clear,0,1,False,False,False,False,False,0.0
2026-09-27T02:56:49Z,IN,316,38.5859,-85.7809,59,Mostly Clear,0,1,False,False,False,False,False,0.0
2026-09-27T02:56:49Z,IN,315,39.2602,-85.9521,60,Mostly Clear,0,5,False,False,False,False,False,0.0
2026-09-27T02:56:49Z,IN,314,39.2767,-85.9569,61,Mostly Clear,0,5,False,False,False,False,False,0.0
2026-09-27T02:56:49Z,IN,313,40.1578,-86.5387,57,Clear,0,5,False,False,False,False,False,0.0
2026-09-27T02:56:49Z,IN,312,40.1722,-86.5522,57,Mostly Clear,0,5,False,False,False,False,False,0.0
2026-09-27T02:56:49Z,IN,311,40.6992,-87.0628,57,Mostly Clear,0,0,False,False,False,False,False,0.0
2026-09-27T02:56:49Z,IN,310,40.6984,-87.0646,57,Mostly Clear,0,0,False,False,False,False,False,0.0
2026-09-27T02:56:49Z,IN,308,41.1653,-87.271,55,Mostly Clear,0,5,False,False,False,False,False,0.0
2026-09-27T02:56:49Z,IN,309,41.1666,-87.2749,55,Mostly Clear,0,5,False,False,False,False,False,0.0
2026-09-27T02:56:49Z,IN,318,40.3543,-85.5576,57,Clear,0,3,False,False,False,False,False,0.0
2026-09-27T02:56:49Z,IN,319,40.3569,-85.56,57,Clear,0,3,False,False,False,False,False,0.0
2026-09-27T02:56:49Z,IN,320,41.2963,-85.0863,52,Clear,0,0,False,False,False,False,False,0.0
2026-09-27T02:56:49Z,IN,321,41.5803,-85.0597,55,Clear,0,5,False,False,False,False,False,0.0
2026-09-27T02:56:49Z,IN,300,39.4417,-87.5002,60,Mostly Clear,0,3,False,False,False,False,False,0.0
2026-09-27T02:56:49Z,IN,302,39.6517,-86.3967,60,Mostly Clear,0,5,False,False,False,False,False,0.0
2026-09-27T02:56:49Z,IN,301,39.6541,-86.4005,60,Mostly Clear,0,5,False,False,False,False,False,0.0
2026-09-27T02:56:49Z,IN,303,39.8243,-85.7039,57,Mostly Clear,0,5,False,False,False,False,False,0.0
2026-09-27T02:56:49Z,IN,304,39.8266,-85.704,57,Mostly Clear,0,5,False,False,False,False,False,0.0
2026-09-27T02:56:49Z,IN,305,39.8605,-85.0259,55,Mostly Clear,0,3,False,False,False,False,False,0.0
2026-09-27T02:56:49Z,IN,323,39.29,-85.1688,55,Clear,0,2,False,False,False,False,False,0.0
2026-09-27T02:56:49Z,IN,702,41.7472,-85.3285,55,Clear,0,5,False,False,False,False,False,0.0
2026-09-27T02:56:49Z,IN,701,41.5889,-87.2173,57,Partly Cloudy,0,5,False,False,False,False,False,0.0
2026-09-27T02:56:49Z,IN,704,41.7058,-86.6212,54,Partly Cloudy,0,5,False,False,False,False,False,0.0
2026-09-27T02:56:49Z,IN,703,41.7071,-86.6235,54,Partly Cloudy,0,5,False,False,False,False,False,0.0
2026-09-27T02:56:49Z,IN,705,41.733,-86.0057,55,Clear,0,0,False,False,False,False,False,0.0
2026-09-27T02:56:49Z,IN,708,41.7472,-85.3285,55,Clear,0,5,False,False,False,False,False,0.0
2026-09-27T02:56:49Z,IN,707,41.7453,-85.3287,55,Clear,0,5,False,False,False,False,False,0.0
2026-09-27T02:56:49Z,IN,324,41.7353,-86.7933,50,Partly Cloudy,0,0,False,False,False,False,False,0.0
2026-09-27T02:56:49Z,KY,KY00065IS0000020N65WELCOM,36.6434,-86.5687,64,Partly Cloudy,0,5,False,False,False,False,False,0.0
2026-09-27T02:56:49Z,KY,KY00065IS000020NSMARATHON,36.6612,-86.5553,65,Partly Cloudy,0,5,False,False,False,False,False,0.0
2026-09-27T02:56:49Z,KY,KY00065IS0000340NWEIGHS34,36.6868,-86.5379,65,Partly Cloudy,0,5,False,False,False,False,False,0.0
2026-09-27T02:56:49Z,KY,KY00065IS0011400S65SRA114,37.9464,-85.6905,57,Mostly Clear,0,2,False,False,False,False,False,0.0
2026-09-27T02:56:49Z,KY,KY00065IS0005900S65SRA059,37.239,-85.9297,61,Mostly Clear,0,2,False,False,False,False,False,0.0
2026-09-27T02:56:49Z,KY,KY00065IS0005900N65NRA059,37.2384,-85.9271,61,Mostly Clear,0,2,False,False,False,False,False,0.0
2026-09-27T02:56:49Z,KY,KY00075IS0003300NWEIGHS33,37.0422,-84.0968,60,Mostly Clear,0,3,False,False,False,False,False,0.0
2026-09-27T02:56:49Z,KY,KY00075IS0003400SWEIGHS34,37.048,-84.0997,60,Mostly Clear,0,5,False,False,False,False,False,0.0
2026-09-27T02:56:49Z,KY,KY00075IS0017700N75NRA177,38.937,-84.6309,58,Clear,0,5,False,False,False,False,False,0.0
2026-09-27T02:56:49Z,KY,KY00075IS0007500SWALTONWS,38.8653,-84.6476,57,Clear,0,5,False,False,False,False,False,0.0
2026-09-27T02:56:49Z,KY,KY00075IS0017700S75SRA177,38.9388,-84.6339,58,Clear,0,5,False,False,False,False,False,0.0
2026-09-27T02:56:49Z,KY,KY00075IS0016800SCRITENWS,38.8196,-84.6015,57,Clear,0,5,False,False,False,False,False,0.0
2026-09-27T02:56:49Z,KY,KY00075IS0000100N75WELCOM,36.6162,-84.1054,57,Mostly Clear,0,2,False,False,False,False,False,0.0
2026-09-27T03:11:50Z,IL,IL00070IE002700042,38.7849,-89.7023,61,Mostly Cloudy,2,1,False,False,False,False,True,0.2
2026-09-27T03:11:50Z,IL,IL00055IS002700019,38.8723,-89.8511,61,Mostly Cloudy,2,1,False,False,False,False,True,0.2
2026-09-27T03:11:50Z,IL,IL00080IW005100013,41.3937,-89.5591,62,Mostly Cloudy,3,5,False,False,False,False,True,0.2
2026-09-27T03:11:50Z,IL,IL00074IW002800020,41.2141,-90.3308,63,Mostly Cloudy,7,5,False,False,False,False,True,0.2
2026-09-27T03:11:50Z,IL,IL00057IN033300049,41.3892,-87.7729,56,Partly Cloudy,0,5,False,False,False,False,True,0.2
2026-09-27T03:11:50Z,IL,IL00055IN010400050,39.8627,-89.5948,64,Mostly Cloudy,8,3,False,False,False,False,True,0.2
2026-09-27T03:11:50Z,IL,IL00070IE008600051,39.0651,-88.6745,64,Mostly Cloudy,1,2,False,False,False,False,True,0.2
2026-09-27T03:11:50Z,IL,IL00057IN026800032,40.5505,-88.0605,59,Partly Cloudy,0,5,False,False,False,False,True,0.2
2026-09-27T03:11:50Z,IL,IL00024IW003700010,37.1593,-88.6798,62,Mostly Cloudy,2,1,False,False,False,False,True,0.2
2026-09-27T03:11:50Z,IL,IL00070IW002700015,38.7884,-89.6889,61,Mostly Cloudy,2,0,False,False,False,False,True,0.2
2026-09-27T03:11:50Z,IL,IL00064IW013000053,38.2322,-87.9882,62,Partly Cloudy,1,2,False,False,False,False,True,0.2
2026-09-27T03:11:50Z,IL,IL00080IE005100040,41.3938,-89.5665,62,Mostly Cloudy,3,5,False,False,False,False,True,0.2
2026-09-27T03:11:50Z,IL,IL00074IE011400005,40.6125,-89.245,61,Mostly Cloudy,3,3,False,False,False,False,True,0.2
2026-09-27T03:11:50Z,IL,IL00072IE015200041,39.9923,-88.7827,64,Mostly Cloudy,1,5,False,False,False,False,True,0.2
2026-09-27T03:11:50Z,IL,IL00057IN007900034,38.0297,-88.9203,63,Mostly Cloudy,1,2,False,False,False,False,True,0.2
2026-09-27T03:11:50Z,IL,IL00064IE008500039,38.273,-88.8496,63,Mostly Cloudy,2,1,False,False,False,False,True,0.2
2026-09-27T03:11:50Z,IL,IL00074IW006200004,40.8802,-90.0895,65,Mostly Cloudy,8,3,False,False,False,False,True,0.2
2026-09-27T03:11:50Z,IL,IL00057IS026800022,40.5613,-88.0615,59,Partly Cloudy,0,5,False,False,False,False,True,0.2
2026-09-27T03:11:50Z,IL,IL00055IN002700029,38.8649,-89.8532,61,Mostly Cloudy,2,1,False,False,False,False,True,0.2
2026-09-27T03:11:50Z,IL,IL00074IW020800052,40.1298,-87.7441,59,Partly Cloudy,0,3,False,False,False,False,True,0.2
2026-09-27T03:11:50Z,IL,IL00055IS019400021,40.8371,-88.6833,59,Partly Cloudy,1,5,False,False,False,False,True,0.2
2026-09-27T03:11:50Z,IL,IL00057IS011400023,38.5965,-88.9677,63,Cloudy,3,0,False,False,False,False,True,0.2
2026-09-27T03:11:50Z,IL,IL00074IE002800030,41.2334,-90.333,63,Mostly Cloudy,7,5,False,False,False,False,True,0.2
2026-09-27T03:11:50Z,IL,IL00080IE011700043,41.4314,-88.3454,57,Partly Cloudy,0,5,False,False,False,False,True,0.2
2026-09-27T03:11:50Z,IL,IL00039IS008500026,41.7285,-89.0105,56,Mostly Cloudy,2,5,False,False,False,False,True,0.2
2026-09-27T03:11:50Z,IL,IL00055IN019400031,40.8234,-88.6875,59,Partly Cloudy,1,5,False,False,False,False,True,0.2
2026-09-27T03:11:50Z,IL,IL00057IN011400033,38.5963,-88.9638,63,Cloudy,3,0,False,False,False,False,True,0.2
2026-09-27T03:11:50Z,IL,IL00074IE015600037,40.2732,-88.6762,62,Mostly Cloudy,1,6,False,False,False,False,True,0.2
2026-09-27T03:11:50Z,IL,IL00055IN006400027,39.3465,-89.6408,61,Cloudy,6,0,False,False,False,False,True,0.2
2026-09-27T03:11:50Z,IL,IL00055IN014900028,40.3599,-89.1099,62,Mostly Cloudy,2,6,False,False,False,False,True,0.2
2026-09-27T03:11:50Z,IL,IL00064IE002500038,38.5481,-89.7731,61,Partly Cloudy,1,1,False,False,False,False,True,0.2
2026-09-27T03:11:50Z,IL,IL00057IN022200048,39.9218,-88.299,60,Partly Cloudy,0,6,False,False,False,False,True,0.2
2026-09-27T03:11:50Z,IL,IL00039IN008500036,41.7236,-89.0062,56,Mostly Cloudy,2,5,False,False,False,False,True,0.2
2026-09-27T03:11:50Z,IL,IL00074IW015600009,40.2711,-88.6701,62,Mostly Cloudy,1,6,False,False,False,False,True,0.2
2026-09-27T03:11:50Z,IL,IL00057IS033300046,41.3918,-87.7749,56,Partly Cloudy,0,5,False,False,False,False,True,0.2
2026-09-27T03:11:50Z,IL,IL00057IS007900047,38.0962,-88.9138,66,Mostly Cloudy,2,1,False,False,False,False,True,0.2
2026-09-27T03:11:50Z,IL,IL00064IW002500011,38.5491,-89.7633,61,Mostly Cloudy,1,1,False,False,False,False,True,0.2
2026-09-27T03:11:50Z,IL,IL00072IW015200014,39.9888,-88.7852,64,Mostly Cloudy,1,5,False,False,False,False,True,0.2
2026-09-27T03:11:50Z,IL,IL00080IW011700016,41.4473,-88.3285,58,Partly Cloudy,0,5,False,False,False,False,True,0.2
2026-09-27T03:11:50Z,IL,IL00055IS006400017,39.3523,-89.6447,61,Cloudy,6,0,False,False,False,False,True,0.2
2026-09-27T03:11:50Z,IL,IL00064IW008500012,38.2766,-88.8012,63,Mostly Cloudy,2,1,False,False,False,False,True,0.2
2026-09-27T03:11:50Z,IL,IL00057IS022200054,39.9314,-88.3043,60,Partly Cloudy,0,6,False,False,False,False,True,0.2
2026-09-27T03:11:50Z,IL,IL00070IW008700045,39.0679,-88.6704,64,Mostly Cloudy,1,2,False,False,False,False,True,0.2
2026-09-27T03:11:50Z,IL,IL00057IS016500018,39.1993,-88.502,61,Mostly Cloudy,1,3,False,False,False,False,True,0.2
2026-09-27T03:11:50Z,IL,IL00074IW011400006,40.6111,-89.2323,61,Mostly Cloudy,3,3,False,False,False,False,True,0.2
2026-09-27T03:11:50Z,IL,IL00074IE006200001,40.8788,-90.0936,65,Mostly Cloudy,8,3,False,False,False,False,True,0.2
2026-09-27T03:11:50Z,IL,IL00070IW014900008,39.4228,-87.6617,56,Partly Cloudy,0,3,False,False,False,False,True,0.2
2026-09-27T03:11:50Z,IL,IL00057IN016500044,39.1898,-88.5031,62,Mostly Cloudy,1,3,False,False,False,False,True,0.2
2026-09-27T03:11:50Z,IL,IL00055IS010400024,39.8871,-89.5966,65,Mostly Cloudy,8,3,False,False,False,False,True,0.2
2026-09-27T03:11:50Z,IL,IL00057IS003200025,37.4699,-89.1329,63,Partly Cloudy,1,0,False,False,False,False,True,0.2
2026-09-27T03:11:50Z,IL,IL00057IN003200035,37.4661,-89.1324,63,Partly Cloudy,1,0,False,False,False,False,True,0.2
2026-09-27T03:11:50Z,IN,322,38.195,-87.8597,62,Partly Cloudy,0,2,False,False,False,False,False,0.0
2026-09-27T03:11:50Z,IN,317,38.5852,-85.7768,59,Mostly Clear,0,1,False,False,False,False,False,0.0
2026-09-27T03:11:50Z,IN,316,38.5859,-85.7809,59,Mostly Clear,0,1,False,False,False,False,False,0.0
2026-09-27T03:11:50Z,IN,315,39.2602,-85.9521,60,Mostly Clear,0,5,False,False,False,False,False,0.0
2026-09-27T03:11:50Z,IN,314,39.2767,-85.9569,61,Mostly Clear,0,5,False,False,False,False,False,0.0
2026-09-27T03:11:50Z,IN,313,40.1578,-86.5387,57,Clear,0,5,False,False,False,False,False,0.0
2026-09-27T03:11:50Z,IN,312,40.1722,-86.5522,57,Mostly Clear,0,5,False,False,False,False,False,0.0
2026-09-27T03:11:50Z,IN,311,40.6992,-87.0628,57,Mostly Clear,0,0,False,False,False,False,False,0.0
2026-09-27T03:11:50Z,IN,310,40.6984,-87.0646,57,Mostly Clear,0,0,False,False,False,False,False,0.0
2026-09-27T03:11:50Z,IN,308,41.1653,-87.271,55,Mostly Clear,0,5,False,False,False,False,False,0.0
2026-09-27T03:11:50Z,IN,309,41.1666,-87.2749,55,Mostly Clear,0,5,False,False,False,False,False,0.0
2026-09-27T03:11:50Z,IN,318,40.3543,-85.5576,57,Clear,0,3,False,False,False,False,False,0.0
2026-09-27T03:11:50Z,IN,319,40.3569,-85.56,54,Clear,0,3,False,False,False,False,False,0.0
2026-09-27T03:11:50Z,IN,320,41.2963,-85.0863,52,Clear,0,0,False,False,False,False,False,0.0
2026-09-27T03:11:50Z,IN,321,41.5803,-85.0597,55,Clear,0,5,False,False,False,False,False,0.0
2026-09-27T03:11:50Z,IN,300,39.4417,-87.5002,60,Mostly Clear,0,3,False,False,False,False,False,0.0
2026-09-27T03:11:50Z,IN,302,39.6517,-86.3967,60,Mostly Clear,0,5,False,False,False,False,False,0.0
2026-09-27T03:11:50Z,IN,301,39.6541,-86.4005,60,Mostly Clear,0,5,False,False,False,False,False,0.0
2026-09-27T03:11:50Z,IN,303,39.8243,-85.7039,57,Mostly Clear,0,5,False,False,False,False,False,0.0
2026-09-27T03:11:50Z,IN,304,39.8266,-85.704,57,Mostly Clear,0,5,False,False,False,False,False,0.0
2026-09-27T03:11:50Z,IN,305,39.8605,-85.0259,55,Mostly Clear,0,3,False,False,False,False,False,0.0
2026-09-27T03:11:50Z,IN,323,39.29,-85.1688,55,Clear,0,2,False,False,False,False,False,0.0
2026-09-27T03:11:50Z,IN,702,41.7472,-85.3285,55,Clear,0,5,False,False,False,False,False,0.0
2026-09-27T03:11:50Z,IN,701,41.5889,-87.2173,58,Partly Cloudy,0,5,False,False,False,False,False,0.0
2026-09-27T03:11:50Z,IN,704,41.7058,-86.6212,54,Partly Cloudy,0,5,False,False,False,False,False,0.0
2026-09-27T03:11:50Z,IN,703,41.7071,-86.6235,54,Partly Cloudy,0,5,False,False,False,False,False,0.0
2026-09-27T03:11:50Z,IN,705,41.733,-86.0057,55,Clear,0,0,False,False,False,False,False,0.0
2026-09-27T03:11:50Z,IN,708,41.7472,-85.3285,55,Clear,0,5,False,False,False,False,False,0.0
2026-09-27T03:11:50Z,IN,707,41.7453,-85.3287,55,Clear,0,5,False,False,False,False,False,0.0
2026-09-27T03:11:50Z,IN,324,41.7353,-86.7933,55,Partly Cloudy,0,0,False,False,False,False,False,0.0
2026-09-27T03:11:50Z,KY,KY00065IS0000020N65WELCOM,36.6434,-86.5687,64,Partly Cloudy,0,5,False,False,False,False,False,0.0
2026-09-27T03:11:50Z,KY,KY00065IS000020NSMARATHON,36.6612,-86.5553,65,Partly Cloudy,0,5,False,False,False,False,False,0.0
2026-09-27T03:11:50Z,KY,KY00065IS0000340NWEIGHS34,36.6868,-86.5379,65,Partly Cloudy,0,5,False,False,False,False,False,0.0
2026-09-27T03:11:50Z,KY,KY00065IS0011400S65SRA114,37.9464,-85.6905,57,Mostly Clear,0,2,False,False,False,False,False,0.0
2026-09-27T03:11:50Z,KY,KY00065IS0005900S65SRA059,37.239,-85.9297,61,Mostly Clear,0,2,False,False,False,False,False,0.0
2026-09-27T03:11:50Z,KY,KY00065IS0005900N65NRA059,37.2384,-85.9271,61,Mostly Clear,0,2,False,False,False,False,False,0.0
2026-09-27T03:11:50Z,KY,KY00075IS0003300NWEIGHS33,37.0422,-84.0968,60,Mostly Clear,0,3,False,False,False,False,False,0.0
2026-09-27T03:11:50Z,KY,KY00075IS0003400SWEIGHS34,37.048,-84.0997,60,Mostly Clear,0,5,False,False,False,False,False,0.0
2026-09-27T03:11:50Z,KY,KY00075IS0017700N75NRA177,38.937,-84.6309,58,Clear,0,5,False,False,False,False,False,0.0
2026-09-27T03:11:50Z,KY,KY00075IS0007500SWALTONWS,38.8653,-84.6476,57,Clear,0,5,False,False,False,False,False,0.0
2026-09-27T03:11:50Z,KY,KY00075IS0017700S75SRA177,38.9388,-84.6339,58,Clear,0,5,False,False,False,False,False,0.0
2026-09-27T03:11:50Z,KY,KY00075IS0016800SCRITENWS,38.8196,-84.6015,57,Clear,0,5,False,False,False,False,False,0.0
2026-09-27T03:11:50Z,KY,KY00075IS0000100N75WELCOM,36.6162,-84.1054,57,Mostly Clear,0,2,False,False,False,False,False,0.0
2026-09-27T03:26:49Z,IL,IL00070IE002700042,38.7849,-89.7023,59,Partly Cloudy,4,1,False,False,False,False,True,0.2
2026-09-27T03:26:49Z,IL,IL00055IS002700019,38.8723,-89.8511,61,Mostly Cloudy,2,1,False,False,False,False,True,0.2
2026-09-27T03:26:49Z,IL,IL00080IW005100013,41.3937,-89.5591,62,Mostly Cloudy,3,5,False,False,False,False,True,0.2
2026-09-27T03:26:49Z,IL,IL00074IW002800020,41.2141,-90.3308,63,Mostly Cloudy,7,5,False,False,False,False,True,0.2
2026-09-27T03:26:49Z,IL,IL00057IN033300049,41.3892,-87.7729,54,Partly Cloudy,0,5,False,False,False,False,True,0.2
2026-09-27T03:26:49Z,IL,IL00055IN010400050,39.8627,-89.5948,64,Mostly Cloudy,8,3,False,False,False,False,True,0.2
2026-09-27T03:26:49Z,IL,IL00070IE008600051,39.0651,-88.6745,64,Mostly Cloudy,1,2,False,False,False,False,True,0.2
2026-09-27T03:26:49Z,IL,IL00057IN026800032,40.5505,-88.0605,59,Partly Cloudy,0,5,False,False,False,False,True,0.2
2026-09-27T03:26:49Z,IL,IL00024IW003700010,37.1593,-88.6798,62,Mostly Cloudy,2,1,False,False,False,False,True,0.2
2026-09-27T03:26:49Z,IL,IL00070IW002700015,38.7884,-89.6889,59,Partly Cloudy,4,0,False,False,False,False,True,0.2
2026-09-27T03:26:49Z,IL,IL00064IW013000053,38.2322,-87.9882,62,Partly Cloudy,1,2,False,False,False,False,True,0.2
2026-09-27T03:26:49Z,IL,IL00080IE005100040,41.3938,-89.5665,62,Mostly Cloudy,3,5,False,False,False,False,True,0.2
2026-09-27T03:26:49Z,IL,IL00074IE011400005,40.6125,-89.245,61,Mostly Cloudy,3,3,False,False,False,False,True,0.2
2026-09-27T03:26:49Z,IL,IL00072IE015200041,39.9923,-88.7827,64,Mostly Cloudy,1,5,False,False,False,False,True,0.2
2026-09-27T03:26:49Z,IL,IL00057IN007900034,38.0297,-88.9203,63,Mostly Cloudy,1,2,False,False,False,False,True,0.2
2026-09-27T03:26:49Z,IL,IL00064IE008500039,38.273,-88.8496,63,Mostly Cloudy,2,1,False,False,False,False,True,0.2
2026-09-27T03:26:49Z,IL,IL00074IW006200004,40.8802,-90.0895,61,Mostly Cloudy,8,3,False,False,False,False,True,0.2
2026-09-27T03:26:49Z,IL,IL00057IS026800022,40.5613,-88.0615,59,Partly Cloudy,0,5,False,False,False,False,True,0.2
2026-09-27T03:26:49Z,IL,IL00055IN002700029,38.8649,-89.8532,61,Mostly Cloudy,2,1,False,False,False,False,True,0.2
2026-09-27T03:26:49Z,IL,IL00074IW020800052,40.1298,-87.7441,59,Partly Cloudy,0,3,False,False,False,False,True,0.2
2026-09-27T03:26:49Z,IL,IL00055IS019400021,40.8371,-88.6833,59,Partly Cloudy,1,5,False,False,False,False,True,0.2
2026-09-27T03:26:49Z,IL,IL00057IS011400023,38.5965,-88.9677,63,Cloudy,3,0,False,False,False,False,True,0.2
2026-09-27T03:26:49Z,IL,IL00074IE002800030,41.2334,-90.333,63,Mostly Cloudy,7,5,False,False,False,False,True,0.2
2026-09-27T03:26:49Z,IL,IL00080IE011700043,41.4314,-88.3454,57,Partly Cloudy,0,5,False,False,False,False,True,0.2
2026-09-27T03:26:49Z,IL,IL00039IS008500026,41.7285,-89.0105,56,Mostly Cloudy,2,5,False,False,False,False,True,0.2
2026-09-27T03:26:49Z,IL,IL00055IN019400031,40.8234,-88.6875,59,Partly Cloudy,1,5,False,False,False,False,True,0.2
2026-09-27T03:26:49Z,IL,IL00057IN011400033,38.5963,-88.9638,63,Cloudy,3,0,False,False,False,False,True,0.2
2026-09-27T03:26:49Z,IL,IL00074IE015600037,40.2732,-88.6762,62,Mostly Cloudy,1,6,False,False,False,False,True,0.2
2026-09-27T03:26:49Z,IL,IL00055IN006400027,39.3465,-89.6408,61,Cloudy,6,0,False,False,False,False,True,0.2
2026-09-27T03:26:49Z,IL,IL00055IN014900028,40.3599,-89.1099,61,Mostly Cloudy,2,6,False,False,False,False,True,0.2
2026-09-27T03:26:49Z,IL,IL00064IE002500038,38.5481,-89.7731,61,Partly Cloudy,1,1,False,False,False,False,True,0.2
2026-09-27T03:26:49Z,IL,IL00057IN022200048,39.9218,-88.299,60,Partly Cloudy,0,6,False,False,False,False,True,0.2
2026-09-27T03:26:49Z,IL,IL00039IN008500036,41.7236,-89.0062,56,Mostly Cloudy,2,5,False,False,False,False,True,0.2
2026-09-27T03:26:49Z,IL,IL00074IW015600009,40.2711,-88.6701,62,Mostly Cloudy,1,6,False,False,False,False,True,0.2
2026-09-27T03:26:49Z,IL,IL00057IS033300046,41.3918,-87.7749,56,Partly Cloudy,0,5,False,False,False,False,True,0.2
2026-09-27T03:26:49Z,IL,IL00057IS007900047,38.0962,-88.9138,66,Mostly Cloudy,2,1,False,False,False,False,True,0.2
2026-09-27T03:26:49Z,IL,IL00064IW002500011,38.5491,-89.7633,61,Mostly Cloudy,1,1,False,False,False,False,True,0.2
2026-09-27T03:26:49Z,IL,IL00072IW015200014,39.9888,-88.7852,64,Mostly Cloudy,1,5,False,False,False,False,True,0.2
2026-09-27T03:26:49Z,IL,IL00080IW011700016,41.4473,-88.3285,55,Partly Cloudy,0,5,False,False,False,False,True,0.2
2026-09-27T03:26:49Z,IL,IL00055IS006400017,39.3523,-89.6447,58,Mostly Cloudy,7,1,False,False,False,False,True,0.2
2026-09-27T03:26:49Z,IL,IL00064IW008500012,38.2766,-88.8012,63,Mostly Cloudy,2,1,False,False,False,False,True,0.2
2026-09-27T03:26:49Z,IL,IL00057IS022200054,39.9314,-88.3043,60,Partly Cloudy,0,6,False,False,False,False,True,0.2
2026-09-27T03:26:49Z,IL,IL00070IW008700045,39.0679,-88.6704,64,Mostly Cloudy,1,2,False,False,False,False,True,0.2
2026-09-27T03:26:49Z,IL,IL00057IS016500018,39.1993,-88.502,61,Mostly Cloudy,1,3,False,False,False,False,True,0.2
2026-09-27T03:26:49Z,IL,IL00074IW011400006,40.6111,-89.2323,61,Mostly Cloudy,3,3,False,False,False,False,True,0.2
2026-09-27T03:26:49Z,IL,IL00074IE006200001,40.8788,-90.0936,61,Mostly Cloudy,8,3,False,False,False,False,True,0.2
2026-09-27T03:26:49Z,IL,IL00070IW014900008,39.4228,-87.6617,56,Partly Cloudy,0,3,False,False,False,False,True,0.2
2026-09-27T03:26:49Z,IL,IL00057IN016500044,39.1898,-88.5031,61,Mostly Cloudy,2,3,False,False,False,False,True,0.2
2026-09-27T03:26:49Z,IL,IL00055IS010400024,39.8871,-89.5966,65,Mostly Cloudy,8,3,False,False,False,False,True,0.2
2026-09-27T03:26:49Z,IL,IL00057IS003200025,37.4699,-89.1329,63,Partly Cloudy,1,0,False,False,False,False,True,0.2
2026-09-27T03:26:49Z,IL,IL00057IN003200035,37.4661,-89.1324,63,Partly Cloudy,1,0,False,False,False,False,True,0.2
2026-09-27T03:26:49Z,IN,322,38.195,-87.8597,62,Partly Cloudy,0,2,False,False,False,False,False,0.0
2026-09-27T03:26:49Z,IN,317,38.5852,-85.7768,59,Mostly Clear,0,1,False,False,False,False,False,0.0
2026-09-27T03:26:49Z,IN,316,38.5859,-85.7809,59,Mostly Clear,0,1,False,False,False,False,False,0.0
2026-09-27T03:26:49Z,IN,315,39.2602,-85.9521,60,Mostly Clear,0,5,False,False,False,False,False,0.0
2026-09-27T03:26:49Z,IN,314,39.2767,-85.9569,61,Mostly Clear,0,5,False,False,False,False,False,0.0
2026-09-27T03:26:49Z,IN,313,40.1578,-86.5387,57,Clear,0,5,False,False,False,False,False,0.0
2026-09-27T03:26:49Z,IN,312,40.1722,-86.5522,56,Mostly Clear,0,5,False,False,False,False,False,0.0
2026-09-27T03:26:49Z,IN,311,40.6992,-87.0628,54,Partly Cloudy,0,0,False,False,False,False,False,0.0
2026-09-27T03:26:49Z,IN,310,40.6984,-87.0646,54,Partly Cloudy,0,0,False,False,False,False,False,0.0
2026-09-27T03:26:49Z,IN,308,41.1653,-87.271,55,Mostly Clear,0,5,False,False,False,False,False,0.0
2026-09-27T03:26:49Z,IN,309,41.1666,-87.2749,55,Mostly Clear,0,5,False,False,False,False,False,0.0
2026-09-27T03:26:49Z,IN,318,40.3543,-85.5576,54,Clear,0,3,False,False,False,False,False,0.0
2026-09-27T03:26:49Z,IN,319,40.3569,-85.56,54,Clear,0,3,False,False,False,False,False,0.0
2026-09-27T03:26:49Z,IN,320,41.2963,-85.0863,52,Clear,0,0,False,False,False,False,False,0.0
2026-09-27T03:26:49Z,IN,321,41.5803,-85.0597,55,Clear,0,5,False,False,False,False,False,0.0
2026-09-27T03:26:49Z,IN,300,39.4417,-87.5002,60,Mostly Clear,0,3,False,False,False,False,False,0.0
2026-09-27T03:26:49Z,IN,302,39.6517,-86.3967,58,Mostly Clear,0,5,False,False,False,False,False,0.0
2026-09-27T03:26:49Z,IN,301,39.6541,-86.4005,58,Mostly Clear,0,5,False,False,False,False,False,0.0
2026-09-27T03:26:49Z,IN,303,39.8243,-85.7039,57,Mostly Clear,0,5,False,False,False,False,False,0.0
2026-09-27T03:26:49Z,IN,304,39.8266,-85.704,57,Mostly Clear,0,5,False,False,False,False,False,0.0
2026-09-27T03:26:49Z,IN,305,39.8605,-85.0259,53,Mostly Clear,0,3,False,False,False,False,False,0.0
2026-09-27T03:26:49Z,IN,323,39.29,-85.1688,54,Mostly Clear,0,2,False,False,False,False,False,0.0
2026-09-27T03:26:49Z,IN,702,41.7472,-85.3285,55,Clear,0,5,False,False,False,False,False,0.0
2026-09-27T03:26:49Z,IN,701,41.5889,-87.2173,58,Partly Cloudy,0,5,False,False,False,False,False,0.0
2026-09-27T03:26:49Z,IN,704,41.7058,-86.6212,54,Partly Cloudy,0,5,False,False,False,False,False,0.0
2026-09-27T03:26:49Z,IN,703,41.7071,-86.6235,54,Partly Cloudy,0,5,False,False,False,False,False,0.0
2026-09-27T03:26:49Z,IN,705,41.733,-86.0057,55,Clear,0,0,False,False,False,False,False,0.0
2026-09-27T03:26:49Z,IN,708,41.7472,-85.3285,55,Clear,0,5,False,False,False,False,False,0.0
2026-09-27T03:26:49Z,IN,707,41.7453,-85.3287,55,Clear,0,5,False,False,False,False,False,0.0
2026-09-27T03:26:49Z,IN,324,41.7353,-86.7933,55,Partly Cloudy,0,0,False,False,False,False,False,0.0
2026-09-27T03:26:49Z,KY,KY00065IS0000020N65WELCOM,36.6434,-86.5687,61,Partly Cloudy,0,5,False,False,False,False,False,0.0
2026-09-27T03:26:49Z,KY,KY00065IS000020NSMARATHON,36.6612,-86.5553,62,Partly Cloudy,0,3,False,False,False,False,False,0.0
2026-09-27T03:26:49Z,KY,KY00065IS0000340NWEIGHS34,36.6868,-86.5379,65,Partly Cloudy,0,5,False,False,False,False,False,0.0
2026-09-27T03:26:49Z,KY,KY00065IS0011400S65SRA114,37.9464,-85.6905,57,Mostly Clear,0,2,False,False,False,False,False,0.0
2026-09-27T03:26:49Z,KY,KY00065IS0005900S65SRA059,37.239,-85.9297,61,Mostly Clear,0,2,False,False,False,False,False,0.0
2026-09-27T03:26:49Z,KY,KY00065IS0005900N65NRA059,37.2384,-85.9271,61,Mostly Clear,0,2,False,False,False,False,False,0.0
2026-09-27T03:26:49Z,KY,KY00075IS0003300NWEIGHS33,37.0422,-84.0968,60,Mostly Clear,0,3,False,False,False,False,False,0.0
2026-09-27T03:26:49Z,KY,KY00075IS0003400SWEIGHS34,37.048,-84.0997,58,Mostly Clear,0,3,False,False,False,False,False,0.0
2026-09-27T03:26:49Z,KY,KY00075IS0017700N75NRA177,38.937,-84.6309,58,Clear,0,5,False,False,False,False,False,0.0
2026-09-27T03:26:49Z,KY,KY00075IS0007500SWALTONWS,38.8653,-84.6476,57,Clear,0,5,False,False,False,False,False,0.0
2026-09-27T03:26:49Z,KY,KY00075IS0017700S75SRA177,38.9388,-84.6339,58,Clear,0,5,False,False,False,False,False,0.0
2026-09-27T03:26:49Z,KY,KY00075IS0016800SCRITENWS,38.8196,-84.6015,57,Clear,0,5,False,False,False,False,False,0.0
2026-09-27T03:26:49Z,KY,KY00075IS0000100N75WELCOM,36.6162,-84.1054,57,Mostly Clear,0,2,False,False,False,False,False,0.0
2026-09-27T03:41:49Z,IL,IL00070IE002700042,38.7849,-89.7023,59,Partly Cloudy,4,1,False,False,False,False,True,0.2
2026-09-27T03:41:49Z,IL,IL00055IS002700019,38.8723,-89.8511,59,Partly Cloudy,5,1,False,False,False,False,True,0.2
2026-09-27T03:41:49Z,IL,IL00080IW005100013,41.3937,-89.5591,59,Mostly Cloudy,5,5,False,False,False,False,True,0.2
2026-09-27T03:41:49Z,IL,IL00074IW002800020,41.2141,-90.3308,62,Mostly Cloudy,6,5,False,False,False,False,True,0.2
2026-09-27T03:41:49Z,IL,IL00057IN033300049,41.3892,-87.7729,54,Partly Cloudy,0,5,False,False,False,False,True,0.2
2026-09-27T03:41:49Z,IL,IL00055IN010400050,39.8627,-89.5948,64,Mostly Cloudy,8,3,False,False,False,False,True,0.2
2026-09-27T03:41:49Z,IL,IL00070IE008600051,39.0651,-88.6745,63,Mostly Cloudy,2,2,False,False,False,False,True,0.2
2026-09-27T03:41:49Z,IL,IL00057IN026800032,40.5505,-88.0605,57,Partly Cloudy,0,5,False,False,False,False,True,0.2
2026-09-27T03:41:49Z,IL,IL00024IW003700010,37.1593,-88.6798,64,Partly Cloudy,1,2,False,False,False,False,True,0.2
2026-09-27T03:41:49Z,IL,IL00070IW002700015,38.7884,-89.6889,59,Partly Cloudy,4,0,False,False,False,False,True,0.2
2026-09-27T03:41:49Z,IL,IL00064IW013000053,38.2322,-87.9882,64,Partly Cloudy,1,1,False,False,False,False,True,0.2
2026-09-27T03:41:49Z,IL,IL00080IE005100040,41.3938,-89.5665,59,Mostly Cloudy,5,5,False,False,False,False,True,0.2
2026-09-27T03:41:49Z,IL,IL00074IE011400005,40.6125,-89.245,61,Mostly Cloudy,4,5,False,False,False,False,True,0.2
2026-09-27T03:41:49Z,IL,IL00072IE015200041,39.9923,-88.7827,62,Mostly Cloudy,2,5,False,False,False,False,True,0.2
2026-09-27T03:41:49Z,IL,IL00057IN007900034,38.0297,-88.9203,63,Mostly Cloudy,1,1,False,False,False,False,True,0.2
2026-09-27T03:41:49Z,IL,IL00064IE008500039,38.273,-88.8496,62,Mostly Cloudy,1,0,False,False,False,False,True,0.2
2026-09-27T03:41:49Z,IL,IL00074IW006200004,40.8802,-90.0895,63,Mostly Cloudy,8,3,False,False,False,False,True,0.2
2026-09-27T03:41:49Z,IL,IL00057IS026800022,40.5613,-88.0615,57,Partly Cloudy,0,5,False,False,False,False,True,0.2
2026-09-27T03:41:49Z,IL,IL00055IN002700029,38.8649,-89.8532,59,Partly Cloudy,5,1,False,False,False,False,True,0.2
2026-09-27T03:41:49Z,IL,IL00074IW020800052,40.1298,-87.7441,57,Partly Cloudy,0,3,False,False,False,False,True,0.2
2026-09-27T03:41:49Z,IL,IL00055IS019400021,40.8371,-88.6833,57,Partly Cloudy,2,5,False,False,False,False,True,0.2
2026-09-27T03:41:49Z,IL,IL00057IS011400023,38.5965,-88.9677,62,Mostly Cloudy,5,0,False,False,False,False,True,0.2
2026-09-27T03:41:49Z,IL,IL00074IE002800030,41.2334,-90.333,62,Mostly Cloudy,6,5,False,False,False,False,True,0.2
2026-09-27T03:41:49Z,IL,IL00080IE011700043,41.4314,-88.3454,55,Partly Cloudy,1,5,False,False,False,False,True,0.2
2026-09-27T03:41:49Z,IL,IL00039IS008500026,41.7285,-89.0105,54,Mostly Cloudy,4,5,False,False,False,False,True,0.2
2026-09-27T03:41:49Z,IL,IL00055IN019400031,40.8234,-88.6875,57,Partly Cloudy,2,5,False,False,False,False,True,0.2
2026-09-27T03:41:49Z,IL,IL00057IN011400033,38.5963,-88.9638,62,Mostly Cloudy,5,0,False,False,False,False,True,0.2
2026-09-27T03:41:49Z,IL,IL00074IE015600037,40.2732,-88.6762,61,Mostly Cloudy,2,6,False,False,False,False,True,0.2
2026-09-27T03:41:49Z,IL,IL00055IN006400027,39.3465,-89.6408,58,Mostly Cloudy,7,1,False,False,False,False,True,0.2
2026-09-27T03:41:49Z,IL,IL00055IN014900028,40.3599,-89.1099,61,Mostly Cloudy,2,6,False,False,False,False,True,0.2
2026-09-27T03:41:49Z,IL,IL00064IE002500038,38.5481,-89.7731,60,Partly Cloudy,4,1,False,False,False,False,True,0.2
2026-09-27T03:41:49Z,IL,IL00057IN022200048,39.9218,-88.299,59,Partly Cloudy,1,6,False,False,False,False,True,0.2
2026-09-27T03:41:49Z,IL,IL00039IN008500036,41.7236,-89.0062,54,Mostly Cloudy,4,5,False,False,False,False,True,0.2
2026-09-27T03:41:49Z,IL,IL00074IW015600009,40.2711,-88.6701,61,Mostly Cloudy,2,6,False,False,False,False,True,0.2
2026-09-27T03:41:49Z,IL,IL00057IS033300046,41.3918,-87.7749,54,Partly Cloudy,0,5,False,False,False,False,True,0.2
2026-09-27T03:41:49Z,IL,IL00057IS007900047,38.0962,-88.9138,63,Mostly Cloudy,1,2,False,False,False,False,True,0.2
2026-09-27T03:41:49Z,IL,IL00064IW002500011,38.5491,-89.7633,60,Partly Cloudy,4,1,False,False,False,False,True,0.2
2026-09-27T03:41:49Z,IL,IL00072IW015200014,39.9888,-88.7852,62,Mostly Cloudy,2,5,False,False,False,False,True,0.2
2026-09-27T03:41:49Z,IL,IL00080IW011700016,41.4473,-88.3285,55,Partly Cloudy,0,5,False,False,False,False,True,0.2
2026-09-27T03:41:49Z,IL,IL00055IS006400017,39.3523,-89.6447,58,Mostly Cloudy,7,1,False,False,False,False,True,0.2
2026-09-27T03:41:49Z,IL,IL00064IW008500012,38.2766,-88.8012,62,Mostly Cloudy,2,1,False,False,False,False,True,0.2
2026-09-27T03:41:49Z,IL,IL00057IS022200054,39.9314,-88.3043,59,Partly Cloudy,1,6,False,False,False,False,True,0.2
2026-09-27T03:41:49Z,IL,IL00070IW008700045,39.0679,-88.6704,63,Mostly Cloudy,2,2,False,False,False,False,True,0.2
2026-09-27T03:41:49Z,IL,IL00057IS016500018,39.1993,-88.502,60,Mostly Cloudy,2,3,False,False,False,False,True,0.2
2026-09-27T03:41:49Z,IL,IL00074IW011400006,40.6111,-89.2323,61,Mostly Cloudy,4,5,False,False,False,False,True,0.2
2026-09-27T03:41:49Z,IL,IL00074IE006200001,40.8788,-90.0936,63,Mostly Cloudy,8,3,False,False,False,False,True,0.2
2026-09-27T03:41:49Z,IL,IL00070IW014900008,39.4228,-87.6617,55,Partly Cloudy,0,3,False,False,False,False,True,0.2
2026-09-27T03:41:49Z,IL,IL00057IN016500044,39.1898,-88.5031,60,Mostly Cloudy,2,3,False,False,False,False,True,0.2
2026-09-27T03:41:49Z,IL,IL00055IS010400024,39.8871,-89.5966,64,Mostly Cloudy,8,3,False,False,False,False,True,0.2
2026-09-27T03:41:49Z,IL,IL00057IS003200025,37.4699,-89.1329,63,Partly Cloudy,1,1,False,False,False,False,True,0.2
2026-09-27T03:41:49Z,IL,IL00057IN003200035,37.4661,-89.1324,63,Partly Cloudy,1,1,False,False,False,False,True,0.2
2026-09-27T03:41:49Z,IN,322,38.195,-87.8597,64,Partly Cloudy,0,1,False,False,False,False,False,0.0
2026-09-27T03:41:49Z,IN,317,38.5852,-85.7768,58,Mostly Clear,0,2,False,False,False,False,False,0.0
2026-09-27T03:41:49Z,IN,316,38.5859,-85.7809,58,Mostly Clear,0,2,False,False,False,False,False,0.0
2026-09-27T03:41:49Z,IN,315,39.2602,-85.9521,58,Mostly Clear,0,3,False,False,False,False,False,0.0
2026-09-27T03:41:49Z,IN,314,39.2767,-85.9569,59,Mostly Clear,0,3,False,False,False,False,False,0.0
2026-09-27T03:41:49Z,IN,313,40.1578,-86.5387,56,Mostly Clear,0,3,False,False,False,False,False,0.0
2026-09-27T03:41:49Z,IN,312,40.1722,-86.5522,56,Mostly Clear,0,5,False,False,False,False,False,0.0
2026-09-27T03:41:49Z,IN,311,40.6992,-87.0628,54,Partly Cloudy,0,0,False,False,False,False,False,0.0
2026-09-27T03:41:49Z,IN,310,40.6984,-87.0646,54,Partly Cloudy,0,0,False,False,False,False,False,0.0
2026-09-27T03:41:49Z,IN,308,41.1653,-87.271,54,Mostly Clear,0,5,False,False,False,False,False,0.0
2026-09-27T03:41:49Z,IN,309,41.1666,-87.2749,54,Mostly Clear,0,5,False,False,False,False,False,0.0
2026-09-27T03:41:49Z,IN,318,40.3543,-85.5576,54,Clear,0,3,False,False,False,False,False,0.0
2026-09-27T03:41:49Z,IN,319,40.3569,-85.56,54,Clear,0,3,False,False,False,False,False,0.0
2026-09-27T03:41:49Z,IN,320,41.2963,-85.0863,52,Clear,0,5,False,False,False,False,False,0.0
2026-09-27T03:41:49Z,IN,321,41.5803,-85.0597,52,Clear,0,5,False,False,False,False,False,0.0
2026-09-27T03:41:49Z,IN,300,39.4417,-87.5002,59,Mostly Clear,0,3,False,False,False,False,False,0.0
2026-09-27T03:41:49Z,IN,302,39.6517,-86.3967,58,Mostly Clear,0,5,False,False,False,False,False,0.0
2026-09-27T03:41:49Z,IN,301,39.6541,-86.4005,58,Mostly Clear,0,5,False,False,False,False,False,0.0
2026-09-27T03:41:49Z,IN,303,39.8243,-85.7039,56,Clear,0,5,False,False,False,False,False,0.0
2026-09-27T03:41:49Z,IN,304,39.8266,-85.704,56,Clear,0,5,False,False,False,False,False,0.0
2026-09-27T03:41:49Z,IN,305,39.8605,-85.0259,53,Mostly Clear,0,3,False,False,False,False,False,0.0
2026-09-27T03:41:49Z,IN,323,39.29,-85.1688,54,Mostly Clear,0,2,False,False,False,False,False,0.0
2026-09-27T03:41:49Z,IN,702,41.7472,-85.3285,52,Clear,0,5,False,False,False,False,False,0.0
2026-09-27T03:41:49Z,IN,701,41.5889,-87.2173,56,Partly Cloudy,0,5,False,False,False,False,False,0.0
2026-09-27T03:41:49Z,IN,704,41.7058,-86.6212,52,Mostly Clear,0,5,False,False,False,False,False,0.0
2026-09-27T03:41:49Z,IN,703,41.7071,-86.6235,52,Mostly Clear,0,5,False,False,False,False,False,0.0
2026-09-27T03:41:49Z,IN,705,41.733,-86.0057,54,Clear,0,0,False,False,False,False,False,0.0
2026-09-27T03:41:49Z,IN,708,41.7472,-85.3285,52,Clear,0,5,False,False,False,False,False,0.0
2026-09-27T03:41:49Z,IN,707,41.7453,-85.3287,52,Clear,0,5,False,False,False,False,False,0.0
2026-09-27T03:41:49Z,IN,324,41.7353,-86.7933,51,Partly Cloudy,0,0,False,False,False,False,False,0.0
2026-09-27T03:41:49Z,KY,KY00065IS0000020N65WELCOM,36.6434,-86.5687,61,Partly Cloudy,0,5,False,False,False,False,False,0.0
2026-09-27T03:41:49Z,KY,KY00065IS000020NSMARATHON,36.6612,-86.5553,62,Partly Cloudy,0,3,False,False,False,False,False,0.0
2026-09-27T03:41:49Z,KY,KY00065IS0000340NWEIGHS34,36.6868,-86.5379,62,Partly Cloudy,0,3,False,False,False,False,False,0.0
2026-09-27T03:41:49Z,KY,KY00065IS0011400S65SRA114,37.9464,-85.6905,57,Mostly Clear,0,2,False,False,False,False,False,0.0
2026-09-27T03:41:49Z,KY,KY00065IS0005900S65SRA059,37.239,-85.9297,59,Partly Cloudy,0,2,False,False,False,False,False,0.0
2026-09-27T03:41:49Z,KY,KY00065IS0005900N65NRA059,37.2384,-85.9271,59,Partly Cloudy,0,2,False,False,False,False,False,0.0
2026-09-27T03:41:49Z,KY,KY00075IS0003300NWEIGHS33,37.0422,-84.0968,58,Mostly Clear,0,3,False,False,False,False,False,0.0
2026-09-27T03:41:49Z,KY,KY00075IS0003400SWEIGHS34,37.048,-84.0997,58,Mostly Clear,0,3,False,False,False,False,False,0.0
2026-09-27T03:41:49Z,KY,KY00075IS0017700N75NRA177,38.937,-84.6309,57,Clear,0,5,False,False,False,False,False,0.0
2026-09-27T03:41:49Z,KY,KY00075IS0007500SWALTONWS,38.8653,-84.6476,56,Clear,0,5,False,False,False,False,False,0.0
2026-09-27T03:41:49Z,KY,KY00075IS0017700S75SRA177,38.9388,-84.6339,57,Clear,0,5,False,False,False,False,False,0.0
2026-09-27T03:41:49Z,KY,KY00075IS0016800SCRITENWS,38.8196,-84.6015,56,Clear,0,5,False,False,False,False,False,0.0
2026-09-27T03:41:49Z,KY,KY00075IS0000100N75WELCOM,36.6162,-84.1054,56,Mostly Clear,0,2,False,False,False,False,False,0.0
2026-09-27T03:56:50Z,IL,IL00070IE002700042,38.7849,-89.7023,59,Partly Cloudy,4,1,False,False,False,False,True,0.2
2026-09-27T03:56:50Z,IL,IL00055IS002700019,38.8723,-89.8511,59,Partly Cloudy,5,1,False,False,False,False,True,0.2
2026-09-27T03:56:50Z,IL,IL00080IW005100013,41.3937,-89.5591,59,Mostly Cloudy,5,5,False,False,False,False,True,0.2
2026-09-27T03:56:50Z,IL,IL00074IW002800020,41.2141,-90.3308,62,Mostly Cloudy,6,5,False,False,False,False,True,0.2
2026-09-27T03:56:50Z,IL,IL00057IN033300049,41.3892,-87.7729,54,Partly Cloudy,0,5,False,False,False,False,True,0.2
2026-09-27T03:56:50Z,IL,IL00055IN010400050,39.8627,-89.5948,64,Mostly Cloudy,8,3,False,False,False,False,True,0.2
2026-09-27T03:56:50Z,IL,IL00070IE008600051,39.0651,-88.6745,63,Mostly Cloudy,2,2,False,False,False,False,True,0.2
2026-09-27T03:56:50Z,IL,IL00057IN026800032,40.5505,-88.0605,57,Partly Cloudy,0,5,False,False,False,False,True,0.2
2026-09-27T03:56:50Z,IL,IL00024IW003700010,37.1593,-88.6798,64,Partly Cloudy,1,2,False,False,False,False,True,0.2
2026-09-27T03:56:50Z,IL,IL00070IW002700015,38.7884,-89.6889,59,Partly Cloudy,4,0,False,False,False,False,True,0.2
2026-09-27T03:56:50Z,IL,IL00064IW013000053,38.2322,-87.9882,64,Partly Cloudy,1,1,False,False,False,False,True,0.2
2026-09-27T03:56:50Z,IL,IL00080IE005100040,41.3938,-89.5665,59,Mostly Cloudy,5,5,False,False,False,False,True,0.2
2026-09-27T03:56:50Z,IL,IL00074IE011400005,40.6125,-89.245,61,Mostly Cloudy,4,5,False,False,False,False,True,0.2
2026-09-27T03:56:50Z,IL,IL00072IE015200041,39.9923,-88.7827,62,Mostly Cloudy,2,5,False,False,False,False,True,0.2
2026-09-27T03:56:50Z,IL,IL00057IN007900034,38.0297,-88.9203,63,Mostly Cloudy,1,1,False,False,False,False,True,0.2
2026-09-27T03:56:50Z,IL,IL00064IE008500039,38.273,-88.8496,62,Mostly Cloudy,1,0,False,False,False,False,True,0.2
2026-09-27T03:56:50Z,IL,IL00074IW006200004,40.8802,-90.0895,63,Mostly Cloudy,8,3,False,False,False,False,True,0.2
2026-09-27T03:56:50Z,IL,IL00057IS026800022,40.5613,-88.0615,57,Partly Cloudy,0,5,False,False,False,False,True,0.2
2026-09-27T03:56:50Z,IL,IL00055IN002700029,38.8649,-89.8532,59,Partly Cloudy,5,1,False,False,False,False,True,0.2
2026-09-27T03:56:50Z,IL,IL00074IW020800052,40.1298,-87.7441,57,Partly Cloudy,0,3,False,False,False,False,True,0.2
2026-09-27T03:56:50Z,IL,IL00055IS019400021,40.8371,-88.6833,57,Partly Cloudy,2,5,False,False,False,False,True,0.2
2026-09-27T03:56:50Z,IL,IL00057IS011400023,38.5965,-88.9677,62,Mostly Cloudy,5,0,False,False,False,False,True,0.2
2026-09-27T03:56:50Z,IL,IL00074IE002800030,41.2334,-90.333,62,Mostly Cloudy,6,5,False,False,False,False,True,0.2
2026-09-27T03:56:50Z,IL,IL00080IE011700043,41.4314,-88.3454,55,Partly Cloudy,1,5,False,False,False,False,True,0.2
2026-09-27T03:56:50Z,IL,IL00039IS008500026,41.7285,-89.0105,54,Mostly Cloudy,4,5,False,False,False,False,True,0.2
2026-09-27T03:56:50Z,IL,IL00055IN019400031,40.8234,-88.6875,57,Partly Cloudy,2,5,False,False,False,False,True,0.2
2026-09-27T03:56:50Z,IL,IL00057IN011400033,38.5963,-88.9638,62,Mostly Cloudy,5,0,False,False,False,False,True,0.2
2026-09-27T03:56:50Z,IL,IL00074IE015600037,40.2732,-88.6762,61,Mostly Cloudy,2,6,False,False,False,False,True,0.2
2026-09-27T03:56:50Z,IL,IL00055IN006400027,39.3465,-89.6408,58,Mostly Cloudy,7,1,False,False,False,False,True,0.2
2026-09-27T03:56:50Z,IL,IL00055IN014900028,40.3599,-89.1099,61,Mostly Cloudy,2,6,False,False,False,False,True,0.2
2026-09-27T03:56:50Z,IL,IL00064IE002500038,38.5481,-89.7731,60,Partly Cloudy,4,1,False,False,False,False,True,0.2
2026-09-27T03:56:50Z,IL,IL00057IN022200048,39.9218,-88.299,59,Partly Cloudy,1,6,False,False,False,False,True,0.2
2026-09-27T03:56:50Z,IL,IL00039IN008500036,41.7236,-89.0062,54,Mostly Cloudy,4,5,False,False,False,False,True,0.2
2026-09-27T03:56:50Z,IL,IL00074IW015600009,40.2711,-88.6701,61,Mostly Cloudy,2,6,False,False,False,False,True,0.2
2026-09-27T03:56:50Z,IL,IL00057IS033300046,41.3918,-87.7749,54,Partly Cloudy,0,5,False,False,False,False,True,0.2
2026-09-27T03:56:50Z,IL,IL00057IS007900047,38.0962,-88.9138,63,Mostly Cloudy,1,2,False,False,False,False,True,0.2
2026-09-27T03:56:50Z,IL,IL00064IW002500011,38.5491,-89.7633,60,Partly Cloudy,4,1,False,False,False,False,True,0.2
2026-09-27T03:56:50Z,IL,IL00072IW015200014,39.9888,-88.7852,62,Mostly Cloudy,2,5,False,False,False,False,True,0.2
2026-09-27T03:56:50Z,IL,IL00080IW011700016,41.4473,-88.3285,55,Partly Cloudy,0,5,False,False,False,False,True,0.2
2026-09-27T03:56:50Z,IL,IL00055IS006400017,39.3523,-89.6447,58,Mostly Cloudy,7,1,False,False,False,False,True,0.2
2026-09-27T03:56:50Z,IL,IL00064IW008500012,38.2766,-88.8012,62,Mostly Cloudy,2,1,False,False,False,False,True,0.2
2026-09-27T03:56:50Z,IL,IL00057IS022200054,39.9314,-88.3043,59,Partly Cloudy,1,6,False,False,False,False,True,0.2
2026-09-27T03:56:50Z,IL,IL00070IW008700045,39.0679,-88.6704,63,Mostly Cloudy,2,2,False,False,False,False,True,0.2
2026-09-27T03:56:50Z,IL,IL00057IS016500018,39.1993,-88.502,60,Mostly Cloudy,2,3,False,False,False,False,True,0.2
2026-09-27T03:56:50Z,IL,IL00074IW011400006,40.6111,-89.2323,61,Mostly Cloudy,4,5,False,False,False,False,True,0.2
2026-09-27T03:56:50Z,IL,IL00074IE006200001,40.8788,-90.0936,63,Mostly Cloudy,8,3,False,False,False,False,True,0.2
2026-09-27T03:56:50Z,IL,IL00070IW014900008,39.4228,-87.6617,55,Partly Cloudy,0,3,False,False,False,False,True,0.2
2026-09-27T03:56:50Z,IL,IL00057IN016500044,39.1898,-88.5031,60,Mostly Cloudy,2,3,False,False,False,False,True,0.2
2026-09-27T03:56:50Z,IL,IL00055IS010400024,39.8871,-89.5966,64,Mostly Cloudy,8,3,False,False,False,False,True,0.2
2026-09-27T03:56:50Z,IL,IL00057IS003200025,37.4699,-89.1329,63,Partly Cloudy,1,1,False,False,False,False,True,0.2
2026-09-27T03:56:50Z,IL,IL00057IN003200035,37.4661,-89.1324,63,Partly Cloudy,1,1,False,False,False,False,True,0.2
2026-09-27T03:56:50Z,IN,322,38.195,-87.8597,64,Partly Cloudy,0,1,False,False,False,False,False,0.0
2026-09-27T03:56:50Z,IN,317,38.5852,-85.7768,58,Mostly Clear,0,2,False,False,False,False,False,0.0
2026-09-27T03:56:50Z,IN,316,38.5859,-85.7809,58,Mostly Clear,0,2,False,False,False,False,False,0.0
2026-09-27T03:56:50Z,IN,315,39.2602,-85.9521,58,Mostly Clear,0,3,False,False,False,False,False,0.0
2026-09-27T03:56:50Z,IN,314,39.2767,-85.9569,59,Mostly Clear,0,3,False,False,False,False,False,0.0
2026-09-27T03:56:50Z,IN,313,40.1578,-86.5387,56,Mostly Clear,0,3,False,False,False,False,False,0.0
2026-09-27T03:56:50Z,IN,312,40.1722,-86.5522,56,Mostly Clear,0,5,False,False,False,False,False,0.0
2026-09-27T03:56:50Z,IN,311,40.6992,-87.0628,54,Partly Cloudy,0,0,False,False,False,False,False,0.0
2026-09-27T03:56:50Z,IN,310,40.6984,-87.0646,54,Partly Cloudy,0,0,False,False,False,False,False,0.0
2026-09-27T03:56:50Z,IN,308,41.1653,-87.271,54,Mostly Clear,0,5,False,False,False,False,False,0.0
2026-09-27T03:56:50Z,IN,309,41.1666,-87.2749,54,Mostly Clear,0,5,False,False,False,False,False,0.0
2026-09-27T03:56:50Z,IN,318,40.3543,-85.5576,54,Clear,0,3,False,False,False,False,False,0.0
2026-09-27T03:56:50Z,IN,319,40.3569,-85.56,54,Clear,0,3,False,False,False,False,False,0.0
2026-09-27T03:56:50Z,IN,320,41.2963,-85.0863,52,Clear,0,5,False,False,False,False,False,0.0
2026-09-27T03:56:50Z,IN,321,41.5803,-85.0597,52,Clear,0,5,False,False,False,False,False,0.0
2026-09-27T03:56:50Z,IN,300,39.4417,-87.5002,59,Mostly Clear,0,3,False,False,False,False,False,0.0
2026-09-27T03:56:50Z,IN,302,39.6517,-86.3967,58,Mostly Clear,0,5,False,False,False,False,False,0.0
2026-09-27T03:56:50Z,IN,301,39.6541,-86.4005,58,Mostly Clear,0,5,False,False,False,False,False,0.0
2026-09-27T03:56:50Z,IN,303,39.8243,-85.7039,56,Clear,0,5,False,False,False,False,False,0.0
2026-09-27T03:56:50Z,IN,304,39.8266,-85.704,56,Clear,0,5,False,False,False,False,False,0.0
2026-09-27T03:56:50Z,IN,305,39.8605,-85.0259,53,Mostly Clear,0,3,False,False,False,False,False,0.0
2026-09-27T03:56:50Z,IN,323,39.29,-85.1688,54,Mostly Clear,0,2,False,False,False,False,False,0.0
2026-09-27T03:56:50Z,IN,702,41.7472,-85.3285,52,Clear,0,5,False,False,False,False,False,0.0
2026-09-27T03:56:50Z,IN,701,41.5889,-87.2173,56,Partly Cloudy,0,5,False,False,False,False,False,0.0
2026-09-27T03:56:50Z,IN,704,41.7058,-86.6212,52,Mostly Clear,0,5,False,False,False,False,False,0.0
2026-09-27T03:56:50Z,IN,703,41.7071,-86.6235,52,Mostly Clear,0,5,False,False,False,False,False,0.0
2026-09-27T03:56:50Z,IN,705,41.733,-86.0057,54,Clear,0,0,False,False,False,False,False,0.0
2026-09-27T03:56:50Z,IN,708,41.7472,-85.3285,52,Clear,0,5,False,False,False,False,False,0.0
2026-09-27T03:56:50Z,IN,707,41.7453,-85.3287,52,Clear,0,5,False,False,False,False,False,0.0
2026-09-27T03:56:50Z,IN,324,41.7353,-86.7933,51,Partly Cloudy,0,0,False,False,False,False,False,0.0
2026-09-27T03:56:50Z,KY,KY00065IS0000020N65WELCOM,36.6434,-86.5687,61,Partly Cloudy,0,5,False,False,False,False,False,0.0
2026-09-27T03:56:50Z,KY,KY00065IS000020NSMARATHON,36.6612,-86.5553,62,Partly Cloudy,0,3,False,False,False,False,False,0.0
2026-09-27T03:56:50Z,KY,KY00065IS0000340NWEIGHS34,36.6868,-86.5379,62,Partly Cloudy,0,3,False,False,False,False,False,0.0
2026-09-27T03:56:50Z,KY,KY00065IS0011400S65SRA114,37.9464,-85.6905,57,Mostly Clear,0,2,False,False,False,False,False,0.0
2026-09-27T03:56:50Z,KY,KY00065IS0005900S65SRA059,37.239,-85.9297,59,Partly Cloudy,0,2,False,False,False,False,False,0.0
2026-09-27T03:56:50Z,KY,KY00065IS0005900N65NRA059,37.2384,-85.9271,59,Partly Cloudy,0,2,False,False,False,False,False,0.0
2026-09-27T03:56:50Z,KY,KY00075IS0003300NWEIGHS33,37.0422,-84.0968,58,Mostly Clear,0,3,False,False,False,False,False,0.0
2026-09-27T03:56:50Z,KY,KY00075IS0003400SWEIGHS34,37.048,-84.0997,58,Mostly Clear,0,3,False,False,False,False,False,0.0
2026-09-27T03:56:50Z,KY,KY00075IS0017700N75NRA177,38.937,-84.6309,57,Clear,0,5,False,False,False,False,False,0.0
2026-09-27T03:56:50Z,KY,KY00075IS0007500SWALTONWS,38.8653,-84.6476,56,Clear,0,5,False,False,False,False,False,0.0
2026-09-27T03:56:50Z,KY,KY00075IS0017700S75SRA177,38.9388,-84.6339,57,Clear,0,5,False,False,False,False,False,0.0
2026-09-27T03:56:50Z,KY,KY00075IS0016800SCRITENWS,38.8196,-84.6015,56,Clear,0,5,False,False,False,False,False,0.0
2026-09-27T03:56:50Z,KY,KY00075IS0000100N75WELCOM,36.6162,-84.1054,56,Mostly Clear,0,2,False,False,False,False,False,0.0
2026-09-27T04:11:49Z,IL,IL00070IE002700042,38.7849,-89.7023,59,Partly Cloudy,4,1,False,False,False,False,True,0.2
2026-09-27T04:11:49Z,IL,IL00055IS002700019,38.8723,-89.8511,59,Partly Cloudy,5,1,False,False,False,False,True,0.2
2026-09-27T04:11:49Z,IL,IL00080IW005100013,41.3937,-89.5591,59,Mostly Cloudy,5,5,False,False,False,False,True,0.2
2026-09-27T04:11:49Z,IL,IL00074IW002800020,41.2141,-90.3308,62,Mostly Cloudy,6,5,False,False,False,False,True,0.2
2026-09-27T04:11:49Z,IL,IL00057IN033300049,41.3892,-87.7729,54,Partly Cloudy,0,5,False,False,False,False,True,0.2
2026-09-27T04:11:49Z,IL,IL00055IN010400050,39.8627,-89.5948,64,Mostly Cloudy,8,3,False,False,False,False,True,0.2
2026-09-27T04:11:49Z,IL,IL00070IE008600051,39.0651,-88.6745,63,Mostly Cloudy,2,2,False,False,False,False,True,0.2
2026-09-27T04:11:49Z,IL,IL00057IN026800032,40.5505,-88.0605,57,Partly Cloudy,0,5,False,False,False,False,True,0.2
2026-09-27T04:11:49Z,IL,IL00024IW003700010,37.1593,-88.6798,64,Partly Cloudy,1,2,False,False,False,False,True,0.2
2026-09-27T04:11:49Z,IL,IL00070IW002700015,38.7884,-89.6889,59,Partly Cloudy,4,0,False,False,False,False,True,0.2
2026-09-27T04:11:49Z,IL,IL00064IW013000053,38.2322,-87.9882,64,Partly Cloudy,1,1,False,False,False,False,True,0.2
2026-09-27T04:11:49Z,IL,IL00080IE005100040,41.3938,-89.5665,59,Mostly Cloudy,5,5,False,False,False,False,True,0.2
2026-09-27T04:11:49Z,IL,IL00074IE011400005,40.6125,-89.245,61,Mostly Cloudy,4,5,False,False,False,False,True,0.2
2026-09-27T04:11:49Z,IL,IL00072IE015200041,39.9923,-88.7827,62,Mostly Cloudy,2,5,False,False,False,False,True,0.2
2026-09-27T04:11:49Z,IL,IL00057IN007900034,38.0297,-88.9203,63,Mostly Cloudy,1,1,False,False,False,False,True,0.2
2026-09-27T04:11:49Z,IL,IL00064IE008500039,38.273,-88.8496,62,Mostly Cloudy,1,0,False,False,False,False,True,0.2
2026-09-27T04:11:49Z,IL,IL00074IW006200004,40.8802,-90.0895,63,Mostly Cloudy,8,3,False,False,False,False,True,0.2
2026-09-27T04:11:49Z,IL,IL00057IS026800022,40.5613,-88.0615,57,Partly Cloudy,0,5,False,False,False,False,True,0.2
2026-09-27T04:11:49Z,IL,IL00055IN002700029,38.8649,-89.8532,59,Partly Cloudy,5,1,False,False,False,False,True,0.2
2026-09-27T04:11:49Z,IL,IL00074IW020800052,40.1298,-87.7441,57,Partly Cloudy,0,3,False,False,False,False,True,0.2
2026-09-27T04:11:49Z,IL,IL00055IS019400021,40.8371,-88.6833,57,Partly Cloudy,2,5,False,False,False,False,True,0.2
2026-09-27T04:11:49Z,IL,IL00057IS011400023,38.5965,-88.9677,62,Mostly Cloudy,5,0,False,False,False,False,True,0.2
2026-09-27T04:11:49Z,IL,IL00074IE002800030,41.2334,-90.333,62,Mostly Cloudy,6,5,False,False,False,False,True,0.2
2026-09-27T04:11:49Z,IL,IL00080IE011700043,41.4314,-88.3454,55,Partly Cloudy,1,5,False,False,False,False,True,0.2
2026-09-27T04:11:49Z,IL,IL00039IS008500026,41.7285,-89.0105,54,Mostly Cloudy,4,5,False,False,False,False,True,0.2
2026-09-27T04:11:49Z,IL,IL00055IN019400031,40.8234,-88.6875,57,Partly Cloudy,2,5,False,False,False,False,True,0.2
2026-09-27T04:11:49Z,IL,IL00057IN011400033,38.5963,-88.9638,62,Mostly Cloudy,5,0,False,False,False,False,True,0.2
2026-09-27T04:11:49Z,IL,IL00074IE015600037,40.2732,-88.6762,61,Mostly Cloudy,2,6,False,False,False,False,True,0.2
2026-09-27T04:11:49Z,IL,IL00055IN006400027,39.3465,-89.6408,58,Mostly Cloudy,7,1,False,False,False,False,True,0.2
2026-09-27T04:11:49Z,IL,IL00055IN014900028,40.3599,-89.1099,61,Mostly Cloudy,2,6,False,False,False,False,True,0.2
2026-09-27T04:11:49Z,IL,IL00064IE002500038,38.5481,-89.7731,60,Partly Cloudy,4,1,False,False,False,False,True,0.2
2026-09-27T04:11:49Z,IL,IL00057IN022200048,39.9218,-88.299,59,Partly Cloudy,1,6,False,False,False,False,True,0.2
2026-09-27T04:11:49Z,IL,IL00039IN008500036,41.7236,-89.0062,54,Mostly Cloudy,4,5,False,False,False,False,True,0.2
2026-09-27T04:11:49Z,IL,IL00074IW015600009,40.2711,-88.6701,61,Mostly Cloudy,2,6,False,False,False,False,True,0.2
2026-09-27T04:11:49Z,IL,IL00057IS033300046,41.3918,-87.7749,54,Partly Cloudy,0,5,False,False,False,False,True,0.2
2026-09-27T04:11:49Z,IL,IL00057IS007900047,38.0962,-88.9138,63,Mostly Cloudy,1,2,False,False,False,False,True,0.2
2026-09-27T04:11:49Z,IL,IL00064IW002500011,38.5491,-89.7633,60,Partly Cloudy,4,1,False,False,False,False,True,0.2
2026-09-27T04:11:49Z,IL,IL00072IW015200014,39.9888,-88.7852,62,Mostly Cloudy,2,5,False,False,False,False,True,0.2
2026-09-27T04:11:49Z,IL,IL00080IW011700016,41.4473,-88.3285,55,Partly Cloudy,0,5,False,False,False,False,True,0.2
2026-09-27T04:11:49Z,IL,IL00055IS006400017,39.3523,-89.6447,58,Mostly Cloudy,7,1,False,False,False,False,True,0.2
2026-09-27T04:11:49Z,IL,IL00064IW008500012,38.2766,-88.8012,62,Mostly Cloudy,2,1,False,False,False,False,True,0.2
2026-09-27T04:11:49Z,IL,IL00057IS022200054,39.9314,-88.3043,59,Partly Cloudy,1,6,False,False,False,False,True,0.2
2026-09-27T04:11:49Z,IL,IL00070IW008700045,39.0679,-88.6704,63,Mostly Cloudy,2,2,False,False,False,False,True,0.2
2026-09-27T04:11:49Z,IL,IL00057IS016500018,39.1993,-88.502,60,Mostly Cloudy,2,3,False,False,False,False,True,0.2
2026-09-27T04:11:49Z,IL,IL00074IW011400006,40.6111,-89.2323,61,Mostly Cloudy,4,5,False,False,False,False,True,0.2
2026-09-27T04:11:49Z,IL,IL00074IE006200001,40.8788,-90.0936,63,Mostly Cloudy,8,3,False,False,False,False,True,0.2
2026-09-27T04:11:49Z,IL,IL00070IW014900008,39.4228,-87.6617,55,Partly Cloudy,0,3,False,False,False,False,True,0.2
2026-09-27T04:11:49Z,IL,IL00057IN016500044,39.1898,-88.5031,60,Mostly Cloudy,2,3,False,False,False,False,True,0.2
2026-09-27T04:11:49Z,IL,IL00055IS010400024,39.8871,-89.5966,64,Mostly Cloudy,8,3,False,False,False,False,True,0.2
2026-09-27T04:11:49Z,IL,IL00057IS003200025,37.4699,-89.1329,63,Partly Cloudy,1,1,False,False,False,False,True,0.2
2026-09-27T04:11:49Z,IL,IL00057IN003200035,37.4661,-89.1324,63,Partly Cloudy,1,1,False,False,False,False,True,0.2
2026-09-27T04:11:49Z,IN,322,38.195,-87.8597,64,Partly Cloudy,0,1,False,False,False,False,False,0.0
2026-09-27T04:11:49Z,IN,317,38.5852,-85.7768,58,Mostly Clear,0,2,False,False,False,False,False,0.0
2026-09-27T04:11:49Z,IN,316,38.5859,-85.7809,58,Mostly Clear,0,2,False,False,False,False,False,0.0
2026-09-27T04:11:49Z,IN,315,39.2602,-85.9521,58,Mostly Clear,0,3,False,False,False,False,False,0.0
2026-09-27T04:11:49Z,IN,314,39.2767,-85.9569,59,Mostly Clear,0,3,False,False,False,False,False,0.0
2026-09-27T04:11:49Z,IN,313,40.1578,-86.5387,56,Mostly Clear,0,3,False,False,False,False,False,0.0
2026-09-27T04:11:49Z,IN,312,40.1722,-86.5522,56,Mostly Clear,0,5,False,False,False,False,False,0.0
2026-09-27T04:11:49Z,IN,311,40.6992,-87.0628,54,Partly Cloudy,0,0,False,False,False,False,False,0.0
2026-09-27T04:11:49Z,IN,310,40.6984,-87.0646,54,Partly Cloudy,0,0,False,False,False,False,False,0.0
2026-09-27T04:11:49Z,IN,308,41.1653,-87.271,54,Mostly Clear,0,5,False,False,False,False,False,0.0
2026-09-27T04:11:49Z,IN,309,41.1666,-87.2749,54,Mostly Clear,0,5,False,False,False,False,False,0.0
2026-09-27T04:11:49Z,IN,318,40.3543,-85.5576,54,Clear,0,3,False,False,False,False,False,0.0
2026-09-27T04:11:49Z,IN,319,40.3569,-85.56,54,Clear,0,3,False,False,False,False,False,0.0
2026-09-27T04:11:49Z,IN,320,41.2963,-85.0863,52,Clear,0,5,False,False,False,False,False,0.0
2026-09-27T04:11:49Z,IN,321,41.5803,-85.0597,52,Clear,0,5,False,False,False,False,False,0.0
2026-09-27T04:11:49Z,IN,300,39.4417,-87.5002,59,Mostly Clear,0,3,False,False,False,False,False,0.0
2026-09-27T04:11:49Z,IN,302,39.6517,-86.3967,58,Mostly Clear,0,5,False,False,False,False,False,0.0
2026-09-27T04:11:49Z,IN,301,39.6541,-86.4005,58,Mostly Clear,0,5,False,False,False,False,False,0.0
2026-09-27T04:11:49Z,IN,303,39.8243,-85.7039,56,Clear,0,5,False,False,False,False,False,0.0
2026-09-27T04:11:49Z,IN,304,39.8266,-85.704,56,Clear,0,5,False,False,False,False,False,0.0
2026-09-27T04:11:49Z,IN,305,39.8605,-85.0259,53,Mostly Clear,0,3,False,False,False,False,False,0.0
2026-09-27T04:11:49Z,IN,323,39.29,-85.1688,54,Mostly Clear,0,2,False,False,False,False,False,0.0
2026-09-27T04:11:49Z,IN,702,41.7472,-85.3285,52,Clear,0,5,False,False,False,False,False,0.0
2026-09-27T04:11:49Z,IN,701,41.5889,-87.2173,56,Partly Cloudy,0,5,False,False,False,False,False,0.0
2026-09-27T04:11:49Z,IN,704,41.7058,-86.6212,52,Mostly Clear,0,5,False,False,False,False,False,0.0
2026-09-27T04:11:49Z,IN,703,41.7071,-86.6235,52,Mostly Clear,0,5,False,False,False,False,False,0.0
2026-09-27T04:11:49Z,IN,705,41.733,-86.0057,54,Clear,0,0,False,False,False,False,False,0.0
2026-09-27T04:11:49Z,IN,708,41.7472,-85.3285,52,Clear,0,5,False,False,False,False,False,0.0
2026-09-27T04:11:49Z,IN,707,41.7453,-85.3287,52,Clear,0,5,False,False,False,False,False,0.0
2026-09-27T04:11:49Z,IN,324,41.7353,-86.7933,51,Partly Cloudy,0,0,False,False,False,False,False,0.0
2026-09-27T04:11:49Z,KY,KY00065IS0000020N65WELCOM,36.6434,-86.5687,61,Partly Cloudy,0,5,False,False,False,False,False,0.0
2026-09-27T04:11:49Z,KY,KY00065IS000020NSMARATHON,36.6612,-86.5553,62,Partly Cloudy,0,3,False,False,False,False,False,0.0
2026-09-27T04:11:49Z,KY,KY00065IS0000340NWEIGHS34,36.6868,-86.5379,62,Partly Cloudy,0,3,False,False,False,False,False,0.0
2026-09-27T04:11:49Z,KY,KY00065IS0011400S65SRA114,37.9464,-85.6905,57,Mostly Clear,0,2,False,False,False,False,False,0.0
2026-09-27T04:11:49Z,KY,KY00065IS0005900S65SRA059,37.239,-85.9297,59,Partly Cloudy,0,2,False,False,False,False,False,0.0
2026-09-27T04:11:49Z,KY,KY00065IS0005900N65NRA059,37.2384,-85.9271,59,Partly Cloudy,0,2,False,False,False,False,False,0.0
2026-09-27T04:11:49Z,KY,KY00075IS0003300NWEIGHS33,37.0422,-84.0968,58,Mostly Clear,0,3,False,False,False,False,False,0.0
2026-09-27T04:11:49Z,KY,KY00075IS0003400SWEIGHS34,37.048,-84.0997,58,Mostly Clear,0,3,False,False,False,False,False,0.0
2026-09-27T04:11:49Z,KY,KY00075IS0017700N75NRA177,38.937,-84.6309,57,Clear,0,5,False,False,False,False,False,0.0
2026-09-27T04:11:49Z,KY,KY00075IS0007500SWALTONWS,38.8653,-84.6476,56,Clear,0,5,False,False,False,False,False,0.0
2026-09-27T04:11:49Z,KY,KY00075IS0017700S75SRA177,38.9388,-84.6339,57,Clear,0,5,False,False,False,False,False,0.0
2026-09-27T04:11:49Z,KY,KY00075IS0016800SCRITENWS,38.8196,-84.6015,56,Clear,0,5,False,False,False,False,False,0.0
2026-09-27T04:11:49Z,KY,KY00075IS0000100N75WELCOM,36.6162,-84.1054,56,Mostly Clear,0,2,False,False,False,False,False,0.0
2026-09-27T04:26:49Z,IL,IL00070IE002700042,38.7849,-89.7023,59,Partly Cloudy,5,0,False,False,False,False,True,0.2
2026-09-27T04:26:49Z,IL,IL00055IS002700019,38.8723,-89.8511,59,Partly Cloudy,5,1,False,False,False,False,True,0.2
2026-09-27T04:26:49Z,IL,IL00080IW005100013,41.3937,-89.5591,58,Mostly Cloudy,6,5,False,False,False,False,True,0.2
2026-09-27T04:26:49Z,IL,IL00074IW002800020,41.2141,-90.3308,61,Mostly Cloudy,6,5,False,False,False,False,True,0.2
2026-09-27T04:26:49Z,IL,IL00057IN033300049,41.3892,-87.7729,53,Partly Cloudy,0,5,False,False,False,False,True,0.2
2026-09-27T04:26:49Z,IL,IL00055IN010400050,39.8627,-89.5948,63,Mostly Cloudy,10,5,False,False,False,False,True,0.2
2026-09-27T04:26:49Z,IL,IL00070IE008600051,39.0651,-88.6745,62,Mostly Cloudy,3,2,False,False,False,False,True,0.2
2026-09-27T04:26:49Z,IL,IL00057IN026800032,40.5505,-88.0605,56,Partly Cloudy,0,5,False,False,False,False,True,0.2
2026-09-27T04:26:49Z,IL,IL00024IW003700010,37.1593,-88.6798,63,Partly Cloudy,1,1,False,False,False,False,True,0.2
2026-09-27T04:26:49Z,IL,IL00070IW002700015,38.7884,-89.6889,59,Partly Cloudy,5,0,False,False,False,False,True,0.2
2026-09-27T04:26:49Z,IL,IL00064IW013000053,38.2322,-87.9882,63,Partly Cloudy,1,1,False,False,False,False,True,0.2
2026-09-27T04:26:49Z,IL,IL00080IE005100040,41.3938,-89.5665,58,Mostly Cloudy,6,5,False,False,False,False,True,0.2
2026-09-27T04:26:49Z,IL,IL00074IE011400005,40.6125,-89.245,59,Mostly Cloudy,6,5,False,False,False,False,True,0.2
2026-09-27T04:26:49Z,IL,IL00072IE015200041,39.9923,-88.7827,60,Mostly Cloudy,3,6,False,False,False,False,True,0.2
2026-09-27T04:26:49Z,IL,IL00057IN007900034,38.0297,-88.9203,63,Mostly Cloudy,1,1,False,False,False,False,True,0.2
2026-09-27T04:26:49Z,IL,IL00064IE008500039,38.273,-88.8496,62,Mostly Cloudy,1,0,False,False,False,False,True,0.2
2026-09-27T04:26:49Z,IL,IL00074IW006200004,40.8802,-90.0895,63,Mostly Cloudy,7,3,False,False,False,False,True,0.2
2026-09-27T04:26:49Z,IL,IL00057IS026800022,40.5613,-88.0615,56,Partly Cloudy,0,5,False,False,False,False,True,0.2
2026-09-27T04:26:49Z,IL,IL00055IN002700029,38.8649,-89.8532,59,Partly Cloudy,5,1,False,False,False,False,True,0.2
2026-09-27T04:26:49Z,IL,IL00074IW020800052,40.1298,-87.7441,55,Partly Cloudy,0,3,False,False,False,False,True,0.2
2026-09-27T04:26:49Z,IL,IL00055IS019400021,40.8371,-88.6833,56,Partly Cloudy,3,5,False,False,False,False,True,0.2
2026-09-27T04:26:49Z,IL,IL00057IS011400023,38.5965,-88.9677,62,Mostly Cloudy,6,0,False,False,False,False,True,0.2
2026-09-27T04:26:49Z,IL,IL00074IE002800030,41.2334,-90.333,61,Mostly Cloudy,6,5,False,False,False,False,True,0.2
2026-09-27T04:26:49Z,IL,IL00080IE011700043,41.4314,-88.3454,55,Partly Cloudy,1,5,False,False,False,False,True,0.2
2026-09-27T04:26:49Z,IL,IL00039IS008500026,41.7285,-89.0105,53,Mostly Cloudy,5,5,False,False,False,False,True,0.2
2026-09-27T04:26:49Z,IL,IL00055IN019400031,40.8234,-88.6875,56,Partly Cloudy,3,5,False,False,False,False,True,0.2
2026-09-27T04:26:49Z,IL,IL00057IN011400033,38.5963,-88.9638,62,Mostly Cloudy,6,0,False,False,False,False,True,0.2
2026-09-27T04:26:49Z,IL,IL00074IE015600037,40.2732,-88.6762,60,Mostly Cloudy,2,6,False,False,False,False,True,0.2
2026-09-27T04:26:49Z,IL,IL00055IN006400027,39.3465,-89.6408,59,Mostly Cloudy,8,1,False,False,False,False,True,0.2
2026-09-27T04:26:49Z,IL,IL00055IN014900028,40.3599,-89.1099,60,Mostly Cloudy,6,6,False,False,False,False,True,0.2
2026-09-27T04:26:49Z,IL,IL00064IE002500038,38.5481,-89.7731,60,Partly Cloudy,4,0,False,False,False,False,True,0.2
2026-09-27T04:26:49Z,IL,IL00057IN022200048,39.9218,-88.299,58,Partly Cloudy,1,6,False,False,False,False,True,0.2
2026-09-27T04:26:49Z,IL,IL00039IN008500036,41.7236,-89.0062,53,Mostly Cloudy,5,5,False,False,False,False,True,0.2
2026-09-27T04:26:49Z,IL,IL00074IW015600009,40.2711,-88.6701,59,Mostly Cloudy,2,6,False,False,False,False,True,0.2
2026-09-27T04:26:49Z,IL,IL00057IS033300046,41.3918,-87.7749,54,Partly Cloudy,0,5,False,False,False,False,True,0.2
2026-09-27T04:26:49Z,IL,IL00057IS007900047,38.0962,-88.9138,64,Mostly Cloudy,1,1,False,False,False,False,True,0.2
2026-09-27T04:26:49Z,IL,IL00064IW002500011,38.5491,-89.7633,60,Partly Cloudy,4,0,False,False,False,False,True,0.2
2026-09-27T04:26:49Z,IL,IL00072IW015200014,39.9888,-88.7852,60,Mostly Cloudy,3,6,False,False,False,False,True,0.2
2026-09-27T04:26:49Z,IL,IL00080IW011700016,41.4473,-88.3285,55,Partly Cloudy,0,5,False,False,False,False,True,0.2
2026-09-27T04:26:49Z,IL,IL00055IS006400017,39.3523,-89.6447,59,Mostly Cloudy,8,1,False,False,False,False,True,0.2
2026-09-27T04:26:49Z,IL,IL00064IW008500012,38.2766,-88.8012,62,Mostly Cloudy,1,1,False,False,False,False,True,0.2
2026-09-27T04:26:49Z,IL,IL00057IS022200054,39.9314,-88.3043,58,Partly Cloudy,1,6,False,False,False,False,True,0.2
2026-09-27T04:26:49Z,IL,IL00070IW008700045,39.0679,-88.6704,62,Mostly Cloudy,3,2,False,False,False,False,True,0.2
2026-09-27T04:26:49Z,IL,IL00057IS016500018,39.1993,-88.502,58,Partly Cloudy,2,3,False,False,False,False,True,0.2
2026-09-27T04:26:49Z,IL,IL00074IW011400006,40.6111,-89.2323,59,Mostly Cloudy,6,5,False,False,False,False,True,0.2
2026-09-27T04:26:49Z,IL,IL00074IE006200001,40.8788,-90.0936,63,Mostly Cloudy,7,3,False,False,False,False,True,0.2
2026-09-27T04:26:49Z,IL,IL00070IW014900008,39.4228,-87.6617,53,Partly Cloudy,0,3,False,False,False,False,True,0.2
2026-09-27T04:26:49Z,IL,IL00057IN016500044,39.1898,-88.5031,58,Partly Cloudy,2,3,False,False,False,False,True,0.2
2026-09-27T04:26:49Z,IL,IL00055IS010400024,39.8871,-89.5966,63,Mostly Cloudy,10,5,False,False,False,False,True,0.2
2026-09-27T04:26:49Z,IL,IL00057IS003200025,37.4699,-89.1329,63,Mostly Cloudy,1,0,False,False,False,False,True,0.2
2026-09-27T04:26:49Z,IL,IL00057IN003200035,37.4661,-89.1324,63,Mostly Cloudy,1,0,False,False,False,False,True,0.2
2026-09-27T04:26:49Z,IN,322,38.195,-87.8597,63,Partly Cloudy,0,2,False,False,False,False,False,0.0
2026-09-27T04:26:49Z,IN,317,38.5852,-85.7768,57,Mostly Clear,0,2,False,False,False,False,False,0.0
2026-09-27T04:26:49Z,IN,316,38.5859,-85.7809,57,Mostly Clear,0,2,False,False,False,False,False,0.0
2026-09-27T04:26:49Z,IN,315,39.2602,-85.9521,57,Clear,0,3,False,False,False,False,False,0.0
2026-09-27T04:26:49Z,IN,314,39.2767,-85.9569,57,Clear,0,3,False,False,False,False,False,0.0
2026-09-27T04:26:49Z,IN,313,40.1578,-86.5387,54,Mostly Clear,0,3,False,False,False,False,False,0.0
2026-09-27T04:26:49Z,IN,312,40.1722,-86.5522,55,Mostly Clear,0,3,False,False,False,False,False,0.0
2026-09-27T04:26:49Z,IN,311,40.6992,-87.0628,54,Partly Cloudy,0,0,False,False,False,False,False,0.0
2026-09-27T04:26:49Z,IN,310,40.6984,-87.0646,54,Partly Cloudy,0,0,False,False,False,False,False,0.0
2026-09-27T04:26:49Z,IN,308,41.1653,-87.271,52,Mostly Clear,0,5,False,False,False,False,False,0.0
2026-09-27T04:26:49Z,IN,309,41.1666,-87.2749,52,Mostly Clear,0,5,False,False,False,False,False,0.0
2026-09-27T04:26:49Z,IN,318,40.3543,-85.5576,53,Clear,0,3,False,False,False,False,False,0.0
2026-09-27T04:26:49Z,IN,319,40.3569,-85.56,53,Clear,0,3,False,False,False,False,False,0.0
2026-09-27T04:26:49Z,IN,320,41.2963,-85.0863,52,Clear,0,0,False,False,False,False,False,0.0
2026-09-27T04:26:49Z,IN,321,41.5803,-85.0597,52,Clear,0,5,False,False,False,False,False,0.0
2026-09-27T04:26:49Z,IN,300,39.4417,-87.5002,57,Mostly Clear,0,3,False,False,False,False,False,0.0
2026-09-27T04:26:49Z,IN,302,39.6517,-86.3967,56,Mostly Clear,0,5,False,False,False,False,False,0.0
2026-09-27T04:26:49Z,IN,301,39.6541,-86.4005,56,Mostly Clear,0,5,False,False,False,False,False,0.0
2026-09-27T04:26:49Z,IN,303,39.8243,-85.7039,55,Clear,0,3,False,False,False,False,False,0.0
2026-09-27T04:26:49Z,IN,304,39.8266,-85.704,55,Clear,0,3,False,False,False,False,False,0.0
2026-09-27T04:26:49Z,IN,305,39.8605,-85.0259,52,Mostly Clear,0,3,False,False,False,False,False,0.0
2026-09-27T04:26:49Z,IN,323,39.29,-85.1688,52,Mostly Clear,0,2,False,False,False,False,False,0.0
2026-09-27T04:26:49Z,IN,702,41.7472,-85.3285,52,Clear,0,5,False,False,False,False,False,0.0
2026-09-27T04:26:49Z,IN,701,41.5889,-87.2173,56,Partly Cloudy,0,5,False,False,False,False,False,0.0
2026-09-27T04:26:49Z,IN,704,41.7058,-86.6212,51,Mostly Clear,0,5,False,False,False,False,False,0.0
2026-09-27T04:26:49Z,IN,703,41.7071,-86.6235,51,Mostly Clear,0,5,False,False,False,False,False,0.0
2026-09-27T04:26:49Z,IN,705,41.733,-86.0057,53,Mostly Clear,0,0,False,False,False,False,False,0.0
2026-09-27T04:26:49Z,IN,708,41.7472,-85.3285,52,Clear,0,5,False,False,False,False,False,0.0
2026-09-27T04:26:49Z,IN,707,41.7453,-85.3287,52,Clear,0,5,False,False,False,False,False,0.0
2026-09-27T04:26:49Z,IN,324,41.7353,-86.7933,51,Mostly Clear,0,0,False,False,False,False,False,0.0
2026-09-27T04:26:49Z,KY,KY00065IS0000020N65WELCOM,36.6434,-86.5687,58,Partly Cloudy,0,5,False,False,False,False,False,0.0
2026-09-27T04:26:49Z,KY,KY00065IS000020NSMARATHON,36.6612,-86.5553,59,Partly Cloudy,0,3,False,False,False,False,False,0.0
2026-09-27T04:26:49Z,KY,KY00065IS0000340NWEIGHS34,36.6868,-86.5379,59,Partly Cloudy,0,3,False,False,False,False,False,0.0
2026-09-27T04:26:49Z,KY,KY00065IS0011400S65SRA114,37.9464,-85.6905,58,Mostly Clear,0,2,False,False,False,False,False,0.0
2026-09-27T04:26:49Z,KY,KY00065IS0005900S65SRA059,37.239,-85.9297,57,Mostly Clear,0,1,False,False,False,False,False,0.0
2026-09-27T04:26:49Z,KY,KY00065IS0005900N65NRA059,37.2384,-85.9271,57,Mostly Clear,0,1,False,False,False,False,False,0.0
2026-09-27T04:26:49Z,KY,KY00075IS0003300NWEIGHS33,37.0422,-84.0968,57,Clear,0,2,False,False,False,False,False,0.0
2026-09-27T04:26:49Z,KY,KY00075IS0003400SWEIGHS34,37.048,-84.0997,57,Clear,0,3,False,False,False,False,False,0.0
2026-09-27T04:26:49Z,KY,KY00075IS0017700N75NRA177,38.937,-84.6309,55,Clear,0,5,False,False,False,False,False,0.0
2026-09-27T04:26:49Z,KY,KY00075IS0007500SWALTONWS,38.8653,-84.6476,55,Clear,0,5,False,False,False,False,False,0.0
2026-09-27T04:26:49Z,KY,KY00075IS0017700S75SRA177,38.9388,-84.6339,55,Clear,0,5,False,False,False,False,False,0.0
2026-09-27T04:26:49Z,KY,KY00075IS0016800SCRITENWS,38.8196,-84.6015,55,Clear,0,5,False,False,False,False,False,0.0
2026-09-27T04:26:49Z,KY,KY00075IS0000100N75WELCOM,36.6162,-84.1054,54,Clear,0,1,False,False,False,False,False,0.0
2026-09-27T04:41:49Z,IL,IL00070IE002700042,38.7849,-89.7023,59,Partly Cloudy,4,1,False,False,False,False,True,0.2
2026-09-27T04:41:49Z,IL,IL00055IS002700019,38.8723,-89.8511,59,Partly Cloudy,5,1,False,False,False,False,True,0.2
2026-09-27T04:41:49Z,IL,IL00080IW005100013,41.3937,-89.5591,59,Mostly Cloudy,5,5,False,False,False,False,True,0.2
2026-09-27T04:41:49Z,IL,IL00074IW002800020,41.2141,-90.3308,61,Mostly Cloudy,6,5,False,False,False,False,True,0.2
2026-09-27T04:41:49Z,IL,IL00057IN033300049,41.3892,-87.7729,54,Partly Cloudy,0,5,False,False,False,False,True,0.2
2026-09-27T04:41:49Z,IL,IL00055IN010400050,39.8627,-89.5948,64,Mostly Cloudy,8,3,False,False,False,False,True,0.2
2026-09-27T04:41:49Z,IL,IL00070IE008600051,39.0651,-88.6745,62,Mostly Cloudy,3,2,False,False,False,False,True,0.2
2026-09-27T04:41:49Z,IL,IL00057IN026800032,40.5505,-88.0605,57,Partly Cloudy,0,5,False,False,False,False,True,0.2
2026-09-27T04:41:49Z,IL,IL00024IW003700010,37.1593,-88.6798,64,Partly Cloudy,1,2,False,False,False,False,True,0.2
2026-09-27T04:41:49Z,IL,IL00070IW002700015,38.7884,-89.6889,59,Partly Cloudy,4,0,False,False,False,False,True,0.2
2026-09-27T04:41:49Z,IL,IL00064IW013000053,38.2322,-87.9882,64,Partly Cloudy,1,1,False,False,False,False,True,0.2
2026-09-27T04:41:49Z,IL,IL00080IE005100040,41.3938,-89.5665,59,Mostly Cloudy,5,5,False,False,False,False,True,0.2
2026-09-27T04:41:49Z,IL,IL00074IE011400005,40.6125,-89.245,59,Mostly Cloudy,6,5,False,False,False,False,True,0.2
2026-09-27T04:41:49Z,IL,IL00072IE015200041,39.9923,-88.7827,62,Mostly Cloudy,2,5,False,False,False,False,True,0.2
2026-09-27T04:41:49Z,IL,IL00057IN007900034,38.0297,-88.9203,63,Mostly Cloudy,1,1,False,False,False,False,True,0.2
2026-09-27T04:41:49Z,IL,IL00064IE008500039,38.273,-88.8496,62,Mostly Cloudy,1,0,False,False,False,False,True,0.2
2026-09-27T04:41:49Z,IL,IL00074IW006200004,40.8802,-90.0895,63,Mostly Cloudy,8,3,False,False,False,False,True,0.2
2026-09-27T04:41:49Z,IL,IL00057IS026800022,40.5613,-88.0615,57,Partly Cloudy,0,5,False,False,False,False,True,0.2
2026-09-27T04:41:49Z,IL,IL00055IN002700029,38.8649,-89.8532,59,Partly Cloudy,5,1,False,False,False,False,True,0.2
2026-09-27T04:41:49Z,IL,IL00074IW020800052,40.1298,-87.7441,55,Partly Cloudy,0,3,False,False,False,False,True,0.2
2026-09-27T04:41:49Z,IL,IL00055IS019400021,40.8371,-88.6833,57,Partly Cloudy,2,5,False,False,False,False,True,0.2
2026-09-27T04:41:49Z,IL,IL00057IS011400023,38.5965,-88.9677,62,Mostly Cloudy,5,0,False,False,False,False,True,0.2
2026-09-27T04:41:49Z,IL,IL00074IE002800030,41.2334,-90.333,61,Mostly Cloudy,6,5,False,False,False,False,True,0.2
2026-09-27T04:41:49Z,IL,IL00080IE011700043,41.4314,-88.3454,55,Partly Cloudy,1,5,False,False,False,False,True,0.2
2026-09-27T04:41:49Z,IL,IL00039IS008500026,41.7285,-89.0105,54,Mostly Cloudy,4,5,False,False,False,False,True,0.2
2026-09-27T04:41:49Z,IL,IL00055IN019400031,40.8234,-88.6875,57,Partly Cloudy,2,5,False,False,False,False,True,0.2
2026-09-27T04:41:49Z,IL,IL00057IN011400033,38.5963,-88.9638,62,Mostly Cloudy,5,0,False,False,False,False,True,0.2
2026-09-27T04:41:49Z,IL,IL00074IE015600037,40.2732,-88.6762,61,Mostly Cloudy,2,6,False,False,False,False,True,0.2
2026-09-27T04:41:49Z,IL,IL00055IN006400027,39.3465,-89.6408,59,Mostly Cloudy,8,1,False,False,False,False,True,0.2
2026-09-27T04:41:49Z,IL,IL00055IN014900028,40.3599,-89.1099,61,Mostly Cloudy,2,6,False,False,False,False,True,0.2
2026-09-27T04:41:49Z,IL,IL00064IE002500038,38.5481,-89.7731,60,Partly Cloudy,4,0,False,False,False,False,True,0.2
2026-09-27T04:41:49Z,IL,IL00057IN022200048,39.9218,-88.299,58,Partly Cloudy,1,6,False,False,False,False,True,0.2
2026-09-27T04:41:49Z,IL,IL00039IN008500036,41.7236,-89.0062,53,Mostly Cloudy,5,5,False,False,False,False,True,0.2
2026-09-27T04:41:49Z,IL,IL00074IW015600009,40.2711,-88.6701,61,Mostly Cloudy,2,6,False,False,False,False,True,0.2
2026-09-27T04:41:49Z,IL,IL00057IS033300046,41.3918,-87.7749,54,Partly Cloudy,0,5,False,False,False,False,True,0.2
2026-09-27T04:41:49Z,IL,IL00057IS007900047,38.0962,-88.9138,64,Mostly Cloudy,1,1,False,False,False,False,True,0.2
2026-09-27T04:41:49Z,IL,IL00064IW002500011,38.5491,-89.7633,60,Partly Cloudy,4,1,False,False,False,False,True,0.2
2026-09-27T04:41:49Z,IL,IL00072IW015200014,39.9888,-88.7852,60,Mostly Cloudy,3,6,False,False,False,False,True,0.2
2026-09-27T04:41:49Z,IL,IL00080IW011700016,41.4473,-88.3285,55,Partly Cloudy,0,5,False,False,False,False,True,0.2
2026-09-27T04:41:49Z,IL,IL00055IS006400017,39.3523,-89.6447,58,Mostly Cloudy,7,1,False,False,False,False,True,0.2
2026-09-27T04:41:49Z,IL,IL00064IW008500012,38.2766,-88.8012,62,Mostly Cloudy,1,1,False,False,False,False,True,0.2
2026-09-27T04:41:49Z,IL,IL00057IS022200054,39.9314,-88.3043,59,Partly Cloudy,1,6,False,False,False,False,True,0.2
2026-09-27T04:41:49Z,IL,IL00070IW008700045,39.0679,-88.6704,62,Mostly Cloudy,3,2,False,False,False,False,True,0.2
2026-09-27T04:41:49Z,IL,IL00057IS016500018,39.1993,-88.502,58,Partly Cloudy,2,3,False,False,False,False,True,0.2
2026-09-27T04:41:49Z,IL,IL00074IW011400006,40.6111,-89.2323,61,Mostly Cloudy,4,5,False,False,False,False,True,0.2
2026-09-27T04:41:49Z,IL,IL00074IE006200001,40.8788,-90.0936,63,Mostly Cloudy,8,3,False,False,False,False,True,0.2
2026-09-27T04:41:49Z,IL,IL00070IW014900008,39.4228,-87.6617,55,Partly Cloudy,0,3,False,False,False,False,True,0.2
2026-09-27T04:41:49Z,IL,IL00057IN016500044,39.1898,-88.5031,60,Mostly Cloudy,2,3,False,False,False,False,True,0.2
2026-09-27T04:41:49Z,IL,IL00055IS010400024,39.8871,-89.5966,64,Mostly Cloudy,8,3,False,False,False,False,True,0.2
2026-09-27T04:41:49Z,IL,IL00057IS003200025,37.4699,-89.1329,63,Partly Cloudy,1,1,False,False,False,False,True,0.2
2026-09-27T04:41:49Z,IL,IL00057IN003200035,37.4661,-89.1324,63,Mostly Cloudy,1,0,False,False,False,False,True,0.2
2026-09-27T04:41:49Z,IN,322,38.195,-87.8597,64,Partly Cloudy,0,1,False,False,False,False,False,0.0
2026-09-27T04:41:49Z,IN,317,38.5852,-85.7768,57,Mostly Clear,0,2,False,False,False,False,False,0.0
2026-09-27T04:41:49Z,IN,316,38.5859,-85.7809,57,Mostly Clear,0,2,False,False,False,False,False,0.0
2026-09-27T04:41:49Z,IN,315,39.2602,-85.9521,58,Mostly Clear,0,3,False,False,False,False,False,0.0
2026-09-27T04:41:49Z,IN,314,39.2767,-85.9569,59,Mostly Clear,0,3,False,False,False,False,False,0.0
2026-09-27T04:41:49Z,IN,313,40.1578,-86.5387,54,Mostly Clear,0,3,False,False,False,False,False,0.0
2026-09-27T04:41:49Z,IN,312,40.1722,-86.5522,56,Mostly Clear,0,5,False,False,False,False,False,0.0
2026-09-27T04:41:49Z,IN,311,40.6992,-87.0628,54,Partly Cloudy,0,0,False,False,False,False,False,0.0
2026-09-27T04:41:49Z,IN,310,40.6984,-87.0646,54,Partly Cloudy,0,0,False,False,False,False,False,0.0
2026-09-27T04:41:49Z,IN,308,41.1653,-87.271,54,Mostly Clear,0,5,False,False,False,False,False,0.0
2026-09-27T04:41:49Z,IN,309,41.1666,-87.2749,52,Mostly Clear,0,5,False,False,False,False,False,0.0
2026-09-27T04:41:49Z,IN,318,40.3543,-85.5576,54,Clear,0,3,False,False,False,False,False,0.0
2026-09-27T04:41:49Z,IN,319,40.3569,-85.56,53,Clear,0,3,False,False,False,False,False,0.0
2026-09-27T04:41:49Z,IN,320,41.2963,-85.0863,52,Clear,0,5,False,False,False,False,False,0.0
2026-09-27T04:41:49Z,IN,321,41.5803,-85.0597,52,Clear,0,5,False,False,False,False,False,0.0
2026-09-27T04:41:49Z,IN,300,39.4417,-87.5002,59,Mostly Clear,0,3,False,False,False,False,False,0.0
2026-09-27T04:41:49Z,IN,302,39.6517,-86.3967,58,Mostly Clear,0,5,False,False,False,False,False,0.0
2026-09-27T04:41:49Z,IN,301,39.6541,-86.4005,56,Mostly Clear,0,5,False,False,False,False,False,0.0
2026-09-27T04:41:49Z,IN,303,39.8243,-85.7039,55,Clear,0,3,False,False,False,False,False,0.0
2026-09-27T04:41:49Z,IN,304,39.8266,-85.704,56,Clear,0,5,False,False,False,False,False,0.0
2026-09-27T04:41:49Z,IN,305,39.8605,-85.0259,53,Mostly Clear,0,3,False,False,False,False,False,0.0
2026-09-27T04:41:49Z,IN,323,39.29,-85.1688,54,Mostly Clear,0,2,False,False,False,False,False,0.0
2026-09-27T04:41:49Z,IN,702,41.7472,-85.3285,52,Clear,0,5,False,False,False,False,False,0.0
2026-09-27T04:41:49Z,IN,701,41.5889,-87.2173,56,Partly Cloudy,0,5,False,False,False,False,False,0.0
2026-09-27T04:41:49Z,IN,704,41.7058,-86.6212,52,Mostly Clear,0,5,False,False,False,False,False,0.0
2026-09-27T04:41:49Z,IN,703,41.7071,-86.6235,51,Mostly Clear,0,5,False,False,False,False,False,0.0
2026-09-27T04:41:49Z,IN,705,41.733,-86.0057,53,Mostly Clear,0,0,False,False,False,False,False,0.0
2026-09-27T04:41:49Z,IN,708,41.7472,-85.3285,52,Clear,0,5,False,False,False,False,False,0.0
2026-09-27T04:41:49Z,IN,707,41.7453,-85.3287,52,Clear,0,5,False,False,False,False,False,0.0
2026-09-27T04:41:49Z,IN,324,41.7353,-86.7933,51,Partly Cloudy,0,0,False,False,False,False,False,0.0
2026-09-27T04:41:49Z,KY,KY00065IS0000020N65WELCOM,36.6434,-86.5687,61,Partly Cloudy,0,5,False,False,False,False,False,0.0
2026-09-27T04:41:49Z,KY,KY00065IS000020NSMARATHON,36.6612,-86.5553,59,Partly Cloudy,0,3,False,False,False,False,False,0.0
2026-09-27T04:41:49Z,KY,KY00065IS0000340NWEIGHS34,36.6868,-86.5379,59,Partly Cloudy,0,3,False,False,False,False,False,0.0
2026-09-27T04:41:49Z,KY,KY00065IS0011400S65SRA114,37.9464,-85.6905,57,Mostly Clear,0,2,False,False,False,False,False,0.0
2026-09-27T04:41:49Z,KY,KY00065IS0005900S65SRA059,37.239,-85.9297,57,Mostly Clear,0,1,False,False,False,False,False,0.0
2026-09-27T04:41:49Z,KY,KY00065IS0005900N65NRA059,37.2384,-85.9271,59,Partly Cloudy,0,2,False,False,False,False,False,0.0
2026-09-27T04:41:49Z,KY,KY00075IS0003300NWEIGHS33,37.0422,-84.0968,58,Mostly Clear,0,3,False,False,False,False,False,0.0
2026-09-27T04:41:49Z,KY,KY00075IS0003400SWEIGHS34,37.048,-84.0997,58,Mostly Clear,0,3,False,False,False,False,False,0.0
2026-09-27T04:41:49Z,KY,KY00075IS0017700N75NRA177,38.937,-84.6309,55,Clear,0,5,False,False,False,False,False,0.0
2026-09-27T04:41:49Z,KY,KY00075IS0007500SWALTONWS,38.8653,-84.6476,56,Clear,0,5,False,False,False,False,False,0.0
2026-09-27T04:41:49Z,KY,KY00075IS0017700S75SRA177,38.9388,-84.6339,55,Clear,0,5,False,False,False,False,False,0.0
2026-09-27T04:41:49Z,KY,KY00075IS0016800SCRITENWS,38.8196,-84.6015,56,Clear,0,5,False,False,False,False,False,0.0
2026-09-27T04:41:49Z,KY,KY00075IS0000100N75WELCOM,36.6162,-84.1054,56,Mostly Clear,0,2,False,False,False,False,False,0.0
2026-09-27T04:41:54Z,IL,IL00070IE002700042,38.7849,-89.7023,59,Partly Cloudy,5,0,False,False,False,False,True,0.2
2026-09-27T04:41:54Z,IL,IL00055IS002700019,38.8723,-89.8511,59,Partly Cloudy,5,1,False,False,False,False,True,0.2
2026-09-27T04:41:54Z,IL,IL00080IW005100013,41.3937,-89.5591,58,Mostly Cloudy,6,5,False,False,False,False,True,0.2
2026-09-27T04:41:54Z,IL,IL00074IW002800020,41.2141,-90.3308,61,Mostly Cloudy,6,5,False,False,False,False,True,0.2
2026-09-27T04:41:54Z,IL,IL00057IN033300049,41.3892,-87.7729,53,Partly Cloudy,0,5,False,False,False,False,True,0.2
2026-09-27T04:41:54Z,IL,IL00055IN010400050,39.8627,-89.5948,63,Mostly Cloudy,10,5,False,False,False,False,True,0.2
2026-09-27T04:41:54Z,IL,IL00070IE008600051,39.0651,-88.6745,62,Mostly Cloudy,3,2,False,False,False,False,True,0.2
2026-09-27T04:41:54Z,IL,IL00057IN026800032,40.5505,-88.0605,56,Partly Cloudy,0,5,False,False,False,False,True,0.2
2026-09-27T04:41:54Z,IL,IL00024IW003700010,37.1593,-88.6798,63,Partly Cloudy,1,1,False,False,False,False,True,0.2
2026-09-27T04:41:54Z,IL,IL00070IW002700015,38.7884,-89.6889,59,Partly Cloudy,5,0,False,False,False,False,True,0.2
2026-09-27T04:41:54Z,IL,IL00064IW013000053,38.2322,-87.9882,63,Partly Cloudy,1,1,False,False,False,False,True,0.2
2026-09-27T04:41:54Z,IL,IL00080IE005100040,41.3938,-89.5665,58,Mostly Cloudy,6,5,False,False,False,False,True,0.2
2026-09-27T04:41:54Z,IL,IL00074IE011400005,40.6125,-89.245,59,Mostly Cloudy,6,5,False,False,False,False,True,0.2
2026-09-27T04:41:54Z,IL,IL00072IE015200041,39.9923,-88.7827,60,Mostly Cloudy,3,6,False,False,False,False,True,0.2
2026-09-27T04:41:54Z,IL,IL00057IN007900034,38.0297,-88.9203,63,Mostly Cloudy,1,1,False,False,False,False,True,0.2
2026-09-27T04:41:54Z,IL,IL00064IE008500039,38.273,-88.8496,62,Mostly Cloudy,1,0,False,False,False,False,True,0.2
2026-09-27T04:41:54Z,IL,IL00074IW006200004,40.8802,-90.0895,63,Mostly Cloudy,7,3,False,False,False,False,True,0.2
2026-09-27T04:41:54Z,IL,IL00057IS026800022,40.5613,-88.0615,56,Partly Cloudy,0,5,False,False,False,False,True,0.2
2026-09-27T04:41:54Z,IL,IL00055IN002700029,38.8649,-89.8532,59,Partly Cloudy,5,1,False,False,False,False,True,0.2
2026-09-27T04:41:54Z,IL,IL00074IW020800052,40.1298,-87.7441,55,Partly Cloudy,0,3,False,False,False,False,True,0.2
2026-09-27T04:41:54Z,IL,IL00055IS019400021,40.8371,-88.6833,56,Partly Cloudy,3,5,False,False,False,False,True,0.2
2026-09-27T04:41:54Z,IL,IL00057IS011400023,38.5965,-88.9677,62,Mostly Cloudy,6,0,False,False,False,False,True,0.2
2026-09-27T04:41:54Z,IL,IL00074IE002800030,41.2334,-90.333,61,Mostly Cloudy,6,5,False,False,False,False,True,0.2
2026-09-27T04:41:54Z,IL,IL00080IE011700043,41.4314,-88.3454,55,Partly Cloudy,1,5,False,False,False,False,True,0.2
2026-09-27T04:41:54Z,IL,IL00039IS008500026,41.7285,-89.0105,53,Mostly Cloudy,5,5,False,False,False,False,True,0.2
2026-09-27T04:41:54Z,IL,IL00055IN019400031,40.8234,-88.6875,56,Partly Cloudy,3,5,False,False,False,False,True,0.2
2026-09-27T04:41:54Z,IL,IL00057IN011400033,38.5963,-88.9638,62,Mostly Cloudy,6,0,False,False,False,False,True,0.2
2026-09-27T04:41:54Z,IL,IL00074IE015600037,40.2732,-88.6762,60,Mostly Cloudy,2,6,False,False,False,False,True,0.2
2026-09-27T04:41:54Z,IL,IL00055IN006400027,39.3465,-89.6408,59,Mostly Cloudy,8,1,False,False,False,False,True,0.2
2026-09-27T04:41:54Z,IL,IL00055IN014900028,40.3599,-89.1099,60,Mostly Cloudy,6,6,False,False,False,False,True,0.2
2026-09-27T04:41:54Z,IL,IL00064IE002500038,38.5481,-89.7731,60,Partly Cloudy,4,0,False,False,False,False,True,0.2
2026-09-27T04:41:54Z,IL,IL00057IN022200048,39.9218,-88.299,58,Partly Cloudy,1,6,False,False,False,False,True,0.2
2026-09-27T04:41:54Z,IL,IL00039IN008500036,41.7236,-89.0062,53,Mostly Cloudy,5,5,False,False,False,False,True,0.2
2026-09-27T04:41:54Z,IL,IL00074IW015600009,40.2711,-88.6701,59,Mostly Cloudy,2,6,False,False,False,False,True,0.2
2026-09-27T04:41:54Z,IL,IL00057IS033300046,41.3918,-87.7749,54,Partly Cloudy,0,5,False,False,False,False,True,0.2
2026-09-27T04:41:54Z,IL,IL00057IS007900047,38.0962,-88.9138,64,Mostly Cloudy,1,1,False,False,False,False,True,0.2
2026-09-27T04:41:54Z,IL,IL00064IW002500011,38.5491,-89.7633,60,Partly Cloudy,4,0,False,False,False,False,True,0.2
2026-09-27T04:41:54Z,IL,IL00072IW015200014,39.9888,-88.7852,60,Mostly Cloudy,3,6,False,False,False,False,True,0.2
2026-09-27T04:41:54Z,IL,IL00080IW011700016,41.4473,-88.3285,55,Partly Cloudy,0,5,False,False,False,False,True,0.2
2026-09-27T04:41:54Z,IL,IL00055IS006400017,39.3523,-89.6447,59,Mostly Cloudy,8,1,False,False,False,False,True,0.2
2026-09-27T04:41:54Z,IL,IL00064IW008500012,38.2766,-88.8012,62,Mostly Cloudy,1,1,False,False,False,False,True,0.2
2026-09-27T04:41:54Z,IL,IL00057IS022200054,39.9314,-88.3043,58,Partly Cloudy,1,6,False,False,False,False,True,0.2
2026-09-27T04:41:54Z,IL,IL00070IW008700045,39.0679,-88.6704,62,Mostly Cloudy,3,2,False,False,False,False,True,0.2
2026-09-27T04:41:54Z,IL,IL00057IS016500018,39.1993,-88.502,58,Partly Cloudy,2,3,False,False,False,False,True,0.2
2026-09-27T04:41:54Z,IL,IL00074IW011400006,40.6111,-89.2323,59,Mostly Cloudy,6,5,False,False,False,False,True,0.2
2026-09-27T04:41:54Z,IL,IL00074IE006200001,40.8788,-90.0936,63,Mostly Cloudy,7,3,False,False,False,False,True,0.2
2026-09-27T04:41:54Z,IL,IL00070IW014900008,39.4228,-87.6617,53,Partly Cloudy,0,3,False,False,False,False,True,0.2
2026-09-27T04:41:54Z,IL,IL00057IN016500044,39.1898,-88.5031,58,Partly Cloudy,2,3,False,False,False,False,True,0.2
2026-09-27T04:41:54Z,IL,IL00055IS010400024,39.8871,-89.5966,63,Mostly Cloudy,10,5,False,False,False,False,True,0.2
2026-09-27T04:41:54Z,IL,IL00057IS003200025,37.4699,-89.1329,63,Mostly Cloudy,1,0,False,False,False,False,True,0.2
2026-09-27T04:41:54Z,IL,IL00057IN003200035,37.4661,-89.1324,63,Mostly Cloudy,1,0,False,False,False,False,True,0.2
2026-09-27T04:41:54Z,IN,322,38.195,-87.8597,63,Partly Cloudy,0,2,False,False,False,False,False,0.0
2026-09-27T04:41:54Z,IN,317,38.5852,-85.7768,57,Mostly Clear,0,2,False,False,False,False,False,0.0
2026-09-27T04:41:54Z,IN,316,38.5859,-85.7809,57,Mostly Clear,0,2,False,False,False,False,False,0.0
2026-09-27T04:41:54Z,IN,315,39.2602,-85.9521,57,Clear,0,3,False,False,False,False,False,0.0
2026-09-27T04:41:54Z,IN,314,39.2767,-85.9569,57,Clear,0,3,False,False,False,False,False,0.0
2026-09-27T04:41:54Z,IN,313,40.1578,-86.5387,54,Mostly Clear,0,3,False,False,False,False,False,0.0
2026-09-27T04:41:54Z,IN,312,40.1722,-86.5522,55,Mostly Clear,0,3,False,False,False,False,False,0.0
2026-09-27T04:41:54Z,IN,311,40.6992,-87.0628,54,Partly Cloudy,0,0,False,False,False,False,False,0.0
2026-09-27T04:41:54Z,IN,310,40.6984,-87.0646,54,Partly Cloudy,0,0,False,False,False,False,False,0.0
2026-09-27T04:41:54Z,IN,308,41.1653,-87.271,52,Mostly Clear,0,5,False,False,False,False,False,0.0
2026-09-27T04:41:54Z,IN,309,41.1666,-87.2749,52,Mostly Clear,0,5,False,False,False,False,False,0.0
2026-09-27T04:41:54Z,IN,318,40.3543,-85.5576,53,Clear,0,3,False,False,False,False,False,0.0
2026-09-27T04:41:54Z,IN,319,40.3569,-85.56,53,Clear,0,3,False,False,False,False,False,0.0
2026-09-27T04:41:54Z,IN,320,41.2963,-85.0863,52,Clear,0,0,False,False,False,False,False,0.0
2026-09-27T04:41:54Z,IN,321,41.5803,-85.0597,52,Clear,0,5,False,False,False,False,False,0.0
2026-09-27T04:41:54Z,IN,300,39.4417,-87.5002,57,Mostly Clear,0,3,False,False,False,False,False,0.0
2026-09-27T04:41:54Z,IN,302,39.6517,-86.3967,56,Mostly Clear,0,5,False,False,False,False,False,0.0
2026-09-27T04:41:54Z,IN,301,39.6541,-86.4005,56,Mostly Clear,0,5,False,False,False,False,False,0.0
2026-09-27T04:41:54Z,IN,303,39.8243,-85.7039,55,Clear,0,3,False,False,False,False,False,0.0
2026-09-27T04:41:54Z,IN,304,39.8266,-85.704,55,Clear,0,3,False,False,False,False,False,0.0
2026-09-27T04:41:54Z,IN,305,39.8605,-85.0259,52,Mostly Clear,0,3,False,False,False,False,False,0.0
2026-09-27T04:41:54Z,IN,323,39.29,-85.1688,52,Mostly Clear,0,2,False,False,False,False,False,0.0
2026-09-27T04:41:54Z,IN,702,41.7472,-85.3285,52,Clear,0,5,False,False,False,False,False,0.0
2026-09-27T04:41:54Z,IN,701,41.5889,-87.2173,56,Partly Cloudy,0,5,False,False,False,False,False,0.0
2026-09-27T04:41:54Z,IN,704,41.7058,-86.6212,51,Mostly Clear,0,5,False,False,False,False,False,0.0
2026-09-27T04:41:54Z,IN,703,41.7071,-86.6235,51,Mostly Clear,0,5,False,False,False,False,False,0.0
2026-09-27T04:41:54Z,IN,705,41.733,-86.0057,53,Mostly Clear,0,0,False,False,False,False,False,0.0
2026-09-27T04:41:54Z,IN,708,41.7472,-85.3285,52,Clear,0,5,False,False,False,False,False,0.0
2026-09-27T04:41:54Z,IN,707,41.7453,-85.3287,52,Clear,0,5,False,False,False,False,False,0.0
2026-09-27T04:41:54Z,IN,324,41.7353,-86.7933,51,Mostly Clear,0,0,False,False,False,False,False,0.0
2026-09-27T04:41:54Z,KY,KY00065IS0000020N65WELCOM,36.6434,-86.5687,58,Partly Cloudy,0,5,False,False,False,False,False,0.0
2026-09-27T04:41:54Z,KY,KY00065IS000020NSMARATHON,36.6612,-86.5553,59,Partly Cloudy,0,3,False,False,False,False,False,0.0
2026-09-27T04:41:54Z,KY,KY00065IS0000340NWEIGHS34,36.6868,-86.5379,59,Partly Cloudy,0,3,False,False,False,False,False,0.0
2026-09-27T04:41:54Z,KY,KY00065IS0011400S65SRA114,37.9464,-85.6905,58,Mostly Clear,0,2,False,False,False,False,False,0.0
2026-09-27T04:41:54Z,KY,KY00065IS0005900S65SRA059,37.239,-85.9297,57,Mostly Clear,0,1,False,False,False,False,False,0.0
2026-09-27T04:41:54Z,KY,KY00065IS0005900N65NRA059,37.2384,-85.9271,57,Mostly Clear,0,1,False,False,False,False,False,0.0
2026-09-27T04:41:54Z,KY,KY00075IS0003300NWEIGHS33,37.0422,-84.0968,57,Clear,0,2,False,False,False,False,False,0.0
2026-09-27T04:41:54Z,KY,KY00075IS0003400SWEIGHS34,37.048,-84.0997,57,Clear,0,3,False,False,False,False,False,0.0
2026-09-27T04:41:54Z,KY,KY00075IS0017700N75NRA177,38.937,-84.6309,55,Clear,0,5,False,False,False,False,False,0.0
2026-09-27T04:41:54Z,KY,KY00075IS0007500SWALTONWS,38.8653,-84.6476,55,Clear,0,5,False,False,False,False,False,0.0
2026-09-27T04:41:54Z,KY,KY00075IS0017700S75SRA177,38.9388,-84.6339,55,Clear,0,5,False,False,False,False,False,0.0
2026-09-27T04:41:54Z,KY,KY00075IS0016800SCRITENWS,38.8196,-84.6015,55,Clear,0,5,False,False,False,False,False,0.0
2026-09-27T04:41:54Z,KY,KY00075IS0000100N75WELCOM,36.6162,-84.1054,54,Clear,0,1,False,False,False,False,False,0.0
2026-09-27T04:41:58Z,IL,IL00070IE002700042,38.7849,-89.7023,59,Partly Cloudy,5,0,False,False,False,False,True,0.2
2026-09-27T04:41:58Z,IL,IL00055IS002700019,38.8723,-89.8511,59,Partly Cloudy,5,1,False,False,False,False,True,0.2
2026-09-27T04:41:58Z,IL,IL00080IW005100013,41.3937,-89.5591,58,Mostly Cloudy,6,5,False,False,False,False,True,0.2
2026-09-27T04:41:58Z,IL,IL00074IW002800020,41.2141,-90.3308,61,Mostly Cloudy,6,5,False,False,False,False,True,0.2
2026-09-27T04:41:58Z,IL,IL00057IN033300049,41.3892,-87.7729,53,Partly Cloudy,0,5,False,False,False,False,True,0.2
2026-09-27T04:41:58Z,IL,IL00055IN010400050,39.8627,-89.5948,63,Mostly Cloudy,10,5,False,False,False,False,True,0.2
2026-09-27T04:41:58Z,IL,IL00070IE008600051,39.0651,-88.6745,62,Mostly Cloudy,3,2,False,False,False,False,True,0.2
2026-09-27T04:41:58Z,IL,IL00057IN026800032,40.5505,-88.0605,56,Partly Cloudy,0,5,False,False,False,False,True,0.2
2026-09-27T04:41:58Z,IL,IL00024IW003700010,37.1593,-88.6798,63,Partly Cloudy,1,1,False,False,False,False,True,0.2
2026-09-27T04:41:58Z,IL,IL00070IW002700015,38.7884,-89.6889,59,Partly Cloudy,5,0,False,False,False,False,True,0.2
2026-09-27T04:41:58Z,IL,IL00064IW013000053,38.2322,-87.9882,63,Partly Cloudy,1,1,False,False,False,False,True,0.2
2026-09-27T04:41:58Z,IL,IL00080IE005100040,41.3938,-89.5665,58,Mostly Cloudy,6,5,False,False,False,False,True,0.2
2026-09-27T04:41:58Z,IL,IL00074IE011400005,40.6125,-89.245,59,Mostly Cloudy,6,5,False,False,False,False,True,0.2
2026-09-27T04:41:58Z,IL,IL00072IE015200041,39.9923,-88.7827,60,Mostly Cloudy,3,6,False,False,False,False,True,0.2
2026-09-27T04:41:58Z,IL,IL00057IN007900034,38.0297,-88.9203,63,Mostly Cloudy,1,1,False,False,False,False,True,0.2
2026-09-27T04:41:58Z,IL,IL00064IE008500039,38.273,-88.8496,62,Mostly Cloudy,1,0,False,False,False,False,True,0.2
2026-09-27T04:41:58Z,IL,IL00074IW006200004,40.8802,-90.0895,63,Mostly Cloudy,7,3,False,False,False,False,True,0.2
2026-09-27T04:41:58Z,IL,IL00057IS026800022,40.5613,-88.0615,56,Partly Cloudy,0,5,False,False,False,False,True,0.2
2026-09-27T04:41:58Z,IL,IL00055IN002700029,38.8649,-89.8532,59,Partly Cloudy,5,1,False,False,False,False,True,0.2
2026-09-27T04:41:58Z,IL,IL00074IW020800052,40.1298,-87.7441,55,Partly Cloudy,0,3,False,False,False,False,True,0.2
2026-09-27T04:41:58Z,IL,IL00055IS019400021,40.8371,-88.6833,56,Partly Cloudy,3,5,False,False,False,False,True,0.2
2026-09-27T04:41:58Z,IL,IL00057IS011400023,38.5965,-88.9677,62,Mostly Cloudy,6,0,False,False,False,False,True,0.2
2026-09-27T04:41:58Z,IL,IL00074IE002800030,41.2334,-90.333,61,Mostly Cloudy,6,5,False,False,False,False,True,0.2
2026-09-27T04:41:58Z,IL,IL00080IE011700043,41.4314,-88.3454,55,Partly Cloudy,1,5,False,False,False,False,True,0.2
2026-09-27T04:41:58Z,IL,IL00039IS008500026,41.7285,-89.0105,53,Mostly Cloudy,5,5,False,False,False,False,True,0.2
2026-09-27T04:41:58Z,IL,IL00055IN019400031,40.8234,-88.6875,56,Partly Cloudy,3,5,False,False,False,False,True,0.2
2026-09-27T04:41:58Z,IL,IL00057IN011400033,38.5963,-88.9638,62,Mostly Cloudy,6,0,False,False,False,False,True,0.2
2026-09-27T04:41:58Z,IL,IL00074IE015600037,40.2732,-88.6762,60,Mostly Cloudy,2,6,False,False,False,False,True,0.2
2026-09-27T04:41:58Z,IL,IL00055IN006400027,39.3465,-89.6408,59,Mostly Cloudy,8,1,False,False,False,False,True,0.2
2026-09-27T04:41:58Z,IL,IL00055IN014900028,40.3599,-89.1099,60,Mostly Cloudy,6,6,False,False,False,False,True,0.2
2026-09-27T04:41:58Z,IL,IL00064IE002500038,38.5481,-89.7731,60,Partly Cloudy,4,0,False,False,False,False,True,0.2
2026-09-27T04:41:58Z,IL,IL00057IN022200048,39.9218,-88.299,58,Partly Cloudy,1,6,False,False,False,False,True,0.2
2026-09-27T04:41:58Z,IL,IL00039IN008500036,41.7236,-89.0062,53,Mostly Cloudy,5,5,False,False,False,False,True,0.2
2026-09-27T04:41:58Z,IL,IL00074IW015600009,40.2711,-88.6701,59,Mostly Cloudy,2,6,False,False,False,False,True,0.2
2026-09-27T04:41:58Z,IL,IL00057IS033300046,41.3918,-87.7749,54,Partly Cloudy,0,5,False,False,False,False,True,0.2
2026-09-27T04:41:58Z,IL,IL00057IS007900047,38.0962,-88.9138,64,Mostly Cloudy,1,1,False,False,False,False,True,0.2
2026-09-27T04:41:58Z,IL,IL00064IW002500011,38.5491,-89.7633,60,Partly Cloudy,4,0,False,False,False,False,True,0.2
2026-09-27T04:41:58Z,IL,IL00072IW015200014,39.9888,-88.7852,60,Mostly Cloudy,3,6,False,False,False,False,True,0.2
2026-09-27T04:41:58Z,IL,IL00080IW011700016,41.4473,-88.3285,55,Partly Cloudy,0,5,False,False,False,False,True,0.2
2026-09-27T04:41:58Z,IL,IL00055IS006400017,39.3523,-89.6447,59,Mostly Cloudy,8,1,False,False,False,False,True,0.2
2026-09-27T04:41:58Z,IL,IL00064IW008500012,38.2766,-88.8012,62,Mostly Cloudy,1,1,False,False,False,False,True,0.2
2026-09-27T04:41:58Z,IL,IL00057IS022200054,39.9314,-88.3043,58,Partly Cloudy,1,6,False,False,False,False,True,0.2
2026-09-27T04:41:58Z,IL,IL00070IW008700045,39.0679,-88.6704,62,Mostly Cloudy,3,2,False,False,False,False,True,0.2
2026-09-27T04:41:58Z,IL,IL00057IS016500018,39.1993,-88.502,58,Partly Cloudy,2,3,False,False,False,False,True,0.2
2026-09-27T04:41:58Z,IL,IL00074IW011400006,40.6111,-89.2323,59,Mostly Cloudy,6,5,False,False,False,False,True,0.2
2026-09-27T04:41:58Z,IL,IL00074IE006200001,40.8788,-90.0936,63,Mostly Cloudy,7,3,False,False,False,False,True,0.2
2026-09-27T04:41:58Z,IL,IL00070IW014900008,39.4228,-87.6617,53,Partly Cloudy,0,3,False,False,False,False,True,0.2
2026-09-27T04:41:58Z,IL,IL00057IN016500044,39.1898,-88.5031,58,Partly Cloudy,2,3,False,False,False,False,True,0.2
2026-09-27T04:41:58Z,IL,IL00055IS010400024,39.8871,-89.5966,63,Mostly Cloudy,10,5,False,False,False,False,True,0.2
2026-09-27T04:41:58Z,IL,IL00057IS003200025,37.4699,-89.1329,63,Mostly Cloudy,1,0,False,False,False,False,True,0.2
2026-09-27T04:41:58Z,IL,IL00057IN003200035,37.4661,-89.1324,63,Mostly Cloudy,1,0,False,False,False,False,True,0.2
2026-09-27T04:41:58Z,IN,322,38.195,-87.8597,63,Partly Cloudy,0,2,False,False,False,False,False,0.0
2026-09-27T04:41:58Z,IN,317,38.5852,-85.7768,57,Mostly Clear,0,2,False,False,False,False,False,0.0
2026-09-27T04:41:58Z,IN,316,38.5859,-85.7809,57,Mostly Clear,0,2,False,False,False,False,False,0.0
2026-09-27T04:41:58Z,IN,315,39.2602,-85.9521,57,Clear,0,3,False,False,False,False,False,0.0
2026-09-27T04:41:58Z,IN,314,39.2767,-85.9569,57,Clear,0,3,False,False,False,False,False,0.0
2026-09-27T04:41:58Z,IN,313,40.1578,-86.5387,54,Mostly Clear,0,3,False,False,False,False,False,0.0
2026-09-27T04:41:58Z,IN,312,40.1722,-86.5522,55,Mostly Clear,0,3,False,False,False,False,False,0.0
2026-09-27T04:41:58Z,IN,311,40.6992,-87.0628,54,Partly Cloudy,0,0,False,False,False,False,False,0.0
2026-09-27T04:41:58Z,IN,310,40.6984,-87.0646,54,Partly Cloudy,0,0,False,False,False,False,False,0.0
2026-09-27T04:41:58Z,IN,308,41.1653,-87.271,52,Mostly Clear,0,5,False,False,False,False,False,0.0
2026-09-27T04:41:58Z,IN,309,41.1666,-87.2749,52,Mostly Clear,0,5,False,False,False,False,False,0.0
2026-09-27T04:41:58Z,IN,318,40.3543,-85.5576,53,Clear,0,3,False,False,False,False,False,0.0
2026-09-27T04:41:58Z,IN,319,40.3569,-85.56,53,Clear,0,3,False,False,False,False,False,0.0
2026-09-27T04:41:58Z,IN,320,41.2963,-85.0863,52,Clear,0,0,False,False,False,False,False,0.0
2026-09-27T04:41:58Z,IN,321,41.5803,-85.0597,52,Clear,0,5,False,False,False,False,False,0.0
2026-09-27T04:41:58Z,IN,300,39.4417,-87.5002,57,Mostly Clear,0,3,False,False,False,False,False,0.0
2026-09-27T04:41:58Z,IN,302,39.6517,-86.3967,56,Mostly Clear,0,5,False,False,False,False,False,0.0
2026-09-27T04:41:58Z,IN,301,39.6541,-86.4005,56,Mostly Clear,0,5,False,False,False,False,False,0.0
2026-09-27T04:41:58Z,IN,303,39.8243,-85.7039,55,Clear,0,3,False,False,False,False,False,0.0
2026-09-27T04:41:58Z,IN,304,39.8266,-85.704,55,Clear,0,3,False,False,False,False,False,0.0
2026-09-27T04:41:58Z,IN,305,39.8605,-85.0259,52,Mostly Clear,0,3,False,False,False,False,False,0.0
2026-09-27T04:41:58Z,IN,323,39.29,-85.1688,52,Mostly Clear,0,2,False,False,False,False,False,0.0
2026-09-27T04:41:58Z,IN,702,41.7472,-85.3285,52,Clear,0,5,False,False,False,False,False,0.0
2026-09-27T04:41:58Z,IN,701,41.5889,-87.2173,56,Partly Cloudy,0,5,False,False,False,False,False,0.0
2026-09-27T04:41:58Z,IN,704,41.7058,-86.6212,51,Mostly Clear,0,5,False,False,False,False,False,0.0
2026-09-27T04:41:58Z,IN,703,41.7071,-86.6235,51,Mostly Clear,0,5,False,False,False,False,False,0.0
2026-09-27T04:41:58Z,IN,705,41.733,-86.0057,53,Mostly Clear,0,0,False,False,False,False,False,0.0
2026-09-27T04:41:58Z,IN,708,41.7472,-85.3285,52,Clear,0,5,False,False,False,False,False,0.0
2026-09-27T04:41:58Z,IN,707,41.7453,-85.3287,52,Clear,0,5,False,False,False,False,False,0.0
2026-09-27T04:41:58Z,IN,324,41.7353,-86.7933,51,Mostly Clear,0,0,False,False,False,False,False,0.0
2026-09-27T04:41:58Z,KY,KY00065IS0000020N65WELCOM,36.6434,-86.5687,58,Partly Cloudy,0,5,False,False,False,False,False,0.0
2026-09-27T04:41:58Z,KY,KY00065IS000020NSMARATHON,36.6612,-86.5553,59,Partly Cloudy,0,3,False,False,False,False,False,0.0
2026-09-27T04:41:58Z,KY,KY00065IS0000340NWEIGHS34,36.6868,-86.5379,59,Partly Cloudy,0,3,False,False,False,False,False,0.0
2026-09-27T04:41:58Z,KY,KY00065IS0011400S65SRA114,37.9464,-85.6905,58,Mostly Clear,0,2,False,False,False,False,False,0.0
2026-09-27T04:41:58Z,KY,KY00065IS0005900S65SRA059,37.239,-85.9297,57,Mostly Clear,0,1,False,False,False,False,False,0.0
2026-09-27T04:41:58Z,KY,KY00065IS0005900N65NRA059,37.2384,-85.9271,57,Mostly Clear,0,1,False,False,False,False,False,0.0
2026-09-27T04:41:58Z,KY,KY00075IS0003300NWEIGHS33,37.0422,-84.0968,57,Clear,0,2,False,False,False,False,False,0.0
2026-09-27T04:41:58Z,KY,KY00075IS0003400SWEIGHS34,37.048,-84.0997,57,Clear,0,3,False,False,False,False,False,0.0
2026-09-27T04:41:58Z,KY,KY00075IS0017700N75NRA177,38.937,-84.6309,55,Clear,0,5,False,False,False,False,False,0.0
2026-09-27T04:41:58Z,KY,KY00075IS0007500SWALTONWS,38.8653,-84.6476,55,Clear,0,5,False,False,False,False,False,0.0
2026-09-27T04:41:58Z,KY,KY00075IS0017700S75SRA177,38.9388,-84.6339,55,Clear,0,5,False,False,False,False,False,0.0
2026-09-27T04:41:58Z,KY,KY00075IS0016800SCRITENWS,38.8196,-84.6015,55,Clear,0,5,False,False,False,False,False,0.0
2026-09-27T04:41:58Z,KY,KY00075IS0000100N75WELCOM,36.6162,-84.1054,54,Clear,0,1,False,False,False,False,False,0.0
2026-09-27T04:42:02Z,IL,IL00070IE002700042,38.7849,-89.7023,59,Partly Cloudy,5,0,False,False,False,False,True,0.2
2026-09-27T04:42:02Z,IL,IL00055IS002700019,38.8723,-89.8511,59,Partly Cloudy,5,1,False,False,False,False,True,0.2
2026-09-27T04:42:02Z,IL,IL00080IW005100013,41.3937,-89.5591,58,Mostly Cloudy,6,5,False,False,False,False,True,0.2
2026-09-27T04:42:02Z,IL,IL00074IW002800020,41.2141,-90.3308,61,Mostly Cloudy,6,5,False,False,False,False,True,0.2
2026-09-27T04:42:02Z,IL,IL00057IN033300049,41.3892,-87.7729,53,Partly Cloudy,0,5,False,False,False,False,True,0.2
2026-09-27T04:42:02Z,IL,IL00055IN010400050,39.8627,-89.5948,63,Mostly Cloudy,10,5,False,False,False,False,True,0.2
2026-09-27T04:42:02Z,IL,IL00070IE008600051,39.0651,-88.6745,62,Mostly Cloudy,3,2,False,False,False,False,True,0.2
2026-09-27T04:42:02Z,IL,IL00057IN026800032,40.5505,-88.0605,56,Partly Cloudy,0,5,False,False,False,False,True,0.2
2026-09-27T04:42:02Z,IL,IL00024IW003700010,37.1593,-88.6798,63,Partly Cloudy,1,1,False,False,False,False,True,0.2
2026-09-27T04:42:02Z,IL,IL00070IW002700015,38.7884,-89.6889,59,Partly Cloudy,5,0,False,False,False,False,True,0.2
2026-09-27T04:42:02Z,IL,IL00064IW013000053,38.2322,-87.9882,63,Partly Cloudy,1,1,False,False,False,False,True,0.2
2026-09-27T04:42:02Z,IL,IL00080IE005100040,41.3938,-89.5665,58,Mostly Cloudy,6,5,False,False,False,False,True,0.2
2026-09-27T04:42:02Z,IL,IL00074IE011400005,40.6125,-89.245,59,Mostly Cloudy,6,5,False,False,False,False,True,0.2
2026-09-27T04:42:02Z,IL,IL00072IE015200041,39.9923,-88.7827,60,Mostly Cloudy,3,6,False,False,False,False,True,0.2
2026-09-27T04:42:02Z,IL,IL00057IN007900034,38.0297,-88.9203,63,Mostly Cloudy,1,1,False,False,False,False,True,0.2
2026-09-27T04:42:02Z,IL,IL00064IE008500039,38.273,-88.8496,62,Mostly Cloudy,1,0,False,False,False,False,True,0.2
2026-09-27T04:42:02Z,IL,IL00074IW006200004,40.8802,-90.0895,63,Mostly Cloudy,7,3,False,False,False,False,True,0.2
2026-09-27T04:42:02Z,IL,IL00057IS026800022,40.5613,-88.0615,56,Partly Cloudy,0,5,False,False,False,False,True,0.2
2026-09-27T04:42:02Z,IL,IL00055IN002700029,38.8649,-89.8532,59,Partly Cloudy,5,1,False,False,False,False,True,0.2
2026-09-27T04:42:02Z,IL,IL00074IW020800052,40.1298,-87.7441,55,Partly Cloudy,0,3,False,False,False,False,True,0.2
2026-09-27T04:42:02Z,IL,IL00055IS019400021,40.8371,-88.6833,56,Partly Cloudy,3,5,False,False,False,False,True,0.2
2026-09-27T04:42:02Z,IL,IL00057IS011400023,38.5965,-88.9677,62,Mostly Cloudy,6,0,False,False,False,False,True,0.2
2026-09-27T04:42:02Z,IL,IL00074IE002800030,41.2334,-90.333,61,Mostly Cloudy,6,5,False,False,False,False,True,0.2
2026-09-27T04:42:02Z,IL,IL00080IE011700043,41.4314,-88.3454,55,Partly Cloudy,1,5,False,False,False,False,True,0.2
2026-09-27T04:42:02Z,IL,IL00039IS008500026,41.7285,-89.0105,53,Mostly Cloudy,5,5,False,False,False,False,True,0.2
2026-09-27T04:42:02Z,IL,IL00055IN019400031,40.8234,-88.6875,56,Partly Cloudy,3,5,False,False,False,False,True,0.2
2026-09-27T04:42:02Z,IL,IL00057IN011400033,38.5963,-88.9638,62,Mostly Cloudy,6,0,False,False,False,False,True,0.2
2026-09-27T04:42:02Z,IL,IL00074IE015600037,40.2732,-88.6762,60,Mostly Cloudy,2,6,False,False,False,False,True,0.2
2026-09-27T04:42:02Z,IL,IL00055IN006400027,39.3465,-89.6408,59,Mostly Cloudy,8,1,False,False,False,False,True,0.2
2026-09-27T04:42:02Z,IL,IL00055IN014900028,40.3599,-89.1099,60,Mostly Cloudy,6,6,False,False,False,False,True,0.2
2026-09-27T04:42:02Z,IL,IL00064IE002500038,38.5481,-89.7731,60,Partly Cloudy,4,0,False,False,False,False,True,0.2
2026-09-27T04:42:02Z,IL,IL00057IN022200048,39.9218,-88.299,58,Partly Cloudy,1,6,False,False,False,False,True,0.2
2026-09-27T04:42:02Z,IL,IL00039IN008500036,41.7236,-89.0062,53,Mostly Cloudy,5,5,False,False,False,False,True,0.2
2026-09-27T04:42:02Z,IL,IL00074IW015600009,40.2711,-88.6701,59,Mostly Cloudy,2,6,False,False,False,False,True,0.2
2026-09-27T04:42:02Z,IL,IL00057IS033300046,41.3918,-87.7749,54,Partly Cloudy,0,5,False,False,False,False,True,0.2
2026-09-27T04:42:02Z,IL,IL00057IS007900047,38.0962,-88.9138,64,Mostly Cloudy,1,1,False,False,False,False,True,0.2
2026-09-27T04:42:02Z,IL,IL00064IW002500011,38.5491,-89.7633,60,Partly Cloudy,4,0,False,False,False,False,True,0.2
2026-09-27T04:42:02Z,IL,IL00072IW015200014,39.9888,-88.7852,60,Mostly Cloudy,3,6,False,False,False,False,True,0.2
2026-09-27T04:42:02Z,IL,IL00080IW011700016,41.4473,-88.3285,55,Partly Cloudy,0,5,False,False,False,False,True,0.2
2026-09-27T04:42:02Z,IL,IL00055IS006400017,39.3523,-89.6447,59,Mostly Cloudy,8,1,False,False,False,False,True,0.2
2026-09-27T04:42:02Z,IL,IL00064IW008500012,38.2766,-88.8012,62,Mostly Cloudy,1,1,False,False,False,False,True,0.2
2026-09-27T04:42:02Z,IL,IL00057IS022200054,39.9314,-88.3043,58,Partly Cloudy,1,6,False,False,False,False,True,0.2
2026-09-27T04:42:02Z,IL,IL00070IW008700045,39.0679,-88.6704,62,Mostly Cloudy,3,2,False,False,False,False,True,0.2
2026-09-27T04:42:02Z,IL,IL00057IS016500018,39.1993,-88.502,58,Partly Cloudy,2,3,False,False,False,False,True,0.2
2026-09-27T04:42:02Z,IL,IL00074IW011400006,40.6111,-89.2323,59,Mostly Cloudy,6,5,False,False,False,False,True,0.2
2026-09-27T04:42:02Z,IL,IL00074IE006200001,40.8788,-90.0936,63,Mostly Cloudy,7,3,False,False,False,False,True,0.2
2026-09-27T04:42:02Z,IL,IL00070IW014900008,39.4228,-87.6617,53,Partly Cloudy,0,3,False,False,False,False,True,0.2
2026-09-27T04:42:02Z,IL,IL00057IN016500044,39.1898,-88.5031,58,Partly Cloudy,2,3,False,False,False,False,True,0.2
2026-09-27T04:42:02Z,IL,IL00055IS010400024,39.8871,-89.5966,63,Mostly Cloudy,10,5,False,False,False,False,True,0.2
2026-09-27T04:42:02Z,IL,IL00057IS003200025,37.4699,-89.1329,63,Mostly Cloudy,1,0,False,False,False,False,True,0.2
2026-09-27T04:42:02Z,IL,IL00057IN003200035,37.4661,-89.1324,63,Mostly Cloudy,1,0,False,False,False,False,True,0.2
2026-09-27T04:42:02Z,IN,322,38.195,-87.8597,63,Partly Cloudy,0,2,False,False,False,False,False,0.0
2026-09-27T04:42:02Z,IN,317,38.5852,-85.7768,57,Mostly Clear,0,2,False,False,False,False,False,0.0
2026-09-27T04:42:02Z,IN,316,38.5859,-85.7809,57,Mostly Clear,0,2,False,False,False,False,False,0.0
2026-09-27T04:42:02Z,IN,315,39.2602,-85.9521,57,Clear,0,3,False,False,False,False,False,0.0
2026-09-27T04:42:02Z,IN,314,39.2767,-85.9569,57,Clear,0,3,False,False,False,False,False,0.0
2026-09-27T04:42:02Z,IN,313,40.1578,-86.5387,54,Mostly Clear,0,3,False,False,False,False,False,0.0
2026-09-27T04:42:02Z,IN,312,40.1722,-86.5522,55,Mostly Clear,0,3,False,False,False,False,False,0.0
2026-09-27T04:42:02Z,IN,311,40.6992,-87.0628,54,Partly Cloudy,0,0,False,False,False,False,False,0.0
2026-09-27T04:42:02Z,IN,310,40.6984,-87.0646,54,Partly Cloudy,0,0,False,False,False,False,False,0.0
2026-09-27T04:42:02Z,IN,308,41.1653,-87.271,52,Mostly Clear,0,5,False,False,False,False,False,0.0
2026-09-27T04:42:02Z,IN,309,41.1666,-87.2749,52,Mostly Clear,0,5,False,False,False,False,False,0.0
2026-09-27T04:42:02Z,IN,318,40.3543,-85.5576,53,Clear,0,3,False,False,False,False,False,0.0
2026-09-27T04:42:02Z,IN,319,40.3569,-85.56,53,Clear,0,3,False,False,False,False,False,0.0
2026-09-27T04:42:02Z,IN,320,41.2963,-85.0863,52,Clear,0,0,False,False,False,False,False,0.0
2026-09-27T04:42:02Z,IN,321,41.5803,-85.0597,52,Clear,0,5,False,False,False,False,False,0.0
2026-09-27T04:42:02Z,IN,300,39.4417,-87.5002,57,Mostly Clear,0,3,False,False,False,False,False,0.0
2026-09-27T04:42:02Z,IN,302,39.6517,-86.3967,56,Mostly Clear,0,5,False,False,False,False,False,0.0
2026-09-27T04:42:02Z,IN,301,39.6541,-86.4005,56,Mostly Clear,0,5,False,False,False,False,False,0.0
2026-09-27T04:42:02Z,IN,303,39.8243,-85.7039,55,Clear,0,3,False,False,False,False,False,0.0
2026-09-27T04:42:02Z,IN,304,39.8266,-85.704,55,Clear,0,3,False,False,False,False,False,0.0
2026-09-27T04:42:02Z,IN,305,39.8605,-85.0259,52,Mostly Clear,0,3,False,False,False,False,False,0.0
2026-09-27T04:42:02Z,IN,323,39.29,-85.1688,52,Mostly Clear,0,2,False,False,False,False,False,0.0
2026-09-27T04:42:02Z,IN,702,41.7472,-85.3285,52,Clear,0,5,False,False,False,False,False,0.0
2026-09-27T04:42:02Z,IN,701,41.5889,-87.2173,56,Partly Cloudy,0,5,False,False,False,False,False,0.0
2026-09-27T04:42:02Z,IN,704,41.7058,-86.6212,51,Mostly Clear,0,5,False,False,False,False,False,0.0
2026-09-27T04:42:02Z,IN,703,41.7071,-86.6235,51,Mostly Clear,0,5,False,False,False,False,False,0.0
2026-09-27T04:42:02Z,IN,705,41.733,-86.0057,53,Mostly Clear,0,0,False,False,False,False,False,0.0
2026-09-27T04:42:02Z,IN,708,41.7472,-85.3285,52,Clear,0,5,False,False,False,False,False,0.0
2026-09-27T04:42:02Z,IN,707,41.7453,-85.3287,52,Clear,0,5,False,False,False,False,False,0.0
2026-09-27T04:42:02Z,IN,324,41.7353,-86.7933,51,Mostly Clear,0,0,False,False,False,False,False,0.0
2026-09-27T04:42:02Z,KY,KY00065IS0000020N65WELCOM,36.6434,-86.5687,58,Partly Cloudy,0,5,False,False,False,False,False,0.0
2026-09-27T04:42:02Z,KY,KY00065IS000020NSMARATHON,36.6612,-86.5553,59,Partly Cloudy,0,3,False,False,False,False,False,0.0
2026-09-27T04:42:02Z,KY,KY00065IS0000340NWEIGHS34,36.6868,-86.5379,59,Partly Cloudy,0,3,False,False,False,False,False,0.0
2026-09-27T04:42:02Z,KY,KY00065IS0011400S65SRA114,37.9464,-85.6905,58,Mostly Clear,0,2,False,False,False,False,False,0.0
2026-09-27T04:42:02Z,KY,KY00065IS0005900S65SRA059,37.239,-85.9297,57,Mostly Clear,0,1,False,False,False,False,False,0.0
2026-09-27T04:42:02Z,KY,KY00065IS0005900N65NRA059,37.2384,-85.9271,57,Mostly Clear,0,1,False,False,False,False,False,0.0
2026-09-27T04:42:02Z,KY,KY00075IS0003300NWEIGHS33,37.0422,-84.0968,57,Clear,0,2,False,False,False,False,False,0.0
2026-09-27T04:42:02Z,KY,KY00075IS0003400SWEIGHS34,37.048,-84.0997,57,Clear,0,3,False,False,False,False,False,0.0
2026-09-27T04:42:02Z,KY,KY00075IS0017700N75NRA177,38.937,-84.6309,55,Clear,0,5,False,False,False,False,False,0.0
2026-09-27T04:42:02Z,KY,KY00075IS0007500SWALTONWS,38.8653,-84.6476,55,Clear,0,5,False,False,False,False,False,0.0
2026-09-27T04:42:02Z,KY,KY00075IS0017700S75SRA177,38.9388,-84.6339,55,Clear,0,5,False,False,False,False,False,0.0
2026-09-27T04:42:02Z,KY,KY00075IS0016800SCRITENWS,38.8196,-84.6015,55,Clear,0,5,False,False,False,False,False,0.0
2026-09-27T04:42:02Z,KY,KY00075IS0000100N75WELCOM,36.6162,-84.1054,54,Clear,0,1,False,False,False,False,False,0.0
2026-09-27T04:42:06Z,IL,IL00070IE002700042,38.7849,-89.7023,59,Partly Cloudy,5,0,False,False,False,False,True,0.2
2026-09-27T04:42:06Z,IL,IL00055IS002700019,38.8723,-89.8511,59,Partly Cloudy,5,1,False,False,False,False,True,0.2
2026-09-27T04:42:06Z,IL,IL00080IW005100013,41.3937,-89.5591,58,Mostly Cloudy,6,5,False,False,False,False,True,0.2
2026-09-27T04:42:06Z,IL,IL00074IW002800020,41.2141,-90.3308,61,Mostly Cloudy,6,5,False,False,False,False,True,0.2
2026-09-27T04:42:06Z,IL,IL00057IN033300049,41.3892,-87.7729,53,Partly Cloudy,0,5,False,False,False,False,True,0.2
2026-09-27T04:42:06Z,IL,IL00055IN010400050,39.8627,-89.5948,63,Mostly Cloudy,10,5,False,False,False,False,True,0.2
2026-09-27T04:42:06Z,IL,IL00070IE008600051,39.0651,-88.6745,62,Mostly Cloudy,3,2,False,False,False,False,True,0.2
2026-09-27T04:42:06Z,IL,IL00057IN026800032,40.5505,-88.0605,56,Partly Cloudy,0,5,False,False,False,False,True,0.2
2026-09-27T04:42:06Z,IL,IL00024IW003700010,37.1593,-88.6798,63,Partly Cloudy,1,1,False,False,False,False,True,0.2
2026-09-27T04:42:06Z,IL,IL00070IW002700015,38.7884,-89.6889,59,Partly Cloudy,5,0,False,False,False,False,True,0.2
2026-09-27T04:42:06Z,IL,IL00064IW013000053,38.2322,-87.9882,63,Partly Cloudy,1,1,False,False,False,False,True,0.2
2026-09-27T04:42:06Z,IL,IL00080IE005100040,41.3938,-89.5665,58,Mostly Cloudy,6,5,False,False,False,False,True,0.2
2026-09-27T04:42:06Z,IL,IL00074IE011400005,40.6125,-89.245,59,Mostly Cloudy,6,5,False,False,False,False,True,0.2
2026-09-27T04:42:06Z,IL,IL00072IE015200041,39.9923,-88.7827,60,Mostly Cloudy,3,6,False,False,False,False,True,0.2
2026-09-27T04:42:06Z,IL,IL00057IN007900034,38.0297,-88.9203,63,Mostly Cloudy,1,1,False,False,False,False,True,0.2
2026-09-27T04:42:06Z,IL,IL00064IE008500039,38.273,-88.8496,62,Mostly Cloudy,1,0,False,False,False,False,True,0.2
2026-09-27T04:42:06Z,IL,IL00074IW006200004,40.8802,-90.0895,63,Mostly Cloudy,7,3,False,False,False,False,True,0.2
2026-09-27T04:42:06Z,IL,IL00057IS026800022,40.5613,-88.0615,56,Partly Cloudy,0,5,False,False,False,False,True,0.2
2026-09-27T04:42:06Z,IL,IL00055IN002700029,38.8649,-89.8532,59,Partly Cloudy,5,1,False,False,False,False,True,0.2
2026-09-27T04:42:06Z,IL,IL00074IW020800052,40.1298,-87.7441,55,Partly Cloudy,0,3,False,False,False,False,True,0.2
2026-09-27T04:42:06Z,IL,IL00055IS019400021,40.8371,-88.6833,56,Partly Cloudy,3,5,False,False,False,False,True,0.2
2026-09-27T04:42:06Z,IL,IL00057IS011400023,38.5965,-88.9677,62,Mostly Cloudy,6,0,False,False,False,False,True,0.2
2026-09-27T04:42:06Z,IL,IL00074IE002800030,41.2334,-90.333,61,Mostly Cloudy,6,5,False,False,False,False,True,0.2
2026-09-27T04:42:06Z,IL,IL00080IE011700043,41.4314,-88.3454,55,Partly Cloudy,1,5,False,False,False,False,True,0.2
2026-09-27T04:42:06Z,IL,IL00039IS008500026,41.7285,-89.0105,53,Mostly Cloudy,5,5,False,False,False,False,True,0.2
2026-09-27T04:42:06Z,IL,IL00055IN019400031,40.8234,-88.6875,56,Partly Cloudy,3,5,False,False,False,False,True,0.2
2026-09-27T04:42:06Z,IL,IL00057IN011400033,38.5963,-88.9638,62,Mostly Cloudy,6,0,False,False,False,False,True,0.2
2026-09-27T04:42:06Z,IL,IL00074IE015600037,40.2732,-88.6762,60,Mostly Cloudy,2,6,False,False,False,False,True,0.2
2026-09-27T04:42:06Z,IL,IL00055IN006400027,39.3465,-89.6408,59,Mostly Cloudy,8,1,False,False,False,False,True,0.2
2026-09-27T04:42:06Z,IL,IL00055IN014900028,40.3599,-89.1099,60,Mostly Cloudy,6,6,False,False,False,False,True,0.2
2026-09-27T04:42:06Z,IL,IL00064IE002500038,38.5481,-89.7731,60,Partly Cloudy,4,0,False,False,False,False,True,0.2
2026-09-27T04:42:06Z,IL,IL00057IN022200048,39.9218,-88.299,58,Partly Cloudy,1,6,False,False,False,False,True,0.2
2026-09-27T04:42:06Z,IL,IL00039IN008500036,41.7236,-89.0062,53,Mostly Cloudy,5,5,False,False,False,False,True,0.2
2026-09-27T04:42:06Z,IL,IL00074IW015600009,40.2711,-88.6701,59,Mostly Cloudy,2,6,False,False,False,False,True,0.2
2026-09-27T04:42:06Z,IL,IL00057IS033300046,41.3918,-87.7749,54,Partly Cloudy,0,5,False,False,False,False,True,0.2
2026-09-27T04:42:06Z,IL,IL00057IS007900047,38.0962,-88.9138,64,Mostly Cloudy,1,1,False,False,False,False,True,0.2
2026-09-27T04:42:06Z,IL,IL00064IW002500011,38.5491,-89.7633,60,Partly Cloudy,4,0,False,False,False,False,True,0.2
2026-09-27T04:42:06Z,IL,IL00072IW015200014,39.9888,-88.7852,60,Mostly Cloudy,3,6,False,False,False,False,True,0.2
2026-09-27T04:42:06Z,IL,IL00080IW011700016,41.4473,-88.3285,55,Partly Cloudy,0,5,False,False,False,False,True,0.2
2026-09-27T04:42:06Z,IL,IL00055IS006400017,39.3523,-89.6447,59,Mostly Cloudy,8,1,False,False,False,False,True,0.2
2026-09-27T04:42:06Z,IL,IL00064IW008500012,38.2766,-88.8012,62,Mostly Cloudy,1,1,False,False,False,False,True,0.2
2026-09-27T04:42:06Z,IL,IL00057IS022200054,39.9314,-88.3043,58,Partly Cloudy,1,6,False,False,False,False,True,0.2
2026-09-27T04:42:06Z,IL,IL00070IW008700045,39.0679,-88.6704,62,Mostly Cloudy,3,2,False,False,False,False,True,0.2
2026-09-27T04:42:06Z,IL,IL00057IS016500018,39.1993,-88.502,58,Partly Cloudy,2,3,False,False,False,False,True,0.2
2026-09-27T04:42:06Z,IL,IL00074IW011400006,40.6111,-89.2323,59,Mostly Cloudy,6,5,False,False,False,False,True,0.2
2026-09-27T04:42:06Z,IL,IL00074IE006200001,40.8788,-90.0936,63,Mostly Cloudy,7,3,False,False,False,False,True,0.2
2026-09-27T04:42:06Z,IL,IL00070IW014900008,39.4228,-87.6617,53,Partly Cloudy,0,3,False,False,False,False,True,0.2
2026-09-27T04:42:06Z,IL,IL00057IN016500044,39.1898,-88.5031,58,Partly Cloudy,2,3,False,False,False,False,True,0.2
2026-09-27T04:42:06Z,IL,IL00055IS010400024,39.8871,-89.5966,63,Mostly Cloudy,10,5,False,False,False,False,True,0.2
2026-09-27T04:42:06Z,IL,IL00057IS003200025,37.4699,-89.1329,63,Mostly Cloudy,1,0,False,False,False,False,True,0.2
2026-09-27T04:42:06Z,IL,IL00057IN003200035,37.4661,-89.1324,63,Mostly Cloudy,1,0,False,False,False,False,True,0.2
2026-09-27T04:42:06Z,IN,322,38.195,-87.8597,63,Partly Cloudy,0,2,False,False,False,False,False,0.0
2026-09-27T04:42:06Z,IN,317,38.5852,-85.7768,57,Mostly Clear,0,2,False,False,False,False,False,0.0
2026-09-27T04:42:06Z,IN,316,38.5859,-85.7809,57,Mostly Clear,0,2,False,False,False,False,False,0.0
2026-09-27T04:42:06Z,IN,315,39.2602,-85.9521,57,Clear,0,3,False,False,False,False,False,0.0
2026-09-27T04:42:06Z,IN,314,39.2767,-85.9569,57,Clear,0,3,False,False,False,False,False,0.0
2026-09-27T04:42:06Z,IN,313,40.1578,-86.5387,54,Mostly Clear,0,3,False,False,False,False,False,0.0
2026-09-27T04:42:06Z,IN,312,40.1722,-86.5522,55,Mostly Clear,0,3,False,False,False,False,False,0.0
2026-09-27T04:42:06Z,IN,311,40.6992,-87.0628,54,Partly Cloudy,0,0,False,False,False,False,False,0.0
2026-09-27T04:42:06Z,IN,310,40.6984,-87.0646,54,Partly Cloudy,0,0,False,False,False,False,False,0.0
2026-09-27T04:42:06Z,IN,308,41.1653,-87.271,52,Mostly Clear,0,5,False,False,False,False,False,0.0
2026-09-27T04:42:06Z,IN,309,41.1666,-87.2749,52,Mostly Clear,0,5,False,False,False,False,False,0.0
2026-09-27T04:42:06Z,IN,318,40.3543,-85.5576,53,Clear,0,3,False,False,False,False,False,0.0
2026-09-27T04:42:06Z,IN,319,40.3569,-85.56,53,Clear,0,3,False,False,False,False,False,0.0
2026-09-27T04:42:06Z,IN,320,41.2963,-85.0863,52,Clear,0,0,False,False,False,False,False,0.0
2026-09-27T04:42:06Z,IN,321,41.5803,-85.0597,52,Clear,0,5,False,False,False,False,False,0.0
2026-09-27T04:42:06Z,IN,300,39.4417,-87.5002,57,Mostly Clear,0,3,False,False,False,False,False,0.0
2026-09-27T04:42:06Z,IN,302,39.6517,-86.3967,56,Mostly Clear,0,5,False,False,False,False,False,0.0
2026-09-27T04:42:06Z,IN,301,39.6541,-86.4005,56,Mostly Clear,0,5,False,False,False,False,False,0.0
2026-09-27T04:42:06Z,IN,303,39.8243,-85.7039,55,Clear,0,3,False,False,False,False,False,0.0
2026-09-27T04:42:06Z,IN,304,39.8266,-85.704,55,Clear,0,3,False,False,False,False,False,0.0
2026-09-27T04:42:06Z,IN,305,39.8605,-85.0259,52,Mostly Clear,0,3,False,False,False,False,False,0.0
2026-09-27T04:42:06Z,IN,323,39.29,-85.1688,52,Mostly Clear,0,2,False,False,False,False,False,0.0
2026-09-27T04:42:06Z,IN,702,41.7472,-85.3285,52,Clear,0,5,False,False,False,False,False,0.0
2026-09-27T04:42:06Z,IN,701,41.5889,-87.2173,56,Partly Cloudy,0,5,False,False,False,False,False,0.0
2026-09-27T04:42:06Z,IN,704,41.7058,-86.6212,51,Mostly Clear,0,5,False,False,False,False,False,0.0
2026-09-27T04:42:06Z,IN,703,41.7071,-86.6235,51,Mostly Clear,0,5,False,False,False,False,False,0.0
2026-09-27T04:42:06Z,IN,705,41.733,-86.0057,53,Mostly Clear,0,0,False,False,False,False,False,0.0
2026-09-27T04:42:06Z,IN,708,41.7472,-85.3285,52,Clear,0,5,False,False,False,False,False,0.0
2026-09-27T04:42:06Z,IN,707,41.7453,-85.3287,52,Clear,0,5,False,False,False,False,False,0.0
2026-09-27T04:42:06Z,IN,324,41.7353,-86.7933,51,Mostly Clear,0,0,False,False,False,False,False,0.0
2026-09-27T04:42:06Z,KY,KY00065IS0000020N65WELCOM,36.6434,-86.5687,58,Partly Cloudy,0,5,False,False,False,False,False,0.0
2026-09-27T04:42:06Z,KY,KY00065IS000020NSMARATHON,36.6612,-86.5553,59,Partly Cloudy,0,3,False,False,False,False,False,0.0
2026-09-27T04:42:06Z,KY,KY00065IS0000340NWEIGHS34,36.6868,-86.5379,59,Partly Cloudy,0,3,False,False,False,False,False,0.0
2026-09-27T04:42:06Z,KY,KY00065IS0011400S65SRA114,37.9464,-85.6905,58,Mostly Clear,0,2,False,False,False,False,False,0.0
2026-09-27T04:42:06Z,KY,KY00065IS0005900S65SRA059,37.239,-85.9297,57,Mostly Clear,0,1,False,False,False,False,False,0.0
2026-09-27T04:42:06Z,KY,KY00065IS0005900N65NRA059,37.2384,-85.9271,57,Mostly Clear,0,1,False,False,False,False,False,0.0
2026-09-27T04:42:06Z,KY,KY00075IS0003300NWEIGHS33,37.0422,-84.0968,57,Clear,0,2,False,False,False,False,False,0.0
2026-09-27T04:42:06Z,KY,KY00075IS0003400SWEIGHS34,37.048,-84.0997,57,Clear,0,3,False,False,False,False,False,0.0
2026-09-27T04:42:06Z,KY,KY00075IS0017700N75NRA177,38.937,-84.6309,55,Clear,0,5,False,False,False,False,False,0.0
2026-09-27T04:42:06Z,KY,KY00075IS0007500SWALTONWS,38.8653,-84.6476,55,Clear,0,5,False,False,False,False,False,0.0
2026-09-27T04:42:06Z,KY,KY00075IS0017700S75SRA177,38.9388,-84.6339,55,Clear,0,5,False,False,False,False,False,0.0
2026-09-27T04:42:06Z,KY,KY00075IS0016800SCRITENWS,38.8196,-84.6015,55,Clear,0,5,False,False,False,False,False,0.0
2026-09-27T04:42:06Z,KY,KY00075IS0000100N75WELCOM,36.6162,-84.1054,54,Clear,0,1,False,False,False,False,False,0.0
2026-09-27T04:42:10Z,IL,IL00070IE002700042,38.7849,-89.7023,59,Partly Cloudy,5,0,False,False,False,False,True,0.2
2026-09-27T04:42:10Z,IL,IL00055IS002700019,38.8723,-89.8511,59,Partly Cloudy,5,1,False,False,False,False,True,0.2
2026-09-27T04:42:10Z,IL,IL00080IW005100013,41.3937,-89.5591,58,Mostly Cloudy,6,5,False,False,False,False,True,0.2
2026-09-27T04:42:10Z,IL,IL00074IW002800020,41.2141,-90.3308,61,Mostly Cloudy,6,5,False,False,False,False,True,0.2
2026-09-27T04:42:10Z,IL,IL00057IN033300049,41.3892,-87.7729,53,Partly Cloudy,0,5,False,False,False,False,True,0.2
2026-09-27T04:42:10Z,IL,IL00055IN010400050,39.8627,-89.5948,63,Mostly Cloudy,10,5,False,False,False,False,True,0.2
2026-09-27T04:42:10Z,IL,IL00070IE008600051,39.0651,-88.6745,62,Mostly Cloudy,3,2,False,False,False,False,True,0.2
2026-09-27T04:42:10Z,IL,IL00057IN026800032,40.5505,-88.0605,56,Partly Cloudy,0,5,False,False,False,False,True,0.2
2026-09-27T04:42:10Z,IL,IL00024IW003700010,37.1593,-88.6798,63,Partly Cloudy,1,1,False,False,False,False,True,0.2
2026-09-27T04:42:10Z,IL,IL00070IW002700015,38.7884,-89.6889,59,Partly Cloudy,5,0,False,False,False,False,True,0.2
2026-09-27T04:42:10Z,IL,IL00064IW013000053,38.2322,-87.9882,63,Partly Cloudy,1,1,False,False,False,False,True,0.2
2026-09-27T04:42:10Z,IL,IL00080IE005100040,41.3938,-89.5665,58,Mostly Cloudy,6,5,False,False,False,False,True,0.2
2026-09-27T04:42:10Z,IL,IL00074IE011400005,40.6125,-89.245,59,Mostly Cloudy,6,5,False,False,False,False,True,0.2
2026-09-27T04:42:10Z,IL,IL00072IE015200041,39.9923,-88.7827,60,Mostly Cloudy,3,6,False,False,False,False,True,0.2
2026-09-27T04:42:10Z,IL,IL00057IN007900034,38.0297,-88.9203,63,Mostly Cloudy,1,1,False,False,False,False,True,0.2
2026-09-27T04:42:10Z,IL,IL00064IE008500039,38.273,-88.8496,62,Mostly Cloudy,1,0,False,False,False,False,True,0.2
2026-09-27T04:42:10Z,IL,IL00074IW006200004,40.8802,-90.0895,63,Mostly Cloudy,7,3,False,False,False,False,True,0.2
2026-09-27T04:42:10Z,IL,IL00057IS026800022,40.5613,-88.0615,56,Partly Cloudy,0,5,False,False,False,False,True,0.2
2026-09-27T04:42:10Z,IL,IL00055IN002700029,38.8649,-89.8532,59,Partly Cloudy,5,1,False,False,False,False,True,0.2
2026-09-27T04:42:10Z,IL,IL00074IW020800052,40.1298,-87.7441,55,Partly Cloudy,0,3,False,False,False,False,True,0.2
2026-09-27T04:42:10Z,IL,IL00055IS019400021,40.8371,-88.6833,56,Partly Cloudy,3,5,False,False,False,False,True,0.2
2026-09-27T04:42:10Z,IL,IL00057IS011400023,38.5965,-88.9677,62,Mostly Cloudy,6,0,False,False,False,False,True,0.2
2026-09-27T04:42:10Z,IL,IL00074IE002800030,41.2334,-90.333,61,Mostly Cloudy,6,5,False,False,False,False,True,0.2
2026-09-27T04:42:10Z,IL,IL00080IE011700043,41.4314,-88.3454,55,Partly Cloudy,1,5,False,False,False,False,True,0.2
2026-09-27T04:42:10Z,IL,IL00039IS008500026,41.7285,-89.0105,53,Mostly Cloudy,5,5,False,False,False,False,True,0.2
2026-09-27T04:42:10Z,IL,IL00055IN019400031,40.8234,-88.6875,56,Partly Cloudy,3,5,False,False,False,False,True,0.2
2026-09-27T04:42:10Z,IL,IL00057IN011400033,38.5963,-88.9638,62,Mostly Cloudy,6,0,False,False,False,False,True,0.2
2026-09-27T04:42:10Z,IL,IL00074IE015600037,40.2732,-88.6762,60,Mostly Cloudy,2,6,False,False,False,False,True,0.2
2026-09-27T04:42:10Z,IL,IL00055IN006400027,39.3465,-89.6408,59,Mostly Cloudy,8,1,False,False,False,False,True,0.2
2026-09-27T04:42:10Z,IL,IL00055IN014900028,40.3599,-89.1099,60,Mostly Cloudy,6,6,False,False,False,False,True,0.2
2026-09-27T04:42:10Z,IL,IL00064IE002500038,38.5481,-89.7731,60,Partly Cloudy,4,0,False,False,False,False,True,0.2
2026-09-27T04:42:10Z,IL,IL00057IN022200048,39.9218,-88.299,58,Partly Cloudy,1,6,False,False,False,False,True,0.2
2026-09-27T04:42:10Z,IL,IL00039IN008500036,41.7236,-89.0062,53,Mostly Cloudy,5,5,False,False,False,False,True,0.2
2026-09-27T04:42:10Z,IL,IL00074IW015600009,40.2711,-88.6701,59,Mostly Cloudy,2,6,False,False,False,False,True,0.2
2026-09-27T04:42:10Z,IL,IL00057IS033300046,41.3918,-87.7749,54,Partly Cloudy,0,5,False,False,False,False,True,0.2
2026-09-27T04:42:10Z,IL,IL00057IS007900047,38.0962,-88.9138,64,Mostly Cloudy,1,1,False,False,False,False,True,0.2
2026-09-27T04:42:10Z,IL,IL00064IW002500011,38.5491,-89.7633,60,Partly Cloudy,4,0,False,False,False,False,True,0.2
2026-09-27T04:42:10Z,IL,IL00072IW015200014,39.9888,-88.7852,60,Mostly Cloudy,3,6,False,False,False,False,True,0.2
2026-09-27T04:42:10Z,IL,IL00080IW011700016,41.4473,-88.3285,55,Partly Cloudy,0,5,False,False,False,False,True,0.2
2026-09-27T04:42:10Z,IL,IL00055IS006400017,39.3523,-89.6447,59,Mostly Cloudy,8,1,False,False,False,False,True,0.2
2026-09-27T04:42:10Z,IL,IL00064IW008500012,38.2766,-88.8012,62,Mostly Cloudy,1,1,False,False,False,False,True,0.2
2026-09-27T04:42:10Z,IL,IL00057IS022200054,39.9314,-88.3043,58,Partly Cloudy,1,6,False,False,False,False,True,0.2
2026-09-27T04:42:10Z,IL,IL00070IW008700045,39.0679,-88.6704,62,Mostly Cloudy,3,2,False,False,False,False,True,0.2
2026-09-27T04:42:10Z,IL,IL00057IS016500018,39.1993,-88.502,58,Partly Cloudy,2,3,False,False,False,False,True,0.2
2026-09-27T04:42:10Z,IL,IL00074IW011400006,40.6111,-89.2323,59,Mostly Cloudy,6,5,False,False,False,False,True,0.2
2026-09-27T04:42:10Z,IL,IL00074IE006200001,40.8788,-90.0936,63,Mostly Cloudy,7,3,False,False,False,False,True,0.2
2026-09-27T04:42:10Z,IL,IL00070IW014900008,39.4228,-87.6617,53,Partly Cloudy,0,3,False,False,False,False,True,0.2
2026-09-27T04:42:10Z,IL,IL00057IN016500044,39.1898,-88.5031,58,Partly Cloudy,2,3,False,False,False,False,True,0.2
2026-09-27T04:42:10Z,IL,IL00055IS010400024,39.8871,-89.5966,63,Mostly Cloudy,10,5,False,False,False,False,True,0.2
2026-09-27T04:42:10Z,IL,IL00057IS003200025,37.4699,-89.1329,63,Mostly Cloudy,1,0,False,False,False,False,True,0.2
2026-09-27T04:42:10Z,IL,IL00057IN003200035,37.4661,-89.1324,63,Mostly Cloudy,1,0,False,False,False,False,True,0.2
2026-09-27T04:42:10Z,IN,322,38.195,-87.8597,63,Partly Cloudy,0,2,False,False,False,False,False,0.0
2026-09-27T04:42:10Z,IN,317,38.5852,-85.7768,57,Mostly Clear,0,2,False,False,False,False,False,0.0
2026-09-27T04:42:10Z,IN,316,38.5859,-85.7809,57,Mostly Clear,0,2,False,False,False,False,False,0.0
2026-09-27T04:42:10Z,IN,315,39.2602,-85.9521,57,Clear,0,3,False,False,False,False,False,0.0
2026-09-27T04:42:10Z,IN,314,39.2767,-85.9569,57,Clear,0,3,False,False,False,False,False,0.0
2026-09-27T04:42:10Z,IN,313,40.1578,-86.5387,54,Mostly Clear,0,3,False,False,False,False,False,0.0
2026-09-27T04:42:10Z,IN,312,40.1722,-86.5522,55,Mostly Clear,0,3,False,False,False,False,False,0.0
2026-09-27T04:42:10Z,IN,311,40.6992,-87.0628,54,Partly Cloudy,0,0,False,False,False,False,False,0.0
2026-09-27T04:42:10Z,IN,310,40.6984,-87.0646,54,Partly Cloudy,0,0,False,False,False,False,False,0.0
2026-09-27T04:42:10Z,IN,308,41.1653,-87.271,52,Mostly Clear,0,5,False,False,False,False,False,0.0
2026-09-27T04:42:10Z,IN,309,41.1666,-87.2749,52,Mostly Clear,0,5,False,False,False,False,False,0.0
2026-09-27T04:42:10Z,IN,318,40.3543,-85.5576,53,Clear,0,3,False,False,False,False,False,0.0
2026-09-27T04:42:10Z,IN,319,40.3569,-85.56,53,Clear,0,3,False,False,False,False,False,0.0
2026-09-27T04:42:10Z,IN,320,41.2963,-85.0863,52,Clear,0,0,False,False,False,False,False,0.0
2026-09-27T04:42:10Z,IN,321,41.5803,-85.0597,52,Clear,0,5,False,False,False,False,False,0.0
2026-09-27T04:42:10Z,IN,300,39.4417,-87.5002,57,Mostly Clear,0,3,False,False,False,False,False,0.0
2026-09-27T04:42:10Z,IN,302,39.6517,-86.3967,56,Mostly Clear,0,5,False,False,False,False,False,0.0
2026-09-27T04:42:10Z,IN,301,39.6541,-86.4005,56,Mostly Clear,0,5,False,False,False,False,False,0.0
2026-09-27T04:42:10Z,IN,303,39.8243,-85.7039,55,Clear,0,3,False,False,False,False,False,0.0
2026-09-27T04:42:10Z,IN,304,39.8266,-85.704,55,Clear,0,3,False,False,False,False,False,0.0
2026-09-27T04:42:10Z,IN,305,39.8605,-85.0259,52,Mostly Clear,0,3,False,False,False,False,False,0.0
2026-09-27T04:42:10Z,IN,323,39.29,-85.1688,52,Mostly Clear,0,2,False,False,False,False,False,0.0
2026-09-27T04:42:10Z,IN,702,41.7472,-85.3285,52,Clear,0,5,False,False,False,False,False,0.0
2026-09-27T04:42:10Z,IN,701,41.5889,-87.2173,56,Partly Cloudy,0,5,False,False,False,False,False,0.0
2026-09-27T04:42:10Z,IN,704,41.7058,-86.6212,51,Mostly Clear,0,5,False,False,False,False,False,0.0
2026-09-27T04:42:10Z,IN,703,41.7071,-86.6235,51,Mostly Clear,0,5,False,False,False,False,False,0.0
2026-09-27T04:42:10Z,IN,705,41.733,-86.0057,53,Mostly Clear,0,0,False,False,False,False,False,0.0
2026-09-27T04:42:10Z,IN,708,41.7472,-85.3285,52,Clear,0,5,False,False,False,False,False,0.0
2026-09-27T04:42:10Z,IN,707,41.7453,-85.3287,52,Clear,0,5,False,False,False,False,False,0.0
2026-09-27T04:42:10Z,IN,324,41.7353,-86.7933,51,Mostly Clear,0,0,False,False,False,False,False,0.0
2026-09-27T04:42:10Z,KY,KY00065IS0000020N65WELCOM,36.6434,-86.5687,58,Partly Cloudy,0,5,False,False,False,False,False,0.0
2026-09-27T04:42:10Z,KY,KY00065IS000020NSMARATHON,36.6612,-86.5553,59,Partly Cloudy,0,3,False,False,False,False,False,0.0
2026-09-27T04:42:10Z,KY,KY00065IS0000340NWEIGHS34,36.6868,-86.5379,59,Partly Cloudy,0,3,False,False,False,False,False,0.0
2026-09-27T04:42:10Z,KY,KY00065IS0011400S65SRA114,37.9464,-85.6905,58,Mostly Clear,0,2,False,False,False,False,False,0.0
2026-09-27T04:42:10Z,KY,KY00065IS0005900S65SRA059,37.239,-85.9297,57,Mostly Clear,0,1,False,False,False,False,False,0.0
2026-09-27T04:42:10Z,KY,KY00065IS0005900N65NRA059,37.2384,-85.9271,57,Mostly Clear,0,1,False,False,False,False,False,0.0
2026-09-27T04:42:10Z,KY,KY00075IS0003300NWEIGHS33,37.0422,-84.0968,57,Clear,0,2,False,False,False,False,False,0.0
2026-09-27T04:42:10Z,KY,KY00075IS0003400SWEIGHS34,37.048,-84.0997,57,Clear,0,3,False,False,False,False,False,0.0
2026-09-27T04:42:10Z,KY,KY00075IS0017700N75NRA177,38.937,-84.6309,55,Clear,0,5,False,False,False,False,False,0.0
2026-09-27T04:42:10Z,KY,KY00075IS0007500SWALTONWS,38.8653,-84.6476,55,Clear,0,5,False,False,False,False,False,0.0
2026-09-27T04:42:10Z,KY,KY00075IS0017700S75SRA177,38.9388,-84.6339,55,Clear,0,5,False,False,False,False,False,0.0
2026-09-27T04:42:10Z,KY,KY00075IS0016800SCRITENWS,38.8196,-84.6015,55,Clear,0,5,False,False,False,False,False,0.0
2026-09-27T04:42:10Z,KY,KY00075IS0000100N75WELCOM,36.6162,-84.1054,54,Clear,0,1,False,False,False,False,False,0.0
2026-09-27T04:42:15Z,IL,IL00070IE002700042,38.7849,-89.7023,59,Partly Cloudy,5,0,False,False,False,False,True,0.2
2026-09-27T04:42:15Z,IL,IL00055IS002700019,38.8723,-89.8511,59,Partly Cloudy,5,1,False,False,False,False,True,0.2
2026-09-27T04:42:15Z,IL,IL00080IW005100013,41.3937,-89.5591,58,Mostly Cloudy,6,5,False,False,False,False,True,0.2
2026-09-27T04:42:15Z,IL,IL00074IW002800020,41.2141,-90.3308,61,Mostly Cloudy,6,5,False,False,False,False,True,0.2
2026-09-27T04:42:15Z,IL,IL00057IN033300049,41.3892,-87.7729,53,Partly Cloudy,0,5,False,False,False,False,True,0.2
2026-09-27T04:42:15Z,IL,IL00055IN010400050,39.8627,-89.5948,63,Mostly Cloudy,10,5,False,False,False,False,True,0.2
2026-09-27T04:42:15Z,IL,IL00070IE008600051,39.0651,-88.6745,62,Mostly Cloudy,3,2,False,False,False,False,True,0.2
2026-09-27T04:42:15Z,IL,IL00057IN026800032,40.5505,-88.0605,56,Partly Cloudy,0,5,False,False,False,False,True,0.2
2026-09-27T04:42:15Z,IL,IL00024IW003700010,37.1593,-88.6798,63,Partly Cloudy,1,1,False,False,False,False,True,0.2
2026-09-27T04:42:15Z,IL,IL00070IW002700015,38.7884,-89.6889,59,Partly Cloudy,5,0,False,False,False,False,True,0.2
2026-09-27T04:42:15Z,IL,IL00064IW013000053,38.2322,-87.9882,63,Partly Cloudy,1,1,False,False,False,False,True,0.2
2026-09-27T04:42:15Z,IL,IL00080IE005100040,41.3938,-89.5665,58,Mostly Cloudy,6,5,False,False,False,False,True,0.2
2026-09-27T04:42:15Z,IL,IL00074IE011400005,40.6125,-89.245,59,Mostly Cloudy,6,5,False,False,False,False,True,0.2
2026-09-27T04:42:15Z,IL,IL00072IE015200041,39.9923,-88.7827,60,Mostly Cloudy,3,6,False,False,False,False,True,0.2
2026-09-27T04:42:15Z,IL,IL00057IN007900034,38.0297,-88.9203,63,Mostly Cloudy,1,1,False,False,False,False,True,0.2
2026-09-27T04:42:15Z,IL,IL00064IE008500039,38.273,-88.8496,62,Mostly Cloudy,1,0,False,False,False,False,True,0.2
2026-09-27T04:42:15Z,IL,IL00074IW006200004,40.8802,-90.0895,63,Mostly Cloudy,7,3,False,False,False,False,True,0.2
2026-09-27T04:42:15Z,IL,IL00057IS026800022,40.5613,-88.0615,56,Partly Cloudy,0,5,False,False,False,False,True,0.2
2026-09-27T04:42:15Z,IL,IL00055IN002700029,38.8649,-89.8532,59,Partly Cloudy,5,1,False,False,False,False,True,0.2
2026-09-27T04:42:15Z,IL,IL00074IW020800052,40.1298,-87.7441,55,Partly Cloudy,0,3,False,False,False,False,True,0.2
2026-09-27T04:42:15Z,IL,IL00055IS019400021,40.8371,-88.6833,56,Partly Cloudy,3,5,False,False,False,False,True,0.2
2026-09-27T04:42:15Z,IL,IL00057IS011400023,38.5965,-88.9677,62,Mostly Cloudy,6,0,False,False,False,False,True,0.2
2026-09-27T04:42:15Z,IL,IL00074IE002800030,41.2334,-90.333,61,Mostly Cloudy,6,5,False,False,False,False,True,0.2
2026-09-27T04:42:15Z,IL,IL00080IE011700043,41.4314,-88.3454,55,Partly Cloudy,1,5,False,False,False,False,True,0.2
2026-09-27T04:42:15Z,IL,IL00039IS008500026,41.7285,-89.0105,53,Mostly Cloudy,5,5,False,False,False,False,True,0.2
2026-09-27T04:42:15Z,IL,IL00055IN019400031,40.8234,-88.6875,56,Partly Cloudy,3,5,False,False,False,False,True,0.2
2026-09-27T04:42:15Z,IL,IL00057IN011400033,38.5963,-88.9638,62,Mostly Cloudy,6,0,False,False,False,False,True,0.2
2026-09-27T04:42:15Z,IL,IL00074IE015600037,40.2732,-88.6762,60,Mostly Cloudy,2,6,False,False,False,False,True,0.2
2026-09-27T04:42:15Z,IL,IL00055IN006400027,39.3465,-89.6408,59,Mostly Cloudy,8,1,False,False,False,False,True,0.2
2026-09-27T04:42:15Z,IL,IL00055IN014900028,40.3599,-89.1099,60,Mostly Cloudy,6,6,False,False,False,False,True,0.2
2026-09-27T04:42:15Z,IL,IL00064IE002500038,38.5481,-89.7731,60,Partly Cloudy,4,0,False,False,False,False,True,0.2
2026-09-27T04:42:15Z,IL,IL00057IN022200048,39.9218,-88.299,58,Partly Cloudy,1,6,False,False,False,False,True,0.2
2026-09-27T04:42:15Z,IL,IL00039IN008500036,41.7236,-89.0062,53,Mostly Cloudy,5,5,False,False,False,False,True,0.2
2026-09-27T04:42:15Z,IL,IL00074IW015600009,40.2711,-88.6701,59,Mostly Cloudy,2,6,False,False,False,False,True,0.2
2026-09-27T04:42:15Z,IL,IL00057IS033300046,41.3918,-87.7749,54,Partly Cloudy,0,5,False,False,False,False,True,0.2
2026-09-27T04:42:15Z,IL,IL00057IS007900047,38.0962,-88.9138,64,Mostly Cloudy,1,1,False,False,False,False,True,0.2
2026-09-27T04:42:15Z,IL,IL00064IW002500011,38.5491,-89.7633,60,Partly Cloudy,4,0,False,False,False,False,True,0.2
2026-09-27T04:42:15Z,IL,IL00072IW015200014,39.9888,-88.7852,60,Mostly Cloudy,3,6,False,False,False,False,True,0.2
2026-09-27T04:42:15Z,IL,IL00080IW011700016,41.4473,-88.3285,55,Partly Cloudy,0,5,False,False,False,False,True,0.2
2026-09-27T04:42:15Z,IL,IL00055IS006400017,39.3523,-89.6447,59,Mostly Cloudy,8,1,False,False,False,False,True,0.2
2026-09-27T04:42:15Z,IL,IL00064IW008500012,38.2766,-88.8012,62,Mostly Cloudy,1,1,False,False,False,False,True,0.2
2026-09-27T04:42:15Z,IL,IL00057IS022200054,39.9314,-88.3043,58,Partly Cloudy,1,6,False,False,False,False,True,0.2
2026-09-27T04:42:15Z,IL,IL00070IW008700045,39.0679,-88.6704,62,Mostly Cloudy,3,2,False,False,False,False,True,0.2
2026-09-27T04:42:15Z,IL,IL00057IS016500018,39.1993,-88.502,58,Partly Cloudy,2,3,False,False,False,False,True,0.2
2026-09-27T04:42:15Z,IL,IL00074IW011400006,40.6111,-89.2323,59,Mostly Cloudy,6,5,False,False,False,False,True,0.2
2026-09-27T04:42:15Z,IL,IL00074IE006200001,40.8788,-90.0936,63,Mostly Cloudy,7,3,False,False,False,False,True,0.2
2026-09-27T04:42:15Z,IL,IL00070IW014900008,39.4228,-87.6617,53,Partly Cloudy,0,3,False,False,False,False,True,0.2
2026-09-27T04:42:15Z,IL,IL00057IN016500044,39.1898,-88.5031,58,Partly Cloudy,2,3,False,False,False,False,True,0.2
2026-09-27T04:42:15Z,IL,IL00055IS010400024,39.8871,-89.5966,63,Mostly Cloudy,10,5,False,False,False,False,True,0.2
2026-09-27T04:42:15Z,IL,IL00057IS003200025,37.4699,-89.1329,63,Mostly Cloudy,1,0,False,False,False,False,True,0.2
2026-09-27T04:42:15Z,IL,IL00057IN003200035,37.4661,-89.1324,63,Mostly Cloudy,1,0,False,False,False,False,True,0.2
2026-09-27T04:42:15Z,IN,322,38.195,-87.8597,63,Partly Cloudy,0,2,False,False,False,False,False,0.0
2026-09-27T04:42:15Z,IN,317,38.5852,-85.7768,57,Mostly Clear,0,2,False,False,False,False,False,0.0
2026-09-27T04:42:15Z,IN,316,38.5859,-85.7809,57,Mostly Clear,0,2,False,False,False,False,False,0.0
2026-09-27T04:42:15Z,IN,315,39.2602,-85.9521,57,Clear,0,3,False,False,False,False,False,0.0
2026-09-27T04:42:15Z,IN,314,39.2767,-85.9569,57,Clear,0,3,False,False,False,False,False,0.0
2026-09-27T04:42:15Z,IN,313,40.1578,-86.5387,54,Mostly Clear,0,3,False,False,False,False,False,0.0
2026-09-27T04:42:15Z,IN,312,40.1722,-86.5522,55,Mostly Clear,0,3,False,False,False,False,False,0.0
2026-09-27T04:42:15Z,IN,311,40.6992,-87.0628,54,Partly Cloudy,0,0,False,False,False,False,False,0.0
2026-09-27T04:42:15Z,IN,310,40.6984,-87.0646,54,Partly Cloudy,0,0,False,False,False,False,False,0.0
2026-09-27T04:42:15Z,IN,308,41.1653,-87.271,52,Mostly Clear,0,5,False,False,False,False,False,0.0
2026-09-27T04:42:15Z,IN,309,41.1666,-87.2749,52,Mostly Clear,0,5,False,False,False,False,False,0.0
2026-09-27T04:42:15Z,IN,318,40.3543,-85.5576,53,Clear,0,3,False,False,False,False,False,0.0
2026-09-27T04:42:15Z,IN,319,40.3569,-85.56,53,Clear,0,3,False,False,False,False,False,0.0
2026-09-27T04:42:15Z,IN,320,41.2963,-85.0863,52,Clear,0,0,False,False,False,False,False,0.0
2026-09-27T04:42:15Z,IN,321,41.5803,-85.0597,52,Clear,0,5,False,False,False,False,False,0.0
2026-09-27T04:42:15Z,IN,300,39.4417,-87.5002,57,Mostly Clear,0,3,False,False,False,False,False,0.0
2026-09-27T04:42:15Z,IN,302,39.6517,-86.3967,56,Mostly Clear,0,5,False,False,False,False,False,0.0
2026-09-27T04:42:15Z,IN,301,39.6541,-86.4005,56,Mostly Clear,0,5,False,False,False,False,False,0.0
2026-09-27T04:42:15Z,IN,303,39.8243,-85.7039,55,Clear,0,3,False,False,False,False,False,0.0
2026-09-27T04:42:15Z,IN,304,39.8266,-85.704,55,Clear,0,3,False,False,False,False,False,0.0
2026-09-27T04:42:15Z,IN,305,39.8605,-85.0259,52,Mostly Clear,0,3,False,False,False,False,False,0.0
2026-09-27T04:42:15Z,IN,323,39.29,-85.1688,52,Mostly Clear,0,2,False,False,False,False,False,0.0
2026-09-27T04:42:15Z,IN,702,41.7472,-85.3285,52,Clear,0,5,False,False,False,False,False,0.0
2026-09-27T04:42:15Z,IN,701,41.5889,-87.2173,56,Partly Cloudy,0,5,False,False,False,False,False,0.0
2026-09-27T04:42:15Z,IN,704,41.7058,-86.6212,51,Mostly Clear,0,5,False,False,False,False,False,0.0
2026-09-27T04:42:15Z,IN,703,41.7071,-86.6235,51,Mostly Clear,0,5,False,False,False,False,False,0.0
2026-09-27T04:42:15Z,IN,705,41.733,-86.0057,53,Mostly Clear,0,0,False,False,False,False,False,0.0
2026-09-27T04:42:15Z,IN,708,41.7472,-85.3285,52,Clear,0,5,False,False,False,False,False,0.0
2026-09-27T04:42:15Z,IN,707,41.7453,-85.3287,52,Clear,0,5,False,False,False,False,False,0.0
2026-09-27T04:42:15Z,IN,324,41.7353,-86.7933,51,Mostly Clear,0,0,False,False,False,False,False,0.0
2026-09-27T04:42:15Z,KY,KY00065IS0000020N65WELCOM,36.6434,-86.5687,58,Partly Cloudy,0,5,False,False,False,False,False,0.0
2026-09-27T04:42:15Z,KY,KY00065IS000020NSMARATHON,36.6612,-86.5553,59,Partly Cloudy,0,3,False,False,False,False,False,0.0
2026-09-27T04:42:15Z,KY,KY00065IS0000340NWEIGHS34,36.6868,-86.5379,59,Partly Cloudy,0,3,False,False,False,False,False,0.0
2026-09-27T04:42:15Z,KY,KY00065IS0011400S65SRA114,37.9464,-85.6905,58,Mostly Clear,0,2,False,False,False,False,False,0.0
2026-09-27T04:42:15Z,KY,KY00065IS0005900S65SRA059,37.239,-85.9297,57,Mostly Clear,0,1,False,False,False,False,False,0.0
2026-09-27T04:42:15Z,KY,KY00065IS0005900N65NRA059,37.2384,-85.9271,57,Mostly Clear,0,1,False,False,False,False,False,0.0
2026-09-27T04:42:15Z,KY,KY00075IS0003300NWEIGHS33,37.0422,-84.0968,57,Clear,0,2,False,False,False,False,False,0.0
2026-09-27T04:42:15Z,KY,KY00075IS0003400SWEIGHS34,37.048,-84.0997,57,Clear,0,3,False,False,False,False,False,0.0
2026-09-27T04:42:15Z,KY,KY00075IS0017700N75NRA177,38.937,-84.6309,55,Clear,0,5,False,False,False,False,False,0.0
2026-09-27T04:42:15Z,KY,KY00075IS0007500SWALTONWS,38.8653,-84.6476,55,Clear,0,5,False,False,False,False,False,0.0
2026-09-27T04:42:15Z,KY,KY00075IS0017700S75SRA177,38.9388,-84.6339,55,Clear,0,5,False,False,False,False,False,0.0
2026-09-27T04:42:15Z,KY,KY00075IS0016800SCRITENWS,38.8196,-84.6015,55,Clear,0,5,False,False,False,False,False,0.0
2026-09-27T04:42:15Z,KY,KY00075IS0000100N75WELCOM,36.6162,-84.1054,54,Clear,0,1,False,False,False,False,False,0.0
2026-09-27T04:42:19Z,IL,IL00070IE002700042,38.7849,-89.7023,59,Partly Cloudy,5,0,False,False,False,False,True,0.2
2026-09-27T04:42:19Z,IL,IL00055IS002700019,38.8723,-89.8511,59,Partly Cloudy,5,1,False,False,False,False,True,0.2
2026-09-27T04:42:19Z,IL,IL00080IW005100013,41.3937,-89.5591,58,Mostly Cloudy,6,5,False,False,False,False,True,0.2
2026-09-27T04:42:19Z,IL,IL00074IW002800020,41.2141,-90.3308,61,Mostly Cloudy,6,5,False,False,False,False,True,0.2
2026-09-27T04:42:19Z,IL,IL00057IN033300049,41.3892,-87.7729,53,Partly Cloudy,0,5,False,False,False,False,True,0.2
2026-09-27T04:42:19Z,IL,IL00055IN010400050,39.8627,-89.5948,63,Mostly Cloudy,10,5,False,False,False,False,True,0.2
2026-09-27T04:42:19Z,IL,IL00070IE008600051,39.0651,-88.6745,62,Mostly Cloudy,3,2,False,False,False,False,True,0.2
2026-09-27T04:42:19Z,IL,IL00057IN026800032,40.5505,-88.0605,56,Partly Cloudy,0,5,False,False,False,False,True,0.2
2026-09-27T04:42:19Z,IL,IL00024IW003700010,37.1593,-88.6798,63,Partly Cloudy,1,1,False,False,False,False,True,0.2
2026-09-27T04:42:19Z,IL,IL00070IW002700015,38.7884,-89.6889,59,Partly Cloudy,5,0,False,False,False,False,True,0.2
2026-09-27T04:42:19Z,IL,IL00064IW013000053,38.2322,-87.9882,63,Partly Cloudy,1,1,False,False,False,False,True,0.2
2026-09-27T04:42:19Z,IL,IL00080IE005100040,41.3938,-89.5665,58,Mostly Cloudy,6,5,False,False,False,False,True,0.2
2026-09-27T04:42:19Z,IL,IL00074IE011400005,40.6125,-89.245,59,Mostly Cloudy,6,5,False,False,False,False,True,0.2
2026-09-27T04:42:19Z,IL,IL00072IE015200041,39.9923,-88.7827,60,Mostly Cloudy,3,6,False,False,False,False,True,0.2
2026-09-27T04:42:19Z,IL,IL00057IN007900034,38.0297,-88.9203,63,Mostly Cloudy,1,1,False,False,False,False,True,0.2
2026-09-27T04:42:19Z,IL,IL00064IE008500039,38.273,-88.8496,62,Mostly Cloudy,1,0,False,False,False,False,True,0.2
2026-09-27T04:42:19Z,IL,IL00074IW006200004,40.8802,-90.0895,63,Mostly Cloudy,7,3,False,False,False,False,True,0.2
2026-09-27T04:42:19Z,IL,IL00057IS026800022,40.5613,-88.0615,56,Partly Cloudy,0,5,False,False,False,False,True,0.2
2026-09-27T04:42:19Z,IL,IL00055IN002700029,38.8649,-89.8532,59,Partly Cloudy,5,1,False,False,False,False,True,0.2
2026-09-27T04:42:19Z,IL,IL00074IW020800052,40.1298,-87.7441,55,Partly Cloudy,0,3,False,False,False,False,True,0.2
2026-09-27T04:42:19Z,IL,IL00055IS019400021,40.8371,-88.6833,56,Partly Cloudy,3,5,False,False,False,False,True,0.2
2026-09-27T04:42:19Z,IL,IL00057IS011400023,38.5965,-88.9677,62,Mostly Cloudy,6,0,False,False,False,False,True,0.2
2026-09-27T04:42:19Z,IL,IL00074IE002800030,41.2334,-90.333,61,Mostly Cloudy,6,5,False,False,False,False,True,0.2
2026-09-27T04:42:19Z,IL,IL00080IE011700043,41.4314,-88.3454,55,Partly Cloudy,1,5,False,False,False,False,True,0.2
2026-09-27T04:42:19Z,IL,IL00039IS008500026,41.7285,-89.0105,53,Mostly Cloudy,5,5,False,False,False,False,True,0.2
2026-09-27T04:42:19Z,IL,IL00055IN019400031,40.8234,-88.6875,56,Partly Cloudy,3,5,False,False,False,False,True,0.2
2026-09-27T04:42:19Z,IL,IL00057IN011400033,38.5963,-88.9638,62,Mostly Cloudy,6,0,False,False,False,False,True,0.2
2026-09-27T04:42:19Z,IL,IL00074IE015600037,40.2732,-88.6762,60,Mostly Cloudy,2,6,False,False,False,False,True,0.2
2026-09-27T04:42:19Z,IL,IL00055IN006400027,39.3465,-89.6408,59,Mostly Cloudy,8,1,False,False,False,False,True,0.2
2026-09-27T04:42:19Z,IL,IL00055IN014900028,40.3599,-89.1099,60,Mostly Cloudy,6,6,False,False,False,False,True,0.2
2026-09-27T04:42:19Z,IL,IL00064IE002500038,38.5481,-89.7731,60,Partly Cloudy,4,0,False,False,False,False,True,0.2
2026-09-27T04:42:19Z,IL,IL00057IN022200048,39.9218,-88.299,58,Partly Cloudy,1,6,False,False,False,False,True,0.2
2026-09-27T04:42:19Z,IL,IL00039IN008500036,41.7236,-89.0062,53,Mostly Cloudy,5,5,False,False,False,False,True,0.2
2026-09-27T04:42:19Z,IL,IL00074IW015600009,40.2711,-88.6701,59,Mostly Cloudy,2,6,False,False,False,False,True,0.2
2026-09-27T04:42:19Z,IL,IL00057IS033300046,41.3918,-87.7749,54,Partly Cloudy,0,5,False,False,False,False,True,0.2
2026-09-27T04:42:19Z,IL,IL00057IS007900047,38.0962,-88.9138,64,Mostly Cloudy,1,1,False,False,False,False,True,0.2
2026-09-27T04:42:19Z,IL,IL00064IW002500011,38.5491,-89.7633,60,Partly Cloudy,4,0,False,False,False,False,True,0.2
2026-09-27T04:42:19Z,IL,IL00072IW015200014,39.9888,-88.7852,60,Mostly Cloudy,3,6,False,False,False,False,True,0.2
2026-09-27T04:42:19Z,IL,IL00080IW011700016,41.4473,-88.3285,55,Partly Cloudy,0,5,False,False,False,False,True,0.2
2026-09-27T04:42:19Z,IL,IL00055IS006400017,39.3523,-89.6447,59,Mostly Cloudy,8,1,False,False,False,False,True,0.2
2026-09-27T04:42:19Z,IL,IL00064IW008500012,38.2766,-88.8012,62,Mostly Cloudy,1,1,False,False,False,False,True,0.2
2026-09-27T04:42:19Z,IL,IL00057IS022200054,39.9314,-88.3043,58,Partly Cloudy,1,6,False,False,False,False,True,0.2
2026-09-27T04:42:19Z,IL,IL00070IW008700045,39.0679,-88.6704,62,Mostly Cloudy,3,2,False,False,False,False,True,0.2
2026-09-27T04:42:19Z,IL,IL00057IS016500018,39.1993,-88.502,58,Partly Cloudy,2,3,False,False,False,False,True,0.2
2026-09-27T04:42:19Z,IL,IL00074IW011400006,40.6111,-89.2323,59,Mostly Cloudy,6,5,False,False,False,False,True,0.2
2026-09-27T04:42:19Z,IL,IL00074IE006200001,40.8788,-90.0936,63,Mostly Cloudy,7,3,False,False,False,False,True,0.2
2026-09-27T04:42:19Z,IL,IL00070IW014900008,39.4228,-87.6617,53,Partly Cloudy,0,3,False,False,False,False,True,0.2
2026-09-27T04:42:19Z,IL,IL00057IN016500044,39.1898,-88.5031,58,Partly Cloudy,2,3,False,False,False,False,True,0.2
2026-09-27T04:42:19Z,IL,IL00055IS010400024,39.8871,-89.5966,63,Mostly Cloudy,10,5,False,False,False,False,True,0.2
2026-09-27T04:42:19Z,IL,IL00057IS003200025,37.4699,-89.1329,63,Mostly Cloudy,1,0,False,False,False,False,True,0.2
2026-09-27T04:42:19Z,IL,IL00057IN003200035,37.4661,-89.1324,63,Mostly Cloudy,1,0,False,False,False,False,True,0.2
2026-09-27T04:42:19Z,IN,322,38.195,-87.8597,63,Partly Cloudy,0,2,False,False,False,False,False,0.0
2026-09-27T04:42:19Z,IN,317,38.5852,-85.7768,57,Mostly Clear,0,2,False,False,False,False,False,0.0
2026-09-27T04:42:19Z,IN,316,38.5859,-85.7809,57,Mostly Clear,0,2,False,False,False,False,False,0.0
2026-09-27T04:42:19Z,IN,315,39.2602,-85.9521,57,Clear,0,3,False,False,False,False,False,0.0
2026-09-27T04:42:19Z,IN,314,39.2767,-85.9569,57,Clear,0,3,False,False,False,False,False,0.0
2026-09-27T04:42:19Z,IN,313,40.1578,-86.5387,54,Mostly Clear,0,3,False,False,False,False,False,0.0
2026-09-27T04:42:19Z,IN,312,40.1722,-86.5522,55,Mostly Clear,0,3,False,False,False,False,False,0.0
2026-09-27T04:42:19Z,IN,311,40.6992,-87.0628,54,Partly Cloudy,0,0,False,False,False,False,False,0.0
2026-09-27T04:42:19Z,IN,310,40.6984,-87.0646,54,Partly Cloudy,0,0,False,False,False,False,False,0.0
2026-09-27T04:42:19Z,IN,308,41.1653,-87.271,52,Mostly Clear,0,5,False,False,False,False,False,0.0
2026-09-27T04:42:19Z,IN,309,41.1666,-87.2749,52,Mostly Clear,0,5,False,False,False,False,False,0.0
2026-09-27T04:42:19Z,IN,318,40.3543,-85.5576,53,Clear,0,3,False,False,False,False,False,0.0
2026-09-27T04:42:19Z,IN,319,40.3569,-85.56,53,Clear,0,3,False,False,False,False,False,0.0
2026-09-27T04:42:19Z,IN,320,41.2963,-85.0863,52,Clear,0,0,False,False,False,False,False,0.0
2026-09-27T04:42:19Z,IN,321,41.5803,-85.0597,52,Clear,0,5,False,False,False,False,False,0.0
2026-09-27T04:42:19Z,IN,300,39.4417,-87.5002,57,Mostly Clear,0,3,False,False,False,False,False,0.0
2026-09-27T04:42:19Z,IN,302,39.6517,-86.3967,56,Mostly Clear,0,5,False,False,False,False,False,0.0
2026-09-27T04:42:19Z,IN,301,39.6541,-86.4005,56,Mostly Clear,0,5,False,False,False,False,False,0.0
2026-09-27T04:42:19Z,IN,303,39.8243,-85.7039,55,Clear,0,3,False,False,False,False,False,0.0
2026-09-27T04:42:19Z,IN,304,39.8266,-85.704,55,Clear,0,3,False,False,False,False,False,0.0
2026-09-27T04:42:19Z,IN,305,39.8605,-85.0259,52,Mostly Clear,0,3,False,False,False,False,False,0.0
2026-09-27T04:42:19Z,IN,323,39.29,-85.1688,52,Mostly Clear,0,2,False,False,False,False,False,0.0
2026-09-27T04:42:19Z,IN,702,41.7472,-85.3285,52,Clear,0,5,False,False,False,False,False,0.0
2026-09-27T04:42:19Z,IN,701,41.5889,-87.2173,56,Partly Cloudy,0,5,False,False,False,False,False,0.0
2026-09-27T04:42:19Z,IN,704,41.7058,-86.6212,51,Mostly Clear,0,5,False,False,False,False,False,0.0
2026-09-27T04:42:19Z,IN,703,41.7071,-86.6235,51,Mostly Clear,0,5,False,False,False,False,False,0.0
2026-09-27T04:42:19Z,IN,705,41.733,-86.0057,53,Mostly Clear,0,0,False,False,False,False,False,0.0
2026-09-27T04:42:19Z,IN,708,41.7472,-85.3285,52,Clear,0,5,False,False,False,False,False,0.0
2026-09-27T04:42:19Z,IN,707,41.7453,-85.3287,52,Clear,0,5,False,False,False,False,False,0.0
2026-09-27T04:42:19Z,IN,324,41.7353,-86.7933,51,Mostly Clear,0,0,False,False,False,False,False,0.0
2026-09-27T04:42:19Z,KY,KY00065IS0000020N65WELCOM,36.6434,-86.5687,58,Partly Cloudy,0,5,False,False,False,False,False,0.0
2026-09-27T04:42:19Z,KY,KY00065IS000020NSMARATHON,36.6612,-86.5553,59,Partly Cloudy,0,3,False,False,False,False,False,0.0
2026-09-27T04:42:19Z,KY,KY00065IS0000340NWEIGHS34,36.6868,-86.5379,59,Partly Cloudy,0,3,False,False,False,False,False,0.0
2026-09-27T04:42:19Z,KY,KY00065IS0011400S65SRA114,37.9464,-85.6905,58,Mostly Clear,0,2,False,False,False,False,False,0.0
2026-09-27T04:42:19Z,KY,KY00065IS0005900S65SRA059,37.239,-85.9297,57,Mostly Clear,0,1,False,False,False,False,False,0.0
2026-09-27T04:42:19Z,KY,KY00065IS0005900N65NRA059,37.2384,-85.9271,57,Mostly Clear,0,1,False,False,False,False,False,0.0
2026-09-27T04:42:19Z,KY,KY00075IS0003300NWEIGHS33,37.0422,-84.0968,57,Clear,0,2,False,False,False,False,False,0.0
2026-09-27T04:42:19Z,KY,KY00075IS0003400SWEIGHS34,37.048,-84.0997,57,Clear,0,3,False,False,False,False,False,0.0
2026-09-27T04:42:19Z,KY,KY00075IS0017700N75NRA177,38.937,-84.6309,55,Clear,0,5,False,False,False,False,False,0.0
2026-09-27T04:42:19Z,KY,KY00075IS0007500SWALTONWS,38.8653,-84.6476,55,Clear,0,5,False,False,False,False,False,0.0
2026-09-27T04:42:19Z,KY,KY00075IS0017700S75SRA177,38.9388,-84.6339,55,Clear,0,5,False,False,False,False,False,0.0
2026-09-27T04:42:19Z,KY,KY00075IS0016800SCRITENWS,38.8196,-84.6015,55,Clear,0,5,False,False,False,False,False,0.0
2026-09-27T04:42:19Z,KY,KY00075IS0000100N75WELCOM,36.6162,-84.1054,54,Clear,0,1,False,False,False,False,False,0.0
2026-09-27T04:42:23Z,IL,IL00070IE002700042,38.7849,-89.7023,59,Partly Cloudy,5,0,False,False,False,False,True,0.2
2026-09-27T04:42:23Z,IL,IL00055IS002700019,38.8723,-89.8511,59,Partly Cloudy,5,1,False,False,False,False,True,0.2
2026-09-27T04:42:23Z,IL,IL00080IW005100013,41.3937,-89.5591,58,Mostly Cloudy,6,5,False,False,False,False,True,0.2
2026-09-27T04:42:23Z,IL,IL00074IW002800020,41.2141,-90.3308,61,Mostly Cloudy,6,5,False,False,False,False,True,0.2
2026-09-27T04:42:23Z,IL,IL00057IN033300049,41.3892,-87.7729,53,Partly Cloudy,0,5,False,False,False,False,True,0.2
2026-09-27T04:42:23Z,IL,IL00055IN010400050,39.8627,-89.5948,63,Mostly Cloudy,10,5,False,False,False,False,True,0.2
2026-09-27T04:42:23Z,IL,IL00070IE008600051,39.0651,-88.6745,62,Mostly Cloudy,3,2,False,False,False,False,True,0.2
2026-09-27T04:42:23Z,IL,IL00057IN026800032,40.5505,-88.0605,56,Partly Cloudy,0,5,False,False,False,False,True,0.2
2026-09-27T04:42:23Z,IL,IL00024IW003700010,37.1593,-88.6798,63,Partly Cloudy,1,1,False,False,False,False,True,0.2
2026-09-27T04:42:23Z,IL,IL00070IW002700015,38.7884,-89.6889,59,Partly Cloudy,5,0,False,False,False,False,True,0.2
2026-09-27T04:42:23Z,IL,IL00064IW013000053,38.2322,-87.9882,63,Partly Cloudy,1,1,False,False,False,False,True,0.2
2026-09-27T04:42:23Z,IL,IL00080IE005100040,41.3938,-89.5665,58,Mostly Cloudy,6,5,False,False,False,False,True,0.2
2026-09-27T04:42:23Z,IL,IL00074IE011400005,40.6125,-89.245,59,Mostly Cloudy,6,5,False,False,False,False,True,0.2
2026-09-27T04:42:23Z,IL,IL00072IE015200041,39.9923,-88.7827,60,Mostly Cloudy,3,6,False,False,False,False,True,0.2
2026-09-27T04:42:23Z,IL,IL00057IN007900034,38.0297,-88.9203,63,Mostly Cloudy,1,1,False,False,False,False,True,0.2
2026-09-27T04:42:23Z,IL,IL00064IE008500039,38.273,-88.8496,62,Mostly Cloudy,1,0,False,False,False,False,True,0.2
2026-09-27T04:42:23Z,IL,IL00074IW006200004,40.8802,-90.0895,63,Mostly Cloudy,7,3,False,False,False,False,True,0.2
2026-09-27T04:42:23Z,IL,IL00057IS026800022,40.5613,-88.0615,56,Partly Cloudy,0,5,False,False,False,False,True,0.2
2026-09-27T04:42:23Z,IL,IL00055IN002700029,38.8649,-89.8532,59,Partly Cloudy,5,1,False,False,False,False,True,0.2
2026-09-27T04:42:23Z,IL,IL00074IW020800052,40.1298,-87.7441,55,Partly Cloudy,0,3,False,False,False,False,True,0.2
2026-09-27T04:42:23Z,IL,IL00055IS019400021,40.8371,-88.6833,56,Partly Cloudy,3,5,False,False,False,False,True,0.2
2026-09-27T04:42:23Z,IL,IL00057IS011400023,38.5965,-88.9677,62,Mostly Cloudy,6,0,False,False,False,False,True,0.2
2026-09-27T04:42:23Z,IL,IL00074IE002800030,41.2334,-90.333,61,Mostly Cloudy,6,5,False,False,False,False,True,0.2
2026-09-27T04:42:23Z,IL,IL00080IE011700043,41.4314,-88.3454,55,Partly Cloudy,1,5,False,False,False,False,True,0.2
2026-09-27T04:42:23Z,IL,IL00039IS008500026,41.7285,-89.0105,53,Mostly Cloudy,5,5,False,False,False,False,True,0.2
2026-09-27T04:42:23Z,IL,IL00055IN019400031,40.8234,-88.6875,56,Partly Cloudy,3,5,False,False,False,False,True,0.2
2026-09-27T04:42:23Z,IL,IL00057IN011400033,38.5963,-88.9638,62,Mostly Cloudy,6,0,False,False,False,False,True,0.2
2026-09-27T04:42:23Z,IL,IL00074IE015600037,40.2732,-88.6762,60,Mostly Cloudy,2,6,False,False,False,False,True,0.2
2026-09-27T04:42:23Z,IL,IL00055IN006400027,39.3465,-89.6408,59,Mostly Cloudy,8,1,False,False,False,False,True,0.2
2026-09-27T04:42:23Z,IL,IL00055IN014900028,40.3599,-89.1099,60,Mostly Cloudy,6,6,False,False,False,False,True,0.2
2026-09-27T04:42:23Z,IL,IL00064IE002500038,38.5481,-89.7731,60,Partly Cloudy,4,0,False,False,False,False,True,0.2
2026-09-27T04:42:23Z,IL,IL00057IN022200048,39.9218,-88.299,58,Partly Cloudy,1,6,False,False,False,False,True,0.2
2026-09-27T04:42:23Z,IL,IL00039IN008500036,41.7236,-89.0062,53,Mostly Cloudy,5,5,False,False,False,False,True,0.2
2026-09-27T04:42:23Z,IL,IL00074IW015600009,40.2711,-88.6701,59,Mostly Cloudy,2,6,False,False,False,False,True,0.2
2026-09-27T04:42:23Z,IL,IL00057IS033300046,41.3918,-87.7749,54,Partly Cloudy,0,5,False,False,False,False,True,0.2
2026-09-27T04:42:23Z,IL,IL00057IS007900047,38.0962,-88.9138,64,Mostly Cloudy,1,1,False,False,False,False,True,0.2
2026-09-27T04:42:23Z,IL,IL00064IW002500011,38.5491,-89.7633,60,Partly Cloudy,4,0,False,False,False,False,True,0.2
2026-09-27T04:42:23Z,IL,IL00072IW015200014,39.9888,-88.7852,60,Mostly Cloudy,3,6,False,False,False,False,True,0.2
2026-09-27T04:42:23Z,IL,IL00080IW011700016,41.4473,-88.3285,55,Partly Cloudy,0,5,False,False,False,False,True,0.2
2026-09-27T04:42:23Z,IL,IL00055IS006400017,39.3523,-89.6447,59,Mostly Cloudy,8,1,False,False,False,False,True,0.2
2026-09-27T04:42:23Z,IL,IL00064IW008500012,38.2766,-88.8012,62,Mostly Cloudy,1,1,False,False,False,False,True,0.2
2026-09-27T04:42:23Z,IL,IL00057IS022200054,39.9314,-88.3043,58,Partly Cloudy,1,6,False,False,False,False,True,0.2
2026-09-27T04:42:23Z,IL,IL00070IW008700045,39.0679,-88.6704,62,Mostly Cloudy,3,2,False,False,False,False,True,0.2
2026-09-27T04:42:23Z,IL,IL00057IS016500018,39.1993,-88.502,58,Partly Cloudy,2,3,False,False,False,False,True,0.2
2026-09-27T04:42:23Z,IL,IL00074IW011400006,40.6111,-89.2323,59,Mostly Cloudy,6,5,False,False,False,False,True,0.2
2026-09-27T04:42:23Z,IL,IL00074IE006200001,40.8788,-90.0936,63,Mostly Cloudy,7,3,False,False,False,False,True,0.2
2026-09-27T04:42:23Z,IL,IL00070IW014900008,39.4228,-87.6617,53,Partly Cloudy,0,3,False,False,False,False,True,0.2
2026-09-27T04:42:23Z,IL,IL00057IN016500044,39.1898,-88.5031,58,Partly Cloudy,2,3,False,False,False,False,True,0.2
2026-09-27T04:42:23Z,IL,IL00055IS010400024,39.8871,-89.5966,63,Mostly Cloudy,10,5,False,False,False,False,True,0.2
2026-09-27T04:42:23Z,IL,IL00057IS003200025,37.4699,-89.1329,63,Mostly Cloudy,1,0,False,False,False,False,True,0.2
2026-09-27T04:42:23Z,IL,IL00057IN003200035,37.4661,-89.1324,63,Mostly Cloudy,1,0,False,False,False,False,True,0.2
2026-09-27T04:42:23Z,IN,322,38.195,-87.8597,63,Partly Cloudy,0,2,False,False,False,False,False,0.0
2026-09-27T04:42:23Z,IN,317,38.5852,-85.7768,57,Mostly Clear,0,2,False,False,False,False,False,0.0
2026-09-27T04:42:23Z,IN,316,38.5859,-85.7809,57,Mostly Clear,0,2,False,False,False,False,False,0.0
2026-09-27T04:42:23Z,IN,315,39.2602,-85.9521,57,Clear,0,3,False,False,False,False,False,0.0
2026-09-27T04:42:23Z,IN,314,39.2767,-85.9569,57,Clear,0,3,False,False,False,False,False,0.0
2026-09-27T04:42:23Z,IN,313,40.1578,-86.5387,54,Mostly Clear,0,3,False,False,False,False,False,0.0
2026-09-27T04:42:23Z,IN,312,40.1722,-86.5522,55,Mostly Clear,0,3,False,False,False,False,False,0.0
2026-09-27T04:42:23Z,IN,311,40.6992,-87.0628,54,Partly Cloudy,0,0,False,False,False,False,False,0.0
2026-09-27T04:42:23Z,IN,310,40.6984,-87.0646,54,Partly Cloudy,0,0,False,False,False,False,False,0.0
2026-09-27T04:42:23Z,IN,308,41.1653,-87.271,52,Mostly Clear,0,5,False,False,False,False,False,0.0
2026-09-27T04:42:23Z,IN,309,41.1666,-87.2749,52,Mostly Clear,0,5,False,False,False,False,False,0.0
2026-09-27T04:42:23Z,IN,318,40.3543,-85.5576,53,Clear,0,3,False,False,False,False,False,0.0
2026-09-27T04:42:23Z,IN,319,40.3569,-85.56,53,Clear,0,3,False,False,False,False,False,0.0
2026-09-27T04:42:23Z,IN,320,41.2963,-85.0863,52,Clear,0,0,False,False,False,False,False,0.0
2026-09-27T04:42:23Z,IN,321,41.5803,-85.0597,52,Clear,0,5,False,False,False,False,False,0.0
2026-09-27T04:42:23Z,IN,300,39.4417,-87.5002,57,Mostly Clear,0,3,False,False,False,False,False,0.0
2026-09-27T04:42:23Z,IN,302,39.6517,-86.3967,56,Mostly Clear,0,5,False,False,False,False,False,0.0
2026-09-27T04:42:23Z,IN,301,39.6541,-86.4005,56,Mostly Clear,0,5,False,False,False,False,False,0.0
2026-09-27T04:42:23Z,IN,303,39.8243,-85.7039,55,Clear,0,3,False,False,False,False,False,0.0
2026-09-27T04:42:23Z,IN,304,39.8266,-85.704,55,Clear,0,3,False,False,False,False,False,0.0
2026-09-27T04:42:23Z,IN,305,39.8605,-85.0259,52,Mostly Clear,0,3,False,False,False,False,False,0.0
2026-09-27T04:42:23Z,IN,323,39.29,-85.1688,52,Mostly Clear,0,2,False,False,False,False,False,0.0
2026-09-27T04:42:23Z,IN,702,41.7472,-85.3285,52,Clear,0,5,False,False,False,False,False,0.0
2026-09-27T04:42:23Z,IN,701,41.5889,-87.2173,56,Partly Cloudy,0,5,False,False,False,False,False,0.0
2026-09-27T04:42:23Z,IN,704,41.7058,-86.6212,51,Mostly Clear,0,5,False,False,False,False,False,0.0
2026-09-27T04:42:23Z,IN,703,41.7071,-86.6235,51,Mostly Clear,0,5,False,False,False,False,False,0.0
2026-09-27T04:42:23Z,IN,705,41.733,-86.0057,53,Mostly Clear,0,0,False,False,False,False,False,0.0
2026-09-27T04:42:23Z,IN,708,41.7472,-85.3285,52,Clear,0,5,False,False,False,False,False,0.0
2026-09-27T04:42:23Z,IN,707,41.7453,-85.3287,52,Clear,0,5,False,False,False,False,False,0.0
2026-09-27T04:42:23Z,IN,324,41.7353,-86.7933,51,Mostly Clear,0,0,False,False,False,False,False,0.0
2026-09-27T04:42:23Z,KY,KY00065IS0000020N65WELCOM,36.6434,-86.5687,58,Partly Cloudy,0,5,False,False,False,False,False,0.0
2026-09-27T04:42:23Z,KY,KY00065IS000020NSMARATHON,36.6612,-86.5553,59,Partly Cloudy,0,3,False,False,False,False,False,0.0
2026-09-27T04:42:23Z,KY,KY00065IS0000340NWEIGHS34,36.6868,-86.5379,59,Partly Cloudy,0,3,False,False,False,False,False,0.0
2026-09-27T04:42:23Z,KY,KY00065IS0011400S65SRA114,37.9464,-85.6905,58,Mostly Clear,0,2,False,False,False,False,False,0.0
2026-09-27T04:42:23Z,KY,KY00065IS0005900S65SRA059,37.239,-85.9297,57,Mostly Clear,0,1,False,False,False,False,False,0.0
2026-09-27T04:42:23Z,KY,KY00065IS0005900N65NRA059,37.2384,-85.9271,57,Mostly Clear,0,1,False,False,False,False,False,0.0
2026-09-27T04:42:23Z,KY,KY00075IS0003300NWEIGHS33,37.0422,-84.0968,57,Clear,0,2,False,False,False,False,False,0.0
2026-09-27T04:42:23Z,KY,KY00075IS0003400SWEIGHS34,37.048,-84.0997,57,Clear,0,3,False,False,False,False,False,0.0
2026-09-27T04:42:23Z,KY,KY00075IS0017700N75NRA177,38.937,-84.6309,55,Clear,0,5,False,False,False,False,False,0.0
2026-09-27T04:42:23Z,KY,KY00075IS0007500SWALTONWS,38.8653,-84.6476,55,Clear,0,5,False,False,False,False,False,0.0
2026-09-27T04:42:23Z,KY,KY00075IS0017700S75SRA177,38.9388,-84.6339,55,Clear,0,5,False,False,False,False,False,0.0
2026-09-27T04:42:23Z,KY,KY00075IS0016800SCRITENWS,38.8196,-84.6015,55,Clear,0,5,False,False,False,False,False,0.0
2026-09-27T04:42:23Z,KY,KY00075IS0000100N75WELCOM,36.6162,-84.1054,54,Clear,0,1,False,False,False,False,False,0.0
2026-09-27T04:42:27Z,IL,IL00070IE002700042,38.7849,-89.7023,59,Partly Cloudy,5,0,False,False,False,False,True,0.2
2026-09-27T04:42:27Z,IL,IL00055IS002700019,38.8723,-89.8511,59,Partly Cloudy,5,1,False,False,False,False,True,0.2
2026-09-27T04:42:27Z,IL,IL00080IW005100013,41.3937,-89.5591,58,Mostly Cloudy,6,5,False,False,False,False,True,0.2
2026-09-27T04:42:27Z,IL,IL00074IW002800020,41.2141,-90.3308,61,Mostly Cloudy,6,5,False,False,False,False,True,0.2
2026-09-27T04:42:27Z,IL,IL00057IN033300049,41.3892,-87.7729,53,Partly Cloudy,0,5,False,False,False,False,True,0.2
2026-09-27T04:42:27Z,IL,IL00055IN010400050,39.8627,-89.5948,63,Mostly Cloudy,10,5,False,False,False,False,True,0.2
2026-09-27T04:42:27Z,IL,IL00070IE008600051,39.0651,-88.6745,62,Mostly Cloudy,3,2,False,False,False,False,True,0.2
2026-09-27T04:42:27Z,IL,IL00057IN026800032,40.5505,-88.0605,56,Partly Cloudy,0,5,False,False,False,False,True,0.2
2026-09-27T04:42:27Z,IL,IL00024IW003700010,37.1593,-88.6798,63,Partly Cloudy,1,1,False,False,False,False,True,0.2
2026-09-27T04:42:27Z,IL,IL00070IW002700015,38.7884,-89.6889,59,Partly Cloudy,5,0,False,False,False,False,True,0.2
2026-09-27T04:42:27Z,IL,IL00064IW013000053,38.2322,-87.9882,63,Partly Cloudy,1,1,False,False,False,False,True,0.2
2026-09-27T04:42:27Z,IL,IL00080IE005100040,41.3938,-89.5665,58,Mostly Cloudy,6,5,False,False,False,False,True,0.2
2026-09-27T04:42:27Z,IL,IL00074IE011400005,40.6125,-89.245,59,Mostly Cloudy,6,5,False,False,False,False,True,0.2
2026-09-27T04:42:27Z,IL,IL00072IE015200041,39.9923,-88.7827,60,Mostly Cloudy,3,6,False,False,False,False,True,0.2
2026-09-27T04:42:27Z,IL,IL00057IN007900034,38.0297,-88.9203,63,Mostly Cloudy,1,1,False,False,False,False,True,0.2
2026-09-27T04:42:27Z,IL,IL00064IE008500039,38.273,-88.8496,62,Mostly Cloudy,1,0,False,False,False,False,True,0.2
2026-09-27T04:42:27Z,IL,IL00074IW006200004,40.8802,-90.0895,63,Mostly Cloudy,7,3,False,False,False,False,True,0.2
2026-09-27T04:42:27Z,IL,IL00057IS026800022,40.5613,-88.0615,56,Partly Cloudy,0,5,False,False,False,False,True,0.2
2026-09-27T04:42:27Z,IL,IL00055IN002700029,38.8649,-89.8532,59,Partly Cloudy,5,1,False,False,False,False,True,0.2
2026-09-27T04:42:27Z,IL,IL00074IW020800052,40.1298,-87.7441,55,Partly Cloudy,0,3,False,False,False,False,True,0.2
2026-09-27T04:42:27Z,IL,IL00055IS019400021,40.8371,-88.6833,56,Partly Cloudy,3,5,False,False,False,False,True,0.2
2026-09-27T04:42:27Z,IL,IL00057IS011400023,38.5965,-88.9677,62,Mostly Cloudy,6,0,False,False,False,False,True,0.2
2026-09-27T04:42:27Z,IL,IL00074IE002800030,41.2334,-90.333,61,Mostly Cloudy,6,5,False,False,False,False,True,0.2
2026-09-27T04:42:27Z,IL,IL00080IE011700043,41.4314,-88.3454,55,Partly Cloudy,1,5,False,False,False,False,True,0.2
2026-09-27T04:42:27Z,IL,IL00039IS008500026,41.7285,-89.0105,53,Mostly Cloudy,5,5,False,False,False,False,True,0.2
2026-09-27T04:42:27Z,IL,IL00055IN019400031,40.8234,-88.6875,56,Partly Cloudy,3,5,False,False,False,False,True,0.2
2026-09-27T04:42:27Z,IL,IL00057IN011400033,38.5963,-88.9638,62,Mostly Cloudy,6,0,False,False,False,False,True,0.2
2026-09-27T04:42:27Z,IL,IL00074IE015600037,40.2732,-88.6762,60,Mostly Cloudy,2,6,False,False,False,False,True,0.2
2026-09-27T04:42:27Z,IL,IL00055IN006400027,39.3465,-89.6408,59,Mostly Cloudy,8,1,False,False,False,False,True,0.2
2026-09-27T04:42:27Z,IL,IL00055IN014900028,40.3599,-89.1099,60,Mostly Cloudy,6,6,False,False,False,False,True,0.2
2026-09-27T04:42:27Z,IL,IL00064IE002500038,38.5481,-89.7731,60,Partly Cloudy,4,0,False,False,False,False,True,0.2
2026-09-27T04:42:27Z,IL,IL00057IN022200048,39.9218,-88.299,58,Partly Cloudy,1,6,False,False,False,False,True,0.2
2026-09-27T04:42:27Z,IL,IL00039IN008500036,41.7236,-89.0062,53,Mostly Cloudy,5,5,False,False,False,False,True,0.2
2026-09-27T04:42:27Z,IL,IL00074IW015600009,40.2711,-88.6701,59,Mostly Cloudy,2,6,False,False,False,False,True,0.2
2026-09-27T04:42:27Z,IL,IL00057IS033300046,41.3918,-87.7749,54,Partly Cloudy,0,5,False,False,False,False,True,0.2
2026-09-27T04:42:27Z,IL,IL00057IS007900047,38.0962,-88.9138,64,Mostly Cloudy,1,1,False,False,False,False,True,0.2
2026-09-27T04:42:27Z,IL,IL00064IW002500011,38.5491,-89.7633,60,Partly Cloudy,4,0,False,False,False,False,True,0.2
2026-09-27T04:42:27Z,IL,IL00072IW015200014,39.9888,-88.7852,60,Mostly Cloudy,3,6,False,False,False,False,True,0.2
2026-09-27T04:42:27Z,IL,IL00080IW011700016,41.4473,-88.3285,55,Partly Cloudy,0,5,False,False,False,False,True,0.2
2026-09-27T04:42:27Z,IL,IL00055IS006400017,39.3523,-89.6447,59,Mostly Cloudy,8,1,False,False,False,False,True,0.2
2026-09-27T04:42:27Z,IL,IL00064IW008500012,38.2766,-88.8012,62,Mostly Cloudy,1,1,False,False,False,False,True,0.2
2026-09-27T04:42:27Z,IL,IL00057IS022200054,39.9314,-88.3043,58,Partly Cloudy,1,6,False,False,False,False,True,0.2
2026-09-27T04:42:27Z,IL,IL00070IW008700045,39.0679,-88.6704,62,Mostly Cloudy,3,2,False,False,False,False,True,0.2
2026-09-27T04:42:27Z,IL,IL00057IS016500018,39.1993,-88.502,58,Partly Cloudy,2,3,False,False,False,False,True,0.2
2026-09-27T04:42:27Z,IL,IL00074IW011400006,40.6111,-89.2323,59,Mostly Cloudy,6,5,False,False,False,False,True,0.2
2026-09-27T04:42:27Z,IL,IL00074IE006200001,40.8788,-90.0936,63,Mostly Cloudy,7,3,False,False,False,False,True,0.2
2026-09-27T04:42:27Z,IL,IL00070IW014900008,39.4228,-87.6617,53,Partly Cloudy,0,3,False,False,False,False,True,0.2
2026-09-27T04:42:27Z,IL,IL00057IN016500044,39.1898,-88.5031,58,Partly Cloudy,2,3,False,False,False,False,True,0.2
2026-09-27T04:42:27Z,IL,IL00055IS010400024,39.8871,-89.5966,63,Mostly Cloudy,10,5,False,False,False,False,True,0.2
2026-09-27T04:42:27Z,IL,IL00057IS003200025,37.4699,-89.1329,63,Mostly Cloudy,1,0,False,False,False,False,True,0.2
2026-09-27T04:42:27Z,IL,IL00057IN003200035,37.4661,-89.1324,63,Mostly Cloudy,1,0,False,False,False,False,True,0.2
2026-09-27T04:42:27Z,IN,322,38.195,-87.8597,63,Partly Cloudy,0,2,False,False,False,False,False,0.0
2026-09-27T04:42:27Z,IN,317,38.5852,-85.7768,57,Mostly Clear,0,2,False,False,False,False,False,0.0
2026-09-27T04:42:27Z,IN,316,38.5859,-85.7809,57,Mostly Clear,0,2,False,False,False,False,False,0.0
2026-09-27T04:42:27Z,IN,315,39.2602,-85.9521,57,Clear,0,3,False,False,False,False,False,0.0
2026-09-27T04:42:27Z,IN,314,39.2767,-85.9569,57,Clear,0,3,False,False,False,False,False,0.0
2026-09-27T04:42:27Z,IN,313,40.1578,-86.5387,54,Mostly Clear,0,3,False,False,False,False,False,0.0
2026-09-27T04:42:27Z,IN,312,40.1722,-86.5522,55,Mostly Clear,0,3,False,False,False,False,False,0.0
2026-09-27T04:42:27Z,IN,311,40.6992,-87.0628,54,Partly Cloudy,0,0,False,False,False,False,False,0.0
2026-09-27T04:42:27Z,IN,310,40.6984,-87.0646,54,Partly Cloudy,0,0,False,False,False,False,False,0.0
2026-09-27T04:42:27Z,IN,308,41.1653,-87.271,52,Mostly Clear,0,5,False,False,False,False,False,0.0
2026-09-27T04:42:27Z,IN,309,41.1666,-87.2749,52,Mostly Clear,0,5,False,False,False,False,False,0.0
2026-09-27T04:42:27Z,IN,318,40.3543,-85.5576,53,Clear,0,3,False,False,False,False,False,0.0
2026-09-27T04:42:27Z,IN,319,40.3569,-85.56,53,Clear,0,3,False,False,False,False,False,0.0
2026-09-27T04:42:27Z,IN,320,41.2963,-85.0863,52,Clear,0,0,False,False,False,False,False,0.0
2026-09-27T04:42:27Z,IN,321,41.5803,-85.0597,52,Clear,0,5,False,False,False,False,False,0.0
2026-09-27T04:42:27Z,IN,300,39.4417,-87.5002,57,Mostly Clear,0,3,False,False,False,False,False,0.0
2026-09-27T04:42:27Z,IN,302,39.6517,-86.3967,56,Mostly Clear,0,5,False,False,False,False,False,0.0
2026-09-27T04:42:27Z,IN,301,39.6541,-86.4005,56,Mostly Clear,0,5,False,False,False,False,False,0.0
2026-09-27T04:42:27Z,IN,303,39.8243,-85.7039,55,Clear,0,3,False,False,False,False,False,0.0
2026-09-27T04:42:27Z,IN,304,39.8266,-85.704,55,Clear,0,3,False,False,False,False,False,0.0
2026-09-27T04:42:27Z,IN,305,39.8605,-85.0259,52,Mostly Clear,0,3,False,False,False,False,False,0.0
2026-09-27T04:42:27Z,IN,323,39.29,-85.1688,52,Mostly Clear,0,2,False,False,False,False,False,0.0
2026-09-27T04:42:27Z,IN,702,41.7472,-85.3285,52,Clear,0,5,False,False,False,False,False,0.0
2026-09-27T04:42:27Z,IN,701,41.5889,-87.2173,56,Partly Cloudy,0,5,False,False,False,False,False,0.0
2026-09-27T04:42:27Z,IN,704,41.7058,-86.6212,51,Mostly Clear,0,5,False,False,False,False,False,0.0
2026-09-27T04:42:27Z,IN,703,41.7071,-86.6235,51,Mostly Clear,0,5,False,False,False,False,False,0.0
2026-09-27T04:42:27Z,IN,705,41.733,-86.0057,53,Mostly Clear,0,0,False,False,False,False,False,0.0
2026-09-27T04:42:27Z,IN,708,41.7472,-85.3285,52,Clear,0,5,False,False,False,False,False,0.0
2026-09-27T04:42:27Z,IN,707,41.7453,-85.3287,52,Clear,0,5,False,False,False,False,False,0.0
2026-09-27T04:42:27Z,IN,324,41.7353,-86.7933,51,Mostly Clear,0,0,False,False,False,False,False,0.0
2026-09-27T04:42:27Z,KY,KY00065IS0000020N65WELCOM,36.6434,-86.5687,58,Partly Cloudy,0,5,False,False,False,False,False,0.0
2026-09-27T04:42:27Z,KY,KY00065IS000020NSMARATHON,36.6612,-86.5553,59,Partly Cloudy,0,3,False,False,False,False,False,0.0
2026-09-27T04:42:27Z,KY,KY00065IS0000340NWEIGHS34,36.6868,-86.5379,59,Partly Cloudy,0,3,False,False,False,False,False,0.0
2026-09-27T04:42:27Z,KY,KY00065IS0011400S65SRA114,37.9464,-85.6905,58,Mostly Clear,0,2,False,False,False,False,False,0.0
2026-09-27T04:42:27Z,KY,KY00065IS0005900S65SRA059,37.239,-85.9297,57,Mostly Clear,0,1,False,False,False,False,False,0.0
2026-09-27T04:42:27Z,KY,KY00065IS0005900N65NRA059,37.2384,-85.9271,57,Mostly Clear,0,1,False,False,False,False,False,0.0
2026-09-27T04:42:27Z,KY,KY00075IS0003300NWEIGHS33,37.0422,-84.0968,57,Clear,0,2,False,False,False,False,False,0.0
2026-09-27T04:42:27Z,KY,KY00075IS0003400SWEIGHS34,37.048,-84.0997,57,Clear,0,3,False,False,False,False,False,0.0
2026-09-27T04:42:27Z,KY,KY00075IS0017700N75NRA177,38.937,-84.6309,55,Clear,0,5,False,False,False,False,False,0.0
2026-09-27T04:42:27Z,KY,KY00075IS0007500SWALTONWS,38.8653,-84.6476,55,Clear,0,5,False,False,False,False,False,0.0
2026-09-27T04:42:27Z,KY,KY00075IS0017700S75SRA177,38.9388,-84.6339,55,Clear,0,5,False,False,False,False,False,0.0
2026-09-27T04:42:27Z,KY,KY00075IS0016800SCRITENWS,38.8196,-84.6015,55,Clear,0,5,False,False,False,False,False,0.0
2026-09-27T04:42:27Z,KY,KY00075IS0000100N75WELCOM,36.6162,-84.1054,54,Clear,0,1,False,False,False,False,False,0.0
2026-09-27T04:42:31Z,IL,IL00070IE002700042,38.7849,-89.7023,59,Partly Cloudy,5,0,False,False,False,False,True,0.2
2026-09-27T04:42:31Z,IL,IL00055IS002700019,38.8723,-89.8511,59,Partly Cloudy,5,1,False,False,False,False,True,0.2
2026-09-27T04:42:31Z,IL,IL00080IW005100013,41.3937,-89.5591,58,Mostly Cloudy,6,5,False,False,False,False,True,0.2
2026-09-27T04:42:31Z,IL,IL00074IW002800020,41.2141,-90.3308,61,Mostly Cloudy,6,5,False,False,False,False,True,0.2
2026-09-27T04:42:31Z,IL,IL00057IN033300049,41.3892,-87.7729,53,Partly Cloudy,0,5,False,False,False,False,True,0.2
2026-09-27T04:42:31Z,IL,IL00055IN010400050,39.8627,-89.5948,63,Mostly Cloudy,10,5,False,False,False,False,True,0.2
2026-09-27T04:42:31Z,IL,IL00070IE008600051,39.0651,-88.6745,62,Mostly Cloudy,3,2,False,False,False,False,True,0.2
2026-09-27T04:42:31Z,IL,IL00057IN026800032,40.5505,-88.0605,56,Partly Cloudy,0,5,False,False,False,False,True,0.2
2026-09-27T04:42:31Z,IL,IL00024IW003700010,37.1593,-88.6798,63,Partly Cloudy,1,1,False,False,False,False,True,0.2
2026-09-27T04:42:31Z,IL,IL00070IW002700015,38.7884,-89.6889,59,Partly Cloudy,5,0,False,False,False,False,True,0.2
2026-09-27T04:42:31Z,IL,IL00064IW013000053,38.2322,-87.9882,63,Partly Cloudy,1,1,False,False,False,False,True,0.2
2026-09-27T04:42:31Z,IL,IL00080IE005100040,41.3938,-89.5665,58,Mostly Cloudy,6,5,False,False,False,False,True,0.2
2026-09-27T04:42:31Z,IL,IL00074IE011400005,40.6125,-89.245,59,Mostly Cloudy,6,5,False,False,False,False,True,0.2
2026-09-27T04:42:31Z,IL,IL00072IE015200041,39.9923,-88.7827,60,Mostly Cloudy,3,6,False,False,False,False,True,0.2
2026-09-27T04:42:31Z,IL,IL00057IN007900034,38.0297,-88.9203,63,Mostly Cloudy,1,1,False,False,False,False,True,0.2
2026-09-27T04:42:31Z,IL,IL00064IE008500039,38.273,-88.8496,62,Mostly Cloudy,1,0,False,False,False,False,True,0.2
2026-09-27T04:42:31Z,IL,IL00074IW006200004,40.8802,-90.0895,63,Mostly Cloudy,7,3,False,False,False,False,True,0.2
2026-09-27T04:42:31Z,IL,IL00057IS026800022,40.5613,-88.0615,56,Partly Cloudy,0,5,False,False,False,False,True,0.2
2026-09-27T04:42:31Z,IL,IL00055IN002700029,38.8649,-89.8532,59,Partly Cloudy,5,1,False,False,False,False,True,0.2
2026-09-27T04:42:31Z,IL,IL00074IW020800052,40.1298,-87.7441,55,Partly Cloudy,0,3,False,False,False,False,True,0.2
2026-09-27T04:42:31Z,IL,IL00055IS019400021,40.8371,-88.6833,56,Partly Cloudy,3,5,False,False,False,False,True,0.2
2026-09-27T04:42:31Z,IL,IL00057IS011400023,38.5965,-88.9677,62,Mostly Cloudy,6,0,False,False,False,False,True,0.2
2026-09-27T04:42:31Z,IL,IL00074IE002800030,41.2334,-90.333,61,Mostly Cloudy,6,5,False,False,False,False,True,0.2
2026-09-27T04:42:31Z,IL,IL00080IE011700043,41.4314,-88.3454,55,Partly Cloudy,1,5,False,False,False,False,True,0.2
2026-09-27T04:42:31Z,IL,IL00039IS008500026,41.7285,-89.0105,53,Mostly Cloudy,5,5,False,False,False,False,True,0.2
2026-09-27T04:42:31Z,IL,IL00055IN019400031,40.8234,-88.6875,56,Partly Cloudy,3,5,False,False,False,False,True,0.2
2026-09-27T04:42:31Z,IL,IL00057IN011400033,38.5963,-88.9638,62,Mostly Cloudy,6,0,False,False,False,False,True,0.2
2026-09-27T04:42:31Z,IL,IL00074IE015600037,40.2732,-88.6762,60,Mostly Cloudy,2,6,False,False,False,False,True,0.2
2026-09-27T04:42:31Z,IL,IL00055IN006400027,39.3465,-89.6408,59,Mostly Cloudy,8,1,False,False,False,False,True,0.2
2026-09-27T04:42:31Z,IL,IL00055IN014900028,40.3599,-89.1099,60,Mostly Cloudy,6,6,False,False,False,False,True,0.2
2026-09-27T04:42:31Z,IL,IL00064IE002500038,38.5481,-89.7731,60,Partly Cloudy,4,0,False,False,False,False,True,0.2
2026-09-27T04:42:31Z,IL,IL00057IN022200048,39.9218,-88.299,58,Partly Cloudy,1,6,False,False,False,False,True,0.2
2026-09-27T04:42:31Z,IL,IL00039IN008500036,41.7236,-89.0062,53,Mostly Cloudy,5,5,False,False,False,False,True,0.2
2026-09-27T04:42:31Z,IL,IL00074IW015600009,40.2711,-88.6701,59,Mostly Cloudy,2,6,False,False,False,False,True,0.2
2026-09-27T04:42:31Z,IL,IL00057IS033300046,41.3918,-87.7749,54,Partly Cloudy,0,5,False,False,False,False,True,0.2
2026-09-27T04:42:31Z,IL,IL00057IS007900047,38.0962,-88.9138,64,Mostly Cloudy,1,1,False,False,False,False,True,0.2
2026-09-27T04:42:31Z,IL,IL00064IW002500011,38.5491,-89.7633,60,Partly Cloudy,4,0,False,False,False,False,True,0.2
2026-09-27T04:42:31Z,IL,IL00072IW015200014,39.9888,-88.7852,60,Mostly Cloudy,3,6,False,False,False,False,True,0.2
2026-09-27T04:42:31Z,IL,IL00080IW011700016,41.4473,-88.3285,55,Partly Cloudy,0,5,False,False,False,False,True,0.2
2026-09-27T04:42:31Z,IL,IL00055IS006400017,39.3523,-89.6447,59,Mostly Cloudy,8,1,False,False,False,False,True,0.2
2026-09-27T04:42:31Z,IL,IL00064IW008500012,38.2766,-88.8012,62,Mostly Cloudy,1,1,False,False,False,False,True,0.2
2026-09-27T04:42:31Z,IL,IL00057IS022200054,39.9314,-88.3043,58,Partly Cloudy,1,6,False,False,False,False,True,0.2
2026-09-27T04:42:31Z,IL,IL00070IW008700045,39.0679,-88.6704,62,Mostly Cloudy,3,2,False,False,False,False,True,0.2
2026-09-27T04:42:31Z,IL,IL00057IS016500018,39.1993,-88.502,58,Partly Cloudy,2,3,False,False,False,False,True,0.2
2026-09-27T04:42:31Z,IL,IL00074IW011400006,40.6111,-89.2323,59,Mostly Cloudy,6,5,False,False,False,False,True,0.2
2026-09-27T04:42:31Z,IL,IL00074IE006200001,40.8788,-90.0936,63,Mostly Cloudy,7,3,False,False,False,False,True,0.2
2026-09-27T04:42:31Z,IL,IL00070IW014900008,39.4228,-87.6617,53,Partly Cloudy,0,3,False,False,False,False,True,0.2
2026-09-27T04:42:31Z,IL,IL00057IN016500044,39.1898,-88.5031,58,Partly Cloudy,2,3,False,False,False,False,True,0.2
2026-09-27T04:42:31Z,IL,IL00055IS010400024,39.8871,-89.5966,63,Mostly Cloudy,10,5,False,False,False,False,True,0.2
2026-09-27T04:42:31Z,IL,IL00057IS003200025,37.4699,-89.1329,63,Mostly Cloudy,1,0,False,False,False,False,True,0.2
2026-09-27T04:42:31Z,IL,IL00057IN003200035,37.4661,-89.1324,63,Mostly Cloudy,1,0,False,False,False,False,True,0.2
2026-09-27T04:42:31Z,IN,322,38.195,-87.8597,63,Partly Cloudy,0,2,False,False,False,False,False,0.0
2026-09-27T04:42:31Z,IN,317,38.5852,-85.7768,57,Mostly Clear,0,2,False,False,False,False,False,0.0
2026-09-27T04:42:31Z,IN,316,38.5859,-85.7809,57,Mostly Clear,0,2,False,False,False,False,False,0.0
2026-09-27T04:42:31Z,IN,315,39.2602,-85.9521,57,Clear,0,3,False,False,False,False,False,0.0
2026-09-27T04:42:31Z,IN,314,39.2767,-85.9569,57,Clear,0,3,False,False,False,False,False,0.0
2026-09-27T04:42:31Z,IN,313,40.1578,-86.5387,54,Mostly Clear,0,3,False,False,False,False,False,0.0
2026-09-27T04:42:31Z,IN,312,40.1722,-86.5522,55,Mostly Clear,0,3,False,False,False,False,False,0.0
2026-09-27T04:42:31Z,IN,311,40.6992,-87.0628,54,Partly Cloudy,0,0,False,False,False,False,False,0.0
2026-09-27T04:42:31Z,IN,310,40.6984,-87.0646,54,Partly Cloudy,0,0,False,False,False,False,False,0.0
2026-09-27T04:42:31Z,IN,308,41.1653,-87.271,52,Mostly Clear,0,5,False,False,False,False,False,0.0
2026-09-27T04:42:31Z,IN,309,41.1666,-87.2749,52,Mostly Clear,0,5,False,False,False,False,False,0.0
2026-09-27T04:42:31Z,IN,318,40.3543,-85.5576,53,Clear,0,3,False,False,False,False,False,0.0
2026-09-27T04:42:31Z,IN,319,40.3569,-85.56,53,Clear,0,3,False,False,False,False,False,0.0
2026-09-27T04:42:31Z,IN,320,41.2963,-85.0863,52,Clear,0,0,False,False,False,False,False,0.0
2026-09-27T04:42:31Z,IN,321,41.5803,-85.0597,52,Clear,0,5,False,False,False,False,False,0.0
2026-09-27T04:42:31Z,IN,300,39.4417,-87.5002,57,Mostly Clear,0,3,False,False,False,False,False,0.0
2026-09-27T04:42:31Z,IN,302,39.6517,-86.3967,56,Mostly Clear,0,5,False,False,False,False,False,0.0
2026-09-27T04:42:31Z,IN,301,39.6541,-86.4005,56,Mostly Clear,0,5,False,False,False,False,False,0.0
2026-09-27T04:42:31Z,IN,303,39.8243,-85.7039,55,Clear,0,3,False,False,False,False,False,0.0
2026-09-27T04:42:31Z,IN,304,39.8266,-85.704,55,Clear,0,3,False,False,False,False,False,0.0
2026-09-27T04:42:31Z,IN,305,39.8605,-85.0259,52,Mostly Clear,0,3,False,False,False,False,False,0.0
2026-09-27T04:42:31Z,IN,323,39.29,-85.1688,52,Mostly Clear,0,2,False,False,False,False,False,0.0
2026-09-27T04:42:31Z,IN,702,41.7472,-85.3285,52,Clear,0,5,False,False,False,False,False,0.0
2026-09-27T04:42:31Z,IN,701,41.5889,-87.2173,56,Partly Cloudy,0,5,False,False,False,False,False,0.0
2026-09-27T04:42:31Z,IN,704,41.7058,-86.6212,51,Mostly Clear,0,5,False,False,False,False,False,0.0
2026-09-27T04:42:31Z,IN,703,41.7071,-86.6235,51,Mostly Clear,0,5,False,False,False,False,False,0.0
2026-09-27T04:42:31Z,IN,705,41.733,-86.0057,53,Mostly Clear,0,0,False,False,False,False,False,0.0
2026-09-27T04:42:31Z,IN,708,41.7472,-85.3285,52,Clear,0,5,False,False,False,False,False,0.0
2026-09-27T04:42:31Z,IN,707,41.7453,-85.3287,52,Clear,0,5,False,False,False,False,False,0.0
2026-09-27T04:42:31Z,IN,324,41.7353,-86.7933,51,Mostly Clear,0,0,False,False,False,False,False,0.0
2026-09-27T04:42:31Z,KY,KY00065IS0000020N65WELCOM,36.6434,-86.5687,58,Partly Cloudy,0,5,False,False,False,False,False,0.0
2026-09-27T04:42:31Z,KY,KY00065IS000020NSMARATHON,36.6612,-86.5553,59,Partly Cloudy,0,3,False,False,False,False,False,0.0
2026-09-27T04:42:31Z,KY,KY00065IS0000340NWEIGHS34,36.6868,-86.5379,59,Partly Cloudy,0,3,False,False,False,False,False,0.0
2026-09-27T04:42:31Z,KY,KY00065IS0011400S65SRA114,37.9464,-85.6905,58,Mostly Clear,0,2,False,False,False,False,False,0.0
2026-09-27T04:42:31Z,KY,KY00065IS0005900S65SRA059,37.239,-85.9297,57,Mostly Clear,0,1,False,False,False,False,False,0.0
2026-09-27T04:42:31Z,KY,KY00065IS0005900N65NRA059,37.2384,-85.9271,57,Mostly Clear,0,1,False,False,False,False,False,0.0
2026-09-27T04:42:31Z,KY,KY00075IS0003300NWEIGHS33,37.0422,-84.0968,57,Clear,0,2,False,False,False,False,False,0.0
2026-09-27T04:42:31Z,KY,KY00075IS0003400SWEIGHS34,37.048,-84.0997,57,Clear,0,3,False,False,False,False,False,0.0
2026-09-27T04:42:31Z,KY,KY00075IS0017700N75NRA177,38.937,-84.6309,55,Clear,0,5,False,False,False,False,False,0.0
2026-09-27T04:42:31Z,KY,KY00075IS0007500SWALTONWS,38.8653,-84.6476,55,Clear,0,5,False,False,False,False,False,0.0
2026-09-27T04:42:31Z,KY,KY00075IS0017700S75SRA177,38.9388,-84.6339,55,Clear,0,5,False,False,False,False,False,0.0
2026-09-27T04:42:31Z,KY,KY00075IS0016800SCRITENWS,38.8196,-84.6015,55,Clear,0,5,False,False,False,False,False,0.0
2026-09-27T04:42:31Z,KY,KY00075IS0000100N75WELCOM,36.6162,-84.1054,54,Clear,0,1,False,False,False,False,False,0.0
2026-09-27T04:42:35Z,IL,IL00070IE002700042,38.7849,-89.7023,59,Partly Cloudy,5,0,False,False,False,False,True,0.2
2026-09-27T04:42:35Z,IL,IL00055IS002700019,38.8723,-89.8511,59,Partly Cloudy,5,1,False,False,False,False,True,0.2
2026-09-27T04:42:35Z,IL,IL00080IW005100013,41.3937,-89.5591,58,Mostly Cloudy,6,5,False,False,False,False,True,0.2
2026-09-27T04:42:35Z,IL,IL00074IW002800020,41.2141,-90.3308,61,Mostly Cloudy,6,5,False,False,False,False,True,0.2
2026-09-27T04:42:35Z,IL,IL00057IN033300049,41.3892,-87.7729,53,Partly Cloudy,0,5,False,False,False,False,True,0.2
2026-09-27T04:42:35Z,IL,IL00055IN010400050,39.8627,-89.5948,63,Mostly Cloudy,10,5,False,False,False,False,True,0.2
2026-09-27T04:42:35Z,IL,IL00070IE008600051,39.0651,-88.6745,62,Mostly Cloudy,3,2,False,False,False,False,True,0.2
2026-09-27T04:42:35Z,IL,IL00057IN026800032,40.5505,-88.0605,56,Partly Cloudy,0,5,False,False,False,False,True,0.2
2026-09-27T04:42:35Z,IL,IL00024IW003700010,37.1593,-88.6798,63,Partly Cloudy,1,1,False,False,False,False,True,0.2
2026-09-27T04:42:35Z,IL,IL00070IW002700015,38.7884,-89.6889,59,Partly Cloudy,5,0,False,False,False,False,True,0.2
2026-09-27T04:42:35Z,IL,IL00064IW013000053,38.2322,-87.9882,63,Partly Cloudy,1,1,False,False,False,False,True,0.2
2026-09-27T04:42:35Z,IL,IL00080IE005100040,41.3938,-89.5665,58,Mostly Cloudy,6,5,False,False,False,False,True,0.2
2026-09-27T04:42:35Z,IL,IL00074IE011400005,40.6125,-89.245,59,Mostly Cloudy,6,5,False,False,False,False,True,0.2
2026-09-27T04:42:35Z,IL,IL00072IE015200041,39.9923,-88.7827,60,Mostly Cloudy,3,6,False,False,False,False,True,0.2
2026-09-27T04:42:35Z,IL,IL00057IN007900034,38.0297,-88.9203,63,Mostly Cloudy,1,1,False,False,False,False,True,0.2
2026-09-27T04:42:35Z,IL,IL00064IE008500039,38.273,-88.8496,62,Mostly Cloudy,1,0,False,False,False,False,True,0.2
2026-09-27T04:42:35Z,IL,IL00074IW006200004,40.8802,-90.0895,63,Mostly Cloudy,7,3,False,False,False,False,True,0.2
2026-09-27T04:42:35Z,IL,IL00057IS026800022,40.5613,-88.0615,56,Partly Cloudy,0,5,False,False,False,False,True,0.2
2026-09-27T04:42:35Z,IL,IL00055IN002700029,38.8649,-89.8532,59,Partly Cloudy,5,1,False,False,False,False,True,0.2
2026-09-27T04:42:35Z,IL,IL00074IW020800052,40.1298,-87.7441,55,Partly Cloudy,0,3,False,False,False,False,True,0.2
2026-09-27T04:42:35Z,IL,IL00055IS019400021,40.8371,-88.6833,56,Partly Cloudy,3,5,False,False,False,False,True,0.2
2026-09-27T04:42:35Z,IL,IL00057IS011400023,38.5965,-88.9677,62,Mostly Cloudy,6,0,False,False,False,False,True,0.2
2026-09-27T04:42:35Z,IL,IL00074IE002800030,41.2334,-90.333,61,Mostly Cloudy,6,5,False,False,False,False,True,0.2
2026-09-27T04:42:35Z,IL,IL00080IE011700043,41.4314,-88.3454,55,Partly Cloudy,1,5,False,False,False,False,True,0.2
2026-09-27T04:42:35Z,IL,IL00039IS008500026,41.7285,-89.0105,53,Mostly Cloudy,5,5,False,False,False,False,True,0.2
2026-09-27T04:42:35Z,IL,IL00055IN019400031,40.8234,-88.6875,56,Partly Cloudy,3,5,False,False,False,False,True,0.2
2026-09-27T04:42:35Z,IL,IL00057IN011400033,38.5963,-88.9638,62,Mostly Cloudy,6,0,False,False,False,False,True,0.2
2026-09-27T04:42:35Z,IL,IL00074IE015600037,40.2732,-88.6762,60,Mostly Cloudy,2,6,False,False,False,False,True,0.2
2026-09-27T04:42:35Z,IL,IL00055IN006400027,39.3465,-89.6408,59,Mostly Cloudy,8,1,False,False,False,False,True,0.2
2026-09-27T04:42:35Z,IL,IL00055IN014900028,40.3599,-89.1099,60,Mostly Cloudy,6,6,False,False,False,False,True,0.2
2026-09-27T04:42:35Z,IL,IL00064IE002500038,38.5481,-89.7731,60,Partly Cloudy,4,0,False,False,False,False,True,0.2
2026-09-27T04:42:35Z,IL,IL00057IN022200048,39.9218,-88.299,58,Partly Cloudy,1,6,False,False,False,False,True,0.2
2026-09-27T04:42:35Z,IL,IL00039IN008500036,41.7236,-89.0062,53,Mostly Cloudy,5,5,False,False,False,False,True,0.2
2026-09-27T04:42:35Z,IL,IL00074IW015600009,40.2711,-88.6701,59,Mostly Cloudy,2,6,False,False,False,False,True,0.2
2026-09-27T04:42:35Z,IL,IL00057IS033300046,41.3918,-87.7749,54,Partly Cloudy,0,5,False,False,False,False,True,0.2
2026-09-27T04:42:35Z,IL,IL00057IS007900047,38.0962,-88.9138,64,Mostly Cloudy,1,1,False,False,False,False,True,0.2
2026-09-27T04:42:35Z,IL,IL00064IW002500011,38.5491,-89.7633,60,Partly Cloudy,4,0,False,False,False,False,True,0.2
2026-09-27T04:42:35Z,IL,IL00072IW015200014,39.9888,-88.7852,60,Mostly Cloudy,3,6,False,False,False,False,True,0.2
2026-09-27T04:42:35Z,IL,IL00080IW011700016,41.4473,-88.3285,55,Partly Cloudy,0,5,False,False,False,False,True,0.2
2026-09-27T04:42:35Z,IL,IL00055IS006400017,39.3523,-89.6447,59,Mostly Cloudy,8,1,False,False,False,False,True,0.2
2026-09-27T04:42:35Z,IL,IL00064IW008500012,38.2766,-88.8012,62,Mostly Cloudy,1,1,False,False,False,False,True,0.2
2026-09-27T04:42:35Z,IL,IL00057IS022200054,39.9314,-88.3043,58,Partly Cloudy,1,6,False,False,False,False,True,0.2
2026-09-27T04:42:35Z,IL,IL00070IW008700045,39.0679,-88.6704,62,Mostly Cloudy,3,2,False,False,False,False,True,0.2
2026-09-27T04:42:35Z,IL,IL00057IS016500018,39.1993,-88.502,58,Partly Cloudy,2,3,False,False,False,False,True,0.2
2026-09-27T04:42:35Z,IL,IL00074IW011400006,40.6111,-89.2323,59,Mostly Cloudy,6,5,False,False,False,False,True,0.2
2026-09-27T04:42:35Z,IL,IL00074IE006200001,40.8788,-90.0936,63,Mostly Cloudy,7,3,False,False,False,False,True,0.2
2026-09-27T04:42:35Z,IL,IL00070IW014900008,39.4228,-87.6617,53,Partly Cloudy,0,3,False,False,False,False,True,0.2
2026-09-27T04:42:35Z,IL,IL00057IN016500044,39.1898,-88.5031,58,Partly Cloudy,2,3,False,False,False,False,True,0.2
2026-09-27T04:42:35Z,IL,IL00055IS010400024,39.8871,-89.5966,63,Mostly Cloudy,10,5,False,False,False,False,True,0.2
2026-09-27T04:42:35Z,IL,IL00057IS003200025,37.4699,-89.1329,63,Mostly Cloudy,1,0,False,False,False,False,True,0.2
2026-09-27T04:42:35Z,IL,IL00057IN003200035,37.4661,-89.1324,63,Mostly Cloudy,1,0,False,False,False,False,True,0.2
2026-09-27T04:42:35Z,IN,322,38.195,-87.8597,63,Partly Cloudy,0,2,False,False,False,False,False,0.0
2026-09-27T04:42:35Z,IN,317,38.5852,-85.7768,57,Mostly Clear,0,2,False,False,False,False,False,0.0
2026-09-27T04:42:35Z,IN,316,38.5859,-85.7809,57,Mostly Clear,0,2,False,False,False,False,False,0.0
2026-09-27T04:42:35Z,IN,315,39.2602,-85.9521,57,Clear,0,3,False,False,False,False,False,0.0
2026-09-27T04:42:35Z,IN,314,39.2767,-85.9569,57,Clear,0,3,False,False,False,False,False,0.0
2026-09-27T04:42:35Z,IN,313,40.1578,-86.5387,54,Mostly Clear,0,3,False,False,False,False,False,0.0
2026-09-27T04:42:35Z,IN,312,40.1722,-86.5522,55,Mostly Clear,0,3,False,False,False,False,False,0.0
2026-09-27T04:42:35Z,IN,311,40.6992,-87.0628,54,Partly Cloudy,0,0,False,False,False,False,False,0.0
2026-09-27T04:42:35Z,IN,310,40.6984,-87.0646,54,Partly Cloudy,0,0,False,False,False,False,False,0.0
2026-09-27T04:42:35Z,IN,308,41.1653,-87.271,52,Mostly Clear,0,5,False,False,False,False,False,0.0
2026-09-27T04:42:35Z,IN,309,41.1666,-87.2749,52,Mostly Clear,0,5,False,False,False,False,False,0.0
2026-09-27T04:42:35Z,IN,318,40.3543,-85.5576,53,Clear,0,3,False,False,False,False,False,0.0
2026-09-27T04:42:35Z,IN,319,40.3569,-85.56,53,Clear,0,3,False,False,False,False,False,0.0
2026-09-27T04:42:35Z,IN,320,41.2963,-85.0863,52,Clear,0,0,False,False,False,False,False,0.0
2026-09-27T04:42:35Z,IN,321,41.5803,-85.0597,52,Clear,0,5,False,False,False,False,False,0.0
2026-09-27T04:42:35Z,IN,300,39.4417,-87.5002,57,Mostly Clear,0,3,False,False,False,False,False,0.0
2026-09-27T04:42:35Z,IN,302,39.6517,-86.3967,56,Mostly Clear,0,5,False,False,False,False,False,0.0
2026-09-27T04:42:35Z,IN,301,39.6541,-86.4005,56,Mostly Clear,0,5,False,False,False,False,False,0.0
2026-09-27T04:42:35Z,IN,303,39.8243,-85.7039,55,Clear,0,3,False,False,False,False,False,0.0
2026-09-27T04:42:35Z,IN,304,39.8266,-85.704,55,Clear,0,3,False,False,False,False,False,0.0
2026-09-27T04:42:35Z,IN,305,39.8605,-85.0259,52,Mostly Clear,0,3,False,False,False,False,False,0.0
2026-09-27T04:42:35Z,IN,323,39.29,-85.1688,52,Mostly Clear,0,2,False,False,False,False,False,0.0
2026-09-27T04:42:35Z,IN,702,41.7472,-85.3285,52,Clear,0,5,False,False,False,False,False,0.0
2026-09-27T04:42:35Z,IN,701,41.5889,-87.2173,56,Partly Cloudy,0,5,False,False,False,False,False,0.0
2026-09-27T04:42:35Z,IN,704,41.7058,-86.6212,51,Mostly Clear,0,5,False,False,False,False,False,0.0
2026-09-27T04:42:35Z,IN,703,41.7071,-86.6235,51,Mostly Clear,0,5,False,False,False,False,False,0.0
2026-09-27T04:42:35Z,IN,705,41.733,-86.0057,53,Mostly Clear,0,0,False,False,False,False,False,0.0
2026-09-27T04:42:35Z,IN,708,41.7472,-85.3285,52,Clear,0,5,False,False,False,False,False,0.0
2026-09-27T04:42:35Z,IN,707,41.7453,-85.3287,52,Clear,0,5,False,False,False,False,False,0.0
2026-09-27T04:42:35Z,IN,324,41.7353,-86.7933,51,Mostly Clear,0,0,False,False,False,False,False,0.0
2026-09-27T04:42:35Z,KY,KY00065IS0000020N65WELCOM,36.6434,-86.5687,58,Partly Cloudy,0,5,False,False,False,False,False,0.0
2026-09-27T04:42:35Z,KY,KY00065IS000020NSMARATHON,36.6612,-86.5553,59,Partly Cloudy,0,3,False,False,False,False,False,0.0
2026-09-27T04:42:35Z,KY,KY00065IS0000340NWEIGHS34,36.6868,-86.5379,59,Partly Cloudy,0,3,False,False,False,False,False,0.0
2026-09-27T04:42:35Z,KY,KY00065IS0011400S65SRA114,37.9464,-85.6905,58,Mostly Clear,0,2,False,False,False,False,False,0.0
2026-09-27T04:42:35Z,KY,KY00065IS0005900S65SRA059,37.239,-85.9297,57,Mostly Clear,0,1,False,False,False,False,False,0.0
2026-09-27T04:42:35Z,KY,KY00065IS0005900N65NRA059,37.2384,-85.9271,57,Mostly Clear,0,1,False,False,False,False,False,0.0
2026-09-27T04:42:35Z,KY,KY00075IS0003300NWEIGHS33,37.0422,-84.0968,57,Clear,0,2,False,False,False,False,False,0.0
2026-09-27T04:42:35Z,KY,KY00075IS0003400SWEIGHS34,37.048,-84.0997,57,Clear,0,3,False,False,False,False,False,0.0
2026-09-27T04:42:35Z,KY,KY00075IS0017700N75NRA177,38.937,-84.6309,55,Clear,0,5,False,False,False,False,False,0.0
2026-09-27T04:42:35Z,KY,KY00075IS0007500SWALTONWS,38.8653,-84.6476,55,Clear,0,5,False,False,False,False,False,0.0
2026-09-27T04:42:35Z,KY,KY00075IS0017700S75SRA177,38.9388,-84.6339,55,Clear,0,5,False,False,False,False,False,0.0
2026-09-27T04:42:35Z,KY,KY00075IS0016800SCRITENWS,38.8196,-84.6015,55,Clear,0,5,False,False,False,False,False,0.0
2026-09-27T04:42:35Z,KY,KY00075IS0000100N75WELCOM,36.6162,-84.1054,54,Clear,0,1,False,False,False,False,False,0.0
2026-09-27T04:42:39Z,IL,IL00070IE002700042,38.7849,-89.7023,59,Partly Cloudy,5,0,False,False,False,False,True,0.2
2026-09-27T04:42:39Z,IL,IL00055IS002700019,38.8723,-89.8511,59,Partly Cloudy,5,1,False,False,False,False,True,0.2
2026-09-27T04:42:39Z,IL,IL00080IW005100013,41.3937,-89.5591,58,Mostly Cloudy,6,5,False,False,False,False,True,0.2
2026-09-27T04:42:39Z,IL,IL00074IW002800020,41.2141,-90.3308,61,Mostly Cloudy,6,5,False,False,False,False,True,0.2
2026-09-27T04:42:39Z,IL,IL00057IN033300049,41.3892,-87.7729,53,Partly Cloudy,0,5,False,False,False,False,True,0.2
2026-09-27T04:42:39Z,IL,IL00055IN010400050,39.8627,-89.5948,63,Mostly Cloudy,10,5,False,False,False,False,True,0.2
2026-09-27T04:42:39Z,IL,IL00070IE008600051,39.0651,-88.6745,62,Mostly Cloudy,3,2,False,False,False,False,True,0.2
2026-09-27T04:42:39Z,IL,IL00057IN026800032,40.5505,-88.0605,56,Partly Cloudy,0,5,False,False,False,False,True,0.2
2026-09-27T04:42:39Z,IL,IL00024IW003700010,37.1593,-88.6798,63,Partly Cloudy,1,1,False,False,False,False,True,0.2
2026-09-27T04:42:39Z,IL,IL00070IW002700015,38.7884,-89.6889,59,Partly Cloudy,5,0,False,False,False,False,True,0.2
2026-09-27T04:42:39Z,IL,IL00064IW013000053,38.2322,-87.9882,63,Partly Cloudy,1,1,False,False,False,False,True,0.2
2026-09-27T04:42:39Z,IL,IL00080IE005100040,41.3938,-89.5665,58,Mostly Cloudy,6,5,False,False,False,False,True,0.2
2026-09-27T04:42:39Z,IL,IL00074IE011400005,40.6125,-89.245,59,Mostly Cloudy,6,5,False,False,False,False,True,0.2
2026-09-27T04:42:39Z,IL,IL00072IE015200041,39.9923,-88.7827,60,Mostly Cloudy,3,6,False,False,False,False,True,0.2
2026-09-27T04:42:39Z,IL,IL00057IN007900034,38.0297,-88.9203,63,Mostly Cloudy,1,1,False,False,False,False,True,0.2
2026-09-27T04:42:39Z,IL,IL00064IE008500039,38.273,-88.8496,62,Mostly Cloudy,1,0,False,False,False,False,True,0.2
2026-09-27T04:42:39Z,IL,IL00074IW006200004,40.8802,-90.0895,63,Mostly Cloudy,7,3,False,False,False,False,True,0.2
2026-09-27T04:42:39Z,IL,IL00057IS026800022,40.5613,-88.0615,56,Partly Cloudy,0,5,False,False,False,False,True,0.2
2026-09-27T04:42:39Z,IL,IL00055IN002700029,38.8649,-89.8532,59,Partly Cloudy,5,1,False,False,False,False,True,0.2
2026-09-27T04:42:39Z,IL,IL00074IW020800052,40.1298,-87.7441,55,Partly Cloudy,0,3,False,False,False,False,True,0.2
2026-09-27T04:42:39Z,IL,IL00055IS019400021,40.8371,-88.6833,56,Partly Cloudy,3,5,False,False,False,False,True,0.2
2026-09-27T04:42:39Z,IL,IL00057IS011400023,38.5965,-88.9677,62,Mostly Cloudy,6,0,False,False,False,False,True,0.2
2026-09-27T04:42:39Z,IL,IL00074IE002800030,41.2334,-90.333,61,Mostly Cloudy,6,5,False,False,False,False,True,0.2
2026-09-27T04:42:39Z,IL,IL00080IE011700043,41.4314,-88.3454,55,Partly Cloudy,1,5,False,False,False,False,True,0.2
2026-09-27T04:42:39Z,IL,IL00039IS008500026,41.7285,-89.0105,53,Mostly Cloudy,5,5,False,False,False,False,True,0.2
2026-09-27T04:42:39Z,IL,IL00055IN019400031,40.8234,-88.6875,56,Partly Cloudy,3,5,False,False,False,False,True,0.2
2026-09-27T04:42:39Z,IL,IL00057IN011400033,38.5963,-88.9638,62,Mostly Cloudy,6,0,False,False,False,False,True,0.2
2026-09-27T04:42:39Z,IL,IL00074IE015600037,40.2732,-88.6762,60,Mostly Cloudy,2,6,False,False,False,False,True,0.2
2026-09-27T04:42:39Z,IL,IL00055IN006400027,39.3465,-89.6408,59,Mostly Cloudy,8,1,False,False,False,False,True,0.2
2026-09-27T04:42:39Z,IL,IL00055IN014900028,40.3599,-89.1099,60,Mostly Cloudy,6,6,False,False,False,False,True,0.2
2026-09-27T04:42:39Z,IL,IL00064IE002500038,38.5481,-89.7731,60,Partly Cloudy,4,0,False,False,False,False,True,0.2
2026-09-27T04:42:39Z,IL,IL00057IN022200048,39.9218,-88.299,58,Partly Cloudy,1,6,False,False,False,False,True,0.2
2026-09-27T04:42:39Z,IL,IL00039IN008500036,41.7236,-89.0062,53,Mostly Cloudy,5,5,False,False,False,False,True,0.2
2026-09-27T04:42:39Z,IL,IL00074IW015600009,40.2711,-88.6701,59,Mostly Cloudy,2,6,False,False,False,False,True,0.2
2026-09-27T04:42:39Z,IL,IL00057IS033300046,41.3918,-87.7749,54,Partly Cloudy,0,5,False,False,False,False,True,0.2
2026-09-27T04:42:39Z,IL,IL00057IS007900047,38.0962,-88.9138,64,Mostly Cloudy,1,1,False,False,False,False,True,0.2
2026-09-27T04:42:39Z,IL,IL00064IW002500011,38.5491,-89.7633,60,Partly Cloudy,4,0,False,False,False,False,True,0.2
2026-09-27T04:42:39Z,IL,IL00072IW015200014,39.9888,-88.7852,60,Mostly Cloudy,3,6,False,False,False,False,True,0.2
2026-09-27T04:42:39Z,IL,IL00080IW011700016,41.4473,-88.3285,55,Partly Cloudy,0,5,False,False,False,False,True,0.2
2026-09-27T04:42:39Z,IL,IL00055IS006400017,39.3523,-89.6447,59,Mostly Cloudy,8,1,False,False,False,False,True,0.2
2026-09-27T04:42:39Z,IL,IL00064IW008500012,38.2766,-88.8012,62,Mostly Cloudy,1,1,False,False,False,False,True,0.2
2026-09-27T04:42:39Z,IL,IL00057IS022200054,39.9314,-88.3043,58,Partly Cloudy,1,6,False,False,False,False,True,0.2
2026-09-27T04:42:39Z,IL,IL00070IW008700045,39.0679,-88.6704,62,Mostly Cloudy,3,2,False,False,False,False,True,0.2
2026-09-27T04:42:39Z,IL,IL00057IS016500018,39.1993,-88.502,58,Partly Cloudy,2,3,False,False,False,False,True,0.2
2026-09-27T04:42:39Z,IL,IL00074IW011400006,40.6111,-89.2323,59,Mostly Cloudy,6,5,False,False,False,False,True,0.2
2026-09-27T04:42:39Z,IL,IL00074IE006200001,40.8788,-90.0936,63,Mostly Cloudy,7,3,False,False,False,False,True,0.2
2026-09-27T04:42:39Z,IL,IL00070IW014900008,39.4228,-87.6617,53,Partly Cloudy,0,3,False,False,False,False,True,0.2
2026-09-27T04:42:39Z,IL,IL00057IN016500044,39.1898,-88.5031,58,Partly Cloudy,2,3,False,False,False,False,True,0.2
2026-09-27T04:42:39Z,IL,IL00055IS010400024,39.8871,-89.5966,63,Mostly Cloudy,10,5,False,False,False,False,True,0.2
2026-09-27T04:42:39Z,IL,IL00057IS003200025,37.4699,-89.1329,63,Mostly Cloudy,1,0,False,False,False,False,True,0.2
2026-09-27T04:42:39Z,IL,IL00057IN003200035,37.4661,-89.1324,63,Mostly Cloudy,1,0,False,False,False,False,True,0.2
2026-09-27T04:42:39Z,IN,322,38.195,-87.8597,63,Partly Cloudy,0,2,False,False,False,False,False,0.0
2026-09-27T04:42:39Z,IN,317,38.5852,-85.7768,57,Mostly Clear,0,2,False,False,False,False,False,0.0
2026-09-27T04:42:39Z,IN,316,38.5859,-85.7809,57,Mostly Clear,0,2,False,False,False,False,False,0.0
2026-09-27T04:42:39Z,IN,315,39.2602,-85.9521,57,Clear,0,3,False,False,False,False,False,0.0
2026-09-27T04:42:39Z,IN,314,39.2767,-85.9569,57,Clear,0,3,False,False,False,False,False,0.0
2026-09-27T04:42:39Z,IN,313,40.1578,-86.5387,54,Mostly Clear,0,3,False,False,False,False,False,0.0
2026-09-27T04:42:39Z,IN,312,40.1722,-86.5522,55,Mostly Clear,0,3,False,False,False,False,False,0.0
2026-09-27T04:42:39Z,IN,311,40.6992,-87.0628,54,Partly Cloudy,0,0,False,False,False,False,False,0.0
2026-09-27T04:42:39Z,IN,310,40.6984,-87.0646,54,Partly Cloudy,0,0,False,False,False,False,False,0.0
2026-09-27T04:42:39Z,IN,308,41.1653,-87.271,52,Mostly Clear,0,5,False,False,False,False,False,0.0
2026-09-27T04:42:39Z,IN,309,41.1666,-87.2749,52,Mostly Clear,0,5,False,False,False,False,False,0.0
2026-09-27T04:42:39Z,IN,318,40.3543,-85.5576,53,Clear,0,3,False,False,False,False,False,0.0
2026-09-27T04:42:39Z,IN,319,40.3569,-85.56,53,Clear,0,3,False,False,False,False,False,0.0
2026-09-27T04:42:39Z,IN,320,41.2963,-85.0863,52,Clear,0,0,False,False,False,False,False,0.0
2026-09-27T04:42:39Z,IN,321,41.5803,-85.0597,52,Clear,0,5,False,False,False,False,False,0.0
2026-09-27T04:42:39Z,IN,300,39.4417,-87.5002,57,Mostly Clear,0,3,False,False,False,False,False,0.0
2026-09-27T04:42:39Z,IN,302,39.6517,-86.3967,56,Mostly Clear,0,5,False,False,False,False,False,0.0
2026-09-27T04:42:39Z,IN,301,39.6541,-86.4005,56,Mostly Clear,0,5,False,False,False,False,False,0.0
2026-09-27T04:42:39Z,IN,303,39.8243,-85.7039,55,Clear,0,3,False,False,False,False,False,0.0
2026-09-27T04:42:39Z,IN,304,39.8266,-85.704,55,Clear,0,3,False,False,False,False,False,0.0
2026-09-27T04:42:39Z,IN,305,39.8605,-85.0259,52,Mostly Clear,0,3,False,False,False,False,False,0.0
2026-09-27T04:42:39Z,IN,323,39.29,-85.1688,52,Mostly Clear,0,2,False,False,False,False,False,0.0
2026-09-27T04:42:39Z,IN,702,41.7472,-85.3285,52,Clear,0,5,False,False,False,False,False,0.0
2026-09-27T04:42:39Z,IN,701,41.5889,-87.2173,56,Partly Cloudy,0,5,False,False,False,False,False,0.0
2026-09-27T04:42:39Z,IN,704,41.7058,-86.6212,51,Mostly Clear,0,5,False,False,False,False,False,0.0
2026-09-27T04:42:39Z,IN,703,41.7071,-86.6235,51,Mostly Clear,0,5,False,False,False,False,False,0.0
2026-09-27T04:42:39Z,IN,705,41.733,-86.0057,53,Mostly Clear,0,0,False,False,False,False,False,0.0
2026-09-27T04:42:39Z,IN,708,41.7472,-85.3285,52,Clear,0,5,False,False,False,False,False,0.0
2026-09-27T04:42:39Z,IN,707,41.7453,-85.3287,52,Clear,0,5,False,False,False,False,False,0.0
2026-09-27T04:42:39Z,IN,324,41.7353,-86.7933,51,Mostly Clear,0,0,False,False,False,False,False,0.0
2026-09-27T04:42:39Z,KY,KY00065IS0000020N65WELCOM,36.6434,-86.5687,58,Partly Cloudy,0,5,False,False,False,False,False,0.0
2026-09-27T04:42:39Z,KY,KY00065IS000020NSMARATHON,36.6612,-86.5553,59,Partly Cloudy,0,3,False,False,False,False,False,0.0
2026-09-27T04:42:39Z,KY,KY00065IS0000340NWEIGHS34,36.6868,-86.5379,59,Partly Cloudy,0,3,False,False,False,False,False,0.0
2026-09-27T04:42:39Z,KY,KY00065IS0011400S65SRA114,37.9464,-85.6905,58,Mostly Clear,0,2,False,False,False,False,False,0.0
2026-09-27T04:42:39Z,KY,KY00065IS0005900S65SRA059,37.239,-85.9297,57,Mostly Clear,0,1,False,False,False,False,False,0.0
2026-09-27T04:42:39Z,KY,KY00065IS0005900N65NRA059,37.2384,-85.9271,57,Mostly Clear,0,1,False,False,False,False,False,0.0
2026-09-27T04:42:39Z,KY,KY00075IS0003300NWEIGHS33,37.0422,-84.0968,57,Clear,0,2,False,False,False,False,False,0.0
2026-09-27T04:42:39Z,KY,KY00075IS0003400SWEIGHS34,37.048,-84.0997,57,Clear,0,3,False,False,False,False,False,0.0
2026-09-27T04:42:39Z,KY,KY00075IS0017700N75NRA177,38.937,-84.6309,55,Clear,0,5,False,False,False,False,False,0.0
2026-09-27T04:42:39Z,KY,KY00075IS0007500SWALTONWS,38.8653,-84.6476,55,Clear,0,5,False,False,False,False,False,0.0
2026-09-27T04:42:39Z,KY,KY00075IS0017700S75SRA177,38.9388,-84.6339,55,Clear,0,5,False,False,False,False,False,0.0
2026-09-27T04:42:39Z,KY,KY00075IS0016800SCRITENWS,38.8196,-84.6015,55,Clear,0,5,False,False,False,False,False,0.0
2026-09-27T04:42:39Z,KY,KY00075IS0000100N75WELCOM,36.6162,-84.1054,54,Clear,0,1,False,False,False,False,False,0.0
2026-09-27T04:42:43Z,IL,IL00070IE002700042,38.7849,-89.7023,59,Partly Cloudy,5,0,False,False,False,False,True,0.2
2026-09-27T04:42:43Z,IL,IL00055IS002700019,38.8723,-89.8511,59,Partly Cloudy,5,1,False,False,False,False,True,0.2
2026-09-27T04:42:43Z,IL,IL00080IW005100013,41.3937,-89.5591,58,Mostly Cloudy,6,5,False,False,False,False,True,0.2
2026-09-27T04:42:43Z,IL,IL00074IW002800020,41.2141,-90.3308,61,Mostly Cloudy,6,5,False,False,False,False,True,0.2
2026-09-27T04:42:43Z,IL,IL00057IN033300049,41.3892,-87.7729,53,Partly Cloudy,0,5,False,False,False,False,True,0.2
2026-09-27T04:42:43Z,IL,IL00055IN010400050,39.8627,-89.5948,63,Mostly Cloudy,10,5,False,False,False,False,True,0.2
2026-09-27T04:42:43Z,IL,IL00070IE008600051,39.0651,-88.6745,62,Mostly Cloudy,3,2,False,False,False,False,True,0.2
2026-09-27T04:42:43Z,IL,IL00057IN026800032,40.5505,-88.0605,56,Partly Cloudy,0,5,False,False,False,False,True,0.2
2026-09-27T04:42:43Z,IL,IL00024IW003700010,37.1593,-88.6798,63,Partly Cloudy,1,1,False,False,False,False,True,0.2
2026-09-27T04:42:43Z,IL,IL00070IW002700015,38.7884,-89.6889,59,Partly Cloudy,5,0,False,False,False,False,True,0.2
2026-09-27T04:42:43Z,IL,IL00064IW013000053,38.2322,-87.9882,63,Partly Cloudy,1,1,False,False,False,False,True,0.2
2026-09-27T04:42:43Z,IL,IL00080IE005100040,41.3938,-89.5665,58,Mostly Cloudy,6,5,False,False,False,False,True,0.2
2026-09-27T04:42:43Z,IL,IL00074IE011400005,40.6125,-89.245,59,Mostly Cloudy,6,5,False,False,False,False,True,0.2
2026-09-27T04:42:43Z,IL,IL00072IE015200041,39.9923,-88.7827,60,Mostly Cloudy,3,6,False,False,False,False,True,0.2
2026-09-27T04:42:43Z,IL,IL00057IN007900034,38.0297,-88.9203,63,Mostly Cloudy,1,1,False,False,False,False,True,0.2
2026-09-27T04:42:43Z,IL,IL00064IE008500039,38.273,-88.8496,62,Mostly Cloudy,1,0,False,False,False,False,True,0.2
2026-09-27T04:42:43Z,IL,IL00074IW006200004,40.8802,-90.0895,63,Mostly Cloudy,7,3,False,False,False,False,True,0.2
2026-09-27T04:42:43Z,IL,IL00057IS026800022,40.5613,-88.0615,56,Partly Cloudy,0,5,False,False,False,False,True,0.2
2026-09-27T04:42:43Z,IL,IL00055IN002700029,38.8649,-89.8532,59,Partly Cloudy,5,1,False,False,False,False,True,0.2
2026-09-27T04:42:43Z,IL,IL00074IW020800052,40.1298,-87.7441,55,Partly Cloudy,0,3,False,False,False,False,True,0.2
2026-09-27T04:42:43Z,IL,IL00055IS019400021,40.8371,-88.6833,56,Partly Cloudy,3,5,False,False,False,False,True,0.2
2026-09-27T04:42:43Z,IL,IL00057IS011400023,38.5965,-88.9677,62,Mostly Cloudy,6,0,False,False,False,False,True,0.2
2026-09-27T04:42:43Z,IL,IL00074IE002800030,41.2334,-90.333,61,Mostly Cloudy,6,5,False,False,False,False,True,0.2
2026-09-27T04:42:43Z,IL,IL00080IE011700043,41.4314,-88.3454,55,Partly Cloudy,1,5,False,False,False,False,True,0.2
2026-09-27T04:42:43Z,IL,IL00039IS008500026,41.7285,-89.0105,53,Mostly Cloudy,5,5,False,False,False,False,True,0.2
2026-09-27T04:42:43Z,IL,IL00055IN019400031,40.8234,-88.6875,56,Partly Cloudy,3,5,False,False,False,False,True,0.2
2026-09-27T04:42:43Z,IL,IL00057IN011400033,38.5963,-88.9638,62,Mostly Cloudy,6,0,False,False,False,False,True,0.2
2026-09-27T04:42:43Z,IL,IL00074IE015600037,40.2732,-88.6762,60,Mostly Cloudy,2,6,False,False,False,False,True,0.2
2026-09-27T04:42:43Z,IL,IL00055IN006400027,39.3465,-89.6408,59,Mostly Cloudy,8,1,False,False,False,False,True,0.2
2026-09-27T04:42:43Z,IL,IL00055IN014900028,40.3599,-89.1099,60,Mostly Cloudy,6,6,False,False,False,False,True,0.2
2026-09-27T04:42:43Z,IL,IL00064IE002500038,38.5481,-89.7731,60,Partly Cloudy,4,0,False,False,False,False,True,0.2
2026-09-27T04:42:43Z,IL,IL00057IN022200048,39.9218,-88.299,58,Partly Cloudy,1,6,False,False,False,False,True,0.2
2026-09-27T04:42:43Z,IL,IL00039IN008500036,41.7236,-89.0062,53,Mostly Cloudy,5,5,False,False,False,False,True,0.2
2026-09-27T04:42:43Z,IL,IL00074IW015600009,40.2711,-88.6701,59,Mostly Cloudy,2,6,False,False,False,False,True,0.2
2026-09-27T04:42:43Z,IL,IL00057IS033300046,41.3918,-87.7749,54,Partly Cloudy,0,5,False,False,False,False,True,0.2
2026-09-27T04:42:43Z,IL,IL00057IS007900047,38.0962,-88.9138,64,Mostly Cloudy,1,1,False,False,False,False,True,0.2
2026-09-27T04:42:43Z,IL,IL00064IW002500011,38.5491,-89.7633,60,Partly Cloudy,4,0,False,False,False,False,True,0.2
2026-09-27T04:42:43Z,IL,IL00072IW015200014,39.9888,-88.7852,60,Mostly Cloudy,3,6,False,False,False,False,True,0.2
2026-09-27T04:42:43Z,IL,IL00080IW011700016,41.4473,-88.3285,55,Partly Cloudy,0,5,False,False,False,False,True,0.2
2026-09-27T04:42:43Z,IL,IL00055IS006400017,39.3523,-89.6447,59,Mostly Cloudy,8,1,False,False,False,False,True,0.2
2026-09-27T04:42:43Z,IL,IL00064IW008500012,38.2766,-88.8012,62,Mostly Cloudy,1,1,False,False,False,False,True,0.2
2026-09-27T04:42:43Z,IL,IL00057IS022200054,39.9314,-88.3043,58,Partly Cloudy,1,6,False,False,False,False,True,0.2
2026-09-27T04:42:43Z,IL,IL00070IW008700045,39.0679,-88.6704,62,Mostly Cloudy,3,2,False,False,False,False,True,0.2
2026-09-27T04:42:43Z,IL,IL00057IS016500018,39.1993,-88.502,58,Partly Cloudy,2,3,False,False,False,False,True,0.2
2026-09-27T04:42:43Z,IL,IL00074IW011400006,40.6111,-89.2323,59,Mostly Cloudy,6,5,False,False,False,False,True,0.2
2026-09-27T04:42:43Z,IL,IL00074IE006200001,40.8788,-90.0936,63,Mostly Cloudy,7,3,False,False,False,False,True,0.2
2026-09-27T04:42:43Z,IL,IL00070IW014900008,39.4228,-87.6617,53,Partly Cloudy,0,3,False,False,False,False,True,0.2
2026-09-27T04:42:43Z,IL,IL00057IN016500044,39.1898,-88.5031,58,Partly Cloudy,2,3,False,False,False,False,True,0.2
2026-09-27T04:42:43Z,IL,IL00055IS010400024,39.8871,-89.5966,63,Mostly Cloudy,10,5,False,False,False,False,True,0.2
2026-09-27T04:42:43Z,IL,IL00057IS003200025,37.4699,-89.1329,63,Mostly Cloudy,1,0,False,False,False,False,True,0.2
2026-09-27T04:42:43Z,IL,IL00057IN003200035,37.4661,-89.1324,63,Mostly Cloudy,1,0,False,False,False,False,True,0.2
2026-09-27T04:42:43Z,IN,322,38.195,-87.8597,63,Partly Cloudy,0,2,False,False,False,False,False,0.0
2026-09-27T04:42:43Z,IN,317,38.5852,-85.7768,57,Mostly Clear,0,2,False,False,False,False,False,0.0
2026-09-27T04:42:43Z,IN,316,38.5859,-85.7809,57,Mostly Clear,0,2,False,False,False,False,False,0.0
2026-09-27T04:42:43Z,IN,315,39.2602,-85.9521,57,Clear,0,3,False,False,False,False,False,0.0
2026-09-27T04:42:43Z,IN,314,39.2767,-85.9569,57,Clear,0,3,False,False,False,False,False,0.0
2026-09-27T04:42:43Z,IN,313,40.1578,-86.5387,54,Mostly Clear,0,3,False,False,False,False,False,0.0
2026-09-27T04:42:43Z,IN,312,40.1722,-86.5522,55,Mostly Clear,0,3,False,False,False,False,False,0.0
2026-09-27T04:42:43Z,IN,311,40.6992,-87.0628,54,Partly Cloudy,0,0,False,False,False,False,False,0.0
2026-09-27T04:42:43Z,IN,310,40.6984,-87.0646,54,Partly Cloudy,0,0,False,False,False,False,False,0.0
2026-09-27T04:42:43Z,IN,308,41.1653,-87.271,52,Mostly Clear,0,5,False,False,False,False,False,0.0
2026-09-27T04:42:43Z,IN,309,41.1666,-87.2749,52,Mostly Clear,0,5,False,False,False,False,False,0.0
2026-09-27T04:42:43Z,IN,318,40.3543,-85.5576,53,Clear,0,3,False,False,False,False,False,0.0
2026-09-27T04:42:43Z,IN,319,40.3569,-85.56,53,Clear,0,3,False,False,False,False,False,0.0
2026-09-27T04:42:43Z,IN,320,41.2963,-85.0863,52,Clear,0,0,False,False,False,False,False,0.0
2026-09-27T04:42:43Z,IN,321,41.5803,-85.0597,52,Clear,0,5,False,False,False,False,False,0.0
2026-09-27T04:42:43Z,IN,300,39.4417,-87.5002,57,Mostly Clear,0,3,False,False,False,False,False,0.0
2026-09-27T04:42:43Z,IN,302,39.6517,-86.3967,56,Mostly Clear,0,5,False,False,False,False,False,0.0
2026-09-27T04:42:43Z,IN,301,39.6541,-86.4005,56,Mostly Clear,0,5,False,False,False,False,False,0.0
2026-09-27T04:42:43Z,IN,303,39.8243,-85.7039,55,Clear,0,3,False,False,False,False,False,0.0
2026-09-27T04:42:43Z,IN,304,39.8266,-85.704,55,Clear,0,3,False,False,False,False,False,0.0
2026-09-27T04:42:43Z,IN,305,39.8605,-85.0259,52,Mostly Clear,0,3,False,False,False,False,False,0.0
2026-09-27T04:42:43Z,IN,323,39.29,-85.1688,52,Mostly Clear,0,2,False,False,False,False,False,0.0
2026-09-27T04:42:43Z,IN,702,41.7472,-85.3285,52,Clear,0,5,False,False,False,False,False,0.0
2026-09-27T04:42:43Z,IN,701,41.5889,-87.2173,56,Partly Cloudy,0,5,False,False,False,False,False,0.0
2026-09-27T04:42:43Z,IN,704,41.7058,-86.6212,51,Mostly Clear,0,5,False,False,False,False,False,0.0
2026-09-27T04:42:43Z,IN,703,41.7071,-86.6235,51,Mostly Clear,0,5,False,False,False,False,False,0.0
2026-09-27T04:42:43Z,IN,705,41.733,-86.0057,53,Mostly Clear,0,0,False,False,False,False,False,0.0
2026-09-27T04:42:43Z,IN,708,41.7472,-85.3285,52,Clear,0,5,False,False,False,False,False,0.0
2026-09-27T04:42:43Z,IN,707,41.7453,-85.3287,52,Clear,0,5,False,False,False,False,False,0.0
2026-09-27T04:42:43Z,IN,324,41.7353,-86.7933,51,Mostly Clear,0,0,False,False,False,False,False,0.0
2026-09-27T04:42:43Z,KY,KY00065IS0000020N65WELCOM,36.6434,-86.5687,58,Partly Cloudy,0,5,False,False,False,False,False,0.0
2026-09-27T04:42:43Z,KY,KY00065IS000020NSMARATHON,36.6612,-86.5553,59,Partly Cloudy,0,3,False,False,False,False,False,0.0
2026-09-27T04:42:43Z,KY,KY00065IS0000340NWEIGHS34,36.6868,-86.5379,59,Partly Cloudy,0,3,False,False,False,False,False,0.0
2026-09-27T04:42:43Z,KY,KY00065IS0011400S65SRA114,37.9464,-85.6905,58,Mostly Clear,0,2,False,False,False,False,False,0.0
2026-09-27T04:42:43Z,KY,KY00065IS0005900S65SRA059,37.239,-85.9297,57,Mostly Clear,0,1,False,False,False,False,False,0.0
2026-09-27T04:42:43Z,KY,KY00065IS0005900N65NRA059,37.2384,-85.9271,57,Mostly Clear,0,1,False,False,False,False,False,0.0
2026-09-27T04:42:43Z,KY,KY00075IS0003300NWEIGHS33,37.0422,-84.0968,57,Clear,0,2,False,False,False,False,False,0.0
2026-09-27T04:42:43Z,KY,KY00075IS0003400SWEIGHS34,37.048,-84.0997,57,Clear,0,3,False,False,False,False,False,0.0
2026-09-27T04:42:43Z,KY,KY00075IS0017700N75NRA177,38.937,-84.6309,55,Clear,0,5,False,False,False,False,False,0.0
2026-09-27T04:42:43Z,KY,KY00075IS0007500SWALTONWS,38.8653,-84.6476,55,Clear,0,5,False,False,False,False,False,0.0
2026-09-27T04:42:43Z,KY,KY00075IS0017700S75SRA177,38.9388,-84.6339,55,Clear,0,5,False,False,False,False,False,0.0
2026-09-27T04:42:43Z,KY,KY00075IS0016800SCRITENWS,38.8196,-84.6015,55,Clear,0,5,False,False,False,False,False,0.0
2026-09-27T04:42:43Z,KY,KY00075IS0000100N75WELCOM,36.6162,-84.1054,54,Clear,0,1,False,False,False,False,False,0.0
