polled_at_utc,state,site_id,time_stamp,reported_available,capacity,trend,open,trust_data,low_threshold
2026-09-25T00:05:17Z,IL,IL00080IW011700016,2026-09-25T00:04:11Z,Unknown,39,Unknown,True,False,
2026-09-25T00:05:17Z,IL,IL00057IS007900047,2026-09-25T00:04:11Z,Unknown,0,Unknown,True,False,
2026-09-25T00:05:17Z,IL,IL00055IS006400017,2026-09-25T00:04:11Z,Unknown,0,Unknown,True,False,
2026-09-25T00:05:17Z,IL,IL00064IE008500039,2026-09-25T00:04:11Z,Unknown,0,Unknown,True,False,
2026-09-25T00:05:17Z,IL,IL00080IE005100040,2026-09-25T00:04:11Z,Unknown,39,Unknown,True,False,
2026-09-25T00:05:17Z,IL,IL00070IE008600051,2026-09-25T00:04:12Z,0,0,Unknown,False,False,
2026-09-25T00:05:17Z,IL,IL00039IN008500036,2026-09-25T00:04:09Z,Unknown,42,Unknown,True,False,
2026-09-25T00:05:17Z,IL,IL00074IE015600037,2026-09-25T00:04:11Z,0,0,Unknown,False,False,
2026-09-25T00:05:17Z,IL,IL00024IW003700010,2026-09-25T00:04:11Z,Unknown,0,Unknown,True,False,
2026-09-25T00:05:17Z,IL,IL00080IE011700043,2026-09-25T00:04:12Z,Unknown,31,Unknown,True,False,
2026-09-25T00:05:17Z,IL,IL00064IE002500038,2026-09-25T00:04:12Z,0,0,Unknown,False,False,
2026-09-25T00:05:17Z,IL,IL00057IN026800032,2026-09-25T00:04:11Z,Unknown,25,Unknown,True,False,
2026-09-25T00:05:17Z,IL,IL00070IE002700042,2026-09-25T00:04:11Z,Unknown,0,Unknown,True,False,
2026-09-25T00:05:17Z,IL,IL00080IW005100013,2026-09-25T00:04:11Z,Unknown,47,Unknown,True,False,
2026-09-25T00:05:17Z,IL,IL00057IN011400033,2026-09-25T00:04:11Z,Unknown,0,Unknown,True,False,
2026-09-25T00:05:17Z,IL,IL00070IW002700015,2026-09-25T00:04:11Z,Unknown,0,Unknown,True,False,
2026-09-25T00:05:17Z,IL,IL00074IW015600009,2026-09-25T00:04:11Z,0,0,Unknown,False,False,
2026-09-25T00:05:17Z,IL,IL00072IW015200014,2026-09-25T00:04:11Z,Unknown,17,Unknown,True,False,
2026-09-25T00:05:17Z,IL,IL00057IS011400023,2026-09-25T00:04:11Z,Unknown,0,Unknown,True,False,
2026-09-25T00:05:17Z,IL,IL00074IW020800052,2026-09-25T00:04:11Z,Unknown,0,Unknown,True,False,
2026-09-25T00:05:17Z,IL,IL00055IN002700029,2026-09-25T00:04:11Z,Unknown,0,Unknown,True,False,
2026-09-25T00:05:17Z,IL,IL00057IS033300046,2026-09-25T00:04:11Z,Unknown,0,Unknown,True,False,
2026-09-25T00:05:17Z,IL,IL00057IN007900034,2026-09-25T00:04:11Z,Unknown,0,Unknown,True,False,
2026-09-25T00:05:17Z,IL,IL00064IW008500012,2026-09-25T00:04:12Z,Unknown,0,Unknown,True,False,
2026-09-25T00:05:17Z,IL,IL00074IW006200004,2026-09-25T00:04:13Z,7,12,STEADY,True,True,
2026-09-25T00:05:17Z,IL,IL00055IS002700019,2026-09-25T00:04:13Z,Unknown,0,Unknown,True,False,
2026-09-25T00:05:17Z,IL,IL00064IW002500011,2026-09-25T00:04:13Z,Unknown,0,Unknown,True,False,
2026-09-25T00:05:17Z,IL,IL00055IN014900028,2026-09-25T00:04:13Z,Unknown,0,Unknown,True,False,
2026-09-25T00:05:17Z,IL,IL00057IS026800022,2026-09-25T00:04:13Z,Unknown,27,Unknown,True,False,
2026-09-25T00:05:17Z,IL,IL00074IE002800030,2026-09-25T00:04:13Z,Unknown,14,Unknown,True,False,
2026-09-25T00:05:17Z,IL,IL00057IS022200054,2026-09-25T00:04:13Z,Unknown,0,Unknown,True,False,
2026-09-25T00:05:17Z,IL,IL00074IE011400005,2026-09-25T00:03:24Z,9,25,FILLING,True,True,
2026-09-25T00:05:17Z,IL,IL00057IN022200048,2026-09-25T00:04:12Z,Unknown,0,Unknown,True,False,
2026-09-25T00:05:17Z,IL,IL00055IN010400050,2026-09-25T00:04:12Z,0,0,Unknown,False,False,
2026-09-25T00:05:17Z,IL,IL00074IW002800020,2026-09-25T00:04:13Z,Unknown,15,Unknown,True,False,
2026-09-25T00:05:17Z,IL,IL00057IN033300049,2026-09-25T00:04:13Z,Unknown,0,Unknown,True,False,
2026-09-25T00:05:17Z,IL,IL00039IS008500026,2026-09-25T00:04:13Z,Unknown,42,Unknown,True,False,
2026-09-25T00:05:17Z,IL,IL00064IW013000053,2026-09-25T00:04:13Z,0,0,Unknown,False,False,
2026-09-25T00:05:17Z,IL,IL00055IN006400027,2026-09-25T00:04:13Z,Unknown,0,Unknown,True,False,
2026-09-25T00:05:17Z,IL,IL00055IN019400031,2026-09-25T00:04:13Z,Unknown,36,Unknown,True,False,
2026-09-25T00:05:17Z,IL,IL00055IS019400021,2026-09-25T00:04:13Z,Unknown,29,Unknown,True,False,
2026-09-25T00:05:17Z,IL,IL00072IE015200041,2026-09-25T00:04:28Z,10,16,STEADY,True,True,
2026-09-25T00:05:17Z,IL,IL00070IW008700045,2026-09-25T00:04:53Z,2,15,CLEARING,True,True,
2026-09-25T00:05:17Z,IL,IL00057IS016500018,2026-09-25T00:02:14Z,3,15,FILLING,True,True,
2026-09-25T00:05:17Z,IL,IL00074IW011400006,2026-09-25T00:04:30Z,3,18,FILLING,True,True,
2026-09-25T00:05:17Z,IL,IL00074IE006200001,2026-09-25T00:04:31Z,7,13,FILLING,True,True,
2026-09-25T00:05:17Z,IL,IL00070IW014900008,2026-09-25T00:03:58Z,Unknown,39,Unknown,True,False,
2026-09-25T00:05:17Z,IL,IL00057IN016500044,2026-09-25T00:02:15Z,0,15,STEADY,False,False,
2026-09-25T00:05:17Z,IL,IL00055IS010400024,2026-09-25T00:02:15Z,Unknown,0,STEADY,,False,
2026-09-25T00:05:17Z,IL,IL00057IS003200025,2026-09-25T00:02:15Z,Unknown,0,STEADY,,False,
2026-09-25T00:05:17Z,IL,IL00057IN003200035,2026-09-25T00:02:15Z,Unknown,17,STEADY,,False,
2026-09-25T00:05:17Z,IN,322,2026-09-24T19:50:00-04:00,73,75,,True,false,
2026-09-25T00:05:17Z,IN,317,2026-09-24T19:50:00-04:00,55,58,,True,true,
2026-09-25T00:05:17Z,IN,316,2026-09-24T19:50:00-04:00,47,58,,True,false,
2026-09-25T00:05:17Z,IN,315,2026-09-24T19:50:00-04:00,Unknown,36,,False,true,
2026-09-25T00:05:17Z,IN,314,2026-09-24T19:50:00-04:00,Unknown,36,,False,true,
2026-09-25T00:05:17Z,IN,313,2026-09-24T19:50:00-04:00,53,75,,True,false,
2026-09-25T00:05:17Z,IN,312,2026-09-24T19:50:00-04:00,60,75,,True,false,
2026-09-25T00:05:17Z,IN,311,2026-09-24T19:50:00-04:00,Unknown,13,,False,true,
2026-09-25T00:05:17Z,IN,310,2026-09-24T19:50:00-04:00,Unknown,13,,False,true,
2026-09-25T00:05:17Z,IN,308,2026-09-24T19:50:00-04:00,21,75,,True,true,
2026-09-25T00:05:17Z,IN,309,2026-09-24T19:50:00-04:00,95,150,,True,true,
2026-09-25T00:05:17Z,IN,318,2026-09-24T19:50:00-04:00,17,78,,True,true,
2026-09-25T00:05:17Z,IN,319,2026-09-24T19:50:00-04:00,51,78,,True,true,
2026-09-25T00:05:17Z,IN,320,2026-09-24T19:50:00-04:00,61,83,,True,true,
2026-09-25T00:05:17Z,IN,321,2026-09-24T19:50:00-04:00,21,41,,True,false,
2026-09-25T00:05:17Z,IN,300,2026-09-24T19:50:00-04:00,97,128,,True,false,
2026-09-25T00:05:17Z,IN,302,2026-09-24T19:50:00-04:00,29,30,,True,true,
2026-09-25T00:05:17Z,IN,301,2026-09-24T19:50:00-04:00,9,30,,True,true,
2026-09-25T00:05:17Z,IN,303,2026-09-24T19:50:00-04:00,94,194,,True,true,
2026-09-25T00:05:17Z,IN,304,2026-09-24T19:50:00-04:00,Unknown,99,,False,true,
2026-09-25T00:05:17Z,IN,305,2026-09-24T19:50:00-04:00,Unknown,156,,False,true,
2026-09-25T00:05:17Z,IN,323,2026-09-24T19:50:00-04:00,20,40,,True,true,
2026-09-25T00:05:17Z,IN,702,2026-09-24T19:50:00-04:00,38,75,,True,false,
2026-09-25T00:05:17Z,IN,701,2026-09-24T19:50:00-04:00,30,60,,True,false,
2026-09-25T00:05:17Z,IN,704,2026-09-24T19:50:00-04:00,40,80,,True,false,
2026-09-25T00:05:17Z,IN,703,2026-09-24T19:50:00-04:00,55,110,,True,false,
2026-09-25T00:05:17Z,IN,706,2026-09-24T19:50:00-04:00,35,70,,True,false,
2026-09-25T00:05:17Z,IN,705,2026-09-24T19:50:00-04:00,30,60,,True,false,
2026-09-25T00:05:17Z,IN,708,2026-09-24T19:50:00-04:00,23,45,,True,false,
2026-09-25T00:05:17Z,IN,707,2026-09-24T19:50:00-04:00,20,40,,True,false,
2026-09-25T00:05:17Z,IN,324,2026-09-24T19:50:00-04:00,16,31,,True,true,
2026-09-25T00:05:17Z,KY,KY00065IS0000020N65WELCOM,2026-09-25T00:04:01Z,LOW,21,STEADY,True,True,
2026-09-25T00:05:17Z,KY,KY00065IS000020NSMARATHON,2025-12-19T00:36:53Z,LOW,60,STEADY,True,False,
2026-09-25T00:05:17Z,KY,KY00065IS0000340NWEIGHS34,2026-07-01T19:04:41Z,15,40,STEADY,True,False,
2026-09-25T00:05:17Z,KY,KY00065IS0011400S65SRA114,2026-09-25T00:04:09Z,LOW,26,STEADY,True,True,
2026-09-25T00:05:17Z,KY,KY00065IS0005900S65SRA059,2026-09-25T00:04:08Z,80,109,STEADY,True,True,
2026-09-25T00:05:17Z,KY,KY00065IS0005900N65NRA059,2026-08-17T17:24:33Z,LOW,113,STEADY,True,False,
2026-09-25T00:05:17Z,KY,KY00075IS0003300NWEIGHS33,2026-09-25T00:04:16Z,50,50,STEADY,True,False,
2026-09-25T00:05:17Z,KY,KY00075IS0003400SWEIGHS34,2026-09-25T00:04:19Z,LOW,40,FILLING,True,True,
2026-09-25T00:05:17Z,KY,KY00075IS0017700N75NRA177,2026-07-13T10:37:14Z,LOW,53,CLEARING,True,False,
2026-09-25T00:05:17Z,KY,KY00075IS0007500SWALTONWS,2026-09-25T00:03:56Z,LOW,45,STEADY,True,True,
2026-09-25T00:05:17Z,KY,KY00075IS0017700S75SRA177,2026-09-25T00:04:17Z,41,67,CLEARING,True,True,
2026-09-25T00:05:17Z,KY,KY00075IS0016800SCRITENWS,2026-09-25T00:03:52Z,30,39,STEADY,True,True,
2026-09-25T00:05:17Z,KY,KY00075IS0000100N75WELCOM,2026-09-25T00:04:11Z,LOW,30,STEADY,True,False,
2026-09-25T00:20:18Z,IL,IL00064IW002500011,2026-09-25T00:20:06Z,Unknown,0,Unknown,True,False,
2026-09-25T00:20:18Z,IL,IL00064IW008500012,2026-09-25T00:20:06Z,Unknown,0,Unknown,True,False,
2026-09-25T00:20:18Z,IL,IL00080IW005100013,2026-09-25T00:20:06Z,Unknown,47,Unknown,True,False,
2026-09-25T00:20:18Z,IL,IL00074IW020800052,2026-09-25T00:20:06Z,Unknown,0,Unknown,True,False,
2026-09-25T00:20:18Z,IL,IL00055IS006400017,2026-09-25T00:20:06Z,Unknown,0,Unknown,True,False,
2026-09-25T00:20:18Z,IL,IL00057IS022200054,2026-09-25T00:20:06Z,Unknown,0,Unknown,True,False,
2026-09-25T00:20:18Z,IL,IL00074IW002800020,2026-09-25T00:20:06Z,Unknown,15,Unknown,True,False,
2026-09-25T00:20:18Z,IL,IL00057IS007900047,2026-09-25T00:20:06Z,Unknown,0,Unknown,True,False,
2026-09-25T00:20:18Z,IL,IL00039IS008500026,2026-09-25T00:20:06Z,Unknown,42,Unknown,True,False,
2026-09-25T00:20:18Z,IL,IL00055IN006400027,2026-09-25T00:20:07Z,Unknown,0,Unknown,True,False,
2026-09-25T00:20:18Z,IL,IL00057IN011400033,2026-09-25T00:20:07Z,Unknown,0,Unknown,True,False,
2026-09-25T00:20:18Z,IL,IL00080IE011700043,2026-09-25T00:20:07Z,Unknown,31,Unknown,True,False,
2026-09-25T00:20:18Z,IL,IL00072IW015200014,2026-09-25T00:20:07Z,Unknown,17,Unknown,True,False,
2026-09-25T00:20:18Z,IL,IL00080IW011700016,2026-09-25T00:20:07Z,Unknown,39,Unknown,True,False,
2026-09-25T00:20:18Z,IL,IL00055IS019400021,2026-09-25T00:20:07Z,Unknown,29,Unknown,True,False,
2026-09-25T00:20:18Z,IL,IL00057IS026800022,2026-09-25T00:20:07Z,Unknown,27,Unknown,True,False,
2026-09-25T00:20:18Z,IL,IL00055IN014900028,2026-09-25T00:20:07Z,Unknown,0,Unknown,True,False,
2026-09-25T00:20:18Z,IL,IL00057IN026800032,2026-09-25T00:20:07Z,Unknown,25,Unknown,True,False,
2026-09-25T00:20:18Z,IL,IL00055IN010400050,2026-09-25T00:20:07Z,0,0,Unknown,False,False,
2026-09-25T00:20:18Z,IL,IL00039IN008500036,2026-09-25T00:20:07Z,Unknown,42,Unknown,True,False,
2026-09-25T00:20:18Z,IL,IL00074IE015600037,2026-09-25T00:20:07Z,0,0,Unknown,False,False,
2026-09-25T00:20:18Z,IL,IL00064IE002500038,2026-09-25T00:20:07Z,0,0,Unknown,False,False,
2026-09-25T00:20:18Z,IL,IL00080IE005100040,2026-09-25T00:20:07Z,Unknown,39,Unknown,True,False,
2026-09-25T00:20:18Z,IL,IL00074IW015600009,2026-09-25T00:20:07Z,0,0,Unknown,False,False,
2026-09-25T00:20:18Z,IL,IL00024IW003700010,2026-09-25T00:20:07Z,Unknown,0,Unknown,True,False,
2026-09-25T00:20:18Z,IL,IL00070IW002700015,2026-09-25T00:20:07Z,Unknown,0,Unknown,True,False,
2026-09-25T00:20:18Z,IL,IL00055IS002700019,2026-09-25T00:20:07Z,Unknown,0,Unknown,True,False,
2026-09-25T00:20:18Z,IL,IL00057IS011400023,2026-09-25T00:20:07Z,Unknown,0,Unknown,True,False,
2026-09-25T00:20:18Z,IL,IL00055IN002700029,2026-09-25T00:20:07Z,Unknown,0,Unknown,True,False,
2026-09-25T00:20:18Z,IL,IL00057IN022200048,2026-09-25T00:20:07Z,Unknown,0,Unknown,True,False,
2026-09-25T00:20:18Z,IL,IL00074IE002800030,2026-09-25T00:20:07Z,Unknown,14,Unknown,True,False,
2026-09-25T00:20:18Z,IL,IL00055IN019400031,2026-09-25T00:20:08Z,Unknown,36,Unknown,True,False,
2026-09-25T00:20:18Z,IL,IL00057IN033300049,2026-09-25T00:20:08Z,Unknown,0,Unknown,True,False,
2026-09-25T00:20:18Z,IL,IL00057IN007900034,2026-09-25T00:20:08Z,Unknown,0,Unknown,True,False,
2026-09-25T00:20:18Z,IL,IL00064IE008500039,2026-09-25T00:20:09Z,Unknown,0,Unknown,True,False,
2026-09-25T00:20:18Z,IL,IL00072IE015200041,2026-09-25T00:19:41Z,9,16,FILLING,True,True,
2026-09-25T00:20:18Z,IL,IL00074IE011400005,2026-09-25T00:19:52Z,9,25,STEADY,True,True,
2026-09-25T00:20:18Z,IL,IL00074IW006200004,2026-09-25T00:20:08Z,5,12,FILLING,True,True,
2026-09-25T00:20:18Z,IL,IL00064IW013000053,2026-09-25T00:20:09Z,0,0,Unknown,False,False,
2026-09-25T00:20:18Z,IL,IL00057IS033300046,2026-09-25T00:20:09Z,Unknown,0,Unknown,True,False,
2026-09-25T00:20:18Z,IL,IL00070IE008600051,2026-09-25T00:20:09Z,0,0,Unknown,False,False,
2026-09-25T00:20:18Z,IL,IL00070IE002700042,2026-09-25T00:20:09Z,Unknown,0,Unknown,True,False,
2026-09-25T00:20:18Z,IL,IL00070IW008700045,2026-09-25T00:19:39Z,3,15,CLEARING,True,True,
2026-09-25T00:20:18Z,IL,IL00057IS016500018,2026-09-25T00:19:40Z,3,15,FILLING,True,True,
2026-09-25T00:20:18Z,IL,IL00074IW011400006,2026-09-25T00:19:55Z,5,18,CLEARING,True,True,
2026-09-25T00:20:18Z,IL,IL00074IE006200001,2026-09-25T00:19:56Z,7,13,STEADY,True,True,
2026-09-25T00:20:18Z,IL,IL00070IW014900008,2026-09-25T00:19:00Z,Unknown,39,Unknown,True,False,
2026-09-25T00:20:18Z,IL,IL00057IN016500044,2026-09-25T00:19:40Z,0,15,CLEARING,False,False,
2026-09-25T00:20:18Z,IL,IL00055IS010400024,2026-09-25T00:19:40Z,Unknown,0,STEADY,,False,
2026-09-25T00:20:18Z,IL,IL00057IS003200025,2026-09-25T00:19:40Z,Unknown,0,STEADY,,False,
2026-09-25T00:20:18Z,IL,IL00057IN003200035,2026-09-25T00:19:41Z,Unknown,17,STEADY,,False,
2026-09-25T00:20:18Z,IN,322,2026-09-24T20:05:00-04:00,72,75,,True,false,
2026-09-25T00:20:18Z,IN,317,2026-09-24T20:05:00-04:00,22,58,,True,true,
2026-09-25T00:20:18Z,IN,316,2026-09-24T20:05:00-04:00,42,58,,True,false,
2026-09-25T00:20:18Z,IN,315,2026-09-24T20:05:00-04:00,Unknown,36,,False,true,
2026-09-25T00:20:18Z,IN,314,2026-09-24T20:05:00-04:00,Unknown,36,,False,true,
2026-09-25T00:20:18Z,IN,313,2026-09-24T20:05:00-04:00,45,75,,True,false,
2026-09-25T00:20:18Z,IN,312,2026-09-24T20:05:00-04:00,61,75,,True,false,
2026-09-25T00:20:18Z,IN,311,2026-09-24T20:05:00-04:00,Unknown,13,,False,true,
2026-09-25T00:20:18Z,IN,310,2026-09-24T20:05:00-04:00,Unknown,13,,False,true,
2026-09-25T00:20:18Z,IN,308,2026-09-24T20:05:00-04:00,32,75,,True,true,
2026-09-25T00:20:18Z,IN,309,2026-09-24T20:05:00-04:00,111,150,,True,true,
2026-09-25T00:20:18Z,IN,318,2026-09-24T20:05:00-04:00,14,78,,True,true,
2026-09-25T00:20:18Z,IN,319,2026-09-24T20:05:00-04:00,15,78,,True,true,
2026-09-25T00:20:18Z,IN,320,2026-09-24T20:05:00-04:00,44,83,,True,true,
2026-09-25T00:20:18Z,IN,321,2026-09-24T20:05:00-04:00,21,41,,True,false,
2026-09-25T00:20:18Z,IN,300,2026-09-24T20:05:00-04:00,94,128,,True,false,
2026-09-25T00:20:18Z,IN,302,2026-09-24T20:05:00-04:00,5,30,,True,true,
2026-09-25T00:20:18Z,IN,301,2026-09-24T20:05:00-04:00,LOW,30,,True,true,
2026-09-25T00:20:18Z,IN,303,2026-09-24T20:05:00-04:00,87,194,,True,true,
2026-09-25T00:20:18Z,IN,304,2026-09-24T20:05:00-04:00,Unknown,99,,False,true,
2026-09-25T00:20:18Z,IN,305,2026-09-24T20:05:00-04:00,Unknown,156,,False,true,
2026-09-25T00:20:18Z,IN,323,2026-09-24T20:05:00-04:00,20,40,,True,true,
2026-09-25T00:20:18Z,IN,702,2026-09-24T20:05:00-04:00,38,75,,True,false,
2026-09-25T00:20:18Z,IN,701,2026-09-24T20:05:00-04:00,30,60,,True,false,
2026-09-25T00:20:18Z,IN,704,2026-09-24T20:05:00-04:00,40,80,,True,false,
2026-09-25T00:20:18Z,IN,703,2026-09-24T20:05:00-04:00,55,110,,True,false,
2026-09-25T00:20:18Z,IN,706,2026-09-24T20:05:00-04:00,35,70,,True,false,
2026-09-25T00:20:18Z,IN,705,2026-09-24T20:05:00-04:00,30,60,,True,false,
2026-09-25T00:20:18Z,IN,708,2026-09-24T20:05:00-04:00,23,45,,True,false,
2026-09-25T00:20:18Z,IN,707,2026-09-24T20:05:00-04:00,20,40,,True,false,
2026-09-25T00:20:18Z,IN,324,2026-09-24T20:05:00-04:00,16,31,,True,true,
2026-09-25T00:20:18Z,KY,KY00065IS0000020N65WELCOM,2026-09-25T00:19:02Z,LOW,21,STEADY,True,True,
2026-09-25T00:20:18Z,KY,KY00065IS000020NSMARATHON,2025-12-19T00:36:53Z,LOW,60,STEADY,True,False,
2026-09-25T00:20:18Z,KY,KY00065IS0000340NWEIGHS34,2026-07-01T19:04:41Z,15,40,STEADY,True,False,
2026-09-25T00:20:18Z,KY,KY00065IS0011400S65SRA114,2026-09-25T00:19:10Z,LOW,26,STEADY,True,True,
2026-09-25T00:20:18Z,KY,KY00065IS0005900S65SRA059,2026-09-25T00:19:07Z,73,109,FILLING,True,True,
2026-09-25T00:20:18Z,KY,KY00065IS0005900N65NRA059,2026-08-17T17:24:33Z,LOW,113,STEADY,True,False,
2026-09-25T00:20:18Z,KY,KY00075IS0003300NWEIGHS33,2026-09-25T00:19:16Z,50,50,STEADY,True,False,
2026-09-25T00:20:18Z,KY,KY00075IS0003400SWEIGHS34,2026-09-25T00:19:18Z,LOW,40,FILLING,True,True,
2026-09-25T00:20:18Z,KY,KY00075IS0017700N75NRA177,2026-07-13T10:37:14Z,LOW,53,CLEARING,True,False,
2026-09-25T00:20:18Z,KY,KY00075IS0007500SWALTONWS,2026-09-25T00:18:56Z,LOW,45,STEADY,True,True,
2026-09-25T00:20:18Z,KY,KY00075IS0017700S75SRA177,2026-09-25T00:19:18Z,41,67,CLEARING,True,True,
2026-09-25T00:20:18Z,KY,KY00075IS0016800SCRITENWS,2026-09-25T00:18:51Z,28,39,FILLING,True,True,
2026-09-25T00:20:18Z,KY,KY00075IS0000100N75WELCOM,2026-09-25T00:19:11Z,LOW,30,STEADY,True,False,
2026-09-25T00:35:17Z,IL,IL00070IE002700042,2026-09-25T00:34:26Z,Unknown,0,Unknown,True,False,
2026-09-25T00:35:17Z,IL,IL00070IW002700015,2026-09-25T00:34:26Z,Unknown,0,Unknown,True,False,
2026-09-25T00:35:17Z,IL,IL00072IE015200041,2026-09-25T00:34:24Z,10,16,CLEARING,True,True,
2026-09-25T00:35:17Z,IL,IL00055IN014900028,2026-09-25T00:34:25Z,Unknown,0,Unknown,True,False,
2026-09-25T00:35:17Z,IL,IL00080IE011700043,2026-09-25T00:34:25Z,Unknown,31,Unknown,True,False,
2026-09-25T00:35:17Z,IL,IL00055IN006400027,2026-09-25T00:34:25Z,Unknown,0,Unknown,True,False,
2026-09-25T00:35:17Z,IL,IL00080IW005100013,2026-09-25T00:34:25Z,Unknown,47,Unknown,True,False,
2026-09-25T00:35:17Z,IL,IL00057IS022200054,2026-09-25T00:34:25Z,Unknown,0,Unknown,True,False,
2026-09-25T00:35:17Z,IL,IL00064IE008500039,2026-09-25T00:34:25Z,Unknown,0,Unknown,True,False,
2026-09-25T00:35:17Z,IL,IL00074IW015600009,2026-09-25T00:34:25Z,0,0,Unknown,False,False,
2026-09-25T00:35:17Z,IL,IL00024IW003700010,2026-09-25T00:34:25Z,Unknown,0,Unknown,True,False,
2026-09-25T00:35:17Z,IL,IL00057IN011400033,2026-09-25T00:34:26Z,Unknown,0,Unknown,True,False,
2026-09-25T00:35:17Z,IL,IL00074IE002800030,2026-09-25T00:34:26Z,Unknown,14,Unknown,True,False,
2026-09-25T00:35:17Z,IL,IL00064IW013000053,2026-09-25T00:34:26Z,0,0,Unknown,False,False,
2026-09-25T00:35:17Z,IL,IL00055IN002700029,2026-09-25T00:34:26Z,Unknown,0,Unknown,True,False,
2026-09-25T00:35:17Z,IL,IL00057IS007900047,2026-09-25T00:34:24Z,Unknown,0,Unknown,True,False,
2026-09-25T00:35:17Z,IL,IL00055IN019400031,2026-09-25T00:34:24Z,Unknown,36,Unknown,True,False,
2026-09-25T00:35:17Z,IL,IL00057IN033300049,2026-09-25T00:34:24Z,Unknown,0,Unknown,True,False,
2026-09-25T00:35:17Z,IL,IL00055IN010400050,2026-09-25T00:34:24Z,0,0,Unknown,False,False,
2026-09-25T00:35:17Z,IL,IL00064IE002500038,2026-09-25T00:34:24Z,0,0,Unknown,False,False,
2026-09-25T00:35:17Z,IL,IL00039IN008500036,2026-09-25T00:34:25Z,Unknown,42,Unknown,True,False,
2026-09-25T00:35:17Z,IL,IL00072IW015200014,2026-09-25T00:34:25Z,Unknown,17,Unknown,True,False,
2026-09-25T00:35:17Z,IL,IL00057IS026800022,2026-09-25T00:34:25Z,Unknown,27,Unknown,True,False,
2026-09-25T00:35:17Z,IL,IL00080IE005100040,2026-09-25T00:34:25Z,Unknown,39,Unknown,True,False,
2026-09-25T00:35:17Z,IL,IL00074IE015600037,2026-09-25T00:34:25Z,0,0,Unknown,False,False,
2026-09-25T00:35:17Z,IL,IL00057IS033300046,2026-09-25T00:34:25Z,Unknown,0,Unknown,True,False,
2026-09-25T00:35:17Z,IL,IL00064IW002500011,2026-09-25T00:34:25Z,Unknown,0,Unknown,True,False,
2026-09-25T00:35:17Z,IL,IL00064IW008500012,2026-09-25T00:34:25Z,Unknown,0,Unknown,True,False,
2026-09-25T00:35:17Z,IL,IL00074IW002800020,2026-09-25T00:34:25Z,Unknown,15,Unknown,True,False,
2026-09-25T00:35:17Z,IL,IL00055IS019400021,2026-09-25T00:34:25Z,Unknown,29,Unknown,True,False,
2026-09-25T00:35:17Z,IL,IL00057IN007900034,2026-09-25T00:34:25Z,Unknown,0,Unknown,True,False,
2026-09-25T00:35:17Z,IL,IL00070IE008600051,2026-09-25T00:34:25Z,0,0,Unknown,False,False,
2026-09-25T00:35:17Z,IL,IL00039IS008500026,2026-09-25T00:34:25Z,Unknown,42,Unknown,True,False,
2026-09-25T00:35:17Z,IL,IL00057IS011400023,2026-09-25T00:34:25Z,Unknown,0,Unknown,True,False,
2026-09-25T00:35:17Z,IL,IL00057IN026800032,2026-09-25T00:34:26Z,Unknown,25,Unknown,True,False,
2026-09-25T00:35:17Z,IL,IL00055IS002700019,2026-09-25T00:34:26Z,Unknown,0,Unknown,True,False,
2026-09-25T00:35:17Z,IL,IL00057IN022200048,2026-09-25T00:34:26Z,Unknown,0,Unknown,True,False,
2026-09-25T00:35:17Z,IL,IL00074IW020800052,2026-09-25T00:34:26Z,Unknown,0,Unknown,True,False,
2026-09-25T00:35:17Z,IL,IL00074IW006200004,2026-09-25T00:34:27Z,4,12,FILLING,True,True,
2026-09-25T00:35:17Z,IL,IL00080IW011700016,2026-09-25T00:34:27Z,Unknown,39,Unknown,True,False,
2026-09-25T00:35:17Z,IL,IL00074IE011400005,2026-09-25T00:34:30Z,9,25,FILLING,True,True,
2026-09-25T00:35:17Z,IL,IL00055IS006400017,2026-09-25T00:34:30Z,Unknown,0,Unknown,True,False,
2026-09-25T00:35:17Z,IL,IL00070IW008700045,2026-09-25T00:32:50Z,1,15,FILLING,True,True,
2026-09-25T00:35:17Z,IL,IL00057IS016500018,2026-09-25T00:33:36Z,3,15,FILLING,True,True,
2026-09-25T00:35:17Z,IL,IL00074IW011400006,2026-09-25T00:34:32Z,5,18,STEADY,True,True,
2026-09-25T00:35:17Z,IL,IL00074IE006200001,2026-09-25T00:34:33Z,7,13,STEADY,True,True,
2026-09-25T00:35:17Z,IL,IL00070IW014900008,2026-09-25T00:33:22Z,Unknown,39,Unknown,True,False,
2026-09-25T00:35:17Z,IL,IL00057IN016500044,2026-09-25T00:35:16Z,0,15,STEADY,False,False,
2026-09-25T00:35:17Z,IL,IL00055IS010400024,2026-09-25T00:31:30Z,Unknown,0,STEADY,,False,
2026-09-25T00:35:17Z,IL,IL00057IS003200025,2026-09-25T00:31:31Z,Unknown,0,STEADY,,False,
2026-09-25T00:35:17Z,IL,IL00057IN003200035,2026-09-25T00:31:31Z,Unknown,17,STEADY,,False,
2026-09-25T00:35:17Z,IN,322,2026-09-24T20:20:00-04:00,73,75,,True,false,
2026-09-25T00:35:17Z,IN,317,2026-09-24T20:20:00-04:00,24,58,,True,true,
2026-09-25T00:35:17Z,IN,316,2026-09-24T20:20:00-04:00,41,58,,True,false,
2026-09-25T00:35:17Z,IN,315,2026-09-24T20:20:00-04:00,Unknown,36,,False,true,
2026-09-25T00:35:17Z,IN,314,2026-09-24T20:20:00-04:00,Unknown,36,,False,true,
2026-09-25T00:35:17Z,IN,313,2026-09-24T20:20:00-04:00,37,75,,True,false,
2026-09-25T00:35:17Z,IN,312,2026-09-24T20:20:00-04:00,51,75,,True,false,
2026-09-25T00:35:17Z,IN,311,2026-09-24T20:20:00-04:00,Unknown,13,,False,true,
2026-09-25T00:35:17Z,IN,310,2026-09-24T20:20:00-04:00,Unknown,13,,False,true,
2026-09-25T00:35:17Z,IN,308,2026-09-24T20:20:00-04:00,37,75,,True,true,
2026-09-25T00:35:17Z,IN,309,2026-09-24T20:20:00-04:00,96,150,,True,true,
2026-09-25T00:35:17Z,IN,318,2026-09-24T20:20:00-04:00,LOW,78,,True,true,
2026-09-25T00:35:17Z,IN,319,2026-09-24T20:20:00-04:00,13,78,,True,true,
2026-09-25T00:35:17Z,IN,320,2026-09-24T20:20:00-04:00,37,83,,True,true,
2026-09-25T00:35:17Z,IN,321,2026-09-24T20:20:00-04:00,21,41,,True,false,
2026-09-25T00:35:17Z,IN,300,2026-09-24T20:20:00-04:00,90,128,,True,false,
2026-09-25T00:35:17Z,IN,302,2026-09-24T20:20:00-04:00,14,30,,True,true,
2026-09-25T00:35:17Z,IN,301,2026-09-24T20:20:00-04:00,LOW,30,,True,true,
2026-09-25T00:35:17Z,IN,303,2026-09-24T20:20:00-04:00,92,194,,True,true,
2026-09-25T00:35:17Z,IN,304,2026-09-24T20:20:00-04:00,Unknown,99,,False,true,
2026-09-25T00:35:17Z,IN,305,2026-09-24T20:20:00-04:00,Unknown,156,,False,true,
2026-09-25T00:35:17Z,IN,323,2026-09-24T20:20:00-04:00,20,40,,True,true,
2026-09-25T00:35:17Z,IN,702,2026-09-24T20:20:00-04:00,38,75,,True,false,
2026-09-25T00:35:17Z,IN,701,2026-09-24T20:20:00-04:00,30,60,,True,false,
2026-09-25T00:35:17Z,IN,704,2026-09-24T20:20:00-04:00,40,80,,True,false,
2026-09-25T00:35:17Z,IN,703,2026-09-24T20:20:00-04:00,55,110,,True,false,
2026-09-25T00:35:17Z,IN,706,2026-09-24T20:20:00-04:00,35,70,,True,false,
2026-09-25T00:35:17Z,IN,705,2026-09-24T20:20:00-04:00,30,60,,True,false,
2026-09-25T00:35:17Z,IN,708,2026-09-24T20:20:00-04:00,23,45,,True,false,
2026-09-25T00:35:17Z,IN,707,2026-09-24T20:20:00-04:00,20,40,,True,false,
2026-09-25T00:35:17Z,IN,324,2026-09-24T20:20:00-04:00,16,31,,True,true,
2026-09-25T00:35:17Z,KY,KY00065IS0000020N65WELCOM,2026-09-25T00:34:02Z,LOW,21,STEADY,True,True,
2026-09-25T00:35:17Z,KY,KY00065IS000020NSMARATHON,2025-12-19T00:36:53Z,LOW,60,STEADY,True,False,
2026-09-25T00:35:17Z,KY,KY00065IS0000340NWEIGHS34,2026-07-01T19:04:41Z,15,40,STEADY,True,False,
2026-09-25T00:35:17Z,KY,KY00065IS0011400S65SRA114,2026-09-25T00:34:09Z,LOW,26,STEADY,True,True,
2026-09-25T00:35:17Z,KY,KY00065IS0005900S65SRA059,2026-09-25T00:34:08Z,71,109,FILLING,True,True,
2026-09-25T00:35:17Z,KY,KY00065IS0005900N65NRA059,2026-08-17T17:24:33Z,LOW,113,STEADY,True,False,
2026-09-25T00:35:17Z,KY,KY00075IS0003300NWEIGHS33,2026-09-25T00:34:16Z,50,50,STEADY,True,False,
2026-09-25T00:35:17Z,KY,KY00075IS0003400SWEIGHS34,2026-09-25T00:34:18Z,LOW,40,FILLING,True,True,
2026-09-25T00:35:17Z,KY,KY00075IS0017700N75NRA177,2026-07-13T10:37:14Z,LOW,53,CLEARING,True,False,
2026-09-25T00:35:17Z,KY,KY00075IS0007500SWALTONWS,2026-09-25T00:33:56Z,LOW,45,STEADY,True,True,
2026-09-25T00:35:17Z,KY,KY00075IS0017700S75SRA177,2026-09-25T00:34:17Z,37,67,FILLING,True,True,
2026-09-25T00:35:17Z,KY,KY00075IS0016800SCRITENWS,2026-09-25T00:33:51Z,26,39,FILLING,True,True,
2026-09-25T00:35:17Z,KY,KY00075IS0000100N75WELCOM,2026-09-25T00:34:11Z,LOW,30,STEADY,True,False,
2026-09-25T00:50:17Z,IL,IL00074IW006200004,2026-09-25T00:49:23Z,6,12,CLEARING,True,True,
2026-09-25T00:50:17Z,IL,IL00074IE011400005,2026-09-25T00:49:26Z,9,25,STEADY,True,True,
2026-09-25T00:50:17Z,IL,IL00072IE015200041,2026-09-25T00:48:30Z,10,16,STEADY,True,True,
2026-09-25T00:50:17Z,IL,IL00024IW003700010,2026-09-25T00:49:50Z,Unknown,0,Unknown,True,False,
2026-09-25T00:50:17Z,IL,IL00070IW002700015,2026-09-25T00:49:50Z,Unknown,0,Unknown,True,False,
2026-09-25T00:50:17Z,IL,IL00055IS002700019,2026-09-25T00:49:50Z,Unknown,0,Unknown,True,False,
2026-09-25T00:50:17Z,IL,IL00055IS019400021,2026-09-25T00:49:51Z,Unknown,29,Unknown,True,False,
2026-09-25T00:50:17Z,IL,IL00055IN014900028,2026-09-25T00:49:51Z,Unknown,0,Unknown,True,False,
2026-09-25T00:50:17Z,IL,IL00057IS022200054,2026-09-25T00:49:51Z,Unknown,0,Unknown,True,False,
2026-09-25T00:50:17Z,IL,IL00074IW002800020,2026-09-25T00:49:51Z,Unknown,15,Unknown,True,False,
2026-09-25T00:50:17Z,IL,IL00057IS011400023,2026-09-25T00:49:51Z,Unknown,0,Unknown,True,False,
2026-09-25T00:50:17Z,IL,IL00055IN006400027,2026-09-25T00:49:51Z,Unknown,0,Unknown,True,False,
2026-09-25T00:50:17Z,IL,IL00055IN002700029,2026-09-25T00:49:51Z,Unknown,0,Unknown,True,False,
2026-09-25T00:50:17Z,IL,IL00057IN026800032,2026-09-25T00:49:51Z,Unknown,25,Unknown,True,False,
2026-09-25T00:50:17Z,IL,IL00064IE002500038,2026-09-25T00:49:51Z,0,0,Unknown,False,False,
2026-09-25T00:50:17Z,IL,IL00074IW015600009,2026-09-25T00:49:51Z,0,0,Unknown,False,False,
2026-09-25T00:50:17Z,IL,IL00064IW002500011,2026-09-25T00:49:51Z,Unknown,0,Unknown,True,False,
2026-09-25T00:50:17Z,IL,IL00064IW008500012,2026-09-25T00:49:51Z,Unknown,0,Unknown,True,False,
2026-09-25T00:50:17Z,IL,IL00057IN033300049,2026-09-25T00:49:51Z,Unknown,0,Unknown,True,False,
2026-09-25T00:50:17Z,IL,IL00080IW005100013,2026-09-25T00:49:51Z,Unknown,47,Unknown,True,False,
2026-09-25T00:50:17Z,IL,IL00074IE002800030,2026-09-25T00:49:51Z,Unknown,14,Unknown,True,False,
2026-09-25T00:50:17Z,IL,IL00074IE015600037,2026-09-25T00:49:51Z,0,0,Unknown,False,False,
2026-09-25T00:50:17Z,IL,IL00070IE008600051,2026-09-25T00:49:51Z,0,0,Unknown,False,False,
2026-09-25T00:50:17Z,IL,IL00080IE011700043,2026-09-25T00:49:51Z,Unknown,31,Unknown,True,False,
2026-09-25T00:50:17Z,IL,IL00057IN011400033,2026-09-25T00:49:52Z,Unknown,0,Unknown,True,False,
2026-09-25T00:50:17Z,IL,IL00057IN007900034,2026-09-25T00:49:52Z,Unknown,0,Unknown,True,False,
2026-09-25T00:50:17Z,IL,IL00039IN008500036,2026-09-25T00:49:52Z,Unknown,42,Unknown,True,False,
2026-09-25T00:50:17Z,IL,IL00064IE008500039,2026-09-25T00:49:52Z,Unknown,0,Unknown,True,False,
2026-09-25T00:50:17Z,IL,IL00080IE005100040,2026-09-25T00:49:52Z,Unknown,39,Unknown,True,False,
2026-09-25T00:50:17Z,IL,IL00070IE002700042,2026-09-25T00:49:52Z,Unknown,0,Unknown,True,False,
2026-09-25T00:50:17Z,IL,IL00074IW020800052,2026-09-25T00:49:52Z,Unknown,0,Unknown,True,False,
2026-09-25T00:50:17Z,IL,IL00064IW013000053,2026-09-25T00:49:52Z,0,0,Unknown,False,False,
2026-09-25T00:50:17Z,IL,IL00080IW011700016,2026-09-25T00:49:52Z,Unknown,39,Unknown,True,False,
2026-09-25T00:50:17Z,IL,IL00057IS007900047,2026-09-25T00:49:52Z,Unknown,0,Unknown,True,False,
2026-09-25T00:50:17Z,IL,IL00055IN010400050,2026-09-25T00:49:52Z,0,0,Unknown,False,False,
2026-09-25T00:50:17Z,IL,IL00055IN019400031,2026-09-25T00:49:52Z,Unknown,36,Unknown,True,False,
2026-09-25T00:50:17Z,IL,IL00057IS033300046,2026-09-25T00:49:52Z,Unknown,0,Unknown,True,False,
2026-09-25T00:50:17Z,IL,IL00039IS008500026,2026-09-25T00:49:52Z,Unknown,42,Unknown,True,False,
2026-09-25T00:50:17Z,IL,IL00072IW015200014,2026-09-25T00:49:52Z,Unknown,17,Unknown,True,False,
2026-09-25T00:50:17Z,IL,IL00057IS026800022,2026-09-25T00:49:52Z,Unknown,27,Unknown,True,False,
2026-09-25T00:50:17Z,IL,IL00057IN022200048,2026-09-25T00:49:52Z,Unknown,0,Unknown,True,False,
2026-09-25T00:50:17Z,IL,IL00055IS006400017,2026-09-25T00:49:52Z,Unknown,0,Unknown,True,False,
2026-09-25T00:50:17Z,IL,IL00070IW008700045,2026-09-25T00:49:10Z,1,15,STEADY,True,True,
2026-09-25T00:50:17Z,IL,IL00057IS016500018,2026-09-25T00:48:29Z,3,15,STEADY,True,True,
2026-09-25T00:50:17Z,IL,IL00074IW011400006,2026-09-25T00:49:12Z,6,18,CLEARING,True,True,
2026-09-25T00:50:17Z,IL,IL00074IE006200001,2026-09-25T00:49:28Z,7,13,CLEARING,True,True,
2026-09-25T00:50:17Z,IL,IL00070IW014900008,2026-09-25T00:50:10Z,Unknown,39,Unknown,True,False,
2026-09-25T00:50:17Z,IL,IL00057IN016500044,2026-09-25T00:48:30Z,0,15,FILLING,False,False,
2026-09-25T00:50:17Z,IL,IL00055IS010400024,2026-09-25T00:48:29Z,Unknown,0,STEADY,,False,
2026-09-25T00:50:17Z,IL,IL00057IS003200025,2026-09-25T00:48:29Z,Unknown,0,STEADY,,False,
2026-09-25T00:50:17Z,IL,IL00057IN003200035,2026-09-25T00:48:30Z,Unknown,17,STEADY,,False,
2026-09-25T00:50:17Z,IN,322,2026-09-24T20:35:00-04:00,73,75,,True,false,
2026-09-25T00:50:17Z,IN,317,2026-09-24T20:35:00-04:00,26,58,,True,true,
2026-09-25T00:50:17Z,IN,316,2026-09-24T20:35:00-04:00,36,58,,True,false,
2026-09-25T00:50:17Z,IN,315,2026-09-24T20:35:00-04:00,Unknown,36,,False,true,
2026-09-25T00:50:17Z,IN,314,2026-09-24T20:35:00-04:00,Unknown,36,,False,true,
2026-09-25T00:50:17Z,IN,313,2026-09-24T20:35:00-04:00,33,75,,True,false,
2026-09-25T00:50:17Z,IN,312,2026-09-24T20:35:00-04:00,49,75,,True,false,
2026-09-25T00:50:17Z,IN,311,2026-09-24T20:35:00-04:00,Unknown,13,,False,true,
2026-09-25T00:50:17Z,IN,310,2026-09-24T20:35:00-04:00,Unknown,13,,False,true,
2026-09-25T00:50:17Z,IN,308,2026-09-24T20:35:00-04:00,31,75,,True,true,
2026-09-25T00:50:17Z,IN,309,2026-09-24T20:35:00-04:00,82,150,,True,true,
2026-09-25T00:50:17Z,IN,318,2026-09-24T20:35:00-04:00,LOW,78,,True,true,
2026-09-25T00:50:17Z,IN,319,2026-09-24T20:35:00-04:00,16,78,,True,true,
2026-09-25T00:50:17Z,IN,320,2026-09-24T20:35:00-04:00,32,83,,True,true,
2026-09-25T00:50:17Z,IN,321,2026-09-24T20:35:00-04:00,21,41,,True,false,
2026-09-25T00:50:17Z,IN,300,2026-09-24T20:35:00-04:00,99,128,,True,false,
2026-09-25T00:50:17Z,IN,302,2026-09-24T20:35:00-04:00,23,30,,True,true,
2026-09-25T00:50:17Z,IN,301,2026-09-24T20:35:00-04:00,LOW,30,,True,true,
2026-09-25T00:50:17Z,IN,303,2026-09-24T20:35:00-04:00,88,194,,True,true,
2026-09-25T00:50:17Z,IN,304,2026-09-24T20:35:00-04:00,Unknown,99,,False,true,
2026-09-25T00:50:17Z,IN,305,2026-09-24T20:35:00-04:00,Unknown,156,,False,true,
2026-09-25T00:50:17Z,IN,323,2026-09-24T20:35:00-04:00,20,40,,True,true,
2026-09-25T00:50:17Z,IN,702,2026-09-24T20:35:00-04:00,38,75,,True,false,
2026-09-25T00:50:17Z,IN,701,2026-09-24T20:35:00-04:00,30,60,,True,false,
2026-09-25T00:50:17Z,IN,704,2026-09-24T20:35:00-04:00,40,80,,True,false,
2026-09-25T00:50:17Z,IN,703,2026-09-24T20:35:00-04:00,55,110,,True,false,
2026-09-25T00:50:17Z,IN,706,2026-09-24T20:35:00-04:00,35,70,,True,false,
2026-09-25T00:50:17Z,IN,705,2026-09-24T20:35:00-04:00,30,60,,True,false,
2026-09-25T00:50:17Z,IN,708,2026-09-24T20:35:00-04:00,23,45,,True,false,
2026-09-25T00:50:17Z,IN,707,2026-09-24T20:35:00-04:00,20,40,,True,false,
2026-09-25T00:50:17Z,IN,324,2026-09-24T20:35:00-04:00,16,31,,True,true,
2026-09-25T00:50:17Z,KY,KY00065IS0000020N65WELCOM,2026-09-25T00:49:01Z,LOW,21,STEADY,True,True,
2026-09-25T00:50:17Z,KY,KY00065IS000020NSMARATHON,2025-12-19T00:36:53Z,LOW,60,STEADY,True,False,
2026-09-25T00:50:17Z,KY,KY00065IS0000340NWEIGHS34,2026-07-01T19:04:41Z,15,40,STEADY,True,False,
2026-09-25T00:50:17Z,KY,KY00065IS0011400S65SRA114,2026-09-25T00:49:09Z,LOW,26,STEADY,True,True,
2026-09-25T00:50:17Z,KY,KY00065IS0005900S65SRA059,2026-09-25T00:49:08Z,70,109,STEADY,True,True,
2026-09-25T00:50:17Z,KY,KY00065IS0005900N65NRA059,2026-08-17T17:24:33Z,LOW,113,STEADY,True,False,
2026-09-25T00:50:17Z,KY,KY00075IS0003300NWEIGHS33,2026-09-25T00:49:16Z,50,50,STEADY,True,False,
2026-09-25T00:50:17Z,KY,KY00075IS0003400SWEIGHS34,2026-09-25T00:49:19Z,LOW,40,STEADY,True,True,
2026-09-25T00:50:17Z,KY,KY00075IS0017700N75NRA177,2026-07-13T10:37:14Z,LOW,53,CLEARING,True,False,
2026-09-25T00:50:17Z,KY,KY00075IS0007500SWALTONWS,2026-09-25T00:48:56Z,LOW,45,STEADY,True,True,
2026-09-25T00:50:17Z,KY,KY00075IS0017700S75SRA177,2026-09-25T00:49:18Z,37,67,FILLING,True,True,
2026-09-25T00:50:17Z,KY,KY00075IS0016800SCRITENWS,2026-09-25T00:48:52Z,26,39,FILLING,True,True,
2026-09-25T00:50:17Z,KY,KY00075IS0000100N75WELCOM,2026-09-25T00:49:10Z,LOW,30,STEADY,True,False,
2026-09-25T01:05:17Z,IL,IL00057IS033300046,2026-09-25T01:05:05Z,Unknown,0,Unknown,True,False,
2026-09-25T01:05:17Z,IL,IL00064IE008500039,2026-09-25T01:05:05Z,Unknown,0,Unknown,True,False,
2026-09-25T01:05:17Z,IL,IL00055IN002700029,2026-09-25T01:05:05Z,Unknown,0,Unknown,True,False,
2026-09-25T01:05:17Z,IL,IL00072IW015200014,2026-09-25T01:05:05Z,Unknown,17,Unknown,True,False,
2026-09-25T01:05:17Z,IL,IL00055IN006400027,2026-09-25T01:05:05Z,Unknown,0,Unknown,True,False,
2026-09-25T01:05:17Z,IL,IL00057IN026800032,2026-09-25T01:05:05Z,Unknown,25,Unknown,True,False,
2026-09-25T01:05:17Z,IL,IL00055IN014900028,2026-09-25T01:05:05Z,Unknown,0,Unknown,True,False,
2026-09-25T01:05:17Z,IL,IL00057IS011400023,2026-09-25T01:05:05Z,Unknown,0,Unknown,True,False,
2026-09-25T01:05:17Z,IL,IL00080IE005100040,2026-09-25T01:05:06Z,Unknown,39,Unknown,True,False,
2026-09-25T01:05:17Z,IL,IL00055IN010400050,2026-09-25T01:05:06Z,0,0,Unknown,False,False,
2026-09-25T01:05:17Z,IL,IL00064IW013000053,2026-09-25T01:05:06Z,0,0,Unknown,False,False,
2026-09-25T01:05:17Z,IL,IL00080IE011700043,2026-09-25T01:05:06Z,Unknown,31,Unknown,True,False,
2026-09-25T01:05:17Z,IL,IL00064IW002500011,2026-09-25T01:05:06Z,Unknown,0,Unknown,True,False,
2026-09-25T01:05:17Z,IL,IL00055IS002700019,2026-09-25T01:05:06Z,Unknown,0,Unknown,True,False,
2026-09-25T01:05:17Z,IL,IL00057IN011400033,2026-09-25T01:05:06Z,Unknown,0,Unknown,True,False,
2026-09-25T01:05:17Z,IL,IL00057IS007900047,2026-09-25T01:05:06Z,Unknown,0,Unknown,True,False,
2026-09-25T01:05:17Z,IL,IL00039IS008500026,2026-09-25T01:05:06Z,Unknown,42,Unknown,True,False,
2026-09-25T01:05:17Z,IL,IL00057IS022200054,2026-09-25T01:05:06Z,Unknown,0,Unknown,True,False,
2026-09-25T01:05:17Z,IL,IL00074IE002800030,2026-09-25T01:05:06Z,Unknown,14,Unknown,True,False,
2026-09-25T01:05:17Z,IL,IL00057IN007900034,2026-09-25T01:05:06Z,Unknown,0,Unknown,True,False,
2026-09-25T01:05:17Z,IL,IL00064IE002500038,2026-09-25T01:05:06Z,0,0,Unknown,False,False,
2026-09-25T01:05:17Z,IL,IL00070IE008600051,2026-09-25T01:05:06Z,0,0,Unknown,False,False,
2026-09-25T01:05:17Z,IL,IL00080IW005100013,2026-09-25T01:05:06Z,Unknown,47,Unknown,True,False,
2026-09-25T01:05:17Z,IL,IL00080IW011700016,2026-09-25T01:05:06Z,Unknown,39,Unknown,True,False,
2026-09-25T01:05:17Z,IL,IL00055IS019400021,2026-09-25T01:05:06Z,Unknown,29,Unknown,True,False,
2026-09-25T01:05:17Z,IL,IL00057IN022200048,2026-09-25T01:05:06Z,Unknown,0,Unknown,True,False,
2026-09-25T01:05:17Z,IL,IL00074IW020800052,2026-09-25T01:05:06Z,Unknown,0,Unknown,True,False,
2026-09-25T01:05:17Z,IL,IL00074IW002800020,2026-09-25T01:05:06Z,Unknown,15,Unknown,True,False,
2026-09-25T01:05:17Z,IL,IL00039IN008500036,2026-09-25T01:05:06Z,Unknown,42,Unknown,True,False,
2026-09-25T01:05:17Z,IL,IL00070IE002700042,2026-09-25T01:05:06Z,Unknown,0,Unknown,True,False,
2026-09-25T01:05:17Z,IL,IL00024IW003700010,2026-09-25T01:05:06Z,Unknown,0,Unknown,True,False,
2026-09-25T01:05:17Z,IL,IL00064IW008500012,2026-09-25T01:05:06Z,Unknown,0,Unknown,True,False,
2026-09-25T01:05:17Z,IL,IL00070IW002700015,2026-09-25T01:05:07Z,Unknown,0,Unknown,True,False,
2026-09-25T01:05:17Z,IL,IL00074IE015600037,2026-09-25T01:05:07Z,0,0,Unknown,False,False,
2026-09-25T01:05:17Z,IL,IL00074IW015600009,2026-09-25T01:05:07Z,0,0,Unknown,False,False,
2026-09-25T01:05:17Z,IL,IL00072IE015200041,2026-09-25T01:04:30Z,10,16,CLEARING,True,True,
2026-09-25T01:05:17Z,IL,IL00055IN019400031,2026-09-25T01:05:07Z,Unknown,36,Unknown,True,False,
2026-09-25T01:05:17Z,IL,IL00057IN033300049,2026-09-25T01:05:07Z,Unknown,0,Unknown,True,False,
2026-09-25T01:05:17Z,IL,IL00057IS026800022,2026-09-25T01:05:07Z,Unknown,27,Unknown,True,False,
2026-09-25T01:05:17Z,IL,IL00074IW006200004,2026-09-25T01:04:31Z,5,12,FILLING,True,True,
2026-09-25T01:05:17Z,IL,IL00074IE011400005,2026-09-25T01:04:33Z,9,25,STEADY,True,True,
2026-09-25T01:05:17Z,IL,IL00055IS006400017,2026-09-25T01:05:07Z,Unknown,0,Unknown,True,False,
2026-09-25T01:05:17Z,IL,IL00070IW008700045,2026-09-25T01:00:46Z,1,15,STEADY,True,True,
2026-09-25T01:05:17Z,IL,IL00057IS016500018,2026-09-25T01:01:32Z,3,15,CLEARING,True,True,
2026-09-25T01:05:17Z,IL,IL00074IW011400006,2026-09-25T01:04:35Z,3,18,FILLING,True,True,
2026-09-25T01:05:17Z,IL,IL00074IE006200001,2026-09-25T01:04:36Z,7,13,STEADY,True,True,
2026-09-25T01:05:17Z,IL,IL00070IW014900008,2026-09-25T01:04:08Z,Unknown,39,Unknown,True,False,
2026-09-25T01:05:17Z,IL,IL00057IN016500044,2026-09-25T01:04:43Z,0,15,FILLING,False,False,
2026-09-25T01:05:17Z,IL,IL00055IS010400024,2026-09-25T01:00:21Z,Unknown,0,STEADY,,False,
2026-09-25T01:05:17Z,IL,IL00057IS003200025,2026-09-25T01:00:21Z,Unknown,0,STEADY,,False,
2026-09-25T01:05:17Z,IL,IL00057IN003200035,2026-09-25T01:00:22Z,Unknown,17,STEADY,,False,
2026-09-25T01:05:17Z,IN,322,2026-09-24T20:50:00-04:00,75,75,,True,false,
2026-09-25T01:05:17Z,IN,317,2026-09-24T20:50:00-04:00,26,58,,True,true,
2026-09-25T01:05:17Z,IN,316,2026-09-24T20:50:00-04:00,26,58,,True,false,
2026-09-25T01:05:17Z,IN,315,2026-09-24T20:50:00-04:00,Unknown,36,,False,true,
2026-09-25T01:05:17Z,IN,314,2026-09-24T20:50:00-04:00,Unknown,36,,False,true,
2026-09-25T01:05:17Z,IN,313,2026-09-24T20:50:00-04:00,37,75,,True,false,
2026-09-25T01:05:17Z,IN,312,2026-09-24T20:50:00-04:00,35,75,,True,false,
2026-09-25T01:05:17Z,IN,311,2026-09-24T20:50:00-04:00,Unknown,13,,False,true,
2026-09-25T01:05:17Z,IN,310,2026-09-24T20:50:00-04:00,Unknown,13,,False,true,
2026-09-25T01:05:17Z,IN,308,2026-09-24T20:50:00-04:00,27,75,,True,true,
2026-09-25T01:05:17Z,IN,309,2026-09-24T20:50:00-04:00,80,150,,True,true,
2026-09-25T01:05:17Z,IN,318,2026-09-24T20:50:00-04:00,LOW,78,,True,true,
2026-09-25T01:05:17Z,IN,319,2026-09-24T20:50:00-04:00,19,78,,True,true,
2026-09-25T01:05:17Z,IN,320,2026-09-24T20:50:00-04:00,32,83,,True,true,
2026-09-25T01:05:17Z,IN,321,2026-09-24T20:50:00-04:00,21,41,,True,false,
2026-09-25T01:05:17Z,IN,300,2026-09-24T20:50:00-04:00,105,128,,True,false,
2026-09-25T01:05:17Z,IN,302,2026-09-24T20:50:00-04:00,25,30,,True,true,
2026-09-25T01:05:17Z,IN,301,2026-09-24T20:50:00-04:00,LOW,30,,True,true,
2026-09-25T01:05:17Z,IN,303,2026-09-24T20:50:00-04:00,80,194,,True,true,
2026-09-25T01:05:17Z,IN,304,2026-09-24T20:50:00-04:00,Unknown,99,,False,true,
2026-09-25T01:05:17Z,IN,305,2026-09-24T20:50:00-04:00,Unknown,156,,False,true,
2026-09-25T01:05:17Z,IN,323,2026-09-24T20:50:00-04:00,20,40,,True,true,
2026-09-25T01:05:17Z,IN,702,2026-09-24T20:50:00-04:00,38,75,,True,false,
2026-09-25T01:05:17Z,IN,701,2026-09-24T20:50:00-04:00,30,60,,True,false,
2026-09-25T01:05:17Z,IN,704,2026-09-24T20:50:00-04:00,40,80,,True,false,
2026-09-25T01:05:17Z,IN,703,2026-09-24T20:50:00-04:00,55,110,,True,false,
2026-09-25T01:05:17Z,IN,706,2026-09-24T20:50:00-04:00,35,70,,True,false,
2026-09-25T01:05:17Z,IN,705,2026-09-24T20:50:00-04:00,30,60,,True,false,
2026-09-25T01:05:17Z,IN,708,2026-09-24T20:50:00-04:00,23,45,,True,false,
2026-09-25T01:05:17Z,IN,707,2026-09-24T20:50:00-04:00,20,40,,True,false,
2026-09-25T01:05:17Z,IN,324,2026-09-24T20:50:00-04:00,16,31,,True,true,
2026-09-25T01:05:17Z,KY,KY00065IS0000020N65WELCOM,2026-09-25T01:04:02Z,LOW,21,STEADY,True,True,
2026-09-25T01:05:17Z,KY,KY00065IS000020NSMARATHON,2025-12-19T00:36:53Z,LOW,60,STEADY,True,False,
2026-09-25T01:05:17Z,KY,KY00065IS0000340NWEIGHS34,2026-07-01T19:04:41Z,15,40,STEADY,True,False,
2026-09-25T01:05:17Z,KY,KY00065IS0011400S65SRA114,2026-09-25T01:04:10Z,LOW,26,STEADY,True,True,
2026-09-25T01:05:17Z,KY,KY00065IS0005900S65SRA059,2026-09-25T01:04:07Z,66,109,FILLING,True,True,
2026-09-25T01:05:17Z,KY,KY00065IS0005900N65NRA059,2026-08-17T17:24:33Z,LOW,113,STEADY,True,False,
2026-09-25T01:05:17Z,KY,KY00075IS0003300NWEIGHS33,2026-09-25T01:04:16Z,50,50,STEADY,True,False,
2026-09-25T01:05:17Z,KY,KY00075IS0003400SWEIGHS34,2026-09-25T01:04:19Z,LOW,40,STEADY,True,True,
2026-09-25T01:05:17Z,KY,KY00075IS0017700N75NRA177,2026-07-13T10:37:14Z,LOW,53,CLEARING,True,False,
2026-09-25T01:05:17Z,KY,KY00075IS0007500SWALTONWS,2026-09-25T01:03:56Z,LOW,45,STEADY,True,True,
2026-09-25T01:05:17Z,KY,KY00075IS0017700S75SRA177,2026-09-25T01:04:18Z,34,67,STEADY,True,True,
2026-09-25T01:05:17Z,KY,KY00075IS0016800SCRITENWS,2026-09-25T01:03:52Z,24,39,FILLING,True,True,
2026-09-25T01:05:17Z,KY,KY00075IS0000100N75WELCOM,2026-09-25T01:04:11Z,LOW,30,STEADY,True,False,
2026-09-25T01:20:17Z,IL,IL00057IN011400033,2026-09-25T01:20:12Z,Unknown,0,Unknown,True,False,
2026-09-25T01:20:17Z,IL,IL00080IE005100040,2026-09-25T01:20:11Z,Unknown,39,Unknown,True,False,
2026-09-25T01:20:17Z,IL,IL00024IW003700010,2026-09-25T01:20:12Z,Unknown,0,Unknown,True,False,
2026-09-25T01:20:17Z,IL,IL00074IW015600009,2026-09-25T01:20:12Z,0,0,Unknown,False,False,
2026-09-25T01:20:17Z,IL,IL00055IN019400031,2026-09-25T01:20:12Z,Unknown,36,Unknown,True,False,
2026-09-25T01:20:17Z,IL,IL00055IN002700029,2026-09-25T01:20:12Z,Unknown,0,Unknown,True,False,
2026-09-25T01:20:17Z,IL,IL00074IE015600037,2026-09-25T01:20:13Z,0,0,Unknown,False,False,
2026-09-25T01:20:17Z,IL,IL00057IN033300049,2026-09-25T01:20:13Z,Unknown,0,Unknown,True,False,
2026-09-25T01:20:17Z,IL,IL00080IW011700016,2026-09-25T01:20:13Z,Unknown,39,Unknown,True,False,
2026-09-25T01:20:17Z,IL,IL00070IW002700015,2026-09-25T01:20:13Z,Unknown,0,Unknown,True,False,
2026-09-25T01:20:17Z,IL,IL00039IS008500026,2026-09-25T01:20:13Z,Unknown,42,Unknown,True,False,
2026-09-25T01:20:17Z,IL,IL00074IW020800052,2026-09-25T01:20:13Z,Unknown,0,Unknown,True,False,
2026-09-25T01:20:17Z,IL,IL00055IN006400027,2026-09-25T01:20:13Z,Unknown,0,Unknown,True,False,
2026-09-25T01:20:17Z,IL,IL00057IS026800022,2026-09-25T01:20:13Z,Unknown,27,Unknown,True,False,
2026-09-25T01:20:17Z,IL,IL00080IW005100013,2026-09-25T01:20:13Z,Unknown,47,Unknown,True,False,
2026-09-25T01:20:17Z,IL,IL00057IN007900034,2026-09-25T01:20:13Z,Unknown,0,Unknown,True,False,
2026-09-25T01:20:17Z,IL,IL00072IW015200014,2026-09-25T01:20:13Z,Unknown,17,Unknown,True,False,
2026-09-25T01:20:17Z,IL,IL00064IW002500011,2026-09-25T01:20:13Z,Unknown,0,Unknown,True,False,
2026-09-25T01:20:17Z,IL,IL00055IN014900028,2026-09-25T01:20:12Z,Unknown,0,Unknown,True,False,
2026-09-25T01:20:17Z,IL,IL00055IS019400021,2026-09-25T01:20:12Z,Unknown,29,Unknown,True,False,
2026-09-25T01:20:17Z,IL,IL00064IE008500039,2026-09-25T01:20:13Z,Unknown,0,Unknown,True,False,
2026-09-25T01:20:17Z,IL,IL00074IE002800030,2026-09-25T01:20:12Z,Unknown,14,Unknown,True,False,
2026-09-25T01:20:17Z,IL,IL00064IW008500012,2026-09-25T01:20:12Z,Unknown,0,Unknown,True,False,
2026-09-25T01:20:17Z,IL,IL00057IS033300046,2026-09-25T01:20:13Z,Unknown,0,Unknown,True,False,
2026-09-25T01:20:17Z,IL,IL00055IS002700019,2026-09-25T01:20:12Z,Unknown,0,Unknown,True,False,
2026-09-25T01:20:17Z,IL,IL00055IN010400050,2026-09-25T01:20:13Z,0,0,Unknown,False,False,
2026-09-25T01:20:17Z,IL,IL00057IS011400023,2026-09-25T01:20:12Z,Unknown,0,Unknown,True,False,
2026-09-25T01:20:17Z,IL,IL00057IS007900047,2026-09-25T01:20:13Z,Unknown,0,Unknown,True,False,
2026-09-25T01:20:17Z,IL,IL00057IS022200054,2026-09-25T01:20:13Z,Unknown,0,Unknown,True,False,
2026-09-25T01:20:17Z,IL,IL00074IW002800020,2026-09-25T01:20:13Z,Unknown,15,Unknown,True,False,
2026-09-25T01:20:17Z,IL,IL00064IW013000053,2026-09-25T01:20:13Z,0,0,Unknown,False,False,
2026-09-25T01:20:17Z,IL,IL00057IN022200048,2026-09-25T01:20:13Z,Unknown,0,Unknown,True,False,
2026-09-25T01:20:17Z,IL,IL00064IE002500038,2026-09-25T01:20:13Z,0,0,Unknown,False,False,
2026-09-25T01:20:17Z,IL,IL00070IE008600051,2026-09-25T01:20:13Z,0,0,Unknown,False,False,
2026-09-25T01:20:17Z,IL,IL00080IE011700043,2026-09-25T01:20:14Z,Unknown,31,Unknown,True,False,
2026-09-25T01:20:17Z,IL,IL00070IE002700042,2026-09-25T01:20:14Z,Unknown,0,Unknown,True,False,
2026-09-25T01:20:17Z,IL,IL00057IN026800032,2026-09-25T01:20:14Z,Unknown,25,Unknown,True,False,
2026-09-25T01:20:17Z,IL,IL00072IE015200041,2026-09-25T01:18:10Z,8,16,FILLING,True,True,
2026-09-25T01:20:17Z,IL,IL00039IN008500036,2026-09-25T01:20:14Z,Unknown,42,Unknown,True,False,
2026-09-25T01:20:17Z,IL,IL00074IW006200004,2026-09-25T01:20:05Z,5,12,STEADY,True,True,
2026-09-25T01:20:17Z,IL,IL00074IE011400005,2026-09-25T01:20:08Z,7,25,FILLING,True,True,
2026-09-25T01:20:17Z,IL,IL00055IS006400017,2026-09-25T01:20:14Z,Unknown,0,Unknown,True,False,
2026-09-25T01:20:17Z,IL,IL00070IW008700045,2026-09-25T01:18:08Z,2,15,CLEARING,True,True,
2026-09-25T01:20:17Z,IL,IL00057IS016500018,2026-09-25T01:18:44Z,4,15,CLEARING,True,True,
2026-09-25T01:20:17Z,IL,IL00074IW011400006,2026-09-25T01:19:40Z,4,18,STEADY,True,True,
2026-09-25T01:20:17Z,IL,IL00074IE006200001,2026-09-25T01:19:41Z,7,13,STEADY,True,True,
2026-09-25T01:20:17Z,IL,IL00070IW014900008,2026-09-25T01:20:00Z,Unknown,39,Unknown,True,False,
2026-09-25T01:20:17Z,IL,IL00057IN016500044,2026-09-25T01:18:09Z,0,15,CLEARING,False,False,
2026-09-25T01:20:17Z,IL,IL00055IS010400024,2026-09-25T01:18:09Z,Unknown,0,STEADY,,False,
2026-09-25T01:20:17Z,IL,IL00057IS003200025,2026-09-25T01:18:09Z,Unknown,0,STEADY,,False,
2026-09-25T01:20:17Z,IL,IL00057IN003200035,2026-09-25T01:18:10Z,Unknown,17,STEADY,,False,
2026-09-25T01:20:17Z,IN,322,2026-09-24T21:05:00-04:00,71,75,,True,false,
2026-09-25T01:20:17Z,IN,317,2026-09-24T21:05:00-04:00,29,58,,True,true,
2026-09-25T01:20:17Z,IN,316,2026-09-24T21:05:00-04:00,19,58,,True,false,
2026-09-25T01:20:17Z,IN,315,2026-09-24T21:05:00-04:00,Unknown,36,,False,true,
2026-09-25T01:20:17Z,IN,314,2026-09-24T21:05:00-04:00,Unknown,36,,False,true,
2026-09-25T01:20:17Z,IN,313,2026-09-24T21:05:00-04:00,37,75,,True,false,
2026-09-25T01:20:17Z,IN,312,2026-09-24T21:05:00-04:00,39,75,,True,false,
2026-09-25T01:20:17Z,IN,311,2026-09-24T21:05:00-04:00,Unknown,13,,False,true,
2026-09-25T01:20:17Z,IN,310,2026-09-24T21:05:00-04:00,Unknown,13,,False,true,
2026-09-25T01:20:17Z,IN,308,2026-09-24T21:05:00-04:00,27,75,,True,true,
2026-09-25T01:20:17Z,IN,309,2026-09-24T21:05:00-04:00,72,150,,True,true,
2026-09-25T01:20:17Z,IN,318,2026-09-24T21:05:00-04:00,LOW,78,,True,true,
2026-09-25T01:20:17Z,IN,319,2026-09-24T21:05:00-04:00,23,78,,True,true,
2026-09-25T01:20:17Z,IN,320,2026-09-24T21:05:00-04:00,33,83,,True,true,
2026-09-25T01:20:17Z,IN,321,2026-09-24T21:05:00-04:00,21,41,,True,false,
2026-09-25T01:20:17Z,IN,300,2026-09-24T21:05:00-04:00,103,128,,True,false,
2026-09-25T01:20:17Z,IN,302,2026-09-24T21:05:00-04:00,25,30,,True,true,
2026-09-25T01:20:17Z,IN,301,2026-09-24T21:05:00-04:00,LOW,30,,True,true,
2026-09-25T01:20:17Z,IN,303,2026-09-24T21:05:00-04:00,73,194,,True,true,
2026-09-25T01:20:17Z,IN,304,2026-09-24T21:05:00-04:00,Unknown,99,,False,true,
2026-09-25T01:20:17Z,IN,305,2026-09-24T21:05:00-04:00,Unknown,156,,False,true,
2026-09-25T01:20:17Z,IN,323,2026-09-24T21:05:00-04:00,20,40,,True,true,
2026-09-25T01:20:17Z,IN,702,2026-09-24T21:05:00-04:00,38,75,,True,false,
2026-09-25T01:20:17Z,IN,701,2026-09-24T21:05:00-04:00,30,60,,True,false,
2026-09-25T01:20:17Z,IN,704,2026-09-24T21:05:00-04:00,40,80,,True,false,
2026-09-25T01:20:17Z,IN,703,2026-09-24T21:05:00-04:00,55,110,,True,false,
2026-09-25T01:20:17Z,IN,706,2026-09-24T21:05:00-04:00,35,70,,True,false,
2026-09-25T01:20:17Z,IN,705,2026-09-24T21:05:00-04:00,30,60,,True,false,
2026-09-25T01:20:17Z,IN,708,2026-09-24T21:05:00-04:00,23,45,,True,false,
2026-09-25T01:20:17Z,IN,707,2026-09-24T21:05:00-04:00,20,40,,True,false,
2026-09-25T01:20:17Z,IN,324,2026-09-24T21:05:00-04:00,16,31,,True,true,
2026-09-25T01:20:17Z,KY,KY00065IS0000020N65WELCOM,2026-09-25T01:19:02Z,LOW,21,STEADY,True,True,
2026-09-25T01:20:17Z,KY,KY00065IS000020NSMARATHON,2025-12-19T00:36:53Z,LOW,60,STEADY,True,False,
2026-09-25T01:20:17Z,KY,KY00065IS0000340NWEIGHS34,2026-07-01T19:04:41Z,15,40,STEADY,True,False,
2026-09-25T01:20:17Z,KY,KY00065IS0011400S65SRA114,2026-09-25T01:19:10Z,LOW,26,STEADY,True,True,
2026-09-25T01:20:17Z,KY,KY00065IS0005900S65SRA059,2026-09-25T01:19:08Z,58,109,FILLING,True,True,
2026-09-25T01:20:17Z,KY,KY00065IS0005900N65NRA059,2026-08-17T17:24:33Z,LOW,113,STEADY,True,False,
2026-09-25T01:20:17Z,KY,KY00075IS0003300NWEIGHS33,2026-09-25T01:19:16Z,50,50,STEADY,True,False,
2026-09-25T01:20:17Z,KY,KY00075IS0003400SWEIGHS34,2026-09-25T01:19:20Z,LOW,40,STEADY,True,True,
2026-09-25T01:20:17Z,KY,KY00075IS0017700N75NRA177,2026-07-13T10:37:14Z,LOW,53,CLEARING,True,False,
2026-09-25T01:20:17Z,KY,KY00075IS0007500SWALTONWS,2026-09-25T01:18:56Z,LOW,45,STEADY,True,True,
2026-09-25T01:20:17Z,KY,KY00075IS0017700S75SRA177,2026-09-25T01:19:18Z,37,67,STEADY,True,True,
2026-09-25T01:20:17Z,KY,KY00075IS0016800SCRITENWS,2026-09-25T01:18:51Z,20,39,FILLING,True,True,
2026-09-25T01:20:17Z,KY,KY00075IS0000100N75WELCOM,2026-09-25T01:19:11Z,LOW,30,STEADY,True,False,
2026-09-25T01:35:17Z,IL,IL00070IE008600051,2026-09-25T01:35:07Z,0,0,Unknown,False,False,
2026-09-25T01:35:17Z,IL,IL00080IE011700043,2026-09-25T01:35:07Z,Unknown,31,Unknown,True,False,
2026-09-25T01:35:17Z,IL,IL00074IW002800020,2026-09-25T01:35:07Z,Unknown,15,Unknown,True,False,
2026-09-25T01:35:17Z,IL,IL00072IE015200041,2026-09-25T01:35:00Z,8,16,STEADY,True,True,
2026-09-25T01:35:17Z,IL,IL00039IS008500026,2026-09-25T01:35:07Z,Unknown,42,Unknown,True,False,
2026-09-25T01:35:17Z,IL,IL00055IN014900028,2026-09-25T01:35:07Z,Unknown,0,Unknown,True,False,
2026-09-25T01:35:17Z,IL,IL00064IE008500039,2026-09-25T01:35:07Z,Unknown,0,Unknown,True,False,
2026-09-25T01:35:17Z,IL,IL00074IE011400005,2026-09-25T01:35:10Z,6,25,FILLING,True,True,
2026-09-25T01:35:17Z,IL,IL00057IS033300046,2026-09-25T01:35:07Z,Unknown,0,Unknown,True,False,
2026-09-25T01:35:17Z,IL,IL00070IE002700042,2026-09-25T01:35:07Z,Unknown,0,Unknown,True,False,
2026-09-25T01:35:17Z,IL,IL00074IW020800052,2026-09-25T01:35:07Z,Unknown,0,Unknown,True,False,
2026-09-25T01:35:17Z,IL,IL00080IW011700016,2026-09-25T01:35:07Z,Unknown,39,Unknown,True,False,
2026-09-25T01:35:17Z,IL,IL00057IN011400033,2026-09-25T01:35:10Z,Unknown,0,Unknown,True,False,
2026-09-25T01:35:17Z,IL,IL00064IE002500038,2026-09-25T01:35:10Z,0,0,Unknown,False,False,
2026-09-25T01:35:17Z,IL,IL00057IN022200048,2026-09-25T01:35:10Z,Unknown,0,Unknown,True,False,
2026-09-25T01:35:17Z,IL,IL00055IS002700019,2026-09-25T01:35:10Z,Unknown,0,Unknown,True,False,
2026-09-25T01:35:17Z,IL,IL00057IN007900034,2026-09-25T01:35:10Z,Unknown,0,Unknown,True,False,
2026-09-25T01:35:17Z,IL,IL00024IW003700010,2026-09-25T01:35:10Z,Unknown,0,Unknown,True,False,
2026-09-25T01:35:17Z,IL,IL00055IN002700029,2026-09-25T01:35:10Z,Unknown,0,Unknown,True,False,
2026-09-25T01:35:17Z,IL,IL00064IW008500012,2026-09-25T01:35:11Z,Unknown,0,Unknown,True,False,
2026-09-25T01:35:17Z,IL,IL00070IW002700015,2026-09-25T01:35:11Z,Unknown,0,Unknown,True,False,
2026-09-25T01:35:17Z,IL,IL00057IS022200054,2026-09-25T01:35:11Z,Unknown,0,Unknown,True,False,
2026-09-25T01:35:17Z,IL,IL00074IE002800030,2026-09-25T01:35:11Z,Unknown,14,Unknown,True,False,
2026-09-25T01:35:17Z,IL,IL00064IW013000053,2026-09-25T01:35:11Z,0,0,Unknown,False,False,
2026-09-25T01:35:17Z,IL,IL00057IS026800022,2026-09-25T01:35:11Z,Unknown,27,Unknown,True,False,
2026-09-25T01:35:17Z,IL,IL00057IS011400023,2026-09-25T01:35:11Z,Unknown,0,Unknown,True,False,
2026-09-25T01:35:17Z,IL,IL00080IW005100013,2026-09-25T01:35:11Z,Unknown,47,Unknown,True,False,
2026-09-25T01:35:17Z,IL,IL00057IN033300049,2026-09-25T01:35:11Z,Unknown,0,Unknown,True,False,
2026-09-25T01:35:17Z,IL,IL00072IW015200014,2026-09-25T01:35:11Z,Unknown,17,Unknown,True,False,
2026-09-25T01:35:17Z,IL,IL00055IN006400027,2026-09-25T01:35:11Z,Unknown,0,Unknown,True,False,
2026-09-25T01:35:17Z,IL,IL00055IN019400031,2026-09-25T01:35:11Z,Unknown,36,Unknown,True,False,
2026-09-25T01:35:17Z,IL,IL00074IW006200004,2026-09-25T01:35:02Z,4,12,FILLING,True,True,
2026-09-25T01:35:17Z,IL,IL00057IS007900047,2026-09-25T01:35:11Z,Unknown,0,Unknown,True,False,
2026-09-25T01:35:17Z,IL,IL00080IE005100040,2026-09-25T01:35:11Z,Unknown,39,Unknown,True,False,
2026-09-25T01:35:17Z,IL,IL00074IW015600009,2026-09-25T01:35:11Z,0,0,Unknown,False,False,
2026-09-25T01:35:17Z,IL,IL00064IW002500011,2026-09-25T01:35:11Z,Unknown,0,Unknown,True,False,
2026-09-25T01:35:17Z,IL,IL00055IS019400021,2026-09-25T01:35:11Z,Unknown,29,Unknown,True,False,
2026-09-25T01:35:17Z,IL,IL00055IN010400050,2026-09-25T01:35:11Z,0,0,Unknown,False,False,
2026-09-25T01:35:17Z,IL,IL00039IN008500036,2026-09-25T01:35:11Z,Unknown,42,Unknown,True,False,
2026-09-25T01:35:17Z,IL,IL00057IN026800032,2026-09-25T01:35:11Z,Unknown,25,Unknown,True,False,
2026-09-25T01:35:17Z,IL,IL00074IE015600037,2026-09-25T01:35:11Z,0,0,Unknown,False,False,
2026-09-25T01:35:17Z,IL,IL00055IS006400017,2026-09-25T01:35:11Z,Unknown,0,Unknown,True,False,
2026-09-25T01:35:17Z,IL,IL00070IW008700045,2026-09-25T01:34:57Z,2,15,STEADY,True,True,
2026-09-25T01:35:17Z,IL,IL00057IS016500018,2026-09-25T01:34:57Z,3,15,FILLING,True,True,
2026-09-25T01:35:17Z,IL,IL00074IW011400006,2026-09-25T01:35:13Z,3,18,FILLING,True,True,
2026-09-25T01:35:17Z,IL,IL00074IE006200001,2026-09-25T01:35:14Z,7,13,STEADY,True,True,
2026-09-25T01:35:17Z,IL,IL00070IW014900008,2026-09-25T01:34:35Z,Unknown,39,Unknown,True,False,
2026-09-25T01:35:17Z,IL,IL00057IN016500044,2026-09-25T01:34:57Z,0,15,STEADY,False,False,
2026-09-25T01:35:17Z,IL,IL00055IS010400024,2026-09-25T01:34:57Z,Unknown,0,STEADY,,False,
2026-09-25T01:35:17Z,IL,IL00057IS003200025,2026-09-25T01:34:57Z,Unknown,0,STEADY,,False,
2026-09-25T01:35:17Z,IL,IL00057IN003200035,2026-09-25T01:34:58Z,Unknown,17,STEADY,,False,
2026-09-25T01:35:17Z,IN,322,2026-09-24T21:20:00-04:00,70,75,,True,false,
2026-09-25T01:35:17Z,IN,317,2026-09-24T21:20:00-04:00,27,58,,True,true,
2026-09-25T01:35:17Z,IN,316,2026-09-24T21:20:00-04:00,20,58,,True,false,
2026-09-25T01:35:17Z,IN,315,2026-09-24T21:20:00-04:00,Unknown,36,,False,true,
2026-09-25T01:35:17Z,IN,314,2026-09-24T21:20:00-04:00,Unknown,36,,False,true,
2026-09-25T01:35:17Z,IN,313,2026-09-24T21:20:00-04:00,33,75,,True,false,
2026-09-25T01:35:17Z,IN,312,2026-09-24T21:20:00-04:00,42,75,,True,false,
2026-09-25T01:35:17Z,IN,311,2026-09-24T21:20:00-04:00,Unknown,13,,False,true,
2026-09-25T01:35:17Z,IN,310,2026-09-24T21:20:00-04:00,Unknown,13,,False,true,
2026-09-25T01:35:17Z,IN,308,2026-09-24T21:20:00-04:00,30,75,,True,true,
2026-09-25T01:35:17Z,IN,309,2026-09-24T21:20:00-04:00,56,150,,True,true,
2026-09-25T01:35:17Z,IN,318,2026-09-24T21:20:00-04:00,LOW,78,,True,true,
2026-09-25T01:35:17Z,IN,319,2026-09-24T21:20:00-04:00,26,78,,True,true,
2026-09-25T01:35:17Z,IN,320,2026-09-24T21:20:00-04:00,30,83,,True,true,
2026-09-25T01:35:17Z,IN,321,2026-09-24T21:20:00-04:00,21,41,,True,false,
2026-09-25T01:35:17Z,IN,300,2026-09-24T21:20:00-04:00,106,128,,True,false,
2026-09-25T01:35:17Z,IN,302,2026-09-24T21:20:00-04:00,27,30,,True,true,
2026-09-25T01:35:17Z,IN,301,2026-09-24T21:20:00-04:00,LOW,30,,True,true,
2026-09-25T01:35:17Z,IN,303,2026-09-24T21:20:00-04:00,70,194,,True,true,
2026-09-25T01:35:17Z,IN,304,2026-09-24T21:20:00-04:00,Unknown,99,,False,true,
2026-09-25T01:35:17Z,IN,305,2026-09-24T21:20:00-04:00,Unknown,156,,False,true,
2026-09-25T01:35:17Z,IN,323,2026-09-24T21:20:00-04:00,20,40,,True,true,
2026-09-25T01:35:17Z,IN,702,2026-09-24T21:20:00-04:00,38,75,,True,false,
2026-09-25T01:35:17Z,IN,701,2026-09-24T21:20:00-04:00,30,60,,True,false,
2026-09-25T01:35:17Z,IN,704,2026-09-24T21:20:00-04:00,40,80,,True,false,
2026-09-25T01:35:17Z,IN,703,2026-09-24T21:20:00-04:00,55,110,,True,false,
2026-09-25T01:35:17Z,IN,706,2026-09-24T21:20:00-04:00,35,70,,True,false,
2026-09-25T01:35:17Z,IN,705,2026-09-24T21:20:00-04:00,30,60,,True,false,
2026-09-25T01:35:17Z,IN,708,2026-09-24T21:20:00-04:00,23,45,,True,false,
2026-09-25T01:35:17Z,IN,707,2026-09-24T21:20:00-04:00,20,40,,True,false,
2026-09-25T01:35:17Z,IN,324,2026-09-24T21:20:00-04:00,16,31,,True,true,
2026-09-25T01:35:17Z,KY,KY00065IS0000020N65WELCOM,2026-09-25T01:34:02Z,LOW,21,STEADY,True,True,
2026-09-25T01:35:17Z,KY,KY00065IS000020NSMARATHON,2025-12-19T00:36:53Z,16,60,STEADY,True,False,
2026-09-25T01:35:17Z,KY,KY00065IS0000340NWEIGHS34,2026-07-01T19:04:41Z,35,40,STEADY,True,False,
2026-09-25T01:35:17Z,KY,KY00065IS0011400S65SRA114,2026-09-25T01:34:10Z,LOW,26,STEADY,True,True,
2026-09-25T01:35:17Z,KY,KY00065IS0005900S65SRA059,2026-09-25T01:34:07Z,21,109,FILLING,True,True,
2026-09-25T01:35:17Z,KY,KY00065IS0005900N65NRA059,2026-08-17T17:24:33Z,23,113,STEADY,True,False,
2026-09-25T01:35:17Z,KY,KY00075IS0003300NWEIGHS33,2026-09-25T01:34:16Z,22,50,FILLING,True,False,
2026-09-25T01:35:17Z,KY,KY00075IS0003400SWEIGHS34,2026-09-25T01:34:19Z,LOW,40,STEADY,True,True,
2026-09-25T01:35:17Z,KY,KY00075IS0017700N75NRA177,2026-07-13T10:37:14Z,LOW,53,CLEARING,True,False,
2026-09-25T01:35:17Z,KY,KY00075IS0007500SWALTONWS,2026-09-25T01:33:56Z,20,45,STEADY,True,True,
2026-09-25T01:35:17Z,KY,KY00075IS0017700S75SRA177,2026-09-25T01:34:18Z,LOW,67,FILLING,True,True,
2026-09-25T01:35:17Z,KY,KY00075IS0016800SCRITENWS,2026-09-25T01:33:52Z,19,39,FILLING,True,True,
2026-09-25T01:35:17Z,KY,KY00075IS0000100N75WELCOM,2026-09-25T01:34:11Z,LOW,30,STEADY,True,False,
2026-09-25T01:50:17Z,IL,IL00072IE015200041,2026-09-25T01:46:22Z,7,16,FILLING,True,True,
2026-09-25T01:50:17Z,IL,IL00074IE011400005,2026-09-25T01:50:05Z,6,25,FILLING,True,True,
2026-09-25T01:50:17Z,IL,IL00074IE002800030,2026-09-25T01:50:05Z,Unknown,14,Unknown,True,False,
2026-09-25T01:50:17Z,IL,IL00039IS008500026,2026-09-25T01:50:05Z,Unknown,42,Unknown,True,False,
2026-09-25T01:50:17Z,IL,IL00074IW020800052,2026-09-25T01:50:05Z,Unknown,0,Unknown,True,False,
2026-09-25T01:50:17Z,IL,IL00080IE005100040,2026-09-25T01:50:05Z,Unknown,39,Unknown,True,False,
2026-09-25T01:50:17Z,IL,IL00057IS022200054,2026-09-25T01:50:05Z,Unknown,0,Unknown,True,False,
2026-09-25T01:50:17Z,IL,IL00055IN014900028,2026-09-25T01:50:05Z,Unknown,0,Unknown,True,False,
2026-09-25T01:50:17Z,IL,IL00039IN008500036,2026-09-25T01:50:05Z,Unknown,42,Unknown,True,False,
2026-09-25T01:50:17Z,IL,IL00064IW013000053,2026-09-25T01:50:05Z,0,0,Unknown,False,False,
2026-09-25T01:50:17Z,IL,IL00055IN010400050,2026-09-25T01:50:05Z,0,0,Unknown,False,False,
2026-09-25T01:50:17Z,IL,IL00057IS011400023,2026-09-25T01:50:05Z,Unknown,0,Unknown,True,False,
2026-09-25T01:50:17Z,IL,IL00057IS026800022,2026-09-25T01:50:05Z,Unknown,27,Unknown,True,False,
2026-09-25T01:50:17Z,IL,IL00070IE008600051,2026-09-25T01:50:05Z,0,0,Unknown,False,False,
2026-09-25T01:50:17Z,IL,IL00064IW002500011,2026-09-25T01:50:06Z,Unknown,0,Unknown,True,False,
2026-09-25T01:50:17Z,IL,IL00057IN033300049,2026-09-25T01:50:06Z,Unknown,0,Unknown,True,False,
2026-09-25T01:50:17Z,IL,IL00057IS007900047,2026-09-25T01:50:06Z,Unknown,0,Unknown,True,False,
2026-09-25T01:50:17Z,IL,IL00057IS033300046,2026-09-25T01:50:06Z,Unknown,0,Unknown,True,False,
2026-09-25T01:50:17Z,IL,IL00024IW003700010,2026-09-25T01:50:06Z,Unknown,0,Unknown,True,False,
2026-09-25T01:50:17Z,IL,IL00064IW008500012,2026-09-25T01:50:06Z,Unknown,0,Unknown,True,False,
2026-09-25T01:50:17Z,IL,IL00080IW005100013,2026-09-25T01:50:06Z,Unknown,47,Unknown,True,False,
2026-09-25T01:50:17Z,IL,IL00072IW015200014,2026-09-25T01:50:06Z,Unknown,17,Unknown,True,False,
2026-09-25T01:50:17Z,IL,IL00057IN007900034,2026-09-25T01:50:06Z,Unknown,0,Unknown,True,False,
2026-09-25T01:50:17Z,IL,IL00070IW002700015,2026-09-25T01:50:06Z,Unknown,0,Unknown,True,False,
2026-09-25T01:50:17Z,IL,IL00055IN006400027,2026-09-25T01:50:06Z,Unknown,0,Unknown,True,False,
2026-09-25T01:50:17Z,IL,IL00064IE008500039,2026-09-25T01:50:06Z,Unknown,0,Unknown,True,False,
2026-09-25T01:50:17Z,IL,IL00074IW015600009,2026-09-25T01:50:06Z,0,0,Unknown,False,False,
2026-09-25T01:50:17Z,IL,IL00074IW006200004,2026-09-25T01:50:07Z,5,12,CLEARING,True,True,
2026-09-25T01:50:17Z,IL,IL00064IE002500038,2026-09-25T01:50:05Z,0,0,Unknown,False,False,
2026-09-25T01:50:17Z,IL,IL00057IN011400033,2026-09-25T01:50:05Z,Unknown,0,Unknown,True,False,
2026-09-25T01:50:17Z,IL,IL00057IN026800032,2026-09-25T01:50:05Z,Unknown,25,Unknown,True,False,
2026-09-25T01:50:17Z,IL,IL00070IE002700042,2026-09-25T01:50:05Z,Unknown,0,Unknown,True,False,
2026-09-25T01:50:17Z,IL,IL00055IN019400031,2026-09-25T01:50:05Z,Unknown,36,Unknown,True,False,
2026-09-25T01:50:17Z,IL,IL00057IN022200048,2026-09-25T01:50:06Z,Unknown,0,Unknown,True,False,
2026-09-25T01:50:17Z,IL,IL00080IE011700043,2026-09-25T01:50:06Z,Unknown,31,Unknown,True,False,
2026-09-25T01:50:17Z,IL,IL00080IW011700016,2026-09-25T01:50:06Z,Unknown,39,Unknown,True,False,
2026-09-25T01:50:17Z,IL,IL00055IS002700019,2026-09-25T01:50:06Z,Unknown,0,Unknown,True,False,
2026-09-25T01:50:17Z,IL,IL00074IW002800020,2026-09-25T01:50:06Z,Unknown,15,Unknown,True,False,
2026-09-25T01:50:17Z,IL,IL00055IS019400021,2026-09-25T01:50:06Z,Unknown,29,Unknown,True,False,
2026-09-25T01:50:17Z,IL,IL00055IN002700029,2026-09-25T01:50:06Z,Unknown,0,Unknown,True,False,
2026-09-25T01:50:17Z,IL,IL00074IE015600037,2026-09-25T01:50:07Z,0,0,Unknown,False,False,
2026-09-25T01:50:17Z,IL,IL00055IS006400017,2026-09-25T01:50:07Z,Unknown,0,Unknown,True,False,
2026-09-25T01:50:17Z,IL,IL00070IW008700045,2026-09-25T01:46:48Z,0,15,FILLING,True,True,
2026-09-25T01:50:17Z,IL,IL00057IS016500018,2026-09-25T01:47:21Z,1,15,FILLING,True,True,
2026-09-25T01:50:17Z,IL,IL00074IW011400006,2026-09-25T01:50:09Z,2,18,STEADY,True,True,
2026-09-25T01:50:17Z,IL,IL00074IE006200001,2026-09-25T01:50:10Z,8,13,CLEARING,True,True,
2026-09-25T01:50:17Z,IL,IL00070IW014900008,2026-09-25T01:49:52Z,Unknown,39,Unknown,True,False,
2026-09-25T01:50:17Z,IL,IL00057IN016500044,2026-09-25T01:47:56Z,0,15,STEADY,False,False,
2026-09-25T01:50:17Z,IL,IL00055IS010400024,2026-09-25T01:46:21Z,Unknown,0,STEADY,,False,
2026-09-25T01:50:17Z,IL,IL00057IS003200025,2026-09-25T01:46:21Z,Unknown,0,STEADY,,False,
2026-09-25T01:50:17Z,IL,IL00057IN003200035,2026-09-25T01:46:22Z,Unknown,17,STEADY,,False,
2026-09-25T01:50:17Z,IN,322,2026-09-24T21:35:00-04:00,70,75,,True,false,
2026-09-25T01:50:17Z,IN,317,2026-09-24T21:35:00-04:00,30,58,,True,true,
2026-09-25T01:50:17Z,IN,316,2026-09-24T21:35:00-04:00,15,58,,True,false,
2026-09-25T01:50:17Z,IN,315,2026-09-24T21:35:00-04:00,Unknown,36,,False,true,
2026-09-25T01:50:17Z,IN,314,2026-09-24T21:35:00-04:00,Unknown,36,,False,true,
2026-09-25T01:50:17Z,IN,313,2026-09-24T21:35:00-04:00,33,75,,True,false,
2026-09-25T01:50:17Z,IN,312,2026-09-24T21:35:00-04:00,29,75,,True,false,
2026-09-25T01:50:17Z,IN,311,2026-09-24T21:35:00-04:00,Unknown,13,,False,true,
2026-09-25T01:50:17Z,IN,310,2026-09-24T21:35:00-04:00,Unknown,13,,False,true,
2026-09-25T01:50:17Z,IN,308,2026-09-24T21:35:00-04:00,27,75,,True,true,
2026-09-25T01:50:17Z,IN,309,2026-09-24T21:35:00-04:00,56,150,,True,true,
2026-09-25T01:50:17Z,IN,318,2026-09-24T21:35:00-04:00,LOW,78,,True,true,
2026-09-25T01:50:17Z,IN,319,2026-09-24T21:35:00-04:00,22,78,,True,true,
2026-09-25T01:50:17Z,IN,320,2026-09-24T21:35:00-04:00,26,83,,True,true,
2026-09-25T01:50:17Z,IN,321,2026-09-24T21:35:00-04:00,21,41,,True,false,
2026-09-25T01:50:17Z,IN,300,2026-09-24T21:35:00-04:00,98,128,,True,false,
2026-09-25T01:50:17Z,IN,302,2026-09-24T21:35:00-04:00,30,30,,True,true,
2026-09-25T01:50:17Z,IN,301,2026-09-24T21:35:00-04:00,LOW,30,,True,true,
2026-09-25T01:50:17Z,IN,303,2026-09-24T21:35:00-04:00,65,194,,True,true,
2026-09-25T01:50:17Z,IN,304,2026-09-24T21:35:00-04:00,Unknown,99,,False,true,
2026-09-25T01:50:17Z,IN,305,2026-09-24T21:35:00-04:00,Unknown,156,,False,true,
2026-09-25T01:50:17Z,IN,323,2026-09-24T21:35:00-04:00,20,40,,True,true,
2026-09-25T01:50:17Z,IN,702,2026-09-24T21:35:00-04:00,38,75,,True,false,
2026-09-25T01:50:17Z,IN,701,2026-09-24T21:35:00-04:00,30,60,,True,false,
2026-09-25T01:50:17Z,IN,704,2026-09-24T21:35:00-04:00,40,80,,True,false,
2026-09-25T01:50:17Z,IN,703,2026-09-24T21:35:00-04:00,55,110,,True,false,
2026-09-25T01:50:17Z,IN,706,2026-09-24T21:35:00-04:00,35,70,,True,false,
2026-09-25T01:50:17Z,IN,705,2026-09-24T21:35:00-04:00,30,60,,True,false,
2026-09-25T01:50:17Z,IN,708,2026-09-24T21:35:00-04:00,23,45,,True,false,
2026-09-25T01:50:17Z,IN,707,2026-09-24T21:35:00-04:00,20,40,,True,false,
2026-09-25T01:50:17Z,IN,324,2026-09-24T21:35:00-04:00,16,31,,True,true,
2026-09-25T01:50:17Z,KY,KY00065IS0000020N65WELCOM,2026-09-25T01:49:02Z,8,21,STEADY,True,True,
2026-09-25T01:50:17Z,KY,KY00065IS000020NSMARATHON,2025-12-19T00:36:53Z,16,60,STEADY,True,False,
2026-09-25T01:50:17Z,KY,KY00065IS0000340NWEIGHS34,2026-07-01T19:04:41Z,35,40,STEADY,True,False,
2026-09-25T01:50:17Z,KY,KY00065IS0011400S65SRA114,2026-09-25T01:49:10Z,LOW,26,STEADY,True,True,
2026-09-25T01:50:17Z,KY,KY00065IS0005900S65SRA059,2026-09-25T01:49:08Z,18,109,FILLING,True,True,
2026-09-25T01:50:17Z,KY,KY00065IS0005900N65NRA059,2026-08-17T17:24:33Z,23,113,STEADY,True,False,
2026-09-25T01:50:17Z,KY,KY00075IS0003300NWEIGHS33,2026-09-25T01:49:16Z,22,50,FILLING,True,False,
2026-09-25T01:50:17Z,KY,KY00075IS0003400SWEIGHS34,2026-09-25T01:49:19Z,LOW,40,STEADY,True,True,
2026-09-25T01:50:17Z,KY,KY00075IS0017700N75NRA177,2026-07-13T10:37:14Z,LOW,53,CLEARING,True,False,
2026-09-25T01:50:17Z,KY,KY00075IS0007500SWALTONWS,2026-09-25T01:48:56Z,21,45,STEADY,True,True,
2026-09-25T01:50:17Z,KY,KY00075IS0017700S75SRA177,2026-09-25T01:49:18Z,LOW,67,FILLING,True,True,
2026-09-25T01:50:17Z,KY,KY00075IS0016800SCRITENWS,2026-09-25T01:48:52Z,18,39,FILLING,True,True,
2026-09-25T01:50:17Z,KY,KY00075IS0000100N75WELCOM,2026-09-25T01:49:10Z,LOW,30,STEADY,True,False,
2026-09-25T02:05:17Z,IL,IL00074IW015600009,2026-09-25T02:04:41Z,0,0,Unknown,False,False,
2026-09-25T02:05:17Z,IL,IL00024IW003700010,2026-09-25T02:04:41Z,Unknown,0,Unknown,True,False,
2026-09-25T02:05:17Z,IL,IL00074IW006200004,2026-09-25T02:03:04Z,Unknown,12,Unknown,True,False,
2026-09-25T02:05:17Z,IL,IL00064IW002500011,2026-09-25T02:04:42Z,Unknown,0,Unknown,True,False,
2026-09-25T02:05:17Z,IL,IL00070IW002700015,2026-09-25T02:04:42Z,Unknown,0,Unknown,True,False,
2026-09-25T02:05:17Z,IL,IL00074IE011400005,2026-09-25T02:03:07Z,Unknown,25,Unknown,True,False,
2026-09-25T02:05:17Z,IL,IL00080IE011700043,2026-09-25T02:04:42Z,Unknown,31,Unknown,True,False,
2026-09-25T02:05:17Z,IL,IL00055IS002700019,2026-09-25T02:04:42Z,Unknown,0,Unknown,True,False,
2026-09-25T02:05:17Z,IL,IL00057IN033300049,2026-09-25T02:04:42Z,Unknown,0,Unknown,True,False,
2026-09-25T02:05:17Z,IL,IL00039IN008500036,2026-09-25T02:04:42Z,Unknown,42,Unknown,True,False,
2026-09-25T02:05:17Z,IL,IL00064IW008500012,2026-09-25T02:04:42Z,Unknown,0,Unknown,True,False,
2026-09-25T02:05:17Z,IL,IL00080IW005100013,2026-09-25T02:04:42Z,Unknown,47,Unknown,True,False,
2026-09-25T02:05:17Z,IL,IL00064IW013000053,2026-09-25T02:04:42Z,0,0,Unknown,False,False,
2026-09-25T02:05:17Z,IL,IL00080IW011700016,2026-09-25T02:04:42Z,Unknown,39,Unknown,True,False,
2026-09-25T02:05:17Z,IL,IL00055IN019400031,2026-09-25T02:04:42Z,Unknown,36,Unknown,True,False,
2026-09-25T02:05:17Z,IL,IL00072IW015200014,2026-09-25T02:04:42Z,Unknown,17,Unknown,True,False,
2026-09-25T02:05:17Z,IL,IL00074IW020800052,2026-09-25T02:04:42Z,Unknown,0,Unknown,True,False,
2026-09-25T02:05:17Z,IL,IL00055IS006400017,2026-09-25T02:04:42Z,Unknown,0,Unknown,True,False,
2026-09-25T02:05:17Z,IL,IL00057IS011400023,2026-09-25T02:04:42Z,Unknown,0,Unknown,True,False,
2026-09-25T02:05:17Z,IL,IL00057IS007900047,2026-09-25T02:04:42Z,Unknown,0,Unknown,True,False,
2026-09-25T02:05:17Z,IL,IL00057IS022200054,2026-09-25T02:04:42Z,Unknown,0,Unknown,True,False,
2026-09-25T02:05:17Z,IL,IL00057IN007900034,2026-09-25T02:04:42Z,Unknown,0,Unknown,True,False,
2026-09-25T02:05:17Z,IL,IL00064IE002500038,2026-09-25T02:04:42Z,0,0,Unknown,False,False,
2026-09-25T02:05:17Z,IL,IL00064IE008500039,2026-09-25T02:04:42Z,Unknown,0,Unknown,True,False,
2026-09-25T02:05:17Z,IL,IL00070IE008600051,2026-09-25T02:04:42Z,0,0,Unknown,False,False,
2026-09-25T02:05:17Z,IL,IL00070IE002700042,2026-09-25T02:04:42Z,Unknown,0,Unknown,True,False,
2026-09-25T02:05:17Z,IL,IL00055IS019400021,2026-09-25T02:04:42Z,Unknown,29,Unknown,True,False,
2026-09-25T02:05:17Z,IL,IL00057IS026800022,2026-09-25T02:04:42Z,Unknown,27,Unknown,True,False,
2026-09-25T02:05:17Z,IL,IL00057IS033300046,2026-09-25T02:04:43Z,Unknown,0,Unknown,True,False,
2026-09-25T02:05:17Z,IL,IL00039IS008500026,2026-09-25T02:04:43Z,Unknown,42,Unknown,True,False,
2026-09-25T02:05:17Z,IL,IL00055IN006400027,2026-09-25T02:04:43Z,Unknown,0,Unknown,True,False,
2026-09-25T02:05:17Z,IL,IL00057IN011400033,2026-09-25T02:04:43Z,Unknown,0,Unknown,True,False,
2026-09-25T02:05:17Z,IL,IL00057IN022200048,2026-09-25T02:04:43Z,Unknown,0,Unknown,True,False,
2026-09-25T02:05:17Z,IL,IL00074IE002800030,2026-09-25T02:04:43Z,Unknown,14,Unknown,True,False,
2026-09-25T02:05:17Z,IL,IL00072IE015200041,2026-09-25T02:04:41Z,6,16,STEADY,True,True,
2026-09-25T02:05:17Z,IL,IL00080IE005100040,2026-09-25T02:04:42Z,Unknown,39,Unknown,True,False,
2026-09-25T02:05:17Z,IL,IL00057IN026800032,2026-09-25T02:04:43Z,Unknown,25,Unknown,True,False,
2026-09-25T02:05:17Z,IL,IL00055IN010400050,2026-09-25T02:04:43Z,0,0,Unknown,False,False,
2026-09-25T02:05:17Z,IL,IL00074IE015600037,2026-09-25T02:04:43Z,0,0,Unknown,False,False,
2026-09-25T02:05:17Z,IL,IL00055IN014900028,2026-09-25T02:04:43Z,Unknown,0,Unknown,True,False,
2026-09-25T02:05:17Z,IL,IL00055IN002700029,2026-09-25T02:04:43Z,Unknown,0,Unknown,True,False,
2026-09-25T02:05:17Z,IL,IL00074IW002800020,2026-09-25T02:04:43Z,Unknown,15,Unknown,True,False,
2026-09-25T02:05:17Z,IL,IL00070IW008700045,2026-09-25T02:03:34Z,0,15,STEADY,True,True,
2026-09-25T02:05:17Z,IL,IL00057IS016500018,2026-09-25T02:05:12Z,0,15,FILLING,True,True,
2026-09-25T02:05:17Z,IL,IL00074IW011400006,2026-09-25T02:05:14Z,2,18,FILLING,True,True,
2026-09-25T02:05:17Z,IL,IL00074IE006200001,2026-09-25T02:05:15Z,8,13,STEADY,True,True,
2026-09-25T02:05:17Z,IL,IL00070IW014900008,2026-09-25T02:04:43Z,Unknown,39,Unknown,True,False,
2026-09-25T02:05:17Z,IL,IL00057IN016500044,2026-09-25T02:03:01Z,0,15,STEADY,False,False,
2026-09-25T02:05:17Z,IL,IL00055IS010400024,2026-09-25T02:03:01Z,Unknown,0,STEADY,,False,
2026-09-25T02:05:17Z,IL,IL00057IS003200025,2026-09-25T02:03:01Z,Unknown,0,STEADY,,False,
2026-09-25T02:05:17Z,IL,IL00057IN003200035,2026-09-25T02:03:01Z,Unknown,17,STEADY,,False,
2026-09-25T02:05:17Z,IN,322,2026-09-24T21:50:00-04:00,66,75,,True,false,
2026-09-25T02:05:17Z,IN,317,2026-09-24T21:50:00-04:00,30,58,,True,true,
2026-09-25T02:05:17Z,IN,316,2026-09-24T21:50:00-04:00,7,58,,True,false,
2026-09-25T02:05:17Z,IN,315,2026-09-24T21:50:00-04:00,Unknown,36,,False,true,
2026-09-25T02:05:17Z,IN,314,2026-09-24T21:50:00-04:00,Unknown,36,,False,true,
2026-09-25T02:05:17Z,IN,313,2026-09-24T21:50:00-04:00,41,75,,True,false,
2026-09-25T02:05:17Z,IN,312,2026-09-24T21:50:00-04:00,35,75,,True,false,
2026-09-25T02:05:17Z,IN,311,2026-09-24T21:50:00-04:00,Unknown,13,,False,true,
2026-09-25T02:05:17Z,IN,310,2026-09-24T21:50:00-04:00,Unknown,13,,False,true,
2026-09-25T02:05:17Z,IN,308,2026-09-24T21:50:00-04:00,21,75,,True,true,
2026-09-25T02:05:17Z,IN,309,2026-09-24T21:50:00-04:00,47,150,,True,true,
2026-09-25T02:05:17Z,IN,318,2026-09-24T21:50:00-04:00,LOW,78,,True,true,
2026-09-25T02:05:17Z,IN,319,2026-09-24T21:50:00-04:00,23,78,,True,true,
2026-09-25T02:05:17Z,IN,320,2026-09-24T21:50:00-04:00,25,83,,True,true,
2026-09-25T02:05:17Z,IN,321,2026-09-24T21:50:00-04:00,21,41,,True,false,
2026-09-25T02:05:17Z,IN,300,2026-09-24T21:50:00-04:00,80,128,,True,false,
2026-09-25T02:05:17Z,IN,302,2026-09-24T21:50:00-04:00,30,30,,True,true,
2026-09-25T02:05:17Z,IN,301,2026-09-24T21:50:00-04:00,LOW,30,,True,true,
2026-09-25T02:05:17Z,IN,303,2026-09-24T21:50:00-04:00,61,194,,True,true,
2026-09-25T02:05:17Z,IN,304,2026-09-24T21:50:00-04:00,Unknown,99,,False,true,
2026-09-25T02:05:17Z,IN,305,2026-09-24T21:50:00-04:00,Unknown,156,,False,true,
2026-09-25T02:05:17Z,IN,323,2026-09-24T21:50:00-04:00,20,40,,True,true,
2026-09-25T02:05:17Z,IN,702,2026-09-24T21:50:00-04:00,38,75,,True,false,
2026-09-25T02:05:17Z,IN,701,2026-09-24T21:50:00-04:00,30,60,,True,false,
2026-09-25T02:05:17Z,IN,704,2026-09-24T21:50:00-04:00,40,80,,True,false,
2026-09-25T02:05:17Z,IN,703,2026-09-24T21:50:00-04:00,55,110,,True,false,
2026-09-25T02:05:17Z,IN,706,2026-09-24T21:50:00-04:00,35,70,,True,false,
2026-09-25T02:05:17Z,IN,705,2026-09-24T21:50:00-04:00,30,60,,True,false,
2026-09-25T02:05:17Z,IN,708,2026-09-24T21:50:00-04:00,23,45,,True,false,
2026-09-25T02:05:17Z,IN,707,2026-09-24T21:50:00-04:00,20,40,,True,false,
2026-09-25T02:05:17Z,IN,324,2026-09-24T21:50:00-04:00,16,31,,True,true,
2026-09-25T02:05:17Z,KY,KY00065IS0000020N65WELCOM,2026-09-25T02:04:02Z,8,21,CLEARING,True,True,
2026-09-25T02:05:17Z,KY,KY00065IS000020NSMARATHON,2025-12-19T00:36:53Z,16,60,STEADY,True,False,
2026-09-25T02:05:17Z,KY,KY00065IS0000340NWEIGHS34,2026-07-01T19:04:41Z,35,40,STEADY,True,False,
2026-09-25T02:05:17Z,KY,KY00065IS0011400S65SRA114,2026-09-25T02:04:09Z,LOW,26,STEADY,True,True,
2026-09-25T02:05:17Z,KY,KY00065IS0005900S65SRA059,2026-09-25T02:04:08Z,14,109,FILLING,True,True,
2026-09-25T02:05:17Z,KY,KY00065IS0005900N65NRA059,2026-08-17T17:24:33Z,23,113,STEADY,True,False,
2026-09-25T02:05:17Z,KY,KY00075IS0003300NWEIGHS33,2026-09-25T02:04:16Z,23,50,STEADY,True,False,
2026-09-25T02:05:17Z,KY,KY00075IS0003400SWEIGHS34,2026-09-25T02:04:19Z,LOW,40,STEADY,True,True,
2026-09-25T02:05:17Z,KY,KY00075IS0017700N75NRA177,2026-07-13T10:37:14Z,LOW,53,CLEARING,True,False,
2026-09-25T02:05:17Z,KY,KY00075IS0007500SWALTONWS,2026-09-25T02:03:55Z,17,45,FILLING,True,True,
2026-09-25T02:05:17Z,KY,KY00075IS0017700S75SRA177,2026-09-25T02:04:18Z,LOW,67,STEADY,True,True,
2026-09-25T02:05:17Z,KY,KY00075IS0016800SCRITENWS,2026-09-25T02:03:52Z,19,39,STEADY,True,True,
2026-09-25T02:05:17Z,KY,KY00075IS0000100N75WELCOM,2026-09-25T02:04:10Z,LOW,30,STEADY,True,False,
2026-09-25T02:05:26Z,IL,IL00074IW015600009,2026-09-25T02:04:41Z,0,0,Unknown,False,False,
2026-09-25T02:05:26Z,IL,IL00024IW003700010,2026-09-25T02:04:41Z,Unknown,0,Unknown,True,False,
2026-09-25T02:05:26Z,IL,IL00074IW006200004,2026-09-25T02:03:04Z,Unknown,12,Unknown,True,False,
2026-09-25T02:05:26Z,IL,IL00064IW002500011,2026-09-25T02:04:42Z,Unknown,0,Unknown,True,False,
2026-09-25T02:05:26Z,IL,IL00070IW002700015,2026-09-25T02:04:42Z,Unknown,0,Unknown,True,False,
2026-09-25T02:05:26Z,IL,IL00074IE011400005,2026-09-25T02:03:07Z,Unknown,25,Unknown,True,False,
2026-09-25T02:05:26Z,IL,IL00080IE011700043,2026-09-25T02:04:42Z,Unknown,31,Unknown,True,False,
2026-09-25T02:05:26Z,IL,IL00055IS002700019,2026-09-25T02:04:42Z,Unknown,0,Unknown,True,False,
2026-09-25T02:05:26Z,IL,IL00057IN033300049,2026-09-25T02:04:42Z,Unknown,0,Unknown,True,False,
2026-09-25T02:05:26Z,IL,IL00039IN008500036,2026-09-25T02:04:42Z,Unknown,42,Unknown,True,False,
2026-09-25T02:05:26Z,IL,IL00064IW008500012,2026-09-25T02:04:42Z,Unknown,0,Unknown,True,False,
2026-09-25T02:05:26Z,IL,IL00080IW005100013,2026-09-25T02:04:42Z,Unknown,47,Unknown,True,False,
2026-09-25T02:05:26Z,IL,IL00064IW013000053,2026-09-25T02:04:42Z,0,0,Unknown,False,False,
2026-09-25T02:05:26Z,IL,IL00080IW011700016,2026-09-25T02:04:42Z,Unknown,39,Unknown,True,False,
2026-09-25T02:05:26Z,IL,IL00055IN019400031,2026-09-25T02:04:42Z,Unknown,36,Unknown,True,False,
2026-09-25T02:05:26Z,IL,IL00072IW015200014,2026-09-25T02:04:42Z,Unknown,17,Unknown,True,False,
2026-09-25T02:05:26Z,IL,IL00074IW020800052,2026-09-25T02:04:42Z,Unknown,0,Unknown,True,False,
2026-09-25T02:05:26Z,IL,IL00055IS006400017,2026-09-25T02:04:42Z,Unknown,0,Unknown,True,False,
2026-09-25T02:05:26Z,IL,IL00057IS011400023,2026-09-25T02:04:42Z,Unknown,0,Unknown,True,False,
2026-09-25T02:05:26Z,IL,IL00057IS007900047,2026-09-25T02:04:42Z,Unknown,0,Unknown,True,False,
2026-09-25T02:05:26Z,IL,IL00057IS022200054,2026-09-25T02:04:42Z,Unknown,0,Unknown,True,False,
2026-09-25T02:05:26Z,IL,IL00057IN007900034,2026-09-25T02:04:42Z,Unknown,0,Unknown,True,False,
2026-09-25T02:05:26Z,IL,IL00064IE002500038,2026-09-25T02:04:42Z,0,0,Unknown,False,False,
2026-09-25T02:05:26Z,IL,IL00064IE008500039,2026-09-25T02:04:42Z,Unknown,0,Unknown,True,False,
2026-09-25T02:05:26Z,IL,IL00070IE008600051,2026-09-25T02:04:42Z,0,0,Unknown,False,False,
2026-09-25T02:05:26Z,IL,IL00070IE002700042,2026-09-25T02:04:42Z,Unknown,0,Unknown,True,False,
2026-09-25T02:05:26Z,IL,IL00055IS019400021,2026-09-25T02:04:42Z,Unknown,29,Unknown,True,False,
2026-09-25T02:05:26Z,IL,IL00057IS026800022,2026-09-25T02:04:42Z,Unknown,27,Unknown,True,False,
2026-09-25T02:05:26Z,IL,IL00057IS033300046,2026-09-25T02:04:43Z,Unknown,0,Unknown,True,False,
2026-09-25T02:05:26Z,IL,IL00039IS008500026,2026-09-25T02:04:43Z,Unknown,42,Unknown,True,False,
2026-09-25T02:05:26Z,IL,IL00055IN006400027,2026-09-25T02:04:43Z,Unknown,0,Unknown,True,False,
2026-09-25T02:05:26Z,IL,IL00057IN011400033,2026-09-25T02:04:43Z,Unknown,0,Unknown,True,False,
2026-09-25T02:05:26Z,IL,IL00057IN022200048,2026-09-25T02:04:43Z,Unknown,0,Unknown,True,False,
2026-09-25T02:05:26Z,IL,IL00074IE002800030,2026-09-25T02:04:43Z,Unknown,14,Unknown,True,False,
2026-09-25T02:05:26Z,IL,IL00072IE015200041,2026-09-25T02:04:41Z,6,16,STEADY,True,True,
2026-09-25T02:05:26Z,IL,IL00080IE005100040,2026-09-25T02:04:42Z,Unknown,39,Unknown,True,False,
2026-09-25T02:05:26Z,IL,IL00057IN026800032,2026-09-25T02:04:43Z,Unknown,25,Unknown,True,False,
2026-09-25T02:05:26Z,IL,IL00055IN010400050,2026-09-25T02:04:43Z,0,0,Unknown,False,False,
2026-09-25T02:05:26Z,IL,IL00074IE015600037,2026-09-25T02:04:43Z,0,0,Unknown,False,False,
2026-09-25T02:05:26Z,IL,IL00055IN014900028,2026-09-25T02:04:43Z,Unknown,0,Unknown,True,False,
2026-09-25T02:05:26Z,IL,IL00055IN002700029,2026-09-25T02:04:43Z,Unknown,0,Unknown,True,False,
2026-09-25T02:05:26Z,IL,IL00074IW002800020,2026-09-25T02:04:43Z,Unknown,15,Unknown,True,False,
2026-09-25T02:05:26Z,IL,IL00070IW008700045,2026-09-25T02:03:34Z,0,15,STEADY,True,True,
2026-09-25T02:05:26Z,IL,IL00057IS016500018,2026-09-25T02:05:12Z,0,15,FILLING,True,True,
2026-09-25T02:05:26Z,IL,IL00074IW011400006,2026-09-25T02:05:14Z,2,18,FILLING,True,True,
2026-09-25T02:05:26Z,IL,IL00074IE006200001,2026-09-25T02:05:15Z,8,13,STEADY,True,True,
2026-09-25T02:05:26Z,IL,IL00070IW014900008,2026-09-25T02:04:43Z,Unknown,39,Unknown,True,False,
2026-09-25T02:05:26Z,IL,IL00057IN016500044,2026-09-25T02:05:23Z,0,15,STEADY,False,False,
2026-09-25T02:05:26Z,IL,IL00055IS010400024,2026-09-25T02:03:01Z,Unknown,0,STEADY,,False,
2026-09-25T02:05:26Z,IL,IL00057IS003200025,2026-09-25T02:03:01Z,Unknown,0,STEADY,,False,
2026-09-25T02:05:26Z,IL,IL00057IN003200035,2026-09-25T02:03:01Z,Unknown,17,STEADY,,False,
2026-09-25T02:05:26Z,IN,322,2026-09-24T21:50:00-04:00,66,75,,True,false,
2026-09-25T02:05:26Z,IN,317,2026-09-24T21:51:00-04:00,Unknown,58,,True,true,
2026-09-25T02:05:26Z,IN,316,2026-09-24T21:50:00-04:00,7,58,,True,false,
2026-09-25T02:05:26Z,IN,315,2026-09-24T21:51:00-04:00,Unknown,36,,False,true,
2026-09-25T02:05:26Z,IN,314,2026-09-24T21:51:00-04:00,Unknown,36,,False,true,
2026-09-25T02:05:26Z,IN,313,2026-09-24T21:50:00-04:00,41,75,,True,false,
2026-09-25T02:05:26Z,IN,312,2026-09-24T21:50:00-04:00,35,75,,True,false,
2026-09-25T02:05:26Z,IN,311,2026-09-24T21:51:00-04:00,Unknown,13,,False,true,
2026-09-25T02:05:26Z,IN,310,2026-09-24T21:51:00-04:00,Unknown,13,,False,true,
2026-09-25T02:05:26Z,IN,308,2026-09-24T21:51:00-04:00,Unknown,75,,True,true,
2026-09-25T02:05:26Z,IN,309,2026-09-24T21:51:00-04:00,Unknown,150,,True,true,
2026-09-25T02:05:26Z,IN,318,2026-09-24T21:51:00-04:00,Unknown,78,,True,true,
2026-09-25T02:05:26Z,IN,319,2026-09-24T21:51:00-04:00,Unknown,78,,True,true,
2026-09-25T02:05:26Z,IN,320,2026-09-24T21:51:00-04:00,Unknown,83,,True,true,
2026-09-25T02:05:26Z,IN,321,2026-09-24T21:50:00-04:00,21,41,,True,false,
2026-09-25T02:05:26Z,IN,300,2026-09-24T21:50:00-04:00,80,128,,True,false,
2026-09-25T02:05:26Z,IN,302,2026-09-24T21:51:00-04:00,Unknown,30,,True,true,
2026-09-25T02:05:26Z,IN,301,2026-09-24T21:51:00-04:00,Unknown,30,,True,true,
2026-09-25T02:05:26Z,IN,303,2026-09-24T21:51:00-04:00,Unknown,194,,True,true,
2026-09-25T02:05:26Z,IN,304,2026-09-24T21:51:00-04:00,Unknown,99,,False,true,
2026-09-25T02:05:26Z,IN,305,2026-09-24T21:51:00-04:00,Unknown,156,,False,true,
2026-09-25T02:05:26Z,IN,323,2026-09-24T21:50:00-04:00,20,40,,True,true,
2026-09-25T02:05:26Z,IN,702,2026-09-24T21:50:00-04:00,38,75,,True,false,
2026-09-25T02:05:26Z,IN,701,2026-09-24T21:50:00-04:00,30,60,,True,false,
2026-09-25T02:05:26Z,IN,704,2026-09-24T21:50:00-04:00,40,80,,True,false,
2026-09-25T02:05:26Z,IN,703,2026-09-24T21:50:00-04:00,55,110,,True,false,
2026-09-25T02:05:26Z,IN,706,2026-09-24T21:50:00-04:00,35,70,,True,false,
2026-09-25T02:05:26Z,IN,705,2026-09-24T21:50:00-04:00,30,60,,True,false,
2026-09-25T02:05:26Z,IN,708,2026-09-24T21:50:00-04:00,23,45,,True,false,
2026-09-25T02:05:26Z,IN,707,2026-09-24T21:50:00-04:00,20,40,,True,false,
2026-09-25T02:05:26Z,IN,324,2026-09-24T21:50:00-04:00,16,31,,True,true,
2026-09-25T02:05:26Z,KY,KY00065IS0000020N65WELCOM,2026-09-25T02:04:02Z,8,21,CLEARING,True,True,
2026-09-25T02:05:26Z,KY,KY00065IS000020NSMARATHON,2025-12-19T00:36:53Z,16,60,STEADY,True,False,
2026-09-25T02:05:26Z,KY,KY00065IS0000340NWEIGHS34,2026-07-01T19:04:41Z,35,40,STEADY,True,False,
2026-09-25T02:05:26Z,KY,KY00065IS0011400S65SRA114,2026-09-25T02:04:09Z,LOW,26,STEADY,True,True,
2026-09-25T02:05:26Z,KY,KY00065IS0005900S65SRA059,2026-09-25T02:04:08Z,14,109,FILLING,True,True,
2026-09-25T02:05:26Z,KY,KY00065IS0005900N65NRA059,2026-08-17T17:24:33Z,23,113,STEADY,True,False,
2026-09-25T02:05:26Z,KY,KY00075IS0003300NWEIGHS33,2026-09-25T02:04:16Z,23,50,STEADY,True,False,
2026-09-25T02:05:26Z,KY,KY00075IS0003400SWEIGHS34,2026-09-25T02:04:19Z,LOW,40,STEADY,True,True,
2026-09-25T02:05:26Z,KY,KY00075IS0017700N75NRA177,2026-07-13T10:37:14Z,LOW,53,CLEARING,True,False,
2026-09-25T02:05:26Z,KY,KY00075IS0007500SWALTONWS,2026-09-25T02:03:55Z,17,45,FILLING,True,True,
2026-09-25T02:05:26Z,KY,KY00075IS0017700S75SRA177,2026-09-25T02:04:18Z,LOW,67,STEADY,True,True,
2026-09-25T02:05:26Z,KY,KY00075IS0016800SCRITENWS,2026-09-25T02:03:52Z,19,39,STEADY,True,True,
2026-09-25T02:05:26Z,KY,KY00075IS0000100N75WELCOM,2026-09-25T02:04:10Z,LOW,30,STEADY,True,False,
2026-09-25T02:05:35Z,IL,IL00074IW015600009,2026-09-25T02:04:41Z,0,0,Unknown,False,False,
2026-09-25T02:05:35Z,IL,IL00024IW003700010,2026-09-25T02:04:41Z,Unknown,0,Unknown,True,False,
2026-09-25T02:05:35Z,IL,IL00074IW006200004,2026-09-25T02:03:04Z,Unknown,12,Unknown,True,False,
2026-09-25T02:05:35Z,IL,IL00064IW002500011,2026-09-25T02:04:42Z,Unknown,0,Unknown,True,False,
2026-09-25T02:05:35Z,IL,IL00070IW002700015,2026-09-25T02:04:42Z,Unknown,0,Unknown,True,False,
2026-09-25T02:05:35Z,IL,IL00074IE011400005,2026-09-25T02:03:07Z,Unknown,25,Unknown,True,False,
2026-09-25T02:05:35Z,IL,IL00080IE011700043,2026-09-25T02:04:42Z,Unknown,31,Unknown,True,False,
2026-09-25T02:05:35Z,IL,IL00055IS002700019,2026-09-25T02:04:42Z,Unknown,0,Unknown,True,False,
2026-09-25T02:05:35Z,IL,IL00057IN033300049,2026-09-25T02:04:42Z,Unknown,0,Unknown,True,False,
2026-09-25T02:05:35Z,IL,IL00039IN008500036,2026-09-25T02:04:42Z,Unknown,42,Unknown,True,False,
2026-09-25T02:05:35Z,IL,IL00064IW008500012,2026-09-25T02:04:42Z,Unknown,0,Unknown,True,False,
2026-09-25T02:05:35Z,IL,IL00080IW005100013,2026-09-25T02:04:42Z,Unknown,47,Unknown,True,False,
2026-09-25T02:05:35Z,IL,IL00064IW013000053,2026-09-25T02:04:42Z,0,0,Unknown,False,False,
2026-09-25T02:05:35Z,IL,IL00080IW011700016,2026-09-25T02:04:42Z,Unknown,39,Unknown,True,False,
2026-09-25T02:05:35Z,IL,IL00055IN019400031,2026-09-25T02:04:42Z,Unknown,36,Unknown,True,False,
2026-09-25T02:05:35Z,IL,IL00072IW015200014,2026-09-25T02:04:42Z,Unknown,17,Unknown,True,False,
2026-09-25T02:05:35Z,IL,IL00074IW020800052,2026-09-25T02:04:42Z,Unknown,0,Unknown,True,False,
2026-09-25T02:05:35Z,IL,IL00055IS006400017,2026-09-25T02:04:42Z,Unknown,0,Unknown,True,False,
2026-09-25T02:05:35Z,IL,IL00057IS011400023,2026-09-25T02:04:42Z,Unknown,0,Unknown,True,False,
2026-09-25T02:05:35Z,IL,IL00057IS007900047,2026-09-25T02:04:42Z,Unknown,0,Unknown,True,False,
2026-09-25T02:05:35Z,IL,IL00057IS022200054,2026-09-25T02:04:42Z,Unknown,0,Unknown,True,False,
2026-09-25T02:05:35Z,IL,IL00057IN007900034,2026-09-25T02:04:42Z,Unknown,0,Unknown,True,False,
2026-09-25T02:05:35Z,IL,IL00064IE002500038,2026-09-25T02:04:42Z,0,0,Unknown,False,False,
2026-09-25T02:05:35Z,IL,IL00064IE008500039,2026-09-25T02:04:42Z,Unknown,0,Unknown,True,False,
2026-09-25T02:05:35Z,IL,IL00070IE008600051,2026-09-25T02:04:42Z,0,0,Unknown,False,False,
2026-09-25T02:05:35Z,IL,IL00070IE002700042,2026-09-25T02:04:42Z,Unknown,0,Unknown,True,False,
2026-09-25T02:05:35Z,IL,IL00055IS019400021,2026-09-25T02:04:42Z,Unknown,29,Unknown,True,False,
2026-09-25T02:05:35Z,IL,IL00057IS026800022,2026-09-25T02:04:42Z,Unknown,27,Unknown,True,False,
2026-09-25T02:05:35Z,IL,IL00057IS033300046,2026-09-25T02:04:43Z,Unknown,0,Unknown,True,False,
2026-09-25T02:05:35Z,IL,IL00039IS008500026,2026-09-25T02:04:43Z,Unknown,42,Unknown,True,False,
2026-09-25T02:05:35Z,IL,IL00055IN006400027,2026-09-25T02:04:43Z,Unknown,0,Unknown,True,False,
2026-09-25T02:05:35Z,IL,IL00057IN011400033,2026-09-25T02:04:43Z,Unknown,0,Unknown,True,False,
2026-09-25T02:05:35Z,IL,IL00057IN022200048,2026-09-25T02:04:43Z,Unknown,0,Unknown,True,False,
2026-09-25T02:05:35Z,IL,IL00074IE002800030,2026-09-25T02:04:43Z,Unknown,14,Unknown,True,False,
2026-09-25T02:05:35Z,IL,IL00072IE015200041,2026-09-25T02:04:41Z,6,16,STEADY,True,True,
2026-09-25T02:05:35Z,IL,IL00080IE005100040,2026-09-25T02:04:42Z,Unknown,39,Unknown,True,False,
2026-09-25T02:05:35Z,IL,IL00057IN026800032,2026-09-25T02:04:43Z,Unknown,25,Unknown,True,False,
2026-09-25T02:05:35Z,IL,IL00055IN010400050,2026-09-25T02:04:43Z,0,0,Unknown,False,False,
2026-09-25T02:05:35Z,IL,IL00074IE015600037,2026-09-25T02:04:43Z,0,0,Unknown,False,False,
2026-09-25T02:05:35Z,IL,IL00055IN014900028,2026-09-25T02:04:43Z,Unknown,0,Unknown,True,False,
2026-09-25T02:05:35Z,IL,IL00055IN002700029,2026-09-25T02:04:43Z,Unknown,0,Unknown,True,False,
2026-09-25T02:05:35Z,IL,IL00074IW002800020,2026-09-25T02:04:43Z,Unknown,15,Unknown,True,False,
2026-09-25T02:05:35Z,IL,IL00070IW008700045,2026-09-25T02:03:34Z,0,15,STEADY,True,True,
2026-09-25T02:05:35Z,IL,IL00057IS016500018,2026-09-25T02:05:12Z,0,15,FILLING,True,True,
2026-09-25T02:05:35Z,IL,IL00074IW011400006,2026-09-25T02:05:14Z,2,18,FILLING,True,True,
2026-09-25T02:05:35Z,IL,IL00074IE006200001,2026-09-25T02:05:15Z,8,13,STEADY,True,True,
2026-09-25T02:05:35Z,IL,IL00070IW014900008,2026-09-25T02:04:43Z,Unknown,39,Unknown,True,False,
2026-09-25T02:05:35Z,IL,IL00057IN016500044,2026-09-25T02:05:23Z,0,15,STEADY,False,False,
2026-09-25T02:05:35Z,IL,IL00055IS010400024,2026-09-25T02:03:01Z,Unknown,0,STEADY,,False,
2026-09-25T02:05:35Z,IL,IL00057IS003200025,2026-09-25T02:03:01Z,Unknown,0,STEADY,,False,
2026-09-25T02:05:35Z,IL,IL00057IN003200035,2026-09-25T02:03:01Z,Unknown,17,STEADY,,False,
2026-09-25T02:05:35Z,IN,322,2026-09-24T21:50:00-04:00,66,75,,True,false,
2026-09-25T02:05:35Z,IN,317,2026-09-24T21:51:00-04:00,Unknown,58,,True,true,
2026-09-25T02:05:35Z,IN,316,2026-09-24T21:50:00-04:00,7,58,,True,false,
2026-09-25T02:05:35Z,IN,315,2026-09-24T21:51:00-04:00,Unknown,36,,False,true,
2026-09-25T02:05:35Z,IN,314,2026-09-24T21:51:00-04:00,Unknown,36,,False,true,
2026-09-25T02:05:35Z,IN,313,2026-09-24T21:50:00-04:00,41,75,,True,false,
2026-09-25T02:05:35Z,IN,312,2026-09-24T21:50:00-04:00,35,75,,True,false,
2026-09-25T02:05:35Z,IN,311,2026-09-24T21:51:00-04:00,Unknown,13,,False,true,
2026-09-25T02:05:35Z,IN,310,2026-09-24T21:51:00-04:00,Unknown,13,,False,true,
2026-09-25T02:05:35Z,IN,308,2026-09-24T21:51:00-04:00,Unknown,75,,True,true,
2026-09-25T02:05:35Z,IN,309,2026-09-24T21:51:00-04:00,Unknown,150,,True,true,
2026-09-25T02:05:35Z,IN,318,2026-09-24T21:51:00-04:00,Unknown,78,,True,true,
2026-09-25T02:05:35Z,IN,319,2026-09-24T21:51:00-04:00,Unknown,78,,True,true,
2026-09-25T02:05:35Z,IN,320,2026-09-24T21:51:00-04:00,Unknown,83,,True,true,
2026-09-25T02:05:35Z,IN,321,2026-09-24T21:50:00-04:00,21,41,,True,false,
2026-09-25T02:05:35Z,IN,300,2026-09-24T21:50:00-04:00,80,128,,True,false,
2026-09-25T02:05:35Z,IN,302,2026-09-24T21:51:00-04:00,Unknown,30,,True,true,
2026-09-25T02:05:35Z,IN,301,2026-09-24T21:51:00-04:00,Unknown,30,,True,true,
2026-09-25T02:05:35Z,IN,303,2026-09-24T21:51:00-04:00,Unknown,194,,True,true,
2026-09-25T02:05:35Z,IN,304,2026-09-24T21:51:00-04:00,Unknown,99,,False,true,
2026-09-25T02:05:35Z,IN,305,2026-09-24T21:51:00-04:00,Unknown,156,,False,true,
2026-09-25T02:05:35Z,IN,323,2026-09-24T21:50:00-04:00,20,40,,True,true,
2026-09-25T02:05:35Z,IN,702,2026-09-24T21:50:00-04:00,38,75,,True,false,
2026-09-25T02:05:35Z,IN,701,2026-09-24T21:50:00-04:00,30,60,,True,false,
2026-09-25T02:05:35Z,IN,704,2026-09-24T21:50:00-04:00,40,80,,True,false,
2026-09-25T02:05:35Z,IN,703,2026-09-24T21:50:00-04:00,55,110,,True,false,
2026-09-25T02:05:35Z,IN,706,2026-09-24T21:50:00-04:00,35,70,,True,false,
2026-09-25T02:05:35Z,IN,705,2026-09-24T21:50:00-04:00,30,60,,True,false,
2026-09-25T02:05:35Z,IN,708,2026-09-24T21:50:00-04:00,23,45,,True,false,
2026-09-25T02:05:35Z,IN,707,2026-09-24T21:50:00-04:00,20,40,,True,false,
2026-09-25T02:05:35Z,IN,324,2026-09-24T21:50:00-04:00,16,31,,True,true,
2026-09-25T02:05:35Z,KY,KY00065IS0000020N65WELCOM,2026-09-25T02:04:02Z,8,21,CLEARING,True,True,
2026-09-25T02:05:35Z,KY,KY00065IS000020NSMARATHON,2025-12-19T00:36:53Z,16,60,STEADY,True,False,
2026-09-25T02:05:35Z,KY,KY00065IS0000340NWEIGHS34,2026-07-01T19:04:41Z,35,40,STEADY,True,False,
2026-09-25T02:05:35Z,KY,KY00065IS0011400S65SRA114,2026-09-25T02:04:09Z,LOW,26,STEADY,True,True,
2026-09-25T02:05:35Z,KY,KY00065IS0005900S65SRA059,2026-09-25T02:04:08Z,14,109,FILLING,True,True,
2026-09-25T02:05:35Z,KY,KY00065IS0005900N65NRA059,2026-08-17T17:24:33Z,23,113,STEADY,True,False,
2026-09-25T02:05:35Z,KY,KY00075IS0003300NWEIGHS33,2026-09-25T02:04:16Z,23,50,STEADY,True,False,
2026-09-25T02:05:35Z,KY,KY00075IS0003400SWEIGHS34,2026-09-25T02:04:19Z,LOW,40,STEADY,True,True,
2026-09-25T02:05:35Z,KY,KY00075IS0017700N75NRA177,2026-07-13T10:37:14Z,LOW,53,CLEARING,True,False,
2026-09-25T02:05:35Z,KY,KY00075IS0007500SWALTONWS,2026-09-25T02:03:55Z,17,45,FILLING,True,True,
2026-09-25T02:05:35Z,KY,KY00075IS0017700S75SRA177,2026-09-25T02:04:18Z,LOW,67,STEADY,True,True,
2026-09-25T02:05:35Z,KY,KY00075IS0016800SCRITENWS,2026-09-25T02:03:52Z,19,39,STEADY,True,True,
2026-09-25T02:05:35Z,KY,KY00075IS0000100N75WELCOM,2026-09-25T02:04:10Z,LOW,30,STEADY,True,False,
2026-09-25T02:05:40Z,IL,IL00074IW015600009,2026-09-25T02:05:36Z,0,0,Unknown,False,False,
2026-09-25T02:05:40Z,IL,IL00024IW003700010,2026-09-25T02:05:36Z,Unknown,0,Unknown,True,False,
2026-09-25T02:05:40Z,IL,IL00074IW006200004,2026-09-25T02:05:37Z,5,12,STEADY,True,True,
2026-09-25T02:05:40Z,IL,IL00064IW002500011,2026-09-25T02:05:37Z,Unknown,0,Unknown,True,False,
2026-09-25T02:05:40Z,IL,IL00070IW002700015,2026-09-25T02:05:37Z,Unknown,0,Unknown,True,False,
2026-09-25T02:05:40Z,IL,IL00074IE011400005,2026-09-25T02:05:39Z,5,25,STEADY,True,True,
2026-09-25T02:05:40Z,IL,IL00080IE011700043,2026-09-25T02:05:39Z,Unknown,31,Unknown,True,False,
2026-09-25T02:05:40Z,IL,IL00055IS002700019,2026-09-25T02:05:39Z,Unknown,0,Unknown,True,False,
2026-09-25T02:05:40Z,IL,IL00057IN033300049,2026-09-25T02:05:39Z,Unknown,0,Unknown,True,False,
2026-09-25T02:05:40Z,IL,IL00039IN008500036,2026-09-25T02:05:39Z,Unknown,42,Unknown,True,False,
2026-09-25T02:05:40Z,IL,IL00064IW008500012,2026-09-25T02:05:39Z,Unknown,0,Unknown,True,False,
2026-09-25T02:05:40Z,IL,IL00080IW005100013,2026-09-25T02:05:39Z,Unknown,47,Unknown,True,False,
2026-09-25T02:05:40Z,IL,IL00064IW013000053,2026-09-25T02:05:39Z,0,0,Unknown,False,False,
2026-09-25T02:05:40Z,IL,IL00080IW011700016,2026-09-25T02:05:39Z,Unknown,39,Unknown,True,False,
2026-09-25T02:05:40Z,IL,IL00055IN019400031,2026-09-25T02:05:39Z,Unknown,36,Unknown,True,False,
2026-09-25T02:05:40Z,IL,IL00072IW015200014,2026-09-25T02:05:39Z,Unknown,17,Unknown,True,False,
2026-09-25T02:05:40Z,IL,IL00074IW020800052,2026-09-25T02:05:39Z,Unknown,0,Unknown,True,False,
2026-09-25T02:05:40Z,IL,IL00055IS006400017,2026-09-25T02:05:39Z,Unknown,0,Unknown,True,False,
2026-09-25T02:05:40Z,IL,IL00057IS011400023,2026-09-25T02:05:39Z,Unknown,0,Unknown,True,False,
2026-09-25T02:05:40Z,IL,IL00057IS007900047,2026-09-25T02:05:40Z,Unknown,0,Unknown,True,False,
2026-09-25T02:05:40Z,IL,IL00057IS022200054,2026-09-25T02:05:40Z,Unknown,0,Unknown,True,False,
2026-09-25T02:05:40Z,IL,IL00057IN007900034,2026-09-25T02:05:40Z,Unknown,0,Unknown,True,False,
2026-09-25T02:05:40Z,IL,IL00064IE002500038,2026-09-25T02:05:40Z,0,0,Unknown,False,False,
2026-09-25T02:05:40Z,IL,IL00064IE008500039,2026-09-25T02:05:40Z,Unknown,0,Unknown,True,False,
2026-09-25T02:05:40Z,IL,IL00070IE008600051,2026-09-25T02:05:40Z,0,0,Unknown,False,False,
2026-09-25T02:05:40Z,IL,IL00070IE002700042,2026-09-25T02:05:40Z,Unknown,0,Unknown,True,False,
2026-09-25T02:05:40Z,IL,IL00055IS019400021,2026-09-25T02:05:40Z,Unknown,29,Unknown,True,False,
2026-09-25T02:05:40Z,IL,IL00057IS026800022,2026-09-25T02:05:40Z,Unknown,27,Unknown,True,False,
2026-09-25T02:05:40Z,IL,IL00057IS033300046,2026-09-25T02:05:40Z,Unknown,0,Unknown,True,False,
2026-09-25T02:05:40Z,IL,IL00039IS008500026,2026-09-25T02:05:40Z,Unknown,42,Unknown,True,False,
2026-09-25T02:05:40Z,IL,IL00055IN006400027,2026-09-25T02:05:40Z,Unknown,0,Unknown,True,False,
2026-09-25T02:05:40Z,IL,IL00057IN011400033,2026-09-25T02:05:40Z,Unknown,0,Unknown,True,False,
2026-09-25T02:05:40Z,IL,IL00057IN022200048,2026-09-25T02:05:40Z,Unknown,0,Unknown,True,False,
2026-09-25T02:05:40Z,IL,IL00074IE002800030,2026-09-25T02:05:40Z,Unknown,14,Unknown,True,False,
2026-09-25T02:05:40Z,IL,IL00072IE015200041,2026-09-25T02:04:41Z,6,16,STEADY,True,True,
2026-09-25T02:05:40Z,IL,IL00080IE005100040,2026-09-25T02:04:42Z,Unknown,39,Unknown,True,False,
2026-09-25T02:05:40Z,IL,IL00057IN026800032,2026-09-25T02:04:43Z,Unknown,25,Unknown,True,False,
2026-09-25T02:05:40Z,IL,IL00055IN010400050,2026-09-25T02:04:43Z,0,0,Unknown,False,False,
2026-09-25T02:05:40Z,IL,IL00074IE015600037,2026-09-25T02:04:43Z,0,0,Unknown,False,False,
2026-09-25T02:05:40Z,IL,IL00055IN014900028,2026-09-25T02:04:43Z,Unknown,0,Unknown,True,False,
2026-09-25T02:05:40Z,IL,IL00055IN002700029,2026-09-25T02:04:43Z,Unknown,0,Unknown,True,False,
2026-09-25T02:05:40Z,IL,IL00074IW002800020,2026-09-25T02:04:43Z,Unknown,15,Unknown,True,False,
2026-09-25T02:05:40Z,IL,IL00070IW008700045,2026-09-25T02:03:34Z,0,15,STEADY,True,True,
2026-09-25T02:05:40Z,IL,IL00057IS016500018,2026-09-25T02:05:12Z,0,15,FILLING,True,True,
2026-09-25T02:05:40Z,IL,IL00074IW011400006,2026-09-25T02:05:14Z,2,18,FILLING,True,True,
2026-09-25T02:05:40Z,IL,IL00074IE006200001,2026-09-25T02:05:15Z,8,13,STEADY,True,True,
2026-09-25T02:05:40Z,IL,IL00070IW014900008,2026-09-25T02:04:43Z,Unknown,39,Unknown,True,False,
2026-09-25T02:05:40Z,IL,IL00057IN016500044,2026-09-25T02:05:23Z,0,15,STEADY,False,False,
2026-09-25T02:05:40Z,IL,IL00055IS010400024,2026-09-25T02:03:01Z,Unknown,0,STEADY,,False,
2026-09-25T02:05:40Z,IL,IL00057IS003200025,2026-09-25T02:03:01Z,Unknown,0,STEADY,,False,
2026-09-25T02:05:40Z,IL,IL00057IN003200035,2026-09-25T02:03:01Z,Unknown,17,STEADY,,False,
2026-09-25T02:05:40Z,IN,322,2026-09-24T21:50:00-04:00,66,75,,True,false,
2026-09-25T02:05:40Z,IN,317,2026-09-24T21:51:00-04:00,Unknown,58,,True,true,
2026-09-25T02:05:40Z,IN,316,2026-09-24T21:50:00-04:00,7,58,,True,false,
2026-09-25T02:05:40Z,IN,315,2026-09-24T21:51:00-04:00,Unknown,36,,False,true,
2026-09-25T02:05:40Z,IN,314,2026-09-24T21:51:00-04:00,Unknown,36,,False,true,
2026-09-25T02:05:40Z,IN,313,2026-09-24T21:50:00-04:00,41,75,,True,false,
2026-09-25T02:05:40Z,IN,312,2026-09-24T21:50:00-04:00,35,75,,True,false,
2026-09-25T02:05:40Z,IN,311,2026-09-24T21:51:00-04:00,Unknown,13,,False,true,
2026-09-25T02:05:40Z,IN,310,2026-09-24T21:51:00-04:00,Unknown,13,,False,true,
2026-09-25T02:05:40Z,IN,308,2026-09-24T21:51:00-04:00,Unknown,75,,True,true,
2026-09-25T02:05:40Z,IN,309,2026-09-24T21:51:00-04:00,Unknown,150,,True,true,
2026-09-25T02:05:40Z,IN,318,2026-09-24T21:51:00-04:00,Unknown,78,,True,true,
2026-09-25T02:05:40Z,IN,319,2026-09-24T21:51:00-04:00,Unknown,78,,True,true,
2026-09-25T02:05:40Z,IN,320,2026-09-24T21:51:00-04:00,Unknown,83,,True,true,
2026-09-25T02:05:40Z,IN,321,2026-09-24T21:50:00-04:00,21,41,,True,false,
2026-09-25T02:05:40Z,IN,300,2026-09-24T21:50:00-04:00,80,128,,True,false,
2026-09-25T02:05:40Z,IN,302,2026-09-24T21:51:00-04:00,Unknown,30,,True,true,
2026-09-25T02:05:40Z,IN,301,2026-09-24T21:51:00-04:00,Unknown,30,,True,true,
2026-09-25T02:05:40Z,IN,303,2026-09-24T21:51:00-04:00,Unknown,194,,True,true,
2026-09-25T02:05:40Z,IN,304,2026-09-24T21:51:00-04:00,Unknown,99,,False,true,
2026-09-25T02:05:40Z,IN,305,2026-09-24T21:51:00-04:00,Unknown,156,,False,true,
2026-09-25T02:05:40Z,IN,323,2026-09-24T21:50:00-04:00,20,40,,True,true,
2026-09-25T02:05:40Z,IN,702,2026-09-24T21:50:00-04:00,38,75,,True,false,
2026-09-25T02:05:40Z,IN,701,2026-09-24T21:50:00-04:00,30,60,,True,false,
2026-09-25T02:05:40Z,IN,704,2026-09-24T21:50:00-04:00,40,80,,True,false,
2026-09-25T02:05:40Z,IN,703,2026-09-24T21:50:00-04:00,55,110,,True,false,
2026-09-25T02:05:40Z,IN,706,2026-09-24T21:50:00-04:00,35,70,,True,false,
2026-09-25T02:05:40Z,IN,705,2026-09-24T21:50:00-04:00,30,60,,True,false,
2026-09-25T02:05:40Z,IN,708,2026-09-24T21:50:00-04:00,23,45,,True,false,
2026-09-25T02:05:40Z,IN,707,2026-09-24T21:50:00-04:00,20,40,,True,false,
2026-09-25T02:05:40Z,IN,324,2026-09-24T21:50:00-04:00,16,31,,True,true,
2026-09-25T02:05:40Z,KY,KY00065IS0000020N65WELCOM,2026-09-25T02:04:02Z,8,21,CLEARING,True,True,
2026-09-25T02:05:40Z,KY,KY00065IS000020NSMARATHON,2025-12-19T00:36:53Z,16,60,STEADY,True,False,
2026-09-25T02:05:40Z,KY,KY00065IS0000340NWEIGHS34,2026-07-01T19:04:41Z,35,40,STEADY,True,False,
2026-09-25T02:05:40Z,KY,KY00065IS0011400S65SRA114,2026-09-25T02:04:09Z,LOW,26,STEADY,True,True,
2026-09-25T02:05:40Z,KY,KY00065IS0005900S65SRA059,2026-09-25T02:04:08Z,14,109,FILLING,True,True,
2026-09-25T02:05:40Z,KY,KY00065IS0005900N65NRA059,2026-08-17T17:24:33Z,23,113,STEADY,True,False,
2026-09-25T02:05:40Z,KY,KY00075IS0003300NWEIGHS33,2026-09-25T02:04:16Z,23,50,STEADY,True,False,
2026-09-25T02:05:40Z,KY,KY00075IS0003400SWEIGHS34,2026-09-25T02:04:19Z,LOW,40,STEADY,True,True,
2026-09-25T02:05:40Z,KY,KY00075IS0017700N75NRA177,2026-07-13T10:37:14Z,LOW,53,CLEARING,True,False,
2026-09-25T02:05:40Z,KY,KY00075IS0007500SWALTONWS,2026-09-25T02:03:55Z,17,45,FILLING,True,True,
2026-09-25T02:05:40Z,KY,KY00075IS0017700S75SRA177,2026-09-25T02:04:18Z,LOW,67,STEADY,True,True,
2026-09-25T02:05:40Z,KY,KY00075IS0016800SCRITENWS,2026-09-25T02:03:52Z,19,39,STEADY,True,True,
2026-09-25T02:05:40Z,KY,KY00075IS0000100N75WELCOM,2026-09-25T02:04:10Z,LOW,30,STEADY,True,False,
2026-09-25T02:05:47Z,IL,IL00074IW015600009,2026-09-25T02:05:36Z,0,0,Unknown,False,False,
2026-09-25T02:05:47Z,IL,IL00024IW003700010,2026-09-25T02:05:36Z,Unknown,0,Unknown,True,False,
2026-09-25T02:05:47Z,IL,IL00074IW006200004,2026-09-25T02:05:37Z,5,12,STEADY,True,True,
2026-09-25T02:05:47Z,IL,IL00064IW002500011,2026-09-25T02:05:37Z,Unknown,0,Unknown,True,False,
2026-09-25T02:05:47Z,IL,IL00070IW002700015,2026-09-25T02:05:37Z,Unknown,0,Unknown,True,False,
2026-09-25T02:05:47Z,IL,IL00074IE011400005,2026-09-25T02:05:39Z,5,25,STEADY,True,True,
2026-09-25T02:05:47Z,IL,IL00080IE011700043,2026-09-25T02:05:39Z,Unknown,31,Unknown,True,False,
2026-09-25T02:05:47Z,IL,IL00055IS002700019,2026-09-25T02:05:39Z,Unknown,0,Unknown,True,False,
2026-09-25T02:05:47Z,IL,IL00057IN033300049,2026-09-25T02:05:39Z,Unknown,0,Unknown,True,False,
2026-09-25T02:05:47Z,IL,IL00039IN008500036,2026-09-25T02:05:39Z,Unknown,42,Unknown,True,False,
2026-09-25T02:05:47Z,IL,IL00064IW008500012,2026-09-25T02:05:39Z,Unknown,0,Unknown,True,False,
2026-09-25T02:05:47Z,IL,IL00080IW005100013,2026-09-25T02:05:39Z,Unknown,47,Unknown,True,False,
2026-09-25T02:05:47Z,IL,IL00064IW013000053,2026-09-25T02:05:39Z,0,0,Unknown,False,False,
2026-09-25T02:05:47Z,IL,IL00080IW011700016,2026-09-25T02:05:39Z,Unknown,39,Unknown,True,False,
2026-09-25T02:05:47Z,IL,IL00055IN019400031,2026-09-25T02:05:39Z,Unknown,36,Unknown,True,False,
2026-09-25T02:05:47Z,IL,IL00072IW015200014,2026-09-25T02:05:39Z,Unknown,17,Unknown,True,False,
2026-09-25T02:05:47Z,IL,IL00074IW020800052,2026-09-25T02:05:39Z,Unknown,0,Unknown,True,False,
2026-09-25T02:05:47Z,IL,IL00055IS006400017,2026-09-25T02:05:39Z,Unknown,0,Unknown,True,False,
2026-09-25T02:05:47Z,IL,IL00057IS011400023,2026-09-25T02:05:39Z,Unknown,0,Unknown,True,False,
2026-09-25T02:05:47Z,IL,IL00057IS007900047,2026-09-25T02:05:40Z,Unknown,0,Unknown,True,False,
2026-09-25T02:05:47Z,IL,IL00057IS022200054,2026-09-25T02:05:40Z,Unknown,0,Unknown,True,False,
2026-09-25T02:05:47Z,IL,IL00057IN007900034,2026-09-25T02:05:40Z,Unknown,0,Unknown,True,False,
2026-09-25T02:05:47Z,IL,IL00064IE002500038,2026-09-25T02:05:40Z,0,0,Unknown,False,False,
2026-09-25T02:05:47Z,IL,IL00064IE008500039,2026-09-25T02:05:40Z,Unknown,0,Unknown,True,False,
2026-09-25T02:05:47Z,IL,IL00070IE008600051,2026-09-25T02:05:40Z,0,0,Unknown,False,False,
2026-09-25T02:05:47Z,IL,IL00070IE002700042,2026-09-25T02:05:40Z,Unknown,0,Unknown,True,False,
2026-09-25T02:05:47Z,IL,IL00055IS019400021,2026-09-25T02:05:40Z,Unknown,29,Unknown,True,False,
2026-09-25T02:05:47Z,IL,IL00057IS026800022,2026-09-25T02:05:40Z,Unknown,27,Unknown,True,False,
2026-09-25T02:05:47Z,IL,IL00057IS033300046,2026-09-25T02:05:40Z,Unknown,0,Unknown,True,False,
2026-09-25T02:05:47Z,IL,IL00039IS008500026,2026-09-25T02:05:40Z,Unknown,42,Unknown,True,False,
2026-09-25T02:05:47Z,IL,IL00055IN006400027,2026-09-25T02:05:40Z,Unknown,0,Unknown,True,False,
2026-09-25T02:05:47Z,IL,IL00057IN011400033,2026-09-25T02:05:40Z,Unknown,0,Unknown,True,False,
2026-09-25T02:05:47Z,IL,IL00057IN022200048,2026-09-25T02:05:40Z,Unknown,0,Unknown,True,False,
2026-09-25T02:05:47Z,IL,IL00074IE002800030,2026-09-25T02:05:40Z,Unknown,14,Unknown,True,False,
2026-09-25T02:05:47Z,IL,IL00072IE015200041,2026-09-25T02:04:41Z,6,16,STEADY,True,True,
2026-09-25T02:05:47Z,IL,IL00080IE005100040,2026-09-25T02:05:40Z,Unknown,39,Unknown,True,False,
2026-09-25T02:05:47Z,IL,IL00057IN026800032,2026-09-25T02:05:40Z,Unknown,25,Unknown,True,False,
2026-09-25T02:05:47Z,IL,IL00055IN010400050,2026-09-25T02:05:40Z,0,0,Unknown,False,False,
2026-09-25T02:05:47Z,IL,IL00074IE015600037,2026-09-25T02:05:40Z,0,0,Unknown,False,False,
2026-09-25T02:05:47Z,IL,IL00055IN014900028,2026-09-25T02:05:40Z,Unknown,0,Unknown,True,False,
2026-09-25T02:05:47Z,IL,IL00055IN002700029,2026-09-25T02:05:40Z,Unknown,0,Unknown,True,False,
2026-09-25T02:05:47Z,IL,IL00074IW002800020,2026-09-25T02:05:40Z,Unknown,15,Unknown,True,False,
2026-09-25T02:05:47Z,IL,IL00070IW008700045,2026-09-25T02:03:34Z,0,15,STEADY,True,True,
2026-09-25T02:05:47Z,IL,IL00057IS016500018,2026-09-25T02:05:12Z,0,15,FILLING,True,True,
2026-09-25T02:05:47Z,IL,IL00074IW011400006,2026-09-25T02:05:14Z,2,18,FILLING,True,True,
2026-09-25T02:05:47Z,IL,IL00074IE006200001,2026-09-25T02:05:15Z,8,13,STEADY,True,True,
2026-09-25T02:05:47Z,IL,IL00070IW014900008,2026-09-25T02:04:43Z,Unknown,39,Unknown,True,False,
2026-09-25T02:05:47Z,IL,IL00057IN016500044,2026-09-25T02:05:23Z,0,15,STEADY,False,False,
2026-09-25T02:05:47Z,IL,IL00055IS010400024,2026-09-25T02:03:01Z,Unknown,0,STEADY,,False,
2026-09-25T02:05:47Z,IL,IL00057IS003200025,2026-09-25T02:03:01Z,Unknown,0,STEADY,,False,
2026-09-25T02:05:47Z,IL,IL00057IN003200035,2026-09-25T02:03:01Z,Unknown,17,STEADY,,False,
2026-09-25T02:05:47Z,IN,322,2026-09-24T21:50:00-04:00,66,75,,True,false,
2026-09-25T02:05:47Z,IN,317,2026-09-24T21:51:00-04:00,Unknown,58,,True,true,
2026-09-25T02:05:47Z,IN,316,2026-09-24T21:50:00-04:00,7,58,,True,false,
2026-09-25T02:05:47Z,IN,315,2026-09-24T21:51:00-04:00,Unknown,36,,False,true,
2026-09-25T02:05:47Z,IN,314,2026-09-24T21:51:00-04:00,Unknown,36,,False,true,
2026-09-25T02:05:47Z,IN,313,2026-09-24T21:50:00-04:00,41,75,,True,false,
2026-09-25T02:05:47Z,IN,312,2026-09-24T21:50:00-04:00,35,75,,True,false,
2026-09-25T02:05:47Z,IN,311,2026-09-24T21:51:00-04:00,Unknown,13,,False,true,
2026-09-25T02:05:47Z,IN,310,2026-09-24T21:51:00-04:00,Unknown,13,,False,true,
2026-09-25T02:05:47Z,IN,308,2026-09-24T21:51:00-04:00,Unknown,75,,True,true,
2026-09-25T02:05:47Z,IN,309,2026-09-24T21:51:00-04:00,Unknown,150,,True,true,
2026-09-25T02:05:47Z,IN,318,2026-09-24T21:51:00-04:00,Unknown,78,,True,true,
2026-09-25T02:05:47Z,IN,319,2026-09-24T21:51:00-04:00,Unknown,78,,True,true,
2026-09-25T02:05:47Z,IN,320,2026-09-24T21:51:00-04:00,Unknown,83,,True,true,
2026-09-25T02:05:47Z,IN,321,2026-09-24T21:50:00-04:00,21,41,,True,false,
2026-09-25T02:05:47Z,IN,300,2026-09-24T21:50:00-04:00,80,128,,True,false,
2026-09-25T02:05:47Z,IN,302,2026-09-24T21:51:00-04:00,Unknown,30,,True,true,
2026-09-25T02:05:47Z,IN,301,2026-09-24T21:51:00-04:00,Unknown,30,,True,true,
2026-09-25T02:05:47Z,IN,303,2026-09-24T21:51:00-04:00,Unknown,194,,True,true,
2026-09-25T02:05:47Z,IN,304,2026-09-24T21:51:00-04:00,Unknown,99,,False,true,
2026-09-25T02:05:47Z,IN,305,2026-09-24T21:51:00-04:00,Unknown,156,,False,true,
2026-09-25T02:05:47Z,IN,323,2026-09-24T21:50:00-04:00,20,40,,True,true,
2026-09-25T02:05:47Z,IN,702,2026-09-24T21:50:00-04:00,38,75,,True,false,
2026-09-25T02:05:47Z,IN,701,2026-09-24T21:50:00-04:00,30,60,,True,false,
2026-09-25T02:05:47Z,IN,704,2026-09-24T21:50:00-04:00,40,80,,True,false,
2026-09-25T02:05:47Z,IN,703,2026-09-24T21:50:00-04:00,55,110,,True,false,
2026-09-25T02:05:47Z,IN,706,2026-09-24T21:50:00-04:00,35,70,,True,false,
2026-09-25T02:05:47Z,IN,705,2026-09-24T21:50:00-04:00,30,60,,True,false,
2026-09-25T02:05:47Z,IN,708,2026-09-24T21:50:00-04:00,23,45,,True,false,
2026-09-25T02:05:47Z,IN,707,2026-09-24T21:50:00-04:00,20,40,,True,false,
2026-09-25T02:05:47Z,IN,324,2026-09-24T21:50:00-04:00,16,31,,True,true,
2026-09-25T02:05:47Z,KY,KY00065IS0000020N65WELCOM,2026-09-25T02:04:02Z,8,21,CLEARING,True,True,
2026-09-25T02:05:47Z,KY,KY00065IS000020NSMARATHON,2025-12-19T00:36:53Z,16,60,STEADY,True,False,
2026-09-25T02:05:47Z,KY,KY00065IS0000340NWEIGHS34,2026-07-01T19:04:41Z,35,40,STEADY,True,False,
2026-09-25T02:05:47Z,KY,KY00065IS0011400S65SRA114,2026-09-25T02:04:09Z,LOW,26,STEADY,True,True,
2026-09-25T02:05:47Z,KY,KY00065IS0005900S65SRA059,2026-09-25T02:04:08Z,14,109,FILLING,True,True,
2026-09-25T02:05:47Z,KY,KY00065IS0005900N65NRA059,2026-08-17T17:24:33Z,23,113,STEADY,True,False,
2026-09-25T02:05:47Z,KY,KY00075IS0003300NWEIGHS33,2026-09-25T02:04:16Z,23,50,STEADY,True,False,
2026-09-25T02:05:47Z,KY,KY00075IS0003400SWEIGHS34,2026-09-25T02:04:19Z,LOW,40,STEADY,True,True,
2026-09-25T02:05:47Z,KY,KY00075IS0017700N75NRA177,2026-07-13T10:37:14Z,LOW,53,CLEARING,True,False,
2026-09-25T02:05:47Z,KY,KY00075IS0007500SWALTONWS,2026-09-25T02:03:55Z,17,45,FILLING,True,True,
2026-09-25T02:05:47Z,KY,KY00075IS0017700S75SRA177,2026-09-25T02:04:18Z,LOW,67,STEADY,True,True,
2026-09-25T02:05:47Z,KY,KY00075IS0016800SCRITENWS,2026-09-25T02:03:52Z,19,39,STEADY,True,True,
2026-09-25T02:05:47Z,KY,KY00075IS0000100N75WELCOM,2026-09-25T02:04:10Z,LOW,30,STEADY,True,False,
2026-09-25T02:05:54Z,IL,IL00074IW006200004,2026-09-25T02:05:37Z,5,12,STEADY,True,True,
2026-09-25T02:05:54Z,IL,IL00074IE011400005,2026-09-25T02:05:39Z,5,25,STEADY,True,True,
2026-09-25T02:05:54Z,IL,IL00074IW015600009,2026-09-25T02:05:51Z,0,0,Unknown,False,False,
2026-09-25T02:05:54Z,IL,IL00024IW003700010,2026-09-25T02:05:51Z,Unknown,0,Unknown,True,False,
2026-09-25T02:05:54Z,IL,IL00064IW002500011,2026-09-25T02:05:51Z,Unknown,0,Unknown,True,False,
2026-09-25T02:05:54Z,IL,IL00070IW002700015,2026-09-25T02:05:51Z,Unknown,0,Unknown,True,False,
2026-09-25T02:05:54Z,IL,IL00080IE011700043,2026-09-25T02:05:51Z,Unknown,31,Unknown,True,False,
2026-09-25T02:05:54Z,IL,IL00055IS002700019,2026-09-25T02:05:51Z,Unknown,0,Unknown,True,False,
2026-09-25T02:05:54Z,IL,IL00057IN033300049,2026-09-25T02:05:51Z,Unknown,0,Unknown,True,False,
2026-09-25T02:05:54Z,IL,IL00039IN008500036,2026-09-25T02:05:51Z,Unknown,42,Unknown,True,False,
2026-09-25T02:05:54Z,IL,IL00064IW008500012,2026-09-25T02:05:51Z,Unknown,0,Unknown,True,False,
2026-09-25T02:05:54Z,IL,IL00080IW005100013,2026-09-25T02:05:51Z,Unknown,47,Unknown,True,False,
2026-09-25T02:05:54Z,IL,IL00064IW013000053,2026-09-25T02:05:51Z,0,0,Unknown,False,False,
2026-09-25T02:05:54Z,IL,IL00080IW011700016,2026-09-25T02:05:51Z,Unknown,39,Unknown,True,False,
2026-09-25T02:05:54Z,IL,IL00055IN019400031,2026-09-25T02:05:51Z,Unknown,36,Unknown,True,False,
2026-09-25T02:05:54Z,IL,IL00072IW015200014,2026-09-25T02:05:51Z,Unknown,17,Unknown,True,False,
2026-09-25T02:05:54Z,IL,IL00074IW020800052,2026-09-25T02:05:51Z,Unknown,0,Unknown,True,False,
2026-09-25T02:05:54Z,IL,IL00055IS006400017,2026-09-25T02:05:51Z,Unknown,0,Unknown,True,False,
2026-09-25T02:05:54Z,IL,IL00057IS011400023,2026-09-25T02:05:52Z,Unknown,0,Unknown,True,False,
2026-09-25T02:05:54Z,IL,IL00057IS007900047,2026-09-25T02:05:52Z,Unknown,0,Unknown,True,False,
2026-09-25T02:05:54Z,IL,IL00057IS022200054,2026-09-25T02:05:52Z,Unknown,0,Unknown,True,False,
2026-09-25T02:05:54Z,IL,IL00057IN007900034,2026-09-25T02:05:52Z,Unknown,0,Unknown,True,False,
2026-09-25T02:05:54Z,IL,IL00064IE002500038,2026-09-25T02:05:52Z,0,0,Unknown,False,False,
2026-09-25T02:05:54Z,IL,IL00064IE008500039,2026-09-25T02:05:52Z,Unknown,0,Unknown,True,False,
2026-09-25T02:05:54Z,IL,IL00070IE008600051,2026-09-25T02:05:52Z,0,0,Unknown,False,False,
2026-09-25T02:05:54Z,IL,IL00070IE002700042,2026-09-25T02:05:52Z,Unknown,0,Unknown,True,False,
2026-09-25T02:05:54Z,IL,IL00055IS019400021,2026-09-25T02:05:52Z,Unknown,29,Unknown,True,False,
2026-09-25T02:05:54Z,IL,IL00057IS026800022,2026-09-25T02:05:52Z,Unknown,27,Unknown,True,False,
2026-09-25T02:05:54Z,IL,IL00057IS033300046,2026-09-25T02:05:52Z,Unknown,0,Unknown,True,False,
2026-09-25T02:05:54Z,IL,IL00039IS008500026,2026-09-25T02:05:52Z,Unknown,42,Unknown,True,False,
2026-09-25T02:05:54Z,IL,IL00055IN006400027,2026-09-25T02:05:52Z,Unknown,0,Unknown,True,False,
2026-09-25T02:05:54Z,IL,IL00057IN011400033,2026-09-25T02:05:52Z,Unknown,0,Unknown,True,False,
2026-09-25T02:05:54Z,IL,IL00057IN022200048,2026-09-25T02:05:53Z,Unknown,0,Unknown,True,False,
2026-09-25T02:05:54Z,IL,IL00074IE002800030,2026-09-25T02:05:53Z,Unknown,14,Unknown,True,False,
2026-09-25T02:05:54Z,IL,IL00055IN002700029,2026-09-25T02:05:53Z,Unknown,0,Unknown,True,False,
2026-09-25T02:05:54Z,IL,IL00072IE015200041,2026-09-25T02:04:41Z,6,16,STEADY,True,True,
2026-09-25T02:05:54Z,IL,IL00080IE005100040,2026-09-25T02:05:53Z,Unknown,39,Unknown,True,False,
2026-09-25T02:05:54Z,IL,IL00057IN026800032,2026-09-25T02:05:53Z,Unknown,25,Unknown,True,False,
2026-09-25T02:05:54Z,IL,IL00055IN010400050,2026-09-25T02:05:53Z,0,0,Unknown,False,False,
2026-09-25T02:05:54Z,IL,IL00074IE015600037,2026-09-25T02:05:53Z,0,0,Unknown,False,False,
2026-09-25T02:05:54Z,IL,IL00055IN014900028,2026-09-25T02:05:53Z,Unknown,0,Unknown,True,False,
2026-09-25T02:05:54Z,IL,IL00074IW002800020,2026-09-25T02:05:53Z,Unknown,15,Unknown,True,False,
2026-09-25T02:05:54Z,IL,IL00070IW008700045,2026-09-25T02:03:34Z,0,15,STEADY,True,True,
2026-09-25T02:05:54Z,IL,IL00057IS016500018,2026-09-25T02:05:12Z,0,15,FILLING,True,True,
2026-09-25T02:05:54Z,IL,IL00074IW011400006,2026-09-25T02:05:14Z,2,18,FILLING,True,True,
2026-09-25T02:05:54Z,IL,IL00074IE006200001,2026-09-25T02:05:15Z,8,13,STEADY,True,True,
2026-09-25T02:05:54Z,IL,IL00070IW014900008,2026-09-25T02:04:43Z,Unknown,39,Unknown,True,False,
2026-09-25T02:05:54Z,IL,IL00057IN016500044,2026-09-25T02:05:23Z,0,15,STEADY,False,False,
2026-09-25T02:05:54Z,IL,IL00055IS010400024,2026-09-25T02:03:01Z,Unknown,0,STEADY,,False,
2026-09-25T02:05:54Z,IL,IL00057IS003200025,2026-09-25T02:03:01Z,Unknown,0,STEADY,,False,
2026-09-25T02:05:54Z,IL,IL00057IN003200035,2026-09-25T02:03:01Z,Unknown,17,STEADY,,False,
2026-09-25T02:05:54Z,IN,322,2026-09-24T21:50:00-04:00,66,75,,True,false,
2026-09-25T02:05:54Z,IN,317,2026-09-24T21:51:00-04:00,Unknown,58,,True,true,
2026-09-25T02:05:54Z,IN,316,2026-09-24T21:50:00-04:00,7,58,,True,false,
2026-09-25T02:05:54Z,IN,315,2026-09-24T21:51:00-04:00,Unknown,36,,False,true,
2026-09-25T02:05:54Z,IN,314,2026-09-24T21:51:00-04:00,Unknown,36,,False,true,
2026-09-25T02:05:54Z,IN,313,2026-09-24T21:50:00-04:00,41,75,,True,false,
2026-09-25T02:05:54Z,IN,312,2026-09-24T21:50:00-04:00,35,75,,True,false,
2026-09-25T02:05:54Z,IN,311,2026-09-24T21:51:00-04:00,Unknown,13,,False,true,
2026-09-25T02:05:54Z,IN,310,2026-09-24T21:51:00-04:00,Unknown,13,,False,true,
2026-09-25T02:05:54Z,IN,308,2026-09-24T21:51:00-04:00,Unknown,75,,True,true,
2026-09-25T02:05:54Z,IN,309,2026-09-24T21:51:00-04:00,Unknown,150,,True,true,
2026-09-25T02:05:54Z,IN,318,2026-09-24T21:51:00-04:00,Unknown,78,,True,true,
2026-09-25T02:05:54Z,IN,319,2026-09-24T21:51:00-04:00,Unknown,78,,True,true,
2026-09-25T02:05:54Z,IN,320,2026-09-24T21:51:00-04:00,Unknown,83,,True,true,
2026-09-25T02:05:54Z,IN,321,2026-09-24T21:50:00-04:00,21,41,,True,false,
2026-09-25T02:05:54Z,IN,300,2026-09-24T21:50:00-04:00,80,128,,True,false,
2026-09-25T02:05:54Z,IN,302,2026-09-24T21:51:00-04:00,Unknown,30,,True,true,
2026-09-25T02:05:54Z,IN,301,2026-09-24T21:51:00-04:00,Unknown,30,,True,true,
2026-09-25T02:05:54Z,IN,303,2026-09-24T21:51:00-04:00,Unknown,194,,True,true,
2026-09-25T02:05:54Z,IN,304,2026-09-24T21:51:00-04:00,Unknown,99,,False,true,
2026-09-25T02:05:54Z,IN,305,2026-09-24T21:51:00-04:00,Unknown,156,,False,true,
2026-09-25T02:05:54Z,IN,323,2026-09-24T21:50:00-04:00,20,40,,True,true,
2026-09-25T02:05:54Z,IN,702,2026-09-24T21:50:00-04:00,38,75,,True,false,
2026-09-25T02:05:54Z,IN,701,2026-09-24T21:50:00-04:00,30,60,,True,false,
2026-09-25T02:05:54Z,IN,704,2026-09-24T21:50:00-04:00,40,80,,True,false,
2026-09-25T02:05:54Z,IN,703,2026-09-24T21:50:00-04:00,55,110,,True,false,
2026-09-25T02:05:54Z,IN,706,2026-09-24T21:50:00-04:00,35,70,,True,false,
2026-09-25T02:05:54Z,IN,705,2026-09-24T21:50:00-04:00,30,60,,True,false,
2026-09-25T02:05:54Z,IN,708,2026-09-24T21:50:00-04:00,23,45,,True,false,
2026-09-25T02:05:54Z,IN,707,2026-09-24T21:50:00-04:00,20,40,,True,false,
2026-09-25T02:05:54Z,IN,324,2026-09-24T21:50:00-04:00,16,31,,True,true,
2026-09-25T02:05:54Z,KY,KY00065IS0000020N65WELCOM,2026-09-25T02:04:02Z,8,21,CLEARING,True,True,
2026-09-25T02:05:54Z,KY,KY00065IS000020NSMARATHON,2025-12-19T00:36:53Z,16,60,STEADY,True,False,
2026-09-25T02:05:54Z,KY,KY00065IS0000340NWEIGHS34,2026-07-01T19:04:41Z,35,40,STEADY,True,False,
2026-09-25T02:05:54Z,KY,KY00065IS0011400S65SRA114,2026-09-25T02:04:09Z,LOW,26,STEADY,True,True,
2026-09-25T02:05:54Z,KY,KY00065IS0005900S65SRA059,2026-09-25T02:04:08Z,14,109,FILLING,True,True,
2026-09-25T02:05:54Z,KY,KY00065IS0005900N65NRA059,2026-08-17T17:24:33Z,23,113,STEADY,True,False,
2026-09-25T02:05:54Z,KY,KY00075IS0003300NWEIGHS33,2026-09-25T02:04:16Z,23,50,STEADY,True,False,
2026-09-25T02:05:54Z,KY,KY00075IS0003400SWEIGHS34,2026-09-25T02:04:19Z,LOW,40,STEADY,True,True,
2026-09-25T02:05:54Z,KY,KY00075IS0017700N75NRA177,2026-07-13T10:37:14Z,LOW,53,CLEARING,True,False,
2026-09-25T02:05:54Z,KY,KY00075IS0007500SWALTONWS,2026-09-25T02:03:55Z,17,45,FILLING,True,True,
2026-09-25T02:05:54Z,KY,KY00075IS0017700S75SRA177,2026-09-25T02:04:18Z,LOW,67,STEADY,True,True,
2026-09-25T02:05:54Z,KY,KY00075IS0016800SCRITENWS,2026-09-25T02:03:52Z,19,39,STEADY,True,True,
2026-09-25T02:05:54Z,KY,KY00075IS0000100N75WELCOM,2026-09-25T02:04:10Z,LOW,30,STEADY,True,False,
2026-09-25T02:06:00Z,IL,IL00074IW006200004,2026-09-25T02:05:37Z,5,12,STEADY,True,True,
2026-09-25T02:06:00Z,IL,IL00074IE011400005,2026-09-25T02:05:39Z,5,25,STEADY,True,True,
2026-09-25T02:06:00Z,IL,IL00074IW015600009,2026-09-25T02:05:51Z,0,0,Unknown,False,False,
2026-09-25T02:06:00Z,IL,IL00024IW003700010,2026-09-25T02:05:51Z,Unknown,0,Unknown,True,False,
2026-09-25T02:06:00Z,IL,IL00064IW002500011,2026-09-25T02:05:51Z,Unknown,0,Unknown,True,False,
2026-09-25T02:06:00Z,IL,IL00070IW002700015,2026-09-25T02:05:51Z,Unknown,0,Unknown,True,False,
2026-09-25T02:06:00Z,IL,IL00080IE011700043,2026-09-25T02:05:51Z,Unknown,31,Unknown,True,False,
2026-09-25T02:06:00Z,IL,IL00055IS002700019,2026-09-25T02:05:51Z,Unknown,0,Unknown,True,False,
2026-09-25T02:06:00Z,IL,IL00057IN033300049,2026-09-25T02:05:51Z,Unknown,0,Unknown,True,False,
2026-09-25T02:06:00Z,IL,IL00039IN008500036,2026-09-25T02:05:51Z,Unknown,42,Unknown,True,False,
2026-09-25T02:06:00Z,IL,IL00064IW008500012,2026-09-25T02:05:51Z,Unknown,0,Unknown,True,False,
2026-09-25T02:06:00Z,IL,IL00080IW005100013,2026-09-25T02:05:51Z,Unknown,47,Unknown,True,False,
2026-09-25T02:06:00Z,IL,IL00064IW013000053,2026-09-25T02:05:51Z,0,0,Unknown,False,False,
2026-09-25T02:06:00Z,IL,IL00080IW011700016,2026-09-25T02:05:51Z,Unknown,39,Unknown,True,False,
2026-09-25T02:06:00Z,IL,IL00055IN019400031,2026-09-25T02:05:51Z,Unknown,36,Unknown,True,False,
2026-09-25T02:06:00Z,IL,IL00072IW015200014,2026-09-25T02:05:51Z,Unknown,17,Unknown,True,False,
2026-09-25T02:06:00Z,IL,IL00074IW020800052,2026-09-25T02:05:51Z,Unknown,0,Unknown,True,False,
2026-09-25T02:06:00Z,IL,IL00055IS006400017,2026-09-25T02:05:51Z,Unknown,0,Unknown,True,False,
2026-09-25T02:06:00Z,IL,IL00057IS011400023,2026-09-25T02:05:52Z,Unknown,0,Unknown,True,False,
2026-09-25T02:06:00Z,IL,IL00057IS007900047,2026-09-25T02:05:52Z,Unknown,0,Unknown,True,False,
2026-09-25T02:06:00Z,IL,IL00057IS022200054,2026-09-25T02:05:52Z,Unknown,0,Unknown,True,False,
2026-09-25T02:06:00Z,IL,IL00057IN007900034,2026-09-25T02:05:52Z,Unknown,0,Unknown,True,False,
2026-09-25T02:06:00Z,IL,IL00064IE002500038,2026-09-25T02:05:52Z,0,0,Unknown,False,False,
2026-09-25T02:06:00Z,IL,IL00064IE008500039,2026-09-25T02:05:52Z,Unknown,0,Unknown,True,False,
2026-09-25T02:06:00Z,IL,IL00070IE008600051,2026-09-25T02:05:52Z,0,0,Unknown,False,False,
2026-09-25T02:06:00Z,IL,IL00070IE002700042,2026-09-25T02:05:52Z,Unknown,0,Unknown,True,False,
2026-09-25T02:06:00Z,IL,IL00055IS019400021,2026-09-25T02:05:52Z,Unknown,29,Unknown,True,False,
2026-09-25T02:06:00Z,IL,IL00057IS026800022,2026-09-25T02:05:52Z,Unknown,27,Unknown,True,False,
2026-09-25T02:06:00Z,IL,IL00057IS033300046,2026-09-25T02:05:52Z,Unknown,0,Unknown,True,False,
2026-09-25T02:06:00Z,IL,IL00039IS008500026,2026-09-25T02:05:52Z,Unknown,42,Unknown,True,False,
2026-09-25T02:06:00Z,IL,IL00055IN006400027,2026-09-25T02:05:52Z,Unknown,0,Unknown,True,False,
2026-09-25T02:06:00Z,IL,IL00057IN011400033,2026-09-25T02:05:52Z,Unknown,0,Unknown,True,False,
2026-09-25T02:06:00Z,IL,IL00057IN022200048,2026-09-25T02:05:53Z,Unknown,0,Unknown,True,False,
2026-09-25T02:06:00Z,IL,IL00074IE002800030,2026-09-25T02:05:53Z,Unknown,14,Unknown,True,False,
2026-09-25T02:06:00Z,IL,IL00055IN002700029,2026-09-25T02:05:53Z,Unknown,0,Unknown,True,False,
2026-09-25T02:06:00Z,IL,IL00072IE015200041,2026-09-25T02:04:41Z,6,16,STEADY,True,True,
2026-09-25T02:06:00Z,IL,IL00080IE005100040,2026-09-25T02:05:53Z,Unknown,39,Unknown,True,False,
2026-09-25T02:06:00Z,IL,IL00057IN026800032,2026-09-25T02:05:53Z,Unknown,25,Unknown,True,False,
2026-09-25T02:06:00Z,IL,IL00055IN010400050,2026-09-25T02:05:53Z,0,0,Unknown,False,False,
2026-09-25T02:06:00Z,IL,IL00074IE015600037,2026-09-25T02:05:53Z,0,0,Unknown,False,False,
2026-09-25T02:06:00Z,IL,IL00055IN014900028,2026-09-25T02:05:53Z,Unknown,0,Unknown,True,False,
2026-09-25T02:06:00Z,IL,IL00074IW002800020,2026-09-25T02:05:53Z,Unknown,15,Unknown,True,False,
2026-09-25T02:06:00Z,IL,IL00070IW008700045,2026-09-25T02:03:34Z,0,15,STEADY,True,True,
2026-09-25T02:06:00Z,IL,IL00057IS016500018,2026-09-25T02:05:12Z,0,15,FILLING,True,True,
2026-09-25T02:06:00Z,IL,IL00074IW011400006,2026-09-25T02:05:14Z,2,18,FILLING,True,True,
2026-09-25T02:06:00Z,IL,IL00074IE006200001,2026-09-25T02:05:15Z,8,13,STEADY,True,True,
2026-09-25T02:06:00Z,IL,IL00070IW014900008,2026-09-25T02:04:43Z,Unknown,39,Unknown,True,False,
2026-09-25T02:06:00Z,IL,IL00057IN016500044,2026-09-25T02:05:23Z,0,15,STEADY,False,False,
2026-09-25T02:06:00Z,IL,IL00055IS010400024,2026-09-25T02:03:01Z,Unknown,0,STEADY,,False,
2026-09-25T02:06:00Z,IL,IL00057IS003200025,2026-09-25T02:03:01Z,Unknown,0,STEADY,,False,
2026-09-25T02:06:00Z,IL,IL00057IN003200035,2026-09-25T02:03:01Z,Unknown,17,STEADY,,False,
2026-09-25T02:06:00Z,IN,322,2026-09-24T21:50:00-04:00,66,75,,True,false,
2026-09-25T02:06:00Z,IN,317,2026-09-24T21:51:00-04:00,Unknown,58,,True,true,
2026-09-25T02:06:00Z,IN,316,2026-09-24T21:50:00-04:00,7,58,,True,false,
2026-09-25T02:06:00Z,IN,315,2026-09-24T21:51:00-04:00,Unknown,36,,False,true,
2026-09-25T02:06:00Z,IN,314,2026-09-24T21:51:00-04:00,Unknown,36,,False,true,
2026-09-25T02:06:00Z,IN,313,2026-09-24T21:50:00-04:00,41,75,,True,false,
2026-09-25T02:06:00Z,IN,312,2026-09-24T21:50:00-04:00,35,75,,True,false,
2026-09-25T02:06:00Z,IN,311,2026-09-24T21:51:00-04:00,Unknown,13,,False,true,
2026-09-25T02:06:00Z,IN,310,2026-09-24T21:51:00-04:00,Unknown,13,,False,true,
2026-09-25T02:06:00Z,IN,308,2026-09-24T21:51:00-04:00,Unknown,75,,True,true,
2026-09-25T02:06:00Z,IN,309,2026-09-24T21:51:00-04:00,Unknown,150,,True,true,
2026-09-25T02:06:00Z,IN,318,2026-09-24T21:51:00-04:00,Unknown,78,,True,true,
2026-09-25T02:06:00Z,IN,319,2026-09-24T21:51:00-04:00,Unknown,78,,True,true,
2026-09-25T02:06:00Z,IN,320,2026-09-24T21:51:00-04:00,Unknown,83,,True,true,
2026-09-25T02:06:00Z,IN,321,2026-09-24T21:50:00-04:00,21,41,,True,false,
2026-09-25T02:06:00Z,IN,300,2026-09-24T21:50:00-04:00,80,128,,True,false,
2026-09-25T02:06:00Z,IN,302,2026-09-24T21:51:00-04:00,Unknown,30,,True,true,
2026-09-25T02:06:00Z,IN,301,2026-09-24T21:51:00-04:00,Unknown,30,,True,true,
2026-09-25T02:06:00Z,IN,303,2026-09-24T21:51:00-04:00,Unknown,194,,True,true,
2026-09-25T02:06:00Z,IN,304,2026-09-24T21:51:00-04:00,Unknown,99,,False,true,
2026-09-25T02:06:00Z,IN,305,2026-09-24T21:51:00-04:00,Unknown,156,,False,true,
2026-09-25T02:06:00Z,IN,323,2026-09-24T21:50:00-04:00,20,40,,True,true,
2026-09-25T02:06:00Z,IN,702,2026-09-24T21:50:00-04:00,38,75,,True,false,
2026-09-25T02:06:00Z,IN,701,2026-09-24T21:50:00-04:00,30,60,,True,false,
2026-09-25T02:06:00Z,IN,704,2026-09-24T21:50:00-04:00,40,80,,True,false,
2026-09-25T02:06:00Z,IN,703,2026-09-24T21:50:00-04:00,55,110,,True,false,
2026-09-25T02:06:00Z,IN,706,2026-09-24T21:50:00-04:00,35,70,,True,false,
2026-09-25T02:06:00Z,IN,705,2026-09-24T21:50:00-04:00,30,60,,True,false,
2026-09-25T02:06:00Z,IN,708,2026-09-24T21:50:00-04:00,23,45,,True,false,
2026-09-25T02:06:00Z,IN,707,2026-09-24T21:50:00-04:00,20,40,,True,false,
2026-09-25T02:06:00Z,IN,324,2026-09-24T21:50:00-04:00,16,31,,True,true,
2026-09-25T02:06:00Z,KY,KY00065IS0000020N65WELCOM,2026-09-25T02:04:02Z,8,21,CLEARING,True,True,
2026-09-25T02:06:00Z,KY,KY00065IS000020NSMARATHON,2025-12-19T00:36:53Z,16,60,STEADY,True,False,
2026-09-25T02:06:00Z,KY,KY00065IS0000340NWEIGHS34,2026-07-01T19:04:41Z,35,40,STEADY,True,False,
2026-09-25T02:06:00Z,KY,KY00065IS0011400S65SRA114,2026-09-25T02:04:09Z,LOW,26,STEADY,True,True,
2026-09-25T02:06:00Z,KY,KY00065IS0005900S65SRA059,2026-09-25T02:04:08Z,14,109,FILLING,True,True,
2026-09-25T02:06:00Z,KY,KY00065IS0005900N65NRA059,2026-08-17T17:24:33Z,23,113,STEADY,True,False,
2026-09-25T02:06:00Z,KY,KY00075IS0003300NWEIGHS33,2026-09-25T02:04:16Z,23,50,STEADY,True,False,
2026-09-25T02:06:00Z,KY,KY00075IS0003400SWEIGHS34,2026-09-25T02:04:19Z,LOW,40,STEADY,True,True,
2026-09-25T02:06:00Z,KY,KY00075IS0017700N75NRA177,2026-07-13T10:37:14Z,LOW,53,CLEARING,True,False,
2026-09-25T02:06:00Z,KY,KY00075IS0007500SWALTONWS,2026-09-25T02:03:55Z,17,45,FILLING,True,True,
2026-09-25T02:06:00Z,KY,KY00075IS0017700S75SRA177,2026-09-25T02:04:18Z,LOW,67,STEADY,True,True,
2026-09-25T02:06:00Z,KY,KY00075IS0016800SCRITENWS,2026-09-25T02:03:52Z,19,39,STEADY,True,True,
2026-09-25T02:06:00Z,KY,KY00075IS0000100N75WELCOM,2026-09-25T02:04:10Z,LOW,30,STEADY,True,False,
2026-09-25T02:06:07Z,IL,IL00074IW006200004,2026-09-25T02:05:37Z,5,12,STEADY,True,True,
2026-09-25T02:06:07Z,IL,IL00074IE011400005,2026-09-25T02:05:39Z,5,25,STEADY,True,True,
2026-09-25T02:06:07Z,IL,IL00072IE015200041,2026-09-25T02:04:41Z,6,16,STEADY,True,True,
2026-09-25T02:06:07Z,IL,IL00074IW015600009,2026-09-25T02:06:03Z,0,0,Unknown,False,False,
2026-09-25T02:06:07Z,IL,IL00024IW003700010,2026-09-25T02:06:03Z,Unknown,0,Unknown,True,False,
2026-09-25T02:06:07Z,IL,IL00064IW002500011,2026-09-25T02:06:03Z,Unknown,0,Unknown,True,False,
2026-09-25T02:06:07Z,IL,IL00070IW002700015,2026-09-25T02:06:04Z,Unknown,0,Unknown,True,False,
2026-09-25T02:06:07Z,IL,IL00080IE011700043,2026-09-25T02:06:04Z,Unknown,31,Unknown,True,False,
2026-09-25T02:06:07Z,IL,IL00055IS002700019,2026-09-25T02:06:04Z,Unknown,0,Unknown,True,False,
2026-09-25T02:06:07Z,IL,IL00057IN033300049,2026-09-25T02:06:04Z,Unknown,0,Unknown,True,False,
2026-09-25T02:06:07Z,IL,IL00039IN008500036,2026-09-25T02:06:04Z,Unknown,42,Unknown,True,False,
2026-09-25T02:06:07Z,IL,IL00064IW008500012,2026-09-25T02:06:04Z,Unknown,0,Unknown,True,False,
2026-09-25T02:06:07Z,IL,IL00080IW005100013,2026-09-25T02:06:04Z,Unknown,47,Unknown,True,False,
2026-09-25T02:06:07Z,IL,IL00064IW013000053,2026-09-25T02:06:04Z,0,0,Unknown,False,False,
2026-09-25T02:06:07Z,IL,IL00080IW011700016,2026-09-25T02:06:04Z,Unknown,39,Unknown,True,False,
2026-09-25T02:06:07Z,IL,IL00055IN019400031,2026-09-25T02:06:04Z,Unknown,36,Unknown,True,False,
2026-09-25T02:06:07Z,IL,IL00072IW015200014,2026-09-25T02:06:04Z,Unknown,17,Unknown,True,False,
2026-09-25T02:06:07Z,IL,IL00074IW020800052,2026-09-25T02:06:04Z,Unknown,0,Unknown,True,False,
2026-09-25T02:06:07Z,IL,IL00055IS006400017,2026-09-25T02:06:04Z,Unknown,0,Unknown,True,False,
2026-09-25T02:06:07Z,IL,IL00057IS011400023,2026-09-25T02:06:04Z,Unknown,0,Unknown,True,False,
2026-09-25T02:06:07Z,IL,IL00057IS007900047,2026-09-25T02:06:04Z,Unknown,0,Unknown,True,False,
2026-09-25T02:06:07Z,IL,IL00057IS022200054,2026-09-25T02:06:04Z,Unknown,0,Unknown,True,False,
2026-09-25T02:06:07Z,IL,IL00057IN007900034,2026-09-25T02:06:04Z,Unknown,0,Unknown,True,False,
2026-09-25T02:06:07Z,IL,IL00064IE002500038,2026-09-25T02:06:04Z,0,0,Unknown,False,False,
2026-09-25T02:06:07Z,IL,IL00064IE008500039,2026-09-25T02:06:04Z,Unknown,0,Unknown,True,False,
2026-09-25T02:06:07Z,IL,IL00070IE008600051,2026-09-25T02:06:04Z,0,0,Unknown,False,False,
2026-09-25T02:06:07Z,IL,IL00070IE002700042,2026-09-25T02:06:04Z,Unknown,0,Unknown,True,False,
2026-09-25T02:06:07Z,IL,IL00055IS019400021,2026-09-25T02:06:04Z,Unknown,29,Unknown,True,False,
2026-09-25T02:06:07Z,IL,IL00057IS026800022,2026-09-25T02:06:04Z,Unknown,27,Unknown,True,False,
2026-09-25T02:06:07Z,IL,IL00057IS033300046,2026-09-25T02:06:04Z,Unknown,0,Unknown,True,False,
2026-09-25T02:06:07Z,IL,IL00039IS008500026,2026-09-25T02:06:04Z,Unknown,42,Unknown,True,False,
2026-09-25T02:06:07Z,IL,IL00055IN006400027,2026-09-25T02:06:05Z,Unknown,0,Unknown,True,False,
2026-09-25T02:06:07Z,IL,IL00057IN011400033,2026-09-25T02:06:05Z,Unknown,0,Unknown,True,False,
2026-09-25T02:06:07Z,IL,IL00057IN022200048,2026-09-25T02:06:05Z,Unknown,0,Unknown,True,False,
2026-09-25T02:06:07Z,IL,IL00074IE002800030,2026-09-25T02:06:05Z,Unknown,14,Unknown,True,False,
2026-09-25T02:06:07Z,IL,IL00055IN002700029,2026-09-25T02:06:05Z,Unknown,0,Unknown,True,False,
2026-09-25T02:06:07Z,IL,IL00080IE005100040,2026-09-25T02:06:05Z,Unknown,39,Unknown,True,False,
2026-09-25T02:06:07Z,IL,IL00057IN026800032,2026-09-25T02:06:05Z,Unknown,25,Unknown,True,False,
2026-09-25T02:06:07Z,IL,IL00055IN010400050,2026-09-25T02:06:05Z,0,0,Unknown,False,False,
2026-09-25T02:06:07Z,IL,IL00074IE015600037,2026-09-25T02:06:05Z,0,0,Unknown,False,False,
2026-09-25T02:06:07Z,IL,IL00055IN014900028,2026-09-25T02:06:05Z,Unknown,0,Unknown,True,False,
2026-09-25T02:06:07Z,IL,IL00074IW002800020,2026-09-25T02:06:05Z,Unknown,15,Unknown,True,False,
2026-09-25T02:06:07Z,IL,IL00070IW008700045,2026-09-25T02:03:34Z,0,15,STEADY,True,True,
2026-09-25T02:06:07Z,IL,IL00057IS016500018,2026-09-25T02:05:12Z,0,15,FILLING,True,True,
2026-09-25T02:06:07Z,IL,IL00074IW011400006,2026-09-25T02:05:14Z,2,18,FILLING,True,True,
2026-09-25T02:06:07Z,IL,IL00074IE006200001,2026-09-25T02:05:15Z,8,13,STEADY,True,True,
2026-09-25T02:06:07Z,IL,IL00070IW014900008,2026-09-25T02:04:43Z,Unknown,39,Unknown,True,False,
2026-09-25T02:06:07Z,IL,IL00057IN016500044,2026-09-25T02:05:23Z,0,15,STEADY,False,False,
2026-09-25T02:06:07Z,IL,IL00055IS010400024,2026-09-25T02:03:01Z,Unknown,0,STEADY,,False,
2026-09-25T02:06:07Z,IL,IL00057IS003200025,2026-09-25T02:03:01Z,Unknown,0,STEADY,,False,
2026-09-25T02:06:07Z,IL,IL00057IN003200035,2026-09-25T02:03:01Z,Unknown,17,STEADY,,False,
2026-09-25T02:06:07Z,IN,322,2026-09-24T21:50:00-04:00,66,75,,True,false,
2026-09-25T02:06:07Z,IN,317,2026-09-24T21:51:00-04:00,Unknown,58,,True,true,
2026-09-25T02:06:07Z,IN,316,2026-09-24T21:50:00-04:00,7,58,,True,false,
2026-09-25T02:06:07Z,IN,315,2026-09-24T21:51:00-04:00,Unknown,36,,False,true,
2026-09-25T02:06:07Z,IN,314,2026-09-24T21:51:00-04:00,Unknown,36,,False,true,
2026-09-25T02:06:07Z,IN,313,2026-09-24T21:50:00-04:00,41,75,,True,false,
2026-09-25T02:06:07Z,IN,312,2026-09-24T21:50:00-04:00,35,75,,True,false,
2026-09-25T02:06:07Z,IN,311,2026-09-24T21:51:00-04:00,Unknown,13,,False,true,
2026-09-25T02:06:07Z,IN,310,2026-09-24T21:51:00-04:00,Unknown,13,,False,true,
2026-09-25T02:06:07Z,IN,308,2026-09-24T21:51:00-04:00,Unknown,75,,True,true,
2026-09-25T02:06:07Z,IN,309,2026-09-24T21:51:00-04:00,Unknown,150,,True,true,
2026-09-25T02:06:07Z,IN,318,2026-09-24T21:51:00-04:00,Unknown,78,,True,true,
2026-09-25T02:06:07Z,IN,319,2026-09-24T21:51:00-04:00,Unknown,78,,True,true,
2026-09-25T02:06:07Z,IN,320,2026-09-24T21:51:00-04:00,Unknown,83,,True,true,
2026-09-25T02:06:07Z,IN,321,2026-09-24T21:50:00-04:00,21,41,,True,false,
2026-09-25T02:06:07Z,IN,300,2026-09-24T21:50:00-04:00,80,128,,True,false,
2026-09-25T02:06:07Z,IN,302,2026-09-24T21:51:00-04:00,Unknown,30,,True,true,
2026-09-25T02:06:07Z,IN,301,2026-09-24T21:51:00-04:00,Unknown,30,,True,true,
2026-09-25T02:06:07Z,IN,303,2026-09-24T21:51:00-04:00,Unknown,194,,True,true,
2026-09-25T02:06:07Z,IN,304,2026-09-24T21:51:00-04:00,Unknown,99,,False,true,
2026-09-25T02:06:07Z,IN,305,2026-09-24T21:51:00-04:00,Unknown,156,,False,true,
2026-09-25T02:06:07Z,IN,323,2026-09-24T21:50:00-04:00,20,40,,True,true,
2026-09-25T02:06:07Z,IN,702,2026-09-24T21:50:00-04:00,38,75,,True,false,
2026-09-25T02:06:07Z,IN,701,2026-09-24T21:50:00-04:00,30,60,,True,false,
2026-09-25T02:06:07Z,IN,704,2026-09-24T21:50:00-04:00,40,80,,True,false,
2026-09-25T02:06:07Z,IN,703,2026-09-24T21:50:00-04:00,55,110,,True,false,
2026-09-25T02:06:07Z,IN,706,2026-09-24T21:50:00-04:00,35,70,,True,false,
2026-09-25T02:06:07Z,IN,705,2026-09-24T21:50:00-04:00,30,60,,True,false,
2026-09-25T02:06:07Z,IN,708,2026-09-24T21:50:00-04:00,23,45,,True,false,
2026-09-25T02:06:07Z,IN,707,2026-09-24T21:50:00-04:00,20,40,,True,false,
2026-09-25T02:06:07Z,IN,324,2026-09-24T21:50:00-04:00,16,31,,True,true,
2026-09-25T02:06:07Z,KY,KY00065IS0000020N65WELCOM,2026-09-25T02:05:01Z,8,21,CLEARING,True,True,
2026-09-25T02:06:07Z,KY,KY00065IS000020NSMARATHON,2025-12-19T00:36:53Z,16,60,STEADY,True,False,
2026-09-25T02:06:07Z,KY,KY00065IS0000340NWEIGHS34,2026-07-01T19:04:41Z,35,40,STEADY,True,False,
2026-09-25T02:06:07Z,KY,KY00065IS0011400S65SRA114,2026-09-25T02:05:10Z,LOW,26,STEADY,True,True,
2026-09-25T02:06:07Z,KY,KY00065IS0005900S65SRA059,2026-09-25T02:05:07Z,14,109,FILLING,True,True,
2026-09-25T02:06:07Z,KY,KY00065IS0005900N65NRA059,2026-08-17T17:24:33Z,23,113,STEADY,True,False,
2026-09-25T02:06:07Z,KY,KY00075IS0003300NWEIGHS33,2026-09-25T02:05:15Z,23,50,STEADY,True,False,
2026-09-25T02:06:07Z,KY,KY00075IS0003400SWEIGHS34,2026-09-25T02:05:18Z,LOW,40,STEADY,True,True,
2026-09-25T02:06:07Z,KY,KY00075IS0017700N75NRA177,2026-07-13T10:37:14Z,LOW,53,CLEARING,True,False,
2026-09-25T02:06:07Z,KY,KY00075IS0007500SWALTONWS,2026-09-25T02:04:56Z,17,45,FILLING,True,True,
2026-09-25T02:06:07Z,KY,KY00075IS0017700S75SRA177,2026-09-25T02:05:18Z,LOW,67,STEADY,True,True,
2026-09-25T02:06:07Z,KY,KY00075IS0016800SCRITENWS,2026-09-25T02:04:52Z,19,39,STEADY,True,True,
2026-09-25T02:06:07Z,KY,KY00075IS0000100N75WELCOM,2026-09-25T02:05:10Z,LOW,30,STEADY,True,False,
2026-09-25T02:06:13Z,IL,IL00074IW006200004,2026-09-25T02:05:37Z,5,12,STEADY,True,True,
2026-09-25T02:06:13Z,IL,IL00074IE011400005,2026-09-25T02:05:39Z,5,25,STEADY,True,True,
2026-09-25T02:06:13Z,IL,IL00072IE015200041,2026-09-25T02:04:41Z,6,16,STEADY,True,True,
2026-09-25T02:06:13Z,IL,IL00074IW015600009,2026-09-25T02:06:03Z,0,0,Unknown,False,False,
2026-09-25T02:06:13Z,IL,IL00024IW003700010,2026-09-25T02:06:03Z,Unknown,0,Unknown,True,False,
2026-09-25T02:06:13Z,IL,IL00064IW002500011,2026-09-25T02:06:03Z,Unknown,0,Unknown,True,False,
2026-09-25T02:06:13Z,IL,IL00070IW002700015,2026-09-25T02:06:04Z,Unknown,0,Unknown,True,False,
2026-09-25T02:06:13Z,IL,IL00080IE011700043,2026-09-25T02:06:04Z,Unknown,31,Unknown,True,False,
2026-09-25T02:06:13Z,IL,IL00055IS002700019,2026-09-25T02:06:04Z,Unknown,0,Unknown,True,False,
2026-09-25T02:06:13Z,IL,IL00057IN033300049,2026-09-25T02:06:04Z,Unknown,0,Unknown,True,False,
2026-09-25T02:06:13Z,IL,IL00039IN008500036,2026-09-25T02:06:04Z,Unknown,42,Unknown,True,False,
2026-09-25T02:06:13Z,IL,IL00064IW008500012,2026-09-25T02:06:04Z,Unknown,0,Unknown,True,False,
2026-09-25T02:06:13Z,IL,IL00080IW005100013,2026-09-25T02:06:04Z,Unknown,47,Unknown,True,False,
2026-09-25T02:06:13Z,IL,IL00064IW013000053,2026-09-25T02:06:04Z,0,0,Unknown,False,False,
2026-09-25T02:06:13Z,IL,IL00080IW011700016,2026-09-25T02:06:04Z,Unknown,39,Unknown,True,False,
2026-09-25T02:06:13Z,IL,IL00055IN019400031,2026-09-25T02:06:04Z,Unknown,36,Unknown,True,False,
2026-09-25T02:06:13Z,IL,IL00072IW015200014,2026-09-25T02:06:04Z,Unknown,17,Unknown,True,False,
2026-09-25T02:06:13Z,IL,IL00074IW020800052,2026-09-25T02:06:04Z,Unknown,0,Unknown,True,False,
2026-09-25T02:06:13Z,IL,IL00055IS006400017,2026-09-25T02:06:04Z,Unknown,0,Unknown,True,False,
2026-09-25T02:06:13Z,IL,IL00057IS011400023,2026-09-25T02:06:04Z,Unknown,0,Unknown,True,False,
2026-09-25T02:06:13Z,IL,IL00057IS007900047,2026-09-25T02:06:04Z,Unknown,0,Unknown,True,False,
2026-09-25T02:06:13Z,IL,IL00057IS022200054,2026-09-25T02:06:04Z,Unknown,0,Unknown,True,False,
2026-09-25T02:06:13Z,IL,IL00057IN007900034,2026-09-25T02:06:04Z,Unknown,0,Unknown,True,False,
2026-09-25T02:06:13Z,IL,IL00064IE002500038,2026-09-25T02:06:04Z,0,0,Unknown,False,False,
2026-09-25T02:06:13Z,IL,IL00064IE008500039,2026-09-25T02:06:04Z,Unknown,0,Unknown,True,False,
2026-09-25T02:06:13Z,IL,IL00070IE008600051,2026-09-25T02:06:04Z,0,0,Unknown,False,False,
2026-09-25T02:06:13Z,IL,IL00070IE002700042,2026-09-25T02:06:04Z,Unknown,0,Unknown,True,False,
2026-09-25T02:06:13Z,IL,IL00055IS019400021,2026-09-25T02:06:04Z,Unknown,29,Unknown,True,False,
2026-09-25T02:06:13Z,IL,IL00057IS026800022,2026-09-25T02:06:04Z,Unknown,27,Unknown,True,False,
2026-09-25T02:06:13Z,IL,IL00057IS033300046,2026-09-25T02:06:04Z,Unknown,0,Unknown,True,False,
2026-09-25T02:06:13Z,IL,IL00039IS008500026,2026-09-25T02:06:04Z,Unknown,42,Unknown,True,False,
2026-09-25T02:06:13Z,IL,IL00055IN006400027,2026-09-25T02:06:05Z,Unknown,0,Unknown,True,False,
2026-09-25T02:06:13Z,IL,IL00057IN011400033,2026-09-25T02:06:05Z,Unknown,0,Unknown,True,False,
2026-09-25T02:06:13Z,IL,IL00057IN022200048,2026-09-25T02:06:05Z,Unknown,0,Unknown,True,False,
2026-09-25T02:06:13Z,IL,IL00074IE002800030,2026-09-25T02:06:05Z,Unknown,14,Unknown,True,False,
2026-09-25T02:06:13Z,IL,IL00055IN002700029,2026-09-25T02:06:05Z,Unknown,0,Unknown,True,False,
2026-09-25T02:06:13Z,IL,IL00080IE005100040,2026-09-25T02:06:05Z,Unknown,39,Unknown,True,False,
2026-09-25T02:06:13Z,IL,IL00057IN026800032,2026-09-25T02:06:05Z,Unknown,25,Unknown,True,False,
2026-09-25T02:06:13Z,IL,IL00055IN010400050,2026-09-25T02:06:05Z,0,0,Unknown,False,False,
2026-09-25T02:06:13Z,IL,IL00074IE015600037,2026-09-25T02:06:05Z,0,0,Unknown,False,False,
2026-09-25T02:06:13Z,IL,IL00055IN014900028,2026-09-25T02:06:05Z,Unknown,0,Unknown,True,False,
2026-09-25T02:06:13Z,IL,IL00074IW002800020,2026-09-25T02:06:05Z,Unknown,15,Unknown,True,False,
2026-09-25T02:06:13Z,IL,IL00070IW008700045,2026-09-25T02:03:34Z,0,15,STEADY,True,True,
2026-09-25T02:06:13Z,IL,IL00057IS016500018,2026-09-25T02:05:12Z,0,15,FILLING,True,True,
2026-09-25T02:06:13Z,IL,IL00074IW011400006,2026-09-25T02:06:07Z,2,18,STEADY,True,True,
2026-09-25T02:06:13Z,IL,IL00074IE006200001,2026-09-25T02:06:08Z,8,13,STEADY,True,True,
2026-09-25T02:06:13Z,IL,IL00070IW014900008,2026-09-25T02:04:43Z,Unknown,39,Unknown,True,False,
2026-09-25T02:06:13Z,IL,IL00057IN016500044,2026-09-25T02:05:23Z,0,15,STEADY,False,False,
2026-09-25T02:06:13Z,IL,IL00055IS010400024,2026-09-25T02:03:01Z,Unknown,0,STEADY,,False,
2026-09-25T02:06:13Z,IL,IL00057IS003200025,2026-09-25T02:03:01Z,Unknown,0,STEADY,,False,
2026-09-25T02:06:13Z,IL,IL00057IN003200035,2026-09-25T02:03:01Z,Unknown,17,STEADY,,False,
2026-09-25T02:06:13Z,IN,322,2026-09-24T21:50:00-04:00,66,75,,True,false,
2026-09-25T02:06:13Z,IN,317,2026-09-24T21:51:00-04:00,Unknown,58,,True,true,
2026-09-25T02:06:13Z,IN,316,2026-09-24T21:50:00-04:00,7,58,,True,false,
2026-09-25T02:06:13Z,IN,315,2026-09-24T21:51:00-04:00,Unknown,36,,False,true,
2026-09-25T02:06:13Z,IN,314,2026-09-24T21:51:00-04:00,Unknown,36,,False,true,
2026-09-25T02:06:13Z,IN,313,2026-09-24T21:50:00-04:00,41,75,,True,false,
2026-09-25T02:06:13Z,IN,312,2026-09-24T21:50:00-04:00,35,75,,True,false,
2026-09-25T02:06:13Z,IN,311,2026-09-24T21:51:00-04:00,Unknown,13,,False,true,
2026-09-25T02:06:13Z,IN,310,2026-09-24T21:51:00-04:00,Unknown,13,,False,true,
2026-09-25T02:06:13Z,IN,308,2026-09-24T21:51:00-04:00,Unknown,75,,True,true,
2026-09-25T02:06:13Z,IN,309,2026-09-24T21:51:00-04:00,Unknown,150,,True,true,
2026-09-25T02:06:13Z,IN,318,2026-09-24T21:51:00-04:00,Unknown,78,,True,true,
2026-09-25T02:06:13Z,IN,319,2026-09-24T21:51:00-04:00,Unknown,78,,True,true,
2026-09-25T02:06:13Z,IN,320,2026-09-24T21:51:00-04:00,Unknown,83,,True,true,
2026-09-25T02:06:13Z,IN,321,2026-09-24T21:50:00-04:00,21,41,,True,false,
2026-09-25T02:06:13Z,IN,300,2026-09-24T21:50:00-04:00,80,128,,True,false,
2026-09-25T02:06:13Z,IN,302,2026-09-24T21:51:00-04:00,Unknown,30,,True,true,
2026-09-25T02:06:13Z,IN,301,2026-09-24T21:51:00-04:00,Unknown,30,,True,true,
2026-09-25T02:06:13Z,IN,303,2026-09-24T21:51:00-04:00,Unknown,194,,True,true,
2026-09-25T02:06:13Z,IN,304,2026-09-24T21:51:00-04:00,Unknown,99,,False,true,
2026-09-25T02:06:13Z,IN,305,2026-09-24T21:51:00-04:00,Unknown,156,,False,true,
2026-09-25T02:06:13Z,IN,323,2026-09-24T21:50:00-04:00,20,40,,True,true,
2026-09-25T02:06:13Z,IN,702,2026-09-24T21:50:00-04:00,38,75,,True,false,
2026-09-25T02:06:13Z,IN,701,2026-09-24T21:50:00-04:00,30,60,,True,false,
2026-09-25T02:06:13Z,IN,704,2026-09-24T21:50:00-04:00,40,80,,True,false,
2026-09-25T02:06:13Z,IN,703,2026-09-24T21:50:00-04:00,55,110,,True,false,
2026-09-25T02:06:13Z,IN,706,2026-09-24T21:50:00-04:00,35,70,,True,false,
2026-09-25T02:06:13Z,IN,705,2026-09-24T21:50:00-04:00,30,60,,True,false,
2026-09-25T02:06:13Z,IN,708,2026-09-24T21:50:00-04:00,23,45,,True,false,
2026-09-25T02:06:13Z,IN,707,2026-09-24T21:50:00-04:00,20,40,,True,false,
2026-09-25T02:06:13Z,IN,324,2026-09-24T21:50:00-04:00,16,31,,True,true,
2026-09-25T02:06:13Z,KY,KY00065IS0000020N65WELCOM,2026-09-25T02:05:01Z,8,21,CLEARING,True,True,
2026-09-25T02:06:13Z,KY,KY00065IS000020NSMARATHON,2025-12-19T00:36:53Z,16,60,STEADY,True,False,
2026-09-25T02:06:13Z,KY,KY00065IS0000340NWEIGHS34,2026-07-01T19:04:41Z,35,40,STEADY,True,False,
2026-09-25T02:06:13Z,KY,KY00065IS0011400S65SRA114,2026-09-25T02:05:10Z,LOW,26,STEADY,True,True,
2026-09-25T02:06:13Z,KY,KY00065IS0005900S65SRA059,2026-09-25T02:05:07Z,14,109,FILLING,True,True,
2026-09-25T02:06:13Z,KY,KY00065IS0005900N65NRA059,2026-08-17T17:24:33Z,23,113,STEADY,True,False,
2026-09-25T02:06:13Z,KY,KY00075IS0003300NWEIGHS33,2026-09-25T02:05:15Z,23,50,STEADY,True,False,
2026-09-25T02:06:13Z,KY,KY00075IS0003400SWEIGHS34,2026-09-25T02:05:18Z,LOW,40,STEADY,True,True,
2026-09-25T02:06:13Z,KY,KY00075IS0017700N75NRA177,2026-07-13T10:37:14Z,LOW,53,CLEARING,True,False,
2026-09-25T02:06:13Z,KY,KY00075IS0007500SWALTONWS,2026-09-25T02:04:56Z,17,45,FILLING,True,True,
2026-09-25T02:06:13Z,KY,KY00075IS0017700S75SRA177,2026-09-25T02:05:18Z,LOW,67,STEADY,True,True,
2026-09-25T02:06:13Z,KY,KY00075IS0016800SCRITENWS,2026-09-25T02:04:52Z,19,39,STEADY,True,True,
2026-09-25T02:06:13Z,KY,KY00075IS0000100N75WELCOM,2026-09-25T02:05:10Z,LOW,30,STEADY,True,False,
2026-09-25T02:06:19Z,IL,IL00074IW006200004,2026-09-25T02:05:37Z,5,12,STEADY,True,True,
2026-09-25T02:06:19Z,IL,IL00074IE011400005,2026-09-25T02:05:39Z,5,25,STEADY,True,True,
2026-09-25T02:06:19Z,IL,IL00072IE015200041,2026-09-25T02:04:41Z,6,16,STEADY,True,True,
2026-09-25T02:06:19Z,IL,IL00057IS007900047,2026-09-25T02:06:04Z,Unknown,0,Unknown,True,False,
2026-09-25T02:06:19Z,IL,IL00057IS022200054,2026-09-25T02:06:04Z,Unknown,0,Unknown,True,False,
2026-09-25T02:06:19Z,IL,IL00057IN007900034,2026-09-25T02:06:04Z,Unknown,0,Unknown,True,False,
2026-09-25T02:06:19Z,IL,IL00064IE002500038,2026-09-25T02:06:04Z,0,0,Unknown,False,False,
2026-09-25T02:06:19Z,IL,IL00064IE008500039,2026-09-25T02:06:04Z,Unknown,0,Unknown,True,False,
2026-09-25T02:06:19Z,IL,IL00070IE008600051,2026-09-25T02:06:04Z,0,0,Unknown,False,False,
2026-09-25T02:06:19Z,IL,IL00070IE002700042,2026-09-25T02:06:04Z,Unknown,0,Unknown,True,False,
2026-09-25T02:06:19Z,IL,IL00055IS019400021,2026-09-25T02:06:04Z,Unknown,29,Unknown,True,False,
2026-09-25T02:06:19Z,IL,IL00057IS026800022,2026-09-25T02:06:04Z,Unknown,27,Unknown,True,False,
2026-09-25T02:06:19Z,IL,IL00057IS033300046,2026-09-25T02:06:04Z,Unknown,0,Unknown,True,False,
2026-09-25T02:06:19Z,IL,IL00039IS008500026,2026-09-25T02:06:04Z,Unknown,42,Unknown,True,False,
2026-09-25T02:06:19Z,IL,IL00055IN006400027,2026-09-25T02:06:05Z,Unknown,0,Unknown,True,False,
2026-09-25T02:06:19Z,IL,IL00057IN011400033,2026-09-25T02:06:05Z,Unknown,0,Unknown,True,False,
2026-09-25T02:06:19Z,IL,IL00057IN022200048,2026-09-25T02:06:05Z,Unknown,0,Unknown,True,False,
2026-09-25T02:06:19Z,IL,IL00074IE002800030,2026-09-25T02:06:05Z,Unknown,14,Unknown,True,False,
2026-09-25T02:06:19Z,IL,IL00055IN002700029,2026-09-25T02:06:05Z,Unknown,0,Unknown,True,False,
2026-09-25T02:06:19Z,IL,IL00080IE005100040,2026-09-25T02:06:05Z,Unknown,39,Unknown,True,False,
2026-09-25T02:06:19Z,IL,IL00057IN026800032,2026-09-25T02:06:05Z,Unknown,25,Unknown,True,False,
2026-09-25T02:06:19Z,IL,IL00055IN010400050,2026-09-25T02:06:05Z,0,0,Unknown,False,False,
2026-09-25T02:06:19Z,IL,IL00074IE015600037,2026-09-25T02:06:05Z,0,0,Unknown,False,False,
2026-09-25T02:06:19Z,IL,IL00055IN014900028,2026-09-25T02:06:05Z,Unknown,0,Unknown,True,False,
2026-09-25T02:06:19Z,IL,IL00074IW015600009,2026-09-25T02:06:18Z,0,0,Unknown,False,False,
2026-09-25T02:06:19Z,IL,IL00024IW003700010,2026-09-25T02:06:18Z,Unknown,0,Unknown,True,False,
2026-09-25T02:06:19Z,IL,IL00064IW002500011,2026-09-25T02:06:18Z,Unknown,0,Unknown,True,False,
2026-09-25T02:06:19Z,IL,IL00070IW002700015,2026-09-25T02:06:18Z,Unknown,0,Unknown,True,False,
2026-09-25T02:06:19Z,IL,IL00080IE011700043,2026-09-25T02:06:18Z,Unknown,31,Unknown,True,False,
2026-09-25T02:06:19Z,IL,IL00055IS002700019,2026-09-25T02:06:18Z,Unknown,0,Unknown,True,False,
2026-09-25T02:06:19Z,IL,IL00057IN033300049,2026-09-25T02:06:18Z,Unknown,0,Unknown,True,False,
2026-09-25T02:06:19Z,IL,IL00039IN008500036,2026-09-25T02:06:19Z,Unknown,42,Unknown,True,False,
2026-09-25T02:06:19Z,IL,IL00064IW008500012,2026-09-25T02:06:19Z,Unknown,0,Unknown,True,False,
2026-09-25T02:06:19Z,IL,IL00080IW005100013,2026-09-25T02:06:19Z,Unknown,47,Unknown,True,False,
2026-09-25T02:06:19Z,IL,IL00064IW013000053,2026-09-25T02:06:19Z,0,0,Unknown,False,False,
2026-09-25T02:06:19Z,IL,IL00080IW011700016,2026-09-25T02:06:19Z,Unknown,39,Unknown,True,False,
2026-09-25T02:06:19Z,IL,IL00055IN019400031,2026-09-25T02:06:19Z,Unknown,36,Unknown,True,False,
2026-09-25T02:06:19Z,IL,IL00072IW015200014,2026-09-25T02:06:19Z,Unknown,17,Unknown,True,False,
2026-09-25T02:06:19Z,IL,IL00074IW020800052,2026-09-25T02:06:19Z,Unknown,0,Unknown,True,False,
2026-09-25T02:06:19Z,IL,IL00055IS006400017,2026-09-25T02:06:19Z,Unknown,0,Unknown,True,False,
2026-09-25T02:06:19Z,IL,IL00057IS011400023,2026-09-25T02:06:19Z,Unknown,0,Unknown,True,False,
2026-09-25T02:06:19Z,IL,IL00074IW002800020,2026-09-25T02:06:05Z,Unknown,15,Unknown,True,False,
2026-09-25T02:06:19Z,IL,IL00070IW008700045,2026-09-25T02:03:34Z,0,15,STEADY,True,True,
2026-09-25T02:06:19Z,IL,IL00057IS016500018,2026-09-25T02:05:12Z,0,15,FILLING,True,True,
2026-09-25T02:06:19Z,IL,IL00074IW011400006,2026-09-25T02:06:07Z,2,18,STEADY,True,True,
2026-09-25T02:06:19Z,IL,IL00074IE006200001,2026-09-25T02:06:08Z,8,13,STEADY,True,True,
2026-09-25T02:06:19Z,IL,IL00070IW014900008,2026-09-25T02:04:43Z,Unknown,39,Unknown,True,False,
2026-09-25T02:06:19Z,IL,IL00057IN016500044,2026-09-25T02:05:23Z,0,15,STEADY,False,False,
2026-09-25T02:06:19Z,IL,IL00055IS010400024,2026-09-25T02:03:01Z,Unknown,0,STEADY,,False,
2026-09-25T02:06:19Z,IL,IL00057IS003200025,2026-09-25T02:03:01Z,Unknown,0,STEADY,,False,
2026-09-25T02:06:19Z,IL,IL00057IN003200035,2026-09-25T02:03:01Z,Unknown,17,STEADY,,False,
2026-09-25T02:06:19Z,IN,322,2026-09-24T21:55:00-04:00,65,75,,True,false,
2026-09-25T02:06:19Z,IN,317,2026-09-24T21:55:00-04:00,29,58,,True,true,
2026-09-25T02:06:19Z,IN,316,2026-09-24T21:55:00-04:00,5,58,,True,false,
2026-09-25T02:06:19Z,IN,315,2026-09-24T21:55:00-04:00,Unknown,36,,False,true,
2026-09-25T02:06:19Z,IN,314,2026-09-24T21:55:00-04:00,Unknown,36,,False,true,
2026-09-25T02:06:19Z,IN,313,2026-09-24T21:55:00-04:00,44,75,,True,false,
2026-09-25T02:06:19Z,IN,312,2026-09-24T21:55:00-04:00,37,75,,True,false,
2026-09-25T02:06:19Z,IN,311,2026-09-24T21:55:00-04:00,Unknown,13,,False,true,
2026-09-25T02:06:19Z,IN,310,2026-09-24T21:55:00-04:00,Unknown,13,,False,true,
2026-09-25T02:06:19Z,IN,308,2026-09-24T21:55:00-04:00,20,75,,True,true,
2026-09-25T02:06:19Z,IN,309,2026-09-24T21:55:00-04:00,34,150,,True,true,
2026-09-25T02:06:19Z,IN,318,2026-09-24T21:55:00-04:00,LOW,78,,True,true,
2026-09-25T02:06:19Z,IN,319,2026-09-24T21:55:00-04:00,23,78,,True,true,
2026-09-25T02:06:19Z,IN,320,2026-09-24T21:55:00-04:00,24,83,,True,true,
2026-09-25T02:06:19Z,IN,321,2026-09-24T21:55:00-04:00,21,41,,True,false,
2026-09-25T02:06:19Z,IN,300,2026-09-24T21:55:00-04:00,80,128,,True,false,
2026-09-25T02:06:19Z,IN,302,2026-09-24T21:55:00-04:00,30,30,,True,true,
2026-09-25T02:06:19Z,IN,301,2026-09-24T21:55:00-04:00,LOW,30,,True,true,
2026-09-25T02:06:19Z,IN,303,2026-09-24T21:55:00-04:00,60,194,,True,true,
2026-09-25T02:06:19Z,IN,304,2026-09-24T21:55:00-04:00,Unknown,99,,False,true,
2026-09-25T02:06:19Z,IN,305,2026-09-24T21:55:00-04:00,Unknown,156,,False,true,
2026-09-25T02:06:19Z,IN,323,2026-09-24T21:55:00-04:00,20,40,,True,true,
2026-09-25T02:06:19Z,IN,702,2026-09-24T21:55:00-04:00,38,75,,True,false,
2026-09-25T02:06:19Z,IN,701,2026-09-24T21:55:00-04:00,30,60,,True,false,
2026-09-25T02:06:19Z,IN,704,2026-09-24T21:55:00-04:00,40,80,,True,false,
2026-09-25T02:06:19Z,IN,703,2026-09-24T21:55:00-04:00,55,110,,True,false,
2026-09-25T02:06:19Z,IN,706,2026-09-24T21:55:00-04:00,35,70,,True,false,
2026-09-25T02:06:19Z,IN,705,2026-09-24T21:55:00-04:00,30,60,,True,false,
2026-09-25T02:06:19Z,IN,708,2026-09-24T21:55:00-04:00,23,45,,True,false,
2026-09-25T02:06:19Z,IN,707,2026-09-24T21:55:00-04:00,20,40,,True,false,
2026-09-25T02:06:19Z,IN,324,2026-09-24T21:55:00-04:00,16,31,,True,true,
2026-09-25T02:06:19Z,KY,KY00065IS0000020N65WELCOM,2026-09-25T02:05:01Z,8,21,CLEARING,True,True,
2026-09-25T02:06:19Z,KY,KY00065IS000020NSMARATHON,2025-12-19T00:36:53Z,16,60,STEADY,True,False,
2026-09-25T02:06:19Z,KY,KY00065IS0000340NWEIGHS34,2026-07-01T19:04:41Z,35,40,STEADY,True,False,
2026-09-25T02:06:19Z,KY,KY00065IS0011400S65SRA114,2026-09-25T02:05:10Z,LOW,26,STEADY,True,True,
2026-09-25T02:06:19Z,KY,KY00065IS0005900S65SRA059,2026-09-25T02:05:07Z,14,109,FILLING,True,True,
2026-09-25T02:06:19Z,KY,KY00065IS0005900N65NRA059,2026-08-17T17:24:33Z,23,113,STEADY,True,False,
2026-09-25T02:06:19Z,KY,KY00075IS0003300NWEIGHS33,2026-09-25T02:05:15Z,23,50,STEADY,True,False,
2026-09-25T02:06:19Z,KY,KY00075IS0003400SWEIGHS34,2026-09-25T02:05:18Z,LOW,40,STEADY,True,True,
2026-09-25T02:06:19Z,KY,KY00075IS0017700N75NRA177,2026-07-13T10:37:14Z,LOW,53,CLEARING,True,False,
2026-09-25T02:06:19Z,KY,KY00075IS0007500SWALTONWS,2026-09-25T02:04:56Z,17,45,FILLING,True,True,
2026-09-25T02:06:19Z,KY,KY00075IS0017700S75SRA177,2026-09-25T02:05:18Z,LOW,67,STEADY,True,True,
2026-09-25T02:06:19Z,KY,KY00075IS0016800SCRITENWS,2026-09-25T02:04:52Z,19,39,STEADY,True,True,
2026-09-25T02:06:19Z,KY,KY00075IS0000100N75WELCOM,2026-09-25T02:05:10Z,LOW,30,STEADY,True,False,
2026-09-25T02:06:24Z,IL,IL00074IW006200004,2026-09-25T02:05:37Z,5,12,STEADY,True,True,
2026-09-25T02:06:24Z,IL,IL00074IE011400005,2026-09-25T02:05:39Z,5,25,STEADY,True,True,
2026-09-25T02:06:24Z,IL,IL00072IE015200041,2026-09-25T02:04:41Z,6,16,STEADY,True,True,
2026-09-25T02:06:24Z,IL,IL00074IW015600009,2026-09-25T02:06:18Z,0,0,Unknown,False,False,
2026-09-25T02:06:24Z,IL,IL00024IW003700010,2026-09-25T02:06:18Z,Unknown,0,Unknown,True,False,
2026-09-25T02:06:24Z,IL,IL00064IW002500011,2026-09-25T02:06:18Z,Unknown,0,Unknown,True,False,
2026-09-25T02:06:24Z,IL,IL00070IW002700015,2026-09-25T02:06:18Z,Unknown,0,Unknown,True,False,
2026-09-25T02:06:24Z,IL,IL00080IE011700043,2026-09-25T02:06:18Z,Unknown,31,Unknown,True,False,
2026-09-25T02:06:24Z,IL,IL00055IS002700019,2026-09-25T02:06:18Z,Unknown,0,Unknown,True,False,
2026-09-25T02:06:24Z,IL,IL00057IN033300049,2026-09-25T02:06:18Z,Unknown,0,Unknown,True,False,
2026-09-25T02:06:24Z,IL,IL00039IN008500036,2026-09-25T02:06:19Z,Unknown,42,Unknown,True,False,
2026-09-25T02:06:24Z,IL,IL00064IW008500012,2026-09-25T02:06:19Z,Unknown,0,Unknown,True,False,
2026-09-25T02:06:24Z,IL,IL00080IW005100013,2026-09-25T02:06:19Z,Unknown,47,Unknown,True,False,
2026-09-25T02:06:24Z,IL,IL00064IW013000053,2026-09-25T02:06:19Z,0,0,Unknown,False,False,
2026-09-25T02:06:24Z,IL,IL00080IW011700016,2026-09-25T02:06:19Z,Unknown,39,Unknown,True,False,
2026-09-25T02:06:24Z,IL,IL00055IN019400031,2026-09-25T02:06:19Z,Unknown,36,Unknown,True,False,
2026-09-25T02:06:24Z,IL,IL00072IW015200014,2026-09-25T02:06:19Z,Unknown,17,Unknown,True,False,
2026-09-25T02:06:24Z,IL,IL00074IW020800052,2026-09-25T02:06:19Z,Unknown,0,Unknown,True,False,
2026-09-25T02:06:24Z,IL,IL00055IS006400017,2026-09-25T02:06:19Z,Unknown,0,Unknown,True,False,
2026-09-25T02:06:24Z,IL,IL00057IS011400023,2026-09-25T02:06:19Z,Unknown,0,Unknown,True,False,
2026-09-25T02:06:24Z,IL,IL00057IS007900047,2026-09-25T02:06:19Z,Unknown,0,Unknown,True,False,
2026-09-25T02:06:24Z,IL,IL00057IS022200054,2026-09-25T02:06:19Z,Unknown,0,Unknown,True,False,
2026-09-25T02:06:24Z,IL,IL00057IN007900034,2026-09-25T02:06:19Z,Unknown,0,Unknown,True,False,
2026-09-25T02:06:24Z,IL,IL00064IE002500038,2026-09-25T02:06:19Z,0,0,Unknown,False,False,
2026-09-25T02:06:24Z,IL,IL00064IE008500039,2026-09-25T02:06:19Z,Unknown,0,Unknown,True,False,
2026-09-25T02:06:24Z,IL,IL00070IE008600051,2026-09-25T02:06:19Z,0,0,Unknown,False,False,
2026-09-25T02:06:24Z,IL,IL00070IE002700042,2026-09-25T02:06:19Z,Unknown,0,Unknown,True,False,
2026-09-25T02:06:24Z,IL,IL00055IS019400021,2026-09-25T02:06:19Z,Unknown,29,Unknown,True,False,
2026-09-25T02:06:24Z,IL,IL00057IS026800022,2026-09-25T02:06:19Z,Unknown,27,Unknown,True,False,
2026-09-25T02:06:24Z,IL,IL00057IS033300046,2026-09-25T02:06:19Z,Unknown,0,Unknown,True,False,
2026-09-25T02:06:24Z,IL,IL00039IS008500026,2026-09-25T02:06:19Z,Unknown,42,Unknown,True,False,
2026-09-25T02:06:24Z,IL,IL00055IN006400027,2026-09-25T02:06:19Z,Unknown,0,Unknown,True,False,
2026-09-25T02:06:24Z,IL,IL00057IN011400033,2026-09-25T02:06:20Z,Unknown,0,Unknown,True,False,
2026-09-25T02:06:24Z,IL,IL00057IN022200048,2026-09-25T02:06:20Z,Unknown,0,Unknown,True,False,
2026-09-25T02:06:24Z,IL,IL00074IE002800030,2026-09-25T02:06:20Z,Unknown,14,Unknown,True,False,
2026-09-25T02:06:24Z,IL,IL00055IN002700029,2026-09-25T02:06:20Z,Unknown,0,Unknown,True,False,
2026-09-25T02:06:24Z,IL,IL00080IE005100040,2026-09-25T02:06:20Z,Unknown,39,Unknown,True,False,
2026-09-25T02:06:24Z,IL,IL00057IN026800032,2026-09-25T02:06:20Z,Unknown,25,Unknown,True,False,
2026-09-25T02:06:24Z,IL,IL00055IN010400050,2026-09-25T02:06:20Z,0,0,Unknown,False,False,
2026-09-25T02:06:24Z,IL,IL00074IE015600037,2026-09-25T02:06:20Z,0,0,Unknown,False,False,
2026-09-25T02:06:24Z,IL,IL00055IN014900028,2026-09-25T02:06:20Z,Unknown,0,Unknown,True,False,
2026-09-25T02:06:24Z,IL,IL00074IW002800020,2026-09-25T02:06:20Z,Unknown,15,Unknown,True,False,
2026-09-25T02:06:24Z,IL,IL00070IW008700045,2026-09-25T02:03:34Z,0,15,STEADY,True,True,
2026-09-25T02:06:24Z,IL,IL00057IS016500018,2026-09-25T02:05:12Z,0,15,FILLING,True,True,
2026-09-25T02:06:24Z,IL,IL00074IW011400006,2026-09-25T02:06:07Z,2,18,STEADY,True,True,
2026-09-25T02:06:24Z,IL,IL00074IE006200001,2026-09-25T02:06:08Z,8,13,STEADY,True,True,
2026-09-25T02:06:24Z,IL,IL00070IW014900008,2026-09-25T02:04:43Z,Unknown,39,Unknown,True,False,
2026-09-25T02:06:24Z,IL,IL00057IN016500044,2026-09-25T02:05:23Z,0,15,STEADY,False,False,
2026-09-25T02:06:24Z,IL,IL00055IS010400024,2026-09-25T02:03:01Z,Unknown,0,STEADY,,False,
2026-09-25T02:06:24Z,IL,IL00057IS003200025,2026-09-25T02:03:01Z,Unknown,0,STEADY,,False,
2026-09-25T02:06:24Z,IL,IL00057IN003200035,2026-09-25T02:03:01Z,Unknown,17,STEADY,,False,
2026-09-25T02:06:24Z,IN,322,2026-09-24T21:55:00-04:00,65,75,,True,false,
2026-09-25T02:06:24Z,IN,317,2026-09-24T21:55:00-04:00,29,58,,True,true,
2026-09-25T02:06:24Z,IN,316,2026-09-24T21:55:00-04:00,5,58,,True,false,
2026-09-25T02:06:24Z,IN,315,2026-09-24T21:55:00-04:00,Unknown,36,,False,true,
2026-09-25T02:06:24Z,IN,314,2026-09-24T21:55:00-04:00,Unknown,36,,False,true,
2026-09-25T02:06:24Z,IN,313,2026-09-24T21:55:00-04:00,44,75,,True,false,
2026-09-25T02:06:24Z,IN,312,2026-09-24T21:55:00-04:00,37,75,,True,false,
2026-09-25T02:06:24Z,IN,311,2026-09-24T21:55:00-04:00,Unknown,13,,False,true,
2026-09-25T02:06:24Z,IN,310,2026-09-24T21:55:00-04:00,Unknown,13,,False,true,
2026-09-25T02:06:24Z,IN,308,2026-09-24T21:55:00-04:00,20,75,,True,true,
2026-09-25T02:06:24Z,IN,309,2026-09-24T21:55:00-04:00,34,150,,True,true,
2026-09-25T02:06:24Z,IN,318,2026-09-24T21:55:00-04:00,LOW,78,,True,true,
2026-09-25T02:06:24Z,IN,319,2026-09-24T21:55:00-04:00,23,78,,True,true,
2026-09-25T02:06:24Z,IN,320,2026-09-24T21:55:00-04:00,24,83,,True,true,
2026-09-25T02:06:24Z,IN,321,2026-09-24T21:55:00-04:00,21,41,,True,false,
2026-09-25T02:06:24Z,IN,300,2026-09-24T21:55:00-04:00,80,128,,True,false,
2026-09-25T02:06:24Z,IN,302,2026-09-24T21:55:00-04:00,30,30,,True,true,
2026-09-25T02:06:24Z,IN,301,2026-09-24T21:55:00-04:00,LOW,30,,True,true,
2026-09-25T02:06:24Z,IN,303,2026-09-24T21:55:00-04:00,60,194,,True,true,
2026-09-25T02:06:24Z,IN,304,2026-09-24T21:55:00-04:00,Unknown,99,,False,true,
2026-09-25T02:06:24Z,IN,305,2026-09-24T21:55:00-04:00,Unknown,156,,False,true,
2026-09-25T02:06:24Z,IN,323,2026-09-24T21:55:00-04:00,20,40,,True,true,
2026-09-25T02:06:24Z,IN,702,2026-09-24T21:55:00-04:00,38,75,,True,false,
2026-09-25T02:06:24Z,IN,701,2026-09-24T21:55:00-04:00,30,60,,True,false,
2026-09-25T02:06:24Z,IN,704,2026-09-24T21:55:00-04:00,40,80,,True,false,
2026-09-25T02:06:24Z,IN,703,2026-09-24T21:55:00-04:00,55,110,,True,false,
2026-09-25T02:06:24Z,IN,706,2026-09-24T21:55:00-04:00,35,70,,True,false,
2026-09-25T02:06:24Z,IN,705,2026-09-24T21:55:00-04:00,30,60,,True,false,
2026-09-25T02:06:24Z,IN,708,2026-09-24T21:55:00-04:00,23,45,,True,false,
2026-09-25T02:06:24Z,IN,707,2026-09-24T21:55:00-04:00,20,40,,True,false,
2026-09-25T02:06:24Z,IN,324,2026-09-24T21:55:00-04:00,16,31,,True,true,
2026-09-25T02:06:24Z,KY,KY00065IS0000020N65WELCOM,2026-09-25T02:05:01Z,8,21,CLEARING,True,True,
2026-09-25T02:06:24Z,KY,KY00065IS000020NSMARATHON,2025-12-19T00:36:53Z,16,60,STEADY,True,False,
2026-09-25T02:06:24Z,KY,KY00065IS0000340NWEIGHS34,2026-07-01T19:04:41Z,35,40,STEADY,True,False,
2026-09-25T02:06:24Z,KY,KY00065IS0011400S65SRA114,2026-09-25T02:05:10Z,LOW,26,STEADY,True,True,
2026-09-25T02:06:24Z,KY,KY00065IS0005900S65SRA059,2026-09-25T02:05:07Z,14,109,FILLING,True,True,
2026-09-25T02:06:24Z,KY,KY00065IS0005900N65NRA059,2026-08-17T17:24:33Z,23,113,STEADY,True,False,
2026-09-25T02:06:24Z,KY,KY00075IS0003300NWEIGHS33,2026-09-25T02:05:15Z,23,50,STEADY,True,False,
2026-09-25T02:06:24Z,KY,KY00075IS0003400SWEIGHS34,2026-09-25T02:05:18Z,LOW,40,STEADY,True,True,
2026-09-25T02:06:24Z,KY,KY00075IS0017700N75NRA177,2026-07-13T10:37:14Z,LOW,53,CLEARING,True,False,
2026-09-25T02:06:24Z,KY,KY00075IS0007500SWALTONWS,2026-09-25T02:04:56Z,17,45,FILLING,True,True,
2026-09-25T02:06:24Z,KY,KY00075IS0017700S75SRA177,2026-09-25T02:05:18Z,LOW,67,STEADY,True,True,
2026-09-25T02:06:24Z,KY,KY00075IS0016800SCRITENWS,2026-09-25T02:04:52Z,19,39,STEADY,True,True,
2026-09-25T02:06:24Z,KY,KY00075IS0000100N75WELCOM,2026-09-25T02:05:10Z,LOW,30,STEADY,True,False,
2026-09-25T02:06:30Z,IL,IL00074IW006200004,2026-09-25T02:05:37Z,5,12,STEADY,True,True,
2026-09-25T02:06:30Z,IL,IL00074IE011400005,2026-09-25T02:05:39Z,5,25,STEADY,True,True,
2026-09-25T02:06:30Z,IL,IL00072IE015200041,2026-09-25T02:04:41Z,6,16,STEADY,True,True,
2026-09-25T02:06:30Z,IL,IL00074IW015600009,2026-09-25T02:06:18Z,0,0,Unknown,False,False,
2026-09-25T02:06:30Z,IL,IL00024IW003700010,2026-09-25T02:06:18Z,Unknown,0,Unknown,True,False,
2026-09-25T02:06:30Z,IL,IL00064IW002500011,2026-09-25T02:06:18Z,Unknown,0,Unknown,True,False,
2026-09-25T02:06:30Z,IL,IL00070IW002700015,2026-09-25T02:06:18Z,Unknown,0,Unknown,True,False,
2026-09-25T02:06:30Z,IL,IL00080IE011700043,2026-09-25T02:06:18Z,Unknown,31,Unknown,True,False,
2026-09-25T02:06:30Z,IL,IL00055IS002700019,2026-09-25T02:06:18Z,Unknown,0,Unknown,True,False,
2026-09-25T02:06:30Z,IL,IL00057IN033300049,2026-09-25T02:06:18Z,Unknown,0,Unknown,True,False,
2026-09-25T02:06:30Z,IL,IL00039IN008500036,2026-09-25T02:06:19Z,Unknown,42,Unknown,True,False,
2026-09-25T02:06:30Z,IL,IL00064IW008500012,2026-09-25T02:06:19Z,Unknown,0,Unknown,True,False,
2026-09-25T02:06:30Z,IL,IL00080IW005100013,2026-09-25T02:06:19Z,Unknown,47,Unknown,True,False,
2026-09-25T02:06:30Z,IL,IL00064IW013000053,2026-09-25T02:06:19Z,0,0,Unknown,False,False,
2026-09-25T02:06:30Z,IL,IL00080IW011700016,2026-09-25T02:06:19Z,Unknown,39,Unknown,True,False,
2026-09-25T02:06:30Z,IL,IL00055IN019400031,2026-09-25T02:06:19Z,Unknown,36,Unknown,True,False,
2026-09-25T02:06:30Z,IL,IL00072IW015200014,2026-09-25T02:06:19Z,Unknown,17,Unknown,True,False,
2026-09-25T02:06:30Z,IL,IL00074IW020800052,2026-09-25T02:06:19Z,Unknown,0,Unknown,True,False,
2026-09-25T02:06:30Z,IL,IL00055IS006400017,2026-09-25T02:06:19Z,Unknown,0,Unknown,True,False,
2026-09-25T02:06:30Z,IL,IL00057IS011400023,2026-09-25T02:06:19Z,Unknown,0,Unknown,True,False,
2026-09-25T02:06:30Z,IL,IL00057IS007900047,2026-09-25T02:06:19Z,Unknown,0,Unknown,True,False,
2026-09-25T02:06:30Z,IL,IL00057IS022200054,2026-09-25T02:06:19Z,Unknown,0,Unknown,True,False,
2026-09-25T02:06:30Z,IL,IL00057IN007900034,2026-09-25T02:06:19Z,Unknown,0,Unknown,True,False,
2026-09-25T02:06:30Z,IL,IL00064IE002500038,2026-09-25T02:06:19Z,0,0,Unknown,False,False,
2026-09-25T02:06:30Z,IL,IL00064IE008500039,2026-09-25T02:06:19Z,Unknown,0,Unknown,True,False,
2026-09-25T02:06:30Z,IL,IL00070IE008600051,2026-09-25T02:06:19Z,0,0,Unknown,False,False,
2026-09-25T02:06:30Z,IL,IL00070IE002700042,2026-09-25T02:06:19Z,Unknown,0,Unknown,True,False,
2026-09-25T02:06:30Z,IL,IL00055IS019400021,2026-09-25T02:06:19Z,Unknown,29,Unknown,True,False,
2026-09-25T02:06:30Z,IL,IL00057IS026800022,2026-09-25T02:06:19Z,Unknown,27,Unknown,True,False,
2026-09-25T02:06:30Z,IL,IL00057IS033300046,2026-09-25T02:06:19Z,Unknown,0,Unknown,True,False,
2026-09-25T02:06:30Z,IL,IL00039IS008500026,2026-09-25T02:06:19Z,Unknown,42,Unknown,True,False,
2026-09-25T02:06:30Z,IL,IL00055IN006400027,2026-09-25T02:06:19Z,Unknown,0,Unknown,True,False,
2026-09-25T02:06:30Z,IL,IL00057IN011400033,2026-09-25T02:06:20Z,Unknown,0,Unknown,True,False,
2026-09-25T02:06:30Z,IL,IL00057IN022200048,2026-09-25T02:06:20Z,Unknown,0,Unknown,True,False,
2026-09-25T02:06:30Z,IL,IL00074IE002800030,2026-09-25T02:06:20Z,Unknown,14,Unknown,True,False,
2026-09-25T02:06:30Z,IL,IL00055IN002700029,2026-09-25T02:06:20Z,Unknown,0,Unknown,True,False,
2026-09-25T02:06:30Z,IL,IL00080IE005100040,2026-09-25T02:06:20Z,Unknown,39,Unknown,True,False,
2026-09-25T02:06:30Z,IL,IL00057IN026800032,2026-09-25T02:06:20Z,Unknown,25,Unknown,True,False,
2026-09-25T02:06:30Z,IL,IL00055IN010400050,2026-09-25T02:06:20Z,0,0,Unknown,False,False,
2026-09-25T02:06:30Z,IL,IL00074IE015600037,2026-09-25T02:06:20Z,0,0,Unknown,False,False,
2026-09-25T02:06:30Z,IL,IL00055IN014900028,2026-09-25T02:06:20Z,Unknown,0,Unknown,True,False,
2026-09-25T02:06:30Z,IL,IL00074IW002800020,2026-09-25T02:06:20Z,Unknown,15,Unknown,True,False,
2026-09-25T02:06:30Z,IL,IL00070IW008700045,2026-09-25T02:03:34Z,0,15,STEADY,True,True,
2026-09-25T02:06:30Z,IL,IL00057IS016500018,2026-09-25T02:05:12Z,0,15,FILLING,True,True,
2026-09-25T02:06:30Z,IL,IL00074IW011400006,2026-09-25T02:06:07Z,2,18,STEADY,True,True,
2026-09-25T02:06:30Z,IL,IL00074IE006200001,2026-09-25T02:06:08Z,8,13,STEADY,True,True,
2026-09-25T02:06:30Z,IL,IL00070IW014900008,2026-09-25T02:04:43Z,Unknown,39,Unknown,True,False,
2026-09-25T02:06:30Z,IL,IL00057IN016500044,2026-09-25T02:05:23Z,0,15,STEADY,False,False,
2026-09-25T02:06:30Z,IL,IL00055IS010400024,2026-09-25T02:03:01Z,Unknown,0,STEADY,,False,
2026-09-25T02:06:30Z,IL,IL00057IS003200025,2026-09-25T02:03:01Z,Unknown,0,STEADY,,False,
2026-09-25T02:06:30Z,IL,IL00057IN003200035,2026-09-25T02:03:01Z,Unknown,17,STEADY,,False,
2026-09-25T02:06:30Z,IN,322,2026-09-24T21:55:00-04:00,65,75,,True,false,
2026-09-25T02:06:30Z,IN,317,2026-09-24T21:55:00-04:00,29,58,,True,true,
2026-09-25T02:06:30Z,IN,316,2026-09-24T21:55:00-04:00,5,58,,True,false,
2026-09-25T02:06:30Z,IN,315,2026-09-24T21:55:00-04:00,Unknown,36,,False,true,
2026-09-25T02:06:30Z,IN,314,2026-09-24T21:55:00-04:00,Unknown,36,,False,true,
2026-09-25T02:06:30Z,IN,313,2026-09-24T21:55:00-04:00,44,75,,True,false,
2026-09-25T02:06:30Z,IN,312,2026-09-24T21:55:00-04:00,37,75,,True,false,
2026-09-25T02:06:30Z,IN,311,2026-09-24T21:55:00-04:00,Unknown,13,,False,true,
2026-09-25T02:06:30Z,IN,310,2026-09-24T21:55:00-04:00,Unknown,13,,False,true,
2026-09-25T02:06:30Z,IN,308,2026-09-24T21:55:00-04:00,20,75,,True,true,
2026-09-25T02:06:30Z,IN,309,2026-09-24T21:55:00-04:00,34,150,,True,true,
2026-09-25T02:06:30Z,IN,318,2026-09-24T21:55:00-04:00,LOW,78,,True,true,
2026-09-25T02:06:30Z,IN,319,2026-09-24T21:55:00-04:00,23,78,,True,true,
2026-09-25T02:06:30Z,IN,320,2026-09-24T21:55:00-04:00,24,83,,True,true,
2026-09-25T02:06:30Z,IN,321,2026-09-24T21:55:00-04:00,21,41,,True,false,
2026-09-25T02:06:30Z,IN,300,2026-09-24T21:55:00-04:00,80,128,,True,false,
2026-09-25T02:06:30Z,IN,302,2026-09-24T21:55:00-04:00,30,30,,True,true,
2026-09-25T02:06:30Z,IN,301,2026-09-24T21:55:00-04:00,LOW,30,,True,true,
2026-09-25T02:06:30Z,IN,303,2026-09-24T21:55:00-04:00,60,194,,True,true,
2026-09-25T02:06:30Z,IN,304,2026-09-24T21:55:00-04:00,Unknown,99,,False,true,
2026-09-25T02:06:30Z,IN,305,2026-09-24T21:55:00-04:00,Unknown,156,,False,true,
2026-09-25T02:06:30Z,IN,323,2026-09-24T21:55:00-04:00,20,40,,True,true,
2026-09-25T02:06:30Z,IN,702,2026-09-24T21:55:00-04:00,38,75,,True,false,
2026-09-25T02:06:30Z,IN,701,2026-09-24T21:55:00-04:00,30,60,,True,false,
2026-09-25T02:06:30Z,IN,704,2026-09-24T21:55:00-04:00,40,80,,True,false,
2026-09-25T02:06:30Z,IN,703,2026-09-24T21:55:00-04:00,55,110,,True,false,
2026-09-25T02:06:30Z,IN,706,2026-09-24T21:55:00-04:00,35,70,,True,false,
2026-09-25T02:06:30Z,IN,705,2026-09-24T21:55:00-04:00,30,60,,True,false,
2026-09-25T02:06:30Z,IN,708,2026-09-24T21:55:00-04:00,23,45,,True,false,
2026-09-25T02:06:30Z,IN,707,2026-09-24T21:55:00-04:00,20,40,,True,false,
2026-09-25T02:06:30Z,IN,324,2026-09-24T21:55:00-04:00,16,31,,True,true,
2026-09-25T02:06:30Z,KY,KY00065IS0000020N65WELCOM,2026-09-25T02:05:01Z,8,21,CLEARING,True,True,
2026-09-25T02:06:30Z,KY,KY00065IS000020NSMARATHON,2025-12-19T00:36:53Z,16,60,STEADY,True,False,
2026-09-25T02:06:30Z,KY,KY00065IS0000340NWEIGHS34,2026-07-01T19:04:41Z,35,40,STEADY,True,False,
2026-09-25T02:06:30Z,KY,KY00065IS0011400S65SRA114,2026-09-25T02:05:10Z,LOW,26,STEADY,True,True,
2026-09-25T02:06:30Z,KY,KY00065IS0005900S65SRA059,2026-09-25T02:05:07Z,14,109,FILLING,True,True,
2026-09-25T02:06:30Z,KY,KY00065IS0005900N65NRA059,2026-08-17T17:24:33Z,23,113,STEADY,True,False,
2026-09-25T02:06:30Z,KY,KY00075IS0003300NWEIGHS33,2026-09-25T02:05:15Z,23,50,STEADY,True,False,
2026-09-25T02:06:30Z,KY,KY00075IS0003400SWEIGHS34,2026-09-25T02:05:18Z,LOW,40,STEADY,True,True,
2026-09-25T02:06:30Z,KY,KY00075IS0017700N75NRA177,2026-07-13T10:37:14Z,LOW,53,CLEARING,True,False,
2026-09-25T02:06:30Z,KY,KY00075IS0007500SWALTONWS,2026-09-25T02:04:56Z,17,45,FILLING,True,True,
2026-09-25T02:06:30Z,KY,KY00075IS0017700S75SRA177,2026-09-25T02:05:18Z,LOW,67,STEADY,True,True,
2026-09-25T02:06:30Z,KY,KY00075IS0016800SCRITENWS,2026-09-25T02:04:52Z,19,39,STEADY,True,True,
2026-09-25T02:06:30Z,KY,KY00075IS0000100N75WELCOM,2026-09-25T02:05:10Z,LOW,30,STEADY,True,False,
2026-09-25T02:06:36Z,IL,IL00072IE015200041,2026-09-25T02:04:41Z,6,16,STEADY,True,True,
2026-09-25T02:06:36Z,IL,IL00074IW006200004,2026-09-25T02:06:31Z,5,12,STEADY,True,True,
2026-09-25T02:06:36Z,IL,IL00074IE011400005,2026-09-25T02:06:34Z,5,25,STEADY,True,True,
2026-09-25T02:06:36Z,IL,IL00074IW015600009,2026-09-25T02:06:34Z,0,0,Unknown,False,False,
2026-09-25T02:06:36Z,IL,IL00024IW003700010,2026-09-25T02:06:34Z,Unknown,0,Unknown,True,False,
2026-09-25T02:06:36Z,IL,IL00064IW002500011,2026-09-25T02:06:34Z,Unknown,0,Unknown,True,False,
2026-09-25T02:06:36Z,IL,IL00070IW002700015,2026-09-25T02:06:34Z,Unknown,0,Unknown,True,False,
2026-09-25T02:06:36Z,IL,IL00080IE011700043,2026-09-25T02:06:34Z,Unknown,31,Unknown,True,False,
2026-09-25T02:06:36Z,IL,IL00055IS002700019,2026-09-25T02:06:34Z,Unknown,0,Unknown,True,False,
2026-09-25T02:06:36Z,IL,IL00057IN033300049,2026-09-25T02:06:34Z,Unknown,0,Unknown,True,False,
2026-09-25T02:06:36Z,IL,IL00039IN008500036,2026-09-25T02:06:34Z,Unknown,42,Unknown,True,False,
2026-09-25T02:06:36Z,IL,IL00064IW008500012,2026-09-25T02:06:34Z,Unknown,0,Unknown,True,False,
2026-09-25T02:06:36Z,IL,IL00080IW005100013,2026-09-25T02:06:34Z,Unknown,47,Unknown,True,False,
2026-09-25T02:06:36Z,IL,IL00064IW013000053,2026-09-25T02:06:34Z,0,0,Unknown,False,False,
2026-09-25T02:06:36Z,IL,IL00080IW011700016,2026-09-25T02:06:34Z,Unknown,39,Unknown,True,False,
2026-09-25T02:06:36Z,IL,IL00055IN019400031,2026-09-25T02:06:34Z,Unknown,36,Unknown,True,False,
2026-09-25T02:06:36Z,IL,IL00072IW015200014,2026-09-25T02:06:34Z,Unknown,17,Unknown,True,False,
2026-09-25T02:06:36Z,IL,IL00074IW020800052,2026-09-25T02:06:34Z,Unknown,0,Unknown,True,False,
2026-09-25T02:06:36Z,IL,IL00055IS006400017,2026-09-25T02:06:34Z,Unknown,0,Unknown,True,False,
2026-09-25T02:06:36Z,IL,IL00057IS011400023,2026-09-25T02:06:34Z,Unknown,0,Unknown,True,False,
2026-09-25T02:06:36Z,IL,IL00057IS007900047,2026-09-25T02:06:34Z,Unknown,0,Unknown,True,False,
2026-09-25T02:06:36Z,IL,IL00057IS022200054,2026-09-25T02:06:34Z,Unknown,0,Unknown,True,False,
2026-09-25T02:06:36Z,IL,IL00057IN007900034,2026-09-25T02:06:34Z,Unknown,0,Unknown,True,False,
2026-09-25T02:06:36Z,IL,IL00064IE002500038,2026-09-25T02:06:34Z,0,0,Unknown,False,False,
2026-09-25T02:06:36Z,IL,IL00064IE008500039,2026-09-25T02:06:34Z,Unknown,0,Unknown,True,False,
2026-09-25T02:06:36Z,IL,IL00070IE008600051,2026-09-25T02:06:35Z,0,0,Unknown,False,False,
2026-09-25T02:06:36Z,IL,IL00070IE002700042,2026-09-25T02:06:35Z,Unknown,0,Unknown,True,False,
2026-09-25T02:06:36Z,IL,IL00055IS019400021,2026-09-25T02:06:35Z,Unknown,29,Unknown,True,False,
2026-09-25T02:06:36Z,IL,IL00057IS026800022,2026-09-25T02:06:35Z,Unknown,27,Unknown,True,False,
2026-09-25T02:06:36Z,IL,IL00057IS033300046,2026-09-25T02:06:35Z,Unknown,0,Unknown,True,False,
2026-09-25T02:06:36Z,IL,IL00039IS008500026,2026-09-25T02:06:35Z,Unknown,42,Unknown,True,False,
2026-09-25T02:06:36Z,IL,IL00055IN006400027,2026-09-25T02:06:35Z,Unknown,0,Unknown,True,False,
2026-09-25T02:06:36Z,IL,IL00057IN011400033,2026-09-25T02:06:35Z,Unknown,0,Unknown,True,False,
2026-09-25T02:06:36Z,IL,IL00057IN022200048,2026-09-25T02:06:35Z,Unknown,0,Unknown,True,False,
2026-09-25T02:06:36Z,IL,IL00074IE002800030,2026-09-25T02:06:35Z,Unknown,14,Unknown,True,False,
2026-09-25T02:06:36Z,IL,IL00055IN002700029,2026-09-25T02:06:35Z,Unknown,0,Unknown,True,False,
2026-09-25T02:06:36Z,IL,IL00080IE005100040,2026-09-25T02:06:35Z,Unknown,39,Unknown,True,False,
2026-09-25T02:06:36Z,IL,IL00057IN026800032,2026-09-25T02:06:35Z,Unknown,25,Unknown,True,False,
2026-09-25T02:06:36Z,IL,IL00055IN010400050,2026-09-25T02:06:35Z,0,0,Unknown,False,False,
2026-09-25T02:06:36Z,IL,IL00074IE015600037,2026-09-25T02:06:35Z,0,0,Unknown,False,False,
2026-09-25T02:06:36Z,IL,IL00055IN014900028,2026-09-25T02:06:35Z,Unknown,0,Unknown,True,False,
2026-09-25T02:06:36Z,IL,IL00074IW002800020,2026-09-25T02:06:35Z,Unknown,15,Unknown,True,False,
2026-09-25T02:06:36Z,IL,IL00070IW008700045,2026-09-25T02:03:34Z,0,15,STEADY,True,True,
2026-09-25T02:06:36Z,IL,IL00057IS016500018,2026-09-25T02:05:12Z,0,15,FILLING,True,True,
2026-09-25T02:06:36Z,IL,IL00074IW011400006,2026-09-25T02:06:07Z,2,18,STEADY,True,True,
2026-09-25T02:06:36Z,IL,IL00074IE006200001,2026-09-25T02:06:08Z,8,13,STEADY,True,True,
2026-09-25T02:06:36Z,IL,IL00070IW014900008,2026-09-25T02:04:43Z,Unknown,39,Unknown,True,False,
2026-09-25T02:06:36Z,IL,IL00057IN016500044,2026-09-25T02:05:23Z,0,15,STEADY,False,False,
2026-09-25T02:06:36Z,IL,IL00055IS010400024,2026-09-25T02:03:01Z,Unknown,0,STEADY,,False,
2026-09-25T02:06:36Z,IL,IL00057IS003200025,2026-09-25T02:03:01Z,Unknown,0,STEADY,,False,
2026-09-25T02:06:36Z,IL,IL00057IN003200035,2026-09-25T02:03:01Z,Unknown,17,STEADY,,False,
2026-09-25T02:06:36Z,IN,322,2026-09-24T21:55:00-04:00,65,75,,True,false,
2026-09-25T02:06:36Z,IN,317,2026-09-24T21:55:00-04:00,29,58,,True,true,
2026-09-25T02:06:36Z,IN,316,2026-09-24T21:55:00-04:00,5,58,,True,false,
2026-09-25T02:06:36Z,IN,315,2026-09-24T21:55:00-04:00,Unknown,36,,False,true,
2026-09-25T02:06:36Z,IN,314,2026-09-24T21:55:00-04:00,Unknown,36,,False,true,
2026-09-25T02:06:36Z,IN,313,2026-09-24T21:55:00-04:00,44,75,,True,false,
2026-09-25T02:06:36Z,IN,312,2026-09-24T21:55:00-04:00,37,75,,True,false,
2026-09-25T02:06:36Z,IN,311,2026-09-24T21:55:00-04:00,Unknown,13,,False,true,
2026-09-25T02:06:36Z,IN,310,2026-09-24T21:55:00-04:00,Unknown,13,,False,true,
2026-09-25T02:06:36Z,IN,308,2026-09-24T21:55:00-04:00,20,75,,True,true,
2026-09-25T02:06:36Z,IN,309,2026-09-24T21:55:00-04:00,34,150,,True,true,
2026-09-25T02:06:36Z,IN,318,2026-09-24T21:55:00-04:00,LOW,78,,True,true,
2026-09-25T02:06:36Z,IN,319,2026-09-24T21:55:00-04:00,23,78,,True,true,
2026-09-25T02:06:36Z,IN,320,2026-09-24T21:55:00-04:00,24,83,,True,true,
2026-09-25T02:06:36Z,IN,321,2026-09-24T21:55:00-04:00,21,41,,True,false,
2026-09-25T02:06:36Z,IN,300,2026-09-24T21:55:00-04:00,80,128,,True,false,
2026-09-25T02:06:36Z,IN,302,2026-09-24T21:55:00-04:00,30,30,,True,true,
2026-09-25T02:06:36Z,IN,301,2026-09-24T21:55:00-04:00,LOW,30,,True,true,
2026-09-25T02:06:36Z,IN,303,2026-09-24T21:55:00-04:00,60,194,,True,true,
2026-09-25T02:06:36Z,IN,304,2026-09-24T21:55:00-04:00,Unknown,99,,False,true,
2026-09-25T02:06:36Z,IN,305,2026-09-24T21:55:00-04:00,Unknown,156,,False,true,
2026-09-25T02:06:36Z,IN,323,2026-09-24T21:55:00-04:00,20,40,,True,true,
2026-09-25T02:06:36Z,IN,702,2026-09-24T21:55:00-04:00,38,75,,True,false,
2026-09-25T02:06:36Z,IN,701,2026-09-24T21:55:00-04:00,30,60,,True,false,
2026-09-25T02:06:36Z,IN,704,2026-09-24T21:55:00-04:00,40,80,,True,false,
2026-09-25T02:06:36Z,IN,703,2026-09-24T21:55:00-04:00,55,110,,True,false,
2026-09-25T02:06:36Z,IN,706,2026-09-24T21:55:00-04:00,35,70,,True,false,
2026-09-25T02:06:36Z,IN,705,2026-09-24T21:55:00-04:00,30,60,,True,false,
2026-09-25T02:06:36Z,IN,708,2026-09-24T21:55:00-04:00,23,45,,True,false,
2026-09-25T02:06:36Z,IN,707,2026-09-24T21:55:00-04:00,20,40,,True,false,
2026-09-25T02:06:36Z,IN,324,2026-09-24T21:55:00-04:00,16,31,,True,true,
2026-09-25T02:06:36Z,KY,KY00065IS0000020N65WELCOM,2026-09-25T02:05:01Z,8,21,CLEARING,True,True,
2026-09-25T02:06:36Z,KY,KY00065IS000020NSMARATHON,2025-12-19T00:36:53Z,16,60,STEADY,True,False,
2026-09-25T02:06:36Z,KY,KY00065IS0000340NWEIGHS34,2026-07-01T19:04:41Z,35,40,STEADY,True,False,
2026-09-25T02:06:36Z,KY,KY00065IS0011400S65SRA114,2026-09-25T02:05:10Z,LOW,26,STEADY,True,True,
2026-09-25T02:06:36Z,KY,KY00065IS0005900S65SRA059,2026-09-25T02:05:07Z,14,109,FILLING,True,True,
2026-09-25T02:06:36Z,KY,KY00065IS0005900N65NRA059,2026-08-17T17:24:33Z,23,113,STEADY,True,False,
2026-09-25T02:06:36Z,KY,KY00075IS0003300NWEIGHS33,2026-09-25T02:05:15Z,23,50,STEADY,True,False,
2026-09-25T02:06:36Z,KY,KY00075IS0003400SWEIGHS34,2026-09-25T02:05:18Z,LOW,40,STEADY,True,True,
2026-09-25T02:06:36Z,KY,KY00075IS0017700N75NRA177,2026-07-13T10:37:14Z,LOW,53,CLEARING,True,False,
2026-09-25T02:06:36Z,KY,KY00075IS0007500SWALTONWS,2026-09-25T02:04:56Z,17,45,FILLING,True,True,
2026-09-25T02:06:36Z,KY,KY00075IS0017700S75SRA177,2026-09-25T02:05:18Z,LOW,67,STEADY,True,True,
2026-09-25T02:06:36Z,KY,KY00075IS0016800SCRITENWS,2026-09-25T02:04:52Z,19,39,STEADY,True,True,
2026-09-25T02:06:36Z,KY,KY00075IS0000100N75WELCOM,2026-09-25T02:05:10Z,LOW,30,STEADY,True,False,
2026-09-25T02:06:41Z,IL,IL00072IE015200041,2026-09-25T02:04:41Z,6,16,STEADY,True,True,
2026-09-25T02:06:41Z,IL,IL00074IW006200004,2026-09-25T02:06:31Z,5,12,STEADY,True,True,
2026-09-25T02:06:41Z,IL,IL00074IE011400005,2026-09-25T02:06:34Z,5,25,STEADY,True,True,
2026-09-25T02:06:41Z,IL,IL00074IW015600009,2026-09-25T02:06:34Z,0,0,Unknown,False,False,
2026-09-25T02:06:41Z,IL,IL00024IW003700010,2026-09-25T02:06:34Z,Unknown,0,Unknown,True,False,
2026-09-25T02:06:41Z,IL,IL00064IW002500011,2026-09-25T02:06:34Z,Unknown,0,Unknown,True,False,
2026-09-25T02:06:41Z,IL,IL00070IW002700015,2026-09-25T02:06:34Z,Unknown,0,Unknown,True,False,
2026-09-25T02:06:41Z,IL,IL00080IE011700043,2026-09-25T02:06:34Z,Unknown,31,Unknown,True,False,
2026-09-25T02:06:41Z,IL,IL00055IS002700019,2026-09-25T02:06:34Z,Unknown,0,Unknown,True,False,
2026-09-25T02:06:41Z,IL,IL00057IN033300049,2026-09-25T02:06:34Z,Unknown,0,Unknown,True,False,
2026-09-25T02:06:41Z,IL,IL00039IN008500036,2026-09-25T02:06:34Z,Unknown,42,Unknown,True,False,
2026-09-25T02:06:41Z,IL,IL00064IW008500012,2026-09-25T02:06:34Z,Unknown,0,Unknown,True,False,
2026-09-25T02:06:41Z,IL,IL00080IW005100013,2026-09-25T02:06:34Z,Unknown,47,Unknown,True,False,
2026-09-25T02:06:41Z,IL,IL00064IW013000053,2026-09-25T02:06:34Z,0,0,Unknown,False,False,
2026-09-25T02:06:41Z,IL,IL00080IW011700016,2026-09-25T02:06:34Z,Unknown,39,Unknown,True,False,
2026-09-25T02:06:41Z,IL,IL00055IN019400031,2026-09-25T02:06:34Z,Unknown,36,Unknown,True,False,
2026-09-25T02:06:41Z,IL,IL00072IW015200014,2026-09-25T02:06:34Z,Unknown,17,Unknown,True,False,
2026-09-25T02:06:41Z,IL,IL00074IW020800052,2026-09-25T02:06:34Z,Unknown,0,Unknown,True,False,
2026-09-25T02:06:41Z,IL,IL00055IS006400017,2026-09-25T02:06:34Z,Unknown,0,Unknown,True,False,
2026-09-25T02:06:41Z,IL,IL00057IS011400023,2026-09-25T02:06:34Z,Unknown,0,Unknown,True,False,
2026-09-25T02:06:41Z,IL,IL00057IS007900047,2026-09-25T02:06:34Z,Unknown,0,Unknown,True,False,
2026-09-25T02:06:41Z,IL,IL00057IS022200054,2026-09-25T02:06:34Z,Unknown,0,Unknown,True,False,
2026-09-25T02:06:41Z,IL,IL00057IN007900034,2026-09-25T02:06:34Z,Unknown,0,Unknown,True,False,
2026-09-25T02:06:41Z,IL,IL00064IE002500038,2026-09-25T02:06:34Z,0,0,Unknown,False,False,
2026-09-25T02:06:41Z,IL,IL00064IE008500039,2026-09-25T02:06:34Z,Unknown,0,Unknown,True,False,
2026-09-25T02:06:41Z,IL,IL00070IE008600051,2026-09-25T02:06:35Z,0,0,Unknown,False,False,
2026-09-25T02:06:41Z,IL,IL00070IE002700042,2026-09-25T02:06:35Z,Unknown,0,Unknown,True,False,
2026-09-25T02:06:41Z,IL,IL00055IS019400021,2026-09-25T02:06:35Z,Unknown,29,Unknown,True,False,
2026-09-25T02:06:41Z,IL,IL00057IS026800022,2026-09-25T02:06:35Z,Unknown,27,Unknown,True,False,
2026-09-25T02:06:41Z,IL,IL00057IS033300046,2026-09-25T02:06:35Z,Unknown,0,Unknown,True,False,
2026-09-25T02:06:41Z,IL,IL00039IS008500026,2026-09-25T02:06:35Z,Unknown,42,Unknown,True,False,
2026-09-25T02:06:41Z,IL,IL00055IN006400027,2026-09-25T02:06:35Z,Unknown,0,Unknown,True,False,
2026-09-25T02:06:41Z,IL,IL00057IN011400033,2026-09-25T02:06:35Z,Unknown,0,Unknown,True,False,
2026-09-25T02:06:41Z,IL,IL00057IN022200048,2026-09-25T02:06:35Z,Unknown,0,Unknown,True,False,
2026-09-25T02:06:41Z,IL,IL00074IE002800030,2026-09-25T02:06:35Z,Unknown,14,Unknown,True,False,
2026-09-25T02:06:41Z,IL,IL00055IN002700029,2026-09-25T02:06:35Z,Unknown,0,Unknown,True,False,
2026-09-25T02:06:41Z,IL,IL00080IE005100040,2026-09-25T02:06:35Z,Unknown,39,Unknown,True,False,
2026-09-25T02:06:41Z,IL,IL00057IN026800032,2026-09-25T02:06:35Z,Unknown,25,Unknown,True,False,
2026-09-25T02:06:41Z,IL,IL00055IN010400050,2026-09-25T02:06:35Z,0,0,Unknown,False,False,
2026-09-25T02:06:41Z,IL,IL00074IE015600037,2026-09-25T02:06:35Z,0,0,Unknown,False,False,
2026-09-25T02:06:41Z,IL,IL00055IN014900028,2026-09-25T02:06:35Z,Unknown,0,Unknown,True,False,
2026-09-25T02:06:41Z,IL,IL00074IW002800020,2026-09-25T02:06:35Z,Unknown,15,Unknown,True,False,
2026-09-25T02:06:41Z,IL,IL00070IW008700045,2026-09-25T02:03:34Z,0,15,STEADY,True,True,
2026-09-25T02:06:41Z,IL,IL00057IS016500018,2026-09-25T02:05:12Z,0,15,FILLING,True,True,
2026-09-25T02:06:41Z,IL,IL00074IW011400006,2026-09-25T02:06:07Z,2,18,STEADY,True,True,
2026-09-25T02:06:41Z,IL,IL00074IE006200001,2026-09-25T02:06:08Z,8,13,STEADY,True,True,
2026-09-25T02:06:41Z,IL,IL00070IW014900008,2026-09-25T02:04:43Z,Unknown,39,Unknown,True,False,
2026-09-25T02:06:41Z,IL,IL00057IN016500044,2026-09-25T02:05:23Z,0,15,STEADY,False,False,
2026-09-25T02:06:41Z,IL,IL00055IS010400024,2026-09-25T02:03:01Z,Unknown,0,STEADY,,False,
2026-09-25T02:06:41Z,IL,IL00057IS003200025,2026-09-25T02:03:01Z,Unknown,0,STEADY,,False,
2026-09-25T02:06:41Z,IL,IL00057IN003200035,2026-09-25T02:03:01Z,Unknown,17,STEADY,,False,
2026-09-25T02:06:41Z,IN,322,2026-09-24T21:55:00-04:00,65,75,,True,false,
2026-09-25T02:06:41Z,IN,317,2026-09-24T21:55:00-04:00,29,58,,True,true,
2026-09-25T02:06:41Z,IN,316,2026-09-24T21:55:00-04:00,5,58,,True,false,
2026-09-25T02:06:41Z,IN,315,2026-09-24T21:55:00-04:00,Unknown,36,,False,true,
2026-09-25T02:06:41Z,IN,314,2026-09-24T21:55:00-04:00,Unknown,36,,False,true,
2026-09-25T02:06:41Z,IN,313,2026-09-24T21:55:00-04:00,44,75,,True,false,
2026-09-25T02:06:41Z,IN,312,2026-09-24T21:55:00-04:00,37,75,,True,false,
2026-09-25T02:06:41Z,IN,311,2026-09-24T21:55:00-04:00,Unknown,13,,False,true,
2026-09-25T02:06:41Z,IN,310,2026-09-24T21:55:00-04:00,Unknown,13,,False,true,
2026-09-25T02:06:41Z,IN,308,2026-09-24T21:55:00-04:00,20,75,,True,true,
2026-09-25T02:06:41Z,IN,309,2026-09-24T21:55:00-04:00,34,150,,True,true,
2026-09-25T02:06:41Z,IN,318,2026-09-24T21:55:00-04:00,LOW,78,,True,true,
2026-09-25T02:06:41Z,IN,319,2026-09-24T21:55:00-04:00,23,78,,True,true,
2026-09-25T02:06:41Z,IN,320,2026-09-24T21:55:00-04:00,24,83,,True,true,
2026-09-25T02:06:41Z,IN,321,2026-09-24T21:55:00-04:00,21,41,,True,false,
2026-09-25T02:06:41Z,IN,300,2026-09-24T21:55:00-04:00,80,128,,True,false,
2026-09-25T02:06:41Z,IN,302,2026-09-24T21:55:00-04:00,30,30,,True,true,
2026-09-25T02:06:41Z,IN,301,2026-09-24T21:55:00-04:00,LOW,30,,True,true,
2026-09-25T02:06:41Z,IN,303,2026-09-24T21:55:00-04:00,60,194,,True,true,
2026-09-25T02:06:41Z,IN,304,2026-09-24T21:55:00-04:00,Unknown,99,,False,true,
2026-09-25T02:06:41Z,IN,305,2026-09-24T21:55:00-04:00,Unknown,156,,False,true,
2026-09-25T02:06:41Z,IN,323,2026-09-24T21:55:00-04:00,20,40,,True,true,
2026-09-25T02:06:41Z,IN,702,2026-09-24T21:55:00-04:00,38,75,,True,false,
2026-09-25T02:06:41Z,IN,701,2026-09-24T21:55:00-04:00,30,60,,True,false,
2026-09-25T02:06:41Z,IN,704,2026-09-24T21:55:00-04:00,40,80,,True,false,
2026-09-25T02:06:41Z,IN,703,2026-09-24T21:55:00-04:00,55,110,,True,false,
2026-09-25T02:06:41Z,IN,706,2026-09-24T21:55:00-04:00,35,70,,True,false,
2026-09-25T02:06:41Z,IN,705,2026-09-24T21:55:00-04:00,30,60,,True,false,
2026-09-25T02:06:41Z,IN,708,2026-09-24T21:55:00-04:00,23,45,,True,false,
2026-09-25T02:06:41Z,IN,707,2026-09-24T21:55:00-04:00,20,40,,True,false,
2026-09-25T02:06:41Z,IN,324,2026-09-24T21:55:00-04:00,16,31,,True,true,
2026-09-25T02:06:41Z,KY,KY00065IS0000020N65WELCOM,2026-09-25T02:05:01Z,8,21,CLEARING,True,True,
2026-09-25T02:06:41Z,KY,KY00065IS000020NSMARATHON,2025-12-19T00:36:53Z,16,60,STEADY,True,False,
2026-09-25T02:06:41Z,KY,KY00065IS0000340NWEIGHS34,2026-07-01T19:04:41Z,35,40,STEADY,True,False,
2026-09-25T02:06:41Z,KY,KY00065IS0011400S65SRA114,2026-09-25T02:05:10Z,LOW,26,STEADY,True,True,
2026-09-25T02:06:41Z,KY,KY00065IS0005900S65SRA059,2026-09-25T02:05:07Z,14,109,FILLING,True,True,
2026-09-25T02:06:41Z,KY,KY00065IS0005900N65NRA059,2026-08-17T17:24:33Z,23,113,STEADY,True,False,
2026-09-25T02:06:41Z,KY,KY00075IS0003300NWEIGHS33,2026-09-25T02:05:15Z,23,50,STEADY,True,False,
2026-09-25T02:06:41Z,KY,KY00075IS0003400SWEIGHS34,2026-09-25T02:05:18Z,LOW,40,STEADY,True,True,
2026-09-25T02:06:41Z,KY,KY00075IS0017700N75NRA177,2026-07-13T10:37:14Z,LOW,53,CLEARING,True,False,
2026-09-25T02:06:41Z,KY,KY00075IS0007500SWALTONWS,2026-09-25T02:04:56Z,17,45,FILLING,True,True,
2026-09-25T02:06:41Z,KY,KY00075IS0017700S75SRA177,2026-09-25T02:05:18Z,LOW,67,STEADY,True,True,
2026-09-25T02:06:41Z,KY,KY00075IS0016800SCRITENWS,2026-09-25T02:04:52Z,19,39,STEADY,True,True,
2026-09-25T02:06:41Z,KY,KY00075IS0000100N75WELCOM,2026-09-25T02:05:10Z,LOW,30,STEADY,True,False,
2026-09-25T02:06:48Z,IL,IL00072IE015200041,2026-09-25T02:04:41Z,6,16,STEADY,True,True,
2026-09-25T02:06:48Z,IL,IL00074IW006200004,2026-09-25T02:06:31Z,5,12,STEADY,True,True,
2026-09-25T02:06:48Z,IL,IL00074IE011400005,2026-09-25T02:06:34Z,5,25,STEADY,True,True,
2026-09-25T02:06:48Z,IL,IL00074IW015600009,2026-09-25T02:06:46Z,0,0,Unknown,False,False,
2026-09-25T02:06:48Z,IL,IL00024IW003700010,2026-09-25T02:06:46Z,Unknown,0,Unknown,True,False,
2026-09-25T02:06:48Z,IL,IL00064IW002500011,2026-09-25T02:06:46Z,Unknown,0,Unknown,True,False,
2026-09-25T02:06:48Z,IL,IL00070IW002700015,2026-09-25T02:06:46Z,Unknown,0,Unknown,True,False,
2026-09-25T02:06:48Z,IL,IL00080IE011700043,2026-09-25T02:06:46Z,Unknown,31,Unknown,True,False,
2026-09-25T02:06:48Z,IL,IL00055IS002700019,2026-09-25T02:06:46Z,Unknown,0,Unknown,True,False,
2026-09-25T02:06:48Z,IL,IL00057IN033300049,2026-09-25T02:06:46Z,Unknown,0,Unknown,True,False,
2026-09-25T02:06:48Z,IL,IL00039IN008500036,2026-09-25T02:06:46Z,Unknown,42,Unknown,True,False,
2026-09-25T02:06:48Z,IL,IL00064IW008500012,2026-09-25T02:06:46Z,Unknown,0,Unknown,True,False,
2026-09-25T02:06:48Z,IL,IL00080IW005100013,2026-09-25T02:06:46Z,Unknown,47,Unknown,True,False,
2026-09-25T02:06:48Z,IL,IL00064IW013000053,2026-09-25T02:06:46Z,0,0,Unknown,False,False,
2026-09-25T02:06:48Z,IL,IL00080IW011700016,2026-09-25T02:06:46Z,Unknown,39,Unknown,True,False,
2026-09-25T02:06:48Z,IL,IL00055IN019400031,2026-09-25T02:06:46Z,Unknown,36,Unknown,True,False,
2026-09-25T02:06:48Z,IL,IL00072IW015200014,2026-09-25T02:06:46Z,Unknown,17,Unknown,True,False,
2026-09-25T02:06:48Z,IL,IL00074IW020800052,2026-09-25T02:06:46Z,Unknown,0,Unknown,True,False,
2026-09-25T02:06:48Z,IL,IL00055IS006400017,2026-09-25T02:06:46Z,Unknown,0,Unknown,True,False,
2026-09-25T02:06:48Z,IL,IL00057IS011400023,2026-09-25T02:06:46Z,Unknown,0,Unknown,True,False,
2026-09-25T02:06:48Z,IL,IL00057IS007900047,2026-09-25T02:06:46Z,Unknown,0,Unknown,True,False,
2026-09-25T02:06:48Z,IL,IL00057IS022200054,2026-09-25T02:06:46Z,Unknown,0,Unknown,True,False,
2026-09-25T02:06:48Z,IL,IL00057IN007900034,2026-09-25T02:06:46Z,Unknown,0,Unknown,True,False,
2026-09-25T02:06:48Z,IL,IL00064IE002500038,2026-09-25T02:06:46Z,0,0,Unknown,False,False,
2026-09-25T02:06:48Z,IL,IL00064IE008500039,2026-09-25T02:06:47Z,Unknown,0,Unknown,True,False,
2026-09-25T02:06:48Z,IL,IL00070IE008600051,2026-09-25T02:06:47Z,0,0,Unknown,False,False,
2026-09-25T02:06:48Z,IL,IL00070IE002700042,2026-09-25T02:06:47Z,Unknown,0,Unknown,True,False,
2026-09-25T02:06:48Z,IL,IL00055IS019400021,2026-09-25T02:06:47Z,Unknown,29,Unknown,True,False,
2026-09-25T02:06:48Z,IL,IL00057IS026800022,2026-09-25T02:06:47Z,Unknown,27,Unknown,True,False,
2026-09-25T02:06:48Z,IL,IL00057IS033300046,2026-09-25T02:06:47Z,Unknown,0,Unknown,True,False,
2026-09-25T02:06:48Z,IL,IL00039IS008500026,2026-09-25T02:06:47Z,Unknown,42,Unknown,True,False,
2026-09-25T02:06:48Z,IL,IL00055IN006400027,2026-09-25T02:06:47Z,Unknown,0,Unknown,True,False,
2026-09-25T02:06:48Z,IL,IL00057IN011400033,2026-09-25T02:06:47Z,Unknown,0,Unknown,True,False,
2026-09-25T02:06:48Z,IL,IL00057IN022200048,2026-09-25T02:06:47Z,Unknown,0,Unknown,True,False,
2026-09-25T02:06:48Z,IL,IL00074IE002800030,2026-09-25T02:06:47Z,Unknown,14,Unknown,True,False,
2026-09-25T02:06:48Z,IL,IL00055IN002700029,2026-09-25T02:06:47Z,Unknown,0,Unknown,True,False,
2026-09-25T02:06:48Z,IL,IL00080IE005100040,2026-09-25T02:06:47Z,Unknown,39,Unknown,True,False,
2026-09-25T02:06:48Z,IL,IL00057IN026800032,2026-09-25T02:06:47Z,Unknown,25,Unknown,True,False,
2026-09-25T02:06:48Z,IL,IL00055IN010400050,2026-09-25T02:06:47Z,0,0,Unknown,False,False,
2026-09-25T02:06:48Z,IL,IL00074IE015600037,2026-09-25T02:06:47Z,0,0,Unknown,False,False,
2026-09-25T02:06:48Z,IL,IL00055IN014900028,2026-09-25T02:06:47Z,Unknown,0,Unknown,True,False,
2026-09-25T02:06:48Z,IL,IL00074IW002800020,2026-09-25T02:06:47Z,Unknown,15,Unknown,True,False,
2026-09-25T02:06:48Z,IL,IL00070IW008700045,2026-09-25T02:03:34Z,0,15,STEADY,True,True,
2026-09-25T02:06:48Z,IL,IL00057IS016500018,2026-09-25T02:05:12Z,0,15,FILLING,True,True,
2026-09-25T02:06:48Z,IL,IL00074IW011400006,2026-09-25T02:06:07Z,2,18,STEADY,True,True,
2026-09-25T02:06:48Z,IL,IL00074IE006200001,2026-09-25T02:06:08Z,8,13,STEADY,True,True,
2026-09-25T02:06:48Z,IL,IL00070IW014900008,2026-09-25T02:04:43Z,Unknown,39,Unknown,True,False,
2026-09-25T02:06:48Z,IL,IL00057IN016500044,2026-09-25T02:05:23Z,0,15,STEADY,False,False,
2026-09-25T02:06:48Z,IL,IL00055IS010400024,2026-09-25T02:03:01Z,Unknown,0,STEADY,,False,
2026-09-25T02:06:48Z,IL,IL00057IS003200025,2026-09-25T02:03:01Z,Unknown,0,STEADY,,False,
2026-09-25T02:06:48Z,IL,IL00057IN003200035,2026-09-25T02:03:01Z,Unknown,17,STEADY,,False,
2026-09-25T02:06:48Z,IN,322,2026-09-24T21:55:00-04:00,65,75,,True,false,
2026-09-25T02:06:48Z,IN,317,2026-09-24T21:55:00-04:00,29,58,,True,true,
2026-09-25T02:06:48Z,IN,316,2026-09-24T21:55:00-04:00,5,58,,True,false,
2026-09-25T02:06:48Z,IN,315,2026-09-24T21:55:00-04:00,Unknown,36,,False,true,
2026-09-25T02:06:48Z,IN,314,2026-09-24T21:55:00-04:00,Unknown,36,,False,true,
2026-09-25T02:06:48Z,IN,313,2026-09-24T21:55:00-04:00,44,75,,True,false,
2026-09-25T02:06:48Z,IN,312,2026-09-24T21:55:00-04:00,37,75,,True,false,
2026-09-25T02:06:48Z,IN,311,2026-09-24T21:55:00-04:00,Unknown,13,,False,true,
2026-09-25T02:06:48Z,IN,310,2026-09-24T21:55:00-04:00,Unknown,13,,False,true,
2026-09-25T02:06:48Z,IN,308,2026-09-24T21:55:00-04:00,20,75,,True,true,
2026-09-25T02:06:48Z,IN,309,2026-09-24T21:55:00-04:00,34,150,,True,true,
2026-09-25T02:06:48Z,IN,318,2026-09-24T21:55:00-04:00,LOW,78,,True,true,
2026-09-25T02:06:48Z,IN,319,2026-09-24T21:55:00-04:00,23,78,,True,true,
2026-09-25T02:06:48Z,IN,320,2026-09-24T21:55:00-04:00,24,83,,True,true,
2026-09-25T02:06:48Z,IN,321,2026-09-24T21:55:00-04:00,21,41,,True,false,
2026-09-25T02:06:48Z,IN,300,2026-09-24T21:55:00-04:00,80,128,,True,false,
2026-09-25T02:06:48Z,IN,302,2026-09-24T21:55:00-04:00,30,30,,True,true,
2026-09-25T02:06:48Z,IN,301,2026-09-24T21:55:00-04:00,LOW,30,,True,true,
2026-09-25T02:06:48Z,IN,303,2026-09-24T21:55:00-04:00,60,194,,True,true,
2026-09-25T02:06:48Z,IN,304,2026-09-24T21:55:00-04:00,Unknown,99,,False,true,
2026-09-25T02:06:48Z,IN,305,2026-09-24T21:55:00-04:00,Unknown,156,,False,true,
2026-09-25T02:06:48Z,IN,323,2026-09-24T21:55:00-04:00,20,40,,True,true,
2026-09-25T02:06:48Z,IN,702,2026-09-24T21:55:00-04:00,38,75,,True,false,
2026-09-25T02:06:48Z,IN,701,2026-09-24T21:55:00-04:00,30,60,,True,false,
2026-09-25T02:06:48Z,IN,704,2026-09-24T21:55:00-04:00,40,80,,True,false,
2026-09-25T02:06:48Z,IN,703,2026-09-24T21:55:00-04:00,55,110,,True,false,
2026-09-25T02:06:48Z,IN,706,2026-09-24T21:55:00-04:00,35,70,,True,false,
2026-09-25T02:06:48Z,IN,705,2026-09-24T21:55:00-04:00,30,60,,True,false,
2026-09-25T02:06:48Z,IN,708,2026-09-24T21:55:00-04:00,23,45,,True,false,
2026-09-25T02:06:48Z,IN,707,2026-09-24T21:55:00-04:00,20,40,,True,false,
2026-09-25T02:06:48Z,IN,324,2026-09-24T21:55:00-04:00,16,31,,True,true,
2026-09-25T02:06:48Z,KY,KY00065IS0000020N65WELCOM,2026-09-25T02:05:01Z,8,21,CLEARING,True,True,
2026-09-25T02:06:48Z,KY,KY00065IS000020NSMARATHON,2025-12-19T00:36:53Z,16,60,STEADY,True,False,
2026-09-25T02:06:48Z,KY,KY00065IS0000340NWEIGHS34,2026-07-01T19:04:41Z,35,40,STEADY,True,False,
2026-09-25T02:06:48Z,KY,KY00065IS0011400S65SRA114,2026-09-25T02:05:10Z,LOW,26,STEADY,True,True,
2026-09-25T02:06:48Z,KY,KY00065IS0005900S65SRA059,2026-09-25T02:05:07Z,14,109,FILLING,True,True,
2026-09-25T02:06:48Z,KY,KY00065IS0005900N65NRA059,2026-08-17T17:24:33Z,23,113,STEADY,True,False,
2026-09-25T02:06:48Z,KY,KY00075IS0003300NWEIGHS33,2026-09-25T02:05:15Z,23,50,STEADY,True,False,
2026-09-25T02:06:48Z,KY,KY00075IS0003400SWEIGHS34,2026-09-25T02:05:18Z,LOW,40,STEADY,True,True,
2026-09-25T02:06:48Z,KY,KY00075IS0017700N75NRA177,2026-07-13T10:37:14Z,LOW,53,CLEARING,True,False,
2026-09-25T02:06:48Z,KY,KY00075IS0007500SWALTONWS,2026-09-25T02:04:56Z,17,45,FILLING,True,True,
2026-09-25T02:06:48Z,KY,KY00075IS0017700S75SRA177,2026-09-25T02:05:18Z,LOW,67,STEADY,True,True,
2026-09-25T02:06:48Z,KY,KY00075IS0016800SCRITENWS,2026-09-25T02:04:52Z,19,39,STEADY,True,True,
2026-09-25T02:06:48Z,KY,KY00075IS0000100N75WELCOM,2026-09-25T02:05:10Z,LOW,30,STEADY,True,False,
2026-09-25T02:06:53Z,IL,IL00072IE015200041,2026-09-25T02:04:41Z,6,16,STEADY,True,True,
2026-09-25T02:06:53Z,IL,IL00074IW006200004,2026-09-25T02:06:31Z,5,12,STEADY,True,True,
2026-09-25T02:06:53Z,IL,IL00074IE011400005,2026-09-25T02:06:34Z,5,25,STEADY,True,True,
2026-09-25T02:06:53Z,IL,IL00074IW015600009,2026-09-25T02:06:46Z,0,0,Unknown,False,False,
2026-09-25T02:06:53Z,IL,IL00024IW003700010,2026-09-25T02:06:46Z,Unknown,0,Unknown,True,False,
2026-09-25T02:06:53Z,IL,IL00064IW002500011,2026-09-25T02:06:46Z,Unknown,0,Unknown,True,False,
2026-09-25T02:06:53Z,IL,IL00070IW002700015,2026-09-25T02:06:46Z,Unknown,0,Unknown,True,False,
2026-09-25T02:06:53Z,IL,IL00080IE011700043,2026-09-25T02:06:46Z,Unknown,31,Unknown,True,False,
2026-09-25T02:06:53Z,IL,IL00055IS002700019,2026-09-25T02:06:46Z,Unknown,0,Unknown,True,False,
2026-09-25T02:06:53Z,IL,IL00057IN033300049,2026-09-25T02:06:46Z,Unknown,0,Unknown,True,False,
2026-09-25T02:06:53Z,IL,IL00039IN008500036,2026-09-25T02:06:46Z,Unknown,42,Unknown,True,False,
2026-09-25T02:06:53Z,IL,IL00064IW008500012,2026-09-25T02:06:46Z,Unknown,0,Unknown,True,False,
2026-09-25T02:06:53Z,IL,IL00080IW005100013,2026-09-25T02:06:46Z,Unknown,47,Unknown,True,False,
2026-09-25T02:06:53Z,IL,IL00064IW013000053,2026-09-25T02:06:46Z,0,0,Unknown,False,False,
2026-09-25T02:06:53Z,IL,IL00080IW011700016,2026-09-25T02:06:46Z,Unknown,39,Unknown,True,False,
2026-09-25T02:06:53Z,IL,IL00055IN019400031,2026-09-25T02:06:46Z,Unknown,36,Unknown,True,False,
2026-09-25T02:06:53Z,IL,IL00072IW015200014,2026-09-25T02:06:46Z,Unknown,17,Unknown,True,False,
2026-09-25T02:06:53Z,IL,IL00074IW020800052,2026-09-25T02:06:46Z,Unknown,0,Unknown,True,False,
2026-09-25T02:06:53Z,IL,IL00055IS006400017,2026-09-25T02:06:46Z,Unknown,0,Unknown,True,False,
2026-09-25T02:06:53Z,IL,IL00057IS011400023,2026-09-25T02:06:46Z,Unknown,0,Unknown,True,False,
2026-09-25T02:06:53Z,IL,IL00057IS007900047,2026-09-25T02:06:46Z,Unknown,0,Unknown,True,False,
2026-09-25T02:06:53Z,IL,IL00057IS022200054,2026-09-25T02:06:46Z,Unknown,0,Unknown,True,False,
2026-09-25T02:06:53Z,IL,IL00057IN007900034,2026-09-25T02:06:46Z,Unknown,0,Unknown,True,False,
2026-09-25T02:06:53Z,IL,IL00064IE002500038,2026-09-25T02:06:46Z,0,0,Unknown,False,False,
2026-09-25T02:06:53Z,IL,IL00064IE008500039,2026-09-25T02:06:47Z,Unknown,0,Unknown,True,False,
2026-09-25T02:06:53Z,IL,IL00070IE008600051,2026-09-25T02:06:47Z,0,0,Unknown,False,False,
2026-09-25T02:06:53Z,IL,IL00070IE002700042,2026-09-25T02:06:47Z,Unknown,0,Unknown,True,False,
2026-09-25T02:06:53Z,IL,IL00055IS019400021,2026-09-25T02:06:47Z,Unknown,29,Unknown,True,False,
2026-09-25T02:06:53Z,IL,IL00057IS026800022,2026-09-25T02:06:47Z,Unknown,27,Unknown,True,False,
2026-09-25T02:06:53Z,IL,IL00057IS033300046,2026-09-25T02:06:47Z,Unknown,0,Unknown,True,False,
2026-09-25T02:06:53Z,IL,IL00039IS008500026,2026-09-25T02:06:47Z,Unknown,42,Unknown,True,False,
2026-09-25T02:06:53Z,IL,IL00055IN006400027,2026-09-25T02:06:47Z,Unknown,0,Unknown,True,False,
2026-09-25T02:06:53Z,IL,IL00057IN011400033,2026-09-25T02:06:47Z,Unknown,0,Unknown,True,False,
2026-09-25T02:06:53Z,IL,IL00057IN022200048,2026-09-25T02:06:47Z,Unknown,0,Unknown,True,False,
2026-09-25T02:06:53Z,IL,IL00074IE002800030,2026-09-25T02:06:47Z,Unknown,14,Unknown,True,False,
2026-09-25T02:06:53Z,IL,IL00055IN002700029,2026-09-25T02:06:47Z,Unknown,0,Unknown,True,False,
2026-09-25T02:06:53Z,IL,IL00080IE005100040,2026-09-25T02:06:47Z,Unknown,39,Unknown,True,False,
2026-09-25T02:06:53Z,IL,IL00057IN026800032,2026-09-25T02:06:47Z,Unknown,25,Unknown,True,False,
2026-09-25T02:06:53Z,IL,IL00055IN010400050,2026-09-25T02:06:47Z,0,0,Unknown,False,False,
2026-09-25T02:06:53Z,IL,IL00074IE015600037,2026-09-25T02:06:47Z,0,0,Unknown,False,False,
2026-09-25T02:06:53Z,IL,IL00055IN014900028,2026-09-25T02:06:47Z,Unknown,0,Unknown,True,False,
2026-09-25T02:06:53Z,IL,IL00074IW002800020,2026-09-25T02:06:47Z,Unknown,15,Unknown,True,False,
2026-09-25T02:06:53Z,IL,IL00070IW008700045,2026-09-25T02:03:34Z,0,15,STEADY,True,True,
2026-09-25T02:06:53Z,IL,IL00057IS016500018,2026-09-25T02:05:12Z,0,15,FILLING,True,True,
2026-09-25T02:06:53Z,IL,IL00074IW011400006,2026-09-25T02:06:07Z,2,18,STEADY,True,True,
2026-09-25T02:06:53Z,IL,IL00074IE006200001,2026-09-25T02:06:08Z,8,13,STEADY,True,True,
2026-09-25T02:06:53Z,IL,IL00070IW014900008,2026-09-25T02:04:43Z,Unknown,39,Unknown,True,False,
2026-09-25T02:06:53Z,IL,IL00057IN016500044,2026-09-25T02:05:23Z,0,15,STEADY,False,False,
2026-09-25T02:06:53Z,IL,IL00055IS010400024,2026-09-25T02:03:01Z,Unknown,0,STEADY,,False,
2026-09-25T02:06:53Z,IL,IL00057IS003200025,2026-09-25T02:03:01Z,Unknown,0,STEADY,,False,
2026-09-25T02:06:53Z,IL,IL00057IN003200035,2026-09-25T02:03:01Z,Unknown,17,STEADY,,False,
2026-09-25T02:06:53Z,IN,322,2026-09-24T21:55:00-04:00,65,75,,True,false,
2026-09-25T02:06:53Z,IN,317,2026-09-24T21:55:00-04:00,29,58,,True,true,
2026-09-25T02:06:53Z,IN,316,2026-09-24T21:55:00-04:00,5,58,,True,false,
2026-09-25T02:06:53Z,IN,315,2026-09-24T21:55:00-04:00,Unknown,36,,False,true,
2026-09-25T02:06:53Z,IN,314,2026-09-24T21:55:00-04:00,Unknown,36,,False,true,
2026-09-25T02:06:53Z,IN,313,2026-09-24T21:55:00-04:00,44,75,,True,false,
2026-09-25T02:06:53Z,IN,312,2026-09-24T21:55:00-04:00,37,75,,True,false,
2026-09-25T02:06:53Z,IN,311,2026-09-24T21:55:00-04:00,Unknown,13,,False,true,
2026-09-25T02:06:53Z,IN,310,2026-09-24T21:55:00-04:00,Unknown,13,,False,true,
2026-09-25T02:06:53Z,IN,308,2026-09-24T21:55:00-04:00,20,75,,True,true,
2026-09-25T02:06:53Z,IN,309,2026-09-24T21:55:00-04:00,34,150,,True,true,
2026-09-25T02:06:53Z,IN,318,2026-09-24T21:55:00-04:00,LOW,78,,True,true,
2026-09-25T02:06:53Z,IN,319,2026-09-24T21:55:00-04:00,23,78,,True,true,
2026-09-25T02:06:53Z,IN,320,2026-09-24T21:55:00-04:00,24,83,,True,true,
2026-09-25T02:06:53Z,IN,321,2026-09-24T21:55:00-04:00,21,41,,True,false,
2026-09-25T02:06:53Z,IN,300,2026-09-24T21:55:00-04:00,80,128,,True,false,
2026-09-25T02:06:53Z,IN,302,2026-09-24T21:55:00-04:00,30,30,,True,true,
2026-09-25T02:06:53Z,IN,301,2026-09-24T21:55:00-04:00,LOW,30,,True,true,
2026-09-25T02:06:53Z,IN,303,2026-09-24T21:55:00-04:00,60,194,,True,true,
2026-09-25T02:06:53Z,IN,304,2026-09-24T21:55:00-04:00,Unknown,99,,False,true,
2026-09-25T02:06:53Z,IN,305,2026-09-24T21:55:00-04:00,Unknown,156,,False,true,
2026-09-25T02:06:53Z,IN,323,2026-09-24T21:55:00-04:00,20,40,,True,true,
2026-09-25T02:06:53Z,IN,702,2026-09-24T21:55:00-04:00,38,75,,True,false,
2026-09-25T02:06:53Z,IN,701,2026-09-24T21:55:00-04:00,30,60,,True,false,
2026-09-25T02:06:53Z,IN,704,2026-09-24T21:55:00-04:00,40,80,,True,false,
2026-09-25T02:06:53Z,IN,703,2026-09-24T21:55:00-04:00,55,110,,True,false,
2026-09-25T02:06:53Z,IN,706,2026-09-24T21:55:00-04:00,35,70,,True,false,
2026-09-25T02:06:53Z,IN,705,2026-09-24T21:55:00-04:00,30,60,,True,false,
2026-09-25T02:06:53Z,IN,708,2026-09-24T21:55:00-04:00,23,45,,True,false,
2026-09-25T02:06:53Z,IN,707,2026-09-24T21:55:00-04:00,20,40,,True,false,
2026-09-25T02:06:53Z,IN,324,2026-09-24T21:55:00-04:00,16,31,,True,true,
2026-09-25T02:06:53Z,KY,KY00065IS0000020N65WELCOM,2026-09-25T02:05:01Z,8,21,CLEARING,True,True,
2026-09-25T02:06:53Z,KY,KY00065IS000020NSMARATHON,2025-12-19T00:36:53Z,16,60,STEADY,True,False,
2026-09-25T02:06:53Z,KY,KY00065IS0000340NWEIGHS34,2026-07-01T19:04:41Z,35,40,STEADY,True,False,
2026-09-25T02:06:53Z,KY,KY00065IS0011400S65SRA114,2026-09-25T02:05:10Z,LOW,26,STEADY,True,True,
2026-09-25T02:06:53Z,KY,KY00065IS0005900S65SRA059,2026-09-25T02:05:07Z,14,109,FILLING,True,True,
2026-09-25T02:06:53Z,KY,KY00065IS0005900N65NRA059,2026-08-17T17:24:33Z,23,113,STEADY,True,False,
2026-09-25T02:06:53Z,KY,KY00075IS0003300NWEIGHS33,2026-09-25T02:05:15Z,23,50,STEADY,True,False,
2026-09-25T02:06:53Z,KY,KY00075IS0003400SWEIGHS34,2026-09-25T02:05:18Z,LOW,40,STEADY,True,True,
2026-09-25T02:06:53Z,KY,KY00075IS0017700N75NRA177,2026-07-13T10:37:14Z,LOW,53,CLEARING,True,False,
2026-09-25T02:06:53Z,KY,KY00075IS0007500SWALTONWS,2026-09-25T02:04:56Z,17,45,FILLING,True,True,
2026-09-25T02:06:53Z,KY,KY00075IS0017700S75SRA177,2026-09-25T02:05:18Z,LOW,67,STEADY,True,True,
2026-09-25T02:06:53Z,KY,KY00075IS0016800SCRITENWS,2026-09-25T02:04:52Z,19,39,STEADY,True,True,
2026-09-25T02:06:53Z,KY,KY00075IS0000100N75WELCOM,2026-09-25T02:05:10Z,LOW,30,STEADY,True,False,
2026-09-25T02:06:59Z,IL,IL00072IE015200041,2026-09-25T02:04:41Z,6,16,STEADY,True,True,
2026-09-25T02:06:59Z,IL,IL00074IW006200004,2026-09-25T02:06:31Z,5,12,STEADY,True,True,
2026-09-25T02:06:59Z,IL,IL00074IE011400005,2026-09-25T02:06:34Z,5,25,STEADY,True,True,
2026-09-25T02:06:59Z,IL,IL00057IN033300049,2026-09-25T02:06:58Z,Unknown,0,Unknown,True,False,
2026-09-25T02:06:59Z,IL,IL00039IN008500036,2026-09-25T02:06:58Z,Unknown,42,Unknown,True,False,
2026-09-25T02:06:59Z,IL,IL00064IW008500012,2026-09-25T02:06:58Z,Unknown,0,Unknown,True,False,
2026-09-25T02:06:59Z,IL,IL00080IW005100013,2026-09-25T02:06:58Z,Unknown,47,Unknown,True,False,
2026-09-25T02:06:59Z,IL,IL00074IW015600009,2026-09-25T02:06:58Z,0,0,Unknown,False,False,
2026-09-25T02:06:59Z,IL,IL00024IW003700010,2026-09-25T02:06:58Z,Unknown,0,Unknown,True,False,
2026-09-25T02:06:59Z,IL,IL00064IW002500011,2026-09-25T02:06:58Z,Unknown,0,Unknown,True,False,
2026-09-25T02:06:59Z,IL,IL00070IW002700015,2026-09-25T02:06:58Z,Unknown,0,Unknown,True,False,
2026-09-25T02:06:59Z,IL,IL00080IE011700043,2026-09-25T02:06:58Z,Unknown,31,Unknown,True,False,
2026-09-25T02:06:59Z,IL,IL00055IS002700019,2026-09-25T02:06:58Z,Unknown,0,Unknown,True,False,
2026-09-25T02:06:59Z,IL,IL00064IE002500038,2026-09-25T02:06:59Z,0,0,Unknown,False,False,
2026-09-25T02:06:59Z,IL,IL00055IS006400017,2026-09-25T02:06:58Z,Unknown,0,Unknown,True,False,
2026-09-25T02:06:59Z,IL,IL00057IS011400023,2026-09-25T02:06:58Z,Unknown,0,Unknown,True,False,
2026-09-25T02:06:59Z,IL,IL00064IE008500039,2026-09-25T02:06:59Z,Unknown,0,Unknown,True,False,
2026-09-25T02:06:59Z,IL,IL00064IW013000053,2026-09-25T02:06:58Z,0,0,Unknown,False,False,
2026-09-25T02:06:59Z,IL,IL00057IS007900047,2026-09-25T02:06:58Z,Unknown,0,Unknown,True,False,
2026-09-25T02:06:59Z,IL,IL00080IW011700016,2026-09-25T02:06:58Z,Unknown,39,Unknown,True,False,
2026-09-25T02:06:59Z,IL,IL00055IN019400031,2026-09-25T02:06:58Z,Unknown,36,Unknown,True,False,
2026-09-25T02:06:59Z,IL,IL00057IS022200054,2026-09-25T02:06:59Z,Unknown,0,Unknown,True,False,
2026-09-25T02:06:59Z,IL,IL00072IW015200014,2026-09-25T02:06:58Z,Unknown,17,Unknown,True,False,
2026-09-25T02:06:59Z,IL,IL00074IW020800052,2026-09-25T02:06:58Z,Unknown,0,Unknown,True,False,
2026-09-25T02:06:59Z,IL,IL00057IN007900034,2026-09-25T02:06:59Z,Unknown,0,Unknown,True,False,
2026-09-25T02:06:59Z,IL,IL00057IS033300046,2026-09-25T02:06:47Z,Unknown,0,Unknown,True,False,
2026-09-25T02:06:59Z,IL,IL00039IS008500026,2026-09-25T02:06:47Z,Unknown,42,Unknown,True,False,
2026-09-25T02:06:59Z,IL,IL00055IN006400027,2026-09-25T02:06:47Z,Unknown,0,Unknown,True,False,
2026-09-25T02:06:59Z,IL,IL00057IN011400033,2026-09-25T02:06:47Z,Unknown,0,Unknown,True,False,
2026-09-25T02:06:59Z,IL,IL00057IN022200048,2026-09-25T02:06:47Z,Unknown,0,Unknown,True,False,
2026-09-25T02:06:59Z,IL,IL00074IE002800030,2026-09-25T02:06:47Z,Unknown,14,Unknown,True,False,
2026-09-25T02:06:59Z,IL,IL00055IN002700029,2026-09-25T02:06:47Z,Unknown,0,Unknown,True,False,
2026-09-25T02:06:59Z,IL,IL00080IE005100040,2026-09-25T02:06:47Z,Unknown,39,Unknown,True,False,
2026-09-25T02:06:59Z,IL,IL00070IE008600051,2026-09-25T02:06:59Z,0,0,Unknown,False,False,
2026-09-25T02:06:59Z,IL,IL00070IE002700042,2026-09-25T02:06:59Z,Unknown,0,Unknown,True,False,
2026-09-25T02:06:59Z,IL,IL00055IS019400021,2026-09-25T02:06:59Z,Unknown,29,Unknown,True,False,
2026-09-25T02:06:59Z,IL,IL00057IS026800022,2026-09-25T02:06:59Z,Unknown,27,Unknown,True,False,
2026-09-25T02:06:59Z,IL,IL00057IN026800032,2026-09-25T02:06:47Z,Unknown,25,Unknown,True,False,
2026-09-25T02:06:59Z,IL,IL00055IN010400050,2026-09-25T02:06:47Z,0,0,Unknown,False,False,
2026-09-25T02:06:59Z,IL,IL00074IE015600037,2026-09-25T02:06:47Z,0,0,Unknown,False,False,
2026-09-25T02:06:59Z,IL,IL00055IN014900028,2026-09-25T02:06:47Z,Unknown,0,Unknown,True,False,
2026-09-25T02:06:59Z,IL,IL00074IW002800020,2026-09-25T02:06:47Z,Unknown,15,Unknown,True,False,
2026-09-25T02:06:59Z,IL,IL00070IW008700045,2026-09-25T02:03:34Z,0,15,STEADY,True,True,
2026-09-25T02:06:59Z,IL,IL00057IS016500018,2026-09-25T02:05:12Z,0,15,FILLING,True,True,
2026-09-25T02:06:59Z,IL,IL00074IW011400006,2026-09-25T02:06:07Z,2,18,STEADY,True,True,
2026-09-25T02:06:59Z,IL,IL00074IE006200001,2026-09-25T02:06:08Z,8,13,STEADY,True,True,
2026-09-25T02:06:59Z,IL,IL00070IW014900008,2026-09-25T02:06:55Z,Unknown,39,Unknown,True,False,
2026-09-25T02:06:59Z,IL,IL00057IN016500044,2026-09-25T02:05:23Z,0,15,STEADY,False,False,
2026-09-25T02:06:59Z,IL,IL00055IS010400024,2026-09-25T02:03:01Z,Unknown,0,STEADY,,False,
2026-09-25T02:06:59Z,IL,IL00057IS003200025,2026-09-25T02:03:01Z,Unknown,0,STEADY,,False,
2026-09-25T02:06:59Z,IL,IL00057IN003200035,2026-09-25T02:03:01Z,Unknown,17,STEADY,,False,
2026-09-25T02:06:59Z,IN,322,2026-09-24T21:55:00-04:00,65,75,,True,false,
2026-09-25T02:06:59Z,IN,317,2026-09-24T21:55:00-04:00,29,58,,True,true,
2026-09-25T02:06:59Z,IN,316,2026-09-24T21:55:00-04:00,5,58,,True,false,
2026-09-25T02:06:59Z,IN,315,2026-09-24T21:55:00-04:00,Unknown,36,,False,true,
2026-09-25T02:06:59Z,IN,314,2026-09-24T21:55:00-04:00,Unknown,36,,False,true,
2026-09-25T02:06:59Z,IN,313,2026-09-24T21:55:00-04:00,44,75,,True,false,
2026-09-25T02:06:59Z,IN,312,2026-09-24T21:55:00-04:00,37,75,,True,false,
2026-09-25T02:06:59Z,IN,311,2026-09-24T21:55:00-04:00,Unknown,13,,False,true,
2026-09-25T02:06:59Z,IN,310,2026-09-24T21:55:00-04:00,Unknown,13,,False,true,
2026-09-25T02:06:59Z,IN,308,2026-09-24T21:55:00-04:00,20,75,,True,true,
2026-09-25T02:06:59Z,IN,309,2026-09-24T21:55:00-04:00,34,150,,True,true,
2026-09-25T02:06:59Z,IN,318,2026-09-24T21:55:00-04:00,LOW,78,,True,true,
2026-09-25T02:06:59Z,IN,319,2026-09-24T21:55:00-04:00,23,78,,True,true,
2026-09-25T02:06:59Z,IN,320,2026-09-24T21:55:00-04:00,24,83,,True,true,
2026-09-25T02:06:59Z,IN,321,2026-09-24T21:55:00-04:00,21,41,,True,false,
2026-09-25T02:06:59Z,IN,300,2026-09-24T21:55:00-04:00,80,128,,True,false,
2026-09-25T02:06:59Z,IN,302,2026-09-24T21:55:00-04:00,30,30,,True,true,
2026-09-25T02:06:59Z,IN,301,2026-09-24T21:55:00-04:00,LOW,30,,True,true,
2026-09-25T02:06:59Z,IN,303,2026-09-24T21:55:00-04:00,60,194,,True,true,
2026-09-25T02:06:59Z,IN,304,2026-09-24T21:55:00-04:00,Unknown,99,,False,true,
2026-09-25T02:06:59Z,IN,305,2026-09-24T21:55:00-04:00,Unknown,156,,False,true,
2026-09-25T02:06:59Z,IN,323,2026-09-24T21:55:00-04:00,20,40,,True,true,
2026-09-25T02:06:59Z,IN,702,2026-09-24T21:55:00-04:00,38,75,,True,false,
2026-09-25T02:06:59Z,IN,701,2026-09-24T21:55:00-04:00,30,60,,True,false,
2026-09-25T02:06:59Z,IN,704,2026-09-24T21:55:00-04:00,40,80,,True,false,
2026-09-25T02:06:59Z,IN,703,2026-09-24T21:55:00-04:00,55,110,,True,false,
2026-09-25T02:06:59Z,IN,706,2026-09-24T21:55:00-04:00,35,70,,True,false,
2026-09-25T02:06:59Z,IN,705,2026-09-24T21:55:00-04:00,30,60,,True,false,
2026-09-25T02:06:59Z,IN,708,2026-09-24T21:55:00-04:00,23,45,,True,false,
2026-09-25T02:06:59Z,IN,707,2026-09-24T21:55:00-04:00,20,40,,True,false,
2026-09-25T02:06:59Z,IN,324,2026-09-24T21:55:00-04:00,16,31,,True,true,
2026-09-25T02:06:59Z,KY,KY00065IS0000020N65WELCOM,2026-09-25T02:05:01Z,8,21,CLEARING,True,True,
2026-09-25T02:06:59Z,KY,KY00065IS000020NSMARATHON,2025-12-19T00:36:53Z,16,60,STEADY,True,False,
2026-09-25T02:06:59Z,KY,KY00065IS0000340NWEIGHS34,2026-07-01T19:04:41Z,35,40,STEADY,True,False,
2026-09-25T02:06:59Z,KY,KY00065IS0011400S65SRA114,2026-09-25T02:05:10Z,LOW,26,STEADY,True,True,
2026-09-25T02:06:59Z,KY,KY00065IS0005900S65SRA059,2026-09-25T02:05:07Z,14,109,FILLING,True,True,
2026-09-25T02:06:59Z,KY,KY00065IS0005900N65NRA059,2026-08-17T17:24:33Z,23,113,STEADY,True,False,
2026-09-25T02:06:59Z,KY,KY00075IS0003300NWEIGHS33,2026-09-25T02:05:15Z,23,50,STEADY,True,False,
2026-09-25T02:06:59Z,KY,KY00075IS0003400SWEIGHS34,2026-09-25T02:05:18Z,LOW,40,STEADY,True,True,
2026-09-25T02:06:59Z,KY,KY00075IS0017700N75NRA177,2026-07-13T10:37:14Z,LOW,53,CLEARING,True,False,
2026-09-25T02:06:59Z,KY,KY00075IS0007500SWALTONWS,2026-09-25T02:04:56Z,17,45,FILLING,True,True,
2026-09-25T02:06:59Z,KY,KY00075IS0017700S75SRA177,2026-09-25T02:05:18Z,LOW,67,STEADY,True,True,
2026-09-25T02:06:59Z,KY,KY00075IS0016800SCRITENWS,2026-09-25T02:04:52Z,19,39,STEADY,True,True,
2026-09-25T02:06:59Z,KY,KY00075IS0000100N75WELCOM,2026-09-25T02:05:10Z,LOW,30,STEADY,True,False,
2026-09-25T02:07:05Z,IL,IL00072IE015200041,2026-09-25T02:04:41Z,6,16,STEADY,True,True,
2026-09-25T02:07:05Z,IL,IL00074IW006200004,2026-09-25T02:06:31Z,5,12,STEADY,True,True,
2026-09-25T02:07:05Z,IL,IL00074IE011400005,2026-09-25T02:06:34Z,5,25,STEADY,True,True,
2026-09-25T02:07:05Z,IL,IL00057IN033300049,2026-09-25T02:06:58Z,Unknown,0,Unknown,True,False,
2026-09-25T02:07:05Z,IL,IL00039IN008500036,2026-09-25T02:06:58Z,Unknown,42,Unknown,True,False,
2026-09-25T02:07:05Z,IL,IL00064IW008500012,2026-09-25T02:06:58Z,Unknown,0,Unknown,True,False,
2026-09-25T02:07:05Z,IL,IL00080IW005100013,2026-09-25T02:06:58Z,Unknown,47,Unknown,True,False,
2026-09-25T02:07:05Z,IL,IL00074IW015600009,2026-09-25T02:06:58Z,0,0,Unknown,False,False,
2026-09-25T02:07:05Z,IL,IL00024IW003700010,2026-09-25T02:06:58Z,Unknown,0,Unknown,True,False,
2026-09-25T02:07:05Z,IL,IL00064IW002500011,2026-09-25T02:06:58Z,Unknown,0,Unknown,True,False,
2026-09-25T02:07:05Z,IL,IL00070IW002700015,2026-09-25T02:06:58Z,Unknown,0,Unknown,True,False,
2026-09-25T02:07:05Z,IL,IL00080IE011700043,2026-09-25T02:06:58Z,Unknown,31,Unknown,True,False,
2026-09-25T02:07:05Z,IL,IL00055IS002700019,2026-09-25T02:06:58Z,Unknown,0,Unknown,True,False,
2026-09-25T02:07:05Z,IL,IL00064IE002500038,2026-09-25T02:06:59Z,0,0,Unknown,False,False,
2026-09-25T02:07:05Z,IL,IL00055IS006400017,2026-09-25T02:06:58Z,Unknown,0,Unknown,True,False,
2026-09-25T02:07:05Z,IL,IL00057IS011400023,2026-09-25T02:06:58Z,Unknown,0,Unknown,True,False,
2026-09-25T02:07:05Z,IL,IL00064IE008500039,2026-09-25T02:06:59Z,Unknown,0,Unknown,True,False,
2026-09-25T02:07:05Z,IL,IL00064IW013000053,2026-09-25T02:06:58Z,0,0,Unknown,False,False,
2026-09-25T02:07:05Z,IL,IL00057IS007900047,2026-09-25T02:06:58Z,Unknown,0,Unknown,True,False,
2026-09-25T02:07:05Z,IL,IL00080IW011700016,2026-09-25T02:06:58Z,Unknown,39,Unknown,True,False,
2026-09-25T02:07:05Z,IL,IL00055IN019400031,2026-09-25T02:06:58Z,Unknown,36,Unknown,True,False,
2026-09-25T02:07:05Z,IL,IL00057IS022200054,2026-09-25T02:06:59Z,Unknown,0,Unknown,True,False,
2026-09-25T02:07:05Z,IL,IL00072IW015200014,2026-09-25T02:06:58Z,Unknown,17,Unknown,True,False,
2026-09-25T02:07:05Z,IL,IL00074IW020800052,2026-09-25T02:06:58Z,Unknown,0,Unknown,True,False,
2026-09-25T02:07:05Z,IL,IL00057IN007900034,2026-09-25T02:06:59Z,Unknown,0,Unknown,True,False,
2026-09-25T02:07:05Z,IL,IL00039IS008500026,2026-09-25T02:06:59Z,Unknown,42,Unknown,True,False,
2026-09-25T02:07:05Z,IL,IL00055IN006400027,2026-09-25T02:06:59Z,Unknown,0,Unknown,True,False,
2026-09-25T02:07:05Z,IL,IL00055IN002700029,2026-09-25T02:06:59Z,Unknown,0,Unknown,True,False,
2026-09-25T02:07:05Z,IL,IL00080IE005100040,2026-09-25T02:06:59Z,Unknown,39,Unknown,True,False,
2026-09-25T02:07:05Z,IL,IL00057IN011400033,2026-09-25T02:06:59Z,Unknown,0,Unknown,True,False,
2026-09-25T02:07:05Z,IL,IL00070IE008600051,2026-09-25T02:06:59Z,0,0,Unknown,False,False,
2026-09-25T02:07:05Z,IL,IL00070IE002700042,2026-09-25T02:06:59Z,Unknown,0,Unknown,True,False,
2026-09-25T02:07:05Z,IL,IL00057IN022200048,2026-09-25T02:06:59Z,Unknown,0,Unknown,True,False,
2026-09-25T02:07:05Z,IL,IL00055IS019400021,2026-09-25T02:06:59Z,Unknown,29,Unknown,True,False,
2026-09-25T02:07:05Z,IL,IL00057IS026800022,2026-09-25T02:06:59Z,Unknown,27,Unknown,True,False,
2026-09-25T02:07:05Z,IL,IL00074IE002800030,2026-09-25T02:06:59Z,Unknown,14,Unknown,True,False,
2026-09-25T02:07:05Z,IL,IL00057IS033300046,2026-09-25T02:06:59Z,Unknown,0,Unknown,True,False,
2026-09-25T02:07:05Z,IL,IL00057IN026800032,2026-09-25T02:06:59Z,Unknown,25,Unknown,True,False,
2026-09-25T02:07:05Z,IL,IL00055IN010400050,2026-09-25T02:06:59Z,0,0,Unknown,False,False,
2026-09-25T02:07:05Z,IL,IL00074IE015600037,2026-09-25T02:06:59Z,0,0,Unknown,False,False,
2026-09-25T02:07:05Z,IL,IL00055IN014900028,2026-09-25T02:06:59Z,Unknown,0,Unknown,True,False,
2026-09-25T02:07:05Z,IL,IL00074IW002800020,2026-09-25T02:06:59Z,Unknown,15,Unknown,True,False,
2026-09-25T02:07:05Z,IL,IL00070IW008700045,2026-09-25T02:03:34Z,0,15,STEADY,True,True,
2026-09-25T02:07:05Z,IL,IL00057IS016500018,2026-09-25T02:05:12Z,0,15,FILLING,True,True,
2026-09-25T02:07:05Z,IL,IL00074IW011400006,2026-09-25T02:07:02Z,2,18,STEADY,True,True,
2026-09-25T02:07:05Z,IL,IL00074IE006200001,2026-09-25T02:07:03Z,8,13,STEADY,True,True,
2026-09-25T02:07:05Z,IL,IL00070IW014900008,2026-09-25T02:06:55Z,Unknown,39,Unknown,True,False,
2026-09-25T02:07:05Z,IL,IL00057IN016500044,2026-09-25T02:05:23Z,0,15,STEADY,False,False,
2026-09-25T02:07:05Z,IL,IL00055IS010400024,2026-09-25T02:03:01Z,Unknown,0,STEADY,,False,
2026-09-25T02:07:05Z,IL,IL00057IS003200025,2026-09-25T02:03:01Z,Unknown,0,STEADY,,False,
2026-09-25T02:07:05Z,IL,IL00057IN003200035,2026-09-25T02:03:01Z,Unknown,17,STEADY,,False,
2026-09-25T02:07:05Z,IN,322,2026-09-24T21:55:00-04:00,65,75,,True,false,
2026-09-25T02:07:05Z,IN,317,2026-09-24T21:55:00-04:00,29,58,,True,true,
2026-09-25T02:07:05Z,IN,316,2026-09-24T21:55:00-04:00,5,58,,True,false,
2026-09-25T02:07:05Z,IN,315,2026-09-24T21:55:00-04:00,Unknown,36,,False,true,
2026-09-25T02:07:05Z,IN,314,2026-09-24T21:55:00-04:00,Unknown,36,,False,true,
2026-09-25T02:07:05Z,IN,313,2026-09-24T21:55:00-04:00,44,75,,True,false,
2026-09-25T02:07:05Z,IN,312,2026-09-24T21:55:00-04:00,37,75,,True,false,
2026-09-25T02:07:05Z,IN,311,2026-09-24T21:55:00-04:00,Unknown,13,,False,true,
2026-09-25T02:07:05Z,IN,310,2026-09-24T21:55:00-04:00,Unknown,13,,False,true,
2026-09-25T02:07:05Z,IN,308,2026-09-24T21:55:00-04:00,20,75,,True,true,
2026-09-25T02:07:05Z,IN,309,2026-09-24T21:55:00-04:00,34,150,,True,true,
2026-09-25T02:07:05Z,IN,318,2026-09-24T21:55:00-04:00,LOW,78,,True,true,
2026-09-25T02:07:05Z,IN,319,2026-09-24T21:55:00-04:00,23,78,,True,true,
2026-09-25T02:07:05Z,IN,320,2026-09-24T21:55:00-04:00,24,83,,True,true,
2026-09-25T02:07:05Z,IN,321,2026-09-24T21:55:00-04:00,21,41,,True,false,
2026-09-25T02:07:05Z,IN,300,2026-09-24T21:55:00-04:00,80,128,,True,false,
2026-09-25T02:07:05Z,IN,302,2026-09-24T21:55:00-04:00,30,30,,True,true,
2026-09-25T02:07:05Z,IN,301,2026-09-24T21:55:00-04:00,LOW,30,,True,true,
2026-09-25T02:07:05Z,IN,303,2026-09-24T21:55:00-04:00,60,194,,True,true,
2026-09-25T02:07:05Z,IN,304,2026-09-24T21:55:00-04:00,Unknown,99,,False,true,
2026-09-25T02:07:05Z,IN,305,2026-09-24T21:55:00-04:00,Unknown,156,,False,true,
2026-09-25T02:07:05Z,IN,323,2026-09-24T21:55:00-04:00,20,40,,True,true,
2026-09-25T02:07:05Z,IN,702,2026-09-24T21:55:00-04:00,38,75,,True,false,
2026-09-25T02:07:05Z,IN,701,2026-09-24T21:55:00-04:00,30,60,,True,false,
2026-09-25T02:07:05Z,IN,704,2026-09-24T21:55:00-04:00,40,80,,True,false,
2026-09-25T02:07:05Z,IN,703,2026-09-24T21:55:00-04:00,55,110,,True,false,
2026-09-25T02:07:05Z,IN,706,2026-09-24T21:55:00-04:00,35,70,,True,false,
2026-09-25T02:07:05Z,IN,705,2026-09-24T21:55:00-04:00,30,60,,True,false,
2026-09-25T02:07:05Z,IN,708,2026-09-24T21:55:00-04:00,23,45,,True,false,
2026-09-25T02:07:05Z,IN,707,2026-09-24T21:55:00-04:00,20,40,,True,false,
2026-09-25T02:07:05Z,IN,324,2026-09-24T21:55:00-04:00,16,31,,True,true,
2026-09-25T02:07:05Z,KY,KY00065IS0000020N65WELCOM,2026-09-25T02:06:01Z,8,21,CLEARING,True,True,
2026-09-25T02:07:05Z,KY,KY00065IS000020NSMARATHON,2025-12-19T00:36:53Z,16,60,STEADY,True,False,
2026-09-25T02:07:05Z,KY,KY00065IS0000340NWEIGHS34,2026-07-01T19:04:41Z,35,40,STEADY,True,False,
2026-09-25T02:07:05Z,KY,KY00065IS0011400S65SRA114,2026-09-25T02:06:09Z,LOW,26,STEADY,True,True,
2026-09-25T02:07:05Z,KY,KY00065IS0005900S65SRA059,2026-09-25T02:06:08Z,14,109,FILLING,True,True,
2026-09-25T02:07:05Z,KY,KY00065IS0005900N65NRA059,2026-08-17T17:24:33Z,23,113,STEADY,True,False,
2026-09-25T02:07:05Z,KY,KY00075IS0003300NWEIGHS33,2026-09-25T02:06:16Z,23,50,STEADY,True,False,
2026-09-25T02:07:05Z,KY,KY00075IS0003400SWEIGHS34,2026-09-25T02:06:18Z,LOW,40,STEADY,True,True,
2026-09-25T02:07:05Z,KY,KY00075IS0017700N75NRA177,2026-07-13T10:37:14Z,LOW,53,CLEARING,True,False,
2026-09-25T02:07:05Z,KY,KY00075IS0007500SWALTONWS,2026-09-25T02:05:55Z,17,45,FILLING,True,True,
2026-09-25T02:07:05Z,KY,KY00075IS0017700S75SRA177,2026-09-25T02:06:18Z,LOW,67,STEADY,True,True,
2026-09-25T02:07:05Z,KY,KY00075IS0016800SCRITENWS,2026-09-25T02:05:51Z,19,39,STEADY,True,True,
2026-09-25T02:07:05Z,KY,KY00075IS0000100N75WELCOM,2026-09-25T02:06:11Z,LOW,30,STEADY,True,False,
2026-09-25T02:07:11Z,IL,IL00072IE015200041,2026-09-25T02:04:41Z,6,16,STEADY,True,True,
2026-09-25T02:07:11Z,IL,IL00074IW006200004,2026-09-25T02:06:31Z,5,12,STEADY,True,True,
2026-09-25T02:07:11Z,IL,IL00074IE011400005,2026-09-25T02:06:34Z,5,25,STEADY,True,True,
2026-09-25T02:07:11Z,IL,IL00064IW008500012,2026-09-25T02:07:05Z,Unknown,0,Unknown,True,False,
2026-09-25T02:07:11Z,IL,IL00080IW005100013,2026-09-25T02:07:05Z,Unknown,47,Unknown,True,False,
2026-09-25T02:07:11Z,IL,IL00074IW015600009,2026-09-25T02:07:05Z,0,0,Unknown,False,False,
2026-09-25T02:07:11Z,IL,IL00057IN033300049,2026-09-25T02:07:05Z,Unknown,0,Unknown,True,False,
2026-09-25T02:07:11Z,IL,IL00039IN008500036,2026-09-25T02:07:05Z,Unknown,42,Unknown,True,False,
2026-09-25T02:07:11Z,IL,IL00024IW003700010,2026-09-25T02:07:06Z,Unknown,0,Unknown,True,False,
2026-09-25T02:07:11Z,IL,IL00064IW002500011,2026-09-25T02:07:06Z,Unknown,0,Unknown,True,False,
2026-09-25T02:07:11Z,IL,IL00064IE008500039,2026-09-25T02:07:06Z,Unknown,0,Unknown,True,False,
2026-09-25T02:07:11Z,IL,IL00064IE002500038,2026-09-25T02:07:06Z,0,0,Unknown,False,False,
2026-09-25T02:07:11Z,IL,IL00055IS006400017,2026-09-25T02:07:06Z,Unknown,0,Unknown,True,False,
2026-09-25T02:07:11Z,IL,IL00064IW013000053,2026-09-25T02:07:06Z,0,0,Unknown,False,False,
2026-09-25T02:07:11Z,IL,IL00057IS011400023,2026-09-25T02:07:06Z,Unknown,0,Unknown,True,False,
2026-09-25T02:07:11Z,IL,IL00057IS007900047,2026-09-25T02:07:06Z,Unknown,0,Unknown,True,False,
2026-09-25T02:07:11Z,IL,IL00080IE005100040,2026-09-25T02:07:06Z,Unknown,39,Unknown,True,False,
2026-09-25T02:07:11Z,IL,IL00039IS008500026,2026-09-25T02:07:06Z,Unknown,42,Unknown,True,False,
2026-09-25T02:07:11Z,IL,IL00057IN011400033,2026-09-25T02:07:06Z,Unknown,0,Unknown,True,False,
2026-09-25T02:07:11Z,IL,IL00055IN006400027,2026-09-25T02:07:06Z,Unknown,0,Unknown,True,False,
2026-09-25T02:07:11Z,IL,IL00055IN002700029,2026-09-25T02:07:06Z,Unknown,0,Unknown,True,False,
2026-09-25T02:07:11Z,IL,IL00070IE008600051,2026-09-25T02:07:06Z,0,0,Unknown,False,False,
2026-09-25T02:07:11Z,IL,IL00055IN014900028,2026-09-25T02:07:07Z,Unknown,0,Unknown,True,False,
2026-09-25T02:07:11Z,IL,IL00057IN026800032,2026-09-25T02:07:07Z,Unknown,25,Unknown,True,False,
2026-09-25T02:07:11Z,IL,IL00055IN010400050,2026-09-25T02:07:07Z,0,0,Unknown,False,False,
2026-09-25T02:07:11Z,IL,IL00074IE015600037,2026-09-25T02:07:07Z,0,0,Unknown,False,False,
2026-09-25T02:07:11Z,IL,IL00070IW002700015,2026-09-25T02:07:06Z,Unknown,0,Unknown,True,False,
2026-09-25T02:07:11Z,IL,IL00080IE011700043,2026-09-25T02:07:06Z,Unknown,31,Unknown,True,False,
2026-09-25T02:07:11Z,IL,IL00055IS002700019,2026-09-25T02:07:06Z,Unknown,0,Unknown,True,False,
2026-09-25T02:07:11Z,IL,IL00080IW011700016,2026-09-25T02:07:06Z,Unknown,39,Unknown,True,False,
2026-09-25T02:07:11Z,IL,IL00055IN019400031,2026-09-25T02:07:06Z,Unknown,36,Unknown,True,False,
2026-09-25T02:07:11Z,IL,IL00057IS022200054,2026-09-25T02:07:06Z,Unknown,0,Unknown,True,False,
2026-09-25T02:07:11Z,IL,IL00072IW015200014,2026-09-25T02:07:06Z,Unknown,17,Unknown,True,False,
2026-09-25T02:07:11Z,IL,IL00074IW020800052,2026-09-25T02:07:06Z,Unknown,0,Unknown,True,False,
2026-09-25T02:07:11Z,IL,IL00057IN007900034,2026-09-25T02:07:06Z,Unknown,0,Unknown,True,False,
2026-09-25T02:07:11Z,IL,IL00070IE002700042,2026-09-25T02:07:06Z,Unknown,0,Unknown,True,False,
2026-09-25T02:07:11Z,IL,IL00057IN022200048,2026-09-25T02:07:06Z,Unknown,0,Unknown,True,False,
2026-09-25T02:07:11Z,IL,IL00055IS019400021,2026-09-25T02:07:06Z,Unknown,29,Unknown,True,False,
2026-09-25T02:07:11Z,IL,IL00057IS026800022,2026-09-25T02:07:07Z,Unknown,27,Unknown,True,False,
2026-09-25T02:07:11Z,IL,IL00074IE002800030,2026-09-25T02:07:07Z,Unknown,14,Unknown,True,False,
2026-09-25T02:07:11Z,IL,IL00057IS033300046,2026-09-25T02:07:07Z,Unknown,0,Unknown,True,False,
2026-09-25T02:07:11Z,IL,IL00074IW002800020,2026-09-25T02:07:07Z,Unknown,15,Unknown,True,False,
2026-09-25T02:07:11Z,IL,IL00070IW008700045,2026-09-25T02:03:34Z,0,15,STEADY,True,True,
2026-09-25T02:07:11Z,IL,IL00057IS016500018,2026-09-25T02:05:12Z,0,15,FILLING,True,True,
2026-09-25T02:07:11Z,IL,IL00074IW011400006,2026-09-25T02:07:02Z,2,18,STEADY,True,True,
2026-09-25T02:07:11Z,IL,IL00074IE006200001,2026-09-25T02:07:03Z,8,13,STEADY,True,True,
2026-09-25T02:07:11Z,IL,IL00070IW014900008,2026-09-25T02:06:55Z,Unknown,39,Unknown,True,False,
2026-09-25T02:07:11Z,IL,IL00057IN016500044,2026-09-25T02:05:23Z,0,15,STEADY,False,False,
2026-09-25T02:07:11Z,IL,IL00055IS010400024,2026-09-25T02:03:01Z,Unknown,0,STEADY,,False,
2026-09-25T02:07:11Z,IL,IL00057IS003200025,2026-09-25T02:03:01Z,Unknown,0,STEADY,,False,
2026-09-25T02:07:11Z,IL,IL00057IN003200035,2026-09-25T02:03:01Z,Unknown,17,STEADY,,False,
2026-09-25T02:07:11Z,IN,322,2026-09-24T21:55:00-04:00,65,75,,True,false,
2026-09-25T02:07:11Z,IN,317,2026-09-24T21:55:00-04:00,29,58,,True,true,
2026-09-25T02:07:11Z,IN,316,2026-09-24T21:55:00-04:00,5,58,,True,false,
2026-09-25T02:07:11Z,IN,315,2026-09-24T21:55:00-04:00,Unknown,36,,False,true,
2026-09-25T02:07:11Z,IN,314,2026-09-24T21:55:00-04:00,Unknown,36,,False,true,
2026-09-25T02:07:11Z,IN,313,2026-09-24T21:55:00-04:00,44,75,,True,false,
2026-09-25T02:07:11Z,IN,312,2026-09-24T21:55:00-04:00,37,75,,True,false,
2026-09-25T02:07:11Z,IN,311,2026-09-24T21:55:00-04:00,Unknown,13,,False,true,
2026-09-25T02:07:11Z,IN,310,2026-09-24T21:55:00-04:00,Unknown,13,,False,true,
2026-09-25T02:07:11Z,IN,308,2026-09-24T21:55:00-04:00,20,75,,True,true,
2026-09-25T02:07:11Z,IN,309,2026-09-24T21:55:00-04:00,34,150,,True,true,
2026-09-25T02:07:11Z,IN,318,2026-09-24T21:55:00-04:00,LOW,78,,True,true,
2026-09-25T02:07:11Z,IN,319,2026-09-24T21:55:00-04:00,23,78,,True,true,
2026-09-25T02:07:11Z,IN,320,2026-09-24T21:55:00-04:00,24,83,,True,true,
2026-09-25T02:07:11Z,IN,321,2026-09-24T21:55:00-04:00,21,41,,True,false,
2026-09-25T02:07:11Z,IN,300,2026-09-24T21:55:00-04:00,80,128,,True,false,
2026-09-25T02:07:11Z,IN,302,2026-09-24T21:55:00-04:00,30,30,,True,true,
2026-09-25T02:07:11Z,IN,301,2026-09-24T21:55:00-04:00,LOW,30,,True,true,
2026-09-25T02:07:11Z,IN,303,2026-09-24T21:55:00-04:00,60,194,,True,true,
2026-09-25T02:07:11Z,IN,304,2026-09-24T21:55:00-04:00,Unknown,99,,False,true,
2026-09-25T02:07:11Z,IN,305,2026-09-24T21:55:00-04:00,Unknown,156,,False,true,
2026-09-25T02:07:11Z,IN,323,2026-09-24T21:55:00-04:00,20,40,,True,true,
2026-09-25T02:07:11Z,IN,702,2026-09-24T21:55:00-04:00,38,75,,True,false,
2026-09-25T02:07:11Z,IN,701,2026-09-24T21:55:00-04:00,30,60,,True,false,
2026-09-25T02:07:11Z,IN,704,2026-09-24T21:55:00-04:00,40,80,,True,false,
2026-09-25T02:07:11Z,IN,703,2026-09-24T21:55:00-04:00,55,110,,True,false,
2026-09-25T02:07:11Z,IN,706,2026-09-24T21:55:00-04:00,35,70,,True,false,
2026-09-25T02:07:11Z,IN,705,2026-09-24T21:55:00-04:00,30,60,,True,false,
2026-09-25T02:07:11Z,IN,708,2026-09-24T21:55:00-04:00,23,45,,True,false,
2026-09-25T02:07:11Z,IN,707,2026-09-24T21:55:00-04:00,20,40,,True,false,
2026-09-25T02:07:11Z,IN,324,2026-09-24T21:55:00-04:00,16,31,,True,true,
2026-09-25T02:07:11Z,KY,KY00065IS0000020N65WELCOM,2026-09-25T02:06:01Z,8,21,CLEARING,True,True,
2026-09-25T02:07:11Z,KY,KY00065IS000020NSMARATHON,2025-12-19T00:36:53Z,16,60,STEADY,True,False,
2026-09-25T02:07:11Z,KY,KY00065IS0000340NWEIGHS34,2026-07-01T19:04:41Z,35,40,STEADY,True,False,
2026-09-25T02:07:11Z,KY,KY00065IS0011400S65SRA114,2026-09-25T02:06:09Z,LOW,26,STEADY,True,True,
2026-09-25T02:07:11Z,KY,KY00065IS0005900S65SRA059,2026-09-25T02:06:08Z,14,109,FILLING,True,True,
2026-09-25T02:07:11Z,KY,KY00065IS0005900N65NRA059,2026-08-17T17:24:33Z,23,113,STEADY,True,False,
2026-09-25T02:07:11Z,KY,KY00075IS0003300NWEIGHS33,2026-09-25T02:06:16Z,23,50,STEADY,True,False,
2026-09-25T02:07:11Z,KY,KY00075IS0003400SWEIGHS34,2026-09-25T02:06:18Z,LOW,40,STEADY,True,True,
2026-09-25T02:07:11Z,KY,KY00075IS0017700N75NRA177,2026-07-13T10:37:14Z,LOW,53,CLEARING,True,False,
2026-09-25T02:07:11Z,KY,KY00075IS0007500SWALTONWS,2026-09-25T02:05:55Z,17,45,FILLING,True,True,
2026-09-25T02:07:11Z,KY,KY00075IS0017700S75SRA177,2026-09-25T02:06:18Z,LOW,67,STEADY,True,True,
2026-09-25T02:07:11Z,KY,KY00075IS0016800SCRITENWS,2026-09-25T02:05:51Z,19,39,STEADY,True,True,
2026-09-25T02:07:11Z,KY,KY00075IS0000100N75WELCOM,2026-09-25T02:06:11Z,LOW,30,STEADY,True,False,
2026-09-25T02:07:16Z,IL,IL00072IE015200041,2026-09-25T02:04:41Z,6,16,STEADY,True,True,
2026-09-25T02:07:16Z,IL,IL00074IW006200004,2026-09-25T02:06:31Z,5,12,STEADY,True,True,
2026-09-25T02:07:16Z,IL,IL00074IE011400005,2026-09-25T02:06:34Z,5,25,STEADY,True,True,
2026-09-25T02:07:16Z,IL,IL00064IW008500012,2026-09-25T02:07:05Z,Unknown,0,Unknown,True,False,
2026-09-25T02:07:16Z,IL,IL00080IW005100013,2026-09-25T02:07:05Z,Unknown,47,Unknown,True,False,
2026-09-25T02:07:16Z,IL,IL00074IW015600009,2026-09-25T02:07:05Z,0,0,Unknown,False,False,
2026-09-25T02:07:16Z,IL,IL00057IN033300049,2026-09-25T02:07:05Z,Unknown,0,Unknown,True,False,
2026-09-25T02:07:16Z,IL,IL00039IN008500036,2026-09-25T02:07:05Z,Unknown,42,Unknown,True,False,
2026-09-25T02:07:16Z,IL,IL00024IW003700010,2026-09-25T02:07:06Z,Unknown,0,Unknown,True,False,
2026-09-25T02:07:16Z,IL,IL00064IW002500011,2026-09-25T02:07:06Z,Unknown,0,Unknown,True,False,
2026-09-25T02:07:16Z,IL,IL00064IE008500039,2026-09-25T02:07:06Z,Unknown,0,Unknown,True,False,
2026-09-25T02:07:16Z,IL,IL00064IE002500038,2026-09-25T02:07:06Z,0,0,Unknown,False,False,
2026-09-25T02:07:16Z,IL,IL00055IS006400017,2026-09-25T02:07:06Z,Unknown,0,Unknown,True,False,
2026-09-25T02:07:16Z,IL,IL00064IW013000053,2026-09-25T02:07:06Z,0,0,Unknown,False,False,
2026-09-25T02:07:16Z,IL,IL00057IS011400023,2026-09-25T02:07:06Z,Unknown,0,Unknown,True,False,
2026-09-25T02:07:16Z,IL,IL00057IS007900047,2026-09-25T02:07:06Z,Unknown,0,Unknown,True,False,
2026-09-25T02:07:16Z,IL,IL00080IE005100040,2026-09-25T02:07:06Z,Unknown,39,Unknown,True,False,
2026-09-25T02:07:16Z,IL,IL00039IS008500026,2026-09-25T02:07:06Z,Unknown,42,Unknown,True,False,
2026-09-25T02:07:16Z,IL,IL00057IN011400033,2026-09-25T02:07:06Z,Unknown,0,Unknown,True,False,
2026-09-25T02:07:16Z,IL,IL00055IN006400027,2026-09-25T02:07:06Z,Unknown,0,Unknown,True,False,
2026-09-25T02:07:16Z,IL,IL00055IN002700029,2026-09-25T02:07:06Z,Unknown,0,Unknown,True,False,
2026-09-25T02:07:16Z,IL,IL00070IE008600051,2026-09-25T02:07:06Z,0,0,Unknown,False,False,
2026-09-25T02:07:16Z,IL,IL00055IN014900028,2026-09-25T02:07:07Z,Unknown,0,Unknown,True,False,
2026-09-25T02:07:16Z,IL,IL00057IN026800032,2026-09-25T02:07:07Z,Unknown,25,Unknown,True,False,
2026-09-25T02:07:16Z,IL,IL00055IN010400050,2026-09-25T02:07:07Z,0,0,Unknown,False,False,
2026-09-25T02:07:16Z,IL,IL00074IE015600037,2026-09-25T02:07:07Z,0,0,Unknown,False,False,
2026-09-25T02:07:16Z,IL,IL00070IW002700015,2026-09-25T02:07:06Z,Unknown,0,Unknown,True,False,
2026-09-25T02:07:16Z,IL,IL00080IE011700043,2026-09-25T02:07:06Z,Unknown,31,Unknown,True,False,
2026-09-25T02:07:16Z,IL,IL00055IS002700019,2026-09-25T02:07:06Z,Unknown,0,Unknown,True,False,
2026-09-25T02:07:16Z,IL,IL00080IW011700016,2026-09-25T02:07:06Z,Unknown,39,Unknown,True,False,
2026-09-25T02:07:16Z,IL,IL00055IN019400031,2026-09-25T02:07:06Z,Unknown,36,Unknown,True,False,
2026-09-25T02:07:16Z,IL,IL00057IS022200054,2026-09-25T02:07:06Z,Unknown,0,Unknown,True,False,
2026-09-25T02:07:16Z,IL,IL00072IW015200014,2026-09-25T02:07:06Z,Unknown,17,Unknown,True,False,
2026-09-25T02:07:16Z,IL,IL00074IW020800052,2026-09-25T02:07:06Z,Unknown,0,Unknown,True,False,
2026-09-25T02:07:16Z,IL,IL00057IN007900034,2026-09-25T02:07:06Z,Unknown,0,Unknown,True,False,
2026-09-25T02:07:16Z,IL,IL00070IE002700042,2026-09-25T02:07:06Z,Unknown,0,Unknown,True,False,
2026-09-25T02:07:16Z,IL,IL00057IN022200048,2026-09-25T02:07:06Z,Unknown,0,Unknown,True,False,
2026-09-25T02:07:16Z,IL,IL00055IS019400021,2026-09-25T02:07:06Z,Unknown,29,Unknown,True,False,
2026-09-25T02:07:16Z,IL,IL00057IS026800022,2026-09-25T02:07:07Z,Unknown,27,Unknown,True,False,
2026-09-25T02:07:16Z,IL,IL00074IE002800030,2026-09-25T02:07:07Z,Unknown,14,Unknown,True,False,
2026-09-25T02:07:16Z,IL,IL00057IS033300046,2026-09-25T02:07:07Z,Unknown,0,Unknown,True,False,
2026-09-25T02:07:16Z,IL,IL00074IW002800020,2026-09-25T02:07:07Z,Unknown,15,Unknown,True,False,
2026-09-25T02:07:16Z,IL,IL00070IW008700045,2026-09-25T02:03:34Z,0,15,STEADY,True,True,
2026-09-25T02:07:16Z,IL,IL00057IS016500018,2026-09-25T02:05:12Z,0,15,FILLING,True,True,
2026-09-25T02:07:16Z,IL,IL00074IW011400006,2026-09-25T02:07:02Z,2,18,STEADY,True,True,
2026-09-25T02:07:16Z,IL,IL00074IE006200001,2026-09-25T02:07:03Z,8,13,STEADY,True,True,
2026-09-25T02:07:16Z,IL,IL00070IW014900008,2026-09-25T02:06:55Z,Unknown,39,Unknown,True,False,
2026-09-25T02:07:16Z,IL,IL00057IN016500044,2026-09-25T02:05:23Z,0,15,STEADY,False,False,
2026-09-25T02:07:16Z,IL,IL00055IS010400024,2026-09-25T02:03:01Z,Unknown,0,STEADY,,False,
2026-09-25T02:07:16Z,IL,IL00057IS003200025,2026-09-25T02:03:01Z,Unknown,0,STEADY,,False,
2026-09-25T02:07:16Z,IL,IL00057IN003200035,2026-09-25T02:03:01Z,Unknown,17,STEADY,,False,
2026-09-25T02:07:16Z,IN,322,2026-09-24T21:55:00-04:00,65,75,,True,false,
2026-09-25T02:07:16Z,IN,317,2026-09-24T21:55:00-04:00,29,58,,True,true,
2026-09-25T02:07:16Z,IN,316,2026-09-24T21:55:00-04:00,5,58,,True,false,
2026-09-25T02:07:16Z,IN,315,2026-09-24T21:55:00-04:00,Unknown,36,,False,true,
2026-09-25T02:07:16Z,IN,314,2026-09-24T21:55:00-04:00,Unknown,36,,False,true,
2026-09-25T02:07:16Z,IN,313,2026-09-24T21:55:00-04:00,44,75,,True,false,
2026-09-25T02:07:16Z,IN,312,2026-09-24T21:55:00-04:00,37,75,,True,false,
2026-09-25T02:07:16Z,IN,311,2026-09-24T21:55:00-04:00,Unknown,13,,False,true,
2026-09-25T02:07:16Z,IN,310,2026-09-24T21:55:00-04:00,Unknown,13,,False,true,
2026-09-25T02:07:16Z,IN,308,2026-09-24T21:55:00-04:00,20,75,,True,true,
2026-09-25T02:07:16Z,IN,309,2026-09-24T21:55:00-04:00,34,150,,True,true,
2026-09-25T02:07:16Z,IN,318,2026-09-24T21:55:00-04:00,LOW,78,,True,true,
2026-09-25T02:07:16Z,IN,319,2026-09-24T21:55:00-04:00,23,78,,True,true,
2026-09-25T02:07:16Z,IN,320,2026-09-24T21:55:00-04:00,24,83,,True,true,
2026-09-25T02:07:16Z,IN,321,2026-09-24T21:55:00-04:00,21,41,,True,false,
2026-09-25T02:07:16Z,IN,300,2026-09-24T21:55:00-04:00,80,128,,True,false,
2026-09-25T02:07:16Z,IN,302,2026-09-24T21:55:00-04:00,30,30,,True,true,
2026-09-25T02:07:16Z,IN,301,2026-09-24T21:55:00-04:00,LOW,30,,True,true,
2026-09-25T02:07:16Z,IN,303,2026-09-24T21:55:00-04:00,60,194,,True,true,
2026-09-25T02:07:16Z,IN,304,2026-09-24T21:55:00-04:00,Unknown,99,,False,true,
2026-09-25T02:07:16Z,IN,305,2026-09-24T21:55:00-04:00,Unknown,156,,False,true,
2026-09-25T02:07:16Z,IN,323,2026-09-24T21:55:00-04:00,20,40,,True,true,
2026-09-25T02:07:16Z,IN,702,2026-09-24T21:55:00-04:00,38,75,,True,false,
2026-09-25T02:07:16Z,IN,701,2026-09-24T21:55:00-04:00,30,60,,True,false,
2026-09-25T02:07:16Z,IN,704,2026-09-24T21:55:00-04:00,40,80,,True,false,
2026-09-25T02:07:16Z,IN,703,2026-09-24T21:55:00-04:00,55,110,,True,false,
2026-09-25T02:07:16Z,IN,706,2026-09-24T21:55:00-04:00,35,70,,True,false,
2026-09-25T02:07:16Z,IN,705,2026-09-24T21:55:00-04:00,30,60,,True,false,
2026-09-25T02:07:16Z,IN,708,2026-09-24T21:55:00-04:00,23,45,,True,false,
2026-09-25T02:07:16Z,IN,707,2026-09-24T21:55:00-04:00,20,40,,True,false,
2026-09-25T02:07:16Z,IN,324,2026-09-24T21:55:00-04:00,16,31,,True,true,
2026-09-25T02:07:16Z,KY,KY00065IS0000020N65WELCOM,2026-09-25T02:06:01Z,8,21,CLEARING,True,True,
2026-09-25T02:07:16Z,KY,KY00065IS000020NSMARATHON,2025-12-19T00:36:53Z,16,60,STEADY,True,False,
2026-09-25T02:07:16Z,KY,KY00065IS0000340NWEIGHS34,2026-07-01T19:04:41Z,35,40,STEADY,True,False,
2026-09-25T02:07:16Z,KY,KY00065IS0011400S65SRA114,2026-09-25T02:06:09Z,LOW,26,STEADY,True,True,
2026-09-25T02:07:16Z,KY,KY00065IS0005900S65SRA059,2026-09-25T02:06:08Z,14,109,FILLING,True,True,
2026-09-25T02:07:16Z,KY,KY00065IS0005900N65NRA059,2026-08-17T17:24:33Z,23,113,STEADY,True,False,
2026-09-25T02:07:16Z,KY,KY00075IS0003300NWEIGHS33,2026-09-25T02:06:16Z,23,50,STEADY,True,False,
2026-09-25T02:07:16Z,KY,KY00075IS0003400SWEIGHS34,2026-09-25T02:06:18Z,LOW,40,STEADY,True,True,
2026-09-25T02:07:16Z,KY,KY00075IS0017700N75NRA177,2026-07-13T10:37:14Z,LOW,53,CLEARING,True,False,
2026-09-25T02:07:16Z,KY,KY00075IS0007500SWALTONWS,2026-09-25T02:05:55Z,17,45,FILLING,True,True,
2026-09-25T02:07:16Z,KY,KY00075IS0017700S75SRA177,2026-09-25T02:06:18Z,LOW,67,STEADY,True,True,
2026-09-25T02:07:16Z,KY,KY00075IS0016800SCRITENWS,2026-09-25T02:05:51Z,19,39,STEADY,True,True,
2026-09-25T02:07:16Z,KY,KY00075IS0000100N75WELCOM,2026-09-25T02:06:11Z,LOW,30,STEADY,True,False,
2026-09-25T02:07:22Z,IL,IL00072IE015200041,2026-09-25T02:04:41Z,6,16,STEADY,True,True,
2026-09-25T02:07:22Z,IL,IL00074IW006200004,2026-09-25T02:06:31Z,5,12,STEADY,True,True,
2026-09-25T02:07:22Z,IL,IL00074IE011400005,2026-09-25T02:06:34Z,5,25,STEADY,True,True,
2026-09-25T02:07:22Z,IL,IL00055IN014900028,2026-09-25T02:07:18Z,Unknown,0,Unknown,True,False,
2026-09-25T02:07:22Z,IL,IL00057IN026800032,2026-09-25T02:07:18Z,Unknown,25,Unknown,True,False,
2026-09-25T02:07:22Z,IL,IL00055IN010400050,2026-09-25T02:07:18Z,0,0,Unknown,False,False,
2026-09-25T02:07:22Z,IL,IL00074IE015600037,2026-09-25T02:07:18Z,0,0,Unknown,False,False,
2026-09-25T02:07:22Z,IL,IL00064IW008500012,2026-09-25T02:07:17Z,Unknown,0,Unknown,True,False,
2026-09-25T02:07:22Z,IL,IL00080IW005100013,2026-09-25T02:07:17Z,Unknown,47,Unknown,True,False,
2026-09-25T02:07:22Z,IL,IL00074IW015600009,2026-09-25T02:07:17Z,0,0,Unknown,False,False,
2026-09-25T02:07:22Z,IL,IL00057IN033300049,2026-09-25T02:07:17Z,Unknown,0,Unknown,True,False,
2026-09-25T02:07:22Z,IL,IL00039IN008500036,2026-09-25T02:07:17Z,Unknown,42,Unknown,True,False,
2026-09-25T02:07:22Z,IL,IL00024IW003700010,2026-09-25T02:07:17Z,Unknown,0,Unknown,True,False,
2026-09-25T02:07:22Z,IL,IL00064IW002500011,2026-09-25T02:07:17Z,Unknown,0,Unknown,True,False,
2026-09-25T02:07:22Z,IL,IL00064IE008500039,2026-09-25T02:07:17Z,Unknown,0,Unknown,True,False,
2026-09-25T02:07:22Z,IL,IL00064IE002500038,2026-09-25T02:07:18Z,0,0,Unknown,False,False,
2026-09-25T02:07:22Z,IL,IL00055IS006400017,2026-09-25T02:07:18Z,Unknown,0,Unknown,True,False,
2026-09-25T02:07:22Z,IL,IL00064IW013000053,2026-09-25T02:07:18Z,0,0,Unknown,False,False,
2026-09-25T02:07:22Z,IL,IL00057IS011400023,2026-09-25T02:07:18Z,Unknown,0,Unknown,True,False,
2026-09-25T02:07:22Z,IL,IL00057IS007900047,2026-09-25T02:07:18Z,Unknown,0,Unknown,True,False,
2026-09-25T02:07:22Z,IL,IL00080IE005100040,2026-09-25T02:07:18Z,Unknown,39,Unknown,True,False,
2026-09-25T02:07:22Z,IL,IL00039IS008500026,2026-09-25T02:07:18Z,Unknown,42,Unknown,True,False,
2026-09-25T02:07:22Z,IL,IL00057IN011400033,2026-09-25T02:07:18Z,Unknown,0,Unknown,True,False,
2026-09-25T02:07:22Z,IL,IL00055IN006400027,2026-09-25T02:07:18Z,Unknown,0,Unknown,True,False,
2026-09-25T02:07:22Z,IL,IL00055IN002700029,2026-09-25T02:07:18Z,Unknown,0,Unknown,True,False,
2026-09-25T02:07:22Z,IL,IL00070IE008600051,2026-09-25T02:07:18Z,0,0,Unknown,False,False,
2026-09-25T02:07:22Z,IL,IL00070IW002700015,2026-09-25T02:07:18Z,Unknown,0,Unknown,True,False,
2026-09-25T02:07:22Z,IL,IL00080IE011700043,2026-09-25T02:07:18Z,Unknown,31,Unknown,True,False,
2026-09-25T02:07:22Z,IL,IL00055IS002700019,2026-09-25T02:07:18Z,Unknown,0,Unknown,True,False,
2026-09-25T02:07:22Z,IL,IL00080IW011700016,2026-09-25T02:07:18Z,Unknown,39,Unknown,True,False,
2026-09-25T02:07:22Z,IL,IL00055IN019400031,2026-09-25T02:07:18Z,Unknown,36,Unknown,True,False,
2026-09-25T02:07:22Z,IL,IL00057IS022200054,2026-09-25T02:07:18Z,Unknown,0,Unknown,True,False,
2026-09-25T02:07:22Z,IL,IL00072IW015200014,2026-09-25T02:07:18Z,Unknown,17,Unknown,True,False,
2026-09-25T02:07:22Z,IL,IL00074IW020800052,2026-09-25T02:07:18Z,Unknown,0,Unknown,True,False,
2026-09-25T02:07:22Z,IL,IL00057IN007900034,2026-09-25T02:07:18Z,Unknown,0,Unknown,True,False,
2026-09-25T02:07:22Z,IL,IL00070IE002700042,2026-09-25T02:07:19Z,Unknown,0,Unknown,True,False,
2026-09-25T02:07:22Z,IL,IL00057IN022200048,2026-09-25T02:07:19Z,Unknown,0,Unknown,True,False,
2026-09-25T02:07:22Z,IL,IL00055IS019400021,2026-09-25T02:07:19Z,Unknown,29,Unknown,True,False,
2026-09-25T02:07:22Z,IL,IL00057IS026800022,2026-09-25T02:07:19Z,Unknown,27,Unknown,True,False,
2026-09-25T02:07:22Z,IL,IL00074IE002800030,2026-09-25T02:07:19Z,Unknown,14,Unknown,True,False,
2026-09-25T02:07:22Z,IL,IL00057IS033300046,2026-09-25T02:07:19Z,Unknown,0,Unknown,True,False,
2026-09-25T02:07:22Z,IL,IL00074IW002800020,2026-09-25T02:07:19Z,Unknown,15,Unknown,True,False,
2026-09-25T02:07:22Z,IL,IL00070IW008700045,2026-09-25T02:03:34Z,0,15,STEADY,True,True,
2026-09-25T02:07:22Z,IL,IL00057IS016500018,2026-09-25T02:05:12Z,0,15,FILLING,True,True,
2026-09-25T02:07:22Z,IL,IL00074IW011400006,2026-09-25T02:07:02Z,2,18,STEADY,True,True,
2026-09-25T02:07:22Z,IL,IL00074IE006200001,2026-09-25T02:07:03Z,8,13,STEADY,True,True,
2026-09-25T02:07:22Z,IL,IL00070IW014900008,2026-09-25T02:06:55Z,Unknown,39,Unknown,True,False,
2026-09-25T02:07:22Z,IL,IL00057IN016500044,2026-09-25T02:05:23Z,0,15,STEADY,False,False,
2026-09-25T02:07:22Z,IL,IL00055IS010400024,2026-09-25T02:03:01Z,Unknown,0,STEADY,,False,
2026-09-25T02:07:22Z,IL,IL00057IS003200025,2026-09-25T02:03:01Z,Unknown,0,STEADY,,False,
2026-09-25T02:07:22Z,IL,IL00057IN003200035,2026-09-25T02:03:01Z,Unknown,17,STEADY,,False,
2026-09-25T02:07:22Z,IN,322,2026-09-24T21:55:00-04:00,65,75,,True,false,
2026-09-25T02:07:22Z,IN,317,2026-09-24T21:55:00-04:00,29,58,,True,true,
2026-09-25T02:07:22Z,IN,316,2026-09-24T21:55:00-04:00,5,58,,True,false,
2026-09-25T02:07:22Z,IN,315,2026-09-24T21:55:00-04:00,Unknown,36,,False,true,
2026-09-25T02:07:22Z,IN,314,2026-09-24T21:55:00-04:00,Unknown,36,,False,true,
2026-09-25T02:07:22Z,IN,313,2026-09-24T21:55:00-04:00,44,75,,True,false,
2026-09-25T02:07:22Z,IN,312,2026-09-24T21:55:00-04:00,37,75,,True,false,
2026-09-25T02:07:22Z,IN,311,2026-09-24T21:55:00-04:00,Unknown,13,,False,true,
2026-09-25T02:07:22Z,IN,310,2026-09-24T21:55:00-04:00,Unknown,13,,False,true,
2026-09-25T02:07:22Z,IN,308,2026-09-24T21:55:00-04:00,20,75,,True,true,
2026-09-25T02:07:22Z,IN,309,2026-09-24T21:55:00-04:00,34,150,,True,true,
2026-09-25T02:07:22Z,IN,318,2026-09-24T21:55:00-04:00,LOW,78,,True,true,
2026-09-25T02:07:22Z,IN,319,2026-09-24T21:55:00-04:00,23,78,,True,true,
2026-09-25T02:07:22Z,IN,320,2026-09-24T21:55:00-04:00,24,83,,True,true,
2026-09-25T02:07:22Z,IN,321,2026-09-24T21:55:00-04:00,21,41,,True,false,
2026-09-25T02:07:22Z,IN,300,2026-09-24T21:55:00-04:00,80,128,,True,false,
2026-09-25T02:07:22Z,IN,302,2026-09-24T21:55:00-04:00,30,30,,True,true,
2026-09-25T02:07:22Z,IN,301,2026-09-24T21:55:00-04:00,LOW,30,,True,true,
2026-09-25T02:07:22Z,IN,303,2026-09-24T21:55:00-04:00,60,194,,True,true,
2026-09-25T02:07:22Z,IN,304,2026-09-24T21:55:00-04:00,Unknown,99,,False,true,
2026-09-25T02:07:22Z,IN,305,2026-09-24T21:55:00-04:00,Unknown,156,,False,true,
2026-09-25T02:07:22Z,IN,323,2026-09-24T21:55:00-04:00,20,40,,True,true,
2026-09-25T02:07:22Z,IN,702,2026-09-24T21:55:00-04:00,38,75,,True,false,
2026-09-25T02:07:22Z,IN,701,2026-09-24T21:55:00-04:00,30,60,,True,false,
2026-09-25T02:07:22Z,IN,704,2026-09-24T21:55:00-04:00,40,80,,True,false,
2026-09-25T02:07:22Z,IN,703,2026-09-24T21:55:00-04:00,55,110,,True,false,
2026-09-25T02:07:22Z,IN,706,2026-09-24T21:55:00-04:00,35,70,,True,false,
2026-09-25T02:07:22Z,IN,705,2026-09-24T21:55:00-04:00,30,60,,True,false,
2026-09-25T02:07:22Z,IN,708,2026-09-24T21:55:00-04:00,23,45,,True,false,
2026-09-25T02:07:22Z,IN,707,2026-09-24T21:55:00-04:00,20,40,,True,false,
2026-09-25T02:07:22Z,IN,324,2026-09-24T21:55:00-04:00,16,31,,True,true,
2026-09-25T02:07:22Z,KY,KY00065IS0000020N65WELCOM,2026-09-25T02:06:01Z,8,21,CLEARING,True,True,
2026-09-25T02:07:22Z,KY,KY00065IS000020NSMARATHON,2025-12-19T00:36:53Z,16,60,STEADY,True,False,
2026-09-25T02:07:22Z,KY,KY00065IS0000340NWEIGHS34,2026-07-01T19:04:41Z,35,40,STEADY,True,False,
2026-09-25T02:07:22Z,KY,KY00065IS0011400S65SRA114,2026-09-25T02:06:09Z,LOW,26,STEADY,True,True,
2026-09-25T02:07:22Z,KY,KY00065IS0005900S65SRA059,2026-09-25T02:06:08Z,14,109,FILLING,True,True,
2026-09-25T02:07:22Z,KY,KY00065IS0005900N65NRA059,2026-08-17T17:24:33Z,23,113,STEADY,True,False,
2026-09-25T02:07:22Z,KY,KY00075IS0003300NWEIGHS33,2026-09-25T02:06:16Z,23,50,STEADY,True,False,
2026-09-25T02:07:22Z,KY,KY00075IS0003400SWEIGHS34,2026-09-25T02:06:18Z,LOW,40,STEADY,True,True,
2026-09-25T02:07:22Z,KY,KY00075IS0017700N75NRA177,2026-07-13T10:37:14Z,LOW,53,CLEARING,True,False,
2026-09-25T02:07:22Z,KY,KY00075IS0007500SWALTONWS,2026-09-25T02:05:55Z,17,45,FILLING,True,True,
2026-09-25T02:07:22Z,KY,KY00075IS0017700S75SRA177,2026-09-25T02:06:18Z,LOW,67,STEADY,True,True,
2026-09-25T02:07:22Z,KY,KY00075IS0016800SCRITENWS,2026-09-25T02:05:51Z,19,39,STEADY,True,True,
2026-09-25T02:07:22Z,KY,KY00075IS0000100N75WELCOM,2026-09-25T02:06:11Z,LOW,30,STEADY,True,False,
2026-09-25T02:07:27Z,IL,IL00072IE015200041,2026-09-25T02:04:41Z,6,16,STEADY,True,True,
2026-09-25T02:07:27Z,IL,IL00074IW006200004,2026-09-25T02:06:31Z,5,12,STEADY,True,True,
2026-09-25T02:07:27Z,IL,IL00074IE011400005,2026-09-25T02:06:34Z,5,25,STEADY,True,True,
2026-09-25T02:07:27Z,IL,IL00055IN014900028,2026-09-25T02:07:18Z,Unknown,0,Unknown,True,False,
2026-09-25T02:07:27Z,IL,IL00057IN026800032,2026-09-25T02:07:18Z,Unknown,25,Unknown,True,False,
2026-09-25T02:07:27Z,IL,IL00055IN010400050,2026-09-25T02:07:18Z,0,0,Unknown,False,False,
2026-09-25T02:07:27Z,IL,IL00074IE015600037,2026-09-25T02:07:18Z,0,0,Unknown,False,False,
2026-09-25T02:07:27Z,IL,IL00064IW008500012,2026-09-25T02:07:17Z,Unknown,0,Unknown,True,False,
2026-09-25T02:07:27Z,IL,IL00080IW005100013,2026-09-25T02:07:17Z,Unknown,47,Unknown,True,False,
2026-09-25T02:07:27Z,IL,IL00074IW015600009,2026-09-25T02:07:17Z,0,0,Unknown,False,False,
2026-09-25T02:07:27Z,IL,IL00057IN033300049,2026-09-25T02:07:17Z,Unknown,0,Unknown,True,False,
2026-09-25T02:07:27Z,IL,IL00039IN008500036,2026-09-25T02:07:17Z,Unknown,42,Unknown,True,False,
2026-09-25T02:07:27Z,IL,IL00024IW003700010,2026-09-25T02:07:17Z,Unknown,0,Unknown,True,False,
2026-09-25T02:07:27Z,IL,IL00064IW002500011,2026-09-25T02:07:17Z,Unknown,0,Unknown,True,False,
2026-09-25T02:07:27Z,IL,IL00064IE008500039,2026-09-25T02:07:17Z,Unknown,0,Unknown,True,False,
2026-09-25T02:07:27Z,IL,IL00064IE002500038,2026-09-25T02:07:18Z,0,0,Unknown,False,False,
2026-09-25T02:07:27Z,IL,IL00055IS006400017,2026-09-25T02:07:18Z,Unknown,0,Unknown,True,False,
2026-09-25T02:07:27Z,IL,IL00064IW013000053,2026-09-25T02:07:18Z,0,0,Unknown,False,False,
2026-09-25T02:07:27Z,IL,IL00057IS011400023,2026-09-25T02:07:18Z,Unknown,0,Unknown,True,False,
2026-09-25T02:07:27Z,IL,IL00057IS007900047,2026-09-25T02:07:18Z,Unknown,0,Unknown,True,False,
2026-09-25T02:07:27Z,IL,IL00080IE005100040,2026-09-25T02:07:18Z,Unknown,39,Unknown,True,False,
2026-09-25T02:07:27Z,IL,IL00039IS008500026,2026-09-25T02:07:18Z,Unknown,42,Unknown,True,False,
2026-09-25T02:07:27Z,IL,IL00057IN011400033,2026-09-25T02:07:18Z,Unknown,0,Unknown,True,False,
2026-09-25T02:07:27Z,IL,IL00055IN006400027,2026-09-25T02:07:18Z,Unknown,0,Unknown,True,False,
2026-09-25T02:07:27Z,IL,IL00055IN002700029,2026-09-25T02:07:18Z,Unknown,0,Unknown,True,False,
2026-09-25T02:07:27Z,IL,IL00070IE008600051,2026-09-25T02:07:18Z,0,0,Unknown,False,False,
2026-09-25T02:07:27Z,IL,IL00070IW002700015,2026-09-25T02:07:18Z,Unknown,0,Unknown,True,False,
2026-09-25T02:07:27Z,IL,IL00080IE011700043,2026-09-25T02:07:18Z,Unknown,31,Unknown,True,False,
2026-09-25T02:07:27Z,IL,IL00055IS002700019,2026-09-25T02:07:18Z,Unknown,0,Unknown,True,False,
2026-09-25T02:07:27Z,IL,IL00080IW011700016,2026-09-25T02:07:18Z,Unknown,39,Unknown,True,False,
2026-09-25T02:07:27Z,IL,IL00055IN019400031,2026-09-25T02:07:18Z,Unknown,36,Unknown,True,False,
2026-09-25T02:07:27Z,IL,IL00057IS022200054,2026-09-25T02:07:18Z,Unknown,0,Unknown,True,False,
2026-09-25T02:07:27Z,IL,IL00072IW015200014,2026-09-25T02:07:18Z,Unknown,17,Unknown,True,False,
2026-09-25T02:07:27Z,IL,IL00074IW020800052,2026-09-25T02:07:18Z,Unknown,0,Unknown,True,False,
2026-09-25T02:07:27Z,IL,IL00057IN007900034,2026-09-25T02:07:18Z,Unknown,0,Unknown,True,False,
2026-09-25T02:07:27Z,IL,IL00070IE002700042,2026-09-25T02:07:19Z,Unknown,0,Unknown,True,False,
2026-09-25T02:07:27Z,IL,IL00057IN022200048,2026-09-25T02:07:19Z,Unknown,0,Unknown,True,False,
2026-09-25T02:07:27Z,IL,IL00055IS019400021,2026-09-25T02:07:19Z,Unknown,29,Unknown,True,False,
2026-09-25T02:07:27Z,IL,IL00057IS026800022,2026-09-25T02:07:19Z,Unknown,27,Unknown,True,False,
2026-09-25T02:07:27Z,IL,IL00074IE002800030,2026-09-25T02:07:19Z,Unknown,14,Unknown,True,False,
2026-09-25T02:07:27Z,IL,IL00057IS033300046,2026-09-25T02:07:19Z,Unknown,0,Unknown,True,False,
2026-09-25T02:07:27Z,IL,IL00074IW002800020,2026-09-25T02:07:19Z,Unknown,15,Unknown,True,False,
2026-09-25T02:07:27Z,IL,IL00070IW008700045,2026-09-25T02:03:34Z,0,15,STEADY,True,True,
2026-09-25T02:07:27Z,IL,IL00057IS016500018,2026-09-25T02:05:12Z,0,15,FILLING,True,True,
2026-09-25T02:07:27Z,IL,IL00074IW011400006,2026-09-25T02:07:02Z,2,18,STEADY,True,True,
2026-09-25T02:07:27Z,IL,IL00074IE006200001,2026-09-25T02:07:03Z,8,13,STEADY,True,True,
2026-09-25T02:07:27Z,IL,IL00070IW014900008,2026-09-25T02:06:55Z,Unknown,39,Unknown,True,False,
2026-09-25T02:07:27Z,IL,IL00057IN016500044,2026-09-25T02:05:23Z,0,15,STEADY,False,False,
2026-09-25T02:07:27Z,IL,IL00055IS010400024,2026-09-25T02:03:01Z,Unknown,0,STEADY,,False,
2026-09-25T02:07:27Z,IL,IL00057IS003200025,2026-09-25T02:03:01Z,Unknown,0,STEADY,,False,
2026-09-25T02:07:27Z,IL,IL00057IN003200035,2026-09-25T02:03:01Z,Unknown,17,STEADY,,False,
2026-09-25T02:07:27Z,IN,322,2026-09-24T21:55:00-04:00,65,75,,True,false,
2026-09-25T02:07:27Z,IN,317,2026-09-24T21:55:00-04:00,29,58,,True,true,
2026-09-25T02:07:27Z,IN,316,2026-09-24T21:55:00-04:00,5,58,,True,false,
2026-09-25T02:07:27Z,IN,315,2026-09-24T21:55:00-04:00,Unknown,36,,False,true,
2026-09-25T02:07:27Z,IN,314,2026-09-24T21:55:00-04:00,Unknown,36,,False,true,
2026-09-25T02:07:27Z,IN,313,2026-09-24T21:55:00-04:00,44,75,,True,false,
2026-09-25T02:07:27Z,IN,312,2026-09-24T21:55:00-04:00,37,75,,True,false,
2026-09-25T02:07:27Z,IN,311,2026-09-24T21:55:00-04:00,Unknown,13,,False,true,
2026-09-25T02:07:27Z,IN,310,2026-09-24T21:55:00-04:00,Unknown,13,,False,true,
2026-09-25T02:07:27Z,IN,308,2026-09-24T21:55:00-04:00,20,75,,True,true,
2026-09-25T02:07:27Z,IN,309,2026-09-24T21:55:00-04:00,34,150,,True,true,
2026-09-25T02:07:27Z,IN,318,2026-09-24T21:55:00-04:00,LOW,78,,True,true,
2026-09-25T02:07:27Z,IN,319,2026-09-24T21:55:00-04:00,23,78,,True,true,
2026-09-25T02:07:27Z,IN,320,2026-09-24T21:55:00-04:00,24,83,,True,true,
2026-09-25T02:07:27Z,IN,321,2026-09-24T21:55:00-04:00,21,41,,True,false,
2026-09-25T02:07:27Z,IN,300,2026-09-24T21:55:00-04:00,80,128,,True,false,
2026-09-25T02:07:27Z,IN,302,2026-09-24T21:55:00-04:00,30,30,,True,true,
2026-09-25T02:07:27Z,IN,301,2026-09-24T21:55:00-04:00,LOW,30,,True,true,
2026-09-25T02:07:27Z,IN,303,2026-09-24T21:55:00-04:00,60,194,,True,true,
2026-09-25T02:07:27Z,IN,304,2026-09-24T21:55:00-04:00,Unknown,99,,False,true,
2026-09-25T02:07:27Z,IN,305,2026-09-24T21:55:00-04:00,Unknown,156,,False,true,
2026-09-25T02:07:27Z,IN,323,2026-09-24T21:55:00-04:00,20,40,,True,true,
2026-09-25T02:07:27Z,IN,702,2026-09-24T21:55:00-04:00,38,75,,True,false,
2026-09-25T02:07:27Z,IN,701,2026-09-24T21:55:00-04:00,30,60,,True,false,
2026-09-25T02:07:27Z,IN,704,2026-09-24T21:55:00-04:00,40,80,,True,false,
2026-09-25T02:07:27Z,IN,703,2026-09-24T21:55:00-04:00,55,110,,True,false,
2026-09-25T02:07:27Z,IN,706,2026-09-24T21:55:00-04:00,35,70,,True,false,
2026-09-25T02:07:27Z,IN,705,2026-09-24T21:55:00-04:00,30,60,,True,false,
2026-09-25T02:07:27Z,IN,708,2026-09-24T21:55:00-04:00,23,45,,True,false,
2026-09-25T02:07:27Z,IN,707,2026-09-24T21:55:00-04:00,20,40,,True,false,
2026-09-25T02:07:27Z,IN,324,2026-09-24T21:55:00-04:00,16,31,,True,true,
2026-09-25T02:07:27Z,KY,KY00065IS0000020N65WELCOM,2026-09-25T02:06:01Z,8,21,CLEARING,True,True,
2026-09-25T02:07:27Z,KY,KY00065IS000020NSMARATHON,2025-12-19T00:36:53Z,16,60,STEADY,True,False,
2026-09-25T02:07:27Z,KY,KY00065IS0000340NWEIGHS34,2026-07-01T19:04:41Z,35,40,STEADY,True,False,
2026-09-25T02:07:27Z,KY,KY00065IS0011400S65SRA114,2026-09-25T02:06:09Z,LOW,26,STEADY,True,True,
2026-09-25T02:07:27Z,KY,KY00065IS0005900S65SRA059,2026-09-25T02:06:08Z,14,109,FILLING,True,True,
2026-09-25T02:07:27Z,KY,KY00065IS0005900N65NRA059,2026-08-17T17:24:33Z,23,113,STEADY,True,False,
2026-09-25T02:07:27Z,KY,KY00075IS0003300NWEIGHS33,2026-09-25T02:06:16Z,23,50,STEADY,True,False,
2026-09-25T02:07:27Z,KY,KY00075IS0003400SWEIGHS34,2026-09-25T02:06:18Z,LOW,40,STEADY,True,True,
2026-09-25T02:07:27Z,KY,KY00075IS0017700N75NRA177,2026-07-13T10:37:14Z,LOW,53,CLEARING,True,False,
2026-09-25T02:07:27Z,KY,KY00075IS0007500SWALTONWS,2026-09-25T02:05:55Z,17,45,FILLING,True,True,
2026-09-25T02:07:27Z,KY,KY00075IS0017700S75SRA177,2026-09-25T02:06:18Z,LOW,67,STEADY,True,True,
2026-09-25T02:07:27Z,KY,KY00075IS0016800SCRITENWS,2026-09-25T02:05:51Z,19,39,STEADY,True,True,
2026-09-25T02:07:27Z,KY,KY00075IS0000100N75WELCOM,2026-09-25T02:06:11Z,LOW,30,STEADY,True,False,
2026-09-25T02:07:33Z,IL,IL00072IE015200041,2026-09-25T02:04:41Z,6,16,STEADY,True,True,
2026-09-25T02:07:33Z,IL,IL00074IW006200004,2026-09-25T02:07:30Z,5,12,STEADY,True,True,
2026-09-25T02:07:33Z,IL,IL00074IE011400005,2026-09-25T02:07:33Z,5,25,STEADY,True,True,
2026-09-25T02:07:33Z,IL,IL00055IN014900028,2026-09-25T02:07:33Z,Unknown,0,Unknown,True,False,
2026-09-25T02:07:33Z,IL,IL00064IW013000053,2026-09-25T02:07:18Z,0,0,Unknown,False,False,
2026-09-25T02:07:33Z,IL,IL00057IS011400023,2026-09-25T02:07:18Z,Unknown,0,Unknown,True,False,
2026-09-25T02:07:33Z,IL,IL00057IS007900047,2026-09-25T02:07:18Z,Unknown,0,Unknown,True,False,
2026-09-25T02:07:33Z,IL,IL00080IE005100040,2026-09-25T02:07:18Z,Unknown,39,Unknown,True,False,
2026-09-25T02:07:33Z,IL,IL00039IS008500026,2026-09-25T02:07:18Z,Unknown,42,Unknown,True,False,
2026-09-25T02:07:33Z,IL,IL00057IN011400033,2026-09-25T02:07:18Z,Unknown,0,Unknown,True,False,
2026-09-25T02:07:33Z,IL,IL00055IN006400027,2026-09-25T02:07:18Z,Unknown,0,Unknown,True,False,
2026-09-25T02:07:33Z,IL,IL00055IN002700029,2026-09-25T02:07:18Z,Unknown,0,Unknown,True,False,
2026-09-25T02:07:33Z,IL,IL00070IE008600051,2026-09-25T02:07:18Z,0,0,Unknown,False,False,
2026-09-25T02:07:33Z,IL,IL00070IW002700015,2026-09-25T02:07:18Z,Unknown,0,Unknown,True,False,
2026-09-25T02:07:33Z,IL,IL00080IE011700043,2026-09-25T02:07:18Z,Unknown,31,Unknown,True,False,
2026-09-25T02:07:33Z,IL,IL00055IS002700019,2026-09-25T02:07:18Z,Unknown,0,Unknown,True,False,
2026-09-25T02:07:33Z,IL,IL00080IW011700016,2026-09-25T02:07:18Z,Unknown,39,Unknown,True,False,
2026-09-25T02:07:33Z,IL,IL00055IN019400031,2026-09-25T02:07:18Z,Unknown,36,Unknown,True,False,
2026-09-25T02:07:33Z,IL,IL00057IS022200054,2026-09-25T02:07:18Z,Unknown,0,Unknown,True,False,
2026-09-25T02:07:33Z,IL,IL00072IW015200014,2026-09-25T02:07:18Z,Unknown,17,Unknown,True,False,
2026-09-25T02:07:33Z,IL,IL00074IW020800052,2026-09-25T02:07:18Z,Unknown,0,Unknown,True,False,
2026-09-25T02:07:33Z,IL,IL00057IN007900034,2026-09-25T02:07:18Z,Unknown,0,Unknown,True,False,
2026-09-25T02:07:33Z,IL,IL00070IE002700042,2026-09-25T02:07:19Z,Unknown,0,Unknown,True,False,
2026-09-25T02:07:33Z,IL,IL00057IN022200048,2026-09-25T02:07:19Z,Unknown,0,Unknown,True,False,
2026-09-25T02:07:33Z,IL,IL00055IS019400021,2026-09-25T02:07:19Z,Unknown,29,Unknown,True,False,
2026-09-25T02:07:33Z,IL,IL00057IS026800022,2026-09-25T02:07:19Z,Unknown,27,Unknown,True,False,
2026-09-25T02:07:33Z,IL,IL00074IE002800030,2026-09-25T02:07:19Z,Unknown,14,Unknown,True,False,
2026-09-25T02:07:33Z,IL,IL00057IS033300046,2026-09-25T02:07:19Z,Unknown,0,Unknown,True,False,
2026-09-25T02:07:33Z,IL,IL00057IN026800032,2026-09-25T02:07:33Z,Unknown,25,Unknown,True,False,
2026-09-25T02:07:33Z,IL,IL00055IN010400050,2026-09-25T02:07:33Z,0,0,Unknown,False,False,
2026-09-25T02:07:33Z,IL,IL00074IE015600037,2026-09-25T02:07:33Z,0,0,Unknown,False,False,
2026-09-25T02:07:33Z,IL,IL00064IW008500012,2026-09-25T02:07:33Z,Unknown,0,Unknown,True,False,
2026-09-25T02:07:33Z,IL,IL00080IW005100013,2026-09-25T02:07:33Z,Unknown,47,Unknown,True,False,
2026-09-25T02:07:33Z,IL,IL00074IW015600009,2026-09-25T02:07:33Z,0,0,Unknown,False,False,
2026-09-25T02:07:33Z,IL,IL00057IN033300049,2026-09-25T02:07:33Z,Unknown,0,Unknown,True,False,
2026-09-25T02:07:33Z,IL,IL00039IN008500036,2026-09-25T02:07:33Z,Unknown,42,Unknown,True,False,
2026-09-25T02:07:33Z,IL,IL00024IW003700010,2026-09-25T02:07:33Z,Unknown,0,Unknown,True,False,
2026-09-25T02:07:33Z,IL,IL00064IW002500011,2026-09-25T02:07:33Z,Unknown,0,Unknown,True,False,
2026-09-25T02:07:33Z,IL,IL00064IE008500039,2026-09-25T02:07:33Z,Unknown,0,Unknown,True,False,
2026-09-25T02:07:33Z,IL,IL00064IE002500038,2026-09-25T02:07:33Z,0,0,Unknown,False,False,
2026-09-25T02:07:33Z,IL,IL00055IS006400017,2026-09-25T02:07:33Z,Unknown,0,Unknown,True,False,
2026-09-25T02:07:33Z,IL,IL00074IW002800020,2026-09-25T02:07:19Z,Unknown,15,Unknown,True,False,
2026-09-25T02:07:33Z,IL,IL00070IW008700045,2026-09-25T02:03:34Z,0,15,STEADY,True,True,
2026-09-25T02:07:33Z,IL,IL00057IS016500018,2026-09-25T02:05:12Z,0,15,FILLING,True,True,
2026-09-25T02:07:33Z,IL,IL00074IW011400006,2026-09-25T02:07:02Z,2,18,STEADY,True,True,
2026-09-25T02:07:33Z,IL,IL00074IE006200001,2026-09-25T02:07:03Z,8,13,STEADY,True,True,
2026-09-25T02:07:33Z,IL,IL00070IW014900008,2026-09-25T02:06:55Z,Unknown,39,Unknown,True,False,
2026-09-25T02:07:33Z,IL,IL00057IN016500044,2026-09-25T02:05:23Z,0,15,STEADY,False,False,
2026-09-25T02:07:33Z,IL,IL00055IS010400024,2026-09-25T02:03:01Z,Unknown,0,STEADY,,False,
2026-09-25T02:07:33Z,IL,IL00057IS003200025,2026-09-25T02:03:01Z,Unknown,0,STEADY,,False,
2026-09-25T02:07:33Z,IL,IL00057IN003200035,2026-09-25T02:03:01Z,Unknown,17,STEADY,,False,
2026-09-25T02:07:33Z,IN,322,2026-09-24T21:55:00-04:00,65,75,,True,false,
2026-09-25T02:07:33Z,IN,317,2026-09-24T21:55:00-04:00,29,58,,True,true,
2026-09-25T02:07:33Z,IN,316,2026-09-24T21:55:00-04:00,5,58,,True,false,
2026-09-25T02:07:33Z,IN,315,2026-09-24T21:55:00-04:00,Unknown,36,,False,true,
2026-09-25T02:07:33Z,IN,314,2026-09-24T21:55:00-04:00,Unknown,36,,False,true,
2026-09-25T02:07:33Z,IN,313,2026-09-24T21:55:00-04:00,44,75,,True,false,
2026-09-25T02:07:33Z,IN,312,2026-09-24T21:55:00-04:00,37,75,,True,false,
2026-09-25T02:07:33Z,IN,311,2026-09-24T21:55:00-04:00,Unknown,13,,False,true,
2026-09-25T02:07:33Z,IN,310,2026-09-24T21:55:00-04:00,Unknown,13,,False,true,
2026-09-25T02:07:33Z,IN,308,2026-09-24T21:55:00-04:00,20,75,,True,true,
2026-09-25T02:07:33Z,IN,309,2026-09-24T21:55:00-04:00,34,150,,True,true,
2026-09-25T02:07:33Z,IN,318,2026-09-24T21:55:00-04:00,LOW,78,,True,true,
2026-09-25T02:07:33Z,IN,319,2026-09-24T21:55:00-04:00,23,78,,True,true,
2026-09-25T02:07:33Z,IN,320,2026-09-24T21:55:00-04:00,24,83,,True,true,
2026-09-25T02:07:33Z,IN,321,2026-09-24T21:55:00-04:00,21,41,,True,false,
2026-09-25T02:07:33Z,IN,300,2026-09-24T21:55:00-04:00,80,128,,True,false,
2026-09-25T02:07:33Z,IN,302,2026-09-24T21:55:00-04:00,30,30,,True,true,
2026-09-25T02:07:33Z,IN,301,2026-09-24T21:55:00-04:00,LOW,30,,True,true,
2026-09-25T02:07:33Z,IN,303,2026-09-24T21:55:00-04:00,60,194,,True,true,
2026-09-25T02:07:33Z,IN,304,2026-09-24T21:55:00-04:00,Unknown,99,,False,true,
2026-09-25T02:07:33Z,IN,305,2026-09-24T21:55:00-04:00,Unknown,156,,False,true,
2026-09-25T02:07:33Z,IN,323,2026-09-24T21:55:00-04:00,20,40,,True,true,
2026-09-25T02:07:33Z,IN,702,2026-09-24T21:55:00-04:00,38,75,,True,false,
2026-09-25T02:07:33Z,IN,701,2026-09-24T21:55:00-04:00,30,60,,True,false,
2026-09-25T02:07:33Z,IN,704,2026-09-24T21:55:00-04:00,40,80,,True,false,
2026-09-25T02:07:33Z,IN,703,2026-09-24T21:55:00-04:00,55,110,,True,false,
2026-09-25T02:07:33Z,IN,706,2026-09-24T21:55:00-04:00,35,70,,True,false,
2026-09-25T02:07:33Z,IN,705,2026-09-24T21:55:00-04:00,30,60,,True,false,
2026-09-25T02:07:33Z,IN,708,2026-09-24T21:55:00-04:00,23,45,,True,false,
2026-09-25T02:07:33Z,IN,707,2026-09-24T21:55:00-04:00,20,40,,True,false,
2026-09-25T02:07:33Z,IN,324,2026-09-24T21:55:00-04:00,16,31,,True,true,
2026-09-25T02:07:33Z,KY,KY00065IS0000020N65WELCOM,2026-09-25T02:06:01Z,8,21,CLEARING,True,True,
2026-09-25T02:07:33Z,KY,KY00065IS000020NSMARATHON,2025-12-19T00:36:53Z,16,60,STEADY,True,False,
2026-09-25T02:07:33Z,KY,KY00065IS0000340NWEIGHS34,2026-07-01T19:04:41Z,35,40,STEADY,True,False,
2026-09-25T02:07:33Z,KY,KY00065IS0011400S65SRA114,2026-09-25T02:06:09Z,LOW,26,STEADY,True,True,
2026-09-25T02:07:33Z,KY,KY00065IS0005900S65SRA059,2026-09-25T02:06:08Z,14,109,FILLING,True,True,
2026-09-25T02:07:33Z,KY,KY00065IS0005900N65NRA059,2026-08-17T17:24:33Z,23,113,STEADY,True,False,
2026-09-25T02:07:33Z,KY,KY00075IS0003300NWEIGHS33,2026-09-25T02:06:16Z,23,50,STEADY,True,False,
2026-09-25T02:07:33Z,KY,KY00075IS0003400SWEIGHS34,2026-09-25T02:06:18Z,LOW,40,STEADY,True,True,
2026-09-25T02:07:33Z,KY,KY00075IS0017700N75NRA177,2026-07-13T10:37:14Z,LOW,53,CLEARING,True,False,
2026-09-25T02:07:33Z,KY,KY00075IS0007500SWALTONWS,2026-09-25T02:05:55Z,17,45,FILLING,True,True,
2026-09-25T02:07:33Z,KY,KY00075IS0017700S75SRA177,2026-09-25T02:06:18Z,LOW,67,STEADY,True,True,
2026-09-25T02:07:33Z,KY,KY00075IS0016800SCRITENWS,2026-09-25T02:05:51Z,19,39,STEADY,True,True,
2026-09-25T02:07:33Z,KY,KY00075IS0000100N75WELCOM,2026-09-25T02:06:11Z,LOW,30,STEADY,True,False,
2026-09-25T02:07:38Z,IL,IL00072IE015200041,2026-09-25T02:04:41Z,6,16,STEADY,True,True,
2026-09-25T02:07:38Z,IL,IL00074IW006200004,2026-09-25T02:07:30Z,5,12,STEADY,True,True,
2026-09-25T02:07:38Z,IL,IL00074IE011400005,2026-09-25T02:07:33Z,5,25,STEADY,True,True,
2026-09-25T02:07:38Z,IL,IL00055IN014900028,2026-09-25T02:07:33Z,Unknown,0,Unknown,True,False,
2026-09-25T02:07:38Z,IL,IL00057IN026800032,2026-09-25T02:07:33Z,Unknown,25,Unknown,True,False,
2026-09-25T02:07:38Z,IL,IL00055IN010400050,2026-09-25T02:07:33Z,0,0,Unknown,False,False,
2026-09-25T02:07:38Z,IL,IL00074IE015600037,2026-09-25T02:07:33Z,0,0,Unknown,False,False,
2026-09-25T02:07:38Z,IL,IL00064IW008500012,2026-09-25T02:07:33Z,Unknown,0,Unknown,True,False,
2026-09-25T02:07:38Z,IL,IL00080IW005100013,2026-09-25T02:07:33Z,Unknown,47,Unknown,True,False,
2026-09-25T02:07:38Z,IL,IL00074IW015600009,2026-09-25T02:07:33Z,0,0,Unknown,False,False,
2026-09-25T02:07:38Z,IL,IL00057IN033300049,2026-09-25T02:07:33Z,Unknown,0,Unknown,True,False,
2026-09-25T02:07:38Z,IL,IL00039IN008500036,2026-09-25T02:07:33Z,Unknown,42,Unknown,True,False,
2026-09-25T02:07:38Z,IL,IL00024IW003700010,2026-09-25T02:07:33Z,Unknown,0,Unknown,True,False,
2026-09-25T02:07:38Z,IL,IL00064IW002500011,2026-09-25T02:07:33Z,Unknown,0,Unknown,True,False,
2026-09-25T02:07:38Z,IL,IL00064IE008500039,2026-09-25T02:07:33Z,Unknown,0,Unknown,True,False,
2026-09-25T02:07:38Z,IL,IL00064IE002500038,2026-09-25T02:07:33Z,0,0,Unknown,False,False,
2026-09-25T02:07:38Z,IL,IL00055IS006400017,2026-09-25T02:07:33Z,Unknown,0,Unknown,True,False,
2026-09-25T02:07:38Z,IL,IL00064IW013000053,2026-09-25T02:07:33Z,0,0,Unknown,False,False,
2026-09-25T02:07:38Z,IL,IL00057IS011400023,2026-09-25T02:07:33Z,Unknown,0,Unknown,True,False,
2026-09-25T02:07:38Z,IL,IL00057IS007900047,2026-09-25T02:07:33Z,Unknown,0,Unknown,True,False,
2026-09-25T02:07:38Z,IL,IL00080IE005100040,2026-09-25T02:07:33Z,Unknown,39,Unknown,True,False,
2026-09-25T02:07:38Z,IL,IL00039IS008500026,2026-09-25T02:07:33Z,Unknown,42,Unknown,True,False,
2026-09-25T02:07:38Z,IL,IL00057IN011400033,2026-09-25T02:07:33Z,Unknown,0,Unknown,True,False,
2026-09-25T02:07:38Z,IL,IL00055IN006400027,2026-09-25T02:07:33Z,Unknown,0,Unknown,True,False,
2026-09-25T02:07:38Z,IL,IL00055IN002700029,2026-09-25T02:07:34Z,Unknown,0,Unknown,True,False,
2026-09-25T02:07:38Z,IL,IL00070IE008600051,2026-09-25T02:07:34Z,0,0,Unknown,False,False,
2026-09-25T02:07:38Z,IL,IL00070IW002700015,2026-09-25T02:07:34Z,Unknown,0,Unknown,True,False,
2026-09-25T02:07:38Z,IL,IL00080IE011700043,2026-09-25T02:07:34Z,Unknown,31,Unknown,True,False,
2026-09-25T02:07:38Z,IL,IL00055IS002700019,2026-09-25T02:07:34Z,Unknown,0,Unknown,True,False,
2026-09-25T02:07:38Z,IL,IL00080IW011700016,2026-09-25T02:07:34Z,Unknown,39,Unknown,True,False,
2026-09-25T02:07:38Z,IL,IL00055IN019400031,2026-09-25T02:07:34Z,Unknown,36,Unknown,True,False,
2026-09-25T02:07:38Z,IL,IL00057IS022200054,2026-09-25T02:07:34Z,Unknown,0,Unknown,True,False,
2026-09-25T02:07:38Z,IL,IL00072IW015200014,2026-09-25T02:07:34Z,Unknown,17,Unknown,True,False,
2026-09-25T02:07:38Z,IL,IL00074IW020800052,2026-09-25T02:07:34Z,Unknown,0,Unknown,True,False,
2026-09-25T02:07:38Z,IL,IL00057IN007900034,2026-09-25T02:07:34Z,Unknown,0,Unknown,True,False,
2026-09-25T02:07:38Z,IL,IL00070IE002700042,2026-09-25T02:07:34Z,Unknown,0,Unknown,True,False,
2026-09-25T02:07:38Z,IL,IL00057IN022200048,2026-09-25T02:07:34Z,Unknown,0,Unknown,True,False,
2026-09-25T02:07:38Z,IL,IL00055IS019400021,2026-09-25T02:07:34Z,Unknown,29,Unknown,True,False,
2026-09-25T02:07:38Z,IL,IL00057IS026800022,2026-09-25T02:07:34Z,Unknown,27,Unknown,True,False,
2026-09-25T02:07:38Z,IL,IL00074IE002800030,2026-09-25T02:07:34Z,Unknown,14,Unknown,True,False,
2026-09-25T02:07:38Z,IL,IL00057IS033300046,2026-09-25T02:07:34Z,Unknown,0,Unknown,True,False,
2026-09-25T02:07:38Z,IL,IL00074IW002800020,2026-09-25T02:07:34Z,Unknown,15,Unknown,True,False,
2026-09-25T02:07:38Z,IL,IL00070IW008700045,2026-09-25T02:03:34Z,0,15,STEADY,True,True,
2026-09-25T02:07:38Z,IL,IL00057IS016500018,2026-09-25T02:05:12Z,0,15,FILLING,True,True,
2026-09-25T02:07:38Z,IL,IL00074IW011400006,2026-09-25T02:07:02Z,2,18,STEADY,True,True,
2026-09-25T02:07:38Z,IL,IL00074IE006200001,2026-09-25T02:07:03Z,8,13,STEADY,True,True,
2026-09-25T02:07:38Z,IL,IL00070IW014900008,2026-09-25T02:06:55Z,Unknown,39,Unknown,True,False,
2026-09-25T02:07:38Z,IL,IL00057IN016500044,2026-09-25T02:05:23Z,0,15,STEADY,False,False,
2026-09-25T02:07:38Z,IL,IL00055IS010400024,2026-09-25T02:03:01Z,Unknown,0,STEADY,,False,
2026-09-25T02:07:38Z,IL,IL00057IS003200025,2026-09-25T02:03:01Z,Unknown,0,STEADY,,False,
2026-09-25T02:07:38Z,IL,IL00057IN003200035,2026-09-25T02:03:01Z,Unknown,17,STEADY,,False,
2026-09-25T02:07:38Z,IN,322,2026-09-24T21:55:00-04:00,65,75,,True,false,
2026-09-25T02:07:38Z,IN,317,2026-09-24T21:55:00-04:00,29,58,,True,true,
2026-09-25T02:07:38Z,IN,316,2026-09-24T21:55:00-04:00,5,58,,True,false,
2026-09-25T02:07:38Z,IN,315,2026-09-24T21:55:00-04:00,Unknown,36,,False,true,
2026-09-25T02:07:38Z,IN,314,2026-09-24T21:55:00-04:00,Unknown,36,,False,true,
2026-09-25T02:07:38Z,IN,313,2026-09-24T21:55:00-04:00,44,75,,True,false,
2026-09-25T02:07:38Z,IN,312,2026-09-24T21:55:00-04:00,37,75,,True,false,
2026-09-25T02:07:38Z,IN,311,2026-09-24T21:55:00-04:00,Unknown,13,,False,true,
2026-09-25T02:07:38Z,IN,310,2026-09-24T21:55:00-04:00,Unknown,13,,False,true,
2026-09-25T02:07:38Z,IN,308,2026-09-24T21:55:00-04:00,20,75,,True,true,
2026-09-25T02:07:38Z,IN,309,2026-09-24T21:55:00-04:00,34,150,,True,true,
2026-09-25T02:07:38Z,IN,318,2026-09-24T21:55:00-04:00,LOW,78,,True,true,
2026-09-25T02:07:38Z,IN,319,2026-09-24T21:55:00-04:00,23,78,,True,true,
2026-09-25T02:07:38Z,IN,320,2026-09-24T21:55:00-04:00,24,83,,True,true,
2026-09-25T02:07:38Z,IN,321,2026-09-24T21:55:00-04:00,21,41,,True,false,
2026-09-25T02:07:38Z,IN,300,2026-09-24T21:55:00-04:00,80,128,,True,false,
2026-09-25T02:07:38Z,IN,302,2026-09-24T21:55:00-04:00,30,30,,True,true,
2026-09-25T02:07:38Z,IN,301,2026-09-24T21:55:00-04:00,LOW,30,,True,true,
2026-09-25T02:07:38Z,IN,303,2026-09-24T21:55:00-04:00,60,194,,True,true,
2026-09-25T02:07:38Z,IN,304,2026-09-24T21:55:00-04:00,Unknown,99,,False,true,
2026-09-25T02:07:38Z,IN,305,2026-09-24T21:55:00-04:00,Unknown,156,,False,true,
2026-09-25T02:07:38Z,IN,323,2026-09-24T21:55:00-04:00,20,40,,True,true,
2026-09-25T02:07:38Z,IN,702,2026-09-24T21:55:00-04:00,38,75,,True,false,
2026-09-25T02:07:38Z,IN,701,2026-09-24T21:55:00-04:00,30,60,,True,false,
2026-09-25T02:07:38Z,IN,704,2026-09-24T21:55:00-04:00,40,80,,True,false,
2026-09-25T02:07:38Z,IN,703,2026-09-24T21:55:00-04:00,55,110,,True,false,
2026-09-25T02:07:38Z,IN,706,2026-09-24T21:55:00-04:00,35,70,,True,false,
2026-09-25T02:07:38Z,IN,705,2026-09-24T21:55:00-04:00,30,60,,True,false,
2026-09-25T02:07:38Z,IN,708,2026-09-24T21:55:00-04:00,23,45,,True,false,
2026-09-25T02:07:38Z,IN,707,2026-09-24T21:55:00-04:00,20,40,,True,false,
2026-09-25T02:07:38Z,IN,324,2026-09-24T21:55:00-04:00,16,31,,True,true,
2026-09-25T02:07:38Z,KY,KY00065IS0000020N65WELCOM,2026-09-25T02:06:01Z,8,21,CLEARING,True,True,
2026-09-25T02:07:38Z,KY,KY00065IS000020NSMARATHON,2025-12-19T00:36:53Z,16,60,STEADY,True,False,
2026-09-25T02:07:38Z,KY,KY00065IS0000340NWEIGHS34,2026-07-01T19:04:41Z,35,40,STEADY,True,False,
2026-09-25T02:07:38Z,KY,KY00065IS0011400S65SRA114,2026-09-25T02:06:09Z,LOW,26,STEADY,True,True,
2026-09-25T02:07:38Z,KY,KY00065IS0005900S65SRA059,2026-09-25T02:06:08Z,14,109,FILLING,True,True,
2026-09-25T02:07:38Z,KY,KY00065IS0005900N65NRA059,2026-08-17T17:24:33Z,23,113,STEADY,True,False,
2026-09-25T02:07:38Z,KY,KY00075IS0003300NWEIGHS33,2026-09-25T02:06:16Z,23,50,STEADY,True,False,
2026-09-25T02:07:38Z,KY,KY00075IS0003400SWEIGHS34,2026-09-25T02:06:18Z,LOW,40,STEADY,True,True,
2026-09-25T02:07:38Z,KY,KY00075IS0017700N75NRA177,2026-07-13T10:37:14Z,LOW,53,CLEARING,True,False,
2026-09-25T02:07:38Z,KY,KY00075IS0007500SWALTONWS,2026-09-25T02:05:55Z,17,45,FILLING,True,True,
2026-09-25T02:07:38Z,KY,KY00075IS0017700S75SRA177,2026-09-25T02:06:18Z,LOW,67,STEADY,True,True,
2026-09-25T02:07:38Z,KY,KY00075IS0016800SCRITENWS,2026-09-25T02:05:51Z,19,39,STEADY,True,True,
2026-09-25T02:07:38Z,KY,KY00075IS0000100N75WELCOM,2026-09-25T02:06:11Z,LOW,30,STEADY,True,False,
2026-09-25T02:07:44Z,IL,IL00072IE015200041,2026-09-25T02:04:41Z,6,16,STEADY,True,True,
2026-09-25T02:07:44Z,IL,IL00074IW006200004,2026-09-25T02:07:30Z,5,12,STEADY,True,True,
2026-09-25T02:07:44Z,IL,IL00074IE011400005,2026-09-25T02:07:33Z,5,25,STEADY,True,True,
2026-09-25T02:07:44Z,IL,IL00055IN014900028,2026-09-25T02:07:33Z,Unknown,0,Unknown,True,False,
2026-09-25T02:07:44Z,IL,IL00057IN026800032,2026-09-25T02:07:33Z,Unknown,25,Unknown,True,False,
2026-09-25T02:07:44Z,IL,IL00055IN010400050,2026-09-25T02:07:33Z,0,0,Unknown,False,False,
2026-09-25T02:07:44Z,IL,IL00074IE015600037,2026-09-25T02:07:33Z,0,0,Unknown,False,False,
2026-09-25T02:07:44Z,IL,IL00064IW008500012,2026-09-25T02:07:33Z,Unknown,0,Unknown,True,False,
2026-09-25T02:07:44Z,IL,IL00080IW005100013,2026-09-25T02:07:33Z,Unknown,47,Unknown,True,False,
2026-09-25T02:07:44Z,IL,IL00074IW015600009,2026-09-25T02:07:33Z,0,0,Unknown,False,False,
2026-09-25T02:07:44Z,IL,IL00057IN033300049,2026-09-25T02:07:33Z,Unknown,0,Unknown,True,False,
2026-09-25T02:07:44Z,IL,IL00039IN008500036,2026-09-25T02:07:33Z,Unknown,42,Unknown,True,False,
2026-09-25T02:07:44Z,IL,IL00024IW003700010,2026-09-25T02:07:33Z,Unknown,0,Unknown,True,False,
2026-09-25T02:07:44Z,IL,IL00064IW002500011,2026-09-25T02:07:33Z,Unknown,0,Unknown,True,False,
2026-09-25T02:07:44Z,IL,IL00064IE008500039,2026-09-25T02:07:33Z,Unknown,0,Unknown,True,False,
2026-09-25T02:07:44Z,IL,IL00064IE002500038,2026-09-25T02:07:33Z,0,0,Unknown,False,False,
2026-09-25T02:07:44Z,IL,IL00055IS006400017,2026-09-25T02:07:33Z,Unknown,0,Unknown,True,False,
2026-09-25T02:07:44Z,IL,IL00064IW013000053,2026-09-25T02:07:33Z,0,0,Unknown,False,False,
2026-09-25T02:07:44Z,IL,IL00057IS011400023,2026-09-25T02:07:33Z,Unknown,0,Unknown,True,False,
2026-09-25T02:07:44Z,IL,IL00057IS007900047,2026-09-25T02:07:33Z,Unknown,0,Unknown,True,False,
2026-09-25T02:07:44Z,IL,IL00080IE005100040,2026-09-25T02:07:33Z,Unknown,39,Unknown,True,False,
2026-09-25T02:07:44Z,IL,IL00039IS008500026,2026-09-25T02:07:33Z,Unknown,42,Unknown,True,False,
2026-09-25T02:07:44Z,IL,IL00057IN011400033,2026-09-25T02:07:33Z,Unknown,0,Unknown,True,False,
2026-09-25T02:07:44Z,IL,IL00055IN006400027,2026-09-25T02:07:33Z,Unknown,0,Unknown,True,False,
2026-09-25T02:07:44Z,IL,IL00055IN002700029,2026-09-25T02:07:34Z,Unknown,0,Unknown,True,False,
2026-09-25T02:07:44Z,IL,IL00070IE008600051,2026-09-25T02:07:34Z,0,0,Unknown,False,False,
2026-09-25T02:07:44Z,IL,IL00070IW002700015,2026-09-25T02:07:34Z,Unknown,0,Unknown,True,False,
2026-09-25T02:07:44Z,IL,IL00080IE011700043,2026-09-25T02:07:34Z,Unknown,31,Unknown,True,False,
2026-09-25T02:07:44Z,IL,IL00055IS002700019,2026-09-25T02:07:34Z,Unknown,0,Unknown,True,False,
2026-09-25T02:07:44Z,IL,IL00080IW011700016,2026-09-25T02:07:34Z,Unknown,39,Unknown,True,False,
2026-09-25T02:07:44Z,IL,IL00055IN019400031,2026-09-25T02:07:34Z,Unknown,36,Unknown,True,False,
2026-09-25T02:07:44Z,IL,IL00057IS022200054,2026-09-25T02:07:34Z,Unknown,0,Unknown,True,False,
2026-09-25T02:07:44Z,IL,IL00072IW015200014,2026-09-25T02:07:34Z,Unknown,17,Unknown,True,False,
2026-09-25T02:07:44Z,IL,IL00074IW020800052,2026-09-25T02:07:34Z,Unknown,0,Unknown,True,False,
2026-09-25T02:07:44Z,IL,IL00057IN007900034,2026-09-25T02:07:34Z,Unknown,0,Unknown,True,False,
2026-09-25T02:07:44Z,IL,IL00070IE002700042,2026-09-25T02:07:34Z,Unknown,0,Unknown,True,False,
2026-09-25T02:07:44Z,IL,IL00057IN022200048,2026-09-25T02:07:34Z,Unknown,0,Unknown,True,False,
2026-09-25T02:07:44Z,IL,IL00055IS019400021,2026-09-25T02:07:34Z,Unknown,29,Unknown,True,False,
2026-09-25T02:07:44Z,IL,IL00057IS026800022,2026-09-25T02:07:34Z,Unknown,27,Unknown,True,False,
2026-09-25T02:07:44Z,IL,IL00074IE002800030,2026-09-25T02:07:34Z,Unknown,14,Unknown,True,False,
2026-09-25T02:07:44Z,IL,IL00057IS033300046,2026-09-25T02:07:34Z,Unknown,0,Unknown,True,False,
2026-09-25T02:07:44Z,IL,IL00074IW002800020,2026-09-25T02:07:34Z,Unknown,15,Unknown,True,False,
2026-09-25T02:07:44Z,IL,IL00070IW008700045,2026-09-25T02:03:34Z,0,15,STEADY,True,True,
2026-09-25T02:07:44Z,IL,IL00057IS016500018,2026-09-25T02:05:12Z,0,15,FILLING,True,True,
2026-09-25T02:07:44Z,IL,IL00074IW011400006,2026-09-25T02:07:02Z,2,18,STEADY,True,True,
2026-09-25T02:07:44Z,IL,IL00074IE006200001,2026-09-25T02:07:03Z,8,13,STEADY,True,True,
2026-09-25T02:07:44Z,IL,IL00070IW014900008,2026-09-25T02:06:55Z,Unknown,39,Unknown,True,False,
2026-09-25T02:07:44Z,IL,IL00057IN016500044,2026-09-25T02:05:23Z,0,15,STEADY,False,False,
2026-09-25T02:07:44Z,IL,IL00055IS010400024,2026-09-25T02:03:01Z,Unknown,0,STEADY,,False,
2026-09-25T02:07:44Z,IL,IL00057IS003200025,2026-09-25T02:03:01Z,Unknown,0,STEADY,,False,
2026-09-25T02:07:44Z,IL,IL00057IN003200035,2026-09-25T02:03:01Z,Unknown,17,STEADY,,False,
2026-09-25T02:07:44Z,IN,322,2026-09-24T21:55:00-04:00,65,75,,True,false,
2026-09-25T02:07:44Z,IN,317,2026-09-24T21:55:00-04:00,29,58,,True,true,
2026-09-25T02:07:44Z,IN,316,2026-09-24T21:55:00-04:00,5,58,,True,false,
2026-09-25T02:07:44Z,IN,315,2026-09-24T21:55:00-04:00,Unknown,36,,False,true,
2026-09-25T02:07:44Z,IN,314,2026-09-24T21:55:00-04:00,Unknown,36,,False,true,
2026-09-25T02:07:44Z,IN,313,2026-09-24T21:55:00-04:00,44,75,,True,false,
2026-09-25T02:07:44Z,IN,312,2026-09-24T21:55:00-04:00,37,75,,True,false,
2026-09-25T02:07:44Z,IN,311,2026-09-24T21:55:00-04:00,Unknown,13,,False,true,
2026-09-25T02:07:44Z,IN,310,2026-09-24T21:55:00-04:00,Unknown,13,,False,true,
2026-09-25T02:07:44Z,IN,308,2026-09-24T21:55:00-04:00,20,75,,True,true,
2026-09-25T02:07:44Z,IN,309,2026-09-24T21:55:00-04:00,34,150,,True,true,
2026-09-25T02:07:44Z,IN,318,2026-09-24T21:55:00-04:00,LOW,78,,True,true,
2026-09-25T02:07:44Z,IN,319,2026-09-24T21:55:00-04:00,23,78,,True,true,
2026-09-25T02:07:44Z,IN,320,2026-09-24T21:55:00-04:00,24,83,,True,true,
2026-09-25T02:07:44Z,IN,321,2026-09-24T21:55:00-04:00,21,41,,True,false,
2026-09-25T02:07:44Z,IN,300,2026-09-24T21:55:00-04:00,80,128,,True,false,
2026-09-25T02:07:44Z,IN,302,2026-09-24T21:55:00-04:00,30,30,,True,true,
2026-09-25T02:07:44Z,IN,301,2026-09-24T21:55:00-04:00,LOW,30,,True,true,
2026-09-25T02:07:44Z,IN,303,2026-09-24T21:55:00-04:00,60,194,,True,true,
2026-09-25T02:07:44Z,IN,304,2026-09-24T21:55:00-04:00,Unknown,99,,False,true,
2026-09-25T02:07:44Z,IN,305,2026-09-24T21:55:00-04:00,Unknown,156,,False,true,
2026-09-25T02:07:44Z,IN,323,2026-09-24T21:55:00-04:00,20,40,,True,true,
2026-09-25T02:07:44Z,IN,702,2026-09-24T21:55:00-04:00,38,75,,True,false,
2026-09-25T02:07:44Z,IN,701,2026-09-24T21:55:00-04:00,30,60,,True,false,
2026-09-25T02:07:44Z,IN,704,2026-09-24T21:55:00-04:00,40,80,,True,false,
2026-09-25T02:07:44Z,IN,703,2026-09-24T21:55:00-04:00,55,110,,True,false,
2026-09-25T02:07:44Z,IN,706,2026-09-24T21:55:00-04:00,35,70,,True,false,
2026-09-25T02:07:44Z,IN,705,2026-09-24T21:55:00-04:00,30,60,,True,false,
2026-09-25T02:07:44Z,IN,708,2026-09-24T21:55:00-04:00,23,45,,True,false,
2026-09-25T02:07:44Z,IN,707,2026-09-24T21:55:00-04:00,20,40,,True,false,
2026-09-25T02:07:44Z,IN,324,2026-09-24T21:55:00-04:00,16,31,,True,true,
2026-09-25T02:07:44Z,KY,KY00065IS0000020N65WELCOM,2026-09-25T02:06:01Z,8,21,CLEARING,True,True,
2026-09-25T02:07:44Z,KY,KY00065IS000020NSMARATHON,2025-12-19T00:36:53Z,16,60,STEADY,True,False,
2026-09-25T02:07:44Z,KY,KY00065IS0000340NWEIGHS34,2026-07-01T19:04:41Z,35,40,STEADY,True,False,
2026-09-25T02:07:44Z,KY,KY00065IS0011400S65SRA114,2026-09-25T02:06:09Z,LOW,26,STEADY,True,True,
2026-09-25T02:07:44Z,KY,KY00065IS0005900S65SRA059,2026-09-25T02:06:08Z,14,109,FILLING,True,True,
2026-09-25T02:07:44Z,KY,KY00065IS0005900N65NRA059,2026-08-17T17:24:33Z,23,113,STEADY,True,False,
2026-09-25T02:07:44Z,KY,KY00075IS0003300NWEIGHS33,2026-09-25T02:06:16Z,23,50,STEADY,True,False,
2026-09-25T02:07:44Z,KY,KY00075IS0003400SWEIGHS34,2026-09-25T02:06:18Z,LOW,40,STEADY,True,True,
2026-09-25T02:07:44Z,KY,KY00075IS0017700N75NRA177,2026-07-13T10:37:14Z,LOW,53,CLEARING,True,False,
2026-09-25T02:07:44Z,KY,KY00075IS0007500SWALTONWS,2026-09-25T02:05:55Z,17,45,FILLING,True,True,
2026-09-25T02:07:44Z,KY,KY00075IS0017700S75SRA177,2026-09-25T02:06:18Z,LOW,67,STEADY,True,True,
2026-09-25T02:07:44Z,KY,KY00075IS0016800SCRITENWS,2026-09-25T02:05:51Z,19,39,STEADY,True,True,
2026-09-25T02:07:44Z,KY,KY00075IS0000100N75WELCOM,2026-09-25T02:06:11Z,LOW,30,STEADY,True,False,
2026-09-25T02:07:49Z,IL,IL00055IN014900028,2026-09-25T02:07:45Z,Unknown,0,Unknown,True,False,
2026-09-25T02:07:49Z,IL,IL00057IN026800032,2026-09-25T02:07:45Z,Unknown,25,Unknown,True,False,
2026-09-25T02:07:49Z,IL,IL00055IN010400050,2026-09-25T02:07:45Z,0,0,Unknown,False,False,
2026-09-25T02:07:49Z,IL,IL00074IE015600037,2026-09-25T02:07:45Z,0,0,Unknown,False,False,
2026-09-25T02:07:49Z,IL,IL00064IW008500012,2026-09-25T02:07:45Z,Unknown,0,Unknown,True,False,
2026-09-25T02:07:49Z,IL,IL00080IW005100013,2026-09-25T02:07:45Z,Unknown,47,Unknown,True,False,
2026-09-25T02:07:49Z,IL,IL00074IW015600009,2026-09-25T02:07:45Z,0,0,Unknown,False,False,
2026-09-25T02:07:49Z,IL,IL00057IN033300049,2026-09-25T02:07:45Z,Unknown,0,Unknown,True,False,
2026-09-25T02:07:49Z,IL,IL00039IN008500036,2026-09-25T02:07:45Z,Unknown,42,Unknown,True,False,
2026-09-25T02:07:49Z,IL,IL00024IW003700010,2026-09-25T02:07:45Z,Unknown,0,Unknown,True,False,
2026-09-25T02:07:49Z,IL,IL00064IW002500011,2026-09-25T02:07:45Z,Unknown,0,Unknown,True,False,
2026-09-25T02:07:49Z,IL,IL00064IE008500039,2026-09-25T02:07:45Z,Unknown,0,Unknown,True,False,
2026-09-25T02:07:49Z,IL,IL00064IE002500038,2026-09-25T02:07:45Z,0,0,Unknown,False,False,
2026-09-25T02:07:49Z,IL,IL00055IS006400017,2026-09-25T02:07:45Z,Unknown,0,Unknown,True,False,
2026-09-25T02:07:49Z,IL,IL00064IW013000053,2026-09-25T02:07:45Z,0,0,Unknown,False,False,
2026-09-25T02:07:49Z,IL,IL00057IS011400023,2026-09-25T02:07:45Z,Unknown,0,Unknown,True,False,
2026-09-25T02:07:49Z,IL,IL00057IS007900047,2026-09-25T02:07:45Z,Unknown,0,Unknown,True,False,
2026-09-25T02:07:49Z,IL,IL00080IE005100040,2026-09-25T02:07:45Z,Unknown,39,Unknown,True,False,
2026-09-25T02:07:49Z,IL,IL00039IS008500026,2026-09-25T02:07:45Z,Unknown,42,Unknown,True,False,
2026-09-25T02:07:49Z,IL,IL00057IN011400033,2026-09-25T02:07:45Z,Unknown,0,Unknown,True,False,
2026-09-25T02:07:49Z,IL,IL00055IN006400027,2026-09-25T02:07:45Z,Unknown,0,Unknown,True,False,
2026-09-25T02:07:49Z,IL,IL00055IN002700029,2026-09-25T02:07:45Z,Unknown,0,Unknown,True,False,
2026-09-25T02:07:49Z,IL,IL00070IE008600051,2026-09-25T02:07:45Z,0,0,Unknown,False,False,
2026-09-25T02:07:49Z,IL,IL00070IW002700015,2026-09-25T02:07:46Z,Unknown,0,Unknown,True,False,
2026-09-25T02:07:49Z,IL,IL00080IE011700043,2026-09-25T02:07:46Z,Unknown,31,Unknown,True,False,
2026-09-25T02:07:49Z,IL,IL00055IS002700019,2026-09-25T02:07:46Z,Unknown,0,Unknown,True,False,
2026-09-25T02:07:49Z,IL,IL00080IW011700016,2026-09-25T02:07:46Z,Unknown,39,Unknown,True,False,
2026-09-25T02:07:49Z,IL,IL00055IN019400031,2026-09-25T02:07:46Z,Unknown,36,Unknown,True,False,
2026-09-25T02:07:49Z,IL,IL00057IS022200054,2026-09-25T02:07:46Z,Unknown,0,Unknown,True,False,
2026-09-25T02:07:49Z,IL,IL00072IW015200014,2026-09-25T02:07:46Z,Unknown,17,Unknown,True,False,
2026-09-25T02:07:49Z,IL,IL00074IW020800052,2026-09-25T02:07:46Z,Unknown,0,Unknown,True,False,
2026-09-25T02:07:49Z,IL,IL00057IN007900034,2026-09-25T02:07:46Z,Unknown,0,Unknown,True,False,
2026-09-25T02:07:49Z,IL,IL00070IE002700042,2026-09-25T02:07:46Z,Unknown,0,Unknown,True,False,
2026-09-25T02:07:49Z,IL,IL00057IN022200048,2026-09-25T02:07:46Z,Unknown,0,Unknown,True,False,
2026-09-25T02:07:49Z,IL,IL00055IS019400021,2026-09-25T02:07:46Z,Unknown,29,Unknown,True,False,
2026-09-25T02:07:49Z,IL,IL00057IS026800022,2026-09-25T02:07:46Z,Unknown,27,Unknown,True,False,
2026-09-25T02:07:49Z,IL,IL00074IE002800030,2026-09-25T02:07:46Z,Unknown,14,Unknown,True,False,
2026-09-25T02:07:49Z,IL,IL00057IS033300046,2026-09-25T02:07:46Z,Unknown,0,Unknown,True,False,
2026-09-25T02:07:49Z,IL,IL00072IE015200041,2026-09-25T02:04:41Z,6,16,STEADY,True,True,
2026-09-25T02:07:49Z,IL,IL00074IW006200004,2026-09-25T02:07:30Z,5,12,STEADY,True,True,
2026-09-25T02:07:49Z,IL,IL00074IE011400005,2026-09-25T02:07:33Z,5,25,STEADY,True,True,
2026-09-25T02:07:49Z,IL,IL00074IW002800020,2026-09-25T02:07:46Z,Unknown,15,Unknown,True,False,
2026-09-25T02:07:49Z,IL,IL00070IW008700045,2026-09-25T02:03:34Z,0,15,STEADY,True,True,
2026-09-25T02:07:49Z,IL,IL00057IS016500018,2026-09-25T02:05:12Z,0,15,FILLING,True,True,
2026-09-25T02:07:49Z,IL,IL00074IW011400006,2026-09-25T02:07:02Z,2,18,STEADY,True,True,
2026-09-25T02:07:49Z,IL,IL00074IE006200001,2026-09-25T02:07:03Z,8,13,STEADY,True,True,
2026-09-25T02:07:49Z,IL,IL00070IW014900008,2026-09-25T02:06:55Z,Unknown,39,Unknown,True,False,
2026-09-25T02:07:49Z,IL,IL00057IN016500044,2026-09-25T02:05:23Z,0,15,STEADY,False,False,
2026-09-25T02:07:49Z,IL,IL00055IS010400024,2026-09-25T02:03:01Z,Unknown,0,STEADY,,False,
2026-09-25T02:07:49Z,IL,IL00057IS003200025,2026-09-25T02:03:01Z,Unknown,0,STEADY,,False,
2026-09-25T02:07:49Z,IL,IL00057IN003200035,2026-09-25T02:03:01Z,Unknown,17,STEADY,,False,
2026-09-25T02:07:49Z,IN,322,2026-09-24T21:55:00-04:00,65,75,,True,false,
2026-09-25T02:07:49Z,IN,317,2026-09-24T21:55:00-04:00,29,58,,True,true,
2026-09-25T02:07:49Z,IN,316,2026-09-24T21:55:00-04:00,5,58,,True,false,
2026-09-25T02:07:49Z,IN,315,2026-09-24T21:55:00-04:00,Unknown,36,,False,true,
2026-09-25T02:07:49Z,IN,314,2026-09-24T21:55:00-04:00,Unknown,36,,False,true,
2026-09-25T02:07:49Z,IN,313,2026-09-24T21:55:00-04:00,44,75,,True,false,
2026-09-25T02:07:49Z,IN,312,2026-09-24T21:55:00-04:00,37,75,,True,false,
2026-09-25T02:07:49Z,IN,311,2026-09-24T21:55:00-04:00,Unknown,13,,False,true,
2026-09-25T02:07:49Z,IN,310,2026-09-24T21:55:00-04:00,Unknown,13,,False,true,
2026-09-25T02:07:49Z,IN,308,2026-09-24T21:55:00-04:00,20,75,,True,true,
2026-09-25T02:07:49Z,IN,309,2026-09-24T21:55:00-04:00,34,150,,True,true,
2026-09-25T02:07:49Z,IN,318,2026-09-24T21:55:00-04:00,LOW,78,,True,true,
2026-09-25T02:07:49Z,IN,319,2026-09-24T21:55:00-04:00,23,78,,True,true,
2026-09-25T02:07:49Z,IN,320,2026-09-24T21:55:00-04:00,24,83,,True,true,
2026-09-25T02:07:49Z,IN,321,2026-09-24T21:55:00-04:00,21,41,,True,false,
2026-09-25T02:07:49Z,IN,300,2026-09-24T21:55:00-04:00,80,128,,True,false,
2026-09-25T02:07:49Z,IN,302,2026-09-24T21:55:00-04:00,30,30,,True,true,
2026-09-25T02:07:49Z,IN,301,2026-09-24T21:55:00-04:00,LOW,30,,True,true,
2026-09-25T02:07:49Z,IN,303,2026-09-24T21:55:00-04:00,60,194,,True,true,
2026-09-25T02:07:49Z,IN,304,2026-09-24T21:55:00-04:00,Unknown,99,,False,true,
2026-09-25T02:07:49Z,IN,305,2026-09-24T21:55:00-04:00,Unknown,156,,False,true,
2026-09-25T02:07:49Z,IN,323,2026-09-24T21:55:00-04:00,20,40,,True,true,
2026-09-25T02:07:49Z,IN,702,2026-09-24T21:55:00-04:00,38,75,,True,false,
2026-09-25T02:07:49Z,IN,701,2026-09-24T21:55:00-04:00,30,60,,True,false,
2026-09-25T02:07:49Z,IN,704,2026-09-24T21:55:00-04:00,40,80,,True,false,
2026-09-25T02:07:49Z,IN,703,2026-09-24T21:55:00-04:00,55,110,,True,false,
2026-09-25T02:07:49Z,IN,706,2026-09-24T21:55:00-04:00,35,70,,True,false,
2026-09-25T02:07:49Z,IN,705,2026-09-24T21:55:00-04:00,30,60,,True,false,
2026-09-25T02:07:49Z,IN,708,2026-09-24T21:55:00-04:00,23,45,,True,false,
2026-09-25T02:07:49Z,IN,707,2026-09-24T21:55:00-04:00,20,40,,True,false,
2026-09-25T02:07:49Z,IN,324,2026-09-24T21:55:00-04:00,16,31,,True,true,
2026-09-25T02:07:49Z,KY,KY00065IS0000020N65WELCOM,2026-09-25T02:06:01Z,8,21,CLEARING,True,True,
2026-09-25T02:07:49Z,KY,KY00065IS000020NSMARATHON,2025-12-19T00:36:53Z,16,60,STEADY,True,False,
2026-09-25T02:07:49Z,KY,KY00065IS0000340NWEIGHS34,2026-07-01T19:04:41Z,35,40,STEADY,True,False,
2026-09-25T02:07:49Z,KY,KY00065IS0011400S65SRA114,2026-09-25T02:06:09Z,LOW,26,STEADY,True,True,
2026-09-25T02:07:49Z,KY,KY00065IS0005900S65SRA059,2026-09-25T02:06:08Z,14,109,FILLING,True,True,
2026-09-25T02:07:49Z,KY,KY00065IS0005900N65NRA059,2026-08-17T17:24:33Z,23,113,STEADY,True,False,
2026-09-25T02:07:49Z,KY,KY00075IS0003300NWEIGHS33,2026-09-25T02:06:16Z,23,50,STEADY,True,False,
2026-09-25T02:07:49Z,KY,KY00075IS0003400SWEIGHS34,2026-09-25T02:06:18Z,LOW,40,STEADY,True,True,
2026-09-25T02:07:49Z,KY,KY00075IS0017700N75NRA177,2026-07-13T10:37:14Z,LOW,53,CLEARING,True,False,
2026-09-25T02:07:49Z,KY,KY00075IS0007500SWALTONWS,2026-09-25T02:05:55Z,17,45,FILLING,True,True,
2026-09-25T02:07:49Z,KY,KY00075IS0017700S75SRA177,2026-09-25T02:06:18Z,LOW,67,STEADY,True,True,
2026-09-25T02:07:49Z,KY,KY00075IS0016800SCRITENWS,2026-09-25T02:05:51Z,19,39,STEADY,True,True,
2026-09-25T02:07:49Z,KY,KY00075IS0000100N75WELCOM,2026-09-25T02:06:11Z,LOW,30,STEADY,True,False,
2026-09-25T02:07:55Z,IL,IL00055IN014900028,2026-09-25T02:07:45Z,Unknown,0,Unknown,True,False,
2026-09-25T02:07:55Z,IL,IL00057IN026800032,2026-09-25T02:07:45Z,Unknown,25,Unknown,True,False,
2026-09-25T02:07:55Z,IL,IL00055IN010400050,2026-09-25T02:07:45Z,0,0,Unknown,False,False,
2026-09-25T02:07:55Z,IL,IL00074IE015600037,2026-09-25T02:07:45Z,0,0,Unknown,False,False,
2026-09-25T02:07:55Z,IL,IL00064IW008500012,2026-09-25T02:07:45Z,Unknown,0,Unknown,True,False,
2026-09-25T02:07:55Z,IL,IL00080IW005100013,2026-09-25T02:07:45Z,Unknown,47,Unknown,True,False,
2026-09-25T02:07:55Z,IL,IL00074IW015600009,2026-09-25T02:07:45Z,0,0,Unknown,False,False,
2026-09-25T02:07:55Z,IL,IL00057IN033300049,2026-09-25T02:07:45Z,Unknown,0,Unknown,True,False,
2026-09-25T02:07:55Z,IL,IL00039IN008500036,2026-09-25T02:07:45Z,Unknown,42,Unknown,True,False,
2026-09-25T02:07:55Z,IL,IL00024IW003700010,2026-09-25T02:07:45Z,Unknown,0,Unknown,True,False,
2026-09-25T02:07:55Z,IL,IL00064IW002500011,2026-09-25T02:07:45Z,Unknown,0,Unknown,True,False,
2026-09-25T02:07:55Z,IL,IL00064IE008500039,2026-09-25T02:07:45Z,Unknown,0,Unknown,True,False,
2026-09-25T02:07:55Z,IL,IL00064IE002500038,2026-09-25T02:07:45Z,0,0,Unknown,False,False,
2026-09-25T02:07:55Z,IL,IL00055IS006400017,2026-09-25T02:07:45Z,Unknown,0,Unknown,True,False,
2026-09-25T02:07:55Z,IL,IL00064IW013000053,2026-09-25T02:07:45Z,0,0,Unknown,False,False,
2026-09-25T02:07:55Z,IL,IL00057IS011400023,2026-09-25T02:07:45Z,Unknown,0,Unknown,True,False,
2026-09-25T02:07:55Z,IL,IL00057IS007900047,2026-09-25T02:07:45Z,Unknown,0,Unknown,True,False,
2026-09-25T02:07:55Z,IL,IL00080IE005100040,2026-09-25T02:07:45Z,Unknown,39,Unknown,True,False,
2026-09-25T02:07:55Z,IL,IL00039IS008500026,2026-09-25T02:07:45Z,Unknown,42,Unknown,True,False,
2026-09-25T02:07:55Z,IL,IL00057IN011400033,2026-09-25T02:07:45Z,Unknown,0,Unknown,True,False,
2026-09-25T02:07:55Z,IL,IL00055IN006400027,2026-09-25T02:07:45Z,Unknown,0,Unknown,True,False,
2026-09-25T02:07:55Z,IL,IL00055IN002700029,2026-09-25T02:07:45Z,Unknown,0,Unknown,True,False,
2026-09-25T02:07:55Z,IL,IL00070IE008600051,2026-09-25T02:07:45Z,0,0,Unknown,False,False,
2026-09-25T02:07:55Z,IL,IL00070IW002700015,2026-09-25T02:07:46Z,Unknown,0,Unknown,True,False,
2026-09-25T02:07:55Z,IL,IL00080IE011700043,2026-09-25T02:07:46Z,Unknown,31,Unknown,True,False,
2026-09-25T02:07:55Z,IL,IL00055IS002700019,2026-09-25T02:07:46Z,Unknown,0,Unknown,True,False,
2026-09-25T02:07:55Z,IL,IL00080IW011700016,2026-09-25T02:07:46Z,Unknown,39,Unknown,True,False,
2026-09-25T02:07:55Z,IL,IL00055IN019400031,2026-09-25T02:07:46Z,Unknown,36,Unknown,True,False,
2026-09-25T02:07:55Z,IL,IL00057IS022200054,2026-09-25T02:07:46Z,Unknown,0,Unknown,True,False,
2026-09-25T02:07:55Z,IL,IL00072IW015200014,2026-09-25T02:07:46Z,Unknown,17,Unknown,True,False,
2026-09-25T02:07:55Z,IL,IL00074IW020800052,2026-09-25T02:07:46Z,Unknown,0,Unknown,True,False,
2026-09-25T02:07:55Z,IL,IL00057IN007900034,2026-09-25T02:07:46Z,Unknown,0,Unknown,True,False,
2026-09-25T02:07:55Z,IL,IL00070IE002700042,2026-09-25T02:07:46Z,Unknown,0,Unknown,True,False,
2026-09-25T02:07:55Z,IL,IL00057IN022200048,2026-09-25T02:07:46Z,Unknown,0,Unknown,True,False,
2026-09-25T02:07:55Z,IL,IL00055IS019400021,2026-09-25T02:07:46Z,Unknown,29,Unknown,True,False,
2026-09-25T02:07:55Z,IL,IL00057IS026800022,2026-09-25T02:07:46Z,Unknown,27,Unknown,True,False,
2026-09-25T02:07:55Z,IL,IL00074IE002800030,2026-09-25T02:07:46Z,Unknown,14,Unknown,True,False,
2026-09-25T02:07:55Z,IL,IL00057IS033300046,2026-09-25T02:07:46Z,Unknown,0,Unknown,True,False,
2026-09-25T02:07:55Z,IL,IL00072IE015200041,2026-09-25T02:04:41Z,6,16,STEADY,True,True,
2026-09-25T02:07:55Z,IL,IL00074IW006200004,2026-09-25T02:07:30Z,5,12,STEADY,True,True,
2026-09-25T02:07:55Z,IL,IL00074IE011400005,2026-09-25T02:07:33Z,5,25,STEADY,True,True,
2026-09-25T02:07:55Z,IL,IL00074IW002800020,2026-09-25T02:07:46Z,Unknown,15,Unknown,True,False,
2026-09-25T02:07:55Z,IL,IL00070IW008700045,2026-09-25T02:03:34Z,0,15,STEADY,True,True,
2026-09-25T02:07:55Z,IL,IL00057IS016500018,2026-09-25T02:05:12Z,0,15,FILLING,True,True,
2026-09-25T02:07:55Z,IL,IL00074IW011400006,2026-09-25T02:07:02Z,2,18,STEADY,True,True,
2026-09-25T02:07:55Z,IL,IL00074IE006200001,2026-09-25T02:07:03Z,8,13,STEADY,True,True,
2026-09-25T02:07:55Z,IL,IL00070IW014900008,2026-09-25T02:06:55Z,Unknown,39,Unknown,True,False,
2026-09-25T02:07:55Z,IL,IL00057IN016500044,2026-09-25T02:05:23Z,0,15,STEADY,False,False,
2026-09-25T02:07:55Z,IL,IL00055IS010400024,2026-09-25T02:03:01Z,Unknown,0,STEADY,,False,
2026-09-25T02:07:55Z,IL,IL00057IS003200025,2026-09-25T02:03:01Z,Unknown,0,STEADY,,False,
2026-09-25T02:07:55Z,IL,IL00057IN003200035,2026-09-25T02:03:01Z,Unknown,17,STEADY,,False,
2026-09-25T02:07:55Z,IN,322,2026-09-24T21:55:00-04:00,65,75,,True,false,
2026-09-25T02:07:55Z,IN,317,2026-09-24T21:55:00-04:00,29,58,,True,true,
2026-09-25T02:07:55Z,IN,316,2026-09-24T21:55:00-04:00,5,58,,True,false,
2026-09-25T02:07:55Z,IN,315,2026-09-24T21:55:00-04:00,Unknown,36,,False,true,
2026-09-25T02:07:55Z,IN,314,2026-09-24T21:55:00-04:00,Unknown,36,,False,true,
2026-09-25T02:07:55Z,IN,313,2026-09-24T21:55:00-04:00,44,75,,True,false,
2026-09-25T02:07:55Z,IN,312,2026-09-24T21:55:00-04:00,37,75,,True,false,
2026-09-25T02:07:55Z,IN,311,2026-09-24T21:55:00-04:00,Unknown,13,,False,true,
2026-09-25T02:07:55Z,IN,310,2026-09-24T21:55:00-04:00,Unknown,13,,False,true,
2026-09-25T02:07:55Z,IN,308,2026-09-24T21:55:00-04:00,20,75,,True,true,
2026-09-25T02:07:55Z,IN,309,2026-09-24T21:55:00-04:00,34,150,,True,true,
2026-09-25T02:07:55Z,IN,318,2026-09-24T21:55:00-04:00,LOW,78,,True,true,
2026-09-25T02:07:55Z,IN,319,2026-09-24T21:55:00-04:00,23,78,,True,true,
2026-09-25T02:07:55Z,IN,320,2026-09-24T21:55:00-04:00,24,83,,True,true,
2026-09-25T02:07:55Z,IN,321,2026-09-24T21:55:00-04:00,21,41,,True,false,
2026-09-25T02:07:55Z,IN,300,2026-09-24T21:55:00-04:00,80,128,,True,false,
2026-09-25T02:07:55Z,IN,302,2026-09-24T21:55:00-04:00,30,30,,True,true,
2026-09-25T02:07:55Z,IN,301,2026-09-24T21:55:00-04:00,LOW,30,,True,true,
2026-09-25T02:07:55Z,IN,303,2026-09-24T21:55:00-04:00,60,194,,True,true,
2026-09-25T02:07:55Z,IN,304,2026-09-24T21:55:00-04:00,Unknown,99,,False,true,
2026-09-25T02:07:55Z,IN,305,2026-09-24T21:55:00-04:00,Unknown,156,,False,true,
2026-09-25T02:07:55Z,IN,323,2026-09-24T21:55:00-04:00,20,40,,True,true,
2026-09-25T02:07:55Z,IN,702,2026-09-24T21:55:00-04:00,38,75,,True,false,
2026-09-25T02:07:55Z,IN,701,2026-09-24T21:55:00-04:00,30,60,,True,false,
2026-09-25T02:07:55Z,IN,704,2026-09-24T21:55:00-04:00,40,80,,True,false,
2026-09-25T02:07:55Z,IN,703,2026-09-24T21:55:00-04:00,55,110,,True,false,
2026-09-25T02:07:55Z,IN,706,2026-09-24T21:55:00-04:00,35,70,,True,false,
2026-09-25T02:07:55Z,IN,705,2026-09-24T21:55:00-04:00,30,60,,True,false,
2026-09-25T02:07:55Z,IN,708,2026-09-24T21:55:00-04:00,23,45,,True,false,
2026-09-25T02:07:55Z,IN,707,2026-09-24T21:55:00-04:00,20,40,,True,false,
2026-09-25T02:07:55Z,IN,324,2026-09-24T21:55:00-04:00,16,31,,True,true,
2026-09-25T02:07:55Z,KY,KY00065IS0000020N65WELCOM,2026-09-25T02:06:01Z,8,21,CLEARING,True,True,
2026-09-25T02:07:55Z,KY,KY00065IS000020NSMARATHON,2025-12-19T00:36:53Z,16,60,STEADY,True,False,
2026-09-25T02:07:55Z,KY,KY00065IS0000340NWEIGHS34,2026-07-01T19:04:41Z,35,40,STEADY,True,False,
2026-09-25T02:07:55Z,KY,KY00065IS0011400S65SRA114,2026-09-25T02:06:09Z,LOW,26,STEADY,True,True,
2026-09-25T02:07:55Z,KY,KY00065IS0005900S65SRA059,2026-09-25T02:06:08Z,14,109,FILLING,True,True,
2026-09-25T02:07:55Z,KY,KY00065IS0005900N65NRA059,2026-08-17T17:24:33Z,23,113,STEADY,True,False,
2026-09-25T02:07:55Z,KY,KY00075IS0003300NWEIGHS33,2026-09-25T02:06:16Z,23,50,STEADY,True,False,
2026-09-25T02:07:55Z,KY,KY00075IS0003400SWEIGHS34,2026-09-25T02:06:18Z,LOW,40,STEADY,True,True,
2026-09-25T02:07:55Z,KY,KY00075IS0017700N75NRA177,2026-07-13T10:37:14Z,LOW,53,CLEARING,True,False,
2026-09-25T02:07:55Z,KY,KY00075IS0007500SWALTONWS,2026-09-25T02:05:55Z,17,45,FILLING,True,True,
2026-09-25T02:07:55Z,KY,KY00075IS0017700S75SRA177,2026-09-25T02:06:18Z,LOW,67,STEADY,True,True,
2026-09-25T02:07:55Z,KY,KY00075IS0016800SCRITENWS,2026-09-25T02:05:51Z,19,39,STEADY,True,True,
2026-09-25T02:07:55Z,KY,KY00075IS0000100N75WELCOM,2026-09-25T02:06:11Z,LOW,30,STEADY,True,False,
2026-09-25T02:08:01Z,IL,IL00055IN014900028,2026-09-25T02:07:57Z,Unknown,0,Unknown,True,False,
2026-09-25T02:08:01Z,IL,IL00057IN026800032,2026-09-25T02:07:57Z,Unknown,25,Unknown,True,False,
2026-09-25T02:08:01Z,IL,IL00055IN010400050,2026-09-25T02:07:57Z,0,0,Unknown,False,False,
2026-09-25T02:08:01Z,IL,IL00074IE015600037,2026-09-25T02:07:57Z,0,0,Unknown,False,False,
2026-09-25T02:08:01Z,IL,IL00064IW008500012,2026-09-25T02:07:57Z,Unknown,0,Unknown,True,False,
2026-09-25T02:08:01Z,IL,IL00080IW005100013,2026-09-25T02:07:57Z,Unknown,47,Unknown,True,False,
2026-09-25T02:08:01Z,IL,IL00074IW015600009,2026-09-25T02:07:57Z,0,0,Unknown,False,False,
2026-09-25T02:08:01Z,IL,IL00057IN033300049,2026-09-25T02:07:57Z,Unknown,0,Unknown,True,False,
2026-09-25T02:08:01Z,IL,IL00039IN008500036,2026-09-25T02:07:57Z,Unknown,42,Unknown,True,False,
2026-09-25T02:08:01Z,IL,IL00024IW003700010,2026-09-25T02:07:57Z,Unknown,0,Unknown,True,False,
2026-09-25T02:08:01Z,IL,IL00064IW002500011,2026-09-25T02:07:57Z,Unknown,0,Unknown,True,False,
2026-09-25T02:08:01Z,IL,IL00064IE008500039,2026-09-25T02:07:57Z,Unknown,0,Unknown,True,False,
2026-09-25T02:08:01Z,IL,IL00064IE002500038,2026-09-25T02:07:57Z,0,0,Unknown,False,False,
2026-09-25T02:08:01Z,IL,IL00055IS006400017,2026-09-25T02:07:57Z,Unknown,0,Unknown,True,False,
2026-09-25T02:08:01Z,IL,IL00064IW013000053,2026-09-25T02:07:57Z,0,0,Unknown,False,False,
2026-09-25T02:08:01Z,IL,IL00057IS011400023,2026-09-25T02:07:57Z,Unknown,0,Unknown,True,False,
2026-09-25T02:08:01Z,IL,IL00057IS007900047,2026-09-25T02:07:57Z,Unknown,0,Unknown,True,False,
2026-09-25T02:08:01Z,IL,IL00080IE005100040,2026-09-25T02:07:57Z,Unknown,39,Unknown,True,False,
2026-09-25T02:08:01Z,IL,IL00039IS008500026,2026-09-25T02:07:57Z,Unknown,42,Unknown,True,False,
2026-09-25T02:08:01Z,IL,IL00057IN011400033,2026-09-25T02:07:57Z,Unknown,0,Unknown,True,False,
2026-09-25T02:08:01Z,IL,IL00055IN006400027,2026-09-25T02:07:58Z,Unknown,0,Unknown,True,False,
2026-09-25T02:08:01Z,IL,IL00055IN002700029,2026-09-25T02:07:58Z,Unknown,0,Unknown,True,False,
2026-09-25T02:08:01Z,IL,IL00070IE008600051,2026-09-25T02:07:58Z,0,0,Unknown,False,False,
2026-09-25T02:08:01Z,IL,IL00070IW002700015,2026-09-25T02:07:58Z,Unknown,0,Unknown,True,False,
2026-09-25T02:08:01Z,IL,IL00080IE011700043,2026-09-25T02:07:58Z,Unknown,31,Unknown,True,False,
2026-09-25T02:08:01Z,IL,IL00055IS002700019,2026-09-25T02:07:58Z,Unknown,0,Unknown,True,False,
2026-09-25T02:08:01Z,IL,IL00080IW011700016,2026-09-25T02:07:58Z,Unknown,39,Unknown,True,False,
2026-09-25T02:08:01Z,IL,IL00055IN019400031,2026-09-25T02:07:58Z,Unknown,36,Unknown,True,False,
2026-09-25T02:08:01Z,IL,IL00057IS022200054,2026-09-25T02:07:58Z,Unknown,0,Unknown,True,False,
2026-09-25T02:08:01Z,IL,IL00072IW015200014,2026-09-25T02:07:58Z,Unknown,17,Unknown,True,False,
2026-09-25T02:08:01Z,IL,IL00074IW020800052,2026-09-25T02:07:58Z,Unknown,0,Unknown,True,False,
2026-09-25T02:08:01Z,IL,IL00057IN007900034,2026-09-25T02:07:58Z,Unknown,0,Unknown,True,False,
2026-09-25T02:08:01Z,IL,IL00070IE002700042,2026-09-25T02:07:58Z,Unknown,0,Unknown,True,False,
2026-09-25T02:08:01Z,IL,IL00057IN022200048,2026-09-25T02:07:58Z,Unknown,0,Unknown,True,False,
2026-09-25T02:08:01Z,IL,IL00055IS019400021,2026-09-25T02:07:58Z,Unknown,29,Unknown,True,False,
2026-09-25T02:08:01Z,IL,IL00057IS026800022,2026-09-25T02:07:58Z,Unknown,27,Unknown,True,False,
2026-09-25T02:08:01Z,IL,IL00074IE002800030,2026-09-25T02:07:58Z,Unknown,14,Unknown,True,False,
2026-09-25T02:08:01Z,IL,IL00057IS033300046,2026-09-25T02:07:58Z,Unknown,0,Unknown,True,False,
2026-09-25T02:08:01Z,IL,IL00072IE015200041,2026-09-25T02:04:41Z,6,16,STEADY,True,True,
2026-09-25T02:08:01Z,IL,IL00074IW006200004,2026-09-25T02:07:30Z,5,12,STEADY,True,True,
2026-09-25T02:08:01Z,IL,IL00074IE011400005,2026-09-25T02:07:33Z,5,25,STEADY,True,True,
2026-09-25T02:08:01Z,IL,IL00074IW002800020,2026-09-25T02:07:58Z,Unknown,15,Unknown,True,False,
2026-09-25T02:08:01Z,IL,IL00070IW008700045,2026-09-25T02:03:34Z,0,15,STEADY,True,True,
2026-09-25T02:08:01Z,IL,IL00057IS016500018,2026-09-25T02:05:12Z,0,15,FILLING,True,True,
2026-09-25T02:08:01Z,IL,IL00074IW011400006,2026-09-25T02:08:00Z,2,18,STEADY,True,True,
2026-09-25T02:08:01Z,IL,IL00074IE006200001,2026-09-25T02:08:01Z,8,13,STEADY,True,True,
2026-09-25T02:08:01Z,IL,IL00070IW014900008,2026-09-25T02:06:55Z,Unknown,39,Unknown,True,False,
2026-09-25T02:08:01Z,IL,IL00057IN016500044,2026-09-25T02:05:23Z,0,15,STEADY,False,False,
2026-09-25T02:08:01Z,IL,IL00055IS010400024,2026-09-25T02:03:01Z,Unknown,0,STEADY,,False,
2026-09-25T02:08:01Z,IL,IL00057IS003200025,2026-09-25T02:03:01Z,Unknown,0,STEADY,,False,
2026-09-25T02:08:01Z,IL,IL00057IN003200035,2026-09-25T02:03:01Z,Unknown,17,STEADY,,False,
2026-09-25T02:08:01Z,IN,322,2026-09-24T21:55:00-04:00,65,75,,True,false,
2026-09-25T02:08:01Z,IN,317,2026-09-24T21:55:00-04:00,29,58,,True,true,
2026-09-25T02:08:01Z,IN,316,2026-09-24T21:55:00-04:00,5,58,,True,false,
2026-09-25T02:08:01Z,IN,315,2026-09-24T21:55:00-04:00,Unknown,36,,False,true,
2026-09-25T02:08:01Z,IN,314,2026-09-24T21:55:00-04:00,Unknown,36,,False,true,
2026-09-25T02:08:01Z,IN,313,2026-09-24T21:55:00-04:00,44,75,,True,false,
2026-09-25T02:08:01Z,IN,312,2026-09-24T21:55:00-04:00,37,75,,True,false,
2026-09-25T02:08:01Z,IN,311,2026-09-24T21:55:00-04:00,Unknown,13,,False,true,
2026-09-25T02:08:01Z,IN,310,2026-09-24T21:55:00-04:00,Unknown,13,,False,true,
2026-09-25T02:08:01Z,IN,308,2026-09-24T21:55:00-04:00,20,75,,True,true,
2026-09-25T02:08:01Z,IN,309,2026-09-24T21:55:00-04:00,34,150,,True,true,
2026-09-25T02:08:01Z,IN,318,2026-09-24T21:55:00-04:00,LOW,78,,True,true,
2026-09-25T02:08:01Z,IN,319,2026-09-24T21:55:00-04:00,23,78,,True,true,
2026-09-25T02:08:01Z,IN,320,2026-09-24T21:55:00-04:00,24,83,,True,true,
2026-09-25T02:08:01Z,IN,321,2026-09-24T21:55:00-04:00,21,41,,True,false,
2026-09-25T02:08:01Z,IN,300,2026-09-24T21:55:00-04:00,80,128,,True,false,
2026-09-25T02:08:01Z,IN,302,2026-09-24T21:55:00-04:00,30,30,,True,true,
2026-09-25T02:08:01Z,IN,301,2026-09-24T21:55:00-04:00,LOW,30,,True,true,
2026-09-25T02:08:01Z,IN,303,2026-09-24T21:55:00-04:00,60,194,,True,true,
2026-09-25T02:08:01Z,IN,304,2026-09-24T21:55:00-04:00,Unknown,99,,False,true,
2026-09-25T02:08:01Z,IN,305,2026-09-24T21:55:00-04:00,Unknown,156,,False,true,
2026-09-25T02:08:01Z,IN,323,2026-09-24T21:55:00-04:00,20,40,,True,true,
2026-09-25T02:08:01Z,IN,702,2026-09-24T21:55:00-04:00,38,75,,True,false,
2026-09-25T02:08:01Z,IN,701,2026-09-24T21:55:00-04:00,30,60,,True,false,
2026-09-25T02:08:01Z,IN,704,2026-09-24T21:55:00-04:00,40,80,,True,false,
2026-09-25T02:08:01Z,IN,703,2026-09-24T21:55:00-04:00,55,110,,True,false,
2026-09-25T02:08:01Z,IN,706,2026-09-24T21:55:00-04:00,35,70,,True,false,
2026-09-25T02:08:01Z,IN,705,2026-09-24T21:55:00-04:00,30,60,,True,false,
2026-09-25T02:08:01Z,IN,708,2026-09-24T21:55:00-04:00,23,45,,True,false,
2026-09-25T02:08:01Z,IN,707,2026-09-24T21:55:00-04:00,20,40,,True,false,
2026-09-25T02:08:01Z,IN,324,2026-09-24T21:55:00-04:00,16,31,,True,true,
2026-09-25T02:08:01Z,KY,KY00065IS0000020N65WELCOM,2026-09-25T02:07:02Z,8,21,CLEARING,True,True,
2026-09-25T02:08:01Z,KY,KY00065IS000020NSMARATHON,2025-12-19T00:36:53Z,16,60,STEADY,True,False,
2026-09-25T02:08:01Z,KY,KY00065IS0000340NWEIGHS34,2026-07-01T19:04:41Z,35,40,STEADY,True,False,
2026-09-25T02:08:01Z,KY,KY00065IS0011400S65SRA114,2026-09-25T02:07:10Z,LOW,26,STEADY,True,True,
2026-09-25T02:08:01Z,KY,KY00065IS0005900S65SRA059,2026-09-25T02:07:08Z,15,109,STEADY,True,True,
2026-09-25T02:08:01Z,KY,KY00065IS0005900N65NRA059,2026-08-17T17:24:33Z,23,113,STEADY,True,False,
2026-09-25T02:08:01Z,KY,KY00075IS0003300NWEIGHS33,2026-09-25T02:07:16Z,23,50,STEADY,True,False,
2026-09-25T02:08:01Z,KY,KY00075IS0003400SWEIGHS34,2026-09-25T02:06:49Z,LOW,40,STEADY,True,True,
2026-09-25T02:08:01Z,KY,KY00075IS0017700N75NRA177,2026-07-13T10:37:14Z,LOW,53,CLEARING,True,False,
2026-09-25T02:08:01Z,KY,KY00075IS0007500SWALTONWS,2026-09-25T02:06:56Z,17,45,FILLING,True,True,
2026-09-25T02:08:01Z,KY,KY00075IS0017700S75SRA177,2026-09-25T02:07:18Z,LOW,67,CLEARING,True,True,
2026-09-25T02:08:01Z,KY,KY00075IS0016800SCRITENWS,2026-09-25T02:06:52Z,19,39,STEADY,True,True,
2026-09-25T02:08:01Z,KY,KY00075IS0000100N75WELCOM,2026-09-25T02:07:11Z,LOW,30,STEADY,True,False,
2026-09-25T02:08:07Z,IL,IL00055IN014900028,2026-09-25T02:07:57Z,Unknown,0,Unknown,True,False,
2026-09-25T02:08:07Z,IL,IL00057IN026800032,2026-09-25T02:07:57Z,Unknown,25,Unknown,True,False,
2026-09-25T02:08:07Z,IL,IL00055IN010400050,2026-09-25T02:07:57Z,0,0,Unknown,False,False,
2026-09-25T02:08:07Z,IL,IL00074IE015600037,2026-09-25T02:07:57Z,0,0,Unknown,False,False,
2026-09-25T02:08:07Z,IL,IL00064IW008500012,2026-09-25T02:07:57Z,Unknown,0,Unknown,True,False,
2026-09-25T02:08:07Z,IL,IL00080IW005100013,2026-09-25T02:07:57Z,Unknown,47,Unknown,True,False,
2026-09-25T02:08:07Z,IL,IL00074IW015600009,2026-09-25T02:07:57Z,0,0,Unknown,False,False,
2026-09-25T02:08:07Z,IL,IL00057IN033300049,2026-09-25T02:07:57Z,Unknown,0,Unknown,True,False,
2026-09-25T02:08:07Z,IL,IL00039IN008500036,2026-09-25T02:07:57Z,Unknown,42,Unknown,True,False,
2026-09-25T02:08:07Z,IL,IL00024IW003700010,2026-09-25T02:07:57Z,Unknown,0,Unknown,True,False,
2026-09-25T02:08:07Z,IL,IL00064IW002500011,2026-09-25T02:07:57Z,Unknown,0,Unknown,True,False,
2026-09-25T02:08:07Z,IL,IL00064IE008500039,2026-09-25T02:07:57Z,Unknown,0,Unknown,True,False,
2026-09-25T02:08:07Z,IL,IL00064IE002500038,2026-09-25T02:07:57Z,0,0,Unknown,False,False,
2026-09-25T02:08:07Z,IL,IL00055IS006400017,2026-09-25T02:07:57Z,Unknown,0,Unknown,True,False,
2026-09-25T02:08:07Z,IL,IL00064IW013000053,2026-09-25T02:07:57Z,0,0,Unknown,False,False,
2026-09-25T02:08:07Z,IL,IL00057IS011400023,2026-09-25T02:07:57Z,Unknown,0,Unknown,True,False,
2026-09-25T02:08:07Z,IL,IL00057IS007900047,2026-09-25T02:07:57Z,Unknown,0,Unknown,True,False,
2026-09-25T02:08:07Z,IL,IL00080IE005100040,2026-09-25T02:07:57Z,Unknown,39,Unknown,True,False,
2026-09-25T02:08:07Z,IL,IL00039IS008500026,2026-09-25T02:07:57Z,Unknown,42,Unknown,True,False,
2026-09-25T02:08:07Z,IL,IL00057IN011400033,2026-09-25T02:07:57Z,Unknown,0,Unknown,True,False,
2026-09-25T02:08:07Z,IL,IL00055IN006400027,2026-09-25T02:07:58Z,Unknown,0,Unknown,True,False,
2026-09-25T02:08:07Z,IL,IL00055IN002700029,2026-09-25T02:07:58Z,Unknown,0,Unknown,True,False,
2026-09-25T02:08:07Z,IL,IL00070IE008600051,2026-09-25T02:07:58Z,0,0,Unknown,False,False,
2026-09-25T02:08:07Z,IL,IL00070IW002700015,2026-09-25T02:07:58Z,Unknown,0,Unknown,True,False,
2026-09-25T02:08:07Z,IL,IL00080IE011700043,2026-09-25T02:07:58Z,Unknown,31,Unknown,True,False,
2026-09-25T02:08:07Z,IL,IL00055IS002700019,2026-09-25T02:07:58Z,Unknown,0,Unknown,True,False,
2026-09-25T02:08:07Z,IL,IL00080IW011700016,2026-09-25T02:07:58Z,Unknown,39,Unknown,True,False,
2026-09-25T02:08:07Z,IL,IL00055IN019400031,2026-09-25T02:07:58Z,Unknown,36,Unknown,True,False,
2026-09-25T02:08:07Z,IL,IL00057IS022200054,2026-09-25T02:07:58Z,Unknown,0,Unknown,True,False,
2026-09-25T02:08:07Z,IL,IL00072IW015200014,2026-09-25T02:07:58Z,Unknown,17,Unknown,True,False,
2026-09-25T02:08:07Z,IL,IL00074IW020800052,2026-09-25T02:07:58Z,Unknown,0,Unknown,True,False,
2026-09-25T02:08:07Z,IL,IL00057IN007900034,2026-09-25T02:07:58Z,Unknown,0,Unknown,True,False,
2026-09-25T02:08:07Z,IL,IL00070IE002700042,2026-09-25T02:07:58Z,Unknown,0,Unknown,True,False,
2026-09-25T02:08:07Z,IL,IL00057IN022200048,2026-09-25T02:07:58Z,Unknown,0,Unknown,True,False,
2026-09-25T02:08:07Z,IL,IL00055IS019400021,2026-09-25T02:07:58Z,Unknown,29,Unknown,True,False,
2026-09-25T02:08:07Z,IL,IL00057IS026800022,2026-09-25T02:07:58Z,Unknown,27,Unknown,True,False,
2026-09-25T02:08:07Z,IL,IL00074IE002800030,2026-09-25T02:07:58Z,Unknown,14,Unknown,True,False,
2026-09-25T02:08:07Z,IL,IL00057IS033300046,2026-09-25T02:07:58Z,Unknown,0,Unknown,True,False,
2026-09-25T02:08:07Z,IL,IL00072IE015200041,2026-09-25T02:04:41Z,6,16,STEADY,True,True,
2026-09-25T02:08:07Z,IL,IL00074IW006200004,2026-09-25T02:07:30Z,5,12,STEADY,True,True,
2026-09-25T02:08:07Z,IL,IL00074IE011400005,2026-09-25T02:07:33Z,5,25,STEADY,True,True,
2026-09-25T02:08:07Z,IL,IL00074IW002800020,2026-09-25T02:07:58Z,Unknown,15,Unknown,True,False,
2026-09-25T02:08:07Z,IL,IL00070IW008700045,2026-09-25T02:03:34Z,0,15,STEADY,True,True,
2026-09-25T02:08:07Z,IL,IL00057IS016500018,2026-09-25T02:05:12Z,0,15,FILLING,True,True,
2026-09-25T02:08:07Z,IL,IL00074IW011400006,2026-09-25T02:08:00Z,2,18,STEADY,True,True,
2026-09-25T02:08:07Z,IL,IL00074IE006200001,2026-09-25T02:08:01Z,8,13,STEADY,True,True,
2026-09-25T02:08:07Z,IL,IL00070IW014900008,2026-09-25T02:06:55Z,Unknown,39,Unknown,True,False,
2026-09-25T02:08:07Z,IL,IL00057IN016500044,2026-09-25T02:05:23Z,0,15,STEADY,False,False,
2026-09-25T02:08:07Z,IL,IL00055IS010400024,2026-09-25T02:03:01Z,Unknown,0,STEADY,,False,
2026-09-25T02:08:07Z,IL,IL00057IS003200025,2026-09-25T02:03:01Z,Unknown,0,STEADY,,False,
2026-09-25T02:08:07Z,IL,IL00057IN003200035,2026-09-25T02:03:01Z,Unknown,17,STEADY,,False,
2026-09-25T02:08:07Z,IN,322,2026-09-24T21:55:00-04:00,65,75,,True,false,
2026-09-25T02:08:07Z,IN,317,2026-09-24T21:55:00-04:00,29,58,,True,true,
2026-09-25T02:08:07Z,IN,316,2026-09-24T21:55:00-04:00,5,58,,True,false,
2026-09-25T02:08:07Z,IN,315,2026-09-24T21:55:00-04:00,Unknown,36,,False,true,
2026-09-25T02:08:07Z,IN,314,2026-09-24T21:55:00-04:00,Unknown,36,,False,true,
2026-09-25T02:08:07Z,IN,313,2026-09-24T21:55:00-04:00,44,75,,True,false,
2026-09-25T02:08:07Z,IN,312,2026-09-24T21:55:00-04:00,37,75,,True,false,
2026-09-25T02:08:07Z,IN,311,2026-09-24T21:55:00-04:00,Unknown,13,,False,true,
2026-09-25T02:08:07Z,IN,310,2026-09-24T21:55:00-04:00,Unknown,13,,False,true,
2026-09-25T02:08:07Z,IN,308,2026-09-24T21:55:00-04:00,20,75,,True,true,
2026-09-25T02:08:07Z,IN,309,2026-09-24T21:55:00-04:00,34,150,,True,true,
2026-09-25T02:08:07Z,IN,318,2026-09-24T21:55:00-04:00,LOW,78,,True,true,
2026-09-25T02:08:07Z,IN,319,2026-09-24T21:55:00-04:00,23,78,,True,true,
2026-09-25T02:08:07Z,IN,320,2026-09-24T21:55:00-04:00,24,83,,True,true,
2026-09-25T02:08:07Z,IN,321,2026-09-24T21:55:00-04:00,21,41,,True,false,
2026-09-25T02:08:07Z,IN,300,2026-09-24T21:55:00-04:00,80,128,,True,false,
2026-09-25T02:08:07Z,IN,302,2026-09-24T21:55:00-04:00,30,30,,True,true,
2026-09-25T02:08:07Z,IN,301,2026-09-24T21:55:00-04:00,LOW,30,,True,true,
2026-09-25T02:08:07Z,IN,303,2026-09-24T21:55:00-04:00,60,194,,True,true,
2026-09-25T02:08:07Z,IN,304,2026-09-24T21:55:00-04:00,Unknown,99,,False,true,
2026-09-25T02:08:07Z,IN,305,2026-09-24T21:55:00-04:00,Unknown,156,,False,true,
2026-09-25T02:08:07Z,IN,323,2026-09-24T21:55:00-04:00,20,40,,True,true,
2026-09-25T02:08:07Z,IN,702,2026-09-24T21:55:00-04:00,38,75,,True,false,
2026-09-25T02:08:07Z,IN,701,2026-09-24T21:55:00-04:00,30,60,,True,false,
2026-09-25T02:08:07Z,IN,704,2026-09-24T21:55:00-04:00,40,80,,True,false,
2026-09-25T02:08:07Z,IN,703,2026-09-24T21:55:00-04:00,55,110,,True,false,
2026-09-25T02:08:07Z,IN,706,2026-09-24T21:55:00-04:00,35,70,,True,false,
2026-09-25T02:08:07Z,IN,705,2026-09-24T21:55:00-04:00,30,60,,True,false,
2026-09-25T02:08:07Z,IN,708,2026-09-24T21:55:00-04:00,23,45,,True,false,
2026-09-25T02:08:07Z,IN,707,2026-09-24T21:55:00-04:00,20,40,,True,false,
2026-09-25T02:08:07Z,IN,324,2026-09-24T21:55:00-04:00,16,31,,True,true,
2026-09-25T02:08:07Z,KY,KY00065IS0000020N65WELCOM,2026-09-25T02:07:02Z,8,21,CLEARING,True,True,
2026-09-25T02:08:07Z,KY,KY00065IS000020NSMARATHON,2025-12-19T00:36:53Z,16,60,STEADY,True,False,
2026-09-25T02:08:07Z,KY,KY00065IS0000340NWEIGHS34,2026-07-01T19:04:41Z,35,40,STEADY,True,False,
2026-09-25T02:08:07Z,KY,KY00065IS0011400S65SRA114,2026-09-25T02:07:10Z,LOW,26,STEADY,True,True,
2026-09-25T02:08:07Z,KY,KY00065IS0005900S65SRA059,2026-09-25T02:07:08Z,15,109,STEADY,True,True,
2026-09-25T02:08:07Z,KY,KY00065IS0005900N65NRA059,2026-08-17T17:24:33Z,23,113,STEADY,True,False,
2026-09-25T02:08:07Z,KY,KY00075IS0003300NWEIGHS33,2026-09-25T02:07:16Z,23,50,STEADY,True,False,
2026-09-25T02:08:07Z,KY,KY00075IS0003400SWEIGHS34,2026-09-25T02:06:49Z,LOW,40,STEADY,True,True,
2026-09-25T02:08:07Z,KY,KY00075IS0017700N75NRA177,2026-07-13T10:37:14Z,LOW,53,CLEARING,True,False,
2026-09-25T02:08:07Z,KY,KY00075IS0007500SWALTONWS,2026-09-25T02:06:56Z,17,45,FILLING,True,True,
2026-09-25T02:08:07Z,KY,KY00075IS0017700S75SRA177,2026-09-25T02:07:18Z,LOW,67,CLEARING,True,True,
2026-09-25T02:08:07Z,KY,KY00075IS0016800SCRITENWS,2026-09-25T02:06:52Z,19,39,STEADY,True,True,
2026-09-25T02:08:07Z,KY,KY00075IS0000100N75WELCOM,2026-09-25T02:07:11Z,LOW,30,STEADY,True,False,
