polled_at_utc,state,site_id,lat,lng,temp_f,short_forecast,precip_pct,wind_mph,snow,ice,is_rain,is_heavy_rain,state_severe_alert,m_weather_delta
2026-08-03T00:10:16Z,IL,IL00080IE005100040,41.3938,-89.5665,77,Partly Cloudy,0,10,False,False,False,False,True,0.2
2026-08-03T00:10:16Z,IL,IL00055IN006400027,39.3465,-89.6408,78,Mostly Clear,0,10,False,False,False,False,True,0.2
2026-08-03T00:10:16Z,IL,IL00057IS022200054,39.9314,-88.3043,78,Partly Cloudy,14,13,False,False,False,False,True,0.2
2026-08-03T00:10:16Z,IL,IL00039IN008500036,41.7236,-89.0062,75,Partly Cloudy,1,10,False,False,False,False,True,0.2
2026-08-03T00:10:16Z,IL,IL00057IN007900034,38.0297,-88.9203,80,Slight Chance Drizzle,12,5,False,False,True,False,True,0.2
2026-08-03T00:10:16Z,IL,IL00074IW020800052,40.1298,-87.7441,77,Partly Cloudy,14,13,False,False,False,False,True,0.2
2026-08-03T00:10:16Z,IL,IL00074IE015600037,40.2732,-88.6762,78,Mostly Cloudy,14,13,False,False,False,False,True,0.2
2026-08-03T00:10:16Z,IL,IL00055IN002700029,38.8649,-89.8532,80,Mostly Clear,0,12,False,False,False,False,True,0.2
2026-08-03T00:10:16Z,IL,IL00057IN022200048,39.9218,-88.299,78,Partly Cloudy,14,13,False,False,False,False,True,0.2
2026-08-03T00:10:16Z,IL,IL00064IE002500038,38.5481,-89.7731,80,Mostly Clear,0,12,False,False,False,False,True,0.2
2026-08-03T00:10:16Z,IL,IL00064IW013000053,38.2322,-87.9882,77,Slight Chance Showers And Thunderstorms,20,6,False,False,True,True,True,0.2
2026-08-03T00:10:16Z,IL,IL00072IW015200014,39.9888,-88.7852,79,Partly Cloudy,14,14,False,False,False,False,True,0.2
2026-08-03T00:10:16Z,IL,IL00055IN010400050,39.8627,-89.5948,80,Partly Cloudy,6,10,False,False,False,False,True,0.2
2026-08-03T00:10:16Z,IL,IL00074IW002800020,41.2141,-90.3308,77,Mostly Clear,0,10,False,False,False,False,True,0.2
2026-08-03T00:10:16Z,IL,IL00074IE002800030,41.2334,-90.333,77,Mostly Clear,0,10,False,False,False,False,True,0.2
2026-08-03T00:10:16Z,IL,IL00070IW002700015,38.7884,-89.6889,79,Mostly Clear,0,12,False,False,False,False,True,0.2
2026-08-03T00:10:16Z,IL,IL00064IW008500012,38.2766,-88.8012,78,Slight Chance Drizzle,10,8,False,False,True,False,True,0.2
2026-08-03T00:10:16Z,IL,IL00064IE008500039,38.273,-88.8496,79,Slight Chance Drizzle,10,7,False,False,True,False,True,0.2
2026-08-03T00:10:16Z,IL,IL00074IW015600009,40.2711,-88.6701,78,Partly Cloudy,14,13,False,False,False,False,True,0.2
2026-08-03T00:10:16Z,IL,IL00055IN014900028,40.3599,-89.1099,79,Mostly Cloudy,14,12,False,False,False,False,True,0.2
2026-08-03T00:10:16Z,IL,IL00057IS026800022,40.5613,-88.0615,76,Partly Cloudy,0,10,False,False,False,False,True,0.2
2026-08-03T00:10:16Z,IL,IL00057IS011400023,38.5965,-88.9677,80,Partly Cloudy,1,12,False,False,False,False,True,0.2
2026-08-03T00:10:16Z,IL,IL00055IS019400021,40.8371,-88.6833,76,Partly Cloudy,0,10,False,False,False,False,True,0.2
2026-08-03T00:10:16Z,IL,IL00024IW003700010,37.1593,-88.6798,75,Slight Chance Showers And Thunderstorms,21,6,False,False,True,True,True,0.2
2026-08-03T00:10:16Z,IL,IL00057IS007900047,38.0962,-88.9138,79,Slight Chance Drizzle,11,5,False,False,True,False,True,0.2
2026-08-03T00:10:16Z,IL,IL00057IN033300049,41.3892,-87.7729,73,Partly Cloudy,0,15,False,False,False,False,True,0.2
2026-08-03T00:10:16Z,IL,IL00064IW002500011,38.5491,-89.7633,79,Mostly Clear,0,13,False,False,False,False,True,0.2
2026-08-03T00:10:16Z,IL,IL00055IS006400017,39.3523,-89.6447,78,Mostly Clear,0,10,False,False,False,False,True,0.2
2026-08-03T00:10:16Z,IL,IL00080IW005100013,41.3937,-89.5591,78,Mostly Clear,0,10,False,False,False,False,True,0.2
2026-08-03T00:10:16Z,IL,IL00070IE008600051,39.0651,-88.6745,79,Partly Cloudy,14,10,False,False,False,False,True,0.2
2026-08-03T00:10:16Z,IL,IL00057IN026800032,40.5505,-88.0605,76,Partly Cloudy,0,10,False,False,False,False,True,0.2
2026-08-03T00:10:16Z,IL,IL00070IE002700042,38.7849,-89.7023,79,Mostly Clear,0,12,False,False,False,False,True,0.2
2026-08-03T00:10:16Z,IL,IL00080IE011700043,41.4314,-88.3454,77,Partly Cloudy,0,10,False,False,False,False,True,0.2
2026-08-03T00:10:16Z,IL,IL00080IW011700016,41.4473,-88.3285,76,Partly Cloudy,0,10,False,False,False,False,True,0.2
2026-08-03T00:10:16Z,IL,IL00039IS008500026,41.7285,-89.0105,75,Partly Cloudy,1,10,False,False,False,False,True,0.2
2026-08-03T00:10:16Z,IL,IL00055IS002700019,38.8723,-89.8511,80,Mostly Clear,0,12,False,False,False,False,True,0.2
2026-08-03T00:10:16Z,IL,IL00057IS033300046,41.3918,-87.7749,73,Partly Cloudy,0,15,False,False,False,False,True,0.2
2026-08-03T00:10:16Z,IL,IL00072IE015200041,39.9923,-88.7827,79,Partly Cloudy,14,14,False,False,False,False,True,0.2
2026-08-03T00:10:16Z,IL,IL00074IW006200004,40.8802,-90.0895,77,Partly Cloudy,1,8,False,False,False,False,True,0.2
2026-08-03T00:10:16Z,IL,IL00055IN019400031,40.8234,-88.6875,76,Partly Cloudy,0,10,False,False,False,False,True,0.2
2026-08-03T00:10:16Z,IL,IL00057IN011400033,38.5963,-88.9638,80,Partly Cloudy,1,12,False,False,False,False,True,0.2
2026-08-03T00:10:16Z,IL,IL00070IW008700045,39.0679,-88.6704,79,Partly Cloudy,14,10,False,False,False,False,True,0.2
2026-08-03T00:10:16Z,IL,IL00057IS016500018,39.1993,-88.502,80,Partly Cloudy,14,12,False,False,False,False,True,0.2
2026-08-03T00:10:16Z,IL,IL00074IE011400005,40.6125,-89.245,78,Partly Cloudy,5,10,False,False,False,False,True,0.2
2026-08-03T00:10:16Z,IL,IL00074IW011400006,40.6111,-89.2323,78,Partly Cloudy,5,10,False,False,False,False,True,0.2
2026-08-03T00:10:16Z,IL,IL00074IE006200001,40.8788,-90.0936,77,Partly Cloudy,1,8,False,False,False,False,True,0.2
2026-08-03T00:10:16Z,IL,IL00070IW014900008,39.4228,-87.6617,79,Partly Cloudy,14,13,False,False,False,False,True,0.2
2026-08-03T00:10:16Z,IL,IL00057IN016500044,39.1898,-88.5031,80,Partly Cloudy,14,12,False,False,False,False,True,0.2
2026-08-03T00:10:16Z,IL,IL00055IS010400024,39.8871,-89.5966,79,Partly Cloudy,6,10,False,False,False,False,True,0.2
2026-08-03T00:10:16Z,IL,IL00057IS003200025,37.4699,-89.1329,77,Slight Chance Drizzle,13,5,False,False,True,False,True,0.2
2026-08-03T00:10:16Z,IL,IL00057IN003200035,37.4661,-89.1324,77,Slight Chance Drizzle,13,5,False,False,True,False,True,0.2
2026-08-03T00:10:16Z,IN,322,38.195,-87.8597,76,Slight Chance Showers And Thunderstorms,21,6,False,False,True,True,False,0.1
2026-08-03T00:10:16Z,IN,317,38.5852,-85.7768,76,Chance Showers And Thunderstorms,32,5,False,False,True,True,False,0.1
2026-08-03T00:10:16Z,IN,316,38.5859,-85.7809,76,Chance Showers And Thunderstorms,32,5,False,False,True,True,False,0.1
2026-08-03T00:10:16Z,IN,315,39.2602,-85.9521,75,Isolated Rain Showers,20,9,False,False,True,False,False,0.05
2026-08-03T00:10:16Z,IN,314,39.2767,-85.9569,75,Isolated Rain Showers,20,8,False,False,True,False,False,0.05
2026-08-03T00:10:16Z,IN,313,40.1578,-86.5387,74,Isolated Rain Showers,24,13,False,False,True,False,False,0.05
2026-08-03T00:10:16Z,IN,312,40.1722,-86.5522,75,Isolated Rain Showers,24,13,False,False,True,False,False,0.05
2026-08-03T00:10:16Z,IN,311,40.6992,-87.0628,76,Mostly Cloudy,8,15,False,False,False,False,False,0.0
2026-08-03T00:10:16Z,IN,310,40.6984,-87.0646,76,Mostly Cloudy,8,15,False,False,False,False,False,0.0
2026-08-03T00:10:16Z,IN,308,41.1653,-87.271,73,Partly Cloudy,1,15,False,False,False,False,False,0.0
2026-08-03T00:10:16Z,IN,309,41.1666,-87.2749,73,Partly Cloudy,1,15,False,False,False,False,False,0.0
2026-08-03T00:10:16Z,IN,318,40.3543,-85.5576,74,Isolated Rain Showers,19,9,False,False,True,False,False,0.05
2026-08-03T00:10:16Z,IN,319,40.3569,-85.56,74,Isolated Rain Showers,19,9,False,False,True,False,False,0.05
2026-08-03T00:10:16Z,IN,320,41.2963,-85.0863,78,Slight Chance Rain Showers,17,10,False,False,True,False,False,0.05
2026-08-03T00:10:16Z,IN,321,41.5803,-85.0597,77,Slight Chance Rain Showers,16,10,False,False,True,False,False,0.05
2026-08-03T00:10:16Z,IN,300,39.4417,-87.5002,77,Isolated Rain Showers,15,13,False,False,True,False,False,0.05
2026-08-03T00:10:16Z,IN,302,39.6517,-86.3967,76,Isolated Rain Showers,22,10,False,False,True,False,False,0.05
2026-08-03T00:10:16Z,IN,301,39.6541,-86.4005,76,Isolated Rain Showers,22,10,False,False,True,False,False,0.05
2026-08-03T00:10:16Z,IN,303,39.8243,-85.7039,74,Isolated Rain Showers,19,10,False,False,True,False,False,0.05
2026-08-03T00:10:16Z,IN,304,39.8266,-85.704,74,Isolated Rain Showers,19,10,False,False,True,False,False,0.05
2026-08-03T00:10:16Z,IN,305,39.8605,-85.0259,74,Chance Showers And Thunderstorms,26,8,False,False,True,True,False,0.1
2026-08-03T00:10:16Z,IN,323,39.29,-85.1688,75,Chance Showers And Thunderstorms,44,6,False,False,True,True,False,0.1
2026-08-03T00:10:16Z,IN,702,41.7472,-85.3285,77,Slight Chance Rain Showers,16,10,False,False,True,False,False,0.05
2026-08-03T00:10:16Z,IN,701,41.5889,-87.2173,70,Partly Cloudy,0,20,False,False,False,False,False,0.0
2026-08-03T00:10:16Z,IN,704,41.7058,-86.6212,69,Mostly Cloudy,5,15,False,False,False,False,False,0.0
2026-08-03T00:10:16Z,IN,703,41.7071,-86.6235,69,Mostly Cloudy,5,15,False,False,False,False,False,0.0
2026-08-03T00:10:16Z,IN,705,41.733,-86.0057,76,Slight Chance Rain Showers,16,10,False,False,True,False,False,0.05
2026-08-03T00:10:16Z,IN,708,41.7472,-85.3285,77,Slight Chance Rain Showers,16,10,False,False,True,False,False,0.05
2026-08-03T00:10:16Z,IN,707,41.7453,-85.3287,77,Slight Chance Rain Showers,16,10,False,False,True,False,False,0.05
2026-08-03T00:10:16Z,IN,324,41.7353,-86.7933,68,Partly Cloudy,3,15,False,False,False,False,False,0.0
2026-08-03T00:10:16Z,KY,KY00065IS0000020N65WELCOM,36.6434,-86.5687,77,Chance Showers And Thunderstorms,53,10,False,False,True,True,False,0.1
2026-08-03T00:10:16Z,KY,KY00065IS000020NSMARATHON,36.6612,-86.5553,77,Chance Showers And Thunderstorms,54,9,False,False,True,True,False,0.1
2026-08-03T00:10:16Z,KY,KY00065IS0000340NWEIGHS34,36.6868,-86.5379,78,Chance Showers And Thunderstorms,54,8,False,False,True,True,False,0.1
2026-08-03T00:10:16Z,KY,KY00065IS0011400S65SRA114,37.9464,-85.6905,78,Chance Showers And Thunderstorms,33,5,False,False,True,True,False,0.1
2026-08-03T00:10:16Z,KY,KY00065IS0005900S65SRA059,37.239,-85.9297,76,Chance Showers And Thunderstorms,45,3,False,False,True,True,False,0.1
2026-08-03T00:10:16Z,KY,KY00065IS0005900N65NRA059,37.2384,-85.9271,76,Chance Showers And Thunderstorms,45,3,False,False,True,True,False,0.1
2026-08-03T00:10:16Z,KY,KY00075IS0003300NWEIGHS33,37.0422,-84.0968,76,Chance Showers And Thunderstorms,30,6,False,False,True,True,False,0.1
2026-08-03T00:10:16Z,KY,KY00075IS0003400SWEIGHS34,37.048,-84.0997,76,Chance Showers And Thunderstorms,30,6,False,False,True,True,False,0.1
2026-08-03T00:10:16Z,KY,KY00075IS0017700N75NRA177,38.937,-84.6309,75,Showers And Thunderstorms Likely,57,5,False,False,True,True,False,0.1
2026-08-03T00:10:16Z,KY,KY00075IS0007500SWALTONWS,38.8653,-84.6476,77,Showers And Thunderstorms Likely,58,3,False,False,True,True,False,0.1
2026-08-03T00:10:16Z,KY,KY00075IS0017700S75SRA177,38.9388,-84.6339,75,Showers And Thunderstorms Likely,57,5,False,False,True,True,False,0.1
2026-08-03T00:10:16Z,KY,KY00075IS0016800SCRITENWS,38.8196,-84.6015,77,Showers And Thunderstorms Likely,56,3,False,False,True,True,False,0.1
2026-08-03T00:10:16Z,KY,KY00075IS0000100N75WELCOM,36.6162,-84.1054,77,Chance Showers And Thunderstorms,28,3,False,False,True,True,False,0.1
2026-08-03T00:26:49Z,IL,IL00080IE005100040,41.3938,-89.5665,77,Partly Cloudy,0,10,False,False,False,False,True,0.2
2026-08-03T00:26:49Z,IL,IL00055IN006400027,39.3465,-89.6408,78,Mostly Clear,0,10,False,False,False,False,True,0.2
2026-08-03T00:26:49Z,IL,IL00057IS022200054,39.9314,-88.3043,78,Partly Cloudy,14,13,False,False,False,False,True,0.2
2026-08-03T00:26:49Z,IL,IL00039IN008500036,41.7236,-89.0062,75,Partly Cloudy,1,10,False,False,False,False,True,0.2
2026-08-03T00:26:49Z,IL,IL00057IN007900034,38.0297,-88.9203,80,Slight Chance Drizzle,12,5,False,False,True,False,True,0.2
2026-08-03T00:26:49Z,IL,IL00074IW020800052,40.1298,-87.7441,77,Partly Cloudy,14,13,False,False,False,False,True,0.2
2026-08-03T00:26:49Z,IL,IL00074IE015600037,40.2732,-88.6762,78,Mostly Cloudy,14,13,False,False,False,False,True,0.2
2026-08-03T00:26:49Z,IL,IL00055IN002700029,38.8649,-89.8532,80,Mostly Clear,0,12,False,False,False,False,True,0.2
2026-08-03T00:26:49Z,IL,IL00057IN022200048,39.9218,-88.299,78,Partly Cloudy,14,13,False,False,False,False,True,0.2
2026-08-03T00:26:49Z,IL,IL00064IE002500038,38.5481,-89.7731,80,Mostly Clear,0,12,False,False,False,False,True,0.2
2026-08-03T00:26:49Z,IL,IL00064IW013000053,38.2322,-87.9882,77,Slight Chance Showers And Thunderstorms,20,6,False,False,True,True,True,0.2
2026-08-03T00:26:49Z,IL,IL00072IW015200014,39.9888,-88.7852,79,Partly Cloudy,14,14,False,False,False,False,True,0.2
2026-08-03T00:26:49Z,IL,IL00055IN010400050,39.8627,-89.5948,80,Partly Cloudy,6,10,False,False,False,False,True,0.2
2026-08-03T00:26:49Z,IL,IL00074IW002800020,41.2141,-90.3308,77,Mostly Clear,0,10,False,False,False,False,True,0.2
2026-08-03T00:26:49Z,IL,IL00074IE002800030,41.2334,-90.333,77,Mostly Clear,0,10,False,False,False,False,True,0.2
2026-08-03T00:26:49Z,IL,IL00070IW002700015,38.7884,-89.6889,79,Mostly Clear,0,12,False,False,False,False,True,0.2
2026-08-03T00:26:49Z,IL,IL00064IW008500012,38.2766,-88.8012,78,Slight Chance Drizzle,10,8,False,False,True,False,True,0.2
2026-08-03T00:26:49Z,IL,IL00064IE008500039,38.273,-88.8496,79,Slight Chance Drizzle,10,7,False,False,True,False,True,0.2
2026-08-03T00:26:49Z,IL,IL00074IW015600009,40.2711,-88.6701,78,Partly Cloudy,14,13,False,False,False,False,True,0.2
2026-08-03T00:26:49Z,IL,IL00055IN014900028,40.3599,-89.1099,79,Mostly Cloudy,14,12,False,False,False,False,True,0.2
2026-08-03T00:26:49Z,IL,IL00057IS026800022,40.5613,-88.0615,76,Partly Cloudy,0,10,False,False,False,False,True,0.2
2026-08-03T00:26:49Z,IL,IL00057IS011400023,38.5965,-88.9677,80,Partly Cloudy,1,12,False,False,False,False,True,0.2
2026-08-03T00:26:49Z,IL,IL00055IS019400021,40.8371,-88.6833,76,Partly Cloudy,0,10,False,False,False,False,True,0.2
2026-08-03T00:26:49Z,IL,IL00024IW003700010,37.1593,-88.6798,75,Slight Chance Showers And Thunderstorms,21,6,False,False,True,True,True,0.2
2026-08-03T00:26:49Z,IL,IL00057IS007900047,38.0962,-88.9138,79,Slight Chance Drizzle,11,5,False,False,True,False,True,0.2
2026-08-03T00:26:49Z,IL,IL00057IN033300049,41.3892,-87.7729,73,Partly Cloudy,0,15,False,False,False,False,True,0.2
2026-08-03T00:26:49Z,IL,IL00064IW002500011,38.5491,-89.7633,79,Mostly Clear,0,13,False,False,False,False,True,0.2
2026-08-03T00:26:49Z,IL,IL00055IS006400017,39.3523,-89.6447,78,Mostly Clear,0,10,False,False,False,False,True,0.2
2026-08-03T00:26:49Z,IL,IL00080IW005100013,41.3937,-89.5591,78,Mostly Clear,0,10,False,False,False,False,True,0.2
2026-08-03T00:26:49Z,IL,IL00070IE008600051,39.0651,-88.6745,79,Partly Cloudy,14,10,False,False,False,False,True,0.2
2026-08-03T00:26:49Z,IL,IL00057IN026800032,40.5505,-88.0605,76,Partly Cloudy,0,10,False,False,False,False,True,0.2
2026-08-03T00:26:49Z,IL,IL00070IE002700042,38.7849,-89.7023,79,Mostly Clear,0,12,False,False,False,False,True,0.2
2026-08-03T00:26:49Z,IL,IL00080IE011700043,41.4314,-88.3454,77,Partly Cloudy,0,10,False,False,False,False,True,0.2
2026-08-03T00:26:49Z,IL,IL00080IW011700016,41.4473,-88.3285,76,Partly Cloudy,0,10,False,False,False,False,True,0.2
2026-08-03T00:26:49Z,IL,IL00039IS008500026,41.7285,-89.0105,75,Partly Cloudy,1,10,False,False,False,False,True,0.2
2026-08-03T00:26:49Z,IL,IL00055IS002700019,38.8723,-89.8511,80,Mostly Clear,0,12,False,False,False,False,True,0.2
2026-08-03T00:26:49Z,IL,IL00057IS033300046,41.3918,-87.7749,73,Partly Cloudy,0,15,False,False,False,False,True,0.2
2026-08-03T00:26:49Z,IL,IL00072IE015200041,39.9923,-88.7827,79,Partly Cloudy,14,14,False,False,False,False,True,0.2
2026-08-03T00:26:49Z,IL,IL00074IW006200004,40.8802,-90.0895,77,Partly Cloudy,1,8,False,False,False,False,True,0.2
2026-08-03T00:26:49Z,IL,IL00055IN019400031,40.8234,-88.6875,76,Partly Cloudy,0,10,False,False,False,False,True,0.2
2026-08-03T00:26:49Z,IL,IL00057IN011400033,38.5963,-88.9638,80,Partly Cloudy,1,12,False,False,False,False,True,0.2
2026-08-03T00:26:49Z,IL,IL00070IW008700045,39.0679,-88.6704,79,Partly Cloudy,14,10,False,False,False,False,True,0.2
2026-08-03T00:26:49Z,IL,IL00057IS016500018,39.1993,-88.502,80,Partly Cloudy,14,12,False,False,False,False,True,0.2
2026-08-03T00:26:49Z,IL,IL00074IE011400005,40.6125,-89.245,78,Partly Cloudy,5,10,False,False,False,False,True,0.2
2026-08-03T00:26:49Z,IL,IL00074IW011400006,40.6111,-89.2323,78,Partly Cloudy,5,10,False,False,False,False,True,0.2
2026-08-03T00:26:49Z,IL,IL00074IE006200001,40.8788,-90.0936,77,Partly Cloudy,1,8,False,False,False,False,True,0.2
2026-08-03T00:26:49Z,IL,IL00070IW014900008,39.4228,-87.6617,79,Partly Cloudy,14,13,False,False,False,False,True,0.2
2026-08-03T00:26:49Z,IL,IL00057IN016500044,39.1898,-88.5031,80,Partly Cloudy,14,12,False,False,False,False,True,0.2
2026-08-03T00:26:49Z,IL,IL00055IS010400024,39.8871,-89.5966,79,Partly Cloudy,6,10,False,False,False,False,True,0.2
2026-08-03T00:26:49Z,IL,IL00057IS003200025,37.4699,-89.1329,77,Slight Chance Drizzle,13,5,False,False,True,False,True,0.2
2026-08-03T00:26:49Z,IL,IL00057IN003200035,37.4661,-89.1324,77,Slight Chance Drizzle,13,5,False,False,True,False,True,0.2
2026-08-03T00:26:49Z,IN,322,38.195,-87.8597,76,Slight Chance Showers And Thunderstorms,21,6,False,False,True,True,False,0.1
2026-08-03T00:26:49Z,IN,317,38.5852,-85.7768,76,Chance Showers And Thunderstorms,32,5,False,False,True,True,False,0.1
2026-08-03T00:26:49Z,IN,316,38.5859,-85.7809,76,Chance Showers And Thunderstorms,32,5,False,False,True,True,False,0.1
2026-08-03T00:26:49Z,IN,315,39.2602,-85.9521,75,Isolated Rain Showers,20,9,False,False,True,False,False,0.05
2026-08-03T00:26:49Z,IN,314,39.2767,-85.9569,75,Isolated Rain Showers,20,8,False,False,True,False,False,0.05
2026-08-03T00:26:49Z,IN,313,40.1578,-86.5387,74,Isolated Rain Showers,24,13,False,False,True,False,False,0.05
2026-08-03T00:26:49Z,IN,312,40.1722,-86.5522,75,Isolated Rain Showers,24,13,False,False,True,False,False,0.05
2026-08-03T00:26:49Z,IN,311,40.6992,-87.0628,76,Mostly Cloudy,8,15,False,False,False,False,False,0.0
2026-08-03T00:26:49Z,IN,310,40.6984,-87.0646,76,Mostly Cloudy,8,15,False,False,False,False,False,0.0
2026-08-03T00:26:49Z,IN,308,41.1653,-87.271,73,Partly Cloudy,1,15,False,False,False,False,False,0.0
2026-08-03T00:26:49Z,IN,309,41.1666,-87.2749,73,Partly Cloudy,1,15,False,False,False,False,False,0.0
2026-08-03T00:26:49Z,IN,318,40.3543,-85.5576,74,Isolated Rain Showers,19,9,False,False,True,False,False,0.05
2026-08-03T00:26:49Z,IN,319,40.3569,-85.56,74,Isolated Rain Showers,19,9,False,False,True,False,False,0.05
2026-08-03T00:26:49Z,IN,320,41.2963,-85.0863,78,Slight Chance Rain Showers,17,10,False,False,True,False,False,0.05
2026-08-03T00:26:49Z,IN,321,41.5803,-85.0597,77,Slight Chance Rain Showers,16,10,False,False,True,False,False,0.05
2026-08-03T00:26:49Z,IN,300,39.4417,-87.5002,77,Isolated Rain Showers,15,13,False,False,True,False,False,0.05
2026-08-03T00:26:49Z,IN,302,39.6517,-86.3967,76,Isolated Rain Showers,22,10,False,False,True,False,False,0.05
2026-08-03T00:26:49Z,IN,301,39.6541,-86.4005,76,Isolated Rain Showers,22,10,False,False,True,False,False,0.05
2026-08-03T00:26:49Z,IN,303,39.8243,-85.7039,74,Isolated Rain Showers,19,10,False,False,True,False,False,0.05
2026-08-03T00:26:49Z,IN,304,39.8266,-85.704,74,Isolated Rain Showers,19,10,False,False,True,False,False,0.05
2026-08-03T00:26:49Z,IN,305,39.8605,-85.0259,74,Chance Showers And Thunderstorms,26,8,False,False,True,True,False,0.1
2026-08-03T00:26:49Z,IN,323,39.29,-85.1688,75,Chance Showers And Thunderstorms,44,6,False,False,True,True,False,0.1
2026-08-03T00:26:49Z,IN,702,41.7472,-85.3285,77,Slight Chance Rain Showers,16,10,False,False,True,False,False,0.05
2026-08-03T00:26:49Z,IN,701,41.5889,-87.2173,70,Partly Cloudy,0,20,False,False,False,False,False,0.0
2026-08-03T00:26:49Z,IN,704,41.7058,-86.6212,69,Mostly Cloudy,5,15,False,False,False,False,False,0.0
2026-08-03T00:26:49Z,IN,703,41.7071,-86.6235,69,Mostly Cloudy,5,15,False,False,False,False,False,0.0
2026-08-03T00:26:49Z,IN,705,41.733,-86.0057,76,Slight Chance Rain Showers,16,10,False,False,True,False,False,0.05
2026-08-03T00:26:49Z,IN,708,41.7472,-85.3285,77,Slight Chance Rain Showers,16,10,False,False,True,False,False,0.05
2026-08-03T00:26:49Z,IN,707,41.7453,-85.3287,77,Slight Chance Rain Showers,16,10,False,False,True,False,False,0.05
2026-08-03T00:26:49Z,IN,324,41.7353,-86.7933,68,Partly Cloudy,3,15,False,False,False,False,False,0.0
2026-08-03T00:26:49Z,KY,KY00065IS0000020N65WELCOM,36.6434,-86.5687,77,Chance Showers And Thunderstorms,53,10,False,False,True,True,False,0.1
2026-08-03T00:26:49Z,KY,KY00065IS000020NSMARATHON,36.6612,-86.5553,77,Chance Showers And Thunderstorms,54,9,False,False,True,True,False,0.1
2026-08-03T00:26:49Z,KY,KY00065IS0000340NWEIGHS34,36.6868,-86.5379,78,Chance Showers And Thunderstorms,54,8,False,False,True,True,False,0.1
2026-08-03T00:26:49Z,KY,KY00065IS0011400S65SRA114,37.9464,-85.6905,78,Chance Showers And Thunderstorms,33,5,False,False,True,True,False,0.1
2026-08-03T00:26:49Z,KY,KY00065IS0005900S65SRA059,37.239,-85.9297,76,Chance Showers And Thunderstorms,45,3,False,False,True,True,False,0.1
2026-08-03T00:26:49Z,KY,KY00065IS0005900N65NRA059,37.2384,-85.9271,76,Chance Showers And Thunderstorms,45,3,False,False,True,True,False,0.1
2026-08-03T00:26:49Z,KY,KY00075IS0003300NWEIGHS33,37.0422,-84.0968,76,Chance Showers And Thunderstorms,30,6,False,False,True,True,False,0.1
2026-08-03T00:26:49Z,KY,KY00075IS0003400SWEIGHS34,37.048,-84.0997,76,Chance Showers And Thunderstorms,30,6,False,False,True,True,False,0.1
2026-08-03T00:26:49Z,KY,KY00075IS0017700N75NRA177,38.937,-84.6309,75,Showers And Thunderstorms Likely,57,5,False,False,True,True,False,0.1
2026-08-03T00:26:49Z,KY,KY00075IS0007500SWALTONWS,38.8653,-84.6476,77,Showers And Thunderstorms Likely,58,3,False,False,True,True,False,0.1
2026-08-03T00:26:49Z,KY,KY00075IS0017700S75SRA177,38.9388,-84.6339,75,Showers And Thunderstorms Likely,57,5,False,False,True,True,False,0.1
2026-08-03T00:26:49Z,KY,KY00075IS0016800SCRITENWS,38.8196,-84.6015,77,Showers And Thunderstorms Likely,56,3,False,False,True,True,False,0.1
2026-08-03T00:26:49Z,KY,KY00075IS0000100N75WELCOM,36.6162,-84.1054,77,Chance Showers And Thunderstorms,28,3,False,False,True,True,False,0.1
2026-08-03T00:43:21Z,IL,IL00080IE005100040,41.3938,-89.5665,77,Partly Cloudy,0,10,False,False,False,False,True,0.2
2026-08-03T00:43:21Z,IL,IL00055IN006400027,39.3465,-89.6408,78,Mostly Clear,0,10,False,False,False,False,True,0.2
2026-08-03T00:43:21Z,IL,IL00057IS022200054,39.9314,-88.3043,78,Partly Cloudy,14,13,False,False,False,False,True,0.2
2026-08-03T00:43:21Z,IL,IL00039IN008500036,41.7236,-89.0062,75,Partly Cloudy,1,10,False,False,False,False,True,0.2
2026-08-03T00:43:21Z,IL,IL00057IN007900034,38.0297,-88.9203,80,Slight Chance Drizzle,12,5,False,False,True,False,True,0.2
2026-08-03T00:43:21Z,IL,IL00074IW020800052,40.1298,-87.7441,77,Partly Cloudy,14,13,False,False,False,False,True,0.2
2026-08-03T00:43:21Z,IL,IL00074IE015600037,40.2732,-88.6762,78,Mostly Cloudy,14,13,False,False,False,False,True,0.2
2026-08-03T00:43:21Z,IL,IL00055IN002700029,38.8649,-89.8532,80,Mostly Clear,0,12,False,False,False,False,True,0.2
2026-08-03T00:43:21Z,IL,IL00057IN022200048,39.9218,-88.299,78,Partly Cloudy,14,13,False,False,False,False,True,0.2
2026-08-03T00:43:21Z,IL,IL00064IE002500038,38.5481,-89.7731,80,Mostly Clear,0,12,False,False,False,False,True,0.2
2026-08-03T00:43:21Z,IL,IL00064IW013000053,38.2322,-87.9882,77,Slight Chance Showers And Thunderstorms,20,6,False,False,True,True,True,0.2
2026-08-03T00:43:21Z,IL,IL00072IW015200014,39.9888,-88.7852,79,Partly Cloudy,14,14,False,False,False,False,True,0.2
2026-08-03T00:43:21Z,IL,IL00055IN010400050,39.8627,-89.5948,80,Partly Cloudy,6,10,False,False,False,False,True,0.2
2026-08-03T00:43:21Z,IL,IL00074IW002800020,41.2141,-90.3308,77,Mostly Clear,0,10,False,False,False,False,True,0.2
2026-08-03T00:43:21Z,IL,IL00074IE002800030,41.2334,-90.333,77,Mostly Clear,0,10,False,False,False,False,True,0.2
2026-08-03T00:43:21Z,IL,IL00070IW002700015,38.7884,-89.6889,79,Mostly Clear,0,12,False,False,False,False,True,0.2
2026-08-03T00:43:21Z,IL,IL00064IW008500012,38.2766,-88.8012,78,Slight Chance Drizzle,10,8,False,False,True,False,True,0.2
2026-08-03T00:43:21Z,IL,IL00064IE008500039,38.273,-88.8496,79,Slight Chance Drizzle,10,7,False,False,True,False,True,0.2
2026-08-03T00:43:21Z,IL,IL00074IW015600009,40.2711,-88.6701,78,Partly Cloudy,14,13,False,False,False,False,True,0.2
2026-08-03T00:43:21Z,IL,IL00055IN014900028,40.3599,-89.1099,79,Mostly Cloudy,14,12,False,False,False,False,True,0.2
2026-08-03T00:43:21Z,IL,IL00057IS026800022,40.5613,-88.0615,76,Partly Cloudy,0,10,False,False,False,False,True,0.2
2026-08-03T00:43:21Z,IL,IL00057IS011400023,38.5965,-88.9677,80,Partly Cloudy,1,12,False,False,False,False,True,0.2
2026-08-03T00:43:21Z,IL,IL00055IS019400021,40.8371,-88.6833,76,Partly Cloudy,0,10,False,False,False,False,True,0.2
2026-08-03T00:43:21Z,IL,IL00024IW003700010,37.1593,-88.6798,75,Slight Chance Showers And Thunderstorms,21,6,False,False,True,True,True,0.2
2026-08-03T00:43:21Z,IL,IL00057IS007900047,38.0962,-88.9138,79,Slight Chance Drizzle,11,5,False,False,True,False,True,0.2
2026-08-03T00:43:21Z,IL,IL00057IN033300049,41.3892,-87.7729,73,Partly Cloudy,0,15,False,False,False,False,True,0.2
2026-08-03T00:43:21Z,IL,IL00064IW002500011,38.5491,-89.7633,79,Mostly Clear,0,13,False,False,False,False,True,0.2
2026-08-03T00:43:21Z,IL,IL00055IS006400017,39.3523,-89.6447,78,Mostly Clear,0,10,False,False,False,False,True,0.2
2026-08-03T00:43:21Z,IL,IL00080IW005100013,41.3937,-89.5591,78,Mostly Clear,0,10,False,False,False,False,True,0.2
2026-08-03T00:43:21Z,IL,IL00070IE008600051,39.0651,-88.6745,78,Partly Cloudy,4,9,False,False,False,False,True,0.2
2026-08-03T00:43:21Z,IL,IL00057IN026800032,40.5505,-88.0605,76,Partly Cloudy,0,10,False,False,False,False,True,0.2
2026-08-03T00:43:21Z,IL,IL00070IE002700042,38.7849,-89.7023,79,Mostly Clear,0,12,False,False,False,False,True,0.2
2026-08-03T00:43:21Z,IL,IL00080IE011700043,41.4314,-88.3454,77,Partly Cloudy,0,10,False,False,False,False,True,0.2
2026-08-03T00:43:21Z,IL,IL00080IW011700016,41.4473,-88.3285,76,Partly Cloudy,0,10,False,False,False,False,True,0.2
2026-08-03T00:43:21Z,IL,IL00039IS008500026,41.7285,-89.0105,75,Partly Cloudy,1,10,False,False,False,False,True,0.2
2026-08-03T00:43:21Z,IL,IL00055IS002700019,38.8723,-89.8511,80,Mostly Clear,0,12,False,False,False,False,True,0.2
2026-08-03T00:43:21Z,IL,IL00057IS033300046,41.3918,-87.7749,73,Partly Cloudy,0,15,False,False,False,False,True,0.2
2026-08-03T00:43:21Z,IL,IL00072IE015200041,39.9923,-88.7827,79,Partly Cloudy,14,14,False,False,False,False,True,0.2
2026-08-03T00:43:21Z,IL,IL00074IW006200004,40.8802,-90.0895,77,Partly Cloudy,1,8,False,False,False,False,True,0.2
2026-08-03T00:43:21Z,IL,IL00055IN019400031,40.8234,-88.6875,76,Partly Cloudy,0,10,False,False,False,False,True,0.2
2026-08-03T00:43:21Z,IL,IL00057IN011400033,38.5963,-88.9638,80,Partly Cloudy,1,12,False,False,False,False,True,0.2
2026-08-03T00:43:21Z,IL,IL00070IW008700045,39.0679,-88.6704,78,Partly Cloudy,4,9,False,False,False,False,True,0.2
2026-08-03T00:43:21Z,IL,IL00057IS016500018,39.1993,-88.502,79,Partly Cloudy,3,9,False,False,False,False,True,0.2
2026-08-03T00:43:21Z,IL,IL00074IE011400005,40.6125,-89.245,78,Partly Cloudy,5,10,False,False,False,False,True,0.2
2026-08-03T00:43:21Z,IL,IL00074IW011400006,40.6111,-89.2323,78,Partly Cloudy,5,10,False,False,False,False,True,0.2
2026-08-03T00:43:21Z,IL,IL00074IE006200001,40.8788,-90.0936,77,Partly Cloudy,1,8,False,False,False,False,True,0.2
2026-08-03T00:43:21Z,IL,IL00070IW014900008,39.4228,-87.6617,79,Partly Cloudy,14,13,False,False,False,False,True,0.2
2026-08-03T00:43:21Z,IL,IL00057IN016500044,39.1898,-88.5031,80,Partly Cloudy,14,12,False,False,False,False,True,0.2
2026-08-03T00:43:21Z,IL,IL00055IS010400024,39.8871,-89.5966,79,Partly Cloudy,6,10,False,False,False,False,True,0.2
2026-08-03T00:43:21Z,IL,IL00057IS003200025,37.4699,-89.1329,77,Slight Chance Drizzle,13,5,False,False,True,False,True,0.2
2026-08-03T00:43:21Z,IL,IL00057IN003200035,37.4661,-89.1324,77,Slight Chance Drizzle,13,5,False,False,True,False,True,0.2
2026-08-03T00:43:21Z,IN,322,38.195,-87.8597,76,Slight Chance Showers And Thunderstorms,21,6,False,False,True,True,False,0.1
2026-08-03T00:43:21Z,IN,317,38.5852,-85.7768,76,Chance Showers And Thunderstorms,32,5,False,False,True,True,False,0.1
2026-08-03T00:43:21Z,IN,316,38.5859,-85.7809,76,Chance Showers And Thunderstorms,32,5,False,False,True,True,False,0.1
2026-08-03T00:43:21Z,IN,315,39.2602,-85.9521,75,Mostly Cloudy,9,9,False,False,False,False,False,0.0
2026-08-03T00:43:21Z,IN,314,39.2767,-85.9569,75,Isolated Rain Showers,20,8,False,False,True,False,False,0.05
2026-08-03T00:43:21Z,IN,313,40.1578,-86.5387,74,Isolated Rain Showers,24,13,False,False,True,False,False,0.05
2026-08-03T00:43:21Z,IN,312,40.1722,-86.5522,75,Isolated Rain Showers,24,13,False,False,True,False,False,0.05
2026-08-03T00:43:21Z,IN,311,40.6992,-87.0628,76,Mostly Cloudy,8,15,False,False,False,False,False,0.0
2026-08-03T00:43:21Z,IN,310,40.6984,-87.0646,76,Mostly Cloudy,8,15,False,False,False,False,False,0.0
2026-08-03T00:43:21Z,IN,308,41.1653,-87.271,71,Partly Cloudy,0,10,False,False,False,False,False,0.0
2026-08-03T00:43:21Z,IN,309,41.1666,-87.2749,71,Partly Cloudy,0,10,False,False,False,False,False,0.0
2026-08-03T00:43:21Z,IN,318,40.3543,-85.5576,74,Isolated Rain Showers,19,9,False,False,True,False,False,0.05
2026-08-03T00:43:21Z,IN,319,40.3569,-85.56,74,Isolated Rain Showers,19,9,False,False,True,False,False,0.05
2026-08-03T00:43:21Z,IN,320,41.2963,-85.0863,78,Slight Chance Rain Showers,17,10,False,False,True,False,False,0.05
2026-08-03T00:43:21Z,IN,321,41.5803,-85.0597,74,Mostly Cloudy,9,10,False,False,False,False,False,0.0
2026-08-03T00:43:21Z,IN,300,39.4417,-87.5002,77,Isolated Rain Showers,15,13,False,False,True,False,False,0.05
2026-08-03T00:43:21Z,IN,302,39.6517,-86.3967,76,Isolated Rain Showers,22,10,False,False,True,False,False,0.05
2026-08-03T00:43:21Z,IN,301,39.6541,-86.4005,76,Isolated Rain Showers,22,10,False,False,True,False,False,0.05
2026-08-03T00:43:21Z,IN,303,39.8243,-85.7039,74,Isolated Rain Showers,19,10,False,False,True,False,False,0.05
2026-08-03T00:43:21Z,IN,304,39.8266,-85.704,74,Isolated Rain Showers,19,10,False,False,True,False,False,0.05
2026-08-03T00:43:21Z,IN,305,39.8605,-85.0259,74,Chance Showers And Thunderstorms,26,8,False,False,True,True,False,0.1
2026-08-03T00:43:21Z,IN,323,39.29,-85.1688,75,Chance Showers And Thunderstorms,44,6,False,False,True,True,False,0.1
2026-08-03T00:43:21Z,IN,702,41.7472,-85.3285,77,Slight Chance Rain Showers,16,10,False,False,True,False,False,0.05
2026-08-03T00:43:21Z,IN,701,41.5889,-87.2173,70,Partly Cloudy,0,20,False,False,False,False,False,0.0
2026-08-03T00:43:21Z,IN,704,41.7058,-86.6212,69,Mostly Cloudy,5,15,False,False,False,False,False,0.0
2026-08-03T00:43:21Z,IN,703,41.7071,-86.6235,69,Mostly Cloudy,5,15,False,False,False,False,False,0.0
2026-08-03T00:43:21Z,IN,705,41.733,-86.0057,76,Slight Chance Rain Showers,16,10,False,False,True,False,False,0.05
2026-08-03T00:43:21Z,IN,708,41.7472,-85.3285,77,Slight Chance Rain Showers,16,10,False,False,True,False,False,0.05
2026-08-03T00:43:21Z,IN,707,41.7453,-85.3287,77,Slight Chance Rain Showers,16,10,False,False,True,False,False,0.05
2026-08-03T00:43:21Z,IN,324,41.7353,-86.7933,68,Partly Cloudy,3,15,False,False,False,False,False,0.0
2026-08-03T00:43:21Z,KY,KY00065IS0000020N65WELCOM,36.6434,-86.5687,77,Chance Showers And Thunderstorms,53,10,False,False,True,True,False,0.1
2026-08-03T00:43:21Z,KY,KY00065IS000020NSMARATHON,36.6612,-86.5553,77,Chance Showers And Thunderstorms,54,9,False,False,True,True,False,0.1
2026-08-03T00:43:21Z,KY,KY00065IS0000340NWEIGHS34,36.6868,-86.5379,78,Chance Showers And Thunderstorms,54,8,False,False,True,True,False,0.1
2026-08-03T00:43:21Z,KY,KY00065IS0011400S65SRA114,37.9464,-85.6905,78,Chance Showers And Thunderstorms,33,5,False,False,True,True,False,0.1
2026-08-03T00:43:21Z,KY,KY00065IS0005900S65SRA059,37.239,-85.9297,76,Chance Showers And Thunderstorms,45,3,False,False,True,True,False,0.1
2026-08-03T00:43:21Z,KY,KY00065IS0005900N65NRA059,37.2384,-85.9271,76,Chance Showers And Thunderstorms,45,3,False,False,True,True,False,0.1
2026-08-03T00:43:21Z,KY,KY00075IS0003300NWEIGHS33,37.0422,-84.0968,76,Chance Showers And Thunderstorms,30,6,False,False,True,True,False,0.1
2026-08-03T00:43:21Z,KY,KY00075IS0003400SWEIGHS34,37.048,-84.0997,76,Chance Showers And Thunderstorms,30,6,False,False,True,True,False,0.1
2026-08-03T00:43:21Z,KY,KY00075IS0017700N75NRA177,38.937,-84.6309,73,Partly Cloudy,14,3,False,False,False,False,False,0.0
2026-08-03T00:43:21Z,KY,KY00075IS0007500SWALTONWS,38.8653,-84.6476,77,Showers And Thunderstorms Likely,58,3,False,False,True,True,False,0.1
2026-08-03T00:43:21Z,KY,KY00075IS0017700S75SRA177,38.9388,-84.6339,73,Partly Cloudy,14,3,False,False,False,False,False,0.0
2026-08-03T00:43:21Z,KY,KY00075IS0016800SCRITENWS,38.8196,-84.6015,77,Showers And Thunderstorms Likely,56,3,False,False,True,True,False,0.1
2026-08-03T00:43:21Z,KY,KY00075IS0000100N75WELCOM,36.6162,-84.1054,77,Chance Showers And Thunderstorms,28,3,False,False,True,True,False,0.1
2026-08-03T00:59:55Z,IL,IL00080IE005100040,41.3938,-89.5665,75,Mostly Clear,0,5,False,False,False,False,True,0.2
2026-08-03T00:59:55Z,IL,IL00055IN006400027,39.3465,-89.6408,76,Mostly Clear,0,6,False,False,False,False,True,0.2
2026-08-03T00:59:55Z,IL,IL00057IS022200054,39.9314,-88.3043,73,Partly Cloudy,1,9,False,False,False,False,True,0.2
2026-08-03T00:59:55Z,IL,IL00039IN008500036,41.7236,-89.0062,72,Partly Cloudy,0,10,False,False,False,False,True,0.2
2026-08-03T00:59:55Z,IL,IL00057IN007900034,38.0297,-88.9203,75,Partly Cloudy,1,5,False,False,False,False,True,0.2
2026-08-03T00:59:55Z,IL,IL00074IW020800052,40.1298,-87.7441,73,Partly Cloudy,0,9,False,False,False,False,True,0.2
2026-08-03T00:59:55Z,IL,IL00074IE015600037,40.2732,-88.6762,73,Partly Cloudy,1,9,False,False,False,False,True,0.2
2026-08-03T00:59:55Z,IL,IL00055IN002700029,38.8649,-89.8532,76,Mostly Clear,0,7,False,False,False,False,True,0.2
2026-08-03T00:59:55Z,IL,IL00057IN022200048,39.9218,-88.299,73,Partly Cloudy,1,9,False,False,False,False,True,0.2
2026-08-03T00:59:55Z,IL,IL00064IE002500038,38.5481,-89.7731,76,Mostly Clear,0,7,False,False,False,False,True,0.2
2026-08-03T00:59:55Z,IL,IL00064IW013000053,38.2322,-87.9882,74,Mostly Cloudy,5,5,False,False,False,False,True,0.2
2026-08-03T00:59:55Z,IL,IL00072IW015200014,39.9888,-88.7852,75,Partly Cloudy,1,9,False,False,False,False,True,0.2
2026-08-03T00:59:55Z,IL,IL00055IN010400050,39.8627,-89.5948,74,Partly Cloudy,1,6,False,False,False,False,True,0.2
2026-08-03T00:59:55Z,IL,IL00074IW002800020,41.2141,-90.3308,75,Mostly Clear,0,5,False,False,False,False,True,0.2
2026-08-03T00:59:55Z,IL,IL00074IE002800030,41.2334,-90.333,75,Mostly Clear,0,5,False,False,False,False,True,0.2
2026-08-03T00:59:55Z,IL,IL00070IW002700015,38.7884,-89.6889,75,Mostly Clear,0,7,False,False,False,False,True,0.2
2026-08-03T00:59:55Z,IL,IL00064IW008500012,38.2766,-88.8012,75,Mostly Clear,0,5,False,False,False,False,True,0.2
2026-08-03T00:59:55Z,IL,IL00064IE008500039,38.273,-88.8496,76,Mostly Clear,0,5,False,False,False,False,True,0.2
2026-08-03T00:59:55Z,IL,IL00074IW015600009,40.2711,-88.6701,72,Partly Cloudy,1,9,False,False,False,False,True,0.2
2026-08-03T00:59:55Z,IL,IL00055IN014900028,40.3599,-89.1099,74,Partly Cloudy,1,8,False,False,False,False,True,0.2
2026-08-03T00:59:55Z,IL,IL00057IS026800022,40.5613,-88.0615,70,Mostly Clear,0,10,False,False,False,False,True,0.2
2026-08-03T00:59:55Z,IL,IL00057IS011400023,38.5965,-88.9677,76,Partly Cloudy,0,6,False,False,False,False,True,0.2
2026-08-03T00:59:55Z,IL,IL00055IS019400021,40.8371,-88.6833,72,Mostly Clear,0,5,False,False,False,False,True,0.2
2026-08-03T00:59:55Z,IL,IL00024IW003700010,37.1593,-88.6798,73,Mostly Cloudy,2,5,False,False,False,False,True,0.2
2026-08-03T00:59:55Z,IL,IL00057IS007900047,38.0962,-88.9138,77,Mostly Clear,1,5,False,False,False,False,True,0.2
2026-08-03T00:59:55Z,IL,IL00057IN033300049,41.3892,-87.7729,69,Mostly Clear,0,10,False,False,False,False,True,0.2
2026-08-03T00:59:55Z,IL,IL00064IW002500011,38.5491,-89.7633,76,Mostly Clear,0,7,False,False,False,False,True,0.2
2026-08-03T00:59:55Z,IL,IL00055IS006400017,39.3523,-89.6447,76,Mostly Clear,0,6,False,False,False,False,True,0.2
2026-08-03T00:59:55Z,IL,IL00080IW005100013,41.3937,-89.5591,76,Mostly Clear,0,5,False,False,False,False,True,0.2
2026-08-03T00:59:55Z,IL,IL00070IE008600051,39.0651,-88.6745,78,Partly Cloudy,4,9,False,False,False,False,True,0.2
2026-08-03T00:59:55Z,IL,IL00057IN026800032,40.5505,-88.0605,70,Mostly Clear,0,10,False,False,False,False,True,0.2
2026-08-03T00:59:55Z,IL,IL00070IE002700042,38.7849,-89.7023,76,Mostly Clear,0,7,False,False,False,False,True,0.2
2026-08-03T00:59:55Z,IL,IL00080IE011700043,41.4314,-88.3454,72,Mostly Clear,0,10,False,False,False,False,True,0.2
2026-08-03T00:59:55Z,IL,IL00080IW011700016,41.4473,-88.3285,73,Mostly Clear,0,10,False,False,False,False,True,0.2
2026-08-03T00:59:55Z,IL,IL00039IS008500026,41.7285,-89.0105,72,Partly Cloudy,0,10,False,False,False,False,True,0.2
2026-08-03T00:59:55Z,IL,IL00055IS002700019,38.8723,-89.8511,76,Mostly Clear,0,7,False,False,False,False,True,0.2
2026-08-03T00:59:55Z,IL,IL00057IS033300046,41.3918,-87.7749,69,Mostly Clear,0,10,False,False,False,False,True,0.2
2026-08-03T00:59:55Z,IL,IL00072IE015200041,39.9923,-88.7827,75,Partly Cloudy,1,9,False,False,False,False,True,0.2
2026-08-03T00:59:55Z,IL,IL00074IW006200004,40.8802,-90.0895,75,Mostly Clear,0,6,False,False,False,False,True,0.2
2026-08-03T00:59:55Z,IL,IL00055IN019400031,40.8234,-88.6875,72,Mostly Clear,0,5,False,False,False,False,True,0.2
2026-08-03T00:59:55Z,IL,IL00057IN011400033,38.5963,-88.9638,76,Partly Cloudy,0,6,False,False,False,False,True,0.2
2026-08-03T00:59:55Z,IL,IL00070IW008700045,39.0679,-88.6704,78,Partly Cloudy,4,9,False,False,False,False,True,0.2
2026-08-03T00:59:55Z,IL,IL00057IS016500018,39.1993,-88.502,79,Partly Cloudy,3,9,False,False,False,False,True,0.2
2026-08-03T00:59:55Z,IL,IL00074IE011400005,40.6125,-89.245,74,Partly Cloudy,2,7,False,False,False,False,True,0.2
2026-08-03T00:59:55Z,IL,IL00074IW011400006,40.6111,-89.2323,74,Partly Cloudy,2,7,False,False,False,False,True,0.2
2026-08-03T00:59:55Z,IL,IL00074IE006200001,40.8788,-90.0936,75,Mostly Clear,0,6,False,False,False,False,True,0.2
2026-08-03T00:59:55Z,IL,IL00070IW014900008,39.4228,-87.6617,74,Partly Cloudy,2,9,False,False,False,False,True,0.2
2026-08-03T00:59:55Z,IL,IL00057IN016500044,39.1898,-88.5031,76,Partly Cloudy,2,7,False,False,False,False,True,0.2
2026-08-03T00:59:55Z,IL,IL00055IS010400024,39.8871,-89.5966,75,Partly Cloudy,1,6,False,False,False,False,True,0.2
2026-08-03T00:59:55Z,IL,IL00057IS003200025,37.4699,-89.1329,75,Partly Cloudy,1,3,False,False,False,False,True,0.2
2026-08-03T00:59:55Z,IL,IL00057IN003200035,37.4661,-89.1324,75,Partly Cloudy,1,3,False,False,False,False,True,0.2
2026-08-03T00:59:55Z,IN,322,38.195,-87.8597,74,Mostly Cloudy,4,6,False,False,False,False,False,0.0
2026-08-03T00:59:55Z,IN,317,38.5852,-85.7768,73,Partly Cloudy,9,5,False,False,False,False,False,0.0
2026-08-03T00:59:55Z,IN,316,38.5859,-85.7809,73,Partly Cloudy,9,5,False,False,False,False,False,0.0
2026-08-03T00:59:55Z,IN,315,39.2602,-85.9521,75,Mostly Cloudy,9,9,False,False,False,False,False,0.0
2026-08-03T00:59:55Z,IN,314,39.2767,-85.9569,72,Mostly Cloudy,9,7,False,False,False,False,False,0.0
2026-08-03T00:59:55Z,IN,313,40.1578,-86.5387,71,Mostly Cloudy,14,10,False,False,False,False,False,0.0
2026-08-03T00:59:55Z,IN,312,40.1722,-86.5522,71,Mostly Cloudy,14,10,False,False,False,False,False,0.0
2026-08-03T00:59:55Z,IN,311,40.6992,-87.0628,71,Mostly Cloudy,3,15,False,False,False,False,False,0.0
2026-08-03T00:59:55Z,IN,310,40.6984,-87.0646,71,Mostly Cloudy,3,15,False,False,False,False,False,0.0
2026-08-03T00:59:55Z,IN,308,41.1653,-87.271,71,Partly Cloudy,0,10,False,False,False,False,False,0.0
2026-08-03T00:59:55Z,IN,309,41.1666,-87.2749,71,Partly Cloudy,0,10,False,False,False,False,False,0.0
2026-08-03T00:59:55Z,IN,318,40.3543,-85.5576,70,Mostly Cloudy,9,7,False,False,False,False,False,0.0
2026-08-03T00:59:55Z,IN,319,40.3569,-85.56,70,Mostly Cloudy,9,7,False,False,False,False,False,0.0
2026-08-03T00:59:55Z,IN,320,41.2963,-85.0863,73,Partly Cloudy,8,10,False,False,False,False,False,0.0
2026-08-03T00:59:55Z,IN,321,41.5803,-85.0597,74,Mostly Cloudy,9,10,False,False,False,False,False,0.0
2026-08-03T00:59:55Z,IN,300,39.4417,-87.5002,73,Partly Cloudy,8,9,False,False,False,False,False,0.0
2026-08-03T00:59:55Z,IN,302,39.6517,-86.3967,72,Isolated Rain Showers,16,9,False,False,True,False,False,0.05
2026-08-03T00:59:55Z,IN,301,39.6541,-86.4005,72,Isolated Rain Showers,16,9,False,False,True,False,False,0.05
2026-08-03T00:59:55Z,IN,303,39.8243,-85.7039,71,Mostly Cloudy,9,8,False,False,False,False,False,0.0
2026-08-03T00:59:55Z,IN,304,39.8266,-85.704,71,Mostly Cloudy,9,8,False,False,False,False,False,0.0
2026-08-03T00:59:55Z,IN,305,39.8605,-85.0259,70,Partly Cloudy,4,7,False,False,False,False,False,0.0
2026-08-03T00:59:55Z,IN,323,39.29,-85.1688,70,Partly Cloudy,4,5,False,False,False,False,False,0.0
2026-08-03T00:59:55Z,IN,702,41.7472,-85.3285,72,Partly Cloudy,7,10,False,False,False,False,False,0.0
2026-08-03T00:59:55Z,IN,701,41.5889,-87.2173,69,Partly Cloudy,0,15,False,False,False,False,False,0.0
2026-08-03T00:59:55Z,IN,704,41.7058,-86.6212,67,Partly Cloudy,1,10,False,False,False,False,False,0.0
2026-08-03T00:59:55Z,IN,703,41.7071,-86.6235,67,Partly Cloudy,1,10,False,False,False,False,False,0.0
2026-08-03T00:59:55Z,IN,705,41.733,-86.0057,72,Partly Cloudy,12,10,False,False,False,False,False,0.0
2026-08-03T00:59:55Z,IN,708,41.7472,-85.3285,72,Partly Cloudy,7,10,False,False,False,False,False,0.0
2026-08-03T00:59:55Z,IN,707,41.7453,-85.3287,72,Partly Cloudy,7,10,False,False,False,False,False,0.0
2026-08-03T00:59:55Z,IN,324,41.7353,-86.7933,67,Partly Cloudy,0,15,False,False,False,False,False,0.0
2026-08-03T00:59:55Z,KY,KY00065IS0000020N65WELCOM,36.6434,-86.5687,72,Slight Chance T-storms,20,5,False,False,False,False,False,0.0
2026-08-03T00:59:55Z,KY,KY00065IS000020NSMARATHON,36.6612,-86.5553,72,Slight Chance T-storms,20,6,False,False,False,False,False,0.0
2026-08-03T00:59:55Z,KY,KY00065IS0000340NWEIGHS34,36.6868,-86.5379,73,Slight Chance T-storms,20,6,False,False,False,False,False,0.0
2026-08-03T00:59:55Z,KY,KY00065IS0011400S65SRA114,37.9464,-85.6905,72,Slight Chance T-storms,15,3,False,False,False,False,False,0.0
2026-08-03T00:59:55Z,KY,KY00065IS0005900S65SRA059,37.239,-85.9297,72,Slight Chance T-storms,19,1,False,False,False,False,False,0.0
2026-08-03T00:59:55Z,KY,KY00065IS0005900N65NRA059,37.2384,-85.9271,72,Slight Chance T-storms,19,1,False,False,False,False,False,0.0
2026-08-03T00:59:55Z,KY,KY00075IS0003300NWEIGHS33,37.0422,-84.0968,71,Chance Rain Showers,26,2,False,False,True,False,False,0.05
2026-08-03T00:59:55Z,KY,KY00075IS0003400SWEIGHS34,37.048,-84.0997,71,Chance Rain Showers,26,2,False,False,True,False,False,0.05
2026-08-03T00:59:55Z,KY,KY00075IS0017700N75NRA177,38.937,-84.6309,73,Partly Cloudy,14,3,False,False,False,False,False,0.0
2026-08-03T00:59:55Z,KY,KY00075IS0007500SWALTONWS,38.8653,-84.6476,70,Mostly Cloudy,9,3,False,False,False,False,False,0.0
2026-08-03T00:59:55Z,KY,KY00075IS0017700S75SRA177,38.9388,-84.6339,73,Partly Cloudy,14,3,False,False,False,False,False,0.0
2026-08-03T00:59:55Z,KY,KY00075IS0016800SCRITENWS,38.8196,-84.6015,70,Mostly Cloudy,9,3,False,False,False,False,False,0.0
2026-08-03T00:59:55Z,KY,KY00075IS0000100N75WELCOM,36.6162,-84.1054,72,Slight Chance Rain Showers,16,1,False,False,True,False,False,0.05
2026-08-03T01:17:02Z,IL,IL00080IE005100040,41.3938,-89.5665,75,Mostly Clear,0,5,False,False,False,False,True,0.2
2026-08-03T01:17:02Z,IL,IL00055IN006400027,39.3465,-89.6408,76,Mostly Clear,0,6,False,False,False,False,True,0.2
2026-08-03T01:17:02Z,IL,IL00057IS022200054,39.9314,-88.3043,73,Partly Cloudy,1,9,False,False,False,False,True,0.2
2026-08-03T01:17:02Z,IL,IL00039IN008500036,41.7236,-89.0062,72,Partly Cloudy,0,10,False,False,False,False,True,0.2
2026-08-03T01:17:02Z,IL,IL00057IN007900034,38.0297,-88.9203,75,Partly Cloudy,1,5,False,False,False,False,True,0.2
2026-08-03T01:17:02Z,IL,IL00074IW020800052,40.1298,-87.7441,73,Partly Cloudy,0,9,False,False,False,False,True,0.2
2026-08-03T01:17:02Z,IL,IL00074IE015600037,40.2732,-88.6762,73,Partly Cloudy,1,9,False,False,False,False,True,0.2
2026-08-03T01:17:02Z,IL,IL00055IN002700029,38.8649,-89.8532,76,Mostly Clear,0,7,False,False,False,False,True,0.2
2026-08-03T01:17:02Z,IL,IL00057IN022200048,39.9218,-88.299,73,Partly Cloudy,1,9,False,False,False,False,True,0.2
2026-08-03T01:17:02Z,IL,IL00064IE002500038,38.5481,-89.7731,76,Mostly Clear,0,7,False,False,False,False,True,0.2
2026-08-03T01:17:02Z,IL,IL00064IW013000053,38.2322,-87.9882,74,Mostly Cloudy,5,5,False,False,False,False,True,0.2
2026-08-03T01:17:02Z,IL,IL00072IW015200014,39.9888,-88.7852,75,Partly Cloudy,1,9,False,False,False,False,True,0.2
2026-08-03T01:17:02Z,IL,IL00055IN010400050,39.8627,-89.5948,74,Partly Cloudy,1,6,False,False,False,False,True,0.2
2026-08-03T01:17:02Z,IL,IL00074IW002800020,41.2141,-90.3308,75,Mostly Clear,0,5,False,False,False,False,True,0.2
2026-08-03T01:17:02Z,IL,IL00074IE002800030,41.2334,-90.333,75,Mostly Clear,0,5,False,False,False,False,True,0.2
2026-08-03T01:17:02Z,IL,IL00070IW002700015,38.7884,-89.6889,75,Mostly Clear,0,7,False,False,False,False,True,0.2
2026-08-03T01:17:02Z,IL,IL00064IW008500012,38.2766,-88.8012,75,Mostly Clear,0,5,False,False,False,False,True,0.2
2026-08-03T01:17:02Z,IL,IL00064IE008500039,38.273,-88.8496,76,Mostly Clear,0,5,False,False,False,False,True,0.2
2026-08-03T01:17:02Z,IL,IL00074IW015600009,40.2711,-88.6701,72,Partly Cloudy,1,9,False,False,False,False,True,0.2
2026-08-03T01:17:02Z,IL,IL00055IN014900028,40.3599,-89.1099,74,Partly Cloudy,1,8,False,False,False,False,True,0.2
2026-08-03T01:17:02Z,IL,IL00057IS026800022,40.5613,-88.0615,70,Mostly Clear,0,10,False,False,False,False,True,0.2
2026-08-03T01:17:02Z,IL,IL00057IS011400023,38.5965,-88.9677,76,Partly Cloudy,0,6,False,False,False,False,True,0.2
2026-08-03T01:17:02Z,IL,IL00055IS019400021,40.8371,-88.6833,72,Mostly Clear,0,5,False,False,False,False,True,0.2
2026-08-03T01:17:02Z,IL,IL00024IW003700010,37.1593,-88.6798,73,Mostly Cloudy,2,5,False,False,False,False,True,0.2
2026-08-03T01:17:02Z,IL,IL00057IS007900047,38.0962,-88.9138,77,Mostly Clear,1,5,False,False,False,False,True,0.2
2026-08-03T01:17:02Z,IL,IL00057IN033300049,41.3892,-87.7729,69,Mostly Clear,0,10,False,False,False,False,True,0.2
2026-08-03T01:17:02Z,IL,IL00064IW002500011,38.5491,-89.7633,76,Mostly Clear,0,7,False,False,False,False,True,0.2
2026-08-03T01:17:02Z,IL,IL00055IS006400017,39.3523,-89.6447,76,Mostly Clear,0,6,False,False,False,False,True,0.2
2026-08-03T01:17:02Z,IL,IL00080IW005100013,41.3937,-89.5591,76,Mostly Clear,0,5,False,False,False,False,True,0.2
2026-08-03T01:17:02Z,IL,IL00070IE008600051,39.0651,-88.6745,78,Partly Cloudy,4,9,False,False,False,False,True,0.2
2026-08-03T01:17:02Z,IL,IL00057IN026800032,40.5505,-88.0605,70,Mostly Clear,0,10,False,False,False,False,True,0.2
2026-08-03T01:17:02Z,IL,IL00070IE002700042,38.7849,-89.7023,76,Mostly Clear,0,7,False,False,False,False,True,0.2
2026-08-03T01:17:02Z,IL,IL00080IE011700043,41.4314,-88.3454,72,Mostly Clear,0,10,False,False,False,False,True,0.2
2026-08-03T01:17:02Z,IL,IL00080IW011700016,41.4473,-88.3285,73,Mostly Clear,0,10,False,False,False,False,True,0.2
2026-08-03T01:17:02Z,IL,IL00039IS008500026,41.7285,-89.0105,72,Partly Cloudy,0,10,False,False,False,False,True,0.2
2026-08-03T01:17:02Z,IL,IL00055IS002700019,38.8723,-89.8511,76,Mostly Clear,0,7,False,False,False,False,True,0.2
2026-08-03T01:17:02Z,IL,IL00057IS033300046,41.3918,-87.7749,69,Mostly Clear,0,10,False,False,False,False,True,0.2
2026-08-03T01:17:02Z,IL,IL00072IE015200041,39.9923,-88.7827,75,Partly Cloudy,1,9,False,False,False,False,True,0.2
2026-08-03T01:17:02Z,IL,IL00074IW006200004,40.8802,-90.0895,75,Mostly Clear,0,6,False,False,False,False,True,0.2
2026-08-03T01:17:02Z,IL,IL00055IN019400031,40.8234,-88.6875,72,Mostly Clear,0,5,False,False,False,False,True,0.2
2026-08-03T01:17:02Z,IL,IL00057IN011400033,38.5963,-88.9638,76,Partly Cloudy,0,6,False,False,False,False,True,0.2
2026-08-03T01:17:02Z,IL,IL00070IW008700045,39.0679,-88.6704,78,Partly Cloudy,4,9,False,False,False,False,True,0.2
2026-08-03T01:17:02Z,IL,IL00057IS016500018,39.1993,-88.502,79,Partly Cloudy,3,9,False,False,False,False,True,0.2
2026-08-03T01:17:02Z,IL,IL00074IE011400005,40.6125,-89.245,74,Partly Cloudy,2,7,False,False,False,False,True,0.2
2026-08-03T01:17:02Z,IL,IL00074IW011400006,40.6111,-89.2323,74,Partly Cloudy,2,7,False,False,False,False,True,0.2
2026-08-03T01:17:02Z,IL,IL00074IE006200001,40.8788,-90.0936,75,Mostly Clear,0,6,False,False,False,False,True,0.2
2026-08-03T01:17:02Z,IL,IL00070IW014900008,39.4228,-87.6617,74,Partly Cloudy,2,9,False,False,False,False,True,0.2
2026-08-03T01:17:02Z,IL,IL00057IN016500044,39.1898,-88.5031,76,Partly Cloudy,2,7,False,False,False,False,True,0.2
2026-08-03T01:17:02Z,IL,IL00055IS010400024,39.8871,-89.5966,75,Partly Cloudy,1,6,False,False,False,False,True,0.2
2026-08-03T01:17:02Z,IL,IL00057IS003200025,37.4699,-89.1329,75,Partly Cloudy,1,3,False,False,False,False,True,0.2
2026-08-03T01:17:02Z,IL,IL00057IN003200035,37.4661,-89.1324,75,Partly Cloudy,1,3,False,False,False,False,True,0.2
2026-08-03T01:17:02Z,IN,322,38.195,-87.8597,74,Mostly Cloudy,4,6,False,False,False,False,False,0.0
2026-08-03T01:17:02Z,IN,317,38.5852,-85.7768,73,Partly Cloudy,9,5,False,False,False,False,False,0.0
2026-08-03T01:17:02Z,IN,316,38.5859,-85.7809,73,Partly Cloudy,9,5,False,False,False,False,False,0.0
2026-08-03T01:17:02Z,IN,315,39.2602,-85.9521,75,Mostly Cloudy,9,9,False,False,False,False,False,0.0
2026-08-03T01:17:02Z,IN,314,39.2767,-85.9569,72,Mostly Cloudy,9,7,False,False,False,False,False,0.0
2026-08-03T01:17:02Z,IN,313,40.1578,-86.5387,71,Mostly Cloudy,14,10,False,False,False,False,False,0.0
2026-08-03T01:17:02Z,IN,312,40.1722,-86.5522,71,Mostly Cloudy,14,10,False,False,False,False,False,0.0
2026-08-03T01:17:02Z,IN,311,40.6992,-87.0628,71,Mostly Cloudy,3,15,False,False,False,False,False,0.0
2026-08-03T01:17:02Z,IN,310,40.6984,-87.0646,71,Mostly Cloudy,3,15,False,False,False,False,False,0.0
2026-08-03T01:17:02Z,IN,308,41.1653,-87.271,71,Partly Cloudy,0,10,False,False,False,False,False,0.0
2026-08-03T01:17:02Z,IN,309,41.1666,-87.2749,71,Partly Cloudy,0,10,False,False,False,False,False,0.0
2026-08-03T01:17:02Z,IN,318,40.3543,-85.5576,70,Mostly Cloudy,9,7,False,False,False,False,False,0.0
2026-08-03T01:17:02Z,IN,319,40.3569,-85.56,70,Mostly Cloudy,9,7,False,False,False,False,False,0.0
2026-08-03T01:17:02Z,IN,320,41.2963,-85.0863,73,Partly Cloudy,8,10,False,False,False,False,False,0.0
2026-08-03T01:17:02Z,IN,321,41.5803,-85.0597,74,Mostly Cloudy,9,10,False,False,False,False,False,0.0
2026-08-03T01:17:02Z,IN,300,39.4417,-87.5002,73,Partly Cloudy,8,9,False,False,False,False,False,0.0
2026-08-03T01:17:02Z,IN,302,39.6517,-86.3967,72,Isolated Rain Showers,16,9,False,False,True,False,False,0.05
2026-08-03T01:17:02Z,IN,301,39.6541,-86.4005,72,Isolated Rain Showers,16,9,False,False,True,False,False,0.05
2026-08-03T01:17:02Z,IN,303,39.8243,-85.7039,71,Mostly Cloudy,9,8,False,False,False,False,False,0.0
2026-08-03T01:17:02Z,IN,304,39.8266,-85.704,71,Mostly Cloudy,9,8,False,False,False,False,False,0.0
2026-08-03T01:17:02Z,IN,305,39.8605,-85.0259,70,Partly Cloudy,4,7,False,False,False,False,False,0.0
2026-08-03T01:17:02Z,IN,323,39.29,-85.1688,70,Partly Cloudy,4,5,False,False,False,False,False,0.0
2026-08-03T01:17:02Z,IN,702,41.7472,-85.3285,72,Partly Cloudy,7,10,False,False,False,False,False,0.0
2026-08-03T01:17:02Z,IN,701,41.5889,-87.2173,69,Partly Cloudy,0,15,False,False,False,False,False,0.0
2026-08-03T01:17:02Z,IN,704,41.7058,-86.6212,67,Partly Cloudy,1,10,False,False,False,False,False,0.0
2026-08-03T01:17:02Z,IN,703,41.7071,-86.6235,67,Partly Cloudy,1,10,False,False,False,False,False,0.0
2026-08-03T01:17:02Z,IN,705,41.733,-86.0057,72,Partly Cloudy,12,10,False,False,False,False,False,0.0
2026-08-03T01:17:02Z,IN,708,41.7472,-85.3285,72,Partly Cloudy,7,10,False,False,False,False,False,0.0
2026-08-03T01:17:02Z,IN,707,41.7453,-85.3287,72,Partly Cloudy,7,10,False,False,False,False,False,0.0
2026-08-03T01:17:02Z,IN,324,41.7353,-86.7933,67,Partly Cloudy,0,15,False,False,False,False,False,0.0
2026-08-03T01:17:02Z,KY,KY00065IS0000020N65WELCOM,36.6434,-86.5687,72,Slight Chance T-storms,20,5,False,False,False,False,False,0.0
2026-08-03T01:17:02Z,KY,KY00065IS000020NSMARATHON,36.6612,-86.5553,72,Slight Chance T-storms,20,6,False,False,False,False,False,0.0
2026-08-03T01:17:02Z,KY,KY00065IS0000340NWEIGHS34,36.6868,-86.5379,73,Slight Chance T-storms,20,6,False,False,False,False,False,0.0
2026-08-03T01:17:02Z,KY,KY00065IS0011400S65SRA114,37.9464,-85.6905,72,Slight Chance T-storms,15,3,False,False,False,False,False,0.0
2026-08-03T01:17:02Z,KY,KY00065IS0005900S65SRA059,37.239,-85.9297,72,Slight Chance T-storms,19,1,False,False,False,False,False,0.0
2026-08-03T01:17:02Z,KY,KY00065IS0005900N65NRA059,37.2384,-85.9271,72,Slight Chance T-storms,19,1,False,False,False,False,False,0.0
2026-08-03T01:17:02Z,KY,KY00075IS0003300NWEIGHS33,37.0422,-84.0968,71,Chance Rain Showers,26,2,False,False,True,False,False,0.05
2026-08-03T01:17:02Z,KY,KY00075IS0003400SWEIGHS34,37.048,-84.0997,71,Chance Rain Showers,26,2,False,False,True,False,False,0.05
2026-08-03T01:17:02Z,KY,KY00075IS0017700N75NRA177,38.937,-84.6309,73,Partly Cloudy,14,3,False,False,False,False,False,0.0
2026-08-03T01:17:02Z,KY,KY00075IS0007500SWALTONWS,38.8653,-84.6476,70,Mostly Cloudy,9,3,False,False,False,False,False,0.0
2026-08-03T01:17:02Z,KY,KY00075IS0017700S75SRA177,38.9388,-84.6339,73,Partly Cloudy,14,3,False,False,False,False,False,0.0
2026-08-03T01:17:02Z,KY,KY00075IS0016800SCRITENWS,38.8196,-84.6015,70,Mostly Cloudy,9,3,False,False,False,False,False,0.0
2026-08-03T01:17:02Z,KY,KY00075IS0000100N75WELCOM,36.6162,-84.1054,72,Slight Chance Rain Showers,16,1,False,False,True,False,False,0.05
2026-08-03T01:33:34Z,IL,IL00080IE005100040,41.3938,-89.5665,75,Mostly Clear,0,5,False,False,False,False,True,0.2
2026-08-03T01:33:34Z,IL,IL00055IN006400027,39.3465,-89.6408,76,Mostly Clear,0,6,False,False,False,False,True,0.2
2026-08-03T01:33:34Z,IL,IL00057IS022200054,39.9314,-88.3043,73,Partly Cloudy,1,9,False,False,False,False,True,0.2
2026-08-03T01:33:34Z,IL,IL00039IN008500036,41.7236,-89.0062,72,Partly Cloudy,0,10,False,False,False,False,True,0.2
2026-08-03T01:33:34Z,IL,IL00057IN007900034,38.0297,-88.9203,75,Partly Cloudy,1,5,False,False,False,False,True,0.2
2026-08-03T01:33:34Z,IL,IL00074IW020800052,40.1298,-87.7441,73,Partly Cloudy,0,9,False,False,False,False,True,0.2
2026-08-03T01:33:34Z,IL,IL00074IE015600037,40.2732,-88.6762,73,Partly Cloudy,1,9,False,False,False,False,True,0.2
2026-08-03T01:33:34Z,IL,IL00055IN002700029,38.8649,-89.8532,76,Mostly Clear,0,7,False,False,False,False,True,0.2
2026-08-03T01:33:34Z,IL,IL00057IN022200048,39.9218,-88.299,73,Partly Cloudy,1,9,False,False,False,False,True,0.2
2026-08-03T01:33:34Z,IL,IL00064IE002500038,38.5481,-89.7731,76,Mostly Clear,0,7,False,False,False,False,True,0.2
2026-08-03T01:33:34Z,IL,IL00064IW013000053,38.2322,-87.9882,74,Mostly Cloudy,5,5,False,False,False,False,True,0.2
2026-08-03T01:33:34Z,IL,IL00072IW015200014,39.9888,-88.7852,75,Partly Cloudy,1,9,False,False,False,False,True,0.2
2026-08-03T01:33:34Z,IL,IL00055IN010400050,39.8627,-89.5948,74,Partly Cloudy,1,6,False,False,False,False,True,0.2
2026-08-03T01:33:34Z,IL,IL00074IW002800020,41.2141,-90.3308,75,Mostly Clear,0,5,False,False,False,False,True,0.2
2026-08-03T01:33:34Z,IL,IL00074IE002800030,41.2334,-90.333,75,Mostly Clear,0,5,False,False,False,False,True,0.2
2026-08-03T01:33:34Z,IL,IL00070IW002700015,38.7884,-89.6889,75,Mostly Clear,0,7,False,False,False,False,True,0.2
2026-08-03T01:33:34Z,IL,IL00064IW008500012,38.2766,-88.8012,75,Mostly Clear,0,5,False,False,False,False,True,0.2
2026-08-03T01:33:34Z,IL,IL00064IE008500039,38.273,-88.8496,76,Mostly Clear,0,5,False,False,False,False,True,0.2
2026-08-03T01:33:34Z,IL,IL00074IW015600009,40.2711,-88.6701,72,Partly Cloudy,1,9,False,False,False,False,True,0.2
2026-08-03T01:33:34Z,IL,IL00055IN014900028,40.3599,-89.1099,74,Partly Cloudy,1,8,False,False,False,False,True,0.2
2026-08-03T01:33:34Z,IL,IL00057IS026800022,40.5613,-88.0615,70,Mostly Clear,0,10,False,False,False,False,True,0.2
2026-08-03T01:33:34Z,IL,IL00057IS011400023,38.5965,-88.9677,76,Partly Cloudy,0,6,False,False,False,False,True,0.2
2026-08-03T01:33:34Z,IL,IL00055IS019400021,40.8371,-88.6833,72,Mostly Clear,0,5,False,False,False,False,True,0.2
2026-08-03T01:33:34Z,IL,IL00024IW003700010,37.1593,-88.6798,73,Mostly Cloudy,2,5,False,False,False,False,True,0.2
2026-08-03T01:33:34Z,IL,IL00057IS007900047,38.0962,-88.9138,77,Mostly Clear,1,5,False,False,False,False,True,0.2
2026-08-03T01:33:34Z,IL,IL00057IN033300049,41.3892,-87.7729,69,Mostly Clear,0,10,False,False,False,False,True,0.2
2026-08-03T01:33:34Z,IL,IL00064IW002500011,38.5491,-89.7633,76,Mostly Clear,0,7,False,False,False,False,True,0.2
2026-08-03T01:33:34Z,IL,IL00055IS006400017,39.3523,-89.6447,76,Mostly Clear,0,6,False,False,False,False,True,0.2
2026-08-03T01:33:34Z,IL,IL00080IW005100013,41.3937,-89.5591,76,Mostly Clear,0,5,False,False,False,False,True,0.2
2026-08-03T01:33:34Z,IL,IL00070IE008600051,39.0651,-88.6745,78,Partly Cloudy,4,9,False,False,False,False,True,0.2
2026-08-03T01:33:34Z,IL,IL00057IN026800032,40.5505,-88.0605,70,Mostly Clear,0,10,False,False,False,False,True,0.2
2026-08-03T01:33:34Z,IL,IL00070IE002700042,38.7849,-89.7023,76,Mostly Clear,0,7,False,False,False,False,True,0.2
2026-08-03T01:33:34Z,IL,IL00080IE011700043,41.4314,-88.3454,72,Mostly Clear,0,10,False,False,False,False,True,0.2
2026-08-03T01:33:34Z,IL,IL00080IW011700016,41.4473,-88.3285,73,Mostly Clear,0,10,False,False,False,False,True,0.2
2026-08-03T01:33:34Z,IL,IL00039IS008500026,41.7285,-89.0105,72,Partly Cloudy,0,10,False,False,False,False,True,0.2
2026-08-03T01:33:34Z,IL,IL00055IS002700019,38.8723,-89.8511,76,Mostly Clear,0,7,False,False,False,False,True,0.2
2026-08-03T01:33:34Z,IL,IL00057IS033300046,41.3918,-87.7749,69,Mostly Clear,0,10,False,False,False,False,True,0.2
2026-08-03T01:33:34Z,IL,IL00072IE015200041,39.9923,-88.7827,75,Partly Cloudy,1,9,False,False,False,False,True,0.2
2026-08-03T01:33:34Z,IL,IL00074IW006200004,40.8802,-90.0895,75,Mostly Clear,0,6,False,False,False,False,True,0.2
2026-08-03T01:33:34Z,IL,IL00055IN019400031,40.8234,-88.6875,72,Mostly Clear,0,5,False,False,False,False,True,0.2
2026-08-03T01:33:34Z,IL,IL00057IN011400033,38.5963,-88.9638,76,Partly Cloudy,0,6,False,False,False,False,True,0.2
2026-08-03T01:33:34Z,IL,IL00070IW008700045,39.0679,-88.6704,78,Partly Cloudy,4,9,False,False,False,False,True,0.2
2026-08-03T01:33:34Z,IL,IL00057IS016500018,39.1993,-88.502,79,Partly Cloudy,3,9,False,False,False,False,True,0.2
2026-08-03T01:33:34Z,IL,IL00074IE011400005,40.6125,-89.245,74,Partly Cloudy,2,7,False,False,False,False,True,0.2
2026-08-03T01:33:34Z,IL,IL00074IW011400006,40.6111,-89.2323,74,Partly Cloudy,2,7,False,False,False,False,True,0.2
2026-08-03T01:33:34Z,IL,IL00074IE006200001,40.8788,-90.0936,75,Mostly Clear,0,6,False,False,False,False,True,0.2
2026-08-03T01:33:34Z,IL,IL00070IW014900008,39.4228,-87.6617,74,Partly Cloudy,2,9,False,False,False,False,True,0.2
2026-08-03T01:33:34Z,IL,IL00057IN016500044,39.1898,-88.5031,76,Partly Cloudy,2,7,False,False,False,False,True,0.2
2026-08-03T01:33:34Z,IL,IL00055IS010400024,39.8871,-89.5966,75,Partly Cloudy,1,6,False,False,False,False,True,0.2
2026-08-03T01:33:34Z,IL,IL00057IS003200025,37.4699,-89.1329,75,Partly Cloudy,1,3,False,False,False,False,True,0.2
2026-08-03T01:33:34Z,IL,IL00057IN003200035,37.4661,-89.1324,75,Partly Cloudy,1,3,False,False,False,False,True,0.2
2026-08-03T01:33:34Z,IN,322,38.195,-87.8597,74,Mostly Cloudy,4,6,False,False,False,False,False,0.0
2026-08-03T01:33:34Z,IN,317,38.5852,-85.7768,73,Partly Cloudy,9,5,False,False,False,False,False,0.0
2026-08-03T01:33:34Z,IN,316,38.5859,-85.7809,73,Partly Cloudy,9,5,False,False,False,False,False,0.0
2026-08-03T01:33:34Z,IN,315,39.2602,-85.9521,75,Mostly Cloudy,9,9,False,False,False,False,False,0.0
2026-08-03T01:33:34Z,IN,314,39.2767,-85.9569,72,Mostly Cloudy,9,7,False,False,False,False,False,0.0
2026-08-03T01:33:34Z,IN,313,40.1578,-86.5387,71,Mostly Cloudy,14,10,False,False,False,False,False,0.0
2026-08-03T01:33:34Z,IN,312,40.1722,-86.5522,71,Mostly Cloudy,14,10,False,False,False,False,False,0.0
2026-08-03T01:33:34Z,IN,311,40.6992,-87.0628,71,Mostly Cloudy,3,15,False,False,False,False,False,0.0
2026-08-03T01:33:34Z,IN,310,40.6984,-87.0646,71,Mostly Cloudy,3,15,False,False,False,False,False,0.0
2026-08-03T01:33:34Z,IN,308,41.1653,-87.271,71,Partly Cloudy,0,10,False,False,False,False,False,0.0
2026-08-03T01:33:34Z,IN,309,41.1666,-87.2749,71,Partly Cloudy,0,10,False,False,False,False,False,0.0
2026-08-03T01:33:34Z,IN,318,40.3543,-85.5576,70,Mostly Cloudy,9,7,False,False,False,False,False,0.0
2026-08-03T01:33:34Z,IN,319,40.3569,-85.56,70,Mostly Cloudy,9,7,False,False,False,False,False,0.0
2026-08-03T01:33:34Z,IN,320,41.2963,-85.0863,73,Partly Cloudy,8,10,False,False,False,False,False,0.0
2026-08-03T01:33:34Z,IN,321,41.5803,-85.0597,74,Mostly Cloudy,9,10,False,False,False,False,False,0.0
2026-08-03T01:33:34Z,IN,300,39.4417,-87.5002,73,Partly Cloudy,8,9,False,False,False,False,False,0.0
2026-08-03T01:33:34Z,IN,302,39.6517,-86.3967,72,Isolated Rain Showers,16,9,False,False,True,False,False,0.05
2026-08-03T01:33:34Z,IN,301,39.6541,-86.4005,72,Isolated Rain Showers,16,9,False,False,True,False,False,0.05
2026-08-03T01:33:34Z,IN,303,39.8243,-85.7039,71,Mostly Cloudy,9,8,False,False,False,False,False,0.0
2026-08-03T01:33:34Z,IN,304,39.8266,-85.704,71,Mostly Cloudy,9,8,False,False,False,False,False,0.0
2026-08-03T01:33:34Z,IN,305,39.8605,-85.0259,70,Partly Cloudy,4,7,False,False,False,False,False,0.0
2026-08-03T01:33:34Z,IN,323,39.29,-85.1688,70,Partly Cloudy,4,5,False,False,False,False,False,0.0
2026-08-03T01:33:34Z,IN,702,41.7472,-85.3285,72,Partly Cloudy,7,10,False,False,False,False,False,0.0
2026-08-03T01:33:34Z,IN,701,41.5889,-87.2173,69,Partly Cloudy,0,15,False,False,False,False,False,0.0
2026-08-03T01:33:34Z,IN,704,41.7058,-86.6212,67,Partly Cloudy,1,10,False,False,False,False,False,0.0
2026-08-03T01:33:34Z,IN,703,41.7071,-86.6235,67,Partly Cloudy,1,10,False,False,False,False,False,0.0
2026-08-03T01:33:34Z,IN,705,41.733,-86.0057,72,Partly Cloudy,12,10,False,False,False,False,False,0.0
2026-08-03T01:33:34Z,IN,708,41.7472,-85.3285,72,Partly Cloudy,7,10,False,False,False,False,False,0.0
2026-08-03T01:33:34Z,IN,707,41.7453,-85.3287,72,Partly Cloudy,7,10,False,False,False,False,False,0.0
2026-08-03T01:33:34Z,IN,324,41.7353,-86.7933,67,Partly Cloudy,0,15,False,False,False,False,False,0.0
2026-08-03T01:33:34Z,KY,KY00065IS0000020N65WELCOM,36.6434,-86.5687,72,Slight Chance T-storms,20,5,False,False,False,False,False,0.0
2026-08-03T01:33:34Z,KY,KY00065IS000020NSMARATHON,36.6612,-86.5553,72,Slight Chance T-storms,20,6,False,False,False,False,False,0.0
2026-08-03T01:33:34Z,KY,KY00065IS0000340NWEIGHS34,36.6868,-86.5379,73,Slight Chance T-storms,20,6,False,False,False,False,False,0.0
2026-08-03T01:33:34Z,KY,KY00065IS0011400S65SRA114,37.9464,-85.6905,72,Slight Chance T-storms,15,3,False,False,False,False,False,0.0
2026-08-03T01:33:34Z,KY,KY00065IS0005900S65SRA059,37.239,-85.9297,72,Slight Chance T-storms,19,1,False,False,False,False,False,0.0
2026-08-03T01:33:34Z,KY,KY00065IS0005900N65NRA059,37.2384,-85.9271,72,Slight Chance T-storms,19,1,False,False,False,False,False,0.0
2026-08-03T01:33:34Z,KY,KY00075IS0003300NWEIGHS33,37.0422,-84.0968,71,Chance Rain Showers,26,2,False,False,True,False,False,0.05
2026-08-03T01:33:34Z,KY,KY00075IS0003400SWEIGHS34,37.048,-84.0997,71,Chance Rain Showers,26,2,False,False,True,False,False,0.05
2026-08-03T01:33:34Z,KY,KY00075IS0017700N75NRA177,38.937,-84.6309,73,Partly Cloudy,14,3,False,False,False,False,False,0.0
2026-08-03T01:33:34Z,KY,KY00075IS0007500SWALTONWS,38.8653,-84.6476,70,Mostly Cloudy,9,3,False,False,False,False,False,0.0
2026-08-03T01:33:34Z,KY,KY00075IS0017700S75SRA177,38.9388,-84.6339,73,Partly Cloudy,14,3,False,False,False,False,False,0.0
2026-08-03T01:33:34Z,KY,KY00075IS0016800SCRITENWS,38.8196,-84.6015,70,Mostly Cloudy,9,3,False,False,False,False,False,0.0
2026-08-03T01:33:34Z,KY,KY00075IS0000100N75WELCOM,36.6162,-84.1054,72,Slight Chance Rain Showers,16,1,False,False,True,False,False,0.05
2026-08-03T01:50:06Z,IL,IL00080IE005100040,41.3938,-89.5665,75,Mostly Clear,0,5,False,False,False,False,True,0.2
2026-08-03T01:50:06Z,IL,IL00055IN006400027,39.3465,-89.6408,76,Mostly Clear,0,6,False,False,False,False,True,0.2
2026-08-03T01:50:06Z,IL,IL00057IS022200054,39.9314,-88.3043,73,Partly Cloudy,1,9,False,False,False,False,True,0.2
2026-08-03T01:50:06Z,IL,IL00039IN008500036,41.7236,-89.0062,72,Partly Cloudy,0,10,False,False,False,False,True,0.2
2026-08-03T01:50:06Z,IL,IL00057IN007900034,38.0297,-88.9203,75,Partly Cloudy,1,5,False,False,False,False,True,0.2
2026-08-03T01:50:06Z,IL,IL00074IW020800052,40.1298,-87.7441,73,Partly Cloudy,0,9,False,False,False,False,True,0.2
2026-08-03T01:50:06Z,IL,IL00074IE015600037,40.2732,-88.6762,73,Partly Cloudy,1,9,False,False,False,False,True,0.2
2026-08-03T01:50:06Z,IL,IL00055IN002700029,38.8649,-89.8532,76,Mostly Clear,0,7,False,False,False,False,True,0.2
2026-08-03T01:50:06Z,IL,IL00057IN022200048,39.9218,-88.299,73,Partly Cloudy,1,9,False,False,False,False,True,0.2
2026-08-03T01:50:06Z,IL,IL00064IE002500038,38.5481,-89.7731,76,Mostly Clear,0,7,False,False,False,False,True,0.2
2026-08-03T01:50:06Z,IL,IL00064IW013000053,38.2322,-87.9882,74,Mostly Cloudy,5,5,False,False,False,False,True,0.2
2026-08-03T01:50:06Z,IL,IL00072IW015200014,39.9888,-88.7852,75,Partly Cloudy,1,9,False,False,False,False,True,0.2
2026-08-03T01:50:06Z,IL,IL00055IN010400050,39.8627,-89.5948,74,Partly Cloudy,1,6,False,False,False,False,True,0.2
2026-08-03T01:50:06Z,IL,IL00074IW002800020,41.2141,-90.3308,75,Mostly Clear,0,5,False,False,False,False,True,0.2
2026-08-03T01:50:06Z,IL,IL00074IE002800030,41.2334,-90.333,75,Mostly Clear,0,5,False,False,False,False,True,0.2
2026-08-03T01:50:06Z,IL,IL00070IW002700015,38.7884,-89.6889,75,Mostly Clear,0,7,False,False,False,False,True,0.2
2026-08-03T01:50:06Z,IL,IL00064IW008500012,38.2766,-88.8012,75,Mostly Clear,0,5,False,False,False,False,True,0.2
2026-08-03T01:50:06Z,IL,IL00064IE008500039,38.273,-88.8496,76,Mostly Clear,0,5,False,False,False,False,True,0.2
2026-08-03T01:50:06Z,IL,IL00074IW015600009,40.2711,-88.6701,72,Partly Cloudy,1,9,False,False,False,False,True,0.2
2026-08-03T01:50:06Z,IL,IL00055IN014900028,40.3599,-89.1099,74,Partly Cloudy,1,8,False,False,False,False,True,0.2
2026-08-03T01:50:06Z,IL,IL00057IS026800022,40.5613,-88.0615,70,Mostly Clear,0,10,False,False,False,False,True,0.2
2026-08-03T01:50:06Z,IL,IL00057IS011400023,38.5965,-88.9677,76,Partly Cloudy,0,6,False,False,False,False,True,0.2
2026-08-03T01:50:06Z,IL,IL00055IS019400021,40.8371,-88.6833,72,Mostly Clear,0,5,False,False,False,False,True,0.2
2026-08-03T01:50:06Z,IL,IL00024IW003700010,37.1593,-88.6798,73,Mostly Cloudy,2,5,False,False,False,False,True,0.2
2026-08-03T01:50:06Z,IL,IL00057IS007900047,38.0962,-88.9138,77,Mostly Clear,1,5,False,False,False,False,True,0.2
2026-08-03T01:50:06Z,IL,IL00057IN033300049,41.3892,-87.7729,69,Mostly Clear,0,10,False,False,False,False,True,0.2
2026-08-03T01:50:06Z,IL,IL00064IW002500011,38.5491,-89.7633,76,Mostly Clear,0,7,False,False,False,False,True,0.2
2026-08-03T01:50:06Z,IL,IL00055IS006400017,39.3523,-89.6447,76,Mostly Clear,0,6,False,False,False,False,True,0.2
2026-08-03T01:50:06Z,IL,IL00080IW005100013,41.3937,-89.5591,76,Mostly Clear,0,5,False,False,False,False,True,0.2
2026-08-03T01:50:06Z,IL,IL00070IE008600051,39.0651,-88.6745,76,Partly Cloudy,2,7,False,False,False,False,True,0.2
2026-08-03T01:50:06Z,IL,IL00057IN026800032,40.5505,-88.0605,70,Mostly Clear,0,10,False,False,False,False,True,0.2
2026-08-03T01:50:06Z,IL,IL00070IE002700042,38.7849,-89.7023,76,Mostly Clear,0,7,False,False,False,False,True,0.2
2026-08-03T01:50:06Z,IL,IL00080IE011700043,41.4314,-88.3454,72,Mostly Clear,0,10,False,False,False,False,True,0.2
2026-08-03T01:50:06Z,IL,IL00080IW011700016,41.4473,-88.3285,73,Mostly Clear,0,10,False,False,False,False,True,0.2
2026-08-03T01:50:06Z,IL,IL00039IS008500026,41.7285,-89.0105,72,Partly Cloudy,0,10,False,False,False,False,True,0.2
2026-08-03T01:50:06Z,IL,IL00055IS002700019,38.8723,-89.8511,76,Mostly Clear,0,7,False,False,False,False,True,0.2
2026-08-03T01:50:06Z,IL,IL00057IS033300046,41.3918,-87.7749,69,Mostly Clear,0,10,False,False,False,False,True,0.2
2026-08-03T01:50:06Z,IL,IL00072IE015200041,39.9923,-88.7827,75,Partly Cloudy,1,9,False,False,False,False,True,0.2
2026-08-03T01:50:06Z,IL,IL00074IW006200004,40.8802,-90.0895,75,Mostly Clear,0,6,False,False,False,False,True,0.2
2026-08-03T01:50:06Z,IL,IL00055IN019400031,40.8234,-88.6875,72,Mostly Clear,0,5,False,False,False,False,True,0.2
2026-08-03T01:50:06Z,IL,IL00057IN011400033,38.5963,-88.9638,76,Partly Cloudy,0,6,False,False,False,False,True,0.2
2026-08-03T01:50:06Z,IL,IL00070IW008700045,39.0679,-88.6704,76,Partly Cloudy,2,7,False,False,False,False,True,0.2
2026-08-03T01:50:06Z,IL,IL00057IS016500018,39.1993,-88.502,77,Partly Cloudy,2,7,False,False,False,False,True,0.2
2026-08-03T01:50:06Z,IL,IL00074IE011400005,40.6125,-89.245,74,Partly Cloudy,2,7,False,False,False,False,True,0.2
2026-08-03T01:50:06Z,IL,IL00074IW011400006,40.6111,-89.2323,74,Partly Cloudy,2,7,False,False,False,False,True,0.2
2026-08-03T01:50:06Z,IL,IL00074IE006200001,40.8788,-90.0936,75,Mostly Clear,0,6,False,False,False,False,True,0.2
2026-08-03T01:50:06Z,IL,IL00070IW014900008,39.4228,-87.6617,74,Partly Cloudy,2,9,False,False,False,False,True,0.2
2026-08-03T01:50:06Z,IL,IL00057IN016500044,39.1898,-88.5031,76,Partly Cloudy,2,7,False,False,False,False,True,0.2
2026-08-03T01:50:06Z,IL,IL00055IS010400024,39.8871,-89.5966,75,Partly Cloudy,1,6,False,False,False,False,True,0.2
2026-08-03T01:50:06Z,IL,IL00057IS003200025,37.4699,-89.1329,75,Partly Cloudy,1,3,False,False,False,False,True,0.2
2026-08-03T01:50:06Z,IL,IL00057IN003200035,37.4661,-89.1324,75,Partly Cloudy,1,3,False,False,False,False,True,0.2
2026-08-03T01:50:06Z,IN,322,38.195,-87.8597,74,Mostly Cloudy,4,6,False,False,False,False,False,0.0
2026-08-03T01:50:06Z,IN,317,38.5852,-85.7768,73,Partly Cloudy,9,5,False,False,False,False,False,0.0
2026-08-03T01:50:06Z,IN,316,38.5859,-85.7809,73,Partly Cloudy,9,5,False,False,False,False,False,0.0
2026-08-03T01:50:06Z,IN,315,39.2602,-85.9521,73,Partly Cloudy,8,5,False,False,False,False,False,0.0
2026-08-03T01:50:06Z,IN,314,39.2767,-85.9569,72,Mostly Cloudy,9,7,False,False,False,False,False,0.0
2026-08-03T01:50:06Z,IN,313,40.1578,-86.5387,71,Mostly Cloudy,14,10,False,False,False,False,False,0.0
2026-08-03T01:50:06Z,IN,312,40.1722,-86.5522,71,Mostly Cloudy,14,10,False,False,False,False,False,0.0
2026-08-03T01:50:06Z,IN,311,40.6992,-87.0628,71,Mostly Cloudy,3,15,False,False,False,False,False,0.0
2026-08-03T01:50:06Z,IN,310,40.6984,-87.0646,71,Mostly Cloudy,3,15,False,False,False,False,False,0.0
2026-08-03T01:50:06Z,IN,308,41.1653,-87.271,69,Partly Cloudy,0,10,False,False,False,False,False,0.0
2026-08-03T01:50:06Z,IN,309,41.1666,-87.2749,69,Partly Cloudy,0,10,False,False,False,False,False,0.0
2026-08-03T01:50:06Z,IN,318,40.3543,-85.5576,70,Mostly Cloudy,9,7,False,False,False,False,False,0.0
2026-08-03T01:50:06Z,IN,319,40.3569,-85.56,70,Mostly Cloudy,9,7,False,False,False,False,False,0.0
2026-08-03T01:50:06Z,IN,320,41.2963,-85.0863,73,Partly Cloudy,8,10,False,False,False,False,False,0.0
2026-08-03T01:50:06Z,IN,321,41.5803,-85.0597,72,Partly Cloudy,6,10,False,False,False,False,False,0.0
2026-08-03T01:50:06Z,IN,300,39.4417,-87.5002,73,Partly Cloudy,8,9,False,False,False,False,False,0.0
2026-08-03T01:50:06Z,IN,302,39.6517,-86.3967,72,Isolated Rain Showers,16,9,False,False,True,False,False,0.05
2026-08-03T01:50:06Z,IN,301,39.6541,-86.4005,72,Isolated Rain Showers,16,9,False,False,True,False,False,0.05
2026-08-03T01:50:06Z,IN,303,39.8243,-85.7039,71,Mostly Cloudy,9,8,False,False,False,False,False,0.0
2026-08-03T01:50:06Z,IN,304,39.8266,-85.704,71,Mostly Cloudy,9,8,False,False,False,False,False,0.0
2026-08-03T01:50:06Z,IN,305,39.8605,-85.0259,70,Partly Cloudy,4,7,False,False,False,False,False,0.0
2026-08-03T01:50:06Z,IN,323,39.29,-85.1688,70,Partly Cloudy,4,5,False,False,False,False,False,0.0
2026-08-03T01:50:06Z,IN,702,41.7472,-85.3285,72,Partly Cloudy,7,10,False,False,False,False,False,0.0
2026-08-03T01:50:06Z,IN,701,41.5889,-87.2173,69,Partly Cloudy,0,15,False,False,False,False,False,0.0
2026-08-03T01:50:06Z,IN,704,41.7058,-86.6212,67,Partly Cloudy,1,10,False,False,False,False,False,0.0
2026-08-03T01:50:06Z,IN,703,41.7071,-86.6235,67,Partly Cloudy,1,10,False,False,False,False,False,0.0
2026-08-03T01:50:06Z,IN,705,41.733,-86.0057,72,Partly Cloudy,12,10,False,False,False,False,False,0.0
2026-08-03T01:50:06Z,IN,708,41.7472,-85.3285,72,Partly Cloudy,7,10,False,False,False,False,False,0.0
2026-08-03T01:50:06Z,IN,707,41.7453,-85.3287,72,Partly Cloudy,7,10,False,False,False,False,False,0.0
2026-08-03T01:50:06Z,IN,324,41.7353,-86.7933,67,Partly Cloudy,0,15,False,False,False,False,False,0.0
2026-08-03T01:50:06Z,KY,KY00065IS0000020N65WELCOM,36.6434,-86.5687,72,Slight Chance T-storms,20,5,False,False,False,False,False,0.0
2026-08-03T01:50:06Z,KY,KY00065IS000020NSMARATHON,36.6612,-86.5553,72,Slight Chance T-storms,20,6,False,False,False,False,False,0.0
2026-08-03T01:50:06Z,KY,KY00065IS0000340NWEIGHS34,36.6868,-86.5379,73,Slight Chance T-storms,20,6,False,False,False,False,False,0.0
2026-08-03T01:50:06Z,KY,KY00065IS0011400S65SRA114,37.9464,-85.6905,72,Slight Chance T-storms,15,3,False,False,False,False,False,0.0
2026-08-03T01:50:06Z,KY,KY00065IS0005900S65SRA059,37.239,-85.9297,72,Slight Chance T-storms,19,1,False,False,False,False,False,0.0
2026-08-03T01:50:06Z,KY,KY00065IS0005900N65NRA059,37.2384,-85.9271,72,Slight Chance T-storms,19,1,False,False,False,False,False,0.0
2026-08-03T01:50:06Z,KY,KY00075IS0003300NWEIGHS33,37.0422,-84.0968,71,Chance Rain Showers,26,2,False,False,True,False,False,0.05
2026-08-03T01:50:06Z,KY,KY00075IS0003400SWEIGHS34,37.048,-84.0997,71,Chance Rain Showers,26,2,False,False,True,False,False,0.05
2026-08-03T01:50:06Z,KY,KY00075IS0017700N75NRA177,38.937,-84.6309,70,Mostly Cloudy,9,5,False,False,False,False,False,0.0
2026-08-03T01:50:06Z,KY,KY00075IS0007500SWALTONWS,38.8653,-84.6476,70,Mostly Cloudy,9,3,False,False,False,False,False,0.0
2026-08-03T01:50:06Z,KY,KY00075IS0017700S75SRA177,38.9388,-84.6339,70,Mostly Cloudy,9,5,False,False,False,False,False,0.0
2026-08-03T01:50:06Z,KY,KY00075IS0016800SCRITENWS,38.8196,-84.6015,70,Mostly Cloudy,9,3,False,False,False,False,False,0.0
2026-08-03T01:50:06Z,KY,KY00075IS0000100N75WELCOM,36.6162,-84.1054,72,Slight Chance Rain Showers,16,1,False,False,True,False,False,0.05
2026-08-03T02:06:40Z,IL,IL00080IE005100040,41.3938,-89.5665,71,Mostly Clear,0,5,False,False,False,False,True,0.2
2026-08-03T02:06:40Z,IL,IL00055IN006400027,39.3465,-89.6408,72,Mostly Clear,0,5,False,False,False,False,True,0.2
2026-08-03T02:06:40Z,IL,IL00057IS022200054,39.9314,-88.3043,70,Mostly Clear,0,8,False,False,False,False,True,0.2
2026-08-03T02:06:40Z,IL,IL00039IN008500036,41.7236,-89.0062,69,Partly Cloudy,0,5,False,False,False,False,True,0.2
2026-08-03T02:06:40Z,IL,IL00057IN007900034,38.0297,-88.9203,74,Mostly Clear,0,5,False,False,False,False,True,0.2
2026-08-03T02:06:40Z,IL,IL00074IW020800052,40.1298,-87.7441,70,Partly Cloudy,0,7,False,False,False,False,True,0.2
2026-08-03T02:06:40Z,IL,IL00074IE015600037,40.2732,-88.6762,70,Mostly Clear,0,8,False,False,False,False,True,0.2
2026-08-03T02:06:40Z,IL,IL00055IN002700029,38.8649,-89.8532,73,Mostly Clear,0,6,False,False,False,False,True,0.2
2026-08-03T02:06:40Z,IL,IL00057IN022200048,39.9218,-88.299,70,Mostly Clear,0,8,False,False,False,False,True,0.2
2026-08-03T02:06:40Z,IL,IL00064IE002500038,38.5481,-89.7731,73,Mostly Clear,0,6,False,False,False,False,True,0.2
2026-08-03T02:06:40Z,IL,IL00064IW013000053,38.2322,-87.9882,73,Partly Cloudy,1,5,False,False,False,False,True,0.2
2026-08-03T02:06:40Z,IL,IL00072IW015200014,39.9888,-88.7852,72,Mostly Clear,1,7,False,False,False,False,True,0.2
2026-08-03T02:06:40Z,IL,IL00055IN010400050,39.8627,-89.5948,71,Mostly Clear,1,5,False,False,False,False,True,0.2
2026-08-03T02:06:40Z,IL,IL00074IW002800020,41.2141,-90.3308,71,Mostly Clear,0,5,False,False,False,False,True,0.2
2026-08-03T02:06:40Z,IL,IL00074IE002800030,41.2334,-90.333,71,Mostly Clear,0,5,False,False,False,False,True,0.2
2026-08-03T02:06:40Z,IL,IL00070IW002700015,38.7884,-89.6889,73,Mostly Clear,0,5,False,False,False,False,True,0.2
2026-08-03T02:06:40Z,IL,IL00064IW008500012,38.2766,-88.8012,74,Mostly Clear,0,5,False,False,False,False,True,0.2
2026-08-03T02:06:40Z,IL,IL00064IE008500039,38.273,-88.8496,74,Mostly Clear,0,5,False,False,False,False,True,0.2
2026-08-03T02:06:40Z,IL,IL00074IW015600009,40.2711,-88.6701,69,Mostly Clear,0,8,False,False,False,False,True,0.2
2026-08-03T02:06:40Z,IL,IL00055IN014900028,40.3599,-89.1099,71,Mostly Clear,1,7,False,False,False,False,True,0.2
2026-08-03T02:06:40Z,IL,IL00057IS026800022,40.5613,-88.0615,69,Mostly Clear,0,5,False,False,False,False,True,0.2
2026-08-03T02:06:40Z,IL,IL00057IS011400023,38.5965,-88.9677,72,Mostly Clear,0,5,False,False,False,False,True,0.2
2026-08-03T02:06:40Z,IL,IL00055IS019400021,40.8371,-88.6833,70,Mostly Clear,0,5,False,False,False,False,True,0.2
2026-08-03T02:06:40Z,IL,IL00024IW003700010,37.1593,-88.6798,73,Mostly Clear,0,3,False,False,False,False,True,0.2
2026-08-03T02:06:40Z,IL,IL00057IS007900047,38.0962,-88.9138,76,Mostly Clear,0,5,False,False,False,False,True,0.2
2026-08-03T02:06:40Z,IL,IL00057IN033300049,41.3892,-87.7729,68,Mostly Clear,0,10,False,False,False,False,True,0.2
2026-08-03T02:06:40Z,IL,IL00064IW002500011,38.5491,-89.7633,73,Mostly Clear,0,6,False,False,False,False,True,0.2
2026-08-03T02:06:40Z,IL,IL00055IS006400017,39.3523,-89.6447,72,Mostly Clear,0,5,False,False,False,False,True,0.2
2026-08-03T02:06:40Z,IL,IL00080IW005100013,41.3937,-89.5591,70,Mostly Clear,0,5,False,False,False,False,True,0.2
2026-08-03T02:06:40Z,IL,IL00070IE008600051,39.0651,-88.6745,76,Partly Cloudy,2,7,False,False,False,False,True,0.2
2026-08-03T02:06:40Z,IL,IL00057IN026800032,40.5505,-88.0605,69,Mostly Clear,0,5,False,False,False,False,True,0.2
2026-08-03T02:06:40Z,IL,IL00070IE002700042,38.7849,-89.7023,73,Mostly Clear,0,5,False,False,False,False,True,0.2
2026-08-03T02:06:40Z,IL,IL00080IE011700043,41.4314,-88.3454,70,Mostly Clear,0,5,False,False,False,False,True,0.2
2026-08-03T02:06:40Z,IL,IL00080IW011700016,41.4473,-88.3285,70,Mostly Clear,0,5,False,False,False,False,True,0.2
2026-08-03T02:06:40Z,IL,IL00039IS008500026,41.7285,-89.0105,69,Partly Cloudy,0,5,False,False,False,False,True,0.2
2026-08-03T02:06:40Z,IL,IL00055IS002700019,38.8723,-89.8511,73,Mostly Clear,0,6,False,False,False,False,True,0.2
2026-08-03T02:06:40Z,IL,IL00057IS033300046,41.3918,-87.7749,68,Mostly Clear,0,10,False,False,False,False,True,0.2
2026-08-03T02:06:40Z,IL,IL00072IE015200041,39.9923,-88.7827,72,Mostly Clear,1,7,False,False,False,False,True,0.2
2026-08-03T02:06:40Z,IL,IL00074IW006200004,40.8802,-90.0895,71,Mostly Clear,0,5,False,False,False,False,True,0.2
2026-08-03T02:06:40Z,IL,IL00055IN019400031,40.8234,-88.6875,70,Mostly Clear,0,5,False,False,False,False,True,0.2
2026-08-03T02:06:40Z,IL,IL00057IN011400033,38.5963,-88.9638,72,Mostly Clear,0,5,False,False,False,False,True,0.2
2026-08-03T02:06:40Z,IL,IL00070IW008700045,39.0679,-88.6704,76,Partly Cloudy,2,7,False,False,False,False,True,0.2
2026-08-03T02:06:40Z,IL,IL00057IS016500018,39.1993,-88.502,77,Partly Cloudy,2,7,False,False,False,False,True,0.2
2026-08-03T02:06:40Z,IL,IL00074IE011400005,40.6125,-89.245,71,Mostly Clear,1,6,False,False,False,False,True,0.2
2026-08-03T02:06:40Z,IL,IL00074IW011400006,40.6111,-89.2323,71,Mostly Clear,1,6,False,False,False,False,True,0.2
2026-08-03T02:06:40Z,IL,IL00074IE006200001,40.8788,-90.0936,71,Mostly Clear,0,5,False,False,False,False,True,0.2
2026-08-03T02:06:40Z,IL,IL00070IW014900008,39.4228,-87.6617,71,Partly Cloudy,1,8,False,False,False,False,True,0.2
2026-08-03T02:06:40Z,IL,IL00057IN016500044,39.1898,-88.5031,73,Mostly Clear,1,6,False,False,False,False,True,0.2
2026-08-03T02:06:40Z,IL,IL00055IS010400024,39.8871,-89.5966,72,Mostly Clear,1,5,False,False,False,False,True,0.2
2026-08-03T02:06:40Z,IL,IL00057IS003200025,37.4699,-89.1329,74,Mostly Clear,0,3,False,False,False,False,True,0.2
2026-08-03T02:06:40Z,IL,IL00057IN003200035,37.4661,-89.1324,74,Mostly Clear,0,3,False,False,False,False,True,0.2
2026-08-03T02:06:40Z,IN,322,38.195,-87.8597,73,Mostly Clear,0,3,False,False,False,False,False,0.0
2026-08-03T02:06:40Z,IN,317,38.5852,-85.7768,71,Partly Cloudy,10,5,False,False,False,False,False,0.0
2026-08-03T02:06:40Z,IN,316,38.5859,-85.7809,71,Partly Cloudy,10,5,False,False,False,False,False,0.0
2026-08-03T02:06:40Z,IN,315,39.2602,-85.9521,73,Partly Cloudy,8,5,False,False,False,False,False,0.0
2026-08-03T02:06:40Z,IN,314,39.2767,-85.9569,71,Partly Cloudy,7,3,False,False,False,False,False,0.0
2026-08-03T02:06:40Z,IN,313,40.1578,-86.5387,70,Mostly Cloudy,10,9,False,False,False,False,False,0.0
2026-08-03T02:06:40Z,IN,312,40.1722,-86.5522,69,Mostly Cloudy,10,9,False,False,False,False,False,0.0
2026-08-03T02:06:40Z,IN,311,40.6992,-87.0628,68,Mostly Cloudy,3,10,False,False,False,False,False,0.0
2026-08-03T02:06:40Z,IN,310,40.6984,-87.0646,68,Mostly Cloudy,3,10,False,False,False,False,False,0.0
2026-08-03T02:06:40Z,IN,308,41.1653,-87.271,69,Partly Cloudy,0,10,False,False,False,False,False,0.0
2026-08-03T02:06:40Z,IN,309,41.1666,-87.2749,69,Partly Cloudy,0,10,False,False,False,False,False,0.0
2026-08-03T02:06:40Z,IN,318,40.3543,-85.5576,69,Partly Cloudy,8,6,False,False,False,False,False,0.0
2026-08-03T02:06:40Z,IN,319,40.3569,-85.56,69,Partly Cloudy,8,6,False,False,False,False,False,0.0
2026-08-03T02:06:40Z,IN,320,41.2963,-85.0863,70,Partly Cloudy,5,10,False,False,False,False,False,0.0
2026-08-03T02:06:40Z,IN,321,41.5803,-85.0597,72,Partly Cloudy,6,10,False,False,False,False,False,0.0
2026-08-03T02:06:40Z,IN,300,39.4417,-87.5002,73,Partly Cloudy,6,6,False,False,False,False,False,0.0
2026-08-03T02:06:40Z,IN,302,39.6517,-86.3967,70,Mostly Cloudy,12,8,False,False,False,False,False,0.0
2026-08-03T02:06:40Z,IN,301,39.6541,-86.4005,70,Mostly Cloudy,12,8,False,False,False,False,False,0.0
2026-08-03T02:06:40Z,IN,303,39.8243,-85.7039,70,Partly Cloudy,8,3,False,False,False,False,False,0.0
2026-08-03T02:06:40Z,IN,304,39.8266,-85.704,70,Partly Cloudy,8,3,False,False,False,False,False,0.0
2026-08-03T02:06:40Z,IN,305,39.8605,-85.0259,68,Partly Cloudy,1,6,False,False,False,False,False,0.0
2026-08-03T02:06:40Z,IN,323,39.29,-85.1688,68,Partly Cloudy,3,5,False,False,False,False,False,0.0
2026-08-03T02:06:40Z,IN,702,41.7472,-85.3285,70,Partly Cloudy,3,10,False,False,False,False,False,0.0
2026-08-03T02:06:40Z,IN,701,41.5889,-87.2173,69,Mostly Cloudy,0,15,False,False,False,False,False,0.0
2026-08-03T02:06:40Z,IN,704,41.7058,-86.6212,66,Partly Cloudy,0,10,False,False,False,False,False,0.0
2026-08-03T02:06:40Z,IN,703,41.7071,-86.6235,66,Partly Cloudy,0,10,False,False,False,False,False,0.0
2026-08-03T02:06:40Z,IN,705,41.733,-86.0057,70,Partly Cloudy,6,10,False,False,False,False,False,0.0
2026-08-03T02:06:40Z,IN,708,41.7472,-85.3285,70,Partly Cloudy,3,10,False,False,False,False,False,0.0
2026-08-03T02:06:40Z,IN,707,41.7453,-85.3287,70,Partly Cloudy,3,10,False,False,False,False,False,0.0
2026-08-03T02:06:40Z,IN,324,41.7353,-86.7933,67,Partly Cloudy,0,10,False,False,False,False,False,0.0
2026-08-03T02:06:40Z,KY,KY00065IS0000020N65WELCOM,36.6434,-86.5687,71,Mostly Cloudy,13,5,False,False,False,False,False,0.0
2026-08-03T02:06:40Z,KY,KY00065IS000020NSMARATHON,36.6612,-86.5553,71,Mostly Cloudy,14,5,False,False,False,False,False,0.0
2026-08-03T02:06:40Z,KY,KY00065IS0000340NWEIGHS34,36.6868,-86.5379,72,Mostly Cloudy,14,5,False,False,False,False,False,0.0
2026-08-03T02:06:40Z,KY,KY00065IS0011400S65SRA114,37.9464,-85.6905,71,Slight Chance T-storms,15,3,False,False,False,False,False,0.0
2026-08-03T02:06:40Z,KY,KY00065IS0005900S65SRA059,37.239,-85.9297,70,Slight Chance T-storms,16,1,False,False,False,False,False,0.0
2026-08-03T02:06:40Z,KY,KY00065IS0005900N65NRA059,37.2384,-85.9271,70,Slight Chance T-storms,16,1,False,False,False,False,False,0.0
2026-08-03T02:06:40Z,KY,KY00075IS0003300NWEIGHS33,37.0422,-84.0968,69,Slight Chance Rain Showers,19,1,False,False,True,False,False,0.05
2026-08-03T02:06:40Z,KY,KY00075IS0003400SWEIGHS34,37.048,-84.0997,69,Slight Chance Rain Showers,19,1,False,False,True,False,False,0.05
2026-08-03T02:06:40Z,KY,KY00075IS0017700N75NRA177,38.937,-84.6309,70,Mostly Cloudy,9,5,False,False,False,False,False,0.0
2026-08-03T02:06:40Z,KY,KY00075IS0007500SWALTONWS,38.8653,-84.6476,69,Partly Cloudy,9,5,False,False,False,False,False,0.0
2026-08-03T02:06:40Z,KY,KY00075IS0017700S75SRA177,38.9388,-84.6339,70,Mostly Cloudy,9,5,False,False,False,False,False,0.0
2026-08-03T02:06:40Z,KY,KY00075IS0016800SCRITENWS,38.8196,-84.6015,69,Partly Cloudy,8,5,False,False,False,False,False,0.0
2026-08-03T02:06:40Z,KY,KY00075IS0000100N75WELCOM,36.6162,-84.1054,71,Partly Cloudy,11,0,False,False,False,False,False,0.0
2026-08-03T02:23:29Z,IL,IL00080IE005100040,41.3938,-89.5665,71,Mostly Clear,0,5,False,False,False,False,True,0.2
2026-08-03T02:23:29Z,IL,IL00055IN006400027,39.3465,-89.6408,72,Mostly Clear,0,5,False,False,False,False,True,0.2
2026-08-03T02:23:29Z,IL,IL00057IS022200054,39.9314,-88.3043,70,Mostly Clear,0,8,False,False,False,False,True,0.2
2026-08-03T02:23:29Z,IL,IL00039IN008500036,41.7236,-89.0062,69,Partly Cloudy,0,5,False,False,False,False,True,0.2
2026-08-03T02:23:29Z,IL,IL00057IN007900034,38.0297,-88.9203,74,Mostly Clear,0,5,False,False,False,False,True,0.2
2026-08-03T02:23:29Z,IL,IL00074IW020800052,40.1298,-87.7441,70,Partly Cloudy,0,7,False,False,False,False,True,0.2
2026-08-03T02:23:29Z,IL,IL00074IE015600037,40.2732,-88.6762,70,Mostly Clear,0,8,False,False,False,False,True,0.2
2026-08-03T02:23:29Z,IL,IL00055IN002700029,38.8649,-89.8532,73,Mostly Clear,0,6,False,False,False,False,True,0.2
2026-08-03T02:23:29Z,IL,IL00057IN022200048,39.9218,-88.299,70,Mostly Clear,0,8,False,False,False,False,True,0.2
2026-08-03T02:23:29Z,IL,IL00064IE002500038,38.5481,-89.7731,73,Mostly Clear,0,6,False,False,False,False,True,0.2
2026-08-03T02:23:29Z,IL,IL00064IW013000053,38.2322,-87.9882,73,Partly Cloudy,1,5,False,False,False,False,True,0.2
2026-08-03T02:23:29Z,IL,IL00072IW015200014,39.9888,-88.7852,72,Mostly Clear,1,7,False,False,False,False,True,0.2
2026-08-03T02:23:29Z,IL,IL00055IN010400050,39.8627,-89.5948,71,Mostly Clear,1,5,False,False,False,False,True,0.2
2026-08-03T02:23:29Z,IL,IL00074IW002800020,41.2141,-90.3308,71,Mostly Clear,0,5,False,False,False,False,True,0.2
2026-08-03T02:23:29Z,IL,IL00074IE002800030,41.2334,-90.333,71,Mostly Clear,0,5,False,False,False,False,True,0.2
2026-08-03T02:23:29Z,IL,IL00070IW002700015,38.7884,-89.6889,73,Mostly Clear,0,5,False,False,False,False,True,0.2
2026-08-03T02:23:29Z,IL,IL00064IW008500012,38.2766,-88.8012,74,Mostly Clear,0,5,False,False,False,False,True,0.2
2026-08-03T02:23:29Z,IL,IL00064IE008500039,38.273,-88.8496,74,Mostly Clear,0,5,False,False,False,False,True,0.2
2026-08-03T02:23:29Z,IL,IL00074IW015600009,40.2711,-88.6701,69,Mostly Clear,0,8,False,False,False,False,True,0.2
2026-08-03T02:23:29Z,IL,IL00055IN014900028,40.3599,-89.1099,71,Mostly Clear,1,7,False,False,False,False,True,0.2
2026-08-03T02:23:29Z,IL,IL00057IS026800022,40.5613,-88.0615,69,Mostly Clear,0,5,False,False,False,False,True,0.2
2026-08-03T02:23:29Z,IL,IL00057IS011400023,38.5965,-88.9677,72,Mostly Clear,0,5,False,False,False,False,True,0.2
2026-08-03T02:23:29Z,IL,IL00055IS019400021,40.8371,-88.6833,70,Mostly Clear,0,5,False,False,False,False,True,0.2
2026-08-03T02:23:29Z,IL,IL00024IW003700010,37.1593,-88.6798,73,Mostly Clear,0,3,False,False,False,False,True,0.2
2026-08-03T02:23:29Z,IL,IL00057IS007900047,38.0962,-88.9138,76,Mostly Clear,0,5,False,False,False,False,True,0.2
2026-08-03T02:23:29Z,IL,IL00057IN033300049,41.3892,-87.7729,68,Mostly Clear,0,10,False,False,False,False,True,0.2
2026-08-03T02:23:29Z,IL,IL00064IW002500011,38.5491,-89.7633,73,Mostly Clear,0,6,False,False,False,False,True,0.2
2026-08-03T02:23:29Z,IL,IL00055IS006400017,39.3523,-89.6447,72,Mostly Clear,0,5,False,False,False,False,True,0.2
2026-08-03T02:23:29Z,IL,IL00080IW005100013,41.3937,-89.5591,70,Mostly Clear,0,5,False,False,False,False,True,0.2
2026-08-03T02:23:29Z,IL,IL00070IE008600051,39.0651,-88.6745,76,Partly Cloudy,2,7,False,False,False,False,True,0.2
2026-08-03T02:23:29Z,IL,IL00057IN026800032,40.5505,-88.0605,69,Mostly Clear,0,5,False,False,False,False,True,0.2
2026-08-03T02:23:29Z,IL,IL00070IE002700042,38.7849,-89.7023,73,Mostly Clear,0,5,False,False,False,False,True,0.2
2026-08-03T02:23:29Z,IL,IL00080IE011700043,41.4314,-88.3454,70,Mostly Clear,0,5,False,False,False,False,True,0.2
2026-08-03T02:23:29Z,IL,IL00080IW011700016,41.4473,-88.3285,70,Mostly Clear,0,5,False,False,False,False,True,0.2
2026-08-03T02:23:29Z,IL,IL00039IS008500026,41.7285,-89.0105,69,Partly Cloudy,0,5,False,False,False,False,True,0.2
2026-08-03T02:23:29Z,IL,IL00055IS002700019,38.8723,-89.8511,73,Mostly Clear,0,6,False,False,False,False,True,0.2
2026-08-03T02:23:29Z,IL,IL00057IS033300046,41.3918,-87.7749,68,Mostly Clear,0,10,False,False,False,False,True,0.2
2026-08-03T02:23:29Z,IL,IL00072IE015200041,39.9923,-88.7827,72,Mostly Clear,1,7,False,False,False,False,True,0.2
2026-08-03T02:23:29Z,IL,IL00074IW006200004,40.8802,-90.0895,71,Mostly Clear,0,5,False,False,False,False,True,0.2
2026-08-03T02:23:29Z,IL,IL00055IN019400031,40.8234,-88.6875,70,Mostly Clear,0,5,False,False,False,False,True,0.2
2026-08-03T02:23:29Z,IL,IL00057IN011400033,38.5963,-88.9638,72,Mostly Clear,0,5,False,False,False,False,True,0.2
2026-08-03T02:23:29Z,IL,IL00070IW008700045,39.0679,-88.6704,76,Partly Cloudy,2,7,False,False,False,False,True,0.2
2026-08-03T02:23:29Z,IL,IL00057IS016500018,39.1993,-88.502,77,Partly Cloudy,2,7,False,False,False,False,True,0.2
2026-08-03T02:23:29Z,IL,IL00074IE011400005,40.6125,-89.245,71,Mostly Clear,1,6,False,False,False,False,True,0.2
2026-08-03T02:23:29Z,IL,IL00074IW011400006,40.6111,-89.2323,71,Mostly Clear,1,6,False,False,False,False,True,0.2
2026-08-03T02:23:29Z,IL,IL00074IE006200001,40.8788,-90.0936,71,Mostly Clear,0,5,False,False,False,False,True,0.2
2026-08-03T02:23:29Z,IL,IL00070IW014900008,39.4228,-87.6617,71,Partly Cloudy,1,8,False,False,False,False,True,0.2
2026-08-03T02:23:29Z,IL,IL00057IN016500044,39.1898,-88.5031,73,Mostly Clear,1,6,False,False,False,False,True,0.2
2026-08-03T02:23:29Z,IL,IL00055IS010400024,39.8871,-89.5966,72,Mostly Clear,1,5,False,False,False,False,True,0.2
2026-08-03T02:23:29Z,IL,IL00057IS003200025,37.4699,-89.1329,74,Mostly Clear,0,3,False,False,False,False,True,0.2
2026-08-03T02:23:29Z,IL,IL00057IN003200035,37.4661,-89.1324,74,Mostly Clear,0,3,False,False,False,False,True,0.2
2026-08-03T02:23:29Z,IN,322,38.195,-87.8597,73,Mostly Clear,0,3,False,False,False,False,False,0.0
2026-08-03T02:23:29Z,IN,317,38.5852,-85.7768,71,Partly Cloudy,10,5,False,False,False,False,False,0.0
2026-08-03T02:23:29Z,IN,316,38.5859,-85.7809,71,Partly Cloudy,10,5,False,False,False,False,False,0.0
2026-08-03T02:23:29Z,IN,315,39.2602,-85.9521,73,Partly Cloudy,8,5,False,False,False,False,False,0.0
2026-08-03T02:23:29Z,IN,314,39.2767,-85.9569,71,Partly Cloudy,7,3,False,False,False,False,False,0.0
2026-08-03T02:23:29Z,IN,313,40.1578,-86.5387,70,Mostly Cloudy,10,9,False,False,False,False,False,0.0
2026-08-03T02:23:29Z,IN,312,40.1722,-86.5522,69,Mostly Cloudy,10,9,False,False,False,False,False,0.0
2026-08-03T02:23:29Z,IN,311,40.6992,-87.0628,68,Mostly Cloudy,3,10,False,False,False,False,False,0.0
2026-08-03T02:23:29Z,IN,310,40.6984,-87.0646,68,Mostly Cloudy,3,10,False,False,False,False,False,0.0
2026-08-03T02:23:29Z,IN,308,41.1653,-87.271,69,Partly Cloudy,0,10,False,False,False,False,False,0.0
2026-08-03T02:23:29Z,IN,309,41.1666,-87.2749,69,Partly Cloudy,0,10,False,False,False,False,False,0.0
2026-08-03T02:23:29Z,IN,318,40.3543,-85.5576,69,Partly Cloudy,8,6,False,False,False,False,False,0.0
2026-08-03T02:23:29Z,IN,319,40.3569,-85.56,69,Partly Cloudy,8,6,False,False,False,False,False,0.0
2026-08-03T02:23:29Z,IN,320,41.2963,-85.0863,70,Partly Cloudy,5,10,False,False,False,False,False,0.0
2026-08-03T02:23:29Z,IN,321,41.5803,-85.0597,72,Partly Cloudy,6,10,False,False,False,False,False,0.0
2026-08-03T02:23:29Z,IN,300,39.4417,-87.5002,73,Partly Cloudy,6,6,False,False,False,False,False,0.0
2026-08-03T02:23:29Z,IN,302,39.6517,-86.3967,70,Mostly Cloudy,12,8,False,False,False,False,False,0.0
2026-08-03T02:23:29Z,IN,301,39.6541,-86.4005,70,Mostly Cloudy,12,8,False,False,False,False,False,0.0
2026-08-03T02:23:29Z,IN,303,39.8243,-85.7039,70,Partly Cloudy,8,3,False,False,False,False,False,0.0
2026-08-03T02:23:29Z,IN,304,39.8266,-85.704,70,Partly Cloudy,8,3,False,False,False,False,False,0.0
2026-08-03T02:23:29Z,IN,305,39.8605,-85.0259,68,Partly Cloudy,1,6,False,False,False,False,False,0.0
2026-08-03T02:23:29Z,IN,323,39.29,-85.1688,68,Partly Cloudy,3,5,False,False,False,False,False,0.0
2026-08-03T02:23:29Z,IN,702,41.7472,-85.3285,70,Partly Cloudy,3,10,False,False,False,False,False,0.0
2026-08-03T02:23:29Z,IN,701,41.5889,-87.2173,69,Mostly Cloudy,0,15,False,False,False,False,False,0.0
2026-08-03T02:23:29Z,IN,704,41.7058,-86.6212,66,Partly Cloudy,0,10,False,False,False,False,False,0.0
2026-08-03T02:23:29Z,IN,703,41.7071,-86.6235,66,Partly Cloudy,0,10,False,False,False,False,False,0.0
2026-08-03T02:23:29Z,IN,705,41.733,-86.0057,70,Partly Cloudy,6,10,False,False,False,False,False,0.0
2026-08-03T02:23:29Z,IN,708,41.7472,-85.3285,70,Partly Cloudy,3,10,False,False,False,False,False,0.0
2026-08-03T02:23:29Z,IN,707,41.7453,-85.3287,70,Partly Cloudy,3,10,False,False,False,False,False,0.0
2026-08-03T02:23:29Z,IN,324,41.7353,-86.7933,67,Partly Cloudy,0,10,False,False,False,False,False,0.0
2026-08-03T02:23:29Z,KY,KY00065IS0000020N65WELCOM,36.6434,-86.5687,71,Mostly Cloudy,13,5,False,False,False,False,False,0.0
2026-08-03T02:23:29Z,KY,KY00065IS000020NSMARATHON,36.6612,-86.5553,71,Mostly Cloudy,14,5,False,False,False,False,False,0.0
2026-08-03T02:23:29Z,KY,KY00065IS0000340NWEIGHS34,36.6868,-86.5379,72,Mostly Cloudy,14,5,False,False,False,False,False,0.0
2026-08-03T02:23:29Z,KY,KY00065IS0011400S65SRA114,37.9464,-85.6905,71,Slight Chance T-storms,15,3,False,False,False,False,False,0.0
2026-08-03T02:23:29Z,KY,KY00065IS0005900S65SRA059,37.239,-85.9297,70,Slight Chance T-storms,16,1,False,False,False,False,False,0.0
2026-08-03T02:23:29Z,KY,KY00065IS0005900N65NRA059,37.2384,-85.9271,70,Slight Chance T-storms,16,1,False,False,False,False,False,0.0
2026-08-03T02:23:29Z,KY,KY00075IS0003300NWEIGHS33,37.0422,-84.0968,69,Slight Chance Rain Showers,19,1,False,False,True,False,False,0.05
2026-08-03T02:23:29Z,KY,KY00075IS0003400SWEIGHS34,37.048,-84.0997,69,Slight Chance Rain Showers,19,1,False,False,True,False,False,0.05
2026-08-03T02:23:29Z,KY,KY00075IS0017700N75NRA177,38.937,-84.6309,70,Mostly Cloudy,9,5,False,False,False,False,False,0.0
2026-08-03T02:23:29Z,KY,KY00075IS0007500SWALTONWS,38.8653,-84.6476,69,Partly Cloudy,9,5,False,False,False,False,False,0.0
2026-08-03T02:23:29Z,KY,KY00075IS0017700S75SRA177,38.9388,-84.6339,70,Mostly Cloudy,9,5,False,False,False,False,False,0.0
2026-08-03T02:23:29Z,KY,KY00075IS0016800SCRITENWS,38.8196,-84.6015,69,Partly Cloudy,8,5,False,False,False,False,False,0.0
2026-08-03T02:23:29Z,KY,KY00075IS0000100N75WELCOM,36.6162,-84.1054,71,Partly Cloudy,11,0,False,False,False,False,False,0.0
2026-08-03T02:40:03Z,IL,IL00080IE005100040,41.3938,-89.5665,71,Mostly Clear,0,5,False,False,False,False,True,0.2
2026-08-03T02:40:03Z,IL,IL00055IN006400027,39.3465,-89.6408,72,Mostly Clear,0,5,False,False,False,False,True,0.2
2026-08-03T02:40:03Z,IL,IL00057IS022200054,39.9314,-88.3043,70,Mostly Clear,0,8,False,False,False,False,True,0.2
2026-08-03T02:40:03Z,IL,IL00039IN008500036,41.7236,-89.0062,69,Partly Cloudy,0,5,False,False,False,False,True,0.2
2026-08-03T02:40:03Z,IL,IL00057IN007900034,38.0297,-88.9203,74,Mostly Clear,0,5,False,False,False,False,True,0.2
2026-08-03T02:40:03Z,IL,IL00074IW020800052,40.1298,-87.7441,70,Partly Cloudy,0,7,False,False,False,False,True,0.2
2026-08-03T02:40:03Z,IL,IL00074IE015600037,40.2732,-88.6762,70,Mostly Clear,0,8,False,False,False,False,True,0.2
2026-08-03T02:40:03Z,IL,IL00055IN002700029,38.8649,-89.8532,73,Mostly Clear,0,6,False,False,False,False,True,0.2
2026-08-03T02:40:03Z,IL,IL00057IN022200048,39.9218,-88.299,70,Mostly Clear,0,8,False,False,False,False,True,0.2
2026-08-03T02:40:03Z,IL,IL00064IE002500038,38.5481,-89.7731,73,Mostly Clear,0,6,False,False,False,False,True,0.2
2026-08-03T02:40:03Z,IL,IL00064IW013000053,38.2322,-87.9882,73,Partly Cloudy,1,5,False,False,False,False,True,0.2
2026-08-03T02:40:03Z,IL,IL00072IW015200014,39.9888,-88.7852,72,Mostly Clear,1,7,False,False,False,False,True,0.2
2026-08-03T02:40:03Z,IL,IL00055IN010400050,39.8627,-89.5948,71,Mostly Clear,1,5,False,False,False,False,True,0.2
2026-08-03T02:40:03Z,IL,IL00074IW002800020,41.2141,-90.3308,71,Mostly Clear,0,5,False,False,False,False,True,0.2
2026-08-03T02:40:03Z,IL,IL00074IE002800030,41.2334,-90.333,71,Mostly Clear,0,5,False,False,False,False,True,0.2
2026-08-03T02:40:03Z,IL,IL00070IW002700015,38.7884,-89.6889,73,Mostly Clear,0,5,False,False,False,False,True,0.2
2026-08-03T02:40:03Z,IL,IL00064IW008500012,38.2766,-88.8012,74,Mostly Clear,0,5,False,False,False,False,True,0.2
2026-08-03T02:40:03Z,IL,IL00064IE008500039,38.273,-88.8496,74,Mostly Clear,0,5,False,False,False,False,True,0.2
2026-08-03T02:40:03Z,IL,IL00074IW015600009,40.2711,-88.6701,69,Mostly Clear,0,8,False,False,False,False,True,0.2
2026-08-03T02:40:03Z,IL,IL00055IN014900028,40.3599,-89.1099,71,Mostly Clear,1,7,False,False,False,False,True,0.2
2026-08-03T02:40:03Z,IL,IL00057IS026800022,40.5613,-88.0615,69,Mostly Clear,0,5,False,False,False,False,True,0.2
2026-08-03T02:40:03Z,IL,IL00057IS011400023,38.5965,-88.9677,72,Mostly Clear,0,5,False,False,False,False,True,0.2
2026-08-03T02:40:03Z,IL,IL00055IS019400021,40.8371,-88.6833,70,Mostly Clear,0,5,False,False,False,False,True,0.2
2026-08-03T02:40:03Z,IL,IL00024IW003700010,37.1593,-88.6798,73,Mostly Clear,0,3,False,False,False,False,True,0.2
2026-08-03T02:40:03Z,IL,IL00057IS007900047,38.0962,-88.9138,76,Mostly Clear,0,5,False,False,False,False,True,0.2
2026-08-03T02:40:03Z,IL,IL00057IN033300049,41.3892,-87.7729,68,Mostly Clear,0,10,False,False,False,False,True,0.2
2026-08-03T02:40:03Z,IL,IL00064IW002500011,38.5491,-89.7633,73,Mostly Clear,0,6,False,False,False,False,True,0.2
2026-08-03T02:40:03Z,IL,IL00055IS006400017,39.3523,-89.6447,72,Mostly Clear,0,5,False,False,False,False,True,0.2
2026-08-03T02:40:03Z,IL,IL00080IW005100013,41.3937,-89.5591,70,Mostly Clear,0,5,False,False,False,False,True,0.2
2026-08-03T02:40:03Z,IL,IL00070IE008600051,39.0651,-88.6745,76,Partly Cloudy,2,7,False,False,False,False,True,0.2
2026-08-03T02:40:03Z,IL,IL00057IN026800032,40.5505,-88.0605,69,Mostly Clear,0,5,False,False,False,False,True,0.2
2026-08-03T02:40:03Z,IL,IL00070IE002700042,38.7849,-89.7023,73,Mostly Clear,0,5,False,False,False,False,True,0.2
2026-08-03T02:40:03Z,IL,IL00080IE011700043,41.4314,-88.3454,70,Mostly Clear,0,5,False,False,False,False,True,0.2
2026-08-03T02:40:03Z,IL,IL00080IW011700016,41.4473,-88.3285,70,Mostly Clear,0,5,False,False,False,False,True,0.2
2026-08-03T02:40:03Z,IL,IL00039IS008500026,41.7285,-89.0105,69,Partly Cloudy,0,5,False,False,False,False,True,0.2
2026-08-03T02:40:03Z,IL,IL00055IS002700019,38.8723,-89.8511,73,Mostly Clear,0,6,False,False,False,False,True,0.2
2026-08-03T02:40:03Z,IL,IL00057IS033300046,41.3918,-87.7749,68,Mostly Clear,0,10,False,False,False,False,True,0.2
2026-08-03T02:40:03Z,IL,IL00072IE015200041,39.9923,-88.7827,72,Mostly Clear,1,7,False,False,False,False,True,0.2
2026-08-03T02:40:03Z,IL,IL00074IW006200004,40.8802,-90.0895,71,Mostly Clear,0,5,False,False,False,False,True,0.2
2026-08-03T02:40:03Z,IL,IL00055IN019400031,40.8234,-88.6875,70,Mostly Clear,0,5,False,False,False,False,True,0.2
2026-08-03T02:40:03Z,IL,IL00057IN011400033,38.5963,-88.9638,72,Mostly Clear,0,5,False,False,False,False,True,0.2
2026-08-03T02:40:03Z,IL,IL00070IW008700045,39.0679,-88.6704,76,Partly Cloudy,2,7,False,False,False,False,True,0.2
2026-08-03T02:40:03Z,IL,IL00057IS016500018,39.1993,-88.502,77,Partly Cloudy,2,7,False,False,False,False,True,0.2
2026-08-03T02:40:03Z,IL,IL00074IE011400005,40.6125,-89.245,71,Mostly Clear,1,6,False,False,False,False,True,0.2
2026-08-03T02:40:03Z,IL,IL00074IW011400006,40.6111,-89.2323,71,Mostly Clear,1,6,False,False,False,False,True,0.2
2026-08-03T02:40:03Z,IL,IL00074IE006200001,40.8788,-90.0936,71,Mostly Clear,0,5,False,False,False,False,True,0.2
2026-08-03T02:40:03Z,IL,IL00070IW014900008,39.4228,-87.6617,71,Partly Cloudy,1,8,False,False,False,False,True,0.2
2026-08-03T02:40:03Z,IL,IL00057IN016500044,39.1898,-88.5031,73,Mostly Clear,1,6,False,False,False,False,True,0.2
2026-08-03T02:40:03Z,IL,IL00055IS010400024,39.8871,-89.5966,72,Mostly Clear,1,5,False,False,False,False,True,0.2
2026-08-03T02:40:03Z,IL,IL00057IS003200025,37.4699,-89.1329,74,Mostly Clear,0,3,False,False,False,False,True,0.2
2026-08-03T02:40:03Z,IL,IL00057IN003200035,37.4661,-89.1324,74,Mostly Clear,0,3,False,False,False,False,True,0.2
2026-08-03T02:40:03Z,IN,322,38.195,-87.8597,73,Mostly Clear,0,3,False,False,False,False,False,0.0
2026-08-03T02:40:03Z,IN,317,38.5852,-85.7768,71,Partly Cloudy,10,5,False,False,False,False,False,0.0
2026-08-03T02:40:03Z,IN,316,38.5859,-85.7809,71,Partly Cloudy,10,5,False,False,False,False,False,0.0
2026-08-03T02:40:03Z,IN,315,39.2602,-85.9521,73,Partly Cloudy,8,5,False,False,False,False,False,0.0
2026-08-03T02:40:03Z,IN,314,39.2767,-85.9569,71,Partly Cloudy,7,3,False,False,False,False,False,0.0
2026-08-03T02:40:03Z,IN,313,40.1578,-86.5387,70,Mostly Cloudy,10,9,False,False,False,False,False,0.0
2026-08-03T02:40:03Z,IN,312,40.1722,-86.5522,69,Mostly Cloudy,10,9,False,False,False,False,False,0.0
2026-08-03T02:40:03Z,IN,311,40.6992,-87.0628,68,Mostly Cloudy,3,10,False,False,False,False,False,0.0
2026-08-03T02:40:03Z,IN,310,40.6984,-87.0646,68,Mostly Cloudy,3,10,False,False,False,False,False,0.0
2026-08-03T02:40:03Z,IN,308,41.1653,-87.271,69,Partly Cloudy,0,10,False,False,False,False,False,0.0
2026-08-03T02:40:03Z,IN,309,41.1666,-87.2749,69,Partly Cloudy,0,10,False,False,False,False,False,0.0
2026-08-03T02:40:03Z,IN,318,40.3543,-85.5576,69,Partly Cloudy,8,6,False,False,False,False,False,0.0
2026-08-03T02:40:03Z,IN,319,40.3569,-85.56,69,Partly Cloudy,8,6,False,False,False,False,False,0.0
2026-08-03T02:40:03Z,IN,320,41.2963,-85.0863,70,Partly Cloudy,5,10,False,False,False,False,False,0.0
2026-08-03T02:40:03Z,IN,321,41.5803,-85.0597,72,Partly Cloudy,6,10,False,False,False,False,False,0.0
2026-08-03T02:40:03Z,IN,300,39.4417,-87.5002,73,Partly Cloudy,6,6,False,False,False,False,False,0.0
2026-08-03T02:40:03Z,IN,302,39.6517,-86.3967,70,Mostly Cloudy,12,8,False,False,False,False,False,0.0
2026-08-03T02:40:03Z,IN,301,39.6541,-86.4005,70,Mostly Cloudy,12,8,False,False,False,False,False,0.0
2026-08-03T02:40:03Z,IN,303,39.8243,-85.7039,70,Partly Cloudy,8,3,False,False,False,False,False,0.0
2026-08-03T02:40:03Z,IN,304,39.8266,-85.704,70,Partly Cloudy,8,3,False,False,False,False,False,0.0
2026-08-03T02:40:03Z,IN,305,39.8605,-85.0259,68,Partly Cloudy,1,6,False,False,False,False,False,0.0
2026-08-03T02:40:03Z,IN,323,39.29,-85.1688,68,Partly Cloudy,3,5,False,False,False,False,False,0.0
2026-08-03T02:40:03Z,IN,702,41.7472,-85.3285,70,Partly Cloudy,3,10,False,False,False,False,False,0.0
2026-08-03T02:40:03Z,IN,701,41.5889,-87.2173,69,Mostly Cloudy,0,15,False,False,False,False,False,0.0
2026-08-03T02:40:03Z,IN,704,41.7058,-86.6212,66,Partly Cloudy,0,10,False,False,False,False,False,0.0
2026-08-03T02:40:03Z,IN,703,41.7071,-86.6235,66,Partly Cloudy,0,10,False,False,False,False,False,0.0
2026-08-03T02:40:03Z,IN,705,41.733,-86.0057,70,Partly Cloudy,6,10,False,False,False,False,False,0.0
2026-08-03T02:40:03Z,IN,708,41.7472,-85.3285,70,Partly Cloudy,3,10,False,False,False,False,False,0.0
2026-08-03T02:40:03Z,IN,707,41.7453,-85.3287,70,Partly Cloudy,3,10,False,False,False,False,False,0.0
2026-08-03T02:40:03Z,IN,324,41.7353,-86.7933,67,Partly Cloudy,0,10,False,False,False,False,False,0.0
2026-08-03T02:40:03Z,KY,KY00065IS0000020N65WELCOM,36.6434,-86.5687,71,Mostly Cloudy,13,5,False,False,False,False,False,0.0
2026-08-03T02:40:03Z,KY,KY00065IS000020NSMARATHON,36.6612,-86.5553,71,Mostly Cloudy,14,5,False,False,False,False,False,0.0
2026-08-03T02:40:03Z,KY,KY00065IS0000340NWEIGHS34,36.6868,-86.5379,72,Mostly Cloudy,14,5,False,False,False,False,False,0.0
2026-08-03T02:40:03Z,KY,KY00065IS0011400S65SRA114,37.9464,-85.6905,71,Slight Chance T-storms,15,3,False,False,False,False,False,0.0
2026-08-03T02:40:03Z,KY,KY00065IS0005900S65SRA059,37.239,-85.9297,70,Slight Chance T-storms,16,1,False,False,False,False,False,0.0
2026-08-03T02:40:03Z,KY,KY00065IS0005900N65NRA059,37.2384,-85.9271,70,Slight Chance T-storms,16,1,False,False,False,False,False,0.0
2026-08-03T02:40:03Z,KY,KY00075IS0003300NWEIGHS33,37.0422,-84.0968,69,Slight Chance Rain Showers,19,1,False,False,True,False,False,0.05
2026-08-03T02:40:03Z,KY,KY00075IS0003400SWEIGHS34,37.048,-84.0997,69,Slight Chance Rain Showers,19,1,False,False,True,False,False,0.05
2026-08-03T02:40:03Z,KY,KY00075IS0017700N75NRA177,38.937,-84.6309,70,Mostly Cloudy,9,5,False,False,False,False,False,0.0
2026-08-03T02:40:03Z,KY,KY00075IS0007500SWALTONWS,38.8653,-84.6476,69,Partly Cloudy,9,5,False,False,False,False,False,0.0
2026-08-03T02:40:03Z,KY,KY00075IS0017700S75SRA177,38.9388,-84.6339,70,Mostly Cloudy,9,5,False,False,False,False,False,0.0
2026-08-03T02:40:03Z,KY,KY00075IS0016800SCRITENWS,38.8196,-84.6015,69,Partly Cloudy,8,5,False,False,False,False,False,0.0
2026-08-03T02:40:03Z,KY,KY00075IS0000100N75WELCOM,36.6162,-84.1054,71,Partly Cloudy,11,0,False,False,False,False,False,0.0
2026-08-03T02:56:38Z,IL,IL00080IE005100040,41.3938,-89.5665,71,Mostly Clear,0,5,False,False,False,False,True,0.2
2026-08-03T02:56:38Z,IL,IL00055IN006400027,39.3465,-89.6408,72,Mostly Clear,0,5,False,False,False,False,True,0.2
2026-08-03T02:56:38Z,IL,IL00057IS022200054,39.9314,-88.3043,70,Mostly Clear,0,8,False,False,False,False,True,0.2
2026-08-03T02:56:38Z,IL,IL00039IN008500036,41.7236,-89.0062,69,Partly Cloudy,0,5,False,False,False,False,True,0.2
2026-08-03T02:56:38Z,IL,IL00057IN007900034,38.0297,-88.9203,74,Mostly Clear,0,5,False,False,False,False,True,0.2
2026-08-03T02:56:38Z,IL,IL00074IW020800052,40.1298,-87.7441,70,Partly Cloudy,0,7,False,False,False,False,True,0.2
2026-08-03T02:56:38Z,IL,IL00074IE015600037,40.2732,-88.6762,70,Mostly Clear,0,8,False,False,False,False,True,0.2
2026-08-03T02:56:38Z,IL,IL00055IN002700029,38.8649,-89.8532,73,Mostly Clear,0,6,False,False,False,False,True,0.2
2026-08-03T02:56:38Z,IL,IL00057IN022200048,39.9218,-88.299,70,Mostly Clear,0,8,False,False,False,False,True,0.2
2026-08-03T02:56:38Z,IL,IL00064IE002500038,38.5481,-89.7731,73,Mostly Clear,0,6,False,False,False,False,True,0.2
2026-08-03T02:56:38Z,IL,IL00064IW013000053,38.2322,-87.9882,73,Partly Cloudy,1,5,False,False,False,False,True,0.2
2026-08-03T02:56:38Z,IL,IL00072IW015200014,39.9888,-88.7852,72,Mostly Clear,1,7,False,False,False,False,True,0.2
2026-08-03T02:56:38Z,IL,IL00055IN010400050,39.8627,-89.5948,71,Mostly Clear,1,5,False,False,False,False,True,0.2
2026-08-03T02:56:38Z,IL,IL00074IW002800020,41.2141,-90.3308,71,Mostly Clear,0,5,False,False,False,False,True,0.2
2026-08-03T02:56:38Z,IL,IL00074IE002800030,41.2334,-90.333,71,Mostly Clear,0,5,False,False,False,False,True,0.2
2026-08-03T02:56:38Z,IL,IL00070IW002700015,38.7884,-89.6889,73,Mostly Clear,0,5,False,False,False,False,True,0.2
2026-08-03T02:56:38Z,IL,IL00064IW008500012,38.2766,-88.8012,74,Mostly Clear,0,5,False,False,False,False,True,0.2
2026-08-03T02:56:38Z,IL,IL00064IE008500039,38.273,-88.8496,74,Mostly Clear,0,5,False,False,False,False,True,0.2
2026-08-03T02:56:38Z,IL,IL00074IW015600009,40.2711,-88.6701,69,Mostly Clear,0,8,False,False,False,False,True,0.2
2026-08-03T02:56:38Z,IL,IL00055IN014900028,40.3599,-89.1099,71,Mostly Clear,1,7,False,False,False,False,True,0.2
2026-08-03T02:56:38Z,IL,IL00057IS026800022,40.5613,-88.0615,69,Mostly Clear,0,5,False,False,False,False,True,0.2
2026-08-03T02:56:38Z,IL,IL00057IS011400023,38.5965,-88.9677,72,Mostly Clear,0,5,False,False,False,False,True,0.2
2026-08-03T02:56:38Z,IL,IL00055IS019400021,40.8371,-88.6833,70,Mostly Clear,0,5,False,False,False,False,True,0.2
2026-08-03T02:56:38Z,IL,IL00024IW003700010,37.1593,-88.6798,73,Mostly Clear,0,3,False,False,False,False,True,0.2
2026-08-03T02:56:38Z,IL,IL00057IS007900047,38.0962,-88.9138,76,Mostly Clear,0,5,False,False,False,False,True,0.2
2026-08-03T02:56:38Z,IL,IL00057IN033300049,41.3892,-87.7729,68,Mostly Clear,0,10,False,False,False,False,True,0.2
2026-08-03T02:56:38Z,IL,IL00064IW002500011,38.5491,-89.7633,73,Mostly Clear,0,6,False,False,False,False,True,0.2
2026-08-03T02:56:38Z,IL,IL00055IS006400017,39.3523,-89.6447,72,Mostly Clear,0,5,False,False,False,False,True,0.2
2026-08-03T02:56:38Z,IL,IL00080IW005100013,41.3937,-89.5591,70,Mostly Clear,0,5,False,False,False,False,True,0.2
2026-08-03T02:56:38Z,IL,IL00070IE008600051,39.0651,-88.6745,72,Mostly Clear,1,6,False,False,False,False,True,0.2
2026-08-03T02:56:38Z,IL,IL00057IN026800032,40.5505,-88.0605,69,Mostly Clear,0,5,False,False,False,False,True,0.2
2026-08-03T02:56:38Z,IL,IL00070IE002700042,38.7849,-89.7023,73,Mostly Clear,0,5,False,False,False,False,True,0.2
2026-08-03T02:56:38Z,IL,IL00080IE011700043,41.4314,-88.3454,70,Mostly Clear,0,5,False,False,False,False,True,0.2
2026-08-03T02:56:38Z,IL,IL00080IW011700016,41.4473,-88.3285,70,Mostly Clear,0,5,False,False,False,False,True,0.2
2026-08-03T02:56:38Z,IL,IL00039IS008500026,41.7285,-89.0105,69,Partly Cloudy,0,5,False,False,False,False,True,0.2
2026-08-03T02:56:38Z,IL,IL00055IS002700019,38.8723,-89.8511,73,Mostly Clear,0,6,False,False,False,False,True,0.2
2026-08-03T02:56:38Z,IL,IL00057IS033300046,41.3918,-87.7749,68,Mostly Clear,0,10,False,False,False,False,True,0.2
2026-08-03T02:56:38Z,IL,IL00072IE015200041,39.9923,-88.7827,72,Mostly Clear,1,7,False,False,False,False,True,0.2
2026-08-03T02:56:38Z,IL,IL00074IW006200004,40.8802,-90.0895,71,Mostly Clear,0,5,False,False,False,False,True,0.2
2026-08-03T02:56:38Z,IL,IL00055IN019400031,40.8234,-88.6875,70,Mostly Clear,0,5,False,False,False,False,True,0.2
2026-08-03T02:56:38Z,IL,IL00057IN011400033,38.5963,-88.9638,72,Mostly Clear,0,5,False,False,False,False,True,0.2
2026-08-03T02:56:38Z,IL,IL00070IW008700045,39.0679,-88.6704,72,Mostly Clear,1,6,False,False,False,False,True,0.2
2026-08-03T02:56:38Z,IL,IL00057IS016500018,39.1993,-88.502,72,Mostly Clear,1,6,False,False,False,False,True,0.2
2026-08-03T02:56:38Z,IL,IL00074IE011400005,40.6125,-89.245,71,Mostly Clear,1,6,False,False,False,False,True,0.2
2026-08-03T02:56:38Z,IL,IL00074IW011400006,40.6111,-89.2323,71,Mostly Clear,1,6,False,False,False,False,True,0.2
2026-08-03T02:56:38Z,IL,IL00074IE006200001,40.8788,-90.0936,71,Mostly Clear,0,5,False,False,False,False,True,0.2
2026-08-03T02:56:38Z,IL,IL00070IW014900008,39.4228,-87.6617,71,Partly Cloudy,1,8,False,False,False,False,True,0.2
2026-08-03T02:56:38Z,IL,IL00057IN016500044,39.1898,-88.5031,73,Mostly Clear,1,6,False,False,False,False,True,0.2
2026-08-03T02:56:38Z,IL,IL00055IS010400024,39.8871,-89.5966,72,Mostly Clear,1,5,False,False,False,False,True,0.2
2026-08-03T02:56:38Z,IL,IL00057IS003200025,37.4699,-89.1329,74,Mostly Clear,0,3,False,False,False,False,True,0.2
2026-08-03T02:56:38Z,IL,IL00057IN003200035,37.4661,-89.1324,74,Mostly Clear,0,3,False,False,False,False,True,0.2
2026-08-03T02:56:38Z,IN,322,38.195,-87.8597,73,Mostly Clear,0,3,False,False,False,False,False,0.0
2026-08-03T02:56:38Z,IN,317,38.5852,-85.7768,71,Partly Cloudy,10,5,False,False,False,False,False,0.0
2026-08-03T02:56:38Z,IN,316,38.5859,-85.7809,71,Partly Cloudy,10,5,False,False,False,False,False,0.0
2026-08-03T02:56:38Z,IN,315,39.2602,-85.9521,71,Partly Cloudy,7,3,False,False,False,False,False,0.0
2026-08-03T02:56:38Z,IN,314,39.2767,-85.9569,71,Partly Cloudy,7,3,False,False,False,False,False,0.0
2026-08-03T02:56:38Z,IN,313,40.1578,-86.5387,70,Mostly Cloudy,10,9,False,False,False,False,False,0.0
2026-08-03T02:56:38Z,IN,312,40.1722,-86.5522,69,Mostly Cloudy,10,9,False,False,False,False,False,0.0
2026-08-03T02:56:38Z,IN,311,40.6992,-87.0628,68,Mostly Cloudy,3,10,False,False,False,False,False,0.0
2026-08-03T02:56:38Z,IN,310,40.6984,-87.0646,68,Mostly Cloudy,3,10,False,False,False,False,False,0.0
2026-08-03T02:56:38Z,IN,308,41.1653,-87.271,68,Mostly Cloudy,0,10,False,False,False,False,False,0.0
2026-08-03T02:56:38Z,IN,309,41.1666,-87.2749,68,Mostly Cloudy,0,10,False,False,False,False,False,0.0
2026-08-03T02:56:38Z,IN,318,40.3543,-85.5576,69,Partly Cloudy,8,6,False,False,False,False,False,0.0
2026-08-03T02:56:38Z,IN,319,40.3569,-85.56,69,Partly Cloudy,8,6,False,False,False,False,False,0.0
2026-08-03T02:56:38Z,IN,320,41.2963,-85.0863,70,Partly Cloudy,5,10,False,False,False,False,False,0.0
2026-08-03T02:56:38Z,IN,321,41.5803,-85.0597,71,Partly Cloudy,4,10,False,False,False,False,False,0.0
2026-08-03T02:56:38Z,IN,300,39.4417,-87.5002,73,Partly Cloudy,6,6,False,False,False,False,False,0.0
2026-08-03T02:56:38Z,IN,302,39.6517,-86.3967,70,Mostly Cloudy,12,8,False,False,False,False,False,0.0
2026-08-03T02:56:38Z,IN,301,39.6541,-86.4005,70,Mostly Cloudy,12,8,False,False,False,False,False,0.0
2026-08-03T02:56:38Z,IN,303,39.8243,-85.7039,70,Partly Cloudy,8,3,False,False,False,False,False,0.0
2026-08-03T02:56:38Z,IN,304,39.8266,-85.704,70,Partly Cloudy,8,3,False,False,False,False,False,0.0
2026-08-03T02:56:38Z,IN,305,39.8605,-85.0259,68,Partly Cloudy,1,6,False,False,False,False,False,0.0
2026-08-03T02:56:38Z,IN,323,39.29,-85.1688,68,Partly Cloudy,3,5,False,False,False,False,False,0.0
2026-08-03T02:56:38Z,IN,702,41.7472,-85.3285,70,Partly Cloudy,3,10,False,False,False,False,False,0.0
2026-08-03T02:56:38Z,IN,701,41.5889,-87.2173,69,Mostly Cloudy,0,15,False,False,False,False,False,0.0
2026-08-03T02:56:38Z,IN,704,41.7058,-86.6212,66,Partly Cloudy,0,10,False,False,False,False,False,0.0
2026-08-03T02:56:38Z,IN,703,41.7071,-86.6235,66,Partly Cloudy,0,10,False,False,False,False,False,0.0
2026-08-03T02:56:38Z,IN,705,41.733,-86.0057,70,Partly Cloudy,6,10,False,False,False,False,False,0.0
2026-08-03T02:56:38Z,IN,708,41.7472,-85.3285,70,Partly Cloudy,3,10,False,False,False,False,False,0.0
2026-08-03T02:56:38Z,IN,707,41.7453,-85.3287,70,Partly Cloudy,3,10,False,False,False,False,False,0.0
2026-08-03T02:56:38Z,IN,324,41.7353,-86.7933,67,Partly Cloudy,0,10,False,False,False,False,False,0.0
2026-08-03T02:56:38Z,KY,KY00065IS0000020N65WELCOM,36.6434,-86.5687,71,Mostly Cloudy,13,5,False,False,False,False,False,0.0
2026-08-03T02:56:38Z,KY,KY00065IS000020NSMARATHON,36.6612,-86.5553,71,Mostly Cloudy,14,5,False,False,False,False,False,0.0
2026-08-03T02:56:38Z,KY,KY00065IS0000340NWEIGHS34,36.6868,-86.5379,72,Mostly Cloudy,14,5,False,False,False,False,False,0.0
2026-08-03T02:56:38Z,KY,KY00065IS0011400S65SRA114,37.9464,-85.6905,71,Slight Chance T-storms,15,3,False,False,False,False,False,0.0
2026-08-03T02:56:38Z,KY,KY00065IS0005900S65SRA059,37.239,-85.9297,70,Slight Chance T-storms,16,1,False,False,False,False,False,0.0
2026-08-03T02:56:38Z,KY,KY00065IS0005900N65NRA059,37.2384,-85.9271,70,Slight Chance T-storms,16,1,False,False,False,False,False,0.0
2026-08-03T02:56:38Z,KY,KY00075IS0003300NWEIGHS33,37.0422,-84.0968,69,Slight Chance Rain Showers,19,1,False,False,True,False,False,0.05
2026-08-03T02:56:38Z,KY,KY00075IS0003400SWEIGHS34,37.048,-84.0997,69,Slight Chance Rain Showers,19,1,False,False,True,False,False,0.05
2026-08-03T02:56:38Z,KY,KY00075IS0017700N75NRA177,38.937,-84.6309,69,Partly Cloudy,9,5,False,False,False,False,False,0.0
2026-08-03T02:56:38Z,KY,KY00075IS0007500SWALTONWS,38.8653,-84.6476,69,Partly Cloudy,9,5,False,False,False,False,False,0.0
2026-08-03T02:56:38Z,KY,KY00075IS0017700S75SRA177,38.9388,-84.6339,69,Partly Cloudy,9,5,False,False,False,False,False,0.0
2026-08-03T02:56:38Z,KY,KY00075IS0016800SCRITENWS,38.8196,-84.6015,69,Partly Cloudy,8,5,False,False,False,False,False,0.0
2026-08-03T02:56:38Z,KY,KY00075IS0000100N75WELCOM,36.6162,-84.1054,71,Partly Cloudy,11,0,False,False,False,False,False,0.0
2026-08-03T03:13:37Z,IL,IL00080IE005100040,41.3938,-89.5665,68,Mostly Clear,0,5,False,False,False,False,True,0.2
2026-08-03T03:13:37Z,IL,IL00055IN006400027,39.3465,-89.6408,70,Mostly Clear,0,3,False,False,False,False,True,0.2
2026-08-03T03:13:37Z,IL,IL00057IS022200054,39.9314,-88.3043,68,Mostly Clear,0,7,False,False,False,False,True,0.2
2026-08-03T03:13:37Z,IL,IL00039IN008500036,41.7236,-89.0062,66,Mostly Clear,0,5,False,False,False,False,True,0.2
2026-08-03T03:13:37Z,IL,IL00057IN007900034,38.0297,-88.9203,72,Mostly Clear,0,5,False,False,False,False,True,0.2
2026-08-03T03:13:37Z,IL,IL00074IW020800052,40.1298,-87.7441,70,Partly Cloudy,0,7,False,False,False,False,True,0.2
2026-08-03T03:13:37Z,IL,IL00074IE015600037,40.2732,-88.6762,68,Mostly Clear,0,7,False,False,False,False,True,0.2
2026-08-03T03:13:37Z,IL,IL00055IN002700029,38.8649,-89.8532,71,Mostly Clear,0,3,False,False,False,False,True,0.2
2026-08-03T03:13:37Z,IL,IL00057IN022200048,39.9218,-88.299,68,Mostly Clear,0,7,False,False,False,False,True,0.2
2026-08-03T03:13:37Z,IL,IL00064IE002500038,38.5481,-89.7731,72,Mostly Clear,0,5,False,False,False,False,True,0.2
2026-08-03T03:13:37Z,IL,IL00064IW013000053,38.2322,-87.9882,71,Mostly Clear,0,5,False,False,False,False,True,0.2
2026-08-03T03:13:37Z,IL,IL00072IW015200014,39.9888,-88.7852,70,Mostly Clear,1,6,False,False,False,False,True,0.2
2026-08-03T03:13:37Z,IL,IL00055IN010400050,39.8627,-89.5948,70,Mostly Clear,1,3,False,False,False,False,True,0.2
2026-08-03T03:13:37Z,IL,IL00074IW002800020,41.2141,-90.3308,68,Mostly Clear,0,5,False,False,False,False,True,0.2
2026-08-03T03:13:37Z,IL,IL00074IE002800030,41.2334,-90.333,68,Mostly Clear,0,5,False,False,False,False,True,0.2
2026-08-03T03:13:37Z,IL,IL00070IW002700015,38.7884,-89.6889,71,Mostly Clear,0,3,False,False,False,False,True,0.2
2026-08-03T03:13:37Z,IL,IL00064IW008500012,38.2766,-88.8012,71,Mostly Clear,0,5,False,False,False,False,True,0.2
2026-08-03T03:13:37Z,IL,IL00064IE008500039,38.273,-88.8496,71,Mostly Clear,0,3,False,False,False,False,True,0.2
2026-08-03T03:13:37Z,IL,IL00074IW015600009,40.2711,-88.6701,69,Mostly Clear,0,7,False,False,False,False,True,0.2
2026-08-03T03:13:37Z,IL,IL00055IN014900028,40.3599,-89.1099,69,Mostly Clear,0,6,False,False,False,False,True,0.2
2026-08-03T03:13:37Z,IL,IL00057IS026800022,40.5613,-88.0615,66,Mostly Clear,0,5,False,False,False,False,True,0.2
2026-08-03T03:13:37Z,IL,IL00057IS011400023,38.5965,-88.9677,70,Clear,0,3,False,False,False,False,True,0.2
2026-08-03T03:13:37Z,IL,IL00055IS019400021,40.8371,-88.6833,67,Mostly Clear,0,5,False,False,False,False,True,0.2
2026-08-03T03:13:37Z,IL,IL00024IW003700010,37.1593,-88.6798,70,Mostly Clear,0,3,False,False,False,False,True,0.2
2026-08-03T03:13:37Z,IL,IL00057IS007900047,38.0962,-88.9138,74,Mostly Clear,0,6,False,False,False,False,True,0.2
2026-08-03T03:13:37Z,IL,IL00057IN033300049,41.3892,-87.7729,66,Mostly Clear,0,5,False,False,False,False,True,0.2
2026-08-03T03:13:37Z,IL,IL00064IW002500011,38.5491,-89.7633,72,Clear,0,5,False,False,False,False,True,0.2
2026-08-03T03:13:37Z,IL,IL00055IS006400017,39.3523,-89.6447,70,Mostly Clear,0,3,False,False,False,False,True,0.2
2026-08-03T03:13:37Z,IL,IL00080IW005100013,41.3937,-89.5591,68,Mostly Clear,0,5,False,False,False,False,True,0.2
2026-08-03T03:13:37Z,IL,IL00070IE008600051,39.0651,-88.6745,70,Mostly Clear,0,5,False,False,False,False,True,0.2
2026-08-03T03:13:37Z,IL,IL00057IN026800032,40.5505,-88.0605,66,Mostly Clear,0,5,False,False,False,False,True,0.2
2026-08-03T03:13:37Z,IL,IL00070IE002700042,38.7849,-89.7023,71,Mostly Clear,0,3,False,False,False,False,True,0.2
2026-08-03T03:13:37Z,IL,IL00080IE011700043,41.4314,-88.3454,67,Mostly Clear,0,5,False,False,False,False,True,0.2
2026-08-03T03:13:37Z,IL,IL00080IW011700016,41.4473,-88.3285,67,Mostly Clear,0,5,False,False,False,False,True,0.2
2026-08-03T03:13:37Z,IL,IL00039IS008500026,41.7285,-89.0105,66,Mostly Clear,0,5,False,False,False,False,True,0.2
2026-08-03T03:13:37Z,IL,IL00055IS002700019,38.8723,-89.8511,71,Mostly Clear,0,3,False,False,False,False,True,0.2
2026-08-03T03:13:37Z,IL,IL00057IS033300046,41.3918,-87.7749,66,Mostly Clear,0,5,False,False,False,False,True,0.2
2026-08-03T03:13:37Z,IL,IL00072IE015200041,39.9923,-88.7827,70,Mostly Clear,1,6,False,False,False,False,True,0.2
2026-08-03T03:13:37Z,IL,IL00074IW006200004,40.8802,-90.0895,69,Mostly Clear,0,3,False,False,False,False,True,0.2
2026-08-03T03:13:37Z,IL,IL00055IN019400031,40.8234,-88.6875,67,Mostly Clear,0,5,False,False,False,False,True,0.2
2026-08-03T03:13:37Z,IL,IL00057IN011400033,38.5963,-88.9638,70,Clear,0,3,False,False,False,False,True,0.2
2026-08-03T03:13:37Z,IL,IL00070IW008700045,39.0679,-88.6704,70,Mostly Clear,0,5,False,False,False,False,True,0.2
2026-08-03T03:13:37Z,IL,IL00057IS016500018,39.1993,-88.502,71,Mostly Clear,0,5,False,False,False,False,True,0.2
2026-08-03T03:13:37Z,IL,IL00074IE011400005,40.6125,-89.245,69,Mostly Clear,0,6,False,False,False,False,True,0.2
2026-08-03T03:13:37Z,IL,IL00074IW011400006,40.6111,-89.2323,69,Mostly Clear,0,6,False,False,False,False,True,0.2
2026-08-03T03:13:37Z,IL,IL00074IE006200001,40.8788,-90.0936,69,Mostly Clear,0,3,False,False,False,False,True,0.2
2026-08-03T03:13:37Z,IL,IL00070IW014900008,39.4228,-87.6617,69,Partly Cloudy,0,8,False,False,False,False,True,0.2
2026-08-03T03:13:37Z,IL,IL00057IN016500044,39.1898,-88.5031,70,Mostly Clear,0,5,False,False,False,False,True,0.2
2026-08-03T03:13:37Z,IL,IL00055IS010400024,39.8871,-89.5966,69,Mostly Clear,1,3,False,False,False,False,True,0.2
2026-08-03T03:13:37Z,IL,IL00057IS003200025,37.4699,-89.1329,71,Mostly Clear,0,3,False,False,False,False,True,0.2
2026-08-03T03:13:37Z,IL,IL00057IN003200035,37.4661,-89.1324,71,Mostly Clear,0,3,False,False,False,False,True,0.2
2026-08-03T03:13:37Z,IN,322,38.195,-87.8597,71,Mostly Clear,0,5,False,False,False,False,False,0.0
2026-08-03T03:13:37Z,IN,317,38.5852,-85.7768,70,Partly Cloudy,5,3,False,False,False,False,False,0.0
2026-08-03T03:13:37Z,IN,316,38.5859,-85.7809,70,Partly Cloudy,5,3,False,False,False,False,False,0.0
2026-08-03T03:13:37Z,IN,315,39.2602,-85.9521,69,Partly Cloudy,6,3,False,False,False,False,False,0.0
2026-08-03T03:13:37Z,IN,314,39.2767,-85.9569,70,Partly Cloudy,6,3,False,False,False,False,False,0.0
2026-08-03T03:13:37Z,IN,313,40.1578,-86.5387,68,Mostly Cloudy,6,9,False,False,False,False,False,0.0
2026-08-03T03:13:37Z,IN,312,40.1722,-86.5522,67,Mostly Cloudy,6,8,False,False,False,False,False,0.0
2026-08-03T03:13:37Z,IN,311,40.6992,-87.0628,67,Mostly Cloudy,2,10,False,False,False,False,False,0.0
2026-08-03T03:13:37Z,IN,310,40.6984,-87.0646,67,Mostly Cloudy,2,10,False,False,False,False,False,0.0
2026-08-03T03:13:37Z,IN,308,41.1653,-87.271,66,Mostly Cloudy,0,5,False,False,False,False,False,0.0
2026-08-03T03:13:37Z,IN,309,41.1666,-87.2749,66,Mostly Cloudy,0,5,False,False,False,False,False,0.0
2026-08-03T03:13:37Z,IN,318,40.3543,-85.5576,67,Partly Cloudy,7,6,False,False,False,False,False,0.0
2026-08-03T03:13:37Z,IN,319,40.3569,-85.56,67,Partly Cloudy,7,6,False,False,False,False,False,0.0
2026-08-03T03:13:37Z,IN,320,41.2963,-85.0863,68,Partly Cloudy,3,10,False,False,False,False,False,0.0
2026-08-03T03:13:37Z,IN,321,41.5803,-85.0597,69,Partly Cloudy,2,10,False,False,False,False,False,0.0
2026-08-03T03:13:37Z,IN,300,39.4417,-87.5002,71,Partly Cloudy,6,6,False,False,False,False,False,0.0
2026-08-03T03:13:37Z,IN,302,39.6517,-86.3967,69,Mostly Cloudy,7,8,False,False,False,False,False,0.0
2026-08-03T03:13:37Z,IN,301,39.6541,-86.4005,69,Mostly Cloudy,7,8,False,False,False,False,False,0.0
2026-08-03T03:13:37Z,IN,303,39.8243,-85.7039,68,Mostly Cloudy,7,3,False,False,False,False,False,0.0
2026-08-03T03:13:37Z,IN,304,39.8266,-85.704,68,Mostly Cloudy,7,3,False,False,False,False,False,0.0
2026-08-03T03:13:37Z,IN,305,39.8605,-85.0259,66,Partly Cloudy,0,6,False,False,False,False,False,0.0
2026-08-03T03:13:37Z,IN,323,39.29,-85.1688,67,Partly Cloudy,0,3,False,False,False,False,False,0.0
2026-08-03T03:13:37Z,IN,702,41.7472,-85.3285,69,Partly Cloudy,1,10,False,False,False,False,False,0.0
2026-08-03T03:13:37Z,IN,701,41.5889,-87.2173,68,Mostly Cloudy,0,10,False,False,False,False,False,0.0
2026-08-03T03:13:37Z,IN,704,41.7058,-86.6212,65,Partly Cloudy,0,5,False,False,False,False,False,0.0
2026-08-03T03:13:37Z,IN,703,41.7071,-86.6235,65,Partly Cloudy,0,5,False,False,False,False,False,0.0
2026-08-03T03:13:37Z,IN,705,41.733,-86.0057,68,Partly Cloudy,1,5,False,False,False,False,False,0.0
2026-08-03T03:13:37Z,IN,708,41.7472,-85.3285,69,Partly Cloudy,1,10,False,False,False,False,False,0.0
2026-08-03T03:13:37Z,IN,707,41.7453,-85.3287,69,Partly Cloudy,1,10,False,False,False,False,False,0.0
2026-08-03T03:13:37Z,IN,324,41.7353,-86.7933,65,Partly Cloudy,0,10,False,False,False,False,False,0.0
2026-08-03T03:13:37Z,KY,KY00065IS0000020N65WELCOM,36.6434,-86.5687,71,Slight Chance Drizzle,15,5,False,False,True,False,False,0.05
2026-08-03T03:13:37Z,KY,KY00065IS000020NSMARATHON,36.6612,-86.5553,71,Slight Chance Drizzle,15,5,False,False,True,False,False,0.05
2026-08-03T03:13:37Z,KY,KY00065IS0000340NWEIGHS34,36.6868,-86.5379,71,Slight Chance Drizzle,15,5,False,False,True,False,False,0.05
2026-08-03T03:13:37Z,KY,KY00065IS0011400S65SRA114,37.9464,-85.6905,70,Slight Chance Drizzle,15,3,False,False,True,False,False,0.05
2026-08-03T03:13:37Z,KY,KY00065IS0005900S65SRA059,37.239,-85.9297,70,Patchy Fog,15,1,False,False,False,False,False,0.0
2026-08-03T03:13:37Z,KY,KY00065IS0005900N65NRA059,37.2384,-85.9271,70,Patchy Fog,15,1,False,False,False,False,False,0.0
2026-08-03T03:13:37Z,KY,KY00075IS0003300NWEIGHS33,37.0422,-84.0968,71,Partly Cloudy,14,3,False,False,False,False,False,0.0
2026-08-03T03:13:37Z,KY,KY00075IS0003400SWEIGHS34,37.048,-84.0997,71,Partly Cloudy,14,3,False,False,False,False,False,0.0
2026-08-03T03:13:37Z,KY,KY00075IS0017700N75NRA177,38.937,-84.6309,69,Partly Cloudy,6,6,False,False,False,False,False,0.0
2026-08-03T03:13:37Z,KY,KY00075IS0007500SWALTONWS,38.8653,-84.6476,69,Partly Cloudy,6,5,False,False,False,False,False,0.0
2026-08-03T03:13:37Z,KY,KY00075IS0017700S75SRA177,38.9388,-84.6339,69,Partly Cloudy,6,6,False,False,False,False,False,0.0
2026-08-03T03:13:37Z,KY,KY00075IS0016800SCRITENWS,38.8196,-84.6015,69,Partly Cloudy,6,5,False,False,False,False,False,0.0
2026-08-03T03:13:37Z,KY,KY00075IS0000100N75WELCOM,36.6162,-84.1054,71,Partly Cloudy,8,0,False,False,False,False,False,0.0
2026-08-03T03:30:29Z,IL,IL00080IE005100040,41.3938,-89.5665,68,Mostly Clear,0,5,False,False,False,False,True,0.2
2026-08-03T03:30:29Z,IL,IL00055IN006400027,39.3465,-89.6408,70,Mostly Clear,0,3,False,False,False,False,True,0.2
2026-08-03T03:30:29Z,IL,IL00057IS022200054,39.9314,-88.3043,68,Mostly Clear,0,7,False,False,False,False,True,0.2
2026-08-03T03:30:29Z,IL,IL00039IN008500036,41.7236,-89.0062,66,Mostly Clear,0,5,False,False,False,False,True,0.2
2026-08-03T03:30:29Z,IL,IL00057IN007900034,38.0297,-88.9203,72,Mostly Clear,0,5,False,False,False,False,True,0.2
2026-08-03T03:30:29Z,IL,IL00074IW020800052,40.1298,-87.7441,70,Partly Cloudy,0,7,False,False,False,False,True,0.2
2026-08-03T03:30:29Z,IL,IL00074IE015600037,40.2732,-88.6762,68,Mostly Clear,0,7,False,False,False,False,True,0.2
2026-08-03T03:30:29Z,IL,IL00055IN002700029,38.8649,-89.8532,71,Mostly Clear,0,3,False,False,False,False,True,0.2
2026-08-03T03:30:29Z,IL,IL00057IN022200048,39.9218,-88.299,68,Mostly Clear,0,7,False,False,False,False,True,0.2
2026-08-03T03:30:29Z,IL,IL00064IE002500038,38.5481,-89.7731,72,Mostly Clear,0,5,False,False,False,False,True,0.2
2026-08-03T03:30:29Z,IL,IL00064IW013000053,38.2322,-87.9882,71,Mostly Clear,0,5,False,False,False,False,True,0.2
2026-08-03T03:30:29Z,IL,IL00072IW015200014,39.9888,-88.7852,70,Mostly Clear,1,6,False,False,False,False,True,0.2
2026-08-03T03:30:29Z,IL,IL00055IN010400050,39.8627,-89.5948,70,Mostly Clear,1,3,False,False,False,False,True,0.2
2026-08-03T03:30:29Z,IL,IL00074IW002800020,41.2141,-90.3308,68,Mostly Clear,0,5,False,False,False,False,True,0.2
2026-08-03T03:30:29Z,IL,IL00074IE002800030,41.2334,-90.333,68,Mostly Clear,0,5,False,False,False,False,True,0.2
2026-08-03T03:30:29Z,IL,IL00070IW002700015,38.7884,-89.6889,71,Mostly Clear,0,3,False,False,False,False,True,0.2
2026-08-03T03:30:29Z,IL,IL00064IW008500012,38.2766,-88.8012,71,Mostly Clear,0,5,False,False,False,False,True,0.2
2026-08-03T03:30:29Z,IL,IL00064IE008500039,38.273,-88.8496,71,Mostly Clear,0,3,False,False,False,False,True,0.2
2026-08-03T03:30:29Z,IL,IL00074IW015600009,40.2711,-88.6701,69,Mostly Clear,0,7,False,False,False,False,True,0.2
2026-08-03T03:30:29Z,IL,IL00055IN014900028,40.3599,-89.1099,69,Mostly Clear,0,6,False,False,False,False,True,0.2
2026-08-03T03:30:29Z,IL,IL00057IS026800022,40.5613,-88.0615,66,Mostly Clear,0,5,False,False,False,False,True,0.2
2026-08-03T03:30:29Z,IL,IL00057IS011400023,38.5965,-88.9677,70,Clear,0,3,False,False,False,False,True,0.2
2026-08-03T03:30:29Z,IL,IL00055IS019400021,40.8371,-88.6833,67,Mostly Clear,0,5,False,False,False,False,True,0.2
2026-08-03T03:30:29Z,IL,IL00024IW003700010,37.1593,-88.6798,70,Mostly Clear,0,3,False,False,False,False,True,0.2
2026-08-03T03:30:29Z,IL,IL00057IS007900047,38.0962,-88.9138,74,Mostly Clear,0,6,False,False,False,False,True,0.2
2026-08-03T03:30:29Z,IL,IL00057IN033300049,41.3892,-87.7729,66,Mostly Clear,0,5,False,False,False,False,True,0.2
2026-08-03T03:30:29Z,IL,IL00064IW002500011,38.5491,-89.7633,72,Clear,0,5,False,False,False,False,True,0.2
2026-08-03T03:30:29Z,IL,IL00055IS006400017,39.3523,-89.6447,70,Mostly Clear,0,3,False,False,False,False,True,0.2
2026-08-03T03:30:29Z,IL,IL00080IW005100013,41.3937,-89.5591,68,Mostly Clear,0,5,False,False,False,False,True,0.2
2026-08-03T03:30:29Z,IL,IL00070IE008600051,39.0651,-88.6745,70,Mostly Clear,0,5,False,False,False,False,True,0.2
2026-08-03T03:30:29Z,IL,IL00057IN026800032,40.5505,-88.0605,66,Mostly Clear,0,5,False,False,False,False,True,0.2
2026-08-03T03:30:29Z,IL,IL00070IE002700042,38.7849,-89.7023,71,Mostly Clear,0,3,False,False,False,False,True,0.2
2026-08-03T03:30:29Z,IL,IL00080IE011700043,41.4314,-88.3454,67,Mostly Clear,0,5,False,False,False,False,True,0.2
2026-08-03T03:30:29Z,IL,IL00080IW011700016,41.4473,-88.3285,67,Mostly Clear,0,5,False,False,False,False,True,0.2
2026-08-03T03:30:29Z,IL,IL00039IS008500026,41.7285,-89.0105,66,Mostly Clear,0,5,False,False,False,False,True,0.2
2026-08-03T03:30:29Z,IL,IL00055IS002700019,38.8723,-89.8511,71,Mostly Clear,0,3,False,False,False,False,True,0.2
2026-08-03T03:30:29Z,IL,IL00057IS033300046,41.3918,-87.7749,66,Mostly Clear,0,5,False,False,False,False,True,0.2
2026-08-03T03:30:29Z,IL,IL00072IE015200041,39.9923,-88.7827,70,Mostly Clear,1,6,False,False,False,False,True,0.2
2026-08-03T03:30:29Z,IL,IL00074IW006200004,40.8802,-90.0895,69,Mostly Clear,0,3,False,False,False,False,True,0.2
2026-08-03T03:30:29Z,IL,IL00055IN019400031,40.8234,-88.6875,67,Mostly Clear,0,5,False,False,False,False,True,0.2
2026-08-03T03:30:29Z,IL,IL00057IN011400033,38.5963,-88.9638,70,Clear,0,3,False,False,False,False,True,0.2
2026-08-03T03:30:29Z,IL,IL00070IW008700045,39.0679,-88.6704,70,Mostly Clear,0,5,False,False,False,False,True,0.2
2026-08-03T03:30:29Z,IL,IL00057IS016500018,39.1993,-88.502,71,Mostly Clear,0,5,False,False,False,False,True,0.2
2026-08-03T03:30:29Z,IL,IL00074IE011400005,40.6125,-89.245,69,Mostly Clear,0,6,False,False,False,False,True,0.2
2026-08-03T03:30:29Z,IL,IL00074IW011400006,40.6111,-89.2323,69,Mostly Clear,0,6,False,False,False,False,True,0.2
2026-08-03T03:30:29Z,IL,IL00074IE006200001,40.8788,-90.0936,69,Mostly Clear,0,3,False,False,False,False,True,0.2
2026-08-03T03:30:29Z,IL,IL00070IW014900008,39.4228,-87.6617,69,Partly Cloudy,0,8,False,False,False,False,True,0.2
2026-08-03T03:30:29Z,IL,IL00057IN016500044,39.1898,-88.5031,70,Mostly Clear,0,5,False,False,False,False,True,0.2
2026-08-03T03:30:29Z,IL,IL00055IS010400024,39.8871,-89.5966,69,Mostly Clear,1,3,False,False,False,False,True,0.2
2026-08-03T03:30:29Z,IL,IL00057IS003200025,37.4699,-89.1329,71,Mostly Clear,0,3,False,False,False,False,True,0.2
2026-08-03T03:30:29Z,IL,IL00057IN003200035,37.4661,-89.1324,71,Mostly Clear,0,3,False,False,False,False,True,0.2
2026-08-03T03:30:29Z,IN,322,38.195,-87.8597,71,Mostly Clear,0,5,False,False,False,False,False,0.0
2026-08-03T03:30:29Z,IN,317,38.5852,-85.7768,70,Partly Cloudy,5,3,False,False,False,False,False,0.0
2026-08-03T03:30:29Z,IN,316,38.5859,-85.7809,70,Partly Cloudy,5,3,False,False,False,False,False,0.0
2026-08-03T03:30:29Z,IN,315,39.2602,-85.9521,69,Partly Cloudy,6,3,False,False,False,False,False,0.0
2026-08-03T03:30:29Z,IN,314,39.2767,-85.9569,70,Partly Cloudy,6,3,False,False,False,False,False,0.0
2026-08-03T03:30:29Z,IN,313,40.1578,-86.5387,68,Mostly Cloudy,6,9,False,False,False,False,False,0.0
2026-08-03T03:30:29Z,IN,312,40.1722,-86.5522,67,Mostly Cloudy,6,8,False,False,False,False,False,0.0
2026-08-03T03:30:29Z,IN,311,40.6992,-87.0628,67,Mostly Cloudy,2,10,False,False,False,False,False,0.0
2026-08-03T03:30:29Z,IN,310,40.6984,-87.0646,67,Mostly Cloudy,2,10,False,False,False,False,False,0.0
2026-08-03T03:30:29Z,IN,308,41.1653,-87.271,66,Mostly Cloudy,0,5,False,False,False,False,False,0.0
2026-08-03T03:30:29Z,IN,309,41.1666,-87.2749,66,Mostly Cloudy,0,5,False,False,False,False,False,0.0
2026-08-03T03:30:29Z,IN,318,40.3543,-85.5576,67,Partly Cloudy,7,6,False,False,False,False,False,0.0
2026-08-03T03:30:29Z,IN,319,40.3569,-85.56,67,Partly Cloudy,7,6,False,False,False,False,False,0.0
2026-08-03T03:30:29Z,IN,320,41.2963,-85.0863,68,Partly Cloudy,3,10,False,False,False,False,False,0.0
2026-08-03T03:30:29Z,IN,321,41.5803,-85.0597,69,Partly Cloudy,2,10,False,False,False,False,False,0.0
2026-08-03T03:30:29Z,IN,300,39.4417,-87.5002,71,Partly Cloudy,6,6,False,False,False,False,False,0.0
2026-08-03T03:30:29Z,IN,302,39.6517,-86.3967,69,Mostly Cloudy,7,8,False,False,False,False,False,0.0
2026-08-03T03:30:29Z,IN,301,39.6541,-86.4005,69,Mostly Cloudy,7,8,False,False,False,False,False,0.0
2026-08-03T03:30:29Z,IN,303,39.8243,-85.7039,68,Mostly Cloudy,7,3,False,False,False,False,False,0.0
2026-08-03T03:30:29Z,IN,304,39.8266,-85.704,68,Mostly Cloudy,7,3,False,False,False,False,False,0.0
2026-08-03T03:30:29Z,IN,305,39.8605,-85.0259,66,Partly Cloudy,0,6,False,False,False,False,False,0.0
2026-08-03T03:30:29Z,IN,323,39.29,-85.1688,67,Partly Cloudy,0,3,False,False,False,False,False,0.0
2026-08-03T03:30:29Z,IN,702,41.7472,-85.3285,69,Partly Cloudy,1,10,False,False,False,False,False,0.0
2026-08-03T03:30:29Z,IN,701,41.5889,-87.2173,68,Mostly Cloudy,0,10,False,False,False,False,False,0.0
2026-08-03T03:30:29Z,IN,704,41.7058,-86.6212,65,Partly Cloudy,0,5,False,False,False,False,False,0.0
2026-08-03T03:30:29Z,IN,703,41.7071,-86.6235,65,Partly Cloudy,0,5,False,False,False,False,False,0.0
2026-08-03T03:30:29Z,IN,705,41.733,-86.0057,68,Partly Cloudy,1,5,False,False,False,False,False,0.0
2026-08-03T03:30:29Z,IN,708,41.7472,-85.3285,69,Partly Cloudy,1,10,False,False,False,False,False,0.0
2026-08-03T03:30:29Z,IN,707,41.7453,-85.3287,69,Partly Cloudy,1,10,False,False,False,False,False,0.0
2026-08-03T03:30:29Z,IN,324,41.7353,-86.7933,65,Partly Cloudy,0,10,False,False,False,False,False,0.0
2026-08-03T03:30:29Z,KY,KY00065IS0000020N65WELCOM,36.6434,-86.5687,71,Slight Chance Drizzle,15,5,False,False,True,False,False,0.05
2026-08-03T03:30:29Z,KY,KY00065IS000020NSMARATHON,36.6612,-86.5553,71,Slight Chance Drizzle,15,5,False,False,True,False,False,0.05
2026-08-03T03:30:29Z,KY,KY00065IS0000340NWEIGHS34,36.6868,-86.5379,71,Slight Chance Drizzle,15,5,False,False,True,False,False,0.05
2026-08-03T03:30:29Z,KY,KY00065IS0011400S65SRA114,37.9464,-85.6905,70,Slight Chance Drizzle,15,3,False,False,True,False,False,0.05
2026-08-03T03:30:29Z,KY,KY00065IS0005900S65SRA059,37.239,-85.9297,70,Patchy Fog,15,1,False,False,False,False,False,0.0
2026-08-03T03:30:29Z,KY,KY00065IS0005900N65NRA059,37.2384,-85.9271,70,Patchy Fog,15,1,False,False,False,False,False,0.0
2026-08-03T03:30:29Z,KY,KY00075IS0003300NWEIGHS33,37.0422,-84.0968,71,Partly Cloudy,14,3,False,False,False,False,False,0.0
2026-08-03T03:30:29Z,KY,KY00075IS0003400SWEIGHS34,37.048,-84.0997,71,Partly Cloudy,14,3,False,False,False,False,False,0.0
2026-08-03T03:30:29Z,KY,KY00075IS0017700N75NRA177,38.937,-84.6309,69,Partly Cloudy,6,6,False,False,False,False,False,0.0
2026-08-03T03:30:29Z,KY,KY00075IS0007500SWALTONWS,38.8653,-84.6476,69,Partly Cloudy,6,5,False,False,False,False,False,0.0
2026-08-03T03:30:29Z,KY,KY00075IS0017700S75SRA177,38.9388,-84.6339,69,Partly Cloudy,6,6,False,False,False,False,False,0.0
2026-08-03T03:30:29Z,KY,KY00075IS0016800SCRITENWS,38.8196,-84.6015,69,Partly Cloudy,6,5,False,False,False,False,False,0.0
2026-08-03T03:30:29Z,KY,KY00075IS0000100N75WELCOM,36.6162,-84.1054,71,Partly Cloudy,8,0,False,False,False,False,False,0.0
2026-08-03T03:46:58Z,IL,IL00080IE005100040,41.3938,-89.5665,68,Mostly Clear,0,5,False,False,False,False,True,0.2
2026-08-03T03:46:58Z,IL,IL00055IN006400027,39.3465,-89.6408,70,Mostly Clear,0,3,False,False,False,False,True,0.2
2026-08-03T03:46:58Z,IL,IL00057IS022200054,39.9314,-88.3043,68,Mostly Clear,0,7,False,False,False,False,True,0.2
2026-08-03T03:46:58Z,IL,IL00039IN008500036,41.7236,-89.0062,66,Mostly Clear,0,5,False,False,False,False,True,0.2
2026-08-03T03:46:58Z,IL,IL00057IN007900034,38.0297,-88.9203,72,Mostly Clear,0,5,False,False,False,False,True,0.2
2026-08-03T03:46:58Z,IL,IL00074IW020800052,40.1298,-87.7441,70,Partly Cloudy,0,7,False,False,False,False,True,0.2
2026-08-03T03:46:58Z,IL,IL00074IE015600037,40.2732,-88.6762,68,Mostly Clear,0,7,False,False,False,False,True,0.2
2026-08-03T03:46:58Z,IL,IL00055IN002700029,38.8649,-89.8532,71,Mostly Clear,0,3,False,False,False,False,True,0.2
2026-08-03T03:46:58Z,IL,IL00057IN022200048,39.9218,-88.299,68,Mostly Clear,0,7,False,False,False,False,True,0.2
2026-08-03T03:46:58Z,IL,IL00064IE002500038,38.5481,-89.7731,72,Mostly Clear,0,5,False,False,False,False,True,0.2
2026-08-03T03:46:58Z,IL,IL00064IW013000053,38.2322,-87.9882,71,Mostly Clear,0,5,False,False,False,False,True,0.2
2026-08-03T03:46:58Z,IL,IL00072IW015200014,39.9888,-88.7852,70,Mostly Clear,1,6,False,False,False,False,True,0.2
2026-08-03T03:46:58Z,IL,IL00055IN010400050,39.8627,-89.5948,70,Mostly Clear,1,3,False,False,False,False,True,0.2
2026-08-03T03:46:58Z,IL,IL00074IW002800020,41.2141,-90.3308,68,Mostly Clear,0,5,False,False,False,False,True,0.2
2026-08-03T03:46:58Z,IL,IL00074IE002800030,41.2334,-90.333,68,Mostly Clear,0,5,False,False,False,False,True,0.2
2026-08-03T03:46:58Z,IL,IL00070IW002700015,38.7884,-89.6889,71,Mostly Clear,0,3,False,False,False,False,True,0.2
2026-08-03T03:46:58Z,IL,IL00064IW008500012,38.2766,-88.8012,71,Mostly Clear,0,5,False,False,False,False,True,0.2
2026-08-03T03:46:58Z,IL,IL00064IE008500039,38.273,-88.8496,71,Mostly Clear,0,3,False,False,False,False,True,0.2
2026-08-03T03:46:58Z,IL,IL00074IW015600009,40.2711,-88.6701,69,Mostly Clear,0,7,False,False,False,False,True,0.2
2026-08-03T03:46:58Z,IL,IL00055IN014900028,40.3599,-89.1099,69,Mostly Clear,0,6,False,False,False,False,True,0.2
2026-08-03T03:46:58Z,IL,IL00057IS026800022,40.5613,-88.0615,66,Mostly Clear,0,5,False,False,False,False,True,0.2
2026-08-03T03:46:58Z,IL,IL00057IS011400023,38.5965,-88.9677,70,Clear,0,3,False,False,False,False,True,0.2
2026-08-03T03:46:58Z,IL,IL00055IS019400021,40.8371,-88.6833,67,Mostly Clear,0,5,False,False,False,False,True,0.2
2026-08-03T03:46:58Z,IL,IL00024IW003700010,37.1593,-88.6798,70,Mostly Clear,0,3,False,False,False,False,True,0.2
2026-08-03T03:46:58Z,IL,IL00057IS007900047,38.0962,-88.9138,74,Mostly Clear,0,6,False,False,False,False,True,0.2
2026-08-03T03:46:58Z,IL,IL00057IN033300049,41.3892,-87.7729,66,Mostly Clear,0,5,False,False,False,False,True,0.2
2026-08-03T03:46:58Z,IL,IL00064IW002500011,38.5491,-89.7633,72,Clear,0,5,False,False,False,False,True,0.2
2026-08-03T03:46:58Z,IL,IL00055IS006400017,39.3523,-89.6447,70,Mostly Clear,0,3,False,False,False,False,True,0.2
2026-08-03T03:46:58Z,IL,IL00080IW005100013,41.3937,-89.5591,68,Mostly Clear,0,5,False,False,False,False,True,0.2
2026-08-03T03:46:58Z,IL,IL00070IE008600051,39.0651,-88.6745,70,Mostly Clear,0,5,False,False,False,False,True,0.2
2026-08-03T03:46:58Z,IL,IL00057IN026800032,40.5505,-88.0605,66,Mostly Clear,0,5,False,False,False,False,True,0.2
2026-08-03T03:46:58Z,IL,IL00070IE002700042,38.7849,-89.7023,71,Mostly Clear,0,3,False,False,False,False,True,0.2
2026-08-03T03:46:58Z,IL,IL00080IE011700043,41.4314,-88.3454,67,Mostly Clear,0,5,False,False,False,False,True,0.2
2026-08-03T03:46:58Z,IL,IL00080IW011700016,41.4473,-88.3285,67,Mostly Clear,0,5,False,False,False,False,True,0.2
2026-08-03T03:46:58Z,IL,IL00039IS008500026,41.7285,-89.0105,66,Mostly Clear,0,5,False,False,False,False,True,0.2
2026-08-03T03:46:58Z,IL,IL00055IS002700019,38.8723,-89.8511,71,Mostly Clear,0,3,False,False,False,False,True,0.2
2026-08-03T03:46:58Z,IL,IL00057IS033300046,41.3918,-87.7749,66,Mostly Clear,0,5,False,False,False,False,True,0.2
2026-08-03T03:46:58Z,IL,IL00072IE015200041,39.9923,-88.7827,70,Mostly Clear,1,6,False,False,False,False,True,0.2
2026-08-03T03:46:58Z,IL,IL00074IW006200004,40.8802,-90.0895,69,Mostly Clear,0,3,False,False,False,False,True,0.2
2026-08-03T03:46:58Z,IL,IL00055IN019400031,40.8234,-88.6875,67,Mostly Clear,0,5,False,False,False,False,True,0.2
2026-08-03T03:46:58Z,IL,IL00057IN011400033,38.5963,-88.9638,70,Clear,0,3,False,False,False,False,True,0.2
2026-08-03T03:46:58Z,IL,IL00070IW008700045,39.0679,-88.6704,70,Mostly Clear,0,5,False,False,False,False,True,0.2
2026-08-03T03:46:58Z,IL,IL00057IS016500018,39.1993,-88.502,71,Mostly Clear,0,5,False,False,False,False,True,0.2
2026-08-03T03:46:58Z,IL,IL00074IE011400005,40.6125,-89.245,69,Mostly Clear,0,6,False,False,False,False,True,0.2
2026-08-03T03:46:58Z,IL,IL00074IW011400006,40.6111,-89.2323,69,Mostly Clear,0,6,False,False,False,False,True,0.2
2026-08-03T03:46:58Z,IL,IL00074IE006200001,40.8788,-90.0936,69,Mostly Clear,0,3,False,False,False,False,True,0.2
2026-08-03T03:46:58Z,IL,IL00070IW014900008,39.4228,-87.6617,69,Partly Cloudy,0,8,False,False,False,False,True,0.2
2026-08-03T03:46:58Z,IL,IL00057IN016500044,39.1898,-88.5031,70,Mostly Clear,0,5,False,False,False,False,True,0.2
2026-08-03T03:46:58Z,IL,IL00055IS010400024,39.8871,-89.5966,69,Mostly Clear,1,3,False,False,False,False,True,0.2
2026-08-03T03:46:58Z,IL,IL00057IS003200025,37.4699,-89.1329,71,Mostly Clear,0,3,False,False,False,False,True,0.2
2026-08-03T03:46:58Z,IL,IL00057IN003200035,37.4661,-89.1324,71,Mostly Clear,0,3,False,False,False,False,True,0.2
2026-08-03T03:46:58Z,IN,322,38.195,-87.8597,71,Mostly Clear,0,5,False,False,False,False,False,0.0
2026-08-03T03:46:58Z,IN,317,38.5852,-85.7768,70,Partly Cloudy,5,3,False,False,False,False,False,0.0
2026-08-03T03:46:58Z,IN,316,38.5859,-85.7809,70,Partly Cloudy,5,3,False,False,False,False,False,0.0
2026-08-03T03:46:58Z,IN,315,39.2602,-85.9521,69,Partly Cloudy,6,3,False,False,False,False,False,0.0
2026-08-03T03:46:58Z,IN,314,39.2767,-85.9569,70,Partly Cloudy,6,3,False,False,False,False,False,0.0
2026-08-03T03:46:58Z,IN,313,40.1578,-86.5387,68,Mostly Cloudy,6,9,False,False,False,False,False,0.0
2026-08-03T03:46:58Z,IN,312,40.1722,-86.5522,67,Mostly Cloudy,6,8,False,False,False,False,False,0.0
2026-08-03T03:46:58Z,IN,311,40.6992,-87.0628,67,Mostly Cloudy,2,10,False,False,False,False,False,0.0
2026-08-03T03:46:58Z,IN,310,40.6984,-87.0646,67,Mostly Cloudy,2,10,False,False,False,False,False,0.0
2026-08-03T03:46:58Z,IN,308,41.1653,-87.271,66,Mostly Cloudy,0,5,False,False,False,False,False,0.0
2026-08-03T03:46:58Z,IN,309,41.1666,-87.2749,66,Mostly Cloudy,0,5,False,False,False,False,False,0.0
2026-08-03T03:46:58Z,IN,318,40.3543,-85.5576,67,Partly Cloudy,7,6,False,False,False,False,False,0.0
2026-08-03T03:46:58Z,IN,319,40.3569,-85.56,67,Partly Cloudy,7,6,False,False,False,False,False,0.0
2026-08-03T03:46:58Z,IN,320,41.2963,-85.0863,68,Partly Cloudy,3,10,False,False,False,False,False,0.0
2026-08-03T03:46:58Z,IN,321,41.5803,-85.0597,69,Partly Cloudy,2,10,False,False,False,False,False,0.0
2026-08-03T03:46:58Z,IN,300,39.4417,-87.5002,71,Partly Cloudy,6,6,False,False,False,False,False,0.0
2026-08-03T03:46:58Z,IN,302,39.6517,-86.3967,69,Mostly Cloudy,7,8,False,False,False,False,False,0.0
2026-08-03T03:46:58Z,IN,301,39.6541,-86.4005,69,Mostly Cloudy,7,8,False,False,False,False,False,0.0
2026-08-03T03:46:58Z,IN,303,39.8243,-85.7039,68,Mostly Cloudy,7,3,False,False,False,False,False,0.0
2026-08-03T03:46:58Z,IN,304,39.8266,-85.704,68,Mostly Cloudy,7,3,False,False,False,False,False,0.0
2026-08-03T03:46:58Z,IN,305,39.8605,-85.0259,66,Partly Cloudy,0,6,False,False,False,False,False,0.0
2026-08-03T03:46:58Z,IN,323,39.29,-85.1688,67,Partly Cloudy,0,3,False,False,False,False,False,0.0
2026-08-03T03:46:58Z,IN,702,41.7472,-85.3285,69,Partly Cloudy,1,10,False,False,False,False,False,0.0
2026-08-03T03:46:58Z,IN,701,41.5889,-87.2173,68,Mostly Cloudy,0,10,False,False,False,False,False,0.0
2026-08-03T03:46:58Z,IN,704,41.7058,-86.6212,65,Partly Cloudy,0,5,False,False,False,False,False,0.0
2026-08-03T03:46:58Z,IN,703,41.7071,-86.6235,65,Partly Cloudy,0,5,False,False,False,False,False,0.0
2026-08-03T03:46:58Z,IN,705,41.733,-86.0057,68,Partly Cloudy,1,5,False,False,False,False,False,0.0
2026-08-03T03:46:58Z,IN,708,41.7472,-85.3285,69,Partly Cloudy,1,10,False,False,False,False,False,0.0
2026-08-03T03:46:58Z,IN,707,41.7453,-85.3287,69,Partly Cloudy,1,10,False,False,False,False,False,0.0
2026-08-03T03:46:58Z,IN,324,41.7353,-86.7933,65,Partly Cloudy,0,10,False,False,False,False,False,0.0
2026-08-03T03:46:58Z,KY,KY00065IS0000020N65WELCOM,36.6434,-86.5687,71,Slight Chance Drizzle,15,5,False,False,True,False,False,0.05
2026-08-03T03:46:58Z,KY,KY00065IS000020NSMARATHON,36.6612,-86.5553,71,Slight Chance Drizzle,15,5,False,False,True,False,False,0.05
2026-08-03T03:46:58Z,KY,KY00065IS0000340NWEIGHS34,36.6868,-86.5379,71,Slight Chance Drizzle,15,5,False,False,True,False,False,0.05
2026-08-03T03:46:58Z,KY,KY00065IS0011400S65SRA114,37.9464,-85.6905,70,Slight Chance Drizzle,15,3,False,False,True,False,False,0.05
2026-08-03T03:46:58Z,KY,KY00065IS0005900S65SRA059,37.239,-85.9297,70,Patchy Fog,15,1,False,False,False,False,False,0.0
2026-08-03T03:46:58Z,KY,KY00065IS0005900N65NRA059,37.2384,-85.9271,70,Patchy Fog,15,1,False,False,False,False,False,0.0
2026-08-03T03:46:58Z,KY,KY00075IS0003300NWEIGHS33,37.0422,-84.0968,71,Partly Cloudy,14,3,False,False,False,False,False,0.0
2026-08-03T03:46:58Z,KY,KY00075IS0003400SWEIGHS34,37.048,-84.0997,71,Partly Cloudy,14,3,False,False,False,False,False,0.0
2026-08-03T03:46:58Z,KY,KY00075IS0017700N75NRA177,38.937,-84.6309,69,Partly Cloudy,6,6,False,False,False,False,False,0.0
2026-08-03T03:46:58Z,KY,KY00075IS0007500SWALTONWS,38.8653,-84.6476,69,Partly Cloudy,6,5,False,False,False,False,False,0.0
2026-08-03T03:46:58Z,KY,KY00075IS0017700S75SRA177,38.9388,-84.6339,69,Partly Cloudy,6,6,False,False,False,False,False,0.0
2026-08-03T03:46:58Z,KY,KY00075IS0016800SCRITENWS,38.8196,-84.6015,69,Partly Cloudy,6,5,False,False,False,False,False,0.0
2026-08-03T03:46:58Z,KY,KY00075IS0000100N75WELCOM,36.6162,-84.1054,71,Partly Cloudy,8,0,False,False,False,False,False,0.0
2026-08-03T04:03:26Z,IL,IL00080IE005100040,41.3938,-89.5665,68,Mostly Clear,0,5,False,False,False,False,True,0.2
2026-08-03T04:03:26Z,IL,IL00055IN006400027,39.3465,-89.6408,70,Mostly Clear,0,3,False,False,False,False,True,0.2
2026-08-03T04:03:26Z,IL,IL00057IS022200054,39.9314,-88.3043,68,Mostly Clear,0,7,False,False,False,False,True,0.2
2026-08-03T04:03:26Z,IL,IL00039IN008500036,41.7236,-89.0062,66,Mostly Clear,0,5,False,False,False,False,True,0.2
2026-08-03T04:03:26Z,IL,IL00057IN007900034,38.0297,-88.9203,72,Mostly Clear,0,5,False,False,False,False,True,0.2
2026-08-03T04:03:26Z,IL,IL00074IW020800052,40.1298,-87.7441,70,Partly Cloudy,0,7,False,False,False,False,True,0.2
2026-08-03T04:03:26Z,IL,IL00074IE015600037,40.2732,-88.6762,68,Mostly Clear,0,7,False,False,False,False,True,0.2
2026-08-03T04:03:26Z,IL,IL00055IN002700029,38.8649,-89.8532,71,Mostly Clear,0,3,False,False,False,False,True,0.2
2026-08-03T04:03:26Z,IL,IL00057IN022200048,39.9218,-88.299,68,Mostly Clear,0,7,False,False,False,False,True,0.2
2026-08-03T04:03:26Z,IL,IL00064IE002500038,38.5481,-89.7731,72,Mostly Clear,0,5,False,False,False,False,True,0.2
2026-08-03T04:03:26Z,IL,IL00064IW013000053,38.2322,-87.9882,71,Mostly Clear,0,5,False,False,False,False,True,0.2
2026-08-03T04:03:26Z,IL,IL00072IW015200014,39.9888,-88.7852,70,Mostly Clear,1,6,False,False,False,False,True,0.2
2026-08-03T04:03:26Z,IL,IL00055IN010400050,39.8627,-89.5948,70,Mostly Clear,1,3,False,False,False,False,True,0.2
2026-08-03T04:03:26Z,IL,IL00074IW002800020,41.2141,-90.3308,68,Mostly Clear,0,5,False,False,False,False,True,0.2
2026-08-03T04:03:26Z,IL,IL00074IE002800030,41.2334,-90.333,68,Mostly Clear,0,5,False,False,False,False,True,0.2
2026-08-03T04:03:26Z,IL,IL00070IW002700015,38.7884,-89.6889,71,Mostly Clear,0,3,False,False,False,False,True,0.2
2026-08-03T04:03:26Z,IL,IL00064IW008500012,38.2766,-88.8012,71,Mostly Clear,0,5,False,False,False,False,True,0.2
2026-08-03T04:03:26Z,IL,IL00064IE008500039,38.273,-88.8496,71,Mostly Clear,0,3,False,False,False,False,True,0.2
2026-08-03T04:03:26Z,IL,IL00074IW015600009,40.2711,-88.6701,69,Mostly Clear,0,7,False,False,False,False,True,0.2
2026-08-03T04:03:26Z,IL,IL00055IN014900028,40.3599,-89.1099,69,Mostly Clear,0,6,False,False,False,False,True,0.2
2026-08-03T04:03:26Z,IL,IL00057IS026800022,40.5613,-88.0615,66,Mostly Clear,0,5,False,False,False,False,True,0.2
2026-08-03T04:03:26Z,IL,IL00057IS011400023,38.5965,-88.9677,70,Clear,0,3,False,False,False,False,True,0.2
2026-08-03T04:03:26Z,IL,IL00055IS019400021,40.8371,-88.6833,67,Mostly Clear,0,5,False,False,False,False,True,0.2
2026-08-03T04:03:26Z,IL,IL00024IW003700010,37.1593,-88.6798,70,Mostly Clear,0,3,False,False,False,False,True,0.2
2026-08-03T04:03:26Z,IL,IL00057IS007900047,38.0962,-88.9138,74,Mostly Clear,0,6,False,False,False,False,True,0.2
2026-08-03T04:03:26Z,IL,IL00057IN033300049,41.3892,-87.7729,66,Mostly Clear,0,5,False,False,False,False,True,0.2
2026-08-03T04:03:26Z,IL,IL00064IW002500011,38.5491,-89.7633,72,Clear,0,5,False,False,False,False,True,0.2
2026-08-03T04:03:26Z,IL,IL00055IS006400017,39.3523,-89.6447,70,Mostly Clear,0,3,False,False,False,False,True,0.2
2026-08-03T04:03:26Z,IL,IL00080IW005100013,41.3937,-89.5591,68,Mostly Clear,0,5,False,False,False,False,True,0.2
2026-08-03T04:03:26Z,IL,IL00070IE008600051,39.0651,-88.6745,70,Mostly Clear,0,5,False,False,False,False,True,0.2
2026-08-03T04:03:26Z,IL,IL00057IN026800032,40.5505,-88.0605,66,Mostly Clear,0,5,False,False,False,False,True,0.2
2026-08-03T04:03:26Z,IL,IL00070IE002700042,38.7849,-89.7023,71,Mostly Clear,0,3,False,False,False,False,True,0.2
2026-08-03T04:03:26Z,IL,IL00080IE011700043,41.4314,-88.3454,67,Mostly Clear,0,5,False,False,False,False,True,0.2
2026-08-03T04:03:26Z,IL,IL00080IW011700016,41.4473,-88.3285,67,Mostly Clear,0,5,False,False,False,False,True,0.2
2026-08-03T04:03:26Z,IL,IL00039IS008500026,41.7285,-89.0105,66,Mostly Clear,0,5,False,False,False,False,True,0.2
2026-08-03T04:03:26Z,IL,IL00055IS002700019,38.8723,-89.8511,71,Mostly Clear,0,3,False,False,False,False,True,0.2
2026-08-03T04:03:26Z,IL,IL00057IS033300046,41.3918,-87.7749,66,Mostly Clear,0,5,False,False,False,False,True,0.2
2026-08-03T04:03:26Z,IL,IL00072IE015200041,39.9923,-88.7827,70,Mostly Clear,1,6,False,False,False,False,True,0.2
2026-08-03T04:03:26Z,IL,IL00074IW006200004,40.8802,-90.0895,69,Mostly Clear,0,3,False,False,False,False,True,0.2
2026-08-03T04:03:26Z,IL,IL00055IN019400031,40.8234,-88.6875,67,Mostly Clear,0,5,False,False,False,False,True,0.2
2026-08-03T04:03:26Z,IL,IL00057IN011400033,38.5963,-88.9638,70,Clear,0,3,False,False,False,False,True,0.2
2026-08-03T04:03:26Z,IL,IL00070IW008700045,39.0679,-88.6704,70,Mostly Clear,0,5,False,False,False,False,True,0.2
2026-08-03T04:03:26Z,IL,IL00057IS016500018,39.1993,-88.502,71,Mostly Clear,0,5,False,False,False,False,True,0.2
2026-08-03T04:03:26Z,IL,IL00074IE011400005,40.6125,-89.245,69,Mostly Clear,0,6,False,False,False,False,True,0.2
2026-08-03T04:03:26Z,IL,IL00074IW011400006,40.6111,-89.2323,69,Mostly Clear,0,6,False,False,False,False,True,0.2
2026-08-03T04:03:26Z,IL,IL00074IE006200001,40.8788,-90.0936,69,Mostly Clear,0,3,False,False,False,False,True,0.2
2026-08-03T04:03:26Z,IL,IL00070IW014900008,39.4228,-87.6617,69,Partly Cloudy,0,8,False,False,False,False,True,0.2
2026-08-03T04:03:26Z,IL,IL00057IN016500044,39.1898,-88.5031,70,Mostly Clear,0,5,False,False,False,False,True,0.2
2026-08-03T04:03:26Z,IL,IL00055IS010400024,39.8871,-89.5966,69,Mostly Clear,1,3,False,False,False,False,True,0.2
2026-08-03T04:03:26Z,IL,IL00057IS003200025,37.4699,-89.1329,71,Mostly Clear,0,3,False,False,False,False,True,0.2
2026-08-03T04:03:26Z,IL,IL00057IN003200035,37.4661,-89.1324,71,Mostly Clear,0,3,False,False,False,False,True,0.2
2026-08-03T04:03:26Z,IN,322,38.195,-87.8597,71,Mostly Clear,0,5,False,False,False,False,False,0.0
2026-08-03T04:03:26Z,IN,317,38.5852,-85.7768,70,Partly Cloudy,5,3,False,False,False,False,False,0.0
2026-08-03T04:03:26Z,IN,316,38.5859,-85.7809,70,Partly Cloudy,5,3,False,False,False,False,False,0.0
2026-08-03T04:03:26Z,IN,315,39.2602,-85.9521,69,Partly Cloudy,6,3,False,False,False,False,False,0.0
2026-08-03T04:03:26Z,IN,314,39.2767,-85.9569,70,Partly Cloudy,6,3,False,False,False,False,False,0.0
2026-08-03T04:03:26Z,IN,313,40.1578,-86.5387,68,Mostly Cloudy,6,9,False,False,False,False,False,0.0
2026-08-03T04:03:26Z,IN,312,40.1722,-86.5522,67,Mostly Cloudy,6,8,False,False,False,False,False,0.0
2026-08-03T04:03:26Z,IN,311,40.6992,-87.0628,67,Mostly Cloudy,2,10,False,False,False,False,False,0.0
2026-08-03T04:03:26Z,IN,310,40.6984,-87.0646,67,Mostly Cloudy,2,10,False,False,False,False,False,0.0
2026-08-03T04:03:26Z,IN,308,41.1653,-87.271,66,Mostly Cloudy,0,5,False,False,False,False,False,0.0
2026-08-03T04:03:26Z,IN,309,41.1666,-87.2749,66,Mostly Cloudy,0,5,False,False,False,False,False,0.0
2026-08-03T04:03:26Z,IN,318,40.3543,-85.5576,67,Partly Cloudy,7,6,False,False,False,False,False,0.0
2026-08-03T04:03:26Z,IN,319,40.3569,-85.56,67,Partly Cloudy,7,6,False,False,False,False,False,0.0
2026-08-03T04:03:26Z,IN,320,41.2963,-85.0863,68,Partly Cloudy,3,10,False,False,False,False,False,0.0
2026-08-03T04:03:26Z,IN,321,41.5803,-85.0597,69,Partly Cloudy,2,10,False,False,False,False,False,0.0
2026-08-03T04:03:26Z,IN,300,39.4417,-87.5002,71,Partly Cloudy,6,6,False,False,False,False,False,0.0
2026-08-03T04:03:26Z,IN,302,39.6517,-86.3967,69,Mostly Cloudy,7,8,False,False,False,False,False,0.0
2026-08-03T04:03:26Z,IN,301,39.6541,-86.4005,69,Mostly Cloudy,7,8,False,False,False,False,False,0.0
2026-08-03T04:03:26Z,IN,303,39.8243,-85.7039,68,Mostly Cloudy,7,3,False,False,False,False,False,0.0
2026-08-03T04:03:26Z,IN,304,39.8266,-85.704,68,Mostly Cloudy,7,3,False,False,False,False,False,0.0
2026-08-03T04:03:26Z,IN,305,39.8605,-85.0259,66,Partly Cloudy,0,6,False,False,False,False,False,0.0
2026-08-03T04:03:26Z,IN,323,39.29,-85.1688,67,Partly Cloudy,0,3,False,False,False,False,False,0.0
2026-08-03T04:03:26Z,IN,702,41.7472,-85.3285,69,Partly Cloudy,1,10,False,False,False,False,False,0.0
2026-08-03T04:03:26Z,IN,701,41.5889,-87.2173,68,Mostly Cloudy,0,10,False,False,False,False,False,0.0
2026-08-03T04:03:26Z,IN,704,41.7058,-86.6212,65,Partly Cloudy,0,5,False,False,False,False,False,0.0
2026-08-03T04:03:26Z,IN,703,41.7071,-86.6235,65,Partly Cloudy,0,5,False,False,False,False,False,0.0
2026-08-03T04:03:26Z,IN,705,41.733,-86.0057,68,Partly Cloudy,1,5,False,False,False,False,False,0.0
2026-08-03T04:03:26Z,IN,708,41.7472,-85.3285,69,Partly Cloudy,1,10,False,False,False,False,False,0.0
2026-08-03T04:03:26Z,IN,707,41.7453,-85.3287,69,Partly Cloudy,1,10,False,False,False,False,False,0.0
2026-08-03T04:03:26Z,IN,324,41.7353,-86.7933,65,Partly Cloudy,0,10,False,False,False,False,False,0.0
2026-08-03T04:03:26Z,KY,KY00065IS0000020N65WELCOM,36.6434,-86.5687,71,Slight Chance Drizzle,15,5,False,False,True,False,False,0.05
2026-08-03T04:03:26Z,KY,KY00065IS000020NSMARATHON,36.6612,-86.5553,71,Slight Chance Drizzle,15,5,False,False,True,False,False,0.05
2026-08-03T04:03:26Z,KY,KY00065IS0000340NWEIGHS34,36.6868,-86.5379,71,Slight Chance Drizzle,15,5,False,False,True,False,False,0.05
2026-08-03T04:03:26Z,KY,KY00065IS0011400S65SRA114,37.9464,-85.6905,70,Slight Chance Drizzle,15,3,False,False,True,False,False,0.05
2026-08-03T04:03:26Z,KY,KY00065IS0005900S65SRA059,37.239,-85.9297,70,Patchy Fog,15,1,False,False,False,False,False,0.0
2026-08-03T04:03:26Z,KY,KY00065IS0005900N65NRA059,37.2384,-85.9271,70,Patchy Fog,15,1,False,False,False,False,False,0.0
2026-08-03T04:03:26Z,KY,KY00075IS0003300NWEIGHS33,37.0422,-84.0968,71,Partly Cloudy,14,3,False,False,False,False,False,0.0
2026-08-03T04:03:26Z,KY,KY00075IS0003400SWEIGHS34,37.048,-84.0997,71,Partly Cloudy,14,3,False,False,False,False,False,0.0
2026-08-03T04:03:26Z,KY,KY00075IS0017700N75NRA177,38.937,-84.6309,69,Partly Cloudy,6,6,False,False,False,False,False,0.0
2026-08-03T04:03:26Z,KY,KY00075IS0007500SWALTONWS,38.8653,-84.6476,69,Partly Cloudy,6,5,False,False,False,False,False,0.0
2026-08-03T04:03:26Z,KY,KY00075IS0017700S75SRA177,38.9388,-84.6339,69,Partly Cloudy,6,6,False,False,False,False,False,0.0
2026-08-03T04:03:26Z,KY,KY00075IS0016800SCRITENWS,38.8196,-84.6015,69,Partly Cloudy,6,5,False,False,False,False,False,0.0
2026-08-03T04:03:26Z,KY,KY00075IS0000100N75WELCOM,36.6162,-84.1054,71,Partly Cloudy,8,0,False,False,False,False,False,0.0
2026-08-03T04:19:53Z,IL,IL00080IE005100040,41.3938,-89.5665,67,Mostly Clear,0,5,False,False,False,False,True,0.2
2026-08-03T04:19:53Z,IL,IL00055IN006400027,39.3465,-89.6408,68,Mostly Clear,0,3,False,False,False,False,True,0.2
2026-08-03T04:19:53Z,IL,IL00057IS022200054,39.9314,-88.3043,67,Mostly Clear,0,6,False,False,False,False,True,0.2
2026-08-03T04:19:53Z,IL,IL00039IN008500036,41.7236,-89.0062,64,Mostly Clear,0,5,False,False,False,False,True,0.2
2026-08-03T04:19:53Z,IL,IL00057IN007900034,38.0297,-88.9203,69,Mostly Clear,0,5,False,False,False,False,True,0.2
2026-08-03T04:19:53Z,IL,IL00074IW020800052,40.1298,-87.7441,68,Partly Cloudy,0,6,False,False,False,False,True,0.2
2026-08-03T04:19:53Z,IL,IL00074IE015600037,40.2732,-88.6762,68,Mostly Clear,0,6,False,False,False,False,True,0.2
2026-08-03T04:19:53Z,IL,IL00055IN002700029,38.8649,-89.8532,69,Mostly Clear,0,3,False,False,False,False,True,0.2
2026-08-03T04:19:53Z,IL,IL00057IN022200048,39.9218,-88.299,67,Mostly Clear,0,6,False,False,False,False,True,0.2
2026-08-03T04:19:53Z,IL,IL00064IE002500038,38.5481,-89.7731,71,Mostly Clear,0,3,False,False,False,False,True,0.2
2026-08-03T04:19:53Z,IL,IL00064IW013000053,38.2322,-87.9882,69,Clear,0,6,False,False,False,False,True,0.2
2026-08-03T04:19:53Z,IL,IL00072IW015200014,39.9888,-88.7852,70,Mostly Clear,0,5,False,False,False,False,True,0.2
2026-08-03T04:19:53Z,IL,IL00055IN010400050,39.8627,-89.5948,68,Mostly Clear,0,3,False,False,False,False,True,0.2
2026-08-03T04:19:53Z,IL,IL00074IW002800020,41.2141,-90.3308,67,Clear,0,0,False,False,False,False,True,0.2
2026-08-03T04:19:53Z,IL,IL00074IE002800030,41.2334,-90.333,67,Clear,0,0,False,False,False,False,True,0.2
2026-08-03T04:19:53Z,IL,IL00070IW002700015,38.7884,-89.6889,70,Mostly Clear,0,3,False,False,False,False,True,0.2
2026-08-03T04:19:53Z,IL,IL00064IW008500012,38.2766,-88.8012,68,Mostly Clear,0,3,False,False,False,False,True,0.2
2026-08-03T04:19:53Z,IL,IL00064IE008500039,38.273,-88.8496,68,Clear,0,3,False,False,False,False,True,0.2
2026-08-03T04:19:53Z,IL,IL00074IW015600009,40.2711,-88.6701,67,Mostly Clear,0,6,False,False,False,False,True,0.2
2026-08-03T04:19:53Z,IL,IL00055IN014900028,40.3599,-89.1099,67,Mostly Clear,0,5,False,False,False,False,True,0.2
2026-08-03T04:19:53Z,IL,IL00057IS026800022,40.5613,-88.0615,64,Partly Cloudy,0,5,False,False,False,False,True,0.2
2026-08-03T04:19:53Z,IL,IL00057IS011400023,38.5965,-88.9677,69,Mostly Clear,0,2,False,False,False,False,True,0.2
2026-08-03T04:19:53Z,IL,IL00055IS019400021,40.8371,-88.6833,65,Mostly Clear,0,5,False,False,False,False,True,0.2
2026-08-03T04:19:53Z,IL,IL00024IW003700010,37.1593,-88.6798,68,Clear,0,2,False,False,False,False,True,0.2
2026-08-03T04:19:53Z,IL,IL00057IS007900047,38.0962,-88.9138,72,Mostly Clear,0,6,False,False,False,False,True,0.2
2026-08-03T04:19:53Z,IL,IL00057IN033300049,41.3892,-87.7729,64,Partly Cloudy,0,5,False,False,False,False,True,0.2
2026-08-03T04:19:53Z,IL,IL00064IW002500011,38.5491,-89.7633,70,Mostly Clear,0,3,False,False,False,False,True,0.2
2026-08-03T04:19:53Z,IL,IL00055IS006400017,39.3523,-89.6447,68,Mostly Clear,0,3,False,False,False,False,True,0.2
2026-08-03T04:19:53Z,IL,IL00080IW005100013,41.3937,-89.5591,67,Mostly Clear,0,5,False,False,False,False,True,0.2
2026-08-03T04:19:53Z,IL,IL00070IE008600051,39.0651,-88.6745,70,Mostly Clear,0,5,False,False,False,False,True,0.2
2026-08-03T04:19:53Z,IL,IL00057IN026800032,40.5505,-88.0605,64,Partly Cloudy,0,5,False,False,False,False,True,0.2
2026-08-03T04:19:53Z,IL,IL00070IE002700042,38.7849,-89.7023,70,Mostly Clear,0,3,False,False,False,False,True,0.2
2026-08-03T04:19:53Z,IL,IL00080IE011700043,41.4314,-88.3454,65,Mostly Clear,0,5,False,False,False,False,True,0.2
2026-08-03T04:19:53Z,IL,IL00080IW011700016,41.4473,-88.3285,65,Mostly Clear,0,5,False,False,False,False,True,0.2
2026-08-03T04:19:53Z,IL,IL00039IS008500026,41.7285,-89.0105,64,Mostly Clear,0,5,False,False,False,False,True,0.2
2026-08-03T04:19:53Z,IL,IL00055IS002700019,38.8723,-89.8511,69,Mostly Clear,0,3,False,False,False,False,True,0.2
2026-08-03T04:19:53Z,IL,IL00057IS033300046,41.3918,-87.7749,64,Partly Cloudy,0,5,False,False,False,False,True,0.2
2026-08-03T04:19:53Z,IL,IL00072IE015200041,39.9923,-88.7827,70,Mostly Clear,0,5,False,False,False,False,True,0.2
2026-08-03T04:19:53Z,IL,IL00074IW006200004,40.8802,-90.0895,67,Mostly Clear,0,3,False,False,False,False,True,0.2
2026-08-03T04:19:53Z,IL,IL00055IN019400031,40.8234,-88.6875,65,Mostly Clear,0,5,False,False,False,False,True,0.2
2026-08-03T04:19:53Z,IL,IL00057IN011400033,38.5963,-88.9638,69,Mostly Clear,0,2,False,False,False,False,True,0.2
2026-08-03T04:19:53Z,IL,IL00070IW008700045,39.0679,-88.6704,70,Mostly Clear,0,5,False,False,False,False,True,0.2
2026-08-03T04:19:53Z,IL,IL00057IS016500018,39.1993,-88.502,69,Mostly Clear,0,5,False,False,False,False,True,0.2
2026-08-03T04:19:53Z,IL,IL00074IE011400005,40.6125,-89.245,69,Mostly Clear,0,5,False,False,False,False,True,0.2
2026-08-03T04:19:53Z,IL,IL00074IW011400006,40.6111,-89.2323,69,Mostly Clear,0,5,False,False,False,False,True,0.2
2026-08-03T04:19:53Z,IL,IL00074IE006200001,40.8788,-90.0936,67,Mostly Clear,0,3,False,False,False,False,True,0.2
2026-08-03T04:19:53Z,IL,IL00070IW014900008,39.4228,-87.6617,68,Mostly Clear,0,7,False,False,False,False,True,0.2
2026-08-03T04:19:53Z,IL,IL00057IN016500044,39.1898,-88.5031,69,Mostly Clear,0,5,False,False,False,False,True,0.2
2026-08-03T04:19:53Z,IL,IL00055IS010400024,39.8871,-89.5966,68,Mostly Clear,0,3,False,False,False,False,True,0.2
2026-08-03T04:19:53Z,IL,IL00057IS003200025,37.4699,-89.1329,69,Clear,0,3,False,False,False,False,True,0.2
2026-08-03T04:19:53Z,IL,IL00057IN003200035,37.4661,-89.1324,69,Clear,0,3,False,False,False,False,True,0.2
2026-08-03T04:19:53Z,IN,322,38.195,-87.8597,69,Mostly Clear,0,6,False,False,False,False,False,0.0
2026-08-03T04:19:53Z,IN,317,38.5852,-85.7768,69,Partly Cloudy,8,3,False,False,False,False,False,0.0
2026-08-03T04:19:53Z,IN,316,38.5859,-85.7809,69,Partly Cloudy,8,3,False,False,False,False,False,0.0
2026-08-03T04:19:53Z,IN,315,39.2602,-85.9521,69,Partly Cloudy,5,3,False,False,False,False,False,0.0
2026-08-03T04:19:53Z,IN,314,39.2767,-85.9569,69,Partly Cloudy,5,3,False,False,False,False,False,0.0
2026-08-03T04:19:53Z,IN,313,40.1578,-86.5387,67,Mostly Cloudy,5,8,False,False,False,False,False,0.0
2026-08-03T04:19:53Z,IN,312,40.1722,-86.5522,66,Mostly Cloudy,5,7,False,False,False,False,False,0.0
2026-08-03T04:19:53Z,IN,311,40.6992,-87.0628,66,Partly Cloudy,1,5,False,False,False,False,False,0.0
2026-08-03T04:19:53Z,IN,310,40.6984,-87.0646,66,Partly Cloudy,1,5,False,False,False,False,False,0.0
2026-08-03T04:19:53Z,IN,308,41.1653,-87.271,65,Mostly Cloudy,0,5,False,False,False,False,False,0.0
2026-08-03T04:19:53Z,IN,309,41.1666,-87.2749,65,Mostly Cloudy,0,5,False,False,False,False,False,0.0
2026-08-03T04:19:53Z,IN,318,40.3543,-85.5576,66,Partly Cloudy,5,6,False,False,False,False,False,0.0
2026-08-03T04:19:53Z,IN,319,40.3569,-85.56,66,Partly Cloudy,5,6,False,False,False,False,False,0.0
2026-08-03T04:19:53Z,IN,320,41.2963,-85.0863,67,Partly Cloudy,2,5,False,False,False,False,False,0.0
2026-08-03T04:19:53Z,IN,321,41.5803,-85.0597,67,Mostly Clear,1,5,False,False,False,False,False,0.0
2026-08-03T04:19:53Z,IN,300,39.4417,-87.5002,69,Mostly Clear,3,6,False,False,False,False,False,0.0
2026-08-03T04:19:53Z,IN,302,39.6517,-86.3967,68,Partly Cloudy,6,8,False,False,False,False,False,0.0
2026-08-03T04:19:53Z,IN,301,39.6541,-86.4005,68,Partly Cloudy,6,8,False,False,False,False,False,0.0
2026-08-03T04:19:53Z,IN,303,39.8243,-85.7039,67,Mostly Cloudy,6,3,False,False,False,False,False,0.0
2026-08-03T04:19:53Z,IN,304,39.8266,-85.704,67,Mostly Cloudy,6,3,False,False,False,False,False,0.0
2026-08-03T04:19:53Z,IN,305,39.8605,-85.0259,65,Mostly Clear,0,5,False,False,False,False,False,0.0
2026-08-03T04:19:53Z,IN,323,39.29,-85.1688,66,Partly Cloudy,1,3,False,False,False,False,False,0.0
2026-08-03T04:19:53Z,IN,702,41.7472,-85.3285,67,Mostly Clear,1,5,False,False,False,False,False,0.0
2026-08-03T04:19:53Z,IN,701,41.5889,-87.2173,67,Partly Cloudy,0,10,False,False,False,False,False,0.0
2026-08-03T04:19:53Z,IN,704,41.7058,-86.6212,65,Partly Cloudy,0,5,False,False,False,False,False,0.0
2026-08-03T04:19:53Z,IN,703,41.7071,-86.6235,65,Partly Cloudy,0,5,False,False,False,False,False,0.0
2026-08-03T04:19:53Z,IN,705,41.733,-86.0057,67,Mostly Clear,0,5,False,False,False,False,False,0.0
2026-08-03T04:19:53Z,IN,708,41.7472,-85.3285,67,Mostly Clear,1,5,False,False,False,False,False,0.0
2026-08-03T04:19:53Z,IN,707,41.7453,-85.3287,67,Mostly Clear,1,5,False,False,False,False,False,0.0
2026-08-03T04:19:53Z,IN,324,41.7353,-86.7933,65,Partly Cloudy,0,5,False,False,False,False,False,0.0
2026-08-03T04:19:53Z,KY,KY00065IS0000020N65WELCOM,36.6434,-86.5687,70,Mostly Cloudy,8,5,False,False,False,False,False,0.0
2026-08-03T04:19:53Z,KY,KY00065IS000020NSMARATHON,36.6612,-86.5553,70,Slight Chance Drizzle,15,3,False,False,True,False,False,0.05
2026-08-03T04:19:53Z,KY,KY00065IS0000340NWEIGHS34,36.6868,-86.5379,70,Mostly Cloudy,9,3,False,False,False,False,False,0.0
2026-08-03T04:19:53Z,KY,KY00065IS0011400S65SRA114,37.9464,-85.6905,70,Slight Chance Drizzle,15,3,False,False,True,False,False,0.05
2026-08-03T04:19:53Z,KY,KY00065IS0005900S65SRA059,37.239,-85.9297,69,Patchy Fog,15,1,False,False,False,False,False,0.0
2026-08-03T04:19:53Z,KY,KY00065IS0005900N65NRA059,37.2384,-85.9271,69,Patchy Fog,15,1,False,False,False,False,False,0.0
2026-08-03T04:19:53Z,KY,KY00075IS0003300NWEIGHS33,37.0422,-84.0968,70,Slight Chance Rain Showers,16,1,False,False,True,False,False,0.05
2026-08-03T04:19:53Z,KY,KY00075IS0003400SWEIGHS34,37.048,-84.0997,70,Slight Chance Rain Showers,16,2,False,False,True,False,False,0.05
2026-08-03T04:19:53Z,KY,KY00075IS0017700N75NRA177,38.937,-84.6309,68,Partly Cloudy,4,6,False,False,False,False,False,0.0
2026-08-03T04:19:53Z,KY,KY00075IS0007500SWALTONWS,38.8653,-84.6476,68,Partly Cloudy,4,5,False,False,False,False,False,0.0
2026-08-03T04:19:53Z,KY,KY00075IS0017700S75SRA177,38.9388,-84.6339,68,Partly Cloudy,4,6,False,False,False,False,False,0.0
2026-08-03T04:19:53Z,KY,KY00075IS0016800SCRITENWS,38.8196,-84.6015,68,Partly Cloudy,4,5,False,False,False,False,False,0.0
2026-08-03T04:19:53Z,KY,KY00075IS0000100N75WELCOM,36.6162,-84.1054,70,Partly Cloudy,8,0,False,False,False,False,False,0.0
2026-08-03T04:36:42Z,IL,IL00080IE005100040,41.3938,-89.5665,67,Mostly Clear,0,5,False,False,False,False,True,0.2
2026-08-03T04:36:42Z,IL,IL00055IN006400027,39.3465,-89.6408,68,Mostly Clear,0,3,False,False,False,False,True,0.2
2026-08-03T04:36:42Z,IL,IL00057IS022200054,39.9314,-88.3043,67,Mostly Clear,0,6,False,False,False,False,True,0.2
2026-08-03T04:36:42Z,IL,IL00039IN008500036,41.7236,-89.0062,64,Mostly Clear,0,5,False,False,False,False,True,0.2
2026-08-03T04:36:42Z,IL,IL00057IN007900034,38.0297,-88.9203,69,Mostly Clear,0,5,False,False,False,False,True,0.2
2026-08-03T04:36:42Z,IL,IL00074IW020800052,40.1298,-87.7441,68,Partly Cloudy,0,6,False,False,False,False,True,0.2
2026-08-03T04:36:42Z,IL,IL00074IE015600037,40.2732,-88.6762,68,Mostly Clear,0,6,False,False,False,False,True,0.2
2026-08-03T04:36:42Z,IL,IL00055IN002700029,38.8649,-89.8532,69,Mostly Clear,0,3,False,False,False,False,True,0.2
2026-08-03T04:36:42Z,IL,IL00057IN022200048,39.9218,-88.299,67,Mostly Clear,0,6,False,False,False,False,True,0.2
2026-08-03T04:36:42Z,IL,IL00064IE002500038,38.5481,-89.7731,71,Mostly Clear,0,3,False,False,False,False,True,0.2
2026-08-03T04:36:42Z,IL,IL00064IW013000053,38.2322,-87.9882,69,Clear,0,6,False,False,False,False,True,0.2
2026-08-03T04:36:42Z,IL,IL00072IW015200014,39.9888,-88.7852,70,Mostly Clear,0,5,False,False,False,False,True,0.2
2026-08-03T04:36:42Z,IL,IL00055IN010400050,39.8627,-89.5948,68,Mostly Clear,0,3,False,False,False,False,True,0.2
2026-08-03T04:36:42Z,IL,IL00074IW002800020,41.2141,-90.3308,67,Clear,0,0,False,False,False,False,True,0.2
2026-08-03T04:36:42Z,IL,IL00074IE002800030,41.2334,-90.333,67,Clear,0,0,False,False,False,False,True,0.2
2026-08-03T04:36:42Z,IL,IL00070IW002700015,38.7884,-89.6889,70,Mostly Clear,0,3,False,False,False,False,True,0.2
2026-08-03T04:36:42Z,IL,IL00064IW008500012,38.2766,-88.8012,68,Mostly Clear,0,3,False,False,False,False,True,0.2
2026-08-03T04:36:42Z,IL,IL00064IE008500039,38.273,-88.8496,68,Clear,0,3,False,False,False,False,True,0.2
2026-08-03T04:36:42Z,IL,IL00074IW015600009,40.2711,-88.6701,67,Mostly Clear,0,6,False,False,False,False,True,0.2
2026-08-03T04:36:42Z,IL,IL00055IN014900028,40.3599,-89.1099,67,Mostly Clear,0,5,False,False,False,False,True,0.2
2026-08-03T04:36:42Z,IL,IL00057IS026800022,40.5613,-88.0615,64,Partly Cloudy,0,5,False,False,False,False,True,0.2
2026-08-03T04:36:42Z,IL,IL00057IS011400023,38.5965,-88.9677,69,Mostly Clear,0,2,False,False,False,False,True,0.2
2026-08-03T04:36:42Z,IL,IL00055IS019400021,40.8371,-88.6833,65,Mostly Clear,0,5,False,False,False,False,True,0.2
2026-08-03T04:36:42Z,IL,IL00024IW003700010,37.1593,-88.6798,68,Clear,0,2,False,False,False,False,True,0.2
2026-08-03T04:36:42Z,IL,IL00057IS007900047,38.0962,-88.9138,72,Mostly Clear,0,6,False,False,False,False,True,0.2
2026-08-03T04:36:42Z,IL,IL00057IN033300049,41.3892,-87.7729,64,Partly Cloudy,0,5,False,False,False,False,True,0.2
2026-08-03T04:36:42Z,IL,IL00064IW002500011,38.5491,-89.7633,70,Mostly Clear,0,3,False,False,False,False,True,0.2
2026-08-03T04:36:42Z,IL,IL00055IS006400017,39.3523,-89.6447,68,Mostly Clear,0,3,False,False,False,False,True,0.2
2026-08-03T04:36:42Z,IL,IL00080IW005100013,41.3937,-89.5591,67,Mostly Clear,0,5,False,False,False,False,True,0.2
2026-08-03T04:36:42Z,IL,IL00070IE008600051,39.0651,-88.6745,70,Mostly Clear,0,5,False,False,False,False,True,0.2
2026-08-03T04:36:42Z,IL,IL00057IN026800032,40.5505,-88.0605,64,Partly Cloudy,0,5,False,False,False,False,True,0.2
2026-08-03T04:36:42Z,IL,IL00070IE002700042,38.7849,-89.7023,70,Mostly Clear,0,3,False,False,False,False,True,0.2
2026-08-03T04:36:42Z,IL,IL00080IE011700043,41.4314,-88.3454,65,Mostly Clear,0,5,False,False,False,False,True,0.2
2026-08-03T04:36:42Z,IL,IL00080IW011700016,41.4473,-88.3285,65,Mostly Clear,0,5,False,False,False,False,True,0.2
2026-08-03T04:36:42Z,IL,IL00039IS008500026,41.7285,-89.0105,64,Mostly Clear,0,5,False,False,False,False,True,0.2
2026-08-03T04:36:42Z,IL,IL00055IS002700019,38.8723,-89.8511,69,Mostly Clear,0,3,False,False,False,False,True,0.2
2026-08-03T04:36:42Z,IL,IL00057IS033300046,41.3918,-87.7749,64,Partly Cloudy,0,5,False,False,False,False,True,0.2
2026-08-03T04:36:42Z,IL,IL00072IE015200041,39.9923,-88.7827,70,Mostly Clear,0,5,False,False,False,False,True,0.2
2026-08-03T04:36:42Z,IL,IL00074IW006200004,40.8802,-90.0895,67,Mostly Clear,0,3,False,False,False,False,True,0.2
2026-08-03T04:36:42Z,IL,IL00055IN019400031,40.8234,-88.6875,65,Mostly Clear,0,5,False,False,False,False,True,0.2
2026-08-03T04:36:42Z,IL,IL00057IN011400033,38.5963,-88.9638,69,Mostly Clear,0,2,False,False,False,False,True,0.2
2026-08-03T04:36:42Z,IL,IL00070IW008700045,39.0679,-88.6704,70,Mostly Clear,0,5,False,False,False,False,True,0.2
2026-08-03T04:36:42Z,IL,IL00057IS016500018,39.1993,-88.502,69,Mostly Clear,0,5,False,False,False,False,True,0.2
2026-08-03T04:36:42Z,IL,IL00074IE011400005,40.6125,-89.245,69,Mostly Clear,0,5,False,False,False,False,True,0.2
2026-08-03T04:36:42Z,IL,IL00074IW011400006,40.6111,-89.2323,69,Mostly Clear,0,5,False,False,False,False,True,0.2
2026-08-03T04:36:42Z,IL,IL00074IE006200001,40.8788,-90.0936,67,Mostly Clear,0,3,False,False,False,False,True,0.2
2026-08-03T04:36:42Z,IL,IL00070IW014900008,39.4228,-87.6617,68,Mostly Clear,0,7,False,False,False,False,True,0.2
2026-08-03T04:36:42Z,IL,IL00057IN016500044,39.1898,-88.5031,69,Mostly Clear,0,5,False,False,False,False,True,0.2
2026-08-03T04:36:42Z,IL,IL00055IS010400024,39.8871,-89.5966,68,Mostly Clear,0,3,False,False,False,False,True,0.2
2026-08-03T04:36:42Z,IL,IL00057IS003200025,37.4699,-89.1329,69,Clear,0,3,False,False,False,False,True,0.2
2026-08-03T04:36:42Z,IL,IL00057IN003200035,37.4661,-89.1324,69,Clear,0,3,False,False,False,False,True,0.2
2026-08-03T04:36:42Z,IN,322,38.195,-87.8597,69,Mostly Clear,0,6,False,False,False,False,False,0.0
2026-08-03T04:36:42Z,IN,317,38.5852,-85.7768,69,Partly Cloudy,8,3,False,False,False,False,False,0.0
2026-08-03T04:36:42Z,IN,316,38.5859,-85.7809,69,Partly Cloudy,8,3,False,False,False,False,False,0.0
2026-08-03T04:36:42Z,IN,315,39.2602,-85.9521,69,Partly Cloudy,5,3,False,False,False,False,False,0.0
2026-08-03T04:36:42Z,IN,314,39.2767,-85.9569,69,Partly Cloudy,5,3,False,False,False,False,False,0.0
2026-08-03T04:36:42Z,IN,313,40.1578,-86.5387,67,Mostly Cloudy,5,8,False,False,False,False,False,0.0
2026-08-03T04:36:42Z,IN,312,40.1722,-86.5522,66,Mostly Cloudy,5,7,False,False,False,False,False,0.0
2026-08-03T04:36:42Z,IN,311,40.6992,-87.0628,66,Partly Cloudy,1,5,False,False,False,False,False,0.0
2026-08-03T04:36:42Z,IN,310,40.6984,-87.0646,66,Partly Cloudy,1,5,False,False,False,False,False,0.0
2026-08-03T04:36:42Z,IN,308,41.1653,-87.271,65,Mostly Cloudy,0,5,False,False,False,False,False,0.0
2026-08-03T04:36:42Z,IN,309,41.1666,-87.2749,65,Mostly Cloudy,0,5,False,False,False,False,False,0.0
2026-08-03T04:36:42Z,IN,318,40.3543,-85.5576,66,Partly Cloudy,5,6,False,False,False,False,False,0.0
2026-08-03T04:36:42Z,IN,319,40.3569,-85.56,66,Partly Cloudy,5,6,False,False,False,False,False,0.0
2026-08-03T04:36:42Z,IN,320,41.2963,-85.0863,67,Partly Cloudy,2,5,False,False,False,False,False,0.0
2026-08-03T04:36:42Z,IN,321,41.5803,-85.0597,67,Mostly Clear,1,5,False,False,False,False,False,0.0
2026-08-03T04:36:42Z,IN,300,39.4417,-87.5002,69,Mostly Clear,3,6,False,False,False,False,False,0.0
2026-08-03T04:36:42Z,IN,302,39.6517,-86.3967,68,Partly Cloudy,6,8,False,False,False,False,False,0.0
2026-08-03T04:36:42Z,IN,301,39.6541,-86.4005,68,Partly Cloudy,6,8,False,False,False,False,False,0.0
2026-08-03T04:36:42Z,IN,303,39.8243,-85.7039,67,Mostly Cloudy,6,3,False,False,False,False,False,0.0
2026-08-03T04:36:42Z,IN,304,39.8266,-85.704,67,Mostly Cloudy,6,3,False,False,False,False,False,0.0
2026-08-03T04:36:42Z,IN,305,39.8605,-85.0259,65,Mostly Clear,0,5,False,False,False,False,False,0.0
2026-08-03T04:36:42Z,IN,323,39.29,-85.1688,66,Partly Cloudy,1,3,False,False,False,False,False,0.0
2026-08-03T04:36:42Z,IN,702,41.7472,-85.3285,67,Mostly Clear,1,5,False,False,False,False,False,0.0
2026-08-03T04:36:42Z,IN,701,41.5889,-87.2173,67,Partly Cloudy,0,10,False,False,False,False,False,0.0
2026-08-03T04:36:42Z,IN,704,41.7058,-86.6212,65,Partly Cloudy,0,5,False,False,False,False,False,0.0
2026-08-03T04:36:42Z,IN,703,41.7071,-86.6235,65,Partly Cloudy,0,5,False,False,False,False,False,0.0
2026-08-03T04:36:42Z,IN,705,41.733,-86.0057,67,Mostly Clear,0,5,False,False,False,False,False,0.0
2026-08-03T04:36:42Z,IN,708,41.7472,-85.3285,67,Mostly Clear,1,5,False,False,False,False,False,0.0
2026-08-03T04:36:42Z,IN,707,41.7453,-85.3287,67,Mostly Clear,1,5,False,False,False,False,False,0.0
2026-08-03T04:36:42Z,IN,324,41.7353,-86.7933,65,Partly Cloudy,0,5,False,False,False,False,False,0.0
2026-08-03T04:36:42Z,KY,KY00065IS0000020N65WELCOM,36.6434,-86.5687,70,Mostly Cloudy,8,5,False,False,False,False,False,0.0
2026-08-03T04:36:42Z,KY,KY00065IS000020NSMARATHON,36.6612,-86.5553,70,Slight Chance Drizzle,15,3,False,False,True,False,False,0.05
2026-08-03T04:36:42Z,KY,KY00065IS0000340NWEIGHS34,36.6868,-86.5379,70,Mostly Cloudy,9,3,False,False,False,False,False,0.0
2026-08-03T04:36:42Z,KY,KY00065IS0011400S65SRA114,37.9464,-85.6905,70,Slight Chance Drizzle,15,3,False,False,True,False,False,0.05
2026-08-03T04:36:42Z,KY,KY00065IS0005900S65SRA059,37.239,-85.9297,69,Patchy Fog,15,1,False,False,False,False,False,0.0
2026-08-03T04:36:42Z,KY,KY00065IS0005900N65NRA059,37.2384,-85.9271,69,Patchy Fog,15,1,False,False,False,False,False,0.0
2026-08-03T04:36:42Z,KY,KY00075IS0003300NWEIGHS33,37.0422,-84.0968,70,Slight Chance Rain Showers,16,1,False,False,True,False,False,0.05
2026-08-03T04:36:42Z,KY,KY00075IS0003400SWEIGHS34,37.048,-84.0997,70,Slight Chance Rain Showers,16,2,False,False,True,False,False,0.05
2026-08-03T04:36:42Z,KY,KY00075IS0017700N75NRA177,38.937,-84.6309,68,Partly Cloudy,4,6,False,False,False,False,False,0.0
2026-08-03T04:36:42Z,KY,KY00075IS0007500SWALTONWS,38.8653,-84.6476,68,Partly Cloudy,4,5,False,False,False,False,False,0.0
2026-08-03T04:36:42Z,KY,KY00075IS0017700S75SRA177,38.9388,-84.6339,68,Partly Cloudy,4,6,False,False,False,False,False,0.0
2026-08-03T04:36:42Z,KY,KY00075IS0016800SCRITENWS,38.8196,-84.6015,68,Partly Cloudy,4,5,False,False,False,False,False,0.0
2026-08-03T04:36:42Z,KY,KY00075IS0000100N75WELCOM,36.6162,-84.1054,70,Partly Cloudy,8,0,False,False,False,False,False,0.0
2026-08-03T04:53:11Z,IL,IL00080IE005100040,41.3938,-89.5665,67,Mostly Clear,0,5,False,False,False,False,True,0.2
2026-08-03T04:53:11Z,IL,IL00055IN006400027,39.3465,-89.6408,68,Mostly Clear,0,3,False,False,False,False,True,0.2
2026-08-03T04:53:11Z,IL,IL00057IS022200054,39.9314,-88.3043,67,Mostly Clear,0,6,False,False,False,False,True,0.2
2026-08-03T04:53:11Z,IL,IL00039IN008500036,41.7236,-89.0062,64,Mostly Clear,0,5,False,False,False,False,True,0.2
2026-08-03T04:53:11Z,IL,IL00057IN007900034,38.0297,-88.9203,69,Mostly Clear,0,5,False,False,False,False,True,0.2
2026-08-03T04:53:11Z,IL,IL00074IW020800052,40.1298,-87.7441,68,Partly Cloudy,0,6,False,False,False,False,True,0.2
2026-08-03T04:53:11Z,IL,IL00074IE015600037,40.2732,-88.6762,68,Mostly Clear,0,6,False,False,False,False,True,0.2
2026-08-03T04:53:11Z,IL,IL00055IN002700029,38.8649,-89.8532,69,Mostly Clear,0,3,False,False,False,False,True,0.2
2026-08-03T04:53:11Z,IL,IL00057IN022200048,39.9218,-88.299,67,Mostly Clear,0,6,False,False,False,False,True,0.2
2026-08-03T04:53:11Z,IL,IL00064IE002500038,38.5481,-89.7731,71,Mostly Clear,0,3,False,False,False,False,True,0.2
2026-08-03T04:53:11Z,IL,IL00064IW013000053,38.2322,-87.9882,69,Clear,0,6,False,False,False,False,True,0.2
2026-08-03T04:53:11Z,IL,IL00072IW015200014,39.9888,-88.7852,70,Mostly Clear,0,5,False,False,False,False,True,0.2
2026-08-03T04:53:11Z,IL,IL00055IN010400050,39.8627,-89.5948,68,Mostly Clear,0,3,False,False,False,False,True,0.2
2026-08-03T04:53:11Z,IL,IL00074IW002800020,41.2141,-90.3308,67,Clear,0,0,False,False,False,False,True,0.2
2026-08-03T04:53:11Z,IL,IL00074IE002800030,41.2334,-90.333,67,Clear,0,0,False,False,False,False,True,0.2
2026-08-03T04:53:11Z,IL,IL00070IW002700015,38.7884,-89.6889,70,Mostly Clear,0,3,False,False,False,False,True,0.2
2026-08-03T04:53:11Z,IL,IL00064IW008500012,38.2766,-88.8012,68,Mostly Clear,0,3,False,False,False,False,True,0.2
2026-08-03T04:53:11Z,IL,IL00064IE008500039,38.273,-88.8496,68,Clear,0,3,False,False,False,False,True,0.2
2026-08-03T04:53:11Z,IL,IL00074IW015600009,40.2711,-88.6701,67,Mostly Clear,0,6,False,False,False,False,True,0.2
2026-08-03T04:53:11Z,IL,IL00055IN014900028,40.3599,-89.1099,67,Mostly Clear,0,5,False,False,False,False,True,0.2
2026-08-03T04:53:11Z,IL,IL00057IS026800022,40.5613,-88.0615,64,Partly Cloudy,0,5,False,False,False,False,True,0.2
2026-08-03T04:53:11Z,IL,IL00057IS011400023,38.5965,-88.9677,69,Mostly Clear,0,2,False,False,False,False,True,0.2
2026-08-03T04:53:11Z,IL,IL00055IS019400021,40.8371,-88.6833,65,Mostly Clear,0,5,False,False,False,False,True,0.2
2026-08-03T04:53:11Z,IL,IL00024IW003700010,37.1593,-88.6798,68,Clear,0,2,False,False,False,False,True,0.2
2026-08-03T04:53:11Z,IL,IL00057IS007900047,38.0962,-88.9138,72,Mostly Clear,0,6,False,False,False,False,True,0.2
2026-08-03T04:53:11Z,IL,IL00057IN033300049,41.3892,-87.7729,64,Partly Cloudy,0,5,False,False,False,False,True,0.2
2026-08-03T04:53:11Z,IL,IL00064IW002500011,38.5491,-89.7633,70,Mostly Clear,0,3,False,False,False,False,True,0.2
2026-08-03T04:53:11Z,IL,IL00055IS006400017,39.3523,-89.6447,68,Mostly Clear,0,3,False,False,False,False,True,0.2
2026-08-03T04:53:11Z,IL,IL00080IW005100013,41.3937,-89.5591,67,Mostly Clear,0,5,False,False,False,False,True,0.2
2026-08-03T04:53:11Z,IL,IL00070IE008600051,39.0651,-88.6745,70,Mostly Clear,0,5,False,False,False,False,True,0.2
2026-08-03T04:53:11Z,IL,IL00057IN026800032,40.5505,-88.0605,64,Partly Cloudy,0,5,False,False,False,False,True,0.2
2026-08-03T04:53:11Z,IL,IL00070IE002700042,38.7849,-89.7023,70,Mostly Clear,0,3,False,False,False,False,True,0.2
2026-08-03T04:53:11Z,IL,IL00080IE011700043,41.4314,-88.3454,65,Mostly Clear,0,5,False,False,False,False,True,0.2
2026-08-03T04:53:11Z,IL,IL00080IW011700016,41.4473,-88.3285,65,Mostly Clear,0,5,False,False,False,False,True,0.2
2026-08-03T04:53:11Z,IL,IL00039IS008500026,41.7285,-89.0105,64,Mostly Clear,0,5,False,False,False,False,True,0.2
2026-08-03T04:53:11Z,IL,IL00055IS002700019,38.8723,-89.8511,69,Mostly Clear,0,3,False,False,False,False,True,0.2
2026-08-03T04:53:11Z,IL,IL00057IS033300046,41.3918,-87.7749,64,Partly Cloudy,0,5,False,False,False,False,True,0.2
2026-08-03T04:53:11Z,IL,IL00072IE015200041,39.9923,-88.7827,70,Mostly Clear,0,5,False,False,False,False,True,0.2
2026-08-03T04:53:11Z,IL,IL00074IW006200004,40.8802,-90.0895,67,Mostly Clear,0,3,False,False,False,False,True,0.2
2026-08-03T04:53:11Z,IL,IL00055IN019400031,40.8234,-88.6875,65,Mostly Clear,0,5,False,False,False,False,True,0.2
2026-08-03T04:53:11Z,IL,IL00057IN011400033,38.5963,-88.9638,69,Mostly Clear,0,2,False,False,False,False,True,0.2
2026-08-03T04:53:11Z,IL,IL00070IW008700045,39.0679,-88.6704,70,Mostly Clear,0,5,False,False,False,False,True,0.2
2026-08-03T04:53:11Z,IL,IL00057IS016500018,39.1993,-88.502,69,Mostly Clear,0,5,False,False,False,False,True,0.2
2026-08-03T04:53:11Z,IL,IL00074IE011400005,40.6125,-89.245,69,Mostly Clear,0,5,False,False,False,False,True,0.2
2026-08-03T04:53:11Z,IL,IL00074IW011400006,40.6111,-89.2323,69,Mostly Clear,0,5,False,False,False,False,True,0.2
2026-08-03T04:53:11Z,IL,IL00074IE006200001,40.8788,-90.0936,67,Mostly Clear,0,3,False,False,False,False,True,0.2
2026-08-03T04:53:11Z,IL,IL00070IW014900008,39.4228,-87.6617,68,Mostly Clear,0,7,False,False,False,False,True,0.2
2026-08-03T04:53:11Z,IL,IL00057IN016500044,39.1898,-88.5031,69,Mostly Clear,0,5,False,False,False,False,True,0.2
2026-08-03T04:53:11Z,IL,IL00055IS010400024,39.8871,-89.5966,68,Mostly Clear,0,3,False,False,False,False,True,0.2
2026-08-03T04:53:11Z,IL,IL00057IS003200025,37.4699,-89.1329,69,Clear,0,3,False,False,False,False,True,0.2
2026-08-03T04:53:11Z,IL,IL00057IN003200035,37.4661,-89.1324,69,Clear,0,3,False,False,False,False,True,0.2
2026-08-03T04:53:11Z,IN,322,38.195,-87.8597,69,Mostly Clear,0,6,False,False,False,False,False,0.0
2026-08-03T04:53:11Z,IN,317,38.5852,-85.7768,69,Partly Cloudy,8,3,False,False,False,False,False,0.0
2026-08-03T04:53:11Z,IN,316,38.5859,-85.7809,69,Partly Cloudy,8,3,False,False,False,False,False,0.0
2026-08-03T04:53:11Z,IN,315,39.2602,-85.9521,69,Partly Cloudy,5,3,False,False,False,False,False,0.0
2026-08-03T04:53:11Z,IN,314,39.2767,-85.9569,69,Partly Cloudy,5,3,False,False,False,False,False,0.0
2026-08-03T04:53:11Z,IN,313,40.1578,-86.5387,67,Mostly Cloudy,5,8,False,False,False,False,False,0.0
2026-08-03T04:53:11Z,IN,312,40.1722,-86.5522,66,Mostly Cloudy,5,7,False,False,False,False,False,0.0
2026-08-03T04:53:11Z,IN,311,40.6992,-87.0628,66,Partly Cloudy,1,5,False,False,False,False,False,0.0
2026-08-03T04:53:11Z,IN,310,40.6984,-87.0646,66,Partly Cloudy,1,5,False,False,False,False,False,0.0
2026-08-03T04:53:11Z,IN,308,41.1653,-87.271,65,Mostly Cloudy,0,5,False,False,False,False,False,0.0
2026-08-03T04:53:11Z,IN,309,41.1666,-87.2749,65,Mostly Cloudy,0,5,False,False,False,False,False,0.0
2026-08-03T04:53:11Z,IN,318,40.3543,-85.5576,66,Partly Cloudy,5,6,False,False,False,False,False,0.0
2026-08-03T04:53:11Z,IN,319,40.3569,-85.56,66,Partly Cloudy,5,6,False,False,False,False,False,0.0
2026-08-03T04:53:11Z,IN,320,41.2963,-85.0863,67,Partly Cloudy,2,5,False,False,False,False,False,0.0
2026-08-03T04:53:11Z,IN,321,41.5803,-85.0597,67,Mostly Clear,1,5,False,False,False,False,False,0.0
2026-08-03T04:53:11Z,IN,300,39.4417,-87.5002,69,Mostly Clear,3,6,False,False,False,False,False,0.0
2026-08-03T04:53:11Z,IN,302,39.6517,-86.3967,68,Partly Cloudy,6,8,False,False,False,False,False,0.0
2026-08-03T04:53:11Z,IN,301,39.6541,-86.4005,68,Partly Cloudy,6,8,False,False,False,False,False,0.0
2026-08-03T04:53:11Z,IN,303,39.8243,-85.7039,67,Mostly Cloudy,6,3,False,False,False,False,False,0.0
2026-08-03T04:53:11Z,IN,304,39.8266,-85.704,67,Mostly Cloudy,6,3,False,False,False,False,False,0.0
2026-08-03T04:53:11Z,IN,305,39.8605,-85.0259,65,Mostly Clear,0,5,False,False,False,False,False,0.0
2026-08-03T04:53:11Z,IN,323,39.29,-85.1688,66,Partly Cloudy,1,3,False,False,False,False,False,0.0
2026-08-03T04:53:11Z,IN,702,41.7472,-85.3285,67,Mostly Clear,1,5,False,False,False,False,False,0.0
2026-08-03T04:53:11Z,IN,701,41.5889,-87.2173,67,Partly Cloudy,0,10,False,False,False,False,False,0.0
2026-08-03T04:53:11Z,IN,704,41.7058,-86.6212,65,Partly Cloudy,0,5,False,False,False,False,False,0.0
2026-08-03T04:53:11Z,IN,703,41.7071,-86.6235,65,Partly Cloudy,0,5,False,False,False,False,False,0.0
2026-08-03T04:53:11Z,IN,705,41.733,-86.0057,67,Mostly Clear,0,5,False,False,False,False,False,0.0
2026-08-03T04:53:11Z,IN,708,41.7472,-85.3285,67,Mostly Clear,1,5,False,False,False,False,False,0.0
2026-08-03T04:53:11Z,IN,707,41.7453,-85.3287,67,Mostly Clear,1,5,False,False,False,False,False,0.0
2026-08-03T04:53:11Z,IN,324,41.7353,-86.7933,65,Partly Cloudy,0,5,False,False,False,False,False,0.0
2026-08-03T04:53:11Z,KY,KY00065IS0000020N65WELCOM,36.6434,-86.5687,70,Mostly Cloudy,8,5,False,False,False,False,False,0.0
2026-08-03T04:53:11Z,KY,KY00065IS000020NSMARATHON,36.6612,-86.5553,70,Slight Chance Drizzle,15,3,False,False,True,False,False,0.05
2026-08-03T04:53:11Z,KY,KY00065IS0000340NWEIGHS34,36.6868,-86.5379,70,Mostly Cloudy,9,3,False,False,False,False,False,0.0
2026-08-03T04:53:11Z,KY,KY00065IS0011400S65SRA114,37.9464,-85.6905,70,Slight Chance Drizzle,15,3,False,False,True,False,False,0.05
2026-08-03T04:53:11Z,KY,KY00065IS0005900S65SRA059,37.239,-85.9297,69,Patchy Fog,15,1,False,False,False,False,False,0.0
2026-08-03T04:53:11Z,KY,KY00065IS0005900N65NRA059,37.2384,-85.9271,69,Patchy Fog,15,1,False,False,False,False,False,0.0
2026-08-03T04:53:11Z,KY,KY00075IS0003300NWEIGHS33,37.0422,-84.0968,70,Slight Chance Rain Showers,16,1,False,False,True,False,False,0.05
2026-08-03T04:53:11Z,KY,KY00075IS0003400SWEIGHS34,37.048,-84.0997,70,Slight Chance Rain Showers,16,2,False,False,True,False,False,0.05
2026-08-03T04:53:11Z,KY,KY00075IS0017700N75NRA177,38.937,-84.6309,68,Partly Cloudy,4,6,False,False,False,False,False,0.0
2026-08-03T04:53:11Z,KY,KY00075IS0007500SWALTONWS,38.8653,-84.6476,68,Partly Cloudy,4,5,False,False,False,False,False,0.0
2026-08-03T04:53:11Z,KY,KY00075IS0017700S75SRA177,38.9388,-84.6339,68,Partly Cloudy,4,6,False,False,False,False,False,0.0
2026-08-03T04:53:11Z,KY,KY00075IS0016800SCRITENWS,38.8196,-84.6015,68,Partly Cloudy,4,5,False,False,False,False,False,0.0
2026-08-03T04:53:11Z,KY,KY00075IS0000100N75WELCOM,36.6162,-84.1054,70,Partly Cloudy,8,0,False,False,False,False,False,0.0
