polled_at_utc,state,site_id,lat,lng,temp_f,short_forecast,precip_pct,wind_mph,snow,ice,is_rain,is_heavy_rain,state_severe_alert,m_weather_delta
2026-10-01T00:09:00Z,IL,IL00055IN010400050,39.8627,-89.5948,77,Mostly Cloudy,7,5,False,False,False,False,True,0.2
2026-10-01T00:09:00Z,IL,IL00057IN007900034,38.0297,-88.9203,88,Mostly Clear,1,3,False,False,False,False,True,0.2
2026-10-01T00:09:00Z,IL,IL00055IN014900028,40.3599,-89.1099,70,Mostly Cloudy,10,6,False,False,False,False,True,0.2
2026-10-01T00:09:00Z,IL,IL00055IN019400031,40.8234,-88.6875,71,Rain Showers,80,5,False,False,True,False,True,0.2
2026-10-01T00:09:00Z,IL,IL00057IN011400033,38.5963,-88.9638,86,Partly Cloudy,2,7,False,False,False,False,True,0.2
2026-10-01T00:09:00Z,IL,IL00064IE002500038,38.5481,-89.7731,87,Mostly Cloudy,2,13,False,False,False,False,True,0.2
2026-10-01T00:09:00Z,IL,IL00055IN002700029,38.8649,-89.8532,86,Mostly Cloudy,2,7,False,False,False,False,True,0.2
2026-10-01T00:09:00Z,IL,IL00057IN022200048,39.9218,-88.299,76,Mostly Cloudy,4,7,False,False,False,False,True,0.2
2026-10-01T00:09:00Z,IL,IL00057IS033300046,41.3918,-87.7749,66,Rain Showers,94,5,False,False,True,False,True,0.2
2026-10-01T00:09:00Z,IL,IL00080IE011700043,41.4314,-88.3454,67,Rain Showers,93,5,False,False,True,False,True,0.2
2026-10-01T00:09:00Z,IL,IL00057IS022200054,39.9314,-88.3043,76,Mostly Cloudy,4,7,False,False,False,False,True,0.2
2026-10-01T00:09:00Z,IL,IL00057IS026800022,40.5613,-88.0615,73,Rain Showers,79,5,False,False,True,False,True,0.2
2026-10-01T00:09:00Z,IL,IL00055IN006400027,39.3465,-89.6408,83,Partly Cloudy,3,5,False,False,False,False,True,0.2
2026-10-01T00:09:00Z,IL,IL00057IN026800032,40.5505,-88.0605,73,Rain Showers,79,5,False,False,True,False,True,0.2
2026-10-01T00:09:00Z,IL,IL00080IE005100040,41.3938,-89.5665,64,Chance Rain Showers,43,5,False,False,True,False,True,0.2
2026-10-01T00:09:00Z,IL,IL00064IW008500012,38.2766,-88.8012,88,Mostly Clear,1,9,False,False,False,False,True,0.2
2026-10-01T00:09:00Z,IL,IL00070IE008600051,39.0651,-88.6745,85,Partly Cloudy,2,7,False,False,False,False,True,0.2
2026-10-01T00:09:00Z,IL,IL00070IE002700042,38.7849,-89.7023,87,Partly Cloudy,2,10,False,False,False,False,True,0.2
2026-10-01T00:09:00Z,IL,IL00024IW003700010,37.1593,-88.6798,88,Mostly Clear,0,1,False,False,False,False,True,0.2
2026-10-01T00:09:00Z,IL,IL00064IE008500039,38.273,-88.8496,88,Mostly Clear,1,7,False,False,False,False,True,0.2
2026-10-01T00:09:00Z,IL,IL00074IW015600009,40.2711,-88.6701,72,Mostly Cloudy,9,6,False,False,False,False,True,0.2
2026-10-01T00:09:00Z,IL,IL00064IW002500011,38.5491,-89.7633,87,Partly Cloudy,2,13,False,False,False,False,True,0.2
2026-10-01T00:09:00Z,IL,IL00080IW005100013,41.3937,-89.5591,64,Chance Rain Showers,44,5,False,False,True,False,True,0.2
2026-10-01T00:09:00Z,IL,IL00074IW020800052,40.1298,-87.7441,73,Mostly Cloudy,5,5,False,False,False,False,True,0.2
2026-10-01T00:09:00Z,IL,IL00070IW002700015,38.7884,-89.6889,86,Partly Cloudy,2,10,False,False,False,False,True,0.2
2026-10-01T00:09:00Z,IL,IL00055IS002700019,38.8723,-89.8511,86,Mostly Cloudy,2,7,False,False,False,False,True,0.2
2026-10-01T00:09:00Z,IL,IL00057IS007900047,38.0962,-88.9138,87,Mostly Clear,1,5,False,False,False,False,True,0.2
2026-10-01T00:09:00Z,IL,IL00074IE002800030,41.2334,-90.333,65,Slight Chance Rain Showers,23,5,False,False,True,False,True,0.2
2026-10-01T00:09:00Z,IL,IL00055IS006400017,39.3523,-89.6447,83,Partly Cloudy,3,6,False,False,False,False,True,0.2
2026-10-01T00:09:00Z,IL,IL00074IE015600037,40.2732,-88.6762,72,Mostly Cloudy,9,6,False,False,False,False,True,0.2
2026-10-01T00:09:00Z,IL,IL00072IW015200014,39.9888,-88.7852,75,Mostly Cloudy,5,6,False,False,False,False,True,0.2
2026-10-01T00:09:00Z,IL,IL00064IW013000053,38.2322,-87.9882,82,Mostly Clear,1,1,False,False,False,False,True,0.2
2026-10-01T00:09:00Z,IL,IL00055IS019400021,40.8371,-88.6833,71,Rain Showers,81,5,False,False,True,False,True,0.2
2026-10-01T00:09:00Z,IL,IL00057IS011400023,38.5965,-88.9677,86,Partly Cloudy,2,7,False,False,False,False,True,0.2
2026-10-01T00:09:00Z,IL,IL00039IN008500036,41.7236,-89.0062,66,Rain Showers,95,10,False,False,True,False,True,0.2
2026-10-01T00:09:00Z,IL,IL00080IW011700016,41.4473,-88.3285,67,Rain Showers,93,10,False,False,True,False,True,0.2
2026-10-01T00:09:00Z,IL,IL00074IW002800020,41.2141,-90.3308,65,Slight Chance Rain Showers,23,5,False,False,True,False,True,0.2
2026-10-01T00:09:00Z,IL,IL00039IS008500026,41.7285,-89.0105,66,Rain Showers,95,10,False,False,True,False,True,0.2
2026-10-01T00:09:00Z,IL,IL00057IN033300049,41.3892,-87.7729,66,Rain Showers,94,5,False,False,True,False,True,0.2
2026-10-01T00:09:00Z,IL,IL00074IW011400006,40.6111,-89.2323,67,Slight Chance Rain Showers,15,5,False,False,True,False,True,0.2
2026-10-01T00:09:00Z,IL,IL00070IW014900008,39.4228,-87.6617,82,Mostly Cloudy,2,7,False,False,False,False,True,0.2
2026-10-01T00:09:00Z,IL,IL00074IE011400005,40.6125,-89.245,67,Slight Chance Rain Showers,15,5,False,False,True,False,True,0.2
2026-10-01T00:09:00Z,IL,IL00074IW006200004,40.8802,-90.0895,68,Mostly Cloudy,11,5,False,False,False,False,True,0.2
2026-10-01T00:09:00Z,IL,IL00074IE006200001,40.8788,-90.0936,68,Mostly Cloudy,11,5,False,False,False,False,True,0.2
2026-10-01T00:09:00Z,IL,IL00055IS010400024,39.8871,-89.5966,77,Mostly Cloudy,7,5,False,False,False,False,True,0.2
2026-10-01T00:09:00Z,IL,IL00057IS003200025,37.4699,-89.1329,86,Mostly Clear,1,2,False,False,False,False,True,0.2
2026-10-01T00:09:00Z,IL,IL00057IN003200035,37.4661,-89.1324,86,Mostly Clear,1,2,False,False,False,False,True,0.2
2026-10-01T00:09:00Z,IL,IL00070IW008700045,39.0679,-88.6704,85,Partly Cloudy,2,7,False,False,False,False,True,0.2
2026-10-01T00:09:00Z,IL,IL00057IS016500018,39.1993,-88.502,85,Partly Cloudy,2,6,False,False,False,False,True,0.2
2026-10-01T00:09:00Z,IL,IL00057IN016500044,39.1898,-88.5031,85,Partly Cloudy,2,6,False,False,False,False,True,0.2
2026-10-01T00:09:00Z,IL,IL00072IE015200041,39.9923,-88.7827,75,Mostly Cloudy,5,6,False,False,False,False,True,0.2
2026-10-01T00:09:00Z,IN,322,38.195,-87.8597,84,Mostly Clear,1,1,False,False,False,False,False,0.0
2026-10-01T00:09:00Z,IN,317,38.5852,-85.7768,81,Mostly Clear,0,3,False,False,False,False,False,0.0
2026-10-01T00:09:00Z,IN,316,38.5859,-85.7809,81,Mostly Clear,0,3,False,False,False,False,False,0.0
2026-10-01T00:09:00Z,IN,315,39.2602,-85.9521,78,Mostly Cloudy,1,6,False,False,False,False,False,0.0
2026-10-01T00:09:00Z,IN,314,39.2767,-85.9569,78,Partly Cloudy,1,6,False,False,False,False,False,0.0
2026-10-01T00:09:00Z,IN,313,40.1578,-86.5387,74,Mostly Cloudy,5,7,False,False,False,False,False,0.0
2026-10-01T00:09:00Z,IN,312,40.1722,-86.5522,75,Mostly Cloudy,5,7,False,False,False,False,False,0.0
2026-10-01T00:09:00Z,IN,311,40.6992,-87.0628,67,Chance Rain Showers,35,5,False,False,True,False,False,0.05
2026-10-01T00:09:00Z,IN,310,40.6984,-87.0646,67,Chance Rain Showers,35,5,False,False,True,False,False,0.05
2026-10-01T00:09:00Z,IN,308,41.1653,-87.271,67,Rain Showers,89,5,False,False,True,False,False,0.05
2026-10-01T00:09:00Z,IN,309,41.1666,-87.2749,67,Rain Showers,89,5,False,False,True,False,False,0.05
2026-10-01T00:09:00Z,IN,318,40.3543,-85.5576,76,Slight Chance Rain Showers,6,6,False,False,True,False,False,0.05
2026-10-01T00:09:00Z,IN,319,40.3569,-85.56,76,Slight Chance Rain Showers,6,6,False,False,True,False,False,0.05
2026-10-01T00:09:00Z,IN,320,41.2963,-85.0863,65,Chance Rain Showers,53,5,False,False,True,False,False,0.05
2026-10-01T00:09:00Z,IN,321,41.5803,-85.0597,63,Rain Showers Likely,59,5,False,False,True,False,False,0.05
2026-10-01T00:09:00Z,IN,300,39.4417,-87.5002,81,Partly Cloudy,2,7,False,False,False,False,False,0.0
2026-10-01T00:09:00Z,IN,302,39.6517,-86.3967,78,Partly Cloudy,2,7,False,False,False,False,False,0.0
2026-10-01T00:09:00Z,IN,301,39.6541,-86.4005,78,Partly Cloudy,2,7,False,False,False,False,False,0.0
2026-10-01T00:09:00Z,IN,303,39.8243,-85.7039,79,Mostly Cloudy,2,7,False,False,False,False,False,0.0
2026-10-01T00:09:00Z,IN,304,39.8266,-85.704,79,Mostly Cloudy,2,7,False,False,False,False,False,0.0
2026-10-01T00:09:00Z,IN,305,39.8605,-85.0259,77,Mostly Cloudy,3,3,False,False,False,False,False,0.0
2026-10-01T00:09:00Z,IN,323,39.29,-85.1688,79,Partly Cloudy,2,2,False,False,False,False,False,0.0
2026-10-01T00:09:00Z,IN,702,41.7472,-85.3285,63,Rain Showers Likely,70,10,False,False,True,False,False,0.05
2026-10-01T00:09:00Z,IN,701,41.5889,-87.2173,65,Rain Showers,95,10,False,False,True,False,False,0.05
2026-10-01T00:09:00Z,IN,704,41.7058,-86.6212,62,Rain Showers,77,10,False,False,True,False,False,0.05
2026-10-01T00:09:00Z,IN,703,41.7071,-86.6235,62,Rain Showers,77,10,False,False,True,False,False,0.05
2026-10-01T00:09:00Z,IN,705,41.733,-86.0057,63,Rain Showers,76,10,False,False,True,False,False,0.05
2026-10-01T00:09:00Z,IN,708,41.7472,-85.3285,63,Rain Showers Likely,70,10,False,False,True,False,False,0.05
2026-10-01T00:09:00Z,IN,707,41.7453,-85.3287,63,Rain Showers Likely,70,10,False,False,True,False,False,0.05
2026-10-01T00:09:00Z,IN,324,41.7353,-86.7933,63,Rain Showers,77,10,False,False,True,False,False,0.05
2026-10-01T00:09:00Z,KY,KY00065IS0000020N65WELCOM,36.6434,-86.5687,81,Mostly Clear,0,5,False,False,False,False,False,0.0
2026-10-01T00:09:00Z,KY,KY00065IS000020NSMARATHON,36.6612,-86.5553,82,Mostly Clear,0,6,False,False,False,False,False,0.0
2026-10-01T00:09:00Z,KY,KY00065IS0000340NWEIGHS34,36.6868,-86.5379,83,Clear,0,6,False,False,False,False,False,0.0
2026-10-01T00:09:00Z,KY,KY00065IS0011400S65SRA114,37.9464,-85.6905,81,Mostly Clear,0,5,False,False,False,False,False,0.0
2026-10-01T00:09:00Z,KY,KY00065IS0005900S65SRA059,37.239,-85.9297,81,Mostly Clear,0,3,False,False,False,False,False,0.0
2026-10-01T00:09:00Z,KY,KY00065IS0005900N65NRA059,37.2384,-85.9271,81,Mostly Clear,0,3,False,False,False,False,False,0.0
2026-10-01T00:09:00Z,KY,KY00075IS0003300NWEIGHS33,37.0422,-84.0968,78,Mostly Clear,0,5,False,False,False,False,False,0.0
2026-10-01T00:09:00Z,KY,KY00075IS0003400SWEIGHS34,37.048,-84.0997,78,Mostly Clear,0,5,False,False,False,False,False,0.0
2026-10-01T00:09:00Z,KY,KY00075IS0017700N75NRA177,38.937,-84.6309,79,Partly Cloudy,1,3,False,False,False,False,False,0.0
2026-10-01T00:09:00Z,KY,KY00075IS0007500SWALTONWS,38.8653,-84.6476,79,Partly Cloudy,1,3,False,False,False,False,False,0.0
2026-10-01T00:09:00Z,KY,KY00075IS0017700S75SRA177,38.9388,-84.6339,79,Partly Cloudy,1,3,False,False,False,False,False,0.0
2026-10-01T00:09:00Z,KY,KY00075IS0016800SCRITENWS,38.8196,-84.6015,79,Partly Cloudy,1,3,False,False,False,False,False,0.0
2026-10-01T00:09:00Z,KY,KY00075IS0000100N75WELCOM,36.6162,-84.1054,76,Clear,0,2,False,False,False,False,False,0.0
2026-10-01T00:24:00Z,IL,IL00055IN010400050,39.8627,-89.5948,77,Mostly Cloudy,7,5,False,False,False,False,True,0.2
2026-10-01T00:24:00Z,IL,IL00057IN007900034,38.0297,-88.9203,88,Mostly Clear,1,3,False,False,False,False,True,0.2
2026-10-01T00:24:00Z,IL,IL00055IN014900028,40.3599,-89.1099,70,Mostly Cloudy,10,6,False,False,False,False,True,0.2
2026-10-01T00:24:00Z,IL,IL00055IN019400031,40.8234,-88.6875,71,Rain Showers,80,5,False,False,True,False,True,0.2
2026-10-01T00:24:00Z,IL,IL00057IN011400033,38.5963,-88.9638,86,Partly Cloudy,2,7,False,False,False,False,True,0.2
2026-10-01T00:24:00Z,IL,IL00064IE002500038,38.5481,-89.7731,87,Mostly Cloudy,2,13,False,False,False,False,True,0.2
2026-10-01T00:24:00Z,IL,IL00055IN002700029,38.8649,-89.8532,86,Mostly Cloudy,2,7,False,False,False,False,True,0.2
2026-10-01T00:24:00Z,IL,IL00057IN022200048,39.9218,-88.299,76,Mostly Cloudy,4,7,False,False,False,False,True,0.2
2026-10-01T00:24:00Z,IL,IL00057IS033300046,41.3918,-87.7749,66,Rain Showers,94,5,False,False,True,False,True,0.2
2026-10-01T00:24:00Z,IL,IL00080IE011700043,41.4314,-88.3454,67,Rain Showers,93,5,False,False,True,False,True,0.2
2026-10-01T00:24:00Z,IL,IL00057IS022200054,39.9314,-88.3043,76,Mostly Cloudy,4,7,False,False,False,False,True,0.2
2026-10-01T00:24:00Z,IL,IL00057IS026800022,40.5613,-88.0615,73,Rain Showers,79,5,False,False,True,False,True,0.2
2026-10-01T00:24:00Z,IL,IL00055IN006400027,39.3465,-89.6408,83,Partly Cloudy,3,5,False,False,False,False,True,0.2
2026-10-01T00:24:00Z,IL,IL00057IN026800032,40.5505,-88.0605,73,Rain Showers,79,5,False,False,True,False,True,0.2
2026-10-01T00:24:00Z,IL,IL00080IE005100040,41.3938,-89.5665,64,Chance Rain Showers,43,5,False,False,True,False,True,0.2
2026-10-01T00:24:00Z,IL,IL00064IW008500012,38.2766,-88.8012,88,Mostly Clear,1,9,False,False,False,False,True,0.2
2026-10-01T00:24:00Z,IL,IL00070IE008600051,39.0651,-88.6745,85,Partly Cloudy,2,7,False,False,False,False,True,0.2
2026-10-01T00:24:00Z,IL,IL00070IE002700042,38.7849,-89.7023,87,Partly Cloudy,2,10,False,False,False,False,True,0.2
2026-10-01T00:24:00Z,IL,IL00024IW003700010,37.1593,-88.6798,88,Mostly Clear,0,1,False,False,False,False,True,0.2
2026-10-01T00:24:00Z,IL,IL00064IE008500039,38.273,-88.8496,88,Mostly Clear,1,7,False,False,False,False,True,0.2
2026-10-01T00:24:00Z,IL,IL00074IW015600009,40.2711,-88.6701,72,Mostly Cloudy,9,6,False,False,False,False,True,0.2
2026-10-01T00:24:00Z,IL,IL00064IW002500011,38.5491,-89.7633,87,Partly Cloudy,2,13,False,False,False,False,True,0.2
2026-10-01T00:24:00Z,IL,IL00080IW005100013,41.3937,-89.5591,64,Chance Rain Showers,44,5,False,False,True,False,True,0.2
2026-10-01T00:24:00Z,IL,IL00074IW020800052,40.1298,-87.7441,73,Mostly Cloudy,5,5,False,False,False,False,True,0.2
2026-10-01T00:24:00Z,IL,IL00070IW002700015,38.7884,-89.6889,86,Partly Cloudy,2,10,False,False,False,False,True,0.2
2026-10-01T00:24:00Z,IL,IL00055IS002700019,38.8723,-89.8511,86,Mostly Cloudy,2,7,False,False,False,False,True,0.2
2026-10-01T00:24:00Z,IL,IL00057IS007900047,38.0962,-88.9138,87,Mostly Clear,1,5,False,False,False,False,True,0.2
2026-10-01T00:24:00Z,IL,IL00074IE002800030,41.2334,-90.333,65,Slight Chance Rain Showers,23,5,False,False,True,False,True,0.2
2026-10-01T00:24:00Z,IL,IL00055IS006400017,39.3523,-89.6447,83,Partly Cloudy,3,6,False,False,False,False,True,0.2
2026-10-01T00:24:00Z,IL,IL00074IE015600037,40.2732,-88.6762,72,Mostly Cloudy,9,6,False,False,False,False,True,0.2
2026-10-01T00:24:00Z,IL,IL00072IW015200014,39.9888,-88.7852,75,Mostly Cloudy,5,6,False,False,False,False,True,0.2
2026-10-01T00:24:00Z,IL,IL00064IW013000053,38.2322,-87.9882,82,Mostly Clear,1,1,False,False,False,False,True,0.2
2026-10-01T00:24:00Z,IL,IL00055IS019400021,40.8371,-88.6833,71,Rain Showers,81,5,False,False,True,False,True,0.2
2026-10-01T00:24:00Z,IL,IL00057IS011400023,38.5965,-88.9677,86,Partly Cloudy,2,7,False,False,False,False,True,0.2
2026-10-01T00:24:00Z,IL,IL00039IN008500036,41.7236,-89.0062,66,Rain Showers,95,10,False,False,True,False,True,0.2
2026-10-01T00:24:00Z,IL,IL00080IW011700016,41.4473,-88.3285,67,Rain Showers,93,10,False,False,True,False,True,0.2
2026-10-01T00:24:00Z,IL,IL00074IW002800020,41.2141,-90.3308,65,Slight Chance Rain Showers,23,5,False,False,True,False,True,0.2
2026-10-01T00:24:00Z,IL,IL00039IS008500026,41.7285,-89.0105,66,Rain Showers,95,10,False,False,True,False,True,0.2
2026-10-01T00:24:00Z,IL,IL00057IN033300049,41.3892,-87.7729,66,Rain Showers,94,5,False,False,True,False,True,0.2
2026-10-01T00:24:00Z,IL,IL00074IW011400006,40.6111,-89.2323,67,Slight Chance Rain Showers,15,5,False,False,True,False,True,0.2
2026-10-01T00:24:00Z,IL,IL00070IW014900008,39.4228,-87.6617,82,Mostly Cloudy,2,7,False,False,False,False,True,0.2
2026-10-01T00:24:00Z,IL,IL00074IE011400005,40.6125,-89.245,67,Slight Chance Rain Showers,15,5,False,False,True,False,True,0.2
2026-10-01T00:24:00Z,IL,IL00074IW006200004,40.8802,-90.0895,68,Mostly Cloudy,11,5,False,False,False,False,True,0.2
2026-10-01T00:24:00Z,IL,IL00074IE006200001,40.8788,-90.0936,68,Mostly Cloudy,11,5,False,False,False,False,True,0.2
2026-10-01T00:24:00Z,IL,IL00055IS010400024,39.8871,-89.5966,77,Mostly Cloudy,7,5,False,False,False,False,True,0.2
2026-10-01T00:24:00Z,IL,IL00057IS003200025,37.4699,-89.1329,86,Mostly Clear,1,2,False,False,False,False,True,0.2
2026-10-01T00:24:00Z,IL,IL00057IN003200035,37.4661,-89.1324,86,Mostly Clear,1,2,False,False,False,False,True,0.2
2026-10-01T00:24:00Z,IL,IL00070IW008700045,39.0679,-88.6704,85,Partly Cloudy,2,7,False,False,False,False,True,0.2
2026-10-01T00:24:00Z,IL,IL00057IS016500018,39.1993,-88.502,85,Partly Cloudy,2,6,False,False,False,False,True,0.2
2026-10-01T00:24:00Z,IL,IL00057IN016500044,39.1898,-88.5031,85,Partly Cloudy,2,6,False,False,False,False,True,0.2
2026-10-01T00:24:00Z,IL,IL00072IE015200041,39.9923,-88.7827,75,Mostly Cloudy,5,6,False,False,False,False,True,0.2
2026-10-01T00:24:00Z,IN,322,38.195,-87.8597,84,Mostly Clear,1,1,False,False,False,False,False,0.0
2026-10-01T00:24:00Z,IN,317,38.5852,-85.7768,81,Mostly Clear,0,3,False,False,False,False,False,0.0
2026-10-01T00:24:00Z,IN,316,38.5859,-85.7809,81,Mostly Clear,0,3,False,False,False,False,False,0.0
2026-10-01T00:24:00Z,IN,315,39.2602,-85.9521,78,Mostly Cloudy,1,6,False,False,False,False,False,0.0
2026-10-01T00:24:00Z,IN,314,39.2767,-85.9569,78,Partly Cloudy,1,6,False,False,False,False,False,0.0
2026-10-01T00:24:00Z,IN,313,40.1578,-86.5387,74,Mostly Cloudy,5,7,False,False,False,False,False,0.0
2026-10-01T00:24:00Z,IN,312,40.1722,-86.5522,75,Mostly Cloudy,5,7,False,False,False,False,False,0.0
2026-10-01T00:24:00Z,IN,311,40.6992,-87.0628,67,Chance Rain Showers,35,5,False,False,True,False,False,0.05
2026-10-01T00:24:00Z,IN,310,40.6984,-87.0646,67,Chance Rain Showers,35,5,False,False,True,False,False,0.05
2026-10-01T00:24:00Z,IN,308,41.1653,-87.271,67,Rain Showers,89,5,False,False,True,False,False,0.05
2026-10-01T00:24:00Z,IN,309,41.1666,-87.2749,67,Rain Showers,89,5,False,False,True,False,False,0.05
2026-10-01T00:24:00Z,IN,318,40.3543,-85.5576,76,Slight Chance Rain Showers,6,6,False,False,True,False,False,0.05
2026-10-01T00:24:00Z,IN,319,40.3569,-85.56,76,Slight Chance Rain Showers,6,6,False,False,True,False,False,0.05
2026-10-01T00:24:00Z,IN,320,41.2963,-85.0863,65,Chance Rain Showers,53,5,False,False,True,False,False,0.05
2026-10-01T00:24:00Z,IN,321,41.5803,-85.0597,63,Rain Showers Likely,59,5,False,False,True,False,False,0.05
2026-10-01T00:24:00Z,IN,300,39.4417,-87.5002,81,Partly Cloudy,2,7,False,False,False,False,False,0.0
2026-10-01T00:24:00Z,IN,302,39.6517,-86.3967,78,Partly Cloudy,2,7,False,False,False,False,False,0.0
2026-10-01T00:24:00Z,IN,301,39.6541,-86.4005,78,Partly Cloudy,2,7,False,False,False,False,False,0.0
2026-10-01T00:24:00Z,IN,303,39.8243,-85.7039,79,Mostly Cloudy,2,7,False,False,False,False,False,0.0
2026-10-01T00:24:00Z,IN,304,39.8266,-85.704,79,Mostly Cloudy,2,7,False,False,False,False,False,0.0
2026-10-01T00:24:00Z,IN,305,39.8605,-85.0259,77,Mostly Cloudy,3,3,False,False,False,False,False,0.0
2026-10-01T00:24:00Z,IN,323,39.29,-85.1688,79,Partly Cloudy,2,2,False,False,False,False,False,0.0
2026-10-01T00:24:00Z,IN,702,41.7472,-85.3285,63,Rain Showers Likely,70,10,False,False,True,False,False,0.05
2026-10-01T00:24:00Z,IN,701,41.5889,-87.2173,65,Rain Showers,95,10,False,False,True,False,False,0.05
2026-10-01T00:24:00Z,IN,704,41.7058,-86.6212,62,Rain Showers,77,10,False,False,True,False,False,0.05
2026-10-01T00:24:00Z,IN,703,41.7071,-86.6235,62,Rain Showers,77,10,False,False,True,False,False,0.05
2026-10-01T00:24:00Z,IN,705,41.733,-86.0057,63,Rain Showers,76,10,False,False,True,False,False,0.05
2026-10-01T00:24:00Z,IN,708,41.7472,-85.3285,63,Rain Showers Likely,70,10,False,False,True,False,False,0.05
2026-10-01T00:24:00Z,IN,707,41.7453,-85.3287,63,Rain Showers Likely,70,10,False,False,True,False,False,0.05
2026-10-01T00:24:00Z,IN,324,41.7353,-86.7933,63,Rain Showers,77,10,False,False,True,False,False,0.05
2026-10-01T00:24:00Z,KY,KY00065IS0000020N65WELCOM,36.6434,-86.5687,81,Mostly Clear,0,5,False,False,False,False,False,0.0
2026-10-01T00:24:00Z,KY,KY00065IS000020NSMARATHON,36.6612,-86.5553,82,Mostly Clear,0,6,False,False,False,False,False,0.0
2026-10-01T00:24:00Z,KY,KY00065IS0000340NWEIGHS34,36.6868,-86.5379,83,Clear,0,6,False,False,False,False,False,0.0
2026-10-01T00:24:00Z,KY,KY00065IS0011400S65SRA114,37.9464,-85.6905,81,Mostly Clear,0,5,False,False,False,False,False,0.0
2026-10-01T00:24:00Z,KY,KY00065IS0005900S65SRA059,37.239,-85.9297,81,Mostly Clear,0,3,False,False,False,False,False,0.0
2026-10-01T00:24:00Z,KY,KY00065IS0005900N65NRA059,37.2384,-85.9271,81,Mostly Clear,0,3,False,False,False,False,False,0.0
2026-10-01T00:24:00Z,KY,KY00075IS0003300NWEIGHS33,37.0422,-84.0968,78,Mostly Clear,0,5,False,False,False,False,False,0.0
2026-10-01T00:24:00Z,KY,KY00075IS0003400SWEIGHS34,37.048,-84.0997,78,Mostly Clear,0,5,False,False,False,False,False,0.0
2026-10-01T00:24:00Z,KY,KY00075IS0017700N75NRA177,38.937,-84.6309,79,Partly Cloudy,1,3,False,False,False,False,False,0.0
2026-10-01T00:24:00Z,KY,KY00075IS0007500SWALTONWS,38.8653,-84.6476,79,Partly Cloudy,1,3,False,False,False,False,False,0.0
2026-10-01T00:24:00Z,KY,KY00075IS0017700S75SRA177,38.9388,-84.6339,79,Partly Cloudy,1,3,False,False,False,False,False,0.0
2026-10-01T00:24:00Z,KY,KY00075IS0016800SCRITENWS,38.8196,-84.6015,79,Partly Cloudy,1,3,False,False,False,False,False,0.0
2026-10-01T00:24:00Z,KY,KY00075IS0000100N75WELCOM,36.6162,-84.1054,76,Clear,0,2,False,False,False,False,False,0.0
2026-10-01T00:39:00Z,IL,IL00055IN010400050,39.8627,-89.5948,77,Mostly Cloudy,7,5,False,False,False,False,True,0.2
2026-10-01T00:39:00Z,IL,IL00057IN007900034,38.0297,-88.9203,88,Mostly Clear,1,3,False,False,False,False,True,0.2
2026-10-01T00:39:00Z,IL,IL00055IN014900028,40.3599,-89.1099,70,Mostly Cloudy,10,6,False,False,False,False,True,0.2
2026-10-01T00:39:00Z,IL,IL00055IN019400031,40.8234,-88.6875,71,Rain Showers,80,5,False,False,True,False,True,0.2
2026-10-01T00:39:00Z,IL,IL00057IN011400033,38.5963,-88.9638,86,Partly Cloudy,2,7,False,False,False,False,True,0.2
2026-10-01T00:39:00Z,IL,IL00064IE002500038,38.5481,-89.7731,87,Mostly Cloudy,2,13,False,False,False,False,True,0.2
2026-10-01T00:39:00Z,IL,IL00055IN002700029,38.8649,-89.8532,86,Mostly Cloudy,2,7,False,False,False,False,True,0.2
2026-10-01T00:39:00Z,IL,IL00057IN022200048,39.9218,-88.299,76,Mostly Cloudy,4,7,False,False,False,False,True,0.2
2026-10-01T00:39:00Z,IL,IL00057IS033300046,41.3918,-87.7749,66,Rain Showers,94,5,False,False,True,False,True,0.2
2026-10-01T00:39:00Z,IL,IL00080IE011700043,41.4314,-88.3454,67,Rain Showers,93,5,False,False,True,False,True,0.2
2026-10-01T00:39:00Z,IL,IL00057IS022200054,39.9314,-88.3043,76,Mostly Cloudy,4,7,False,False,False,False,True,0.2
2026-10-01T00:39:00Z,IL,IL00057IS026800022,40.5613,-88.0615,73,Rain Showers,79,5,False,False,True,False,True,0.2
2026-10-01T00:39:00Z,IL,IL00055IN006400027,39.3465,-89.6408,83,Partly Cloudy,3,5,False,False,False,False,True,0.2
2026-10-01T00:39:00Z,IL,IL00057IN026800032,40.5505,-88.0605,73,Rain Showers,79,5,False,False,True,False,True,0.2
2026-10-01T00:39:00Z,IL,IL00080IE005100040,41.3938,-89.5665,64,Chance Rain Showers,43,5,False,False,True,False,True,0.2
2026-10-01T00:39:00Z,IL,IL00064IW008500012,38.2766,-88.8012,88,Mostly Clear,1,9,False,False,False,False,True,0.2
2026-10-01T00:39:00Z,IL,IL00070IE008600051,39.0651,-88.6745,85,Partly Cloudy,2,7,False,False,False,False,True,0.2
2026-10-01T00:39:00Z,IL,IL00070IE002700042,38.7849,-89.7023,87,Partly Cloudy,2,10,False,False,False,False,True,0.2
2026-10-01T00:39:00Z,IL,IL00024IW003700010,37.1593,-88.6798,88,Mostly Clear,0,1,False,False,False,False,True,0.2
2026-10-01T00:39:00Z,IL,IL00064IE008500039,38.273,-88.8496,88,Mostly Clear,1,7,False,False,False,False,True,0.2
2026-10-01T00:39:00Z,IL,IL00074IW015600009,40.2711,-88.6701,72,Mostly Cloudy,9,6,False,False,False,False,True,0.2
2026-10-01T00:39:00Z,IL,IL00064IW002500011,38.5491,-89.7633,87,Partly Cloudy,2,13,False,False,False,False,True,0.2
2026-10-01T00:39:00Z,IL,IL00080IW005100013,41.3937,-89.5591,64,Chance Rain Showers,44,5,False,False,True,False,True,0.2
2026-10-01T00:39:00Z,IL,IL00074IW020800052,40.1298,-87.7441,73,Mostly Cloudy,5,5,False,False,False,False,True,0.2
2026-10-01T00:39:00Z,IL,IL00070IW002700015,38.7884,-89.6889,86,Partly Cloudy,2,10,False,False,False,False,True,0.2
2026-10-01T00:39:00Z,IL,IL00055IS002700019,38.8723,-89.8511,86,Mostly Cloudy,2,7,False,False,False,False,True,0.2
2026-10-01T00:39:00Z,IL,IL00057IS007900047,38.0962,-88.9138,87,Mostly Clear,1,5,False,False,False,False,True,0.2
2026-10-01T00:39:00Z,IL,IL00074IE002800030,41.2334,-90.333,65,Slight Chance Rain Showers,23,5,False,False,True,False,True,0.2
2026-10-01T00:39:00Z,IL,IL00055IS006400017,39.3523,-89.6447,83,Partly Cloudy,3,6,False,False,False,False,True,0.2
2026-10-01T00:39:00Z,IL,IL00074IE015600037,40.2732,-88.6762,72,Mostly Cloudy,9,6,False,False,False,False,True,0.2
2026-10-01T00:39:00Z,IL,IL00072IW015200014,39.9888,-88.7852,75,Mostly Cloudy,5,6,False,False,False,False,True,0.2
2026-10-01T00:39:00Z,IL,IL00064IW013000053,38.2322,-87.9882,82,Mostly Clear,1,1,False,False,False,False,True,0.2
2026-10-01T00:39:00Z,IL,IL00055IS019400021,40.8371,-88.6833,71,Rain Showers,81,5,False,False,True,False,True,0.2
2026-10-01T00:39:00Z,IL,IL00057IS011400023,38.5965,-88.9677,86,Partly Cloudy,2,7,False,False,False,False,True,0.2
2026-10-01T00:39:00Z,IL,IL00039IN008500036,41.7236,-89.0062,66,Rain Showers,95,10,False,False,True,False,True,0.2
2026-10-01T00:39:00Z,IL,IL00080IW011700016,41.4473,-88.3285,67,Rain Showers,93,10,False,False,True,False,True,0.2
2026-10-01T00:39:00Z,IL,IL00074IW002800020,41.2141,-90.3308,65,Slight Chance Rain Showers,23,5,False,False,True,False,True,0.2
2026-10-01T00:39:00Z,IL,IL00039IS008500026,41.7285,-89.0105,66,Rain Showers,95,10,False,False,True,False,True,0.2
2026-10-01T00:39:00Z,IL,IL00057IN033300049,41.3892,-87.7729,66,Rain Showers,94,5,False,False,True,False,True,0.2
2026-10-01T00:39:00Z,IL,IL00074IW011400006,40.6111,-89.2323,67,Slight Chance Rain Showers,15,5,False,False,True,False,True,0.2
2026-10-01T00:39:00Z,IL,IL00070IW014900008,39.4228,-87.6617,82,Mostly Cloudy,2,7,False,False,False,False,True,0.2
2026-10-01T00:39:00Z,IL,IL00074IE011400005,40.6125,-89.245,67,Slight Chance Rain Showers,15,5,False,False,True,False,True,0.2
2026-10-01T00:39:00Z,IL,IL00074IW006200004,40.8802,-90.0895,68,Mostly Cloudy,11,5,False,False,False,False,True,0.2
2026-10-01T00:39:00Z,IL,IL00074IE006200001,40.8788,-90.0936,68,Mostly Cloudy,11,5,False,False,False,False,True,0.2
2026-10-01T00:39:00Z,IL,IL00055IS010400024,39.8871,-89.5966,77,Mostly Cloudy,7,5,False,False,False,False,True,0.2
2026-10-01T00:39:00Z,IL,IL00057IS003200025,37.4699,-89.1329,86,Mostly Clear,1,2,False,False,False,False,True,0.2
2026-10-01T00:39:00Z,IL,IL00057IN003200035,37.4661,-89.1324,86,Mostly Clear,1,2,False,False,False,False,True,0.2
2026-10-01T00:39:00Z,IL,IL00070IW008700045,39.0679,-88.6704,85,Partly Cloudy,2,7,False,False,False,False,True,0.2
2026-10-01T00:39:00Z,IL,IL00057IS016500018,39.1993,-88.502,85,Partly Cloudy,2,6,False,False,False,False,True,0.2
2026-10-01T00:39:00Z,IL,IL00057IN016500044,39.1898,-88.5031,85,Partly Cloudy,2,6,False,False,False,False,True,0.2
2026-10-01T00:39:00Z,IL,IL00072IE015200041,39.9923,-88.7827,75,Mostly Cloudy,5,6,False,False,False,False,True,0.2
2026-10-01T00:39:00Z,IN,322,38.195,-87.8597,84,Mostly Clear,1,1,False,False,False,False,False,0.0
2026-10-01T00:39:00Z,IN,317,38.5852,-85.7768,81,Mostly Clear,0,3,False,False,False,False,False,0.0
2026-10-01T00:39:00Z,IN,316,38.5859,-85.7809,81,Mostly Clear,0,3,False,False,False,False,False,0.0
2026-10-01T00:39:00Z,IN,315,39.2602,-85.9521,78,Mostly Cloudy,1,6,False,False,False,False,False,0.0
2026-10-01T00:39:00Z,IN,314,39.2767,-85.9569,78,Partly Cloudy,1,6,False,False,False,False,False,0.0
2026-10-01T00:39:00Z,IN,313,40.1578,-86.5387,74,Mostly Cloudy,5,7,False,False,False,False,False,0.0
2026-10-01T00:39:00Z,IN,312,40.1722,-86.5522,75,Mostly Cloudy,5,7,False,False,False,False,False,0.0
2026-10-01T00:39:00Z,IN,311,40.6992,-87.0628,67,Chance Rain Showers,35,5,False,False,True,False,False,0.05
2026-10-01T00:39:00Z,IN,310,40.6984,-87.0646,67,Chance Rain Showers,35,5,False,False,True,False,False,0.05
2026-10-01T00:39:00Z,IN,308,41.1653,-87.271,67,Rain Showers,89,5,False,False,True,False,False,0.05
2026-10-01T00:39:00Z,IN,309,41.1666,-87.2749,67,Rain Showers,89,5,False,False,True,False,False,0.05
2026-10-01T00:39:00Z,IN,318,40.3543,-85.5576,76,Slight Chance Rain Showers,6,6,False,False,True,False,False,0.05
2026-10-01T00:39:00Z,IN,319,40.3569,-85.56,76,Slight Chance Rain Showers,6,6,False,False,True,False,False,0.05
2026-10-01T00:39:00Z,IN,320,41.2963,-85.0863,65,Chance Rain Showers,53,5,False,False,True,False,False,0.05
2026-10-01T00:39:00Z,IN,321,41.5803,-85.0597,63,Rain Showers Likely,59,5,False,False,True,False,False,0.05
2026-10-01T00:39:00Z,IN,300,39.4417,-87.5002,81,Partly Cloudy,2,7,False,False,False,False,False,0.0
2026-10-01T00:39:00Z,IN,302,39.6517,-86.3967,78,Partly Cloudy,2,7,False,False,False,False,False,0.0
2026-10-01T00:39:00Z,IN,301,39.6541,-86.4005,78,Partly Cloudy,2,7,False,False,False,False,False,0.0
2026-10-01T00:39:00Z,IN,303,39.8243,-85.7039,79,Mostly Cloudy,2,7,False,False,False,False,False,0.0
2026-10-01T00:39:00Z,IN,304,39.8266,-85.704,79,Mostly Cloudy,2,7,False,False,False,False,False,0.0
2026-10-01T00:39:00Z,IN,305,39.8605,-85.0259,77,Mostly Cloudy,3,3,False,False,False,False,False,0.0
2026-10-01T00:39:00Z,IN,323,39.29,-85.1688,79,Partly Cloudy,2,2,False,False,False,False,False,0.0
2026-10-01T00:39:00Z,IN,702,41.7472,-85.3285,63,Rain Showers Likely,70,10,False,False,True,False,False,0.05
2026-10-01T00:39:00Z,IN,701,41.5889,-87.2173,65,Rain Showers,95,10,False,False,True,False,False,0.05
2026-10-01T00:39:00Z,IN,704,41.7058,-86.6212,62,Rain Showers,77,10,False,False,True,False,False,0.05
2026-10-01T00:39:00Z,IN,703,41.7071,-86.6235,62,Rain Showers,77,10,False,False,True,False,False,0.05
2026-10-01T00:39:00Z,IN,705,41.733,-86.0057,63,Rain Showers,76,10,False,False,True,False,False,0.05
2026-10-01T00:39:00Z,IN,708,41.7472,-85.3285,63,Rain Showers Likely,70,10,False,False,True,False,False,0.05
2026-10-01T00:39:00Z,IN,707,41.7453,-85.3287,63,Rain Showers Likely,70,10,False,False,True,False,False,0.05
2026-10-01T00:39:00Z,IN,324,41.7353,-86.7933,63,Rain Showers,77,10,False,False,True,False,False,0.05
2026-10-01T00:39:00Z,KY,KY00065IS0000020N65WELCOM,36.6434,-86.5687,81,Mostly Clear,0,5,False,False,False,False,False,0.0
2026-10-01T00:39:00Z,KY,KY00065IS000020NSMARATHON,36.6612,-86.5553,82,Mostly Clear,0,6,False,False,False,False,False,0.0
2026-10-01T00:39:00Z,KY,KY00065IS0000340NWEIGHS34,36.6868,-86.5379,83,Clear,0,6,False,False,False,False,False,0.0
2026-10-01T00:39:00Z,KY,KY00065IS0011400S65SRA114,37.9464,-85.6905,81,Mostly Clear,0,5,False,False,False,False,False,0.0
2026-10-01T00:39:00Z,KY,KY00065IS0005900S65SRA059,37.239,-85.9297,81,Mostly Clear,0,3,False,False,False,False,False,0.0
2026-10-01T00:39:00Z,KY,KY00065IS0005900N65NRA059,37.2384,-85.9271,81,Mostly Clear,0,3,False,False,False,False,False,0.0
2026-10-01T00:39:00Z,KY,KY00075IS0003300NWEIGHS33,37.0422,-84.0968,78,Mostly Clear,0,5,False,False,False,False,False,0.0
2026-10-01T00:39:00Z,KY,KY00075IS0003400SWEIGHS34,37.048,-84.0997,78,Mostly Clear,0,5,False,False,False,False,False,0.0
2026-10-01T00:39:00Z,KY,KY00075IS0017700N75NRA177,38.937,-84.6309,79,Partly Cloudy,1,3,False,False,False,False,False,0.0
2026-10-01T00:39:00Z,KY,KY00075IS0007500SWALTONWS,38.8653,-84.6476,79,Partly Cloudy,1,3,False,False,False,False,False,0.0
2026-10-01T00:39:00Z,KY,KY00075IS0017700S75SRA177,38.9388,-84.6339,79,Partly Cloudy,1,3,False,False,False,False,False,0.0
2026-10-01T00:39:00Z,KY,KY00075IS0016800SCRITENWS,38.8196,-84.6015,79,Partly Cloudy,1,3,False,False,False,False,False,0.0
2026-10-01T00:39:00Z,KY,KY00075IS0000100N75WELCOM,36.6162,-84.1054,76,Clear,0,2,False,False,False,False,False,0.0
2026-10-01T00:54:00Z,IL,IL00055IN010400050,39.8627,-89.5948,75,Mostly Cloudy,6,6,False,False,False,False,True,0.2
2026-10-01T00:54:00Z,IL,IL00057IN007900034,38.0297,-88.9203,84,Partly Cloudy,0,5,False,False,False,False,True,0.2
2026-10-01T00:54:00Z,IL,IL00055IN014900028,40.3599,-89.1099,69,Mostly Cloudy,9,6,False,False,False,False,True,0.2
2026-10-01T00:54:00Z,IL,IL00055IN019400031,40.8234,-88.6875,71,Rain Showers Likely,74,5,False,False,True,False,True,0.2
2026-10-01T00:54:00Z,IL,IL00057IN011400033,38.5963,-88.9638,82,Partly Cloudy,1,7,False,False,False,False,True,0.2
2026-10-01T00:54:00Z,IL,IL00064IE002500038,38.5481,-89.7731,83,Mostly Cloudy,1,10,False,False,False,False,True,0.2
2026-10-01T00:54:00Z,IL,IL00055IN002700029,38.8649,-89.8532,83,Mostly Cloudy,2,8,False,False,False,False,True,0.2
2026-10-01T00:54:00Z,IL,IL00057IN022200048,39.9218,-88.299,74,Mostly Cloudy,3,7,False,False,False,False,True,0.2
2026-10-01T00:54:00Z,IL,IL00057IS033300046,41.3918,-87.7749,66,Rain Showers,90,5,False,False,True,False,True,0.2
2026-10-01T00:54:00Z,IL,IL00080IE011700043,41.4314,-88.3454,67,Rain Showers,89,5,False,False,True,False,True,0.2
2026-10-01T00:54:00Z,IL,IL00057IS022200054,39.9314,-88.3043,74,Mostly Cloudy,3,7,False,False,False,False,True,0.2
2026-10-01T00:54:00Z,IL,IL00057IS026800022,40.5613,-88.0615,72,Rain Showers Likely,72,5,False,False,True,False,True,0.2
2026-10-01T00:54:00Z,IL,IL00055IN006400027,39.3465,-89.6408,80,Mostly Cloudy,2,6,False,False,False,False,True,0.2
2026-10-01T00:54:00Z,IL,IL00057IN026800032,40.5505,-88.0605,72,Rain Showers Likely,72,5,False,False,True,False,True,0.2
2026-10-01T00:54:00Z,IL,IL00080IE005100040,41.3938,-89.5665,64,Showers And Thunderstorms Likely,73,5,False,False,True,True,True,0.2
2026-10-01T00:54:00Z,IL,IL00064IW008500012,38.2766,-88.8012,83,Partly Cloudy,1,8,False,False,False,False,True,0.2
2026-10-01T00:54:00Z,IL,IL00070IE008600051,39.0651,-88.6745,79,Mostly Cloudy,1,6,False,False,False,False,True,0.2
2026-10-01T00:54:00Z,IL,IL00070IE002700042,38.7849,-89.7023,83,Mostly Cloudy,1,9,False,False,False,False,True,0.2
2026-10-01T00:54:00Z,IL,IL00024IW003700010,37.1593,-88.6798,83,Partly Cloudy,0,2,False,False,False,False,True,0.2
2026-10-01T00:54:00Z,IL,IL00064IE008500039,38.273,-88.8496,83,Partly Cloudy,1,7,False,False,False,False,True,0.2
2026-10-01T00:54:00Z,IL,IL00074IW015600009,40.2711,-88.6701,71,Mostly Cloudy,8,6,False,False,False,False,True,0.2
2026-10-01T00:54:00Z,IL,IL00064IW002500011,38.5491,-89.7633,83,Mostly Cloudy,1,10,False,False,False,False,True,0.2
2026-10-01T00:54:00Z,IL,IL00080IW005100013,41.3937,-89.5591,64,Showers And Thunderstorms Likely,73,5,False,False,True,True,True,0.2
2026-10-01T00:54:00Z,IL,IL00074IW020800052,40.1298,-87.7441,72,Mostly Cloudy,3,5,False,False,False,False,True,0.2
2026-10-01T00:54:00Z,IL,IL00070IW002700015,38.7884,-89.6889,83,Mostly Cloudy,1,9,False,False,False,False,True,0.2
2026-10-01T00:54:00Z,IL,IL00055IS002700019,38.8723,-89.8511,83,Mostly Cloudy,2,8,False,False,False,False,True,0.2
2026-10-01T00:54:00Z,IL,IL00057IS007900047,38.0962,-88.9138,84,Partly Cloudy,1,6,False,False,False,False,True,0.2
2026-10-01T00:54:00Z,IL,IL00074IE002800030,41.2334,-90.333,67,Chance Showers And Thunderstorms,43,5,False,False,True,True,True,0.2
2026-10-01T00:54:00Z,IL,IL00055IS006400017,39.3523,-89.6447,80,Mostly Cloudy,2,6,False,False,False,False,True,0.2
2026-10-01T00:54:00Z,IL,IL00074IE015600037,40.2732,-88.6762,71,Mostly Cloudy,8,6,False,False,False,False,True,0.2
2026-10-01T00:54:00Z,IL,IL00072IW015200014,39.9888,-88.7852,74,Mostly Cloudy,6,6,False,False,False,False,True,0.2
2026-10-01T00:54:00Z,IL,IL00064IW013000053,38.2322,-87.9882,79,Partly Cloudy,0,2,False,False,False,False,True,0.2
2026-10-01T00:54:00Z,IL,IL00055IS019400021,40.8371,-88.6833,70,Rain Showers,75,0,False,False,True,False,True,0.2
2026-10-01T00:54:00Z,IL,IL00057IS011400023,38.5965,-88.9677,82,Partly Cloudy,1,7,False,False,False,False,True,0.2
2026-10-01T00:54:00Z,IL,IL00039IN008500036,41.7236,-89.0062,66,Rain Showers,90,5,False,False,True,False,True,0.2
2026-10-01T00:54:00Z,IL,IL00080IW011700016,41.4473,-88.3285,67,Rain Showers,89,5,False,False,True,False,True,0.2
2026-10-01T00:54:00Z,IL,IL00074IW002800020,41.2141,-90.3308,67,Chance Showers And Thunderstorms,43,5,False,False,True,True,True,0.2
2026-10-01T00:54:00Z,IL,IL00039IS008500026,41.7285,-89.0105,66,Rain Showers,90,5,False,False,True,False,True,0.2
2026-10-01T00:54:00Z,IL,IL00057IN033300049,41.3892,-87.7729,66,Rain Showers,90,5,False,False,True,False,True,0.2
2026-10-01T00:54:00Z,IL,IL00074IW011400006,40.6111,-89.2323,67,Mostly Cloudy,10,5,False,False,False,False,True,0.2
2026-10-01T00:54:00Z,IL,IL00070IW014900008,39.4228,-87.6617,78,Mostly Cloudy,2,7,False,False,False,False,True,0.2
2026-10-01T00:54:00Z,IL,IL00074IE011400005,40.6125,-89.245,67,Mostly Cloudy,10,5,False,False,False,False,True,0.2
2026-10-01T00:54:00Z,IL,IL00074IW006200004,40.8802,-90.0895,67,Slight Chance Rain Showers,15,3,False,False,True,False,True,0.2
2026-10-01T00:54:00Z,IL,IL00074IE006200001,40.8788,-90.0936,67,Slight Chance Rain Showers,15,3,False,False,True,False,True,0.2
2026-10-01T00:54:00Z,IL,IL00055IS010400024,39.8871,-89.5966,75,Mostly Cloudy,7,5,False,False,False,False,True,0.2
2026-10-01T00:54:00Z,IL,IL00057IS003200025,37.4699,-89.1329,82,Partly Cloudy,0,2,False,False,False,False,True,0.2
2026-10-01T00:54:00Z,IL,IL00057IN003200035,37.4661,-89.1324,82,Partly Cloudy,0,2,False,False,False,False,True,0.2
2026-10-01T00:54:00Z,IL,IL00070IW008700045,39.0679,-88.6704,79,Mostly Cloudy,1,6,False,False,False,False,True,0.2
2026-10-01T00:54:00Z,IL,IL00057IS016500018,39.1993,-88.502,80,Mostly Cloudy,1,7,False,False,False,False,True,0.2
2026-10-01T00:54:00Z,IL,IL00057IN016500044,39.1898,-88.5031,80,Mostly Cloudy,1,6,False,False,False,False,True,0.2
2026-10-01T00:54:00Z,IL,IL00072IE015200041,39.9923,-88.7827,74,Mostly Cloudy,6,6,False,False,False,False,True,0.2
2026-10-01T00:54:00Z,IN,322,38.195,-87.8597,81,Partly Cloudy,0,2,False,False,False,False,False,0.0
2026-10-01T00:54:00Z,IN,317,38.5852,-85.7768,77,Partly Cloudy,0,2,False,False,False,False,False,0.0
2026-10-01T00:54:00Z,IN,316,38.5859,-85.7809,77,Partly Cloudy,0,2,False,False,False,False,False,0.0
2026-10-01T00:54:00Z,IN,315,39.2602,-85.9521,76,Partly Cloudy,1,6,False,False,False,False,False,0.0
2026-10-01T00:54:00Z,IN,314,39.2767,-85.9569,76,Partly Cloudy,1,6,False,False,False,False,False,0.0
2026-10-01T00:54:00Z,IN,313,40.1578,-86.5387,74,Mostly Cloudy,2,7,False,False,False,False,False,0.0
2026-10-01T00:54:00Z,IN,312,40.1722,-86.5522,75,Mostly Cloudy,2,7,False,False,False,False,False,0.0
2026-10-01T00:54:00Z,IN,311,40.6992,-87.0628,68,Chance Rain Showers,52,5,False,False,True,False,False,0.05
2026-10-01T00:54:00Z,IN,310,40.6984,-87.0646,68,Chance Rain Showers,52,5,False,False,True,False,False,0.05
2026-10-01T00:54:00Z,IN,308,41.1653,-87.271,67,Rain Showers,87,5,False,False,True,False,False,0.05
2026-10-01T00:54:00Z,IN,309,41.1666,-87.2749,67,Rain Showers,87,5,False,False,True,False,False,0.05
2026-10-01T00:54:00Z,IN,318,40.3543,-85.5576,72,Slight Chance Rain Showers,5,6,False,False,True,False,False,0.05
2026-10-01T00:54:00Z,IN,319,40.3569,-85.56,72,Slight Chance Rain Showers,5,6,False,False,True,False,False,0.05
2026-10-01T00:54:00Z,IN,320,41.2963,-85.0863,65,Rain Showers Likely,64,5,False,False,True,False,False,0.05
2026-10-01T00:54:00Z,IN,321,41.5803,-85.0597,63,Rain Showers,78,5,False,False,True,False,False,0.05
2026-10-01T00:54:00Z,IN,300,39.4417,-87.5002,78,Partly Cloudy,1,8,False,False,False,False,False,0.0
2026-10-01T00:54:00Z,IN,302,39.6517,-86.3967,77,Partly Cloudy,1,7,False,False,False,False,False,0.0
2026-10-01T00:54:00Z,IN,301,39.6541,-86.4005,77,Partly Cloudy,1,7,False,False,False,False,False,0.0
2026-10-01T00:54:00Z,IN,303,39.8243,-85.7039,76,Mostly Cloudy,1,6,False,False,False,False,False,0.0
2026-10-01T00:54:00Z,IN,304,39.8266,-85.704,76,Mostly Cloudy,1,6,False,False,False,False,False,0.0
2026-10-01T00:54:00Z,IN,305,39.8605,-85.0259,74,Mostly Cloudy,3,3,False,False,False,False,False,0.0
2026-10-01T00:54:00Z,IN,323,39.29,-85.1688,75,Partly Cloudy,2,2,False,False,False,False,False,0.0
2026-10-01T00:54:00Z,IN,702,41.7472,-85.3285,63,Rain Showers,80,10,False,False,True,False,False,0.05
2026-10-01T00:54:00Z,IN,701,41.5889,-87.2173,65,Rain Showers,90,5,False,False,True,False,False,0.05
2026-10-01T00:54:00Z,IN,704,41.7058,-86.6212,62,Rain Showers,81,10,False,False,True,False,False,0.05
2026-10-01T00:54:00Z,IN,703,41.7071,-86.6235,62,Rain Showers,81,10,False,False,True,False,False,0.05
2026-10-01T00:54:00Z,IN,705,41.733,-86.0057,63,Rain Showers,81,10,False,False,True,False,False,0.05
2026-10-01T00:54:00Z,IN,708,41.7472,-85.3285,63,Rain Showers,80,10,False,False,True,False,False,0.05
2026-10-01T00:54:00Z,IN,707,41.7453,-85.3287,63,Rain Showers,80,10,False,False,True,False,False,0.05
2026-10-01T00:54:00Z,IN,324,41.7353,-86.7933,63,Rain Showers,82,5,False,False,True,False,False,0.05
2026-10-01T00:54:00Z,KY,KY00065IS0000020N65WELCOM,36.6434,-86.5687,77,Mostly Clear,0,5,False,False,False,False,False,0.0
2026-10-01T00:54:00Z,KY,KY00065IS000020NSMARATHON,36.6612,-86.5553,78,Mostly Clear,0,5,False,False,False,False,False,0.0
2026-10-01T00:54:00Z,KY,KY00065IS0000340NWEIGHS34,36.6868,-86.5379,78,Mostly Clear,0,5,False,False,False,False,False,0.0
2026-10-01T00:54:00Z,KY,KY00065IS0011400S65SRA114,37.9464,-85.6905,77,Partly Cloudy,0,3,False,False,False,False,False,0.0
2026-10-01T00:54:00Z,KY,KY00065IS0005900S65SRA059,37.239,-85.9297,77,Mostly Clear,0,2,False,False,False,False,False,0.0
2026-10-01T00:54:00Z,KY,KY00065IS0005900N65NRA059,37.2384,-85.9271,77,Mostly Clear,0,2,False,False,False,False,False,0.0
2026-10-01T00:54:00Z,KY,KY00075IS0003300NWEIGHS33,37.0422,-84.0968,75,Clear,0,5,False,False,False,False,False,0.0
2026-10-01T00:54:00Z,KY,KY00075IS0003400SWEIGHS34,37.048,-84.0997,75,Clear,0,5,False,False,False,False,False,0.0
2026-10-01T00:54:00Z,KY,KY00075IS0017700N75NRA177,38.937,-84.6309,74,Partly Cloudy,1,3,False,False,False,False,False,0.0
2026-10-01T00:54:00Z,KY,KY00075IS0007500SWALTONWS,38.8653,-84.6476,76,Partly Cloudy,1,3,False,False,False,False,False,0.0
2026-10-01T00:54:00Z,KY,KY00075IS0017700S75SRA177,38.9388,-84.6339,74,Partly Cloudy,1,3,False,False,False,False,False,0.0
2026-10-01T00:54:00Z,KY,KY00075IS0016800SCRITENWS,38.8196,-84.6015,74,Partly Cloudy,1,3,False,False,False,False,False,0.0
2026-10-01T00:54:00Z,KY,KY00075IS0000100N75WELCOM,36.6162,-84.1054,73,Mostly Clear,0,3,False,False,False,False,False,0.0
2026-10-01T01:09:01Z,IL,IL00055IN010400050,39.8627,-89.5948,75,Mostly Cloudy,6,6,False,False,False,False,True,0.2
2026-10-01T01:09:01Z,IL,IL00057IN007900034,38.0297,-88.9203,84,Partly Cloudy,0,5,False,False,False,False,True,0.2
2026-10-01T01:09:01Z,IL,IL00055IN014900028,40.3599,-89.1099,69,Mostly Cloudy,9,6,False,False,False,False,True,0.2
2026-10-01T01:09:01Z,IL,IL00055IN019400031,40.8234,-88.6875,71,Rain Showers Likely,74,5,False,False,True,False,True,0.2
2026-10-01T01:09:01Z,IL,IL00057IN011400033,38.5963,-88.9638,82,Partly Cloudy,1,7,False,False,False,False,True,0.2
2026-10-01T01:09:01Z,IL,IL00064IE002500038,38.5481,-89.7731,83,Mostly Cloudy,1,10,False,False,False,False,True,0.2
2026-10-01T01:09:01Z,IL,IL00055IN002700029,38.8649,-89.8532,83,Mostly Cloudy,2,8,False,False,False,False,True,0.2
2026-10-01T01:09:01Z,IL,IL00057IN022200048,39.9218,-88.299,74,Mostly Cloudy,3,7,False,False,False,False,True,0.2
2026-10-01T01:09:01Z,IL,IL00057IS033300046,41.3918,-87.7749,66,Rain Showers,90,5,False,False,True,False,True,0.2
2026-10-01T01:09:01Z,IL,IL00080IE011700043,41.4314,-88.3454,67,Rain Showers,89,5,False,False,True,False,True,0.2
2026-10-01T01:09:01Z,IL,IL00057IS022200054,39.9314,-88.3043,74,Mostly Cloudy,3,7,False,False,False,False,True,0.2
2026-10-01T01:09:01Z,IL,IL00057IS026800022,40.5613,-88.0615,72,Rain Showers Likely,72,5,False,False,True,False,True,0.2
2026-10-01T01:09:01Z,IL,IL00055IN006400027,39.3465,-89.6408,80,Mostly Cloudy,2,6,False,False,False,False,True,0.2
2026-10-01T01:09:01Z,IL,IL00057IN026800032,40.5505,-88.0605,72,Rain Showers Likely,72,5,False,False,True,False,True,0.2
2026-10-01T01:09:01Z,IL,IL00080IE005100040,41.3938,-89.5665,64,Showers And Thunderstorms Likely,73,5,False,False,True,True,True,0.2
2026-10-01T01:09:01Z,IL,IL00064IW008500012,38.2766,-88.8012,83,Partly Cloudy,1,8,False,False,False,False,True,0.2
2026-10-01T01:09:01Z,IL,IL00070IE008600051,39.0651,-88.6745,79,Mostly Cloudy,1,6,False,False,False,False,True,0.2
2026-10-01T01:09:01Z,IL,IL00070IE002700042,38.7849,-89.7023,83,Mostly Cloudy,1,9,False,False,False,False,True,0.2
2026-10-01T01:09:01Z,IL,IL00024IW003700010,37.1593,-88.6798,83,Partly Cloudy,0,2,False,False,False,False,True,0.2
2026-10-01T01:09:01Z,IL,IL00064IE008500039,38.273,-88.8496,83,Partly Cloudy,1,7,False,False,False,False,True,0.2
2026-10-01T01:09:01Z,IL,IL00074IW015600009,40.2711,-88.6701,71,Mostly Cloudy,8,6,False,False,False,False,True,0.2
2026-10-01T01:09:01Z,IL,IL00064IW002500011,38.5491,-89.7633,83,Mostly Cloudy,1,10,False,False,False,False,True,0.2
2026-10-01T01:09:01Z,IL,IL00080IW005100013,41.3937,-89.5591,64,Showers And Thunderstorms Likely,73,5,False,False,True,True,True,0.2
2026-10-01T01:09:01Z,IL,IL00074IW020800052,40.1298,-87.7441,72,Mostly Cloudy,3,5,False,False,False,False,True,0.2
2026-10-01T01:09:01Z,IL,IL00070IW002700015,38.7884,-89.6889,83,Mostly Cloudy,1,9,False,False,False,False,True,0.2
2026-10-01T01:09:01Z,IL,IL00055IS002700019,38.8723,-89.8511,83,Mostly Cloudy,2,8,False,False,False,False,True,0.2
2026-10-01T01:09:01Z,IL,IL00057IS007900047,38.0962,-88.9138,84,Partly Cloudy,1,6,False,False,False,False,True,0.2
2026-10-01T01:09:01Z,IL,IL00074IE002800030,41.2334,-90.333,67,Chance Showers And Thunderstorms,43,5,False,False,True,True,True,0.2
2026-10-01T01:09:01Z,IL,IL00055IS006400017,39.3523,-89.6447,80,Mostly Cloudy,2,6,False,False,False,False,True,0.2
2026-10-01T01:09:01Z,IL,IL00074IE015600037,40.2732,-88.6762,71,Mostly Cloudy,8,6,False,False,False,False,True,0.2
2026-10-01T01:09:01Z,IL,IL00072IW015200014,39.9888,-88.7852,74,Mostly Cloudy,6,6,False,False,False,False,True,0.2
2026-10-01T01:09:01Z,IL,IL00064IW013000053,38.2322,-87.9882,79,Partly Cloudy,0,2,False,False,False,False,True,0.2
2026-10-01T01:09:01Z,IL,IL00055IS019400021,40.8371,-88.6833,70,Rain Showers,75,0,False,False,True,False,True,0.2
2026-10-01T01:09:01Z,IL,IL00057IS011400023,38.5965,-88.9677,82,Partly Cloudy,1,7,False,False,False,False,True,0.2
2026-10-01T01:09:01Z,IL,IL00039IN008500036,41.7236,-89.0062,66,Rain Showers,90,5,False,False,True,False,True,0.2
2026-10-01T01:09:01Z,IL,IL00080IW011700016,41.4473,-88.3285,67,Rain Showers,89,5,False,False,True,False,True,0.2
2026-10-01T01:09:01Z,IL,IL00074IW002800020,41.2141,-90.3308,67,Chance Showers And Thunderstorms,43,5,False,False,True,True,True,0.2
2026-10-01T01:09:01Z,IL,IL00039IS008500026,41.7285,-89.0105,66,Rain Showers,90,5,False,False,True,False,True,0.2
2026-10-01T01:09:01Z,IL,IL00057IN033300049,41.3892,-87.7729,66,Rain Showers,90,5,False,False,True,False,True,0.2
2026-10-01T01:09:01Z,IL,IL00074IW011400006,40.6111,-89.2323,67,Mostly Cloudy,10,5,False,False,False,False,True,0.2
2026-10-01T01:09:01Z,IL,IL00070IW014900008,39.4228,-87.6617,78,Mostly Cloudy,2,7,False,False,False,False,True,0.2
2026-10-01T01:09:01Z,IL,IL00074IE011400005,40.6125,-89.245,67,Mostly Cloudy,10,5,False,False,False,False,True,0.2
2026-10-01T01:09:01Z,IL,IL00074IW006200004,40.8802,-90.0895,67,Slight Chance Rain Showers,15,3,False,False,True,False,True,0.2
2026-10-01T01:09:01Z,IL,IL00074IE006200001,40.8788,-90.0936,67,Slight Chance Rain Showers,15,3,False,False,True,False,True,0.2
2026-10-01T01:09:01Z,IL,IL00055IS010400024,39.8871,-89.5966,75,Mostly Cloudy,7,5,False,False,False,False,True,0.2
2026-10-01T01:09:01Z,IL,IL00057IS003200025,37.4699,-89.1329,82,Partly Cloudy,0,2,False,False,False,False,True,0.2
2026-10-01T01:09:01Z,IL,IL00057IN003200035,37.4661,-89.1324,82,Partly Cloudy,0,2,False,False,False,False,True,0.2
2026-10-01T01:09:01Z,IL,IL00070IW008700045,39.0679,-88.6704,79,Mostly Cloudy,1,6,False,False,False,False,True,0.2
2026-10-01T01:09:01Z,IL,IL00057IS016500018,39.1993,-88.502,80,Mostly Cloudy,1,7,False,False,False,False,True,0.2
2026-10-01T01:09:01Z,IL,IL00057IN016500044,39.1898,-88.5031,80,Mostly Cloudy,1,6,False,False,False,False,True,0.2
2026-10-01T01:09:01Z,IL,IL00072IE015200041,39.9923,-88.7827,74,Mostly Cloudy,6,6,False,False,False,False,True,0.2
2026-10-01T01:09:01Z,IN,322,38.195,-87.8597,81,Partly Cloudy,0,2,False,False,False,False,False,0.0
2026-10-01T01:09:01Z,IN,317,38.5852,-85.7768,77,Partly Cloudy,0,2,False,False,False,False,False,0.0
2026-10-01T01:09:01Z,IN,316,38.5859,-85.7809,77,Partly Cloudy,0,2,False,False,False,False,False,0.0
2026-10-01T01:09:01Z,IN,315,39.2602,-85.9521,76,Partly Cloudy,1,6,False,False,False,False,False,0.0
2026-10-01T01:09:01Z,IN,314,39.2767,-85.9569,76,Partly Cloudy,1,6,False,False,False,False,False,0.0
2026-10-01T01:09:01Z,IN,313,40.1578,-86.5387,74,Mostly Cloudy,2,7,False,False,False,False,False,0.0
2026-10-01T01:09:01Z,IN,312,40.1722,-86.5522,75,Mostly Cloudy,2,7,False,False,False,False,False,0.0
2026-10-01T01:09:01Z,IN,311,40.6992,-87.0628,68,Chance Rain Showers,52,5,False,False,True,False,False,0.05
2026-10-01T01:09:01Z,IN,310,40.6984,-87.0646,68,Chance Rain Showers,52,5,False,False,True,False,False,0.05
2026-10-01T01:09:01Z,IN,308,41.1653,-87.271,67,Rain Showers,87,5,False,False,True,False,False,0.05
2026-10-01T01:09:01Z,IN,309,41.1666,-87.2749,67,Rain Showers,87,5,False,False,True,False,False,0.05
2026-10-01T01:09:01Z,IN,318,40.3543,-85.5576,72,Slight Chance Rain Showers,5,6,False,False,True,False,False,0.05
2026-10-01T01:09:01Z,IN,319,40.3569,-85.56,72,Slight Chance Rain Showers,5,6,False,False,True,False,False,0.05
2026-10-01T01:09:01Z,IN,320,41.2963,-85.0863,65,Rain Showers Likely,64,5,False,False,True,False,False,0.05
2026-10-01T01:09:01Z,IN,321,41.5803,-85.0597,63,Rain Showers,78,5,False,False,True,False,False,0.05
2026-10-01T01:09:01Z,IN,300,39.4417,-87.5002,78,Partly Cloudy,1,8,False,False,False,False,False,0.0
2026-10-01T01:09:01Z,IN,302,39.6517,-86.3967,77,Partly Cloudy,1,7,False,False,False,False,False,0.0
2026-10-01T01:09:01Z,IN,301,39.6541,-86.4005,77,Partly Cloudy,1,7,False,False,False,False,False,0.0
2026-10-01T01:09:01Z,IN,303,39.8243,-85.7039,76,Mostly Cloudy,1,6,False,False,False,False,False,0.0
2026-10-01T01:09:01Z,IN,304,39.8266,-85.704,76,Mostly Cloudy,1,6,False,False,False,False,False,0.0
2026-10-01T01:09:01Z,IN,305,39.8605,-85.0259,74,Mostly Cloudy,3,3,False,False,False,False,False,0.0
2026-10-01T01:09:01Z,IN,323,39.29,-85.1688,75,Partly Cloudy,2,2,False,False,False,False,False,0.0
2026-10-01T01:09:01Z,IN,702,41.7472,-85.3285,63,Rain Showers,80,10,False,False,True,False,False,0.05
2026-10-01T01:09:01Z,IN,701,41.5889,-87.2173,65,Rain Showers,90,5,False,False,True,False,False,0.05
2026-10-01T01:09:01Z,IN,704,41.7058,-86.6212,62,Rain Showers,81,10,False,False,True,False,False,0.05
2026-10-01T01:09:01Z,IN,703,41.7071,-86.6235,62,Rain Showers,81,10,False,False,True,False,False,0.05
2026-10-01T01:09:01Z,IN,705,41.733,-86.0057,63,Rain Showers,81,10,False,False,True,False,False,0.05
2026-10-01T01:09:01Z,IN,708,41.7472,-85.3285,63,Rain Showers,80,10,False,False,True,False,False,0.05
2026-10-01T01:09:01Z,IN,707,41.7453,-85.3287,63,Rain Showers,80,10,False,False,True,False,False,0.05
2026-10-01T01:09:01Z,IN,324,41.7353,-86.7933,63,Rain Showers,82,5,False,False,True,False,False,0.05
2026-10-01T01:09:01Z,KY,KY00065IS0000020N65WELCOM,36.6434,-86.5687,77,Mostly Clear,0,5,False,False,False,False,False,0.0
2026-10-01T01:09:01Z,KY,KY00065IS000020NSMARATHON,36.6612,-86.5553,78,Mostly Clear,0,5,False,False,False,False,False,0.0
2026-10-01T01:09:01Z,KY,KY00065IS0000340NWEIGHS34,36.6868,-86.5379,78,Mostly Clear,0,5,False,False,False,False,False,0.0
2026-10-01T01:09:01Z,KY,KY00065IS0011400S65SRA114,37.9464,-85.6905,77,Partly Cloudy,0,3,False,False,False,False,False,0.0
2026-10-01T01:09:01Z,KY,KY00065IS0005900S65SRA059,37.239,-85.9297,77,Mostly Clear,0,2,False,False,False,False,False,0.0
2026-10-01T01:09:01Z,KY,KY00065IS0005900N65NRA059,37.2384,-85.9271,77,Mostly Clear,0,2,False,False,False,False,False,0.0
2026-10-01T01:09:01Z,KY,KY00075IS0003300NWEIGHS33,37.0422,-84.0968,75,Clear,0,5,False,False,False,False,False,0.0
2026-10-01T01:09:01Z,KY,KY00075IS0003400SWEIGHS34,37.048,-84.0997,75,Clear,0,5,False,False,False,False,False,0.0
2026-10-01T01:09:01Z,KY,KY00075IS0017700N75NRA177,38.937,-84.6309,74,Partly Cloudy,1,3,False,False,False,False,False,0.0
2026-10-01T01:09:01Z,KY,KY00075IS0007500SWALTONWS,38.8653,-84.6476,76,Partly Cloudy,1,3,False,False,False,False,False,0.0
2026-10-01T01:09:01Z,KY,KY00075IS0017700S75SRA177,38.9388,-84.6339,74,Partly Cloudy,1,3,False,False,False,False,False,0.0
2026-10-01T01:09:01Z,KY,KY00075IS0016800SCRITENWS,38.8196,-84.6015,74,Partly Cloudy,1,3,False,False,False,False,False,0.0
2026-10-01T01:09:01Z,KY,KY00075IS0000100N75WELCOM,36.6162,-84.1054,73,Mostly Clear,0,3,False,False,False,False,False,0.0
2026-10-01T01:24:00Z,IL,IL00055IN010400050,39.8627,-89.5948,75,Mostly Cloudy,6,6,False,False,False,False,True,0.2
2026-10-01T01:24:00Z,IL,IL00057IN007900034,38.0297,-88.9203,84,Partly Cloudy,0,5,False,False,False,False,True,0.2
2026-10-01T01:24:00Z,IL,IL00055IN014900028,40.3599,-89.1099,67,Mostly Cloudy,8,7,False,False,False,False,True,0.2
2026-10-01T01:24:00Z,IL,IL00055IN019400031,40.8234,-88.6875,71,Rain Showers Likely,74,5,False,False,True,False,True,0.2
2026-10-01T01:24:00Z,IL,IL00057IN011400033,38.5963,-88.9638,79,Partly Cloudy,1,6,False,False,False,False,True,0.2
2026-10-01T01:24:00Z,IL,IL00064IE002500038,38.5481,-89.7731,83,Mostly Cloudy,1,10,False,False,False,False,True,0.2
2026-10-01T01:24:00Z,IL,IL00055IN002700029,38.8649,-89.8532,80,Mostly Cloudy,2,8,False,False,False,False,True,0.2
2026-10-01T01:24:00Z,IL,IL00057IN022200048,39.9218,-88.299,71,Mostly Cloudy,3,7,False,False,False,False,True,0.2
2026-10-01T01:24:00Z,IL,IL00057IS033300046,41.3918,-87.7749,66,Rain Showers,90,5,False,False,True,False,True,0.2
2026-10-01T01:24:00Z,IL,IL00080IE011700043,41.4314,-88.3454,67,Rain Showers,85,5,False,False,True,False,True,0.2
2026-10-01T01:24:00Z,IL,IL00057IS022200054,39.9314,-88.3043,71,Mostly Cloudy,3,7,False,False,False,False,True,0.2
2026-10-01T01:24:00Z,IL,IL00057IS026800022,40.5613,-88.0615,72,Rain Showers Likely,72,5,False,False,True,False,True,0.2
2026-10-01T01:24:00Z,IL,IL00055IN006400027,39.3465,-89.6408,80,Mostly Cloudy,2,6,False,False,False,False,True,0.2
2026-10-01T01:24:00Z,IL,IL00057IN026800032,40.5505,-88.0605,72,Rain Showers Likely,72,5,False,False,True,False,True,0.2
2026-10-01T01:24:00Z,IL,IL00080IE005100040,41.3938,-89.5665,64,Showers And Thunderstorms Likely,73,5,False,False,True,True,True,0.2
2026-10-01T01:24:00Z,IL,IL00064IW008500012,38.2766,-88.8012,83,Partly Cloudy,1,8,False,False,False,False,True,0.2
2026-10-01T01:24:00Z,IL,IL00070IE008600051,39.0651,-88.6745,79,Mostly Cloudy,1,6,False,False,False,False,True,0.2
2026-10-01T01:24:00Z,IL,IL00070IE002700042,38.7849,-89.7023,83,Mostly Cloudy,1,9,False,False,False,False,True,0.2
2026-10-01T01:24:00Z,IL,IL00024IW003700010,37.1593,-88.6798,83,Partly Cloudy,0,2,False,False,False,False,True,0.2
2026-10-01T01:24:00Z,IL,IL00064IE008500039,38.273,-88.8496,83,Partly Cloudy,1,7,False,False,False,False,True,0.2
2026-10-01T01:24:00Z,IL,IL00074IW015600009,40.2711,-88.6701,71,Mostly Cloudy,8,6,False,False,False,False,True,0.2
2026-10-01T01:24:00Z,IL,IL00064IW002500011,38.5491,-89.7633,83,Mostly Cloudy,1,10,False,False,False,False,True,0.2
2026-10-01T01:24:00Z,IL,IL00080IW005100013,41.3937,-89.5591,64,Showers And Thunderstorms Likely,73,5,False,False,True,True,True,0.2
2026-10-01T01:24:00Z,IL,IL00074IW020800052,40.1298,-87.7441,72,Mostly Cloudy,3,5,False,False,False,False,True,0.2
2026-10-01T01:24:00Z,IL,IL00070IW002700015,38.7884,-89.6889,83,Mostly Cloudy,1,9,False,False,False,False,True,0.2
2026-10-01T01:24:00Z,IL,IL00055IS002700019,38.8723,-89.8511,80,Mostly Cloudy,2,8,False,False,False,False,True,0.2
2026-10-01T01:24:00Z,IL,IL00057IS007900047,38.0962,-88.9138,80,Partly Cloudy,1,6,False,False,False,False,True,0.2
2026-10-01T01:24:00Z,IL,IL00074IE002800030,41.2334,-90.333,67,Chance Showers And Thunderstorms,43,5,False,False,True,True,True,0.2
2026-10-01T01:24:00Z,IL,IL00055IS006400017,39.3523,-89.6447,78,Mostly Cloudy,2,6,False,False,False,False,True,0.2
2026-10-01T01:24:00Z,IL,IL00074IE015600037,40.2732,-88.6762,69,Mostly Cloudy,7,7,False,False,False,False,True,0.2
2026-10-01T01:24:00Z,IL,IL00072IW015200014,39.9888,-88.7852,74,Mostly Cloudy,6,6,False,False,False,False,True,0.2
2026-10-01T01:24:00Z,IL,IL00064IW013000053,38.2322,-87.9882,79,Partly Cloudy,0,2,False,False,False,False,True,0.2
2026-10-01T01:24:00Z,IL,IL00055IS019400021,40.8371,-88.6833,70,Rain Showers,75,0,False,False,True,False,True,0.2
2026-10-01T01:24:00Z,IL,IL00057IS011400023,38.5965,-88.9677,79,Partly Cloudy,1,6,False,False,False,False,True,0.2
2026-10-01T01:24:00Z,IL,IL00039IN008500036,41.7236,-89.0062,66,Rain Showers,90,5,False,False,True,False,True,0.2
2026-10-01T01:24:00Z,IL,IL00080IW011700016,41.4473,-88.3285,67,Rain Showers,89,5,False,False,True,False,True,0.2
2026-10-01T01:24:00Z,IL,IL00074IW002800020,41.2141,-90.3308,67,Chance Showers And Thunderstorms,43,5,False,False,True,True,True,0.2
2026-10-01T01:24:00Z,IL,IL00039IS008500026,41.7285,-89.0105,66,Rain Showers,90,5,False,False,True,False,True,0.2
2026-10-01T01:24:00Z,IL,IL00057IN033300049,41.3892,-87.7729,66,Rain Showers,90,5,False,False,True,False,True,0.2
2026-10-01T01:24:00Z,IL,IL00074IW011400006,40.6111,-89.2323,67,Mostly Cloudy,10,5,False,False,False,False,True,0.2
2026-10-01T01:24:00Z,IL,IL00070IW014900008,39.4228,-87.6617,78,Mostly Cloudy,2,7,False,False,False,False,True,0.2
2026-10-01T01:24:00Z,IL,IL00074IE011400005,40.6125,-89.245,67,Mostly Cloudy,10,5,False,False,False,False,True,0.2
2026-10-01T01:24:00Z,IL,IL00074IW006200004,40.8802,-90.0895,67,Slight Chance Rain Showers,15,3,False,False,True,False,True,0.2
2026-10-01T01:24:00Z,IL,IL00074IE006200001,40.8788,-90.0936,67,Slight Chance Rain Showers,15,3,False,False,True,False,True,0.2
2026-10-01T01:24:00Z,IL,IL00055IS010400024,39.8871,-89.5966,75,Mostly Cloudy,7,5,False,False,False,False,True,0.2
2026-10-01T01:24:00Z,IL,IL00057IS003200025,37.4699,-89.1329,82,Partly Cloudy,0,2,False,False,False,False,True,0.2
2026-10-01T01:24:00Z,IL,IL00057IN003200035,37.4661,-89.1324,82,Partly Cloudy,0,2,False,False,False,False,True,0.2
2026-10-01T01:24:00Z,IL,IL00070IW008700045,39.0679,-88.6704,79,Mostly Cloudy,1,6,False,False,False,False,True,0.2
2026-10-01T01:24:00Z,IL,IL00057IS016500018,39.1993,-88.502,80,Mostly Cloudy,1,7,False,False,False,False,True,0.2
2026-10-01T01:24:00Z,IL,IL00057IN016500044,39.1898,-88.5031,77,Mostly Cloudy,1,7,False,False,False,False,True,0.2
2026-10-01T01:24:00Z,IL,IL00072IE015200041,39.9923,-88.7827,74,Mostly Cloudy,6,6,False,False,False,False,True,0.2
2026-10-01T01:24:00Z,IN,322,38.195,-87.8597,77,Partly Cloudy,0,5,False,False,False,False,False,0.0
2026-10-01T01:24:00Z,IN,317,38.5852,-85.7768,77,Partly Cloudy,0,2,False,False,False,False,False,0.0
2026-10-01T01:24:00Z,IN,316,38.5859,-85.7809,77,Partly Cloudy,0,2,False,False,False,False,False,0.0
2026-10-01T01:24:00Z,IN,315,39.2602,-85.9521,76,Partly Cloudy,1,6,False,False,False,False,False,0.0
2026-10-01T01:24:00Z,IN,314,39.2767,-85.9569,76,Partly Cloudy,1,6,False,False,False,False,False,0.0
2026-10-01T01:24:00Z,IN,313,40.1578,-86.5387,74,Mostly Cloudy,2,8,False,False,False,False,False,0.0
2026-10-01T01:24:00Z,IN,312,40.1722,-86.5522,74,Mostly Cloudy,2,8,False,False,False,False,False,0.0
2026-10-01T01:24:00Z,IN,311,40.6992,-87.0628,68,Chance Rain Showers,52,5,False,False,True,False,False,0.05
2026-10-01T01:24:00Z,IN,310,40.6984,-87.0646,68,Chance Rain Showers,52,5,False,False,True,False,False,0.05
2026-10-01T01:24:00Z,IN,308,41.1653,-87.271,67,Rain Showers,87,5,False,False,True,False,False,0.05
2026-10-01T01:24:00Z,IN,309,41.1666,-87.2749,67,Rain Showers,87,5,False,False,True,False,False,0.05
2026-10-01T01:24:00Z,IN,318,40.3543,-85.5576,72,Slight Chance Rain Showers,5,6,False,False,True,False,False,0.05
2026-10-01T01:24:00Z,IN,319,40.3569,-85.56,72,Slight Chance Rain Showers,5,6,False,False,True,False,False,0.05
2026-10-01T01:24:00Z,IN,320,41.2963,-85.0863,66,Rain Showers Likely,62,5,False,False,True,False,False,0.05
2026-10-01T01:24:00Z,IN,321,41.5803,-85.0597,63,Rain Showers,78,5,False,False,True,False,False,0.05
2026-10-01T01:24:00Z,IN,300,39.4417,-87.5002,78,Partly Cloudy,1,8,False,False,False,False,False,0.0
2026-10-01T01:24:00Z,IN,302,39.6517,-86.3967,77,Partly Cloudy,1,7,False,False,False,False,False,0.0
2026-10-01T01:24:00Z,IN,301,39.6541,-86.4005,77,Partly Cloudy,1,7,False,False,False,False,False,0.0
2026-10-01T01:24:00Z,IN,303,39.8243,-85.7039,76,Mostly Cloudy,1,6,False,False,False,False,False,0.0
2026-10-01T01:24:00Z,IN,304,39.8266,-85.704,76,Mostly Cloudy,1,6,False,False,False,False,False,0.0
2026-10-01T01:24:00Z,IN,305,39.8605,-85.0259,74,Mostly Cloudy,3,3,False,False,False,False,False,0.0
2026-10-01T01:24:00Z,IN,323,39.29,-85.1688,70,Partly Cloudy,1,2,False,False,False,False,False,0.0
2026-10-01T01:24:00Z,IN,702,41.7472,-85.3285,63,Rain Showers,80,10,False,False,True,False,False,0.05
2026-10-01T01:24:00Z,IN,701,41.5889,-87.2173,65,Rain Showers,90,5,False,False,True,False,False,0.05
2026-10-01T01:24:00Z,IN,704,41.7058,-86.6212,62,Rain Showers,81,10,False,False,True,False,False,0.05
2026-10-01T01:24:00Z,IN,703,41.7071,-86.6235,62,Rain Showers,81,10,False,False,True,False,False,0.05
2026-10-01T01:24:00Z,IN,705,41.733,-86.0057,63,Rain Showers,81,10,False,False,True,False,False,0.05
2026-10-01T01:24:00Z,IN,708,41.7472,-85.3285,63,Rain Showers,80,10,False,False,True,False,False,0.05
2026-10-01T01:24:00Z,IN,707,41.7453,-85.3287,63,Rain Showers,80,10,False,False,True,False,False,0.05
2026-10-01T01:24:00Z,IN,324,41.7353,-86.7933,63,Rain Showers,82,5,False,False,True,False,False,0.05
2026-10-01T01:24:00Z,KY,KY00065IS0000020N65WELCOM,36.6434,-86.5687,73,Mostly Clear,0,5,False,False,False,False,False,0.0
2026-10-01T01:24:00Z,KY,KY00065IS000020NSMARATHON,36.6612,-86.5553,78,Mostly Clear,0,5,False,False,False,False,False,0.0
2026-10-01T01:24:00Z,KY,KY00065IS0000340NWEIGHS34,36.6868,-86.5379,78,Mostly Clear,0,5,False,False,False,False,False,0.0
2026-10-01T01:24:00Z,KY,KY00065IS0011400S65SRA114,37.9464,-85.6905,74,Mostly Clear,0,3,False,False,False,False,False,0.0
2026-10-01T01:24:00Z,KY,KY00065IS0005900S65SRA059,37.239,-85.9297,77,Mostly Clear,0,2,False,False,False,False,False,0.0
2026-10-01T01:24:00Z,KY,KY00065IS0005900N65NRA059,37.2384,-85.9271,77,Mostly Clear,0,2,False,False,False,False,False,0.0
2026-10-01T01:24:00Z,KY,KY00075IS0003300NWEIGHS33,37.0422,-84.0968,75,Clear,0,5,False,False,False,False,False,0.0
2026-10-01T01:24:00Z,KY,KY00075IS0003400SWEIGHS34,37.048,-84.0997,75,Clear,0,5,False,False,False,False,False,0.0
2026-10-01T01:24:00Z,KY,KY00075IS0017700N75NRA177,38.937,-84.6309,72,Mostly Clear,1,3,False,False,False,False,False,0.0
2026-10-01T01:24:00Z,KY,KY00075IS0007500SWALTONWS,38.8653,-84.6476,76,Partly Cloudy,1,3,False,False,False,False,False,0.0
2026-10-01T01:24:00Z,KY,KY00075IS0017700S75SRA177,38.9388,-84.6339,72,Mostly Clear,1,3,False,False,False,False,False,0.0
2026-10-01T01:24:00Z,KY,KY00075IS0016800SCRITENWS,38.8196,-84.6015,74,Partly Cloudy,1,3,False,False,False,False,False,0.0
2026-10-01T01:24:00Z,KY,KY00075IS0000100N75WELCOM,36.6162,-84.1054,73,Mostly Clear,0,3,False,False,False,False,False,0.0
2026-10-01T01:39:00Z,IL,IL00055IN010400050,39.8627,-89.5948,75,Mostly Cloudy,6,6,False,False,False,False,True,0.2
2026-10-01T01:39:00Z,IL,IL00057IN007900034,38.0297,-88.9203,84,Partly Cloudy,0,5,False,False,False,False,True,0.2
2026-10-01T01:39:00Z,IL,IL00055IN014900028,40.3599,-89.1099,69,Mostly Cloudy,9,6,False,False,False,False,True,0.2
2026-10-01T01:39:00Z,IL,IL00055IN019400031,40.8234,-88.6875,71,Rain Showers Likely,74,5,False,False,True,False,True,0.2
2026-10-01T01:39:00Z,IL,IL00057IN011400033,38.5963,-88.9638,82,Partly Cloudy,1,7,False,False,False,False,True,0.2
2026-10-01T01:39:00Z,IL,IL00064IE002500038,38.5481,-89.7731,83,Mostly Cloudy,1,10,False,False,False,False,True,0.2
2026-10-01T01:39:00Z,IL,IL00055IN002700029,38.8649,-89.8532,83,Mostly Cloudy,2,8,False,False,False,False,True,0.2
2026-10-01T01:39:00Z,IL,IL00057IN022200048,39.9218,-88.299,74,Mostly Cloudy,3,7,False,False,False,False,True,0.2
2026-10-01T01:39:00Z,IL,IL00057IS033300046,41.3918,-87.7749,66,Rain Showers,90,5,False,False,True,False,True,0.2
2026-10-01T01:39:00Z,IL,IL00080IE011700043,41.4314,-88.3454,67,Rain Showers,89,5,False,False,True,False,True,0.2
2026-10-01T01:39:00Z,IL,IL00057IS022200054,39.9314,-88.3043,74,Mostly Cloudy,3,7,False,False,False,False,True,0.2
2026-10-01T01:39:00Z,IL,IL00057IS026800022,40.5613,-88.0615,72,Rain Showers Likely,72,5,False,False,True,False,True,0.2
2026-10-01T01:39:00Z,IL,IL00055IN006400027,39.3465,-89.6408,80,Mostly Cloudy,2,6,False,False,False,False,True,0.2
2026-10-01T01:39:00Z,IL,IL00057IN026800032,40.5505,-88.0605,72,Rain Showers Likely,72,5,False,False,True,False,True,0.2
2026-10-01T01:39:00Z,IL,IL00080IE005100040,41.3938,-89.5665,64,Showers And Thunderstorms Likely,73,5,False,False,True,True,True,0.2
2026-10-01T01:39:00Z,IL,IL00064IW008500012,38.2766,-88.8012,83,Partly Cloudy,1,8,False,False,False,False,True,0.2
2026-10-01T01:39:00Z,IL,IL00070IE008600051,39.0651,-88.6745,79,Mostly Cloudy,1,6,False,False,False,False,True,0.2
2026-10-01T01:39:00Z,IL,IL00070IE002700042,38.7849,-89.7023,83,Mostly Cloudy,1,9,False,False,False,False,True,0.2
2026-10-01T01:39:00Z,IL,IL00024IW003700010,37.1593,-88.6798,83,Partly Cloudy,0,2,False,False,False,False,True,0.2
2026-10-01T01:39:00Z,IL,IL00064IE008500039,38.273,-88.8496,83,Partly Cloudy,1,7,False,False,False,False,True,0.2
2026-10-01T01:39:00Z,IL,IL00074IW015600009,40.2711,-88.6701,71,Mostly Cloudy,8,6,False,False,False,False,True,0.2
2026-10-01T01:39:00Z,IL,IL00064IW002500011,38.5491,-89.7633,83,Mostly Cloudy,1,10,False,False,False,False,True,0.2
2026-10-01T01:39:00Z,IL,IL00080IW005100013,41.3937,-89.5591,64,Showers And Thunderstorms Likely,73,5,False,False,True,True,True,0.2
2026-10-01T01:39:00Z,IL,IL00074IW020800052,40.1298,-87.7441,72,Mostly Cloudy,3,5,False,False,False,False,True,0.2
2026-10-01T01:39:00Z,IL,IL00070IW002700015,38.7884,-89.6889,83,Mostly Cloudy,1,9,False,False,False,False,True,0.2
2026-10-01T01:39:00Z,IL,IL00055IS002700019,38.8723,-89.8511,83,Mostly Cloudy,2,8,False,False,False,False,True,0.2
2026-10-01T01:39:00Z,IL,IL00057IS007900047,38.0962,-88.9138,84,Partly Cloudy,1,6,False,False,False,False,True,0.2
2026-10-01T01:39:00Z,IL,IL00074IE002800030,41.2334,-90.333,67,Chance Showers And Thunderstorms,43,5,False,False,True,True,True,0.2
2026-10-01T01:39:00Z,IL,IL00055IS006400017,39.3523,-89.6447,80,Mostly Cloudy,2,6,False,False,False,False,True,0.2
2026-10-01T01:39:00Z,IL,IL00074IE015600037,40.2732,-88.6762,71,Mostly Cloudy,8,6,False,False,False,False,True,0.2
2026-10-01T01:39:00Z,IL,IL00072IW015200014,39.9888,-88.7852,74,Mostly Cloudy,6,6,False,False,False,False,True,0.2
2026-10-01T01:39:00Z,IL,IL00064IW013000053,38.2322,-87.9882,79,Partly Cloudy,0,2,False,False,False,False,True,0.2
2026-10-01T01:39:00Z,IL,IL00055IS019400021,40.8371,-88.6833,70,Rain Showers,75,0,False,False,True,False,True,0.2
2026-10-01T01:39:00Z,IL,IL00057IS011400023,38.5965,-88.9677,82,Partly Cloudy,1,7,False,False,False,False,True,0.2
2026-10-01T01:39:00Z,IL,IL00039IN008500036,41.7236,-89.0062,66,Rain Showers,90,5,False,False,True,False,True,0.2
2026-10-01T01:39:00Z,IL,IL00080IW011700016,41.4473,-88.3285,67,Rain Showers,89,5,False,False,True,False,True,0.2
2026-10-01T01:39:00Z,IL,IL00074IW002800020,41.2141,-90.3308,67,Chance Showers And Thunderstorms,43,5,False,False,True,True,True,0.2
2026-10-01T01:39:00Z,IL,IL00039IS008500026,41.7285,-89.0105,66,Rain Showers,90,5,False,False,True,False,True,0.2
2026-10-01T01:39:00Z,IL,IL00057IN033300049,41.3892,-87.7729,66,Rain Showers,90,5,False,False,True,False,True,0.2
2026-10-01T01:39:00Z,IL,IL00074IW011400006,40.6111,-89.2323,67,Mostly Cloudy,10,5,False,False,False,False,True,0.2
2026-10-01T01:39:00Z,IL,IL00070IW014900008,39.4228,-87.6617,78,Mostly Cloudy,2,7,False,False,False,False,True,0.2
2026-10-01T01:39:00Z,IL,IL00074IE011400005,40.6125,-89.245,67,Mostly Cloudy,10,5,False,False,False,False,True,0.2
2026-10-01T01:39:00Z,IL,IL00074IW006200004,40.8802,-90.0895,67,Slight Chance Rain Showers,15,3,False,False,True,False,True,0.2
2026-10-01T01:39:00Z,IL,IL00074IE006200001,40.8788,-90.0936,67,Slight Chance Rain Showers,15,3,False,False,True,False,True,0.2
2026-10-01T01:39:00Z,IL,IL00055IS010400024,39.8871,-89.5966,75,Mostly Cloudy,7,5,False,False,False,False,True,0.2
2026-10-01T01:39:00Z,IL,IL00057IS003200025,37.4699,-89.1329,82,Partly Cloudy,0,2,False,False,False,False,True,0.2
2026-10-01T01:39:00Z,IL,IL00057IN003200035,37.4661,-89.1324,82,Partly Cloudy,0,2,False,False,False,False,True,0.2
2026-10-01T01:39:00Z,IL,IL00070IW008700045,39.0679,-88.6704,79,Mostly Cloudy,1,6,False,False,False,False,True,0.2
2026-10-01T01:39:00Z,IL,IL00057IS016500018,39.1993,-88.502,80,Mostly Cloudy,1,7,False,False,False,False,True,0.2
2026-10-01T01:39:00Z,IL,IL00057IN016500044,39.1898,-88.5031,80,Mostly Cloudy,1,6,False,False,False,False,True,0.2
2026-10-01T01:39:00Z,IL,IL00072IE015200041,39.9923,-88.7827,74,Mostly Cloudy,6,6,False,False,False,False,True,0.2
2026-10-01T01:39:00Z,IN,322,38.195,-87.8597,81,Partly Cloudy,0,2,False,False,False,False,False,0.0
2026-10-01T01:39:00Z,IN,317,38.5852,-85.7768,77,Partly Cloudy,0,2,False,False,False,False,False,0.0
2026-10-01T01:39:00Z,IN,316,38.5859,-85.7809,77,Partly Cloudy,0,2,False,False,False,False,False,0.0
2026-10-01T01:39:00Z,IN,315,39.2602,-85.9521,76,Partly Cloudy,1,6,False,False,False,False,False,0.0
2026-10-01T01:39:00Z,IN,314,39.2767,-85.9569,76,Partly Cloudy,1,6,False,False,False,False,False,0.0
2026-10-01T01:39:00Z,IN,313,40.1578,-86.5387,74,Mostly Cloudy,2,7,False,False,False,False,False,0.0
2026-10-01T01:39:00Z,IN,312,40.1722,-86.5522,75,Mostly Cloudy,2,7,False,False,False,False,False,0.0
2026-10-01T01:39:00Z,IN,311,40.6992,-87.0628,68,Chance Rain Showers,52,5,False,False,True,False,False,0.05
2026-10-01T01:39:00Z,IN,310,40.6984,-87.0646,68,Chance Rain Showers,52,5,False,False,True,False,False,0.05
2026-10-01T01:39:00Z,IN,308,41.1653,-87.271,67,Rain Showers,87,5,False,False,True,False,False,0.05
2026-10-01T01:39:00Z,IN,309,41.1666,-87.2749,67,Rain Showers,87,5,False,False,True,False,False,0.05
2026-10-01T01:39:00Z,IN,318,40.3543,-85.5576,72,Slight Chance Rain Showers,5,6,False,False,True,False,False,0.05
2026-10-01T01:39:00Z,IN,319,40.3569,-85.56,72,Slight Chance Rain Showers,5,6,False,False,True,False,False,0.05
2026-10-01T01:39:00Z,IN,320,41.2963,-85.0863,65,Rain Showers Likely,64,5,False,False,True,False,False,0.05
2026-10-01T01:39:00Z,IN,321,41.5803,-85.0597,63,Rain Showers,78,5,False,False,True,False,False,0.05
2026-10-01T01:39:00Z,IN,300,39.4417,-87.5002,78,Partly Cloudy,1,8,False,False,False,False,False,0.0
2026-10-01T01:39:00Z,IN,302,39.6517,-86.3967,77,Partly Cloudy,1,7,False,False,False,False,False,0.0
2026-10-01T01:39:00Z,IN,301,39.6541,-86.4005,77,Partly Cloudy,1,7,False,False,False,False,False,0.0
2026-10-01T01:39:00Z,IN,303,39.8243,-85.7039,76,Mostly Cloudy,1,6,False,False,False,False,False,0.0
2026-10-01T01:39:00Z,IN,304,39.8266,-85.704,76,Mostly Cloudy,1,6,False,False,False,False,False,0.0
2026-10-01T01:39:00Z,IN,305,39.8605,-85.0259,74,Mostly Cloudy,3,3,False,False,False,False,False,0.0
2026-10-01T01:39:00Z,IN,323,39.29,-85.1688,75,Partly Cloudy,2,2,False,False,False,False,False,0.0
2026-10-01T01:39:00Z,IN,702,41.7472,-85.3285,63,Rain Showers,80,10,False,False,True,False,False,0.05
2026-10-01T01:39:00Z,IN,701,41.5889,-87.2173,65,Rain Showers,90,5,False,False,True,False,False,0.05
2026-10-01T01:39:00Z,IN,704,41.7058,-86.6212,62,Rain Showers,81,10,False,False,True,False,False,0.05
2026-10-01T01:39:00Z,IN,703,41.7071,-86.6235,62,Rain Showers,81,10,False,False,True,False,False,0.05
2026-10-01T01:39:00Z,IN,705,41.733,-86.0057,63,Rain Showers,81,10,False,False,True,False,False,0.05
2026-10-01T01:39:00Z,IN,708,41.7472,-85.3285,63,Rain Showers,80,10,False,False,True,False,False,0.05
2026-10-01T01:39:00Z,IN,707,41.7453,-85.3287,63,Rain Showers,80,10,False,False,True,False,False,0.05
2026-10-01T01:39:00Z,IN,324,41.7353,-86.7933,63,Rain Showers,82,5,False,False,True,False,False,0.05
2026-10-01T01:39:00Z,KY,KY00065IS0000020N65WELCOM,36.6434,-86.5687,77,Mostly Clear,0,5,False,False,False,False,False,0.0
2026-10-01T01:39:00Z,KY,KY00065IS000020NSMARATHON,36.6612,-86.5553,78,Mostly Clear,0,5,False,False,False,False,False,0.0
2026-10-01T01:39:00Z,KY,KY00065IS0000340NWEIGHS34,36.6868,-86.5379,78,Mostly Clear,0,5,False,False,False,False,False,0.0
2026-10-01T01:39:00Z,KY,KY00065IS0011400S65SRA114,37.9464,-85.6905,77,Partly Cloudy,0,3,False,False,False,False,False,0.0
2026-10-01T01:39:00Z,KY,KY00065IS0005900S65SRA059,37.239,-85.9297,77,Mostly Clear,0,2,False,False,False,False,False,0.0
2026-10-01T01:39:00Z,KY,KY00065IS0005900N65NRA059,37.2384,-85.9271,77,Mostly Clear,0,2,False,False,False,False,False,0.0
2026-10-01T01:39:00Z,KY,KY00075IS0003300NWEIGHS33,37.0422,-84.0968,75,Clear,0,5,False,False,False,False,False,0.0
2026-10-01T01:39:00Z,KY,KY00075IS0003400SWEIGHS34,37.048,-84.0997,75,Clear,0,5,False,False,False,False,False,0.0
2026-10-01T01:39:00Z,KY,KY00075IS0017700N75NRA177,38.937,-84.6309,74,Partly Cloudy,1,3,False,False,False,False,False,0.0
2026-10-01T01:39:00Z,KY,KY00075IS0007500SWALTONWS,38.8653,-84.6476,76,Partly Cloudy,1,3,False,False,False,False,False,0.0
2026-10-01T01:39:00Z,KY,KY00075IS0017700S75SRA177,38.9388,-84.6339,74,Partly Cloudy,1,3,False,False,False,False,False,0.0
2026-10-01T01:39:00Z,KY,KY00075IS0016800SCRITENWS,38.8196,-84.6015,74,Partly Cloudy,1,3,False,False,False,False,False,0.0
2026-10-01T01:39:00Z,KY,KY00075IS0000100N75WELCOM,36.6162,-84.1054,73,Mostly Clear,0,3,False,False,False,False,False,0.0
2026-10-01T01:54:00Z,IL,IL00055IN010400050,39.8627,-89.5948,75,Mostly Cloudy,6,6,False,False,False,False,True,0.2
2026-10-01T01:54:00Z,IL,IL00057IN007900034,38.0297,-88.9203,84,Partly Cloudy,0,5,False,False,False,False,True,0.2
2026-10-01T01:54:00Z,IL,IL00055IN014900028,40.3599,-89.1099,67,Mostly Cloudy,8,7,False,False,False,False,True,0.2
2026-10-01T01:54:00Z,IL,IL00055IN019400031,40.8234,-88.6875,71,Rain Showers Likely,74,5,False,False,True,False,True,0.2
2026-10-01T01:54:00Z,IL,IL00057IN011400033,38.5963,-88.9638,79,Partly Cloudy,1,6,False,False,False,False,True,0.2
2026-10-01T01:54:00Z,IL,IL00064IE002500038,38.5481,-89.7731,83,Mostly Cloudy,1,10,False,False,False,False,True,0.2
2026-10-01T01:54:00Z,IL,IL00055IN002700029,38.8649,-89.8532,80,Mostly Cloudy,2,8,False,False,False,False,True,0.2
2026-10-01T01:54:00Z,IL,IL00057IN022200048,39.9218,-88.299,71,Mostly Cloudy,3,7,False,False,False,False,True,0.2
2026-10-01T01:54:00Z,IL,IL00057IS033300046,41.3918,-87.7749,66,Rain Showers,85,10,False,False,True,False,True,0.2
2026-10-01T01:54:00Z,IL,IL00080IE011700043,41.4314,-88.3454,67,Rain Showers,85,5,False,False,True,False,True,0.2
2026-10-01T01:54:00Z,IL,IL00057IS022200054,39.9314,-88.3043,71,Mostly Cloudy,3,7,False,False,False,False,True,0.2
2026-10-01T01:54:00Z,IL,IL00057IS026800022,40.5613,-88.0615,72,Rain Showers Likely,72,5,False,False,True,False,True,0.2
2026-10-01T01:54:00Z,IL,IL00055IN006400027,39.3465,-89.6408,80,Mostly Cloudy,2,6,False,False,False,False,True,0.2
2026-10-01T01:54:00Z,IL,IL00057IN026800032,40.5505,-88.0605,72,Rain Showers Likely,72,5,False,False,True,False,True,0.2
2026-10-01T01:54:00Z,IL,IL00080IE005100040,41.3938,-89.5665,64,Showers And Thunderstorms Likely,73,5,False,False,True,True,True,0.2
2026-10-01T01:54:00Z,IL,IL00064IW008500012,38.2766,-88.8012,79,Partly Cloudy,1,7,False,False,False,False,True,0.2
2026-10-01T01:54:00Z,IL,IL00070IE008600051,39.0651,-88.6745,75,Mostly Cloudy,1,6,False,False,False,False,True,0.2
2026-10-01T01:54:00Z,IL,IL00070IE002700042,38.7849,-89.7023,81,Mostly Cloudy,1,9,False,False,False,False,True,0.2
2026-10-01T01:54:00Z,IL,IL00024IW003700010,37.1593,-88.6798,83,Partly Cloudy,0,2,False,False,False,False,True,0.2
2026-10-01T01:54:00Z,IL,IL00064IE008500039,38.273,-88.8496,79,Partly Cloudy,1,7,False,False,False,False,True,0.2
2026-10-01T01:54:00Z,IL,IL00074IW015600009,40.2711,-88.6701,69,Mostly Cloudy,6,6,False,False,False,False,True,0.2
2026-10-01T01:54:00Z,IL,IL00064IW002500011,38.5491,-89.7633,80,Mostly Cloudy,1,9,False,False,False,False,True,0.2
2026-10-01T01:54:00Z,IL,IL00080IW005100013,41.3937,-89.5591,64,Showers And Thunderstorms Likely,73,5,False,False,True,True,True,0.2
2026-10-01T01:54:00Z,IL,IL00074IW020800052,40.1298,-87.7441,72,Mostly Cloudy,3,5,False,False,False,False,True,0.2
2026-10-01T01:54:00Z,IL,IL00070IW002700015,38.7884,-89.6889,83,Mostly Cloudy,1,9,False,False,False,False,True,0.2
2026-10-01T01:54:00Z,IL,IL00055IS002700019,38.8723,-89.8511,80,Mostly Cloudy,2,8,False,False,False,False,True,0.2
2026-10-01T01:54:00Z,IL,IL00057IS007900047,38.0962,-88.9138,80,Partly Cloudy,1,6,False,False,False,False,True,0.2
2026-10-01T01:54:00Z,IL,IL00074IE002800030,41.2334,-90.333,67,Chance Showers And Thunderstorms,43,5,False,False,True,True,True,0.2
2026-10-01T01:54:00Z,IL,IL00055IS006400017,39.3523,-89.6447,78,Mostly Cloudy,2,6,False,False,False,False,True,0.2
2026-10-01T01:54:00Z,IL,IL00074IE015600037,40.2732,-88.6762,69,Mostly Cloudy,7,7,False,False,False,False,True,0.2
2026-10-01T01:54:00Z,IL,IL00072IW015200014,39.9888,-88.7852,74,Mostly Cloudy,6,6,False,False,False,False,True,0.2
2026-10-01T01:54:00Z,IL,IL00064IW013000053,38.2322,-87.9882,79,Partly Cloudy,0,2,False,False,False,False,True,0.2
2026-10-01T01:54:00Z,IL,IL00055IS019400021,40.8371,-88.6833,69,Rain Showers Likely,68,5,False,False,True,False,True,0.2
2026-10-01T01:54:00Z,IL,IL00057IS011400023,38.5965,-88.9677,79,Partly Cloudy,1,6,False,False,False,False,True,0.2
2026-10-01T01:54:00Z,IL,IL00039IN008500036,41.7236,-89.0062,66,Rain Showers,90,5,False,False,True,False,True,0.2
2026-10-01T01:54:00Z,IL,IL00080IW011700016,41.4473,-88.3285,66,Rain Showers,85,5,False,False,True,False,True,0.2
2026-10-01T01:54:00Z,IL,IL00074IW002800020,41.2141,-90.3308,67,Chance Showers And Thunderstorms,43,5,False,False,True,True,True,0.2
2026-10-01T01:54:00Z,IL,IL00039IS008500026,41.7285,-89.0105,66,Rain Showers,90,5,False,False,True,False,True,0.2
2026-10-01T01:54:00Z,IL,IL00057IN033300049,41.3892,-87.7729,66,Rain Showers,90,5,False,False,True,False,True,0.2
2026-10-01T01:54:00Z,IL,IL00074IW011400006,40.6111,-89.2323,67,Mostly Cloudy,10,5,False,False,False,False,True,0.2
2026-10-01T01:54:00Z,IL,IL00070IW014900008,39.4228,-87.6617,78,Mostly Cloudy,2,7,False,False,False,False,True,0.2
2026-10-01T01:54:00Z,IL,IL00074IE011400005,40.6125,-89.245,65,Mostly Cloudy,9,5,False,False,False,False,True,0.2
2026-10-01T01:54:00Z,IL,IL00074IW006200004,40.8802,-90.0895,67,Slight Chance Rain Showers,15,3,False,False,True,False,True,0.2
2026-10-01T01:54:00Z,IL,IL00074IE006200001,40.8788,-90.0936,67,Slight Chance Rain Showers,15,3,False,False,True,False,True,0.2
2026-10-01T01:54:00Z,IL,IL00055IS010400024,39.8871,-89.5966,75,Mostly Cloudy,7,5,False,False,False,False,True,0.2
2026-10-01T01:54:00Z,IL,IL00057IS003200025,37.4699,-89.1329,78,Mostly Cloudy,0,3,False,False,False,False,True,0.2
2026-10-01T01:54:00Z,IL,IL00057IN003200035,37.4661,-89.1324,78,Mostly Cloudy,0,3,False,False,False,False,True,0.2
2026-10-01T01:54:00Z,IL,IL00070IW008700045,39.0679,-88.6704,79,Mostly Cloudy,1,6,False,False,False,False,True,0.2
2026-10-01T01:54:00Z,IL,IL00057IS016500018,39.1993,-88.502,80,Mostly Cloudy,1,7,False,False,False,False,True,0.2
2026-10-01T01:54:00Z,IL,IL00057IN016500044,39.1898,-88.5031,77,Mostly Cloudy,1,7,False,False,False,False,True,0.2
2026-10-01T01:54:00Z,IL,IL00072IE015200041,39.9923,-88.7827,74,Mostly Cloudy,6,6,False,False,False,False,True,0.2
2026-10-01T01:54:00Z,IN,322,38.195,-87.8597,77,Partly Cloudy,0,5,False,False,False,False,False,0.0
2026-10-01T01:54:00Z,IN,317,38.5852,-85.7768,73,Mostly Clear,0,2,False,False,False,False,False,0.0
2026-10-01T01:54:00Z,IN,316,38.5859,-85.7809,73,Mostly Clear,0,2,False,False,False,False,False,0.0
2026-10-01T01:54:00Z,IN,315,39.2602,-85.9521,74,Partly Cloudy,1,6,False,False,False,False,False,0.0
2026-10-01T01:54:00Z,IN,314,39.2767,-85.9569,74,Partly Cloudy,1,6,False,False,False,False,False,0.0
2026-10-01T01:54:00Z,IN,313,40.1578,-86.5387,74,Mostly Cloudy,2,8,False,False,False,False,False,0.0
2026-10-01T01:54:00Z,IN,312,40.1722,-86.5522,74,Mostly Cloudy,2,8,False,False,False,False,False,0.0
2026-10-01T01:54:00Z,IN,311,40.6992,-87.0628,68,Chance Rain Showers,47,5,False,False,True,False,False,0.05
2026-10-01T01:54:00Z,IN,310,40.6984,-87.0646,68,Chance Rain Showers,47,5,False,False,True,False,False,0.05
2026-10-01T01:54:00Z,IN,308,41.1653,-87.271,67,Rain Showers,85,5,False,False,True,False,False,0.05
2026-10-01T01:54:00Z,IN,309,41.1666,-87.2749,67,Rain Showers,85,5,False,False,True,False,False,0.05
2026-10-01T01:54:00Z,IN,318,40.3543,-85.5576,72,Slight Chance Rain Showers,5,6,False,False,True,False,False,0.05
2026-10-01T01:54:00Z,IN,319,40.3569,-85.56,72,Slight Chance Rain Showers,5,6,False,False,True,False,False,0.05
2026-10-01T01:54:00Z,IN,320,41.2963,-85.0863,66,Rain Showers Likely,62,5,False,False,True,False,False,0.05
2026-10-01T01:54:00Z,IN,321,41.5803,-85.0597,63,Rain Showers,78,5,False,False,True,False,False,0.05
2026-10-01T01:54:00Z,IN,300,39.4417,-87.5002,78,Partly Cloudy,1,8,False,False,False,False,False,0.0
2026-10-01T01:54:00Z,IN,302,39.6517,-86.3967,77,Partly Cloudy,1,7,False,False,False,False,False,0.0
2026-10-01T01:54:00Z,IN,301,39.6541,-86.4005,77,Partly Cloudy,1,7,False,False,False,False,False,0.0
2026-10-01T01:54:00Z,IN,303,39.8243,-85.7039,76,Mostly Cloudy,1,6,False,False,False,False,False,0.0
2026-10-01T01:54:00Z,IN,304,39.8266,-85.704,76,Mostly Cloudy,1,6,False,False,False,False,False,0.0
2026-10-01T01:54:00Z,IN,305,39.8605,-85.0259,70,Mostly Cloudy,2,3,False,False,False,False,False,0.0
2026-10-01T01:54:00Z,IN,323,39.29,-85.1688,70,Partly Cloudy,1,2,False,False,False,False,False,0.0
2026-10-01T01:54:00Z,IN,702,41.7472,-85.3285,63,Rain Showers,80,10,False,False,True,False,False,0.05
2026-10-01T01:54:00Z,IN,701,41.5889,-87.2173,65,Rain Showers,90,5,False,False,True,False,False,0.05
2026-10-01T01:54:00Z,IN,704,41.7058,-86.6212,63,Rain Showers,75,10,False,False,True,False,False,0.05
2026-10-01T01:54:00Z,IN,703,41.7071,-86.6235,63,Rain Showers,75,10,False,False,True,False,False,0.05
2026-10-01T01:54:00Z,IN,705,41.733,-86.0057,63,Rain Showers,81,10,False,False,True,False,False,0.05
2026-10-01T01:54:00Z,IN,708,41.7472,-85.3285,63,Rain Showers,80,10,False,False,True,False,False,0.05
2026-10-01T01:54:00Z,IN,707,41.7453,-85.3287,63,Rain Showers,80,10,False,False,True,False,False,0.05
2026-10-01T01:54:00Z,IN,324,41.7353,-86.7933,63,Rain Showers,82,5,False,False,True,False,False,0.05
2026-10-01T01:54:00Z,KY,KY00065IS0000020N65WELCOM,36.6434,-86.5687,73,Mostly Clear,0,5,False,False,False,False,False,0.0
2026-10-01T01:54:00Z,KY,KY00065IS000020NSMARATHON,36.6612,-86.5553,78,Mostly Clear,0,5,False,False,False,False,False,0.0
2026-10-01T01:54:00Z,KY,KY00065IS0000340NWEIGHS34,36.6868,-86.5379,78,Mostly Clear,0,5,False,False,False,False,False,0.0
2026-10-01T01:54:00Z,KY,KY00065IS0011400S65SRA114,37.9464,-85.6905,74,Mostly Clear,0,3,False,False,False,False,False,0.0
2026-10-01T01:54:00Z,KY,KY00065IS0005900S65SRA059,37.239,-85.9297,73,Mostly Clear,0,1,False,False,False,False,False,0.0
2026-10-01T01:54:00Z,KY,KY00065IS0005900N65NRA059,37.2384,-85.9271,73,Mostly Clear,0,1,False,False,False,False,False,0.0
2026-10-01T01:54:00Z,KY,KY00075IS0003300NWEIGHS33,37.0422,-84.0968,70,Mostly Clear,0,5,False,False,False,False,False,0.0
2026-10-01T01:54:00Z,KY,KY00075IS0003400SWEIGHS34,37.048,-84.0997,70,Clear,0,5,False,False,False,False,False,0.0
2026-10-01T01:54:00Z,KY,KY00075IS0017700N75NRA177,38.937,-84.6309,72,Mostly Clear,1,3,False,False,False,False,False,0.0
2026-10-01T01:54:00Z,KY,KY00075IS0007500SWALTONWS,38.8653,-84.6476,76,Partly Cloudy,1,3,False,False,False,False,False,0.0
2026-10-01T01:54:00Z,KY,KY00075IS0017700S75SRA177,38.9388,-84.6339,72,Mostly Clear,1,3,False,False,False,False,False,0.0
2026-10-01T01:54:00Z,KY,KY00075IS0016800SCRITENWS,38.8196,-84.6015,74,Partly Cloudy,1,3,False,False,False,False,False,0.0
2026-10-01T01:54:00Z,KY,KY00075IS0000100N75WELCOM,36.6162,-84.1054,70,Clear,0,3,False,False,False,False,False,0.0
2026-10-01T02:09:00Z,IL,IL00055IN010400050,39.8627,-89.5948,72,Mostly Cloudy,8,6,False,False,False,False,True,0.2
2026-10-01T02:09:00Z,IL,IL00057IN007900034,38.0297,-88.9203,76,Mostly Cloudy,0,6,False,False,False,False,True,0.2
2026-10-01T02:09:00Z,IL,IL00055IN014900028,40.3599,-89.1099,67,Mostly Cloudy,8,7,False,False,False,False,True,0.2
2026-10-01T02:09:00Z,IL,IL00055IN019400031,40.8234,-88.6875,68,Rain Showers Likely,60,5,False,False,True,False,True,0.2
2026-10-01T02:09:00Z,IL,IL00057IN011400033,38.5963,-88.9638,79,Partly Cloudy,1,6,False,False,False,False,True,0.2
2026-10-01T02:09:00Z,IL,IL00064IE002500038,38.5481,-89.7731,78,Mostly Cloudy,1,8,False,False,False,False,True,0.2
2026-10-01T02:09:00Z,IL,IL00055IN002700029,38.8649,-89.8532,78,Mostly Cloudy,2,9,False,False,False,False,True,0.2
2026-10-01T02:09:00Z,IL,IL00057IN022200048,39.9218,-88.299,71,Mostly Cloudy,3,7,False,False,False,False,True,0.2
2026-10-01T02:09:00Z,IL,IL00057IS033300046,41.3918,-87.7749,66,Rain Showers,83,5,False,False,True,False,True,0.2
2026-10-01T02:09:00Z,IL,IL00080IE011700043,41.4314,-88.3454,66,Rain Showers,83,5,False,False,True,False,True,0.2
2026-10-01T02:09:00Z,IL,IL00057IS022200054,39.9314,-88.3043,71,Mostly Cloudy,3,7,False,False,False,False,True,0.2
2026-10-01T02:09:00Z,IL,IL00057IS026800022,40.5613,-88.0615,70,Rain Showers Likely,57,5,False,False,True,False,True,0.2
2026-10-01T02:09:00Z,IL,IL00055IN006400027,39.3465,-89.6408,75,Mostly Cloudy,3,7,False,False,False,False,True,0.2
2026-10-01T02:09:00Z,IL,IL00057IN026800032,40.5505,-88.0605,70,Rain Showers Likely,57,5,False,False,True,False,True,0.2
2026-10-01T02:09:00Z,IL,IL00080IE005100040,41.3938,-89.5665,64,Showers And Thunderstorms Likely,73,5,False,False,True,True,True,0.2
2026-10-01T02:09:00Z,IL,IL00064IW008500012,38.2766,-88.8012,79,Partly Cloudy,1,7,False,False,False,False,True,0.2
2026-10-01T02:09:00Z,IL,IL00070IE008600051,39.0651,-88.6745,75,Mostly Cloudy,1,6,False,False,False,False,True,0.2
2026-10-01T02:09:00Z,IL,IL00070IE002700042,38.7849,-89.7023,81,Mostly Cloudy,1,9,False,False,False,False,True,0.2
2026-10-01T02:09:00Z,IL,IL00024IW003700010,37.1593,-88.6798,78,Partly Cloudy,0,3,False,False,False,False,True,0.2
2026-10-01T02:09:00Z,IL,IL00064IE008500039,38.273,-88.8496,74,Mostly Cloudy,1,7,False,False,False,False,True,0.2
2026-10-01T02:09:00Z,IL,IL00074IW015600009,40.2711,-88.6701,68,Mostly Cloudy,5,7,False,False,False,False,True,0.2
2026-10-01T02:09:00Z,IL,IL00064IW002500011,38.5491,-89.7633,80,Mostly Cloudy,1,9,False,False,False,False,True,0.2
2026-10-01T02:09:00Z,IL,IL00080IW005100013,41.3937,-89.5591,64,Showers And Thunderstorms Likely,73,5,False,False,True,True,True,0.2
2026-10-01T02:09:00Z,IL,IL00074IW020800052,40.1298,-87.7441,70,Mostly Cloudy,3,6,False,False,False,False,True,0.2
2026-10-01T02:09:00Z,IL,IL00070IW002700015,38.7884,-89.6889,80,Mostly Cloudy,1,8,False,False,False,False,True,0.2
2026-10-01T02:09:00Z,IL,IL00055IS002700019,38.8723,-89.8511,78,Mostly Cloudy,2,9,False,False,False,False,True,0.2
2026-10-01T02:09:00Z,IL,IL00057IS007900047,38.0962,-88.9138,80,Partly Cloudy,1,6,False,False,False,False,True,0.2
2026-10-01T02:09:00Z,IL,IL00074IE002800030,41.2334,-90.333,66,Chance Showers And Thunderstorms,44,5,False,False,True,True,True,0.2
2026-10-01T02:09:00Z,IL,IL00055IS006400017,39.3523,-89.6447,78,Mostly Cloudy,2,6,False,False,False,False,True,0.2
2026-10-01T02:09:00Z,IL,IL00074IE015600037,40.2732,-88.6762,69,Mostly Cloudy,7,7,False,False,False,False,True,0.2
2026-10-01T02:09:00Z,IL,IL00072IW015200014,39.9888,-88.7852,70,Mostly Cloudy,4,7,False,False,False,False,True,0.2
2026-10-01T02:09:00Z,IL,IL00064IW013000053,38.2322,-87.9882,74,Mostly Cloudy,0,6,False,False,False,False,True,0.2
2026-10-01T02:09:00Z,IL,IL00055IS019400021,40.8371,-88.6833,69,Rain Showers Likely,68,5,False,False,True,False,True,0.2
2026-10-01T02:09:00Z,IL,IL00057IS011400023,38.5965,-88.9677,79,Partly Cloudy,1,6,False,False,False,False,True,0.2
2026-10-01T02:09:00Z,IL,IL00039IN008500036,41.7236,-89.0062,66,Rain Showers,85,5,False,False,True,False,True,0.2
2026-10-01T02:09:00Z,IL,IL00080IW011700016,41.4473,-88.3285,66,Rain Showers,83,5,False,False,True,False,True,0.2
2026-10-01T02:09:00Z,IL,IL00074IW002800020,41.2141,-90.3308,66,Chance Showers And Thunderstorms,44,5,False,False,True,True,True,0.2
2026-10-01T02:09:00Z,IL,IL00039IS008500026,41.7285,-89.0105,66,Rain Showers,85,5,False,False,True,False,True,0.2
2026-10-01T02:09:00Z,IL,IL00057IN033300049,41.3892,-87.7729,66,Rain Showers,85,10,False,False,True,False,True,0.2
2026-10-01T02:09:00Z,IL,IL00074IW011400006,40.6111,-89.2323,64,Mostly Cloudy,13,5,False,False,False,False,True,0.2
2026-10-01T02:09:00Z,IL,IL00070IW014900008,39.4228,-87.6617,75,Mostly Cloudy,2,7,False,False,False,False,True,0.2
2026-10-01T02:09:00Z,IL,IL00074IE011400005,40.6125,-89.245,64,Mostly Cloudy,13,5,False,False,False,False,True,0.2
2026-10-01T02:09:00Z,IL,IL00074IW006200004,40.8802,-90.0895,65,Chance Rain Showers,28,2,False,False,True,False,True,0.2
2026-10-01T02:09:00Z,IL,IL00074IE006200001,40.8788,-90.0936,65,Chance Rain Showers,28,2,False,False,True,False,True,0.2
2026-10-01T02:09:00Z,IL,IL00055IS010400024,39.8871,-89.5966,72,Mostly Cloudy,6,6,False,False,False,False,True,0.2
2026-10-01T02:09:00Z,IL,IL00057IS003200025,37.4699,-89.1329,78,Mostly Cloudy,0,3,False,False,False,False,True,0.2
2026-10-01T02:09:00Z,IL,IL00057IN003200035,37.4661,-89.1324,78,Mostly Cloudy,0,3,False,False,False,False,True,0.2
2026-10-01T02:09:00Z,IL,IL00070IW008700045,39.0679,-88.6704,75,Mostly Cloudy,1,6,False,False,False,False,True,0.2
2026-10-01T02:09:00Z,IL,IL00057IS016500018,39.1993,-88.502,76,Mostly Cloudy,1,7,False,False,False,False,True,0.2
2026-10-01T02:09:00Z,IL,IL00057IN016500044,39.1898,-88.5031,75,Mostly Cloudy,2,7,False,False,False,False,True,0.2
2026-10-01T02:09:00Z,IL,IL00072IE015200041,39.9923,-88.7827,70,Mostly Cloudy,4,7,False,False,False,False,True,0.2
2026-10-01T02:09:00Z,IN,322,38.195,-87.8597,77,Partly Cloudy,0,5,False,False,False,False,False,0.0
2026-10-01T02:09:00Z,IN,317,38.5852,-85.7768,73,Mostly Clear,0,2,False,False,False,False,False,0.0
2026-10-01T02:09:00Z,IN,316,38.5859,-85.7809,73,Mostly Clear,0,2,False,False,False,False,False,0.0
2026-10-01T02:09:00Z,IN,315,39.2602,-85.9521,74,Partly Cloudy,1,6,False,False,False,False,False,0.0
2026-10-01T02:09:00Z,IN,314,39.2767,-85.9569,74,Partly Cloudy,1,6,False,False,False,False,False,0.0
2026-10-01T02:09:00Z,IN,313,40.1578,-86.5387,74,Mostly Cloudy,2,8,False,False,False,False,False,0.0
2026-10-01T02:09:00Z,IN,312,40.1722,-86.5522,69,Mostly Cloudy,2,5,False,False,False,False,False,0.0
2026-10-01T02:09:00Z,IN,311,40.6992,-87.0628,68,Chance Rain Showers,47,5,False,False,True,False,False,0.05
2026-10-01T02:09:00Z,IN,310,40.6984,-87.0646,68,Chance Rain Showers,47,5,False,False,True,False,False,0.05
2026-10-01T02:09:00Z,IN,308,41.1653,-87.271,67,Rain Showers,85,5,False,False,True,False,False,0.05
2026-10-01T02:09:00Z,IN,309,41.1666,-87.2749,67,Rain Showers,85,5,False,False,True,False,False,0.05
2026-10-01T02:09:00Z,IN,318,40.3543,-85.5576,69,Mostly Cloudy,3,2,False,False,False,False,False,0.0
2026-10-01T02:09:00Z,IN,319,40.3569,-85.56,69,Mostly Cloudy,3,7,False,False,False,False,False,0.0
2026-10-01T02:09:00Z,IN,320,41.2963,-85.0863,66,Rain Showers Likely,62,5,False,False,True,False,False,0.05
2026-10-01T02:09:00Z,IN,321,41.5803,-85.0597,64,Rain Showers Likely,68,5,False,False,True,False,False,0.05
2026-10-01T02:09:00Z,IN,300,39.4417,-87.5002,75,Mostly Cloudy,1,7,False,False,False,False,False,0.0
2026-10-01T02:09:00Z,IN,302,39.6517,-86.3967,75,Partly Cloudy,1,7,False,False,False,False,False,0.0
2026-10-01T02:09:00Z,IN,301,39.6541,-86.4005,75,Partly Cloudy,1,7,False,False,False,False,False,0.0
2026-10-01T02:09:00Z,IN,303,39.8243,-85.7039,73,Mostly Cloudy,1,7,False,False,False,False,False,0.0
2026-10-01T02:09:00Z,IN,304,39.8266,-85.704,73,Mostly Cloudy,1,7,False,False,False,False,False,0.0
2026-10-01T02:09:00Z,IN,305,39.8605,-85.0259,69,Mostly Cloudy,2,5,False,False,False,False,False,0.0
2026-10-01T02:09:00Z,IN,323,39.29,-85.1688,68,Partly Cloudy,1,2,False,False,False,False,False,0.0
2026-10-01T02:09:00Z,IN,702,41.7472,-85.3285,64,Rain Showers,75,10,False,False,True,False,False,0.05
2026-10-01T02:09:00Z,IN,701,41.5889,-87.2173,65,Rain Showers,85,10,False,False,True,False,False,0.05
2026-10-01T02:09:00Z,IN,704,41.7058,-86.6212,63,Rain Showers,75,10,False,False,True,False,False,0.05
2026-10-01T02:09:00Z,IN,703,41.7071,-86.6235,63,Rain Showers,75,10,False,False,True,False,False,0.05
2026-10-01T02:09:00Z,IN,705,41.733,-86.0057,64,Rain Showers,75,10,False,False,True,False,False,0.05
2026-10-01T02:09:00Z,IN,708,41.7472,-85.3285,64,Rain Showers,75,10,False,False,True,False,False,0.05
2026-10-01T02:09:00Z,IN,707,41.7453,-85.3287,64,Rain Showers,75,10,False,False,True,False,False,0.05
2026-10-01T02:09:00Z,IN,324,41.7353,-86.7933,63,Rain Showers Likely,68,5,False,False,True,False,False,0.05
2026-10-01T02:09:00Z,KY,KY00065IS0000020N65WELCOM,36.6434,-86.5687,73,Mostly Clear,0,5,False,False,False,False,False,0.0
2026-10-01T02:09:00Z,KY,KY00065IS000020NSMARATHON,36.6612,-86.5553,74,Mostly Clear,0,5,False,False,False,False,False,0.0
2026-10-01T02:09:00Z,KY,KY00065IS0000340NWEIGHS34,36.6868,-86.5379,72,Mostly Clear,0,5,False,False,False,False,False,0.0
2026-10-01T02:09:00Z,KY,KY00065IS0011400S65SRA114,37.9464,-85.6905,74,Mostly Clear,0,3,False,False,False,False,False,0.0
2026-10-01T02:09:00Z,KY,KY00065IS0005900S65SRA059,37.239,-85.9297,73,Mostly Clear,0,1,False,False,False,False,False,0.0
2026-10-01T02:09:00Z,KY,KY00065IS0005900N65NRA059,37.2384,-85.9271,73,Mostly Clear,0,1,False,False,False,False,False,0.0
2026-10-01T02:09:00Z,KY,KY00075IS0003300NWEIGHS33,37.0422,-84.0968,70,Mostly Clear,0,5,False,False,False,False,False,0.0
2026-10-01T02:09:00Z,KY,KY00075IS0003400SWEIGHS34,37.048,-84.0997,66,Mostly Clear,0,3,False,False,False,False,False,0.0
2026-10-01T02:09:00Z,KY,KY00075IS0017700N75NRA177,38.937,-84.6309,72,Mostly Clear,1,3,False,False,False,False,False,0.0
2026-10-01T02:09:00Z,KY,KY00075IS0007500SWALTONWS,38.8653,-84.6476,70,Partly Cloudy,0,5,False,False,False,False,False,0.0
2026-10-01T02:09:00Z,KY,KY00075IS0017700S75SRA177,38.9388,-84.6339,72,Mostly Clear,1,3,False,False,False,False,False,0.0
2026-10-01T02:09:00Z,KY,KY00075IS0016800SCRITENWS,38.8196,-84.6015,72,Mostly Clear,1,3,False,False,False,False,False,0.0
2026-10-01T02:09:00Z,KY,KY00075IS0000100N75WELCOM,36.6162,-84.1054,66,Mostly Clear,0,3,False,False,False,False,False,0.0
2026-10-01T02:24:00Z,IL,IL00055IN010400050,39.8627,-89.5948,72,Mostly Cloudy,8,6,False,False,False,False,True,0.2
2026-10-01T02:24:00Z,IL,IL00057IN007900034,38.0297,-88.9203,76,Mostly Cloudy,0,6,False,False,False,False,True,0.2
2026-10-01T02:24:00Z,IL,IL00055IN014900028,40.3599,-89.1099,66,Mostly Cloudy,9,7,False,False,False,False,True,0.2
2026-10-01T02:24:00Z,IL,IL00055IN019400031,40.8234,-88.6875,68,Rain Showers Likely,60,5,False,False,True,False,True,0.2
2026-10-01T02:24:00Z,IL,IL00057IN011400033,38.5963,-88.9638,77,Mostly Cloudy,1,6,False,False,False,False,True,0.2
2026-10-01T02:24:00Z,IL,IL00064IE002500038,38.5481,-89.7731,78,Mostly Cloudy,1,8,False,False,False,False,True,0.2
2026-10-01T02:24:00Z,IL,IL00055IN002700029,38.8649,-89.8532,78,Mostly Cloudy,2,9,False,False,False,False,True,0.2
2026-10-01T02:24:00Z,IL,IL00057IN022200048,39.9218,-88.299,71,Mostly Cloudy,3,7,False,False,False,False,True,0.2
2026-10-01T02:24:00Z,IL,IL00057IS033300046,41.3918,-87.7749,66,Rain Showers,83,5,False,False,True,False,True,0.2
2026-10-01T02:24:00Z,IL,IL00080IE011700043,41.4314,-88.3454,66,Rain Showers,83,5,False,False,True,False,True,0.2
2026-10-01T02:24:00Z,IL,IL00057IS022200054,39.9314,-88.3043,71,Mostly Cloudy,3,7,False,False,False,False,True,0.2
2026-10-01T02:24:00Z,IL,IL00057IS026800022,40.5613,-88.0615,70,Rain Showers Likely,57,5,False,False,True,False,True,0.2
2026-10-01T02:24:00Z,IL,IL00055IN006400027,39.3465,-89.6408,75,Mostly Cloudy,3,7,False,False,False,False,True,0.2
2026-10-01T02:24:00Z,IL,IL00057IN026800032,40.5505,-88.0605,70,Rain Showers Likely,57,5,False,False,True,False,True,0.2
2026-10-01T02:24:00Z,IL,IL00080IE005100040,41.3938,-89.5665,64,Showers And Thunderstorms Likely,73,5,False,False,True,True,True,0.2
2026-10-01T02:24:00Z,IL,IL00064IW008500012,38.2766,-88.8012,79,Partly Cloudy,1,7,False,False,False,False,True,0.2
2026-10-01T02:24:00Z,IL,IL00070IE008600051,39.0651,-88.6745,75,Mostly Cloudy,1,6,False,False,False,False,True,0.2
2026-10-01T02:24:00Z,IL,IL00070IE002700042,38.7849,-89.7023,81,Mostly Cloudy,1,9,False,False,False,False,True,0.2
2026-10-01T02:24:00Z,IL,IL00024IW003700010,37.1593,-88.6798,78,Partly Cloudy,0,3,False,False,False,False,True,0.2
2026-10-01T02:24:00Z,IL,IL00064IE008500039,38.273,-88.8496,74,Mostly Cloudy,1,7,False,False,False,False,True,0.2
2026-10-01T02:24:00Z,IL,IL00074IW015600009,40.2711,-88.6701,68,Mostly Cloudy,5,7,False,False,False,False,True,0.2
2026-10-01T02:24:00Z,IL,IL00064IW002500011,38.5491,-89.7633,80,Mostly Cloudy,1,9,False,False,False,False,True,0.2
2026-10-01T02:24:00Z,IL,IL00080IW005100013,41.3937,-89.5591,64,Showers And Thunderstorms Likely,73,5,False,False,True,True,True,0.2
2026-10-01T02:24:00Z,IL,IL00074IW020800052,40.1298,-87.7441,70,Mostly Cloudy,3,6,False,False,False,False,True,0.2
2026-10-01T02:24:00Z,IL,IL00070IW002700015,38.7884,-89.6889,80,Mostly Cloudy,1,8,False,False,False,False,True,0.2
2026-10-01T02:24:00Z,IL,IL00055IS002700019,38.8723,-89.8511,78,Mostly Cloudy,2,9,False,False,False,False,True,0.2
2026-10-01T02:24:00Z,IL,IL00057IS007900047,38.0962,-88.9138,77,Mostly Cloudy,1,7,False,False,False,False,True,0.2
2026-10-01T02:24:00Z,IL,IL00074IE002800030,41.2334,-90.333,66,Chance Showers And Thunderstorms,44,5,False,False,True,True,True,0.2
2026-10-01T02:24:00Z,IL,IL00055IS006400017,39.3523,-89.6447,75,Mostly Cloudy,3,7,False,False,False,False,True,0.2
2026-10-01T02:24:00Z,IL,IL00074IE015600037,40.2732,-88.6762,69,Mostly Cloudy,7,7,False,False,False,False,True,0.2
2026-10-01T02:24:00Z,IL,IL00072IW015200014,39.9888,-88.7852,70,Mostly Cloudy,4,7,False,False,False,False,True,0.2
2026-10-01T02:24:00Z,IL,IL00064IW013000053,38.2322,-87.9882,74,Mostly Cloudy,0,6,False,False,False,False,True,0.2
2026-10-01T02:24:00Z,IL,IL00055IS019400021,40.8371,-88.6833,69,Rain Showers Likely,68,5,False,False,True,False,True,0.2
2026-10-01T02:24:00Z,IL,IL00057IS011400023,38.5965,-88.9677,77,Mostly Cloudy,1,6,False,False,False,False,True,0.2
2026-10-01T02:24:00Z,IL,IL00039IN008500036,41.7236,-89.0062,66,Rain Showers,85,5,False,False,True,False,True,0.2
2026-10-01T02:24:00Z,IL,IL00080IW011700016,41.4473,-88.3285,66,Rain Showers,83,5,False,False,True,False,True,0.2
2026-10-01T02:24:00Z,IL,IL00074IW002800020,41.2141,-90.3308,66,Chance Showers And Thunderstorms,44,5,False,False,True,True,True,0.2
2026-10-01T02:24:00Z,IL,IL00039IS008500026,41.7285,-89.0105,66,Rain Showers,85,5,False,False,True,False,True,0.2
2026-10-01T02:24:00Z,IL,IL00057IN033300049,41.3892,-87.7729,66,Rain Showers,85,10,False,False,True,False,True,0.2
2026-10-01T02:24:00Z,IL,IL00074IW011400006,40.6111,-89.2323,64,Mostly Cloudy,13,5,False,False,False,False,True,0.2
2026-10-01T02:24:00Z,IL,IL00070IW014900008,39.4228,-87.6617,75,Mostly Cloudy,2,7,False,False,False,False,True,0.2
2026-10-01T02:24:00Z,IL,IL00074IE011400005,40.6125,-89.245,64,Mostly Cloudy,13,5,False,False,False,False,True,0.2
2026-10-01T02:24:00Z,IL,IL00074IW006200004,40.8802,-90.0895,65,Chance Rain Showers,28,2,False,False,True,False,True,0.2
2026-10-01T02:24:00Z,IL,IL00074IE006200001,40.8788,-90.0936,65,Chance Rain Showers,28,2,False,False,True,False,True,0.2
2026-10-01T02:24:00Z,IL,IL00055IS010400024,39.8871,-89.5966,72,Mostly Cloudy,6,6,False,False,False,False,True,0.2
2026-10-01T02:24:00Z,IL,IL00057IS003200025,37.4699,-89.1329,78,Mostly Cloudy,0,3,False,False,False,False,True,0.2
2026-10-01T02:24:00Z,IL,IL00057IN003200035,37.4661,-89.1324,78,Mostly Cloudy,0,3,False,False,False,False,True,0.2
2026-10-01T02:24:00Z,IL,IL00070IW008700045,39.0679,-88.6704,75,Mostly Cloudy,1,6,False,False,False,False,True,0.2
2026-10-01T02:24:00Z,IL,IL00057IS016500018,39.1993,-88.502,76,Mostly Cloudy,1,7,False,False,False,False,True,0.2
2026-10-01T02:24:00Z,IL,IL00057IN016500044,39.1898,-88.5031,75,Mostly Cloudy,2,7,False,False,False,False,True,0.2
2026-10-01T02:24:00Z,IL,IL00072IE015200041,39.9923,-88.7827,70,Mostly Cloudy,4,7,False,False,False,False,True,0.2
2026-10-01T02:24:00Z,IN,322,38.195,-87.8597,77,Partly Cloudy,0,5,False,False,False,False,False,0.0
2026-10-01T02:24:00Z,IN,317,38.5852,-85.7768,73,Mostly Clear,0,2,False,False,False,False,False,0.0
2026-10-01T02:24:00Z,IN,316,38.5859,-85.7809,73,Mostly Clear,0,2,False,False,False,False,False,0.0
2026-10-01T02:24:00Z,IN,315,39.2602,-85.9521,74,Partly Cloudy,1,6,False,False,False,False,False,0.0
2026-10-01T02:24:00Z,IN,314,39.2767,-85.9569,74,Partly Cloudy,1,6,False,False,False,False,False,0.0
2026-10-01T02:24:00Z,IN,313,40.1578,-86.5387,69,Mostly Cloudy,2,3,False,False,False,False,False,0.0
2026-10-01T02:24:00Z,IN,312,40.1722,-86.5522,69,Mostly Cloudy,2,5,False,False,False,False,False,0.0
2026-10-01T02:24:00Z,IN,311,40.6992,-87.0628,68,Chance Rain Showers,47,5,False,False,True,False,False,0.05
2026-10-01T02:24:00Z,IN,310,40.6984,-87.0646,68,Chance Rain Showers,47,5,False,False,True,False,False,0.05
2026-10-01T02:24:00Z,IN,308,41.1653,-87.271,67,Rain Showers,85,5,False,False,True,False,False,0.05
2026-10-01T02:24:00Z,IN,309,41.1666,-87.2749,67,Rain Showers,85,5,False,False,True,False,False,0.05
2026-10-01T02:24:00Z,IN,318,40.3543,-85.5576,69,Mostly Cloudy,3,2,False,False,False,False,False,0.0
2026-10-01T02:24:00Z,IN,319,40.3569,-85.56,69,Mostly Cloudy,3,2,False,False,False,False,False,0.0
2026-10-01T02:24:00Z,IN,320,41.2963,-85.0863,65,Rain Showers Likely,60,5,False,False,True,False,False,0.05
2026-10-01T02:24:00Z,IN,321,41.5803,-85.0597,64,Rain Showers Likely,68,5,False,False,True,False,False,0.05
2026-10-01T02:24:00Z,IN,300,39.4417,-87.5002,75,Mostly Cloudy,1,7,False,False,False,False,False,0.0
2026-10-01T02:24:00Z,IN,302,39.6517,-86.3967,75,Partly Cloudy,1,7,False,False,False,False,False,0.0
2026-10-01T02:24:00Z,IN,301,39.6541,-86.4005,75,Partly Cloudy,1,7,False,False,False,False,False,0.0
2026-10-01T02:24:00Z,IN,303,39.8243,-85.7039,73,Mostly Cloudy,1,7,False,False,False,False,False,0.0
2026-10-01T02:24:00Z,IN,304,39.8266,-85.704,73,Mostly Cloudy,1,7,False,False,False,False,False,0.0
2026-10-01T02:24:00Z,IN,305,39.8605,-85.0259,69,Mostly Cloudy,2,5,False,False,False,False,False,0.0
2026-10-01T02:24:00Z,IN,323,39.29,-85.1688,68,Partly Cloudy,1,2,False,False,False,False,False,0.0
2026-10-01T02:24:00Z,IN,702,41.7472,-85.3285,64,Rain Showers,75,10,False,False,True,False,False,0.05
2026-10-01T02:24:00Z,IN,701,41.5889,-87.2173,65,Rain Showers,85,10,False,False,True,False,False,0.05
2026-10-01T02:24:00Z,IN,704,41.7058,-86.6212,63,Rain Showers,75,10,False,False,True,False,False,0.05
2026-10-01T02:24:00Z,IN,703,41.7071,-86.6235,63,Rain Showers,75,10,False,False,True,False,False,0.05
2026-10-01T02:24:00Z,IN,705,41.733,-86.0057,64,Rain Showers,75,10,False,False,True,False,False,0.05
2026-10-01T02:24:00Z,IN,708,41.7472,-85.3285,64,Rain Showers,75,10,False,False,True,False,False,0.05
2026-10-01T02:24:00Z,IN,707,41.7453,-85.3287,64,Rain Showers,75,10,False,False,True,False,False,0.05
2026-10-01T02:24:00Z,IN,324,41.7353,-86.7933,63,Rain Showers Likely,68,5,False,False,True,False,False,0.05
2026-10-01T02:24:00Z,KY,KY00065IS0000020N65WELCOM,36.6434,-86.5687,73,Mostly Clear,0,5,False,False,False,False,False,0.0
2026-10-01T02:24:00Z,KY,KY00065IS000020NSMARATHON,36.6612,-86.5553,74,Mostly Clear,0,5,False,False,False,False,False,0.0
2026-10-01T02:24:00Z,KY,KY00065IS0000340NWEIGHS34,36.6868,-86.5379,72,Mostly Clear,0,5,False,False,False,False,False,0.0
2026-10-01T02:24:00Z,KY,KY00065IS0011400S65SRA114,37.9464,-85.6905,74,Mostly Clear,0,3,False,False,False,False,False,0.0
2026-10-01T02:24:00Z,KY,KY00065IS0005900S65SRA059,37.239,-85.9297,73,Mostly Clear,0,1,False,False,False,False,False,0.0
2026-10-01T02:24:00Z,KY,KY00065IS0005900N65NRA059,37.2384,-85.9271,73,Mostly Clear,0,1,False,False,False,False,False,0.0
2026-10-01T02:24:00Z,KY,KY00075IS0003300NWEIGHS33,37.0422,-84.0968,70,Mostly Clear,0,5,False,False,False,False,False,0.0
2026-10-01T02:24:00Z,KY,KY00075IS0003400SWEIGHS34,37.048,-84.0997,66,Mostly Clear,0,3,False,False,False,False,False,0.0
2026-10-01T02:24:00Z,KY,KY00075IS0017700N75NRA177,38.937,-84.6309,72,Mostly Clear,1,3,False,False,False,False,False,0.0
2026-10-01T02:24:00Z,KY,KY00075IS0007500SWALTONWS,38.8653,-84.6476,70,Partly Cloudy,0,5,False,False,False,False,False,0.0
2026-10-01T02:24:00Z,KY,KY00075IS0017700S75SRA177,38.9388,-84.6339,72,Mostly Clear,1,3,False,False,False,False,False,0.0
2026-10-01T02:24:00Z,KY,KY00075IS0016800SCRITENWS,38.8196,-84.6015,72,Mostly Clear,1,3,False,False,False,False,False,0.0
2026-10-01T02:24:00Z,KY,KY00075IS0000100N75WELCOM,36.6162,-84.1054,66,Mostly Clear,0,3,False,False,False,False,False,0.0
2026-10-01T02:39:01Z,IL,IL00055IN010400050,39.8627,-89.5948,72,Mostly Cloudy,8,6,False,False,False,False,True,0.2
2026-10-01T02:39:01Z,IL,IL00057IN007900034,38.0297,-88.9203,76,Mostly Cloudy,0,6,False,False,False,False,True,0.2
2026-10-01T02:39:01Z,IL,IL00055IN014900028,40.3599,-89.1099,66,Mostly Cloudy,9,7,False,False,False,False,True,0.2
2026-10-01T02:39:01Z,IL,IL00055IN019400031,40.8234,-88.6875,68,Rain Showers Likely,60,5,False,False,True,False,True,0.2
2026-10-01T02:39:01Z,IL,IL00057IN011400033,38.5963,-88.9638,77,Mostly Cloudy,1,6,False,False,False,False,True,0.2
2026-10-01T02:39:01Z,IL,IL00064IE002500038,38.5481,-89.7731,78,Mostly Cloudy,1,8,False,False,False,False,True,0.2
2026-10-01T02:39:01Z,IL,IL00055IN002700029,38.8649,-89.8532,77,Mostly Cloudy,2,8,False,False,False,False,True,0.2
2026-10-01T02:39:01Z,IL,IL00057IN022200048,39.9218,-88.299,69,Mostly Cloudy,2,7,False,False,False,False,True,0.2
2026-10-01T02:39:01Z,IL,IL00057IS033300046,41.3918,-87.7749,66,Rain Showers,83,5,False,False,True,False,True,0.2
2026-10-01T02:39:01Z,IL,IL00080IE011700043,41.4314,-88.3454,66,Rain Showers,83,5,False,False,True,False,True,0.2
2026-10-01T02:39:01Z,IL,IL00057IS022200054,39.9314,-88.3043,69,Mostly Cloudy,2,7,False,False,False,False,True,0.2
2026-10-01T02:39:01Z,IL,IL00057IS026800022,40.5613,-88.0615,70,Rain Showers Likely,57,5,False,False,True,False,True,0.2
2026-10-01T02:39:01Z,IL,IL00055IN006400027,39.3465,-89.6408,75,Mostly Cloudy,3,7,False,False,False,False,True,0.2
2026-10-01T02:39:01Z,IL,IL00057IN026800032,40.5505,-88.0605,70,Rain Showers Likely,57,5,False,False,True,False,True,0.2
2026-10-01T02:39:01Z,IL,IL00080IE005100040,41.3938,-89.5665,64,Showers And Thunderstorms Likely,56,5,False,False,True,True,True,0.2
2026-10-01T02:39:01Z,IL,IL00064IW008500012,38.2766,-88.8012,74,Mostly Cloudy,1,6,False,False,False,False,True,0.2
2026-10-01T02:39:01Z,IL,IL00070IE008600051,39.0651,-88.6745,73,Mostly Cloudy,1,7,False,False,False,False,True,0.2
2026-10-01T02:39:01Z,IL,IL00070IE002700042,38.7849,-89.7023,78,Mostly Cloudy,1,8,False,False,False,False,True,0.2
2026-10-01T02:39:01Z,IL,IL00024IW003700010,37.1593,-88.6798,73,Mostly Cloudy,0,5,False,False,False,False,True,0.2
2026-10-01T02:39:01Z,IL,IL00064IE008500039,38.273,-88.8496,74,Mostly Cloudy,1,7,False,False,False,False,True,0.2
2026-10-01T02:39:01Z,IL,IL00074IW015600009,40.2711,-88.6701,68,Mostly Cloudy,5,7,False,False,False,False,True,0.2
2026-10-01T02:39:01Z,IL,IL00064IW002500011,38.5491,-89.7633,78,Mostly Cloudy,1,8,False,False,False,False,True,0.2
2026-10-01T02:39:01Z,IL,IL00080IW005100013,41.3937,-89.5591,64,Showers And Thunderstorms Likely,56,5,False,False,True,True,True,0.2
2026-10-01T02:39:01Z,IL,IL00074IW020800052,40.1298,-87.7441,68,Mostly Cloudy,2,6,False,False,False,False,True,0.2
2026-10-01T02:39:01Z,IL,IL00070IW002700015,38.7884,-89.6889,77,Mostly Cloudy,1,8,False,False,False,False,True,0.2
2026-10-01T02:39:01Z,IL,IL00055IS002700019,38.8723,-89.8511,77,Mostly Cloudy,2,8,False,False,False,False,True,0.2
2026-10-01T02:39:01Z,IL,IL00057IS007900047,38.0962,-88.9138,77,Mostly Cloudy,1,7,False,False,False,False,True,0.2
2026-10-01T02:39:01Z,IL,IL00074IE002800030,41.2334,-90.333,66,Chance Showers And Thunderstorms,44,5,False,False,True,True,True,0.2
2026-10-01T02:39:01Z,IL,IL00055IS006400017,39.3523,-89.6447,75,Mostly Cloudy,3,7,False,False,False,False,True,0.2
2026-10-01T02:39:01Z,IL,IL00074IE015600037,40.2732,-88.6762,68,Mostly Cloudy,5,7,False,False,False,False,True,0.2
2026-10-01T02:39:01Z,IL,IL00072IW015200014,39.9888,-88.7852,70,Mostly Cloudy,4,7,False,False,False,False,True,0.2
2026-10-01T02:39:01Z,IL,IL00064IW013000053,38.2322,-87.9882,74,Mostly Cloudy,0,6,False,False,False,False,True,0.2
2026-10-01T02:39:01Z,IL,IL00055IS019400021,40.8371,-88.6833,68,Rain Showers Likely,61,5,False,False,True,False,True,0.2
2026-10-01T02:39:01Z,IL,IL00057IS011400023,38.5965,-88.9677,77,Mostly Cloudy,1,6,False,False,False,False,True,0.2
2026-10-01T02:39:01Z,IL,IL00039IN008500036,41.7236,-89.0062,65,Rain Showers,83,5,False,False,True,False,True,0.2
2026-10-01T02:39:01Z,IL,IL00080IW011700016,41.4473,-88.3285,66,Rain Showers,83,5,False,False,True,False,True,0.2
2026-10-01T02:39:01Z,IL,IL00074IW002800020,41.2141,-90.3308,66,Chance Showers And Thunderstorms,44,5,False,False,True,True,True,0.2
2026-10-01T02:39:01Z,IL,IL00039IS008500026,41.7285,-89.0105,65,Rain Showers,83,5,False,False,True,False,True,0.2
2026-10-01T02:39:01Z,IL,IL00057IN033300049,41.3892,-87.7729,66,Rain Showers,83,5,False,False,True,False,True,0.2
2026-10-01T02:39:01Z,IL,IL00074IW011400006,40.6111,-89.2323,64,Mostly Cloudy,13,5,False,False,False,False,True,0.2
2026-10-01T02:39:01Z,IL,IL00070IW014900008,39.4228,-87.6617,74,Mostly Cloudy,2,7,False,False,False,False,True,0.2
2026-10-01T02:39:01Z,IL,IL00074IE011400005,40.6125,-89.245,64,Mostly Cloudy,13,5,False,False,False,False,True,0.2
2026-10-01T02:39:01Z,IL,IL00074IW006200004,40.8802,-90.0895,65,Chance Rain Showers,28,2,False,False,True,False,True,0.2
2026-10-01T02:39:01Z,IL,IL00074IE006200001,40.8788,-90.0936,65,Chance Rain Showers,28,2,False,False,True,False,True,0.2
2026-10-01T02:39:01Z,IL,IL00055IS010400024,39.8871,-89.5966,72,Mostly Cloudy,8,6,False,False,False,False,True,0.2
2026-10-01T02:39:01Z,IL,IL00057IS003200025,37.4699,-89.1329,74,Mostly Cloudy,0,3,False,False,False,False,True,0.2
2026-10-01T02:39:01Z,IL,IL00057IN003200035,37.4661,-89.1324,74,Mostly Cloudy,0,3,False,False,False,False,True,0.2
2026-10-01T02:39:01Z,IL,IL00070IW008700045,39.0679,-88.6704,73,Mostly Cloudy,1,7,False,False,False,False,True,0.2
2026-10-01T02:39:01Z,IL,IL00057IS016500018,39.1993,-88.502,74,Mostly Cloudy,2,8,False,False,False,False,True,0.2
2026-10-01T02:39:01Z,IL,IL00057IN016500044,39.1898,-88.5031,75,Mostly Cloudy,2,7,False,False,False,False,True,0.2
2026-10-01T02:39:01Z,IL,IL00072IE015200041,39.9923,-88.7827,70,Mostly Cloudy,4,7,False,False,False,False,True,0.2
2026-10-01T02:39:01Z,IN,322,38.195,-87.8597,74,Mostly Cloudy,0,6,False,False,False,False,False,0.0
2026-10-01T02:39:01Z,IN,317,38.5852,-85.7768,70,Mostly Clear,0,5,False,False,False,False,False,0.0
2026-10-01T02:39:01Z,IN,316,38.5859,-85.7809,70,Mostly Clear,0,5,False,False,False,False,False,0.0
2026-10-01T02:39:01Z,IN,315,39.2602,-85.9521,69,Partly Cloudy,1,1,False,False,False,False,False,0.0
2026-10-01T02:39:01Z,IN,314,39.2767,-85.9569,69,Partly Cloudy,1,2,False,False,False,False,False,0.0
2026-10-01T02:39:01Z,IN,313,40.1578,-86.5387,69,Mostly Cloudy,2,3,False,False,False,False,False,0.0
2026-10-01T02:39:01Z,IN,312,40.1722,-86.5522,69,Mostly Cloudy,2,5,False,False,False,False,False,0.0
2026-10-01T02:39:01Z,IN,311,40.6992,-87.0628,68,Chance Rain Showers,43,5,False,False,True,False,False,0.05
2026-10-01T02:39:01Z,IN,310,40.6984,-87.0646,68,Chance Rain Showers,43,5,False,False,True,False,False,0.05
2026-10-01T02:39:01Z,IN,308,41.1653,-87.271,66,Rain Showers,81,5,False,False,True,False,False,0.05
2026-10-01T02:39:01Z,IN,309,41.1666,-87.2749,66,Rain Showers,81,5,False,False,True,False,False,0.05
2026-10-01T02:39:01Z,IN,318,40.3543,-85.5576,69,Mostly Cloudy,3,2,False,False,False,False,False,0.0
2026-10-01T02:39:01Z,IN,319,40.3569,-85.56,69,Mostly Cloudy,3,2,False,False,False,False,False,0.0
2026-10-01T02:39:01Z,IN,320,41.2963,-85.0863,65,Rain Showers Likely,60,5,False,False,True,False,False,0.05
2026-10-01T02:39:01Z,IN,321,41.5803,-85.0597,64,Rain Showers Likely,68,5,False,False,True,False,False,0.05
2026-10-01T02:39:01Z,IN,300,39.4417,-87.5002,72,Mostly Cloudy,1,5,False,False,False,False,False,0.0
2026-10-01T02:39:01Z,IN,302,39.6517,-86.3967,70,Partly Cloudy,1,3,False,False,False,False,False,0.0
2026-10-01T02:39:01Z,IN,301,39.6541,-86.4005,70,Partly Cloudy,1,3,False,False,False,False,False,0.0
2026-10-01T02:39:01Z,IN,303,39.8243,-85.7039,69,Mostly Cloudy,1,2,False,False,False,False,False,0.0
2026-10-01T02:39:01Z,IN,304,39.8266,-85.704,69,Mostly Cloudy,1,2,False,False,False,False,False,0.0
2026-10-01T02:39:01Z,IN,305,39.8605,-85.0259,69,Mostly Cloudy,2,5,False,False,False,False,False,0.0
2026-10-01T02:39:01Z,IN,323,39.29,-85.1688,68,Partly Cloudy,1,2,False,False,False,False,False,0.0
2026-10-01T02:39:01Z,IN,702,41.7472,-85.3285,64,Rain Showers Likely,69,5,False,False,True,False,False,0.05
2026-10-01T02:39:01Z,IN,701,41.5889,-87.2173,65,Rain Showers,83,10,False,False,True,False,False,0.05
2026-10-01T02:39:01Z,IN,704,41.7058,-86.6212,63,Rain Showers Likely,68,10,False,False,True,False,False,0.05
2026-10-01T02:39:01Z,IN,703,41.7071,-86.6235,63,Rain Showers Likely,68,10,False,False,True,False,False,0.05
2026-10-01T02:39:01Z,IN,705,41.733,-86.0057,63,Rain Showers Likely,69,5,False,False,True,False,False,0.05
2026-10-01T02:39:01Z,IN,708,41.7472,-85.3285,64,Rain Showers Likely,69,5,False,False,True,False,False,0.05
2026-10-01T02:39:01Z,IN,707,41.7453,-85.3287,64,Rain Showers Likely,69,5,False,False,True,False,False,0.05
2026-10-01T02:39:01Z,IN,324,41.7353,-86.7933,63,Rain Showers Likely,68,5,False,False,True,False,False,0.05
2026-10-01T02:39:01Z,KY,KY00065IS0000020N65WELCOM,36.6434,-86.5687,71,Mostly Clear,0,5,False,False,False,False,False,0.0
2026-10-01T02:39:01Z,KY,KY00065IS000020NSMARATHON,36.6612,-86.5553,72,Mostly Clear,0,6,False,False,False,False,False,0.0
2026-10-01T02:39:01Z,KY,KY00065IS0000340NWEIGHS34,36.6868,-86.5379,72,Mostly Clear,0,6,False,False,False,False,False,0.0
2026-10-01T02:39:01Z,KY,KY00065IS0011400S65SRA114,37.9464,-85.6905,71,Mostly Clear,0,5,False,False,False,False,False,0.0
2026-10-01T02:39:01Z,KY,KY00065IS0005900S65SRA059,37.239,-85.9297,70,Mostly Clear,0,3,False,False,False,False,False,0.0
2026-10-01T02:39:01Z,KY,KY00065IS0005900N65NRA059,37.2384,-85.9271,70,Mostly Clear,0,3,False,False,False,False,False,0.0
2026-10-01T02:39:01Z,KY,KY00075IS0003300NWEIGHS33,37.0422,-84.0968,66,Mostly Clear,0,3,False,False,False,False,False,0.0
2026-10-01T02:39:01Z,KY,KY00075IS0003400SWEIGHS34,37.048,-84.0997,66,Mostly Clear,0,3,False,False,False,False,False,0.0
2026-10-01T02:39:01Z,KY,KY00075IS0017700N75NRA177,38.937,-84.6309,70,Partly Cloudy,0,5,False,False,False,False,False,0.0
2026-10-01T02:39:01Z,KY,KY00075IS0007500SWALTONWS,38.8653,-84.6476,70,Partly Cloudy,0,5,False,False,False,False,False,0.0
2026-10-01T02:39:01Z,KY,KY00075IS0017700S75SRA177,38.9388,-84.6339,70,Partly Cloudy,0,5,False,False,False,False,False,0.0
2026-10-01T02:39:01Z,KY,KY00075IS0016800SCRITENWS,38.8196,-84.6015,70,Partly Cloudy,0,5,False,False,False,False,False,0.0
2026-10-01T02:39:01Z,KY,KY00075IS0000100N75WELCOM,36.6162,-84.1054,66,Mostly Clear,0,3,False,False,False,False,False,0.0
2026-10-01T02:54:00Z,IL,IL00055IN010400050,39.8627,-89.5948,72,Mostly Cloudy,8,6,False,False,False,False,True,0.2
2026-10-01T02:54:00Z,IL,IL00057IN007900034,38.0297,-88.9203,76,Mostly Cloudy,0,6,False,False,False,False,True,0.2
2026-10-01T02:54:00Z,IL,IL00055IN014900028,40.3599,-89.1099,66,Mostly Cloudy,9,7,False,False,False,False,True,0.2
2026-10-01T02:54:00Z,IL,IL00055IN019400031,40.8234,-88.6875,68,Rain Showers Likely,60,5,False,False,True,False,True,0.2
2026-10-01T02:54:00Z,IL,IL00057IN011400033,38.5963,-88.9638,77,Mostly Cloudy,1,6,False,False,False,False,True,0.2
2026-10-01T02:54:00Z,IL,IL00064IE002500038,38.5481,-89.7731,78,Mostly Cloudy,1,8,False,False,False,False,True,0.2
2026-10-01T02:54:00Z,IL,IL00055IN002700029,38.8649,-89.8532,77,Mostly Cloudy,2,8,False,False,False,False,True,0.2
2026-10-01T02:54:00Z,IL,IL00057IN022200048,39.9218,-88.299,69,Mostly Cloudy,2,7,False,False,False,False,True,0.2
2026-10-01T02:54:00Z,IL,IL00057IS033300046,41.3918,-87.7749,66,Rain Showers,83,5,False,False,True,False,True,0.2
2026-10-01T02:54:00Z,IL,IL00080IE011700043,41.4314,-88.3454,66,Rain Showers,83,5,False,False,True,False,True,0.2
2026-10-01T02:54:00Z,IL,IL00057IS022200054,39.9314,-88.3043,69,Mostly Cloudy,2,7,False,False,False,False,True,0.2
2026-10-01T02:54:00Z,IL,IL00057IS026800022,40.5613,-88.0615,70,Rain Showers Likely,57,5,False,False,True,False,True,0.2
2026-10-01T02:54:00Z,IL,IL00055IN006400027,39.3465,-89.6408,75,Mostly Cloudy,3,7,False,False,False,False,True,0.2
2026-10-01T02:54:00Z,IL,IL00057IN026800032,40.5505,-88.0605,70,Rain Showers Likely,57,5,False,False,True,False,True,0.2
2026-10-01T02:54:00Z,IL,IL00080IE005100040,41.3938,-89.5665,64,Showers And Thunderstorms Likely,56,5,False,False,True,True,True,0.2
2026-10-01T02:54:00Z,IL,IL00064IW008500012,38.2766,-88.8012,74,Mostly Cloudy,1,6,False,False,False,False,True,0.2
2026-10-01T02:54:00Z,IL,IL00070IE008600051,39.0651,-88.6745,74,Mostly Cloudy,1,7,False,False,False,False,True,0.2
2026-10-01T02:54:00Z,IL,IL00070IE002700042,38.7849,-89.7023,78,Mostly Cloudy,1,8,False,False,False,False,True,0.2
2026-10-01T02:54:00Z,IL,IL00024IW003700010,37.1593,-88.6798,73,Mostly Cloudy,0,5,False,False,False,False,True,0.2
2026-10-01T02:54:00Z,IL,IL00064IE008500039,38.273,-88.8496,74,Mostly Cloudy,1,7,False,False,False,False,True,0.2
2026-10-01T02:54:00Z,IL,IL00074IW015600009,40.2711,-88.6701,68,Mostly Cloudy,5,7,False,False,False,False,True,0.2
2026-10-01T02:54:00Z,IL,IL00064IW002500011,38.5491,-89.7633,78,Mostly Cloudy,1,8,False,False,False,False,True,0.2
2026-10-01T02:54:00Z,IL,IL00080IW005100013,41.3937,-89.5591,64,Showers And Thunderstorms Likely,56,5,False,False,True,True,True,0.2
2026-10-01T02:54:00Z,IL,IL00074IW020800052,40.1298,-87.7441,68,Mostly Cloudy,2,6,False,False,False,False,True,0.2
2026-10-01T02:54:00Z,IL,IL00070IW002700015,38.7884,-89.6889,77,Mostly Cloudy,1,8,False,False,False,False,True,0.2
2026-10-01T02:54:00Z,IL,IL00055IS002700019,38.8723,-89.8511,77,Mostly Cloudy,2,8,False,False,False,False,True,0.2
2026-10-01T02:54:00Z,IL,IL00057IS007900047,38.0962,-88.9138,77,Mostly Cloudy,1,7,False,False,False,False,True,0.2
2026-10-01T02:54:00Z,IL,IL00074IE002800030,41.2334,-90.333,66,Chance Showers And Thunderstorms,44,5,False,False,True,True,True,0.2
2026-10-01T02:54:00Z,IL,IL00055IS006400017,39.3523,-89.6447,75,Mostly Cloudy,3,7,False,False,False,False,True,0.2
2026-10-01T02:54:00Z,IL,IL00074IE015600037,40.2732,-88.6762,68,Mostly Cloudy,5,7,False,False,False,False,True,0.2
2026-10-01T02:54:00Z,IL,IL00072IW015200014,39.9888,-88.7852,70,Mostly Cloudy,4,7,False,False,False,False,True,0.2
2026-10-01T02:54:00Z,IL,IL00064IW013000053,38.2322,-87.9882,74,Mostly Cloudy,0,6,False,False,False,False,True,0.2
2026-10-01T02:54:00Z,IL,IL00055IS019400021,40.8371,-88.6833,68,Rain Showers Likely,61,5,False,False,True,False,True,0.2
2026-10-01T02:54:00Z,IL,IL00057IS011400023,38.5965,-88.9677,77,Mostly Cloudy,1,6,False,False,False,False,True,0.2
2026-10-01T02:54:00Z,IL,IL00039IN008500036,41.7236,-89.0062,65,Rain Showers,83,5,False,False,True,False,True,0.2
2026-10-01T02:54:00Z,IL,IL00080IW011700016,41.4473,-88.3285,66,Rain Showers,83,5,False,False,True,False,True,0.2
2026-10-01T02:54:00Z,IL,IL00074IW002800020,41.2141,-90.3308,66,Chance Showers And Thunderstorms,44,5,False,False,True,True,True,0.2
2026-10-01T02:54:00Z,IL,IL00039IS008500026,41.7285,-89.0105,65,Rain Showers,83,5,False,False,True,False,True,0.2
2026-10-01T02:54:00Z,IL,IL00057IN033300049,41.3892,-87.7729,66,Rain Showers,83,5,False,False,True,False,True,0.2
2026-10-01T02:54:00Z,IL,IL00074IW011400006,40.6111,-89.2323,64,Mostly Cloudy,13,5,False,False,False,False,True,0.2
2026-10-01T02:54:00Z,IL,IL00070IW014900008,39.4228,-87.6617,74,Mostly Cloudy,2,7,False,False,False,False,True,0.2
2026-10-01T02:54:00Z,IL,IL00074IE011400005,40.6125,-89.245,64,Mostly Cloudy,13,5,False,False,False,False,True,0.2
2026-10-01T02:54:00Z,IL,IL00074IW006200004,40.8802,-90.0895,65,Chance Rain Showers,28,2,False,False,True,False,True,0.2
2026-10-01T02:54:00Z,IL,IL00074IE006200001,40.8788,-90.0936,65,Chance Rain Showers,28,2,False,False,True,False,True,0.2
2026-10-01T02:54:00Z,IL,IL00055IS010400024,39.8871,-89.5966,72,Mostly Cloudy,8,6,False,False,False,False,True,0.2
2026-10-01T02:54:00Z,IL,IL00057IS003200025,37.4699,-89.1329,74,Mostly Cloudy,0,3,False,False,False,False,True,0.2
2026-10-01T02:54:00Z,IL,IL00057IN003200035,37.4661,-89.1324,74,Mostly Cloudy,0,3,False,False,False,False,True,0.2
2026-10-01T02:54:00Z,IL,IL00070IW008700045,39.0679,-88.6704,74,Mostly Cloudy,1,7,False,False,False,False,True,0.2
2026-10-01T02:54:00Z,IL,IL00057IS016500018,39.1993,-88.502,74,Mostly Cloudy,2,8,False,False,False,False,True,0.2
2026-10-01T02:54:00Z,IL,IL00057IN016500044,39.1898,-88.5031,75,Mostly Cloudy,2,7,False,False,False,False,True,0.2
2026-10-01T02:54:00Z,IL,IL00072IE015200041,39.9923,-88.7827,70,Mostly Cloudy,4,7,False,False,False,False,True,0.2
2026-10-01T02:54:00Z,IN,322,38.195,-87.8597,74,Mostly Cloudy,0,6,False,False,False,False,False,0.0
2026-10-01T02:54:00Z,IN,317,38.5852,-85.7768,70,Mostly Clear,0,5,False,False,False,False,False,0.0
2026-10-01T02:54:00Z,IN,316,38.5859,-85.7809,70,Mostly Clear,0,5,False,False,False,False,False,0.0
2026-10-01T02:54:00Z,IN,315,39.2602,-85.9521,69,Partly Cloudy,1,1,False,False,False,False,False,0.0
2026-10-01T02:54:00Z,IN,314,39.2767,-85.9569,69,Partly Cloudy,1,2,False,False,False,False,False,0.0
2026-10-01T02:54:00Z,IN,313,40.1578,-86.5387,69,Mostly Cloudy,2,3,False,False,False,False,False,0.0
2026-10-01T02:54:00Z,IN,312,40.1722,-86.5522,69,Mostly Cloudy,2,5,False,False,False,False,False,0.0
2026-10-01T02:54:00Z,IN,311,40.6992,-87.0628,68,Chance Rain Showers,43,5,False,False,True,False,False,0.05
2026-10-01T02:54:00Z,IN,310,40.6984,-87.0646,68,Chance Rain Showers,43,5,False,False,True,False,False,0.05
2026-10-01T02:54:00Z,IN,308,41.1653,-87.271,66,Rain Showers,81,5,False,False,True,False,False,0.05
2026-10-01T02:54:00Z,IN,309,41.1666,-87.2749,66,Rain Showers,81,5,False,False,True,False,False,0.05
2026-10-01T02:54:00Z,IN,318,40.3543,-85.5576,69,Mostly Cloudy,3,2,False,False,False,False,False,0.0
2026-10-01T02:54:00Z,IN,319,40.3569,-85.56,69,Mostly Cloudy,3,2,False,False,False,False,False,0.0
2026-10-01T02:54:00Z,IN,320,41.2963,-85.0863,65,Rain Showers Likely,60,5,False,False,True,False,False,0.05
2026-10-01T02:54:00Z,IN,321,41.5803,-85.0597,64,Rain Showers Likely,68,5,False,False,True,False,False,0.05
2026-10-01T02:54:00Z,IN,300,39.4417,-87.5002,72,Mostly Cloudy,1,5,False,False,False,False,False,0.0
2026-10-01T02:54:00Z,IN,302,39.6517,-86.3967,70,Partly Cloudy,1,3,False,False,False,False,False,0.0
2026-10-01T02:54:00Z,IN,301,39.6541,-86.4005,70,Partly Cloudy,1,3,False,False,False,False,False,0.0
2026-10-01T02:54:00Z,IN,303,39.8243,-85.7039,69,Mostly Cloudy,1,2,False,False,False,False,False,0.0
2026-10-01T02:54:00Z,IN,304,39.8266,-85.704,69,Mostly Cloudy,1,2,False,False,False,False,False,0.0
2026-10-01T02:54:00Z,IN,305,39.8605,-85.0259,69,Mostly Cloudy,2,5,False,False,False,False,False,0.0
2026-10-01T02:54:00Z,IN,323,39.29,-85.1688,68,Partly Cloudy,1,2,False,False,False,False,False,0.0
2026-10-01T02:54:00Z,IN,702,41.7472,-85.3285,64,Rain Showers Likely,69,5,False,False,True,False,False,0.05
2026-10-01T02:54:00Z,IN,701,41.5889,-87.2173,65,Rain Showers,83,10,False,False,True,False,False,0.05
2026-10-01T02:54:00Z,IN,704,41.7058,-86.6212,63,Rain Showers Likely,68,10,False,False,True,False,False,0.05
2026-10-01T02:54:00Z,IN,703,41.7071,-86.6235,63,Rain Showers Likely,68,10,False,False,True,False,False,0.05
2026-10-01T02:54:00Z,IN,705,41.733,-86.0057,63,Rain Showers Likely,69,5,False,False,True,False,False,0.05
2026-10-01T02:54:00Z,IN,708,41.7472,-85.3285,64,Rain Showers Likely,69,5,False,False,True,False,False,0.05
2026-10-01T02:54:00Z,IN,707,41.7453,-85.3287,64,Rain Showers Likely,69,5,False,False,True,False,False,0.05
2026-10-01T02:54:00Z,IN,324,41.7353,-86.7933,63,Rain Showers Likely,68,5,False,False,True,False,False,0.05
2026-10-01T02:54:00Z,KY,KY00065IS0000020N65WELCOM,36.6434,-86.5687,71,Mostly Clear,0,5,False,False,False,False,False,0.0
2026-10-01T02:54:00Z,KY,KY00065IS000020NSMARATHON,36.6612,-86.5553,72,Mostly Clear,0,6,False,False,False,False,False,0.0
2026-10-01T02:54:00Z,KY,KY00065IS0000340NWEIGHS34,36.6868,-86.5379,72,Mostly Clear,0,6,False,False,False,False,False,0.0
2026-10-01T02:54:00Z,KY,KY00065IS0011400S65SRA114,37.9464,-85.6905,71,Mostly Clear,0,5,False,False,False,False,False,0.0
2026-10-01T02:54:00Z,KY,KY00065IS0005900S65SRA059,37.239,-85.9297,70,Mostly Clear,0,3,False,False,False,False,False,0.0
2026-10-01T02:54:00Z,KY,KY00065IS0005900N65NRA059,37.2384,-85.9271,70,Mostly Clear,0,3,False,False,False,False,False,0.0
2026-10-01T02:54:00Z,KY,KY00075IS0003300NWEIGHS33,37.0422,-84.0968,66,Mostly Clear,0,3,False,False,False,False,False,0.0
2026-10-01T02:54:00Z,KY,KY00075IS0003400SWEIGHS34,37.048,-84.0997,66,Mostly Clear,0,3,False,False,False,False,False,0.0
2026-10-01T02:54:00Z,KY,KY00075IS0017700N75NRA177,38.937,-84.6309,70,Partly Cloudy,0,5,False,False,False,False,False,0.0
2026-10-01T02:54:00Z,KY,KY00075IS0007500SWALTONWS,38.8653,-84.6476,70,Partly Cloudy,0,5,False,False,False,False,False,0.0
2026-10-01T02:54:00Z,KY,KY00075IS0017700S75SRA177,38.9388,-84.6339,70,Partly Cloudy,0,5,False,False,False,False,False,0.0
2026-10-01T02:54:00Z,KY,KY00075IS0016800SCRITENWS,38.8196,-84.6015,70,Partly Cloudy,0,5,False,False,False,False,False,0.0
2026-10-01T02:54:00Z,KY,KY00075IS0000100N75WELCOM,36.6162,-84.1054,66,Mostly Clear,0,3,False,False,False,False,False,0.0
2026-10-01T03:09:00Z,IL,IL00055IN010400050,39.8627,-89.5948,72,Mostly Cloudy,8,6,False,False,False,False,True,0.2
2026-10-01T03:09:00Z,IL,IL00057IN007900034,38.0297,-88.9203,76,Mostly Cloudy,0,6,False,False,False,False,True,0.2
2026-10-01T03:09:00Z,IL,IL00055IN014900028,40.3599,-89.1099,66,Mostly Cloudy,9,7,False,False,False,False,True,0.2
2026-10-01T03:09:00Z,IL,IL00055IN019400031,40.8234,-88.6875,68,Rain Showers Likely,60,5,False,False,True,False,True,0.2
2026-10-01T03:09:00Z,IL,IL00057IN011400033,38.5963,-88.9638,77,Mostly Cloudy,1,6,False,False,False,False,True,0.2
2026-10-01T03:09:00Z,IL,IL00064IE002500038,38.5481,-89.7731,78,Mostly Cloudy,1,8,False,False,False,False,True,0.2
2026-10-01T03:09:00Z,IL,IL00055IN002700029,38.8649,-89.8532,77,Mostly Cloudy,2,8,False,False,False,False,True,0.2
2026-10-01T03:09:00Z,IL,IL00057IN022200048,39.9218,-88.299,69,Mostly Cloudy,2,7,False,False,False,False,True,0.2
2026-10-01T03:09:00Z,IL,IL00057IS033300046,41.3918,-87.7749,66,Rain Showers,83,5,False,False,True,False,True,0.2
2026-10-01T03:09:00Z,IL,IL00080IE011700043,41.4314,-88.3454,66,Rain Showers,83,5,False,False,True,False,True,0.2
2026-10-01T03:09:00Z,IL,IL00057IS022200054,39.9314,-88.3043,69,Mostly Cloudy,2,7,False,False,False,False,True,0.2
2026-10-01T03:09:00Z,IL,IL00057IS026800022,40.5613,-88.0615,70,Rain Showers Likely,57,5,False,False,True,False,True,0.2
2026-10-01T03:09:00Z,IL,IL00055IN006400027,39.3465,-89.6408,75,Mostly Cloudy,3,7,False,False,False,False,True,0.2
2026-10-01T03:09:00Z,IL,IL00057IN026800032,40.5505,-88.0605,70,Rain Showers Likely,57,5,False,False,True,False,True,0.2
2026-10-01T03:09:00Z,IL,IL00080IE005100040,41.3938,-89.5665,64,Showers And Thunderstorms Likely,56,5,False,False,True,True,True,0.2
2026-10-01T03:09:00Z,IL,IL00064IW008500012,38.2766,-88.8012,74,Mostly Cloudy,1,6,False,False,False,False,True,0.2
2026-10-01T03:09:00Z,IL,IL00070IE008600051,39.0651,-88.6745,74,Mostly Cloudy,1,7,False,False,False,False,True,0.2
2026-10-01T03:09:00Z,IL,IL00070IE002700042,38.7849,-89.7023,78,Mostly Cloudy,1,8,False,False,False,False,True,0.2
2026-10-01T03:09:00Z,IL,IL00024IW003700010,37.1593,-88.6798,73,Mostly Cloudy,0,5,False,False,False,False,True,0.2
2026-10-01T03:09:00Z,IL,IL00064IE008500039,38.273,-88.8496,74,Mostly Cloudy,1,7,False,False,False,False,True,0.2
2026-10-01T03:09:00Z,IL,IL00074IW015600009,40.2711,-88.6701,68,Mostly Cloudy,5,7,False,False,False,False,True,0.2
2026-10-01T03:09:00Z,IL,IL00064IW002500011,38.5491,-89.7633,78,Mostly Cloudy,1,8,False,False,False,False,True,0.2
2026-10-01T03:09:00Z,IL,IL00080IW005100013,41.3937,-89.5591,64,Showers And Thunderstorms Likely,56,5,False,False,True,True,True,0.2
2026-10-01T03:09:00Z,IL,IL00074IW020800052,40.1298,-87.7441,68,Mostly Cloudy,2,6,False,False,False,False,True,0.2
2026-10-01T03:09:00Z,IL,IL00070IW002700015,38.7884,-89.6889,77,Mostly Cloudy,1,8,False,False,False,False,True,0.2
2026-10-01T03:09:00Z,IL,IL00055IS002700019,38.8723,-89.8511,77,Mostly Cloudy,2,8,False,False,False,False,True,0.2
2026-10-01T03:09:00Z,IL,IL00057IS007900047,38.0962,-88.9138,77,Mostly Cloudy,1,7,False,False,False,False,True,0.2
2026-10-01T03:09:00Z,IL,IL00074IE002800030,41.2334,-90.333,66,Chance Showers And Thunderstorms,44,5,False,False,True,True,True,0.2
2026-10-01T03:09:00Z,IL,IL00055IS006400017,39.3523,-89.6447,75,Mostly Cloudy,3,7,False,False,False,False,True,0.2
2026-10-01T03:09:00Z,IL,IL00074IE015600037,40.2732,-88.6762,68,Mostly Cloudy,5,7,False,False,False,False,True,0.2
2026-10-01T03:09:00Z,IL,IL00072IW015200014,39.9888,-88.7852,70,Mostly Cloudy,4,7,False,False,False,False,True,0.2
2026-10-01T03:09:00Z,IL,IL00064IW013000053,38.2322,-87.9882,74,Mostly Cloudy,0,6,False,False,False,False,True,0.2
2026-10-01T03:09:00Z,IL,IL00055IS019400021,40.8371,-88.6833,68,Rain Showers Likely,61,5,False,False,True,False,True,0.2
2026-10-01T03:09:00Z,IL,IL00057IS011400023,38.5965,-88.9677,77,Mostly Cloudy,1,6,False,False,False,False,True,0.2
2026-10-01T03:09:00Z,IL,IL00039IN008500036,41.7236,-89.0062,65,Rain Showers,83,5,False,False,True,False,True,0.2
2026-10-01T03:09:00Z,IL,IL00080IW011700016,41.4473,-88.3285,66,Rain Showers,83,5,False,False,True,False,True,0.2
2026-10-01T03:09:00Z,IL,IL00074IW002800020,41.2141,-90.3308,66,Chance Showers And Thunderstorms,44,5,False,False,True,True,True,0.2
2026-10-01T03:09:00Z,IL,IL00039IS008500026,41.7285,-89.0105,65,Rain Showers,83,5,False,False,True,False,True,0.2
2026-10-01T03:09:00Z,IL,IL00057IN033300049,41.3892,-87.7729,66,Rain Showers,83,5,False,False,True,False,True,0.2
2026-10-01T03:09:00Z,IL,IL00074IW011400006,40.6111,-89.2323,64,Mostly Cloudy,13,5,False,False,False,False,True,0.2
2026-10-01T03:09:00Z,IL,IL00070IW014900008,39.4228,-87.6617,74,Mostly Cloudy,2,7,False,False,False,False,True,0.2
2026-10-01T03:09:00Z,IL,IL00074IE011400005,40.6125,-89.245,64,Mostly Cloudy,13,5,False,False,False,False,True,0.2
2026-10-01T03:09:00Z,IL,IL00074IW006200004,40.8802,-90.0895,65,Chance Rain Showers,28,2,False,False,True,False,True,0.2
2026-10-01T03:09:00Z,IL,IL00074IE006200001,40.8788,-90.0936,65,Chance Rain Showers,28,2,False,False,True,False,True,0.2
2026-10-01T03:09:00Z,IL,IL00055IS010400024,39.8871,-89.5966,72,Mostly Cloudy,8,6,False,False,False,False,True,0.2
2026-10-01T03:09:00Z,IL,IL00057IS003200025,37.4699,-89.1329,74,Mostly Cloudy,0,3,False,False,False,False,True,0.2
2026-10-01T03:09:00Z,IL,IL00057IN003200035,37.4661,-89.1324,74,Mostly Cloudy,0,3,False,False,False,False,True,0.2
2026-10-01T03:09:00Z,IL,IL00070IW008700045,39.0679,-88.6704,74,Mostly Cloudy,1,7,False,False,False,False,True,0.2
2026-10-01T03:09:00Z,IL,IL00057IS016500018,39.1993,-88.502,74,Mostly Cloudy,2,8,False,False,False,False,True,0.2
2026-10-01T03:09:00Z,IL,IL00057IN016500044,39.1898,-88.5031,75,Mostly Cloudy,2,7,False,False,False,False,True,0.2
2026-10-01T03:09:00Z,IL,IL00072IE015200041,39.9923,-88.7827,70,Mostly Cloudy,4,7,False,False,False,False,True,0.2
2026-10-01T03:09:00Z,IN,322,38.195,-87.8597,74,Mostly Cloudy,0,6,False,False,False,False,False,0.0
2026-10-01T03:09:00Z,IN,317,38.5852,-85.7768,70,Mostly Clear,0,5,False,False,False,False,False,0.0
2026-10-01T03:09:00Z,IN,316,38.5859,-85.7809,70,Mostly Clear,0,5,False,False,False,False,False,0.0
2026-10-01T03:09:00Z,IN,315,39.2602,-85.9521,69,Partly Cloudy,1,1,False,False,False,False,False,0.0
2026-10-01T03:09:00Z,IN,314,39.2767,-85.9569,69,Partly Cloudy,1,2,False,False,False,False,False,0.0
2026-10-01T03:09:00Z,IN,313,40.1578,-86.5387,69,Mostly Cloudy,2,3,False,False,False,False,False,0.0
2026-10-01T03:09:00Z,IN,312,40.1722,-86.5522,69,Mostly Cloudy,2,5,False,False,False,False,False,0.0
2026-10-01T03:09:00Z,IN,311,40.6992,-87.0628,68,Chance Rain Showers,43,5,False,False,True,False,False,0.05
2026-10-01T03:09:00Z,IN,310,40.6984,-87.0646,68,Chance Rain Showers,43,5,False,False,True,False,False,0.05
2026-10-01T03:09:00Z,IN,308,41.1653,-87.271,66,Rain Showers,81,5,False,False,True,False,False,0.05
2026-10-01T03:09:00Z,IN,309,41.1666,-87.2749,66,Rain Showers,81,5,False,False,True,False,False,0.05
2026-10-01T03:09:00Z,IN,318,40.3543,-85.5576,69,Mostly Cloudy,3,2,False,False,False,False,False,0.0
2026-10-01T03:09:00Z,IN,319,40.3569,-85.56,69,Mostly Cloudy,3,2,False,False,False,False,False,0.0
2026-10-01T03:09:00Z,IN,320,41.2963,-85.0863,65,Rain Showers Likely,60,5,False,False,True,False,False,0.05
2026-10-01T03:09:00Z,IN,321,41.5803,-85.0597,64,Rain Showers Likely,68,5,False,False,True,False,False,0.05
2026-10-01T03:09:00Z,IN,300,39.4417,-87.5002,72,Mostly Cloudy,1,5,False,False,False,False,False,0.0
2026-10-01T03:09:00Z,IN,302,39.6517,-86.3967,70,Partly Cloudy,1,3,False,False,False,False,False,0.0
2026-10-01T03:09:00Z,IN,301,39.6541,-86.4005,70,Partly Cloudy,1,3,False,False,False,False,False,0.0
2026-10-01T03:09:00Z,IN,303,39.8243,-85.7039,69,Mostly Cloudy,1,2,False,False,False,False,False,0.0
2026-10-01T03:09:00Z,IN,304,39.8266,-85.704,69,Mostly Cloudy,1,2,False,False,False,False,False,0.0
2026-10-01T03:09:00Z,IN,305,39.8605,-85.0259,69,Mostly Cloudy,2,5,False,False,False,False,False,0.0
2026-10-01T03:09:00Z,IN,323,39.29,-85.1688,68,Partly Cloudy,1,2,False,False,False,False,False,0.0
2026-10-01T03:09:00Z,IN,702,41.7472,-85.3285,64,Rain Showers Likely,69,5,False,False,True,False,False,0.05
2026-10-01T03:09:00Z,IN,701,41.5889,-87.2173,65,Rain Showers,83,10,False,False,True,False,False,0.05
2026-10-01T03:09:00Z,IN,704,41.7058,-86.6212,63,Rain Showers Likely,68,10,False,False,True,False,False,0.05
2026-10-01T03:09:00Z,IN,703,41.7071,-86.6235,63,Rain Showers Likely,68,10,False,False,True,False,False,0.05
2026-10-01T03:09:00Z,IN,705,41.733,-86.0057,63,Rain Showers Likely,69,5,False,False,True,False,False,0.05
2026-10-01T03:09:00Z,IN,708,41.7472,-85.3285,64,Rain Showers Likely,69,5,False,False,True,False,False,0.05
2026-10-01T03:09:00Z,IN,707,41.7453,-85.3287,64,Rain Showers Likely,69,5,False,False,True,False,False,0.05
2026-10-01T03:09:00Z,IN,324,41.7353,-86.7933,63,Rain Showers Likely,68,5,False,False,True,False,False,0.05
2026-10-01T03:09:00Z,KY,KY00065IS0000020N65WELCOM,36.6434,-86.5687,71,Mostly Clear,0,5,False,False,False,False,False,0.0
2026-10-01T03:09:00Z,KY,KY00065IS000020NSMARATHON,36.6612,-86.5553,72,Mostly Clear,0,6,False,False,False,False,False,0.0
2026-10-01T03:09:00Z,KY,KY00065IS0000340NWEIGHS34,36.6868,-86.5379,72,Mostly Clear,0,6,False,False,False,False,False,0.0
2026-10-01T03:09:00Z,KY,KY00065IS0011400S65SRA114,37.9464,-85.6905,71,Mostly Clear,0,5,False,False,False,False,False,0.0
2026-10-01T03:09:00Z,KY,KY00065IS0005900S65SRA059,37.239,-85.9297,70,Mostly Clear,0,3,False,False,False,False,False,0.0
2026-10-01T03:09:00Z,KY,KY00065IS0005900N65NRA059,37.2384,-85.9271,70,Mostly Clear,0,3,False,False,False,False,False,0.0
2026-10-01T03:09:00Z,KY,KY00075IS0003300NWEIGHS33,37.0422,-84.0968,66,Mostly Clear,0,3,False,False,False,False,False,0.0
2026-10-01T03:09:00Z,KY,KY00075IS0003400SWEIGHS34,37.048,-84.0997,66,Mostly Clear,0,3,False,False,False,False,False,0.0
2026-10-01T03:09:00Z,KY,KY00075IS0017700N75NRA177,38.937,-84.6309,70,Partly Cloudy,0,5,False,False,False,False,False,0.0
2026-10-01T03:09:00Z,KY,KY00075IS0007500SWALTONWS,38.8653,-84.6476,70,Partly Cloudy,0,5,False,False,False,False,False,0.0
2026-10-01T03:09:00Z,KY,KY00075IS0017700S75SRA177,38.9388,-84.6339,70,Partly Cloudy,0,5,False,False,False,False,False,0.0
2026-10-01T03:09:00Z,KY,KY00075IS0016800SCRITENWS,38.8196,-84.6015,70,Partly Cloudy,0,5,False,False,False,False,False,0.0
2026-10-01T03:09:00Z,KY,KY00075IS0000100N75WELCOM,36.6162,-84.1054,66,Mostly Clear,0,3,False,False,False,False,False,0.0
2026-10-01T03:24:00Z,IL,IL00055IN010400050,39.8627,-89.5948,72,Mostly Cloudy,8,6,False,False,False,False,True,0.2
2026-10-01T03:24:00Z,IL,IL00057IN007900034,38.0297,-88.9203,76,Mostly Cloudy,0,6,False,False,False,False,True,0.2
2026-10-01T03:24:00Z,IL,IL00055IN014900028,40.3599,-89.1099,66,Mostly Cloudy,9,7,False,False,False,False,True,0.2
2026-10-01T03:24:00Z,IL,IL00055IN019400031,40.8234,-88.6875,68,Rain Showers Likely,60,5,False,False,True,False,True,0.2
2026-10-01T03:24:00Z,IL,IL00057IN011400033,38.5963,-88.9638,77,Mostly Cloudy,1,6,False,False,False,False,True,0.2
2026-10-01T03:24:00Z,IL,IL00064IE002500038,38.5481,-89.7731,78,Mostly Cloudy,1,8,False,False,False,False,True,0.2
2026-10-01T03:24:00Z,IL,IL00055IN002700029,38.8649,-89.8532,77,Mostly Cloudy,2,8,False,False,False,False,True,0.2
2026-10-01T03:24:00Z,IL,IL00057IN022200048,39.9218,-88.299,69,Mostly Cloudy,2,7,False,False,False,False,True,0.2
2026-10-01T03:24:00Z,IL,IL00057IS033300046,41.3918,-87.7749,66,Rain Showers,83,5,False,False,True,False,True,0.2
2026-10-01T03:24:00Z,IL,IL00080IE011700043,41.4314,-88.3454,66,Rain Showers,83,5,False,False,True,False,True,0.2
2026-10-01T03:24:00Z,IL,IL00057IS022200054,39.9314,-88.3043,69,Mostly Cloudy,2,7,False,False,False,False,True,0.2
2026-10-01T03:24:00Z,IL,IL00057IS026800022,40.5613,-88.0615,70,Rain Showers Likely,57,5,False,False,True,False,True,0.2
2026-10-01T03:24:00Z,IL,IL00055IN006400027,39.3465,-89.6408,75,Mostly Cloudy,3,7,False,False,False,False,True,0.2
2026-10-01T03:24:00Z,IL,IL00057IN026800032,40.5505,-88.0605,70,Rain Showers Likely,57,5,False,False,True,False,True,0.2
2026-10-01T03:24:00Z,IL,IL00080IE005100040,41.3938,-89.5665,64,Showers And Thunderstorms Likely,56,5,False,False,True,True,True,0.2
2026-10-01T03:24:00Z,IL,IL00064IW008500012,38.2766,-88.8012,74,Mostly Cloudy,1,6,False,False,False,False,True,0.2
2026-10-01T03:24:00Z,IL,IL00070IE008600051,39.0651,-88.6745,74,Mostly Cloudy,1,7,False,False,False,False,True,0.2
2026-10-01T03:24:00Z,IL,IL00070IE002700042,38.7849,-89.7023,78,Mostly Cloudy,1,8,False,False,False,False,True,0.2
2026-10-01T03:24:00Z,IL,IL00024IW003700010,37.1593,-88.6798,73,Mostly Cloudy,0,5,False,False,False,False,True,0.2
2026-10-01T03:24:00Z,IL,IL00064IE008500039,38.273,-88.8496,74,Mostly Cloudy,1,7,False,False,False,False,True,0.2
2026-10-01T03:24:00Z,IL,IL00074IW015600009,40.2711,-88.6701,68,Mostly Cloudy,5,7,False,False,False,False,True,0.2
2026-10-01T03:24:00Z,IL,IL00064IW002500011,38.5491,-89.7633,78,Mostly Cloudy,1,8,False,False,False,False,True,0.2
2026-10-01T03:24:00Z,IL,IL00080IW005100013,41.3937,-89.5591,64,Showers And Thunderstorms Likely,56,5,False,False,True,True,True,0.2
2026-10-01T03:24:00Z,IL,IL00074IW020800052,40.1298,-87.7441,68,Mostly Cloudy,2,6,False,False,False,False,True,0.2
2026-10-01T03:24:00Z,IL,IL00070IW002700015,38.7884,-89.6889,77,Mostly Cloudy,1,8,False,False,False,False,True,0.2
2026-10-01T03:24:00Z,IL,IL00055IS002700019,38.8723,-89.8511,77,Mostly Cloudy,2,8,False,False,False,False,True,0.2
2026-10-01T03:24:00Z,IL,IL00057IS007900047,38.0962,-88.9138,77,Mostly Cloudy,1,7,False,False,False,False,True,0.2
2026-10-01T03:24:00Z,IL,IL00074IE002800030,41.2334,-90.333,66,Chance Showers And Thunderstorms,44,5,False,False,True,True,True,0.2
2026-10-01T03:24:00Z,IL,IL00055IS006400017,39.3523,-89.6447,75,Mostly Cloudy,3,7,False,False,False,False,True,0.2
2026-10-01T03:24:00Z,IL,IL00074IE015600037,40.2732,-88.6762,68,Mostly Cloudy,5,7,False,False,False,False,True,0.2
2026-10-01T03:24:00Z,IL,IL00072IW015200014,39.9888,-88.7852,70,Mostly Cloudy,4,7,False,False,False,False,True,0.2
2026-10-01T03:24:00Z,IL,IL00064IW013000053,38.2322,-87.9882,74,Mostly Cloudy,0,6,False,False,False,False,True,0.2
2026-10-01T03:24:00Z,IL,IL00055IS019400021,40.8371,-88.6833,68,Rain Showers Likely,61,5,False,False,True,False,True,0.2
2026-10-01T03:24:00Z,IL,IL00057IS011400023,38.5965,-88.9677,77,Mostly Cloudy,1,6,False,False,False,False,True,0.2
2026-10-01T03:24:00Z,IL,IL00039IN008500036,41.7236,-89.0062,65,Rain Showers,83,5,False,False,True,False,True,0.2
2026-10-01T03:24:00Z,IL,IL00080IW011700016,41.4473,-88.3285,66,Rain Showers,83,5,False,False,True,False,True,0.2
2026-10-01T03:24:00Z,IL,IL00074IW002800020,41.2141,-90.3308,66,Chance Showers And Thunderstorms,44,5,False,False,True,True,True,0.2
2026-10-01T03:24:00Z,IL,IL00039IS008500026,41.7285,-89.0105,65,Rain Showers,83,5,False,False,True,False,True,0.2
2026-10-01T03:24:00Z,IL,IL00057IN033300049,41.3892,-87.7729,66,Rain Showers,83,5,False,False,True,False,True,0.2
2026-10-01T03:24:00Z,IL,IL00074IW011400006,40.6111,-89.2323,64,Mostly Cloudy,13,5,False,False,False,False,True,0.2
2026-10-01T03:24:00Z,IL,IL00070IW014900008,39.4228,-87.6617,74,Mostly Cloudy,2,7,False,False,False,False,True,0.2
2026-10-01T03:24:00Z,IL,IL00074IE011400005,40.6125,-89.245,64,Mostly Cloudy,13,5,False,False,False,False,True,0.2
2026-10-01T03:24:00Z,IL,IL00074IW006200004,40.8802,-90.0895,65,Chance Rain Showers,28,2,False,False,True,False,True,0.2
2026-10-01T03:24:00Z,IL,IL00074IE006200001,40.8788,-90.0936,65,Chance Rain Showers,28,2,False,False,True,False,True,0.2
2026-10-01T03:24:00Z,IL,IL00055IS010400024,39.8871,-89.5966,72,Mostly Cloudy,8,6,False,False,False,False,True,0.2
2026-10-01T03:24:00Z,IL,IL00057IS003200025,37.4699,-89.1329,74,Mostly Cloudy,0,3,False,False,False,False,True,0.2
2026-10-01T03:24:00Z,IL,IL00057IN003200035,37.4661,-89.1324,74,Mostly Cloudy,0,3,False,False,False,False,True,0.2
2026-10-01T03:24:00Z,IL,IL00070IW008700045,39.0679,-88.6704,74,Mostly Cloudy,1,7,False,False,False,False,True,0.2
2026-10-01T03:24:00Z,IL,IL00057IS016500018,39.1993,-88.502,74,Mostly Cloudy,2,8,False,False,False,False,True,0.2
2026-10-01T03:24:00Z,IL,IL00057IN016500044,39.1898,-88.5031,75,Mostly Cloudy,2,7,False,False,False,False,True,0.2
2026-10-01T03:24:00Z,IL,IL00072IE015200041,39.9923,-88.7827,70,Mostly Cloudy,4,7,False,False,False,False,True,0.2
2026-10-01T03:24:00Z,IN,322,38.195,-87.8597,74,Mostly Cloudy,0,6,False,False,False,False,False,0.0
2026-10-01T03:24:00Z,IN,317,38.5852,-85.7768,70,Mostly Clear,0,5,False,False,False,False,False,0.0
2026-10-01T03:24:00Z,IN,316,38.5859,-85.7809,70,Mostly Clear,0,5,False,False,False,False,False,0.0
2026-10-01T03:24:00Z,IN,315,39.2602,-85.9521,69,Partly Cloudy,1,1,False,False,False,False,False,0.0
2026-10-01T03:24:00Z,IN,314,39.2767,-85.9569,69,Partly Cloudy,1,2,False,False,False,False,False,0.0
2026-10-01T03:24:00Z,IN,313,40.1578,-86.5387,69,Mostly Cloudy,2,3,False,False,False,False,False,0.0
2026-10-01T03:24:00Z,IN,312,40.1722,-86.5522,69,Mostly Cloudy,2,5,False,False,False,False,False,0.0
2026-10-01T03:24:00Z,IN,311,40.6992,-87.0628,68,Chance Rain Showers,43,5,False,False,True,False,False,0.05
2026-10-01T03:24:00Z,IN,310,40.6984,-87.0646,68,Chance Rain Showers,43,5,False,False,True,False,False,0.05
2026-10-01T03:24:00Z,IN,308,41.1653,-87.271,66,Rain Showers,81,5,False,False,True,False,False,0.05
2026-10-01T03:24:00Z,IN,309,41.1666,-87.2749,66,Rain Showers,81,5,False,False,True,False,False,0.05
2026-10-01T03:24:00Z,IN,318,40.3543,-85.5576,69,Mostly Cloudy,3,2,False,False,False,False,False,0.0
2026-10-01T03:24:00Z,IN,319,40.3569,-85.56,69,Mostly Cloudy,3,2,False,False,False,False,False,0.0
2026-10-01T03:24:00Z,IN,320,41.2963,-85.0863,65,Rain Showers Likely,60,5,False,False,True,False,False,0.05
2026-10-01T03:24:00Z,IN,321,41.5803,-85.0597,64,Rain Showers Likely,68,5,False,False,True,False,False,0.05
2026-10-01T03:24:00Z,IN,300,39.4417,-87.5002,72,Mostly Cloudy,1,5,False,False,False,False,False,0.0
2026-10-01T03:24:00Z,IN,302,39.6517,-86.3967,70,Partly Cloudy,1,3,False,False,False,False,False,0.0
2026-10-01T03:24:00Z,IN,301,39.6541,-86.4005,70,Partly Cloudy,1,3,False,False,False,False,False,0.0
2026-10-01T03:24:00Z,IN,303,39.8243,-85.7039,69,Mostly Cloudy,1,2,False,False,False,False,False,0.0
2026-10-01T03:24:00Z,IN,304,39.8266,-85.704,69,Mostly Cloudy,1,2,False,False,False,False,False,0.0
2026-10-01T03:24:00Z,IN,305,39.8605,-85.0259,69,Mostly Cloudy,2,5,False,False,False,False,False,0.0
2026-10-01T03:24:00Z,IN,323,39.29,-85.1688,68,Partly Cloudy,1,2,False,False,False,False,False,0.0
2026-10-01T03:24:00Z,IN,702,41.7472,-85.3285,64,Rain Showers Likely,69,5,False,False,True,False,False,0.05
2026-10-01T03:24:00Z,IN,701,41.5889,-87.2173,65,Rain Showers,83,10,False,False,True,False,False,0.05
2026-10-01T03:24:00Z,IN,704,41.7058,-86.6212,63,Rain Showers Likely,68,10,False,False,True,False,False,0.05
2026-10-01T03:24:00Z,IN,703,41.7071,-86.6235,63,Rain Showers Likely,68,10,False,False,True,False,False,0.05
2026-10-01T03:24:00Z,IN,705,41.733,-86.0057,63,Rain Showers Likely,69,5,False,False,True,False,False,0.05
2026-10-01T03:24:00Z,IN,708,41.7472,-85.3285,64,Rain Showers Likely,69,5,False,False,True,False,False,0.05
2026-10-01T03:24:00Z,IN,707,41.7453,-85.3287,64,Rain Showers Likely,69,5,False,False,True,False,False,0.05
2026-10-01T03:24:00Z,IN,324,41.7353,-86.7933,63,Rain Showers Likely,68,5,False,False,True,False,False,0.05
2026-10-01T03:24:00Z,KY,KY00065IS0000020N65WELCOM,36.6434,-86.5687,71,Mostly Clear,0,5,False,False,False,False,False,0.0
2026-10-01T03:24:00Z,KY,KY00065IS000020NSMARATHON,36.6612,-86.5553,72,Mostly Clear,0,6,False,False,False,False,False,0.0
2026-10-01T03:24:00Z,KY,KY00065IS0000340NWEIGHS34,36.6868,-86.5379,72,Mostly Clear,0,6,False,False,False,False,False,0.0
2026-10-01T03:24:00Z,KY,KY00065IS0011400S65SRA114,37.9464,-85.6905,71,Mostly Clear,0,5,False,False,False,False,False,0.0
2026-10-01T03:24:00Z,KY,KY00065IS0005900S65SRA059,37.239,-85.9297,70,Mostly Clear,0,3,False,False,False,False,False,0.0
2026-10-01T03:24:00Z,KY,KY00065IS0005900N65NRA059,37.2384,-85.9271,70,Mostly Clear,0,3,False,False,False,False,False,0.0
2026-10-01T03:24:00Z,KY,KY00075IS0003300NWEIGHS33,37.0422,-84.0968,66,Mostly Clear,0,3,False,False,False,False,False,0.0
2026-10-01T03:24:00Z,KY,KY00075IS0003400SWEIGHS34,37.048,-84.0997,66,Mostly Clear,0,3,False,False,False,False,False,0.0
2026-10-01T03:24:00Z,KY,KY00075IS0017700N75NRA177,38.937,-84.6309,70,Partly Cloudy,0,5,False,False,False,False,False,0.0
2026-10-01T03:24:00Z,KY,KY00075IS0007500SWALTONWS,38.8653,-84.6476,70,Partly Cloudy,0,5,False,False,False,False,False,0.0
2026-10-01T03:24:00Z,KY,KY00075IS0017700S75SRA177,38.9388,-84.6339,70,Partly Cloudy,0,5,False,False,False,False,False,0.0
2026-10-01T03:24:00Z,KY,KY00075IS0016800SCRITENWS,38.8196,-84.6015,70,Partly Cloudy,0,5,False,False,False,False,False,0.0
2026-10-01T03:24:00Z,KY,KY00075IS0000100N75WELCOM,36.6162,-84.1054,66,Mostly Clear,0,3,False,False,False,False,False,0.0
2026-10-01T03:39:00Z,IL,IL00055IN010400050,39.8627,-89.5948,72,Mostly Cloudy,8,6,False,False,False,False,True,0.2
2026-10-01T03:39:00Z,IL,IL00057IN007900034,38.0297,-88.9203,76,Mostly Cloudy,0,6,False,False,False,False,True,0.2
2026-10-01T03:39:00Z,IL,IL00055IN014900028,40.3599,-89.1099,66,Mostly Cloudy,9,7,False,False,False,False,True,0.2
2026-10-01T03:39:00Z,IL,IL00055IN019400031,40.8234,-88.6875,68,Rain Showers Likely,60,5,False,False,True,False,True,0.2
2026-10-01T03:39:00Z,IL,IL00057IN011400033,38.5963,-88.9638,77,Mostly Cloudy,1,6,False,False,False,False,True,0.2
2026-10-01T03:39:00Z,IL,IL00064IE002500038,38.5481,-89.7731,78,Mostly Cloudy,1,8,False,False,False,False,True,0.2
2026-10-01T03:39:00Z,IL,IL00055IN002700029,38.8649,-89.8532,77,Mostly Cloudy,2,8,False,False,False,False,True,0.2
2026-10-01T03:39:00Z,IL,IL00057IN022200048,39.9218,-88.299,69,Mostly Cloudy,2,7,False,False,False,False,True,0.2
2026-10-01T03:39:00Z,IL,IL00057IS033300046,41.3918,-87.7749,66,Rain Showers,83,5,False,False,True,False,True,0.2
2026-10-01T03:39:00Z,IL,IL00080IE011700043,41.4314,-88.3454,66,Rain Showers,83,5,False,False,True,False,True,0.2
2026-10-01T03:39:00Z,IL,IL00057IS022200054,39.9314,-88.3043,69,Mostly Cloudy,2,7,False,False,False,False,True,0.2
2026-10-01T03:39:00Z,IL,IL00057IS026800022,40.5613,-88.0615,70,Rain Showers Likely,57,5,False,False,True,False,True,0.2
2026-10-01T03:39:00Z,IL,IL00055IN006400027,39.3465,-89.6408,75,Mostly Cloudy,3,7,False,False,False,False,True,0.2
2026-10-01T03:39:00Z,IL,IL00057IN026800032,40.5505,-88.0605,70,Rain Showers Likely,57,5,False,False,True,False,True,0.2
2026-10-01T03:39:00Z,IL,IL00080IE005100040,41.3938,-89.5665,64,Showers And Thunderstorms Likely,56,5,False,False,True,True,True,0.2
2026-10-01T03:39:00Z,IL,IL00064IW008500012,38.2766,-88.8012,74,Mostly Cloudy,1,6,False,False,False,False,True,0.2
2026-10-01T03:39:00Z,IL,IL00070IE008600051,39.0651,-88.6745,74,Mostly Cloudy,1,7,False,False,False,False,True,0.2
2026-10-01T03:39:00Z,IL,IL00070IE002700042,38.7849,-89.7023,78,Mostly Cloudy,1,8,False,False,False,False,True,0.2
2026-10-01T03:39:00Z,IL,IL00024IW003700010,37.1593,-88.6798,73,Mostly Cloudy,0,5,False,False,False,False,True,0.2
2026-10-01T03:39:00Z,IL,IL00064IE008500039,38.273,-88.8496,74,Mostly Cloudy,1,7,False,False,False,False,True,0.2
2026-10-01T03:39:00Z,IL,IL00074IW015600009,40.2711,-88.6701,68,Mostly Cloudy,5,7,False,False,False,False,True,0.2
2026-10-01T03:39:00Z,IL,IL00064IW002500011,38.5491,-89.7633,78,Mostly Cloudy,1,8,False,False,False,False,True,0.2
2026-10-01T03:39:00Z,IL,IL00080IW005100013,41.3937,-89.5591,64,Showers And Thunderstorms Likely,56,5,False,False,True,True,True,0.2
2026-10-01T03:39:00Z,IL,IL00074IW020800052,40.1298,-87.7441,68,Mostly Cloudy,2,6,False,False,False,False,True,0.2
2026-10-01T03:39:00Z,IL,IL00070IW002700015,38.7884,-89.6889,77,Mostly Cloudy,1,8,False,False,False,False,True,0.2
2026-10-01T03:39:00Z,IL,IL00055IS002700019,38.8723,-89.8511,77,Mostly Cloudy,2,8,False,False,False,False,True,0.2
2026-10-01T03:39:00Z,IL,IL00057IS007900047,38.0962,-88.9138,77,Mostly Cloudy,1,7,False,False,False,False,True,0.2
2026-10-01T03:39:00Z,IL,IL00074IE002800030,41.2334,-90.333,66,Chance Showers And Thunderstorms,44,5,False,False,True,True,True,0.2
2026-10-01T03:39:00Z,IL,IL00055IS006400017,39.3523,-89.6447,75,Mostly Cloudy,3,7,False,False,False,False,True,0.2
2026-10-01T03:39:00Z,IL,IL00074IE015600037,40.2732,-88.6762,68,Mostly Cloudy,5,7,False,False,False,False,True,0.2
2026-10-01T03:39:00Z,IL,IL00072IW015200014,39.9888,-88.7852,70,Mostly Cloudy,4,7,False,False,False,False,True,0.2
2026-10-01T03:39:00Z,IL,IL00064IW013000053,38.2322,-87.9882,74,Mostly Cloudy,0,6,False,False,False,False,True,0.2
2026-10-01T03:39:00Z,IL,IL00055IS019400021,40.8371,-88.6833,68,Rain Showers Likely,61,5,False,False,True,False,True,0.2
2026-10-01T03:39:00Z,IL,IL00057IS011400023,38.5965,-88.9677,77,Mostly Cloudy,1,6,False,False,False,False,True,0.2
2026-10-01T03:39:00Z,IL,IL00039IN008500036,41.7236,-89.0062,65,Rain Showers,80,5,False,False,True,False,True,0.2
2026-10-01T03:39:00Z,IL,IL00080IW011700016,41.4473,-88.3285,66,Rain Showers,83,5,False,False,True,False,True,0.2
2026-10-01T03:39:00Z,IL,IL00074IW002800020,41.2141,-90.3308,66,Chance Showers And Thunderstorms,44,5,False,False,True,True,True,0.2
2026-10-01T03:39:00Z,IL,IL00039IS008500026,41.7285,-89.0105,65,Rain Showers,83,5,False,False,True,False,True,0.2
2026-10-01T03:39:00Z,IL,IL00057IN033300049,41.3892,-87.7729,66,Rain Showers,83,5,False,False,True,False,True,0.2
2026-10-01T03:39:00Z,IL,IL00074IW011400006,40.6111,-89.2323,64,Mostly Cloudy,13,5,False,False,False,False,True,0.2
2026-10-01T03:39:00Z,IL,IL00070IW014900008,39.4228,-87.6617,74,Mostly Cloudy,2,7,False,False,False,False,True,0.2
2026-10-01T03:39:00Z,IL,IL00074IE011400005,40.6125,-89.245,68,Mostly Cloudy,14,5,False,False,False,False,True,0.2
2026-10-01T03:39:00Z,IL,IL00074IW006200004,40.8802,-90.0895,65,Chance Rain Showers,28,2,False,False,True,False,True,0.2
2026-10-01T03:39:00Z,IL,IL00074IE006200001,40.8788,-90.0936,65,Chance Rain Showers,28,2,False,False,True,False,True,0.2
2026-10-01T03:39:00Z,IL,IL00055IS010400024,39.8871,-89.5966,72,Mostly Cloudy,8,6,False,False,False,False,True,0.2
2026-10-01T03:39:00Z,IL,IL00057IS003200025,37.4699,-89.1329,74,Mostly Cloudy,0,3,False,False,False,False,True,0.2
2026-10-01T03:39:00Z,IL,IL00057IN003200035,37.4661,-89.1324,73,Partly Cloudy,0,5,False,False,False,False,True,0.2
2026-10-01T03:39:00Z,IL,IL00070IW008700045,39.0679,-88.6704,74,Mostly Cloudy,1,7,False,False,False,False,True,0.2
2026-10-01T03:39:00Z,IL,IL00057IS016500018,39.1993,-88.502,74,Mostly Cloudy,2,8,False,False,False,False,True,0.2
2026-10-01T03:39:00Z,IL,IL00057IN016500044,39.1898,-88.5031,75,Mostly Cloudy,2,7,False,False,False,False,True,0.2
2026-10-01T03:39:00Z,IL,IL00072IE015200041,39.9923,-88.7827,70,Mostly Cloudy,4,7,False,False,False,False,True,0.2
2026-10-01T03:39:00Z,IN,322,38.195,-87.8597,74,Mostly Cloudy,0,6,False,False,False,False,False,0.0
2026-10-01T03:39:00Z,IN,317,38.5852,-85.7768,70,Mostly Clear,0,5,False,False,False,False,False,0.0
2026-10-01T03:39:00Z,IN,316,38.5859,-85.7809,70,Mostly Clear,0,5,False,False,False,False,False,0.0
2026-10-01T03:39:00Z,IN,315,39.2602,-85.9521,69,Partly Cloudy,1,1,False,False,False,False,False,0.0
2026-10-01T03:39:00Z,IN,314,39.2767,-85.9569,69,Partly Cloudy,1,2,False,False,False,False,False,0.0
2026-10-01T03:39:00Z,IN,313,40.1578,-86.5387,69,Mostly Cloudy,2,3,False,False,False,False,False,0.0
2026-10-01T03:39:00Z,IN,312,40.1722,-86.5522,69,Mostly Cloudy,2,5,False,False,False,False,False,0.0
2026-10-01T03:39:00Z,IN,311,40.6992,-87.0628,69,Chance Rain Showers,39,5,False,False,True,False,False,0.05
2026-10-01T03:39:00Z,IN,310,40.6984,-87.0646,68,Chance Rain Showers,43,5,False,False,True,False,False,0.05
2026-10-01T03:39:00Z,IN,308,41.1653,-87.271,66,Rain Showers,81,5,False,False,True,False,False,0.05
2026-10-01T03:39:00Z,IN,309,41.1666,-87.2749,66,Rain Showers,77,5,False,False,True,False,False,0.05
2026-10-01T03:39:00Z,IN,318,40.3543,-85.5576,69,Mostly Cloudy,3,2,False,False,False,False,False,0.0
2026-10-01T03:39:00Z,IN,319,40.3569,-85.56,69,Mostly Cloudy,3,2,False,False,False,False,False,0.0
2026-10-01T03:39:00Z,IN,320,41.2963,-85.0863,65,Rain Showers Likely,60,5,False,False,True,False,False,0.05
2026-10-01T03:39:00Z,IN,321,41.5803,-85.0597,64,Rain Showers Likely,68,5,False,False,True,False,False,0.05
2026-10-01T03:39:00Z,IN,300,39.4417,-87.5002,72,Mostly Cloudy,1,5,False,False,False,False,False,0.0
2026-10-01T03:39:00Z,IN,302,39.6517,-86.3967,70,Partly Cloudy,1,3,False,False,False,False,False,0.0
2026-10-01T03:39:00Z,IN,301,39.6541,-86.4005,69,Mostly Cloudy,1,6,False,False,False,False,False,0.0
2026-10-01T03:39:00Z,IN,303,39.8243,-85.7039,69,Mostly Cloudy,1,2,False,False,False,False,False,0.0
2026-10-01T03:39:00Z,IN,304,39.8266,-85.704,69,Mostly Cloudy,1,2,False,False,False,False,False,0.0
2026-10-01T03:39:00Z,IN,305,39.8605,-85.0259,69,Mostly Cloudy,2,5,False,False,False,False,False,0.0
2026-10-01T03:39:00Z,IN,323,39.29,-85.1688,68,Partly Cloudy,1,2,False,False,False,False,False,0.0
2026-10-01T03:39:00Z,IN,702,41.7472,-85.3285,64,Rain Showers Likely,69,5,False,False,True,False,False,0.05
2026-10-01T03:39:00Z,IN,701,41.5889,-87.2173,65,Rain Showers,83,10,False,False,True,False,False,0.05
2026-10-01T03:39:00Z,IN,704,41.7058,-86.6212,63,Rain Showers Likely,68,10,False,False,True,False,False,0.05
2026-10-01T03:39:00Z,IN,703,41.7071,-86.6235,64,Rain Showers Likely,62,5,False,False,True,False,False,0.05
2026-10-01T03:39:00Z,IN,705,41.733,-86.0057,63,Rain Showers Likely,69,5,False,False,True,False,False,0.05
2026-10-01T03:39:00Z,IN,708,41.7472,-85.3285,64,Rain Showers Likely,69,5,False,False,True,False,False,0.05
2026-10-01T03:39:00Z,IN,707,41.7453,-85.3287,64,Rain Showers Likely,69,5,False,False,True,False,False,0.05
2026-10-01T03:39:00Z,IN,324,41.7353,-86.7933,63,Rain Showers Likely,68,5,False,False,True,False,False,0.05
2026-10-01T03:39:00Z,KY,KY00065IS0000020N65WELCOM,36.6434,-86.5687,71,Mostly Clear,0,5,False,False,False,False,False,0.0
2026-10-01T03:39:00Z,KY,KY00065IS000020NSMARATHON,36.6612,-86.5553,72,Mostly Clear,0,6,False,False,False,False,False,0.0
2026-10-01T03:39:00Z,KY,KY00065IS0000340NWEIGHS34,36.6868,-86.5379,72,Mostly Clear,0,6,False,False,False,False,False,0.0
2026-10-01T03:39:00Z,KY,KY00065IS0011400S65SRA114,37.9464,-85.6905,71,Mostly Clear,0,5,False,False,False,False,False,0.0
2026-10-01T03:39:00Z,KY,KY00065IS0005900S65SRA059,37.239,-85.9297,70,Mostly Clear,0,3,False,False,False,False,False,0.0
2026-10-01T03:39:00Z,KY,KY00065IS0005900N65NRA059,37.2384,-85.9271,70,Mostly Clear,0,3,False,False,False,False,False,0.0
2026-10-01T03:39:00Z,KY,KY00075IS0003300NWEIGHS33,37.0422,-84.0968,66,Mostly Clear,0,3,False,False,False,False,False,0.0
2026-10-01T03:39:00Z,KY,KY00075IS0003400SWEIGHS34,37.048,-84.0997,66,Mostly Clear,0,3,False,False,False,False,False,0.0
2026-10-01T03:39:00Z,KY,KY00075IS0017700N75NRA177,38.937,-84.6309,70,Partly Cloudy,0,5,False,False,False,False,False,0.0
2026-10-01T03:39:00Z,KY,KY00075IS0007500SWALTONWS,38.8653,-84.6476,70,Partly Cloudy,0,5,False,False,False,False,False,0.0
2026-10-01T03:39:00Z,KY,KY00075IS0017700S75SRA177,38.9388,-84.6339,69,Partly Cloudy,0,5,False,False,False,False,False,0.0
2026-10-01T03:39:00Z,KY,KY00075IS0016800SCRITENWS,38.8196,-84.6015,70,Partly Cloudy,0,5,False,False,False,False,False,0.0
2026-10-01T03:39:00Z,KY,KY00075IS0000100N75WELCOM,36.6162,-84.1054,66,Mostly Clear,0,3,False,False,False,False,False,0.0
2026-10-01T03:54:00Z,IL,IL00055IN010400050,39.8627,-89.5948,73,Mostly Cloudy,7,6,False,False,False,False,True,0.2
2026-10-01T03:54:00Z,IL,IL00057IN007900034,38.0297,-88.9203,75,Mostly Cloudy,0,7,False,False,False,False,True,0.2
2026-10-01T03:54:00Z,IL,IL00055IN014900028,40.3599,-89.1099,69,Mostly Cloudy,8,7,False,False,False,False,True,0.2
2026-10-01T03:54:00Z,IL,IL00055IN019400031,40.8234,-88.6875,67,Chance Rain Showers,53,5,False,False,True,False,True,0.2
2026-10-01T03:54:00Z,IL,IL00057IN011400033,38.5963,-88.9638,76,Mostly Cloudy,1,7,False,False,False,False,True,0.2
2026-10-01T03:54:00Z,IL,IL00064IE002500038,38.5481,-89.7731,77,Mostly Cloudy,2,8,False,False,False,False,True,0.2
2026-10-01T03:54:00Z,IL,IL00055IN002700029,38.8649,-89.8532,77,Mostly Cloudy,2,8,False,False,False,False,True,0.2
2026-10-01T03:54:00Z,IL,IL00057IN022200048,39.9218,-88.299,72,Mostly Cloudy,1,8,False,False,False,False,True,0.2
2026-10-01T03:54:00Z,IL,IL00057IS033300046,41.3918,-87.7749,65,Rain Showers,80,5,False,False,True,False,True,0.2
2026-10-01T03:54:00Z,IL,IL00080IE011700043,41.4314,-88.3454,66,Rain Showers,83,5,False,False,True,False,True,0.2
2026-10-01T03:54:00Z,IL,IL00057IS022200054,39.9314,-88.3043,72,Mostly Cloudy,1,8,False,False,False,False,True,0.2
2026-10-01T03:54:00Z,IL,IL00057IS026800022,40.5613,-88.0615,68,Chance Rain Showers,48,5,False,False,True,False,True,0.2
2026-10-01T03:54:00Z,IL,IL00055IN006400027,39.3465,-89.6408,75,Mostly Cloudy,3,7,False,False,False,False,True,0.2
2026-10-01T03:54:00Z,IL,IL00057IN026800032,40.5505,-88.0605,68,Chance Rain Showers,48,5,False,False,True,False,True,0.2
2026-10-01T03:54:00Z,IL,IL00080IE005100040,41.3938,-89.5665,64,Chance Showers And Thunderstorms,39,5,False,False,True,True,True,0.2
2026-10-01T03:54:00Z,IL,IL00064IW008500012,38.2766,-88.8012,73,Mostly Cloudy,1,7,False,False,False,False,True,0.2
2026-10-01T03:54:00Z,IL,IL00070IE008600051,39.0651,-88.6745,75,Mostly Cloudy,1,7,False,False,False,False,True,0.2
2026-10-01T03:54:00Z,IL,IL00070IE002700042,38.7849,-89.7023,77,Mostly Cloudy,2,8,False,False,False,False,True,0.2
2026-10-01T03:54:00Z,IL,IL00024IW003700010,37.1593,-88.6798,73,Mostly Cloudy,0,5,False,False,False,False,True,0.2
2026-10-01T03:54:00Z,IL,IL00064IE008500039,38.273,-88.8496,73,Mostly Cloudy,1,7,False,False,False,False,True,0.2
2026-10-01T03:54:00Z,IL,IL00074IW015600009,40.2711,-88.6701,69,Mostly Cloudy,4,6,False,False,False,False,True,0.2
2026-10-01T03:54:00Z,IL,IL00064IW002500011,38.5491,-89.7633,78,Mostly Cloudy,1,8,False,False,False,False,True,0.2
2026-10-01T03:54:00Z,IL,IL00080IW005100013,41.3937,-89.5591,64,Chance Showers And Thunderstorms,39,0,False,False,True,True,True,0.2
2026-10-01T03:54:00Z,IL,IL00074IW020800052,40.1298,-87.7441,69,Mostly Cloudy,2,6,False,False,False,False,True,0.2
2026-10-01T03:54:00Z,IL,IL00070IW002700015,38.7884,-89.6889,77,Mostly Cloudy,2,8,False,False,False,False,True,0.2
2026-10-01T03:54:00Z,IL,IL00055IS002700019,38.8723,-89.8511,77,Mostly Cloudy,2,8,False,False,False,False,True,0.2
2026-10-01T03:54:00Z,IL,IL00057IS007900047,38.0962,-88.9138,77,Mostly Cloudy,1,8,False,False,False,False,True,0.2
2026-10-01T03:54:00Z,IL,IL00074IE002800030,41.2334,-90.333,66,Chance Showers And Thunderstorms,44,5,False,False,True,True,True,0.2
2026-10-01T03:54:00Z,IL,IL00055IS006400017,39.3523,-89.6447,75,Mostly Cloudy,2,7,False,False,False,False,True,0.2
2026-10-01T03:54:00Z,IL,IL00074IE015600037,40.2732,-88.6762,69,Mostly Cloudy,4,6,False,False,False,False,True,0.2
2026-10-01T03:54:00Z,IL,IL00072IW015200014,39.9888,-88.7852,71,Mostly Cloudy,3,7,False,False,False,False,True,0.2
2026-10-01T03:54:00Z,IL,IL00064IW013000053,38.2322,-87.9882,73,Mostly Cloudy,0,6,False,False,False,False,True,0.2
2026-10-01T03:54:00Z,IL,IL00055IS019400021,40.8371,-88.6833,67,Chance Rain Showers,54,5,False,False,True,False,True,0.2
2026-10-01T03:54:00Z,IL,IL00057IS011400023,38.5965,-88.9677,76,Mostly Cloudy,1,7,False,False,False,False,True,0.2
2026-10-01T03:54:00Z,IL,IL00039IN008500036,41.7236,-89.0062,65,Rain Showers,80,5,False,False,True,False,True,0.2
2026-10-01T03:54:00Z,IL,IL00080IW011700016,41.4473,-88.3285,66,Rain Showers,83,5,False,False,True,False,True,0.2
2026-10-01T03:54:00Z,IL,IL00074IW002800020,41.2141,-90.3308,66,Chance Showers And Thunderstorms,44,5,False,False,True,True,True,0.2
2026-10-01T03:54:00Z,IL,IL00039IS008500026,41.7285,-89.0105,65,Rain Showers,80,5,False,False,True,False,True,0.2
2026-10-01T03:54:00Z,IL,IL00057IN033300049,41.3892,-87.7729,66,Rain Showers,83,5,False,False,True,False,True,0.2
2026-10-01T03:54:00Z,IL,IL00074IW011400006,40.6111,-89.2323,68,Mostly Cloudy,14,5,False,False,False,False,True,0.2
2026-10-01T03:54:00Z,IL,IL00070IW014900008,39.4228,-87.6617,74,Mostly Cloudy,2,7,False,False,False,False,True,0.2
2026-10-01T03:54:00Z,IL,IL00074IE011400005,40.6125,-89.245,68,Mostly Cloudy,14,5,False,False,False,False,True,0.2
2026-10-01T03:54:00Z,IL,IL00074IW006200004,40.8802,-90.0895,66,Chance Rain Showers,38,2,False,False,True,False,True,0.2
2026-10-01T03:54:00Z,IL,IL00074IE006200001,40.8788,-90.0936,66,Chance Rain Showers,38,2,False,False,True,False,True,0.2
2026-10-01T03:54:00Z,IL,IL00055IS010400024,39.8871,-89.5966,73,Mostly Cloudy,7,6,False,False,False,False,True,0.2
2026-10-01T03:54:00Z,IL,IL00057IS003200025,37.4699,-89.1329,73,Partly Cloudy,0,5,False,False,False,False,True,0.2
2026-10-01T03:54:00Z,IL,IL00057IN003200035,37.4661,-89.1324,73,Partly Cloudy,0,5,False,False,False,False,True,0.2
2026-10-01T03:54:00Z,IL,IL00070IW008700045,39.0679,-88.6704,74,Mostly Cloudy,1,7,False,False,False,False,True,0.2
2026-10-01T03:54:00Z,IL,IL00057IS016500018,39.1993,-88.502,75,Mostly Cloudy,1,8,False,False,False,False,True,0.2
2026-10-01T03:54:00Z,IL,IL00057IN016500044,39.1898,-88.5031,75,Mostly Cloudy,1,8,False,False,False,False,True,0.2
2026-10-01T03:54:00Z,IL,IL00072IE015200041,39.9923,-88.7827,71,Mostly Cloudy,3,7,False,False,False,False,True,0.2
2026-10-01T03:54:00Z,IN,322,38.195,-87.8597,73,Mostly Cloudy,0,6,False,False,False,False,False,0.0
2026-10-01T03:54:00Z,IN,317,38.5852,-85.7768,69,Partly Cloudy,0,5,False,False,False,False,False,0.0
2026-10-01T03:54:00Z,IN,316,38.5859,-85.7809,70,Mostly Clear,0,5,False,False,False,False,False,0.0
2026-10-01T03:54:00Z,IN,315,39.2602,-85.9521,69,Partly Cloudy,1,1,False,False,False,False,False,0.0
2026-10-01T03:54:00Z,IN,314,39.2767,-85.9569,68,Partly Cloudy,1,3,False,False,False,False,False,0.0
2026-10-01T03:54:00Z,IN,313,40.1578,-86.5387,69,Mostly Cloudy,2,3,False,False,False,False,False,0.0
2026-10-01T03:54:00Z,IN,312,40.1722,-86.5522,69,Mostly Cloudy,2,7,False,False,False,False,False,0.0
2026-10-01T03:54:00Z,IN,311,40.6992,-87.0628,69,Chance Rain Showers,39,5,False,False,True,False,False,0.05
2026-10-01T03:54:00Z,IN,310,40.6984,-87.0646,69,Chance Rain Showers,39,5,False,False,True,False,False,0.05
2026-10-01T03:54:00Z,IN,308,41.1653,-87.271,66,Rain Showers,77,5,False,False,True,False,False,0.05
2026-10-01T03:54:00Z,IN,309,41.1666,-87.2749,66,Rain Showers,77,5,False,False,True,False,False,0.05
2026-10-01T03:54:00Z,IN,318,40.3543,-85.5576,68,Mostly Cloudy,3,6,False,False,False,False,False,0.0
2026-10-01T03:54:00Z,IN,319,40.3569,-85.56,68,Mostly Cloudy,3,6,False,False,False,False,False,0.0
2026-10-01T03:54:00Z,IN,320,41.2963,-85.0863,65,Rain Showers Likely,57,5,False,False,True,False,False,0.05
2026-10-01T03:54:00Z,IN,321,41.5803,-85.0597,65,Rain Showers Likely,62,5,False,False,True,False,False,0.05
2026-10-01T03:54:00Z,IN,300,39.4417,-87.5002,72,Mostly Cloudy,1,5,False,False,False,False,False,0.0
2026-10-01T03:54:00Z,IN,302,39.6517,-86.3967,69,Mostly Cloudy,1,6,False,False,False,False,False,0.0
2026-10-01T03:54:00Z,IN,301,39.6541,-86.4005,69,Mostly Cloudy,1,6,False,False,False,False,False,0.0
2026-10-01T03:54:00Z,IN,303,39.8243,-85.7039,68,Partly Cloudy,1,6,False,False,False,False,False,0.0
2026-10-01T03:54:00Z,IN,304,39.8266,-85.704,68,Partly Cloudy,1,6,False,False,False,False,False,0.0
2026-10-01T03:54:00Z,IN,305,39.8605,-85.0259,68,Partly Cloudy,1,5,False,False,False,False,False,0.0
2026-10-01T03:54:00Z,IN,323,39.29,-85.1688,68,Partly Cloudy,0,3,False,False,False,False,False,0.0
2026-10-01T03:54:00Z,IN,702,41.7472,-85.3285,64,Rain Showers Likely,64,5,False,False,True,False,False,0.05
2026-10-01T03:54:00Z,IN,701,41.5889,-87.2173,65,Rain Showers,83,10,False,False,True,False,False,0.05
2026-10-01T03:54:00Z,IN,704,41.7058,-86.6212,64,Rain Showers Likely,62,5,False,False,True,False,False,0.05
2026-10-01T03:54:00Z,IN,703,41.7071,-86.6235,64,Rain Showers Likely,62,5,False,False,True,False,False,0.05
2026-10-01T03:54:00Z,IN,705,41.733,-86.0057,63,Rain Showers Likely,69,5,False,False,True,False,False,0.05
2026-10-01T03:54:00Z,IN,708,41.7472,-85.3285,64,Rain Showers Likely,64,5,False,False,True,False,False,0.05
2026-10-01T03:54:00Z,IN,707,41.7453,-85.3287,64,Rain Showers Likely,64,5,False,False,True,False,False,0.05
2026-10-01T03:54:00Z,IN,324,41.7353,-86.7933,63,Rain Showers Likely,61,5,False,False,True,False,False,0.05
2026-10-01T03:54:00Z,KY,KY00065IS0000020N65WELCOM,36.6434,-86.5687,69,Partly Cloudy,0,5,False,False,False,False,False,0.0
2026-10-01T03:54:00Z,KY,KY00065IS000020NSMARATHON,36.6612,-86.5553,70,Partly Cloudy,0,7,False,False,False,False,False,0.0
2026-10-01T03:54:00Z,KY,KY00065IS0000340NWEIGHS34,36.6868,-86.5379,70,Partly Cloudy,0,7,False,False,False,False,False,0.0
2026-10-01T03:54:00Z,KY,KY00065IS0011400S65SRA114,37.9464,-85.6905,70,Partly Cloudy,0,5,False,False,False,False,False,0.0
2026-10-01T03:54:00Z,KY,KY00065IS0005900S65SRA059,37.239,-85.9297,68,Mostly Clear,0,3,False,False,False,False,False,0.0
2026-10-01T03:54:00Z,KY,KY00065IS0005900N65NRA059,37.2384,-85.9271,70,Mostly Clear,0,3,False,False,False,False,False,0.0
2026-10-01T03:54:00Z,KY,KY00075IS0003300NWEIGHS33,37.0422,-84.0968,60,Mostly Clear,0,2,False,False,False,False,False,0.0
2026-10-01T03:54:00Z,KY,KY00075IS0003400SWEIGHS34,37.048,-84.0997,61,Mostly Clear,0,2,False,False,False,False,False,0.0
2026-10-01T03:54:00Z,KY,KY00075IS0017700N75NRA177,38.937,-84.6309,69,Partly Cloudy,0,5,False,False,False,False,False,0.0
2026-10-01T03:54:00Z,KY,KY00075IS0007500SWALTONWS,38.8653,-84.6476,69,Partly Cloudy,0,5,False,False,False,False,False,0.0
2026-10-01T03:54:00Z,KY,KY00075IS0017700S75SRA177,38.9388,-84.6339,69,Partly Cloudy,0,5,False,False,False,False,False,0.0
2026-10-01T03:54:00Z,KY,KY00075IS0016800SCRITENWS,38.8196,-84.6015,70,Mostly Clear,0,5,False,False,False,False,False,0.0
2026-10-01T03:54:00Z,KY,KY00075IS0000100N75WELCOM,36.6162,-84.1054,57,Mostly Clear,0,3,False,False,False,False,False,0.0
2026-10-01T04:09:01Z,IL,IL00055IN010400050,39.8627,-89.5948,73,Mostly Cloudy,7,6,False,False,False,False,True,0.2
2026-10-01T04:09:01Z,IL,IL00057IN007900034,38.0297,-88.9203,75,Mostly Cloudy,0,7,False,False,False,False,True,0.2
2026-10-01T04:09:01Z,IL,IL00055IN014900028,40.3599,-89.1099,69,Mostly Cloudy,8,7,False,False,False,False,True,0.2
2026-10-01T04:09:01Z,IL,IL00055IN019400031,40.8234,-88.6875,67,Chance Rain Showers,53,5,False,False,True,False,True,0.2
2026-10-01T04:09:01Z,IL,IL00057IN011400033,38.5963,-88.9638,76,Mostly Cloudy,1,7,False,False,False,False,True,0.2
2026-10-01T04:09:01Z,IL,IL00064IE002500038,38.5481,-89.7731,77,Mostly Cloudy,2,8,False,False,False,False,True,0.2
2026-10-01T04:09:01Z,IL,IL00055IN002700029,38.8649,-89.8532,77,Mostly Cloudy,2,8,False,False,False,False,True,0.2
2026-10-01T04:09:01Z,IL,IL00057IN022200048,39.9218,-88.299,72,Mostly Cloudy,1,8,False,False,False,False,True,0.2
2026-10-01T04:09:01Z,IL,IL00057IS033300046,41.3918,-87.7749,65,Rain Showers,80,5,False,False,True,False,True,0.2
2026-10-01T04:09:01Z,IL,IL00080IE011700043,41.4314,-88.3454,66,Rain Showers,80,5,False,False,True,False,True,0.2
2026-10-01T04:09:01Z,IL,IL00057IS022200054,39.9314,-88.3043,72,Mostly Cloudy,1,8,False,False,False,False,True,0.2
2026-10-01T04:09:01Z,IL,IL00057IS026800022,40.5613,-88.0615,68,Chance Rain Showers,48,5,False,False,True,False,True,0.2
2026-10-01T04:09:01Z,IL,IL00055IN006400027,39.3465,-89.6408,75,Mostly Cloudy,2,7,False,False,False,False,True,0.2
2026-10-01T04:09:01Z,IL,IL00057IN026800032,40.5505,-88.0605,68,Chance Rain Showers,48,5,False,False,True,False,True,0.2
2026-10-01T04:09:01Z,IL,IL00080IE005100040,41.3938,-89.5665,64,Chance Showers And Thunderstorms,39,5,False,False,True,True,True,0.2
2026-10-01T04:09:01Z,IL,IL00064IW008500012,38.2766,-88.8012,73,Mostly Cloudy,1,7,False,False,False,False,True,0.2
2026-10-01T04:09:01Z,IL,IL00070IE008600051,39.0651,-88.6745,75,Mostly Cloudy,1,7,False,False,False,False,True,0.2
2026-10-01T04:09:01Z,IL,IL00070IE002700042,38.7849,-89.7023,77,Mostly Cloudy,2,8,False,False,False,False,True,0.2
2026-10-01T04:09:01Z,IL,IL00024IW003700010,37.1593,-88.6798,69,Partly Cloudy,0,1,False,False,False,False,True,0.2
2026-10-01T04:09:01Z,IL,IL00064IE008500039,38.273,-88.8496,73,Mostly Cloudy,1,7,False,False,False,False,True,0.2
2026-10-01T04:09:01Z,IL,IL00074IW015600009,40.2711,-88.6701,69,Mostly Cloudy,4,6,False,False,False,False,True,0.2
2026-10-01T04:09:01Z,IL,IL00064IW002500011,38.5491,-89.7633,77,Mostly Cloudy,2,8,False,False,False,False,True,0.2
2026-10-01T04:09:01Z,IL,IL00080IW005100013,41.3937,-89.5591,64,Chance Showers And Thunderstorms,39,0,False,False,True,True,True,0.2
2026-10-01T04:09:01Z,IL,IL00074IW020800052,40.1298,-87.7441,69,Mostly Cloudy,2,6,False,False,False,False,True,0.2
2026-10-01T04:09:01Z,IL,IL00070IW002700015,38.7884,-89.6889,77,Mostly Cloudy,2,8,False,False,False,False,True,0.2
2026-10-01T04:09:01Z,IL,IL00055IS002700019,38.8723,-89.8511,77,Mostly Cloudy,2,8,False,False,False,False,True,0.2
2026-10-01T04:09:01Z,IL,IL00057IS007900047,38.0962,-88.9138,77,Mostly Cloudy,1,8,False,False,False,False,True,0.2
2026-10-01T04:09:01Z,IL,IL00074IE002800030,41.2334,-90.333,66,Chance Showers And Thunderstorms,44,5,False,False,True,True,True,0.2
2026-10-01T04:09:01Z,IL,IL00055IS006400017,39.3523,-89.6447,75,Mostly Cloudy,2,7,False,False,False,False,True,0.2
2026-10-01T04:09:01Z,IL,IL00074IE015600037,40.2732,-88.6762,69,Mostly Cloudy,4,6,False,False,False,False,True,0.2
2026-10-01T04:09:01Z,IL,IL00072IW015200014,39.9888,-88.7852,71,Mostly Cloudy,3,7,False,False,False,False,True,0.2
2026-10-01T04:09:01Z,IL,IL00064IW013000053,38.2322,-87.9882,73,Mostly Cloudy,0,6,False,False,False,False,True,0.2
2026-10-01T04:09:01Z,IL,IL00055IS019400021,40.8371,-88.6833,67,Chance Rain Showers,54,5,False,False,True,False,True,0.2
2026-10-01T04:09:01Z,IL,IL00057IS011400023,38.5965,-88.9677,76,Mostly Cloudy,1,7,False,False,False,False,True,0.2
2026-10-01T04:09:01Z,IL,IL00039IN008500036,41.7236,-89.0062,65,Rain Showers,80,5,False,False,True,False,True,0.2
2026-10-01T04:09:01Z,IL,IL00080IW011700016,41.4473,-88.3285,66,Rain Showers,80,5,False,False,True,False,True,0.2
2026-10-01T04:09:01Z,IL,IL00074IW002800020,41.2141,-90.3308,66,Chance Showers And Thunderstorms,44,5,False,False,True,True,True,0.2
2026-10-01T04:09:01Z,IL,IL00039IS008500026,41.7285,-89.0105,65,Rain Showers,80,5,False,False,True,False,True,0.2
2026-10-01T04:09:01Z,IL,IL00057IN033300049,41.3892,-87.7729,65,Rain Showers,80,5,False,False,True,False,True,0.2
2026-10-01T04:09:01Z,IL,IL00074IW011400006,40.6111,-89.2323,68,Mostly Cloudy,14,5,False,False,False,False,True,0.2
2026-10-01T04:09:01Z,IL,IL00070IW014900008,39.4228,-87.6617,72,Mostly Cloudy,1,7,False,False,False,False,True,0.2
2026-10-01T04:09:01Z,IL,IL00074IE011400005,40.6125,-89.245,68,Mostly Cloudy,14,5,False,False,False,False,True,0.2
2026-10-01T04:09:01Z,IL,IL00074IW006200004,40.8802,-90.0895,66,Chance Rain Showers,38,2,False,False,True,False,True,0.2
2026-10-01T04:09:01Z,IL,IL00074IE006200001,40.8788,-90.0936,66,Chance Rain Showers,38,2,False,False,True,False,True,0.2
2026-10-01T04:09:01Z,IL,IL00055IS010400024,39.8871,-89.5966,73,Mostly Cloudy,7,6,False,False,False,False,True,0.2
2026-10-01T04:09:01Z,IL,IL00057IS003200025,37.4699,-89.1329,73,Partly Cloudy,0,5,False,False,False,False,True,0.2
2026-10-01T04:09:01Z,IL,IL00057IN003200035,37.4661,-89.1324,73,Partly Cloudy,0,5,False,False,False,False,True,0.2
2026-10-01T04:09:01Z,IL,IL00070IW008700045,39.0679,-88.6704,75,Mostly Cloudy,1,7,False,False,False,False,True,0.2
2026-10-01T04:09:01Z,IL,IL00057IS016500018,39.1993,-88.502,75,Mostly Cloudy,1,8,False,False,False,False,True,0.2
2026-10-01T04:09:01Z,IL,IL00057IN016500044,39.1898,-88.5031,75,Mostly Cloudy,1,8,False,False,False,False,True,0.2
2026-10-01T04:09:01Z,IL,IL00072IE015200041,39.9923,-88.7827,71,Mostly Cloudy,3,7,False,False,False,False,True,0.2
2026-10-01T04:09:01Z,IN,322,38.195,-87.8597,73,Mostly Cloudy,0,6,False,False,False,False,False,0.0
2026-10-01T04:09:01Z,IN,317,38.5852,-85.7768,69,Partly Cloudy,0,5,False,False,False,False,False,0.0
2026-10-01T04:09:01Z,IN,316,38.5859,-85.7809,69,Partly Cloudy,0,5,False,False,False,False,False,0.0
2026-10-01T04:09:01Z,IN,315,39.2602,-85.9521,67,Partly Cloudy,1,3,False,False,False,False,False,0.0
2026-10-01T04:09:01Z,IN,314,39.2767,-85.9569,68,Partly Cloudy,1,3,False,False,False,False,False,0.0
2026-10-01T04:09:01Z,IN,313,40.1578,-86.5387,69,Mostly Cloudy,2,7,False,False,False,False,False,0.0
2026-10-01T04:09:01Z,IN,312,40.1722,-86.5522,69,Mostly Cloudy,2,7,False,False,False,False,False,0.0
2026-10-01T04:09:01Z,IN,311,40.6992,-87.0628,69,Chance Rain Showers,39,5,False,False,True,False,False,0.05
2026-10-01T04:09:01Z,IN,310,40.6984,-87.0646,69,Chance Rain Showers,39,5,False,False,True,False,False,0.05
2026-10-01T04:09:01Z,IN,308,41.1653,-87.271,66,Rain Showers,77,5,False,False,True,False,False,0.05
2026-10-01T04:09:01Z,IN,309,41.1666,-87.2749,66,Rain Showers,77,5,False,False,True,False,False,0.05
2026-10-01T04:09:01Z,IN,318,40.3543,-85.5576,68,Mostly Cloudy,3,6,False,False,False,False,False,0.0
2026-10-01T04:09:01Z,IN,319,40.3569,-85.56,68,Mostly Cloudy,3,6,False,False,False,False,False,0.0
2026-10-01T04:09:01Z,IN,320,41.2963,-85.0863,65,Rain Showers Likely,57,5,False,False,True,False,False,0.05
2026-10-01T04:09:01Z,IN,321,41.5803,-85.0597,65,Rain Showers Likely,62,5,False,False,True,False,False,0.05
2026-10-01T04:09:01Z,IN,300,39.4417,-87.5002,70,Mostly Cloudy,1,6,False,False,False,False,False,0.0
2026-10-01T04:09:01Z,IN,302,39.6517,-86.3967,69,Mostly Cloudy,1,6,False,False,False,False,False,0.0
2026-10-01T04:09:01Z,IN,301,39.6541,-86.4005,69,Mostly Cloudy,1,6,False,False,False,False,False,0.0
2026-10-01T04:09:01Z,IN,303,39.8243,-85.7039,68,Partly Cloudy,1,6,False,False,False,False,False,0.0
2026-10-01T04:09:01Z,IN,304,39.8266,-85.704,68,Partly Cloudy,1,6,False,False,False,False,False,0.0
2026-10-01T04:09:01Z,IN,305,39.8605,-85.0259,68,Partly Cloudy,1,5,False,False,False,False,False,0.0
2026-10-01T04:09:01Z,IN,323,39.29,-85.1688,68,Partly Cloudy,0,3,False,False,False,False,False,0.0
2026-10-01T04:09:01Z,IN,702,41.7472,-85.3285,64,Rain Showers Likely,64,5,False,False,True,False,False,0.05
2026-10-01T04:09:01Z,IN,701,41.5889,-87.2173,65,Rain Showers,80,5,False,False,True,False,False,0.05
2026-10-01T04:09:01Z,IN,704,41.7058,-86.6212,64,Rain Showers Likely,62,5,False,False,True,False,False,0.05
2026-10-01T04:09:01Z,IN,703,41.7071,-86.6235,64,Rain Showers Likely,62,5,False,False,True,False,False,0.05
2026-10-01T04:09:01Z,IN,705,41.733,-86.0057,64,Rain Showers Likely,63,5,False,False,True,False,False,0.05
2026-10-01T04:09:01Z,IN,708,41.7472,-85.3285,64,Rain Showers Likely,64,5,False,False,True,False,False,0.05
2026-10-01T04:09:01Z,IN,707,41.7453,-85.3287,64,Rain Showers Likely,64,5,False,False,True,False,False,0.05
2026-10-01T04:09:01Z,IN,324,41.7353,-86.7933,63,Rain Showers Likely,61,5,False,False,True,False,False,0.05
2026-10-01T04:09:01Z,KY,KY00065IS0000020N65WELCOM,36.6434,-86.5687,69,Partly Cloudy,0,5,False,False,False,False,False,0.0
2026-10-01T04:09:01Z,KY,KY00065IS000020NSMARATHON,36.6612,-86.5553,70,Partly Cloudy,0,7,False,False,False,False,False,0.0
2026-10-01T04:09:01Z,KY,KY00065IS0000340NWEIGHS34,36.6868,-86.5379,70,Partly Cloudy,0,7,False,False,False,False,False,0.0
2026-10-01T04:09:01Z,KY,KY00065IS0011400S65SRA114,37.9464,-85.6905,70,Partly Cloudy,0,5,False,False,False,False,False,0.0
2026-10-01T04:09:01Z,KY,KY00065IS0005900S65SRA059,37.239,-85.9297,68,Mostly Clear,0,3,False,False,False,False,False,0.0
2026-10-01T04:09:01Z,KY,KY00065IS0005900N65NRA059,37.2384,-85.9271,68,Mostly Clear,0,3,False,False,False,False,False,0.0
2026-10-01T04:09:01Z,KY,KY00075IS0003300NWEIGHS33,37.0422,-84.0968,60,Mostly Clear,0,2,False,False,False,False,False,0.0
2026-10-01T04:09:01Z,KY,KY00075IS0003400SWEIGHS34,37.048,-84.0997,61,Mostly Clear,0,2,False,False,False,False,False,0.0
2026-10-01T04:09:01Z,KY,KY00075IS0017700N75NRA177,38.937,-84.6309,69,Partly Cloudy,0,5,False,False,False,False,False,0.0
2026-10-01T04:09:01Z,KY,KY00075IS0007500SWALTONWS,38.8653,-84.6476,69,Partly Cloudy,0,5,False,False,False,False,False,0.0
2026-10-01T04:09:01Z,KY,KY00075IS0017700S75SRA177,38.9388,-84.6339,69,Partly Cloudy,0,5,False,False,False,False,False,0.0
2026-10-01T04:09:01Z,KY,KY00075IS0016800SCRITENWS,38.8196,-84.6015,70,Mostly Clear,0,5,False,False,False,False,False,0.0
2026-10-01T04:09:01Z,KY,KY00075IS0000100N75WELCOM,36.6162,-84.1054,57,Mostly Clear,0,3,False,False,False,False,False,0.0
2026-10-01T04:09:06Z,IL,IL00055IN010400050,39.8627,-89.5948,73,Mostly Cloudy,7,6,False,False,False,False,True,0.2
2026-10-01T04:09:06Z,IL,IL00057IN007900034,38.0297,-88.9203,75,Mostly Cloudy,0,7,False,False,False,False,True,0.2
2026-10-01T04:09:06Z,IL,IL00055IN014900028,40.3599,-89.1099,69,Mostly Cloudy,8,7,False,False,False,False,True,0.2
2026-10-01T04:09:06Z,IL,IL00055IN019400031,40.8234,-88.6875,67,Chance Rain Showers,53,5,False,False,True,False,True,0.2
2026-10-01T04:09:06Z,IL,IL00057IN011400033,38.5963,-88.9638,76,Mostly Cloudy,1,7,False,False,False,False,True,0.2
2026-10-01T04:09:06Z,IL,IL00064IE002500038,38.5481,-89.7731,77,Mostly Cloudy,2,8,False,False,False,False,True,0.2
2026-10-01T04:09:06Z,IL,IL00055IN002700029,38.8649,-89.8532,77,Mostly Cloudy,2,8,False,False,False,False,True,0.2
2026-10-01T04:09:06Z,IL,IL00057IN022200048,39.9218,-88.299,72,Mostly Cloudy,1,8,False,False,False,False,True,0.2
2026-10-01T04:09:06Z,IL,IL00057IS033300046,41.3918,-87.7749,65,Rain Showers,80,5,False,False,True,False,True,0.2
2026-10-01T04:09:06Z,IL,IL00080IE011700043,41.4314,-88.3454,66,Rain Showers,80,5,False,False,True,False,True,0.2
2026-10-01T04:09:06Z,IL,IL00057IS022200054,39.9314,-88.3043,72,Mostly Cloudy,1,8,False,False,False,False,True,0.2
2026-10-01T04:09:06Z,IL,IL00057IS026800022,40.5613,-88.0615,68,Chance Rain Showers,48,5,False,False,True,False,True,0.2
2026-10-01T04:09:06Z,IL,IL00055IN006400027,39.3465,-89.6408,75,Mostly Cloudy,2,7,False,False,False,False,True,0.2
2026-10-01T04:09:06Z,IL,IL00057IN026800032,40.5505,-88.0605,68,Chance Rain Showers,48,5,False,False,True,False,True,0.2
2026-10-01T04:09:06Z,IL,IL00080IE005100040,41.3938,-89.5665,64,Chance Showers And Thunderstorms,39,5,False,False,True,True,True,0.2
2026-10-01T04:09:06Z,IL,IL00064IW008500012,38.2766,-88.8012,73,Mostly Cloudy,1,7,False,False,False,False,True,0.2
2026-10-01T04:09:06Z,IL,IL00070IE008600051,39.0651,-88.6745,75,Mostly Cloudy,1,7,False,False,False,False,True,0.2
2026-10-01T04:09:06Z,IL,IL00070IE002700042,38.7849,-89.7023,77,Mostly Cloudy,2,8,False,False,False,False,True,0.2
2026-10-01T04:09:06Z,IL,IL00024IW003700010,37.1593,-88.6798,69,Partly Cloudy,0,1,False,False,False,False,True,0.2
2026-10-01T04:09:06Z,IL,IL00064IE008500039,38.273,-88.8496,73,Mostly Cloudy,1,7,False,False,False,False,True,0.2
2026-10-01T04:09:06Z,IL,IL00074IW015600009,40.2711,-88.6701,69,Mostly Cloudy,4,6,False,False,False,False,True,0.2
2026-10-01T04:09:06Z,IL,IL00064IW002500011,38.5491,-89.7633,77,Mostly Cloudy,2,8,False,False,False,False,True,0.2
2026-10-01T04:09:06Z,IL,IL00080IW005100013,41.3937,-89.5591,64,Chance Showers And Thunderstorms,39,0,False,False,True,True,True,0.2
2026-10-01T04:09:06Z,IL,IL00074IW020800052,40.1298,-87.7441,69,Mostly Cloudy,2,6,False,False,False,False,True,0.2
2026-10-01T04:09:06Z,IL,IL00070IW002700015,38.7884,-89.6889,77,Mostly Cloudy,2,8,False,False,False,False,True,0.2
2026-10-01T04:09:06Z,IL,IL00055IS002700019,38.8723,-89.8511,77,Mostly Cloudy,2,8,False,False,False,False,True,0.2
2026-10-01T04:09:06Z,IL,IL00057IS007900047,38.0962,-88.9138,77,Mostly Cloudy,1,8,False,False,False,False,True,0.2
2026-10-01T04:09:06Z,IL,IL00074IE002800030,41.2334,-90.333,66,Chance Showers And Thunderstorms,44,5,False,False,True,True,True,0.2
2026-10-01T04:09:06Z,IL,IL00055IS006400017,39.3523,-89.6447,75,Mostly Cloudy,2,7,False,False,False,False,True,0.2
2026-10-01T04:09:06Z,IL,IL00074IE015600037,40.2732,-88.6762,69,Mostly Cloudy,4,6,False,False,False,False,True,0.2
2026-10-01T04:09:06Z,IL,IL00072IW015200014,39.9888,-88.7852,71,Mostly Cloudy,3,7,False,False,False,False,True,0.2
2026-10-01T04:09:06Z,IL,IL00064IW013000053,38.2322,-87.9882,73,Mostly Cloudy,0,6,False,False,False,False,True,0.2
2026-10-01T04:09:06Z,IL,IL00055IS019400021,40.8371,-88.6833,67,Chance Rain Showers,54,5,False,False,True,False,True,0.2
2026-10-01T04:09:06Z,IL,IL00057IS011400023,38.5965,-88.9677,76,Mostly Cloudy,1,7,False,False,False,False,True,0.2
2026-10-01T04:09:06Z,IL,IL00039IN008500036,41.7236,-89.0062,65,Rain Showers,80,5,False,False,True,False,True,0.2
2026-10-01T04:09:06Z,IL,IL00080IW011700016,41.4473,-88.3285,66,Rain Showers,80,5,False,False,True,False,True,0.2
2026-10-01T04:09:06Z,IL,IL00074IW002800020,41.2141,-90.3308,66,Chance Showers And Thunderstorms,44,5,False,False,True,True,True,0.2
2026-10-01T04:09:06Z,IL,IL00039IS008500026,41.7285,-89.0105,65,Rain Showers,80,5,False,False,True,False,True,0.2
2026-10-01T04:09:06Z,IL,IL00057IN033300049,41.3892,-87.7729,65,Rain Showers,80,5,False,False,True,False,True,0.2
2026-10-01T04:09:06Z,IL,IL00074IW011400006,40.6111,-89.2323,68,Mostly Cloudy,14,5,False,False,False,False,True,0.2
2026-10-01T04:09:06Z,IL,IL00070IW014900008,39.4228,-87.6617,72,Mostly Cloudy,1,7,False,False,False,False,True,0.2
2026-10-01T04:09:06Z,IL,IL00074IE011400005,40.6125,-89.245,68,Mostly Cloudy,14,5,False,False,False,False,True,0.2
2026-10-01T04:09:06Z,IL,IL00074IW006200004,40.8802,-90.0895,66,Chance Rain Showers,38,2,False,False,True,False,True,0.2
2026-10-01T04:09:06Z,IL,IL00074IE006200001,40.8788,-90.0936,66,Chance Rain Showers,38,2,False,False,True,False,True,0.2
2026-10-01T04:09:06Z,IL,IL00055IS010400024,39.8871,-89.5966,73,Mostly Cloudy,7,6,False,False,False,False,True,0.2
2026-10-01T04:09:06Z,IL,IL00057IS003200025,37.4699,-89.1329,73,Partly Cloudy,0,5,False,False,False,False,True,0.2
2026-10-01T04:09:06Z,IL,IL00057IN003200035,37.4661,-89.1324,73,Partly Cloudy,0,5,False,False,False,False,True,0.2
2026-10-01T04:09:06Z,IL,IL00070IW008700045,39.0679,-88.6704,75,Mostly Cloudy,1,7,False,False,False,False,True,0.2
2026-10-01T04:09:06Z,IL,IL00057IS016500018,39.1993,-88.502,75,Mostly Cloudy,1,8,False,False,False,False,True,0.2
2026-10-01T04:09:06Z,IL,IL00057IN016500044,39.1898,-88.5031,75,Mostly Cloudy,1,8,False,False,False,False,True,0.2
2026-10-01T04:09:06Z,IL,IL00072IE015200041,39.9923,-88.7827,71,Mostly Cloudy,3,7,False,False,False,False,True,0.2
2026-10-01T04:09:06Z,IN,322,38.195,-87.8597,73,Mostly Cloudy,0,6,False,False,False,False,False,0.0
2026-10-01T04:09:06Z,IN,317,38.5852,-85.7768,69,Partly Cloudy,0,5,False,False,False,False,False,0.0
2026-10-01T04:09:06Z,IN,316,38.5859,-85.7809,69,Partly Cloudy,0,5,False,False,False,False,False,0.0
2026-10-01T04:09:06Z,IN,315,39.2602,-85.9521,67,Partly Cloudy,1,3,False,False,False,False,False,0.0
2026-10-01T04:09:06Z,IN,314,39.2767,-85.9569,68,Partly Cloudy,1,3,False,False,False,False,False,0.0
2026-10-01T04:09:06Z,IN,313,40.1578,-86.5387,69,Mostly Cloudy,2,7,False,False,False,False,False,0.0
2026-10-01T04:09:06Z,IN,312,40.1722,-86.5522,69,Mostly Cloudy,2,7,False,False,False,False,False,0.0
2026-10-01T04:09:06Z,IN,311,40.6992,-87.0628,69,Chance Rain Showers,39,5,False,False,True,False,False,0.05
2026-10-01T04:09:06Z,IN,310,40.6984,-87.0646,69,Chance Rain Showers,39,5,False,False,True,False,False,0.05
2026-10-01T04:09:06Z,IN,308,41.1653,-87.271,66,Rain Showers,77,5,False,False,True,False,False,0.05
2026-10-01T04:09:06Z,IN,309,41.1666,-87.2749,66,Rain Showers,77,5,False,False,True,False,False,0.05
2026-10-01T04:09:06Z,IN,318,40.3543,-85.5576,68,Mostly Cloudy,3,6,False,False,False,False,False,0.0
2026-10-01T04:09:06Z,IN,319,40.3569,-85.56,68,Mostly Cloudy,3,6,False,False,False,False,False,0.0
2026-10-01T04:09:06Z,IN,320,41.2963,-85.0863,65,Rain Showers Likely,57,5,False,False,True,False,False,0.05
2026-10-01T04:09:06Z,IN,321,41.5803,-85.0597,65,Rain Showers Likely,62,5,False,False,True,False,False,0.05
2026-10-01T04:09:06Z,IN,300,39.4417,-87.5002,70,Mostly Cloudy,1,6,False,False,False,False,False,0.0
2026-10-01T04:09:06Z,IN,302,39.6517,-86.3967,69,Mostly Cloudy,1,6,False,False,False,False,False,0.0
2026-10-01T04:09:06Z,IN,301,39.6541,-86.4005,69,Mostly Cloudy,1,6,False,False,False,False,False,0.0
2026-10-01T04:09:06Z,IN,303,39.8243,-85.7039,68,Partly Cloudy,1,6,False,False,False,False,False,0.0
2026-10-01T04:09:06Z,IN,304,39.8266,-85.704,68,Partly Cloudy,1,6,False,False,False,False,False,0.0
2026-10-01T04:09:06Z,IN,305,39.8605,-85.0259,68,Partly Cloudy,1,5,False,False,False,False,False,0.0
2026-10-01T04:09:06Z,IN,323,39.29,-85.1688,68,Partly Cloudy,0,3,False,False,False,False,False,0.0
2026-10-01T04:09:06Z,IN,702,41.7472,-85.3285,64,Rain Showers Likely,64,5,False,False,True,False,False,0.05
2026-10-01T04:09:06Z,IN,701,41.5889,-87.2173,65,Rain Showers,80,5,False,False,True,False,False,0.05
2026-10-01T04:09:06Z,IN,704,41.7058,-86.6212,64,Rain Showers Likely,62,5,False,False,True,False,False,0.05
2026-10-01T04:09:06Z,IN,703,41.7071,-86.6235,64,Rain Showers Likely,62,5,False,False,True,False,False,0.05
2026-10-01T04:09:06Z,IN,705,41.733,-86.0057,64,Rain Showers Likely,63,5,False,False,True,False,False,0.05
2026-10-01T04:09:06Z,IN,708,41.7472,-85.3285,64,Rain Showers Likely,64,5,False,False,True,False,False,0.05
2026-10-01T04:09:06Z,IN,707,41.7453,-85.3287,64,Rain Showers Likely,64,5,False,False,True,False,False,0.05
2026-10-01T04:09:06Z,IN,324,41.7353,-86.7933,63,Rain Showers Likely,61,5,False,False,True,False,False,0.05
2026-10-01T04:09:06Z,KY,KY00065IS0000020N65WELCOM,36.6434,-86.5687,69,Partly Cloudy,0,5,False,False,False,False,False,0.0
2026-10-01T04:09:06Z,KY,KY00065IS000020NSMARATHON,36.6612,-86.5553,70,Partly Cloudy,0,7,False,False,False,False,False,0.0
2026-10-01T04:09:06Z,KY,KY00065IS0000340NWEIGHS34,36.6868,-86.5379,70,Partly Cloudy,0,7,False,False,False,False,False,0.0
2026-10-01T04:09:06Z,KY,KY00065IS0011400S65SRA114,37.9464,-85.6905,70,Partly Cloudy,0,5,False,False,False,False,False,0.0
2026-10-01T04:09:06Z,KY,KY00065IS0005900S65SRA059,37.239,-85.9297,68,Mostly Clear,0,3,False,False,False,False,False,0.0
2026-10-01T04:09:06Z,KY,KY00065IS0005900N65NRA059,37.2384,-85.9271,68,Mostly Clear,0,3,False,False,False,False,False,0.0
2026-10-01T04:09:06Z,KY,KY00075IS0003300NWEIGHS33,37.0422,-84.0968,60,Mostly Clear,0,2,False,False,False,False,False,0.0
2026-10-01T04:09:06Z,KY,KY00075IS0003400SWEIGHS34,37.048,-84.0997,61,Mostly Clear,0,2,False,False,False,False,False,0.0
2026-10-01T04:09:06Z,KY,KY00075IS0017700N75NRA177,38.937,-84.6309,69,Partly Cloudy,0,5,False,False,False,False,False,0.0
2026-10-01T04:09:06Z,KY,KY00075IS0007500SWALTONWS,38.8653,-84.6476,69,Partly Cloudy,0,5,False,False,False,False,False,0.0
2026-10-01T04:09:06Z,KY,KY00075IS0017700S75SRA177,38.9388,-84.6339,69,Partly Cloudy,0,5,False,False,False,False,False,0.0
2026-10-01T04:09:06Z,KY,KY00075IS0016800SCRITENWS,38.8196,-84.6015,70,Mostly Clear,0,5,False,False,False,False,False,0.0
2026-10-01T04:09:06Z,KY,KY00075IS0000100N75WELCOM,36.6162,-84.1054,57,Mostly Clear,0,3,False,False,False,False,False,0.0
2026-10-01T04:09:10Z,IL,IL00055IN010400050,39.8627,-89.5948,73,Mostly Cloudy,7,6,False,False,False,False,True,0.2
2026-10-01T04:09:10Z,IL,IL00057IN007900034,38.0297,-88.9203,75,Mostly Cloudy,0,7,False,False,False,False,True,0.2
2026-10-01T04:09:10Z,IL,IL00055IN014900028,40.3599,-89.1099,69,Mostly Cloudy,8,7,False,False,False,False,True,0.2
2026-10-01T04:09:10Z,IL,IL00055IN019400031,40.8234,-88.6875,67,Chance Rain Showers,53,5,False,False,True,False,True,0.2
2026-10-01T04:09:10Z,IL,IL00057IN011400033,38.5963,-88.9638,76,Mostly Cloudy,1,7,False,False,False,False,True,0.2
2026-10-01T04:09:10Z,IL,IL00064IE002500038,38.5481,-89.7731,77,Mostly Cloudy,2,8,False,False,False,False,True,0.2
2026-10-01T04:09:10Z,IL,IL00055IN002700029,38.8649,-89.8532,77,Mostly Cloudy,2,8,False,False,False,False,True,0.2
2026-10-01T04:09:10Z,IL,IL00057IN022200048,39.9218,-88.299,72,Mostly Cloudy,1,8,False,False,False,False,True,0.2
2026-10-01T04:09:10Z,IL,IL00057IS033300046,41.3918,-87.7749,65,Rain Showers,80,5,False,False,True,False,True,0.2
2026-10-01T04:09:10Z,IL,IL00080IE011700043,41.4314,-88.3454,66,Rain Showers,80,5,False,False,True,False,True,0.2
2026-10-01T04:09:10Z,IL,IL00057IS022200054,39.9314,-88.3043,72,Mostly Cloudy,1,8,False,False,False,False,True,0.2
2026-10-01T04:09:10Z,IL,IL00057IS026800022,40.5613,-88.0615,68,Chance Rain Showers,48,5,False,False,True,False,True,0.2
2026-10-01T04:09:10Z,IL,IL00055IN006400027,39.3465,-89.6408,75,Mostly Cloudy,2,7,False,False,False,False,True,0.2
2026-10-01T04:09:10Z,IL,IL00057IN026800032,40.5505,-88.0605,68,Chance Rain Showers,48,5,False,False,True,False,True,0.2
2026-10-01T04:09:10Z,IL,IL00080IE005100040,41.3938,-89.5665,64,Chance Showers And Thunderstorms,39,5,False,False,True,True,True,0.2
2026-10-01T04:09:10Z,IL,IL00064IW008500012,38.2766,-88.8012,73,Mostly Cloudy,1,7,False,False,False,False,True,0.2
2026-10-01T04:09:10Z,IL,IL00070IE008600051,39.0651,-88.6745,75,Mostly Cloudy,1,7,False,False,False,False,True,0.2
2026-10-01T04:09:10Z,IL,IL00070IE002700042,38.7849,-89.7023,77,Mostly Cloudy,2,8,False,False,False,False,True,0.2
2026-10-01T04:09:10Z,IL,IL00024IW003700010,37.1593,-88.6798,69,Partly Cloudy,0,1,False,False,False,False,True,0.2
2026-10-01T04:09:10Z,IL,IL00064IE008500039,38.273,-88.8496,73,Mostly Cloudy,1,7,False,False,False,False,True,0.2
2026-10-01T04:09:10Z,IL,IL00074IW015600009,40.2711,-88.6701,69,Mostly Cloudy,4,6,False,False,False,False,True,0.2
2026-10-01T04:09:10Z,IL,IL00064IW002500011,38.5491,-89.7633,77,Mostly Cloudy,2,8,False,False,False,False,True,0.2
2026-10-01T04:09:10Z,IL,IL00080IW005100013,41.3937,-89.5591,64,Chance Showers And Thunderstorms,39,0,False,False,True,True,True,0.2
2026-10-01T04:09:10Z,IL,IL00074IW020800052,40.1298,-87.7441,69,Mostly Cloudy,2,6,False,False,False,False,True,0.2
2026-10-01T04:09:10Z,IL,IL00070IW002700015,38.7884,-89.6889,77,Mostly Cloudy,2,8,False,False,False,False,True,0.2
2026-10-01T04:09:10Z,IL,IL00055IS002700019,38.8723,-89.8511,77,Mostly Cloudy,2,8,False,False,False,False,True,0.2
2026-10-01T04:09:10Z,IL,IL00057IS007900047,38.0962,-88.9138,77,Mostly Cloudy,1,8,False,False,False,False,True,0.2
2026-10-01T04:09:10Z,IL,IL00074IE002800030,41.2334,-90.333,66,Chance Showers And Thunderstorms,44,5,False,False,True,True,True,0.2
2026-10-01T04:09:10Z,IL,IL00055IS006400017,39.3523,-89.6447,75,Mostly Cloudy,2,7,False,False,False,False,True,0.2
2026-10-01T04:09:10Z,IL,IL00074IE015600037,40.2732,-88.6762,69,Mostly Cloudy,4,6,False,False,False,False,True,0.2
2026-10-01T04:09:10Z,IL,IL00072IW015200014,39.9888,-88.7852,71,Mostly Cloudy,3,7,False,False,False,False,True,0.2
2026-10-01T04:09:10Z,IL,IL00064IW013000053,38.2322,-87.9882,73,Mostly Cloudy,0,6,False,False,False,False,True,0.2
2026-10-01T04:09:10Z,IL,IL00055IS019400021,40.8371,-88.6833,67,Chance Rain Showers,54,5,False,False,True,False,True,0.2
2026-10-01T04:09:10Z,IL,IL00057IS011400023,38.5965,-88.9677,76,Mostly Cloudy,1,7,False,False,False,False,True,0.2
2026-10-01T04:09:10Z,IL,IL00039IN008500036,41.7236,-89.0062,65,Rain Showers,80,5,False,False,True,False,True,0.2
2026-10-01T04:09:10Z,IL,IL00080IW011700016,41.4473,-88.3285,66,Rain Showers,80,5,False,False,True,False,True,0.2
2026-10-01T04:09:10Z,IL,IL00074IW002800020,41.2141,-90.3308,66,Chance Showers And Thunderstorms,44,5,False,False,True,True,True,0.2
2026-10-01T04:09:10Z,IL,IL00039IS008500026,41.7285,-89.0105,65,Rain Showers,80,5,False,False,True,False,True,0.2
2026-10-01T04:09:10Z,IL,IL00057IN033300049,41.3892,-87.7729,65,Rain Showers,80,5,False,False,True,False,True,0.2
2026-10-01T04:09:10Z,IL,IL00074IW011400006,40.6111,-89.2323,68,Mostly Cloudy,14,5,False,False,False,False,True,0.2
2026-10-01T04:09:10Z,IL,IL00070IW014900008,39.4228,-87.6617,72,Mostly Cloudy,1,7,False,False,False,False,True,0.2
2026-10-01T04:09:10Z,IL,IL00074IE011400005,40.6125,-89.245,68,Mostly Cloudy,14,5,False,False,False,False,True,0.2
2026-10-01T04:09:10Z,IL,IL00074IW006200004,40.8802,-90.0895,66,Chance Rain Showers,38,2,False,False,True,False,True,0.2
2026-10-01T04:09:10Z,IL,IL00074IE006200001,40.8788,-90.0936,66,Chance Rain Showers,38,2,False,False,True,False,True,0.2
2026-10-01T04:09:10Z,IL,IL00055IS010400024,39.8871,-89.5966,73,Mostly Cloudy,7,6,False,False,False,False,True,0.2
2026-10-01T04:09:10Z,IL,IL00057IS003200025,37.4699,-89.1329,73,Partly Cloudy,0,5,False,False,False,False,True,0.2
2026-10-01T04:09:10Z,IL,IL00057IN003200035,37.4661,-89.1324,73,Partly Cloudy,0,5,False,False,False,False,True,0.2
2026-10-01T04:09:10Z,IL,IL00070IW008700045,39.0679,-88.6704,75,Mostly Cloudy,1,7,False,False,False,False,True,0.2
2026-10-01T04:09:10Z,IL,IL00057IS016500018,39.1993,-88.502,75,Mostly Cloudy,1,8,False,False,False,False,True,0.2
2026-10-01T04:09:10Z,IL,IL00057IN016500044,39.1898,-88.5031,75,Mostly Cloudy,1,8,False,False,False,False,True,0.2
2026-10-01T04:09:10Z,IL,IL00072IE015200041,39.9923,-88.7827,71,Mostly Cloudy,3,7,False,False,False,False,True,0.2
2026-10-01T04:09:10Z,IN,322,38.195,-87.8597,73,Mostly Cloudy,0,6,False,False,False,False,False,0.0
2026-10-01T04:09:10Z,IN,317,38.5852,-85.7768,69,Partly Cloudy,0,5,False,False,False,False,False,0.0
2026-10-01T04:09:10Z,IN,316,38.5859,-85.7809,69,Partly Cloudy,0,5,False,False,False,False,False,0.0
2026-10-01T04:09:10Z,IN,315,39.2602,-85.9521,67,Partly Cloudy,1,3,False,False,False,False,False,0.0
2026-10-01T04:09:10Z,IN,314,39.2767,-85.9569,68,Partly Cloudy,1,3,False,False,False,False,False,0.0
2026-10-01T04:09:10Z,IN,313,40.1578,-86.5387,69,Mostly Cloudy,2,7,False,False,False,False,False,0.0
2026-10-01T04:09:10Z,IN,312,40.1722,-86.5522,69,Mostly Cloudy,2,7,False,False,False,False,False,0.0
2026-10-01T04:09:10Z,IN,311,40.6992,-87.0628,69,Chance Rain Showers,39,5,False,False,True,False,False,0.05
2026-10-01T04:09:10Z,IN,310,40.6984,-87.0646,69,Chance Rain Showers,39,5,False,False,True,False,False,0.05
2026-10-01T04:09:10Z,IN,308,41.1653,-87.271,66,Rain Showers,77,5,False,False,True,False,False,0.05
2026-10-01T04:09:10Z,IN,309,41.1666,-87.2749,66,Rain Showers,77,5,False,False,True,False,False,0.05
2026-10-01T04:09:10Z,IN,318,40.3543,-85.5576,68,Mostly Cloudy,3,6,False,False,False,False,False,0.0
2026-10-01T04:09:10Z,IN,319,40.3569,-85.56,68,Mostly Cloudy,3,6,False,False,False,False,False,0.0
2026-10-01T04:09:10Z,IN,320,41.2963,-85.0863,65,Rain Showers Likely,57,5,False,False,True,False,False,0.05
2026-10-01T04:09:10Z,IN,321,41.5803,-85.0597,65,Rain Showers Likely,62,5,False,False,True,False,False,0.05
2026-10-01T04:09:10Z,IN,300,39.4417,-87.5002,70,Mostly Cloudy,1,6,False,False,False,False,False,0.0
2026-10-01T04:09:10Z,IN,302,39.6517,-86.3967,69,Mostly Cloudy,1,6,False,False,False,False,False,0.0
2026-10-01T04:09:10Z,IN,301,39.6541,-86.4005,69,Mostly Cloudy,1,6,False,False,False,False,False,0.0
2026-10-01T04:09:10Z,IN,303,39.8243,-85.7039,68,Partly Cloudy,1,6,False,False,False,False,False,0.0
2026-10-01T04:09:10Z,IN,304,39.8266,-85.704,68,Partly Cloudy,1,6,False,False,False,False,False,0.0
2026-10-01T04:09:10Z,IN,305,39.8605,-85.0259,68,Partly Cloudy,1,5,False,False,False,False,False,0.0
2026-10-01T04:09:10Z,IN,323,39.29,-85.1688,68,Partly Cloudy,0,3,False,False,False,False,False,0.0
2026-10-01T04:09:10Z,IN,702,41.7472,-85.3285,64,Rain Showers Likely,64,5,False,False,True,False,False,0.05
2026-10-01T04:09:10Z,IN,701,41.5889,-87.2173,65,Rain Showers,80,5,False,False,True,False,False,0.05
2026-10-01T04:09:10Z,IN,704,41.7058,-86.6212,64,Rain Showers Likely,62,5,False,False,True,False,False,0.05
2026-10-01T04:09:10Z,IN,703,41.7071,-86.6235,64,Rain Showers Likely,62,5,False,False,True,False,False,0.05
2026-10-01T04:09:10Z,IN,705,41.733,-86.0057,64,Rain Showers Likely,63,5,False,False,True,False,False,0.05
2026-10-01T04:09:10Z,IN,708,41.7472,-85.3285,64,Rain Showers Likely,64,5,False,False,True,False,False,0.05
2026-10-01T04:09:10Z,IN,707,41.7453,-85.3287,64,Rain Showers Likely,64,5,False,False,True,False,False,0.05
2026-10-01T04:09:10Z,IN,324,41.7353,-86.7933,63,Rain Showers Likely,61,5,False,False,True,False,False,0.05
2026-10-01T04:09:10Z,KY,KY00065IS0000020N65WELCOM,36.6434,-86.5687,69,Partly Cloudy,0,5,False,False,False,False,False,0.0
2026-10-01T04:09:10Z,KY,KY00065IS000020NSMARATHON,36.6612,-86.5553,70,Partly Cloudy,0,7,False,False,False,False,False,0.0
2026-10-01T04:09:10Z,KY,KY00065IS0000340NWEIGHS34,36.6868,-86.5379,70,Partly Cloudy,0,7,False,False,False,False,False,0.0
2026-10-01T04:09:10Z,KY,KY00065IS0011400S65SRA114,37.9464,-85.6905,70,Partly Cloudy,0,5,False,False,False,False,False,0.0
2026-10-01T04:09:10Z,KY,KY00065IS0005900S65SRA059,37.239,-85.9297,68,Mostly Clear,0,3,False,False,False,False,False,0.0
2026-10-01T04:09:10Z,KY,KY00065IS0005900N65NRA059,37.2384,-85.9271,68,Mostly Clear,0,3,False,False,False,False,False,0.0
2026-10-01T04:09:10Z,KY,KY00075IS0003300NWEIGHS33,37.0422,-84.0968,60,Mostly Clear,0,2,False,False,False,False,False,0.0
2026-10-01T04:09:10Z,KY,KY00075IS0003400SWEIGHS34,37.048,-84.0997,61,Mostly Clear,0,2,False,False,False,False,False,0.0
2026-10-01T04:09:10Z,KY,KY00075IS0017700N75NRA177,38.937,-84.6309,69,Partly Cloudy,0,5,False,False,False,False,False,0.0
2026-10-01T04:09:10Z,KY,KY00075IS0007500SWALTONWS,38.8653,-84.6476,69,Partly Cloudy,0,5,False,False,False,False,False,0.0
2026-10-01T04:09:10Z,KY,KY00075IS0017700S75SRA177,38.9388,-84.6339,69,Partly Cloudy,0,5,False,False,False,False,False,0.0
2026-10-01T04:09:10Z,KY,KY00075IS0016800SCRITENWS,38.8196,-84.6015,70,Mostly Clear,0,5,False,False,False,False,False,0.0
2026-10-01T04:09:10Z,KY,KY00075IS0000100N75WELCOM,36.6162,-84.1054,57,Mostly Clear,0,3,False,False,False,False,False,0.0
2026-10-01T04:09:14Z,IL,IL00055IN010400050,39.8627,-89.5948,73,Mostly Cloudy,7,6,False,False,False,False,True,0.2
2026-10-01T04:09:14Z,IL,IL00057IN007900034,38.0297,-88.9203,75,Mostly Cloudy,0,7,False,False,False,False,True,0.2
2026-10-01T04:09:14Z,IL,IL00055IN014900028,40.3599,-89.1099,69,Mostly Cloudy,8,7,False,False,False,False,True,0.2
2026-10-01T04:09:14Z,IL,IL00055IN019400031,40.8234,-88.6875,67,Chance Rain Showers,53,5,False,False,True,False,True,0.2
2026-10-01T04:09:14Z,IL,IL00057IN011400033,38.5963,-88.9638,76,Mostly Cloudy,1,7,False,False,False,False,True,0.2
2026-10-01T04:09:14Z,IL,IL00064IE002500038,38.5481,-89.7731,77,Mostly Cloudy,2,8,False,False,False,False,True,0.2
2026-10-01T04:09:14Z,IL,IL00055IN002700029,38.8649,-89.8532,77,Mostly Cloudy,2,8,False,False,False,False,True,0.2
2026-10-01T04:09:14Z,IL,IL00057IN022200048,39.9218,-88.299,72,Mostly Cloudy,1,8,False,False,False,False,True,0.2
2026-10-01T04:09:14Z,IL,IL00057IS033300046,41.3918,-87.7749,65,Rain Showers,80,5,False,False,True,False,True,0.2
2026-10-01T04:09:14Z,IL,IL00080IE011700043,41.4314,-88.3454,66,Rain Showers,80,5,False,False,True,False,True,0.2
2026-10-01T04:09:14Z,IL,IL00057IS022200054,39.9314,-88.3043,72,Mostly Cloudy,1,8,False,False,False,False,True,0.2
2026-10-01T04:09:14Z,IL,IL00057IS026800022,40.5613,-88.0615,68,Chance Rain Showers,48,5,False,False,True,False,True,0.2
2026-10-01T04:09:14Z,IL,IL00055IN006400027,39.3465,-89.6408,75,Mostly Cloudy,2,7,False,False,False,False,True,0.2
2026-10-01T04:09:14Z,IL,IL00057IN026800032,40.5505,-88.0605,68,Chance Rain Showers,48,5,False,False,True,False,True,0.2
2026-10-01T04:09:14Z,IL,IL00080IE005100040,41.3938,-89.5665,64,Chance Showers And Thunderstorms,39,5,False,False,True,True,True,0.2
2026-10-01T04:09:14Z,IL,IL00064IW008500012,38.2766,-88.8012,73,Mostly Cloudy,1,7,False,False,False,False,True,0.2
2026-10-01T04:09:14Z,IL,IL00070IE008600051,39.0651,-88.6745,75,Mostly Cloudy,1,7,False,False,False,False,True,0.2
2026-10-01T04:09:14Z,IL,IL00070IE002700042,38.7849,-89.7023,77,Mostly Cloudy,2,8,False,False,False,False,True,0.2
2026-10-01T04:09:14Z,IL,IL00024IW003700010,37.1593,-88.6798,69,Partly Cloudy,0,1,False,False,False,False,True,0.2
2026-10-01T04:09:14Z,IL,IL00064IE008500039,38.273,-88.8496,73,Mostly Cloudy,1,7,False,False,False,False,True,0.2
2026-10-01T04:09:14Z,IL,IL00074IW015600009,40.2711,-88.6701,69,Mostly Cloudy,4,6,False,False,False,False,True,0.2
2026-10-01T04:09:14Z,IL,IL00064IW002500011,38.5491,-89.7633,77,Mostly Cloudy,2,8,False,False,False,False,True,0.2
2026-10-01T04:09:14Z,IL,IL00080IW005100013,41.3937,-89.5591,64,Chance Showers And Thunderstorms,39,0,False,False,True,True,True,0.2
2026-10-01T04:09:14Z,IL,IL00074IW020800052,40.1298,-87.7441,69,Mostly Cloudy,2,6,False,False,False,False,True,0.2
2026-10-01T04:09:14Z,IL,IL00070IW002700015,38.7884,-89.6889,77,Mostly Cloudy,2,8,False,False,False,False,True,0.2
2026-10-01T04:09:14Z,IL,IL00055IS002700019,38.8723,-89.8511,77,Mostly Cloudy,2,8,False,False,False,False,True,0.2
2026-10-01T04:09:14Z,IL,IL00057IS007900047,38.0962,-88.9138,77,Mostly Cloudy,1,8,False,False,False,False,True,0.2
2026-10-01T04:09:14Z,IL,IL00074IE002800030,41.2334,-90.333,66,Chance Showers And Thunderstorms,44,5,False,False,True,True,True,0.2
2026-10-01T04:09:14Z,IL,IL00055IS006400017,39.3523,-89.6447,75,Mostly Cloudy,2,7,False,False,False,False,True,0.2
2026-10-01T04:09:14Z,IL,IL00074IE015600037,40.2732,-88.6762,69,Mostly Cloudy,4,6,False,False,False,False,True,0.2
2026-10-01T04:09:14Z,IL,IL00072IW015200014,39.9888,-88.7852,71,Mostly Cloudy,3,7,False,False,False,False,True,0.2
2026-10-01T04:09:14Z,IL,IL00064IW013000053,38.2322,-87.9882,73,Mostly Cloudy,0,6,False,False,False,False,True,0.2
2026-10-01T04:09:14Z,IL,IL00055IS019400021,40.8371,-88.6833,67,Chance Rain Showers,54,5,False,False,True,False,True,0.2
2026-10-01T04:09:14Z,IL,IL00057IS011400023,38.5965,-88.9677,76,Mostly Cloudy,1,7,False,False,False,False,True,0.2
2026-10-01T04:09:14Z,IL,IL00039IN008500036,41.7236,-89.0062,65,Rain Showers,80,5,False,False,True,False,True,0.2
2026-10-01T04:09:14Z,IL,IL00080IW011700016,41.4473,-88.3285,66,Rain Showers,80,5,False,False,True,False,True,0.2
2026-10-01T04:09:14Z,IL,IL00074IW002800020,41.2141,-90.3308,66,Chance Showers And Thunderstorms,44,5,False,False,True,True,True,0.2
2026-10-01T04:09:14Z,IL,IL00039IS008500026,41.7285,-89.0105,65,Rain Showers,80,5,False,False,True,False,True,0.2
2026-10-01T04:09:14Z,IL,IL00057IN033300049,41.3892,-87.7729,65,Rain Showers,80,5,False,False,True,False,True,0.2
2026-10-01T04:09:14Z,IL,IL00074IW011400006,40.6111,-89.2323,68,Mostly Cloudy,14,5,False,False,False,False,True,0.2
2026-10-01T04:09:14Z,IL,IL00070IW014900008,39.4228,-87.6617,72,Mostly Cloudy,1,7,False,False,False,False,True,0.2
2026-10-01T04:09:14Z,IL,IL00074IE011400005,40.6125,-89.245,68,Mostly Cloudy,14,5,False,False,False,False,True,0.2
2026-10-01T04:09:14Z,IL,IL00074IW006200004,40.8802,-90.0895,66,Chance Rain Showers,38,2,False,False,True,False,True,0.2
2026-10-01T04:09:14Z,IL,IL00074IE006200001,40.8788,-90.0936,66,Chance Rain Showers,38,2,False,False,True,False,True,0.2
2026-10-01T04:09:14Z,IL,IL00055IS010400024,39.8871,-89.5966,73,Mostly Cloudy,7,6,False,False,False,False,True,0.2
2026-10-01T04:09:14Z,IL,IL00057IS003200025,37.4699,-89.1329,73,Partly Cloudy,0,5,False,False,False,False,True,0.2
2026-10-01T04:09:14Z,IL,IL00057IN003200035,37.4661,-89.1324,73,Partly Cloudy,0,5,False,False,False,False,True,0.2
2026-10-01T04:09:14Z,IL,IL00070IW008700045,39.0679,-88.6704,75,Mostly Cloudy,1,7,False,False,False,False,True,0.2
2026-10-01T04:09:14Z,IL,IL00057IS016500018,39.1993,-88.502,75,Mostly Cloudy,1,8,False,False,False,False,True,0.2
2026-10-01T04:09:14Z,IL,IL00057IN016500044,39.1898,-88.5031,75,Mostly Cloudy,1,8,False,False,False,False,True,0.2
2026-10-01T04:09:14Z,IL,IL00072IE015200041,39.9923,-88.7827,71,Mostly Cloudy,3,7,False,False,False,False,True,0.2
2026-10-01T04:09:14Z,IN,322,38.195,-87.8597,73,Mostly Cloudy,0,6,False,False,False,False,False,0.0
2026-10-01T04:09:14Z,IN,317,38.5852,-85.7768,69,Partly Cloudy,0,5,False,False,False,False,False,0.0
2026-10-01T04:09:14Z,IN,316,38.5859,-85.7809,69,Partly Cloudy,0,5,False,False,False,False,False,0.0
2026-10-01T04:09:14Z,IN,315,39.2602,-85.9521,67,Partly Cloudy,1,3,False,False,False,False,False,0.0
2026-10-01T04:09:14Z,IN,314,39.2767,-85.9569,68,Partly Cloudy,1,3,False,False,False,False,False,0.0
2026-10-01T04:09:14Z,IN,313,40.1578,-86.5387,69,Mostly Cloudy,2,7,False,False,False,False,False,0.0
2026-10-01T04:09:14Z,IN,312,40.1722,-86.5522,69,Mostly Cloudy,2,7,False,False,False,False,False,0.0
2026-10-01T04:09:14Z,IN,311,40.6992,-87.0628,69,Chance Rain Showers,39,5,False,False,True,False,False,0.05
2026-10-01T04:09:14Z,IN,310,40.6984,-87.0646,69,Chance Rain Showers,39,5,False,False,True,False,False,0.05
2026-10-01T04:09:14Z,IN,308,41.1653,-87.271,66,Rain Showers,77,5,False,False,True,False,False,0.05
2026-10-01T04:09:14Z,IN,309,41.1666,-87.2749,66,Rain Showers,77,5,False,False,True,False,False,0.05
2026-10-01T04:09:14Z,IN,318,40.3543,-85.5576,68,Mostly Cloudy,3,6,False,False,False,False,False,0.0
2026-10-01T04:09:14Z,IN,319,40.3569,-85.56,68,Mostly Cloudy,3,6,False,False,False,False,False,0.0
2026-10-01T04:09:14Z,IN,320,41.2963,-85.0863,65,Rain Showers Likely,57,5,False,False,True,False,False,0.05
2026-10-01T04:09:14Z,IN,321,41.5803,-85.0597,65,Rain Showers Likely,62,5,False,False,True,False,False,0.05
2026-10-01T04:09:14Z,IN,300,39.4417,-87.5002,70,Mostly Cloudy,1,6,False,False,False,False,False,0.0
2026-10-01T04:09:14Z,IN,302,39.6517,-86.3967,69,Mostly Cloudy,1,6,False,False,False,False,False,0.0
2026-10-01T04:09:14Z,IN,301,39.6541,-86.4005,69,Mostly Cloudy,1,6,False,False,False,False,False,0.0
2026-10-01T04:09:14Z,IN,303,39.8243,-85.7039,68,Partly Cloudy,1,6,False,False,False,False,False,0.0
2026-10-01T04:09:14Z,IN,304,39.8266,-85.704,68,Partly Cloudy,1,6,False,False,False,False,False,0.0
2026-10-01T04:09:14Z,IN,305,39.8605,-85.0259,68,Partly Cloudy,1,5,False,False,False,False,False,0.0
2026-10-01T04:09:14Z,IN,323,39.29,-85.1688,68,Partly Cloudy,0,3,False,False,False,False,False,0.0
2026-10-01T04:09:14Z,IN,702,41.7472,-85.3285,64,Rain Showers Likely,64,5,False,False,True,False,False,0.05
2026-10-01T04:09:14Z,IN,701,41.5889,-87.2173,65,Rain Showers,80,5,False,False,True,False,False,0.05
2026-10-01T04:09:14Z,IN,704,41.7058,-86.6212,64,Rain Showers Likely,62,5,False,False,True,False,False,0.05
2026-10-01T04:09:14Z,IN,703,41.7071,-86.6235,64,Rain Showers Likely,62,5,False,False,True,False,False,0.05
2026-10-01T04:09:14Z,IN,705,41.733,-86.0057,64,Rain Showers Likely,63,5,False,False,True,False,False,0.05
2026-10-01T04:09:14Z,IN,708,41.7472,-85.3285,64,Rain Showers Likely,64,5,False,False,True,False,False,0.05
2026-10-01T04:09:14Z,IN,707,41.7453,-85.3287,64,Rain Showers Likely,64,5,False,False,True,False,False,0.05
2026-10-01T04:09:14Z,IN,324,41.7353,-86.7933,63,Rain Showers Likely,61,5,False,False,True,False,False,0.05
2026-10-01T04:09:14Z,KY,KY00065IS0000020N65WELCOM,36.6434,-86.5687,69,Partly Cloudy,0,5,False,False,False,False,False,0.0
2026-10-01T04:09:14Z,KY,KY00065IS000020NSMARATHON,36.6612,-86.5553,70,Partly Cloudy,0,7,False,False,False,False,False,0.0
2026-10-01T04:09:14Z,KY,KY00065IS0000340NWEIGHS34,36.6868,-86.5379,70,Partly Cloudy,0,7,False,False,False,False,False,0.0
2026-10-01T04:09:14Z,KY,KY00065IS0011400S65SRA114,37.9464,-85.6905,70,Partly Cloudy,0,5,False,False,False,False,False,0.0
2026-10-01T04:09:14Z,KY,KY00065IS0005900S65SRA059,37.239,-85.9297,68,Mostly Clear,0,3,False,False,False,False,False,0.0
2026-10-01T04:09:14Z,KY,KY00065IS0005900N65NRA059,37.2384,-85.9271,68,Mostly Clear,0,3,False,False,False,False,False,0.0
2026-10-01T04:09:14Z,KY,KY00075IS0003300NWEIGHS33,37.0422,-84.0968,60,Mostly Clear,0,2,False,False,False,False,False,0.0
2026-10-01T04:09:14Z,KY,KY00075IS0003400SWEIGHS34,37.048,-84.0997,61,Mostly Clear,0,2,False,False,False,False,False,0.0
2026-10-01T04:09:14Z,KY,KY00075IS0017700N75NRA177,38.937,-84.6309,69,Partly Cloudy,0,5,False,False,False,False,False,0.0
2026-10-01T04:09:14Z,KY,KY00075IS0007500SWALTONWS,38.8653,-84.6476,69,Partly Cloudy,0,5,False,False,False,False,False,0.0
2026-10-01T04:09:14Z,KY,KY00075IS0017700S75SRA177,38.9388,-84.6339,69,Partly Cloudy,0,5,False,False,False,False,False,0.0
2026-10-01T04:09:14Z,KY,KY00075IS0016800SCRITENWS,38.8196,-84.6015,70,Mostly Clear,0,5,False,False,False,False,False,0.0
2026-10-01T04:09:14Z,KY,KY00075IS0000100N75WELCOM,36.6162,-84.1054,57,Mostly Clear,0,3,False,False,False,False,False,0.0
2026-10-01T04:09:18Z,IL,IL00055IN010400050,39.8627,-89.5948,73,Mostly Cloudy,7,6,False,False,False,False,True,0.2
2026-10-01T04:09:18Z,IL,IL00057IN007900034,38.0297,-88.9203,75,Mostly Cloudy,0,7,False,False,False,False,True,0.2
2026-10-01T04:09:18Z,IL,IL00055IN014900028,40.3599,-89.1099,69,Mostly Cloudy,8,7,False,False,False,False,True,0.2
2026-10-01T04:09:18Z,IL,IL00055IN019400031,40.8234,-88.6875,67,Chance Rain Showers,53,5,False,False,True,False,True,0.2
2026-10-01T04:09:18Z,IL,IL00057IN011400033,38.5963,-88.9638,76,Mostly Cloudy,1,7,False,False,False,False,True,0.2
2026-10-01T04:09:18Z,IL,IL00064IE002500038,38.5481,-89.7731,77,Mostly Cloudy,2,8,False,False,False,False,True,0.2
2026-10-01T04:09:18Z,IL,IL00055IN002700029,38.8649,-89.8532,77,Mostly Cloudy,2,8,False,False,False,False,True,0.2
2026-10-01T04:09:18Z,IL,IL00057IN022200048,39.9218,-88.299,72,Mostly Cloudy,1,8,False,False,False,False,True,0.2
2026-10-01T04:09:18Z,IL,IL00057IS033300046,41.3918,-87.7749,65,Rain Showers,80,5,False,False,True,False,True,0.2
2026-10-01T04:09:18Z,IL,IL00080IE011700043,41.4314,-88.3454,66,Rain Showers,80,5,False,False,True,False,True,0.2
2026-10-01T04:09:18Z,IL,IL00057IS022200054,39.9314,-88.3043,72,Mostly Cloudy,1,8,False,False,False,False,True,0.2
2026-10-01T04:09:18Z,IL,IL00057IS026800022,40.5613,-88.0615,68,Chance Rain Showers,48,5,False,False,True,False,True,0.2
2026-10-01T04:09:18Z,IL,IL00055IN006400027,39.3465,-89.6408,75,Mostly Cloudy,2,7,False,False,False,False,True,0.2
2026-10-01T04:09:18Z,IL,IL00057IN026800032,40.5505,-88.0605,68,Chance Rain Showers,48,5,False,False,True,False,True,0.2
2026-10-01T04:09:18Z,IL,IL00080IE005100040,41.3938,-89.5665,64,Chance Showers And Thunderstorms,39,5,False,False,True,True,True,0.2
2026-10-01T04:09:18Z,IL,IL00064IW008500012,38.2766,-88.8012,73,Mostly Cloudy,1,7,False,False,False,False,True,0.2
2026-10-01T04:09:18Z,IL,IL00070IE008600051,39.0651,-88.6745,75,Mostly Cloudy,1,7,False,False,False,False,True,0.2
2026-10-01T04:09:18Z,IL,IL00070IE002700042,38.7849,-89.7023,77,Mostly Cloudy,2,8,False,False,False,False,True,0.2
2026-10-01T04:09:18Z,IL,IL00024IW003700010,37.1593,-88.6798,69,Partly Cloudy,0,1,False,False,False,False,True,0.2
2026-10-01T04:09:18Z,IL,IL00064IE008500039,38.273,-88.8496,73,Mostly Cloudy,1,7,False,False,False,False,True,0.2
2026-10-01T04:09:18Z,IL,IL00074IW015600009,40.2711,-88.6701,69,Mostly Cloudy,4,6,False,False,False,False,True,0.2
2026-10-01T04:09:18Z,IL,IL00064IW002500011,38.5491,-89.7633,77,Mostly Cloudy,2,8,False,False,False,False,True,0.2
2026-10-01T04:09:18Z,IL,IL00080IW005100013,41.3937,-89.5591,64,Chance Showers And Thunderstorms,39,0,False,False,True,True,True,0.2
2026-10-01T04:09:18Z,IL,IL00074IW020800052,40.1298,-87.7441,69,Mostly Cloudy,2,6,False,False,False,False,True,0.2
2026-10-01T04:09:18Z,IL,IL00070IW002700015,38.7884,-89.6889,77,Mostly Cloudy,2,8,False,False,False,False,True,0.2
2026-10-01T04:09:18Z,IL,IL00055IS002700019,38.8723,-89.8511,77,Mostly Cloudy,2,8,False,False,False,False,True,0.2
2026-10-01T04:09:18Z,IL,IL00057IS007900047,38.0962,-88.9138,77,Mostly Cloudy,1,8,False,False,False,False,True,0.2
2026-10-01T04:09:18Z,IL,IL00074IE002800030,41.2334,-90.333,66,Chance Showers And Thunderstorms,44,5,False,False,True,True,True,0.2
2026-10-01T04:09:18Z,IL,IL00055IS006400017,39.3523,-89.6447,75,Mostly Cloudy,2,7,False,False,False,False,True,0.2
2026-10-01T04:09:18Z,IL,IL00074IE015600037,40.2732,-88.6762,69,Mostly Cloudy,4,6,False,False,False,False,True,0.2
2026-10-01T04:09:18Z,IL,IL00072IW015200014,39.9888,-88.7852,71,Mostly Cloudy,3,7,False,False,False,False,True,0.2
2026-10-01T04:09:18Z,IL,IL00064IW013000053,38.2322,-87.9882,73,Mostly Cloudy,0,6,False,False,False,False,True,0.2
2026-10-01T04:09:18Z,IL,IL00055IS019400021,40.8371,-88.6833,67,Chance Rain Showers,54,5,False,False,True,False,True,0.2
2026-10-01T04:09:18Z,IL,IL00057IS011400023,38.5965,-88.9677,76,Mostly Cloudy,1,7,False,False,False,False,True,0.2
2026-10-01T04:09:18Z,IL,IL00039IN008500036,41.7236,-89.0062,65,Rain Showers,80,5,False,False,True,False,True,0.2
2026-10-01T04:09:18Z,IL,IL00080IW011700016,41.4473,-88.3285,66,Rain Showers,80,5,False,False,True,False,True,0.2
2026-10-01T04:09:18Z,IL,IL00074IW002800020,41.2141,-90.3308,66,Chance Showers And Thunderstorms,44,5,False,False,True,True,True,0.2
2026-10-01T04:09:18Z,IL,IL00039IS008500026,41.7285,-89.0105,65,Rain Showers,80,5,False,False,True,False,True,0.2
2026-10-01T04:09:18Z,IL,IL00057IN033300049,41.3892,-87.7729,65,Rain Showers,80,5,False,False,True,False,True,0.2
2026-10-01T04:09:18Z,IL,IL00074IW011400006,40.6111,-89.2323,68,Mostly Cloudy,14,5,False,False,False,False,True,0.2
2026-10-01T04:09:18Z,IL,IL00070IW014900008,39.4228,-87.6617,72,Mostly Cloudy,1,7,False,False,False,False,True,0.2
2026-10-01T04:09:18Z,IL,IL00074IE011400005,40.6125,-89.245,68,Mostly Cloudy,14,5,False,False,False,False,True,0.2
2026-10-01T04:09:18Z,IL,IL00074IW006200004,40.8802,-90.0895,66,Chance Rain Showers,38,2,False,False,True,False,True,0.2
2026-10-01T04:09:18Z,IL,IL00074IE006200001,40.8788,-90.0936,66,Chance Rain Showers,38,2,False,False,True,False,True,0.2
2026-10-01T04:09:18Z,IL,IL00055IS010400024,39.8871,-89.5966,73,Mostly Cloudy,7,6,False,False,False,False,True,0.2
2026-10-01T04:09:18Z,IL,IL00057IS003200025,37.4699,-89.1329,73,Partly Cloudy,0,5,False,False,False,False,True,0.2
2026-10-01T04:09:18Z,IL,IL00057IN003200035,37.4661,-89.1324,73,Partly Cloudy,0,5,False,False,False,False,True,0.2
2026-10-01T04:09:18Z,IL,IL00070IW008700045,39.0679,-88.6704,75,Mostly Cloudy,1,7,False,False,False,False,True,0.2
2026-10-01T04:09:18Z,IL,IL00057IS016500018,39.1993,-88.502,75,Mostly Cloudy,1,8,False,False,False,False,True,0.2
2026-10-01T04:09:18Z,IL,IL00057IN016500044,39.1898,-88.5031,75,Mostly Cloudy,1,8,False,False,False,False,True,0.2
2026-10-01T04:09:18Z,IL,IL00072IE015200041,39.9923,-88.7827,71,Mostly Cloudy,3,7,False,False,False,False,True,0.2
2026-10-01T04:09:18Z,IN,322,38.195,-87.8597,73,Mostly Cloudy,0,6,False,False,False,False,False,0.0
2026-10-01T04:09:18Z,IN,317,38.5852,-85.7768,69,Partly Cloudy,0,5,False,False,False,False,False,0.0
2026-10-01T04:09:18Z,IN,316,38.5859,-85.7809,69,Partly Cloudy,0,5,False,False,False,False,False,0.0
2026-10-01T04:09:18Z,IN,315,39.2602,-85.9521,67,Partly Cloudy,1,3,False,False,False,False,False,0.0
2026-10-01T04:09:18Z,IN,314,39.2767,-85.9569,68,Partly Cloudy,1,3,False,False,False,False,False,0.0
2026-10-01T04:09:18Z,IN,313,40.1578,-86.5387,69,Mostly Cloudy,2,7,False,False,False,False,False,0.0
2026-10-01T04:09:18Z,IN,312,40.1722,-86.5522,69,Mostly Cloudy,2,7,False,False,False,False,False,0.0
2026-10-01T04:09:18Z,IN,311,40.6992,-87.0628,69,Chance Rain Showers,39,5,False,False,True,False,False,0.05
2026-10-01T04:09:18Z,IN,310,40.6984,-87.0646,69,Chance Rain Showers,39,5,False,False,True,False,False,0.05
2026-10-01T04:09:18Z,IN,308,41.1653,-87.271,66,Rain Showers,77,5,False,False,True,False,False,0.05
2026-10-01T04:09:18Z,IN,309,41.1666,-87.2749,66,Rain Showers,77,5,False,False,True,False,False,0.05
2026-10-01T04:09:18Z,IN,318,40.3543,-85.5576,68,Mostly Cloudy,3,6,False,False,False,False,False,0.0
2026-10-01T04:09:18Z,IN,319,40.3569,-85.56,68,Mostly Cloudy,3,6,False,False,False,False,False,0.0
2026-10-01T04:09:18Z,IN,320,41.2963,-85.0863,65,Rain Showers Likely,57,5,False,False,True,False,False,0.05
2026-10-01T04:09:18Z,IN,321,41.5803,-85.0597,65,Rain Showers Likely,62,5,False,False,True,False,False,0.05
2026-10-01T04:09:18Z,IN,300,39.4417,-87.5002,70,Mostly Cloudy,1,6,False,False,False,False,False,0.0
2026-10-01T04:09:18Z,IN,302,39.6517,-86.3967,69,Mostly Cloudy,1,6,False,False,False,False,False,0.0
2026-10-01T04:09:18Z,IN,301,39.6541,-86.4005,69,Mostly Cloudy,1,6,False,False,False,False,False,0.0
2026-10-01T04:09:18Z,IN,303,39.8243,-85.7039,68,Partly Cloudy,1,6,False,False,False,False,False,0.0
2026-10-01T04:09:18Z,IN,304,39.8266,-85.704,68,Partly Cloudy,1,6,False,False,False,False,False,0.0
2026-10-01T04:09:18Z,IN,305,39.8605,-85.0259,68,Partly Cloudy,1,5,False,False,False,False,False,0.0
2026-10-01T04:09:18Z,IN,323,39.29,-85.1688,68,Partly Cloudy,0,3,False,False,False,False,False,0.0
2026-10-01T04:09:18Z,IN,702,41.7472,-85.3285,64,Rain Showers Likely,64,5,False,False,True,False,False,0.05
2026-10-01T04:09:18Z,IN,701,41.5889,-87.2173,65,Rain Showers,80,5,False,False,True,False,False,0.05
2026-10-01T04:09:18Z,IN,704,41.7058,-86.6212,64,Rain Showers Likely,62,5,False,False,True,False,False,0.05
2026-10-01T04:09:18Z,IN,703,41.7071,-86.6235,64,Rain Showers Likely,62,5,False,False,True,False,False,0.05
2026-10-01T04:09:18Z,IN,705,41.733,-86.0057,64,Rain Showers Likely,63,5,False,False,True,False,False,0.05
2026-10-01T04:09:18Z,IN,708,41.7472,-85.3285,64,Rain Showers Likely,64,5,False,False,True,False,False,0.05
2026-10-01T04:09:18Z,IN,707,41.7453,-85.3287,64,Rain Showers Likely,64,5,False,False,True,False,False,0.05
2026-10-01T04:09:18Z,IN,324,41.7353,-86.7933,63,Rain Showers Likely,61,5,False,False,True,False,False,0.05
2026-10-01T04:09:18Z,KY,KY00065IS0000020N65WELCOM,36.6434,-86.5687,69,Partly Cloudy,0,5,False,False,False,False,False,0.0
2026-10-01T04:09:18Z,KY,KY00065IS000020NSMARATHON,36.6612,-86.5553,70,Partly Cloudy,0,7,False,False,False,False,False,0.0
2026-10-01T04:09:18Z,KY,KY00065IS0000340NWEIGHS34,36.6868,-86.5379,70,Partly Cloudy,0,7,False,False,False,False,False,0.0
2026-10-01T04:09:18Z,KY,KY00065IS0011400S65SRA114,37.9464,-85.6905,70,Partly Cloudy,0,5,False,False,False,False,False,0.0
2026-10-01T04:09:18Z,KY,KY00065IS0005900S65SRA059,37.239,-85.9297,68,Mostly Clear,0,3,False,False,False,False,False,0.0
2026-10-01T04:09:18Z,KY,KY00065IS0005900N65NRA059,37.2384,-85.9271,68,Mostly Clear,0,3,False,False,False,False,False,0.0
2026-10-01T04:09:18Z,KY,KY00075IS0003300NWEIGHS33,37.0422,-84.0968,60,Mostly Clear,0,2,False,False,False,False,False,0.0
2026-10-01T04:09:18Z,KY,KY00075IS0003400SWEIGHS34,37.048,-84.0997,61,Mostly Clear,0,2,False,False,False,False,False,0.0
2026-10-01T04:09:18Z,KY,KY00075IS0017700N75NRA177,38.937,-84.6309,69,Partly Cloudy,0,5,False,False,False,False,False,0.0
2026-10-01T04:09:18Z,KY,KY00075IS0007500SWALTONWS,38.8653,-84.6476,69,Partly Cloudy,0,5,False,False,False,False,False,0.0
2026-10-01T04:09:18Z,KY,KY00075IS0017700S75SRA177,38.9388,-84.6339,69,Partly Cloudy,0,5,False,False,False,False,False,0.0
2026-10-01T04:09:18Z,KY,KY00075IS0016800SCRITENWS,38.8196,-84.6015,70,Mostly Clear,0,5,False,False,False,False,False,0.0
2026-10-01T04:09:18Z,KY,KY00075IS0000100N75WELCOM,36.6162,-84.1054,57,Mostly Clear,0,3,False,False,False,False,False,0.0
2026-10-01T04:09:22Z,IL,IL00055IN010400050,39.8627,-89.5948,73,Mostly Cloudy,7,6,False,False,False,False,True,0.2
2026-10-01T04:09:22Z,IL,IL00057IN007900034,38.0297,-88.9203,75,Mostly Cloudy,0,7,False,False,False,False,True,0.2
2026-10-01T04:09:22Z,IL,IL00055IN014900028,40.3599,-89.1099,69,Mostly Cloudy,8,7,False,False,False,False,True,0.2
2026-10-01T04:09:22Z,IL,IL00055IN019400031,40.8234,-88.6875,67,Chance Rain Showers,53,5,False,False,True,False,True,0.2
2026-10-01T04:09:22Z,IL,IL00057IN011400033,38.5963,-88.9638,76,Mostly Cloudy,1,7,False,False,False,False,True,0.2
2026-10-01T04:09:22Z,IL,IL00064IE002500038,38.5481,-89.7731,77,Mostly Cloudy,2,8,False,False,False,False,True,0.2
2026-10-01T04:09:22Z,IL,IL00055IN002700029,38.8649,-89.8532,77,Mostly Cloudy,2,8,False,False,False,False,True,0.2
2026-10-01T04:09:22Z,IL,IL00057IN022200048,39.9218,-88.299,72,Mostly Cloudy,1,8,False,False,False,False,True,0.2
2026-10-01T04:09:22Z,IL,IL00057IS033300046,41.3918,-87.7749,65,Rain Showers,80,5,False,False,True,False,True,0.2
2026-10-01T04:09:22Z,IL,IL00080IE011700043,41.4314,-88.3454,66,Rain Showers,80,5,False,False,True,False,True,0.2
2026-10-01T04:09:22Z,IL,IL00057IS022200054,39.9314,-88.3043,72,Mostly Cloudy,1,8,False,False,False,False,True,0.2
2026-10-01T04:09:22Z,IL,IL00057IS026800022,40.5613,-88.0615,68,Chance Rain Showers,48,5,False,False,True,False,True,0.2
2026-10-01T04:09:22Z,IL,IL00055IN006400027,39.3465,-89.6408,75,Mostly Cloudy,2,7,False,False,False,False,True,0.2
2026-10-01T04:09:22Z,IL,IL00057IN026800032,40.5505,-88.0605,68,Chance Rain Showers,48,5,False,False,True,False,True,0.2
2026-10-01T04:09:22Z,IL,IL00080IE005100040,41.3938,-89.5665,64,Chance Showers And Thunderstorms,39,5,False,False,True,True,True,0.2
2026-10-01T04:09:22Z,IL,IL00064IW008500012,38.2766,-88.8012,73,Mostly Cloudy,1,7,False,False,False,False,True,0.2
2026-10-01T04:09:22Z,IL,IL00070IE008600051,39.0651,-88.6745,75,Mostly Cloudy,1,7,False,False,False,False,True,0.2
2026-10-01T04:09:22Z,IL,IL00070IE002700042,38.7849,-89.7023,77,Mostly Cloudy,2,8,False,False,False,False,True,0.2
2026-10-01T04:09:22Z,IL,IL00024IW003700010,37.1593,-88.6798,69,Partly Cloudy,0,1,False,False,False,False,True,0.2
2026-10-01T04:09:22Z,IL,IL00064IE008500039,38.273,-88.8496,73,Mostly Cloudy,1,7,False,False,False,False,True,0.2
2026-10-01T04:09:22Z,IL,IL00074IW015600009,40.2711,-88.6701,69,Mostly Cloudy,4,6,False,False,False,False,True,0.2
2026-10-01T04:09:22Z,IL,IL00064IW002500011,38.5491,-89.7633,77,Mostly Cloudy,2,8,False,False,False,False,True,0.2
2026-10-01T04:09:22Z,IL,IL00080IW005100013,41.3937,-89.5591,64,Chance Showers And Thunderstorms,39,0,False,False,True,True,True,0.2
2026-10-01T04:09:22Z,IL,IL00074IW020800052,40.1298,-87.7441,69,Mostly Cloudy,2,6,False,False,False,False,True,0.2
2026-10-01T04:09:22Z,IL,IL00070IW002700015,38.7884,-89.6889,77,Mostly Cloudy,2,8,False,False,False,False,True,0.2
2026-10-01T04:09:22Z,IL,IL00055IS002700019,38.8723,-89.8511,77,Mostly Cloudy,2,8,False,False,False,False,True,0.2
2026-10-01T04:09:22Z,IL,IL00057IS007900047,38.0962,-88.9138,77,Mostly Cloudy,1,8,False,False,False,False,True,0.2
2026-10-01T04:09:22Z,IL,IL00074IE002800030,41.2334,-90.333,66,Chance Showers And Thunderstorms,44,5,False,False,True,True,True,0.2
2026-10-01T04:09:22Z,IL,IL00055IS006400017,39.3523,-89.6447,75,Mostly Cloudy,2,7,False,False,False,False,True,0.2
2026-10-01T04:09:22Z,IL,IL00074IE015600037,40.2732,-88.6762,69,Mostly Cloudy,4,6,False,False,False,False,True,0.2
2026-10-01T04:09:22Z,IL,IL00072IW015200014,39.9888,-88.7852,71,Mostly Cloudy,3,7,False,False,False,False,True,0.2
2026-10-01T04:09:22Z,IL,IL00064IW013000053,38.2322,-87.9882,73,Mostly Cloudy,0,6,False,False,False,False,True,0.2
2026-10-01T04:09:22Z,IL,IL00055IS019400021,40.8371,-88.6833,67,Chance Rain Showers,54,5,False,False,True,False,True,0.2
2026-10-01T04:09:22Z,IL,IL00057IS011400023,38.5965,-88.9677,76,Mostly Cloudy,1,7,False,False,False,False,True,0.2
2026-10-01T04:09:22Z,IL,IL00039IN008500036,41.7236,-89.0062,65,Rain Showers,80,5,False,False,True,False,True,0.2
2026-10-01T04:09:22Z,IL,IL00080IW011700016,41.4473,-88.3285,66,Rain Showers,80,5,False,False,True,False,True,0.2
2026-10-01T04:09:22Z,IL,IL00074IW002800020,41.2141,-90.3308,66,Chance Showers And Thunderstorms,44,5,False,False,True,True,True,0.2
2026-10-01T04:09:22Z,IL,IL00039IS008500026,41.7285,-89.0105,65,Rain Showers,80,5,False,False,True,False,True,0.2
2026-10-01T04:09:22Z,IL,IL00057IN033300049,41.3892,-87.7729,65,Rain Showers,80,5,False,False,True,False,True,0.2
2026-10-01T04:09:22Z,IL,IL00074IW011400006,40.6111,-89.2323,68,Mostly Cloudy,14,5,False,False,False,False,True,0.2
2026-10-01T04:09:22Z,IL,IL00070IW014900008,39.4228,-87.6617,72,Mostly Cloudy,1,7,False,False,False,False,True,0.2
2026-10-01T04:09:22Z,IL,IL00074IE011400005,40.6125,-89.245,68,Mostly Cloudy,14,5,False,False,False,False,True,0.2
2026-10-01T04:09:22Z,IL,IL00074IW006200004,40.8802,-90.0895,66,Chance Rain Showers,38,2,False,False,True,False,True,0.2
2026-10-01T04:09:22Z,IL,IL00074IE006200001,40.8788,-90.0936,66,Chance Rain Showers,38,2,False,False,True,False,True,0.2
2026-10-01T04:09:22Z,IL,IL00055IS010400024,39.8871,-89.5966,73,Mostly Cloudy,7,6,False,False,False,False,True,0.2
2026-10-01T04:09:22Z,IL,IL00057IS003200025,37.4699,-89.1329,73,Partly Cloudy,0,5,False,False,False,False,True,0.2
2026-10-01T04:09:22Z,IL,IL00057IN003200035,37.4661,-89.1324,73,Partly Cloudy,0,5,False,False,False,False,True,0.2
2026-10-01T04:09:22Z,IL,IL00070IW008700045,39.0679,-88.6704,75,Mostly Cloudy,1,7,False,False,False,False,True,0.2
2026-10-01T04:09:22Z,IL,IL00057IS016500018,39.1993,-88.502,75,Mostly Cloudy,1,8,False,False,False,False,True,0.2
2026-10-01T04:09:22Z,IL,IL00057IN016500044,39.1898,-88.5031,75,Mostly Cloudy,1,8,False,False,False,False,True,0.2
2026-10-01T04:09:22Z,IL,IL00072IE015200041,39.9923,-88.7827,71,Mostly Cloudy,3,7,False,False,False,False,True,0.2
2026-10-01T04:09:22Z,IN,322,38.195,-87.8597,73,Mostly Cloudy,0,6,False,False,False,False,False,0.0
2026-10-01T04:09:22Z,IN,317,38.5852,-85.7768,69,Partly Cloudy,0,5,False,False,False,False,False,0.0
2026-10-01T04:09:22Z,IN,316,38.5859,-85.7809,69,Partly Cloudy,0,5,False,False,False,False,False,0.0
2026-10-01T04:09:22Z,IN,315,39.2602,-85.9521,67,Partly Cloudy,1,3,False,False,False,False,False,0.0
2026-10-01T04:09:22Z,IN,314,39.2767,-85.9569,68,Partly Cloudy,1,3,False,False,False,False,False,0.0
2026-10-01T04:09:22Z,IN,313,40.1578,-86.5387,69,Mostly Cloudy,2,7,False,False,False,False,False,0.0
2026-10-01T04:09:22Z,IN,312,40.1722,-86.5522,69,Mostly Cloudy,2,7,False,False,False,False,False,0.0
2026-10-01T04:09:22Z,IN,311,40.6992,-87.0628,69,Chance Rain Showers,39,5,False,False,True,False,False,0.05
2026-10-01T04:09:22Z,IN,310,40.6984,-87.0646,69,Chance Rain Showers,39,5,False,False,True,False,False,0.05
2026-10-01T04:09:22Z,IN,308,41.1653,-87.271,66,Rain Showers,77,5,False,False,True,False,False,0.05
2026-10-01T04:09:22Z,IN,309,41.1666,-87.2749,66,Rain Showers,77,5,False,False,True,False,False,0.05
2026-10-01T04:09:22Z,IN,318,40.3543,-85.5576,68,Mostly Cloudy,3,6,False,False,False,False,False,0.0
2026-10-01T04:09:22Z,IN,319,40.3569,-85.56,68,Mostly Cloudy,3,6,False,False,False,False,False,0.0
2026-10-01T04:09:22Z,IN,320,41.2963,-85.0863,65,Rain Showers Likely,57,5,False,False,True,False,False,0.05
2026-10-01T04:09:22Z,IN,321,41.5803,-85.0597,65,Rain Showers Likely,62,5,False,False,True,False,False,0.05
2026-10-01T04:09:22Z,IN,300,39.4417,-87.5002,70,Mostly Cloudy,1,6,False,False,False,False,False,0.0
2026-10-01T04:09:22Z,IN,302,39.6517,-86.3967,69,Mostly Cloudy,1,6,False,False,False,False,False,0.0
2026-10-01T04:09:22Z,IN,301,39.6541,-86.4005,69,Mostly Cloudy,1,6,False,False,False,False,False,0.0
2026-10-01T04:09:22Z,IN,303,39.8243,-85.7039,68,Partly Cloudy,1,6,False,False,False,False,False,0.0
2026-10-01T04:09:22Z,IN,304,39.8266,-85.704,68,Partly Cloudy,1,6,False,False,False,False,False,0.0
2026-10-01T04:09:22Z,IN,305,39.8605,-85.0259,68,Partly Cloudy,1,5,False,False,False,False,False,0.0
2026-10-01T04:09:22Z,IN,323,39.29,-85.1688,68,Partly Cloudy,0,3,False,False,False,False,False,0.0
2026-10-01T04:09:22Z,IN,702,41.7472,-85.3285,64,Rain Showers Likely,64,5,False,False,True,False,False,0.05
2026-10-01T04:09:22Z,IN,701,41.5889,-87.2173,65,Rain Showers,80,5,False,False,True,False,False,0.05
2026-10-01T04:09:22Z,IN,704,41.7058,-86.6212,64,Rain Showers Likely,62,5,False,False,True,False,False,0.05
2026-10-01T04:09:22Z,IN,703,41.7071,-86.6235,64,Rain Showers Likely,62,5,False,False,True,False,False,0.05
2026-10-01T04:09:22Z,IN,705,41.733,-86.0057,64,Rain Showers Likely,63,5,False,False,True,False,False,0.05
2026-10-01T04:09:22Z,IN,708,41.7472,-85.3285,64,Rain Showers Likely,64,5,False,False,True,False,False,0.05
2026-10-01T04:09:22Z,IN,707,41.7453,-85.3287,64,Rain Showers Likely,64,5,False,False,True,False,False,0.05
2026-10-01T04:09:22Z,IN,324,41.7353,-86.7933,63,Rain Showers Likely,61,5,False,False,True,False,False,0.05
2026-10-01T04:09:22Z,KY,KY00065IS0000020N65WELCOM,36.6434,-86.5687,69,Partly Cloudy,0,5,False,False,False,False,False,0.0
2026-10-01T04:09:22Z,KY,KY00065IS000020NSMARATHON,36.6612,-86.5553,70,Partly Cloudy,0,7,False,False,False,False,False,0.0
2026-10-01T04:09:22Z,KY,KY00065IS0000340NWEIGHS34,36.6868,-86.5379,70,Partly Cloudy,0,7,False,False,False,False,False,0.0
2026-10-01T04:09:22Z,KY,KY00065IS0011400S65SRA114,37.9464,-85.6905,70,Partly Cloudy,0,5,False,False,False,False,False,0.0
2026-10-01T04:09:22Z,KY,KY00065IS0005900S65SRA059,37.239,-85.9297,68,Mostly Clear,0,3,False,False,False,False,False,0.0
2026-10-01T04:09:22Z,KY,KY00065IS0005900N65NRA059,37.2384,-85.9271,68,Mostly Clear,0,3,False,False,False,False,False,0.0
2026-10-01T04:09:22Z,KY,KY00075IS0003300NWEIGHS33,37.0422,-84.0968,60,Mostly Clear,0,2,False,False,False,False,False,0.0
2026-10-01T04:09:22Z,KY,KY00075IS0003400SWEIGHS34,37.048,-84.0997,61,Mostly Clear,0,2,False,False,False,False,False,0.0
2026-10-01T04:09:22Z,KY,KY00075IS0017700N75NRA177,38.937,-84.6309,69,Partly Cloudy,0,5,False,False,False,False,False,0.0
2026-10-01T04:09:22Z,KY,KY00075IS0007500SWALTONWS,38.8653,-84.6476,69,Partly Cloudy,0,5,False,False,False,False,False,0.0
2026-10-01T04:09:22Z,KY,KY00075IS0017700S75SRA177,38.9388,-84.6339,69,Partly Cloudy,0,5,False,False,False,False,False,0.0
2026-10-01T04:09:22Z,KY,KY00075IS0016800SCRITENWS,38.8196,-84.6015,70,Mostly Clear,0,5,False,False,False,False,False,0.0
2026-10-01T04:09:22Z,KY,KY00075IS0000100N75WELCOM,36.6162,-84.1054,57,Mostly Clear,0,3,False,False,False,False,False,0.0
2026-10-01T04:09:27Z,IL,IL00055IN010400050,39.8627,-89.5948,73,Mostly Cloudy,7,6,False,False,False,False,True,0.2
2026-10-01T04:09:27Z,IL,IL00057IN007900034,38.0297,-88.9203,75,Mostly Cloudy,0,7,False,False,False,False,True,0.2
2026-10-01T04:09:27Z,IL,IL00055IN014900028,40.3599,-89.1099,69,Mostly Cloudy,8,7,False,False,False,False,True,0.2
2026-10-01T04:09:27Z,IL,IL00055IN019400031,40.8234,-88.6875,67,Chance Rain Showers,53,5,False,False,True,False,True,0.2
2026-10-01T04:09:27Z,IL,IL00057IN011400033,38.5963,-88.9638,76,Mostly Cloudy,1,7,False,False,False,False,True,0.2
2026-10-01T04:09:27Z,IL,IL00064IE002500038,38.5481,-89.7731,77,Mostly Cloudy,2,8,False,False,False,False,True,0.2
2026-10-01T04:09:27Z,IL,IL00055IN002700029,38.8649,-89.8532,77,Mostly Cloudy,2,8,False,False,False,False,True,0.2
2026-10-01T04:09:27Z,IL,IL00057IN022200048,39.9218,-88.299,72,Mostly Cloudy,1,8,False,False,False,False,True,0.2
2026-10-01T04:09:27Z,IL,IL00057IS033300046,41.3918,-87.7749,65,Rain Showers,80,5,False,False,True,False,True,0.2
2026-10-01T04:09:27Z,IL,IL00080IE011700043,41.4314,-88.3454,66,Rain Showers,80,5,False,False,True,False,True,0.2
2026-10-01T04:09:27Z,IL,IL00057IS022200054,39.9314,-88.3043,72,Mostly Cloudy,1,8,False,False,False,False,True,0.2
2026-10-01T04:09:27Z,IL,IL00057IS026800022,40.5613,-88.0615,68,Chance Rain Showers,48,5,False,False,True,False,True,0.2
2026-10-01T04:09:27Z,IL,IL00055IN006400027,39.3465,-89.6408,75,Mostly Cloudy,2,7,False,False,False,False,True,0.2
2026-10-01T04:09:27Z,IL,IL00057IN026800032,40.5505,-88.0605,68,Chance Rain Showers,48,5,False,False,True,False,True,0.2
2026-10-01T04:09:27Z,IL,IL00080IE005100040,41.3938,-89.5665,64,Chance Showers And Thunderstorms,39,5,False,False,True,True,True,0.2
2026-10-01T04:09:27Z,IL,IL00064IW008500012,38.2766,-88.8012,73,Mostly Cloudy,1,7,False,False,False,False,True,0.2
2026-10-01T04:09:27Z,IL,IL00070IE008600051,39.0651,-88.6745,75,Mostly Cloudy,1,7,False,False,False,False,True,0.2
2026-10-01T04:09:27Z,IL,IL00070IE002700042,38.7849,-89.7023,77,Mostly Cloudy,2,8,False,False,False,False,True,0.2
2026-10-01T04:09:27Z,IL,IL00024IW003700010,37.1593,-88.6798,69,Partly Cloudy,0,1,False,False,False,False,True,0.2
2026-10-01T04:09:27Z,IL,IL00064IE008500039,38.273,-88.8496,73,Mostly Cloudy,1,7,False,False,False,False,True,0.2
2026-10-01T04:09:27Z,IL,IL00074IW015600009,40.2711,-88.6701,69,Mostly Cloudy,4,6,False,False,False,False,True,0.2
2026-10-01T04:09:27Z,IL,IL00064IW002500011,38.5491,-89.7633,77,Mostly Cloudy,2,8,False,False,False,False,True,0.2
2026-10-01T04:09:27Z,IL,IL00080IW005100013,41.3937,-89.5591,64,Chance Showers And Thunderstorms,39,0,False,False,True,True,True,0.2
2026-10-01T04:09:27Z,IL,IL00074IW020800052,40.1298,-87.7441,69,Mostly Cloudy,2,6,False,False,False,False,True,0.2
2026-10-01T04:09:27Z,IL,IL00070IW002700015,38.7884,-89.6889,77,Mostly Cloudy,2,8,False,False,False,False,True,0.2
2026-10-01T04:09:27Z,IL,IL00055IS002700019,38.8723,-89.8511,77,Mostly Cloudy,2,8,False,False,False,False,True,0.2
2026-10-01T04:09:27Z,IL,IL00057IS007900047,38.0962,-88.9138,77,Mostly Cloudy,1,8,False,False,False,False,True,0.2
2026-10-01T04:09:27Z,IL,IL00074IE002800030,41.2334,-90.333,66,Chance Showers And Thunderstorms,44,5,False,False,True,True,True,0.2
2026-10-01T04:09:27Z,IL,IL00055IS006400017,39.3523,-89.6447,75,Mostly Cloudy,2,7,False,False,False,False,True,0.2
2026-10-01T04:09:27Z,IL,IL00074IE015600037,40.2732,-88.6762,69,Mostly Cloudy,4,6,False,False,False,False,True,0.2
2026-10-01T04:09:27Z,IL,IL00072IW015200014,39.9888,-88.7852,71,Mostly Cloudy,3,7,False,False,False,False,True,0.2
2026-10-01T04:09:27Z,IL,IL00064IW013000053,38.2322,-87.9882,73,Mostly Cloudy,0,6,False,False,False,False,True,0.2
2026-10-01T04:09:27Z,IL,IL00055IS019400021,40.8371,-88.6833,67,Chance Rain Showers,54,5,False,False,True,False,True,0.2
2026-10-01T04:09:27Z,IL,IL00057IS011400023,38.5965,-88.9677,76,Mostly Cloudy,1,7,False,False,False,False,True,0.2
2026-10-01T04:09:27Z,IL,IL00039IN008500036,41.7236,-89.0062,65,Rain Showers,80,5,False,False,True,False,True,0.2
2026-10-01T04:09:27Z,IL,IL00080IW011700016,41.4473,-88.3285,66,Rain Showers,80,5,False,False,True,False,True,0.2
2026-10-01T04:09:27Z,IL,IL00074IW002800020,41.2141,-90.3308,66,Chance Showers And Thunderstorms,44,5,False,False,True,True,True,0.2
2026-10-01T04:09:27Z,IL,IL00039IS008500026,41.7285,-89.0105,65,Rain Showers,80,5,False,False,True,False,True,0.2
2026-10-01T04:09:27Z,IL,IL00057IN033300049,41.3892,-87.7729,65,Rain Showers,80,5,False,False,True,False,True,0.2
2026-10-01T04:09:27Z,IL,IL00074IW011400006,40.6111,-89.2323,68,Mostly Cloudy,14,5,False,False,False,False,True,0.2
2026-10-01T04:09:27Z,IL,IL00070IW014900008,39.4228,-87.6617,72,Mostly Cloudy,1,7,False,False,False,False,True,0.2
2026-10-01T04:09:27Z,IL,IL00074IE011400005,40.6125,-89.245,68,Mostly Cloudy,14,5,False,False,False,False,True,0.2
2026-10-01T04:09:27Z,IL,IL00074IW006200004,40.8802,-90.0895,66,Chance Rain Showers,38,2,False,False,True,False,True,0.2
2026-10-01T04:09:27Z,IL,IL00074IE006200001,40.8788,-90.0936,66,Chance Rain Showers,38,2,False,False,True,False,True,0.2
2026-10-01T04:09:27Z,IL,IL00055IS010400024,39.8871,-89.5966,73,Mostly Cloudy,7,6,False,False,False,False,True,0.2
2026-10-01T04:09:27Z,IL,IL00057IS003200025,37.4699,-89.1329,73,Partly Cloudy,0,5,False,False,False,False,True,0.2
2026-10-01T04:09:27Z,IL,IL00057IN003200035,37.4661,-89.1324,73,Partly Cloudy,0,5,False,False,False,False,True,0.2
2026-10-01T04:09:27Z,IL,IL00070IW008700045,39.0679,-88.6704,75,Mostly Cloudy,1,7,False,False,False,False,True,0.2
2026-10-01T04:09:27Z,IL,IL00057IS016500018,39.1993,-88.502,75,Mostly Cloudy,1,8,False,False,False,False,True,0.2
2026-10-01T04:09:27Z,IL,IL00057IN016500044,39.1898,-88.5031,75,Mostly Cloudy,1,8,False,False,False,False,True,0.2
2026-10-01T04:09:27Z,IL,IL00072IE015200041,39.9923,-88.7827,71,Mostly Cloudy,3,7,False,False,False,False,True,0.2
2026-10-01T04:09:27Z,IN,322,38.195,-87.8597,73,Mostly Cloudy,0,6,False,False,False,False,False,0.0
2026-10-01T04:09:27Z,IN,317,38.5852,-85.7768,69,Partly Cloudy,0,5,False,False,False,False,False,0.0
2026-10-01T04:09:27Z,IN,316,38.5859,-85.7809,69,Partly Cloudy,0,5,False,False,False,False,False,0.0
2026-10-01T04:09:27Z,IN,315,39.2602,-85.9521,67,Partly Cloudy,1,3,False,False,False,False,False,0.0
2026-10-01T04:09:27Z,IN,314,39.2767,-85.9569,68,Partly Cloudy,1,3,False,False,False,False,False,0.0
2026-10-01T04:09:27Z,IN,313,40.1578,-86.5387,69,Mostly Cloudy,2,7,False,False,False,False,False,0.0
2026-10-01T04:09:27Z,IN,312,40.1722,-86.5522,69,Mostly Cloudy,2,7,False,False,False,False,False,0.0
2026-10-01T04:09:27Z,IN,311,40.6992,-87.0628,69,Chance Rain Showers,39,5,False,False,True,False,False,0.05
2026-10-01T04:09:27Z,IN,310,40.6984,-87.0646,69,Chance Rain Showers,39,5,False,False,True,False,False,0.05
2026-10-01T04:09:27Z,IN,308,41.1653,-87.271,66,Rain Showers,77,5,False,False,True,False,False,0.05
2026-10-01T04:09:27Z,IN,309,41.1666,-87.2749,66,Rain Showers,77,5,False,False,True,False,False,0.05
2026-10-01T04:09:27Z,IN,318,40.3543,-85.5576,68,Mostly Cloudy,3,6,False,False,False,False,False,0.0
2026-10-01T04:09:27Z,IN,319,40.3569,-85.56,68,Mostly Cloudy,3,6,False,False,False,False,False,0.0
2026-10-01T04:09:27Z,IN,320,41.2963,-85.0863,65,Rain Showers Likely,57,5,False,False,True,False,False,0.05
2026-10-01T04:09:27Z,IN,321,41.5803,-85.0597,65,Rain Showers Likely,62,5,False,False,True,False,False,0.05
2026-10-01T04:09:27Z,IN,300,39.4417,-87.5002,70,Mostly Cloudy,1,6,False,False,False,False,False,0.0
2026-10-01T04:09:27Z,IN,302,39.6517,-86.3967,69,Mostly Cloudy,1,6,False,False,False,False,False,0.0
2026-10-01T04:09:27Z,IN,301,39.6541,-86.4005,69,Mostly Cloudy,1,6,False,False,False,False,False,0.0
2026-10-01T04:09:27Z,IN,303,39.8243,-85.7039,68,Partly Cloudy,1,6,False,False,False,False,False,0.0
2026-10-01T04:09:27Z,IN,304,39.8266,-85.704,68,Partly Cloudy,1,6,False,False,False,False,False,0.0
2026-10-01T04:09:27Z,IN,305,39.8605,-85.0259,68,Partly Cloudy,1,5,False,False,False,False,False,0.0
2026-10-01T04:09:27Z,IN,323,39.29,-85.1688,68,Partly Cloudy,0,3,False,False,False,False,False,0.0
2026-10-01T04:09:27Z,IN,702,41.7472,-85.3285,64,Rain Showers Likely,64,5,False,False,True,False,False,0.05
2026-10-01T04:09:27Z,IN,701,41.5889,-87.2173,65,Rain Showers,80,5,False,False,True,False,False,0.05
2026-10-01T04:09:27Z,IN,704,41.7058,-86.6212,64,Rain Showers Likely,62,5,False,False,True,False,False,0.05
2026-10-01T04:09:27Z,IN,703,41.7071,-86.6235,64,Rain Showers Likely,62,5,False,False,True,False,False,0.05
2026-10-01T04:09:27Z,IN,705,41.733,-86.0057,64,Rain Showers Likely,63,5,False,False,True,False,False,0.05
2026-10-01T04:09:27Z,IN,708,41.7472,-85.3285,64,Rain Showers Likely,64,5,False,False,True,False,False,0.05
2026-10-01T04:09:27Z,IN,707,41.7453,-85.3287,64,Rain Showers Likely,64,5,False,False,True,False,False,0.05
2026-10-01T04:09:27Z,IN,324,41.7353,-86.7933,63,Rain Showers Likely,61,5,False,False,True,False,False,0.05
2026-10-01T04:09:27Z,KY,KY00065IS0000020N65WELCOM,36.6434,-86.5687,69,Partly Cloudy,0,5,False,False,False,False,False,0.0
2026-10-01T04:09:27Z,KY,KY00065IS000020NSMARATHON,36.6612,-86.5553,70,Partly Cloudy,0,7,False,False,False,False,False,0.0
2026-10-01T04:09:27Z,KY,KY00065IS0000340NWEIGHS34,36.6868,-86.5379,70,Partly Cloudy,0,7,False,False,False,False,False,0.0
2026-10-01T04:09:27Z,KY,KY00065IS0011400S65SRA114,37.9464,-85.6905,70,Partly Cloudy,0,5,False,False,False,False,False,0.0
2026-10-01T04:09:27Z,KY,KY00065IS0005900S65SRA059,37.239,-85.9297,68,Mostly Clear,0,3,False,False,False,False,False,0.0
2026-10-01T04:09:27Z,KY,KY00065IS0005900N65NRA059,37.2384,-85.9271,68,Mostly Clear,0,3,False,False,False,False,False,0.0
2026-10-01T04:09:27Z,KY,KY00075IS0003300NWEIGHS33,37.0422,-84.0968,60,Mostly Clear,0,2,False,False,False,False,False,0.0
2026-10-01T04:09:27Z,KY,KY00075IS0003400SWEIGHS34,37.048,-84.0997,61,Mostly Clear,0,2,False,False,False,False,False,0.0
2026-10-01T04:09:27Z,KY,KY00075IS0017700N75NRA177,38.937,-84.6309,69,Partly Cloudy,0,5,False,False,False,False,False,0.0
2026-10-01T04:09:27Z,KY,KY00075IS0007500SWALTONWS,38.8653,-84.6476,69,Partly Cloudy,0,5,False,False,False,False,False,0.0
2026-10-01T04:09:27Z,KY,KY00075IS0017700S75SRA177,38.9388,-84.6339,69,Partly Cloudy,0,5,False,False,False,False,False,0.0
2026-10-01T04:09:27Z,KY,KY00075IS0016800SCRITENWS,38.8196,-84.6015,70,Mostly Clear,0,5,False,False,False,False,False,0.0
2026-10-01T04:09:27Z,KY,KY00075IS0000100N75WELCOM,36.6162,-84.1054,57,Mostly Clear,0,3,False,False,False,False,False,0.0
2026-10-01T04:09:32Z,IL,IL00055IN010400050,39.8627,-89.5948,73,Mostly Cloudy,7,6,False,False,False,False,True,0.2
2026-10-01T04:09:32Z,IL,IL00057IN007900034,38.0297,-88.9203,75,Mostly Cloudy,0,7,False,False,False,False,True,0.2
2026-10-01T04:09:32Z,IL,IL00055IN014900028,40.3599,-89.1099,69,Mostly Cloudy,8,7,False,False,False,False,True,0.2
2026-10-01T04:09:32Z,IL,IL00055IN019400031,40.8234,-88.6875,67,Chance Rain Showers,53,5,False,False,True,False,True,0.2
2026-10-01T04:09:32Z,IL,IL00057IN011400033,38.5963,-88.9638,76,Mostly Cloudy,1,7,False,False,False,False,True,0.2
2026-10-01T04:09:32Z,IL,IL00064IE002500038,38.5481,-89.7731,77,Mostly Cloudy,2,8,False,False,False,False,True,0.2
2026-10-01T04:09:32Z,IL,IL00055IN002700029,38.8649,-89.8532,77,Mostly Cloudy,2,8,False,False,False,False,True,0.2
2026-10-01T04:09:32Z,IL,IL00057IN022200048,39.9218,-88.299,72,Mostly Cloudy,1,8,False,False,False,False,True,0.2
2026-10-01T04:09:32Z,IL,IL00057IS033300046,41.3918,-87.7749,65,Rain Showers,80,5,False,False,True,False,True,0.2
2026-10-01T04:09:32Z,IL,IL00080IE011700043,41.4314,-88.3454,66,Rain Showers,80,5,False,False,True,False,True,0.2
2026-10-01T04:09:32Z,IL,IL00057IS022200054,39.9314,-88.3043,72,Mostly Cloudy,1,8,False,False,False,False,True,0.2
2026-10-01T04:09:32Z,IL,IL00057IS026800022,40.5613,-88.0615,68,Chance Rain Showers,48,5,False,False,True,False,True,0.2
2026-10-01T04:09:32Z,IL,IL00055IN006400027,39.3465,-89.6408,75,Mostly Cloudy,2,7,False,False,False,False,True,0.2
2026-10-01T04:09:32Z,IL,IL00057IN026800032,40.5505,-88.0605,68,Chance Rain Showers,48,5,False,False,True,False,True,0.2
2026-10-01T04:09:32Z,IL,IL00080IE005100040,41.3938,-89.5665,64,Chance Showers And Thunderstorms,39,5,False,False,True,True,True,0.2
2026-10-01T04:09:32Z,IL,IL00064IW008500012,38.2766,-88.8012,73,Mostly Cloudy,1,7,False,False,False,False,True,0.2
2026-10-01T04:09:32Z,IL,IL00070IE008600051,39.0651,-88.6745,75,Mostly Cloudy,1,7,False,False,False,False,True,0.2
2026-10-01T04:09:32Z,IL,IL00070IE002700042,38.7849,-89.7023,77,Mostly Cloudy,2,8,False,False,False,False,True,0.2
2026-10-01T04:09:32Z,IL,IL00024IW003700010,37.1593,-88.6798,69,Partly Cloudy,0,1,False,False,False,False,True,0.2
2026-10-01T04:09:32Z,IL,IL00064IE008500039,38.273,-88.8496,73,Mostly Cloudy,1,7,False,False,False,False,True,0.2
2026-10-01T04:09:32Z,IL,IL00074IW015600009,40.2711,-88.6701,69,Mostly Cloudy,4,6,False,False,False,False,True,0.2
2026-10-01T04:09:32Z,IL,IL00064IW002500011,38.5491,-89.7633,77,Mostly Cloudy,2,8,False,False,False,False,True,0.2
2026-10-01T04:09:32Z,IL,IL00080IW005100013,41.3937,-89.5591,64,Chance Showers And Thunderstorms,39,0,False,False,True,True,True,0.2
2026-10-01T04:09:32Z,IL,IL00074IW020800052,40.1298,-87.7441,69,Mostly Cloudy,2,6,False,False,False,False,True,0.2
2026-10-01T04:09:32Z,IL,IL00070IW002700015,38.7884,-89.6889,77,Mostly Cloudy,2,8,False,False,False,False,True,0.2
2026-10-01T04:09:32Z,IL,IL00055IS002700019,38.8723,-89.8511,77,Mostly Cloudy,2,8,False,False,False,False,True,0.2
2026-10-01T04:09:32Z,IL,IL00057IS007900047,38.0962,-88.9138,77,Mostly Cloudy,1,8,False,False,False,False,True,0.2
2026-10-01T04:09:32Z,IL,IL00074IE002800030,41.2334,-90.333,66,Chance Showers And Thunderstorms,44,5,False,False,True,True,True,0.2
2026-10-01T04:09:32Z,IL,IL00055IS006400017,39.3523,-89.6447,75,Mostly Cloudy,2,7,False,False,False,False,True,0.2
2026-10-01T04:09:32Z,IL,IL00074IE015600037,40.2732,-88.6762,69,Mostly Cloudy,4,6,False,False,False,False,True,0.2
2026-10-01T04:09:32Z,IL,IL00072IW015200014,39.9888,-88.7852,71,Mostly Cloudy,3,7,False,False,False,False,True,0.2
2026-10-01T04:09:32Z,IL,IL00064IW013000053,38.2322,-87.9882,73,Mostly Cloudy,0,6,False,False,False,False,True,0.2
2026-10-01T04:09:32Z,IL,IL00055IS019400021,40.8371,-88.6833,67,Chance Rain Showers,54,5,False,False,True,False,True,0.2
2026-10-01T04:09:32Z,IL,IL00057IS011400023,38.5965,-88.9677,76,Mostly Cloudy,1,7,False,False,False,False,True,0.2
2026-10-01T04:09:32Z,IL,IL00039IN008500036,41.7236,-89.0062,65,Rain Showers,80,5,False,False,True,False,True,0.2
2026-10-01T04:09:32Z,IL,IL00080IW011700016,41.4473,-88.3285,66,Rain Showers,80,5,False,False,True,False,True,0.2
2026-10-01T04:09:32Z,IL,IL00074IW002800020,41.2141,-90.3308,66,Chance Showers And Thunderstorms,44,5,False,False,True,True,True,0.2
2026-10-01T04:09:32Z,IL,IL00039IS008500026,41.7285,-89.0105,65,Rain Showers,80,5,False,False,True,False,True,0.2
2026-10-01T04:09:32Z,IL,IL00057IN033300049,41.3892,-87.7729,65,Rain Showers,80,5,False,False,True,False,True,0.2
2026-10-01T04:09:32Z,IL,IL00074IW011400006,40.6111,-89.2323,68,Mostly Cloudy,14,5,False,False,False,False,True,0.2
2026-10-01T04:09:32Z,IL,IL00070IW014900008,39.4228,-87.6617,72,Mostly Cloudy,1,7,False,False,False,False,True,0.2
2026-10-01T04:09:32Z,IL,IL00074IE011400005,40.6125,-89.245,68,Mostly Cloudy,14,5,False,False,False,False,True,0.2
2026-10-01T04:09:32Z,IL,IL00074IW006200004,40.8802,-90.0895,66,Chance Rain Showers,38,2,False,False,True,False,True,0.2
2026-10-01T04:09:32Z,IL,IL00074IE006200001,40.8788,-90.0936,66,Chance Rain Showers,38,2,False,False,True,False,True,0.2
2026-10-01T04:09:32Z,IL,IL00055IS010400024,39.8871,-89.5966,73,Mostly Cloudy,7,6,False,False,False,False,True,0.2
2026-10-01T04:09:32Z,IL,IL00057IS003200025,37.4699,-89.1329,73,Partly Cloudy,0,5,False,False,False,False,True,0.2
2026-10-01T04:09:32Z,IL,IL00057IN003200035,37.4661,-89.1324,73,Partly Cloudy,0,5,False,False,False,False,True,0.2
2026-10-01T04:09:32Z,IL,IL00070IW008700045,39.0679,-88.6704,75,Mostly Cloudy,1,7,False,False,False,False,True,0.2
2026-10-01T04:09:32Z,IL,IL00057IS016500018,39.1993,-88.502,75,Mostly Cloudy,1,8,False,False,False,False,True,0.2
2026-10-01T04:09:32Z,IL,IL00057IN016500044,39.1898,-88.5031,75,Mostly Cloudy,1,8,False,False,False,False,True,0.2
2026-10-01T04:09:32Z,IL,IL00072IE015200041,39.9923,-88.7827,71,Mostly Cloudy,3,7,False,False,False,False,True,0.2
2026-10-01T04:09:32Z,IN,322,38.195,-87.8597,73,Mostly Cloudy,0,6,False,False,False,False,False,0.0
2026-10-01T04:09:32Z,IN,317,38.5852,-85.7768,69,Partly Cloudy,0,5,False,False,False,False,False,0.0
2026-10-01T04:09:32Z,IN,316,38.5859,-85.7809,69,Partly Cloudy,0,5,False,False,False,False,False,0.0
2026-10-01T04:09:32Z,IN,315,39.2602,-85.9521,67,Partly Cloudy,1,3,False,False,False,False,False,0.0
2026-10-01T04:09:32Z,IN,314,39.2767,-85.9569,68,Partly Cloudy,1,3,False,False,False,False,False,0.0
2026-10-01T04:09:32Z,IN,313,40.1578,-86.5387,69,Mostly Cloudy,2,7,False,False,False,False,False,0.0
2026-10-01T04:09:32Z,IN,312,40.1722,-86.5522,69,Mostly Cloudy,2,7,False,False,False,False,False,0.0
2026-10-01T04:09:32Z,IN,311,40.6992,-87.0628,69,Chance Rain Showers,39,5,False,False,True,False,False,0.05
2026-10-01T04:09:32Z,IN,310,40.6984,-87.0646,69,Chance Rain Showers,39,5,False,False,True,False,False,0.05
2026-10-01T04:09:32Z,IN,308,41.1653,-87.271,66,Rain Showers,77,5,False,False,True,False,False,0.05
2026-10-01T04:09:32Z,IN,309,41.1666,-87.2749,66,Rain Showers,77,5,False,False,True,False,False,0.05
2026-10-01T04:09:32Z,IN,318,40.3543,-85.5576,68,Mostly Cloudy,3,6,False,False,False,False,False,0.0
2026-10-01T04:09:32Z,IN,319,40.3569,-85.56,68,Mostly Cloudy,3,6,False,False,False,False,False,0.0
2026-10-01T04:09:32Z,IN,320,41.2963,-85.0863,65,Rain Showers Likely,57,5,False,False,True,False,False,0.05
2026-10-01T04:09:32Z,IN,321,41.5803,-85.0597,65,Rain Showers Likely,62,5,False,False,True,False,False,0.05
2026-10-01T04:09:32Z,IN,300,39.4417,-87.5002,70,Mostly Cloudy,1,6,False,False,False,False,False,0.0
2026-10-01T04:09:32Z,IN,302,39.6517,-86.3967,69,Mostly Cloudy,1,6,False,False,False,False,False,0.0
2026-10-01T04:09:32Z,IN,301,39.6541,-86.4005,69,Mostly Cloudy,1,6,False,False,False,False,False,0.0
2026-10-01T04:09:32Z,IN,303,39.8243,-85.7039,68,Partly Cloudy,1,6,False,False,False,False,False,0.0
2026-10-01T04:09:32Z,IN,304,39.8266,-85.704,68,Partly Cloudy,1,6,False,False,False,False,False,0.0
2026-10-01T04:09:32Z,IN,305,39.8605,-85.0259,68,Partly Cloudy,1,5,False,False,False,False,False,0.0
2026-10-01T04:09:32Z,IN,323,39.29,-85.1688,68,Partly Cloudy,0,3,False,False,False,False,False,0.0
2026-10-01T04:09:32Z,IN,702,41.7472,-85.3285,64,Rain Showers Likely,64,5,False,False,True,False,False,0.05
2026-10-01T04:09:32Z,IN,701,41.5889,-87.2173,65,Rain Showers,80,5,False,False,True,False,False,0.05
2026-10-01T04:09:32Z,IN,704,41.7058,-86.6212,64,Rain Showers Likely,62,5,False,False,True,False,False,0.05
2026-10-01T04:09:32Z,IN,703,41.7071,-86.6235,64,Rain Showers Likely,62,5,False,False,True,False,False,0.05
2026-10-01T04:09:32Z,IN,705,41.733,-86.0057,64,Rain Showers Likely,63,5,False,False,True,False,False,0.05
2026-10-01T04:09:32Z,IN,708,41.7472,-85.3285,64,Rain Showers Likely,64,5,False,False,True,False,False,0.05
2026-10-01T04:09:32Z,IN,707,41.7453,-85.3287,64,Rain Showers Likely,64,5,False,False,True,False,False,0.05
2026-10-01T04:09:32Z,IN,324,41.7353,-86.7933,63,Rain Showers Likely,61,5,False,False,True,False,False,0.05
2026-10-01T04:09:32Z,KY,KY00065IS0000020N65WELCOM,36.6434,-86.5687,69,Partly Cloudy,0,5,False,False,False,False,False,0.0
2026-10-01T04:09:32Z,KY,KY00065IS000020NSMARATHON,36.6612,-86.5553,70,Partly Cloudy,0,7,False,False,False,False,False,0.0
2026-10-01T04:09:32Z,KY,KY00065IS0000340NWEIGHS34,36.6868,-86.5379,70,Partly Cloudy,0,7,False,False,False,False,False,0.0
2026-10-01T04:09:32Z,KY,KY00065IS0011400S65SRA114,37.9464,-85.6905,70,Partly Cloudy,0,5,False,False,False,False,False,0.0
2026-10-01T04:09:32Z,KY,KY00065IS0005900S65SRA059,37.239,-85.9297,68,Mostly Clear,0,3,False,False,False,False,False,0.0
2026-10-01T04:09:32Z,KY,KY00065IS0005900N65NRA059,37.2384,-85.9271,68,Mostly Clear,0,3,False,False,False,False,False,0.0
2026-10-01T04:09:32Z,KY,KY00075IS0003300NWEIGHS33,37.0422,-84.0968,60,Mostly Clear,0,2,False,False,False,False,False,0.0
2026-10-01T04:09:32Z,KY,KY00075IS0003400SWEIGHS34,37.048,-84.0997,61,Mostly Clear,0,2,False,False,False,False,False,0.0
2026-10-01T04:09:32Z,KY,KY00075IS0017700N75NRA177,38.937,-84.6309,69,Partly Cloudy,0,5,False,False,False,False,False,0.0
2026-10-01T04:09:32Z,KY,KY00075IS0007500SWALTONWS,38.8653,-84.6476,69,Partly Cloudy,0,5,False,False,False,False,False,0.0
2026-10-01T04:09:32Z,KY,KY00075IS0017700S75SRA177,38.9388,-84.6339,69,Partly Cloudy,0,5,False,False,False,False,False,0.0
2026-10-01T04:09:32Z,KY,KY00075IS0016800SCRITENWS,38.8196,-84.6015,70,Mostly Clear,0,5,False,False,False,False,False,0.0
2026-10-01T04:09:32Z,KY,KY00075IS0000100N75WELCOM,36.6162,-84.1054,57,Mostly Clear,0,3,False,False,False,False,False,0.0
2026-10-01T04:09:36Z,IL,IL00055IN010400050,39.8627,-89.5948,73,Mostly Cloudy,7,6,False,False,False,False,True,0.2
2026-10-01T04:09:36Z,IL,IL00057IN007900034,38.0297,-88.9203,75,Mostly Cloudy,0,7,False,False,False,False,True,0.2
2026-10-01T04:09:36Z,IL,IL00055IN014900028,40.3599,-89.1099,69,Mostly Cloudy,8,7,False,False,False,False,True,0.2
2026-10-01T04:09:36Z,IL,IL00055IN019400031,40.8234,-88.6875,67,Chance Rain Showers,53,5,False,False,True,False,True,0.2
2026-10-01T04:09:36Z,IL,IL00057IN011400033,38.5963,-88.9638,76,Mostly Cloudy,1,7,False,False,False,False,True,0.2
2026-10-01T04:09:36Z,IL,IL00064IE002500038,38.5481,-89.7731,77,Mostly Cloudy,2,8,False,False,False,False,True,0.2
2026-10-01T04:09:36Z,IL,IL00055IN002700029,38.8649,-89.8532,77,Mostly Cloudy,2,8,False,False,False,False,True,0.2
2026-10-01T04:09:36Z,IL,IL00057IN022200048,39.9218,-88.299,72,Mostly Cloudy,1,8,False,False,False,False,True,0.2
2026-10-01T04:09:36Z,IL,IL00057IS033300046,41.3918,-87.7749,65,Rain Showers,80,5,False,False,True,False,True,0.2
2026-10-01T04:09:36Z,IL,IL00080IE011700043,41.4314,-88.3454,66,Rain Showers,80,5,False,False,True,False,True,0.2
2026-10-01T04:09:36Z,IL,IL00057IS022200054,39.9314,-88.3043,72,Mostly Cloudy,1,8,False,False,False,False,True,0.2
2026-10-01T04:09:36Z,IL,IL00057IS026800022,40.5613,-88.0615,68,Chance Rain Showers,48,5,False,False,True,False,True,0.2
2026-10-01T04:09:36Z,IL,IL00055IN006400027,39.3465,-89.6408,75,Mostly Cloudy,2,7,False,False,False,False,True,0.2
2026-10-01T04:09:36Z,IL,IL00057IN026800032,40.5505,-88.0605,68,Chance Rain Showers,48,5,False,False,True,False,True,0.2
2026-10-01T04:09:36Z,IL,IL00080IE005100040,41.3938,-89.5665,64,Chance Showers And Thunderstorms,39,5,False,False,True,True,True,0.2
2026-10-01T04:09:36Z,IL,IL00064IW008500012,38.2766,-88.8012,73,Mostly Cloudy,1,7,False,False,False,False,True,0.2
2026-10-01T04:09:36Z,IL,IL00070IE008600051,39.0651,-88.6745,75,Mostly Cloudy,1,7,False,False,False,False,True,0.2
2026-10-01T04:09:36Z,IL,IL00070IE002700042,38.7849,-89.7023,77,Mostly Cloudy,2,8,False,False,False,False,True,0.2
2026-10-01T04:09:36Z,IL,IL00024IW003700010,37.1593,-88.6798,69,Partly Cloudy,0,1,False,False,False,False,True,0.2
2026-10-01T04:09:36Z,IL,IL00064IE008500039,38.273,-88.8496,73,Mostly Cloudy,1,7,False,False,False,False,True,0.2
2026-10-01T04:09:36Z,IL,IL00074IW015600009,40.2711,-88.6701,69,Mostly Cloudy,4,6,False,False,False,False,True,0.2
2026-10-01T04:09:36Z,IL,IL00064IW002500011,38.5491,-89.7633,77,Mostly Cloudy,2,8,False,False,False,False,True,0.2
2026-10-01T04:09:36Z,IL,IL00080IW005100013,41.3937,-89.5591,64,Chance Showers And Thunderstorms,39,0,False,False,True,True,True,0.2
2026-10-01T04:09:36Z,IL,IL00074IW020800052,40.1298,-87.7441,69,Mostly Cloudy,2,6,False,False,False,False,True,0.2
2026-10-01T04:09:36Z,IL,IL00070IW002700015,38.7884,-89.6889,77,Mostly Cloudy,2,8,False,False,False,False,True,0.2
2026-10-01T04:09:36Z,IL,IL00055IS002700019,38.8723,-89.8511,77,Mostly Cloudy,2,8,False,False,False,False,True,0.2
2026-10-01T04:09:36Z,IL,IL00057IS007900047,38.0962,-88.9138,77,Mostly Cloudy,1,8,False,False,False,False,True,0.2
2026-10-01T04:09:36Z,IL,IL00074IE002800030,41.2334,-90.333,66,Chance Showers And Thunderstorms,44,5,False,False,True,True,True,0.2
2026-10-01T04:09:36Z,IL,IL00055IS006400017,39.3523,-89.6447,75,Mostly Cloudy,2,7,False,False,False,False,True,0.2
2026-10-01T04:09:36Z,IL,IL00074IE015600037,40.2732,-88.6762,69,Mostly Cloudy,4,6,False,False,False,False,True,0.2
2026-10-01T04:09:36Z,IL,IL00072IW015200014,39.9888,-88.7852,71,Mostly Cloudy,3,7,False,False,False,False,True,0.2
2026-10-01T04:09:36Z,IL,IL00064IW013000053,38.2322,-87.9882,73,Mostly Cloudy,0,6,False,False,False,False,True,0.2
2026-10-01T04:09:36Z,IL,IL00055IS019400021,40.8371,-88.6833,67,Chance Rain Showers,54,5,False,False,True,False,True,0.2
2026-10-01T04:09:36Z,IL,IL00057IS011400023,38.5965,-88.9677,76,Mostly Cloudy,1,7,False,False,False,False,True,0.2
2026-10-01T04:09:36Z,IL,IL00039IN008500036,41.7236,-89.0062,65,Rain Showers,80,5,False,False,True,False,True,0.2
2026-10-01T04:09:36Z,IL,IL00080IW011700016,41.4473,-88.3285,66,Rain Showers,80,5,False,False,True,False,True,0.2
2026-10-01T04:09:36Z,IL,IL00074IW002800020,41.2141,-90.3308,66,Chance Showers And Thunderstorms,44,5,False,False,True,True,True,0.2
2026-10-01T04:09:36Z,IL,IL00039IS008500026,41.7285,-89.0105,65,Rain Showers,80,5,False,False,True,False,True,0.2
2026-10-01T04:09:36Z,IL,IL00057IN033300049,41.3892,-87.7729,65,Rain Showers,80,5,False,False,True,False,True,0.2
2026-10-01T04:09:36Z,IL,IL00074IW011400006,40.6111,-89.2323,68,Mostly Cloudy,14,5,False,False,False,False,True,0.2
2026-10-01T04:09:36Z,IL,IL00070IW014900008,39.4228,-87.6617,72,Mostly Cloudy,1,7,False,False,False,False,True,0.2
2026-10-01T04:09:36Z,IL,IL00074IE011400005,40.6125,-89.245,68,Mostly Cloudy,14,5,False,False,False,False,True,0.2
2026-10-01T04:09:36Z,IL,IL00074IW006200004,40.8802,-90.0895,66,Chance Rain Showers,38,2,False,False,True,False,True,0.2
2026-10-01T04:09:36Z,IL,IL00074IE006200001,40.8788,-90.0936,66,Chance Rain Showers,38,2,False,False,True,False,True,0.2
2026-10-01T04:09:36Z,IL,IL00055IS010400024,39.8871,-89.5966,73,Mostly Cloudy,7,6,False,False,False,False,True,0.2
2026-10-01T04:09:36Z,IL,IL00057IS003200025,37.4699,-89.1329,73,Partly Cloudy,0,5,False,False,False,False,True,0.2
2026-10-01T04:09:36Z,IL,IL00057IN003200035,37.4661,-89.1324,73,Partly Cloudy,0,5,False,False,False,False,True,0.2
2026-10-01T04:09:36Z,IL,IL00070IW008700045,39.0679,-88.6704,75,Mostly Cloudy,1,7,False,False,False,False,True,0.2
2026-10-01T04:09:36Z,IL,IL00057IS016500018,39.1993,-88.502,75,Mostly Cloudy,1,8,False,False,False,False,True,0.2
2026-10-01T04:09:36Z,IL,IL00057IN016500044,39.1898,-88.5031,75,Mostly Cloudy,1,8,False,False,False,False,True,0.2
2026-10-01T04:09:36Z,IL,IL00072IE015200041,39.9923,-88.7827,71,Mostly Cloudy,3,7,False,False,False,False,True,0.2
2026-10-01T04:09:36Z,IN,322,38.195,-87.8597,73,Mostly Cloudy,0,6,False,False,False,False,False,0.0
2026-10-01T04:09:36Z,IN,317,38.5852,-85.7768,69,Partly Cloudy,0,5,False,False,False,False,False,0.0
2026-10-01T04:09:36Z,IN,316,38.5859,-85.7809,69,Partly Cloudy,0,5,False,False,False,False,False,0.0
2026-10-01T04:09:36Z,IN,315,39.2602,-85.9521,67,Partly Cloudy,1,3,False,False,False,False,False,0.0
2026-10-01T04:09:36Z,IN,314,39.2767,-85.9569,68,Partly Cloudy,1,3,False,False,False,False,False,0.0
2026-10-01T04:09:36Z,IN,313,40.1578,-86.5387,69,Mostly Cloudy,2,7,False,False,False,False,False,0.0
2026-10-01T04:09:36Z,IN,312,40.1722,-86.5522,69,Mostly Cloudy,2,7,False,False,False,False,False,0.0
2026-10-01T04:09:36Z,IN,311,40.6992,-87.0628,69,Chance Rain Showers,39,5,False,False,True,False,False,0.05
2026-10-01T04:09:36Z,IN,310,40.6984,-87.0646,69,Chance Rain Showers,39,5,False,False,True,False,False,0.05
2026-10-01T04:09:36Z,IN,308,41.1653,-87.271,66,Rain Showers,77,5,False,False,True,False,False,0.05
2026-10-01T04:09:36Z,IN,309,41.1666,-87.2749,66,Rain Showers,77,5,False,False,True,False,False,0.05
2026-10-01T04:09:36Z,IN,318,40.3543,-85.5576,68,Mostly Cloudy,3,6,False,False,False,False,False,0.0
2026-10-01T04:09:36Z,IN,319,40.3569,-85.56,68,Mostly Cloudy,3,6,False,False,False,False,False,0.0
2026-10-01T04:09:36Z,IN,320,41.2963,-85.0863,65,Rain Showers Likely,57,5,False,False,True,False,False,0.05
2026-10-01T04:09:36Z,IN,321,41.5803,-85.0597,65,Rain Showers Likely,62,5,False,False,True,False,False,0.05
2026-10-01T04:09:36Z,IN,300,39.4417,-87.5002,70,Mostly Cloudy,1,6,False,False,False,False,False,0.0
2026-10-01T04:09:36Z,IN,302,39.6517,-86.3967,69,Mostly Cloudy,1,6,False,False,False,False,False,0.0
2026-10-01T04:09:36Z,IN,301,39.6541,-86.4005,69,Mostly Cloudy,1,6,False,False,False,False,False,0.0
2026-10-01T04:09:36Z,IN,303,39.8243,-85.7039,68,Partly Cloudy,1,6,False,False,False,False,False,0.0
2026-10-01T04:09:36Z,IN,304,39.8266,-85.704,68,Partly Cloudy,1,6,False,False,False,False,False,0.0
2026-10-01T04:09:36Z,IN,305,39.8605,-85.0259,68,Partly Cloudy,1,5,False,False,False,False,False,0.0
2026-10-01T04:09:36Z,IN,323,39.29,-85.1688,68,Partly Cloudy,0,3,False,False,False,False,False,0.0
2026-10-01T04:09:36Z,IN,702,41.7472,-85.3285,64,Rain Showers Likely,64,5,False,False,True,False,False,0.05
2026-10-01T04:09:36Z,IN,701,41.5889,-87.2173,65,Rain Showers,80,5,False,False,True,False,False,0.05
2026-10-01T04:09:36Z,IN,704,41.7058,-86.6212,64,Rain Showers Likely,62,5,False,False,True,False,False,0.05
2026-10-01T04:09:36Z,IN,703,41.7071,-86.6235,64,Rain Showers Likely,62,5,False,False,True,False,False,0.05
2026-10-01T04:09:36Z,IN,705,41.733,-86.0057,64,Rain Showers Likely,63,5,False,False,True,False,False,0.05
2026-10-01T04:09:36Z,IN,708,41.7472,-85.3285,64,Rain Showers Likely,64,5,False,False,True,False,False,0.05
2026-10-01T04:09:36Z,IN,707,41.7453,-85.3287,64,Rain Showers Likely,64,5,False,False,True,False,False,0.05
2026-10-01T04:09:36Z,IN,324,41.7353,-86.7933,63,Rain Showers Likely,61,5,False,False,True,False,False,0.05
2026-10-01T04:09:36Z,KY,KY00065IS0000020N65WELCOM,36.6434,-86.5687,69,Partly Cloudy,0,5,False,False,False,False,False,0.0
2026-10-01T04:09:36Z,KY,KY00065IS000020NSMARATHON,36.6612,-86.5553,70,Partly Cloudy,0,7,False,False,False,False,False,0.0
2026-10-01T04:09:36Z,KY,KY00065IS0000340NWEIGHS34,36.6868,-86.5379,70,Partly Cloudy,0,7,False,False,False,False,False,0.0
2026-10-01T04:09:36Z,KY,KY00065IS0011400S65SRA114,37.9464,-85.6905,70,Partly Cloudy,0,5,False,False,False,False,False,0.0
2026-10-01T04:09:36Z,KY,KY00065IS0005900S65SRA059,37.239,-85.9297,68,Mostly Clear,0,3,False,False,False,False,False,0.0
2026-10-01T04:09:36Z,KY,KY00065IS0005900N65NRA059,37.2384,-85.9271,68,Mostly Clear,0,3,False,False,False,False,False,0.0
2026-10-01T04:09:36Z,KY,KY00075IS0003300NWEIGHS33,37.0422,-84.0968,60,Mostly Clear,0,2,False,False,False,False,False,0.0
2026-10-01T04:09:36Z,KY,KY00075IS0003400SWEIGHS34,37.048,-84.0997,61,Mostly Clear,0,2,False,False,False,False,False,0.0
2026-10-01T04:09:36Z,KY,KY00075IS0017700N75NRA177,38.937,-84.6309,69,Partly Cloudy,0,5,False,False,False,False,False,0.0
2026-10-01T04:09:36Z,KY,KY00075IS0007500SWALTONWS,38.8653,-84.6476,69,Partly Cloudy,0,5,False,False,False,False,False,0.0
2026-10-01T04:09:36Z,KY,KY00075IS0017700S75SRA177,38.9388,-84.6339,69,Partly Cloudy,0,5,False,False,False,False,False,0.0
2026-10-01T04:09:36Z,KY,KY00075IS0016800SCRITENWS,38.8196,-84.6015,70,Mostly Clear,0,5,False,False,False,False,False,0.0
2026-10-01T04:09:36Z,KY,KY00075IS0000100N75WELCOM,36.6162,-84.1054,57,Mostly Clear,0,3,False,False,False,False,False,0.0
2026-10-01T04:09:40Z,IL,IL00055IN010400050,39.8627,-89.5948,73,Mostly Cloudy,7,6,False,False,False,False,True,0.2
2026-10-01T04:09:40Z,IL,IL00057IN007900034,38.0297,-88.9203,75,Mostly Cloudy,0,7,False,False,False,False,True,0.2
2026-10-01T04:09:40Z,IL,IL00055IN014900028,40.3599,-89.1099,69,Mostly Cloudy,8,7,False,False,False,False,True,0.2
2026-10-01T04:09:40Z,IL,IL00055IN019400031,40.8234,-88.6875,67,Chance Rain Showers,53,5,False,False,True,False,True,0.2
2026-10-01T04:09:40Z,IL,IL00057IN011400033,38.5963,-88.9638,76,Mostly Cloudy,1,7,False,False,False,False,True,0.2
2026-10-01T04:09:40Z,IL,IL00064IE002500038,38.5481,-89.7731,77,Mostly Cloudy,2,8,False,False,False,False,True,0.2
2026-10-01T04:09:40Z,IL,IL00055IN002700029,38.8649,-89.8532,77,Mostly Cloudy,2,8,False,False,False,False,True,0.2
2026-10-01T04:09:40Z,IL,IL00057IN022200048,39.9218,-88.299,72,Mostly Cloudy,1,8,False,False,False,False,True,0.2
2026-10-01T04:09:40Z,IL,IL00057IS033300046,41.3918,-87.7749,65,Rain Showers,80,5,False,False,True,False,True,0.2
2026-10-01T04:09:40Z,IL,IL00080IE011700043,41.4314,-88.3454,66,Rain Showers,80,5,False,False,True,False,True,0.2
2026-10-01T04:09:40Z,IL,IL00057IS022200054,39.9314,-88.3043,72,Mostly Cloudy,1,8,False,False,False,False,True,0.2
2026-10-01T04:09:40Z,IL,IL00057IS026800022,40.5613,-88.0615,68,Chance Rain Showers,48,5,False,False,True,False,True,0.2
2026-10-01T04:09:40Z,IL,IL00055IN006400027,39.3465,-89.6408,75,Mostly Cloudy,2,7,False,False,False,False,True,0.2
2026-10-01T04:09:40Z,IL,IL00057IN026800032,40.5505,-88.0605,68,Chance Rain Showers,48,5,False,False,True,False,True,0.2
2026-10-01T04:09:40Z,IL,IL00080IE005100040,41.3938,-89.5665,64,Chance Showers And Thunderstorms,39,5,False,False,True,True,True,0.2
2026-10-01T04:09:40Z,IL,IL00064IW008500012,38.2766,-88.8012,73,Mostly Cloudy,1,7,False,False,False,False,True,0.2
2026-10-01T04:09:40Z,IL,IL00070IE008600051,39.0651,-88.6745,75,Mostly Cloudy,1,7,False,False,False,False,True,0.2
2026-10-01T04:09:40Z,IL,IL00070IE002700042,38.7849,-89.7023,77,Mostly Cloudy,2,8,False,False,False,False,True,0.2
2026-10-01T04:09:40Z,IL,IL00024IW003700010,37.1593,-88.6798,69,Partly Cloudy,0,1,False,False,False,False,True,0.2
2026-10-01T04:09:40Z,IL,IL00064IE008500039,38.273,-88.8496,73,Mostly Cloudy,1,7,False,False,False,False,True,0.2
2026-10-01T04:09:40Z,IL,IL00074IW015600009,40.2711,-88.6701,69,Mostly Cloudy,4,6,False,False,False,False,True,0.2
2026-10-01T04:09:40Z,IL,IL00064IW002500011,38.5491,-89.7633,77,Mostly Cloudy,2,8,False,False,False,False,True,0.2
2026-10-01T04:09:40Z,IL,IL00080IW005100013,41.3937,-89.5591,64,Chance Showers And Thunderstorms,39,0,False,False,True,True,True,0.2
2026-10-01T04:09:40Z,IL,IL00074IW020800052,40.1298,-87.7441,69,Mostly Cloudy,2,6,False,False,False,False,True,0.2
2026-10-01T04:09:40Z,IL,IL00070IW002700015,38.7884,-89.6889,77,Mostly Cloudy,2,8,False,False,False,False,True,0.2
2026-10-01T04:09:40Z,IL,IL00055IS002700019,38.8723,-89.8511,77,Mostly Cloudy,2,8,False,False,False,False,True,0.2
2026-10-01T04:09:40Z,IL,IL00057IS007900047,38.0962,-88.9138,77,Mostly Cloudy,1,8,False,False,False,False,True,0.2
2026-10-01T04:09:40Z,IL,IL00074IE002800030,41.2334,-90.333,66,Chance Showers And Thunderstorms,44,5,False,False,True,True,True,0.2
2026-10-01T04:09:40Z,IL,IL00055IS006400017,39.3523,-89.6447,75,Mostly Cloudy,2,7,False,False,False,False,True,0.2
2026-10-01T04:09:40Z,IL,IL00074IE015600037,40.2732,-88.6762,69,Mostly Cloudy,4,6,False,False,False,False,True,0.2
2026-10-01T04:09:40Z,IL,IL00072IW015200014,39.9888,-88.7852,71,Mostly Cloudy,3,7,False,False,False,False,True,0.2
2026-10-01T04:09:40Z,IL,IL00064IW013000053,38.2322,-87.9882,73,Mostly Cloudy,0,6,False,False,False,False,True,0.2
2026-10-01T04:09:40Z,IL,IL00055IS019400021,40.8371,-88.6833,67,Chance Rain Showers,54,5,False,False,True,False,True,0.2
2026-10-01T04:09:40Z,IL,IL00057IS011400023,38.5965,-88.9677,76,Mostly Cloudy,1,7,False,False,False,False,True,0.2
2026-10-01T04:09:40Z,IL,IL00039IN008500036,41.7236,-89.0062,65,Rain Showers,80,5,False,False,True,False,True,0.2
2026-10-01T04:09:40Z,IL,IL00080IW011700016,41.4473,-88.3285,66,Rain Showers,80,5,False,False,True,False,True,0.2
2026-10-01T04:09:40Z,IL,IL00074IW002800020,41.2141,-90.3308,66,Chance Showers And Thunderstorms,44,5,False,False,True,True,True,0.2
2026-10-01T04:09:40Z,IL,IL00039IS008500026,41.7285,-89.0105,65,Rain Showers,80,5,False,False,True,False,True,0.2
2026-10-01T04:09:40Z,IL,IL00057IN033300049,41.3892,-87.7729,65,Rain Showers,80,5,False,False,True,False,True,0.2
2026-10-01T04:09:40Z,IL,IL00074IW011400006,40.6111,-89.2323,68,Mostly Cloudy,14,5,False,False,False,False,True,0.2
2026-10-01T04:09:40Z,IL,IL00070IW014900008,39.4228,-87.6617,72,Mostly Cloudy,1,7,False,False,False,False,True,0.2
2026-10-01T04:09:40Z,IL,IL00074IE011400005,40.6125,-89.245,68,Mostly Cloudy,14,5,False,False,False,False,True,0.2
2026-10-01T04:09:40Z,IL,IL00074IW006200004,40.8802,-90.0895,66,Chance Rain Showers,38,2,False,False,True,False,True,0.2
2026-10-01T04:09:40Z,IL,IL00074IE006200001,40.8788,-90.0936,66,Chance Rain Showers,38,2,False,False,True,False,True,0.2
2026-10-01T04:09:40Z,IL,IL00055IS010400024,39.8871,-89.5966,73,Mostly Cloudy,7,6,False,False,False,False,True,0.2
2026-10-01T04:09:40Z,IL,IL00057IS003200025,37.4699,-89.1329,73,Partly Cloudy,0,5,False,False,False,False,True,0.2
2026-10-01T04:09:40Z,IL,IL00057IN003200035,37.4661,-89.1324,73,Partly Cloudy,0,5,False,False,False,False,True,0.2
2026-10-01T04:09:40Z,IL,IL00070IW008700045,39.0679,-88.6704,75,Mostly Cloudy,1,7,False,False,False,False,True,0.2
2026-10-01T04:09:40Z,IL,IL00057IS016500018,39.1993,-88.502,75,Mostly Cloudy,1,8,False,False,False,False,True,0.2
2026-10-01T04:09:40Z,IL,IL00057IN016500044,39.1898,-88.5031,75,Mostly Cloudy,1,8,False,False,False,False,True,0.2
2026-10-01T04:09:40Z,IL,IL00072IE015200041,39.9923,-88.7827,71,Mostly Cloudy,3,7,False,False,False,False,True,0.2
2026-10-01T04:09:40Z,IN,322,38.195,-87.8597,73,Mostly Cloudy,0,6,False,False,False,False,False,0.0
2026-10-01T04:09:40Z,IN,317,38.5852,-85.7768,69,Partly Cloudy,0,5,False,False,False,False,False,0.0
2026-10-01T04:09:40Z,IN,316,38.5859,-85.7809,69,Partly Cloudy,0,5,False,False,False,False,False,0.0
2026-10-01T04:09:40Z,IN,315,39.2602,-85.9521,67,Partly Cloudy,1,3,False,False,False,False,False,0.0
2026-10-01T04:09:40Z,IN,314,39.2767,-85.9569,68,Partly Cloudy,1,3,False,False,False,False,False,0.0
2026-10-01T04:09:40Z,IN,313,40.1578,-86.5387,69,Mostly Cloudy,2,7,False,False,False,False,False,0.0
2026-10-01T04:09:40Z,IN,312,40.1722,-86.5522,69,Mostly Cloudy,2,7,False,False,False,False,False,0.0
2026-10-01T04:09:40Z,IN,311,40.6992,-87.0628,69,Chance Rain Showers,39,5,False,False,True,False,False,0.05
2026-10-01T04:09:40Z,IN,310,40.6984,-87.0646,69,Chance Rain Showers,39,5,False,False,True,False,False,0.05
2026-10-01T04:09:40Z,IN,308,41.1653,-87.271,66,Rain Showers,77,5,False,False,True,False,False,0.05
2026-10-01T04:09:40Z,IN,309,41.1666,-87.2749,66,Rain Showers,77,5,False,False,True,False,False,0.05
2026-10-01T04:09:40Z,IN,318,40.3543,-85.5576,68,Mostly Cloudy,3,6,False,False,False,False,False,0.0
2026-10-01T04:09:40Z,IN,319,40.3569,-85.56,68,Mostly Cloudy,3,6,False,False,False,False,False,0.0
2026-10-01T04:09:40Z,IN,320,41.2963,-85.0863,65,Rain Showers Likely,57,5,False,False,True,False,False,0.05
2026-10-01T04:09:40Z,IN,321,41.5803,-85.0597,65,Rain Showers Likely,62,5,False,False,True,False,False,0.05
2026-10-01T04:09:40Z,IN,300,39.4417,-87.5002,70,Mostly Cloudy,1,6,False,False,False,False,False,0.0
2026-10-01T04:09:40Z,IN,302,39.6517,-86.3967,69,Mostly Cloudy,1,6,False,False,False,False,False,0.0
2026-10-01T04:09:40Z,IN,301,39.6541,-86.4005,69,Mostly Cloudy,1,6,False,False,False,False,False,0.0
2026-10-01T04:09:40Z,IN,303,39.8243,-85.7039,68,Partly Cloudy,1,6,False,False,False,False,False,0.0
2026-10-01T04:09:40Z,IN,304,39.8266,-85.704,68,Partly Cloudy,1,6,False,False,False,False,False,0.0
2026-10-01T04:09:40Z,IN,305,39.8605,-85.0259,68,Partly Cloudy,1,5,False,False,False,False,False,0.0
2026-10-01T04:09:40Z,IN,323,39.29,-85.1688,68,Partly Cloudy,0,3,False,False,False,False,False,0.0
2026-10-01T04:09:40Z,IN,702,41.7472,-85.3285,64,Rain Showers Likely,64,5,False,False,True,False,False,0.05
2026-10-01T04:09:40Z,IN,701,41.5889,-87.2173,65,Rain Showers,80,5,False,False,True,False,False,0.05
2026-10-01T04:09:40Z,IN,704,41.7058,-86.6212,64,Rain Showers Likely,62,5,False,False,True,False,False,0.05
2026-10-01T04:09:40Z,IN,703,41.7071,-86.6235,64,Rain Showers Likely,62,5,False,False,True,False,False,0.05
2026-10-01T04:09:40Z,IN,705,41.733,-86.0057,64,Rain Showers Likely,63,5,False,False,True,False,False,0.05
2026-10-01T04:09:40Z,IN,708,41.7472,-85.3285,64,Rain Showers Likely,64,5,False,False,True,False,False,0.05
2026-10-01T04:09:40Z,IN,707,41.7453,-85.3287,64,Rain Showers Likely,64,5,False,False,True,False,False,0.05
2026-10-01T04:09:40Z,IN,324,41.7353,-86.7933,63,Rain Showers Likely,61,5,False,False,True,False,False,0.05
2026-10-01T04:09:40Z,KY,KY00065IS0000020N65WELCOM,36.6434,-86.5687,69,Partly Cloudy,0,5,False,False,False,False,False,0.0
2026-10-01T04:09:40Z,KY,KY00065IS000020NSMARATHON,36.6612,-86.5553,70,Partly Cloudy,0,7,False,False,False,False,False,0.0
2026-10-01T04:09:40Z,KY,KY00065IS0000340NWEIGHS34,36.6868,-86.5379,70,Partly Cloudy,0,7,False,False,False,False,False,0.0
2026-10-01T04:09:40Z,KY,KY00065IS0011400S65SRA114,37.9464,-85.6905,70,Partly Cloudy,0,5,False,False,False,False,False,0.0
2026-10-01T04:09:40Z,KY,KY00065IS0005900S65SRA059,37.239,-85.9297,68,Mostly Clear,0,3,False,False,False,False,False,0.0
2026-10-01T04:09:40Z,KY,KY00065IS0005900N65NRA059,37.2384,-85.9271,68,Mostly Clear,0,3,False,False,False,False,False,0.0
2026-10-01T04:09:40Z,KY,KY00075IS0003300NWEIGHS33,37.0422,-84.0968,60,Mostly Clear,0,2,False,False,False,False,False,0.0
2026-10-01T04:09:40Z,KY,KY00075IS0003400SWEIGHS34,37.048,-84.0997,61,Mostly Clear,0,2,False,False,False,False,False,0.0
2026-10-01T04:09:40Z,KY,KY00075IS0017700N75NRA177,38.937,-84.6309,69,Partly Cloudy,0,5,False,False,False,False,False,0.0
2026-10-01T04:09:40Z,KY,KY00075IS0007500SWALTONWS,38.8653,-84.6476,69,Partly Cloudy,0,5,False,False,False,False,False,0.0
2026-10-01T04:09:40Z,KY,KY00075IS0017700S75SRA177,38.9388,-84.6339,69,Partly Cloudy,0,5,False,False,False,False,False,0.0
2026-10-01T04:09:40Z,KY,KY00075IS0016800SCRITENWS,38.8196,-84.6015,70,Mostly Clear,0,5,False,False,False,False,False,0.0
2026-10-01T04:09:40Z,KY,KY00075IS0000100N75WELCOM,36.6162,-84.1054,57,Mostly Clear,0,3,False,False,False,False,False,0.0
2026-10-01T04:09:44Z,IL,IL00055IN010400050,39.8627,-89.5948,73,Mostly Cloudy,7,6,False,False,False,False,True,0.2
2026-10-01T04:09:44Z,IL,IL00057IN007900034,38.0297,-88.9203,75,Mostly Cloudy,0,7,False,False,False,False,True,0.2
2026-10-01T04:09:44Z,IL,IL00055IN014900028,40.3599,-89.1099,69,Mostly Cloudy,8,7,False,False,False,False,True,0.2
2026-10-01T04:09:44Z,IL,IL00055IN019400031,40.8234,-88.6875,67,Chance Rain Showers,53,5,False,False,True,False,True,0.2
2026-10-01T04:09:44Z,IL,IL00057IN011400033,38.5963,-88.9638,76,Mostly Cloudy,1,7,False,False,False,False,True,0.2
2026-10-01T04:09:44Z,IL,IL00064IE002500038,38.5481,-89.7731,77,Mostly Cloudy,2,8,False,False,False,False,True,0.2
2026-10-01T04:09:44Z,IL,IL00055IN002700029,38.8649,-89.8532,77,Mostly Cloudy,2,8,False,False,False,False,True,0.2
2026-10-01T04:09:44Z,IL,IL00057IN022200048,39.9218,-88.299,72,Mostly Cloudy,1,8,False,False,False,False,True,0.2
2026-10-01T04:09:44Z,IL,IL00057IS033300046,41.3918,-87.7749,65,Rain Showers,80,5,False,False,True,False,True,0.2
2026-10-01T04:09:44Z,IL,IL00080IE011700043,41.4314,-88.3454,66,Rain Showers,80,5,False,False,True,False,True,0.2
2026-10-01T04:09:44Z,IL,IL00057IS022200054,39.9314,-88.3043,72,Mostly Cloudy,1,8,False,False,False,False,True,0.2
2026-10-01T04:09:44Z,IL,IL00057IS026800022,40.5613,-88.0615,68,Chance Rain Showers,48,5,False,False,True,False,True,0.2
2026-10-01T04:09:44Z,IL,IL00055IN006400027,39.3465,-89.6408,75,Mostly Cloudy,2,7,False,False,False,False,True,0.2
2026-10-01T04:09:44Z,IL,IL00057IN026800032,40.5505,-88.0605,68,Chance Rain Showers,48,5,False,False,True,False,True,0.2
2026-10-01T04:09:44Z,IL,IL00080IE005100040,41.3938,-89.5665,64,Chance Showers And Thunderstorms,39,5,False,False,True,True,True,0.2
2026-10-01T04:09:44Z,IL,IL00064IW008500012,38.2766,-88.8012,73,Mostly Cloudy,1,7,False,False,False,False,True,0.2
2026-10-01T04:09:44Z,IL,IL00070IE008600051,39.0651,-88.6745,75,Mostly Cloudy,1,7,False,False,False,False,True,0.2
2026-10-01T04:09:44Z,IL,IL00070IE002700042,38.7849,-89.7023,77,Mostly Cloudy,2,8,False,False,False,False,True,0.2
2026-10-01T04:09:44Z,IL,IL00024IW003700010,37.1593,-88.6798,69,Partly Cloudy,0,1,False,False,False,False,True,0.2
2026-10-01T04:09:44Z,IL,IL00064IE008500039,38.273,-88.8496,73,Mostly Cloudy,1,7,False,False,False,False,True,0.2
2026-10-01T04:09:44Z,IL,IL00074IW015600009,40.2711,-88.6701,69,Mostly Cloudy,4,6,False,False,False,False,True,0.2
2026-10-01T04:09:44Z,IL,IL00064IW002500011,38.5491,-89.7633,77,Mostly Cloudy,2,8,False,False,False,False,True,0.2
2026-10-01T04:09:44Z,IL,IL00080IW005100013,41.3937,-89.5591,64,Chance Showers And Thunderstorms,39,0,False,False,True,True,True,0.2
2026-10-01T04:09:44Z,IL,IL00074IW020800052,40.1298,-87.7441,69,Mostly Cloudy,2,6,False,False,False,False,True,0.2
2026-10-01T04:09:44Z,IL,IL00070IW002700015,38.7884,-89.6889,77,Mostly Cloudy,2,8,False,False,False,False,True,0.2
2026-10-01T04:09:44Z,IL,IL00055IS002700019,38.8723,-89.8511,77,Mostly Cloudy,2,8,False,False,False,False,True,0.2
2026-10-01T04:09:44Z,IL,IL00057IS007900047,38.0962,-88.9138,77,Mostly Cloudy,1,8,False,False,False,False,True,0.2
2026-10-01T04:09:44Z,IL,IL00074IE002800030,41.2334,-90.333,66,Chance Showers And Thunderstorms,44,5,False,False,True,True,True,0.2
2026-10-01T04:09:44Z,IL,IL00055IS006400017,39.3523,-89.6447,75,Mostly Cloudy,2,7,False,False,False,False,True,0.2
2026-10-01T04:09:44Z,IL,IL00074IE015600037,40.2732,-88.6762,69,Mostly Cloudy,4,6,False,False,False,False,True,0.2
2026-10-01T04:09:44Z,IL,IL00072IW015200014,39.9888,-88.7852,71,Mostly Cloudy,3,7,False,False,False,False,True,0.2
2026-10-01T04:09:44Z,IL,IL00064IW013000053,38.2322,-87.9882,73,Mostly Cloudy,0,6,False,False,False,False,True,0.2
2026-10-01T04:09:44Z,IL,IL00055IS019400021,40.8371,-88.6833,67,Chance Rain Showers,54,5,False,False,True,False,True,0.2
2026-10-01T04:09:44Z,IL,IL00057IS011400023,38.5965,-88.9677,76,Mostly Cloudy,1,7,False,False,False,False,True,0.2
2026-10-01T04:09:44Z,IL,IL00039IN008500036,41.7236,-89.0062,65,Rain Showers,80,5,False,False,True,False,True,0.2
2026-10-01T04:09:44Z,IL,IL00080IW011700016,41.4473,-88.3285,66,Rain Showers,80,5,False,False,True,False,True,0.2
2026-10-01T04:09:44Z,IL,IL00074IW002800020,41.2141,-90.3308,66,Chance Showers And Thunderstorms,44,5,False,False,True,True,True,0.2
2026-10-01T04:09:44Z,IL,IL00039IS008500026,41.7285,-89.0105,65,Rain Showers,80,5,False,False,True,False,True,0.2
2026-10-01T04:09:44Z,IL,IL00057IN033300049,41.3892,-87.7729,65,Rain Showers,80,5,False,False,True,False,True,0.2
2026-10-01T04:09:44Z,IL,IL00074IW011400006,40.6111,-89.2323,68,Mostly Cloudy,14,5,False,False,False,False,True,0.2
2026-10-01T04:09:44Z,IL,IL00070IW014900008,39.4228,-87.6617,72,Mostly Cloudy,1,7,False,False,False,False,True,0.2
2026-10-01T04:09:44Z,IL,IL00074IE011400005,40.6125,-89.245,68,Mostly Cloudy,14,5,False,False,False,False,True,0.2
2026-10-01T04:09:44Z,IL,IL00074IW006200004,40.8802,-90.0895,66,Chance Rain Showers,38,2,False,False,True,False,True,0.2
2026-10-01T04:09:44Z,IL,IL00074IE006200001,40.8788,-90.0936,66,Chance Rain Showers,38,2,False,False,True,False,True,0.2
2026-10-01T04:09:44Z,IL,IL00055IS010400024,39.8871,-89.5966,73,Mostly Cloudy,7,6,False,False,False,False,True,0.2
2026-10-01T04:09:44Z,IL,IL00057IS003200025,37.4699,-89.1329,73,Partly Cloudy,0,5,False,False,False,False,True,0.2
2026-10-01T04:09:44Z,IL,IL00057IN003200035,37.4661,-89.1324,73,Partly Cloudy,0,5,False,False,False,False,True,0.2
2026-10-01T04:09:44Z,IL,IL00070IW008700045,39.0679,-88.6704,75,Mostly Cloudy,1,7,False,False,False,False,True,0.2
2026-10-01T04:09:44Z,IL,IL00057IS016500018,39.1993,-88.502,75,Mostly Cloudy,1,8,False,False,False,False,True,0.2
2026-10-01T04:09:44Z,IL,IL00057IN016500044,39.1898,-88.5031,75,Mostly Cloudy,1,8,False,False,False,False,True,0.2
2026-10-01T04:09:44Z,IL,IL00072IE015200041,39.9923,-88.7827,71,Mostly Cloudy,3,7,False,False,False,False,True,0.2
2026-10-01T04:09:44Z,IN,322,38.195,-87.8597,73,Mostly Cloudy,0,6,False,False,False,False,False,0.0
2026-10-01T04:09:44Z,IN,317,38.5852,-85.7768,69,Partly Cloudy,0,5,False,False,False,False,False,0.0
2026-10-01T04:09:44Z,IN,316,38.5859,-85.7809,69,Partly Cloudy,0,5,False,False,False,False,False,0.0
2026-10-01T04:09:44Z,IN,315,39.2602,-85.9521,67,Partly Cloudy,1,3,False,False,False,False,False,0.0
2026-10-01T04:09:44Z,IN,314,39.2767,-85.9569,68,Partly Cloudy,1,3,False,False,False,False,False,0.0
2026-10-01T04:09:44Z,IN,313,40.1578,-86.5387,69,Mostly Cloudy,2,7,False,False,False,False,False,0.0
2026-10-01T04:09:44Z,IN,312,40.1722,-86.5522,69,Mostly Cloudy,2,7,False,False,False,False,False,0.0
2026-10-01T04:09:44Z,IN,311,40.6992,-87.0628,69,Chance Rain Showers,39,5,False,False,True,False,False,0.05
2026-10-01T04:09:44Z,IN,310,40.6984,-87.0646,69,Chance Rain Showers,39,5,False,False,True,False,False,0.05
2026-10-01T04:09:44Z,IN,308,41.1653,-87.271,66,Rain Showers,77,5,False,False,True,False,False,0.05
2026-10-01T04:09:44Z,IN,309,41.1666,-87.2749,66,Rain Showers,77,5,False,False,True,False,False,0.05
2026-10-01T04:09:44Z,IN,318,40.3543,-85.5576,68,Mostly Cloudy,3,6,False,False,False,False,False,0.0
2026-10-01T04:09:44Z,IN,319,40.3569,-85.56,68,Mostly Cloudy,3,6,False,False,False,False,False,0.0
2026-10-01T04:09:44Z,IN,320,41.2963,-85.0863,65,Rain Showers Likely,57,5,False,False,True,False,False,0.05
2026-10-01T04:09:44Z,IN,321,41.5803,-85.0597,65,Rain Showers Likely,62,5,False,False,True,False,False,0.05
2026-10-01T04:09:44Z,IN,300,39.4417,-87.5002,70,Mostly Cloudy,1,6,False,False,False,False,False,0.0
2026-10-01T04:09:44Z,IN,302,39.6517,-86.3967,69,Mostly Cloudy,1,6,False,False,False,False,False,0.0
2026-10-01T04:09:44Z,IN,301,39.6541,-86.4005,69,Mostly Cloudy,1,6,False,False,False,False,False,0.0
2026-10-01T04:09:44Z,IN,303,39.8243,-85.7039,68,Partly Cloudy,1,6,False,False,False,False,False,0.0
2026-10-01T04:09:44Z,IN,304,39.8266,-85.704,68,Partly Cloudy,1,6,False,False,False,False,False,0.0
2026-10-01T04:09:44Z,IN,305,39.8605,-85.0259,68,Partly Cloudy,1,5,False,False,False,False,False,0.0
2026-10-01T04:09:44Z,IN,323,39.29,-85.1688,68,Partly Cloudy,0,3,False,False,False,False,False,0.0
2026-10-01T04:09:44Z,IN,702,41.7472,-85.3285,64,Rain Showers Likely,64,5,False,False,True,False,False,0.05
2026-10-01T04:09:44Z,IN,701,41.5889,-87.2173,65,Rain Showers,80,5,False,False,True,False,False,0.05
2026-10-01T04:09:44Z,IN,704,41.7058,-86.6212,64,Rain Showers Likely,62,5,False,False,True,False,False,0.05
2026-10-01T04:09:44Z,IN,703,41.7071,-86.6235,64,Rain Showers Likely,62,5,False,False,True,False,False,0.05
2026-10-01T04:09:44Z,IN,705,41.733,-86.0057,64,Rain Showers Likely,63,5,False,False,True,False,False,0.05
2026-10-01T04:09:44Z,IN,708,41.7472,-85.3285,64,Rain Showers Likely,64,5,False,False,True,False,False,0.05
2026-10-01T04:09:44Z,IN,707,41.7453,-85.3287,64,Rain Showers Likely,64,5,False,False,True,False,False,0.05
2026-10-01T04:09:44Z,IN,324,41.7353,-86.7933,63,Rain Showers Likely,61,5,False,False,True,False,False,0.05
2026-10-01T04:09:44Z,KY,KY00065IS0000020N65WELCOM,36.6434,-86.5687,69,Partly Cloudy,0,5,False,False,False,False,False,0.0
2026-10-01T04:09:44Z,KY,KY00065IS000020NSMARATHON,36.6612,-86.5553,70,Partly Cloudy,0,7,False,False,False,False,False,0.0
2026-10-01T04:09:44Z,KY,KY00065IS0000340NWEIGHS34,36.6868,-86.5379,70,Partly Cloudy,0,7,False,False,False,False,False,0.0
2026-10-01T04:09:44Z,KY,KY00065IS0011400S65SRA114,37.9464,-85.6905,70,Partly Cloudy,0,5,False,False,False,False,False,0.0
2026-10-01T04:09:44Z,KY,KY00065IS0005900S65SRA059,37.239,-85.9297,68,Mostly Clear,0,3,False,False,False,False,False,0.0
2026-10-01T04:09:44Z,KY,KY00065IS0005900N65NRA059,37.2384,-85.9271,68,Mostly Clear,0,3,False,False,False,False,False,0.0
2026-10-01T04:09:44Z,KY,KY00075IS0003300NWEIGHS33,37.0422,-84.0968,60,Mostly Clear,0,2,False,False,False,False,False,0.0
2026-10-01T04:09:44Z,KY,KY00075IS0003400SWEIGHS34,37.048,-84.0997,61,Mostly Clear,0,2,False,False,False,False,False,0.0
2026-10-01T04:09:44Z,KY,KY00075IS0017700N75NRA177,38.937,-84.6309,69,Partly Cloudy,0,5,False,False,False,False,False,0.0
2026-10-01T04:09:44Z,KY,KY00075IS0007500SWALTONWS,38.8653,-84.6476,69,Partly Cloudy,0,5,False,False,False,False,False,0.0
2026-10-01T04:09:44Z,KY,KY00075IS0017700S75SRA177,38.9388,-84.6339,69,Partly Cloudy,0,5,False,False,False,False,False,0.0
2026-10-01T04:09:44Z,KY,KY00075IS0016800SCRITENWS,38.8196,-84.6015,70,Mostly Clear,0,5,False,False,False,False,False,0.0
2026-10-01T04:09:44Z,KY,KY00075IS0000100N75WELCOM,36.6162,-84.1054,57,Mostly Clear,0,3,False,False,False,False,False,0.0
2026-10-01T04:09:48Z,IL,IL00055IN010400050,39.8627,-89.5948,73,Mostly Cloudy,7,6,False,False,False,False,True,0.2
2026-10-01T04:09:48Z,IL,IL00057IN007900034,38.0297,-88.9203,75,Mostly Cloudy,0,7,False,False,False,False,True,0.2
2026-10-01T04:09:48Z,IL,IL00055IN014900028,40.3599,-89.1099,69,Mostly Cloudy,8,7,False,False,False,False,True,0.2
2026-10-01T04:09:48Z,IL,IL00055IN019400031,40.8234,-88.6875,67,Chance Rain Showers,53,5,False,False,True,False,True,0.2
2026-10-01T04:09:48Z,IL,IL00057IN011400033,38.5963,-88.9638,76,Mostly Cloudy,1,7,False,False,False,False,True,0.2
2026-10-01T04:09:48Z,IL,IL00064IE002500038,38.5481,-89.7731,77,Mostly Cloudy,2,8,False,False,False,False,True,0.2
2026-10-01T04:09:48Z,IL,IL00055IN002700029,38.8649,-89.8532,77,Mostly Cloudy,2,8,False,False,False,False,True,0.2
2026-10-01T04:09:48Z,IL,IL00057IN022200048,39.9218,-88.299,72,Mostly Cloudy,1,8,False,False,False,False,True,0.2
2026-10-01T04:09:48Z,IL,IL00057IS033300046,41.3918,-87.7749,65,Rain Showers,80,5,False,False,True,False,True,0.2
2026-10-01T04:09:48Z,IL,IL00080IE011700043,41.4314,-88.3454,66,Rain Showers,80,5,False,False,True,False,True,0.2
2026-10-01T04:09:48Z,IL,IL00057IS022200054,39.9314,-88.3043,72,Mostly Cloudy,1,8,False,False,False,False,True,0.2
2026-10-01T04:09:48Z,IL,IL00057IS026800022,40.5613,-88.0615,68,Chance Rain Showers,48,5,False,False,True,False,True,0.2
2026-10-01T04:09:48Z,IL,IL00055IN006400027,39.3465,-89.6408,75,Mostly Cloudy,2,7,False,False,False,False,True,0.2
2026-10-01T04:09:48Z,IL,IL00057IN026800032,40.5505,-88.0605,68,Chance Rain Showers,48,5,False,False,True,False,True,0.2
2026-10-01T04:09:48Z,IL,IL00080IE005100040,41.3938,-89.5665,64,Chance Showers And Thunderstorms,39,5,False,False,True,True,True,0.2
2026-10-01T04:09:48Z,IL,IL00064IW008500012,38.2766,-88.8012,73,Mostly Cloudy,1,7,False,False,False,False,True,0.2
2026-10-01T04:09:48Z,IL,IL00070IE008600051,39.0651,-88.6745,75,Mostly Cloudy,1,7,False,False,False,False,True,0.2
2026-10-01T04:09:48Z,IL,IL00070IE002700042,38.7849,-89.7023,77,Mostly Cloudy,2,8,False,False,False,False,True,0.2
2026-10-01T04:09:48Z,IL,IL00024IW003700010,37.1593,-88.6798,69,Partly Cloudy,0,1,False,False,False,False,True,0.2
2026-10-01T04:09:48Z,IL,IL00064IE008500039,38.273,-88.8496,73,Mostly Cloudy,1,7,False,False,False,False,True,0.2
2026-10-01T04:09:48Z,IL,IL00074IW015600009,40.2711,-88.6701,69,Mostly Cloudy,4,6,False,False,False,False,True,0.2
2026-10-01T04:09:48Z,IL,IL00064IW002500011,38.5491,-89.7633,77,Mostly Cloudy,2,8,False,False,False,False,True,0.2
2026-10-01T04:09:48Z,IL,IL00080IW005100013,41.3937,-89.5591,64,Chance Showers And Thunderstorms,39,0,False,False,True,True,True,0.2
2026-10-01T04:09:48Z,IL,IL00074IW020800052,40.1298,-87.7441,69,Mostly Cloudy,2,6,False,False,False,False,True,0.2
2026-10-01T04:09:48Z,IL,IL00070IW002700015,38.7884,-89.6889,77,Mostly Cloudy,2,8,False,False,False,False,True,0.2
2026-10-01T04:09:48Z,IL,IL00055IS002700019,38.8723,-89.8511,77,Mostly Cloudy,2,8,False,False,False,False,True,0.2
2026-10-01T04:09:48Z,IL,IL00057IS007900047,38.0962,-88.9138,77,Mostly Cloudy,1,8,False,False,False,False,True,0.2
2026-10-01T04:09:48Z,IL,IL00074IE002800030,41.2334,-90.333,66,Chance Showers And Thunderstorms,44,5,False,False,True,True,True,0.2
2026-10-01T04:09:48Z,IL,IL00055IS006400017,39.3523,-89.6447,75,Mostly Cloudy,2,7,False,False,False,False,True,0.2
2026-10-01T04:09:48Z,IL,IL00074IE015600037,40.2732,-88.6762,69,Mostly Cloudy,4,6,False,False,False,False,True,0.2
2026-10-01T04:09:48Z,IL,IL00072IW015200014,39.9888,-88.7852,71,Mostly Cloudy,3,7,False,False,False,False,True,0.2
2026-10-01T04:09:48Z,IL,IL00064IW013000053,38.2322,-87.9882,73,Mostly Cloudy,0,6,False,False,False,False,True,0.2
2026-10-01T04:09:48Z,IL,IL00055IS019400021,40.8371,-88.6833,67,Chance Rain Showers,54,5,False,False,True,False,True,0.2
2026-10-01T04:09:48Z,IL,IL00057IS011400023,38.5965,-88.9677,76,Mostly Cloudy,1,7,False,False,False,False,True,0.2
2026-10-01T04:09:48Z,IL,IL00039IN008500036,41.7236,-89.0062,65,Rain Showers,80,5,False,False,True,False,True,0.2
2026-10-01T04:09:48Z,IL,IL00080IW011700016,41.4473,-88.3285,66,Rain Showers,80,5,False,False,True,False,True,0.2
2026-10-01T04:09:48Z,IL,IL00074IW002800020,41.2141,-90.3308,66,Chance Showers And Thunderstorms,44,5,False,False,True,True,True,0.2
2026-10-01T04:09:48Z,IL,IL00039IS008500026,41.7285,-89.0105,65,Rain Showers,80,5,False,False,True,False,True,0.2
2026-10-01T04:09:48Z,IL,IL00057IN033300049,41.3892,-87.7729,65,Rain Showers,80,5,False,False,True,False,True,0.2
2026-10-01T04:09:48Z,IL,IL00074IW011400006,40.6111,-89.2323,68,Mostly Cloudy,14,5,False,False,False,False,True,0.2
2026-10-01T04:09:48Z,IL,IL00070IW014900008,39.4228,-87.6617,72,Mostly Cloudy,1,7,False,False,False,False,True,0.2
2026-10-01T04:09:48Z,IL,IL00074IE011400005,40.6125,-89.245,68,Mostly Cloudy,14,5,False,False,False,False,True,0.2
2026-10-01T04:09:48Z,IL,IL00074IW006200004,40.8802,-90.0895,66,Chance Rain Showers,38,2,False,False,True,False,True,0.2
2026-10-01T04:09:48Z,IL,IL00074IE006200001,40.8788,-90.0936,66,Chance Rain Showers,38,2,False,False,True,False,True,0.2
2026-10-01T04:09:48Z,IL,IL00055IS010400024,39.8871,-89.5966,73,Mostly Cloudy,7,6,False,False,False,False,True,0.2
2026-10-01T04:09:48Z,IL,IL00057IS003200025,37.4699,-89.1329,73,Partly Cloudy,0,5,False,False,False,False,True,0.2
2026-10-01T04:09:48Z,IL,IL00057IN003200035,37.4661,-89.1324,73,Partly Cloudy,0,5,False,False,False,False,True,0.2
2026-10-01T04:09:48Z,IL,IL00070IW008700045,39.0679,-88.6704,75,Mostly Cloudy,1,7,False,False,False,False,True,0.2
2026-10-01T04:09:48Z,IL,IL00057IS016500018,39.1993,-88.502,75,Mostly Cloudy,1,8,False,False,False,False,True,0.2
2026-10-01T04:09:48Z,IL,IL00057IN016500044,39.1898,-88.5031,75,Mostly Cloudy,1,8,False,False,False,False,True,0.2
2026-10-01T04:09:48Z,IL,IL00072IE015200041,39.9923,-88.7827,71,Mostly Cloudy,3,7,False,False,False,False,True,0.2
2026-10-01T04:09:48Z,IN,322,38.195,-87.8597,73,Mostly Cloudy,0,6,False,False,False,False,False,0.0
2026-10-01T04:09:48Z,IN,317,38.5852,-85.7768,69,Partly Cloudy,0,5,False,False,False,False,False,0.0
2026-10-01T04:09:48Z,IN,316,38.5859,-85.7809,69,Partly Cloudy,0,5,False,False,False,False,False,0.0
2026-10-01T04:09:48Z,IN,315,39.2602,-85.9521,67,Partly Cloudy,1,3,False,False,False,False,False,0.0
2026-10-01T04:09:48Z,IN,314,39.2767,-85.9569,68,Partly Cloudy,1,3,False,False,False,False,False,0.0
2026-10-01T04:09:48Z,IN,313,40.1578,-86.5387,69,Mostly Cloudy,2,7,False,False,False,False,False,0.0
2026-10-01T04:09:48Z,IN,312,40.1722,-86.5522,69,Mostly Cloudy,2,7,False,False,False,False,False,0.0
2026-10-01T04:09:48Z,IN,311,40.6992,-87.0628,69,Chance Rain Showers,39,5,False,False,True,False,False,0.05
2026-10-01T04:09:48Z,IN,310,40.6984,-87.0646,69,Chance Rain Showers,39,5,False,False,True,False,False,0.05
2026-10-01T04:09:48Z,IN,308,41.1653,-87.271,66,Rain Showers,77,5,False,False,True,False,False,0.05
2026-10-01T04:09:48Z,IN,309,41.1666,-87.2749,66,Rain Showers,77,5,False,False,True,False,False,0.05
2026-10-01T04:09:48Z,IN,318,40.3543,-85.5576,68,Mostly Cloudy,3,6,False,False,False,False,False,0.0
2026-10-01T04:09:48Z,IN,319,40.3569,-85.56,68,Mostly Cloudy,3,6,False,False,False,False,False,0.0
2026-10-01T04:09:48Z,IN,320,41.2963,-85.0863,65,Rain Showers Likely,57,5,False,False,True,False,False,0.05
2026-10-01T04:09:48Z,IN,321,41.5803,-85.0597,65,Rain Showers Likely,62,5,False,False,True,False,False,0.05
2026-10-01T04:09:48Z,IN,300,39.4417,-87.5002,70,Mostly Cloudy,1,6,False,False,False,False,False,0.0
2026-10-01T04:09:48Z,IN,302,39.6517,-86.3967,69,Mostly Cloudy,1,6,False,False,False,False,False,0.0
2026-10-01T04:09:48Z,IN,301,39.6541,-86.4005,69,Mostly Cloudy,1,6,False,False,False,False,False,0.0
2026-10-01T04:09:48Z,IN,303,39.8243,-85.7039,68,Partly Cloudy,1,6,False,False,False,False,False,0.0
2026-10-01T04:09:48Z,IN,304,39.8266,-85.704,68,Partly Cloudy,1,6,False,False,False,False,False,0.0
2026-10-01T04:09:48Z,IN,305,39.8605,-85.0259,68,Partly Cloudy,1,5,False,False,False,False,False,0.0
2026-10-01T04:09:48Z,IN,323,39.29,-85.1688,68,Partly Cloudy,0,3,False,False,False,False,False,0.0
2026-10-01T04:09:48Z,IN,702,41.7472,-85.3285,64,Rain Showers Likely,64,5,False,False,True,False,False,0.05
2026-10-01T04:09:48Z,IN,701,41.5889,-87.2173,65,Rain Showers,80,5,False,False,True,False,False,0.05
2026-10-01T04:09:48Z,IN,704,41.7058,-86.6212,64,Rain Showers Likely,62,5,False,False,True,False,False,0.05
2026-10-01T04:09:48Z,IN,703,41.7071,-86.6235,64,Rain Showers Likely,62,5,False,False,True,False,False,0.05
2026-10-01T04:09:48Z,IN,705,41.733,-86.0057,64,Rain Showers Likely,63,5,False,False,True,False,False,0.05
2026-10-01T04:09:48Z,IN,708,41.7472,-85.3285,64,Rain Showers Likely,64,5,False,False,True,False,False,0.05
2026-10-01T04:09:48Z,IN,707,41.7453,-85.3287,64,Rain Showers Likely,64,5,False,False,True,False,False,0.05
2026-10-01T04:09:48Z,IN,324,41.7353,-86.7933,63,Rain Showers Likely,61,5,False,False,True,False,False,0.05
2026-10-01T04:09:48Z,KY,KY00065IS0000020N65WELCOM,36.6434,-86.5687,69,Partly Cloudy,0,5,False,False,False,False,False,0.0
2026-10-01T04:09:48Z,KY,KY00065IS000020NSMARATHON,36.6612,-86.5553,70,Partly Cloudy,0,7,False,False,False,False,False,0.0
2026-10-01T04:09:48Z,KY,KY00065IS0000340NWEIGHS34,36.6868,-86.5379,70,Partly Cloudy,0,7,False,False,False,False,False,0.0
2026-10-01T04:09:48Z,KY,KY00065IS0011400S65SRA114,37.9464,-85.6905,70,Partly Cloudy,0,5,False,False,False,False,False,0.0
2026-10-01T04:09:48Z,KY,KY00065IS0005900S65SRA059,37.239,-85.9297,68,Mostly Clear,0,3,False,False,False,False,False,0.0
2026-10-01T04:09:48Z,KY,KY00065IS0005900N65NRA059,37.2384,-85.9271,68,Mostly Clear,0,3,False,False,False,False,False,0.0
2026-10-01T04:09:48Z,KY,KY00075IS0003300NWEIGHS33,37.0422,-84.0968,60,Mostly Clear,0,2,False,False,False,False,False,0.0
2026-10-01T04:09:48Z,KY,KY00075IS0003400SWEIGHS34,37.048,-84.0997,61,Mostly Clear,0,2,False,False,False,False,False,0.0
2026-10-01T04:09:48Z,KY,KY00075IS0017700N75NRA177,38.937,-84.6309,69,Partly Cloudy,0,5,False,False,False,False,False,0.0
2026-10-01T04:09:48Z,KY,KY00075IS0007500SWALTONWS,38.8653,-84.6476,69,Partly Cloudy,0,5,False,False,False,False,False,0.0
2026-10-01T04:09:48Z,KY,KY00075IS0017700S75SRA177,38.9388,-84.6339,69,Partly Cloudy,0,5,False,False,False,False,False,0.0
2026-10-01T04:09:48Z,KY,KY00075IS0016800SCRITENWS,38.8196,-84.6015,70,Mostly Clear,0,5,False,False,False,False,False,0.0
2026-10-01T04:09:48Z,KY,KY00075IS0000100N75WELCOM,36.6162,-84.1054,57,Mostly Clear,0,3,False,False,False,False,False,0.0
2026-10-01T04:09:51Z,IL,IL00055IN010400050,39.8627,-89.5948,73,Mostly Cloudy,7,6,False,False,False,False,True,0.2
2026-10-01T04:09:51Z,IL,IL00057IN007900034,38.0297,-88.9203,75,Mostly Cloudy,0,7,False,False,False,False,True,0.2
2026-10-01T04:09:51Z,IL,IL00055IN014900028,40.3599,-89.1099,69,Mostly Cloudy,8,7,False,False,False,False,True,0.2
2026-10-01T04:09:51Z,IL,IL00055IN019400031,40.8234,-88.6875,67,Chance Rain Showers,53,5,False,False,True,False,True,0.2
2026-10-01T04:09:51Z,IL,IL00057IN011400033,38.5963,-88.9638,76,Mostly Cloudy,1,7,False,False,False,False,True,0.2
2026-10-01T04:09:51Z,IL,IL00064IE002500038,38.5481,-89.7731,77,Mostly Cloudy,2,8,False,False,False,False,True,0.2
2026-10-01T04:09:51Z,IL,IL00055IN002700029,38.8649,-89.8532,77,Mostly Cloudy,2,8,False,False,False,False,True,0.2
2026-10-01T04:09:51Z,IL,IL00057IN022200048,39.9218,-88.299,72,Mostly Cloudy,1,8,False,False,False,False,True,0.2
2026-10-01T04:09:51Z,IL,IL00057IS033300046,41.3918,-87.7749,65,Rain Showers,80,5,False,False,True,False,True,0.2
2026-10-01T04:09:51Z,IL,IL00080IE011700043,41.4314,-88.3454,66,Rain Showers,80,5,False,False,True,False,True,0.2
2026-10-01T04:09:51Z,IL,IL00057IS022200054,39.9314,-88.3043,72,Mostly Cloudy,1,8,False,False,False,False,True,0.2
2026-10-01T04:09:51Z,IL,IL00057IS026800022,40.5613,-88.0615,68,Chance Rain Showers,48,5,False,False,True,False,True,0.2
2026-10-01T04:09:51Z,IL,IL00055IN006400027,39.3465,-89.6408,75,Mostly Cloudy,2,7,False,False,False,False,True,0.2
2026-10-01T04:09:51Z,IL,IL00057IN026800032,40.5505,-88.0605,68,Chance Rain Showers,48,5,False,False,True,False,True,0.2
2026-10-01T04:09:51Z,IL,IL00080IE005100040,41.3938,-89.5665,64,Chance Showers And Thunderstorms,39,5,False,False,True,True,True,0.2
2026-10-01T04:09:51Z,IL,IL00064IW008500012,38.2766,-88.8012,73,Mostly Cloudy,1,7,False,False,False,False,True,0.2
2026-10-01T04:09:51Z,IL,IL00070IE008600051,39.0651,-88.6745,75,Mostly Cloudy,1,7,False,False,False,False,True,0.2
2026-10-01T04:09:51Z,IL,IL00070IE002700042,38.7849,-89.7023,77,Mostly Cloudy,2,8,False,False,False,False,True,0.2
2026-10-01T04:09:51Z,IL,IL00024IW003700010,37.1593,-88.6798,69,Partly Cloudy,0,1,False,False,False,False,True,0.2
2026-10-01T04:09:51Z,IL,IL00064IE008500039,38.273,-88.8496,73,Mostly Cloudy,1,7,False,False,False,False,True,0.2
2026-10-01T04:09:51Z,IL,IL00074IW015600009,40.2711,-88.6701,69,Mostly Cloudy,4,6,False,False,False,False,True,0.2
2026-10-01T04:09:51Z,IL,IL00064IW002500011,38.5491,-89.7633,77,Mostly Cloudy,2,8,False,False,False,False,True,0.2
2026-10-01T04:09:51Z,IL,IL00080IW005100013,41.3937,-89.5591,64,Chance Showers And Thunderstorms,39,0,False,False,True,True,True,0.2
2026-10-01T04:09:51Z,IL,IL00074IW020800052,40.1298,-87.7441,69,Mostly Cloudy,2,6,False,False,False,False,True,0.2
2026-10-01T04:09:51Z,IL,IL00070IW002700015,38.7884,-89.6889,77,Mostly Cloudy,2,8,False,False,False,False,True,0.2
2026-10-01T04:09:51Z,IL,IL00055IS002700019,38.8723,-89.8511,77,Mostly Cloudy,2,8,False,False,False,False,True,0.2
2026-10-01T04:09:51Z,IL,IL00057IS007900047,38.0962,-88.9138,77,Mostly Cloudy,1,8,False,False,False,False,True,0.2
2026-10-01T04:09:51Z,IL,IL00074IE002800030,41.2334,-90.333,66,Chance Showers And Thunderstorms,44,5,False,False,True,True,True,0.2
2026-10-01T04:09:51Z,IL,IL00055IS006400017,39.3523,-89.6447,75,Mostly Cloudy,2,7,False,False,False,False,True,0.2
2026-10-01T04:09:51Z,IL,IL00074IE015600037,40.2732,-88.6762,69,Mostly Cloudy,4,6,False,False,False,False,True,0.2
2026-10-01T04:09:51Z,IL,IL00072IW015200014,39.9888,-88.7852,71,Mostly Cloudy,3,7,False,False,False,False,True,0.2
2026-10-01T04:09:51Z,IL,IL00064IW013000053,38.2322,-87.9882,73,Mostly Cloudy,0,6,False,False,False,False,True,0.2
2026-10-01T04:09:51Z,IL,IL00055IS019400021,40.8371,-88.6833,67,Chance Rain Showers,54,5,False,False,True,False,True,0.2
2026-10-01T04:09:51Z,IL,IL00057IS011400023,38.5965,-88.9677,76,Mostly Cloudy,1,7,False,False,False,False,True,0.2
2026-10-01T04:09:51Z,IL,IL00039IN008500036,41.7236,-89.0062,65,Rain Showers,80,5,False,False,True,False,True,0.2
2026-10-01T04:09:51Z,IL,IL00080IW011700016,41.4473,-88.3285,66,Rain Showers,80,5,False,False,True,False,True,0.2
2026-10-01T04:09:51Z,IL,IL00074IW002800020,41.2141,-90.3308,66,Chance Showers And Thunderstorms,44,5,False,False,True,True,True,0.2
2026-10-01T04:09:51Z,IL,IL00039IS008500026,41.7285,-89.0105,65,Rain Showers,80,5,False,False,True,False,True,0.2
2026-10-01T04:09:51Z,IL,IL00057IN033300049,41.3892,-87.7729,65,Rain Showers,80,5,False,False,True,False,True,0.2
2026-10-01T04:09:51Z,IL,IL00074IW011400006,40.6111,-89.2323,68,Mostly Cloudy,14,5,False,False,False,False,True,0.2
2026-10-01T04:09:51Z,IL,IL00070IW014900008,39.4228,-87.6617,72,Mostly Cloudy,1,7,False,False,False,False,True,0.2
2026-10-01T04:09:51Z,IL,IL00074IE011400005,40.6125,-89.245,68,Mostly Cloudy,14,5,False,False,False,False,True,0.2
2026-10-01T04:09:51Z,IL,IL00074IW006200004,40.8802,-90.0895,66,Chance Rain Showers,38,2,False,False,True,False,True,0.2
2026-10-01T04:09:51Z,IL,IL00074IE006200001,40.8788,-90.0936,66,Chance Rain Showers,38,2,False,False,True,False,True,0.2
2026-10-01T04:09:51Z,IL,IL00055IS010400024,39.8871,-89.5966,73,Mostly Cloudy,7,6,False,False,False,False,True,0.2
2026-10-01T04:09:51Z,IL,IL00057IS003200025,37.4699,-89.1329,73,Partly Cloudy,0,5,False,False,False,False,True,0.2
2026-10-01T04:09:51Z,IL,IL00057IN003200035,37.4661,-89.1324,73,Partly Cloudy,0,5,False,False,False,False,True,0.2
2026-10-01T04:09:51Z,IL,IL00070IW008700045,39.0679,-88.6704,75,Mostly Cloudy,1,7,False,False,False,False,True,0.2
2026-10-01T04:09:51Z,IL,IL00057IS016500018,39.1993,-88.502,75,Mostly Cloudy,1,8,False,False,False,False,True,0.2
2026-10-01T04:09:51Z,IL,IL00057IN016500044,39.1898,-88.5031,75,Mostly Cloudy,1,8,False,False,False,False,True,0.2
2026-10-01T04:09:51Z,IL,IL00072IE015200041,39.9923,-88.7827,71,Mostly Cloudy,3,7,False,False,False,False,True,0.2
2026-10-01T04:09:51Z,IN,322,38.195,-87.8597,73,Mostly Cloudy,0,6,False,False,False,False,False,0.0
2026-10-01T04:09:51Z,IN,317,38.5852,-85.7768,69,Partly Cloudy,0,5,False,False,False,False,False,0.0
2026-10-01T04:09:51Z,IN,316,38.5859,-85.7809,69,Partly Cloudy,0,5,False,False,False,False,False,0.0
2026-10-01T04:09:51Z,IN,315,39.2602,-85.9521,67,Partly Cloudy,1,3,False,False,False,False,False,0.0
2026-10-01T04:09:51Z,IN,314,39.2767,-85.9569,68,Partly Cloudy,1,3,False,False,False,False,False,0.0
2026-10-01T04:09:51Z,IN,313,40.1578,-86.5387,69,Mostly Cloudy,2,7,False,False,False,False,False,0.0
2026-10-01T04:09:51Z,IN,312,40.1722,-86.5522,69,Mostly Cloudy,2,7,False,False,False,False,False,0.0
2026-10-01T04:09:51Z,IN,311,40.6992,-87.0628,69,Chance Rain Showers,39,5,False,False,True,False,False,0.05
2026-10-01T04:09:51Z,IN,310,40.6984,-87.0646,69,Chance Rain Showers,39,5,False,False,True,False,False,0.05
2026-10-01T04:09:51Z,IN,308,41.1653,-87.271,66,Rain Showers,77,5,False,False,True,False,False,0.05
2026-10-01T04:09:51Z,IN,309,41.1666,-87.2749,66,Rain Showers,77,5,False,False,True,False,False,0.05
2026-10-01T04:09:51Z,IN,318,40.3543,-85.5576,68,Mostly Cloudy,3,6,False,False,False,False,False,0.0
2026-10-01T04:09:51Z,IN,319,40.3569,-85.56,68,Mostly Cloudy,3,6,False,False,False,False,False,0.0
2026-10-01T04:09:51Z,IN,320,41.2963,-85.0863,65,Rain Showers Likely,57,5,False,False,True,False,False,0.05
2026-10-01T04:09:51Z,IN,321,41.5803,-85.0597,65,Rain Showers Likely,62,5,False,False,True,False,False,0.05
2026-10-01T04:09:51Z,IN,300,39.4417,-87.5002,70,Mostly Cloudy,1,6,False,False,False,False,False,0.0
2026-10-01T04:09:51Z,IN,302,39.6517,-86.3967,69,Mostly Cloudy,1,6,False,False,False,False,False,0.0
2026-10-01T04:09:51Z,IN,301,39.6541,-86.4005,69,Mostly Cloudy,1,6,False,False,False,False,False,0.0
2026-10-01T04:09:51Z,IN,303,39.8243,-85.7039,68,Partly Cloudy,1,6,False,False,False,False,False,0.0
2026-10-01T04:09:51Z,IN,304,39.8266,-85.704,68,Partly Cloudy,1,6,False,False,False,False,False,0.0
2026-10-01T04:09:51Z,IN,305,39.8605,-85.0259,68,Partly Cloudy,1,5,False,False,False,False,False,0.0
2026-10-01T04:09:51Z,IN,323,39.29,-85.1688,68,Partly Cloudy,0,3,False,False,False,False,False,0.0
2026-10-01T04:09:51Z,IN,702,41.7472,-85.3285,64,Rain Showers Likely,64,5,False,False,True,False,False,0.05
2026-10-01T04:09:51Z,IN,701,41.5889,-87.2173,65,Rain Showers,80,5,False,False,True,False,False,0.05
2026-10-01T04:09:51Z,IN,704,41.7058,-86.6212,64,Rain Showers Likely,62,5,False,False,True,False,False,0.05
2026-10-01T04:09:51Z,IN,703,41.7071,-86.6235,64,Rain Showers Likely,62,5,False,False,True,False,False,0.05
2026-10-01T04:09:51Z,IN,705,41.733,-86.0057,64,Rain Showers Likely,63,5,False,False,True,False,False,0.05
2026-10-01T04:09:51Z,IN,708,41.7472,-85.3285,64,Rain Showers Likely,64,5,False,False,True,False,False,0.05
2026-10-01T04:09:51Z,IN,707,41.7453,-85.3287,64,Rain Showers Likely,64,5,False,False,True,False,False,0.05
2026-10-01T04:09:51Z,IN,324,41.7353,-86.7933,63,Rain Showers Likely,61,5,False,False,True,False,False,0.05
2026-10-01T04:09:51Z,KY,KY00065IS0000020N65WELCOM,36.6434,-86.5687,69,Partly Cloudy,0,5,False,False,False,False,False,0.0
2026-10-01T04:09:51Z,KY,KY00065IS000020NSMARATHON,36.6612,-86.5553,70,Partly Cloudy,0,7,False,False,False,False,False,0.0
2026-10-01T04:09:51Z,KY,KY00065IS0000340NWEIGHS34,36.6868,-86.5379,70,Partly Cloudy,0,7,False,False,False,False,False,0.0
2026-10-01T04:09:51Z,KY,KY00065IS0011400S65SRA114,37.9464,-85.6905,70,Partly Cloudy,0,5,False,False,False,False,False,0.0
2026-10-01T04:09:51Z,KY,KY00065IS0005900S65SRA059,37.239,-85.9297,68,Mostly Clear,0,3,False,False,False,False,False,0.0
2026-10-01T04:09:51Z,KY,KY00065IS0005900N65NRA059,37.2384,-85.9271,68,Mostly Clear,0,3,False,False,False,False,False,0.0
2026-10-01T04:09:51Z,KY,KY00075IS0003300NWEIGHS33,37.0422,-84.0968,60,Mostly Clear,0,2,False,False,False,False,False,0.0
2026-10-01T04:09:51Z,KY,KY00075IS0003400SWEIGHS34,37.048,-84.0997,61,Mostly Clear,0,2,False,False,False,False,False,0.0
2026-10-01T04:09:51Z,KY,KY00075IS0017700N75NRA177,38.937,-84.6309,69,Partly Cloudy,0,5,False,False,False,False,False,0.0
2026-10-01T04:09:51Z,KY,KY00075IS0007500SWALTONWS,38.8653,-84.6476,69,Partly Cloudy,0,5,False,False,False,False,False,0.0
2026-10-01T04:09:51Z,KY,KY00075IS0017700S75SRA177,38.9388,-84.6339,69,Partly Cloudy,0,5,False,False,False,False,False,0.0
2026-10-01T04:09:51Z,KY,KY00075IS0016800SCRITENWS,38.8196,-84.6015,70,Mostly Clear,0,5,False,False,False,False,False,0.0
2026-10-01T04:09:51Z,KY,KY00075IS0000100N75WELCOM,36.6162,-84.1054,57,Mostly Clear,0,3,False,False,False,False,False,0.0
2026-10-01T04:09:55Z,IL,IL00055IN010400050,39.8627,-89.5948,73,Mostly Cloudy,7,6,False,False,False,False,True,0.2
2026-10-01T04:09:55Z,IL,IL00057IN007900034,38.0297,-88.9203,75,Mostly Cloudy,0,7,False,False,False,False,True,0.2
2026-10-01T04:09:55Z,IL,IL00055IN014900028,40.3599,-89.1099,69,Mostly Cloudy,8,7,False,False,False,False,True,0.2
2026-10-01T04:09:55Z,IL,IL00055IN019400031,40.8234,-88.6875,67,Chance Rain Showers,53,5,False,False,True,False,True,0.2
2026-10-01T04:09:55Z,IL,IL00057IN011400033,38.5963,-88.9638,76,Mostly Cloudy,1,7,False,False,False,False,True,0.2
2026-10-01T04:09:55Z,IL,IL00064IE002500038,38.5481,-89.7731,77,Mostly Cloudy,2,8,False,False,False,False,True,0.2
2026-10-01T04:09:55Z,IL,IL00055IN002700029,38.8649,-89.8532,77,Mostly Cloudy,2,8,False,False,False,False,True,0.2
2026-10-01T04:09:55Z,IL,IL00057IN022200048,39.9218,-88.299,72,Mostly Cloudy,1,8,False,False,False,False,True,0.2
2026-10-01T04:09:55Z,IL,IL00057IS033300046,41.3918,-87.7749,65,Rain Showers,80,5,False,False,True,False,True,0.2
2026-10-01T04:09:55Z,IL,IL00080IE011700043,41.4314,-88.3454,66,Rain Showers,80,5,False,False,True,False,True,0.2
2026-10-01T04:09:55Z,IL,IL00057IS022200054,39.9314,-88.3043,72,Mostly Cloudy,1,8,False,False,False,False,True,0.2
2026-10-01T04:09:55Z,IL,IL00057IS026800022,40.5613,-88.0615,68,Chance Rain Showers,48,5,False,False,True,False,True,0.2
2026-10-01T04:09:55Z,IL,IL00055IN006400027,39.3465,-89.6408,75,Mostly Cloudy,2,7,False,False,False,False,True,0.2
2026-10-01T04:09:55Z,IL,IL00057IN026800032,40.5505,-88.0605,68,Chance Rain Showers,48,5,False,False,True,False,True,0.2
2026-10-01T04:09:55Z,IL,IL00080IE005100040,41.3938,-89.5665,64,Chance Showers And Thunderstorms,39,5,False,False,True,True,True,0.2
2026-10-01T04:09:55Z,IL,IL00064IW008500012,38.2766,-88.8012,73,Mostly Cloudy,1,7,False,False,False,False,True,0.2
2026-10-01T04:09:55Z,IL,IL00070IE008600051,39.0651,-88.6745,75,Mostly Cloudy,1,7,False,False,False,False,True,0.2
2026-10-01T04:09:55Z,IL,IL00070IE002700042,38.7849,-89.7023,77,Mostly Cloudy,2,8,False,False,False,False,True,0.2
2026-10-01T04:09:55Z,IL,IL00024IW003700010,37.1593,-88.6798,69,Partly Cloudy,0,1,False,False,False,False,True,0.2
2026-10-01T04:09:55Z,IL,IL00064IE008500039,38.273,-88.8496,73,Mostly Cloudy,1,7,False,False,False,False,True,0.2
2026-10-01T04:09:55Z,IL,IL00074IW015600009,40.2711,-88.6701,69,Mostly Cloudy,4,6,False,False,False,False,True,0.2
2026-10-01T04:09:55Z,IL,IL00064IW002500011,38.5491,-89.7633,77,Mostly Cloudy,2,8,False,False,False,False,True,0.2
2026-10-01T04:09:55Z,IL,IL00080IW005100013,41.3937,-89.5591,64,Chance Showers And Thunderstorms,39,0,False,False,True,True,True,0.2
2026-10-01T04:09:55Z,IL,IL00074IW020800052,40.1298,-87.7441,69,Mostly Cloudy,2,6,False,False,False,False,True,0.2
2026-10-01T04:09:55Z,IL,IL00070IW002700015,38.7884,-89.6889,77,Mostly Cloudy,2,8,False,False,False,False,True,0.2
2026-10-01T04:09:55Z,IL,IL00055IS002700019,38.8723,-89.8511,77,Mostly Cloudy,2,8,False,False,False,False,True,0.2
2026-10-01T04:09:55Z,IL,IL00057IS007900047,38.0962,-88.9138,77,Mostly Cloudy,1,8,False,False,False,False,True,0.2
2026-10-01T04:09:55Z,IL,IL00074IE002800030,41.2334,-90.333,66,Chance Showers And Thunderstorms,44,5,False,False,True,True,True,0.2
2026-10-01T04:09:55Z,IL,IL00055IS006400017,39.3523,-89.6447,75,Mostly Cloudy,2,7,False,False,False,False,True,0.2
2026-10-01T04:09:55Z,IL,IL00074IE015600037,40.2732,-88.6762,69,Mostly Cloudy,4,6,False,False,False,False,True,0.2
2026-10-01T04:09:55Z,IL,IL00072IW015200014,39.9888,-88.7852,71,Mostly Cloudy,3,7,False,False,False,False,True,0.2
2026-10-01T04:09:55Z,IL,IL00064IW013000053,38.2322,-87.9882,73,Mostly Cloudy,0,6,False,False,False,False,True,0.2
2026-10-01T04:09:55Z,IL,IL00055IS019400021,40.8371,-88.6833,67,Chance Rain Showers,54,5,False,False,True,False,True,0.2
2026-10-01T04:09:55Z,IL,IL00057IS011400023,38.5965,-88.9677,76,Mostly Cloudy,1,7,False,False,False,False,True,0.2
2026-10-01T04:09:55Z,IL,IL00039IN008500036,41.7236,-89.0062,65,Rain Showers,80,5,False,False,True,False,True,0.2
2026-10-01T04:09:55Z,IL,IL00080IW011700016,41.4473,-88.3285,66,Rain Showers,80,5,False,False,True,False,True,0.2
2026-10-01T04:09:55Z,IL,IL00074IW002800020,41.2141,-90.3308,66,Chance Showers And Thunderstorms,44,5,False,False,True,True,True,0.2
2026-10-01T04:09:55Z,IL,IL00039IS008500026,41.7285,-89.0105,65,Rain Showers,80,5,False,False,True,False,True,0.2
2026-10-01T04:09:55Z,IL,IL00057IN033300049,41.3892,-87.7729,65,Rain Showers,80,5,False,False,True,False,True,0.2
2026-10-01T04:09:55Z,IL,IL00074IW011400006,40.6111,-89.2323,68,Mostly Cloudy,14,5,False,False,False,False,True,0.2
2026-10-01T04:09:55Z,IL,IL00070IW014900008,39.4228,-87.6617,72,Mostly Cloudy,1,7,False,False,False,False,True,0.2
2026-10-01T04:09:55Z,IL,IL00074IE011400005,40.6125,-89.245,68,Mostly Cloudy,14,5,False,False,False,False,True,0.2
2026-10-01T04:09:55Z,IL,IL00074IW006200004,40.8802,-90.0895,66,Chance Rain Showers,38,2,False,False,True,False,True,0.2
2026-10-01T04:09:55Z,IL,IL00074IE006200001,40.8788,-90.0936,66,Chance Rain Showers,38,2,False,False,True,False,True,0.2
2026-10-01T04:09:55Z,IL,IL00055IS010400024,39.8871,-89.5966,73,Mostly Cloudy,7,6,False,False,False,False,True,0.2
2026-10-01T04:09:55Z,IL,IL00057IS003200025,37.4699,-89.1329,73,Partly Cloudy,0,5,False,False,False,False,True,0.2
2026-10-01T04:09:55Z,IL,IL00057IN003200035,37.4661,-89.1324,73,Partly Cloudy,0,5,False,False,False,False,True,0.2
2026-10-01T04:09:55Z,IL,IL00070IW008700045,39.0679,-88.6704,75,Mostly Cloudy,1,7,False,False,False,False,True,0.2
2026-10-01T04:09:55Z,IL,IL00057IS016500018,39.1993,-88.502,75,Mostly Cloudy,1,8,False,False,False,False,True,0.2
2026-10-01T04:09:55Z,IL,IL00057IN016500044,39.1898,-88.5031,75,Mostly Cloudy,1,8,False,False,False,False,True,0.2
2026-10-01T04:09:55Z,IL,IL00072IE015200041,39.9923,-88.7827,71,Mostly Cloudy,3,7,False,False,False,False,True,0.2
2026-10-01T04:09:55Z,IN,322,38.195,-87.8597,73,Mostly Cloudy,0,6,False,False,False,False,False,0.0
2026-10-01T04:09:55Z,IN,317,38.5852,-85.7768,69,Partly Cloudy,0,5,False,False,False,False,False,0.0
2026-10-01T04:09:55Z,IN,316,38.5859,-85.7809,69,Partly Cloudy,0,5,False,False,False,False,False,0.0
2026-10-01T04:09:55Z,IN,315,39.2602,-85.9521,67,Partly Cloudy,1,3,False,False,False,False,False,0.0
2026-10-01T04:09:55Z,IN,314,39.2767,-85.9569,68,Partly Cloudy,1,3,False,False,False,False,False,0.0
2026-10-01T04:09:55Z,IN,313,40.1578,-86.5387,69,Mostly Cloudy,2,7,False,False,False,False,False,0.0
2026-10-01T04:09:55Z,IN,312,40.1722,-86.5522,69,Mostly Cloudy,2,7,False,False,False,False,False,0.0
2026-10-01T04:09:55Z,IN,311,40.6992,-87.0628,69,Chance Rain Showers,39,5,False,False,True,False,False,0.05
2026-10-01T04:09:55Z,IN,310,40.6984,-87.0646,69,Chance Rain Showers,39,5,False,False,True,False,False,0.05
2026-10-01T04:09:55Z,IN,308,41.1653,-87.271,66,Rain Showers,77,5,False,False,True,False,False,0.05
2026-10-01T04:09:55Z,IN,309,41.1666,-87.2749,66,Rain Showers,77,5,False,False,True,False,False,0.05
2026-10-01T04:09:55Z,IN,318,40.3543,-85.5576,68,Mostly Cloudy,3,6,False,False,False,False,False,0.0
2026-10-01T04:09:55Z,IN,319,40.3569,-85.56,68,Mostly Cloudy,3,6,False,False,False,False,False,0.0
2026-10-01T04:09:55Z,IN,320,41.2963,-85.0863,65,Rain Showers Likely,57,5,False,False,True,False,False,0.05
2026-10-01T04:09:55Z,IN,321,41.5803,-85.0597,65,Rain Showers Likely,62,5,False,False,True,False,False,0.05
2026-10-01T04:09:55Z,IN,300,39.4417,-87.5002,70,Mostly Cloudy,1,6,False,False,False,False,False,0.0
2026-10-01T04:09:55Z,IN,302,39.6517,-86.3967,69,Mostly Cloudy,1,6,False,False,False,False,False,0.0
2026-10-01T04:09:55Z,IN,301,39.6541,-86.4005,69,Mostly Cloudy,1,6,False,False,False,False,False,0.0
2026-10-01T04:09:55Z,IN,303,39.8243,-85.7039,68,Partly Cloudy,1,6,False,False,False,False,False,0.0
2026-10-01T04:09:55Z,IN,304,39.8266,-85.704,68,Partly Cloudy,1,6,False,False,False,False,False,0.0
2026-10-01T04:09:55Z,IN,305,39.8605,-85.0259,68,Partly Cloudy,1,5,False,False,False,False,False,0.0
2026-10-01T04:09:55Z,IN,323,39.29,-85.1688,68,Partly Cloudy,0,3,False,False,False,False,False,0.0
2026-10-01T04:09:55Z,IN,702,41.7472,-85.3285,64,Rain Showers Likely,64,5,False,False,True,False,False,0.05
2026-10-01T04:09:55Z,IN,701,41.5889,-87.2173,65,Rain Showers,80,5,False,False,True,False,False,0.05
2026-10-01T04:09:55Z,IN,704,41.7058,-86.6212,64,Rain Showers Likely,62,5,False,False,True,False,False,0.05
2026-10-01T04:09:55Z,IN,703,41.7071,-86.6235,64,Rain Showers Likely,62,5,False,False,True,False,False,0.05
2026-10-01T04:09:55Z,IN,705,41.733,-86.0057,64,Rain Showers Likely,63,5,False,False,True,False,False,0.05
2026-10-01T04:09:55Z,IN,708,41.7472,-85.3285,64,Rain Showers Likely,64,5,False,False,True,False,False,0.05
2026-10-01T04:09:55Z,IN,707,41.7453,-85.3287,64,Rain Showers Likely,64,5,False,False,True,False,False,0.05
2026-10-01T04:09:55Z,IN,324,41.7353,-86.7933,63,Rain Showers Likely,61,5,False,False,True,False,False,0.05
2026-10-01T04:09:55Z,KY,KY00065IS0000020N65WELCOM,36.6434,-86.5687,69,Partly Cloudy,0,5,False,False,False,False,False,0.0
2026-10-01T04:09:55Z,KY,KY00065IS000020NSMARATHON,36.6612,-86.5553,70,Partly Cloudy,0,7,False,False,False,False,False,0.0
2026-10-01T04:09:55Z,KY,KY00065IS0000340NWEIGHS34,36.6868,-86.5379,70,Partly Cloudy,0,7,False,False,False,False,False,0.0
2026-10-01T04:09:55Z,KY,KY00065IS0011400S65SRA114,37.9464,-85.6905,70,Partly Cloudy,0,5,False,False,False,False,False,0.0
2026-10-01T04:09:55Z,KY,KY00065IS0005900S65SRA059,37.239,-85.9297,68,Mostly Clear,0,3,False,False,False,False,False,0.0
2026-10-01T04:09:55Z,KY,KY00065IS0005900N65NRA059,37.2384,-85.9271,68,Mostly Clear,0,3,False,False,False,False,False,0.0
2026-10-01T04:09:55Z,KY,KY00075IS0003300NWEIGHS33,37.0422,-84.0968,60,Mostly Clear,0,2,False,False,False,False,False,0.0
2026-10-01T04:09:55Z,KY,KY00075IS0003400SWEIGHS34,37.048,-84.0997,61,Mostly Clear,0,2,False,False,False,False,False,0.0
2026-10-01T04:09:55Z,KY,KY00075IS0017700N75NRA177,38.937,-84.6309,69,Partly Cloudy,0,5,False,False,False,False,False,0.0
2026-10-01T04:09:55Z,KY,KY00075IS0007500SWALTONWS,38.8653,-84.6476,69,Partly Cloudy,0,5,False,False,False,False,False,0.0
2026-10-01T04:09:55Z,KY,KY00075IS0017700S75SRA177,38.9388,-84.6339,69,Partly Cloudy,0,5,False,False,False,False,False,0.0
2026-10-01T04:09:55Z,KY,KY00075IS0016800SCRITENWS,38.8196,-84.6015,70,Mostly Clear,0,5,False,False,False,False,False,0.0
2026-10-01T04:09:55Z,KY,KY00075IS0000100N75WELCOM,36.6162,-84.1054,57,Mostly Clear,0,3,False,False,False,False,False,0.0
2026-10-01T04:10:00Z,IL,IL00055IN010400050,39.8627,-89.5948,73,Mostly Cloudy,7,6,False,False,False,False,True,0.2
2026-10-01T04:10:00Z,IL,IL00057IN007900034,38.0297,-88.9203,75,Mostly Cloudy,0,7,False,False,False,False,True,0.2
2026-10-01T04:10:00Z,IL,IL00055IN014900028,40.3599,-89.1099,69,Mostly Cloudy,8,7,False,False,False,False,True,0.2
2026-10-01T04:10:00Z,IL,IL00055IN019400031,40.8234,-88.6875,67,Chance Rain Showers,53,5,False,False,True,False,True,0.2
2026-10-01T04:10:00Z,IL,IL00057IN011400033,38.5963,-88.9638,76,Mostly Cloudy,1,7,False,False,False,False,True,0.2
2026-10-01T04:10:00Z,IL,IL00064IE002500038,38.5481,-89.7731,77,Mostly Cloudy,2,8,False,False,False,False,True,0.2
2026-10-01T04:10:00Z,IL,IL00055IN002700029,38.8649,-89.8532,77,Mostly Cloudy,2,8,False,False,False,False,True,0.2
2026-10-01T04:10:00Z,IL,IL00057IN022200048,39.9218,-88.299,72,Mostly Cloudy,1,8,False,False,False,False,True,0.2
2026-10-01T04:10:00Z,IL,IL00057IS033300046,41.3918,-87.7749,65,Rain Showers,80,5,False,False,True,False,True,0.2
2026-10-01T04:10:00Z,IL,IL00080IE011700043,41.4314,-88.3454,66,Rain Showers,80,5,False,False,True,False,True,0.2
2026-10-01T04:10:00Z,IL,IL00057IS022200054,39.9314,-88.3043,72,Mostly Cloudy,1,8,False,False,False,False,True,0.2
2026-10-01T04:10:00Z,IL,IL00057IS026800022,40.5613,-88.0615,68,Chance Rain Showers,48,5,False,False,True,False,True,0.2
2026-10-01T04:10:00Z,IL,IL00055IN006400027,39.3465,-89.6408,75,Mostly Cloudy,2,7,False,False,False,False,True,0.2
2026-10-01T04:10:00Z,IL,IL00057IN026800032,40.5505,-88.0605,68,Chance Rain Showers,48,5,False,False,True,False,True,0.2
2026-10-01T04:10:00Z,IL,IL00080IE005100040,41.3938,-89.5665,64,Chance Showers And Thunderstorms,39,5,False,False,True,True,True,0.2
2026-10-01T04:10:00Z,IL,IL00064IW008500012,38.2766,-88.8012,73,Mostly Cloudy,1,7,False,False,False,False,True,0.2
2026-10-01T04:10:00Z,IL,IL00070IE008600051,39.0651,-88.6745,75,Mostly Cloudy,1,7,False,False,False,False,True,0.2
2026-10-01T04:10:00Z,IL,IL00070IE002700042,38.7849,-89.7023,77,Mostly Cloudy,2,8,False,False,False,False,True,0.2
2026-10-01T04:10:00Z,IL,IL00024IW003700010,37.1593,-88.6798,69,Partly Cloudy,0,1,False,False,False,False,True,0.2
2026-10-01T04:10:00Z,IL,IL00064IE008500039,38.273,-88.8496,73,Mostly Cloudy,1,7,False,False,False,False,True,0.2
2026-10-01T04:10:00Z,IL,IL00074IW015600009,40.2711,-88.6701,69,Mostly Cloudy,4,6,False,False,False,False,True,0.2
2026-10-01T04:10:00Z,IL,IL00064IW002500011,38.5491,-89.7633,77,Mostly Cloudy,2,8,False,False,False,False,True,0.2
2026-10-01T04:10:00Z,IL,IL00080IW005100013,41.3937,-89.5591,64,Chance Showers And Thunderstorms,39,0,False,False,True,True,True,0.2
2026-10-01T04:10:00Z,IL,IL00074IW020800052,40.1298,-87.7441,69,Mostly Cloudy,2,6,False,False,False,False,True,0.2
2026-10-01T04:10:00Z,IL,IL00070IW002700015,38.7884,-89.6889,77,Mostly Cloudy,2,8,False,False,False,False,True,0.2
2026-10-01T04:10:00Z,IL,IL00055IS002700019,38.8723,-89.8511,77,Mostly Cloudy,2,8,False,False,False,False,True,0.2
2026-10-01T04:10:00Z,IL,IL00057IS007900047,38.0962,-88.9138,77,Mostly Cloudy,1,8,False,False,False,False,True,0.2
2026-10-01T04:10:00Z,IL,IL00074IE002800030,41.2334,-90.333,66,Chance Showers And Thunderstorms,44,5,False,False,True,True,True,0.2
2026-10-01T04:10:00Z,IL,IL00055IS006400017,39.3523,-89.6447,75,Mostly Cloudy,2,7,False,False,False,False,True,0.2
2026-10-01T04:10:00Z,IL,IL00074IE015600037,40.2732,-88.6762,69,Mostly Cloudy,4,6,False,False,False,False,True,0.2
2026-10-01T04:10:00Z,IL,IL00072IW015200014,39.9888,-88.7852,71,Mostly Cloudy,3,7,False,False,False,False,True,0.2
2026-10-01T04:10:00Z,IL,IL00064IW013000053,38.2322,-87.9882,73,Mostly Cloudy,0,6,False,False,False,False,True,0.2
2026-10-01T04:10:00Z,IL,IL00055IS019400021,40.8371,-88.6833,67,Chance Rain Showers,54,5,False,False,True,False,True,0.2
2026-10-01T04:10:00Z,IL,IL00057IS011400023,38.5965,-88.9677,76,Mostly Cloudy,1,7,False,False,False,False,True,0.2
2026-10-01T04:10:00Z,IL,IL00039IN008500036,41.7236,-89.0062,65,Rain Showers,80,5,False,False,True,False,True,0.2
2026-10-01T04:10:00Z,IL,IL00080IW011700016,41.4473,-88.3285,66,Rain Showers,80,5,False,False,True,False,True,0.2
2026-10-01T04:10:00Z,IL,IL00074IW002800020,41.2141,-90.3308,66,Chance Showers And Thunderstorms,44,5,False,False,True,True,True,0.2
2026-10-01T04:10:00Z,IL,IL00039IS008500026,41.7285,-89.0105,65,Rain Showers,80,5,False,False,True,False,True,0.2
2026-10-01T04:10:00Z,IL,IL00057IN033300049,41.3892,-87.7729,65,Rain Showers,80,5,False,False,True,False,True,0.2
2026-10-01T04:10:00Z,IL,IL00074IW011400006,40.6111,-89.2323,68,Mostly Cloudy,14,5,False,False,False,False,True,0.2
2026-10-01T04:10:00Z,IL,IL00070IW014900008,39.4228,-87.6617,72,Mostly Cloudy,1,7,False,False,False,False,True,0.2
2026-10-01T04:10:00Z,IL,IL00074IE011400005,40.6125,-89.245,68,Mostly Cloudy,14,5,False,False,False,False,True,0.2
2026-10-01T04:10:00Z,IL,IL00074IW006200004,40.8802,-90.0895,66,Chance Rain Showers,38,2,False,False,True,False,True,0.2
2026-10-01T04:10:00Z,IL,IL00074IE006200001,40.8788,-90.0936,66,Chance Rain Showers,38,2,False,False,True,False,True,0.2
2026-10-01T04:10:00Z,IL,IL00055IS010400024,39.8871,-89.5966,73,Mostly Cloudy,7,6,False,False,False,False,True,0.2
2026-10-01T04:10:00Z,IL,IL00057IS003200025,37.4699,-89.1329,73,Partly Cloudy,0,5,False,False,False,False,True,0.2
2026-10-01T04:10:00Z,IL,IL00057IN003200035,37.4661,-89.1324,73,Partly Cloudy,0,5,False,False,False,False,True,0.2
2026-10-01T04:10:00Z,IL,IL00070IW008700045,39.0679,-88.6704,75,Mostly Cloudy,1,7,False,False,False,False,True,0.2
2026-10-01T04:10:00Z,IL,IL00057IS016500018,39.1993,-88.502,75,Mostly Cloudy,1,8,False,False,False,False,True,0.2
2026-10-01T04:10:00Z,IL,IL00057IN016500044,39.1898,-88.5031,75,Mostly Cloudy,1,8,False,False,False,False,True,0.2
2026-10-01T04:10:00Z,IL,IL00072IE015200041,39.9923,-88.7827,71,Mostly Cloudy,3,7,False,False,False,False,True,0.2
2026-10-01T04:10:00Z,IN,322,38.195,-87.8597,73,Mostly Cloudy,0,6,False,False,False,False,False,0.0
2026-10-01T04:10:00Z,IN,317,38.5852,-85.7768,69,Partly Cloudy,0,5,False,False,False,False,False,0.0
2026-10-01T04:10:00Z,IN,316,38.5859,-85.7809,69,Partly Cloudy,0,5,False,False,False,False,False,0.0
2026-10-01T04:10:00Z,IN,315,39.2602,-85.9521,67,Partly Cloudy,1,3,False,False,False,False,False,0.0
2026-10-01T04:10:00Z,IN,314,39.2767,-85.9569,68,Partly Cloudy,1,3,False,False,False,False,False,0.0
2026-10-01T04:10:00Z,IN,313,40.1578,-86.5387,69,Mostly Cloudy,2,7,False,False,False,False,False,0.0
2026-10-01T04:10:00Z,IN,312,40.1722,-86.5522,69,Mostly Cloudy,2,7,False,False,False,False,False,0.0
2026-10-01T04:10:00Z,IN,311,40.6992,-87.0628,69,Chance Rain Showers,39,5,False,False,True,False,False,0.05
2026-10-01T04:10:00Z,IN,310,40.6984,-87.0646,69,Chance Rain Showers,39,5,False,False,True,False,False,0.05
2026-10-01T04:10:00Z,IN,308,41.1653,-87.271,66,Rain Showers,77,5,False,False,True,False,False,0.05
2026-10-01T04:10:00Z,IN,309,41.1666,-87.2749,66,Rain Showers,77,5,False,False,True,False,False,0.05
2026-10-01T04:10:00Z,IN,318,40.3543,-85.5576,68,Mostly Cloudy,3,6,False,False,False,False,False,0.0
2026-10-01T04:10:00Z,IN,319,40.3569,-85.56,68,Mostly Cloudy,3,6,False,False,False,False,False,0.0
2026-10-01T04:10:00Z,IN,320,41.2963,-85.0863,65,Rain Showers Likely,57,5,False,False,True,False,False,0.05
2026-10-01T04:10:00Z,IN,321,41.5803,-85.0597,65,Rain Showers Likely,62,5,False,False,True,False,False,0.05
2026-10-01T04:10:00Z,IN,300,39.4417,-87.5002,70,Mostly Cloudy,1,6,False,False,False,False,False,0.0
2026-10-01T04:10:00Z,IN,302,39.6517,-86.3967,69,Mostly Cloudy,1,6,False,False,False,False,False,0.0
2026-10-01T04:10:00Z,IN,301,39.6541,-86.4005,69,Mostly Cloudy,1,6,False,False,False,False,False,0.0
2026-10-01T04:10:00Z,IN,303,39.8243,-85.7039,68,Partly Cloudy,1,6,False,False,False,False,False,0.0
2026-10-01T04:10:00Z,IN,304,39.8266,-85.704,68,Partly Cloudy,1,6,False,False,False,False,False,0.0
2026-10-01T04:10:00Z,IN,305,39.8605,-85.0259,68,Partly Cloudy,1,5,False,False,False,False,False,0.0
2026-10-01T04:10:00Z,IN,323,39.29,-85.1688,68,Partly Cloudy,0,3,False,False,False,False,False,0.0
2026-10-01T04:10:00Z,IN,702,41.7472,-85.3285,64,Rain Showers Likely,64,5,False,False,True,False,False,0.05
2026-10-01T04:10:00Z,IN,701,41.5889,-87.2173,65,Rain Showers,80,5,False,False,True,False,False,0.05
2026-10-01T04:10:00Z,IN,704,41.7058,-86.6212,64,Rain Showers Likely,62,5,False,False,True,False,False,0.05
2026-10-01T04:10:00Z,IN,703,41.7071,-86.6235,64,Rain Showers Likely,62,5,False,False,True,False,False,0.05
2026-10-01T04:10:00Z,IN,705,41.733,-86.0057,64,Rain Showers Likely,63,5,False,False,True,False,False,0.05
2026-10-01T04:10:00Z,IN,708,41.7472,-85.3285,64,Rain Showers Likely,64,5,False,False,True,False,False,0.05
2026-10-01T04:10:00Z,IN,707,41.7453,-85.3287,64,Rain Showers Likely,64,5,False,False,True,False,False,0.05
2026-10-01T04:10:00Z,IN,324,41.7353,-86.7933,63,Rain Showers Likely,61,5,False,False,True,False,False,0.05
2026-10-01T04:10:00Z,KY,KY00065IS0000020N65WELCOM,36.6434,-86.5687,69,Partly Cloudy,0,5,False,False,False,False,False,0.0
2026-10-01T04:10:00Z,KY,KY00065IS000020NSMARATHON,36.6612,-86.5553,70,Partly Cloudy,0,7,False,False,False,False,False,0.0
2026-10-01T04:10:00Z,KY,KY00065IS0000340NWEIGHS34,36.6868,-86.5379,70,Partly Cloudy,0,7,False,False,False,False,False,0.0
2026-10-01T04:10:00Z,KY,KY00065IS0011400S65SRA114,37.9464,-85.6905,70,Partly Cloudy,0,5,False,False,False,False,False,0.0
2026-10-01T04:10:00Z,KY,KY00065IS0005900S65SRA059,37.239,-85.9297,68,Mostly Clear,0,3,False,False,False,False,False,0.0
2026-10-01T04:10:00Z,KY,KY00065IS0005900N65NRA059,37.2384,-85.9271,68,Mostly Clear,0,3,False,False,False,False,False,0.0
2026-10-01T04:10:00Z,KY,KY00075IS0003300NWEIGHS33,37.0422,-84.0968,60,Mostly Clear,0,2,False,False,False,False,False,0.0
2026-10-01T04:10:00Z,KY,KY00075IS0003400SWEIGHS34,37.048,-84.0997,61,Mostly Clear,0,2,False,False,False,False,False,0.0
2026-10-01T04:10:00Z,KY,KY00075IS0017700N75NRA177,38.937,-84.6309,69,Partly Cloudy,0,5,False,False,False,False,False,0.0
2026-10-01T04:10:00Z,KY,KY00075IS0007500SWALTONWS,38.8653,-84.6476,69,Partly Cloudy,0,5,False,False,False,False,False,0.0
2026-10-01T04:10:00Z,KY,KY00075IS0017700S75SRA177,38.9388,-84.6339,69,Partly Cloudy,0,5,False,False,False,False,False,0.0
2026-10-01T04:10:00Z,KY,KY00075IS0016800SCRITENWS,38.8196,-84.6015,70,Mostly Clear,0,5,False,False,False,False,False,0.0
2026-10-01T04:10:00Z,KY,KY00075IS0000100N75WELCOM,36.6162,-84.1054,57,Mostly Clear,0,3,False,False,False,False,False,0.0
2026-10-01T04:10:04Z,IL,IL00055IN010400050,39.8627,-89.5948,73,Mostly Cloudy,7,6,False,False,False,False,True,0.2
2026-10-01T04:10:04Z,IL,IL00057IN007900034,38.0297,-88.9203,75,Mostly Cloudy,0,7,False,False,False,False,True,0.2
2026-10-01T04:10:04Z,IL,IL00055IN014900028,40.3599,-89.1099,69,Mostly Cloudy,8,7,False,False,False,False,True,0.2
2026-10-01T04:10:04Z,IL,IL00055IN019400031,40.8234,-88.6875,67,Chance Rain Showers,53,5,False,False,True,False,True,0.2
2026-10-01T04:10:04Z,IL,IL00057IN011400033,38.5963,-88.9638,76,Mostly Cloudy,1,7,False,False,False,False,True,0.2
2026-10-01T04:10:04Z,IL,IL00064IE002500038,38.5481,-89.7731,77,Mostly Cloudy,2,8,False,False,False,False,True,0.2
2026-10-01T04:10:04Z,IL,IL00055IN002700029,38.8649,-89.8532,77,Mostly Cloudy,2,8,False,False,False,False,True,0.2
2026-10-01T04:10:04Z,IL,IL00057IN022200048,39.9218,-88.299,72,Mostly Cloudy,1,8,False,False,False,False,True,0.2
2026-10-01T04:10:04Z,IL,IL00057IS033300046,41.3918,-87.7749,65,Rain Showers,80,5,False,False,True,False,True,0.2
2026-10-01T04:10:04Z,IL,IL00080IE011700043,41.4314,-88.3454,66,Rain Showers,80,5,False,False,True,False,True,0.2
2026-10-01T04:10:04Z,IL,IL00057IS022200054,39.9314,-88.3043,72,Mostly Cloudy,1,8,False,False,False,False,True,0.2
2026-10-01T04:10:04Z,IL,IL00057IS026800022,40.5613,-88.0615,68,Chance Rain Showers,48,5,False,False,True,False,True,0.2
2026-10-01T04:10:04Z,IL,IL00055IN006400027,39.3465,-89.6408,75,Mostly Cloudy,2,7,False,False,False,False,True,0.2
2026-10-01T04:10:04Z,IL,IL00057IN026800032,40.5505,-88.0605,68,Chance Rain Showers,48,5,False,False,True,False,True,0.2
2026-10-01T04:10:04Z,IL,IL00080IE005100040,41.3938,-89.5665,64,Chance Showers And Thunderstorms,39,5,False,False,True,True,True,0.2
2026-10-01T04:10:04Z,IL,IL00064IW008500012,38.2766,-88.8012,73,Mostly Cloudy,1,7,False,False,False,False,True,0.2
2026-10-01T04:10:04Z,IL,IL00070IE008600051,39.0651,-88.6745,75,Mostly Cloudy,1,7,False,False,False,False,True,0.2
2026-10-01T04:10:04Z,IL,IL00070IE002700042,38.7849,-89.7023,77,Mostly Cloudy,2,8,False,False,False,False,True,0.2
2026-10-01T04:10:04Z,IL,IL00024IW003700010,37.1593,-88.6798,69,Partly Cloudy,0,1,False,False,False,False,True,0.2
2026-10-01T04:10:04Z,IL,IL00064IE008500039,38.273,-88.8496,73,Mostly Cloudy,1,7,False,False,False,False,True,0.2
2026-10-01T04:10:04Z,IL,IL00074IW015600009,40.2711,-88.6701,69,Mostly Cloudy,4,6,False,False,False,False,True,0.2
2026-10-01T04:10:04Z,IL,IL00064IW002500011,38.5491,-89.7633,77,Mostly Cloudy,2,8,False,False,False,False,True,0.2
2026-10-01T04:10:04Z,IL,IL00080IW005100013,41.3937,-89.5591,64,Chance Showers And Thunderstorms,39,0,False,False,True,True,True,0.2
2026-10-01T04:10:04Z,IL,IL00074IW020800052,40.1298,-87.7441,69,Mostly Cloudy,2,6,False,False,False,False,True,0.2
2026-10-01T04:10:04Z,IL,IL00070IW002700015,38.7884,-89.6889,77,Mostly Cloudy,2,8,False,False,False,False,True,0.2
2026-10-01T04:10:04Z,IL,IL00055IS002700019,38.8723,-89.8511,77,Mostly Cloudy,2,8,False,False,False,False,True,0.2
2026-10-01T04:10:04Z,IL,IL00057IS007900047,38.0962,-88.9138,77,Mostly Cloudy,1,8,False,False,False,False,True,0.2
2026-10-01T04:10:04Z,IL,IL00074IE002800030,41.2334,-90.333,66,Chance Showers And Thunderstorms,44,5,False,False,True,True,True,0.2
2026-10-01T04:10:04Z,IL,IL00055IS006400017,39.3523,-89.6447,75,Mostly Cloudy,2,7,False,False,False,False,True,0.2
2026-10-01T04:10:04Z,IL,IL00074IE015600037,40.2732,-88.6762,69,Mostly Cloudy,4,6,False,False,False,False,True,0.2
2026-10-01T04:10:04Z,IL,IL00072IW015200014,39.9888,-88.7852,71,Mostly Cloudy,3,7,False,False,False,False,True,0.2
2026-10-01T04:10:04Z,IL,IL00064IW013000053,38.2322,-87.9882,73,Mostly Cloudy,0,6,False,False,False,False,True,0.2
2026-10-01T04:10:04Z,IL,IL00055IS019400021,40.8371,-88.6833,67,Chance Rain Showers,54,5,False,False,True,False,True,0.2
2026-10-01T04:10:04Z,IL,IL00057IS011400023,38.5965,-88.9677,76,Mostly Cloudy,1,7,False,False,False,False,True,0.2
2026-10-01T04:10:04Z,IL,IL00039IN008500036,41.7236,-89.0062,65,Rain Showers,80,5,False,False,True,False,True,0.2
2026-10-01T04:10:04Z,IL,IL00080IW011700016,41.4473,-88.3285,66,Rain Showers,80,5,False,False,True,False,True,0.2
2026-10-01T04:10:04Z,IL,IL00074IW002800020,41.2141,-90.3308,66,Chance Showers And Thunderstorms,44,5,False,False,True,True,True,0.2
2026-10-01T04:10:04Z,IL,IL00039IS008500026,41.7285,-89.0105,65,Rain Showers,80,5,False,False,True,False,True,0.2
2026-10-01T04:10:04Z,IL,IL00057IN033300049,41.3892,-87.7729,65,Rain Showers,80,5,False,False,True,False,True,0.2
2026-10-01T04:10:04Z,IL,IL00074IW011400006,40.6111,-89.2323,68,Mostly Cloudy,14,5,False,False,False,False,True,0.2
2026-10-01T04:10:04Z,IL,IL00070IW014900008,39.4228,-87.6617,72,Mostly Cloudy,1,7,False,False,False,False,True,0.2
2026-10-01T04:10:04Z,IL,IL00074IE011400005,40.6125,-89.245,68,Mostly Cloudy,14,5,False,False,False,False,True,0.2
2026-10-01T04:10:04Z,IL,IL00074IW006200004,40.8802,-90.0895,66,Chance Rain Showers,38,2,False,False,True,False,True,0.2
2026-10-01T04:10:04Z,IL,IL00074IE006200001,40.8788,-90.0936,66,Chance Rain Showers,38,2,False,False,True,False,True,0.2
2026-10-01T04:10:04Z,IL,IL00055IS010400024,39.8871,-89.5966,73,Mostly Cloudy,7,6,False,False,False,False,True,0.2
2026-10-01T04:10:04Z,IL,IL00057IS003200025,37.4699,-89.1329,73,Partly Cloudy,0,5,False,False,False,False,True,0.2
2026-10-01T04:10:04Z,IL,IL00057IN003200035,37.4661,-89.1324,73,Partly Cloudy,0,5,False,False,False,False,True,0.2
2026-10-01T04:10:04Z,IL,IL00070IW008700045,39.0679,-88.6704,75,Mostly Cloudy,1,7,False,False,False,False,True,0.2
2026-10-01T04:10:04Z,IL,IL00057IS016500018,39.1993,-88.502,75,Mostly Cloudy,1,8,False,False,False,False,True,0.2
2026-10-01T04:10:04Z,IL,IL00057IN016500044,39.1898,-88.5031,75,Mostly Cloudy,1,8,False,False,False,False,True,0.2
2026-10-01T04:10:04Z,IL,IL00072IE015200041,39.9923,-88.7827,71,Mostly Cloudy,3,7,False,False,False,False,True,0.2
2026-10-01T04:10:04Z,IN,322,38.195,-87.8597,73,Mostly Cloudy,0,6,False,False,False,False,False,0.0
2026-10-01T04:10:04Z,IN,317,38.5852,-85.7768,69,Partly Cloudy,0,5,False,False,False,False,False,0.0
2026-10-01T04:10:04Z,IN,316,38.5859,-85.7809,69,Partly Cloudy,0,5,False,False,False,False,False,0.0
2026-10-01T04:10:04Z,IN,315,39.2602,-85.9521,67,Partly Cloudy,1,3,False,False,False,False,False,0.0
2026-10-01T04:10:04Z,IN,314,39.2767,-85.9569,68,Partly Cloudy,1,3,False,False,False,False,False,0.0
2026-10-01T04:10:04Z,IN,313,40.1578,-86.5387,69,Mostly Cloudy,2,7,False,False,False,False,False,0.0
2026-10-01T04:10:04Z,IN,312,40.1722,-86.5522,69,Mostly Cloudy,2,7,False,False,False,False,False,0.0
2026-10-01T04:10:04Z,IN,311,40.6992,-87.0628,69,Chance Rain Showers,39,5,False,False,True,False,False,0.05
2026-10-01T04:10:04Z,IN,310,40.6984,-87.0646,69,Chance Rain Showers,39,5,False,False,True,False,False,0.05
2026-10-01T04:10:04Z,IN,308,41.1653,-87.271,66,Rain Showers,77,5,False,False,True,False,False,0.05
2026-10-01T04:10:04Z,IN,309,41.1666,-87.2749,66,Rain Showers,77,5,False,False,True,False,False,0.05
2026-10-01T04:10:04Z,IN,318,40.3543,-85.5576,68,Mostly Cloudy,3,6,False,False,False,False,False,0.0
2026-10-01T04:10:04Z,IN,319,40.3569,-85.56,68,Mostly Cloudy,3,6,False,False,False,False,False,0.0
2026-10-01T04:10:04Z,IN,320,41.2963,-85.0863,65,Rain Showers Likely,57,5,False,False,True,False,False,0.05
2026-10-01T04:10:04Z,IN,321,41.5803,-85.0597,65,Rain Showers Likely,62,5,False,False,True,False,False,0.05
2026-10-01T04:10:04Z,IN,300,39.4417,-87.5002,70,Mostly Cloudy,1,6,False,False,False,False,False,0.0
2026-10-01T04:10:04Z,IN,302,39.6517,-86.3967,69,Mostly Cloudy,1,6,False,False,False,False,False,0.0
2026-10-01T04:10:04Z,IN,301,39.6541,-86.4005,69,Mostly Cloudy,1,6,False,False,False,False,False,0.0
2026-10-01T04:10:04Z,IN,303,39.8243,-85.7039,68,Partly Cloudy,1,6,False,False,False,False,False,0.0
2026-10-01T04:10:04Z,IN,304,39.8266,-85.704,68,Partly Cloudy,1,6,False,False,False,False,False,0.0
2026-10-01T04:10:04Z,IN,305,39.8605,-85.0259,68,Partly Cloudy,1,5,False,False,False,False,False,0.0
2026-10-01T04:10:04Z,IN,323,39.29,-85.1688,68,Partly Cloudy,0,3,False,False,False,False,False,0.0
2026-10-01T04:10:04Z,IN,702,41.7472,-85.3285,64,Rain Showers Likely,64,5,False,False,True,False,False,0.05
2026-10-01T04:10:04Z,IN,701,41.5889,-87.2173,65,Rain Showers,80,5,False,False,True,False,False,0.05
2026-10-01T04:10:04Z,IN,704,41.7058,-86.6212,64,Rain Showers Likely,62,5,False,False,True,False,False,0.05
2026-10-01T04:10:04Z,IN,703,41.7071,-86.6235,64,Rain Showers Likely,62,5,False,False,True,False,False,0.05
2026-10-01T04:10:04Z,IN,705,41.733,-86.0057,64,Rain Showers Likely,63,5,False,False,True,False,False,0.05
2026-10-01T04:10:04Z,IN,708,41.7472,-85.3285,64,Rain Showers Likely,64,5,False,False,True,False,False,0.05
2026-10-01T04:10:04Z,IN,707,41.7453,-85.3287,64,Rain Showers Likely,64,5,False,False,True,False,False,0.05
2026-10-01T04:10:04Z,IN,324,41.7353,-86.7933,63,Rain Showers Likely,61,5,False,False,True,False,False,0.05
2026-10-01T04:10:04Z,KY,KY00065IS0000020N65WELCOM,36.6434,-86.5687,69,Partly Cloudy,0,5,False,False,False,False,False,0.0
2026-10-01T04:10:04Z,KY,KY00065IS000020NSMARATHON,36.6612,-86.5553,70,Partly Cloudy,0,7,False,False,False,False,False,0.0
2026-10-01T04:10:04Z,KY,KY00065IS0000340NWEIGHS34,36.6868,-86.5379,70,Partly Cloudy,0,7,False,False,False,False,False,0.0
2026-10-01T04:10:04Z,KY,KY00065IS0011400S65SRA114,37.9464,-85.6905,70,Partly Cloudy,0,5,False,False,False,False,False,0.0
2026-10-01T04:10:04Z,KY,KY00065IS0005900S65SRA059,37.239,-85.9297,68,Mostly Clear,0,3,False,False,False,False,False,0.0
2026-10-01T04:10:04Z,KY,KY00065IS0005900N65NRA059,37.2384,-85.9271,68,Mostly Clear,0,3,False,False,False,False,False,0.0
2026-10-01T04:10:04Z,KY,KY00075IS0003300NWEIGHS33,37.0422,-84.0968,60,Mostly Clear,0,2,False,False,False,False,False,0.0
2026-10-01T04:10:04Z,KY,KY00075IS0003400SWEIGHS34,37.048,-84.0997,61,Mostly Clear,0,2,False,False,False,False,False,0.0
2026-10-01T04:10:04Z,KY,KY00075IS0017700N75NRA177,38.937,-84.6309,69,Partly Cloudy,0,5,False,False,False,False,False,0.0
2026-10-01T04:10:04Z,KY,KY00075IS0007500SWALTONWS,38.8653,-84.6476,69,Partly Cloudy,0,5,False,False,False,False,False,0.0
2026-10-01T04:10:04Z,KY,KY00075IS0017700S75SRA177,38.9388,-84.6339,69,Partly Cloudy,0,5,False,False,False,False,False,0.0
2026-10-01T04:10:04Z,KY,KY00075IS0016800SCRITENWS,38.8196,-84.6015,70,Mostly Clear,0,5,False,False,False,False,False,0.0
2026-10-01T04:10:04Z,KY,KY00075IS0000100N75WELCOM,36.6162,-84.1054,57,Mostly Clear,0,3,False,False,False,False,False,0.0
2026-10-01T04:10:08Z,IL,IL00055IN010400050,39.8627,-89.5948,73,Mostly Cloudy,7,6,False,False,False,False,True,0.2
2026-10-01T04:10:08Z,IL,IL00057IN007900034,38.0297,-88.9203,75,Mostly Cloudy,0,7,False,False,False,False,True,0.2
2026-10-01T04:10:08Z,IL,IL00055IN014900028,40.3599,-89.1099,69,Mostly Cloudy,8,7,False,False,False,False,True,0.2
2026-10-01T04:10:08Z,IL,IL00055IN019400031,40.8234,-88.6875,67,Chance Rain Showers,53,5,False,False,True,False,True,0.2
2026-10-01T04:10:08Z,IL,IL00057IN011400033,38.5963,-88.9638,76,Mostly Cloudy,1,7,False,False,False,False,True,0.2
2026-10-01T04:10:08Z,IL,IL00064IE002500038,38.5481,-89.7731,77,Mostly Cloudy,2,8,False,False,False,False,True,0.2
2026-10-01T04:10:08Z,IL,IL00055IN002700029,38.8649,-89.8532,77,Mostly Cloudy,2,8,False,False,False,False,True,0.2
2026-10-01T04:10:08Z,IL,IL00057IN022200048,39.9218,-88.299,72,Mostly Cloudy,1,8,False,False,False,False,True,0.2
2026-10-01T04:10:08Z,IL,IL00057IS033300046,41.3918,-87.7749,65,Rain Showers,80,5,False,False,True,False,True,0.2
2026-10-01T04:10:08Z,IL,IL00080IE011700043,41.4314,-88.3454,66,Rain Showers,80,5,False,False,True,False,True,0.2
2026-10-01T04:10:08Z,IL,IL00057IS022200054,39.9314,-88.3043,72,Mostly Cloudy,1,8,False,False,False,False,True,0.2
2026-10-01T04:10:08Z,IL,IL00057IS026800022,40.5613,-88.0615,68,Chance Rain Showers,48,5,False,False,True,False,True,0.2
2026-10-01T04:10:08Z,IL,IL00055IN006400027,39.3465,-89.6408,75,Mostly Cloudy,2,7,False,False,False,False,True,0.2
2026-10-01T04:10:08Z,IL,IL00057IN026800032,40.5505,-88.0605,68,Chance Rain Showers,48,5,False,False,True,False,True,0.2
2026-10-01T04:10:08Z,IL,IL00080IE005100040,41.3938,-89.5665,64,Chance Showers And Thunderstorms,39,5,False,False,True,True,True,0.2
2026-10-01T04:10:08Z,IL,IL00064IW008500012,38.2766,-88.8012,73,Mostly Cloudy,1,7,False,False,False,False,True,0.2
2026-10-01T04:10:08Z,IL,IL00070IE008600051,39.0651,-88.6745,75,Mostly Cloudy,1,7,False,False,False,False,True,0.2
2026-10-01T04:10:08Z,IL,IL00070IE002700042,38.7849,-89.7023,77,Mostly Cloudy,2,8,False,False,False,False,True,0.2
2026-10-01T04:10:08Z,IL,IL00024IW003700010,37.1593,-88.6798,69,Partly Cloudy,0,1,False,False,False,False,True,0.2
2026-10-01T04:10:08Z,IL,IL00064IE008500039,38.273,-88.8496,73,Mostly Cloudy,1,7,False,False,False,False,True,0.2
2026-10-01T04:10:08Z,IL,IL00074IW015600009,40.2711,-88.6701,69,Mostly Cloudy,4,6,False,False,False,False,True,0.2
2026-10-01T04:10:08Z,IL,IL00064IW002500011,38.5491,-89.7633,77,Mostly Cloudy,2,8,False,False,False,False,True,0.2
2026-10-01T04:10:08Z,IL,IL00080IW005100013,41.3937,-89.5591,64,Chance Showers And Thunderstorms,39,0,False,False,True,True,True,0.2
2026-10-01T04:10:08Z,IL,IL00074IW020800052,40.1298,-87.7441,69,Mostly Cloudy,2,6,False,False,False,False,True,0.2
2026-10-01T04:10:08Z,IL,IL00070IW002700015,38.7884,-89.6889,77,Mostly Cloudy,2,8,False,False,False,False,True,0.2
2026-10-01T04:10:08Z,IL,IL00055IS002700019,38.8723,-89.8511,77,Mostly Cloudy,2,8,False,False,False,False,True,0.2
2026-10-01T04:10:08Z,IL,IL00057IS007900047,38.0962,-88.9138,77,Mostly Cloudy,1,8,False,False,False,False,True,0.2
2026-10-01T04:10:08Z,IL,IL00074IE002800030,41.2334,-90.333,66,Chance Showers And Thunderstorms,44,5,False,False,True,True,True,0.2
2026-10-01T04:10:08Z,IL,IL00055IS006400017,39.3523,-89.6447,75,Mostly Cloudy,2,7,False,False,False,False,True,0.2
2026-10-01T04:10:08Z,IL,IL00074IE015600037,40.2732,-88.6762,69,Mostly Cloudy,4,6,False,False,False,False,True,0.2
2026-10-01T04:10:08Z,IL,IL00072IW015200014,39.9888,-88.7852,71,Mostly Cloudy,3,7,False,False,False,False,True,0.2
2026-10-01T04:10:08Z,IL,IL00064IW013000053,38.2322,-87.9882,73,Mostly Cloudy,0,6,False,False,False,False,True,0.2
2026-10-01T04:10:08Z,IL,IL00055IS019400021,40.8371,-88.6833,67,Chance Rain Showers,54,5,False,False,True,False,True,0.2
2026-10-01T04:10:08Z,IL,IL00057IS011400023,38.5965,-88.9677,76,Mostly Cloudy,1,7,False,False,False,False,True,0.2
2026-10-01T04:10:08Z,IL,IL00039IN008500036,41.7236,-89.0062,65,Rain Showers,80,5,False,False,True,False,True,0.2
2026-10-01T04:10:08Z,IL,IL00080IW011700016,41.4473,-88.3285,66,Rain Showers,80,5,False,False,True,False,True,0.2
2026-10-01T04:10:08Z,IL,IL00074IW002800020,41.2141,-90.3308,66,Chance Showers And Thunderstorms,44,5,False,False,True,True,True,0.2
2026-10-01T04:10:08Z,IL,IL00039IS008500026,41.7285,-89.0105,65,Rain Showers,80,5,False,False,True,False,True,0.2
2026-10-01T04:10:08Z,IL,IL00057IN033300049,41.3892,-87.7729,65,Rain Showers,80,5,False,False,True,False,True,0.2
2026-10-01T04:10:08Z,IL,IL00074IW011400006,40.6111,-89.2323,68,Mostly Cloudy,14,5,False,False,False,False,True,0.2
2026-10-01T04:10:08Z,IL,IL00070IW014900008,39.4228,-87.6617,72,Mostly Cloudy,1,7,False,False,False,False,True,0.2
2026-10-01T04:10:08Z,IL,IL00074IE011400005,40.6125,-89.245,68,Mostly Cloudy,14,5,False,False,False,False,True,0.2
2026-10-01T04:10:08Z,IL,IL00074IW006200004,40.8802,-90.0895,66,Chance Rain Showers,38,2,False,False,True,False,True,0.2
2026-10-01T04:10:08Z,IL,IL00074IE006200001,40.8788,-90.0936,66,Chance Rain Showers,38,2,False,False,True,False,True,0.2
2026-10-01T04:10:08Z,IL,IL00055IS010400024,39.8871,-89.5966,73,Mostly Cloudy,7,6,False,False,False,False,True,0.2
2026-10-01T04:10:08Z,IL,IL00057IS003200025,37.4699,-89.1329,73,Partly Cloudy,0,5,False,False,False,False,True,0.2
2026-10-01T04:10:08Z,IL,IL00057IN003200035,37.4661,-89.1324,73,Partly Cloudy,0,5,False,False,False,False,True,0.2
2026-10-01T04:10:08Z,IL,IL00070IW008700045,39.0679,-88.6704,75,Mostly Cloudy,1,7,False,False,False,False,True,0.2
2026-10-01T04:10:08Z,IL,IL00057IS016500018,39.1993,-88.502,75,Mostly Cloudy,1,8,False,False,False,False,True,0.2
2026-10-01T04:10:08Z,IL,IL00057IN016500044,39.1898,-88.5031,75,Mostly Cloudy,1,8,False,False,False,False,True,0.2
2026-10-01T04:10:08Z,IL,IL00072IE015200041,39.9923,-88.7827,71,Mostly Cloudy,3,7,False,False,False,False,True,0.2
2026-10-01T04:10:08Z,IN,322,38.195,-87.8597,73,Mostly Cloudy,0,6,False,False,False,False,False,0.0
2026-10-01T04:10:08Z,IN,317,38.5852,-85.7768,69,Partly Cloudy,0,5,False,False,False,False,False,0.0
2026-10-01T04:10:08Z,IN,316,38.5859,-85.7809,69,Partly Cloudy,0,5,False,False,False,False,False,0.0
2026-10-01T04:10:08Z,IN,315,39.2602,-85.9521,67,Partly Cloudy,1,3,False,False,False,False,False,0.0
2026-10-01T04:10:08Z,IN,314,39.2767,-85.9569,68,Partly Cloudy,1,3,False,False,False,False,False,0.0
2026-10-01T04:10:08Z,IN,313,40.1578,-86.5387,69,Mostly Cloudy,2,7,False,False,False,False,False,0.0
2026-10-01T04:10:08Z,IN,312,40.1722,-86.5522,69,Mostly Cloudy,2,7,False,False,False,False,False,0.0
2026-10-01T04:10:08Z,IN,311,40.6992,-87.0628,69,Chance Rain Showers,39,5,False,False,True,False,False,0.05
2026-10-01T04:10:08Z,IN,310,40.6984,-87.0646,69,Chance Rain Showers,39,5,False,False,True,False,False,0.05
2026-10-01T04:10:08Z,IN,308,41.1653,-87.271,66,Rain Showers,77,5,False,False,True,False,False,0.05
2026-10-01T04:10:08Z,IN,309,41.1666,-87.2749,66,Rain Showers,77,5,False,False,True,False,False,0.05
2026-10-01T04:10:08Z,IN,318,40.3543,-85.5576,68,Mostly Cloudy,3,6,False,False,False,False,False,0.0
2026-10-01T04:10:08Z,IN,319,40.3569,-85.56,68,Mostly Cloudy,3,6,False,False,False,False,False,0.0
2026-10-01T04:10:08Z,IN,320,41.2963,-85.0863,65,Rain Showers Likely,57,5,False,False,True,False,False,0.05
2026-10-01T04:10:08Z,IN,321,41.5803,-85.0597,65,Rain Showers Likely,62,5,False,False,True,False,False,0.05
2026-10-01T04:10:08Z,IN,300,39.4417,-87.5002,70,Mostly Cloudy,1,6,False,False,False,False,False,0.0
2026-10-01T04:10:08Z,IN,302,39.6517,-86.3967,69,Mostly Cloudy,1,6,False,False,False,False,False,0.0
2026-10-01T04:10:08Z,IN,301,39.6541,-86.4005,69,Mostly Cloudy,1,6,False,False,False,False,False,0.0
2026-10-01T04:10:08Z,IN,303,39.8243,-85.7039,68,Partly Cloudy,1,6,False,False,False,False,False,0.0
2026-10-01T04:10:08Z,IN,304,39.8266,-85.704,68,Partly Cloudy,1,6,False,False,False,False,False,0.0
2026-10-01T04:10:08Z,IN,305,39.8605,-85.0259,68,Partly Cloudy,1,5,False,False,False,False,False,0.0
2026-10-01T04:10:08Z,IN,323,39.29,-85.1688,68,Partly Cloudy,0,3,False,False,False,False,False,0.0
2026-10-01T04:10:08Z,IN,702,41.7472,-85.3285,64,Rain Showers Likely,64,5,False,False,True,False,False,0.05
2026-10-01T04:10:08Z,IN,701,41.5889,-87.2173,65,Rain Showers,80,5,False,False,True,False,False,0.05
2026-10-01T04:10:08Z,IN,704,41.7058,-86.6212,64,Rain Showers Likely,62,5,False,False,True,False,False,0.05
2026-10-01T04:10:08Z,IN,703,41.7071,-86.6235,64,Rain Showers Likely,62,5,False,False,True,False,False,0.05
2026-10-01T04:10:08Z,IN,705,41.733,-86.0057,64,Rain Showers Likely,63,5,False,False,True,False,False,0.05
2026-10-01T04:10:08Z,IN,708,41.7472,-85.3285,64,Rain Showers Likely,64,5,False,False,True,False,False,0.05
2026-10-01T04:10:08Z,IN,707,41.7453,-85.3287,64,Rain Showers Likely,64,5,False,False,True,False,False,0.05
2026-10-01T04:10:08Z,IN,324,41.7353,-86.7933,63,Rain Showers Likely,61,5,False,False,True,False,False,0.05
2026-10-01T04:10:08Z,KY,KY00065IS0000020N65WELCOM,36.6434,-86.5687,69,Partly Cloudy,0,5,False,False,False,False,False,0.0
2026-10-01T04:10:08Z,KY,KY00065IS000020NSMARATHON,36.6612,-86.5553,70,Partly Cloudy,0,7,False,False,False,False,False,0.0
2026-10-01T04:10:08Z,KY,KY00065IS0000340NWEIGHS34,36.6868,-86.5379,70,Partly Cloudy,0,7,False,False,False,False,False,0.0
2026-10-01T04:10:08Z,KY,KY00065IS0011400S65SRA114,37.9464,-85.6905,70,Partly Cloudy,0,5,False,False,False,False,False,0.0
2026-10-01T04:10:08Z,KY,KY00065IS0005900S65SRA059,37.239,-85.9297,68,Mostly Clear,0,3,False,False,False,False,False,0.0
2026-10-01T04:10:08Z,KY,KY00065IS0005900N65NRA059,37.2384,-85.9271,68,Mostly Clear,0,3,False,False,False,False,False,0.0
2026-10-01T04:10:08Z,KY,KY00075IS0003300NWEIGHS33,37.0422,-84.0968,60,Mostly Clear,0,2,False,False,False,False,False,0.0
2026-10-01T04:10:08Z,KY,KY00075IS0003400SWEIGHS34,37.048,-84.0997,61,Mostly Clear,0,2,False,False,False,False,False,0.0
2026-10-01T04:10:08Z,KY,KY00075IS0017700N75NRA177,38.937,-84.6309,69,Partly Cloudy,0,5,False,False,False,False,False,0.0
2026-10-01T04:10:08Z,KY,KY00075IS0007500SWALTONWS,38.8653,-84.6476,69,Partly Cloudy,0,5,False,False,False,False,False,0.0
2026-10-01T04:10:08Z,KY,KY00075IS0017700S75SRA177,38.9388,-84.6339,69,Partly Cloudy,0,5,False,False,False,False,False,0.0
2026-10-01T04:10:08Z,KY,KY00075IS0016800SCRITENWS,38.8196,-84.6015,70,Mostly Clear,0,5,False,False,False,False,False,0.0
2026-10-01T04:10:08Z,KY,KY00075IS0000100N75WELCOM,36.6162,-84.1054,57,Mostly Clear,0,3,False,False,False,False,False,0.0
2026-10-01T04:10:12Z,IL,IL00055IN010400050,39.8627,-89.5948,73,Mostly Cloudy,7,6,False,False,False,False,True,0.2
2026-10-01T04:10:12Z,IL,IL00057IN007900034,38.0297,-88.9203,75,Mostly Cloudy,0,7,False,False,False,False,True,0.2
2026-10-01T04:10:12Z,IL,IL00055IN014900028,40.3599,-89.1099,69,Mostly Cloudy,8,7,False,False,False,False,True,0.2
2026-10-01T04:10:12Z,IL,IL00055IN019400031,40.8234,-88.6875,67,Chance Rain Showers,53,5,False,False,True,False,True,0.2
2026-10-01T04:10:12Z,IL,IL00057IN011400033,38.5963,-88.9638,76,Mostly Cloudy,1,7,False,False,False,False,True,0.2
2026-10-01T04:10:12Z,IL,IL00064IE002500038,38.5481,-89.7731,77,Mostly Cloudy,2,8,False,False,False,False,True,0.2
2026-10-01T04:10:12Z,IL,IL00055IN002700029,38.8649,-89.8532,77,Mostly Cloudy,2,8,False,False,False,False,True,0.2
2026-10-01T04:10:12Z,IL,IL00057IN022200048,39.9218,-88.299,72,Mostly Cloudy,1,8,False,False,False,False,True,0.2
2026-10-01T04:10:12Z,IL,IL00057IS033300046,41.3918,-87.7749,65,Rain Showers,80,5,False,False,True,False,True,0.2
2026-10-01T04:10:12Z,IL,IL00080IE011700043,41.4314,-88.3454,66,Rain Showers,80,5,False,False,True,False,True,0.2
2026-10-01T04:10:12Z,IL,IL00057IS022200054,39.9314,-88.3043,72,Mostly Cloudy,1,8,False,False,False,False,True,0.2
2026-10-01T04:10:12Z,IL,IL00057IS026800022,40.5613,-88.0615,68,Chance Rain Showers,48,5,False,False,True,False,True,0.2
2026-10-01T04:10:12Z,IL,IL00055IN006400027,39.3465,-89.6408,75,Mostly Cloudy,2,7,False,False,False,False,True,0.2
2026-10-01T04:10:12Z,IL,IL00057IN026800032,40.5505,-88.0605,68,Chance Rain Showers,48,5,False,False,True,False,True,0.2
2026-10-01T04:10:12Z,IL,IL00080IE005100040,41.3938,-89.5665,64,Chance Showers And Thunderstorms,39,5,False,False,True,True,True,0.2
2026-10-01T04:10:12Z,IL,IL00064IW008500012,38.2766,-88.8012,73,Mostly Cloudy,1,7,False,False,False,False,True,0.2
2026-10-01T04:10:12Z,IL,IL00070IE008600051,39.0651,-88.6745,75,Mostly Cloudy,1,7,False,False,False,False,True,0.2
2026-10-01T04:10:12Z,IL,IL00070IE002700042,38.7849,-89.7023,77,Mostly Cloudy,2,8,False,False,False,False,True,0.2
2026-10-01T04:10:12Z,IL,IL00024IW003700010,37.1593,-88.6798,69,Partly Cloudy,0,1,False,False,False,False,True,0.2
2026-10-01T04:10:12Z,IL,IL00064IE008500039,38.273,-88.8496,73,Mostly Cloudy,1,7,False,False,False,False,True,0.2
2026-10-01T04:10:12Z,IL,IL00074IW015600009,40.2711,-88.6701,69,Mostly Cloudy,4,6,False,False,False,False,True,0.2
2026-10-01T04:10:12Z,IL,IL00064IW002500011,38.5491,-89.7633,77,Mostly Cloudy,2,8,False,False,False,False,True,0.2
2026-10-01T04:10:12Z,IL,IL00080IW005100013,41.3937,-89.5591,64,Chance Showers And Thunderstorms,39,0,False,False,True,True,True,0.2
2026-10-01T04:10:12Z,IL,IL00074IW020800052,40.1298,-87.7441,69,Mostly Cloudy,2,6,False,False,False,False,True,0.2
2026-10-01T04:10:12Z,IL,IL00070IW002700015,38.7884,-89.6889,77,Mostly Cloudy,2,8,False,False,False,False,True,0.2
2026-10-01T04:10:12Z,IL,IL00055IS002700019,38.8723,-89.8511,77,Mostly Cloudy,2,8,False,False,False,False,True,0.2
2026-10-01T04:10:12Z,IL,IL00057IS007900047,38.0962,-88.9138,77,Mostly Cloudy,1,8,False,False,False,False,True,0.2
2026-10-01T04:10:12Z,IL,IL00074IE002800030,41.2334,-90.333,66,Chance Showers And Thunderstorms,44,5,False,False,True,True,True,0.2
2026-10-01T04:10:12Z,IL,IL00055IS006400017,39.3523,-89.6447,75,Mostly Cloudy,2,7,False,False,False,False,True,0.2
2026-10-01T04:10:12Z,IL,IL00074IE015600037,40.2732,-88.6762,69,Mostly Cloudy,4,6,False,False,False,False,True,0.2
2026-10-01T04:10:12Z,IL,IL00072IW015200014,39.9888,-88.7852,71,Mostly Cloudy,3,7,False,False,False,False,True,0.2
2026-10-01T04:10:12Z,IL,IL00064IW013000053,38.2322,-87.9882,73,Mostly Cloudy,0,6,False,False,False,False,True,0.2
2026-10-01T04:10:12Z,IL,IL00055IS019400021,40.8371,-88.6833,67,Chance Rain Showers,54,5,False,False,True,False,True,0.2
2026-10-01T04:10:12Z,IL,IL00057IS011400023,38.5965,-88.9677,76,Mostly Cloudy,1,7,False,False,False,False,True,0.2
2026-10-01T04:10:12Z,IL,IL00039IN008500036,41.7236,-89.0062,65,Rain Showers,80,5,False,False,True,False,True,0.2
2026-10-01T04:10:12Z,IL,IL00080IW011700016,41.4473,-88.3285,66,Rain Showers,80,5,False,False,True,False,True,0.2
2026-10-01T04:10:12Z,IL,IL00074IW002800020,41.2141,-90.3308,66,Chance Showers And Thunderstorms,44,5,False,False,True,True,True,0.2
2026-10-01T04:10:12Z,IL,IL00039IS008500026,41.7285,-89.0105,65,Rain Showers,80,5,False,False,True,False,True,0.2
2026-10-01T04:10:12Z,IL,IL00057IN033300049,41.3892,-87.7729,65,Rain Showers,80,5,False,False,True,False,True,0.2
2026-10-01T04:10:12Z,IL,IL00074IW011400006,40.6111,-89.2323,68,Mostly Cloudy,14,5,False,False,False,False,True,0.2
2026-10-01T04:10:12Z,IL,IL00070IW014900008,39.4228,-87.6617,72,Mostly Cloudy,1,7,False,False,False,False,True,0.2
2026-10-01T04:10:12Z,IL,IL00074IE011400005,40.6125,-89.245,68,Mostly Cloudy,14,5,False,False,False,False,True,0.2
2026-10-01T04:10:12Z,IL,IL00074IW006200004,40.8802,-90.0895,66,Chance Rain Showers,38,2,False,False,True,False,True,0.2
2026-10-01T04:10:12Z,IL,IL00074IE006200001,40.8788,-90.0936,66,Chance Rain Showers,38,2,False,False,True,False,True,0.2
2026-10-01T04:10:12Z,IL,IL00055IS010400024,39.8871,-89.5966,73,Mostly Cloudy,7,6,False,False,False,False,True,0.2
2026-10-01T04:10:12Z,IL,IL00057IS003200025,37.4699,-89.1329,73,Partly Cloudy,0,5,False,False,False,False,True,0.2
2026-10-01T04:10:12Z,IL,IL00057IN003200035,37.4661,-89.1324,73,Partly Cloudy,0,5,False,False,False,False,True,0.2
2026-10-01T04:10:12Z,IL,IL00070IW008700045,39.0679,-88.6704,75,Mostly Cloudy,1,7,False,False,False,False,True,0.2
2026-10-01T04:10:12Z,IL,IL00057IS016500018,39.1993,-88.502,75,Mostly Cloudy,1,8,False,False,False,False,True,0.2
2026-10-01T04:10:12Z,IL,IL00057IN016500044,39.1898,-88.5031,75,Mostly Cloudy,1,8,False,False,False,False,True,0.2
2026-10-01T04:10:12Z,IL,IL00072IE015200041,39.9923,-88.7827,71,Mostly Cloudy,3,7,False,False,False,False,True,0.2
2026-10-01T04:10:12Z,IN,322,38.195,-87.8597,73,Mostly Cloudy,0,6,False,False,False,False,False,0.0
2026-10-01T04:10:12Z,IN,317,38.5852,-85.7768,69,Partly Cloudy,0,5,False,False,False,False,False,0.0
2026-10-01T04:10:12Z,IN,316,38.5859,-85.7809,69,Partly Cloudy,0,5,False,False,False,False,False,0.0
2026-10-01T04:10:12Z,IN,315,39.2602,-85.9521,67,Partly Cloudy,1,3,False,False,False,False,False,0.0
2026-10-01T04:10:12Z,IN,314,39.2767,-85.9569,68,Partly Cloudy,1,3,False,False,False,False,False,0.0
2026-10-01T04:10:12Z,IN,313,40.1578,-86.5387,69,Mostly Cloudy,2,7,False,False,False,False,False,0.0
2026-10-01T04:10:12Z,IN,312,40.1722,-86.5522,69,Mostly Cloudy,2,7,False,False,False,False,False,0.0
2026-10-01T04:10:12Z,IN,311,40.6992,-87.0628,69,Chance Rain Showers,39,5,False,False,True,False,False,0.05
2026-10-01T04:10:12Z,IN,310,40.6984,-87.0646,69,Chance Rain Showers,39,5,False,False,True,False,False,0.05
2026-10-01T04:10:12Z,IN,308,41.1653,-87.271,66,Rain Showers,77,5,False,False,True,False,False,0.05
2026-10-01T04:10:12Z,IN,309,41.1666,-87.2749,66,Rain Showers,77,5,False,False,True,False,False,0.05
2026-10-01T04:10:12Z,IN,318,40.3543,-85.5576,68,Mostly Cloudy,3,6,False,False,False,False,False,0.0
2026-10-01T04:10:12Z,IN,319,40.3569,-85.56,68,Mostly Cloudy,3,6,False,False,False,False,False,0.0
2026-10-01T04:10:12Z,IN,320,41.2963,-85.0863,65,Rain Showers Likely,57,5,False,False,True,False,False,0.05
2026-10-01T04:10:12Z,IN,321,41.5803,-85.0597,65,Rain Showers Likely,62,5,False,False,True,False,False,0.05
2026-10-01T04:10:12Z,IN,300,39.4417,-87.5002,70,Mostly Cloudy,1,6,False,False,False,False,False,0.0
2026-10-01T04:10:12Z,IN,302,39.6517,-86.3967,69,Mostly Cloudy,1,6,False,False,False,False,False,0.0
2026-10-01T04:10:12Z,IN,301,39.6541,-86.4005,69,Mostly Cloudy,1,6,False,False,False,False,False,0.0
2026-10-01T04:10:12Z,IN,303,39.8243,-85.7039,68,Partly Cloudy,1,6,False,False,False,False,False,0.0
2026-10-01T04:10:12Z,IN,304,39.8266,-85.704,68,Partly Cloudy,1,6,False,False,False,False,False,0.0
2026-10-01T04:10:12Z,IN,305,39.8605,-85.0259,68,Partly Cloudy,1,5,False,False,False,False,False,0.0
2026-10-01T04:10:12Z,IN,323,39.29,-85.1688,68,Partly Cloudy,0,3,False,False,False,False,False,0.0
2026-10-01T04:10:12Z,IN,702,41.7472,-85.3285,64,Rain Showers Likely,64,5,False,False,True,False,False,0.05
2026-10-01T04:10:12Z,IN,701,41.5889,-87.2173,65,Rain Showers,80,5,False,False,True,False,False,0.05
2026-10-01T04:10:12Z,IN,704,41.7058,-86.6212,64,Rain Showers Likely,62,5,False,False,True,False,False,0.05
2026-10-01T04:10:12Z,IN,703,41.7071,-86.6235,64,Rain Showers Likely,62,5,False,False,True,False,False,0.05
2026-10-01T04:10:12Z,IN,705,41.733,-86.0057,64,Rain Showers Likely,63,5,False,False,True,False,False,0.05
2026-10-01T04:10:12Z,IN,708,41.7472,-85.3285,64,Rain Showers Likely,64,5,False,False,True,False,False,0.05
2026-10-01T04:10:12Z,IN,707,41.7453,-85.3287,64,Rain Showers Likely,64,5,False,False,True,False,False,0.05
2026-10-01T04:10:12Z,IN,324,41.7353,-86.7933,63,Rain Showers Likely,61,5,False,False,True,False,False,0.05
2026-10-01T04:10:12Z,KY,KY00065IS0000020N65WELCOM,36.6434,-86.5687,69,Partly Cloudy,0,5,False,False,False,False,False,0.0
2026-10-01T04:10:12Z,KY,KY00065IS000020NSMARATHON,36.6612,-86.5553,70,Partly Cloudy,0,7,False,False,False,False,False,0.0
2026-10-01T04:10:12Z,KY,KY00065IS0000340NWEIGHS34,36.6868,-86.5379,70,Partly Cloudy,0,7,False,False,False,False,False,0.0
2026-10-01T04:10:12Z,KY,KY00065IS0011400S65SRA114,37.9464,-85.6905,70,Partly Cloudy,0,5,False,False,False,False,False,0.0
2026-10-01T04:10:12Z,KY,KY00065IS0005900S65SRA059,37.239,-85.9297,68,Mostly Clear,0,3,False,False,False,False,False,0.0
2026-10-01T04:10:12Z,KY,KY00065IS0005900N65NRA059,37.2384,-85.9271,68,Mostly Clear,0,3,False,False,False,False,False,0.0
2026-10-01T04:10:12Z,KY,KY00075IS0003300NWEIGHS33,37.0422,-84.0968,60,Mostly Clear,0,2,False,False,False,False,False,0.0
2026-10-01T04:10:12Z,KY,KY00075IS0003400SWEIGHS34,37.048,-84.0997,61,Mostly Clear,0,2,False,False,False,False,False,0.0
2026-10-01T04:10:12Z,KY,KY00075IS0017700N75NRA177,38.937,-84.6309,69,Partly Cloudy,0,5,False,False,False,False,False,0.0
2026-10-01T04:10:12Z,KY,KY00075IS0007500SWALTONWS,38.8653,-84.6476,69,Partly Cloudy,0,5,False,False,False,False,False,0.0
2026-10-01T04:10:12Z,KY,KY00075IS0017700S75SRA177,38.9388,-84.6339,69,Partly Cloudy,0,5,False,False,False,False,False,0.0
2026-10-01T04:10:12Z,KY,KY00075IS0016800SCRITENWS,38.8196,-84.6015,70,Mostly Clear,0,5,False,False,False,False,False,0.0
2026-10-01T04:10:12Z,KY,KY00075IS0000100N75WELCOM,36.6162,-84.1054,57,Mostly Clear,0,3,False,False,False,False,False,0.0
2026-10-01T04:10:16Z,IL,IL00055IN010400050,39.8627,-89.5948,73,Mostly Cloudy,7,6,False,False,False,False,True,0.2
2026-10-01T04:10:16Z,IL,IL00057IN007900034,38.0297,-88.9203,75,Mostly Cloudy,0,7,False,False,False,False,True,0.2
2026-10-01T04:10:16Z,IL,IL00055IN014900028,40.3599,-89.1099,69,Mostly Cloudy,8,7,False,False,False,False,True,0.2
2026-10-01T04:10:16Z,IL,IL00055IN019400031,40.8234,-88.6875,67,Chance Rain Showers,53,5,False,False,True,False,True,0.2
2026-10-01T04:10:16Z,IL,IL00057IN011400033,38.5963,-88.9638,76,Mostly Cloudy,1,7,False,False,False,False,True,0.2
2026-10-01T04:10:16Z,IL,IL00064IE002500038,38.5481,-89.7731,77,Mostly Cloudy,2,8,False,False,False,False,True,0.2
2026-10-01T04:10:16Z,IL,IL00055IN002700029,38.8649,-89.8532,77,Mostly Cloudy,2,8,False,False,False,False,True,0.2
2026-10-01T04:10:16Z,IL,IL00057IN022200048,39.9218,-88.299,72,Mostly Cloudy,1,8,False,False,False,False,True,0.2
2026-10-01T04:10:16Z,IL,IL00057IS033300046,41.3918,-87.7749,65,Rain Showers,80,5,False,False,True,False,True,0.2
2026-10-01T04:10:16Z,IL,IL00080IE011700043,41.4314,-88.3454,66,Rain Showers,80,5,False,False,True,False,True,0.2
2026-10-01T04:10:16Z,IL,IL00057IS022200054,39.9314,-88.3043,72,Mostly Cloudy,1,8,False,False,False,False,True,0.2
2026-10-01T04:10:16Z,IL,IL00057IS026800022,40.5613,-88.0615,68,Chance Rain Showers,48,5,False,False,True,False,True,0.2
2026-10-01T04:10:16Z,IL,IL00055IN006400027,39.3465,-89.6408,75,Mostly Cloudy,2,7,False,False,False,False,True,0.2
2026-10-01T04:10:16Z,IL,IL00057IN026800032,40.5505,-88.0605,68,Chance Rain Showers,48,5,False,False,True,False,True,0.2
2026-10-01T04:10:16Z,IL,IL00080IE005100040,41.3938,-89.5665,64,Chance Showers And Thunderstorms,39,5,False,False,True,True,True,0.2
2026-10-01T04:10:16Z,IL,IL00064IW008500012,38.2766,-88.8012,73,Mostly Cloudy,1,7,False,False,False,False,True,0.2
2026-10-01T04:10:16Z,IL,IL00070IE008600051,39.0651,-88.6745,75,Mostly Cloudy,1,7,False,False,False,False,True,0.2
2026-10-01T04:10:16Z,IL,IL00070IE002700042,38.7849,-89.7023,77,Mostly Cloudy,2,8,False,False,False,False,True,0.2
2026-10-01T04:10:16Z,IL,IL00024IW003700010,37.1593,-88.6798,69,Partly Cloudy,0,1,False,False,False,False,True,0.2
2026-10-01T04:10:16Z,IL,IL00064IE008500039,38.273,-88.8496,73,Mostly Cloudy,1,7,False,False,False,False,True,0.2
2026-10-01T04:10:16Z,IL,IL00074IW015600009,40.2711,-88.6701,69,Mostly Cloudy,4,6,False,False,False,False,True,0.2
2026-10-01T04:10:16Z,IL,IL00064IW002500011,38.5491,-89.7633,77,Mostly Cloudy,2,8,False,False,False,False,True,0.2
2026-10-01T04:10:16Z,IL,IL00080IW005100013,41.3937,-89.5591,64,Chance Showers And Thunderstorms,39,0,False,False,True,True,True,0.2
2026-10-01T04:10:16Z,IL,IL00074IW020800052,40.1298,-87.7441,69,Mostly Cloudy,2,6,False,False,False,False,True,0.2
2026-10-01T04:10:16Z,IL,IL00070IW002700015,38.7884,-89.6889,77,Mostly Cloudy,2,8,False,False,False,False,True,0.2
2026-10-01T04:10:16Z,IL,IL00055IS002700019,38.8723,-89.8511,77,Mostly Cloudy,2,8,False,False,False,False,True,0.2
2026-10-01T04:10:16Z,IL,IL00057IS007900047,38.0962,-88.9138,77,Mostly Cloudy,1,8,False,False,False,False,True,0.2
2026-10-01T04:10:16Z,IL,IL00074IE002800030,41.2334,-90.333,66,Chance Showers And Thunderstorms,44,5,False,False,True,True,True,0.2
2026-10-01T04:10:16Z,IL,IL00055IS006400017,39.3523,-89.6447,75,Mostly Cloudy,2,7,False,False,False,False,True,0.2
2026-10-01T04:10:16Z,IL,IL00074IE015600037,40.2732,-88.6762,69,Mostly Cloudy,4,6,False,False,False,False,True,0.2
2026-10-01T04:10:16Z,IL,IL00072IW015200014,39.9888,-88.7852,71,Mostly Cloudy,3,7,False,False,False,False,True,0.2
2026-10-01T04:10:16Z,IL,IL00064IW013000053,38.2322,-87.9882,73,Mostly Cloudy,0,6,False,False,False,False,True,0.2
2026-10-01T04:10:16Z,IL,IL00055IS019400021,40.8371,-88.6833,67,Chance Rain Showers,54,5,False,False,True,False,True,0.2
2026-10-01T04:10:16Z,IL,IL00057IS011400023,38.5965,-88.9677,76,Mostly Cloudy,1,7,False,False,False,False,True,0.2
2026-10-01T04:10:16Z,IL,IL00039IN008500036,41.7236,-89.0062,65,Rain Showers,80,5,False,False,True,False,True,0.2
2026-10-01T04:10:16Z,IL,IL00080IW011700016,41.4473,-88.3285,66,Rain Showers,80,5,False,False,True,False,True,0.2
2026-10-01T04:10:16Z,IL,IL00074IW002800020,41.2141,-90.3308,66,Chance Showers And Thunderstorms,44,5,False,False,True,True,True,0.2
2026-10-01T04:10:16Z,IL,IL00039IS008500026,41.7285,-89.0105,65,Rain Showers,80,5,False,False,True,False,True,0.2
2026-10-01T04:10:16Z,IL,IL00057IN033300049,41.3892,-87.7729,65,Rain Showers,80,5,False,False,True,False,True,0.2
2026-10-01T04:10:16Z,IL,IL00074IW011400006,40.6111,-89.2323,68,Mostly Cloudy,14,5,False,False,False,False,True,0.2
2026-10-01T04:10:16Z,IL,IL00070IW014900008,39.4228,-87.6617,72,Mostly Cloudy,1,7,False,False,False,False,True,0.2
2026-10-01T04:10:16Z,IL,IL00074IE011400005,40.6125,-89.245,68,Mostly Cloudy,14,5,False,False,False,False,True,0.2
2026-10-01T04:10:16Z,IL,IL00074IW006200004,40.8802,-90.0895,66,Chance Rain Showers,38,2,False,False,True,False,True,0.2
2026-10-01T04:10:16Z,IL,IL00074IE006200001,40.8788,-90.0936,66,Chance Rain Showers,38,2,False,False,True,False,True,0.2
2026-10-01T04:10:16Z,IL,IL00055IS010400024,39.8871,-89.5966,73,Mostly Cloudy,7,6,False,False,False,False,True,0.2
2026-10-01T04:10:16Z,IL,IL00057IS003200025,37.4699,-89.1329,73,Partly Cloudy,0,5,False,False,False,False,True,0.2
2026-10-01T04:10:16Z,IL,IL00057IN003200035,37.4661,-89.1324,73,Partly Cloudy,0,5,False,False,False,False,True,0.2
2026-10-01T04:10:16Z,IL,IL00070IW008700045,39.0679,-88.6704,75,Mostly Cloudy,1,7,False,False,False,False,True,0.2
2026-10-01T04:10:16Z,IL,IL00057IS016500018,39.1993,-88.502,75,Mostly Cloudy,1,8,False,False,False,False,True,0.2
2026-10-01T04:10:16Z,IL,IL00057IN016500044,39.1898,-88.5031,75,Mostly Cloudy,1,8,False,False,False,False,True,0.2
2026-10-01T04:10:16Z,IL,IL00072IE015200041,39.9923,-88.7827,71,Mostly Cloudy,3,7,False,False,False,False,True,0.2
2026-10-01T04:10:16Z,IN,322,38.195,-87.8597,73,Mostly Cloudy,0,6,False,False,False,False,False,0.0
2026-10-01T04:10:16Z,IN,317,38.5852,-85.7768,69,Partly Cloudy,0,5,False,False,False,False,False,0.0
2026-10-01T04:10:16Z,IN,316,38.5859,-85.7809,69,Partly Cloudy,0,5,False,False,False,False,False,0.0
2026-10-01T04:10:16Z,IN,315,39.2602,-85.9521,67,Partly Cloudy,1,3,False,False,False,False,False,0.0
2026-10-01T04:10:16Z,IN,314,39.2767,-85.9569,68,Partly Cloudy,1,3,False,False,False,False,False,0.0
2026-10-01T04:10:16Z,IN,313,40.1578,-86.5387,69,Mostly Cloudy,2,7,False,False,False,False,False,0.0
2026-10-01T04:10:16Z,IN,312,40.1722,-86.5522,69,Mostly Cloudy,2,7,False,False,False,False,False,0.0
2026-10-01T04:10:16Z,IN,311,40.6992,-87.0628,69,Chance Rain Showers,39,5,False,False,True,False,False,0.05
2026-10-01T04:10:16Z,IN,310,40.6984,-87.0646,69,Chance Rain Showers,39,5,False,False,True,False,False,0.05
2026-10-01T04:10:16Z,IN,308,41.1653,-87.271,66,Rain Showers,77,5,False,False,True,False,False,0.05
2026-10-01T04:10:16Z,IN,309,41.1666,-87.2749,66,Rain Showers,77,5,False,False,True,False,False,0.05
2026-10-01T04:10:16Z,IN,318,40.3543,-85.5576,68,Mostly Cloudy,3,6,False,False,False,False,False,0.0
2026-10-01T04:10:16Z,IN,319,40.3569,-85.56,68,Mostly Cloudy,3,6,False,False,False,False,False,0.0
2026-10-01T04:10:16Z,IN,320,41.2963,-85.0863,65,Rain Showers Likely,57,5,False,False,True,False,False,0.05
2026-10-01T04:10:16Z,IN,321,41.5803,-85.0597,65,Rain Showers Likely,62,5,False,False,True,False,False,0.05
2026-10-01T04:10:16Z,IN,300,39.4417,-87.5002,70,Mostly Cloudy,1,6,False,False,False,False,False,0.0
2026-10-01T04:10:16Z,IN,302,39.6517,-86.3967,69,Mostly Cloudy,1,6,False,False,False,False,False,0.0
2026-10-01T04:10:16Z,IN,301,39.6541,-86.4005,69,Mostly Cloudy,1,6,False,False,False,False,False,0.0
2026-10-01T04:10:16Z,IN,303,39.8243,-85.7039,68,Partly Cloudy,1,6,False,False,False,False,False,0.0
2026-10-01T04:10:16Z,IN,304,39.8266,-85.704,68,Partly Cloudy,1,6,False,False,False,False,False,0.0
2026-10-01T04:10:16Z,IN,305,39.8605,-85.0259,68,Partly Cloudy,1,5,False,False,False,False,False,0.0
2026-10-01T04:10:16Z,IN,323,39.29,-85.1688,68,Partly Cloudy,0,3,False,False,False,False,False,0.0
2026-10-01T04:10:16Z,IN,702,41.7472,-85.3285,64,Rain Showers Likely,64,5,False,False,True,False,False,0.05
2026-10-01T04:10:16Z,IN,701,41.5889,-87.2173,65,Rain Showers,80,5,False,False,True,False,False,0.05
2026-10-01T04:10:16Z,IN,704,41.7058,-86.6212,64,Rain Showers Likely,62,5,False,False,True,False,False,0.05
2026-10-01T04:10:16Z,IN,703,41.7071,-86.6235,64,Rain Showers Likely,62,5,False,False,True,False,False,0.05
2026-10-01T04:10:16Z,IN,705,41.733,-86.0057,64,Rain Showers Likely,63,5,False,False,True,False,False,0.05
2026-10-01T04:10:16Z,IN,708,41.7472,-85.3285,64,Rain Showers Likely,64,5,False,False,True,False,False,0.05
2026-10-01T04:10:16Z,IN,707,41.7453,-85.3287,64,Rain Showers Likely,64,5,False,False,True,False,False,0.05
2026-10-01T04:10:16Z,IN,324,41.7353,-86.7933,63,Rain Showers Likely,61,5,False,False,True,False,False,0.05
2026-10-01T04:10:16Z,KY,KY00065IS0000020N65WELCOM,36.6434,-86.5687,69,Partly Cloudy,0,5,False,False,False,False,False,0.0
2026-10-01T04:10:16Z,KY,KY00065IS000020NSMARATHON,36.6612,-86.5553,70,Partly Cloudy,0,7,False,False,False,False,False,0.0
2026-10-01T04:10:16Z,KY,KY00065IS0000340NWEIGHS34,36.6868,-86.5379,70,Partly Cloudy,0,7,False,False,False,False,False,0.0
2026-10-01T04:10:16Z,KY,KY00065IS0011400S65SRA114,37.9464,-85.6905,70,Partly Cloudy,0,5,False,False,False,False,False,0.0
2026-10-01T04:10:16Z,KY,KY00065IS0005900S65SRA059,37.239,-85.9297,68,Mostly Clear,0,3,False,False,False,False,False,0.0
2026-10-01T04:10:16Z,KY,KY00065IS0005900N65NRA059,37.2384,-85.9271,68,Mostly Clear,0,3,False,False,False,False,False,0.0
2026-10-01T04:10:16Z,KY,KY00075IS0003300NWEIGHS33,37.0422,-84.0968,60,Mostly Clear,0,2,False,False,False,False,False,0.0
2026-10-01T04:10:16Z,KY,KY00075IS0003400SWEIGHS34,37.048,-84.0997,61,Mostly Clear,0,2,False,False,False,False,False,0.0
2026-10-01T04:10:16Z,KY,KY00075IS0017700N75NRA177,38.937,-84.6309,69,Partly Cloudy,0,5,False,False,False,False,False,0.0
2026-10-01T04:10:16Z,KY,KY00075IS0007500SWALTONWS,38.8653,-84.6476,69,Partly Cloudy,0,5,False,False,False,False,False,0.0
2026-10-01T04:10:16Z,KY,KY00075IS0017700S75SRA177,38.9388,-84.6339,69,Partly Cloudy,0,5,False,False,False,False,False,0.0
2026-10-01T04:10:16Z,KY,KY00075IS0016800SCRITENWS,38.8196,-84.6015,70,Mostly Clear,0,5,False,False,False,False,False,0.0
2026-10-01T04:10:16Z,KY,KY00075IS0000100N75WELCOM,36.6162,-84.1054,57,Mostly Clear,0,3,False,False,False,False,False,0.0
2026-10-01T04:10:20Z,IL,IL00055IN010400050,39.8627,-89.5948,73,Mostly Cloudy,7,6,False,False,False,False,True,0.2
2026-10-01T04:10:20Z,IL,IL00057IN007900034,38.0297,-88.9203,75,Mostly Cloudy,0,7,False,False,False,False,True,0.2
2026-10-01T04:10:20Z,IL,IL00055IN014900028,40.3599,-89.1099,69,Mostly Cloudy,8,7,False,False,False,False,True,0.2
2026-10-01T04:10:20Z,IL,IL00055IN019400031,40.8234,-88.6875,67,Chance Rain Showers,53,5,False,False,True,False,True,0.2
2026-10-01T04:10:20Z,IL,IL00057IN011400033,38.5963,-88.9638,76,Mostly Cloudy,1,7,False,False,False,False,True,0.2
2026-10-01T04:10:20Z,IL,IL00064IE002500038,38.5481,-89.7731,77,Mostly Cloudy,2,8,False,False,False,False,True,0.2
2026-10-01T04:10:20Z,IL,IL00055IN002700029,38.8649,-89.8532,77,Mostly Cloudy,2,8,False,False,False,False,True,0.2
2026-10-01T04:10:20Z,IL,IL00057IN022200048,39.9218,-88.299,72,Mostly Cloudy,1,8,False,False,False,False,True,0.2
2026-10-01T04:10:20Z,IL,IL00057IS033300046,41.3918,-87.7749,65,Rain Showers,80,5,False,False,True,False,True,0.2
2026-10-01T04:10:20Z,IL,IL00080IE011700043,41.4314,-88.3454,66,Rain Showers,80,5,False,False,True,False,True,0.2
2026-10-01T04:10:20Z,IL,IL00057IS022200054,39.9314,-88.3043,72,Mostly Cloudy,1,8,False,False,False,False,True,0.2
2026-10-01T04:10:20Z,IL,IL00057IS026800022,40.5613,-88.0615,68,Chance Rain Showers,48,5,False,False,True,False,True,0.2
2026-10-01T04:10:20Z,IL,IL00055IN006400027,39.3465,-89.6408,75,Mostly Cloudy,2,7,False,False,False,False,True,0.2
2026-10-01T04:10:20Z,IL,IL00057IN026800032,40.5505,-88.0605,68,Chance Rain Showers,48,5,False,False,True,False,True,0.2
2026-10-01T04:10:20Z,IL,IL00080IE005100040,41.3938,-89.5665,64,Chance Showers And Thunderstorms,39,5,False,False,True,True,True,0.2
2026-10-01T04:10:20Z,IL,IL00064IW008500012,38.2766,-88.8012,73,Mostly Cloudy,1,7,False,False,False,False,True,0.2
2026-10-01T04:10:20Z,IL,IL00070IE008600051,39.0651,-88.6745,75,Mostly Cloudy,1,7,False,False,False,False,True,0.2
2026-10-01T04:10:20Z,IL,IL00070IE002700042,38.7849,-89.7023,77,Mostly Cloudy,2,8,False,False,False,False,True,0.2
2026-10-01T04:10:20Z,IL,IL00024IW003700010,37.1593,-88.6798,69,Partly Cloudy,0,1,False,False,False,False,True,0.2
2026-10-01T04:10:20Z,IL,IL00064IE008500039,38.273,-88.8496,73,Mostly Cloudy,1,7,False,False,False,False,True,0.2
2026-10-01T04:10:20Z,IL,IL00074IW015600009,40.2711,-88.6701,69,Mostly Cloudy,4,6,False,False,False,False,True,0.2
2026-10-01T04:10:20Z,IL,IL00064IW002500011,38.5491,-89.7633,77,Mostly Cloudy,2,8,False,False,False,False,True,0.2
2026-10-01T04:10:20Z,IL,IL00080IW005100013,41.3937,-89.5591,64,Chance Showers And Thunderstorms,39,0,False,False,True,True,True,0.2
2026-10-01T04:10:20Z,IL,IL00074IW020800052,40.1298,-87.7441,69,Mostly Cloudy,2,6,False,False,False,False,True,0.2
2026-10-01T04:10:20Z,IL,IL00070IW002700015,38.7884,-89.6889,77,Mostly Cloudy,2,8,False,False,False,False,True,0.2
2026-10-01T04:10:20Z,IL,IL00055IS002700019,38.8723,-89.8511,77,Mostly Cloudy,2,8,False,False,False,False,True,0.2
2026-10-01T04:10:20Z,IL,IL00057IS007900047,38.0962,-88.9138,77,Mostly Cloudy,1,8,False,False,False,False,True,0.2
2026-10-01T04:10:20Z,IL,IL00074IE002800030,41.2334,-90.333,66,Chance Showers And Thunderstorms,44,5,False,False,True,True,True,0.2
2026-10-01T04:10:20Z,IL,IL00055IS006400017,39.3523,-89.6447,75,Mostly Cloudy,2,7,False,False,False,False,True,0.2
2026-10-01T04:10:20Z,IL,IL00074IE015600037,40.2732,-88.6762,69,Mostly Cloudy,4,6,False,False,False,False,True,0.2
2026-10-01T04:10:20Z,IL,IL00072IW015200014,39.9888,-88.7852,71,Mostly Cloudy,3,7,False,False,False,False,True,0.2
2026-10-01T04:10:20Z,IL,IL00064IW013000053,38.2322,-87.9882,73,Mostly Cloudy,0,6,False,False,False,False,True,0.2
2026-10-01T04:10:20Z,IL,IL00055IS019400021,40.8371,-88.6833,67,Chance Rain Showers,54,5,False,False,True,False,True,0.2
2026-10-01T04:10:20Z,IL,IL00057IS011400023,38.5965,-88.9677,76,Mostly Cloudy,1,7,False,False,False,False,True,0.2
2026-10-01T04:10:20Z,IL,IL00039IN008500036,41.7236,-89.0062,65,Rain Showers,80,5,False,False,True,False,True,0.2
2026-10-01T04:10:20Z,IL,IL00080IW011700016,41.4473,-88.3285,66,Rain Showers,80,5,False,False,True,False,True,0.2
2026-10-01T04:10:20Z,IL,IL00074IW002800020,41.2141,-90.3308,66,Chance Showers And Thunderstorms,44,5,False,False,True,True,True,0.2
2026-10-01T04:10:20Z,IL,IL00039IS008500026,41.7285,-89.0105,65,Rain Showers,80,5,False,False,True,False,True,0.2
2026-10-01T04:10:20Z,IL,IL00057IN033300049,41.3892,-87.7729,65,Rain Showers,80,5,False,False,True,False,True,0.2
2026-10-01T04:10:20Z,IL,IL00074IW011400006,40.6111,-89.2323,68,Mostly Cloudy,14,5,False,False,False,False,True,0.2
2026-10-01T04:10:20Z,IL,IL00070IW014900008,39.4228,-87.6617,72,Mostly Cloudy,1,7,False,False,False,False,True,0.2
2026-10-01T04:10:20Z,IL,IL00074IE011400005,40.6125,-89.245,68,Mostly Cloudy,14,5,False,False,False,False,True,0.2
2026-10-01T04:10:20Z,IL,IL00074IW006200004,40.8802,-90.0895,66,Chance Rain Showers,38,2,False,False,True,False,True,0.2
2026-10-01T04:10:20Z,IL,IL00074IE006200001,40.8788,-90.0936,66,Chance Rain Showers,38,2,False,False,True,False,True,0.2
2026-10-01T04:10:20Z,IL,IL00055IS010400024,39.8871,-89.5966,73,Mostly Cloudy,7,6,False,False,False,False,True,0.2
2026-10-01T04:10:20Z,IL,IL00057IS003200025,37.4699,-89.1329,73,Partly Cloudy,0,5,False,False,False,False,True,0.2
2026-10-01T04:10:20Z,IL,IL00057IN003200035,37.4661,-89.1324,73,Partly Cloudy,0,5,False,False,False,False,True,0.2
2026-10-01T04:10:20Z,IL,IL00070IW008700045,39.0679,-88.6704,75,Mostly Cloudy,1,7,False,False,False,False,True,0.2
2026-10-01T04:10:20Z,IL,IL00057IS016500018,39.1993,-88.502,75,Mostly Cloudy,1,8,False,False,False,False,True,0.2
2026-10-01T04:10:20Z,IL,IL00057IN016500044,39.1898,-88.5031,75,Mostly Cloudy,1,8,False,False,False,False,True,0.2
2026-10-01T04:10:20Z,IL,IL00072IE015200041,39.9923,-88.7827,71,Mostly Cloudy,3,7,False,False,False,False,True,0.2
2026-10-01T04:10:20Z,IN,322,38.195,-87.8597,73,Mostly Cloudy,0,6,False,False,False,False,False,0.0
2026-10-01T04:10:20Z,IN,317,38.5852,-85.7768,69,Partly Cloudy,0,5,False,False,False,False,False,0.0
2026-10-01T04:10:20Z,IN,316,38.5859,-85.7809,69,Partly Cloudy,0,5,False,False,False,False,False,0.0
2026-10-01T04:10:20Z,IN,315,39.2602,-85.9521,67,Partly Cloudy,1,3,False,False,False,False,False,0.0
2026-10-01T04:10:20Z,IN,314,39.2767,-85.9569,68,Partly Cloudy,1,3,False,False,False,False,False,0.0
2026-10-01T04:10:20Z,IN,313,40.1578,-86.5387,69,Mostly Cloudy,2,7,False,False,False,False,False,0.0
2026-10-01T04:10:20Z,IN,312,40.1722,-86.5522,69,Mostly Cloudy,2,7,False,False,False,False,False,0.0
2026-10-01T04:10:20Z,IN,311,40.6992,-87.0628,69,Chance Rain Showers,39,5,False,False,True,False,False,0.05
2026-10-01T04:10:20Z,IN,310,40.6984,-87.0646,69,Chance Rain Showers,39,5,False,False,True,False,False,0.05
2026-10-01T04:10:20Z,IN,308,41.1653,-87.271,66,Rain Showers,77,5,False,False,True,False,False,0.05
2026-10-01T04:10:20Z,IN,309,41.1666,-87.2749,66,Rain Showers,77,5,False,False,True,False,False,0.05
2026-10-01T04:10:20Z,IN,318,40.3543,-85.5576,68,Mostly Cloudy,3,6,False,False,False,False,False,0.0
2026-10-01T04:10:20Z,IN,319,40.3569,-85.56,68,Mostly Cloudy,3,6,False,False,False,False,False,0.0
2026-10-01T04:10:20Z,IN,320,41.2963,-85.0863,65,Rain Showers Likely,57,5,False,False,True,False,False,0.05
2026-10-01T04:10:20Z,IN,321,41.5803,-85.0597,65,Rain Showers Likely,62,5,False,False,True,False,False,0.05
2026-10-01T04:10:20Z,IN,300,39.4417,-87.5002,70,Mostly Cloudy,1,6,False,False,False,False,False,0.0
2026-10-01T04:10:20Z,IN,302,39.6517,-86.3967,69,Mostly Cloudy,1,6,False,False,False,False,False,0.0
2026-10-01T04:10:20Z,IN,301,39.6541,-86.4005,69,Mostly Cloudy,1,6,False,False,False,False,False,0.0
2026-10-01T04:10:20Z,IN,303,39.8243,-85.7039,68,Partly Cloudy,1,6,False,False,False,False,False,0.0
2026-10-01T04:10:20Z,IN,304,39.8266,-85.704,68,Partly Cloudy,1,6,False,False,False,False,False,0.0
2026-10-01T04:10:20Z,IN,305,39.8605,-85.0259,68,Partly Cloudy,1,5,False,False,False,False,False,0.0
2026-10-01T04:10:20Z,IN,323,39.29,-85.1688,68,Partly Cloudy,0,3,False,False,False,False,False,0.0
2026-10-01T04:10:20Z,IN,702,41.7472,-85.3285,64,Rain Showers Likely,64,5,False,False,True,False,False,0.05
2026-10-01T04:10:20Z,IN,701,41.5889,-87.2173,65,Rain Showers,80,5,False,False,True,False,False,0.05
2026-10-01T04:10:20Z,IN,704,41.7058,-86.6212,64,Rain Showers Likely,62,5,False,False,True,False,False,0.05
2026-10-01T04:10:20Z,IN,703,41.7071,-86.6235,64,Rain Showers Likely,62,5,False,False,True,False,False,0.05
2026-10-01T04:10:20Z,IN,705,41.733,-86.0057,64,Rain Showers Likely,63,5,False,False,True,False,False,0.05
2026-10-01T04:10:20Z,IN,708,41.7472,-85.3285,64,Rain Showers Likely,64,5,False,False,True,False,False,0.05
2026-10-01T04:10:20Z,IN,707,41.7453,-85.3287,64,Rain Showers Likely,64,5,False,False,True,False,False,0.05
2026-10-01T04:10:20Z,IN,324,41.7353,-86.7933,63,Rain Showers Likely,61,5,False,False,True,False,False,0.05
2026-10-01T04:10:20Z,KY,KY00065IS0000020N65WELCOM,36.6434,-86.5687,69,Partly Cloudy,0,5,False,False,False,False,False,0.0
2026-10-01T04:10:20Z,KY,KY00065IS000020NSMARATHON,36.6612,-86.5553,70,Partly Cloudy,0,7,False,False,False,False,False,0.0
2026-10-01T04:10:20Z,KY,KY00065IS0000340NWEIGHS34,36.6868,-86.5379,70,Partly Cloudy,0,7,False,False,False,False,False,0.0
2026-10-01T04:10:20Z,KY,KY00065IS0011400S65SRA114,37.9464,-85.6905,70,Partly Cloudy,0,5,False,False,False,False,False,0.0
2026-10-01T04:10:20Z,KY,KY00065IS0005900S65SRA059,37.239,-85.9297,68,Mostly Clear,0,3,False,False,False,False,False,0.0
2026-10-01T04:10:20Z,KY,KY00065IS0005900N65NRA059,37.2384,-85.9271,68,Mostly Clear,0,3,False,False,False,False,False,0.0
2026-10-01T04:10:20Z,KY,KY00075IS0003300NWEIGHS33,37.0422,-84.0968,60,Mostly Clear,0,2,False,False,False,False,False,0.0
2026-10-01T04:10:20Z,KY,KY00075IS0003400SWEIGHS34,37.048,-84.0997,61,Mostly Clear,0,2,False,False,False,False,False,0.0
2026-10-01T04:10:20Z,KY,KY00075IS0017700N75NRA177,38.937,-84.6309,69,Partly Cloudy,0,5,False,False,False,False,False,0.0
2026-10-01T04:10:20Z,KY,KY00075IS0007500SWALTONWS,38.8653,-84.6476,69,Partly Cloudy,0,5,False,False,False,False,False,0.0
2026-10-01T04:10:20Z,KY,KY00075IS0017700S75SRA177,38.9388,-84.6339,69,Partly Cloudy,0,5,False,False,False,False,False,0.0
2026-10-01T04:10:20Z,KY,KY00075IS0016800SCRITENWS,38.8196,-84.6015,70,Mostly Clear,0,5,False,False,False,False,False,0.0
2026-10-01T04:10:20Z,KY,KY00075IS0000100N75WELCOM,36.6162,-84.1054,57,Mostly Clear,0,3,False,False,False,False,False,0.0
2026-10-01T04:10:24Z,IL,IL00055IN010400050,39.8627,-89.5948,73,Mostly Cloudy,7,6,False,False,False,False,True,0.2
2026-10-01T04:10:24Z,IL,IL00057IN007900034,38.0297,-88.9203,75,Mostly Cloudy,0,7,False,False,False,False,True,0.2
2026-10-01T04:10:24Z,IL,IL00055IN014900028,40.3599,-89.1099,69,Mostly Cloudy,8,7,False,False,False,False,True,0.2
2026-10-01T04:10:24Z,IL,IL00055IN019400031,40.8234,-88.6875,67,Chance Rain Showers,53,5,False,False,True,False,True,0.2
2026-10-01T04:10:24Z,IL,IL00057IN011400033,38.5963,-88.9638,76,Mostly Cloudy,1,7,False,False,False,False,True,0.2
2026-10-01T04:10:24Z,IL,IL00064IE002500038,38.5481,-89.7731,77,Mostly Cloudy,2,8,False,False,False,False,True,0.2
2026-10-01T04:10:24Z,IL,IL00055IN002700029,38.8649,-89.8532,77,Mostly Cloudy,2,8,False,False,False,False,True,0.2
2026-10-01T04:10:24Z,IL,IL00057IN022200048,39.9218,-88.299,72,Mostly Cloudy,1,8,False,False,False,False,True,0.2
2026-10-01T04:10:24Z,IL,IL00057IS033300046,41.3918,-87.7749,65,Rain Showers,80,5,False,False,True,False,True,0.2
2026-10-01T04:10:24Z,IL,IL00080IE011700043,41.4314,-88.3454,66,Rain Showers,80,5,False,False,True,False,True,0.2
2026-10-01T04:10:24Z,IL,IL00057IS022200054,39.9314,-88.3043,72,Mostly Cloudy,1,8,False,False,False,False,True,0.2
2026-10-01T04:10:24Z,IL,IL00057IS026800022,40.5613,-88.0615,68,Chance Rain Showers,48,5,False,False,True,False,True,0.2
2026-10-01T04:10:24Z,IL,IL00055IN006400027,39.3465,-89.6408,75,Mostly Cloudy,2,7,False,False,False,False,True,0.2
2026-10-01T04:10:24Z,IL,IL00057IN026800032,40.5505,-88.0605,68,Chance Rain Showers,48,5,False,False,True,False,True,0.2
2026-10-01T04:10:24Z,IL,IL00080IE005100040,41.3938,-89.5665,64,Chance Showers And Thunderstorms,39,5,False,False,True,True,True,0.2
2026-10-01T04:10:24Z,IL,IL00064IW008500012,38.2766,-88.8012,73,Mostly Cloudy,1,7,False,False,False,False,True,0.2
2026-10-01T04:10:24Z,IL,IL00070IE008600051,39.0651,-88.6745,75,Mostly Cloudy,1,7,False,False,False,False,True,0.2
2026-10-01T04:10:24Z,IL,IL00070IE002700042,38.7849,-89.7023,77,Mostly Cloudy,2,8,False,False,False,False,True,0.2
2026-10-01T04:10:24Z,IL,IL00024IW003700010,37.1593,-88.6798,69,Partly Cloudy,0,1,False,False,False,False,True,0.2
2026-10-01T04:10:24Z,IL,IL00064IE008500039,38.273,-88.8496,73,Mostly Cloudy,1,7,False,False,False,False,True,0.2
2026-10-01T04:10:24Z,IL,IL00074IW015600009,40.2711,-88.6701,69,Mostly Cloudy,4,6,False,False,False,False,True,0.2
2026-10-01T04:10:24Z,IL,IL00064IW002500011,38.5491,-89.7633,77,Mostly Cloudy,2,8,False,False,False,False,True,0.2
2026-10-01T04:10:24Z,IL,IL00080IW005100013,41.3937,-89.5591,64,Chance Showers And Thunderstorms,39,0,False,False,True,True,True,0.2
2026-10-01T04:10:24Z,IL,IL00074IW020800052,40.1298,-87.7441,69,Mostly Cloudy,2,6,False,False,False,False,True,0.2
2026-10-01T04:10:24Z,IL,IL00070IW002700015,38.7884,-89.6889,77,Mostly Cloudy,2,8,False,False,False,False,True,0.2
2026-10-01T04:10:24Z,IL,IL00055IS002700019,38.8723,-89.8511,77,Mostly Cloudy,2,8,False,False,False,False,True,0.2
2026-10-01T04:10:24Z,IL,IL00057IS007900047,38.0962,-88.9138,77,Mostly Cloudy,1,8,False,False,False,False,True,0.2
2026-10-01T04:10:24Z,IL,IL00074IE002800030,41.2334,-90.333,66,Chance Showers And Thunderstorms,44,5,False,False,True,True,True,0.2
2026-10-01T04:10:24Z,IL,IL00055IS006400017,39.3523,-89.6447,75,Mostly Cloudy,2,7,False,False,False,False,True,0.2
2026-10-01T04:10:24Z,IL,IL00074IE015600037,40.2732,-88.6762,69,Mostly Cloudy,4,6,False,False,False,False,True,0.2
2026-10-01T04:10:24Z,IL,IL00072IW015200014,39.9888,-88.7852,71,Mostly Cloudy,3,7,False,False,False,False,True,0.2
2026-10-01T04:10:24Z,IL,IL00064IW013000053,38.2322,-87.9882,73,Mostly Cloudy,0,6,False,False,False,False,True,0.2
2026-10-01T04:10:24Z,IL,IL00055IS019400021,40.8371,-88.6833,67,Chance Rain Showers,54,5,False,False,True,False,True,0.2
2026-10-01T04:10:24Z,IL,IL00057IS011400023,38.5965,-88.9677,76,Mostly Cloudy,1,7,False,False,False,False,True,0.2
2026-10-01T04:10:24Z,IL,IL00039IN008500036,41.7236,-89.0062,65,Rain Showers,80,5,False,False,True,False,True,0.2
2026-10-01T04:10:24Z,IL,IL00080IW011700016,41.4473,-88.3285,66,Rain Showers,80,5,False,False,True,False,True,0.2
2026-10-01T04:10:24Z,IL,IL00074IW002800020,41.2141,-90.3308,66,Chance Showers And Thunderstorms,44,5,False,False,True,True,True,0.2
2026-10-01T04:10:24Z,IL,IL00039IS008500026,41.7285,-89.0105,65,Rain Showers,80,5,False,False,True,False,True,0.2
2026-10-01T04:10:24Z,IL,IL00057IN033300049,41.3892,-87.7729,65,Rain Showers,80,5,False,False,True,False,True,0.2
2026-10-01T04:10:24Z,IL,IL00074IW011400006,40.6111,-89.2323,68,Mostly Cloudy,14,5,False,False,False,False,True,0.2
2026-10-01T04:10:24Z,IL,IL00070IW014900008,39.4228,-87.6617,72,Mostly Cloudy,1,7,False,False,False,False,True,0.2
2026-10-01T04:10:24Z,IL,IL00074IE011400005,40.6125,-89.245,68,Mostly Cloudy,14,5,False,False,False,False,True,0.2
2026-10-01T04:10:24Z,IL,IL00074IW006200004,40.8802,-90.0895,66,Chance Rain Showers,38,2,False,False,True,False,True,0.2
2026-10-01T04:10:24Z,IL,IL00074IE006200001,40.8788,-90.0936,66,Chance Rain Showers,38,2,False,False,True,False,True,0.2
2026-10-01T04:10:24Z,IL,IL00055IS010400024,39.8871,-89.5966,73,Mostly Cloudy,7,6,False,False,False,False,True,0.2
2026-10-01T04:10:24Z,IL,IL00057IS003200025,37.4699,-89.1329,73,Partly Cloudy,0,5,False,False,False,False,True,0.2
2026-10-01T04:10:24Z,IL,IL00057IN003200035,37.4661,-89.1324,73,Partly Cloudy,0,5,False,False,False,False,True,0.2
2026-10-01T04:10:24Z,IL,IL00070IW008700045,39.0679,-88.6704,75,Mostly Cloudy,1,7,False,False,False,False,True,0.2
2026-10-01T04:10:24Z,IL,IL00057IS016500018,39.1993,-88.502,75,Mostly Cloudy,1,8,False,False,False,False,True,0.2
2026-10-01T04:10:24Z,IL,IL00057IN016500044,39.1898,-88.5031,75,Mostly Cloudy,1,8,False,False,False,False,True,0.2
2026-10-01T04:10:24Z,IL,IL00072IE015200041,39.9923,-88.7827,71,Mostly Cloudy,3,7,False,False,False,False,True,0.2
2026-10-01T04:10:24Z,IN,322,38.195,-87.8597,73,Mostly Cloudy,0,6,False,False,False,False,False,0.0
2026-10-01T04:10:24Z,IN,317,38.5852,-85.7768,69,Partly Cloudy,0,5,False,False,False,False,False,0.0
2026-10-01T04:10:24Z,IN,316,38.5859,-85.7809,69,Partly Cloudy,0,5,False,False,False,False,False,0.0
2026-10-01T04:10:24Z,IN,315,39.2602,-85.9521,67,Partly Cloudy,1,3,False,False,False,False,False,0.0
2026-10-01T04:10:24Z,IN,314,39.2767,-85.9569,68,Partly Cloudy,1,3,False,False,False,False,False,0.0
2026-10-01T04:10:24Z,IN,313,40.1578,-86.5387,69,Mostly Cloudy,2,7,False,False,False,False,False,0.0
2026-10-01T04:10:24Z,IN,312,40.1722,-86.5522,69,Mostly Cloudy,2,7,False,False,False,False,False,0.0
2026-10-01T04:10:24Z,IN,311,40.6992,-87.0628,69,Chance Rain Showers,39,5,False,False,True,False,False,0.05
2026-10-01T04:10:24Z,IN,310,40.6984,-87.0646,69,Chance Rain Showers,39,5,False,False,True,False,False,0.05
2026-10-01T04:10:24Z,IN,308,41.1653,-87.271,66,Rain Showers,77,5,False,False,True,False,False,0.05
2026-10-01T04:10:24Z,IN,309,41.1666,-87.2749,66,Rain Showers,77,5,False,False,True,False,False,0.05
2026-10-01T04:10:24Z,IN,318,40.3543,-85.5576,68,Mostly Cloudy,3,6,False,False,False,False,False,0.0
2026-10-01T04:10:24Z,IN,319,40.3569,-85.56,68,Mostly Cloudy,3,6,False,False,False,False,False,0.0
2026-10-01T04:10:24Z,IN,320,41.2963,-85.0863,65,Rain Showers Likely,57,5,False,False,True,False,False,0.05
2026-10-01T04:10:24Z,IN,321,41.5803,-85.0597,65,Rain Showers Likely,62,5,False,False,True,False,False,0.05
2026-10-01T04:10:24Z,IN,300,39.4417,-87.5002,70,Mostly Cloudy,1,6,False,False,False,False,False,0.0
2026-10-01T04:10:24Z,IN,302,39.6517,-86.3967,69,Mostly Cloudy,1,6,False,False,False,False,False,0.0
2026-10-01T04:10:24Z,IN,301,39.6541,-86.4005,69,Mostly Cloudy,1,6,False,False,False,False,False,0.0
2026-10-01T04:10:24Z,IN,303,39.8243,-85.7039,68,Partly Cloudy,1,6,False,False,False,False,False,0.0
2026-10-01T04:10:24Z,IN,304,39.8266,-85.704,68,Partly Cloudy,1,6,False,False,False,False,False,0.0
2026-10-01T04:10:24Z,IN,305,39.8605,-85.0259,68,Partly Cloudy,1,5,False,False,False,False,False,0.0
2026-10-01T04:10:24Z,IN,323,39.29,-85.1688,68,Partly Cloudy,0,3,False,False,False,False,False,0.0
2026-10-01T04:10:24Z,IN,702,41.7472,-85.3285,64,Rain Showers Likely,64,5,False,False,True,False,False,0.05
2026-10-01T04:10:24Z,IN,701,41.5889,-87.2173,65,Rain Showers,80,5,False,False,True,False,False,0.05
2026-10-01T04:10:24Z,IN,704,41.7058,-86.6212,64,Rain Showers Likely,62,5,False,False,True,False,False,0.05
2026-10-01T04:10:24Z,IN,703,41.7071,-86.6235,64,Rain Showers Likely,62,5,False,False,True,False,False,0.05
2026-10-01T04:10:24Z,IN,705,41.733,-86.0057,64,Rain Showers Likely,63,5,False,False,True,False,False,0.05
2026-10-01T04:10:24Z,IN,708,41.7472,-85.3285,64,Rain Showers Likely,64,5,False,False,True,False,False,0.05
2026-10-01T04:10:24Z,IN,707,41.7453,-85.3287,64,Rain Showers Likely,64,5,False,False,True,False,False,0.05
2026-10-01T04:10:24Z,IN,324,41.7353,-86.7933,63,Rain Showers Likely,61,5,False,False,True,False,False,0.05
2026-10-01T04:10:24Z,KY,KY00065IS0000020N65WELCOM,36.6434,-86.5687,69,Partly Cloudy,0,5,False,False,False,False,False,0.0
2026-10-01T04:10:24Z,KY,KY00065IS000020NSMARATHON,36.6612,-86.5553,70,Partly Cloudy,0,7,False,False,False,False,False,0.0
2026-10-01T04:10:24Z,KY,KY00065IS0000340NWEIGHS34,36.6868,-86.5379,70,Partly Cloudy,0,7,False,False,False,False,False,0.0
2026-10-01T04:10:24Z,KY,KY00065IS0011400S65SRA114,37.9464,-85.6905,70,Partly Cloudy,0,5,False,False,False,False,False,0.0
2026-10-01T04:10:24Z,KY,KY00065IS0005900S65SRA059,37.239,-85.9297,68,Mostly Clear,0,3,False,False,False,False,False,0.0
2026-10-01T04:10:24Z,KY,KY00065IS0005900N65NRA059,37.2384,-85.9271,68,Mostly Clear,0,3,False,False,False,False,False,0.0
2026-10-01T04:10:24Z,KY,KY00075IS0003300NWEIGHS33,37.0422,-84.0968,60,Mostly Clear,0,2,False,False,False,False,False,0.0
2026-10-01T04:10:24Z,KY,KY00075IS0003400SWEIGHS34,37.048,-84.0997,61,Mostly Clear,0,2,False,False,False,False,False,0.0
2026-10-01T04:10:24Z,KY,KY00075IS0017700N75NRA177,38.937,-84.6309,69,Partly Cloudy,0,5,False,False,False,False,False,0.0
2026-10-01T04:10:24Z,KY,KY00075IS0007500SWALTONWS,38.8653,-84.6476,69,Partly Cloudy,0,5,False,False,False,False,False,0.0
2026-10-01T04:10:24Z,KY,KY00075IS0017700S75SRA177,38.9388,-84.6339,69,Partly Cloudy,0,5,False,False,False,False,False,0.0
2026-10-01T04:10:24Z,KY,KY00075IS0016800SCRITENWS,38.8196,-84.6015,70,Mostly Clear,0,5,False,False,False,False,False,0.0
2026-10-01T04:10:24Z,KY,KY00075IS0000100N75WELCOM,36.6162,-84.1054,57,Mostly Clear,0,3,False,False,False,False,False,0.0
2026-10-01T04:10:28Z,IL,IL00055IN010400050,39.8627,-89.5948,73,Mostly Cloudy,7,6,False,False,False,False,True,0.2
2026-10-01T04:10:28Z,IL,IL00057IN007900034,38.0297,-88.9203,75,Mostly Cloudy,0,7,False,False,False,False,True,0.2
2026-10-01T04:10:28Z,IL,IL00055IN014900028,40.3599,-89.1099,69,Mostly Cloudy,8,7,False,False,False,False,True,0.2
2026-10-01T04:10:28Z,IL,IL00055IN019400031,40.8234,-88.6875,67,Chance Rain Showers,53,5,False,False,True,False,True,0.2
2026-10-01T04:10:28Z,IL,IL00057IN011400033,38.5963,-88.9638,76,Mostly Cloudy,1,7,False,False,False,False,True,0.2
2026-10-01T04:10:28Z,IL,IL00064IE002500038,38.5481,-89.7731,77,Mostly Cloudy,2,8,False,False,False,False,True,0.2
2026-10-01T04:10:28Z,IL,IL00055IN002700029,38.8649,-89.8532,77,Mostly Cloudy,2,8,False,False,False,False,True,0.2
2026-10-01T04:10:28Z,IL,IL00057IN022200048,39.9218,-88.299,72,Mostly Cloudy,1,8,False,False,False,False,True,0.2
2026-10-01T04:10:28Z,IL,IL00057IS033300046,41.3918,-87.7749,65,Rain Showers,80,5,False,False,True,False,True,0.2
2026-10-01T04:10:28Z,IL,IL00080IE011700043,41.4314,-88.3454,66,Rain Showers,80,5,False,False,True,False,True,0.2
2026-10-01T04:10:28Z,IL,IL00057IS022200054,39.9314,-88.3043,72,Mostly Cloudy,1,8,False,False,False,False,True,0.2
2026-10-01T04:10:28Z,IL,IL00057IS026800022,40.5613,-88.0615,68,Chance Rain Showers,48,5,False,False,True,False,True,0.2
2026-10-01T04:10:28Z,IL,IL00055IN006400027,39.3465,-89.6408,75,Mostly Cloudy,2,7,False,False,False,False,True,0.2
2026-10-01T04:10:28Z,IL,IL00057IN026800032,40.5505,-88.0605,68,Chance Rain Showers,48,5,False,False,True,False,True,0.2
2026-10-01T04:10:28Z,IL,IL00080IE005100040,41.3938,-89.5665,64,Chance Showers And Thunderstorms,39,5,False,False,True,True,True,0.2
2026-10-01T04:10:28Z,IL,IL00064IW008500012,38.2766,-88.8012,73,Mostly Cloudy,1,7,False,False,False,False,True,0.2
2026-10-01T04:10:28Z,IL,IL00070IE008600051,39.0651,-88.6745,75,Mostly Cloudy,1,7,False,False,False,False,True,0.2
2026-10-01T04:10:28Z,IL,IL00070IE002700042,38.7849,-89.7023,77,Mostly Cloudy,2,8,False,False,False,False,True,0.2
2026-10-01T04:10:28Z,IL,IL00024IW003700010,37.1593,-88.6798,69,Partly Cloudy,0,1,False,False,False,False,True,0.2
2026-10-01T04:10:28Z,IL,IL00064IE008500039,38.273,-88.8496,73,Mostly Cloudy,1,7,False,False,False,False,True,0.2
2026-10-01T04:10:28Z,IL,IL00074IW015600009,40.2711,-88.6701,69,Mostly Cloudy,4,6,False,False,False,False,True,0.2
2026-10-01T04:10:28Z,IL,IL00064IW002500011,38.5491,-89.7633,77,Mostly Cloudy,2,8,False,False,False,False,True,0.2
2026-10-01T04:10:28Z,IL,IL00080IW005100013,41.3937,-89.5591,64,Chance Showers And Thunderstorms,39,0,False,False,True,True,True,0.2
2026-10-01T04:10:28Z,IL,IL00074IW020800052,40.1298,-87.7441,69,Mostly Cloudy,2,6,False,False,False,False,True,0.2
2026-10-01T04:10:28Z,IL,IL00070IW002700015,38.7884,-89.6889,77,Mostly Cloudy,2,8,False,False,False,False,True,0.2
2026-10-01T04:10:28Z,IL,IL00055IS002700019,38.8723,-89.8511,77,Mostly Cloudy,2,8,False,False,False,False,True,0.2
2026-10-01T04:10:28Z,IL,IL00057IS007900047,38.0962,-88.9138,77,Mostly Cloudy,1,8,False,False,False,False,True,0.2
2026-10-01T04:10:28Z,IL,IL00074IE002800030,41.2334,-90.333,66,Chance Showers And Thunderstorms,44,5,False,False,True,True,True,0.2
2026-10-01T04:10:28Z,IL,IL00055IS006400017,39.3523,-89.6447,75,Mostly Cloudy,2,7,False,False,False,False,True,0.2
2026-10-01T04:10:28Z,IL,IL00074IE015600037,40.2732,-88.6762,69,Mostly Cloudy,4,6,False,False,False,False,True,0.2
2026-10-01T04:10:28Z,IL,IL00072IW015200014,39.9888,-88.7852,71,Mostly Cloudy,3,7,False,False,False,False,True,0.2
2026-10-01T04:10:28Z,IL,IL00064IW013000053,38.2322,-87.9882,73,Mostly Cloudy,0,6,False,False,False,False,True,0.2
2026-10-01T04:10:28Z,IL,IL00055IS019400021,40.8371,-88.6833,67,Chance Rain Showers,54,5,False,False,True,False,True,0.2
2026-10-01T04:10:28Z,IL,IL00057IS011400023,38.5965,-88.9677,76,Mostly Cloudy,1,7,False,False,False,False,True,0.2
2026-10-01T04:10:28Z,IL,IL00039IN008500036,41.7236,-89.0062,65,Rain Showers,80,5,False,False,True,False,True,0.2
2026-10-01T04:10:28Z,IL,IL00080IW011700016,41.4473,-88.3285,66,Rain Showers,80,5,False,False,True,False,True,0.2
2026-10-01T04:10:28Z,IL,IL00074IW002800020,41.2141,-90.3308,66,Chance Showers And Thunderstorms,44,5,False,False,True,True,True,0.2
2026-10-01T04:10:28Z,IL,IL00039IS008500026,41.7285,-89.0105,65,Rain Showers,80,5,False,False,True,False,True,0.2
2026-10-01T04:10:28Z,IL,IL00057IN033300049,41.3892,-87.7729,65,Rain Showers,80,5,False,False,True,False,True,0.2
2026-10-01T04:10:28Z,IL,IL00074IW011400006,40.6111,-89.2323,68,Mostly Cloudy,14,5,False,False,False,False,True,0.2
2026-10-01T04:10:28Z,IL,IL00070IW014900008,39.4228,-87.6617,72,Mostly Cloudy,1,7,False,False,False,False,True,0.2
2026-10-01T04:10:28Z,IL,IL00074IE011400005,40.6125,-89.245,68,Mostly Cloudy,14,5,False,False,False,False,True,0.2
2026-10-01T04:10:28Z,IL,IL00074IW006200004,40.8802,-90.0895,66,Chance Rain Showers,38,2,False,False,True,False,True,0.2
2026-10-01T04:10:28Z,IL,IL00074IE006200001,40.8788,-90.0936,66,Chance Rain Showers,38,2,False,False,True,False,True,0.2
2026-10-01T04:10:28Z,IL,IL00055IS010400024,39.8871,-89.5966,73,Mostly Cloudy,7,6,False,False,False,False,True,0.2
2026-10-01T04:10:28Z,IL,IL00057IS003200025,37.4699,-89.1329,73,Partly Cloudy,0,5,False,False,False,False,True,0.2
2026-10-01T04:10:28Z,IL,IL00057IN003200035,37.4661,-89.1324,73,Partly Cloudy,0,5,False,False,False,False,True,0.2
2026-10-01T04:10:28Z,IL,IL00070IW008700045,39.0679,-88.6704,75,Mostly Cloudy,1,7,False,False,False,False,True,0.2
2026-10-01T04:10:28Z,IL,IL00057IS016500018,39.1993,-88.502,75,Mostly Cloudy,1,8,False,False,False,False,True,0.2
2026-10-01T04:10:28Z,IL,IL00057IN016500044,39.1898,-88.5031,75,Mostly Cloudy,1,8,False,False,False,False,True,0.2
2026-10-01T04:10:28Z,IL,IL00072IE015200041,39.9923,-88.7827,71,Mostly Cloudy,3,7,False,False,False,False,True,0.2
2026-10-01T04:10:28Z,IN,322,38.195,-87.8597,73,Mostly Cloudy,0,6,False,False,False,False,False,0.0
2026-10-01T04:10:28Z,IN,317,38.5852,-85.7768,69,Partly Cloudy,0,5,False,False,False,False,False,0.0
2026-10-01T04:10:28Z,IN,316,38.5859,-85.7809,69,Partly Cloudy,0,5,False,False,False,False,False,0.0
2026-10-01T04:10:28Z,IN,315,39.2602,-85.9521,67,Partly Cloudy,1,3,False,False,False,False,False,0.0
2026-10-01T04:10:28Z,IN,314,39.2767,-85.9569,68,Partly Cloudy,1,3,False,False,False,False,False,0.0
2026-10-01T04:10:28Z,IN,313,40.1578,-86.5387,69,Mostly Cloudy,2,7,False,False,False,False,False,0.0
2026-10-01T04:10:28Z,IN,312,40.1722,-86.5522,69,Mostly Cloudy,2,7,False,False,False,False,False,0.0
2026-10-01T04:10:28Z,IN,311,40.6992,-87.0628,69,Chance Rain Showers,39,5,False,False,True,False,False,0.05
2026-10-01T04:10:28Z,IN,310,40.6984,-87.0646,69,Chance Rain Showers,39,5,False,False,True,False,False,0.05
2026-10-01T04:10:28Z,IN,308,41.1653,-87.271,66,Rain Showers,77,5,False,False,True,False,False,0.05
2026-10-01T04:10:28Z,IN,309,41.1666,-87.2749,66,Rain Showers,77,5,False,False,True,False,False,0.05
2026-10-01T04:10:28Z,IN,318,40.3543,-85.5576,68,Mostly Cloudy,3,6,False,False,False,False,False,0.0
2026-10-01T04:10:28Z,IN,319,40.3569,-85.56,68,Mostly Cloudy,3,6,False,False,False,False,False,0.0
2026-10-01T04:10:28Z,IN,320,41.2963,-85.0863,65,Rain Showers Likely,57,5,False,False,True,False,False,0.05
2026-10-01T04:10:28Z,IN,321,41.5803,-85.0597,65,Rain Showers Likely,62,5,False,False,True,False,False,0.05
2026-10-01T04:10:28Z,IN,300,39.4417,-87.5002,70,Mostly Cloudy,1,6,False,False,False,False,False,0.0
2026-10-01T04:10:28Z,IN,302,39.6517,-86.3967,69,Mostly Cloudy,1,6,False,False,False,False,False,0.0
2026-10-01T04:10:28Z,IN,301,39.6541,-86.4005,69,Mostly Cloudy,1,6,False,False,False,False,False,0.0
2026-10-01T04:10:28Z,IN,303,39.8243,-85.7039,68,Partly Cloudy,1,6,False,False,False,False,False,0.0
2026-10-01T04:10:28Z,IN,304,39.8266,-85.704,68,Partly Cloudy,1,6,False,False,False,False,False,0.0
2026-10-01T04:10:28Z,IN,305,39.8605,-85.0259,68,Partly Cloudy,1,5,False,False,False,False,False,0.0
2026-10-01T04:10:28Z,IN,323,39.29,-85.1688,68,Partly Cloudy,0,3,False,False,False,False,False,0.0
2026-10-01T04:10:28Z,IN,702,41.7472,-85.3285,64,Rain Showers Likely,64,5,False,False,True,False,False,0.05
2026-10-01T04:10:28Z,IN,701,41.5889,-87.2173,65,Rain Showers,80,5,False,False,True,False,False,0.05
2026-10-01T04:10:28Z,IN,704,41.7058,-86.6212,64,Rain Showers Likely,62,5,False,False,True,False,False,0.05
2026-10-01T04:10:28Z,IN,703,41.7071,-86.6235,64,Rain Showers Likely,62,5,False,False,True,False,False,0.05
2026-10-01T04:10:28Z,IN,705,41.733,-86.0057,64,Rain Showers Likely,63,5,False,False,True,False,False,0.05
2026-10-01T04:10:28Z,IN,708,41.7472,-85.3285,64,Rain Showers Likely,64,5,False,False,True,False,False,0.05
2026-10-01T04:10:28Z,IN,707,41.7453,-85.3287,64,Rain Showers Likely,64,5,False,False,True,False,False,0.05
2026-10-01T04:10:28Z,IN,324,41.7353,-86.7933,63,Rain Showers Likely,61,5,False,False,True,False,False,0.05
2026-10-01T04:10:28Z,KY,KY00065IS0000020N65WELCOM,36.6434,-86.5687,69,Partly Cloudy,0,5,False,False,False,False,False,0.0
2026-10-01T04:10:28Z,KY,KY00065IS000020NSMARATHON,36.6612,-86.5553,70,Partly Cloudy,0,7,False,False,False,False,False,0.0
2026-10-01T04:10:28Z,KY,KY00065IS0000340NWEIGHS34,36.6868,-86.5379,70,Partly Cloudy,0,7,False,False,False,False,False,0.0
2026-10-01T04:10:28Z,KY,KY00065IS0011400S65SRA114,37.9464,-85.6905,70,Partly Cloudy,0,5,False,False,False,False,False,0.0
2026-10-01T04:10:28Z,KY,KY00065IS0005900S65SRA059,37.239,-85.9297,68,Mostly Clear,0,3,False,False,False,False,False,0.0
2026-10-01T04:10:28Z,KY,KY00065IS0005900N65NRA059,37.2384,-85.9271,68,Mostly Clear,0,3,False,False,False,False,False,0.0
2026-10-01T04:10:28Z,KY,KY00075IS0003300NWEIGHS33,37.0422,-84.0968,60,Mostly Clear,0,2,False,False,False,False,False,0.0
2026-10-01T04:10:28Z,KY,KY00075IS0003400SWEIGHS34,37.048,-84.0997,61,Mostly Clear,0,2,False,False,False,False,False,0.0
2026-10-01T04:10:28Z,KY,KY00075IS0017700N75NRA177,38.937,-84.6309,69,Partly Cloudy,0,5,False,False,False,False,False,0.0
2026-10-01T04:10:28Z,KY,KY00075IS0007500SWALTONWS,38.8653,-84.6476,69,Partly Cloudy,0,5,False,False,False,False,False,0.0
2026-10-01T04:10:28Z,KY,KY00075IS0017700S75SRA177,38.9388,-84.6339,69,Partly Cloudy,0,5,False,False,False,False,False,0.0
2026-10-01T04:10:28Z,KY,KY00075IS0016800SCRITENWS,38.8196,-84.6015,70,Mostly Clear,0,5,False,False,False,False,False,0.0
2026-10-01T04:10:28Z,KY,KY00075IS0000100N75WELCOM,36.6162,-84.1054,57,Mostly Clear,0,3,False,False,False,False,False,0.0
2026-10-01T04:10:32Z,IL,IL00055IN010400050,39.8627,-89.5948,73,Mostly Cloudy,7,6,False,False,False,False,True,0.2
2026-10-01T04:10:32Z,IL,IL00057IN007900034,38.0297,-88.9203,75,Mostly Cloudy,0,7,False,False,False,False,True,0.2
2026-10-01T04:10:32Z,IL,IL00055IN014900028,40.3599,-89.1099,69,Mostly Cloudy,8,7,False,False,False,False,True,0.2
2026-10-01T04:10:32Z,IL,IL00055IN019400031,40.8234,-88.6875,67,Chance Rain Showers,53,5,False,False,True,False,True,0.2
2026-10-01T04:10:32Z,IL,IL00057IN011400033,38.5963,-88.9638,76,Mostly Cloudy,1,7,False,False,False,False,True,0.2
2026-10-01T04:10:32Z,IL,IL00064IE002500038,38.5481,-89.7731,77,Mostly Cloudy,2,8,False,False,False,False,True,0.2
2026-10-01T04:10:32Z,IL,IL00055IN002700029,38.8649,-89.8532,77,Mostly Cloudy,2,8,False,False,False,False,True,0.2
2026-10-01T04:10:32Z,IL,IL00057IN022200048,39.9218,-88.299,72,Mostly Cloudy,1,8,False,False,False,False,True,0.2
2026-10-01T04:10:32Z,IL,IL00057IS033300046,41.3918,-87.7749,65,Rain Showers,80,5,False,False,True,False,True,0.2
2026-10-01T04:10:32Z,IL,IL00080IE011700043,41.4314,-88.3454,66,Rain Showers,80,5,False,False,True,False,True,0.2
2026-10-01T04:10:32Z,IL,IL00057IS022200054,39.9314,-88.3043,72,Mostly Cloudy,1,8,False,False,False,False,True,0.2
2026-10-01T04:10:32Z,IL,IL00057IS026800022,40.5613,-88.0615,68,Chance Rain Showers,48,5,False,False,True,False,True,0.2
2026-10-01T04:10:32Z,IL,IL00055IN006400027,39.3465,-89.6408,75,Mostly Cloudy,2,7,False,False,False,False,True,0.2
2026-10-01T04:10:32Z,IL,IL00057IN026800032,40.5505,-88.0605,68,Chance Rain Showers,48,5,False,False,True,False,True,0.2
2026-10-01T04:10:32Z,IL,IL00080IE005100040,41.3938,-89.5665,64,Chance Showers And Thunderstorms,39,5,False,False,True,True,True,0.2
2026-10-01T04:10:32Z,IL,IL00064IW008500012,38.2766,-88.8012,73,Mostly Cloudy,1,7,False,False,False,False,True,0.2
2026-10-01T04:10:32Z,IL,IL00070IE008600051,39.0651,-88.6745,75,Mostly Cloudy,1,7,False,False,False,False,True,0.2
2026-10-01T04:10:32Z,IL,IL00070IE002700042,38.7849,-89.7023,77,Mostly Cloudy,2,8,False,False,False,False,True,0.2
2026-10-01T04:10:32Z,IL,IL00024IW003700010,37.1593,-88.6798,69,Partly Cloudy,0,1,False,False,False,False,True,0.2
2026-10-01T04:10:32Z,IL,IL00064IE008500039,38.273,-88.8496,73,Mostly Cloudy,1,7,False,False,False,False,True,0.2
2026-10-01T04:10:32Z,IL,IL00074IW015600009,40.2711,-88.6701,69,Mostly Cloudy,4,6,False,False,False,False,True,0.2
2026-10-01T04:10:32Z,IL,IL00064IW002500011,38.5491,-89.7633,77,Mostly Cloudy,2,8,False,False,False,False,True,0.2
2026-10-01T04:10:32Z,IL,IL00080IW005100013,41.3937,-89.5591,64,Chance Showers And Thunderstorms,39,0,False,False,True,True,True,0.2
2026-10-01T04:10:32Z,IL,IL00074IW020800052,40.1298,-87.7441,69,Mostly Cloudy,2,6,False,False,False,False,True,0.2
2026-10-01T04:10:32Z,IL,IL00070IW002700015,38.7884,-89.6889,77,Mostly Cloudy,2,8,False,False,False,False,True,0.2
2026-10-01T04:10:32Z,IL,IL00055IS002700019,38.8723,-89.8511,77,Mostly Cloudy,2,8,False,False,False,False,True,0.2
2026-10-01T04:10:32Z,IL,IL00057IS007900047,38.0962,-88.9138,77,Mostly Cloudy,1,8,False,False,False,False,True,0.2
2026-10-01T04:10:32Z,IL,IL00074IE002800030,41.2334,-90.333,66,Chance Showers And Thunderstorms,44,5,False,False,True,True,True,0.2
2026-10-01T04:10:32Z,IL,IL00055IS006400017,39.3523,-89.6447,75,Mostly Cloudy,2,7,False,False,False,False,True,0.2
2026-10-01T04:10:32Z,IL,IL00074IE015600037,40.2732,-88.6762,69,Mostly Cloudy,4,6,False,False,False,False,True,0.2
2026-10-01T04:10:32Z,IL,IL00072IW015200014,39.9888,-88.7852,71,Mostly Cloudy,3,7,False,False,False,False,True,0.2
2026-10-01T04:10:32Z,IL,IL00064IW013000053,38.2322,-87.9882,73,Mostly Cloudy,0,6,False,False,False,False,True,0.2
2026-10-01T04:10:32Z,IL,IL00055IS019400021,40.8371,-88.6833,67,Chance Rain Showers,54,5,False,False,True,False,True,0.2
2026-10-01T04:10:32Z,IL,IL00057IS011400023,38.5965,-88.9677,76,Mostly Cloudy,1,7,False,False,False,False,True,0.2
2026-10-01T04:10:32Z,IL,IL00039IN008500036,41.7236,-89.0062,65,Rain Showers,80,5,False,False,True,False,True,0.2
2026-10-01T04:10:32Z,IL,IL00080IW011700016,41.4473,-88.3285,66,Rain Showers,80,5,False,False,True,False,True,0.2
2026-10-01T04:10:32Z,IL,IL00074IW002800020,41.2141,-90.3308,66,Chance Showers And Thunderstorms,44,5,False,False,True,True,True,0.2
2026-10-01T04:10:32Z,IL,IL00039IS008500026,41.7285,-89.0105,65,Rain Showers,80,5,False,False,True,False,True,0.2
2026-10-01T04:10:32Z,IL,IL00057IN033300049,41.3892,-87.7729,65,Rain Showers,80,5,False,False,True,False,True,0.2
2026-10-01T04:10:32Z,IL,IL00074IW011400006,40.6111,-89.2323,68,Mostly Cloudy,14,5,False,False,False,False,True,0.2
2026-10-01T04:10:32Z,IL,IL00070IW014900008,39.4228,-87.6617,72,Mostly Cloudy,1,7,False,False,False,False,True,0.2
2026-10-01T04:10:32Z,IL,IL00074IE011400005,40.6125,-89.245,68,Mostly Cloudy,14,5,False,False,False,False,True,0.2
2026-10-01T04:10:32Z,IL,IL00074IW006200004,40.8802,-90.0895,66,Chance Rain Showers,38,2,False,False,True,False,True,0.2
2026-10-01T04:10:32Z,IL,IL00074IE006200001,40.8788,-90.0936,66,Chance Rain Showers,38,2,False,False,True,False,True,0.2
2026-10-01T04:10:32Z,IL,IL00055IS010400024,39.8871,-89.5966,73,Mostly Cloudy,7,6,False,False,False,False,True,0.2
2026-10-01T04:10:32Z,IL,IL00057IS003200025,37.4699,-89.1329,73,Partly Cloudy,0,5,False,False,False,False,True,0.2
2026-10-01T04:10:32Z,IL,IL00057IN003200035,37.4661,-89.1324,73,Partly Cloudy,0,5,False,False,False,False,True,0.2
2026-10-01T04:10:32Z,IL,IL00070IW008700045,39.0679,-88.6704,75,Mostly Cloudy,1,7,False,False,False,False,True,0.2
2026-10-01T04:10:32Z,IL,IL00057IS016500018,39.1993,-88.502,75,Mostly Cloudy,1,8,False,False,False,False,True,0.2
2026-10-01T04:10:32Z,IL,IL00057IN016500044,39.1898,-88.5031,75,Mostly Cloudy,1,8,False,False,False,False,True,0.2
2026-10-01T04:10:32Z,IL,IL00072IE015200041,39.9923,-88.7827,71,Mostly Cloudy,3,7,False,False,False,False,True,0.2
2026-10-01T04:10:32Z,IN,322,38.195,-87.8597,73,Mostly Cloudy,0,6,False,False,False,False,False,0.0
2026-10-01T04:10:32Z,IN,317,38.5852,-85.7768,69,Partly Cloudy,0,5,False,False,False,False,False,0.0
2026-10-01T04:10:32Z,IN,316,38.5859,-85.7809,69,Partly Cloudy,0,5,False,False,False,False,False,0.0
2026-10-01T04:10:32Z,IN,315,39.2602,-85.9521,67,Partly Cloudy,1,3,False,False,False,False,False,0.0
2026-10-01T04:10:32Z,IN,314,39.2767,-85.9569,68,Partly Cloudy,1,3,False,False,False,False,False,0.0
2026-10-01T04:10:32Z,IN,313,40.1578,-86.5387,69,Mostly Cloudy,2,7,False,False,False,False,False,0.0
2026-10-01T04:10:32Z,IN,312,40.1722,-86.5522,69,Mostly Cloudy,2,7,False,False,False,False,False,0.0
2026-10-01T04:10:32Z,IN,311,40.6992,-87.0628,69,Chance Rain Showers,39,5,False,False,True,False,False,0.05
2026-10-01T04:10:32Z,IN,310,40.6984,-87.0646,69,Chance Rain Showers,39,5,False,False,True,False,False,0.05
2026-10-01T04:10:32Z,IN,308,41.1653,-87.271,66,Rain Showers,77,5,False,False,True,False,False,0.05
2026-10-01T04:10:32Z,IN,309,41.1666,-87.2749,66,Rain Showers,77,5,False,False,True,False,False,0.05
2026-10-01T04:10:32Z,IN,318,40.3543,-85.5576,68,Mostly Cloudy,3,6,False,False,False,False,False,0.0
2026-10-01T04:10:32Z,IN,319,40.3569,-85.56,68,Mostly Cloudy,3,6,False,False,False,False,False,0.0
2026-10-01T04:10:32Z,IN,320,41.2963,-85.0863,65,Rain Showers Likely,57,5,False,False,True,False,False,0.05
2026-10-01T04:10:32Z,IN,321,41.5803,-85.0597,65,Rain Showers Likely,62,5,False,False,True,False,False,0.05
2026-10-01T04:10:32Z,IN,300,39.4417,-87.5002,70,Mostly Cloudy,1,6,False,False,False,False,False,0.0
2026-10-01T04:10:32Z,IN,302,39.6517,-86.3967,69,Mostly Cloudy,1,6,False,False,False,False,False,0.0
2026-10-01T04:10:32Z,IN,301,39.6541,-86.4005,69,Mostly Cloudy,1,6,False,False,False,False,False,0.0
2026-10-01T04:10:32Z,IN,303,39.8243,-85.7039,68,Partly Cloudy,1,6,False,False,False,False,False,0.0
2026-10-01T04:10:32Z,IN,304,39.8266,-85.704,68,Partly Cloudy,1,6,False,False,False,False,False,0.0
2026-10-01T04:10:32Z,IN,305,39.8605,-85.0259,68,Partly Cloudy,1,5,False,False,False,False,False,0.0
2026-10-01T04:10:32Z,IN,323,39.29,-85.1688,68,Partly Cloudy,0,3,False,False,False,False,False,0.0
2026-10-01T04:10:32Z,IN,702,41.7472,-85.3285,64,Rain Showers Likely,64,5,False,False,True,False,False,0.05
2026-10-01T04:10:32Z,IN,701,41.5889,-87.2173,65,Rain Showers,80,5,False,False,True,False,False,0.05
2026-10-01T04:10:32Z,IN,704,41.7058,-86.6212,64,Rain Showers Likely,62,5,False,False,True,False,False,0.05
2026-10-01T04:10:32Z,IN,703,41.7071,-86.6235,64,Rain Showers Likely,62,5,False,False,True,False,False,0.05
2026-10-01T04:10:32Z,IN,705,41.733,-86.0057,64,Rain Showers Likely,63,5,False,False,True,False,False,0.05
2026-10-01T04:10:32Z,IN,708,41.7472,-85.3285,64,Rain Showers Likely,64,5,False,False,True,False,False,0.05
2026-10-01T04:10:32Z,IN,707,41.7453,-85.3287,64,Rain Showers Likely,64,5,False,False,True,False,False,0.05
2026-10-01T04:10:32Z,IN,324,41.7353,-86.7933,63,Rain Showers Likely,61,5,False,False,True,False,False,0.05
2026-10-01T04:10:32Z,KY,KY00065IS0000020N65WELCOM,36.6434,-86.5687,69,Partly Cloudy,0,5,False,False,False,False,False,0.0
2026-10-01T04:10:32Z,KY,KY00065IS000020NSMARATHON,36.6612,-86.5553,70,Partly Cloudy,0,7,False,False,False,False,False,0.0
2026-10-01T04:10:32Z,KY,KY00065IS0000340NWEIGHS34,36.6868,-86.5379,70,Partly Cloudy,0,7,False,False,False,False,False,0.0
2026-10-01T04:10:32Z,KY,KY00065IS0011400S65SRA114,37.9464,-85.6905,70,Partly Cloudy,0,5,False,False,False,False,False,0.0
2026-10-01T04:10:32Z,KY,KY00065IS0005900S65SRA059,37.239,-85.9297,68,Mostly Clear,0,3,False,False,False,False,False,0.0
2026-10-01T04:10:32Z,KY,KY00065IS0005900N65NRA059,37.2384,-85.9271,68,Mostly Clear,0,3,False,False,False,False,False,0.0
2026-10-01T04:10:32Z,KY,KY00075IS0003300NWEIGHS33,37.0422,-84.0968,60,Mostly Clear,0,2,False,False,False,False,False,0.0
2026-10-01T04:10:32Z,KY,KY00075IS0003400SWEIGHS34,37.048,-84.0997,61,Mostly Clear,0,2,False,False,False,False,False,0.0
2026-10-01T04:10:32Z,KY,KY00075IS0017700N75NRA177,38.937,-84.6309,69,Partly Cloudy,0,5,False,False,False,False,False,0.0
2026-10-01T04:10:32Z,KY,KY00075IS0007500SWALTONWS,38.8653,-84.6476,69,Partly Cloudy,0,5,False,False,False,False,False,0.0
2026-10-01T04:10:32Z,KY,KY00075IS0017700S75SRA177,38.9388,-84.6339,69,Partly Cloudy,0,5,False,False,False,False,False,0.0
2026-10-01T04:10:32Z,KY,KY00075IS0016800SCRITENWS,38.8196,-84.6015,70,Mostly Clear,0,5,False,False,False,False,False,0.0
2026-10-01T04:10:32Z,KY,KY00075IS0000100N75WELCOM,36.6162,-84.1054,57,Mostly Clear,0,3,False,False,False,False,False,0.0
2026-10-01T04:10:36Z,IL,IL00055IN010400050,39.8627,-89.5948,73,Mostly Cloudy,7,6,False,False,False,False,True,0.2
2026-10-01T04:10:36Z,IL,IL00057IN007900034,38.0297,-88.9203,75,Mostly Cloudy,0,7,False,False,False,False,True,0.2
2026-10-01T04:10:36Z,IL,IL00055IN014900028,40.3599,-89.1099,69,Mostly Cloudy,8,7,False,False,False,False,True,0.2
2026-10-01T04:10:36Z,IL,IL00055IN019400031,40.8234,-88.6875,67,Chance Rain Showers,53,5,False,False,True,False,True,0.2
2026-10-01T04:10:36Z,IL,IL00057IN011400033,38.5963,-88.9638,76,Mostly Cloudy,1,7,False,False,False,False,True,0.2
2026-10-01T04:10:36Z,IL,IL00064IE002500038,38.5481,-89.7731,77,Mostly Cloudy,2,8,False,False,False,False,True,0.2
2026-10-01T04:10:36Z,IL,IL00055IN002700029,38.8649,-89.8532,77,Mostly Cloudy,2,8,False,False,False,False,True,0.2
2026-10-01T04:10:36Z,IL,IL00057IN022200048,39.9218,-88.299,72,Mostly Cloudy,1,8,False,False,False,False,True,0.2
2026-10-01T04:10:36Z,IL,IL00057IS033300046,41.3918,-87.7749,65,Rain Showers,80,5,False,False,True,False,True,0.2
2026-10-01T04:10:36Z,IL,IL00080IE011700043,41.4314,-88.3454,66,Rain Showers,80,5,False,False,True,False,True,0.2
2026-10-01T04:10:36Z,IL,IL00057IS022200054,39.9314,-88.3043,72,Mostly Cloudy,1,8,False,False,False,False,True,0.2
2026-10-01T04:10:36Z,IL,IL00057IS026800022,40.5613,-88.0615,68,Chance Rain Showers,48,5,False,False,True,False,True,0.2
2026-10-01T04:10:36Z,IL,IL00055IN006400027,39.3465,-89.6408,75,Mostly Cloudy,2,7,False,False,False,False,True,0.2
2026-10-01T04:10:36Z,IL,IL00057IN026800032,40.5505,-88.0605,68,Chance Rain Showers,48,5,False,False,True,False,True,0.2
2026-10-01T04:10:36Z,IL,IL00080IE005100040,41.3938,-89.5665,64,Chance Showers And Thunderstorms,39,5,False,False,True,True,True,0.2
2026-10-01T04:10:36Z,IL,IL00064IW008500012,38.2766,-88.8012,73,Mostly Cloudy,1,7,False,False,False,False,True,0.2
2026-10-01T04:10:36Z,IL,IL00070IE008600051,39.0651,-88.6745,75,Mostly Cloudy,1,7,False,False,False,False,True,0.2
2026-10-01T04:10:36Z,IL,IL00070IE002700042,38.7849,-89.7023,77,Mostly Cloudy,2,8,False,False,False,False,True,0.2
2026-10-01T04:10:36Z,IL,IL00024IW003700010,37.1593,-88.6798,69,Partly Cloudy,0,1,False,False,False,False,True,0.2
2026-10-01T04:10:36Z,IL,IL00064IE008500039,38.273,-88.8496,73,Mostly Cloudy,1,7,False,False,False,False,True,0.2
2026-10-01T04:10:36Z,IL,IL00074IW015600009,40.2711,-88.6701,69,Mostly Cloudy,4,6,False,False,False,False,True,0.2
2026-10-01T04:10:36Z,IL,IL00064IW002500011,38.5491,-89.7633,77,Mostly Cloudy,2,8,False,False,False,False,True,0.2
2026-10-01T04:10:36Z,IL,IL00080IW005100013,41.3937,-89.5591,64,Chance Showers And Thunderstorms,39,0,False,False,True,True,True,0.2
2026-10-01T04:10:36Z,IL,IL00074IW020800052,40.1298,-87.7441,69,Mostly Cloudy,2,6,False,False,False,False,True,0.2
2026-10-01T04:10:36Z,IL,IL00070IW002700015,38.7884,-89.6889,77,Mostly Cloudy,2,8,False,False,False,False,True,0.2
2026-10-01T04:10:36Z,IL,IL00055IS002700019,38.8723,-89.8511,77,Mostly Cloudy,2,8,False,False,False,False,True,0.2
2026-10-01T04:10:36Z,IL,IL00057IS007900047,38.0962,-88.9138,77,Mostly Cloudy,1,8,False,False,False,False,True,0.2
2026-10-01T04:10:36Z,IL,IL00074IE002800030,41.2334,-90.333,66,Chance Showers And Thunderstorms,44,5,False,False,True,True,True,0.2
2026-10-01T04:10:36Z,IL,IL00055IS006400017,39.3523,-89.6447,75,Mostly Cloudy,2,7,False,False,False,False,True,0.2
2026-10-01T04:10:36Z,IL,IL00074IE015600037,40.2732,-88.6762,69,Mostly Cloudy,4,6,False,False,False,False,True,0.2
2026-10-01T04:10:36Z,IL,IL00072IW015200014,39.9888,-88.7852,71,Mostly Cloudy,3,7,False,False,False,False,True,0.2
2026-10-01T04:10:36Z,IL,IL00064IW013000053,38.2322,-87.9882,73,Mostly Cloudy,0,6,False,False,False,False,True,0.2
2026-10-01T04:10:36Z,IL,IL00055IS019400021,40.8371,-88.6833,67,Chance Rain Showers,54,5,False,False,True,False,True,0.2
2026-10-01T04:10:36Z,IL,IL00057IS011400023,38.5965,-88.9677,76,Mostly Cloudy,1,7,False,False,False,False,True,0.2
2026-10-01T04:10:36Z,IL,IL00039IN008500036,41.7236,-89.0062,65,Rain Showers,80,5,False,False,True,False,True,0.2
2026-10-01T04:10:36Z,IL,IL00080IW011700016,41.4473,-88.3285,66,Rain Showers,80,5,False,False,True,False,True,0.2
2026-10-01T04:10:36Z,IL,IL00074IW002800020,41.2141,-90.3308,66,Chance Showers And Thunderstorms,44,5,False,False,True,True,True,0.2
2026-10-01T04:10:36Z,IL,IL00039IS008500026,41.7285,-89.0105,65,Rain Showers,80,5,False,False,True,False,True,0.2
2026-10-01T04:10:36Z,IL,IL00057IN033300049,41.3892,-87.7729,65,Rain Showers,80,5,False,False,True,False,True,0.2
2026-10-01T04:10:36Z,IL,IL00074IW011400006,40.6111,-89.2323,68,Mostly Cloudy,14,5,False,False,False,False,True,0.2
2026-10-01T04:10:36Z,IL,IL00070IW014900008,39.4228,-87.6617,72,Mostly Cloudy,1,7,False,False,False,False,True,0.2
2026-10-01T04:10:36Z,IL,IL00074IE011400005,40.6125,-89.245,68,Mostly Cloudy,14,5,False,False,False,False,True,0.2
2026-10-01T04:10:36Z,IL,IL00074IW006200004,40.8802,-90.0895,66,Chance Rain Showers,38,2,False,False,True,False,True,0.2
2026-10-01T04:10:36Z,IL,IL00074IE006200001,40.8788,-90.0936,66,Chance Rain Showers,38,2,False,False,True,False,True,0.2
2026-10-01T04:10:36Z,IL,IL00055IS010400024,39.8871,-89.5966,73,Mostly Cloudy,7,6,False,False,False,False,True,0.2
2026-10-01T04:10:36Z,IL,IL00057IS003200025,37.4699,-89.1329,73,Partly Cloudy,0,5,False,False,False,False,True,0.2
2026-10-01T04:10:36Z,IL,IL00057IN003200035,37.4661,-89.1324,73,Partly Cloudy,0,5,False,False,False,False,True,0.2
2026-10-01T04:10:36Z,IL,IL00070IW008700045,39.0679,-88.6704,75,Mostly Cloudy,1,7,False,False,False,False,True,0.2
2026-10-01T04:10:36Z,IL,IL00057IS016500018,39.1993,-88.502,75,Mostly Cloudy,1,8,False,False,False,False,True,0.2
2026-10-01T04:10:36Z,IL,IL00057IN016500044,39.1898,-88.5031,75,Mostly Cloudy,1,8,False,False,False,False,True,0.2
2026-10-01T04:10:36Z,IL,IL00072IE015200041,39.9923,-88.7827,71,Mostly Cloudy,3,7,False,False,False,False,True,0.2
2026-10-01T04:10:36Z,IN,322,38.195,-87.8597,73,Mostly Cloudy,0,6,False,False,False,False,False,0.0
2026-10-01T04:10:36Z,IN,317,38.5852,-85.7768,69,Partly Cloudy,0,5,False,False,False,False,False,0.0
2026-10-01T04:10:36Z,IN,316,38.5859,-85.7809,69,Partly Cloudy,0,5,False,False,False,False,False,0.0
2026-10-01T04:10:36Z,IN,315,39.2602,-85.9521,67,Partly Cloudy,1,3,False,False,False,False,False,0.0
2026-10-01T04:10:36Z,IN,314,39.2767,-85.9569,68,Partly Cloudy,1,3,False,False,False,False,False,0.0
2026-10-01T04:10:36Z,IN,313,40.1578,-86.5387,69,Mostly Cloudy,2,7,False,False,False,False,False,0.0
2026-10-01T04:10:36Z,IN,312,40.1722,-86.5522,69,Mostly Cloudy,2,7,False,False,False,False,False,0.0
2026-10-01T04:10:36Z,IN,311,40.6992,-87.0628,69,Chance Rain Showers,39,5,False,False,True,False,False,0.05
2026-10-01T04:10:36Z,IN,310,40.6984,-87.0646,69,Chance Rain Showers,39,5,False,False,True,False,False,0.05
2026-10-01T04:10:36Z,IN,308,41.1653,-87.271,66,Rain Showers,77,5,False,False,True,False,False,0.05
2026-10-01T04:10:36Z,IN,309,41.1666,-87.2749,66,Rain Showers,77,5,False,False,True,False,False,0.05
2026-10-01T04:10:36Z,IN,318,40.3543,-85.5576,68,Mostly Cloudy,3,6,False,False,False,False,False,0.0
2026-10-01T04:10:36Z,IN,319,40.3569,-85.56,68,Mostly Cloudy,3,6,False,False,False,False,False,0.0
2026-10-01T04:10:36Z,IN,320,41.2963,-85.0863,65,Rain Showers Likely,57,5,False,False,True,False,False,0.05
2026-10-01T04:10:36Z,IN,321,41.5803,-85.0597,65,Rain Showers Likely,62,5,False,False,True,False,False,0.05
2026-10-01T04:10:36Z,IN,300,39.4417,-87.5002,70,Mostly Cloudy,1,6,False,False,False,False,False,0.0
2026-10-01T04:10:36Z,IN,302,39.6517,-86.3967,69,Mostly Cloudy,1,6,False,False,False,False,False,0.0
2026-10-01T04:10:36Z,IN,301,39.6541,-86.4005,69,Mostly Cloudy,1,6,False,False,False,False,False,0.0
2026-10-01T04:10:36Z,IN,303,39.8243,-85.7039,68,Partly Cloudy,1,6,False,False,False,False,False,0.0
2026-10-01T04:10:36Z,IN,304,39.8266,-85.704,68,Partly Cloudy,1,6,False,False,False,False,False,0.0
2026-10-01T04:10:36Z,IN,305,39.8605,-85.0259,68,Partly Cloudy,1,5,False,False,False,False,False,0.0
2026-10-01T04:10:36Z,IN,323,39.29,-85.1688,68,Partly Cloudy,0,3,False,False,False,False,False,0.0
2026-10-01T04:10:36Z,IN,702,41.7472,-85.3285,64,Rain Showers Likely,64,5,False,False,True,False,False,0.05
2026-10-01T04:10:36Z,IN,701,41.5889,-87.2173,65,Rain Showers,80,5,False,False,True,False,False,0.05
2026-10-01T04:10:36Z,IN,704,41.7058,-86.6212,64,Rain Showers Likely,62,5,False,False,True,False,False,0.05
2026-10-01T04:10:36Z,IN,703,41.7071,-86.6235,64,Rain Showers Likely,62,5,False,False,True,False,False,0.05
2026-10-01T04:10:36Z,IN,705,41.733,-86.0057,64,Rain Showers Likely,63,5,False,False,True,False,False,0.05
2026-10-01T04:10:36Z,IN,708,41.7472,-85.3285,64,Rain Showers Likely,64,5,False,False,True,False,False,0.05
2026-10-01T04:10:36Z,IN,707,41.7453,-85.3287,64,Rain Showers Likely,64,5,False,False,True,False,False,0.05
2026-10-01T04:10:36Z,IN,324,41.7353,-86.7933,63,Rain Showers Likely,61,5,False,False,True,False,False,0.05
2026-10-01T04:10:36Z,KY,KY00065IS0000020N65WELCOM,36.6434,-86.5687,69,Partly Cloudy,0,5,False,False,False,False,False,0.0
2026-10-01T04:10:36Z,KY,KY00065IS000020NSMARATHON,36.6612,-86.5553,70,Partly Cloudy,0,7,False,False,False,False,False,0.0
2026-10-01T04:10:36Z,KY,KY00065IS0000340NWEIGHS34,36.6868,-86.5379,70,Partly Cloudy,0,7,False,False,False,False,False,0.0
2026-10-01T04:10:36Z,KY,KY00065IS0011400S65SRA114,37.9464,-85.6905,70,Partly Cloudy,0,5,False,False,False,False,False,0.0
2026-10-01T04:10:36Z,KY,KY00065IS0005900S65SRA059,37.239,-85.9297,68,Mostly Clear,0,3,False,False,False,False,False,0.0
2026-10-01T04:10:36Z,KY,KY00065IS0005900N65NRA059,37.2384,-85.9271,68,Mostly Clear,0,3,False,False,False,False,False,0.0
2026-10-01T04:10:36Z,KY,KY00075IS0003300NWEIGHS33,37.0422,-84.0968,60,Mostly Clear,0,2,False,False,False,False,False,0.0
2026-10-01T04:10:36Z,KY,KY00075IS0003400SWEIGHS34,37.048,-84.0997,61,Mostly Clear,0,2,False,False,False,False,False,0.0
2026-10-01T04:10:36Z,KY,KY00075IS0017700N75NRA177,38.937,-84.6309,69,Partly Cloudy,0,5,False,False,False,False,False,0.0
2026-10-01T04:10:36Z,KY,KY00075IS0007500SWALTONWS,38.8653,-84.6476,69,Partly Cloudy,0,5,False,False,False,False,False,0.0
2026-10-01T04:10:36Z,KY,KY00075IS0017700S75SRA177,38.9388,-84.6339,69,Partly Cloudy,0,5,False,False,False,False,False,0.0
2026-10-01T04:10:36Z,KY,KY00075IS0016800SCRITENWS,38.8196,-84.6015,70,Mostly Clear,0,5,False,False,False,False,False,0.0
2026-10-01T04:10:36Z,KY,KY00075IS0000100N75WELCOM,36.6162,-84.1054,57,Mostly Clear,0,3,False,False,False,False,False,0.0
2026-10-01T04:10:40Z,IL,IL00055IN010400050,39.8627,-89.5948,73,Mostly Cloudy,7,6,False,False,False,False,True,0.2
2026-10-01T04:10:40Z,IL,IL00057IN007900034,38.0297,-88.9203,75,Mostly Cloudy,0,7,False,False,False,False,True,0.2
2026-10-01T04:10:40Z,IL,IL00055IN014900028,40.3599,-89.1099,69,Mostly Cloudy,8,7,False,False,False,False,True,0.2
2026-10-01T04:10:40Z,IL,IL00055IN019400031,40.8234,-88.6875,67,Chance Rain Showers,53,5,False,False,True,False,True,0.2
2026-10-01T04:10:40Z,IL,IL00057IN011400033,38.5963,-88.9638,76,Mostly Cloudy,1,7,False,False,False,False,True,0.2
2026-10-01T04:10:40Z,IL,IL00064IE002500038,38.5481,-89.7731,77,Mostly Cloudy,2,8,False,False,False,False,True,0.2
2026-10-01T04:10:40Z,IL,IL00055IN002700029,38.8649,-89.8532,77,Mostly Cloudy,2,8,False,False,False,False,True,0.2
2026-10-01T04:10:40Z,IL,IL00057IN022200048,39.9218,-88.299,72,Mostly Cloudy,1,8,False,False,False,False,True,0.2
2026-10-01T04:10:40Z,IL,IL00057IS033300046,41.3918,-87.7749,65,Rain Showers,80,5,False,False,True,False,True,0.2
2026-10-01T04:10:40Z,IL,IL00080IE011700043,41.4314,-88.3454,66,Rain Showers,80,5,False,False,True,False,True,0.2
2026-10-01T04:10:40Z,IL,IL00057IS022200054,39.9314,-88.3043,72,Mostly Cloudy,1,8,False,False,False,False,True,0.2
2026-10-01T04:10:40Z,IL,IL00057IS026800022,40.5613,-88.0615,68,Chance Rain Showers,48,5,False,False,True,False,True,0.2
2026-10-01T04:10:40Z,IL,IL00055IN006400027,39.3465,-89.6408,75,Mostly Cloudy,2,7,False,False,False,False,True,0.2
2026-10-01T04:10:40Z,IL,IL00057IN026800032,40.5505,-88.0605,68,Chance Rain Showers,48,5,False,False,True,False,True,0.2
2026-10-01T04:10:40Z,IL,IL00080IE005100040,41.3938,-89.5665,64,Chance Showers And Thunderstorms,39,5,False,False,True,True,True,0.2
2026-10-01T04:10:40Z,IL,IL00064IW008500012,38.2766,-88.8012,73,Mostly Cloudy,1,7,False,False,False,False,True,0.2
2026-10-01T04:10:40Z,IL,IL00070IE008600051,39.0651,-88.6745,75,Mostly Cloudy,1,7,False,False,False,False,True,0.2
2026-10-01T04:10:40Z,IL,IL00070IE002700042,38.7849,-89.7023,77,Mostly Cloudy,2,8,False,False,False,False,True,0.2
2026-10-01T04:10:40Z,IL,IL00024IW003700010,37.1593,-88.6798,69,Partly Cloudy,0,1,False,False,False,False,True,0.2
2026-10-01T04:10:40Z,IL,IL00064IE008500039,38.273,-88.8496,73,Mostly Cloudy,1,7,False,False,False,False,True,0.2
2026-10-01T04:10:40Z,IL,IL00074IW015600009,40.2711,-88.6701,69,Mostly Cloudy,4,6,False,False,False,False,True,0.2
2026-10-01T04:10:40Z,IL,IL00064IW002500011,38.5491,-89.7633,77,Mostly Cloudy,2,8,False,False,False,False,True,0.2
2026-10-01T04:10:40Z,IL,IL00080IW005100013,41.3937,-89.5591,64,Chance Showers And Thunderstorms,39,0,False,False,True,True,True,0.2
2026-10-01T04:10:40Z,IL,IL00074IW020800052,40.1298,-87.7441,69,Mostly Cloudy,2,6,False,False,False,False,True,0.2
2026-10-01T04:10:40Z,IL,IL00070IW002700015,38.7884,-89.6889,77,Mostly Cloudy,2,8,False,False,False,False,True,0.2
2026-10-01T04:10:40Z,IL,IL00055IS002700019,38.8723,-89.8511,77,Mostly Cloudy,2,8,False,False,False,False,True,0.2
2026-10-01T04:10:40Z,IL,IL00057IS007900047,38.0962,-88.9138,77,Mostly Cloudy,1,8,False,False,False,False,True,0.2
2026-10-01T04:10:40Z,IL,IL00074IE002800030,41.2334,-90.333,66,Chance Showers And Thunderstorms,44,5,False,False,True,True,True,0.2
2026-10-01T04:10:40Z,IL,IL00055IS006400017,39.3523,-89.6447,75,Mostly Cloudy,2,7,False,False,False,False,True,0.2
2026-10-01T04:10:40Z,IL,IL00074IE015600037,40.2732,-88.6762,69,Mostly Cloudy,4,6,False,False,False,False,True,0.2
2026-10-01T04:10:40Z,IL,IL00072IW015200014,39.9888,-88.7852,71,Mostly Cloudy,3,7,False,False,False,False,True,0.2
2026-10-01T04:10:40Z,IL,IL00064IW013000053,38.2322,-87.9882,73,Mostly Cloudy,0,6,False,False,False,False,True,0.2
2026-10-01T04:10:40Z,IL,IL00055IS019400021,40.8371,-88.6833,67,Chance Rain Showers,54,5,False,False,True,False,True,0.2
2026-10-01T04:10:40Z,IL,IL00057IS011400023,38.5965,-88.9677,76,Mostly Cloudy,1,7,False,False,False,False,True,0.2
2026-10-01T04:10:40Z,IL,IL00039IN008500036,41.7236,-89.0062,65,Rain Showers,80,5,False,False,True,False,True,0.2
2026-10-01T04:10:40Z,IL,IL00080IW011700016,41.4473,-88.3285,66,Rain Showers,80,5,False,False,True,False,True,0.2
2026-10-01T04:10:40Z,IL,IL00074IW002800020,41.2141,-90.3308,66,Chance Showers And Thunderstorms,44,5,False,False,True,True,True,0.2
2026-10-01T04:10:40Z,IL,IL00039IS008500026,41.7285,-89.0105,65,Rain Showers,80,5,False,False,True,False,True,0.2
2026-10-01T04:10:40Z,IL,IL00057IN033300049,41.3892,-87.7729,65,Rain Showers,80,5,False,False,True,False,True,0.2
2026-10-01T04:10:40Z,IL,IL00074IW011400006,40.6111,-89.2323,68,Mostly Cloudy,14,5,False,False,False,False,True,0.2
2026-10-01T04:10:40Z,IL,IL00070IW014900008,39.4228,-87.6617,72,Mostly Cloudy,1,7,False,False,False,False,True,0.2
2026-10-01T04:10:40Z,IL,IL00074IE011400005,40.6125,-89.245,68,Mostly Cloudy,14,5,False,False,False,False,True,0.2
2026-10-01T04:10:40Z,IL,IL00074IW006200004,40.8802,-90.0895,66,Chance Rain Showers,38,2,False,False,True,False,True,0.2
2026-10-01T04:10:40Z,IL,IL00074IE006200001,40.8788,-90.0936,66,Chance Rain Showers,38,2,False,False,True,False,True,0.2
2026-10-01T04:10:40Z,IL,IL00055IS010400024,39.8871,-89.5966,73,Mostly Cloudy,7,6,False,False,False,False,True,0.2
2026-10-01T04:10:40Z,IL,IL00057IS003200025,37.4699,-89.1329,73,Partly Cloudy,0,5,False,False,False,False,True,0.2
2026-10-01T04:10:40Z,IL,IL00057IN003200035,37.4661,-89.1324,73,Partly Cloudy,0,5,False,False,False,False,True,0.2
2026-10-01T04:10:40Z,IL,IL00070IW008700045,39.0679,-88.6704,75,Mostly Cloudy,1,7,False,False,False,False,True,0.2
2026-10-01T04:10:40Z,IL,IL00057IS016500018,39.1993,-88.502,75,Mostly Cloudy,1,8,False,False,False,False,True,0.2
2026-10-01T04:10:40Z,IL,IL00057IN016500044,39.1898,-88.5031,75,Mostly Cloudy,1,8,False,False,False,False,True,0.2
2026-10-01T04:10:40Z,IL,IL00072IE015200041,39.9923,-88.7827,71,Mostly Cloudy,3,7,False,False,False,False,True,0.2
2026-10-01T04:10:40Z,IN,322,38.195,-87.8597,73,Mostly Cloudy,0,6,False,False,False,False,False,0.0
2026-10-01T04:10:40Z,IN,317,38.5852,-85.7768,69,Partly Cloudy,0,5,False,False,False,False,False,0.0
2026-10-01T04:10:40Z,IN,316,38.5859,-85.7809,69,Partly Cloudy,0,5,False,False,False,False,False,0.0
2026-10-01T04:10:40Z,IN,315,39.2602,-85.9521,67,Partly Cloudy,1,3,False,False,False,False,False,0.0
2026-10-01T04:10:40Z,IN,314,39.2767,-85.9569,68,Partly Cloudy,1,3,False,False,False,False,False,0.0
2026-10-01T04:10:40Z,IN,313,40.1578,-86.5387,69,Mostly Cloudy,2,7,False,False,False,False,False,0.0
2026-10-01T04:10:40Z,IN,312,40.1722,-86.5522,69,Mostly Cloudy,2,7,False,False,False,False,False,0.0
2026-10-01T04:10:40Z,IN,311,40.6992,-87.0628,69,Chance Rain Showers,39,5,False,False,True,False,False,0.05
2026-10-01T04:10:40Z,IN,310,40.6984,-87.0646,69,Chance Rain Showers,39,5,False,False,True,False,False,0.05
2026-10-01T04:10:40Z,IN,308,41.1653,-87.271,66,Rain Showers,77,5,False,False,True,False,False,0.05
2026-10-01T04:10:40Z,IN,309,41.1666,-87.2749,66,Rain Showers,77,5,False,False,True,False,False,0.05
2026-10-01T04:10:40Z,IN,318,40.3543,-85.5576,68,Mostly Cloudy,3,6,False,False,False,False,False,0.0
2026-10-01T04:10:40Z,IN,319,40.3569,-85.56,68,Mostly Cloudy,3,6,False,False,False,False,False,0.0
2026-10-01T04:10:40Z,IN,320,41.2963,-85.0863,65,Rain Showers Likely,57,5,False,False,True,False,False,0.05
2026-10-01T04:10:40Z,IN,321,41.5803,-85.0597,65,Rain Showers Likely,62,5,False,False,True,False,False,0.05
2026-10-01T04:10:40Z,IN,300,39.4417,-87.5002,70,Mostly Cloudy,1,6,False,False,False,False,False,0.0
2026-10-01T04:10:40Z,IN,302,39.6517,-86.3967,69,Mostly Cloudy,1,6,False,False,False,False,False,0.0
2026-10-01T04:10:40Z,IN,301,39.6541,-86.4005,69,Mostly Cloudy,1,6,False,False,False,False,False,0.0
2026-10-01T04:10:40Z,IN,303,39.8243,-85.7039,68,Partly Cloudy,1,6,False,False,False,False,False,0.0
2026-10-01T04:10:40Z,IN,304,39.8266,-85.704,68,Partly Cloudy,1,6,False,False,False,False,False,0.0
2026-10-01T04:10:40Z,IN,305,39.8605,-85.0259,68,Partly Cloudy,1,5,False,False,False,False,False,0.0
2026-10-01T04:10:40Z,IN,323,39.29,-85.1688,68,Partly Cloudy,0,3,False,False,False,False,False,0.0
2026-10-01T04:10:40Z,IN,702,41.7472,-85.3285,64,Rain Showers Likely,64,5,False,False,True,False,False,0.05
2026-10-01T04:10:40Z,IN,701,41.5889,-87.2173,65,Rain Showers,80,5,False,False,True,False,False,0.05
2026-10-01T04:10:40Z,IN,704,41.7058,-86.6212,64,Rain Showers Likely,62,5,False,False,True,False,False,0.05
2026-10-01T04:10:40Z,IN,703,41.7071,-86.6235,64,Rain Showers Likely,62,5,False,False,True,False,False,0.05
2026-10-01T04:10:40Z,IN,705,41.733,-86.0057,64,Rain Showers Likely,63,5,False,False,True,False,False,0.05
2026-10-01T04:10:40Z,IN,708,41.7472,-85.3285,64,Rain Showers Likely,64,5,False,False,True,False,False,0.05
2026-10-01T04:10:40Z,IN,707,41.7453,-85.3287,64,Rain Showers Likely,64,5,False,False,True,False,False,0.05
2026-10-01T04:10:40Z,IN,324,41.7353,-86.7933,63,Rain Showers Likely,61,5,False,False,True,False,False,0.05
2026-10-01T04:10:40Z,KY,KY00065IS0000020N65WELCOM,36.6434,-86.5687,69,Partly Cloudy,0,5,False,False,False,False,False,0.0
2026-10-01T04:10:40Z,KY,KY00065IS000020NSMARATHON,36.6612,-86.5553,70,Partly Cloudy,0,7,False,False,False,False,False,0.0
2026-10-01T04:10:40Z,KY,KY00065IS0000340NWEIGHS34,36.6868,-86.5379,70,Partly Cloudy,0,7,False,False,False,False,False,0.0
2026-10-01T04:10:40Z,KY,KY00065IS0011400S65SRA114,37.9464,-85.6905,70,Partly Cloudy,0,5,False,False,False,False,False,0.0
2026-10-01T04:10:40Z,KY,KY00065IS0005900S65SRA059,37.239,-85.9297,68,Mostly Clear,0,3,False,False,False,False,False,0.0
2026-10-01T04:10:40Z,KY,KY00065IS0005900N65NRA059,37.2384,-85.9271,68,Mostly Clear,0,3,False,False,False,False,False,0.0
2026-10-01T04:10:40Z,KY,KY00075IS0003300NWEIGHS33,37.0422,-84.0968,60,Mostly Clear,0,2,False,False,False,False,False,0.0
2026-10-01T04:10:40Z,KY,KY00075IS0003400SWEIGHS34,37.048,-84.0997,61,Mostly Clear,0,2,False,False,False,False,False,0.0
2026-10-01T04:10:40Z,KY,KY00075IS0017700N75NRA177,38.937,-84.6309,69,Partly Cloudy,0,5,False,False,False,False,False,0.0
2026-10-01T04:10:40Z,KY,KY00075IS0007500SWALTONWS,38.8653,-84.6476,69,Partly Cloudy,0,5,False,False,False,False,False,0.0
2026-10-01T04:10:40Z,KY,KY00075IS0017700S75SRA177,38.9388,-84.6339,69,Partly Cloudy,0,5,False,False,False,False,False,0.0
2026-10-01T04:10:40Z,KY,KY00075IS0016800SCRITENWS,38.8196,-84.6015,70,Mostly Clear,0,5,False,False,False,False,False,0.0
2026-10-01T04:10:40Z,KY,KY00075IS0000100N75WELCOM,36.6162,-84.1054,57,Mostly Clear,0,3,False,False,False,False,False,0.0
2026-10-01T04:10:44Z,IL,IL00055IN010400050,39.8627,-89.5948,73,Mostly Cloudy,7,6,False,False,False,False,True,0.2
2026-10-01T04:10:44Z,IL,IL00057IN007900034,38.0297,-88.9203,75,Mostly Cloudy,0,7,False,False,False,False,True,0.2
2026-10-01T04:10:44Z,IL,IL00055IN014900028,40.3599,-89.1099,69,Mostly Cloudy,8,7,False,False,False,False,True,0.2
2026-10-01T04:10:44Z,IL,IL00055IN019400031,40.8234,-88.6875,67,Chance Rain Showers,53,5,False,False,True,False,True,0.2
2026-10-01T04:10:44Z,IL,IL00057IN011400033,38.5963,-88.9638,76,Mostly Cloudy,1,7,False,False,False,False,True,0.2
2026-10-01T04:10:44Z,IL,IL00064IE002500038,38.5481,-89.7731,77,Mostly Cloudy,2,8,False,False,False,False,True,0.2
2026-10-01T04:10:44Z,IL,IL00055IN002700029,38.8649,-89.8532,77,Mostly Cloudy,2,8,False,False,False,False,True,0.2
2026-10-01T04:10:44Z,IL,IL00057IN022200048,39.9218,-88.299,72,Mostly Cloudy,1,8,False,False,False,False,True,0.2
2026-10-01T04:10:44Z,IL,IL00057IS033300046,41.3918,-87.7749,65,Rain Showers,80,5,False,False,True,False,True,0.2
2026-10-01T04:10:44Z,IL,IL00080IE011700043,41.4314,-88.3454,66,Rain Showers,80,5,False,False,True,False,True,0.2
2026-10-01T04:10:44Z,IL,IL00057IS022200054,39.9314,-88.3043,72,Mostly Cloudy,1,8,False,False,False,False,True,0.2
2026-10-01T04:10:44Z,IL,IL00057IS026800022,40.5613,-88.0615,68,Chance Rain Showers,48,5,False,False,True,False,True,0.2
2026-10-01T04:10:44Z,IL,IL00055IN006400027,39.3465,-89.6408,75,Mostly Cloudy,2,7,False,False,False,False,True,0.2
2026-10-01T04:10:44Z,IL,IL00057IN026800032,40.5505,-88.0605,68,Chance Rain Showers,48,5,False,False,True,False,True,0.2
2026-10-01T04:10:44Z,IL,IL00080IE005100040,41.3938,-89.5665,64,Chance Showers And Thunderstorms,39,5,False,False,True,True,True,0.2
2026-10-01T04:10:44Z,IL,IL00064IW008500012,38.2766,-88.8012,73,Mostly Cloudy,1,7,False,False,False,False,True,0.2
2026-10-01T04:10:44Z,IL,IL00070IE008600051,39.0651,-88.6745,75,Mostly Cloudy,1,7,False,False,False,False,True,0.2
2026-10-01T04:10:44Z,IL,IL00070IE002700042,38.7849,-89.7023,77,Mostly Cloudy,2,8,False,False,False,False,True,0.2
2026-10-01T04:10:44Z,IL,IL00024IW003700010,37.1593,-88.6798,69,Partly Cloudy,0,1,False,False,False,False,True,0.2
2026-10-01T04:10:44Z,IL,IL00064IE008500039,38.273,-88.8496,73,Mostly Cloudy,1,7,False,False,False,False,True,0.2
2026-10-01T04:10:44Z,IL,IL00074IW015600009,40.2711,-88.6701,69,Mostly Cloudy,4,6,False,False,False,False,True,0.2
2026-10-01T04:10:44Z,IL,IL00064IW002500011,38.5491,-89.7633,77,Mostly Cloudy,2,8,False,False,False,False,True,0.2
2026-10-01T04:10:44Z,IL,IL00080IW005100013,41.3937,-89.5591,64,Chance Showers And Thunderstorms,39,0,False,False,True,True,True,0.2
2026-10-01T04:10:44Z,IL,IL00074IW020800052,40.1298,-87.7441,69,Mostly Cloudy,2,6,False,False,False,False,True,0.2
2026-10-01T04:10:44Z,IL,IL00070IW002700015,38.7884,-89.6889,77,Mostly Cloudy,2,8,False,False,False,False,True,0.2
2026-10-01T04:10:44Z,IL,IL00055IS002700019,38.8723,-89.8511,77,Mostly Cloudy,2,8,False,False,False,False,True,0.2
2026-10-01T04:10:44Z,IL,IL00057IS007900047,38.0962,-88.9138,77,Mostly Cloudy,1,8,False,False,False,False,True,0.2
2026-10-01T04:10:44Z,IL,IL00074IE002800030,41.2334,-90.333,66,Chance Showers And Thunderstorms,44,5,False,False,True,True,True,0.2
2026-10-01T04:10:44Z,IL,IL00055IS006400017,39.3523,-89.6447,75,Mostly Cloudy,2,7,False,False,False,False,True,0.2
2026-10-01T04:10:44Z,IL,IL00074IE015600037,40.2732,-88.6762,69,Mostly Cloudy,4,6,False,False,False,False,True,0.2
2026-10-01T04:10:44Z,IL,IL00072IW015200014,39.9888,-88.7852,71,Mostly Cloudy,3,7,False,False,False,False,True,0.2
2026-10-01T04:10:44Z,IL,IL00064IW013000053,38.2322,-87.9882,73,Mostly Cloudy,0,6,False,False,False,False,True,0.2
2026-10-01T04:10:44Z,IL,IL00055IS019400021,40.8371,-88.6833,67,Chance Rain Showers,54,5,False,False,True,False,True,0.2
2026-10-01T04:10:44Z,IL,IL00057IS011400023,38.5965,-88.9677,76,Mostly Cloudy,1,7,False,False,False,False,True,0.2
2026-10-01T04:10:44Z,IL,IL00039IN008500036,41.7236,-89.0062,65,Rain Showers,80,5,False,False,True,False,True,0.2
2026-10-01T04:10:44Z,IL,IL00080IW011700016,41.4473,-88.3285,66,Rain Showers,80,5,False,False,True,False,True,0.2
2026-10-01T04:10:44Z,IL,IL00074IW002800020,41.2141,-90.3308,66,Chance Showers And Thunderstorms,44,5,False,False,True,True,True,0.2
2026-10-01T04:10:44Z,IL,IL00039IS008500026,41.7285,-89.0105,65,Rain Showers,80,5,False,False,True,False,True,0.2
2026-10-01T04:10:44Z,IL,IL00057IN033300049,41.3892,-87.7729,65,Rain Showers,80,5,False,False,True,False,True,0.2
2026-10-01T04:10:44Z,IL,IL00074IW011400006,40.6111,-89.2323,68,Mostly Cloudy,14,5,False,False,False,False,True,0.2
2026-10-01T04:10:44Z,IL,IL00070IW014900008,39.4228,-87.6617,72,Mostly Cloudy,1,7,False,False,False,False,True,0.2
2026-10-01T04:10:44Z,IL,IL00074IE011400005,40.6125,-89.245,68,Mostly Cloudy,14,5,False,False,False,False,True,0.2
2026-10-01T04:10:44Z,IL,IL00074IW006200004,40.8802,-90.0895,66,Chance Rain Showers,38,2,False,False,True,False,True,0.2
2026-10-01T04:10:44Z,IL,IL00074IE006200001,40.8788,-90.0936,66,Chance Rain Showers,38,2,False,False,True,False,True,0.2
2026-10-01T04:10:44Z,IL,IL00055IS010400024,39.8871,-89.5966,73,Mostly Cloudy,7,6,False,False,False,False,True,0.2
2026-10-01T04:10:44Z,IL,IL00057IS003200025,37.4699,-89.1329,73,Partly Cloudy,0,5,False,False,False,False,True,0.2
2026-10-01T04:10:44Z,IL,IL00057IN003200035,37.4661,-89.1324,73,Partly Cloudy,0,5,False,False,False,False,True,0.2
2026-10-01T04:10:44Z,IL,IL00070IW008700045,39.0679,-88.6704,75,Mostly Cloudy,1,7,False,False,False,False,True,0.2
2026-10-01T04:10:44Z,IL,IL00057IS016500018,39.1993,-88.502,75,Mostly Cloudy,1,8,False,False,False,False,True,0.2
2026-10-01T04:10:44Z,IL,IL00057IN016500044,39.1898,-88.5031,75,Mostly Cloudy,1,8,False,False,False,False,True,0.2
2026-10-01T04:10:44Z,IL,IL00072IE015200041,39.9923,-88.7827,71,Mostly Cloudy,3,7,False,False,False,False,True,0.2
2026-10-01T04:10:44Z,IN,322,38.195,-87.8597,73,Mostly Cloudy,0,6,False,False,False,False,False,0.0
2026-10-01T04:10:44Z,IN,317,38.5852,-85.7768,69,Partly Cloudy,0,5,False,False,False,False,False,0.0
2026-10-01T04:10:44Z,IN,316,38.5859,-85.7809,69,Partly Cloudy,0,5,False,False,False,False,False,0.0
2026-10-01T04:10:44Z,IN,315,39.2602,-85.9521,67,Partly Cloudy,1,3,False,False,False,False,False,0.0
2026-10-01T04:10:44Z,IN,314,39.2767,-85.9569,68,Partly Cloudy,1,3,False,False,False,False,False,0.0
2026-10-01T04:10:44Z,IN,313,40.1578,-86.5387,69,Mostly Cloudy,2,7,False,False,False,False,False,0.0
2026-10-01T04:10:44Z,IN,312,40.1722,-86.5522,69,Mostly Cloudy,2,7,False,False,False,False,False,0.0
2026-10-01T04:10:44Z,IN,311,40.6992,-87.0628,69,Chance Rain Showers,39,5,False,False,True,False,False,0.05
2026-10-01T04:10:44Z,IN,310,40.6984,-87.0646,69,Chance Rain Showers,39,5,False,False,True,False,False,0.05
2026-10-01T04:10:44Z,IN,308,41.1653,-87.271,66,Rain Showers,77,5,False,False,True,False,False,0.05
2026-10-01T04:10:44Z,IN,309,41.1666,-87.2749,66,Rain Showers,77,5,False,False,True,False,False,0.05
2026-10-01T04:10:44Z,IN,318,40.3543,-85.5576,68,Mostly Cloudy,3,6,False,False,False,False,False,0.0
2026-10-01T04:10:44Z,IN,319,40.3569,-85.56,68,Mostly Cloudy,3,6,False,False,False,False,False,0.0
2026-10-01T04:10:44Z,IN,320,41.2963,-85.0863,65,Rain Showers Likely,57,5,False,False,True,False,False,0.05
2026-10-01T04:10:44Z,IN,321,41.5803,-85.0597,65,Rain Showers Likely,62,5,False,False,True,False,False,0.05
2026-10-01T04:10:44Z,IN,300,39.4417,-87.5002,70,Mostly Cloudy,1,6,False,False,False,False,False,0.0
2026-10-01T04:10:44Z,IN,302,39.6517,-86.3967,69,Mostly Cloudy,1,6,False,False,False,False,False,0.0
2026-10-01T04:10:44Z,IN,301,39.6541,-86.4005,69,Mostly Cloudy,1,6,False,False,False,False,False,0.0
2026-10-01T04:10:44Z,IN,303,39.8243,-85.7039,68,Partly Cloudy,1,6,False,False,False,False,False,0.0
2026-10-01T04:10:44Z,IN,304,39.8266,-85.704,68,Partly Cloudy,1,6,False,False,False,False,False,0.0
2026-10-01T04:10:44Z,IN,305,39.8605,-85.0259,68,Partly Cloudy,1,5,False,False,False,False,False,0.0
2026-10-01T04:10:44Z,IN,323,39.29,-85.1688,68,Partly Cloudy,0,3,False,False,False,False,False,0.0
2026-10-01T04:10:44Z,IN,702,41.7472,-85.3285,64,Rain Showers Likely,64,5,False,False,True,False,False,0.05
2026-10-01T04:10:44Z,IN,701,41.5889,-87.2173,65,Rain Showers,80,5,False,False,True,False,False,0.05
2026-10-01T04:10:44Z,IN,704,41.7058,-86.6212,64,Rain Showers Likely,62,5,False,False,True,False,False,0.05
2026-10-01T04:10:44Z,IN,703,41.7071,-86.6235,64,Rain Showers Likely,62,5,False,False,True,False,False,0.05
2026-10-01T04:10:44Z,IN,705,41.733,-86.0057,64,Rain Showers Likely,63,5,False,False,True,False,False,0.05
2026-10-01T04:10:44Z,IN,708,41.7472,-85.3285,64,Rain Showers Likely,64,5,False,False,True,False,False,0.05
2026-10-01T04:10:44Z,IN,707,41.7453,-85.3287,64,Rain Showers Likely,64,5,False,False,True,False,False,0.05
2026-10-01T04:10:44Z,IN,324,41.7353,-86.7933,63,Rain Showers Likely,61,5,False,False,True,False,False,0.05
2026-10-01T04:10:44Z,KY,KY00065IS0000020N65WELCOM,36.6434,-86.5687,69,Partly Cloudy,0,5,False,False,False,False,False,0.0
2026-10-01T04:10:44Z,KY,KY00065IS000020NSMARATHON,36.6612,-86.5553,70,Partly Cloudy,0,7,False,False,False,False,False,0.0
2026-10-01T04:10:44Z,KY,KY00065IS0000340NWEIGHS34,36.6868,-86.5379,70,Partly Cloudy,0,7,False,False,False,False,False,0.0
2026-10-01T04:10:44Z,KY,KY00065IS0011400S65SRA114,37.9464,-85.6905,70,Partly Cloudy,0,5,False,False,False,False,False,0.0
2026-10-01T04:10:44Z,KY,KY00065IS0005900S65SRA059,37.239,-85.9297,68,Mostly Clear,0,3,False,False,False,False,False,0.0
2026-10-01T04:10:44Z,KY,KY00065IS0005900N65NRA059,37.2384,-85.9271,68,Mostly Clear,0,3,False,False,False,False,False,0.0
2026-10-01T04:10:44Z,KY,KY00075IS0003300NWEIGHS33,37.0422,-84.0968,60,Mostly Clear,0,2,False,False,False,False,False,0.0
2026-10-01T04:10:44Z,KY,KY00075IS0003400SWEIGHS34,37.048,-84.0997,61,Mostly Clear,0,2,False,False,False,False,False,0.0
2026-10-01T04:10:44Z,KY,KY00075IS0017700N75NRA177,38.937,-84.6309,69,Partly Cloudy,0,5,False,False,False,False,False,0.0
2026-10-01T04:10:44Z,KY,KY00075IS0007500SWALTONWS,38.8653,-84.6476,69,Partly Cloudy,0,5,False,False,False,False,False,0.0
2026-10-01T04:10:44Z,KY,KY00075IS0017700S75SRA177,38.9388,-84.6339,69,Partly Cloudy,0,5,False,False,False,False,False,0.0
2026-10-01T04:10:44Z,KY,KY00075IS0016800SCRITENWS,38.8196,-84.6015,70,Mostly Clear,0,5,False,False,False,False,False,0.0
2026-10-01T04:10:44Z,KY,KY00075IS0000100N75WELCOM,36.6162,-84.1054,57,Mostly Clear,0,3,False,False,False,False,False,0.0
2026-10-01T04:10:48Z,IL,IL00055IN010400050,39.8627,-89.5948,73,Mostly Cloudy,7,6,False,False,False,False,True,0.2
2026-10-01T04:10:48Z,IL,IL00057IN007900034,38.0297,-88.9203,75,Mostly Cloudy,0,7,False,False,False,False,True,0.2
2026-10-01T04:10:48Z,IL,IL00055IN014900028,40.3599,-89.1099,69,Mostly Cloudy,8,7,False,False,False,False,True,0.2
2026-10-01T04:10:48Z,IL,IL00055IN019400031,40.8234,-88.6875,67,Chance Rain Showers,53,5,False,False,True,False,True,0.2
2026-10-01T04:10:48Z,IL,IL00057IN011400033,38.5963,-88.9638,76,Mostly Cloudy,1,7,False,False,False,False,True,0.2
2026-10-01T04:10:48Z,IL,IL00064IE002500038,38.5481,-89.7731,77,Mostly Cloudy,2,8,False,False,False,False,True,0.2
2026-10-01T04:10:48Z,IL,IL00055IN002700029,38.8649,-89.8532,77,Mostly Cloudy,2,8,False,False,False,False,True,0.2
2026-10-01T04:10:48Z,IL,IL00057IN022200048,39.9218,-88.299,72,Mostly Cloudy,1,8,False,False,False,False,True,0.2
2026-10-01T04:10:48Z,IL,IL00057IS033300046,41.3918,-87.7749,65,Rain Showers,80,5,False,False,True,False,True,0.2
2026-10-01T04:10:48Z,IL,IL00080IE011700043,41.4314,-88.3454,66,Rain Showers,80,5,False,False,True,False,True,0.2
2026-10-01T04:10:48Z,IL,IL00057IS022200054,39.9314,-88.3043,72,Mostly Cloudy,1,8,False,False,False,False,True,0.2
2026-10-01T04:10:48Z,IL,IL00057IS026800022,40.5613,-88.0615,68,Chance Rain Showers,48,5,False,False,True,False,True,0.2
2026-10-01T04:10:48Z,IL,IL00055IN006400027,39.3465,-89.6408,75,Mostly Cloudy,2,7,False,False,False,False,True,0.2
2026-10-01T04:10:48Z,IL,IL00057IN026800032,40.5505,-88.0605,68,Chance Rain Showers,48,5,False,False,True,False,True,0.2
2026-10-01T04:10:48Z,IL,IL00080IE005100040,41.3938,-89.5665,64,Chance Showers And Thunderstorms,39,5,False,False,True,True,True,0.2
2026-10-01T04:10:48Z,IL,IL00064IW008500012,38.2766,-88.8012,73,Mostly Cloudy,1,7,False,False,False,False,True,0.2
2026-10-01T04:10:48Z,IL,IL00070IE008600051,39.0651,-88.6745,75,Mostly Cloudy,1,7,False,False,False,False,True,0.2
2026-10-01T04:10:48Z,IL,IL00070IE002700042,38.7849,-89.7023,77,Mostly Cloudy,2,8,False,False,False,False,True,0.2
2026-10-01T04:10:48Z,IL,IL00024IW003700010,37.1593,-88.6798,69,Partly Cloudy,0,1,False,False,False,False,True,0.2
2026-10-01T04:10:48Z,IL,IL00064IE008500039,38.273,-88.8496,73,Mostly Cloudy,1,7,False,False,False,False,True,0.2
2026-10-01T04:10:48Z,IL,IL00074IW015600009,40.2711,-88.6701,69,Mostly Cloudy,4,6,False,False,False,False,True,0.2
2026-10-01T04:10:48Z,IL,IL00064IW002500011,38.5491,-89.7633,77,Mostly Cloudy,2,8,False,False,False,False,True,0.2
2026-10-01T04:10:48Z,IL,IL00080IW005100013,41.3937,-89.5591,64,Chance Showers And Thunderstorms,39,0,False,False,True,True,True,0.2
2026-10-01T04:10:48Z,IL,IL00074IW020800052,40.1298,-87.7441,69,Mostly Cloudy,2,6,False,False,False,False,True,0.2
2026-10-01T04:10:48Z,IL,IL00070IW002700015,38.7884,-89.6889,77,Mostly Cloudy,2,8,False,False,False,False,True,0.2
2026-10-01T04:10:48Z,IL,IL00055IS002700019,38.8723,-89.8511,77,Mostly Cloudy,2,8,False,False,False,False,True,0.2
2026-10-01T04:10:48Z,IL,IL00057IS007900047,38.0962,-88.9138,77,Mostly Cloudy,1,8,False,False,False,False,True,0.2
2026-10-01T04:10:48Z,IL,IL00074IE002800030,41.2334,-90.333,66,Chance Showers And Thunderstorms,44,5,False,False,True,True,True,0.2
2026-10-01T04:10:48Z,IL,IL00055IS006400017,39.3523,-89.6447,75,Mostly Cloudy,2,7,False,False,False,False,True,0.2
2026-10-01T04:10:48Z,IL,IL00074IE015600037,40.2732,-88.6762,69,Mostly Cloudy,4,6,False,False,False,False,True,0.2
2026-10-01T04:10:48Z,IL,IL00072IW015200014,39.9888,-88.7852,71,Mostly Cloudy,3,7,False,False,False,False,True,0.2
2026-10-01T04:10:48Z,IL,IL00064IW013000053,38.2322,-87.9882,73,Mostly Cloudy,0,6,False,False,False,False,True,0.2
2026-10-01T04:10:48Z,IL,IL00055IS019400021,40.8371,-88.6833,67,Chance Rain Showers,54,5,False,False,True,False,True,0.2
2026-10-01T04:10:48Z,IL,IL00057IS011400023,38.5965,-88.9677,76,Mostly Cloudy,1,7,False,False,False,False,True,0.2
2026-10-01T04:10:48Z,IL,IL00039IN008500036,41.7236,-89.0062,65,Rain Showers,80,5,False,False,True,False,True,0.2
2026-10-01T04:10:48Z,IL,IL00080IW011700016,41.4473,-88.3285,66,Rain Showers,80,5,False,False,True,False,True,0.2
2026-10-01T04:10:48Z,IL,IL00074IW002800020,41.2141,-90.3308,66,Chance Showers And Thunderstorms,44,5,False,False,True,True,True,0.2
2026-10-01T04:10:48Z,IL,IL00039IS008500026,41.7285,-89.0105,65,Rain Showers,80,5,False,False,True,False,True,0.2
2026-10-01T04:10:48Z,IL,IL00057IN033300049,41.3892,-87.7729,65,Rain Showers,80,5,False,False,True,False,True,0.2
2026-10-01T04:10:48Z,IL,IL00074IW011400006,40.6111,-89.2323,68,Mostly Cloudy,14,5,False,False,False,False,True,0.2
2026-10-01T04:10:48Z,IL,IL00070IW014900008,39.4228,-87.6617,72,Mostly Cloudy,1,7,False,False,False,False,True,0.2
2026-10-01T04:10:48Z,IL,IL00074IE011400005,40.6125,-89.245,68,Mostly Cloudy,14,5,False,False,False,False,True,0.2
2026-10-01T04:10:48Z,IL,IL00074IW006200004,40.8802,-90.0895,66,Chance Rain Showers,38,2,False,False,True,False,True,0.2
2026-10-01T04:10:48Z,IL,IL00074IE006200001,40.8788,-90.0936,66,Chance Rain Showers,38,2,False,False,True,False,True,0.2
2026-10-01T04:10:48Z,IL,IL00055IS010400024,39.8871,-89.5966,73,Mostly Cloudy,7,6,False,False,False,False,True,0.2
2026-10-01T04:10:48Z,IL,IL00057IS003200025,37.4699,-89.1329,73,Partly Cloudy,0,5,False,False,False,False,True,0.2
2026-10-01T04:10:48Z,IL,IL00057IN003200035,37.4661,-89.1324,73,Partly Cloudy,0,5,False,False,False,False,True,0.2
2026-10-01T04:10:48Z,IL,IL00070IW008700045,39.0679,-88.6704,75,Mostly Cloudy,1,7,False,False,False,False,True,0.2
2026-10-01T04:10:48Z,IL,IL00057IS016500018,39.1993,-88.502,75,Mostly Cloudy,1,8,False,False,False,False,True,0.2
2026-10-01T04:10:48Z,IL,IL00057IN016500044,39.1898,-88.5031,75,Mostly Cloudy,1,8,False,False,False,False,True,0.2
2026-10-01T04:10:48Z,IL,IL00072IE015200041,39.9923,-88.7827,71,Mostly Cloudy,3,7,False,False,False,False,True,0.2
2026-10-01T04:10:48Z,IN,322,38.195,-87.8597,73,Mostly Cloudy,0,6,False,False,False,False,False,0.0
2026-10-01T04:10:48Z,IN,317,38.5852,-85.7768,69,Partly Cloudy,0,5,False,False,False,False,False,0.0
2026-10-01T04:10:48Z,IN,316,38.5859,-85.7809,69,Partly Cloudy,0,5,False,False,False,False,False,0.0
2026-10-01T04:10:48Z,IN,315,39.2602,-85.9521,67,Partly Cloudy,1,3,False,False,False,False,False,0.0
2026-10-01T04:10:48Z,IN,314,39.2767,-85.9569,68,Partly Cloudy,1,3,False,False,False,False,False,0.0
2026-10-01T04:10:48Z,IN,313,40.1578,-86.5387,69,Mostly Cloudy,2,7,False,False,False,False,False,0.0
2026-10-01T04:10:48Z,IN,312,40.1722,-86.5522,69,Mostly Cloudy,2,7,False,False,False,False,False,0.0
2026-10-01T04:10:48Z,IN,311,40.6992,-87.0628,69,Chance Rain Showers,39,5,False,False,True,False,False,0.05
2026-10-01T04:10:48Z,IN,310,40.6984,-87.0646,69,Chance Rain Showers,39,5,False,False,True,False,False,0.05
2026-10-01T04:10:48Z,IN,308,41.1653,-87.271,66,Rain Showers,77,5,False,False,True,False,False,0.05
2026-10-01T04:10:48Z,IN,309,41.1666,-87.2749,66,Rain Showers,77,5,False,False,True,False,False,0.05
2026-10-01T04:10:48Z,IN,318,40.3543,-85.5576,68,Mostly Cloudy,3,6,False,False,False,False,False,0.0
2026-10-01T04:10:48Z,IN,319,40.3569,-85.56,68,Mostly Cloudy,3,6,False,False,False,False,False,0.0
2026-10-01T04:10:48Z,IN,320,41.2963,-85.0863,65,Rain Showers Likely,57,5,False,False,True,False,False,0.05
2026-10-01T04:10:48Z,IN,321,41.5803,-85.0597,65,Rain Showers Likely,62,5,False,False,True,False,False,0.05
2026-10-01T04:10:48Z,IN,300,39.4417,-87.5002,70,Mostly Cloudy,1,6,False,False,False,False,False,0.0
2026-10-01T04:10:48Z,IN,302,39.6517,-86.3967,69,Mostly Cloudy,1,6,False,False,False,False,False,0.0
2026-10-01T04:10:48Z,IN,301,39.6541,-86.4005,69,Mostly Cloudy,1,6,False,False,False,False,False,0.0
2026-10-01T04:10:48Z,IN,303,39.8243,-85.7039,68,Partly Cloudy,1,6,False,False,False,False,False,0.0
2026-10-01T04:10:48Z,IN,304,39.8266,-85.704,68,Partly Cloudy,1,6,False,False,False,False,False,0.0
2026-10-01T04:10:48Z,IN,305,39.8605,-85.0259,68,Partly Cloudy,1,5,False,False,False,False,False,0.0
2026-10-01T04:10:48Z,IN,323,39.29,-85.1688,68,Partly Cloudy,0,3,False,False,False,False,False,0.0
2026-10-01T04:10:48Z,IN,702,41.7472,-85.3285,64,Rain Showers Likely,64,5,False,False,True,False,False,0.05
2026-10-01T04:10:48Z,IN,701,41.5889,-87.2173,65,Rain Showers,80,5,False,False,True,False,False,0.05
2026-10-01T04:10:48Z,IN,704,41.7058,-86.6212,64,Rain Showers Likely,62,5,False,False,True,False,False,0.05
2026-10-01T04:10:48Z,IN,703,41.7071,-86.6235,64,Rain Showers Likely,62,5,False,False,True,False,False,0.05
2026-10-01T04:10:48Z,IN,705,41.733,-86.0057,64,Rain Showers Likely,63,5,False,False,True,False,False,0.05
2026-10-01T04:10:48Z,IN,708,41.7472,-85.3285,64,Rain Showers Likely,64,5,False,False,True,False,False,0.05
2026-10-01T04:10:48Z,IN,707,41.7453,-85.3287,64,Rain Showers Likely,64,5,False,False,True,False,False,0.05
2026-10-01T04:10:48Z,IN,324,41.7353,-86.7933,63,Rain Showers Likely,61,5,False,False,True,False,False,0.05
2026-10-01T04:10:48Z,KY,KY00065IS0000020N65WELCOM,36.6434,-86.5687,69,Partly Cloudy,0,5,False,False,False,False,False,0.0
2026-10-01T04:10:48Z,KY,KY00065IS000020NSMARATHON,36.6612,-86.5553,70,Partly Cloudy,0,7,False,False,False,False,False,0.0
2026-10-01T04:10:48Z,KY,KY00065IS0000340NWEIGHS34,36.6868,-86.5379,70,Partly Cloudy,0,7,False,False,False,False,False,0.0
2026-10-01T04:10:48Z,KY,KY00065IS0011400S65SRA114,37.9464,-85.6905,70,Partly Cloudy,0,5,False,False,False,False,False,0.0
2026-10-01T04:10:48Z,KY,KY00065IS0005900S65SRA059,37.239,-85.9297,68,Mostly Clear,0,3,False,False,False,False,False,0.0
2026-10-01T04:10:48Z,KY,KY00065IS0005900N65NRA059,37.2384,-85.9271,68,Mostly Clear,0,3,False,False,False,False,False,0.0
2026-10-01T04:10:48Z,KY,KY00075IS0003300NWEIGHS33,37.0422,-84.0968,60,Mostly Clear,0,2,False,False,False,False,False,0.0
2026-10-01T04:10:48Z,KY,KY00075IS0003400SWEIGHS34,37.048,-84.0997,61,Mostly Clear,0,2,False,False,False,False,False,0.0
2026-10-01T04:10:48Z,KY,KY00075IS0017700N75NRA177,38.937,-84.6309,69,Partly Cloudy,0,5,False,False,False,False,False,0.0
2026-10-01T04:10:48Z,KY,KY00075IS0007500SWALTONWS,38.8653,-84.6476,69,Partly Cloudy,0,5,False,False,False,False,False,0.0
2026-10-01T04:10:48Z,KY,KY00075IS0017700S75SRA177,38.9388,-84.6339,69,Partly Cloudy,0,5,False,False,False,False,False,0.0
2026-10-01T04:10:48Z,KY,KY00075IS0016800SCRITENWS,38.8196,-84.6015,70,Mostly Clear,0,5,False,False,False,False,False,0.0
2026-10-01T04:10:48Z,KY,KY00075IS0000100N75WELCOM,36.6162,-84.1054,57,Mostly Clear,0,3,False,False,False,False,False,0.0
2026-10-01T04:10:52Z,IL,IL00055IN010400050,39.8627,-89.5948,73,Mostly Cloudy,7,6,False,False,False,False,True,0.2
2026-10-01T04:10:52Z,IL,IL00057IN007900034,38.0297,-88.9203,75,Mostly Cloudy,0,7,False,False,False,False,True,0.2
2026-10-01T04:10:52Z,IL,IL00055IN014900028,40.3599,-89.1099,69,Mostly Cloudy,8,7,False,False,False,False,True,0.2
2026-10-01T04:10:52Z,IL,IL00055IN019400031,40.8234,-88.6875,67,Chance Rain Showers,53,5,False,False,True,False,True,0.2
2026-10-01T04:10:52Z,IL,IL00057IN011400033,38.5963,-88.9638,76,Mostly Cloudy,1,7,False,False,False,False,True,0.2
2026-10-01T04:10:52Z,IL,IL00064IE002500038,38.5481,-89.7731,77,Mostly Cloudy,2,8,False,False,False,False,True,0.2
2026-10-01T04:10:52Z,IL,IL00055IN002700029,38.8649,-89.8532,77,Mostly Cloudy,2,8,False,False,False,False,True,0.2
2026-10-01T04:10:52Z,IL,IL00057IN022200048,39.9218,-88.299,72,Mostly Cloudy,1,8,False,False,False,False,True,0.2
2026-10-01T04:10:52Z,IL,IL00057IS033300046,41.3918,-87.7749,65,Rain Showers,80,5,False,False,True,False,True,0.2
2026-10-01T04:10:52Z,IL,IL00080IE011700043,41.4314,-88.3454,66,Rain Showers,80,5,False,False,True,False,True,0.2
2026-10-01T04:10:52Z,IL,IL00057IS022200054,39.9314,-88.3043,72,Mostly Cloudy,1,8,False,False,False,False,True,0.2
2026-10-01T04:10:52Z,IL,IL00057IS026800022,40.5613,-88.0615,68,Chance Rain Showers,48,5,False,False,True,False,True,0.2
2026-10-01T04:10:52Z,IL,IL00055IN006400027,39.3465,-89.6408,75,Mostly Cloudy,2,7,False,False,False,False,True,0.2
2026-10-01T04:10:52Z,IL,IL00057IN026800032,40.5505,-88.0605,68,Chance Rain Showers,48,5,False,False,True,False,True,0.2
2026-10-01T04:10:52Z,IL,IL00080IE005100040,41.3938,-89.5665,64,Chance Showers And Thunderstorms,39,5,False,False,True,True,True,0.2
2026-10-01T04:10:52Z,IL,IL00064IW008500012,38.2766,-88.8012,73,Mostly Cloudy,1,7,False,False,False,False,True,0.2
2026-10-01T04:10:52Z,IL,IL00070IE008600051,39.0651,-88.6745,75,Mostly Cloudy,1,7,False,False,False,False,True,0.2
2026-10-01T04:10:52Z,IL,IL00070IE002700042,38.7849,-89.7023,77,Mostly Cloudy,2,8,False,False,False,False,True,0.2
2026-10-01T04:10:52Z,IL,IL00024IW003700010,37.1593,-88.6798,69,Partly Cloudy,0,1,False,False,False,False,True,0.2
2026-10-01T04:10:52Z,IL,IL00064IE008500039,38.273,-88.8496,73,Mostly Cloudy,1,7,False,False,False,False,True,0.2
2026-10-01T04:10:52Z,IL,IL00074IW015600009,40.2711,-88.6701,69,Mostly Cloudy,4,6,False,False,False,False,True,0.2
2026-10-01T04:10:52Z,IL,IL00064IW002500011,38.5491,-89.7633,77,Mostly Cloudy,2,8,False,False,False,False,True,0.2
2026-10-01T04:10:52Z,IL,IL00080IW005100013,41.3937,-89.5591,64,Chance Showers And Thunderstorms,39,0,False,False,True,True,True,0.2
2026-10-01T04:10:52Z,IL,IL00074IW020800052,40.1298,-87.7441,69,Mostly Cloudy,2,6,False,False,False,False,True,0.2
2026-10-01T04:10:52Z,IL,IL00070IW002700015,38.7884,-89.6889,77,Mostly Cloudy,2,8,False,False,False,False,True,0.2
2026-10-01T04:10:52Z,IL,IL00055IS002700019,38.8723,-89.8511,77,Mostly Cloudy,2,8,False,False,False,False,True,0.2
2026-10-01T04:10:52Z,IL,IL00057IS007900047,38.0962,-88.9138,77,Mostly Cloudy,1,8,False,False,False,False,True,0.2
2026-10-01T04:10:52Z,IL,IL00074IE002800030,41.2334,-90.333,66,Chance Showers And Thunderstorms,44,5,False,False,True,True,True,0.2
2026-10-01T04:10:52Z,IL,IL00055IS006400017,39.3523,-89.6447,75,Mostly Cloudy,2,7,False,False,False,False,True,0.2
2026-10-01T04:10:52Z,IL,IL00074IE015600037,40.2732,-88.6762,69,Mostly Cloudy,4,6,False,False,False,False,True,0.2
2026-10-01T04:10:52Z,IL,IL00072IW015200014,39.9888,-88.7852,71,Mostly Cloudy,3,7,False,False,False,False,True,0.2
2026-10-01T04:10:52Z,IL,IL00064IW013000053,38.2322,-87.9882,73,Mostly Cloudy,0,6,False,False,False,False,True,0.2
2026-10-01T04:10:52Z,IL,IL00055IS019400021,40.8371,-88.6833,67,Chance Rain Showers,54,5,False,False,True,False,True,0.2
2026-10-01T04:10:52Z,IL,IL00057IS011400023,38.5965,-88.9677,76,Mostly Cloudy,1,7,False,False,False,False,True,0.2
2026-10-01T04:10:52Z,IL,IL00039IN008500036,41.7236,-89.0062,65,Rain Showers,80,5,False,False,True,False,True,0.2
2026-10-01T04:10:52Z,IL,IL00080IW011700016,41.4473,-88.3285,66,Rain Showers,80,5,False,False,True,False,True,0.2
2026-10-01T04:10:52Z,IL,IL00074IW002800020,41.2141,-90.3308,66,Chance Showers And Thunderstorms,44,5,False,False,True,True,True,0.2
2026-10-01T04:10:52Z,IL,IL00039IS008500026,41.7285,-89.0105,65,Rain Showers,80,5,False,False,True,False,True,0.2
2026-10-01T04:10:52Z,IL,IL00057IN033300049,41.3892,-87.7729,65,Rain Showers,80,5,False,False,True,False,True,0.2
2026-10-01T04:10:52Z,IL,IL00074IW011400006,40.6111,-89.2323,68,Mostly Cloudy,14,5,False,False,False,False,True,0.2
2026-10-01T04:10:52Z,IL,IL00070IW014900008,39.4228,-87.6617,72,Mostly Cloudy,1,7,False,False,False,False,True,0.2
2026-10-01T04:10:52Z,IL,IL00074IE011400005,40.6125,-89.245,68,Mostly Cloudy,14,5,False,False,False,False,True,0.2
2026-10-01T04:10:52Z,IL,IL00074IW006200004,40.8802,-90.0895,66,Chance Rain Showers,38,2,False,False,True,False,True,0.2
2026-10-01T04:10:52Z,IL,IL00074IE006200001,40.8788,-90.0936,66,Chance Rain Showers,38,2,False,False,True,False,True,0.2
2026-10-01T04:10:52Z,IL,IL00055IS010400024,39.8871,-89.5966,73,Mostly Cloudy,7,6,False,False,False,False,True,0.2
2026-10-01T04:10:52Z,IL,IL00057IS003200025,37.4699,-89.1329,73,Partly Cloudy,0,5,False,False,False,False,True,0.2
2026-10-01T04:10:52Z,IL,IL00057IN003200035,37.4661,-89.1324,73,Partly Cloudy,0,5,False,False,False,False,True,0.2
2026-10-01T04:10:52Z,IL,IL00070IW008700045,39.0679,-88.6704,75,Mostly Cloudy,1,7,False,False,False,False,True,0.2
2026-10-01T04:10:52Z,IL,IL00057IS016500018,39.1993,-88.502,75,Mostly Cloudy,1,8,False,False,False,False,True,0.2
2026-10-01T04:10:52Z,IL,IL00057IN016500044,39.1898,-88.5031,75,Mostly Cloudy,1,8,False,False,False,False,True,0.2
2026-10-01T04:10:52Z,IL,IL00072IE015200041,39.9923,-88.7827,71,Mostly Cloudy,3,7,False,False,False,False,True,0.2
2026-10-01T04:10:52Z,IN,322,38.195,-87.8597,73,Mostly Cloudy,0,6,False,False,False,False,False,0.0
2026-10-01T04:10:52Z,IN,317,38.5852,-85.7768,69,Partly Cloudy,0,5,False,False,False,False,False,0.0
2026-10-01T04:10:52Z,IN,316,38.5859,-85.7809,69,Partly Cloudy,0,5,False,False,False,False,False,0.0
2026-10-01T04:10:52Z,IN,315,39.2602,-85.9521,67,Partly Cloudy,1,3,False,False,False,False,False,0.0
2026-10-01T04:10:52Z,IN,314,39.2767,-85.9569,68,Partly Cloudy,1,3,False,False,False,False,False,0.0
2026-10-01T04:10:52Z,IN,313,40.1578,-86.5387,69,Mostly Cloudy,2,7,False,False,False,False,False,0.0
2026-10-01T04:10:52Z,IN,312,40.1722,-86.5522,69,Mostly Cloudy,2,7,False,False,False,False,False,0.0
2026-10-01T04:10:52Z,IN,311,40.6992,-87.0628,69,Chance Rain Showers,39,5,False,False,True,False,False,0.05
2026-10-01T04:10:52Z,IN,310,40.6984,-87.0646,69,Chance Rain Showers,39,5,False,False,True,False,False,0.05
2026-10-01T04:10:52Z,IN,308,41.1653,-87.271,66,Rain Showers,77,5,False,False,True,False,False,0.05
2026-10-01T04:10:52Z,IN,309,41.1666,-87.2749,66,Rain Showers,77,5,False,False,True,False,False,0.05
2026-10-01T04:10:52Z,IN,318,40.3543,-85.5576,68,Mostly Cloudy,3,6,False,False,False,False,False,0.0
2026-10-01T04:10:52Z,IN,319,40.3569,-85.56,68,Mostly Cloudy,3,6,False,False,False,False,False,0.0
2026-10-01T04:10:52Z,IN,320,41.2963,-85.0863,65,Rain Showers Likely,57,5,False,False,True,False,False,0.05
2026-10-01T04:10:52Z,IN,321,41.5803,-85.0597,65,Rain Showers Likely,62,5,False,False,True,False,False,0.05
2026-10-01T04:10:52Z,IN,300,39.4417,-87.5002,70,Mostly Cloudy,1,6,False,False,False,False,False,0.0
2026-10-01T04:10:52Z,IN,302,39.6517,-86.3967,69,Mostly Cloudy,1,6,False,False,False,False,False,0.0
2026-10-01T04:10:52Z,IN,301,39.6541,-86.4005,69,Mostly Cloudy,1,6,False,False,False,False,False,0.0
2026-10-01T04:10:52Z,IN,303,39.8243,-85.7039,68,Partly Cloudy,1,6,False,False,False,False,False,0.0
2026-10-01T04:10:52Z,IN,304,39.8266,-85.704,68,Partly Cloudy,1,6,False,False,False,False,False,0.0
2026-10-01T04:10:52Z,IN,305,39.8605,-85.0259,68,Partly Cloudy,1,5,False,False,False,False,False,0.0
2026-10-01T04:10:52Z,IN,323,39.29,-85.1688,68,Partly Cloudy,0,3,False,False,False,False,False,0.0
2026-10-01T04:10:52Z,IN,702,41.7472,-85.3285,64,Rain Showers Likely,64,5,False,False,True,False,False,0.05
2026-10-01T04:10:52Z,IN,701,41.5889,-87.2173,65,Rain Showers,80,5,False,False,True,False,False,0.05
2026-10-01T04:10:52Z,IN,704,41.7058,-86.6212,64,Rain Showers Likely,62,5,False,False,True,False,False,0.05
2026-10-01T04:10:52Z,IN,703,41.7071,-86.6235,64,Rain Showers Likely,62,5,False,False,True,False,False,0.05
2026-10-01T04:10:52Z,IN,705,41.733,-86.0057,64,Rain Showers Likely,63,5,False,False,True,False,False,0.05
2026-10-01T04:10:52Z,IN,708,41.7472,-85.3285,64,Rain Showers Likely,64,5,False,False,True,False,False,0.05
2026-10-01T04:10:52Z,IN,707,41.7453,-85.3287,64,Rain Showers Likely,64,5,False,False,True,False,False,0.05
2026-10-01T04:10:52Z,IN,324,41.7353,-86.7933,63,Rain Showers Likely,61,5,False,False,True,False,False,0.05
2026-10-01T04:10:52Z,KY,KY00065IS0000020N65WELCOM,36.6434,-86.5687,69,Partly Cloudy,0,5,False,False,False,False,False,0.0
2026-10-01T04:10:52Z,KY,KY00065IS000020NSMARATHON,36.6612,-86.5553,70,Partly Cloudy,0,7,False,False,False,False,False,0.0
2026-10-01T04:10:52Z,KY,KY00065IS0000340NWEIGHS34,36.6868,-86.5379,70,Partly Cloudy,0,7,False,False,False,False,False,0.0
2026-10-01T04:10:52Z,KY,KY00065IS0011400S65SRA114,37.9464,-85.6905,70,Partly Cloudy,0,5,False,False,False,False,False,0.0
2026-10-01T04:10:52Z,KY,KY00065IS0005900S65SRA059,37.239,-85.9297,68,Mostly Clear,0,3,False,False,False,False,False,0.0
2026-10-01T04:10:52Z,KY,KY00065IS0005900N65NRA059,37.2384,-85.9271,68,Mostly Clear,0,3,False,False,False,False,False,0.0
2026-10-01T04:10:52Z,KY,KY00075IS0003300NWEIGHS33,37.0422,-84.0968,60,Mostly Clear,0,2,False,False,False,False,False,0.0
2026-10-01T04:10:52Z,KY,KY00075IS0003400SWEIGHS34,37.048,-84.0997,61,Mostly Clear,0,2,False,False,False,False,False,0.0
2026-10-01T04:10:52Z,KY,KY00075IS0017700N75NRA177,38.937,-84.6309,69,Partly Cloudy,0,5,False,False,False,False,False,0.0
2026-10-01T04:10:52Z,KY,KY00075IS0007500SWALTONWS,38.8653,-84.6476,69,Partly Cloudy,0,5,False,False,False,False,False,0.0
2026-10-01T04:10:52Z,KY,KY00075IS0017700S75SRA177,38.9388,-84.6339,69,Partly Cloudy,0,5,False,False,False,False,False,0.0
2026-10-01T04:10:52Z,KY,KY00075IS0016800SCRITENWS,38.8196,-84.6015,70,Mostly Clear,0,5,False,False,False,False,False,0.0
2026-10-01T04:10:52Z,KY,KY00075IS0000100N75WELCOM,36.6162,-84.1054,57,Mostly Clear,0,3,False,False,False,False,False,0.0
2026-10-01T04:10:56Z,IL,IL00055IN010400050,39.8627,-89.5948,73,Mostly Cloudy,7,6,False,False,False,False,True,0.2
2026-10-01T04:10:56Z,IL,IL00057IN007900034,38.0297,-88.9203,75,Mostly Cloudy,0,7,False,False,False,False,True,0.2
2026-10-01T04:10:56Z,IL,IL00055IN014900028,40.3599,-89.1099,69,Mostly Cloudy,8,7,False,False,False,False,True,0.2
2026-10-01T04:10:56Z,IL,IL00055IN019400031,40.8234,-88.6875,67,Chance Rain Showers,53,5,False,False,True,False,True,0.2
2026-10-01T04:10:56Z,IL,IL00057IN011400033,38.5963,-88.9638,76,Mostly Cloudy,1,7,False,False,False,False,True,0.2
2026-10-01T04:10:56Z,IL,IL00064IE002500038,38.5481,-89.7731,77,Mostly Cloudy,2,8,False,False,False,False,True,0.2
2026-10-01T04:10:56Z,IL,IL00055IN002700029,38.8649,-89.8532,77,Mostly Cloudy,2,8,False,False,False,False,True,0.2
2026-10-01T04:10:56Z,IL,IL00057IN022200048,39.9218,-88.299,72,Mostly Cloudy,1,8,False,False,False,False,True,0.2
2026-10-01T04:10:56Z,IL,IL00057IS033300046,41.3918,-87.7749,65,Rain Showers,80,5,False,False,True,False,True,0.2
2026-10-01T04:10:56Z,IL,IL00080IE011700043,41.4314,-88.3454,66,Rain Showers,80,5,False,False,True,False,True,0.2
2026-10-01T04:10:56Z,IL,IL00057IS022200054,39.9314,-88.3043,72,Mostly Cloudy,1,8,False,False,False,False,True,0.2
2026-10-01T04:10:56Z,IL,IL00057IS026800022,40.5613,-88.0615,68,Chance Rain Showers,48,5,False,False,True,False,True,0.2
2026-10-01T04:10:56Z,IL,IL00055IN006400027,39.3465,-89.6408,75,Mostly Cloudy,2,7,False,False,False,False,True,0.2
2026-10-01T04:10:56Z,IL,IL00057IN026800032,40.5505,-88.0605,68,Chance Rain Showers,48,5,False,False,True,False,True,0.2
2026-10-01T04:10:56Z,IL,IL00080IE005100040,41.3938,-89.5665,64,Chance Showers And Thunderstorms,39,5,False,False,True,True,True,0.2
2026-10-01T04:10:56Z,IL,IL00064IW008500012,38.2766,-88.8012,73,Mostly Cloudy,1,7,False,False,False,False,True,0.2
2026-10-01T04:10:56Z,IL,IL00070IE008600051,39.0651,-88.6745,75,Mostly Cloudy,1,7,False,False,False,False,True,0.2
2026-10-01T04:10:56Z,IL,IL00070IE002700042,38.7849,-89.7023,77,Mostly Cloudy,2,8,False,False,False,False,True,0.2
2026-10-01T04:10:56Z,IL,IL00024IW003700010,37.1593,-88.6798,69,Partly Cloudy,0,1,False,False,False,False,True,0.2
2026-10-01T04:10:56Z,IL,IL00064IE008500039,38.273,-88.8496,73,Mostly Cloudy,1,7,False,False,False,False,True,0.2
2026-10-01T04:10:56Z,IL,IL00074IW015600009,40.2711,-88.6701,69,Mostly Cloudy,4,6,False,False,False,False,True,0.2
2026-10-01T04:10:56Z,IL,IL00064IW002500011,38.5491,-89.7633,77,Mostly Cloudy,2,8,False,False,False,False,True,0.2
2026-10-01T04:10:56Z,IL,IL00080IW005100013,41.3937,-89.5591,64,Chance Showers And Thunderstorms,39,0,False,False,True,True,True,0.2
2026-10-01T04:10:56Z,IL,IL00074IW020800052,40.1298,-87.7441,69,Mostly Cloudy,2,6,False,False,False,False,True,0.2
2026-10-01T04:10:56Z,IL,IL00070IW002700015,38.7884,-89.6889,77,Mostly Cloudy,2,8,False,False,False,False,True,0.2
2026-10-01T04:10:56Z,IL,IL00055IS002700019,38.8723,-89.8511,77,Mostly Cloudy,2,8,False,False,False,False,True,0.2
2026-10-01T04:10:56Z,IL,IL00057IS007900047,38.0962,-88.9138,77,Mostly Cloudy,1,8,False,False,False,False,True,0.2
2026-10-01T04:10:56Z,IL,IL00074IE002800030,41.2334,-90.333,66,Chance Showers And Thunderstorms,44,5,False,False,True,True,True,0.2
2026-10-01T04:10:56Z,IL,IL00055IS006400017,39.3523,-89.6447,75,Mostly Cloudy,2,7,False,False,False,False,True,0.2
2026-10-01T04:10:56Z,IL,IL00074IE015600037,40.2732,-88.6762,69,Mostly Cloudy,4,6,False,False,False,False,True,0.2
2026-10-01T04:10:56Z,IL,IL00072IW015200014,39.9888,-88.7852,71,Mostly Cloudy,3,7,False,False,False,False,True,0.2
2026-10-01T04:10:56Z,IL,IL00064IW013000053,38.2322,-87.9882,73,Mostly Cloudy,0,6,False,False,False,False,True,0.2
2026-10-01T04:10:56Z,IL,IL00055IS019400021,40.8371,-88.6833,67,Chance Rain Showers,54,5,False,False,True,False,True,0.2
2026-10-01T04:10:56Z,IL,IL00057IS011400023,38.5965,-88.9677,76,Mostly Cloudy,1,7,False,False,False,False,True,0.2
2026-10-01T04:10:56Z,IL,IL00039IN008500036,41.7236,-89.0062,65,Rain Showers,80,5,False,False,True,False,True,0.2
2026-10-01T04:10:56Z,IL,IL00080IW011700016,41.4473,-88.3285,66,Rain Showers,80,5,False,False,True,False,True,0.2
2026-10-01T04:10:56Z,IL,IL00074IW002800020,41.2141,-90.3308,66,Chance Showers And Thunderstorms,44,5,False,False,True,True,True,0.2
2026-10-01T04:10:56Z,IL,IL00039IS008500026,41.7285,-89.0105,65,Rain Showers,80,5,False,False,True,False,True,0.2
2026-10-01T04:10:56Z,IL,IL00057IN033300049,41.3892,-87.7729,65,Rain Showers,80,5,False,False,True,False,True,0.2
2026-10-01T04:10:56Z,IL,IL00074IW011400006,40.6111,-89.2323,68,Mostly Cloudy,14,5,False,False,False,False,True,0.2
2026-10-01T04:10:56Z,IL,IL00070IW014900008,39.4228,-87.6617,72,Mostly Cloudy,1,7,False,False,False,False,True,0.2
2026-10-01T04:10:56Z,IL,IL00074IE011400005,40.6125,-89.245,68,Mostly Cloudy,14,5,False,False,False,False,True,0.2
2026-10-01T04:10:56Z,IL,IL00074IW006200004,40.8802,-90.0895,66,Chance Rain Showers,38,2,False,False,True,False,True,0.2
2026-10-01T04:10:56Z,IL,IL00074IE006200001,40.8788,-90.0936,66,Chance Rain Showers,38,2,False,False,True,False,True,0.2
2026-10-01T04:10:56Z,IL,IL00055IS010400024,39.8871,-89.5966,73,Mostly Cloudy,7,6,False,False,False,False,True,0.2
2026-10-01T04:10:56Z,IL,IL00057IS003200025,37.4699,-89.1329,73,Partly Cloudy,0,5,False,False,False,False,True,0.2
2026-10-01T04:10:56Z,IL,IL00057IN003200035,37.4661,-89.1324,73,Partly Cloudy,0,5,False,False,False,False,True,0.2
2026-10-01T04:10:56Z,IL,IL00070IW008700045,39.0679,-88.6704,75,Mostly Cloudy,1,7,False,False,False,False,True,0.2
2026-10-01T04:10:56Z,IL,IL00057IS016500018,39.1993,-88.502,75,Mostly Cloudy,1,8,False,False,False,False,True,0.2
2026-10-01T04:10:56Z,IL,IL00057IN016500044,39.1898,-88.5031,75,Mostly Cloudy,1,8,False,False,False,False,True,0.2
2026-10-01T04:10:56Z,IL,IL00072IE015200041,39.9923,-88.7827,71,Mostly Cloudy,3,7,False,False,False,False,True,0.2
2026-10-01T04:10:56Z,IN,322,38.195,-87.8597,73,Mostly Cloudy,0,6,False,False,False,False,False,0.0
2026-10-01T04:10:56Z,IN,317,38.5852,-85.7768,69,Partly Cloudy,0,5,False,False,False,False,False,0.0
2026-10-01T04:10:56Z,IN,316,38.5859,-85.7809,69,Partly Cloudy,0,5,False,False,False,False,False,0.0
2026-10-01T04:10:56Z,IN,315,39.2602,-85.9521,67,Partly Cloudy,1,3,False,False,False,False,False,0.0
2026-10-01T04:10:56Z,IN,314,39.2767,-85.9569,68,Partly Cloudy,1,3,False,False,False,False,False,0.0
2026-10-01T04:10:56Z,IN,313,40.1578,-86.5387,69,Mostly Cloudy,2,7,False,False,False,False,False,0.0
2026-10-01T04:10:56Z,IN,312,40.1722,-86.5522,69,Mostly Cloudy,2,7,False,False,False,False,False,0.0
2026-10-01T04:10:56Z,IN,311,40.6992,-87.0628,69,Chance Rain Showers,39,5,False,False,True,False,False,0.05
2026-10-01T04:10:56Z,IN,310,40.6984,-87.0646,69,Chance Rain Showers,39,5,False,False,True,False,False,0.05
2026-10-01T04:10:56Z,IN,308,41.1653,-87.271,66,Rain Showers,77,5,False,False,True,False,False,0.05
2026-10-01T04:10:56Z,IN,309,41.1666,-87.2749,66,Rain Showers,77,5,False,False,True,False,False,0.05
2026-10-01T04:10:56Z,IN,318,40.3543,-85.5576,68,Mostly Cloudy,3,6,False,False,False,False,False,0.0
2026-10-01T04:10:56Z,IN,319,40.3569,-85.56,68,Mostly Cloudy,3,6,False,False,False,False,False,0.0
2026-10-01T04:10:56Z,IN,320,41.2963,-85.0863,65,Rain Showers Likely,57,5,False,False,True,False,False,0.05
2026-10-01T04:10:56Z,IN,321,41.5803,-85.0597,65,Rain Showers Likely,62,5,False,False,True,False,False,0.05
2026-10-01T04:10:56Z,IN,300,39.4417,-87.5002,70,Mostly Cloudy,1,6,False,False,False,False,False,0.0
2026-10-01T04:10:56Z,IN,302,39.6517,-86.3967,69,Mostly Cloudy,1,6,False,False,False,False,False,0.0
2026-10-01T04:10:56Z,IN,301,39.6541,-86.4005,69,Mostly Cloudy,1,6,False,False,False,False,False,0.0
2026-10-01T04:10:56Z,IN,303,39.8243,-85.7039,68,Partly Cloudy,1,6,False,False,False,False,False,0.0
2026-10-01T04:10:56Z,IN,304,39.8266,-85.704,68,Partly Cloudy,1,6,False,False,False,False,False,0.0
2026-10-01T04:10:56Z,IN,305,39.8605,-85.0259,68,Partly Cloudy,1,5,False,False,False,False,False,0.0
2026-10-01T04:10:56Z,IN,323,39.29,-85.1688,68,Partly Cloudy,0,3,False,False,False,False,False,0.0
2026-10-01T04:10:56Z,IN,702,41.7472,-85.3285,64,Rain Showers Likely,64,5,False,False,True,False,False,0.05
2026-10-01T04:10:56Z,IN,701,41.5889,-87.2173,65,Rain Showers,80,5,False,False,True,False,False,0.05
2026-10-01T04:10:56Z,IN,704,41.7058,-86.6212,64,Rain Showers Likely,62,5,False,False,True,False,False,0.05
2026-10-01T04:10:56Z,IN,703,41.7071,-86.6235,64,Rain Showers Likely,62,5,False,False,True,False,False,0.05
2026-10-01T04:10:56Z,IN,705,41.733,-86.0057,64,Rain Showers Likely,63,5,False,False,True,False,False,0.05
2026-10-01T04:10:56Z,IN,708,41.7472,-85.3285,64,Rain Showers Likely,64,5,False,False,True,False,False,0.05
2026-10-01T04:10:56Z,IN,707,41.7453,-85.3287,64,Rain Showers Likely,64,5,False,False,True,False,False,0.05
2026-10-01T04:10:56Z,IN,324,41.7353,-86.7933,63,Rain Showers Likely,61,5,False,False,True,False,False,0.05
2026-10-01T04:10:56Z,KY,KY00065IS0000020N65WELCOM,36.6434,-86.5687,69,Partly Cloudy,0,5,False,False,False,False,False,0.0
2026-10-01T04:10:56Z,KY,KY00065IS000020NSMARATHON,36.6612,-86.5553,70,Partly Cloudy,0,7,False,False,False,False,False,0.0
2026-10-01T04:10:56Z,KY,KY00065IS0000340NWEIGHS34,36.6868,-86.5379,70,Partly Cloudy,0,7,False,False,False,False,False,0.0
2026-10-01T04:10:56Z,KY,KY00065IS0011400S65SRA114,37.9464,-85.6905,70,Partly Cloudy,0,5,False,False,False,False,False,0.0
2026-10-01T04:10:56Z,KY,KY00065IS0005900S65SRA059,37.239,-85.9297,68,Mostly Clear,0,3,False,False,False,False,False,0.0
2026-10-01T04:10:56Z,KY,KY00065IS0005900N65NRA059,37.2384,-85.9271,68,Mostly Clear,0,3,False,False,False,False,False,0.0
2026-10-01T04:10:56Z,KY,KY00075IS0003300NWEIGHS33,37.0422,-84.0968,60,Mostly Clear,0,2,False,False,False,False,False,0.0
2026-10-01T04:10:56Z,KY,KY00075IS0003400SWEIGHS34,37.048,-84.0997,61,Mostly Clear,0,2,False,False,False,False,False,0.0
2026-10-01T04:10:56Z,KY,KY00075IS0017700N75NRA177,38.937,-84.6309,69,Partly Cloudy,0,5,False,False,False,False,False,0.0
2026-10-01T04:10:56Z,KY,KY00075IS0007500SWALTONWS,38.8653,-84.6476,69,Partly Cloudy,0,5,False,False,False,False,False,0.0
2026-10-01T04:10:56Z,KY,KY00075IS0017700S75SRA177,38.9388,-84.6339,69,Partly Cloudy,0,5,False,False,False,False,False,0.0
2026-10-01T04:10:56Z,KY,KY00075IS0016800SCRITENWS,38.8196,-84.6015,70,Mostly Clear,0,5,False,False,False,False,False,0.0
2026-10-01T04:10:56Z,KY,KY00075IS0000100N75WELCOM,36.6162,-84.1054,57,Mostly Clear,0,3,False,False,False,False,False,0.0
2026-10-01T04:11:00Z,IL,IL00055IN010400050,39.8627,-89.5948,73,Mostly Cloudy,7,6,False,False,False,False,True,0.2
2026-10-01T04:11:00Z,IL,IL00057IN007900034,38.0297,-88.9203,75,Mostly Cloudy,0,7,False,False,False,False,True,0.2
2026-10-01T04:11:00Z,IL,IL00055IN014900028,40.3599,-89.1099,69,Mostly Cloudy,8,7,False,False,False,False,True,0.2
2026-10-01T04:11:00Z,IL,IL00055IN019400031,40.8234,-88.6875,67,Chance Rain Showers,53,5,False,False,True,False,True,0.2
2026-10-01T04:11:00Z,IL,IL00057IN011400033,38.5963,-88.9638,76,Mostly Cloudy,1,7,False,False,False,False,True,0.2
2026-10-01T04:11:00Z,IL,IL00064IE002500038,38.5481,-89.7731,77,Mostly Cloudy,2,8,False,False,False,False,True,0.2
2026-10-01T04:11:00Z,IL,IL00055IN002700029,38.8649,-89.8532,77,Mostly Cloudy,2,8,False,False,False,False,True,0.2
2026-10-01T04:11:00Z,IL,IL00057IN022200048,39.9218,-88.299,72,Mostly Cloudy,1,8,False,False,False,False,True,0.2
2026-10-01T04:11:00Z,IL,IL00057IS033300046,41.3918,-87.7749,65,Rain Showers,80,5,False,False,True,False,True,0.2
2026-10-01T04:11:00Z,IL,IL00080IE011700043,41.4314,-88.3454,66,Rain Showers,80,5,False,False,True,False,True,0.2
2026-10-01T04:11:00Z,IL,IL00057IS022200054,39.9314,-88.3043,72,Mostly Cloudy,1,8,False,False,False,False,True,0.2
2026-10-01T04:11:00Z,IL,IL00057IS026800022,40.5613,-88.0615,68,Chance Rain Showers,48,5,False,False,True,False,True,0.2
2026-10-01T04:11:00Z,IL,IL00055IN006400027,39.3465,-89.6408,75,Mostly Cloudy,2,7,False,False,False,False,True,0.2
2026-10-01T04:11:00Z,IL,IL00057IN026800032,40.5505,-88.0605,68,Chance Rain Showers,48,5,False,False,True,False,True,0.2
2026-10-01T04:11:00Z,IL,IL00080IE005100040,41.3938,-89.5665,64,Chance Showers And Thunderstorms,39,5,False,False,True,True,True,0.2
2026-10-01T04:11:00Z,IL,IL00064IW008500012,38.2766,-88.8012,73,Mostly Cloudy,1,7,False,False,False,False,True,0.2
2026-10-01T04:11:00Z,IL,IL00070IE008600051,39.0651,-88.6745,75,Mostly Cloudy,1,7,False,False,False,False,True,0.2
2026-10-01T04:11:00Z,IL,IL00070IE002700042,38.7849,-89.7023,77,Mostly Cloudy,2,8,False,False,False,False,True,0.2
2026-10-01T04:11:00Z,IL,IL00024IW003700010,37.1593,-88.6798,69,Partly Cloudy,0,1,False,False,False,False,True,0.2
2026-10-01T04:11:00Z,IL,IL00064IE008500039,38.273,-88.8496,73,Mostly Cloudy,1,7,False,False,False,False,True,0.2
2026-10-01T04:11:00Z,IL,IL00074IW015600009,40.2711,-88.6701,69,Mostly Cloudy,4,6,False,False,False,False,True,0.2
2026-10-01T04:11:00Z,IL,IL00064IW002500011,38.5491,-89.7633,77,Mostly Cloudy,2,8,False,False,False,False,True,0.2
2026-10-01T04:11:00Z,IL,IL00080IW005100013,41.3937,-89.5591,64,Chance Showers And Thunderstorms,39,0,False,False,True,True,True,0.2
2026-10-01T04:11:00Z,IL,IL00074IW020800052,40.1298,-87.7441,69,Mostly Cloudy,2,6,False,False,False,False,True,0.2
2026-10-01T04:11:00Z,IL,IL00070IW002700015,38.7884,-89.6889,77,Mostly Cloudy,2,8,False,False,False,False,True,0.2
2026-10-01T04:11:00Z,IL,IL00055IS002700019,38.8723,-89.8511,77,Mostly Cloudy,2,8,False,False,False,False,True,0.2
2026-10-01T04:11:00Z,IL,IL00057IS007900047,38.0962,-88.9138,77,Mostly Cloudy,1,8,False,False,False,False,True,0.2
2026-10-01T04:11:00Z,IL,IL00074IE002800030,41.2334,-90.333,66,Chance Showers And Thunderstorms,44,5,False,False,True,True,True,0.2
2026-10-01T04:11:00Z,IL,IL00055IS006400017,39.3523,-89.6447,75,Mostly Cloudy,2,7,False,False,False,False,True,0.2
2026-10-01T04:11:00Z,IL,IL00074IE015600037,40.2732,-88.6762,69,Mostly Cloudy,4,6,False,False,False,False,True,0.2
2026-10-01T04:11:00Z,IL,IL00072IW015200014,39.9888,-88.7852,71,Mostly Cloudy,3,7,False,False,False,False,True,0.2
2026-10-01T04:11:00Z,IL,IL00064IW013000053,38.2322,-87.9882,73,Mostly Cloudy,0,6,False,False,False,False,True,0.2
2026-10-01T04:11:00Z,IL,IL00055IS019400021,40.8371,-88.6833,67,Chance Rain Showers,54,5,False,False,True,False,True,0.2
2026-10-01T04:11:00Z,IL,IL00057IS011400023,38.5965,-88.9677,76,Mostly Cloudy,1,7,False,False,False,False,True,0.2
2026-10-01T04:11:00Z,IL,IL00039IN008500036,41.7236,-89.0062,65,Rain Showers,80,5,False,False,True,False,True,0.2
2026-10-01T04:11:00Z,IL,IL00080IW011700016,41.4473,-88.3285,66,Rain Showers,80,5,False,False,True,False,True,0.2
2026-10-01T04:11:00Z,IL,IL00074IW002800020,41.2141,-90.3308,66,Chance Showers And Thunderstorms,44,5,False,False,True,True,True,0.2
2026-10-01T04:11:00Z,IL,IL00039IS008500026,41.7285,-89.0105,65,Rain Showers,80,5,False,False,True,False,True,0.2
2026-10-01T04:11:00Z,IL,IL00057IN033300049,41.3892,-87.7729,65,Rain Showers,80,5,False,False,True,False,True,0.2
2026-10-01T04:11:00Z,IL,IL00074IW011400006,40.6111,-89.2323,68,Mostly Cloudy,14,5,False,False,False,False,True,0.2
2026-10-01T04:11:00Z,IL,IL00070IW014900008,39.4228,-87.6617,72,Mostly Cloudy,1,7,False,False,False,False,True,0.2
2026-10-01T04:11:00Z,IL,IL00074IE011400005,40.6125,-89.245,68,Mostly Cloudy,14,5,False,False,False,False,True,0.2
2026-10-01T04:11:00Z,IL,IL00074IW006200004,40.8802,-90.0895,66,Chance Rain Showers,38,2,False,False,True,False,True,0.2
2026-10-01T04:11:00Z,IL,IL00074IE006200001,40.8788,-90.0936,66,Chance Rain Showers,38,2,False,False,True,False,True,0.2
2026-10-01T04:11:00Z,IL,IL00055IS010400024,39.8871,-89.5966,73,Mostly Cloudy,7,6,False,False,False,False,True,0.2
2026-10-01T04:11:00Z,IL,IL00057IS003200025,37.4699,-89.1329,73,Partly Cloudy,0,5,False,False,False,False,True,0.2
2026-10-01T04:11:00Z,IL,IL00057IN003200035,37.4661,-89.1324,73,Partly Cloudy,0,5,False,False,False,False,True,0.2
2026-10-01T04:11:00Z,IL,IL00070IW008700045,39.0679,-88.6704,75,Mostly Cloudy,1,7,False,False,False,False,True,0.2
2026-10-01T04:11:00Z,IL,IL00057IS016500018,39.1993,-88.502,75,Mostly Cloudy,1,8,False,False,False,False,True,0.2
2026-10-01T04:11:00Z,IL,IL00057IN016500044,39.1898,-88.5031,75,Mostly Cloudy,1,8,False,False,False,False,True,0.2
2026-10-01T04:11:00Z,IL,IL00072IE015200041,39.9923,-88.7827,71,Mostly Cloudy,3,7,False,False,False,False,True,0.2
2026-10-01T04:11:00Z,IN,322,38.195,-87.8597,73,Mostly Cloudy,0,6,False,False,False,False,False,0.0
2026-10-01T04:11:00Z,IN,317,38.5852,-85.7768,69,Partly Cloudy,0,5,False,False,False,False,False,0.0
2026-10-01T04:11:00Z,IN,316,38.5859,-85.7809,69,Partly Cloudy,0,5,False,False,False,False,False,0.0
2026-10-01T04:11:00Z,IN,315,39.2602,-85.9521,67,Partly Cloudy,1,3,False,False,False,False,False,0.0
2026-10-01T04:11:00Z,IN,314,39.2767,-85.9569,68,Partly Cloudy,1,3,False,False,False,False,False,0.0
2026-10-01T04:11:00Z,IN,313,40.1578,-86.5387,69,Mostly Cloudy,2,7,False,False,False,False,False,0.0
2026-10-01T04:11:00Z,IN,312,40.1722,-86.5522,69,Mostly Cloudy,2,7,False,False,False,False,False,0.0
2026-10-01T04:11:00Z,IN,311,40.6992,-87.0628,69,Chance Rain Showers,39,5,False,False,True,False,False,0.05
2026-10-01T04:11:00Z,IN,310,40.6984,-87.0646,69,Chance Rain Showers,39,5,False,False,True,False,False,0.05
2026-10-01T04:11:00Z,IN,308,41.1653,-87.271,66,Rain Showers,77,5,False,False,True,False,False,0.05
2026-10-01T04:11:00Z,IN,309,41.1666,-87.2749,66,Rain Showers,77,5,False,False,True,False,False,0.05
2026-10-01T04:11:00Z,IN,318,40.3543,-85.5576,68,Mostly Cloudy,3,6,False,False,False,False,False,0.0
2026-10-01T04:11:00Z,IN,319,40.3569,-85.56,68,Mostly Cloudy,3,6,False,False,False,False,False,0.0
2026-10-01T04:11:00Z,IN,320,41.2963,-85.0863,65,Rain Showers Likely,57,5,False,False,True,False,False,0.05
2026-10-01T04:11:00Z,IN,321,41.5803,-85.0597,65,Rain Showers Likely,62,5,False,False,True,False,False,0.05
2026-10-01T04:11:00Z,IN,300,39.4417,-87.5002,70,Mostly Cloudy,1,6,False,False,False,False,False,0.0
2026-10-01T04:11:00Z,IN,302,39.6517,-86.3967,69,Mostly Cloudy,1,6,False,False,False,False,False,0.0
2026-10-01T04:11:00Z,IN,301,39.6541,-86.4005,69,Mostly Cloudy,1,6,False,False,False,False,False,0.0
2026-10-01T04:11:00Z,IN,303,39.8243,-85.7039,68,Partly Cloudy,1,6,False,False,False,False,False,0.0
2026-10-01T04:11:00Z,IN,304,39.8266,-85.704,68,Partly Cloudy,1,6,False,False,False,False,False,0.0
2026-10-01T04:11:00Z,IN,305,39.8605,-85.0259,68,Partly Cloudy,1,5,False,False,False,False,False,0.0
2026-10-01T04:11:00Z,IN,323,39.29,-85.1688,68,Partly Cloudy,0,3,False,False,False,False,False,0.0
2026-10-01T04:11:00Z,IN,702,41.7472,-85.3285,64,Rain Showers Likely,64,5,False,False,True,False,False,0.05
2026-10-01T04:11:00Z,IN,701,41.5889,-87.2173,65,Rain Showers,80,5,False,False,True,False,False,0.05
2026-10-01T04:11:00Z,IN,704,41.7058,-86.6212,64,Rain Showers Likely,62,5,False,False,True,False,False,0.05
2026-10-01T04:11:00Z,IN,703,41.7071,-86.6235,64,Rain Showers Likely,62,5,False,False,True,False,False,0.05
2026-10-01T04:11:00Z,IN,705,41.733,-86.0057,64,Rain Showers Likely,63,5,False,False,True,False,False,0.05
2026-10-01T04:11:00Z,IN,708,41.7472,-85.3285,64,Rain Showers Likely,64,5,False,False,True,False,False,0.05
2026-10-01T04:11:00Z,IN,707,41.7453,-85.3287,64,Rain Showers Likely,64,5,False,False,True,False,False,0.05
2026-10-01T04:11:00Z,IN,324,41.7353,-86.7933,63,Rain Showers Likely,61,5,False,False,True,False,False,0.05
2026-10-01T04:11:00Z,KY,KY00065IS0000020N65WELCOM,36.6434,-86.5687,69,Partly Cloudy,0,5,False,False,False,False,False,0.0
2026-10-01T04:11:00Z,KY,KY00065IS000020NSMARATHON,36.6612,-86.5553,70,Partly Cloudy,0,7,False,False,False,False,False,0.0
2026-10-01T04:11:00Z,KY,KY00065IS0000340NWEIGHS34,36.6868,-86.5379,70,Partly Cloudy,0,7,False,False,False,False,False,0.0
2026-10-01T04:11:00Z,KY,KY00065IS0011400S65SRA114,37.9464,-85.6905,70,Partly Cloudy,0,5,False,False,False,False,False,0.0
2026-10-01T04:11:00Z,KY,KY00065IS0005900S65SRA059,37.239,-85.9297,68,Mostly Clear,0,3,False,False,False,False,False,0.0
2026-10-01T04:11:00Z,KY,KY00065IS0005900N65NRA059,37.2384,-85.9271,68,Mostly Clear,0,3,False,False,False,False,False,0.0
2026-10-01T04:11:00Z,KY,KY00075IS0003300NWEIGHS33,37.0422,-84.0968,60,Mostly Clear,0,2,False,False,False,False,False,0.0
2026-10-01T04:11:00Z,KY,KY00075IS0003400SWEIGHS34,37.048,-84.0997,61,Mostly Clear,0,2,False,False,False,False,False,0.0
2026-10-01T04:11:00Z,KY,KY00075IS0017700N75NRA177,38.937,-84.6309,69,Partly Cloudy,0,5,False,False,False,False,False,0.0
2026-10-01T04:11:00Z,KY,KY00075IS0007500SWALTONWS,38.8653,-84.6476,69,Partly Cloudy,0,5,False,False,False,False,False,0.0
2026-10-01T04:11:00Z,KY,KY00075IS0017700S75SRA177,38.9388,-84.6339,69,Partly Cloudy,0,5,False,False,False,False,False,0.0
2026-10-01T04:11:00Z,KY,KY00075IS0016800SCRITENWS,38.8196,-84.6015,70,Mostly Clear,0,5,False,False,False,False,False,0.0
2026-10-01T04:11:00Z,KY,KY00075IS0000100N75WELCOM,36.6162,-84.1054,57,Mostly Clear,0,3,False,False,False,False,False,0.0
2026-10-01T04:11:03Z,IL,IL00055IN010400050,39.8627,-89.5948,73,Mostly Cloudy,7,6,False,False,False,False,True,0.2
2026-10-01T04:11:03Z,IL,IL00057IN007900034,38.0297,-88.9203,75,Mostly Cloudy,0,7,False,False,False,False,True,0.2
2026-10-01T04:11:03Z,IL,IL00055IN014900028,40.3599,-89.1099,69,Mostly Cloudy,8,7,False,False,False,False,True,0.2
2026-10-01T04:11:03Z,IL,IL00055IN019400031,40.8234,-88.6875,67,Chance Rain Showers,53,5,False,False,True,False,True,0.2
2026-10-01T04:11:03Z,IL,IL00057IN011400033,38.5963,-88.9638,76,Mostly Cloudy,1,7,False,False,False,False,True,0.2
2026-10-01T04:11:03Z,IL,IL00064IE002500038,38.5481,-89.7731,77,Mostly Cloudy,2,8,False,False,False,False,True,0.2
2026-10-01T04:11:03Z,IL,IL00055IN002700029,38.8649,-89.8532,77,Mostly Cloudy,2,8,False,False,False,False,True,0.2
2026-10-01T04:11:03Z,IL,IL00057IN022200048,39.9218,-88.299,72,Mostly Cloudy,1,8,False,False,False,False,True,0.2
2026-10-01T04:11:03Z,IL,IL00057IS033300046,41.3918,-87.7749,65,Rain Showers,80,5,False,False,True,False,True,0.2
2026-10-01T04:11:03Z,IL,IL00080IE011700043,41.4314,-88.3454,66,Rain Showers,80,5,False,False,True,False,True,0.2
2026-10-01T04:11:03Z,IL,IL00057IS022200054,39.9314,-88.3043,72,Mostly Cloudy,1,8,False,False,False,False,True,0.2
2026-10-01T04:11:03Z,IL,IL00057IS026800022,40.5613,-88.0615,68,Chance Rain Showers,48,5,False,False,True,False,True,0.2
2026-10-01T04:11:03Z,IL,IL00055IN006400027,39.3465,-89.6408,75,Mostly Cloudy,2,7,False,False,False,False,True,0.2
2026-10-01T04:11:03Z,IL,IL00057IN026800032,40.5505,-88.0605,68,Chance Rain Showers,48,5,False,False,True,False,True,0.2
2026-10-01T04:11:03Z,IL,IL00080IE005100040,41.3938,-89.5665,64,Chance Showers And Thunderstorms,39,5,False,False,True,True,True,0.2
2026-10-01T04:11:03Z,IL,IL00064IW008500012,38.2766,-88.8012,73,Mostly Cloudy,1,7,False,False,False,False,True,0.2
2026-10-01T04:11:03Z,IL,IL00070IE008600051,39.0651,-88.6745,75,Mostly Cloudy,1,7,False,False,False,False,True,0.2
2026-10-01T04:11:03Z,IL,IL00070IE002700042,38.7849,-89.7023,77,Mostly Cloudy,2,8,False,False,False,False,True,0.2
2026-10-01T04:11:03Z,IL,IL00024IW003700010,37.1593,-88.6798,69,Partly Cloudy,0,1,False,False,False,False,True,0.2
2026-10-01T04:11:03Z,IL,IL00064IE008500039,38.273,-88.8496,73,Mostly Cloudy,1,7,False,False,False,False,True,0.2
2026-10-01T04:11:03Z,IL,IL00074IW015600009,40.2711,-88.6701,69,Mostly Cloudy,4,6,False,False,False,False,True,0.2
2026-10-01T04:11:03Z,IL,IL00064IW002500011,38.5491,-89.7633,77,Mostly Cloudy,2,8,False,False,False,False,True,0.2
2026-10-01T04:11:03Z,IL,IL00080IW005100013,41.3937,-89.5591,64,Chance Showers And Thunderstorms,39,0,False,False,True,True,True,0.2
2026-10-01T04:11:03Z,IL,IL00074IW020800052,40.1298,-87.7441,69,Mostly Cloudy,2,6,False,False,False,False,True,0.2
2026-10-01T04:11:03Z,IL,IL00070IW002700015,38.7884,-89.6889,77,Mostly Cloudy,2,8,False,False,False,False,True,0.2
2026-10-01T04:11:03Z,IL,IL00055IS002700019,38.8723,-89.8511,77,Mostly Cloudy,2,8,False,False,False,False,True,0.2
2026-10-01T04:11:03Z,IL,IL00057IS007900047,38.0962,-88.9138,77,Mostly Cloudy,1,8,False,False,False,False,True,0.2
2026-10-01T04:11:03Z,IL,IL00074IE002800030,41.2334,-90.333,66,Chance Showers And Thunderstorms,44,5,False,False,True,True,True,0.2
2026-10-01T04:11:03Z,IL,IL00055IS006400017,39.3523,-89.6447,75,Mostly Cloudy,2,7,False,False,False,False,True,0.2
2026-10-01T04:11:03Z,IL,IL00074IE015600037,40.2732,-88.6762,69,Mostly Cloudy,4,6,False,False,False,False,True,0.2
2026-10-01T04:11:03Z,IL,IL00072IW015200014,39.9888,-88.7852,71,Mostly Cloudy,3,7,False,False,False,False,True,0.2
2026-10-01T04:11:03Z,IL,IL00064IW013000053,38.2322,-87.9882,73,Mostly Cloudy,0,6,False,False,False,False,True,0.2
2026-10-01T04:11:03Z,IL,IL00055IS019400021,40.8371,-88.6833,67,Chance Rain Showers,54,5,False,False,True,False,True,0.2
2026-10-01T04:11:03Z,IL,IL00057IS011400023,38.5965,-88.9677,76,Mostly Cloudy,1,7,False,False,False,False,True,0.2
2026-10-01T04:11:03Z,IL,IL00039IN008500036,41.7236,-89.0062,65,Rain Showers,80,5,False,False,True,False,True,0.2
2026-10-01T04:11:03Z,IL,IL00080IW011700016,41.4473,-88.3285,66,Rain Showers,80,5,False,False,True,False,True,0.2
2026-10-01T04:11:03Z,IL,IL00074IW002800020,41.2141,-90.3308,66,Chance Showers And Thunderstorms,44,5,False,False,True,True,True,0.2
2026-10-01T04:11:03Z,IL,IL00039IS008500026,41.7285,-89.0105,65,Rain Showers,80,5,False,False,True,False,True,0.2
2026-10-01T04:11:03Z,IL,IL00057IN033300049,41.3892,-87.7729,65,Rain Showers,80,5,False,False,True,False,True,0.2
2026-10-01T04:11:03Z,IL,IL00074IW011400006,40.6111,-89.2323,68,Mostly Cloudy,14,5,False,False,False,False,True,0.2
2026-10-01T04:11:03Z,IL,IL00070IW014900008,39.4228,-87.6617,72,Mostly Cloudy,1,7,False,False,False,False,True,0.2
2026-10-01T04:11:03Z,IL,IL00074IE011400005,40.6125,-89.245,68,Mostly Cloudy,14,5,False,False,False,False,True,0.2
2026-10-01T04:11:03Z,IL,IL00074IW006200004,40.8802,-90.0895,66,Chance Rain Showers,38,2,False,False,True,False,True,0.2
2026-10-01T04:11:03Z,IL,IL00074IE006200001,40.8788,-90.0936,66,Chance Rain Showers,38,2,False,False,True,False,True,0.2
2026-10-01T04:11:03Z,IL,IL00055IS010400024,39.8871,-89.5966,73,Mostly Cloudy,7,6,False,False,False,False,True,0.2
2026-10-01T04:11:03Z,IL,IL00057IS003200025,37.4699,-89.1329,73,Partly Cloudy,0,5,False,False,False,False,True,0.2
2026-10-01T04:11:03Z,IL,IL00057IN003200035,37.4661,-89.1324,73,Partly Cloudy,0,5,False,False,False,False,True,0.2
2026-10-01T04:11:03Z,IL,IL00070IW008700045,39.0679,-88.6704,75,Mostly Cloudy,1,7,False,False,False,False,True,0.2
2026-10-01T04:11:03Z,IL,IL00057IS016500018,39.1993,-88.502,75,Mostly Cloudy,1,8,False,False,False,False,True,0.2
2026-10-01T04:11:03Z,IL,IL00057IN016500044,39.1898,-88.5031,75,Mostly Cloudy,1,8,False,False,False,False,True,0.2
2026-10-01T04:11:03Z,IL,IL00072IE015200041,39.9923,-88.7827,71,Mostly Cloudy,3,7,False,False,False,False,True,0.2
2026-10-01T04:11:03Z,IN,322,38.195,-87.8597,73,Mostly Cloudy,0,6,False,False,False,False,False,0.0
2026-10-01T04:11:03Z,IN,317,38.5852,-85.7768,69,Partly Cloudy,0,5,False,False,False,False,False,0.0
2026-10-01T04:11:03Z,IN,316,38.5859,-85.7809,69,Partly Cloudy,0,5,False,False,False,False,False,0.0
2026-10-01T04:11:03Z,IN,315,39.2602,-85.9521,67,Partly Cloudy,1,3,False,False,False,False,False,0.0
2026-10-01T04:11:03Z,IN,314,39.2767,-85.9569,68,Partly Cloudy,1,3,False,False,False,False,False,0.0
2026-10-01T04:11:03Z,IN,313,40.1578,-86.5387,69,Mostly Cloudy,2,7,False,False,False,False,False,0.0
2026-10-01T04:11:03Z,IN,312,40.1722,-86.5522,69,Mostly Cloudy,2,7,False,False,False,False,False,0.0
2026-10-01T04:11:03Z,IN,311,40.6992,-87.0628,69,Chance Rain Showers,39,5,False,False,True,False,False,0.05
2026-10-01T04:11:03Z,IN,310,40.6984,-87.0646,69,Chance Rain Showers,39,5,False,False,True,False,False,0.05
2026-10-01T04:11:03Z,IN,308,41.1653,-87.271,66,Rain Showers,77,5,False,False,True,False,False,0.05
2026-10-01T04:11:03Z,IN,309,41.1666,-87.2749,66,Rain Showers,77,5,False,False,True,False,False,0.05
2026-10-01T04:11:03Z,IN,318,40.3543,-85.5576,68,Mostly Cloudy,3,6,False,False,False,False,False,0.0
2026-10-01T04:11:03Z,IN,319,40.3569,-85.56,68,Mostly Cloudy,3,6,False,False,False,False,False,0.0
2026-10-01T04:11:03Z,IN,320,41.2963,-85.0863,65,Rain Showers Likely,57,5,False,False,True,False,False,0.05
2026-10-01T04:11:03Z,IN,321,41.5803,-85.0597,65,Rain Showers Likely,62,5,False,False,True,False,False,0.05
2026-10-01T04:11:03Z,IN,300,39.4417,-87.5002,70,Mostly Cloudy,1,6,False,False,False,False,False,0.0
2026-10-01T04:11:03Z,IN,302,39.6517,-86.3967,69,Mostly Cloudy,1,6,False,False,False,False,False,0.0
2026-10-01T04:11:03Z,IN,301,39.6541,-86.4005,69,Mostly Cloudy,1,6,False,False,False,False,False,0.0
2026-10-01T04:11:03Z,IN,303,39.8243,-85.7039,68,Partly Cloudy,1,6,False,False,False,False,False,0.0
2026-10-01T04:11:03Z,IN,304,39.8266,-85.704,68,Partly Cloudy,1,6,False,False,False,False,False,0.0
2026-10-01T04:11:03Z,IN,305,39.8605,-85.0259,68,Partly Cloudy,1,5,False,False,False,False,False,0.0
2026-10-01T04:11:03Z,IN,323,39.29,-85.1688,68,Partly Cloudy,0,3,False,False,False,False,False,0.0
2026-10-01T04:11:03Z,IN,702,41.7472,-85.3285,64,Rain Showers Likely,64,5,False,False,True,False,False,0.05
2026-10-01T04:11:03Z,IN,701,41.5889,-87.2173,65,Rain Showers,80,5,False,False,True,False,False,0.05
2026-10-01T04:11:03Z,IN,704,41.7058,-86.6212,64,Rain Showers Likely,62,5,False,False,True,False,False,0.05
2026-10-01T04:11:03Z,IN,703,41.7071,-86.6235,64,Rain Showers Likely,62,5,False,False,True,False,False,0.05
2026-10-01T04:11:03Z,IN,705,41.733,-86.0057,64,Rain Showers Likely,63,5,False,False,True,False,False,0.05
2026-10-01T04:11:03Z,IN,708,41.7472,-85.3285,64,Rain Showers Likely,64,5,False,False,True,False,False,0.05
2026-10-01T04:11:03Z,IN,707,41.7453,-85.3287,64,Rain Showers Likely,64,5,False,False,True,False,False,0.05
2026-10-01T04:11:03Z,IN,324,41.7353,-86.7933,63,Rain Showers Likely,61,5,False,False,True,False,False,0.05
2026-10-01T04:11:03Z,KY,KY00065IS0000020N65WELCOM,36.6434,-86.5687,69,Partly Cloudy,0,5,False,False,False,False,False,0.0
2026-10-01T04:11:03Z,KY,KY00065IS000020NSMARATHON,36.6612,-86.5553,70,Partly Cloudy,0,7,False,False,False,False,False,0.0
2026-10-01T04:11:03Z,KY,KY00065IS0000340NWEIGHS34,36.6868,-86.5379,70,Partly Cloudy,0,7,False,False,False,False,False,0.0
2026-10-01T04:11:03Z,KY,KY00065IS0011400S65SRA114,37.9464,-85.6905,70,Partly Cloudy,0,5,False,False,False,False,False,0.0
2026-10-01T04:11:03Z,KY,KY00065IS0005900S65SRA059,37.239,-85.9297,68,Mostly Clear,0,3,False,False,False,False,False,0.0
2026-10-01T04:11:03Z,KY,KY00065IS0005900N65NRA059,37.2384,-85.9271,68,Mostly Clear,0,3,False,False,False,False,False,0.0
2026-10-01T04:11:03Z,KY,KY00075IS0003300NWEIGHS33,37.0422,-84.0968,60,Mostly Clear,0,2,False,False,False,False,False,0.0
2026-10-01T04:11:03Z,KY,KY00075IS0003400SWEIGHS34,37.048,-84.0997,61,Mostly Clear,0,2,False,False,False,False,False,0.0
2026-10-01T04:11:03Z,KY,KY00075IS0017700N75NRA177,38.937,-84.6309,69,Partly Cloudy,0,5,False,False,False,False,False,0.0
2026-10-01T04:11:03Z,KY,KY00075IS0007500SWALTONWS,38.8653,-84.6476,69,Partly Cloudy,0,5,False,False,False,False,False,0.0
2026-10-01T04:11:03Z,KY,KY00075IS0017700S75SRA177,38.9388,-84.6339,69,Partly Cloudy,0,5,False,False,False,False,False,0.0
2026-10-01T04:11:03Z,KY,KY00075IS0016800SCRITENWS,38.8196,-84.6015,70,Mostly Clear,0,5,False,False,False,False,False,0.0
2026-10-01T04:11:03Z,KY,KY00075IS0000100N75WELCOM,36.6162,-84.1054,57,Mostly Clear,0,3,False,False,False,False,False,0.0
2026-10-01T04:11:07Z,IL,IL00055IN010400050,39.8627,-89.5948,73,Mostly Cloudy,7,6,False,False,False,False,True,0.2
2026-10-01T04:11:07Z,IL,IL00057IN007900034,38.0297,-88.9203,75,Mostly Cloudy,0,7,False,False,False,False,True,0.2
2026-10-01T04:11:07Z,IL,IL00055IN014900028,40.3599,-89.1099,69,Mostly Cloudy,8,7,False,False,False,False,True,0.2
2026-10-01T04:11:07Z,IL,IL00055IN019400031,40.8234,-88.6875,67,Chance Rain Showers,53,5,False,False,True,False,True,0.2
2026-10-01T04:11:07Z,IL,IL00057IN011400033,38.5963,-88.9638,76,Mostly Cloudy,1,7,False,False,False,False,True,0.2
2026-10-01T04:11:07Z,IL,IL00064IE002500038,38.5481,-89.7731,77,Mostly Cloudy,2,8,False,False,False,False,True,0.2
2026-10-01T04:11:07Z,IL,IL00055IN002700029,38.8649,-89.8532,77,Mostly Cloudy,2,8,False,False,False,False,True,0.2
2026-10-01T04:11:07Z,IL,IL00057IN022200048,39.9218,-88.299,72,Mostly Cloudy,1,8,False,False,False,False,True,0.2
2026-10-01T04:11:07Z,IL,IL00057IS033300046,41.3918,-87.7749,65,Rain Showers,80,5,False,False,True,False,True,0.2
2026-10-01T04:11:07Z,IL,IL00080IE011700043,41.4314,-88.3454,66,Rain Showers,80,5,False,False,True,False,True,0.2
2026-10-01T04:11:07Z,IL,IL00057IS022200054,39.9314,-88.3043,72,Mostly Cloudy,1,8,False,False,False,False,True,0.2
2026-10-01T04:11:07Z,IL,IL00057IS026800022,40.5613,-88.0615,68,Chance Rain Showers,48,5,False,False,True,False,True,0.2
2026-10-01T04:11:07Z,IL,IL00055IN006400027,39.3465,-89.6408,75,Mostly Cloudy,2,7,False,False,False,False,True,0.2
2026-10-01T04:11:07Z,IL,IL00057IN026800032,40.5505,-88.0605,68,Chance Rain Showers,48,5,False,False,True,False,True,0.2
2026-10-01T04:11:07Z,IL,IL00080IE005100040,41.3938,-89.5665,64,Chance Showers And Thunderstorms,39,5,False,False,True,True,True,0.2
2026-10-01T04:11:07Z,IL,IL00064IW008500012,38.2766,-88.8012,73,Mostly Cloudy,1,7,False,False,False,False,True,0.2
2026-10-01T04:11:07Z,IL,IL00070IE008600051,39.0651,-88.6745,75,Mostly Cloudy,1,7,False,False,False,False,True,0.2
2026-10-01T04:11:07Z,IL,IL00070IE002700042,38.7849,-89.7023,77,Mostly Cloudy,2,8,False,False,False,False,True,0.2
2026-10-01T04:11:07Z,IL,IL00024IW003700010,37.1593,-88.6798,69,Partly Cloudy,0,1,False,False,False,False,True,0.2
2026-10-01T04:11:07Z,IL,IL00064IE008500039,38.273,-88.8496,73,Mostly Cloudy,1,7,False,False,False,False,True,0.2
2026-10-01T04:11:07Z,IL,IL00074IW015600009,40.2711,-88.6701,69,Mostly Cloudy,4,6,False,False,False,False,True,0.2
2026-10-01T04:11:07Z,IL,IL00064IW002500011,38.5491,-89.7633,77,Mostly Cloudy,2,8,False,False,False,False,True,0.2
2026-10-01T04:11:07Z,IL,IL00080IW005100013,41.3937,-89.5591,64,Chance Showers And Thunderstorms,39,0,False,False,True,True,True,0.2
2026-10-01T04:11:07Z,IL,IL00074IW020800052,40.1298,-87.7441,69,Mostly Cloudy,2,6,False,False,False,False,True,0.2
2026-10-01T04:11:07Z,IL,IL00070IW002700015,38.7884,-89.6889,77,Mostly Cloudy,2,8,False,False,False,False,True,0.2
2026-10-01T04:11:07Z,IL,IL00055IS002700019,38.8723,-89.8511,77,Mostly Cloudy,2,8,False,False,False,False,True,0.2
2026-10-01T04:11:07Z,IL,IL00057IS007900047,38.0962,-88.9138,77,Mostly Cloudy,1,8,False,False,False,False,True,0.2
2026-10-01T04:11:07Z,IL,IL00074IE002800030,41.2334,-90.333,66,Chance Showers And Thunderstorms,44,5,False,False,True,True,True,0.2
2026-10-01T04:11:07Z,IL,IL00055IS006400017,39.3523,-89.6447,75,Mostly Cloudy,2,7,False,False,False,False,True,0.2
2026-10-01T04:11:07Z,IL,IL00074IE015600037,40.2732,-88.6762,69,Mostly Cloudy,4,6,False,False,False,False,True,0.2
2026-10-01T04:11:07Z,IL,IL00072IW015200014,39.9888,-88.7852,71,Mostly Cloudy,3,7,False,False,False,False,True,0.2
2026-10-01T04:11:07Z,IL,IL00064IW013000053,38.2322,-87.9882,73,Mostly Cloudy,0,6,False,False,False,False,True,0.2
2026-10-01T04:11:07Z,IL,IL00055IS019400021,40.8371,-88.6833,67,Chance Rain Showers,54,5,False,False,True,False,True,0.2
2026-10-01T04:11:07Z,IL,IL00057IS011400023,38.5965,-88.9677,76,Mostly Cloudy,1,7,False,False,False,False,True,0.2
2026-10-01T04:11:07Z,IL,IL00039IN008500036,41.7236,-89.0062,65,Rain Showers,80,5,False,False,True,False,True,0.2
2026-10-01T04:11:07Z,IL,IL00080IW011700016,41.4473,-88.3285,66,Rain Showers,80,5,False,False,True,False,True,0.2
2026-10-01T04:11:07Z,IL,IL00074IW002800020,41.2141,-90.3308,66,Chance Showers And Thunderstorms,44,5,False,False,True,True,True,0.2
2026-10-01T04:11:07Z,IL,IL00039IS008500026,41.7285,-89.0105,65,Rain Showers,80,5,False,False,True,False,True,0.2
2026-10-01T04:11:07Z,IL,IL00057IN033300049,41.3892,-87.7729,65,Rain Showers,80,5,False,False,True,False,True,0.2
2026-10-01T04:11:07Z,IL,IL00074IW011400006,40.6111,-89.2323,68,Mostly Cloudy,14,5,False,False,False,False,True,0.2
2026-10-01T04:11:07Z,IL,IL00070IW014900008,39.4228,-87.6617,72,Mostly Cloudy,1,7,False,False,False,False,True,0.2
2026-10-01T04:11:07Z,IL,IL00074IE011400005,40.6125,-89.245,68,Mostly Cloudy,14,5,False,False,False,False,True,0.2
2026-10-01T04:11:07Z,IL,IL00074IW006200004,40.8802,-90.0895,66,Chance Rain Showers,38,2,False,False,True,False,True,0.2
2026-10-01T04:11:07Z,IL,IL00074IE006200001,40.8788,-90.0936,66,Chance Rain Showers,38,2,False,False,True,False,True,0.2
2026-10-01T04:11:07Z,IL,IL00055IS010400024,39.8871,-89.5966,73,Mostly Cloudy,7,6,False,False,False,False,True,0.2
2026-10-01T04:11:07Z,IL,IL00057IS003200025,37.4699,-89.1329,73,Partly Cloudy,0,5,False,False,False,False,True,0.2
2026-10-01T04:11:07Z,IL,IL00057IN003200035,37.4661,-89.1324,73,Partly Cloudy,0,5,False,False,False,False,True,0.2
2026-10-01T04:11:07Z,IL,IL00070IW008700045,39.0679,-88.6704,75,Mostly Cloudy,1,7,False,False,False,False,True,0.2
2026-10-01T04:11:07Z,IL,IL00057IS016500018,39.1993,-88.502,75,Mostly Cloudy,1,8,False,False,False,False,True,0.2
2026-10-01T04:11:07Z,IL,IL00057IN016500044,39.1898,-88.5031,75,Mostly Cloudy,1,8,False,False,False,False,True,0.2
2026-10-01T04:11:07Z,IL,IL00072IE015200041,39.9923,-88.7827,71,Mostly Cloudy,3,7,False,False,False,False,True,0.2
2026-10-01T04:11:07Z,IN,322,38.195,-87.8597,73,Mostly Cloudy,0,6,False,False,False,False,False,0.0
2026-10-01T04:11:07Z,IN,317,38.5852,-85.7768,69,Partly Cloudy,0,5,False,False,False,False,False,0.0
2026-10-01T04:11:07Z,IN,316,38.5859,-85.7809,69,Partly Cloudy,0,5,False,False,False,False,False,0.0
2026-10-01T04:11:07Z,IN,315,39.2602,-85.9521,67,Partly Cloudy,1,3,False,False,False,False,False,0.0
2026-10-01T04:11:07Z,IN,314,39.2767,-85.9569,68,Partly Cloudy,1,3,False,False,False,False,False,0.0
2026-10-01T04:11:07Z,IN,313,40.1578,-86.5387,69,Mostly Cloudy,2,7,False,False,False,False,False,0.0
2026-10-01T04:11:07Z,IN,312,40.1722,-86.5522,69,Mostly Cloudy,2,7,False,False,False,False,False,0.0
2026-10-01T04:11:07Z,IN,311,40.6992,-87.0628,69,Chance Rain Showers,39,5,False,False,True,False,False,0.05
2026-10-01T04:11:07Z,IN,310,40.6984,-87.0646,69,Chance Rain Showers,39,5,False,False,True,False,False,0.05
2026-10-01T04:11:07Z,IN,308,41.1653,-87.271,66,Rain Showers,77,5,False,False,True,False,False,0.05
2026-10-01T04:11:07Z,IN,309,41.1666,-87.2749,66,Rain Showers,77,5,False,False,True,False,False,0.05
2026-10-01T04:11:07Z,IN,318,40.3543,-85.5576,68,Mostly Cloudy,3,6,False,False,False,False,False,0.0
2026-10-01T04:11:07Z,IN,319,40.3569,-85.56,68,Mostly Cloudy,3,6,False,False,False,False,False,0.0
2026-10-01T04:11:07Z,IN,320,41.2963,-85.0863,65,Rain Showers Likely,57,5,False,False,True,False,False,0.05
2026-10-01T04:11:07Z,IN,321,41.5803,-85.0597,65,Rain Showers Likely,62,5,False,False,True,False,False,0.05
2026-10-01T04:11:07Z,IN,300,39.4417,-87.5002,70,Mostly Cloudy,1,6,False,False,False,False,False,0.0
2026-10-01T04:11:07Z,IN,302,39.6517,-86.3967,69,Mostly Cloudy,1,6,False,False,False,False,False,0.0
2026-10-01T04:11:07Z,IN,301,39.6541,-86.4005,69,Mostly Cloudy,1,6,False,False,False,False,False,0.0
2026-10-01T04:11:07Z,IN,303,39.8243,-85.7039,68,Partly Cloudy,1,6,False,False,False,False,False,0.0
2026-10-01T04:11:07Z,IN,304,39.8266,-85.704,68,Partly Cloudy,1,6,False,False,False,False,False,0.0
2026-10-01T04:11:07Z,IN,305,39.8605,-85.0259,68,Partly Cloudy,1,5,False,False,False,False,False,0.0
2026-10-01T04:11:07Z,IN,323,39.29,-85.1688,68,Partly Cloudy,0,3,False,False,False,False,False,0.0
2026-10-01T04:11:07Z,IN,702,41.7472,-85.3285,64,Rain Showers Likely,64,5,False,False,True,False,False,0.05
2026-10-01T04:11:07Z,IN,701,41.5889,-87.2173,65,Rain Showers,80,5,False,False,True,False,False,0.05
2026-10-01T04:11:07Z,IN,704,41.7058,-86.6212,64,Rain Showers Likely,62,5,False,False,True,False,False,0.05
2026-10-01T04:11:07Z,IN,703,41.7071,-86.6235,64,Rain Showers Likely,62,5,False,False,True,False,False,0.05
2026-10-01T04:11:07Z,IN,705,41.733,-86.0057,64,Rain Showers Likely,63,5,False,False,True,False,False,0.05
2026-10-01T04:11:07Z,IN,708,41.7472,-85.3285,64,Rain Showers Likely,64,5,False,False,True,False,False,0.05
2026-10-01T04:11:07Z,IN,707,41.7453,-85.3287,64,Rain Showers Likely,64,5,False,False,True,False,False,0.05
2026-10-01T04:11:07Z,IN,324,41.7353,-86.7933,63,Rain Showers Likely,61,5,False,False,True,False,False,0.05
2026-10-01T04:11:07Z,KY,KY00065IS0000020N65WELCOM,36.6434,-86.5687,69,Partly Cloudy,0,5,False,False,False,False,False,0.0
2026-10-01T04:11:07Z,KY,KY00065IS000020NSMARATHON,36.6612,-86.5553,70,Partly Cloudy,0,7,False,False,False,False,False,0.0
2026-10-01T04:11:07Z,KY,KY00065IS0000340NWEIGHS34,36.6868,-86.5379,70,Partly Cloudy,0,7,False,False,False,False,False,0.0
2026-10-01T04:11:07Z,KY,KY00065IS0011400S65SRA114,37.9464,-85.6905,70,Partly Cloudy,0,5,False,False,False,False,False,0.0
2026-10-01T04:11:07Z,KY,KY00065IS0005900S65SRA059,37.239,-85.9297,68,Mostly Clear,0,3,False,False,False,False,False,0.0
2026-10-01T04:11:07Z,KY,KY00065IS0005900N65NRA059,37.2384,-85.9271,68,Mostly Clear,0,3,False,False,False,False,False,0.0
2026-10-01T04:11:07Z,KY,KY00075IS0003300NWEIGHS33,37.0422,-84.0968,60,Mostly Clear,0,2,False,False,False,False,False,0.0
2026-10-01T04:11:07Z,KY,KY00075IS0003400SWEIGHS34,37.048,-84.0997,61,Mostly Clear,0,2,False,False,False,False,False,0.0
2026-10-01T04:11:07Z,KY,KY00075IS0017700N75NRA177,38.937,-84.6309,69,Partly Cloudy,0,5,False,False,False,False,False,0.0
2026-10-01T04:11:07Z,KY,KY00075IS0007500SWALTONWS,38.8653,-84.6476,69,Partly Cloudy,0,5,False,False,False,False,False,0.0
2026-10-01T04:11:07Z,KY,KY00075IS0017700S75SRA177,38.9388,-84.6339,69,Partly Cloudy,0,5,False,False,False,False,False,0.0
2026-10-01T04:11:07Z,KY,KY00075IS0016800SCRITENWS,38.8196,-84.6015,70,Mostly Clear,0,5,False,False,False,False,False,0.0
2026-10-01T04:11:07Z,KY,KY00075IS0000100N75WELCOM,36.6162,-84.1054,57,Mostly Clear,0,3,False,False,False,False,False,0.0
2026-10-01T04:11:12Z,IL,IL00055IN010400050,39.8627,-89.5948,73,Mostly Cloudy,7,6,False,False,False,False,True,0.2
2026-10-01T04:11:12Z,IL,IL00057IN007900034,38.0297,-88.9203,75,Mostly Cloudy,0,7,False,False,False,False,True,0.2
2026-10-01T04:11:12Z,IL,IL00055IN014900028,40.3599,-89.1099,69,Mostly Cloudy,8,7,False,False,False,False,True,0.2
2026-10-01T04:11:12Z,IL,IL00055IN019400031,40.8234,-88.6875,67,Chance Rain Showers,53,5,False,False,True,False,True,0.2
2026-10-01T04:11:12Z,IL,IL00057IN011400033,38.5963,-88.9638,76,Mostly Cloudy,1,7,False,False,False,False,True,0.2
2026-10-01T04:11:12Z,IL,IL00064IE002500038,38.5481,-89.7731,77,Mostly Cloudy,2,8,False,False,False,False,True,0.2
2026-10-01T04:11:12Z,IL,IL00055IN002700029,38.8649,-89.8532,77,Mostly Cloudy,2,8,False,False,False,False,True,0.2
2026-10-01T04:11:12Z,IL,IL00057IN022200048,39.9218,-88.299,72,Mostly Cloudy,1,8,False,False,False,False,True,0.2
2026-10-01T04:11:12Z,IL,IL00057IS033300046,41.3918,-87.7749,65,Rain Showers,80,5,False,False,True,False,True,0.2
2026-10-01T04:11:12Z,IL,IL00080IE011700043,41.4314,-88.3454,66,Rain Showers,80,5,False,False,True,False,True,0.2
2026-10-01T04:11:12Z,IL,IL00057IS022200054,39.9314,-88.3043,72,Mostly Cloudy,1,8,False,False,False,False,True,0.2
2026-10-01T04:11:12Z,IL,IL00057IS026800022,40.5613,-88.0615,68,Chance Rain Showers,48,5,False,False,True,False,True,0.2
2026-10-01T04:11:12Z,IL,IL00055IN006400027,39.3465,-89.6408,75,Mostly Cloudy,2,7,False,False,False,False,True,0.2
2026-10-01T04:11:12Z,IL,IL00057IN026800032,40.5505,-88.0605,68,Chance Rain Showers,48,5,False,False,True,False,True,0.2
2026-10-01T04:11:12Z,IL,IL00080IE005100040,41.3938,-89.5665,64,Chance Showers And Thunderstorms,39,5,False,False,True,True,True,0.2
2026-10-01T04:11:12Z,IL,IL00064IW008500012,38.2766,-88.8012,73,Mostly Cloudy,1,7,False,False,False,False,True,0.2
2026-10-01T04:11:12Z,IL,IL00070IE008600051,39.0651,-88.6745,75,Mostly Cloudy,1,7,False,False,False,False,True,0.2
2026-10-01T04:11:12Z,IL,IL00070IE002700042,38.7849,-89.7023,77,Mostly Cloudy,2,8,False,False,False,False,True,0.2
2026-10-01T04:11:12Z,IL,IL00024IW003700010,37.1593,-88.6798,69,Partly Cloudy,0,1,False,False,False,False,True,0.2
2026-10-01T04:11:12Z,IL,IL00064IE008500039,38.273,-88.8496,73,Mostly Cloudy,1,7,False,False,False,False,True,0.2
2026-10-01T04:11:12Z,IL,IL00074IW015600009,40.2711,-88.6701,69,Mostly Cloudy,4,6,False,False,False,False,True,0.2
2026-10-01T04:11:12Z,IL,IL00064IW002500011,38.5491,-89.7633,77,Mostly Cloudy,2,8,False,False,False,False,True,0.2
2026-10-01T04:11:12Z,IL,IL00080IW005100013,41.3937,-89.5591,64,Chance Showers And Thunderstorms,39,0,False,False,True,True,True,0.2
2026-10-01T04:11:12Z,IL,IL00074IW020800052,40.1298,-87.7441,69,Mostly Cloudy,2,6,False,False,False,False,True,0.2
2026-10-01T04:11:12Z,IL,IL00070IW002700015,38.7884,-89.6889,77,Mostly Cloudy,2,8,False,False,False,False,True,0.2
2026-10-01T04:11:12Z,IL,IL00055IS002700019,38.8723,-89.8511,77,Mostly Cloudy,2,8,False,False,False,False,True,0.2
2026-10-01T04:11:12Z,IL,IL00057IS007900047,38.0962,-88.9138,77,Mostly Cloudy,1,8,False,False,False,False,True,0.2
2026-10-01T04:11:12Z,IL,IL00074IE002800030,41.2334,-90.333,66,Chance Showers And Thunderstorms,44,5,False,False,True,True,True,0.2
2026-10-01T04:11:12Z,IL,IL00055IS006400017,39.3523,-89.6447,75,Mostly Cloudy,2,7,False,False,False,False,True,0.2
2026-10-01T04:11:12Z,IL,IL00074IE015600037,40.2732,-88.6762,69,Mostly Cloudy,4,6,False,False,False,False,True,0.2
2026-10-01T04:11:12Z,IL,IL00072IW015200014,39.9888,-88.7852,71,Mostly Cloudy,3,7,False,False,False,False,True,0.2
2026-10-01T04:11:12Z,IL,IL00064IW013000053,38.2322,-87.9882,73,Mostly Cloudy,0,6,False,False,False,False,True,0.2
2026-10-01T04:11:12Z,IL,IL00055IS019400021,40.8371,-88.6833,67,Chance Rain Showers,54,5,False,False,True,False,True,0.2
2026-10-01T04:11:12Z,IL,IL00057IS011400023,38.5965,-88.9677,76,Mostly Cloudy,1,7,False,False,False,False,True,0.2
2026-10-01T04:11:12Z,IL,IL00039IN008500036,41.7236,-89.0062,65,Rain Showers,80,5,False,False,True,False,True,0.2
2026-10-01T04:11:12Z,IL,IL00080IW011700016,41.4473,-88.3285,66,Rain Showers,80,5,False,False,True,False,True,0.2
2026-10-01T04:11:12Z,IL,IL00074IW002800020,41.2141,-90.3308,66,Chance Showers And Thunderstorms,44,5,False,False,True,True,True,0.2
2026-10-01T04:11:12Z,IL,IL00039IS008500026,41.7285,-89.0105,65,Rain Showers,80,5,False,False,True,False,True,0.2
2026-10-01T04:11:12Z,IL,IL00057IN033300049,41.3892,-87.7729,65,Rain Showers,80,5,False,False,True,False,True,0.2
2026-10-01T04:11:12Z,IL,IL00074IW011400006,40.6111,-89.2323,68,Mostly Cloudy,14,5,False,False,False,False,True,0.2
2026-10-01T04:11:12Z,IL,IL00070IW014900008,39.4228,-87.6617,72,Mostly Cloudy,1,7,False,False,False,False,True,0.2
2026-10-01T04:11:12Z,IL,IL00074IE011400005,40.6125,-89.245,68,Mostly Cloudy,14,5,False,False,False,False,True,0.2
2026-10-01T04:11:12Z,IL,IL00074IW006200004,40.8802,-90.0895,66,Chance Rain Showers,38,2,False,False,True,False,True,0.2
2026-10-01T04:11:12Z,IL,IL00074IE006200001,40.8788,-90.0936,66,Chance Rain Showers,38,2,False,False,True,False,True,0.2
2026-10-01T04:11:12Z,IL,IL00055IS010400024,39.8871,-89.5966,73,Mostly Cloudy,7,6,False,False,False,False,True,0.2
2026-10-01T04:11:12Z,IL,IL00057IS003200025,37.4699,-89.1329,73,Partly Cloudy,0,5,False,False,False,False,True,0.2
2026-10-01T04:11:12Z,IL,IL00057IN003200035,37.4661,-89.1324,73,Partly Cloudy,0,5,False,False,False,False,True,0.2
2026-10-01T04:11:12Z,IL,IL00070IW008700045,39.0679,-88.6704,75,Mostly Cloudy,1,7,False,False,False,False,True,0.2
2026-10-01T04:11:12Z,IL,IL00057IS016500018,39.1993,-88.502,75,Mostly Cloudy,1,8,False,False,False,False,True,0.2
2026-10-01T04:11:12Z,IL,IL00057IN016500044,39.1898,-88.5031,75,Mostly Cloudy,1,8,False,False,False,False,True,0.2
2026-10-01T04:11:12Z,IL,IL00072IE015200041,39.9923,-88.7827,71,Mostly Cloudy,3,7,False,False,False,False,True,0.2
2026-10-01T04:11:12Z,IN,322,38.195,-87.8597,73,Mostly Cloudy,0,6,False,False,False,False,False,0.0
2026-10-01T04:11:12Z,IN,317,38.5852,-85.7768,69,Partly Cloudy,0,5,False,False,False,False,False,0.0
2026-10-01T04:11:12Z,IN,316,38.5859,-85.7809,69,Partly Cloudy,0,5,False,False,False,False,False,0.0
2026-10-01T04:11:12Z,IN,315,39.2602,-85.9521,67,Partly Cloudy,1,3,False,False,False,False,False,0.0
2026-10-01T04:11:12Z,IN,314,39.2767,-85.9569,68,Partly Cloudy,1,3,False,False,False,False,False,0.0
2026-10-01T04:11:12Z,IN,313,40.1578,-86.5387,69,Mostly Cloudy,2,7,False,False,False,False,False,0.0
2026-10-01T04:11:12Z,IN,312,40.1722,-86.5522,69,Mostly Cloudy,2,7,False,False,False,False,False,0.0
2026-10-01T04:11:12Z,IN,311,40.6992,-87.0628,69,Chance Rain Showers,39,5,False,False,True,False,False,0.05
2026-10-01T04:11:12Z,IN,310,40.6984,-87.0646,69,Chance Rain Showers,39,5,False,False,True,False,False,0.05
2026-10-01T04:11:12Z,IN,308,41.1653,-87.271,66,Rain Showers,77,5,False,False,True,False,False,0.05
2026-10-01T04:11:12Z,IN,309,41.1666,-87.2749,66,Rain Showers,77,5,False,False,True,False,False,0.05
2026-10-01T04:11:12Z,IN,318,40.3543,-85.5576,68,Mostly Cloudy,3,6,False,False,False,False,False,0.0
2026-10-01T04:11:12Z,IN,319,40.3569,-85.56,68,Mostly Cloudy,3,6,False,False,False,False,False,0.0
2026-10-01T04:11:12Z,IN,320,41.2963,-85.0863,65,Rain Showers Likely,57,5,False,False,True,False,False,0.05
2026-10-01T04:11:12Z,IN,321,41.5803,-85.0597,65,Rain Showers Likely,62,5,False,False,True,False,False,0.05
2026-10-01T04:11:12Z,IN,300,39.4417,-87.5002,70,Mostly Cloudy,1,6,False,False,False,False,False,0.0
2026-10-01T04:11:12Z,IN,302,39.6517,-86.3967,69,Mostly Cloudy,1,6,False,False,False,False,False,0.0
2026-10-01T04:11:12Z,IN,301,39.6541,-86.4005,69,Mostly Cloudy,1,6,False,False,False,False,False,0.0
2026-10-01T04:11:12Z,IN,303,39.8243,-85.7039,68,Partly Cloudy,1,6,False,False,False,False,False,0.0
2026-10-01T04:11:12Z,IN,304,39.8266,-85.704,68,Partly Cloudy,1,6,False,False,False,False,False,0.0
2026-10-01T04:11:12Z,IN,305,39.8605,-85.0259,68,Partly Cloudy,1,5,False,False,False,False,False,0.0
2026-10-01T04:11:12Z,IN,323,39.29,-85.1688,68,Partly Cloudy,0,3,False,False,False,False,False,0.0
2026-10-01T04:11:12Z,IN,702,41.7472,-85.3285,64,Rain Showers Likely,64,5,False,False,True,False,False,0.05
2026-10-01T04:11:12Z,IN,701,41.5889,-87.2173,65,Rain Showers,80,5,False,False,True,False,False,0.05
2026-10-01T04:11:12Z,IN,704,41.7058,-86.6212,64,Rain Showers Likely,62,5,False,False,True,False,False,0.05
2026-10-01T04:11:12Z,IN,703,41.7071,-86.6235,64,Rain Showers Likely,62,5,False,False,True,False,False,0.05
2026-10-01T04:11:12Z,IN,705,41.733,-86.0057,64,Rain Showers Likely,63,5,False,False,True,False,False,0.05
2026-10-01T04:11:12Z,IN,708,41.7472,-85.3285,64,Rain Showers Likely,64,5,False,False,True,False,False,0.05
2026-10-01T04:11:12Z,IN,707,41.7453,-85.3287,64,Rain Showers Likely,64,5,False,False,True,False,False,0.05
2026-10-01T04:11:12Z,IN,324,41.7353,-86.7933,63,Rain Showers Likely,61,5,False,False,True,False,False,0.05
2026-10-01T04:11:12Z,KY,KY00065IS0000020N65WELCOM,36.6434,-86.5687,69,Partly Cloudy,0,5,False,False,False,False,False,0.0
2026-10-01T04:11:12Z,KY,KY00065IS000020NSMARATHON,36.6612,-86.5553,70,Partly Cloudy,0,7,False,False,False,False,False,0.0
2026-10-01T04:11:12Z,KY,KY00065IS0000340NWEIGHS34,36.6868,-86.5379,70,Partly Cloudy,0,7,False,False,False,False,False,0.0
2026-10-01T04:11:12Z,KY,KY00065IS0011400S65SRA114,37.9464,-85.6905,70,Partly Cloudy,0,5,False,False,False,False,False,0.0
2026-10-01T04:11:12Z,KY,KY00065IS0005900S65SRA059,37.239,-85.9297,68,Mostly Clear,0,3,False,False,False,False,False,0.0
2026-10-01T04:11:12Z,KY,KY00065IS0005900N65NRA059,37.2384,-85.9271,68,Mostly Clear,0,3,False,False,False,False,False,0.0
2026-10-01T04:11:12Z,KY,KY00075IS0003300NWEIGHS33,37.0422,-84.0968,60,Mostly Clear,0,2,False,False,False,False,False,0.0
2026-10-01T04:11:12Z,KY,KY00075IS0003400SWEIGHS34,37.048,-84.0997,61,Mostly Clear,0,2,False,False,False,False,False,0.0
2026-10-01T04:11:12Z,KY,KY00075IS0017700N75NRA177,38.937,-84.6309,69,Partly Cloudy,0,5,False,False,False,False,False,0.0
2026-10-01T04:11:12Z,KY,KY00075IS0007500SWALTONWS,38.8653,-84.6476,69,Partly Cloudy,0,5,False,False,False,False,False,0.0
2026-10-01T04:11:12Z,KY,KY00075IS0017700S75SRA177,38.9388,-84.6339,69,Partly Cloudy,0,5,False,False,False,False,False,0.0
2026-10-01T04:11:12Z,KY,KY00075IS0016800SCRITENWS,38.8196,-84.6015,70,Mostly Clear,0,5,False,False,False,False,False,0.0
2026-10-01T04:11:12Z,KY,KY00075IS0000100N75WELCOM,36.6162,-84.1054,57,Mostly Clear,0,3,False,False,False,False,False,0.0
