polled_at_utc,state,site_id,time_stamp,reported_available,capacity,trend,open,trust_data,low_threshold
2026-10-03T00:07:26Z,IL,IL00055IN019400031,2026-10-03T00:06:07Z,Unknown,36,Unknown,True,False,
2026-10-03T00:07:26Z,IL,IL00064IW008500012,2026-10-03T00:06:07Z,Unknown,0,Unknown,True,False,
2026-10-03T00:07:26Z,IL,IL00080IW011700016,2026-10-03T00:06:07Z,Unknown,39,Unknown,True,False,
2026-10-03T00:07:26Z,IL,IL00055IN010400050,2026-10-03T00:06:07Z,0,0,Unknown,False,False,
2026-10-03T00:07:26Z,IL,IL00055IS002700019,2026-10-03T00:06:07Z,Unknown,0,Unknown,True,False,
2026-10-03T00:07:26Z,IL,IL00057IS022200054,2026-10-03T00:06:07Z,Unknown,0,Unknown,True,False,
2026-10-03T00:07:26Z,IL,IL00074IE002800030,2026-10-03T00:06:07Z,Unknown,14,Unknown,True,False,
2026-10-03T00:07:26Z,IL,IL00074IE015600037,2026-10-03T00:06:07Z,0,0,Unknown,False,False,
2026-10-03T00:07:26Z,IL,IL00070IW002700015,2026-10-03T00:06:07Z,Unknown,0,Unknown,True,False,
2026-10-03T00:07:26Z,IL,IL00055IN006400027,2026-10-03T00:06:08Z,Unknown,0,Unknown,True,False,
2026-10-03T00:07:26Z,IL,IL00080IE011700043,2026-10-03T00:06:08Z,Unknown,31,Unknown,True,False,
2026-10-03T00:07:26Z,IL,IL00024IW003700010,2026-10-03T00:06:08Z,Unknown,0,Unknown,True,False,
2026-10-03T00:07:26Z,IL,IL00057IN033300049,2026-10-03T00:06:08Z,Unknown,0,Unknown,True,False,
2026-10-03T00:07:26Z,IL,IL00080IE005100040,2026-10-03T00:06:08Z,Unknown,39,Unknown,True,False,
2026-10-03T00:07:26Z,IL,IL00070IE008600051,2026-10-03T00:06:08Z,0,0,Unknown,False,False,
2026-10-03T00:07:26Z,IL,IL00070IE002700042,2026-10-03T00:06:08Z,Unknown,0,Unknown,True,False,
2026-10-03T00:07:26Z,IL,IL00057IN011400033,2026-10-03T00:06:08Z,Unknown,0,Unknown,True,False,
2026-10-03T00:07:26Z,IL,IL00057IS033300046,2026-10-03T00:06:08Z,Unknown,0,Unknown,True,False,
2026-10-03T00:07:26Z,IL,IL00074IW020800052,2026-10-03T00:06:08Z,Unknown,0,Unknown,True,False,
2026-10-03T00:07:26Z,IL,IL00064IW013000053,2026-10-03T00:06:08Z,0,0,Unknown,False,False,
2026-10-03T00:07:26Z,IL,IL00074IW002800020,2026-10-03T00:06:08Z,Unknown,15,Unknown,True,False,
2026-10-03T00:07:26Z,IL,IL00064IE008500039,2026-10-03T00:06:08Z,Unknown,0,Unknown,True,False,
2026-10-03T00:07:26Z,IL,IL00057IS011400023,2026-10-03T00:06:08Z,Unknown,0,Unknown,True,False,
2026-10-03T00:07:26Z,IL,IL00057IN022200048,2026-10-03T00:06:08Z,Unknown,0,Unknown,True,False,
2026-10-03T00:07:26Z,IL,IL00064IE002500038,2026-10-03T00:06:08Z,Unknown,0,Unknown,True,False,
2026-10-03T00:07:26Z,IL,IL00039IS008500026,2026-10-03T00:06:08Z,Unknown,42,Unknown,True,False,
2026-10-03T00:07:26Z,IL,IL00055IN014900028,2026-10-03T00:06:08Z,Unknown,0,Unknown,True,False,
2026-10-03T00:07:26Z,IL,IL00057IN026800032,2026-10-03T00:06:08Z,Unknown,25,Unknown,True,False,
2026-10-03T00:07:26Z,IL,IL00039IN008500036,2026-10-03T00:06:08Z,Unknown,42,Unknown,True,False,
2026-10-03T00:07:26Z,IL,IL00055IN002700029,2026-10-03T00:06:09Z,Unknown,0,Unknown,True,False,
2026-10-03T00:07:26Z,IL,IL00064IW002500011,2026-10-03T00:06:09Z,Unknown,0,Unknown,True,False,
2026-10-03T00:07:26Z,IL,IL00080IW005100013,2026-10-03T00:06:09Z,Unknown,47,Unknown,True,False,
2026-10-03T00:07:26Z,IL,IL00057IS026800022,2026-10-03T00:06:09Z,Unknown,27,Unknown,True,False,
2026-10-03T00:07:26Z,IL,IL00074IW015600009,2026-10-03T00:06:09Z,0,0,Unknown,False,False,
2026-10-03T00:07:26Z,IL,IL00074IW011400006,2026-10-03T00:06:04Z,14,18,STEADY,True,True,
2026-10-03T00:07:26Z,IL,IL00074IE006200001,2026-10-03T00:06:05Z,8,13,STEADY,True,True,
2026-10-03T00:07:26Z,IL,IL00055IS019400021,2026-10-03T00:06:09Z,Unknown,29,Unknown,True,False,
2026-10-03T00:07:26Z,IL,IL00057IS007900047,2026-10-03T00:06:09Z,Unknown,0,Unknown,True,False,
2026-10-03T00:07:26Z,IL,IL00057IN007900034,2026-10-03T00:06:09Z,Unknown,0,Unknown,True,False,
2026-10-03T00:07:26Z,IL,IL00055IS006400017,2026-10-03T00:06:09Z,Unknown,0,Unknown,True,False,
2026-10-03T00:07:26Z,IL,IL00072IW015200014,2026-10-03T00:06:09Z,Unknown,17,Unknown,True,False,
2026-10-03T00:07:26Z,IL,IL00070IW014900008,2026-10-03T00:04:57Z,Unknown,39,Unknown,True,False,
2026-10-03T00:07:26Z,IL,IL00074IW006200004,2026-10-03T00:05:57Z,Unknown,12,Unknown,True,False,
2026-10-03T00:07:26Z,IL,IL00074IE011400005,2026-10-03T00:05:58Z,Unknown,25,Unknown,True,False,
2026-10-03T00:07:26Z,IL,IL00055IS010400024,2026-10-03T00:05:58Z,Unknown,0,STEADY,,False,
2026-10-03T00:07:26Z,IL,IL00057IS003200025,2026-10-03T00:05:58Z,Unknown,0,STEADY,,False,
2026-10-03T00:07:26Z,IL,IL00057IN003200035,2026-10-03T00:05:58Z,Unknown,17,STEADY,,False,
2026-10-03T00:07:26Z,IL,IL00057IS016500018,2026-10-03T00:07:15Z,3,15,FILLING,True,True,
2026-10-03T00:07:26Z,IL,IL00057IN016500044,2026-10-03T00:05:58Z,0,15,CLEARING,False,False,
2026-10-03T00:07:26Z,IL,IL00070IW008700045,2026-10-03T00:06:32Z,Unknown,15,Unknown,True,False,
2026-10-03T00:07:26Z,IL,IL00072IE015200041,2026-10-03T00:05:59Z,13,16,CLEARING,True,True,
2026-10-03T00:07:26Z,IN,322,2026-10-02T19:55:00-04:00,67,75,,True,false,
2026-10-03T00:07:26Z,IN,317,2026-10-02T19:55:00-04:00,47,58,,True,true,
2026-10-03T00:07:26Z,IN,316,2026-10-02T19:55:00-04:00,14,58,,True,false,
2026-10-03T00:07:26Z,IN,315,2026-10-02T19:55:00-04:00,Unknown,36,,False,true,
2026-10-03T00:07:26Z,IN,314,2026-10-02T19:55:00-04:00,Unknown,36,,False,true,
2026-10-03T00:07:26Z,IN,313,2026-10-02T19:55:00-04:00,LOW,75,,True,true,
2026-10-03T00:07:26Z,IN,312,2026-10-02T19:55:00-04:00,40,75,,True,false,
2026-10-03T00:07:26Z,IN,311,2026-10-02T19:55:00-04:00,Unknown,13,,False,true,
2026-10-03T00:07:26Z,IN,310,2026-10-02T19:55:00-04:00,Unknown,13,,False,true,
2026-10-03T00:07:26Z,IN,308,2026-10-02T19:55:00-04:00,47,75,,True,true,
2026-10-03T00:07:26Z,IN,309,2026-10-02T19:55:00-04:00,42,150,,True,true,
2026-10-03T00:07:26Z,IN,318,2026-10-02T19:55:00-04:00,28,78,,True,true,
2026-10-03T00:07:26Z,IN,319,2026-10-02T19:55:00-04:00,67,78,,True,true,
2026-10-03T00:07:26Z,IN,320,2026-10-02T19:55:00-04:00,63,83,,True,true,
2026-10-03T00:07:26Z,IN,321,2026-10-02T19:55:00-04:00,21,41,,True,false,
2026-10-03T00:07:26Z,IN,300,2026-10-02T19:55:00-04:00,104,128,,True,false,
2026-10-03T00:07:26Z,IN,302,2026-10-02T19:55:00-04:00,27,30,,True,true,
2026-10-03T00:07:26Z,IN,301,2026-10-02T19:55:00-04:00,LOW,30,,True,true,
2026-10-03T00:07:26Z,IN,303,2026-10-02T19:55:00-04:00,123,194,,True,true,
2026-10-03T00:07:26Z,IN,304,2026-10-02T19:55:00-04:00,Unknown,99,,False,true,
2026-10-03T00:07:26Z,IN,305,2026-10-02T19:55:00-04:00,Unknown,156,,False,true,
2026-10-03T00:07:26Z,IN,323,2026-10-02T19:55:00-04:00,20,40,,True,true,
2026-10-03T00:07:26Z,IN,702,2026-10-02T19:55:00-04:00,38,75,,True,false,
2026-10-03T00:07:26Z,IN,701,2026-10-02T19:55:00-04:00,30,60,,True,false,
2026-10-03T00:07:26Z,IN,704,2026-10-02T19:55:00-04:00,40,80,,True,false,
2026-10-03T00:07:26Z,IN,703,2026-10-02T19:55:00-04:00,55,110,,True,false,
2026-10-03T00:07:26Z,IN,706,2026-10-02T19:55:00-04:00,35,70,,True,false,
2026-10-03T00:07:26Z,IN,705,2026-10-02T19:55:00-04:00,30,60,,True,false,
2026-10-03T00:07:26Z,IN,708,2026-10-02T19:55:00-04:00,23,45,,True,false,
2026-10-03T00:07:26Z,IN,707,2026-10-02T19:55:00-04:00,20,40,,True,false,
2026-10-03T00:07:26Z,IN,324,2026-10-02T19:55:00-04:00,16,31,,True,true,
2026-10-03T00:07:26Z,KY,KY00065IS0000020N65WELCOM,2026-10-03T00:06:02Z,LOW,21,STEADY,True,True,
2026-10-03T00:07:26Z,KY,KY00065IS000020NSMARATHON,2025-12-19T00:36:53Z,LOW,60,STEADY,True,False,
2026-10-03T00:07:26Z,KY,KY00065IS0000340NWEIGHS34,2026-07-01T19:04:41Z,22,40,STEADY,True,False,
2026-10-03T00:07:26Z,KY,KY00065IS0011400S65SRA114,2026-10-03T00:06:10Z,11,26,FILLING,True,True,
2026-10-03T00:07:26Z,KY,KY00065IS0005900S65SRA059,2026-10-03T00:06:07Z,78,109,STEADY,True,True,
2026-10-03T00:07:26Z,KY,KY00065IS0005900N65NRA059,2026-08-17T17:24:33Z,LOW,113,STEADY,True,False,
2026-10-03T00:07:26Z,KY,KY00075IS0003300NWEIGHS33,2026-10-03T00:05:46Z,31,50,STEADY,True,True,
2026-10-03T00:07:26Z,KY,KY00075IS0003400SWEIGHS34,2026-10-03T00:05:50Z,LOW,40,STEADY,True,True,
2026-10-03T00:07:26Z,KY,KY00075IS0017700N75NRA177,2026-07-13T10:37:14Z,LOW,53,CLEARING,True,False,
2026-10-03T00:07:26Z,KY,KY00075IS0007500SWALTONWS,2026-10-03T00:05:56Z,20,45,STEADY,True,True,
2026-10-03T00:07:26Z,KY,KY00075IS0017700S75SRA177,2026-10-03T00:05:48Z,LOW,67,STEADY,True,True,
2026-10-03T00:07:26Z,KY,KY00075IS0016800SCRITENWS,2026-10-03T00:05:52Z,33,39,STEADY,True,True,
2026-10-03T00:07:26Z,KY,KY00075IS0000100N75WELCOM,2026-10-03T00:06:10Z,LOW,30,STEADY,True,False,
2026-10-03T00:22:26Z,IL,IL00055IS002700019,2026-10-03T00:22:18Z,Unknown,0,Unknown,True,False,
2026-10-03T00:22:26Z,IL,IL00057IS022200054,2026-10-03T00:22:18Z,Unknown,0,Unknown,True,False,
2026-10-03T00:22:26Z,IL,IL00055IN010400050,2026-10-03T00:22:18Z,0,0,Unknown,False,False,
2026-10-03T00:22:26Z,IL,IL00074IE015600037,2026-10-03T00:22:18Z,0,0,Unknown,False,False,
2026-10-03T00:22:26Z,IL,IL00070IW002700015,2026-10-03T00:22:18Z,Unknown,0,Unknown,True,False,
2026-10-03T00:22:26Z,IL,IL00055IN006400027,2026-10-03T00:22:18Z,Unknown,0,Unknown,True,False,
2026-10-03T00:22:26Z,IL,IL00055IN019400031,2026-10-03T00:22:18Z,Unknown,36,Unknown,True,False,
2026-10-03T00:22:26Z,IL,IL00057IN011400033,2026-10-03T00:22:18Z,Unknown,0,Unknown,True,False,
2026-10-03T00:22:26Z,IL,IL00074IE002800030,2026-10-03T00:22:18Z,Unknown,14,Unknown,True,False,
2026-10-03T00:22:26Z,IL,IL00064IW008500012,2026-10-03T00:22:18Z,Unknown,0,Unknown,True,False,
2026-10-03T00:22:26Z,IL,IL00080IW011700016,2026-10-03T00:22:19Z,Unknown,39,Unknown,True,False,
2026-10-03T00:22:26Z,IL,IL00070IE002700042,2026-10-03T00:22:19Z,Unknown,0,Unknown,True,False,
2026-10-03T00:22:26Z,IL,IL00057IN033300049,2026-10-03T00:22:19Z,Unknown,0,Unknown,True,False,
2026-10-03T00:22:26Z,IL,IL00080IE005100040,2026-10-03T00:22:19Z,Unknown,39,Unknown,True,False,
2026-10-03T00:22:26Z,IL,IL00070IE008600051,2026-10-03T00:22:19Z,0,0,Unknown,False,False,
2026-10-03T00:22:26Z,IL,IL00074IW002800020,2026-10-03T00:22:19Z,Unknown,15,Unknown,True,False,
2026-10-03T00:22:26Z,IL,IL00080IW005100013,2026-10-03T00:22:19Z,Unknown,47,Unknown,True,False,
2026-10-03T00:22:26Z,IL,IL00064IW013000053,2026-10-03T00:22:19Z,0,0,Unknown,False,False,
2026-10-03T00:22:26Z,IL,IL00039IN008500036,2026-10-03T00:22:19Z,Unknown,42,Unknown,True,False,
2026-10-03T00:22:26Z,IL,IL00055IN014900028,2026-10-03T00:22:19Z,Unknown,0,Unknown,True,False,
2026-10-03T00:22:26Z,IL,IL00057IS026800022,2026-10-03T00:22:19Z,Unknown,27,Unknown,True,False,
2026-10-03T00:22:26Z,IL,IL00057IN026800032,2026-10-03T00:22:19Z,Unknown,25,Unknown,True,False,
2026-10-03T00:22:26Z,IL,IL00080IE011700043,2026-10-03T00:22:19Z,Unknown,31,Unknown,True,False,
2026-10-03T00:22:26Z,IL,IL00024IW003700010,2026-10-03T00:22:19Z,Unknown,0,Unknown,True,False,
2026-10-03T00:22:26Z,IL,IL00074IW020800052,2026-10-03T00:22:19Z,Unknown,0,Unknown,True,False,
2026-10-03T00:22:26Z,IL,IL00057IS033300046,2026-10-03T00:22:19Z,Unknown,0,Unknown,True,False,
2026-10-03T00:22:26Z,IL,IL00064IE008500039,2026-10-03T00:22:19Z,Unknown,0,Unknown,True,False,
2026-10-03T00:22:26Z,IL,IL00057IS011400023,2026-10-03T00:22:19Z,Unknown,0,Unknown,True,False,
2026-10-03T00:22:26Z,IL,IL00057IN022200048,2026-10-03T00:22:19Z,Unknown,0,Unknown,True,False,
2026-10-03T00:22:26Z,IL,IL00064IE002500038,2026-10-03T00:22:19Z,Unknown,0,Unknown,True,False,
2026-10-03T00:22:26Z,IL,IL00039IS008500026,2026-10-03T00:22:19Z,Unknown,42,Unknown,True,False,
2026-10-03T00:22:26Z,IL,IL00064IW002500011,2026-10-03T00:22:19Z,Unknown,0,Unknown,True,False,
2026-10-03T00:22:26Z,IL,IL00055IN002700029,2026-10-03T00:22:20Z,Unknown,0,Unknown,True,False,
2026-10-03T00:22:26Z,IL,IL00074IW015600009,2026-10-03T00:22:20Z,0,0,Unknown,False,False,
2026-10-03T00:22:26Z,IL,IL00074IW011400006,2026-10-03T00:21:45Z,12,18,FILLING,True,True,
2026-10-03T00:22:26Z,IL,IL00074IE006200001,2026-10-03T00:21:46Z,7,13,FILLING,True,True,
2026-10-03T00:22:26Z,IL,IL00055IS019400021,2026-10-03T00:22:20Z,Unknown,29,Unknown,True,False,
2026-10-03T00:22:26Z,IL,IL00057IS007900047,2026-10-03T00:22:20Z,Unknown,0,Unknown,True,False,
2026-10-03T00:22:26Z,IL,IL00057IN007900034,2026-10-03T00:22:20Z,Unknown,0,Unknown,True,False,
2026-10-03T00:22:26Z,IL,IL00055IS006400017,2026-10-03T00:22:20Z,Unknown,0,Unknown,True,False,
2026-10-03T00:22:26Z,IL,IL00072IW015200014,2026-10-03T00:22:20Z,Unknown,17,Unknown,True,False,
2026-10-03T00:22:26Z,IL,IL00070IW014900008,2026-10-03T00:21:46Z,Unknown,39,Unknown,True,False,
2026-10-03T00:22:26Z,IL,IL00074IW006200004,2026-10-03T00:21:47Z,9,12,FILLING,True,True,
2026-10-03T00:22:26Z,IL,IL00074IE011400005,2026-10-03T00:21:49Z,18,25,CLEARING,True,True,
2026-10-03T00:22:26Z,IL,IL00055IS010400024,2026-10-03T00:18:03Z,Unknown,0,STEADY,,False,
2026-10-03T00:22:26Z,IL,IL00057IS003200025,2026-10-03T00:18:03Z,Unknown,0,STEADY,,False,
2026-10-03T00:22:26Z,IL,IL00057IN003200035,2026-10-03T00:18:03Z,Unknown,17,STEADY,,False,
2026-10-03T00:22:26Z,IL,IL00070IW008700045,2026-10-03T00:22:08Z,Unknown,15,Unknown,True,False,
2026-10-03T00:22:26Z,IL,IL00057IN016500044,2026-10-03T00:19:27Z,0,15,STEADY,False,False,
2026-10-03T00:22:26Z,IL,IL00057IS016500018,2026-10-03T00:21:07Z,4,15,STEADY,True,True,
2026-10-03T00:22:26Z,IL,IL00072IE015200041,2026-10-03T00:21:31Z,12,16,CLEARING,True,True,
2026-10-03T00:22:26Z,IN,322,2026-10-02T20:10:00-04:00,71,75,,True,false,
2026-10-03T00:22:26Z,IN,317,2026-10-02T20:10:00-04:00,18,58,,True,true,
2026-10-03T00:22:26Z,IN,316,2026-10-02T20:10:00-04:00,16,58,,True,false,
2026-10-03T00:22:26Z,IN,315,2026-10-02T20:10:00-04:00,Unknown,36,,False,true,
2026-10-03T00:22:26Z,IN,314,2026-10-02T20:10:00-04:00,Unknown,36,,False,true,
2026-10-03T00:22:26Z,IN,313,2026-10-02T20:10:00-04:00,8,75,,True,true,
2026-10-03T00:22:26Z,IN,312,2026-10-02T20:10:00-04:00,43,75,,True,false,
2026-10-03T00:22:26Z,IN,311,2026-10-02T20:10:00-04:00,Unknown,13,,False,true,
2026-10-03T00:22:26Z,IN,310,2026-10-02T20:10:00-04:00,Unknown,13,,False,true,
2026-10-03T00:22:26Z,IN,308,2026-10-02T20:10:00-04:00,28,75,,True,true,
2026-10-03T00:22:26Z,IN,309,2026-10-02T20:10:00-04:00,110,150,,True,true,
2026-10-03T00:22:26Z,IN,318,2026-10-02T20:10:00-04:00,13,78,,True,true,
2026-10-03T00:22:26Z,IN,319,2026-10-02T20:10:00-04:00,15,78,,True,true,
2026-10-03T00:22:26Z,IN,320,2026-10-02T20:10:00-04:00,42,83,,True,true,
2026-10-03T00:22:26Z,IN,321,2026-10-02T20:10:00-04:00,21,41,,True,false,
2026-10-03T00:22:26Z,IN,300,2026-10-02T20:10:00-04:00,109,128,,True,false,
2026-10-03T00:22:26Z,IN,302,2026-10-02T20:10:00-04:00,LOW,30,,True,true,
2026-10-03T00:22:26Z,IN,301,2026-10-02T20:10:00-04:00,LOW,30,,True,true,
2026-10-03T00:22:26Z,IN,303,2026-10-02T20:10:00-04:00,91,194,,True,true,
2026-10-03T00:22:26Z,IN,304,2026-10-02T20:10:00-04:00,Unknown,99,,False,true,
2026-10-03T00:22:26Z,IN,305,2026-10-02T20:10:00-04:00,Unknown,156,,False,true,
2026-10-03T00:22:26Z,IN,323,2026-10-02T20:10:00-04:00,20,40,,True,true,
2026-10-03T00:22:26Z,IN,702,2026-10-02T20:10:00-04:00,38,75,,True,false,
2026-10-03T00:22:26Z,IN,701,2026-10-02T20:10:00-04:00,30,60,,True,false,
2026-10-03T00:22:26Z,IN,704,2026-10-02T20:10:00-04:00,40,80,,True,false,
2026-10-03T00:22:26Z,IN,703,2026-10-02T20:10:00-04:00,55,110,,True,false,
2026-10-03T00:22:26Z,IN,706,2026-10-02T20:10:00-04:00,35,70,,True,false,
2026-10-03T00:22:26Z,IN,705,2026-10-02T20:10:00-04:00,30,60,,True,false,
2026-10-03T00:22:26Z,IN,708,2026-10-02T20:10:00-04:00,23,45,,True,false,
2026-10-03T00:22:26Z,IN,707,2026-10-02T20:10:00-04:00,20,40,,True,false,
2026-10-03T00:22:26Z,IN,324,2026-10-02T20:10:00-04:00,16,31,,True,true,
2026-10-03T00:22:26Z,KY,KY00065IS0000020N65WELCOM,2026-10-03T00:21:02Z,LOW,21,STEADY,True,True,
2026-10-03T00:22:26Z,KY,KY00065IS000020NSMARATHON,2025-12-19T00:36:53Z,LOW,60,STEADY,True,False,
2026-10-03T00:22:26Z,KY,KY00065IS0000340NWEIGHS34,2026-07-01T19:04:41Z,22,40,STEADY,True,False,
2026-10-03T00:22:26Z,KY,KY00065IS0011400S65SRA114,2026-10-03T00:21:10Z,24,26,CLEARING,True,True,
2026-10-03T00:22:26Z,KY,KY00065IS0005900S65SRA059,2026-10-03T00:21:08Z,77,109,STEADY,True,True,
2026-10-03T00:22:26Z,KY,KY00065IS0005900N65NRA059,2026-08-17T17:24:33Z,LOW,113,STEADY,True,False,
2026-10-03T00:22:26Z,KY,KY00075IS0003300NWEIGHS33,2026-10-03T00:20:46Z,28,50,FILLING,True,True,
2026-10-03T00:22:26Z,KY,KY00075IS0003400SWEIGHS34,2026-10-03T00:20:50Z,LOW,40,STEADY,True,True,
2026-10-03T00:22:26Z,KY,KY00075IS0017700N75NRA177,2026-07-13T10:37:14Z,LOW,53,CLEARING,True,False,
2026-10-03T00:22:26Z,KY,KY00075IS0007500SWALTONWS,2026-10-03T00:20:56Z,22,45,STEADY,True,True,
2026-10-03T00:22:26Z,KY,KY00075IS0017700S75SRA177,2026-10-03T00:20:48Z,LOW,67,FILLING,True,True,
2026-10-03T00:22:26Z,KY,KY00075IS0016800SCRITENWS,2026-10-03T00:20:52Z,32,39,FILLING,True,True,
2026-10-03T00:22:26Z,KY,KY00075IS0000100N75WELCOM,2026-10-03T00:21:11Z,LOW,30,STEADY,True,False,
2026-10-03T00:37:26Z,IL,IL00080IW011700016,2026-10-03T00:37:07Z,Unknown,39,Unknown,True,False,
2026-10-03T00:37:26Z,IL,IL00074IE002800030,2026-10-03T00:37:08Z,Unknown,14,Unknown,True,False,
2026-10-03T00:37:26Z,IL,IL00064IW008500012,2026-10-03T00:37:08Z,Unknown,0,Unknown,True,False,
2026-10-03T00:37:26Z,IL,IL00057IN033300049,2026-10-03T00:37:08Z,Unknown,0,Unknown,True,False,
2026-10-03T00:37:26Z,IL,IL00070IE002700042,2026-10-03T00:37:08Z,Unknown,0,Unknown,True,False,
2026-10-03T00:37:26Z,IL,IL00074IW002800020,2026-10-03T00:37:08Z,Unknown,15,Unknown,True,False,
2026-10-03T00:37:26Z,IL,IL00070IW002700015,2026-10-03T00:37:08Z,Unknown,0,Unknown,True,False,
2026-10-03T00:37:26Z,IL,IL00055IN014900028,2026-10-03T00:37:09Z,Unknown,0,Unknown,True,False,
2026-10-03T00:37:26Z,IL,IL00080IW005100013,2026-10-03T00:37:09Z,Unknown,47,Unknown,True,False,
2026-10-03T00:37:26Z,IL,IL00055IS002700019,2026-10-03T00:37:09Z,Unknown,0,Unknown,True,False,
2026-10-03T00:37:26Z,IL,IL00057IS022200054,2026-10-03T00:37:09Z,Unknown,0,Unknown,True,False,
2026-10-03T00:37:26Z,IL,IL00055IN006400027,2026-10-03T00:37:09Z,Unknown,0,Unknown,True,False,
2026-10-03T00:37:26Z,IL,IL00057IN026800032,2026-10-03T00:37:09Z,Unknown,25,Unknown,True,False,
2026-10-03T00:37:26Z,IL,IL00080IE005100040,2026-10-03T00:37:09Z,Unknown,39,Unknown,True,False,
2026-10-03T00:37:26Z,IL,IL00074IE015600037,2026-10-03T00:37:09Z,0,0,Unknown,False,False,
2026-10-03T00:37:26Z,IL,IL00055IN019400031,2026-10-03T00:37:09Z,Unknown,36,Unknown,True,False,
2026-10-03T00:37:26Z,IL,IL00070IE008600051,2026-10-03T00:37:09Z,0,0,Unknown,False,False,
2026-10-03T00:37:26Z,IL,IL00080IE011700043,2026-10-03T00:37:09Z,Unknown,31,Unknown,True,False,
2026-10-03T00:37:26Z,IL,IL00057IN011400033,2026-10-03T00:37:09Z,Unknown,0,Unknown,True,False,
2026-10-03T00:37:26Z,IL,IL00064IW013000053,2026-10-03T00:37:09Z,0,0,Unknown,False,False,
2026-10-03T00:37:26Z,IL,IL00057IS026800022,2026-10-03T00:37:09Z,Unknown,27,Unknown,True,False,
2026-10-03T00:37:26Z,IL,IL00055IN010400050,2026-10-03T00:37:09Z,0,0,Unknown,False,False,
2026-10-03T00:37:26Z,IL,IL00039IN008500036,2026-10-03T00:37:09Z,Unknown,42,Unknown,True,False,
2026-10-03T00:37:26Z,IL,IL00024IW003700010,2026-10-03T00:37:09Z,Unknown,0,Unknown,True,False,
2026-10-03T00:37:26Z,IL,IL00057IS033300046,2026-10-03T00:37:09Z,Unknown,0,Unknown,True,False,
2026-10-03T00:37:26Z,IL,IL00074IW020800052,2026-10-03T00:37:09Z,Unknown,0,Unknown,True,False,
2026-10-03T00:37:26Z,IL,IL00064IE008500039,2026-10-03T00:37:09Z,Unknown,0,Unknown,True,False,
2026-10-03T00:37:26Z,IL,IL00057IS011400023,2026-10-03T00:37:09Z,Unknown,0,Unknown,True,False,
2026-10-03T00:37:26Z,IL,IL00057IN022200048,2026-10-03T00:37:10Z,Unknown,0,Unknown,True,False,
2026-10-03T00:37:26Z,IL,IL00064IE002500038,2026-10-03T00:37:10Z,Unknown,0,Unknown,True,False,
2026-10-03T00:37:26Z,IL,IL00039IS008500026,2026-10-03T00:37:10Z,Unknown,42,Unknown,True,False,
2026-10-03T00:37:26Z,IL,IL00055IN002700029,2026-10-03T00:37:10Z,Unknown,0,Unknown,True,False,
2026-10-03T00:37:26Z,IL,IL00064IW002500011,2026-10-03T00:37:10Z,Unknown,0,Unknown,True,False,
2026-10-03T00:37:26Z,IL,IL00074IW015600009,2026-10-03T00:37:10Z,0,0,Unknown,False,False,
2026-10-03T00:37:26Z,IL,IL00074IW011400006,2026-10-03T00:37:12Z,10,18,FILLING,True,True,
2026-10-03T00:37:26Z,IL,IL00074IE006200001,2026-10-03T00:37:13Z,7,13,STEADY,True,True,
2026-10-03T00:37:26Z,IL,IL00055IS019400021,2026-10-03T00:37:13Z,Unknown,29,Unknown,True,False,
2026-10-03T00:37:26Z,IL,IL00057IS007900047,2026-10-03T00:37:13Z,Unknown,0,Unknown,True,False,
2026-10-03T00:37:26Z,IL,IL00057IN007900034,2026-10-03T00:37:13Z,Unknown,0,Unknown,True,False,
2026-10-03T00:37:26Z,IL,IL00055IS006400017,2026-10-03T00:37:13Z,Unknown,0,Unknown,True,False,
2026-10-03T00:37:26Z,IL,IL00072IW015200014,2026-10-03T00:37:13Z,Unknown,17,Unknown,True,False,
2026-10-03T00:37:26Z,IL,IL00070IW014900008,2026-10-03T00:37:16Z,Unknown,39,Unknown,True,False,
2026-10-03T00:37:26Z,IL,IL00074IW006200004,2026-10-03T00:37:14Z,7,12,FILLING,True,True,
2026-10-03T00:37:26Z,IL,IL00074IE011400005,2026-10-03T00:37:16Z,19,25,STEADY,True,True,
2026-10-03T00:37:26Z,IL,IL00055IS010400024,2026-10-03T00:35:24Z,Unknown,0,STEADY,,False,
2026-10-03T00:37:26Z,IL,IL00057IS003200025,2026-10-03T00:35:24Z,Unknown,0,STEADY,,False,
2026-10-03T00:37:26Z,IL,IL00057IN003200035,2026-10-03T00:35:25Z,Unknown,17,STEADY,,False,
2026-10-03T00:37:26Z,IL,IL00070IW008700045,2026-10-03T00:36:04Z,Unknown,15,Unknown,True,False,
2026-10-03T00:37:26Z,IL,IL00057IN016500044,2026-10-03T00:36:57Z,0,15,STEADY,False,False,
2026-10-03T00:37:26Z,IL,IL00057IS016500018,2026-10-03T00:35:24Z,4,15,STEADY,True,True,
2026-10-03T00:37:26Z,IL,IL00072IE015200041,2026-10-03T00:35:25Z,10,16,FILLING,True,True,
2026-10-03T00:37:26Z,IN,322,2026-10-02T20:25:00-04:00,69,75,,True,false,
2026-10-03T00:37:26Z,IN,317,2026-10-02T20:25:00-04:00,18,58,,True,true,
2026-10-03T00:37:26Z,IN,316,2026-10-02T20:25:00-04:00,14,58,,True,false,
2026-10-03T00:37:26Z,IN,315,2026-10-02T20:25:00-04:00,Unknown,36,,False,true,
2026-10-03T00:37:26Z,IN,314,2026-10-02T20:25:00-04:00,Unknown,36,,False,true,
2026-10-03T00:37:26Z,IN,313,2026-10-02T20:25:00-04:00,9,75,,True,true,
2026-10-03T00:37:26Z,IN,312,2026-10-02T20:25:00-04:00,43,75,,True,false,
2026-10-03T00:37:26Z,IN,311,2026-10-02T20:25:00-04:00,Unknown,13,,False,true,
2026-10-03T00:37:26Z,IN,310,2026-10-02T20:25:00-04:00,Unknown,13,,False,true,
2026-10-03T00:37:26Z,IN,308,2026-10-02T20:25:00-04:00,24,75,,True,true,
2026-10-03T00:37:26Z,IN,309,2026-10-02T20:25:00-04:00,103,150,,True,true,
2026-10-03T00:37:26Z,IN,318,2026-10-02T20:25:00-04:00,8,78,,True,true,
2026-10-03T00:37:26Z,IN,319,2026-10-02T20:25:00-04:00,13,78,,True,true,
2026-10-03T00:37:26Z,IN,320,2026-10-02T20:25:00-04:00,42,83,,True,true,
2026-10-03T00:37:26Z,IN,321,2026-10-02T20:25:00-04:00,21,41,,True,false,
2026-10-03T00:37:26Z,IN,300,2026-10-02T20:25:00-04:00,114,128,,True,false,
2026-10-03T00:37:26Z,IN,302,2026-10-02T20:25:00-04:00,7,30,,True,true,
2026-10-03T00:37:26Z,IN,301,2026-10-02T20:25:00-04:00,LOW,30,,True,true,
2026-10-03T00:37:26Z,IN,303,2026-10-02T20:25:00-04:00,93,194,,True,true,
2026-10-03T00:37:26Z,IN,304,2026-10-02T20:25:00-04:00,Unknown,99,,False,true,
2026-10-03T00:37:26Z,IN,305,2026-10-02T20:25:00-04:00,Unknown,156,,False,true,
2026-10-03T00:37:26Z,IN,323,2026-10-02T20:25:00-04:00,20,40,,True,true,
2026-10-03T00:37:26Z,IN,702,2026-10-02T20:25:00-04:00,38,75,,True,false,
2026-10-03T00:37:26Z,IN,701,2026-10-02T20:25:00-04:00,30,60,,True,false,
2026-10-03T00:37:26Z,IN,704,2026-10-02T20:25:00-04:00,40,80,,True,false,
2026-10-03T00:37:26Z,IN,703,2026-10-02T20:25:00-04:00,55,110,,True,false,
2026-10-03T00:37:26Z,IN,706,2026-10-02T20:25:00-04:00,35,70,,True,false,
2026-10-03T00:37:26Z,IN,705,2026-10-02T20:25:00-04:00,30,60,,True,false,
2026-10-03T00:37:26Z,IN,708,2026-10-02T20:25:00-04:00,23,45,,True,false,
2026-10-03T00:37:26Z,IN,707,2026-10-02T20:25:00-04:00,20,40,,True,false,
2026-10-03T00:37:26Z,IN,324,2026-10-02T20:25:00-04:00,16,31,,True,true,
2026-10-03T00:37:26Z,KY,KY00065IS0000020N65WELCOM,2026-10-03T00:36:01Z,LOW,21,STEADY,True,True,
2026-10-03T00:37:26Z,KY,KY00065IS000020NSMARATHON,2025-12-19T00:36:53Z,LOW,60,STEADY,True,False,
2026-10-03T00:37:26Z,KY,KY00065IS0000340NWEIGHS34,2026-07-01T19:04:41Z,22,40,STEADY,True,False,
2026-10-03T00:37:26Z,KY,KY00065IS0011400S65SRA114,2026-10-03T00:36:09Z,20,26,CLEARING,True,True,
2026-10-03T00:37:26Z,KY,KY00065IS0005900S65SRA059,2026-10-03T00:36:08Z,75,109,STEADY,True,True,
2026-10-03T00:37:26Z,KY,KY00065IS0005900N65NRA059,2026-08-17T17:24:33Z,LOW,113,STEADY,True,False,
2026-10-03T00:37:26Z,KY,KY00075IS0003300NWEIGHS33,2026-10-03T00:35:46Z,29,50,STEADY,True,False,
2026-10-03T00:37:26Z,KY,KY00075IS0003400SWEIGHS34,2026-10-03T00:35:50Z,LOW,40,STEADY,True,True,
2026-10-03T00:37:26Z,KY,KY00075IS0017700N75NRA177,2026-07-13T10:37:14Z,LOW,53,CLEARING,True,False,
2026-10-03T00:37:26Z,KY,KY00075IS0007500SWALTONWS,2026-10-03T00:35:56Z,22,45,STEADY,True,True,
2026-10-03T00:37:26Z,KY,KY00075IS0017700S75SRA177,2026-10-03T00:35:48Z,LOW,67,STEADY,True,True,
2026-10-03T00:37:26Z,KY,KY00075IS0016800SCRITENWS,2026-10-03T00:35:52Z,30,39,FILLING,True,True,
2026-10-03T00:37:26Z,KY,KY00075IS0000100N75WELCOM,2026-10-03T00:36:10Z,LOW,30,STEADY,True,False,
2026-10-03T00:52:26Z,IL,IL00074IE015600037,2026-10-03T00:52:04Z,0,0,Unknown,False,False,
2026-10-03T00:52:26Z,IL,IL00080IE005100040,2026-10-03T00:52:04Z,Unknown,39,Unknown,True,False,
2026-10-03T00:52:26Z,IL,IL00080IE011700043,2026-10-03T00:52:04Z,Unknown,31,Unknown,True,False,
2026-10-03T00:52:26Z,IL,IL00039IN008500036,2026-10-03T00:52:04Z,Unknown,42,Unknown,True,False,
2026-10-03T00:52:26Z,IL,IL00055IN010400050,2026-10-03T00:52:04Z,0,0,Unknown,False,False,
2026-10-03T00:52:26Z,IL,IL00064IE002500038,2026-10-03T00:52:04Z,Unknown,0,Unknown,True,False,
2026-10-03T00:52:26Z,IL,IL00064IE008500039,2026-10-03T00:52:04Z,Unknown,0,Unknown,True,False,
2026-10-03T00:52:26Z,IL,IL00074IW015600009,2026-10-03T00:52:04Z,0,0,Unknown,False,False,
2026-10-03T00:52:26Z,IL,IL00080IW011700016,2026-10-03T00:52:02Z,Unknown,39,Unknown,True,False,
2026-10-03T00:52:26Z,IL,IL00074IE002800030,2026-10-03T00:52:02Z,Unknown,14,Unknown,True,False,
2026-10-03T00:52:26Z,IL,IL00064IW008500012,2026-10-03T00:52:02Z,Unknown,0,Unknown,True,False,
2026-10-03T00:52:26Z,IL,IL00057IN033300049,2026-10-03T00:52:02Z,Unknown,0,Unknown,True,False,
2026-10-03T00:52:26Z,IL,IL00070IE002700042,2026-10-03T00:52:03Z,Unknown,0,Unknown,True,False,
2026-10-03T00:52:26Z,IL,IL00074IW002800020,2026-10-03T00:52:03Z,Unknown,15,Unknown,True,False,
2026-10-03T00:52:26Z,IL,IL00070IW002700015,2026-10-03T00:52:03Z,Unknown,0,Unknown,True,False,
2026-10-03T00:52:26Z,IL,IL00055IN014900028,2026-10-03T00:52:03Z,Unknown,0,Unknown,True,False,
2026-10-03T00:52:26Z,IL,IL00024IW003700010,2026-10-03T00:52:03Z,Unknown,0,Unknown,True,False,
2026-10-03T00:52:26Z,IL,IL00064IW013000053,2026-10-03T00:52:03Z,0,0,Unknown,False,False,
2026-10-03T00:52:26Z,IL,IL00055IS002700019,2026-10-03T00:52:03Z,Unknown,0,Unknown,True,False,
2026-10-03T00:52:26Z,IL,IL00057IN011400033,2026-10-03T00:52:03Z,Unknown,0,Unknown,True,False,
2026-10-03T00:52:26Z,IL,IL00074IW020800052,2026-10-03T00:52:03Z,Unknown,0,Unknown,True,False,
2026-10-03T00:52:26Z,IL,IL00070IE008600051,2026-10-03T00:52:03Z,0,0,Unknown,False,False,
2026-10-03T00:52:26Z,IL,IL00080IW005100013,2026-10-03T00:52:03Z,Unknown,47,Unknown,True,False,
2026-10-03T00:52:26Z,IL,IL00057IS022200054,2026-10-03T00:52:03Z,Unknown,0,Unknown,True,False,
2026-10-03T00:52:26Z,IL,IL00057IS026800022,2026-10-03T00:52:03Z,Unknown,27,Unknown,True,False,
2026-10-03T00:52:26Z,IL,IL00055IN006400027,2026-10-03T00:52:03Z,Unknown,0,Unknown,True,False,
2026-10-03T00:52:26Z,IL,IL00057IN026800032,2026-10-03T00:52:03Z,Unknown,25,Unknown,True,False,
2026-10-03T00:52:26Z,IL,IL00064IW002500011,2026-10-03T00:52:03Z,Unknown,0,Unknown,True,False,
2026-10-03T00:52:26Z,IL,IL00055IN002700029,2026-10-03T00:52:03Z,Unknown,0,Unknown,True,False,
2026-10-03T00:52:26Z,IL,IL00057IS011400023,2026-10-03T00:52:03Z,Unknown,0,Unknown,True,False,
2026-10-03T00:52:26Z,IL,IL00057IS033300046,2026-10-03T00:52:03Z,Unknown,0,Unknown,True,False,
2026-10-03T00:52:26Z,IL,IL00057IN022200048,2026-10-03T00:52:03Z,Unknown,0,Unknown,True,False,
2026-10-03T00:52:26Z,IL,IL00055IN019400031,2026-10-03T00:52:03Z,Unknown,36,Unknown,True,False,
2026-10-03T00:52:26Z,IL,IL00039IS008500026,2026-10-03T00:52:03Z,Unknown,42,Unknown,True,False,
2026-10-03T00:52:26Z,IL,IL00074IW011400006,2026-10-03T00:52:06Z,9,18,FILLING,True,True,
2026-10-03T00:52:26Z,IL,IL00074IE006200001,2026-10-03T00:52:07Z,7,13,STEADY,True,True,
2026-10-03T00:52:26Z,IL,IL00055IS019400021,2026-10-03T00:52:07Z,Unknown,29,Unknown,True,False,
2026-10-03T00:52:26Z,IL,IL00057IS007900047,2026-10-03T00:52:07Z,Unknown,0,Unknown,True,False,
2026-10-03T00:52:26Z,IL,IL00057IN007900034,2026-10-03T00:52:07Z,Unknown,0,Unknown,True,False,
2026-10-03T00:52:26Z,IL,IL00055IS006400017,2026-10-03T00:52:07Z,Unknown,0,Unknown,True,False,
2026-10-03T00:52:26Z,IL,IL00072IW015200014,2026-10-03T00:52:07Z,Unknown,17,Unknown,True,False,
2026-10-03T00:52:26Z,IL,IL00070IW014900008,2026-10-03T00:50:54Z,Unknown,39,Unknown,True,False,
2026-10-03T00:52:26Z,IL,IL00074IW006200004,2026-10-03T00:52:08Z,8,12,STEADY,True,True,
2026-10-03T00:52:26Z,IL,IL00074IE011400005,2026-10-03T00:52:11Z,19,25,STEADY,True,True,
2026-10-03T00:52:26Z,IL,IL00055IS010400024,2026-10-03T00:47:38Z,Unknown,0,STEADY,,False,
2026-10-03T00:52:26Z,IL,IL00057IS003200025,2026-10-03T00:47:38Z,Unknown,0,STEADY,,False,
2026-10-03T00:52:26Z,IL,IL00057IN003200035,2026-10-03T00:47:38Z,Unknown,17,STEADY,,False,
2026-10-03T00:52:26Z,IL,IL00070IW008700045,2026-10-03T00:51:52Z,Unknown,15,Unknown,True,False,
2026-10-03T00:52:26Z,IL,IL00057IS016500018,2026-10-03T00:50:15Z,3,15,FILLING,True,True,
2026-10-03T00:52:26Z,IL,IL00057IN016500044,2026-10-03T00:48:59Z,0,15,STEADY,False,False,
2026-10-03T00:52:26Z,IL,IL00072IE015200041,2026-10-03T00:50:48Z,10,16,FILLING,True,True,
2026-10-03T00:52:26Z,IN,322,2026-10-02T20:40:00-04:00,69,75,,True,false,
2026-10-03T00:52:26Z,IN,317,2026-10-02T20:40:00-04:00,17,58,,True,true,
2026-10-03T00:52:26Z,IN,316,2026-10-02T20:40:00-04:00,15,58,,True,false,
2026-10-03T00:52:26Z,IN,315,2026-10-02T20:40:00-04:00,Unknown,36,,False,true,
2026-10-03T00:52:26Z,IN,314,2026-10-02T20:40:00-04:00,Unknown,36,,False,true,
2026-10-03T00:52:26Z,IN,313,2026-10-02T20:40:00-04:00,LOW,75,,True,true,
2026-10-03T00:52:26Z,IN,312,2026-10-02T20:40:00-04:00,38,75,,True,false,
2026-10-03T00:52:26Z,IN,311,2026-10-02T20:40:00-04:00,Unknown,13,,False,true,
2026-10-03T00:52:26Z,IN,310,2026-10-02T20:40:00-04:00,Unknown,13,,False,true,
2026-10-03T00:52:26Z,IN,308,2026-10-02T20:40:00-04:00,25,75,,True,true,
2026-10-03T00:52:26Z,IN,309,2026-10-02T20:40:00-04:00,84,150,,True,true,
2026-10-03T00:52:26Z,IN,318,2026-10-02T20:40:00-04:00,7,78,,True,true,
2026-10-03T00:52:26Z,IN,319,2026-10-02T20:40:00-04:00,21,78,,True,true,
2026-10-03T00:52:26Z,IN,320,2026-10-02T20:40:00-04:00,44,83,,True,true,
2026-10-03T00:52:26Z,IN,321,2026-10-02T20:40:00-04:00,21,41,,True,false,
2026-10-03T00:52:26Z,IN,300,2026-10-02T20:40:00-04:00,112,128,,True,false,
2026-10-03T00:52:26Z,IN,302,2026-10-02T20:40:00-04:00,11,30,,True,true,
2026-10-03T00:52:26Z,IN,301,2026-10-02T20:40:00-04:00,LOW,30,,True,true,
2026-10-03T00:52:26Z,IN,303,2026-10-02T20:40:00-04:00,82,194,,True,true,
2026-10-03T00:52:26Z,IN,304,2026-10-02T20:40:00-04:00,Unknown,99,,False,true,
2026-10-03T00:52:26Z,IN,305,2026-10-02T20:40:00-04:00,Unknown,156,,False,true,
2026-10-03T00:52:26Z,IN,323,2026-10-02T20:40:00-04:00,20,40,,True,true,
2026-10-03T00:52:26Z,IN,702,2026-10-02T20:40:00-04:00,38,75,,True,false,
2026-10-03T00:52:26Z,IN,701,2026-10-02T20:40:00-04:00,30,60,,True,false,
2026-10-03T00:52:26Z,IN,704,2026-10-02T20:40:00-04:00,40,80,,True,false,
2026-10-03T00:52:26Z,IN,703,2026-10-02T20:40:00-04:00,55,110,,True,false,
2026-10-03T00:52:26Z,IN,706,2026-10-02T20:40:00-04:00,35,70,,True,false,
2026-10-03T00:52:26Z,IN,705,2026-10-02T20:40:00-04:00,30,60,,True,false,
2026-10-03T00:52:26Z,IN,708,2026-10-02T20:40:00-04:00,23,45,,True,false,
2026-10-03T00:52:26Z,IN,707,2026-10-02T20:40:00-04:00,20,40,,True,false,
2026-10-03T00:52:26Z,IN,324,2026-10-02T20:40:00-04:00,16,31,,True,true,
2026-10-03T00:52:26Z,KY,KY00065IS0000020N65WELCOM,2026-10-03T00:51:01Z,LOW,21,STEADY,True,True,
2026-10-03T00:52:26Z,KY,KY00065IS000020NSMARATHON,2025-12-19T00:36:53Z,LOW,60,STEADY,True,False,
2026-10-03T00:52:26Z,KY,KY00065IS0000340NWEIGHS34,2026-07-01T19:04:41Z,22,40,STEADY,True,False,
2026-10-03T00:52:26Z,KY,KY00065IS0011400S65SRA114,2026-10-03T00:51:10Z,11,26,FILLING,True,True,
2026-10-03T00:52:26Z,KY,KY00065IS0005900S65SRA059,2026-10-03T00:51:08Z,73,109,STEADY,True,True,
2026-10-03T00:52:26Z,KY,KY00065IS0005900N65NRA059,2026-08-17T17:24:33Z,LOW,113,STEADY,True,False,
2026-10-03T00:52:26Z,KY,KY00075IS0003300NWEIGHS33,2026-10-03T00:50:46Z,29,50,STEADY,True,False,
2026-10-03T00:52:26Z,KY,KY00075IS0003400SWEIGHS34,2026-10-03T00:50:50Z,LOW,40,STEADY,True,True,
2026-10-03T00:52:26Z,KY,KY00075IS0017700N75NRA177,2026-07-13T10:37:14Z,LOW,53,CLEARING,True,False,
2026-10-03T00:52:26Z,KY,KY00075IS0007500SWALTONWS,2026-10-03T00:50:56Z,21,45,STEADY,True,True,
2026-10-03T00:52:26Z,KY,KY00075IS0017700S75SRA177,2026-10-03T00:50:48Z,8,67,STEADY,True,True,
2026-10-03T00:52:26Z,KY,KY00075IS0016800SCRITENWS,2026-10-03T00:50:52Z,29,39,FILLING,True,True,
2026-10-03T00:52:26Z,KY,KY00075IS0000100N75WELCOM,2026-10-03T00:51:11Z,LOW,30,STEADY,True,False,
2026-10-03T01:07:26Z,IL,IL00055IN010400050,2026-10-03T01:06:41Z,0,0,Unknown,False,False,
2026-10-03T01:07:26Z,IL,IL00039IN008500036,2026-10-03T01:06:42Z,Unknown,42,Unknown,True,False,
2026-10-03T01:07:26Z,IL,IL00074IW015600009,2026-10-03T01:06:42Z,0,0,Unknown,False,False,
2026-10-03T01:07:26Z,IL,IL00074IE015600037,2026-10-03T01:06:42Z,0,0,Unknown,False,False,
2026-10-03T01:07:26Z,IL,IL00080IW011700016,2026-10-03T01:06:42Z,Unknown,39,Unknown,True,False,
2026-10-03T01:07:26Z,IL,IL00055IN006400027,2026-10-03T01:06:42Z,Unknown,0,Unknown,True,False,
2026-10-03T01:07:26Z,IL,IL00064IE002500038,2026-10-03T01:06:42Z,Unknown,0,Unknown,True,False,
2026-10-03T01:07:26Z,IL,IL00064IE008500039,2026-10-03T01:06:42Z,Unknown,0,Unknown,True,False,
2026-10-03T01:07:26Z,IL,IL00080IE005100040,2026-10-03T01:06:42Z,Unknown,39,Unknown,True,False,
2026-10-03T01:07:26Z,IL,IL00080IE011700043,2026-10-03T01:06:42Z,Unknown,31,Unknown,True,False,
2026-10-03T01:07:26Z,IL,IL00064IW008500012,2026-10-03T01:06:42Z,Unknown,0,Unknown,True,False,
2026-10-03T01:07:26Z,IL,IL00057IS022200054,2026-10-03T01:06:43Z,Unknown,0,Unknown,True,False,
2026-10-03T01:07:26Z,IL,IL00074IW002800020,2026-10-03T01:06:43Z,Unknown,15,Unknown,True,False,
2026-10-03T01:07:26Z,IL,IL00074IE002800030,2026-10-03T01:06:43Z,Unknown,14,Unknown,True,False,
2026-10-03T01:07:26Z,IL,IL00057IS033300046,2026-10-03T01:06:43Z,Unknown,0,Unknown,True,False,
2026-10-03T01:07:26Z,IL,IL00055IN014900028,2026-10-03T01:06:43Z,Unknown,0,Unknown,True,False,
2026-10-03T01:07:26Z,IL,IL00057IN022200048,2026-10-03T01:06:43Z,Unknown,0,Unknown,True,False,
2026-10-03T01:07:26Z,IL,IL00057IN026800032,2026-10-03T01:06:43Z,Unknown,25,Unknown,True,False,
2026-10-03T01:07:26Z,IL,IL00070IW002700015,2026-10-03T01:06:43Z,Unknown,0,Unknown,True,False,
2026-10-03T01:07:26Z,IL,IL00057IN033300049,2026-10-03T01:06:43Z,Unknown,0,Unknown,True,False,
2026-10-03T01:07:26Z,IL,IL00070IE002700042,2026-10-03T01:06:43Z,Unknown,0,Unknown,True,False,
2026-10-03T01:07:26Z,IL,IL00024IW003700010,2026-10-03T01:06:43Z,Unknown,0,Unknown,True,False,
2026-10-03T01:07:26Z,IL,IL00064IW013000053,2026-10-03T01:06:43Z,0,0,Unknown,False,False,
2026-10-03T01:07:26Z,IL,IL00055IS002700019,2026-10-03T01:06:43Z,Unknown,0,Unknown,True,False,
2026-10-03T01:07:26Z,IL,IL00057IN011400033,2026-10-03T01:06:43Z,Unknown,0,Unknown,True,False,
2026-10-03T01:07:26Z,IL,IL00074IW020800052,2026-10-03T01:06:43Z,Unknown,0,Unknown,True,False,
2026-10-03T01:07:26Z,IL,IL00070IE008600051,2026-10-03T01:06:43Z,0,0,Unknown,False,False,
2026-10-03T01:07:26Z,IL,IL00080IW005100013,2026-10-03T01:06:43Z,Unknown,47,Unknown,True,False,
2026-10-03T01:07:26Z,IL,IL00057IS026800022,2026-10-03T01:06:43Z,Unknown,27,Unknown,True,False,
2026-10-03T01:07:26Z,IL,IL00064IW002500011,2026-10-03T01:06:43Z,Unknown,0,Unknown,True,False,
2026-10-03T01:07:26Z,IL,IL00055IN002700029,2026-10-03T01:06:43Z,Unknown,0,Unknown,True,False,
2026-10-03T01:07:26Z,IL,IL00057IS011400023,2026-10-03T01:06:43Z,Unknown,0,Unknown,True,False,
2026-10-03T01:07:26Z,IL,IL00055IN019400031,2026-10-03T01:06:43Z,Unknown,36,Unknown,True,False,
2026-10-03T01:07:26Z,IL,IL00039IS008500026,2026-10-03T01:06:43Z,Unknown,42,Unknown,True,False,
2026-10-03T01:07:26Z,IL,IL00074IE006200001,2026-10-03T01:06:44Z,5,13,FILLING,True,True,
2026-10-03T01:07:26Z,IL,IL00074IW011400006,2026-10-03T01:06:46Z,11,18,CLEARING,True,True,
2026-10-03T01:07:26Z,IL,IL00055IS019400021,2026-10-03T01:06:46Z,Unknown,29,Unknown,True,False,
2026-10-03T01:07:26Z,IL,IL00057IS007900047,2026-10-03T01:06:46Z,Unknown,0,Unknown,True,False,
2026-10-03T01:07:26Z,IL,IL00057IN007900034,2026-10-03T01:06:46Z,Unknown,0,Unknown,True,False,
2026-10-03T01:07:26Z,IL,IL00055IS006400017,2026-10-03T01:06:46Z,Unknown,0,Unknown,True,False,
2026-10-03T01:07:26Z,IL,IL00072IW015200014,2026-10-03T01:06:46Z,Unknown,17,Unknown,True,False,
2026-10-03T01:07:26Z,IL,IL00070IW014900008,2026-10-03T01:06:32Z,Unknown,39,Unknown,True,False,
2026-10-03T01:07:26Z,IL,IL00074IW006200004,2026-10-03T01:06:32Z,8,12,STEADY,True,True,
2026-10-03T01:07:26Z,IL,IL00074IE011400005,2026-10-03T01:06:35Z,16,25,FILLING,True,True,
2026-10-03T01:07:26Z,IL,IL00055IS010400024,2026-10-03T01:04:43Z,Unknown,0,STEADY,,False,
2026-10-03T01:07:26Z,IL,IL00057IS003200025,2026-10-03T01:04:43Z,Unknown,0,STEADY,,False,
2026-10-03T01:07:26Z,IL,IL00057IN003200035,2026-10-03T01:04:43Z,Unknown,17,STEADY,,False,
2026-10-03T01:07:26Z,IL,IL00070IW008700045,2026-10-03T01:06:56Z,Unknown,15,Unknown,True,False,
2026-10-03T01:07:26Z,IL,IL00057IN016500044,2026-10-03T01:06:31Z,0,15,STEADY,False,False,
2026-10-03T01:07:26Z,IL,IL00057IS016500018,2026-10-03T01:04:42Z,3,15,STEADY,True,True,
2026-10-03T01:07:26Z,IL,IL00072IE015200041,2026-10-03T01:04:44Z,11,16,CLEARING,True,True,
2026-10-03T01:07:26Z,IN,322,2026-10-02T20:55:00-04:00,68,75,,True,false,
2026-10-03T01:07:26Z,IN,317,2026-10-02T20:55:00-04:00,19,58,,True,true,
2026-10-03T01:07:26Z,IN,316,2026-10-02T20:55:00-04:00,15,58,,True,false,
2026-10-03T01:07:26Z,IN,315,2026-10-02T20:55:00-04:00,Unknown,36,,False,true,
2026-10-03T01:07:26Z,IN,314,2026-10-02T20:55:00-04:00,Unknown,36,,False,true,
2026-10-03T01:07:26Z,IN,313,2026-10-02T20:55:00-04:00,LOW,75,,True,true,
2026-10-03T01:07:26Z,IN,312,2026-10-02T20:55:00-04:00,34,75,,True,false,
2026-10-03T01:07:26Z,IN,311,2026-10-02T20:55:00-04:00,Unknown,13,,False,true,
2026-10-03T01:07:26Z,IN,310,2026-10-02T20:55:00-04:00,Unknown,13,,False,true,
2026-10-03T01:07:26Z,IN,308,2026-10-02T20:55:00-04:00,21,75,,True,true,
2026-10-03T01:07:26Z,IN,309,2026-10-02T20:55:00-04:00,87,150,,True,true,
2026-10-03T01:07:26Z,IN,318,2026-10-02T20:55:00-04:00,LOW,78,,True,true,
2026-10-03T01:07:26Z,IN,319,2026-10-02T20:55:00-04:00,22,78,,True,true,
2026-10-03T01:07:26Z,IN,320,2026-10-02T20:55:00-04:00,47,83,,True,true,
2026-10-03T01:07:26Z,IN,321,2026-10-02T20:55:00-04:00,21,41,,True,false,
2026-10-03T01:07:26Z,IN,300,2026-10-02T20:55:00-04:00,113,128,,True,false,
2026-10-03T01:07:26Z,IN,302,2026-10-02T20:55:00-04:00,13,30,,True,true,
2026-10-03T01:07:26Z,IN,301,2026-10-02T20:55:00-04:00,LOW,30,,True,true,
2026-10-03T01:07:26Z,IN,303,2026-10-02T20:55:00-04:00,73,194,,True,true,
2026-10-03T01:07:26Z,IN,304,2026-10-02T20:55:00-04:00,Unknown,99,,False,true,
2026-10-03T01:07:26Z,IN,305,2026-10-02T20:55:00-04:00,Unknown,156,,False,true,
2026-10-03T01:07:26Z,IN,323,2026-10-02T20:55:00-04:00,20,40,,True,true,
2026-10-03T01:07:26Z,IN,702,2026-10-02T20:55:00-04:00,38,75,,True,false,
2026-10-03T01:07:26Z,IN,701,2026-10-02T20:55:00-04:00,30,60,,True,false,
2026-10-03T01:07:26Z,IN,704,2026-10-02T20:55:00-04:00,40,80,,True,false,
2026-10-03T01:07:26Z,IN,703,2026-10-02T20:55:00-04:00,55,110,,True,false,
2026-10-03T01:07:26Z,IN,706,2026-10-02T20:55:00-04:00,35,70,,True,false,
2026-10-03T01:07:26Z,IN,705,2026-10-02T20:55:00-04:00,30,60,,True,false,
2026-10-03T01:07:26Z,IN,708,2026-10-02T20:55:00-04:00,23,45,,True,false,
2026-10-03T01:07:26Z,IN,707,2026-10-02T20:55:00-04:00,20,40,,True,false,
2026-10-03T01:07:26Z,IN,324,2026-10-02T20:55:00-04:00,16,31,,True,true,
2026-10-03T01:07:26Z,KY,KY00065IS0000020N65WELCOM,2026-10-03T01:06:02Z,LOW,21,STEADY,True,True,
2026-10-03T01:07:26Z,KY,KY00065IS000020NSMARATHON,2025-12-19T00:36:53Z,LOW,60,STEADY,True,False,
2026-10-03T01:07:26Z,KY,KY00065IS0000340NWEIGHS34,2026-07-01T19:04:41Z,22,40,STEADY,True,False,
2026-10-03T01:07:26Z,KY,KY00065IS0011400S65SRA114,2026-10-03T01:06:10Z,5,26,FILLING,True,True,
2026-10-03T01:07:26Z,KY,KY00065IS0005900S65SRA059,2026-10-03T01:06:07Z,69,109,FILLING,True,True,
2026-10-03T01:07:26Z,KY,KY00065IS0005900N65NRA059,2026-08-17T17:24:33Z,LOW,113,STEADY,True,False,
2026-10-03T01:07:26Z,KY,KY00075IS0003300NWEIGHS33,2026-10-03T01:05:46Z,31,50,STEADY,True,False,
2026-10-03T01:07:26Z,KY,KY00075IS0003400SWEIGHS34,2026-10-03T01:05:50Z,LOW,40,STEADY,True,True,
2026-10-03T01:07:26Z,KY,KY00075IS0017700N75NRA177,2026-07-13T10:37:14Z,LOW,53,CLEARING,True,False,
2026-10-03T01:07:26Z,KY,KY00075IS0007500SWALTONWS,2026-10-03T01:05:55Z,18,45,FILLING,True,True,
2026-10-03T01:07:26Z,KY,KY00075IS0017700S75SRA177,2026-10-03T01:05:48Z,15,67,CLEARING,True,True,
2026-10-03T01:07:26Z,KY,KY00075IS0016800SCRITENWS,2026-10-03T01:05:52Z,30,39,STEADY,True,True,
2026-10-03T01:07:26Z,KY,KY00075IS0000100N75WELCOM,2026-10-03T01:06:10Z,LOW,30,STEADY,True,False,
2026-10-03T01:07:30Z,IL,IL00055IN010400050,2026-10-03T01:06:41Z,0,0,Unknown,False,False,
2026-10-03T01:07:30Z,IL,IL00039IN008500036,2026-10-03T01:06:42Z,Unknown,42,Unknown,True,False,
2026-10-03T01:07:30Z,IL,IL00074IW015600009,2026-10-03T01:06:42Z,0,0,Unknown,False,False,
2026-10-03T01:07:30Z,IL,IL00074IE015600037,2026-10-03T01:06:42Z,0,0,Unknown,False,False,
2026-10-03T01:07:30Z,IL,IL00080IW011700016,2026-10-03T01:06:42Z,Unknown,39,Unknown,True,False,
2026-10-03T01:07:30Z,IL,IL00055IN006400027,2026-10-03T01:06:42Z,Unknown,0,Unknown,True,False,
2026-10-03T01:07:30Z,IL,IL00064IE002500038,2026-10-03T01:06:42Z,Unknown,0,Unknown,True,False,
2026-10-03T01:07:30Z,IL,IL00064IE008500039,2026-10-03T01:06:42Z,Unknown,0,Unknown,True,False,
2026-10-03T01:07:30Z,IL,IL00080IE005100040,2026-10-03T01:06:42Z,Unknown,39,Unknown,True,False,
2026-10-03T01:07:30Z,IL,IL00080IE011700043,2026-10-03T01:06:42Z,Unknown,31,Unknown,True,False,
2026-10-03T01:07:30Z,IL,IL00064IW008500012,2026-10-03T01:06:42Z,Unknown,0,Unknown,True,False,
2026-10-03T01:07:30Z,IL,IL00057IS022200054,2026-10-03T01:06:43Z,Unknown,0,Unknown,True,False,
2026-10-03T01:07:30Z,IL,IL00074IW002800020,2026-10-03T01:06:43Z,Unknown,15,Unknown,True,False,
2026-10-03T01:07:30Z,IL,IL00074IE002800030,2026-10-03T01:06:43Z,Unknown,14,Unknown,True,False,
2026-10-03T01:07:30Z,IL,IL00057IS033300046,2026-10-03T01:06:43Z,Unknown,0,Unknown,True,False,
2026-10-03T01:07:30Z,IL,IL00055IN014900028,2026-10-03T01:06:43Z,Unknown,0,Unknown,True,False,
2026-10-03T01:07:30Z,IL,IL00057IN022200048,2026-10-03T01:06:43Z,Unknown,0,Unknown,True,False,
2026-10-03T01:07:30Z,IL,IL00057IN026800032,2026-10-03T01:06:43Z,Unknown,25,Unknown,True,False,
2026-10-03T01:07:30Z,IL,IL00070IW002700015,2026-10-03T01:06:43Z,Unknown,0,Unknown,True,False,
2026-10-03T01:07:30Z,IL,IL00057IN033300049,2026-10-03T01:06:43Z,Unknown,0,Unknown,True,False,
2026-10-03T01:07:30Z,IL,IL00070IE002700042,2026-10-03T01:06:43Z,Unknown,0,Unknown,True,False,
2026-10-03T01:07:30Z,IL,IL00024IW003700010,2026-10-03T01:06:43Z,Unknown,0,Unknown,True,False,
2026-10-03T01:07:30Z,IL,IL00064IW013000053,2026-10-03T01:06:43Z,0,0,Unknown,False,False,
2026-10-03T01:07:30Z,IL,IL00055IS002700019,2026-10-03T01:06:43Z,Unknown,0,Unknown,True,False,
2026-10-03T01:07:30Z,IL,IL00057IN011400033,2026-10-03T01:06:43Z,Unknown,0,Unknown,True,False,
2026-10-03T01:07:30Z,IL,IL00074IW020800052,2026-10-03T01:06:43Z,Unknown,0,Unknown,True,False,
2026-10-03T01:07:30Z,IL,IL00070IE008600051,2026-10-03T01:06:43Z,0,0,Unknown,False,False,
2026-10-03T01:07:30Z,IL,IL00080IW005100013,2026-10-03T01:06:43Z,Unknown,47,Unknown,True,False,
2026-10-03T01:07:30Z,IL,IL00057IS026800022,2026-10-03T01:06:43Z,Unknown,27,Unknown,True,False,
2026-10-03T01:07:30Z,IL,IL00064IW002500011,2026-10-03T01:06:43Z,Unknown,0,Unknown,True,False,
2026-10-03T01:07:30Z,IL,IL00055IN002700029,2026-10-03T01:06:43Z,Unknown,0,Unknown,True,False,
2026-10-03T01:07:30Z,IL,IL00057IS011400023,2026-10-03T01:06:43Z,Unknown,0,Unknown,True,False,
2026-10-03T01:07:30Z,IL,IL00055IN019400031,2026-10-03T01:06:43Z,Unknown,36,Unknown,True,False,
2026-10-03T01:07:30Z,IL,IL00039IS008500026,2026-10-03T01:06:43Z,Unknown,42,Unknown,True,False,
2026-10-03T01:07:30Z,IL,IL00074IE006200001,2026-10-03T01:06:44Z,5,13,FILLING,True,True,
2026-10-03T01:07:30Z,IL,IL00074IW011400006,2026-10-03T01:06:46Z,11,18,CLEARING,True,True,
2026-10-03T01:07:30Z,IL,IL00055IS019400021,2026-10-03T01:06:46Z,Unknown,29,Unknown,True,False,
2026-10-03T01:07:30Z,IL,IL00057IS007900047,2026-10-03T01:06:46Z,Unknown,0,Unknown,True,False,
2026-10-03T01:07:30Z,IL,IL00057IN007900034,2026-10-03T01:06:46Z,Unknown,0,Unknown,True,False,
2026-10-03T01:07:30Z,IL,IL00055IS006400017,2026-10-03T01:06:46Z,Unknown,0,Unknown,True,False,
2026-10-03T01:07:30Z,IL,IL00072IW015200014,2026-10-03T01:06:46Z,Unknown,17,Unknown,True,False,
2026-10-03T01:07:30Z,IL,IL00070IW014900008,2026-10-03T01:06:32Z,Unknown,39,Unknown,True,False,
2026-10-03T01:07:30Z,IL,IL00074IW006200004,2026-10-03T01:06:32Z,8,12,STEADY,True,True,
2026-10-03T01:07:30Z,IL,IL00074IE011400005,2026-10-03T01:06:35Z,16,25,FILLING,True,True,
2026-10-03T01:07:30Z,IL,IL00055IS010400024,2026-10-03T01:04:43Z,Unknown,0,STEADY,,False,
2026-10-03T01:07:30Z,IL,IL00057IS003200025,2026-10-03T01:04:43Z,Unknown,0,STEADY,,False,
2026-10-03T01:07:30Z,IL,IL00057IN003200035,2026-10-03T01:04:43Z,Unknown,17,STEADY,,False,
2026-10-03T01:07:30Z,IL,IL00070IW008700045,2026-10-03T01:06:56Z,Unknown,15,Unknown,True,False,
2026-10-03T01:07:30Z,IL,IL00057IN016500044,2026-10-03T01:06:31Z,0,15,STEADY,False,False,
2026-10-03T01:07:30Z,IL,IL00057IS016500018,2026-10-03T01:04:42Z,3,15,STEADY,True,True,
2026-10-03T01:07:30Z,IL,IL00072IE015200041,2026-10-03T01:04:44Z,11,16,CLEARING,True,True,
2026-10-03T01:07:30Z,IN,322,2026-10-02T20:55:00-04:00,68,75,,True,false,
2026-10-03T01:07:30Z,IN,317,2026-10-02T20:55:00-04:00,19,58,,True,true,
2026-10-03T01:07:30Z,IN,316,2026-10-02T20:55:00-04:00,15,58,,True,false,
2026-10-03T01:07:30Z,IN,315,2026-10-02T20:55:00-04:00,Unknown,36,,False,true,
2026-10-03T01:07:30Z,IN,314,2026-10-02T20:55:00-04:00,Unknown,36,,False,true,
2026-10-03T01:07:30Z,IN,313,2026-10-02T20:55:00-04:00,LOW,75,,True,true,
2026-10-03T01:07:30Z,IN,312,2026-10-02T20:55:00-04:00,34,75,,True,false,
2026-10-03T01:07:30Z,IN,311,2026-10-02T20:55:00-04:00,Unknown,13,,False,true,
2026-10-03T01:07:30Z,IN,310,2026-10-02T20:55:00-04:00,Unknown,13,,False,true,
2026-10-03T01:07:30Z,IN,308,2026-10-02T20:55:00-04:00,21,75,,True,true,
2026-10-03T01:07:30Z,IN,309,2026-10-02T20:55:00-04:00,87,150,,True,true,
2026-10-03T01:07:30Z,IN,318,2026-10-02T20:55:00-04:00,LOW,78,,True,true,
2026-10-03T01:07:30Z,IN,319,2026-10-02T20:55:00-04:00,22,78,,True,true,
2026-10-03T01:07:30Z,IN,320,2026-10-02T20:55:00-04:00,47,83,,True,true,
2026-10-03T01:07:30Z,IN,321,2026-10-02T20:55:00-04:00,21,41,,True,false,
2026-10-03T01:07:30Z,IN,300,2026-10-02T20:55:00-04:00,113,128,,True,false,
2026-10-03T01:07:30Z,IN,302,2026-10-02T20:55:00-04:00,13,30,,True,true,
2026-10-03T01:07:30Z,IN,301,2026-10-02T20:55:00-04:00,LOW,30,,True,true,
2026-10-03T01:07:30Z,IN,303,2026-10-02T20:55:00-04:00,73,194,,True,true,
2026-10-03T01:07:30Z,IN,304,2026-10-02T20:55:00-04:00,Unknown,99,,False,true,
2026-10-03T01:07:30Z,IN,305,2026-10-02T20:55:00-04:00,Unknown,156,,False,true,
2026-10-03T01:07:30Z,IN,323,2026-10-02T20:55:00-04:00,20,40,,True,true,
2026-10-03T01:07:30Z,IN,702,2026-10-02T20:55:00-04:00,38,75,,True,false,
2026-10-03T01:07:30Z,IN,701,2026-10-02T20:55:00-04:00,30,60,,True,false,
2026-10-03T01:07:30Z,IN,704,2026-10-02T20:55:00-04:00,40,80,,True,false,
2026-10-03T01:07:30Z,IN,703,2026-10-02T20:55:00-04:00,55,110,,True,false,
2026-10-03T01:07:30Z,IN,706,2026-10-02T20:55:00-04:00,35,70,,True,false,
2026-10-03T01:07:30Z,IN,705,2026-10-02T20:55:00-04:00,30,60,,True,false,
2026-10-03T01:07:30Z,IN,708,2026-10-02T20:55:00-04:00,23,45,,True,false,
2026-10-03T01:07:30Z,IN,707,2026-10-02T20:55:00-04:00,20,40,,True,false,
2026-10-03T01:07:30Z,IN,324,2026-10-02T20:55:00-04:00,16,31,,True,true,
2026-10-03T01:07:30Z,KY,KY00065IS0000020N65WELCOM,2026-10-03T01:06:02Z,LOW,21,STEADY,True,True,
2026-10-03T01:07:30Z,KY,KY00065IS000020NSMARATHON,2025-12-19T00:36:53Z,LOW,60,STEADY,True,False,
2026-10-03T01:07:30Z,KY,KY00065IS0000340NWEIGHS34,2026-07-01T19:04:41Z,22,40,STEADY,True,False,
2026-10-03T01:07:30Z,KY,KY00065IS0011400S65SRA114,2026-10-03T01:06:10Z,5,26,FILLING,True,True,
2026-10-03T01:07:30Z,KY,KY00065IS0005900S65SRA059,2026-10-03T01:06:07Z,69,109,FILLING,True,True,
2026-10-03T01:07:30Z,KY,KY00065IS0005900N65NRA059,2026-08-17T17:24:33Z,LOW,113,STEADY,True,False,
2026-10-03T01:07:30Z,KY,KY00075IS0003300NWEIGHS33,2026-10-03T01:05:46Z,31,50,STEADY,True,False,
2026-10-03T01:07:30Z,KY,KY00075IS0003400SWEIGHS34,2026-10-03T01:05:50Z,LOW,40,STEADY,True,True,
2026-10-03T01:07:30Z,KY,KY00075IS0017700N75NRA177,2026-07-13T10:37:14Z,LOW,53,CLEARING,True,False,
2026-10-03T01:07:30Z,KY,KY00075IS0007500SWALTONWS,2026-10-03T01:05:55Z,18,45,FILLING,True,True,
2026-10-03T01:07:30Z,KY,KY00075IS0017700S75SRA177,2026-10-03T01:05:48Z,15,67,CLEARING,True,True,
2026-10-03T01:07:30Z,KY,KY00075IS0016800SCRITENWS,2026-10-03T01:05:52Z,30,39,STEADY,True,True,
2026-10-03T01:07:30Z,KY,KY00075IS0000100N75WELCOM,2026-10-03T01:06:10Z,LOW,30,STEADY,True,False,
2026-10-03T01:07:34Z,IL,IL00055IN010400050,2026-10-03T01:06:41Z,0,0,Unknown,False,False,
2026-10-03T01:07:34Z,IL,IL00039IN008500036,2026-10-03T01:06:42Z,Unknown,42,Unknown,True,False,
2026-10-03T01:07:34Z,IL,IL00074IW015600009,2026-10-03T01:06:42Z,0,0,Unknown,False,False,
2026-10-03T01:07:34Z,IL,IL00074IE015600037,2026-10-03T01:06:42Z,0,0,Unknown,False,False,
2026-10-03T01:07:34Z,IL,IL00080IW011700016,2026-10-03T01:06:42Z,Unknown,39,Unknown,True,False,
2026-10-03T01:07:34Z,IL,IL00055IN006400027,2026-10-03T01:06:42Z,Unknown,0,Unknown,True,False,
2026-10-03T01:07:34Z,IL,IL00064IE002500038,2026-10-03T01:06:42Z,Unknown,0,Unknown,True,False,
2026-10-03T01:07:34Z,IL,IL00064IE008500039,2026-10-03T01:06:42Z,Unknown,0,Unknown,True,False,
2026-10-03T01:07:34Z,IL,IL00080IE005100040,2026-10-03T01:06:42Z,Unknown,39,Unknown,True,False,
2026-10-03T01:07:34Z,IL,IL00080IE011700043,2026-10-03T01:06:42Z,Unknown,31,Unknown,True,False,
2026-10-03T01:07:34Z,IL,IL00064IW008500012,2026-10-03T01:06:42Z,Unknown,0,Unknown,True,False,
2026-10-03T01:07:34Z,IL,IL00057IS022200054,2026-10-03T01:06:43Z,Unknown,0,Unknown,True,False,
2026-10-03T01:07:34Z,IL,IL00074IW002800020,2026-10-03T01:06:43Z,Unknown,15,Unknown,True,False,
2026-10-03T01:07:34Z,IL,IL00074IE002800030,2026-10-03T01:06:43Z,Unknown,14,Unknown,True,False,
2026-10-03T01:07:34Z,IL,IL00057IS033300046,2026-10-03T01:06:43Z,Unknown,0,Unknown,True,False,
2026-10-03T01:07:34Z,IL,IL00055IN014900028,2026-10-03T01:06:43Z,Unknown,0,Unknown,True,False,
2026-10-03T01:07:34Z,IL,IL00057IN022200048,2026-10-03T01:06:43Z,Unknown,0,Unknown,True,False,
2026-10-03T01:07:34Z,IL,IL00057IN026800032,2026-10-03T01:06:43Z,Unknown,25,Unknown,True,False,
2026-10-03T01:07:34Z,IL,IL00070IW002700015,2026-10-03T01:06:43Z,Unknown,0,Unknown,True,False,
2026-10-03T01:07:34Z,IL,IL00057IN033300049,2026-10-03T01:06:43Z,Unknown,0,Unknown,True,False,
2026-10-03T01:07:34Z,IL,IL00070IE002700042,2026-10-03T01:06:43Z,Unknown,0,Unknown,True,False,
2026-10-03T01:07:34Z,IL,IL00024IW003700010,2026-10-03T01:06:43Z,Unknown,0,Unknown,True,False,
2026-10-03T01:07:34Z,IL,IL00064IW013000053,2026-10-03T01:06:43Z,0,0,Unknown,False,False,
2026-10-03T01:07:34Z,IL,IL00055IS002700019,2026-10-03T01:06:43Z,Unknown,0,Unknown,True,False,
2026-10-03T01:07:34Z,IL,IL00057IN011400033,2026-10-03T01:06:43Z,Unknown,0,Unknown,True,False,
2026-10-03T01:07:34Z,IL,IL00074IW020800052,2026-10-03T01:06:43Z,Unknown,0,Unknown,True,False,
2026-10-03T01:07:34Z,IL,IL00070IE008600051,2026-10-03T01:06:43Z,0,0,Unknown,False,False,
2026-10-03T01:07:34Z,IL,IL00080IW005100013,2026-10-03T01:06:43Z,Unknown,47,Unknown,True,False,
2026-10-03T01:07:34Z,IL,IL00057IS026800022,2026-10-03T01:06:43Z,Unknown,27,Unknown,True,False,
2026-10-03T01:07:34Z,IL,IL00064IW002500011,2026-10-03T01:06:43Z,Unknown,0,Unknown,True,False,
2026-10-03T01:07:34Z,IL,IL00055IN002700029,2026-10-03T01:06:43Z,Unknown,0,Unknown,True,False,
2026-10-03T01:07:34Z,IL,IL00057IS011400023,2026-10-03T01:06:43Z,Unknown,0,Unknown,True,False,
2026-10-03T01:07:34Z,IL,IL00055IN019400031,2026-10-03T01:06:43Z,Unknown,36,Unknown,True,False,
2026-10-03T01:07:34Z,IL,IL00039IS008500026,2026-10-03T01:06:43Z,Unknown,42,Unknown,True,False,
2026-10-03T01:07:34Z,IL,IL00074IE006200001,2026-10-03T01:06:44Z,5,13,FILLING,True,True,
2026-10-03T01:07:34Z,IL,IL00074IW011400006,2026-10-03T01:06:46Z,11,18,CLEARING,True,True,
2026-10-03T01:07:34Z,IL,IL00055IS019400021,2026-10-03T01:06:46Z,Unknown,29,Unknown,True,False,
2026-10-03T01:07:34Z,IL,IL00057IS007900047,2026-10-03T01:06:46Z,Unknown,0,Unknown,True,False,
2026-10-03T01:07:34Z,IL,IL00057IN007900034,2026-10-03T01:06:46Z,Unknown,0,Unknown,True,False,
2026-10-03T01:07:34Z,IL,IL00055IS006400017,2026-10-03T01:06:46Z,Unknown,0,Unknown,True,False,
2026-10-03T01:07:34Z,IL,IL00072IW015200014,2026-10-03T01:06:46Z,Unknown,17,Unknown,True,False,
2026-10-03T01:07:34Z,IL,IL00070IW014900008,2026-10-03T01:06:32Z,Unknown,39,Unknown,True,False,
2026-10-03T01:07:34Z,IL,IL00074IW006200004,2026-10-03T01:06:32Z,8,12,STEADY,True,True,
2026-10-03T01:07:34Z,IL,IL00074IE011400005,2026-10-03T01:06:35Z,16,25,FILLING,True,True,
2026-10-03T01:07:34Z,IL,IL00055IS010400024,2026-10-03T01:04:43Z,Unknown,0,STEADY,,False,
2026-10-03T01:07:34Z,IL,IL00057IS003200025,2026-10-03T01:04:43Z,Unknown,0,STEADY,,False,
2026-10-03T01:07:34Z,IL,IL00057IN003200035,2026-10-03T01:04:43Z,Unknown,17,STEADY,,False,
2026-10-03T01:07:34Z,IL,IL00070IW008700045,2026-10-03T01:06:56Z,Unknown,15,Unknown,True,False,
2026-10-03T01:07:34Z,IL,IL00057IS016500018,2026-10-03T01:07:31Z,3,15,STEADY,True,True,
2026-10-03T01:07:34Z,IL,IL00057IN016500044,2026-10-03T01:06:31Z,0,15,STEADY,False,False,
2026-10-03T01:07:34Z,IL,IL00072IE015200041,2026-10-03T01:04:44Z,11,16,CLEARING,True,True,
2026-10-03T01:07:34Z,IN,322,2026-10-02T20:55:00-04:00,68,75,,True,false,
2026-10-03T01:07:34Z,IN,317,2026-10-02T20:55:00-04:00,19,58,,True,true,
2026-10-03T01:07:34Z,IN,316,2026-10-02T20:55:00-04:00,15,58,,True,false,
2026-10-03T01:07:34Z,IN,315,2026-10-02T20:55:00-04:00,Unknown,36,,False,true,
2026-10-03T01:07:34Z,IN,314,2026-10-02T20:55:00-04:00,Unknown,36,,False,true,
2026-10-03T01:07:34Z,IN,313,2026-10-02T20:55:00-04:00,LOW,75,,True,true,
2026-10-03T01:07:34Z,IN,312,2026-10-02T20:55:00-04:00,34,75,,True,false,
2026-10-03T01:07:34Z,IN,311,2026-10-02T20:55:00-04:00,Unknown,13,,False,true,
2026-10-03T01:07:34Z,IN,310,2026-10-02T20:55:00-04:00,Unknown,13,,False,true,
2026-10-03T01:07:34Z,IN,308,2026-10-02T20:55:00-04:00,21,75,,True,true,
2026-10-03T01:07:34Z,IN,309,2026-10-02T20:55:00-04:00,87,150,,True,true,
2026-10-03T01:07:34Z,IN,318,2026-10-02T20:55:00-04:00,LOW,78,,True,true,
2026-10-03T01:07:34Z,IN,319,2026-10-02T20:55:00-04:00,22,78,,True,true,
2026-10-03T01:07:34Z,IN,320,2026-10-02T20:55:00-04:00,47,83,,True,true,
2026-10-03T01:07:34Z,IN,321,2026-10-02T20:55:00-04:00,21,41,,True,false,
2026-10-03T01:07:34Z,IN,300,2026-10-02T20:55:00-04:00,113,128,,True,false,
2026-10-03T01:07:34Z,IN,302,2026-10-02T20:55:00-04:00,13,30,,True,true,
2026-10-03T01:07:34Z,IN,301,2026-10-02T20:55:00-04:00,LOW,30,,True,true,
2026-10-03T01:07:34Z,IN,303,2026-10-02T20:55:00-04:00,73,194,,True,true,
2026-10-03T01:07:34Z,IN,304,2026-10-02T20:55:00-04:00,Unknown,99,,False,true,
2026-10-03T01:07:34Z,IN,305,2026-10-02T20:55:00-04:00,Unknown,156,,False,true,
2026-10-03T01:07:34Z,IN,323,2026-10-02T20:55:00-04:00,20,40,,True,true,
2026-10-03T01:07:34Z,IN,702,2026-10-02T20:55:00-04:00,38,75,,True,false,
2026-10-03T01:07:34Z,IN,701,2026-10-02T20:55:00-04:00,30,60,,True,false,
2026-10-03T01:07:34Z,IN,704,2026-10-02T20:55:00-04:00,40,80,,True,false,
2026-10-03T01:07:34Z,IN,703,2026-10-02T20:55:00-04:00,55,110,,True,false,
2026-10-03T01:07:34Z,IN,706,2026-10-02T20:55:00-04:00,35,70,,True,false,
2026-10-03T01:07:34Z,IN,705,2026-10-02T20:55:00-04:00,30,60,,True,false,
2026-10-03T01:07:34Z,IN,708,2026-10-02T20:55:00-04:00,23,45,,True,false,
2026-10-03T01:07:34Z,IN,707,2026-10-02T20:55:00-04:00,20,40,,True,false,
2026-10-03T01:07:34Z,IN,324,2026-10-02T20:55:00-04:00,16,31,,True,true,
2026-10-03T01:07:34Z,KY,KY00065IS0000020N65WELCOM,2026-10-03T01:06:02Z,LOW,21,STEADY,True,True,
2026-10-03T01:07:34Z,KY,KY00065IS000020NSMARATHON,2025-12-19T00:36:53Z,LOW,60,STEADY,True,False,
2026-10-03T01:07:34Z,KY,KY00065IS0000340NWEIGHS34,2026-07-01T19:04:41Z,22,40,STEADY,True,False,
2026-10-03T01:07:34Z,KY,KY00065IS0011400S65SRA114,2026-10-03T01:06:10Z,5,26,FILLING,True,True,
2026-10-03T01:07:34Z,KY,KY00065IS0005900S65SRA059,2026-10-03T01:06:07Z,69,109,FILLING,True,True,
2026-10-03T01:07:34Z,KY,KY00065IS0005900N65NRA059,2026-08-17T17:24:33Z,LOW,113,STEADY,True,False,
2026-10-03T01:07:34Z,KY,KY00075IS0003300NWEIGHS33,2026-10-03T01:05:46Z,31,50,STEADY,True,False,
2026-10-03T01:07:34Z,KY,KY00075IS0003400SWEIGHS34,2026-10-03T01:05:50Z,LOW,40,STEADY,True,True,
2026-10-03T01:07:34Z,KY,KY00075IS0017700N75NRA177,2026-07-13T10:37:14Z,LOW,53,CLEARING,True,False,
2026-10-03T01:07:34Z,KY,KY00075IS0007500SWALTONWS,2026-10-03T01:05:55Z,18,45,FILLING,True,True,
2026-10-03T01:07:34Z,KY,KY00075IS0017700S75SRA177,2026-10-03T01:05:48Z,15,67,CLEARING,True,True,
2026-10-03T01:07:34Z,KY,KY00075IS0016800SCRITENWS,2026-10-03T01:05:52Z,30,39,STEADY,True,True,
2026-10-03T01:07:34Z,KY,KY00075IS0000100N75WELCOM,2026-10-03T01:06:10Z,LOW,30,STEADY,True,False,
2026-10-03T01:07:38Z,IL,IL00055IN010400050,2026-10-03T01:06:41Z,0,0,Unknown,False,False,
2026-10-03T01:07:38Z,IL,IL00039IN008500036,2026-10-03T01:06:42Z,Unknown,42,Unknown,True,False,
2026-10-03T01:07:38Z,IL,IL00074IW015600009,2026-10-03T01:06:42Z,0,0,Unknown,False,False,
2026-10-03T01:07:38Z,IL,IL00074IE015600037,2026-10-03T01:06:42Z,0,0,Unknown,False,False,
2026-10-03T01:07:38Z,IL,IL00080IW011700016,2026-10-03T01:06:42Z,Unknown,39,Unknown,True,False,
2026-10-03T01:07:38Z,IL,IL00055IN006400027,2026-10-03T01:06:42Z,Unknown,0,Unknown,True,False,
2026-10-03T01:07:38Z,IL,IL00064IE002500038,2026-10-03T01:06:42Z,Unknown,0,Unknown,True,False,
2026-10-03T01:07:38Z,IL,IL00064IE008500039,2026-10-03T01:06:42Z,Unknown,0,Unknown,True,False,
2026-10-03T01:07:38Z,IL,IL00080IE005100040,2026-10-03T01:06:42Z,Unknown,39,Unknown,True,False,
2026-10-03T01:07:38Z,IL,IL00080IE011700043,2026-10-03T01:06:42Z,Unknown,31,Unknown,True,False,
2026-10-03T01:07:38Z,IL,IL00064IW008500012,2026-10-03T01:06:42Z,Unknown,0,Unknown,True,False,
2026-10-03T01:07:38Z,IL,IL00057IS022200054,2026-10-03T01:06:43Z,Unknown,0,Unknown,True,False,
2026-10-03T01:07:38Z,IL,IL00074IW002800020,2026-10-03T01:06:43Z,Unknown,15,Unknown,True,False,
2026-10-03T01:07:38Z,IL,IL00074IE002800030,2026-10-03T01:06:43Z,Unknown,14,Unknown,True,False,
2026-10-03T01:07:38Z,IL,IL00057IS033300046,2026-10-03T01:06:43Z,Unknown,0,Unknown,True,False,
2026-10-03T01:07:38Z,IL,IL00055IN014900028,2026-10-03T01:06:43Z,Unknown,0,Unknown,True,False,
2026-10-03T01:07:38Z,IL,IL00057IN022200048,2026-10-03T01:06:43Z,Unknown,0,Unknown,True,False,
2026-10-03T01:07:38Z,IL,IL00057IN026800032,2026-10-03T01:06:43Z,Unknown,25,Unknown,True,False,
2026-10-03T01:07:38Z,IL,IL00070IW002700015,2026-10-03T01:06:43Z,Unknown,0,Unknown,True,False,
2026-10-03T01:07:38Z,IL,IL00057IN033300049,2026-10-03T01:06:43Z,Unknown,0,Unknown,True,False,
2026-10-03T01:07:38Z,IL,IL00070IE002700042,2026-10-03T01:06:43Z,Unknown,0,Unknown,True,False,
2026-10-03T01:07:38Z,IL,IL00024IW003700010,2026-10-03T01:06:43Z,Unknown,0,Unknown,True,False,
2026-10-03T01:07:38Z,IL,IL00064IW013000053,2026-10-03T01:06:43Z,0,0,Unknown,False,False,
2026-10-03T01:07:38Z,IL,IL00055IS002700019,2026-10-03T01:06:43Z,Unknown,0,Unknown,True,False,
2026-10-03T01:07:38Z,IL,IL00057IN011400033,2026-10-03T01:06:43Z,Unknown,0,Unknown,True,False,
2026-10-03T01:07:38Z,IL,IL00074IW020800052,2026-10-03T01:06:43Z,Unknown,0,Unknown,True,False,
2026-10-03T01:07:38Z,IL,IL00070IE008600051,2026-10-03T01:06:43Z,0,0,Unknown,False,False,
2026-10-03T01:07:38Z,IL,IL00080IW005100013,2026-10-03T01:06:43Z,Unknown,47,Unknown,True,False,
2026-10-03T01:07:38Z,IL,IL00057IS026800022,2026-10-03T01:06:43Z,Unknown,27,Unknown,True,False,
2026-10-03T01:07:38Z,IL,IL00064IW002500011,2026-10-03T01:06:43Z,Unknown,0,Unknown,True,False,
2026-10-03T01:07:38Z,IL,IL00055IN002700029,2026-10-03T01:06:43Z,Unknown,0,Unknown,True,False,
2026-10-03T01:07:38Z,IL,IL00057IS011400023,2026-10-03T01:06:43Z,Unknown,0,Unknown,True,False,
2026-10-03T01:07:38Z,IL,IL00055IN019400031,2026-10-03T01:06:43Z,Unknown,36,Unknown,True,False,
2026-10-03T01:07:38Z,IL,IL00039IS008500026,2026-10-03T01:06:43Z,Unknown,42,Unknown,True,False,
2026-10-03T01:07:38Z,IL,IL00074IE006200001,2026-10-03T01:06:44Z,5,13,FILLING,True,True,
2026-10-03T01:07:38Z,IL,IL00074IW011400006,2026-10-03T01:06:46Z,11,18,CLEARING,True,True,
2026-10-03T01:07:38Z,IL,IL00055IS019400021,2026-10-03T01:06:46Z,Unknown,29,Unknown,True,False,
2026-10-03T01:07:38Z,IL,IL00057IS007900047,2026-10-03T01:06:46Z,Unknown,0,Unknown,True,False,
2026-10-03T01:07:38Z,IL,IL00057IN007900034,2026-10-03T01:06:46Z,Unknown,0,Unknown,True,False,
2026-10-03T01:07:38Z,IL,IL00055IS006400017,2026-10-03T01:06:46Z,Unknown,0,Unknown,True,False,
2026-10-03T01:07:38Z,IL,IL00072IW015200014,2026-10-03T01:06:46Z,Unknown,17,Unknown,True,False,
2026-10-03T01:07:38Z,IL,IL00070IW014900008,2026-10-03T01:06:32Z,Unknown,39,Unknown,True,False,
2026-10-03T01:07:38Z,IL,IL00074IW006200004,2026-10-03T01:06:32Z,8,12,STEADY,True,True,
2026-10-03T01:07:38Z,IL,IL00074IE011400005,2026-10-03T01:06:35Z,16,25,FILLING,True,True,
2026-10-03T01:07:38Z,IL,IL00055IS010400024,2026-10-03T01:04:43Z,Unknown,0,STEADY,,False,
2026-10-03T01:07:38Z,IL,IL00057IS003200025,2026-10-03T01:04:43Z,Unknown,0,STEADY,,False,
2026-10-03T01:07:38Z,IL,IL00057IN003200035,2026-10-03T01:04:43Z,Unknown,17,STEADY,,False,
2026-10-03T01:07:38Z,IL,IL00070IW008700045,2026-10-03T01:06:56Z,Unknown,15,Unknown,True,False,
2026-10-03T01:07:38Z,IL,IL00057IS016500018,2026-10-03T01:07:31Z,3,15,STEADY,True,True,
2026-10-03T01:07:38Z,IL,IL00057IN016500044,2026-10-03T01:06:31Z,0,15,STEADY,False,False,
2026-10-03T01:07:38Z,IL,IL00072IE015200041,2026-10-03T01:04:44Z,11,16,CLEARING,True,True,
2026-10-03T01:07:38Z,IN,322,2026-10-02T20:55:00-04:00,68,75,,True,false,
2026-10-03T01:07:38Z,IN,317,2026-10-02T20:55:00-04:00,19,58,,True,true,
2026-10-03T01:07:38Z,IN,316,2026-10-02T20:55:00-04:00,15,58,,True,false,
2026-10-03T01:07:38Z,IN,315,2026-10-02T20:55:00-04:00,Unknown,36,,False,true,
2026-10-03T01:07:38Z,IN,314,2026-10-02T20:55:00-04:00,Unknown,36,,False,true,
2026-10-03T01:07:38Z,IN,313,2026-10-02T20:55:00-04:00,LOW,75,,True,true,
2026-10-03T01:07:38Z,IN,312,2026-10-02T20:55:00-04:00,34,75,,True,false,
2026-10-03T01:07:38Z,IN,311,2026-10-02T20:55:00-04:00,Unknown,13,,False,true,
2026-10-03T01:07:38Z,IN,310,2026-10-02T20:55:00-04:00,Unknown,13,,False,true,
2026-10-03T01:07:38Z,IN,308,2026-10-02T20:55:00-04:00,21,75,,True,true,
2026-10-03T01:07:38Z,IN,309,2026-10-02T20:55:00-04:00,87,150,,True,true,
2026-10-03T01:07:38Z,IN,318,2026-10-02T20:55:00-04:00,LOW,78,,True,true,
2026-10-03T01:07:38Z,IN,319,2026-10-02T20:55:00-04:00,22,78,,True,true,
2026-10-03T01:07:38Z,IN,320,2026-10-02T20:55:00-04:00,47,83,,True,true,
2026-10-03T01:07:38Z,IN,321,2026-10-02T20:55:00-04:00,21,41,,True,false,
2026-10-03T01:07:38Z,IN,300,2026-10-02T20:55:00-04:00,113,128,,True,false,
2026-10-03T01:07:38Z,IN,302,2026-10-02T20:55:00-04:00,13,30,,True,true,
2026-10-03T01:07:38Z,IN,301,2026-10-02T20:55:00-04:00,LOW,30,,True,true,
2026-10-03T01:07:38Z,IN,303,2026-10-02T20:55:00-04:00,73,194,,True,true,
2026-10-03T01:07:38Z,IN,304,2026-10-02T20:55:00-04:00,Unknown,99,,False,true,
2026-10-03T01:07:38Z,IN,305,2026-10-02T20:55:00-04:00,Unknown,156,,False,true,
2026-10-03T01:07:38Z,IN,323,2026-10-02T20:55:00-04:00,20,40,,True,true,
2026-10-03T01:07:38Z,IN,702,2026-10-02T20:55:00-04:00,38,75,,True,false,
2026-10-03T01:07:38Z,IN,701,2026-10-02T20:55:00-04:00,30,60,,True,false,
2026-10-03T01:07:38Z,IN,704,2026-10-02T20:55:00-04:00,40,80,,True,false,
2026-10-03T01:07:38Z,IN,703,2026-10-02T20:55:00-04:00,55,110,,True,false,
2026-10-03T01:07:38Z,IN,706,2026-10-02T20:55:00-04:00,35,70,,True,false,
2026-10-03T01:07:38Z,IN,705,2026-10-02T20:55:00-04:00,30,60,,True,false,
2026-10-03T01:07:38Z,IN,708,2026-10-02T20:55:00-04:00,23,45,,True,false,
2026-10-03T01:07:38Z,IN,707,2026-10-02T20:55:00-04:00,20,40,,True,false,
2026-10-03T01:07:38Z,IN,324,2026-10-02T20:55:00-04:00,16,31,,True,true,
2026-10-03T01:07:38Z,KY,KY00065IS0000020N65WELCOM,2026-10-03T01:06:02Z,LOW,21,STEADY,True,True,
2026-10-03T01:07:38Z,KY,KY00065IS000020NSMARATHON,2025-12-19T00:36:53Z,LOW,60,STEADY,True,False,
2026-10-03T01:07:38Z,KY,KY00065IS0000340NWEIGHS34,2026-07-01T19:04:41Z,22,40,STEADY,True,False,
2026-10-03T01:07:38Z,KY,KY00065IS0011400S65SRA114,2026-10-03T01:06:10Z,5,26,FILLING,True,True,
2026-10-03T01:07:38Z,KY,KY00065IS0005900S65SRA059,2026-10-03T01:06:07Z,69,109,FILLING,True,True,
2026-10-03T01:07:38Z,KY,KY00065IS0005900N65NRA059,2026-08-17T17:24:33Z,LOW,113,STEADY,True,False,
2026-10-03T01:07:38Z,KY,KY00075IS0003300NWEIGHS33,2026-10-03T01:05:46Z,31,50,STEADY,True,False,
2026-10-03T01:07:38Z,KY,KY00075IS0003400SWEIGHS34,2026-10-03T01:05:50Z,LOW,40,STEADY,True,True,
2026-10-03T01:07:38Z,KY,KY00075IS0017700N75NRA177,2026-07-13T10:37:14Z,LOW,53,CLEARING,True,False,
2026-10-03T01:07:38Z,KY,KY00075IS0007500SWALTONWS,2026-10-03T01:05:55Z,18,45,FILLING,True,True,
2026-10-03T01:07:38Z,KY,KY00075IS0017700S75SRA177,2026-10-03T01:05:48Z,15,67,CLEARING,True,True,
2026-10-03T01:07:38Z,KY,KY00075IS0016800SCRITENWS,2026-10-03T01:05:52Z,30,39,STEADY,True,True,
2026-10-03T01:07:38Z,KY,KY00075IS0000100N75WELCOM,2026-10-03T01:06:10Z,LOW,30,STEADY,True,False,
2026-10-03T01:07:43Z,IL,IL00055IN010400050,2026-10-03T01:06:41Z,0,0,Unknown,False,False,
2026-10-03T01:07:43Z,IL,IL00039IN008500036,2026-10-03T01:06:42Z,Unknown,42,Unknown,True,False,
2026-10-03T01:07:43Z,IL,IL00074IW015600009,2026-10-03T01:06:42Z,0,0,Unknown,False,False,
2026-10-03T01:07:43Z,IL,IL00074IE015600037,2026-10-03T01:06:42Z,0,0,Unknown,False,False,
2026-10-03T01:07:43Z,IL,IL00080IW011700016,2026-10-03T01:06:42Z,Unknown,39,Unknown,True,False,
2026-10-03T01:07:43Z,IL,IL00055IN006400027,2026-10-03T01:06:42Z,Unknown,0,Unknown,True,False,
2026-10-03T01:07:43Z,IL,IL00064IE002500038,2026-10-03T01:06:42Z,Unknown,0,Unknown,True,False,
2026-10-03T01:07:43Z,IL,IL00064IE008500039,2026-10-03T01:06:42Z,Unknown,0,Unknown,True,False,
2026-10-03T01:07:43Z,IL,IL00080IE005100040,2026-10-03T01:06:42Z,Unknown,39,Unknown,True,False,
2026-10-03T01:07:43Z,IL,IL00080IE011700043,2026-10-03T01:06:42Z,Unknown,31,Unknown,True,False,
2026-10-03T01:07:43Z,IL,IL00064IW008500012,2026-10-03T01:06:42Z,Unknown,0,Unknown,True,False,
2026-10-03T01:07:43Z,IL,IL00057IS022200054,2026-10-03T01:06:43Z,Unknown,0,Unknown,True,False,
2026-10-03T01:07:43Z,IL,IL00074IW002800020,2026-10-03T01:06:43Z,Unknown,15,Unknown,True,False,
2026-10-03T01:07:43Z,IL,IL00074IE002800030,2026-10-03T01:06:43Z,Unknown,14,Unknown,True,False,
2026-10-03T01:07:43Z,IL,IL00057IS033300046,2026-10-03T01:06:43Z,Unknown,0,Unknown,True,False,
2026-10-03T01:07:43Z,IL,IL00055IN014900028,2026-10-03T01:06:43Z,Unknown,0,Unknown,True,False,
2026-10-03T01:07:43Z,IL,IL00057IN022200048,2026-10-03T01:06:43Z,Unknown,0,Unknown,True,False,
2026-10-03T01:07:43Z,IL,IL00057IN026800032,2026-10-03T01:06:43Z,Unknown,25,Unknown,True,False,
2026-10-03T01:07:43Z,IL,IL00070IW002700015,2026-10-03T01:06:43Z,Unknown,0,Unknown,True,False,
2026-10-03T01:07:43Z,IL,IL00057IN033300049,2026-10-03T01:06:43Z,Unknown,0,Unknown,True,False,
2026-10-03T01:07:43Z,IL,IL00070IE002700042,2026-10-03T01:06:43Z,Unknown,0,Unknown,True,False,
2026-10-03T01:07:43Z,IL,IL00024IW003700010,2026-10-03T01:06:43Z,Unknown,0,Unknown,True,False,
2026-10-03T01:07:43Z,IL,IL00064IW013000053,2026-10-03T01:06:43Z,0,0,Unknown,False,False,
2026-10-03T01:07:43Z,IL,IL00055IS002700019,2026-10-03T01:06:43Z,Unknown,0,Unknown,True,False,
2026-10-03T01:07:43Z,IL,IL00057IN011400033,2026-10-03T01:06:43Z,Unknown,0,Unknown,True,False,
2026-10-03T01:07:43Z,IL,IL00074IW020800052,2026-10-03T01:06:43Z,Unknown,0,Unknown,True,False,
2026-10-03T01:07:43Z,IL,IL00070IE008600051,2026-10-03T01:06:43Z,0,0,Unknown,False,False,
2026-10-03T01:07:43Z,IL,IL00080IW005100013,2026-10-03T01:06:43Z,Unknown,47,Unknown,True,False,
2026-10-03T01:07:43Z,IL,IL00057IS026800022,2026-10-03T01:06:43Z,Unknown,27,Unknown,True,False,
2026-10-03T01:07:43Z,IL,IL00064IW002500011,2026-10-03T01:06:43Z,Unknown,0,Unknown,True,False,
2026-10-03T01:07:43Z,IL,IL00055IN002700029,2026-10-03T01:06:43Z,Unknown,0,Unknown,True,False,
2026-10-03T01:07:43Z,IL,IL00057IS011400023,2026-10-03T01:06:43Z,Unknown,0,Unknown,True,False,
2026-10-03T01:07:43Z,IL,IL00055IN019400031,2026-10-03T01:06:43Z,Unknown,36,Unknown,True,False,
2026-10-03T01:07:43Z,IL,IL00039IS008500026,2026-10-03T01:06:43Z,Unknown,42,Unknown,True,False,
2026-10-03T01:07:43Z,IL,IL00074IE006200001,2026-10-03T01:06:44Z,5,13,FILLING,True,True,
2026-10-03T01:07:43Z,IL,IL00074IW011400006,2026-10-03T01:06:46Z,11,18,CLEARING,True,True,
2026-10-03T01:07:43Z,IL,IL00055IS019400021,2026-10-03T01:06:46Z,Unknown,29,Unknown,True,False,
2026-10-03T01:07:43Z,IL,IL00057IS007900047,2026-10-03T01:06:46Z,Unknown,0,Unknown,True,False,
2026-10-03T01:07:43Z,IL,IL00057IN007900034,2026-10-03T01:06:46Z,Unknown,0,Unknown,True,False,
2026-10-03T01:07:43Z,IL,IL00055IS006400017,2026-10-03T01:06:46Z,Unknown,0,Unknown,True,False,
2026-10-03T01:07:43Z,IL,IL00072IW015200014,2026-10-03T01:06:46Z,Unknown,17,Unknown,True,False,
2026-10-03T01:07:43Z,IL,IL00070IW014900008,2026-10-03T01:06:32Z,Unknown,39,Unknown,True,False,
2026-10-03T01:07:43Z,IL,IL00074IW006200004,2026-10-03T01:06:32Z,8,12,STEADY,True,True,
2026-10-03T01:07:43Z,IL,IL00074IE011400005,2026-10-03T01:06:35Z,16,25,FILLING,True,True,
2026-10-03T01:07:43Z,IL,IL00055IS010400024,2026-10-03T01:04:43Z,Unknown,0,STEADY,,False,
2026-10-03T01:07:43Z,IL,IL00057IS003200025,2026-10-03T01:04:43Z,Unknown,0,STEADY,,False,
2026-10-03T01:07:43Z,IL,IL00057IN003200035,2026-10-03T01:04:43Z,Unknown,17,STEADY,,False,
2026-10-03T01:07:43Z,IL,IL00070IW008700045,2026-10-03T01:06:56Z,Unknown,15,Unknown,True,False,
2026-10-03T01:07:43Z,IL,IL00057IS016500018,2026-10-03T01:07:31Z,3,15,STEADY,True,True,
2026-10-03T01:07:43Z,IL,IL00057IN016500044,2026-10-03T01:06:31Z,0,15,STEADY,False,False,
2026-10-03T01:07:43Z,IL,IL00072IE015200041,2026-10-03T01:04:44Z,11,16,CLEARING,True,True,
2026-10-03T01:07:43Z,IN,322,2026-10-02T20:55:00-04:00,68,75,,True,false,
2026-10-03T01:07:43Z,IN,317,2026-10-02T20:55:00-04:00,19,58,,True,true,
2026-10-03T01:07:43Z,IN,316,2026-10-02T20:55:00-04:00,15,58,,True,false,
2026-10-03T01:07:43Z,IN,315,2026-10-02T20:55:00-04:00,Unknown,36,,False,true,
2026-10-03T01:07:43Z,IN,314,2026-10-02T20:55:00-04:00,Unknown,36,,False,true,
2026-10-03T01:07:43Z,IN,313,2026-10-02T20:55:00-04:00,LOW,75,,True,true,
2026-10-03T01:07:43Z,IN,312,2026-10-02T20:55:00-04:00,34,75,,True,false,
2026-10-03T01:07:43Z,IN,311,2026-10-02T20:55:00-04:00,Unknown,13,,False,true,
2026-10-03T01:07:43Z,IN,310,2026-10-02T20:55:00-04:00,Unknown,13,,False,true,
2026-10-03T01:07:43Z,IN,308,2026-10-02T20:55:00-04:00,21,75,,True,true,
2026-10-03T01:07:43Z,IN,309,2026-10-02T20:55:00-04:00,87,150,,True,true,
2026-10-03T01:07:43Z,IN,318,2026-10-02T20:55:00-04:00,LOW,78,,True,true,
2026-10-03T01:07:43Z,IN,319,2026-10-02T20:55:00-04:00,22,78,,True,true,
2026-10-03T01:07:43Z,IN,320,2026-10-02T20:55:00-04:00,47,83,,True,true,
2026-10-03T01:07:43Z,IN,321,2026-10-02T20:55:00-04:00,21,41,,True,false,
2026-10-03T01:07:43Z,IN,300,2026-10-02T20:55:00-04:00,113,128,,True,false,
2026-10-03T01:07:43Z,IN,302,2026-10-02T20:55:00-04:00,13,30,,True,true,
2026-10-03T01:07:43Z,IN,301,2026-10-02T20:55:00-04:00,LOW,30,,True,true,
2026-10-03T01:07:43Z,IN,303,2026-10-02T20:55:00-04:00,73,194,,True,true,
2026-10-03T01:07:43Z,IN,304,2026-10-02T20:55:00-04:00,Unknown,99,,False,true,
2026-10-03T01:07:43Z,IN,305,2026-10-02T20:55:00-04:00,Unknown,156,,False,true,
2026-10-03T01:07:43Z,IN,323,2026-10-02T20:55:00-04:00,20,40,,True,true,
2026-10-03T01:07:43Z,IN,702,2026-10-02T20:55:00-04:00,38,75,,True,false,
2026-10-03T01:07:43Z,IN,701,2026-10-02T20:55:00-04:00,30,60,,True,false,
2026-10-03T01:07:43Z,IN,704,2026-10-02T20:55:00-04:00,40,80,,True,false,
2026-10-03T01:07:43Z,IN,703,2026-10-02T20:55:00-04:00,55,110,,True,false,
2026-10-03T01:07:43Z,IN,706,2026-10-02T20:55:00-04:00,35,70,,True,false,
2026-10-03T01:07:43Z,IN,705,2026-10-02T20:55:00-04:00,30,60,,True,false,
2026-10-03T01:07:43Z,IN,708,2026-10-02T20:55:00-04:00,23,45,,True,false,
2026-10-03T01:07:43Z,IN,707,2026-10-02T20:55:00-04:00,20,40,,True,false,
2026-10-03T01:07:43Z,IN,324,2026-10-02T20:55:00-04:00,16,31,,True,true,
2026-10-03T01:07:43Z,KY,KY00065IS0000020N65WELCOM,2026-10-03T01:06:02Z,LOW,21,STEADY,True,True,
2026-10-03T01:07:43Z,KY,KY00065IS000020NSMARATHON,2025-12-19T00:36:53Z,LOW,60,STEADY,True,False,
2026-10-03T01:07:43Z,KY,KY00065IS0000340NWEIGHS34,2026-07-01T19:04:41Z,22,40,STEADY,True,False,
2026-10-03T01:07:43Z,KY,KY00065IS0011400S65SRA114,2026-10-03T01:06:10Z,5,26,FILLING,True,True,
2026-10-03T01:07:43Z,KY,KY00065IS0005900S65SRA059,2026-10-03T01:06:07Z,69,109,FILLING,True,True,
2026-10-03T01:07:43Z,KY,KY00065IS0005900N65NRA059,2026-08-17T17:24:33Z,LOW,113,STEADY,True,False,
2026-10-03T01:07:43Z,KY,KY00075IS0003300NWEIGHS33,2026-10-03T01:05:46Z,31,50,STEADY,True,False,
2026-10-03T01:07:43Z,KY,KY00075IS0003400SWEIGHS34,2026-10-03T01:05:50Z,LOW,40,STEADY,True,True,
2026-10-03T01:07:43Z,KY,KY00075IS0017700N75NRA177,2026-07-13T10:37:14Z,LOW,53,CLEARING,True,False,
2026-10-03T01:07:43Z,KY,KY00075IS0007500SWALTONWS,2026-10-03T01:05:55Z,18,45,FILLING,True,True,
2026-10-03T01:07:43Z,KY,KY00075IS0017700S75SRA177,2026-10-03T01:05:48Z,15,67,CLEARING,True,True,
2026-10-03T01:07:43Z,KY,KY00075IS0016800SCRITENWS,2026-10-03T01:05:52Z,30,39,STEADY,True,True,
2026-10-03T01:07:43Z,KY,KY00075IS0000100N75WELCOM,2026-10-03T01:06:10Z,LOW,30,STEADY,True,False,
2026-10-03T01:07:47Z,IL,IL00055IN010400050,2026-10-03T01:06:41Z,0,0,Unknown,False,False,
2026-10-03T01:07:47Z,IL,IL00039IN008500036,2026-10-03T01:06:42Z,Unknown,42,Unknown,True,False,
2026-10-03T01:07:47Z,IL,IL00074IW015600009,2026-10-03T01:06:42Z,0,0,Unknown,False,False,
2026-10-03T01:07:47Z,IL,IL00074IE015600037,2026-10-03T01:06:42Z,0,0,Unknown,False,False,
2026-10-03T01:07:47Z,IL,IL00080IW011700016,2026-10-03T01:06:42Z,Unknown,39,Unknown,True,False,
2026-10-03T01:07:47Z,IL,IL00055IN006400027,2026-10-03T01:06:42Z,Unknown,0,Unknown,True,False,
2026-10-03T01:07:47Z,IL,IL00064IE002500038,2026-10-03T01:06:42Z,Unknown,0,Unknown,True,False,
2026-10-03T01:07:47Z,IL,IL00064IE008500039,2026-10-03T01:06:42Z,Unknown,0,Unknown,True,False,
2026-10-03T01:07:47Z,IL,IL00080IE005100040,2026-10-03T01:06:42Z,Unknown,39,Unknown,True,False,
2026-10-03T01:07:47Z,IL,IL00080IE011700043,2026-10-03T01:06:42Z,Unknown,31,Unknown,True,False,
2026-10-03T01:07:47Z,IL,IL00064IW008500012,2026-10-03T01:06:42Z,Unknown,0,Unknown,True,False,
2026-10-03T01:07:47Z,IL,IL00057IS022200054,2026-10-03T01:06:43Z,Unknown,0,Unknown,True,False,
2026-10-03T01:07:47Z,IL,IL00074IW002800020,2026-10-03T01:06:43Z,Unknown,15,Unknown,True,False,
2026-10-03T01:07:47Z,IL,IL00074IE002800030,2026-10-03T01:06:43Z,Unknown,14,Unknown,True,False,
2026-10-03T01:07:47Z,IL,IL00057IS033300046,2026-10-03T01:06:43Z,Unknown,0,Unknown,True,False,
2026-10-03T01:07:47Z,IL,IL00055IN014900028,2026-10-03T01:06:43Z,Unknown,0,Unknown,True,False,
2026-10-03T01:07:47Z,IL,IL00057IN022200048,2026-10-03T01:06:43Z,Unknown,0,Unknown,True,False,
2026-10-03T01:07:47Z,IL,IL00057IN026800032,2026-10-03T01:06:43Z,Unknown,25,Unknown,True,False,
2026-10-03T01:07:47Z,IL,IL00070IW002700015,2026-10-03T01:06:43Z,Unknown,0,Unknown,True,False,
2026-10-03T01:07:47Z,IL,IL00057IN033300049,2026-10-03T01:06:43Z,Unknown,0,Unknown,True,False,
2026-10-03T01:07:47Z,IL,IL00070IE002700042,2026-10-03T01:06:43Z,Unknown,0,Unknown,True,False,
2026-10-03T01:07:47Z,IL,IL00024IW003700010,2026-10-03T01:06:43Z,Unknown,0,Unknown,True,False,
2026-10-03T01:07:47Z,IL,IL00064IW013000053,2026-10-03T01:06:43Z,0,0,Unknown,False,False,
2026-10-03T01:07:47Z,IL,IL00055IS002700019,2026-10-03T01:06:43Z,Unknown,0,Unknown,True,False,
2026-10-03T01:07:47Z,IL,IL00057IN011400033,2026-10-03T01:06:43Z,Unknown,0,Unknown,True,False,
2026-10-03T01:07:47Z,IL,IL00074IW020800052,2026-10-03T01:06:43Z,Unknown,0,Unknown,True,False,
2026-10-03T01:07:47Z,IL,IL00070IE008600051,2026-10-03T01:06:43Z,0,0,Unknown,False,False,
2026-10-03T01:07:47Z,IL,IL00080IW005100013,2026-10-03T01:06:43Z,Unknown,47,Unknown,True,False,
2026-10-03T01:07:47Z,IL,IL00057IS026800022,2026-10-03T01:06:43Z,Unknown,27,Unknown,True,False,
2026-10-03T01:07:47Z,IL,IL00064IW002500011,2026-10-03T01:06:43Z,Unknown,0,Unknown,True,False,
2026-10-03T01:07:47Z,IL,IL00055IN002700029,2026-10-03T01:06:43Z,Unknown,0,Unknown,True,False,
2026-10-03T01:07:47Z,IL,IL00057IS011400023,2026-10-03T01:06:43Z,Unknown,0,Unknown,True,False,
2026-10-03T01:07:47Z,IL,IL00055IN019400031,2026-10-03T01:06:43Z,Unknown,36,Unknown,True,False,
2026-10-03T01:07:47Z,IL,IL00039IS008500026,2026-10-03T01:06:43Z,Unknown,42,Unknown,True,False,
2026-10-03T01:07:47Z,IL,IL00074IE006200001,2026-10-03T01:06:44Z,5,13,FILLING,True,True,
2026-10-03T01:07:47Z,IL,IL00074IW011400006,2026-10-03T01:06:46Z,11,18,CLEARING,True,True,
2026-10-03T01:07:47Z,IL,IL00055IS019400021,2026-10-03T01:06:46Z,Unknown,29,Unknown,True,False,
2026-10-03T01:07:47Z,IL,IL00057IS007900047,2026-10-03T01:06:46Z,Unknown,0,Unknown,True,False,
2026-10-03T01:07:47Z,IL,IL00057IN007900034,2026-10-03T01:06:46Z,Unknown,0,Unknown,True,False,
2026-10-03T01:07:47Z,IL,IL00055IS006400017,2026-10-03T01:06:46Z,Unknown,0,Unknown,True,False,
2026-10-03T01:07:47Z,IL,IL00072IW015200014,2026-10-03T01:06:46Z,Unknown,17,Unknown,True,False,
2026-10-03T01:07:47Z,IL,IL00070IW014900008,2026-10-03T01:06:32Z,Unknown,39,Unknown,True,False,
2026-10-03T01:07:47Z,IL,IL00074IW006200004,2026-10-03T01:06:32Z,8,12,STEADY,True,True,
2026-10-03T01:07:47Z,IL,IL00074IE011400005,2026-10-03T01:06:35Z,16,25,FILLING,True,True,
2026-10-03T01:07:47Z,IL,IL00055IS010400024,2026-10-03T01:04:43Z,Unknown,0,STEADY,,False,
2026-10-03T01:07:47Z,IL,IL00057IS003200025,2026-10-03T01:04:43Z,Unknown,0,STEADY,,False,
2026-10-03T01:07:47Z,IL,IL00057IN003200035,2026-10-03T01:04:43Z,Unknown,17,STEADY,,False,
2026-10-03T01:07:47Z,IL,IL00070IW008700045,2026-10-03T01:06:56Z,Unknown,15,Unknown,True,False,
2026-10-03T01:07:47Z,IL,IL00057IS016500018,2026-10-03T01:07:31Z,3,15,STEADY,True,True,
2026-10-03T01:07:47Z,IL,IL00057IN016500044,2026-10-03T01:06:31Z,0,15,STEADY,False,False,
2026-10-03T01:07:47Z,IL,IL00072IE015200041,2026-10-03T01:04:44Z,11,16,CLEARING,True,True,
2026-10-03T01:07:47Z,IN,322,2026-10-02T20:55:00-04:00,68,75,,True,false,
2026-10-03T01:07:47Z,IN,317,2026-10-02T20:55:00-04:00,19,58,,True,true,
2026-10-03T01:07:47Z,IN,316,2026-10-02T20:55:00-04:00,15,58,,True,false,
2026-10-03T01:07:47Z,IN,315,2026-10-02T20:55:00-04:00,Unknown,36,,False,true,
2026-10-03T01:07:47Z,IN,314,2026-10-02T20:55:00-04:00,Unknown,36,,False,true,
2026-10-03T01:07:47Z,IN,313,2026-10-02T20:55:00-04:00,LOW,75,,True,true,
2026-10-03T01:07:47Z,IN,312,2026-10-02T20:55:00-04:00,34,75,,True,false,
2026-10-03T01:07:47Z,IN,311,2026-10-02T20:55:00-04:00,Unknown,13,,False,true,
2026-10-03T01:07:47Z,IN,310,2026-10-02T20:55:00-04:00,Unknown,13,,False,true,
2026-10-03T01:07:47Z,IN,308,2026-10-02T20:55:00-04:00,21,75,,True,true,
2026-10-03T01:07:47Z,IN,309,2026-10-02T20:55:00-04:00,87,150,,True,true,
2026-10-03T01:07:47Z,IN,318,2026-10-02T20:55:00-04:00,LOW,78,,True,true,
2026-10-03T01:07:47Z,IN,319,2026-10-02T20:55:00-04:00,22,78,,True,true,
2026-10-03T01:07:47Z,IN,320,2026-10-02T20:55:00-04:00,47,83,,True,true,
2026-10-03T01:07:47Z,IN,321,2026-10-02T20:55:00-04:00,21,41,,True,false,
2026-10-03T01:07:47Z,IN,300,2026-10-02T20:55:00-04:00,113,128,,True,false,
2026-10-03T01:07:47Z,IN,302,2026-10-02T20:55:00-04:00,13,30,,True,true,
2026-10-03T01:07:47Z,IN,301,2026-10-02T20:55:00-04:00,LOW,30,,True,true,
2026-10-03T01:07:47Z,IN,303,2026-10-02T20:55:00-04:00,73,194,,True,true,
2026-10-03T01:07:47Z,IN,304,2026-10-02T20:55:00-04:00,Unknown,99,,False,true,
2026-10-03T01:07:47Z,IN,305,2026-10-02T20:55:00-04:00,Unknown,156,,False,true,
2026-10-03T01:07:47Z,IN,323,2026-10-02T20:55:00-04:00,20,40,,True,true,
2026-10-03T01:07:47Z,IN,702,2026-10-02T20:55:00-04:00,38,75,,True,false,
2026-10-03T01:07:47Z,IN,701,2026-10-02T20:55:00-04:00,30,60,,True,false,
2026-10-03T01:07:47Z,IN,704,2026-10-02T20:55:00-04:00,40,80,,True,false,
2026-10-03T01:07:47Z,IN,703,2026-10-02T20:55:00-04:00,55,110,,True,false,
2026-10-03T01:07:47Z,IN,706,2026-10-02T20:55:00-04:00,35,70,,True,false,
2026-10-03T01:07:47Z,IN,705,2026-10-02T20:55:00-04:00,30,60,,True,false,
2026-10-03T01:07:47Z,IN,708,2026-10-02T20:55:00-04:00,23,45,,True,false,
2026-10-03T01:07:47Z,IN,707,2026-10-02T20:55:00-04:00,20,40,,True,false,
2026-10-03T01:07:47Z,IN,324,2026-10-02T20:55:00-04:00,16,31,,True,true,
2026-10-03T01:07:47Z,KY,KY00065IS0000020N65WELCOM,2026-10-03T01:06:02Z,LOW,21,STEADY,True,True,
2026-10-03T01:07:47Z,KY,KY00065IS000020NSMARATHON,2025-12-19T00:36:53Z,LOW,60,STEADY,True,False,
2026-10-03T01:07:47Z,KY,KY00065IS0000340NWEIGHS34,2026-07-01T19:04:41Z,22,40,STEADY,True,False,
2026-10-03T01:07:47Z,KY,KY00065IS0011400S65SRA114,2026-10-03T01:06:10Z,5,26,FILLING,True,True,
2026-10-03T01:07:47Z,KY,KY00065IS0005900S65SRA059,2026-10-03T01:06:07Z,69,109,FILLING,True,True,
2026-10-03T01:07:47Z,KY,KY00065IS0005900N65NRA059,2026-08-17T17:24:33Z,LOW,113,STEADY,True,False,
2026-10-03T01:07:47Z,KY,KY00075IS0003300NWEIGHS33,2026-10-03T01:05:46Z,31,50,STEADY,True,False,
2026-10-03T01:07:47Z,KY,KY00075IS0003400SWEIGHS34,2026-10-03T01:05:50Z,LOW,40,STEADY,True,True,
2026-10-03T01:07:47Z,KY,KY00075IS0017700N75NRA177,2026-07-13T10:37:14Z,LOW,53,CLEARING,True,False,
2026-10-03T01:07:47Z,KY,KY00075IS0007500SWALTONWS,2026-10-03T01:05:55Z,18,45,FILLING,True,True,
2026-10-03T01:07:47Z,KY,KY00075IS0017700S75SRA177,2026-10-03T01:05:48Z,15,67,CLEARING,True,True,
2026-10-03T01:07:47Z,KY,KY00075IS0016800SCRITENWS,2026-10-03T01:05:52Z,30,39,STEADY,True,True,
2026-10-03T01:07:47Z,KY,KY00075IS0000100N75WELCOM,2026-10-03T01:06:10Z,LOW,30,STEADY,True,False,
2026-10-03T01:07:51Z,IL,IL00055IN010400050,2026-10-03T01:06:41Z,0,0,Unknown,False,False,
2026-10-03T01:07:51Z,IL,IL00039IN008500036,2026-10-03T01:06:42Z,Unknown,42,Unknown,True,False,
2026-10-03T01:07:51Z,IL,IL00074IW015600009,2026-10-03T01:06:42Z,0,0,Unknown,False,False,
2026-10-03T01:07:51Z,IL,IL00074IE015600037,2026-10-03T01:06:42Z,0,0,Unknown,False,False,
2026-10-03T01:07:51Z,IL,IL00080IW011700016,2026-10-03T01:06:42Z,Unknown,39,Unknown,True,False,
2026-10-03T01:07:51Z,IL,IL00055IN006400027,2026-10-03T01:06:42Z,Unknown,0,Unknown,True,False,
2026-10-03T01:07:51Z,IL,IL00064IE002500038,2026-10-03T01:06:42Z,Unknown,0,Unknown,True,False,
2026-10-03T01:07:51Z,IL,IL00064IE008500039,2026-10-03T01:06:42Z,Unknown,0,Unknown,True,False,
2026-10-03T01:07:51Z,IL,IL00080IE005100040,2026-10-03T01:06:42Z,Unknown,39,Unknown,True,False,
2026-10-03T01:07:51Z,IL,IL00080IE011700043,2026-10-03T01:06:42Z,Unknown,31,Unknown,True,False,
2026-10-03T01:07:51Z,IL,IL00064IW008500012,2026-10-03T01:06:42Z,Unknown,0,Unknown,True,False,
2026-10-03T01:07:51Z,IL,IL00057IS022200054,2026-10-03T01:06:43Z,Unknown,0,Unknown,True,False,
2026-10-03T01:07:51Z,IL,IL00074IW002800020,2026-10-03T01:06:43Z,Unknown,15,Unknown,True,False,
2026-10-03T01:07:51Z,IL,IL00074IE002800030,2026-10-03T01:06:43Z,Unknown,14,Unknown,True,False,
2026-10-03T01:07:51Z,IL,IL00057IS033300046,2026-10-03T01:06:43Z,Unknown,0,Unknown,True,False,
2026-10-03T01:07:51Z,IL,IL00055IN014900028,2026-10-03T01:06:43Z,Unknown,0,Unknown,True,False,
2026-10-03T01:07:51Z,IL,IL00057IN022200048,2026-10-03T01:06:43Z,Unknown,0,Unknown,True,False,
2026-10-03T01:07:51Z,IL,IL00057IN026800032,2026-10-03T01:06:43Z,Unknown,25,Unknown,True,False,
2026-10-03T01:07:51Z,IL,IL00070IW002700015,2026-10-03T01:06:43Z,Unknown,0,Unknown,True,False,
2026-10-03T01:07:51Z,IL,IL00057IN033300049,2026-10-03T01:06:43Z,Unknown,0,Unknown,True,False,
2026-10-03T01:07:51Z,IL,IL00070IE002700042,2026-10-03T01:06:43Z,Unknown,0,Unknown,True,False,
2026-10-03T01:07:51Z,IL,IL00024IW003700010,2026-10-03T01:06:43Z,Unknown,0,Unknown,True,False,
2026-10-03T01:07:51Z,IL,IL00064IW013000053,2026-10-03T01:06:43Z,0,0,Unknown,False,False,
2026-10-03T01:07:51Z,IL,IL00055IS002700019,2026-10-03T01:06:43Z,Unknown,0,Unknown,True,False,
2026-10-03T01:07:51Z,IL,IL00057IN011400033,2026-10-03T01:06:43Z,Unknown,0,Unknown,True,False,
2026-10-03T01:07:51Z,IL,IL00074IW020800052,2026-10-03T01:06:43Z,Unknown,0,Unknown,True,False,
2026-10-03T01:07:51Z,IL,IL00070IE008600051,2026-10-03T01:06:43Z,0,0,Unknown,False,False,
2026-10-03T01:07:51Z,IL,IL00080IW005100013,2026-10-03T01:06:43Z,Unknown,47,Unknown,True,False,
2026-10-03T01:07:51Z,IL,IL00057IS026800022,2026-10-03T01:06:43Z,Unknown,27,Unknown,True,False,
2026-10-03T01:07:51Z,IL,IL00064IW002500011,2026-10-03T01:06:43Z,Unknown,0,Unknown,True,False,
2026-10-03T01:07:51Z,IL,IL00055IN002700029,2026-10-03T01:06:43Z,Unknown,0,Unknown,True,False,
2026-10-03T01:07:51Z,IL,IL00057IS011400023,2026-10-03T01:06:43Z,Unknown,0,Unknown,True,False,
2026-10-03T01:07:51Z,IL,IL00055IN019400031,2026-10-03T01:06:43Z,Unknown,36,Unknown,True,False,
2026-10-03T01:07:51Z,IL,IL00039IS008500026,2026-10-03T01:06:43Z,Unknown,42,Unknown,True,False,
2026-10-03T01:07:51Z,IL,IL00074IE006200001,2026-10-03T01:06:44Z,5,13,FILLING,True,True,
2026-10-03T01:07:51Z,IL,IL00074IW011400006,2026-10-03T01:06:46Z,11,18,CLEARING,True,True,
2026-10-03T01:07:51Z,IL,IL00055IS019400021,2026-10-03T01:06:46Z,Unknown,29,Unknown,True,False,
2026-10-03T01:07:51Z,IL,IL00057IS007900047,2026-10-03T01:06:46Z,Unknown,0,Unknown,True,False,
2026-10-03T01:07:51Z,IL,IL00057IN007900034,2026-10-03T01:06:46Z,Unknown,0,Unknown,True,False,
2026-10-03T01:07:51Z,IL,IL00055IS006400017,2026-10-03T01:06:46Z,Unknown,0,Unknown,True,False,
2026-10-03T01:07:51Z,IL,IL00072IW015200014,2026-10-03T01:06:46Z,Unknown,17,Unknown,True,False,
2026-10-03T01:07:51Z,IL,IL00070IW014900008,2026-10-03T01:06:32Z,Unknown,39,Unknown,True,False,
2026-10-03T01:07:51Z,IL,IL00074IW006200004,2026-10-03T01:06:32Z,8,12,STEADY,True,True,
2026-10-03T01:07:51Z,IL,IL00074IE011400005,2026-10-03T01:06:35Z,16,25,FILLING,True,True,
2026-10-03T01:07:51Z,IL,IL00055IS010400024,2026-10-03T01:04:43Z,Unknown,0,STEADY,,False,
2026-10-03T01:07:51Z,IL,IL00057IS003200025,2026-10-03T01:04:43Z,Unknown,0,STEADY,,False,
2026-10-03T01:07:51Z,IL,IL00057IN003200035,2026-10-03T01:04:43Z,Unknown,17,STEADY,,False,
2026-10-03T01:07:51Z,IL,IL00070IW008700045,2026-10-03T01:06:56Z,Unknown,15,Unknown,True,False,
2026-10-03T01:07:51Z,IL,IL00057IS016500018,2026-10-03T01:07:31Z,3,15,STEADY,True,True,
2026-10-03T01:07:51Z,IL,IL00057IN016500044,2026-10-03T01:06:31Z,0,15,STEADY,False,False,
2026-10-03T01:07:51Z,IL,IL00072IE015200041,2026-10-03T01:04:44Z,11,16,CLEARING,True,True,
2026-10-03T01:07:51Z,IN,322,2026-10-02T20:55:00-04:00,68,75,,True,false,
2026-10-03T01:07:51Z,IN,317,2026-10-02T20:55:00-04:00,19,58,,True,true,
2026-10-03T01:07:51Z,IN,316,2026-10-02T20:55:00-04:00,15,58,,True,false,
2026-10-03T01:07:51Z,IN,315,2026-10-02T20:55:00-04:00,Unknown,36,,False,true,
2026-10-03T01:07:51Z,IN,314,2026-10-02T20:55:00-04:00,Unknown,36,,False,true,
2026-10-03T01:07:51Z,IN,313,2026-10-02T20:55:00-04:00,LOW,75,,True,true,
2026-10-03T01:07:51Z,IN,312,2026-10-02T20:55:00-04:00,34,75,,True,false,
2026-10-03T01:07:51Z,IN,311,2026-10-02T20:55:00-04:00,Unknown,13,,False,true,
2026-10-03T01:07:51Z,IN,310,2026-10-02T20:55:00-04:00,Unknown,13,,False,true,
2026-10-03T01:07:51Z,IN,308,2026-10-02T20:55:00-04:00,21,75,,True,true,
2026-10-03T01:07:51Z,IN,309,2026-10-02T20:55:00-04:00,87,150,,True,true,
2026-10-03T01:07:51Z,IN,318,2026-10-02T20:55:00-04:00,LOW,78,,True,true,
2026-10-03T01:07:51Z,IN,319,2026-10-02T20:55:00-04:00,22,78,,True,true,
2026-10-03T01:07:51Z,IN,320,2026-10-02T20:55:00-04:00,47,83,,True,true,
2026-10-03T01:07:51Z,IN,321,2026-10-02T20:55:00-04:00,21,41,,True,false,
2026-10-03T01:07:51Z,IN,300,2026-10-02T20:55:00-04:00,113,128,,True,false,
2026-10-03T01:07:51Z,IN,302,2026-10-02T20:55:00-04:00,13,30,,True,true,
2026-10-03T01:07:51Z,IN,301,2026-10-02T20:55:00-04:00,LOW,30,,True,true,
2026-10-03T01:07:51Z,IN,303,2026-10-02T20:55:00-04:00,73,194,,True,true,
2026-10-03T01:07:51Z,IN,304,2026-10-02T20:55:00-04:00,Unknown,99,,False,true,
2026-10-03T01:07:51Z,IN,305,2026-10-02T20:55:00-04:00,Unknown,156,,False,true,
2026-10-03T01:07:51Z,IN,323,2026-10-02T20:55:00-04:00,20,40,,True,true,
2026-10-03T01:07:51Z,IN,702,2026-10-02T20:55:00-04:00,38,75,,True,false,
2026-10-03T01:07:51Z,IN,701,2026-10-02T20:55:00-04:00,30,60,,True,false,
2026-10-03T01:07:51Z,IN,704,2026-10-02T20:55:00-04:00,40,80,,True,false,
2026-10-03T01:07:51Z,IN,703,2026-10-02T20:55:00-04:00,55,110,,True,false,
2026-10-03T01:07:51Z,IN,706,2026-10-02T20:55:00-04:00,35,70,,True,false,
2026-10-03T01:07:51Z,IN,705,2026-10-02T20:55:00-04:00,30,60,,True,false,
2026-10-03T01:07:51Z,IN,708,2026-10-02T20:55:00-04:00,23,45,,True,false,
2026-10-03T01:07:51Z,IN,707,2026-10-02T20:55:00-04:00,20,40,,True,false,
2026-10-03T01:07:51Z,IN,324,2026-10-02T20:55:00-04:00,16,31,,True,true,
2026-10-03T01:07:51Z,KY,KY00065IS0000020N65WELCOM,2026-10-03T01:06:02Z,LOW,21,STEADY,True,True,
2026-10-03T01:07:51Z,KY,KY00065IS000020NSMARATHON,2025-12-19T00:36:53Z,LOW,60,STEADY,True,False,
2026-10-03T01:07:51Z,KY,KY00065IS0000340NWEIGHS34,2026-07-01T19:04:41Z,22,40,STEADY,True,False,
2026-10-03T01:07:51Z,KY,KY00065IS0011400S65SRA114,2026-10-03T01:06:10Z,5,26,FILLING,True,True,
2026-10-03T01:07:51Z,KY,KY00065IS0005900S65SRA059,2026-10-03T01:06:07Z,69,109,FILLING,True,True,
2026-10-03T01:07:51Z,KY,KY00065IS0005900N65NRA059,2026-08-17T17:24:33Z,LOW,113,STEADY,True,False,
2026-10-03T01:07:51Z,KY,KY00075IS0003300NWEIGHS33,2026-10-03T01:05:46Z,31,50,STEADY,True,False,
2026-10-03T01:07:51Z,KY,KY00075IS0003400SWEIGHS34,2026-10-03T01:05:50Z,LOW,40,STEADY,True,True,
2026-10-03T01:07:51Z,KY,KY00075IS0017700N75NRA177,2026-07-13T10:37:14Z,LOW,53,CLEARING,True,False,
2026-10-03T01:07:51Z,KY,KY00075IS0007500SWALTONWS,2026-10-03T01:05:55Z,18,45,FILLING,True,True,
2026-10-03T01:07:51Z,KY,KY00075IS0017700S75SRA177,2026-10-03T01:05:48Z,15,67,CLEARING,True,True,
2026-10-03T01:07:51Z,KY,KY00075IS0016800SCRITENWS,2026-10-03T01:05:52Z,30,39,STEADY,True,True,
2026-10-03T01:07:51Z,KY,KY00075IS0000100N75WELCOM,2026-10-03T01:06:10Z,LOW,30,STEADY,True,False,
2026-10-03T01:07:55Z,IL,IL00055IN010400050,2026-10-03T01:06:41Z,0,0,Unknown,False,False,
2026-10-03T01:07:55Z,IL,IL00039IN008500036,2026-10-03T01:06:42Z,Unknown,42,Unknown,True,False,
2026-10-03T01:07:55Z,IL,IL00074IW015600009,2026-10-03T01:06:42Z,0,0,Unknown,False,False,
2026-10-03T01:07:55Z,IL,IL00074IE015600037,2026-10-03T01:06:42Z,0,0,Unknown,False,False,
2026-10-03T01:07:55Z,IL,IL00080IW011700016,2026-10-03T01:06:42Z,Unknown,39,Unknown,True,False,
2026-10-03T01:07:55Z,IL,IL00055IN006400027,2026-10-03T01:06:42Z,Unknown,0,Unknown,True,False,
2026-10-03T01:07:55Z,IL,IL00064IE002500038,2026-10-03T01:06:42Z,Unknown,0,Unknown,True,False,
2026-10-03T01:07:55Z,IL,IL00064IE008500039,2026-10-03T01:06:42Z,Unknown,0,Unknown,True,False,
2026-10-03T01:07:55Z,IL,IL00080IE005100040,2026-10-03T01:06:42Z,Unknown,39,Unknown,True,False,
2026-10-03T01:07:55Z,IL,IL00080IE011700043,2026-10-03T01:06:42Z,Unknown,31,Unknown,True,False,
2026-10-03T01:07:55Z,IL,IL00064IW008500012,2026-10-03T01:06:42Z,Unknown,0,Unknown,True,False,
2026-10-03T01:07:55Z,IL,IL00057IS022200054,2026-10-03T01:06:43Z,Unknown,0,Unknown,True,False,
2026-10-03T01:07:55Z,IL,IL00074IW002800020,2026-10-03T01:06:43Z,Unknown,15,Unknown,True,False,
2026-10-03T01:07:55Z,IL,IL00074IE002800030,2026-10-03T01:06:43Z,Unknown,14,Unknown,True,False,
2026-10-03T01:07:55Z,IL,IL00057IS033300046,2026-10-03T01:06:43Z,Unknown,0,Unknown,True,False,
2026-10-03T01:07:55Z,IL,IL00055IN014900028,2026-10-03T01:06:43Z,Unknown,0,Unknown,True,False,
2026-10-03T01:07:55Z,IL,IL00057IN022200048,2026-10-03T01:06:43Z,Unknown,0,Unknown,True,False,
2026-10-03T01:07:55Z,IL,IL00057IN026800032,2026-10-03T01:06:43Z,Unknown,25,Unknown,True,False,
2026-10-03T01:07:55Z,IL,IL00070IW002700015,2026-10-03T01:06:43Z,Unknown,0,Unknown,True,False,
2026-10-03T01:07:55Z,IL,IL00057IN033300049,2026-10-03T01:06:43Z,Unknown,0,Unknown,True,False,
2026-10-03T01:07:55Z,IL,IL00070IE002700042,2026-10-03T01:06:43Z,Unknown,0,Unknown,True,False,
2026-10-03T01:07:55Z,IL,IL00024IW003700010,2026-10-03T01:06:43Z,Unknown,0,Unknown,True,False,
2026-10-03T01:07:55Z,IL,IL00064IW013000053,2026-10-03T01:06:43Z,0,0,Unknown,False,False,
2026-10-03T01:07:55Z,IL,IL00055IS002700019,2026-10-03T01:06:43Z,Unknown,0,Unknown,True,False,
2026-10-03T01:07:55Z,IL,IL00057IN011400033,2026-10-03T01:06:43Z,Unknown,0,Unknown,True,False,
2026-10-03T01:07:55Z,IL,IL00074IW020800052,2026-10-03T01:06:43Z,Unknown,0,Unknown,True,False,
2026-10-03T01:07:55Z,IL,IL00070IE008600051,2026-10-03T01:06:43Z,0,0,Unknown,False,False,
2026-10-03T01:07:55Z,IL,IL00080IW005100013,2026-10-03T01:06:43Z,Unknown,47,Unknown,True,False,
2026-10-03T01:07:55Z,IL,IL00057IS026800022,2026-10-03T01:06:43Z,Unknown,27,Unknown,True,False,
2026-10-03T01:07:55Z,IL,IL00064IW002500011,2026-10-03T01:06:43Z,Unknown,0,Unknown,True,False,
2026-10-03T01:07:55Z,IL,IL00055IN002700029,2026-10-03T01:06:43Z,Unknown,0,Unknown,True,False,
2026-10-03T01:07:55Z,IL,IL00057IS011400023,2026-10-03T01:06:43Z,Unknown,0,Unknown,True,False,
2026-10-03T01:07:55Z,IL,IL00055IN019400031,2026-10-03T01:06:43Z,Unknown,36,Unknown,True,False,
2026-10-03T01:07:55Z,IL,IL00039IS008500026,2026-10-03T01:06:43Z,Unknown,42,Unknown,True,False,
2026-10-03T01:07:55Z,IL,IL00074IE006200001,2026-10-03T01:06:44Z,5,13,FILLING,True,True,
2026-10-03T01:07:55Z,IL,IL00074IW011400006,2026-10-03T01:06:46Z,11,18,CLEARING,True,True,
2026-10-03T01:07:55Z,IL,IL00055IS019400021,2026-10-03T01:06:46Z,Unknown,29,Unknown,True,False,
2026-10-03T01:07:55Z,IL,IL00057IS007900047,2026-10-03T01:06:46Z,Unknown,0,Unknown,True,False,
2026-10-03T01:07:55Z,IL,IL00057IN007900034,2026-10-03T01:06:46Z,Unknown,0,Unknown,True,False,
2026-10-03T01:07:55Z,IL,IL00055IS006400017,2026-10-03T01:06:46Z,Unknown,0,Unknown,True,False,
2026-10-03T01:07:55Z,IL,IL00072IW015200014,2026-10-03T01:06:46Z,Unknown,17,Unknown,True,False,
2026-10-03T01:07:55Z,IL,IL00070IW014900008,2026-10-03T01:06:32Z,Unknown,39,Unknown,True,False,
2026-10-03T01:07:55Z,IL,IL00074IW006200004,2026-10-03T01:06:32Z,8,12,STEADY,True,True,
2026-10-03T01:07:55Z,IL,IL00074IE011400005,2026-10-03T01:06:35Z,16,25,FILLING,True,True,
2026-10-03T01:07:55Z,IL,IL00055IS010400024,2026-10-03T01:04:43Z,Unknown,0,STEADY,,False,
2026-10-03T01:07:55Z,IL,IL00057IS003200025,2026-10-03T01:04:43Z,Unknown,0,STEADY,,False,
2026-10-03T01:07:55Z,IL,IL00057IN003200035,2026-10-03T01:04:43Z,Unknown,17,STEADY,,False,
2026-10-03T01:07:55Z,IL,IL00070IW008700045,2026-10-03T01:06:56Z,Unknown,15,Unknown,True,False,
2026-10-03T01:07:55Z,IL,IL00057IS016500018,2026-10-03T01:07:31Z,3,15,STEADY,True,True,
2026-10-03T01:07:55Z,IL,IL00057IN016500044,2026-10-03T01:06:31Z,0,15,STEADY,False,False,
2026-10-03T01:07:55Z,IL,IL00072IE015200041,2026-10-03T01:04:44Z,11,16,CLEARING,True,True,
2026-10-03T01:07:55Z,IN,322,2026-10-02T20:55:00-04:00,68,75,,True,false,
2026-10-03T01:07:55Z,IN,317,2026-10-02T20:55:00-04:00,19,58,,True,true,
2026-10-03T01:07:55Z,IN,316,2026-10-02T20:55:00-04:00,15,58,,True,false,
2026-10-03T01:07:55Z,IN,315,2026-10-02T20:55:00-04:00,Unknown,36,,False,true,
2026-10-03T01:07:55Z,IN,314,2026-10-02T20:55:00-04:00,Unknown,36,,False,true,
2026-10-03T01:07:55Z,IN,313,2026-10-02T20:55:00-04:00,LOW,75,,True,true,
2026-10-03T01:07:55Z,IN,312,2026-10-02T20:55:00-04:00,34,75,,True,false,
2026-10-03T01:07:55Z,IN,311,2026-10-02T20:55:00-04:00,Unknown,13,,False,true,
2026-10-03T01:07:55Z,IN,310,2026-10-02T20:55:00-04:00,Unknown,13,,False,true,
2026-10-03T01:07:55Z,IN,308,2026-10-02T20:55:00-04:00,21,75,,True,true,
2026-10-03T01:07:55Z,IN,309,2026-10-02T20:55:00-04:00,87,150,,True,true,
2026-10-03T01:07:55Z,IN,318,2026-10-02T20:55:00-04:00,LOW,78,,True,true,
2026-10-03T01:07:55Z,IN,319,2026-10-02T20:55:00-04:00,22,78,,True,true,
2026-10-03T01:07:55Z,IN,320,2026-10-02T20:55:00-04:00,47,83,,True,true,
2026-10-03T01:07:55Z,IN,321,2026-10-02T20:55:00-04:00,21,41,,True,false,
2026-10-03T01:07:55Z,IN,300,2026-10-02T20:55:00-04:00,113,128,,True,false,
2026-10-03T01:07:55Z,IN,302,2026-10-02T20:55:00-04:00,13,30,,True,true,
2026-10-03T01:07:55Z,IN,301,2026-10-02T20:55:00-04:00,LOW,30,,True,true,
2026-10-03T01:07:55Z,IN,303,2026-10-02T20:55:00-04:00,73,194,,True,true,
2026-10-03T01:07:55Z,IN,304,2026-10-02T20:55:00-04:00,Unknown,99,,False,true,
2026-10-03T01:07:55Z,IN,305,2026-10-02T20:55:00-04:00,Unknown,156,,False,true,
2026-10-03T01:07:55Z,IN,323,2026-10-02T20:55:00-04:00,20,40,,True,true,
2026-10-03T01:07:55Z,IN,702,2026-10-02T20:55:00-04:00,38,75,,True,false,
2026-10-03T01:07:55Z,IN,701,2026-10-02T20:55:00-04:00,30,60,,True,false,
2026-10-03T01:07:55Z,IN,704,2026-10-02T20:55:00-04:00,40,80,,True,false,
2026-10-03T01:07:55Z,IN,703,2026-10-02T20:55:00-04:00,55,110,,True,false,
2026-10-03T01:07:55Z,IN,706,2026-10-02T20:55:00-04:00,35,70,,True,false,
2026-10-03T01:07:55Z,IN,705,2026-10-02T20:55:00-04:00,30,60,,True,false,
2026-10-03T01:07:55Z,IN,708,2026-10-02T20:55:00-04:00,23,45,,True,false,
2026-10-03T01:07:55Z,IN,707,2026-10-02T20:55:00-04:00,20,40,,True,false,
2026-10-03T01:07:55Z,IN,324,2026-10-02T20:55:00-04:00,16,31,,True,true,
2026-10-03T01:07:55Z,KY,KY00065IS0000020N65WELCOM,2026-10-03T01:06:02Z,LOW,21,STEADY,True,True,
2026-10-03T01:07:55Z,KY,KY00065IS000020NSMARATHON,2025-12-19T00:36:53Z,LOW,60,STEADY,True,False,
2026-10-03T01:07:55Z,KY,KY00065IS0000340NWEIGHS34,2026-07-01T19:04:41Z,22,40,STEADY,True,False,
2026-10-03T01:07:55Z,KY,KY00065IS0011400S65SRA114,2026-10-03T01:06:10Z,5,26,FILLING,True,True,
2026-10-03T01:07:55Z,KY,KY00065IS0005900S65SRA059,2026-10-03T01:06:07Z,69,109,FILLING,True,True,
2026-10-03T01:07:55Z,KY,KY00065IS0005900N65NRA059,2026-08-17T17:24:33Z,LOW,113,STEADY,True,False,
2026-10-03T01:07:55Z,KY,KY00075IS0003300NWEIGHS33,2026-10-03T01:05:46Z,31,50,STEADY,True,False,
2026-10-03T01:07:55Z,KY,KY00075IS0003400SWEIGHS34,2026-10-03T01:05:50Z,LOW,40,STEADY,True,True,
2026-10-03T01:07:55Z,KY,KY00075IS0017700N75NRA177,2026-07-13T10:37:14Z,LOW,53,CLEARING,True,False,
2026-10-03T01:07:55Z,KY,KY00075IS0007500SWALTONWS,2026-10-03T01:05:55Z,18,45,FILLING,True,True,
2026-10-03T01:07:55Z,KY,KY00075IS0017700S75SRA177,2026-10-03T01:05:48Z,15,67,CLEARING,True,True,
2026-10-03T01:07:55Z,KY,KY00075IS0016800SCRITENWS,2026-10-03T01:05:52Z,30,39,STEADY,True,True,
2026-10-03T01:07:55Z,KY,KY00075IS0000100N75WELCOM,2026-10-03T01:06:10Z,LOW,30,STEADY,True,False,
2026-10-03T01:08:00Z,IL,IL00055IN010400050,2026-10-03T01:06:41Z,0,0,Unknown,False,False,
2026-10-03T01:08:00Z,IL,IL00039IN008500036,2026-10-03T01:06:42Z,Unknown,42,Unknown,True,False,
2026-10-03T01:08:00Z,IL,IL00074IW015600009,2026-10-03T01:06:42Z,0,0,Unknown,False,False,
2026-10-03T01:08:00Z,IL,IL00074IE015600037,2026-10-03T01:06:42Z,0,0,Unknown,False,False,
2026-10-03T01:08:00Z,IL,IL00080IW011700016,2026-10-03T01:06:42Z,Unknown,39,Unknown,True,False,
2026-10-03T01:08:00Z,IL,IL00055IN006400027,2026-10-03T01:06:42Z,Unknown,0,Unknown,True,False,
2026-10-03T01:08:00Z,IL,IL00064IE002500038,2026-10-03T01:06:42Z,Unknown,0,Unknown,True,False,
2026-10-03T01:08:00Z,IL,IL00064IE008500039,2026-10-03T01:06:42Z,Unknown,0,Unknown,True,False,
2026-10-03T01:08:00Z,IL,IL00080IE005100040,2026-10-03T01:06:42Z,Unknown,39,Unknown,True,False,
2026-10-03T01:08:00Z,IL,IL00080IE011700043,2026-10-03T01:06:42Z,Unknown,31,Unknown,True,False,
2026-10-03T01:08:00Z,IL,IL00064IW008500012,2026-10-03T01:06:42Z,Unknown,0,Unknown,True,False,
2026-10-03T01:08:00Z,IL,IL00057IS022200054,2026-10-03T01:06:43Z,Unknown,0,Unknown,True,False,
2026-10-03T01:08:00Z,IL,IL00074IW002800020,2026-10-03T01:06:43Z,Unknown,15,Unknown,True,False,
2026-10-03T01:08:00Z,IL,IL00074IE002800030,2026-10-03T01:06:43Z,Unknown,14,Unknown,True,False,
2026-10-03T01:08:00Z,IL,IL00057IS033300046,2026-10-03T01:06:43Z,Unknown,0,Unknown,True,False,
2026-10-03T01:08:00Z,IL,IL00055IN014900028,2026-10-03T01:06:43Z,Unknown,0,Unknown,True,False,
2026-10-03T01:08:00Z,IL,IL00057IN022200048,2026-10-03T01:06:43Z,Unknown,0,Unknown,True,False,
2026-10-03T01:08:00Z,IL,IL00057IN026800032,2026-10-03T01:06:43Z,Unknown,25,Unknown,True,False,
2026-10-03T01:08:00Z,IL,IL00070IW002700015,2026-10-03T01:06:43Z,Unknown,0,Unknown,True,False,
2026-10-03T01:08:00Z,IL,IL00057IN033300049,2026-10-03T01:06:43Z,Unknown,0,Unknown,True,False,
2026-10-03T01:08:00Z,IL,IL00070IE002700042,2026-10-03T01:06:43Z,Unknown,0,Unknown,True,False,
2026-10-03T01:08:00Z,IL,IL00024IW003700010,2026-10-03T01:06:43Z,Unknown,0,Unknown,True,False,
2026-10-03T01:08:00Z,IL,IL00064IW013000053,2026-10-03T01:06:43Z,0,0,Unknown,False,False,
2026-10-03T01:08:00Z,IL,IL00055IS002700019,2026-10-03T01:06:43Z,Unknown,0,Unknown,True,False,
2026-10-03T01:08:00Z,IL,IL00057IN011400033,2026-10-03T01:06:43Z,Unknown,0,Unknown,True,False,
2026-10-03T01:08:00Z,IL,IL00074IW020800052,2026-10-03T01:06:43Z,Unknown,0,Unknown,True,False,
2026-10-03T01:08:00Z,IL,IL00070IE008600051,2026-10-03T01:06:43Z,0,0,Unknown,False,False,
2026-10-03T01:08:00Z,IL,IL00080IW005100013,2026-10-03T01:06:43Z,Unknown,47,Unknown,True,False,
2026-10-03T01:08:00Z,IL,IL00057IS026800022,2026-10-03T01:06:43Z,Unknown,27,Unknown,True,False,
2026-10-03T01:08:00Z,IL,IL00064IW002500011,2026-10-03T01:06:43Z,Unknown,0,Unknown,True,False,
2026-10-03T01:08:00Z,IL,IL00055IN002700029,2026-10-03T01:06:43Z,Unknown,0,Unknown,True,False,
2026-10-03T01:08:00Z,IL,IL00057IS011400023,2026-10-03T01:06:43Z,Unknown,0,Unknown,True,False,
2026-10-03T01:08:00Z,IL,IL00055IN019400031,2026-10-03T01:06:43Z,Unknown,36,Unknown,True,False,
2026-10-03T01:08:00Z,IL,IL00039IS008500026,2026-10-03T01:06:43Z,Unknown,42,Unknown,True,False,
2026-10-03T01:08:00Z,IL,IL00074IE006200001,2026-10-03T01:06:44Z,5,13,FILLING,True,True,
2026-10-03T01:08:00Z,IL,IL00074IW011400006,2026-10-03T01:06:46Z,11,18,CLEARING,True,True,
2026-10-03T01:08:00Z,IL,IL00055IS019400021,2026-10-03T01:06:46Z,Unknown,29,Unknown,True,False,
2026-10-03T01:08:00Z,IL,IL00057IS007900047,2026-10-03T01:06:46Z,Unknown,0,Unknown,True,False,
2026-10-03T01:08:00Z,IL,IL00057IN007900034,2026-10-03T01:06:46Z,Unknown,0,Unknown,True,False,
2026-10-03T01:08:00Z,IL,IL00055IS006400017,2026-10-03T01:06:46Z,Unknown,0,Unknown,True,False,
2026-10-03T01:08:00Z,IL,IL00072IW015200014,2026-10-03T01:06:46Z,Unknown,17,Unknown,True,False,
2026-10-03T01:08:00Z,IL,IL00070IW014900008,2026-10-03T01:06:32Z,Unknown,39,Unknown,True,False,
2026-10-03T01:08:00Z,IL,IL00074IW006200004,2026-10-03T01:06:32Z,8,12,STEADY,True,True,
2026-10-03T01:08:00Z,IL,IL00074IE011400005,2026-10-03T01:06:35Z,16,25,FILLING,True,True,
2026-10-03T01:08:00Z,IL,IL00055IS010400024,2026-10-03T01:04:43Z,Unknown,0,STEADY,,False,
2026-10-03T01:08:00Z,IL,IL00057IS003200025,2026-10-03T01:04:43Z,Unknown,0,STEADY,,False,
2026-10-03T01:08:00Z,IL,IL00057IN003200035,2026-10-03T01:04:43Z,Unknown,17,STEADY,,False,
2026-10-03T01:08:00Z,IL,IL00070IW008700045,2026-10-03T01:06:56Z,Unknown,15,Unknown,True,False,
2026-10-03T01:08:00Z,IL,IL00057IS016500018,2026-10-03T01:07:31Z,3,15,STEADY,True,True,
2026-10-03T01:08:00Z,IL,IL00057IN016500044,2026-10-03T01:06:31Z,0,15,STEADY,False,False,
2026-10-03T01:08:00Z,IL,IL00072IE015200041,2026-10-03T01:07:58Z,10,16,FILLING,True,True,
2026-10-03T01:08:00Z,IN,322,2026-10-02T20:55:00-04:00,68,75,,True,false,
2026-10-03T01:08:00Z,IN,317,2026-10-02T20:55:00-04:00,19,58,,True,true,
2026-10-03T01:08:00Z,IN,316,2026-10-02T20:55:00-04:00,15,58,,True,false,
2026-10-03T01:08:00Z,IN,315,2026-10-02T20:55:00-04:00,Unknown,36,,False,true,
2026-10-03T01:08:00Z,IN,314,2026-10-02T20:55:00-04:00,Unknown,36,,False,true,
2026-10-03T01:08:00Z,IN,313,2026-10-02T20:55:00-04:00,LOW,75,,True,true,
2026-10-03T01:08:00Z,IN,312,2026-10-02T20:55:00-04:00,34,75,,True,false,
2026-10-03T01:08:00Z,IN,311,2026-10-02T20:55:00-04:00,Unknown,13,,False,true,
2026-10-03T01:08:00Z,IN,310,2026-10-02T20:55:00-04:00,Unknown,13,,False,true,
2026-10-03T01:08:00Z,IN,308,2026-10-02T20:55:00-04:00,21,75,,True,true,
2026-10-03T01:08:00Z,IN,309,2026-10-02T20:55:00-04:00,87,150,,True,true,
2026-10-03T01:08:00Z,IN,318,2026-10-02T20:55:00-04:00,LOW,78,,True,true,
2026-10-03T01:08:00Z,IN,319,2026-10-02T20:55:00-04:00,22,78,,True,true,
2026-10-03T01:08:00Z,IN,320,2026-10-02T20:55:00-04:00,47,83,,True,true,
2026-10-03T01:08:00Z,IN,321,2026-10-02T20:55:00-04:00,21,41,,True,false,
2026-10-03T01:08:00Z,IN,300,2026-10-02T20:55:00-04:00,113,128,,True,false,
2026-10-03T01:08:00Z,IN,302,2026-10-02T20:55:00-04:00,13,30,,True,true,
2026-10-03T01:08:00Z,IN,301,2026-10-02T20:55:00-04:00,LOW,30,,True,true,
2026-10-03T01:08:00Z,IN,303,2026-10-02T20:55:00-04:00,73,194,,True,true,
2026-10-03T01:08:00Z,IN,304,2026-10-02T20:55:00-04:00,Unknown,99,,False,true,
2026-10-03T01:08:00Z,IN,305,2026-10-02T20:55:00-04:00,Unknown,156,,False,true,
2026-10-03T01:08:00Z,IN,323,2026-10-02T20:55:00-04:00,20,40,,True,true,
2026-10-03T01:08:00Z,IN,702,2026-10-02T20:55:00-04:00,38,75,,True,false,
2026-10-03T01:08:00Z,IN,701,2026-10-02T20:55:00-04:00,30,60,,True,false,
2026-10-03T01:08:00Z,IN,704,2026-10-02T20:55:00-04:00,40,80,,True,false,
2026-10-03T01:08:00Z,IN,703,2026-10-02T20:55:00-04:00,55,110,,True,false,
2026-10-03T01:08:00Z,IN,706,2026-10-02T20:55:00-04:00,35,70,,True,false,
2026-10-03T01:08:00Z,IN,705,2026-10-02T20:55:00-04:00,30,60,,True,false,
2026-10-03T01:08:00Z,IN,708,2026-10-02T20:55:00-04:00,23,45,,True,false,
2026-10-03T01:08:00Z,IN,707,2026-10-02T20:55:00-04:00,20,40,,True,false,
2026-10-03T01:08:00Z,IN,324,2026-10-02T20:55:00-04:00,16,31,,True,true,
2026-10-03T01:08:00Z,KY,KY00065IS0000020N65WELCOM,2026-10-03T01:06:02Z,LOW,21,STEADY,True,True,
2026-10-03T01:08:00Z,KY,KY00065IS000020NSMARATHON,2025-12-19T00:36:53Z,LOW,60,STEADY,True,False,
2026-10-03T01:08:00Z,KY,KY00065IS0000340NWEIGHS34,2026-07-01T19:04:41Z,22,40,STEADY,True,False,
2026-10-03T01:08:00Z,KY,KY00065IS0011400S65SRA114,2026-10-03T01:06:10Z,5,26,FILLING,True,True,
2026-10-03T01:08:00Z,KY,KY00065IS0005900S65SRA059,2026-10-03T01:06:07Z,69,109,FILLING,True,True,
2026-10-03T01:08:00Z,KY,KY00065IS0005900N65NRA059,2026-08-17T17:24:33Z,LOW,113,STEADY,True,False,
2026-10-03T01:08:00Z,KY,KY00075IS0003300NWEIGHS33,2026-10-03T01:05:46Z,31,50,STEADY,True,False,
2026-10-03T01:08:00Z,KY,KY00075IS0003400SWEIGHS34,2026-10-03T01:05:50Z,LOW,40,STEADY,True,True,
2026-10-03T01:08:00Z,KY,KY00075IS0017700N75NRA177,2026-07-13T10:37:14Z,LOW,53,CLEARING,True,False,
2026-10-03T01:08:00Z,KY,KY00075IS0007500SWALTONWS,2026-10-03T01:05:55Z,18,45,FILLING,True,True,
2026-10-03T01:08:00Z,KY,KY00075IS0017700S75SRA177,2026-10-03T01:05:48Z,15,67,CLEARING,True,True,
2026-10-03T01:08:00Z,KY,KY00075IS0016800SCRITENWS,2026-10-03T01:05:52Z,30,39,STEADY,True,True,
2026-10-03T01:08:00Z,KY,KY00075IS0000100N75WELCOM,2026-10-03T01:06:10Z,LOW,30,STEADY,True,False,
2026-10-03T01:08:04Z,IL,IL00055IN010400050,2026-10-03T01:06:41Z,0,0,Unknown,False,False,
2026-10-03T01:08:04Z,IL,IL00039IN008500036,2026-10-03T01:06:42Z,Unknown,42,Unknown,True,False,
2026-10-03T01:08:04Z,IL,IL00074IW015600009,2026-10-03T01:06:42Z,0,0,Unknown,False,False,
2026-10-03T01:08:04Z,IL,IL00074IE015600037,2026-10-03T01:06:42Z,0,0,Unknown,False,False,
2026-10-03T01:08:04Z,IL,IL00080IW011700016,2026-10-03T01:06:42Z,Unknown,39,Unknown,True,False,
2026-10-03T01:08:04Z,IL,IL00055IN006400027,2026-10-03T01:06:42Z,Unknown,0,Unknown,True,False,
2026-10-03T01:08:04Z,IL,IL00064IE002500038,2026-10-03T01:06:42Z,Unknown,0,Unknown,True,False,
2026-10-03T01:08:04Z,IL,IL00064IE008500039,2026-10-03T01:06:42Z,Unknown,0,Unknown,True,False,
2026-10-03T01:08:04Z,IL,IL00080IE005100040,2026-10-03T01:06:42Z,Unknown,39,Unknown,True,False,
2026-10-03T01:08:04Z,IL,IL00080IE011700043,2026-10-03T01:06:42Z,Unknown,31,Unknown,True,False,
2026-10-03T01:08:04Z,IL,IL00064IW008500012,2026-10-03T01:06:42Z,Unknown,0,Unknown,True,False,
2026-10-03T01:08:04Z,IL,IL00057IS022200054,2026-10-03T01:06:43Z,Unknown,0,Unknown,True,False,
2026-10-03T01:08:04Z,IL,IL00074IW002800020,2026-10-03T01:06:43Z,Unknown,15,Unknown,True,False,
2026-10-03T01:08:04Z,IL,IL00074IE002800030,2026-10-03T01:06:43Z,Unknown,14,Unknown,True,False,
2026-10-03T01:08:04Z,IL,IL00057IS033300046,2026-10-03T01:06:43Z,Unknown,0,Unknown,True,False,
2026-10-03T01:08:04Z,IL,IL00055IN014900028,2026-10-03T01:06:43Z,Unknown,0,Unknown,True,False,
2026-10-03T01:08:04Z,IL,IL00057IN022200048,2026-10-03T01:06:43Z,Unknown,0,Unknown,True,False,
2026-10-03T01:08:04Z,IL,IL00057IN026800032,2026-10-03T01:06:43Z,Unknown,25,Unknown,True,False,
2026-10-03T01:08:04Z,IL,IL00070IW002700015,2026-10-03T01:06:43Z,Unknown,0,Unknown,True,False,
2026-10-03T01:08:04Z,IL,IL00057IN033300049,2026-10-03T01:06:43Z,Unknown,0,Unknown,True,False,
2026-10-03T01:08:04Z,IL,IL00070IE002700042,2026-10-03T01:06:43Z,Unknown,0,Unknown,True,False,
2026-10-03T01:08:04Z,IL,IL00024IW003700010,2026-10-03T01:06:43Z,Unknown,0,Unknown,True,False,
2026-10-03T01:08:04Z,IL,IL00064IW013000053,2026-10-03T01:06:43Z,0,0,Unknown,False,False,
2026-10-03T01:08:04Z,IL,IL00055IS002700019,2026-10-03T01:06:43Z,Unknown,0,Unknown,True,False,
2026-10-03T01:08:04Z,IL,IL00057IN011400033,2026-10-03T01:06:43Z,Unknown,0,Unknown,True,False,
2026-10-03T01:08:04Z,IL,IL00074IW020800052,2026-10-03T01:06:43Z,Unknown,0,Unknown,True,False,
2026-10-03T01:08:04Z,IL,IL00070IE008600051,2026-10-03T01:06:43Z,0,0,Unknown,False,False,
2026-10-03T01:08:04Z,IL,IL00080IW005100013,2026-10-03T01:06:43Z,Unknown,47,Unknown,True,False,
2026-10-03T01:08:04Z,IL,IL00057IS026800022,2026-10-03T01:06:43Z,Unknown,27,Unknown,True,False,
2026-10-03T01:08:04Z,IL,IL00064IW002500011,2026-10-03T01:06:43Z,Unknown,0,Unknown,True,False,
2026-10-03T01:08:04Z,IL,IL00055IN002700029,2026-10-03T01:06:43Z,Unknown,0,Unknown,True,False,
2026-10-03T01:08:04Z,IL,IL00057IS011400023,2026-10-03T01:06:43Z,Unknown,0,Unknown,True,False,
2026-10-03T01:08:04Z,IL,IL00055IN019400031,2026-10-03T01:06:43Z,Unknown,36,Unknown,True,False,
2026-10-03T01:08:04Z,IL,IL00039IS008500026,2026-10-03T01:06:43Z,Unknown,42,Unknown,True,False,
2026-10-03T01:08:04Z,IL,IL00074IE006200001,2026-10-03T01:06:44Z,5,13,FILLING,True,True,
2026-10-03T01:08:04Z,IL,IL00074IW011400006,2026-10-03T01:06:46Z,11,18,CLEARING,True,True,
2026-10-03T01:08:04Z,IL,IL00055IS019400021,2026-10-03T01:06:46Z,Unknown,29,Unknown,True,False,
2026-10-03T01:08:04Z,IL,IL00057IS007900047,2026-10-03T01:06:46Z,Unknown,0,Unknown,True,False,
2026-10-03T01:08:04Z,IL,IL00057IN007900034,2026-10-03T01:06:46Z,Unknown,0,Unknown,True,False,
2026-10-03T01:08:04Z,IL,IL00055IS006400017,2026-10-03T01:06:46Z,Unknown,0,Unknown,True,False,
2026-10-03T01:08:04Z,IL,IL00072IW015200014,2026-10-03T01:06:46Z,Unknown,17,Unknown,True,False,
2026-10-03T01:08:04Z,IL,IL00070IW014900008,2026-10-03T01:06:32Z,Unknown,39,Unknown,True,False,
2026-10-03T01:08:04Z,IL,IL00074IW006200004,2026-10-03T01:06:32Z,8,12,STEADY,True,True,
2026-10-03T01:08:04Z,IL,IL00074IE011400005,2026-10-03T01:06:35Z,16,25,FILLING,True,True,
2026-10-03T01:08:04Z,IL,IL00055IS010400024,2026-10-03T01:04:43Z,Unknown,0,STEADY,,False,
2026-10-03T01:08:04Z,IL,IL00057IS003200025,2026-10-03T01:04:43Z,Unknown,0,STEADY,,False,
2026-10-03T01:08:04Z,IL,IL00057IN003200035,2026-10-03T01:04:43Z,Unknown,17,STEADY,,False,
2026-10-03T01:08:04Z,IL,IL00070IW008700045,2026-10-03T01:06:56Z,Unknown,15,Unknown,True,False,
2026-10-03T01:08:04Z,IL,IL00057IS016500018,2026-10-03T01:07:31Z,3,15,STEADY,True,True,
2026-10-03T01:08:04Z,IL,IL00057IN016500044,2026-10-03T01:06:31Z,0,15,STEADY,False,False,
2026-10-03T01:08:04Z,IL,IL00072IE015200041,2026-10-03T01:07:58Z,10,16,FILLING,True,True,
2026-10-03T01:08:04Z,IN,322,2026-10-02T20:55:00-04:00,68,75,,True,false,
2026-10-03T01:08:04Z,IN,317,2026-10-02T20:55:00-04:00,19,58,,True,true,
2026-10-03T01:08:04Z,IN,316,2026-10-02T20:55:00-04:00,15,58,,True,false,
2026-10-03T01:08:04Z,IN,315,2026-10-02T20:55:00-04:00,Unknown,36,,False,true,
2026-10-03T01:08:04Z,IN,314,2026-10-02T20:55:00-04:00,Unknown,36,,False,true,
2026-10-03T01:08:04Z,IN,313,2026-10-02T20:55:00-04:00,LOW,75,,True,true,
2026-10-03T01:08:04Z,IN,312,2026-10-02T20:55:00-04:00,34,75,,True,false,
2026-10-03T01:08:04Z,IN,311,2026-10-02T20:55:00-04:00,Unknown,13,,False,true,
2026-10-03T01:08:04Z,IN,310,2026-10-02T20:55:00-04:00,Unknown,13,,False,true,
2026-10-03T01:08:04Z,IN,308,2026-10-02T20:55:00-04:00,21,75,,True,true,
2026-10-03T01:08:04Z,IN,309,2026-10-02T20:55:00-04:00,87,150,,True,true,
2026-10-03T01:08:04Z,IN,318,2026-10-02T20:55:00-04:00,LOW,78,,True,true,
2026-10-03T01:08:04Z,IN,319,2026-10-02T20:55:00-04:00,22,78,,True,true,
2026-10-03T01:08:04Z,IN,320,2026-10-02T20:55:00-04:00,47,83,,True,true,
2026-10-03T01:08:04Z,IN,321,2026-10-02T20:55:00-04:00,21,41,,True,false,
2026-10-03T01:08:04Z,IN,300,2026-10-02T20:55:00-04:00,113,128,,True,false,
2026-10-03T01:08:04Z,IN,302,2026-10-02T20:55:00-04:00,13,30,,True,true,
2026-10-03T01:08:04Z,IN,301,2026-10-02T20:55:00-04:00,LOW,30,,True,true,
2026-10-03T01:08:04Z,IN,303,2026-10-02T20:55:00-04:00,73,194,,True,true,
2026-10-03T01:08:04Z,IN,304,2026-10-02T20:55:00-04:00,Unknown,99,,False,true,
2026-10-03T01:08:04Z,IN,305,2026-10-02T20:55:00-04:00,Unknown,156,,False,true,
2026-10-03T01:08:04Z,IN,323,2026-10-02T20:55:00-04:00,20,40,,True,true,
2026-10-03T01:08:04Z,IN,702,2026-10-02T20:55:00-04:00,38,75,,True,false,
2026-10-03T01:08:04Z,IN,701,2026-10-02T20:55:00-04:00,30,60,,True,false,
2026-10-03T01:08:04Z,IN,704,2026-10-02T20:55:00-04:00,40,80,,True,false,
2026-10-03T01:08:04Z,IN,703,2026-10-02T20:55:00-04:00,55,110,,True,false,
2026-10-03T01:08:04Z,IN,706,2026-10-02T20:55:00-04:00,35,70,,True,false,
2026-10-03T01:08:04Z,IN,705,2026-10-02T20:55:00-04:00,30,60,,True,false,
2026-10-03T01:08:04Z,IN,708,2026-10-02T20:55:00-04:00,23,45,,True,false,
2026-10-03T01:08:04Z,IN,707,2026-10-02T20:55:00-04:00,20,40,,True,false,
2026-10-03T01:08:04Z,IN,324,2026-10-02T20:55:00-04:00,16,31,,True,true,
2026-10-03T01:08:04Z,KY,KY00065IS0000020N65WELCOM,2026-10-03T01:07:01Z,LOW,21,STEADY,True,True,
2026-10-03T01:08:04Z,KY,KY00065IS000020NSMARATHON,2025-12-19T00:36:53Z,LOW,60,STEADY,True,False,
2026-10-03T01:08:04Z,KY,KY00065IS0000340NWEIGHS34,2026-07-01T19:04:41Z,22,40,STEADY,True,False,
2026-10-03T01:08:04Z,KY,KY00065IS0011400S65SRA114,2026-10-03T01:07:10Z,LOW,26,FILLING,True,True,
2026-10-03T01:08:04Z,KY,KY00065IS0005900S65SRA059,2026-10-03T01:07:08Z,70,109,FILLING,True,True,
2026-10-03T01:08:04Z,KY,KY00065IS0005900N65NRA059,2026-08-17T17:24:33Z,LOW,113,STEADY,True,False,
2026-10-03T01:08:04Z,KY,KY00075IS0003300NWEIGHS33,2026-10-03T01:06:46Z,31,50,STEADY,True,False,
2026-10-03T01:08:04Z,KY,KY00075IS0003400SWEIGHS34,2026-10-03T01:06:50Z,LOW,40,STEADY,True,True,
2026-10-03T01:08:04Z,KY,KY00075IS0017700N75NRA177,2026-07-13T10:37:14Z,LOW,53,CLEARING,True,False,
2026-10-03T01:08:04Z,KY,KY00075IS0007500SWALTONWS,2026-10-03T01:06:55Z,18,45,FILLING,True,True,
2026-10-03T01:08:04Z,KY,KY00075IS0017700S75SRA177,2026-10-03T01:06:48Z,15,67,CLEARING,True,True,
2026-10-03T01:08:04Z,KY,KY00075IS0016800SCRITENWS,2026-10-03T01:06:52Z,30,39,STEADY,True,True,
2026-10-03T01:08:04Z,KY,KY00075IS0000100N75WELCOM,2026-10-03T01:07:11Z,LOW,30,STEADY,True,False,
2026-10-03T01:08:08Z,IL,IL00055IN010400050,2026-10-03T01:06:41Z,0,0,Unknown,False,False,
2026-10-03T01:08:08Z,IL,IL00039IN008500036,2026-10-03T01:06:42Z,Unknown,42,Unknown,True,False,
2026-10-03T01:08:08Z,IL,IL00074IW015600009,2026-10-03T01:06:42Z,0,0,Unknown,False,False,
2026-10-03T01:08:08Z,IL,IL00074IE015600037,2026-10-03T01:06:42Z,0,0,Unknown,False,False,
2026-10-03T01:08:08Z,IL,IL00080IW011700016,2026-10-03T01:06:42Z,Unknown,39,Unknown,True,False,
2026-10-03T01:08:08Z,IL,IL00055IN006400027,2026-10-03T01:06:42Z,Unknown,0,Unknown,True,False,
2026-10-03T01:08:08Z,IL,IL00064IE002500038,2026-10-03T01:06:42Z,Unknown,0,Unknown,True,False,
2026-10-03T01:08:08Z,IL,IL00064IE008500039,2026-10-03T01:06:42Z,Unknown,0,Unknown,True,False,
2026-10-03T01:08:08Z,IL,IL00080IE005100040,2026-10-03T01:06:42Z,Unknown,39,Unknown,True,False,
2026-10-03T01:08:08Z,IL,IL00080IE011700043,2026-10-03T01:06:42Z,Unknown,31,Unknown,True,False,
2026-10-03T01:08:08Z,IL,IL00064IW008500012,2026-10-03T01:06:42Z,Unknown,0,Unknown,True,False,
2026-10-03T01:08:08Z,IL,IL00057IS022200054,2026-10-03T01:06:43Z,Unknown,0,Unknown,True,False,
2026-10-03T01:08:08Z,IL,IL00074IW002800020,2026-10-03T01:06:43Z,Unknown,15,Unknown,True,False,
2026-10-03T01:08:08Z,IL,IL00074IE002800030,2026-10-03T01:06:43Z,Unknown,14,Unknown,True,False,
2026-10-03T01:08:08Z,IL,IL00057IS033300046,2026-10-03T01:06:43Z,Unknown,0,Unknown,True,False,
2026-10-03T01:08:08Z,IL,IL00055IN014900028,2026-10-03T01:06:43Z,Unknown,0,Unknown,True,False,
2026-10-03T01:08:08Z,IL,IL00057IN022200048,2026-10-03T01:06:43Z,Unknown,0,Unknown,True,False,
2026-10-03T01:08:08Z,IL,IL00057IN026800032,2026-10-03T01:06:43Z,Unknown,25,Unknown,True,False,
2026-10-03T01:08:08Z,IL,IL00070IW002700015,2026-10-03T01:06:43Z,Unknown,0,Unknown,True,False,
2026-10-03T01:08:08Z,IL,IL00057IN033300049,2026-10-03T01:06:43Z,Unknown,0,Unknown,True,False,
2026-10-03T01:08:08Z,IL,IL00070IE002700042,2026-10-03T01:06:43Z,Unknown,0,Unknown,True,False,
2026-10-03T01:08:08Z,IL,IL00024IW003700010,2026-10-03T01:06:43Z,Unknown,0,Unknown,True,False,
2026-10-03T01:08:08Z,IL,IL00064IW013000053,2026-10-03T01:06:43Z,0,0,Unknown,False,False,
2026-10-03T01:08:08Z,IL,IL00055IS002700019,2026-10-03T01:06:43Z,Unknown,0,Unknown,True,False,
2026-10-03T01:08:08Z,IL,IL00057IN011400033,2026-10-03T01:06:43Z,Unknown,0,Unknown,True,False,
2026-10-03T01:08:08Z,IL,IL00074IW020800052,2026-10-03T01:06:43Z,Unknown,0,Unknown,True,False,
2026-10-03T01:08:08Z,IL,IL00070IE008600051,2026-10-03T01:06:43Z,0,0,Unknown,False,False,
2026-10-03T01:08:08Z,IL,IL00080IW005100013,2026-10-03T01:06:43Z,Unknown,47,Unknown,True,False,
2026-10-03T01:08:08Z,IL,IL00057IS026800022,2026-10-03T01:06:43Z,Unknown,27,Unknown,True,False,
2026-10-03T01:08:08Z,IL,IL00064IW002500011,2026-10-03T01:06:43Z,Unknown,0,Unknown,True,False,
2026-10-03T01:08:08Z,IL,IL00055IN002700029,2026-10-03T01:06:43Z,Unknown,0,Unknown,True,False,
2026-10-03T01:08:08Z,IL,IL00057IS011400023,2026-10-03T01:06:43Z,Unknown,0,Unknown,True,False,
2026-10-03T01:08:08Z,IL,IL00055IN019400031,2026-10-03T01:06:43Z,Unknown,36,Unknown,True,False,
2026-10-03T01:08:08Z,IL,IL00039IS008500026,2026-10-03T01:06:43Z,Unknown,42,Unknown,True,False,
2026-10-03T01:08:08Z,IL,IL00074IE006200001,2026-10-03T01:06:44Z,5,13,FILLING,True,True,
2026-10-03T01:08:08Z,IL,IL00074IW011400006,2026-10-03T01:06:46Z,11,18,CLEARING,True,True,
2026-10-03T01:08:08Z,IL,IL00055IS019400021,2026-10-03T01:06:46Z,Unknown,29,Unknown,True,False,
2026-10-03T01:08:08Z,IL,IL00057IS007900047,2026-10-03T01:06:46Z,Unknown,0,Unknown,True,False,
2026-10-03T01:08:08Z,IL,IL00057IN007900034,2026-10-03T01:06:46Z,Unknown,0,Unknown,True,False,
2026-10-03T01:08:08Z,IL,IL00055IS006400017,2026-10-03T01:06:46Z,Unknown,0,Unknown,True,False,
2026-10-03T01:08:08Z,IL,IL00072IW015200014,2026-10-03T01:06:46Z,Unknown,17,Unknown,True,False,
2026-10-03T01:08:08Z,IL,IL00070IW014900008,2026-10-03T01:06:32Z,Unknown,39,Unknown,True,False,
2026-10-03T01:08:08Z,IL,IL00074IW006200004,2026-10-03T01:06:32Z,8,12,STEADY,True,True,
2026-10-03T01:08:08Z,IL,IL00074IE011400005,2026-10-03T01:06:35Z,16,25,FILLING,True,True,
2026-10-03T01:08:08Z,IL,IL00055IS010400024,2026-10-03T01:04:43Z,Unknown,0,STEADY,,False,
2026-10-03T01:08:08Z,IL,IL00057IS003200025,2026-10-03T01:04:43Z,Unknown,0,STEADY,,False,
2026-10-03T01:08:08Z,IL,IL00057IN003200035,2026-10-03T01:04:43Z,Unknown,17,STEADY,,False,
2026-10-03T01:08:08Z,IL,IL00070IW008700045,2026-10-03T01:06:56Z,Unknown,15,Unknown,True,False,
2026-10-03T01:08:08Z,IL,IL00057IS016500018,2026-10-03T01:07:31Z,3,15,STEADY,True,True,
2026-10-03T01:08:08Z,IL,IL00057IN016500044,2026-10-03T01:06:31Z,0,15,STEADY,False,False,
2026-10-03T01:08:08Z,IL,IL00072IE015200041,2026-10-03T01:07:58Z,10,16,FILLING,True,True,
2026-10-03T01:08:08Z,IN,322,2026-10-02T20:55:00-04:00,68,75,,True,false,
2026-10-03T01:08:08Z,IN,317,2026-10-02T20:55:00-04:00,19,58,,True,true,
2026-10-03T01:08:08Z,IN,316,2026-10-02T20:55:00-04:00,15,58,,True,false,
2026-10-03T01:08:08Z,IN,315,2026-10-02T20:55:00-04:00,Unknown,36,,False,true,
2026-10-03T01:08:08Z,IN,314,2026-10-02T20:55:00-04:00,Unknown,36,,False,true,
2026-10-03T01:08:08Z,IN,313,2026-10-02T20:55:00-04:00,LOW,75,,True,true,
2026-10-03T01:08:08Z,IN,312,2026-10-02T20:55:00-04:00,34,75,,True,false,
2026-10-03T01:08:08Z,IN,311,2026-10-02T20:55:00-04:00,Unknown,13,,False,true,
2026-10-03T01:08:08Z,IN,310,2026-10-02T20:55:00-04:00,Unknown,13,,False,true,
2026-10-03T01:08:08Z,IN,308,2026-10-02T20:55:00-04:00,21,75,,True,true,
2026-10-03T01:08:08Z,IN,309,2026-10-02T20:55:00-04:00,87,150,,True,true,
2026-10-03T01:08:08Z,IN,318,2026-10-02T20:55:00-04:00,LOW,78,,True,true,
2026-10-03T01:08:08Z,IN,319,2026-10-02T20:55:00-04:00,22,78,,True,true,
2026-10-03T01:08:08Z,IN,320,2026-10-02T20:55:00-04:00,47,83,,True,true,
2026-10-03T01:08:08Z,IN,321,2026-10-02T20:55:00-04:00,21,41,,True,false,
2026-10-03T01:08:08Z,IN,300,2026-10-02T20:55:00-04:00,113,128,,True,false,
2026-10-03T01:08:08Z,IN,302,2026-10-02T20:55:00-04:00,13,30,,True,true,
2026-10-03T01:08:08Z,IN,301,2026-10-02T20:55:00-04:00,LOW,30,,True,true,
2026-10-03T01:08:08Z,IN,303,2026-10-02T20:55:00-04:00,73,194,,True,true,
2026-10-03T01:08:08Z,IN,304,2026-10-02T20:55:00-04:00,Unknown,99,,False,true,
2026-10-03T01:08:08Z,IN,305,2026-10-02T20:55:00-04:00,Unknown,156,,False,true,
2026-10-03T01:08:08Z,IN,323,2026-10-02T20:55:00-04:00,20,40,,True,true,
2026-10-03T01:08:08Z,IN,702,2026-10-02T20:55:00-04:00,38,75,,True,false,
2026-10-03T01:08:08Z,IN,701,2026-10-02T20:55:00-04:00,30,60,,True,false,
2026-10-03T01:08:08Z,IN,704,2026-10-02T20:55:00-04:00,40,80,,True,false,
2026-10-03T01:08:08Z,IN,703,2026-10-02T20:55:00-04:00,55,110,,True,false,
2026-10-03T01:08:08Z,IN,706,2026-10-02T20:55:00-04:00,35,70,,True,false,
2026-10-03T01:08:08Z,IN,705,2026-10-02T20:55:00-04:00,30,60,,True,false,
2026-10-03T01:08:08Z,IN,708,2026-10-02T20:55:00-04:00,23,45,,True,false,
2026-10-03T01:08:08Z,IN,707,2026-10-02T20:55:00-04:00,20,40,,True,false,
2026-10-03T01:08:08Z,IN,324,2026-10-02T20:55:00-04:00,16,31,,True,true,
2026-10-03T01:08:08Z,KY,KY00065IS0000020N65WELCOM,2026-10-03T01:07:01Z,LOW,21,STEADY,True,True,
2026-10-03T01:08:08Z,KY,KY00065IS000020NSMARATHON,2025-12-19T00:36:53Z,LOW,60,STEADY,True,False,
2026-10-03T01:08:08Z,KY,KY00065IS0000340NWEIGHS34,2026-07-01T19:04:41Z,22,40,STEADY,True,False,
2026-10-03T01:08:08Z,KY,KY00065IS0011400S65SRA114,2026-10-03T01:07:10Z,LOW,26,FILLING,True,True,
2026-10-03T01:08:08Z,KY,KY00065IS0005900S65SRA059,2026-10-03T01:07:08Z,70,109,FILLING,True,True,
2026-10-03T01:08:08Z,KY,KY00065IS0005900N65NRA059,2026-08-17T17:24:33Z,LOW,113,STEADY,True,False,
2026-10-03T01:08:08Z,KY,KY00075IS0003300NWEIGHS33,2026-10-03T01:06:46Z,31,50,STEADY,True,False,
2026-10-03T01:08:08Z,KY,KY00075IS0003400SWEIGHS34,2026-10-03T01:06:50Z,LOW,40,STEADY,True,True,
2026-10-03T01:08:08Z,KY,KY00075IS0017700N75NRA177,2026-07-13T10:37:14Z,LOW,53,CLEARING,True,False,
2026-10-03T01:08:08Z,KY,KY00075IS0007500SWALTONWS,2026-10-03T01:06:55Z,18,45,FILLING,True,True,
2026-10-03T01:08:08Z,KY,KY00075IS0017700S75SRA177,2026-10-03T01:06:48Z,15,67,CLEARING,True,True,
2026-10-03T01:08:08Z,KY,KY00075IS0016800SCRITENWS,2026-10-03T01:06:52Z,30,39,STEADY,True,True,
2026-10-03T01:08:08Z,KY,KY00075IS0000100N75WELCOM,2026-10-03T01:07:11Z,LOW,30,STEADY,True,False,
2026-10-03T01:08:12Z,IL,IL00055IN010400050,2026-10-03T01:08:08Z,0,0,Unknown,False,False,
2026-10-03T01:08:12Z,IL,IL00039IN008500036,2026-10-03T01:08:08Z,Unknown,42,Unknown,True,False,
2026-10-03T01:08:12Z,IL,IL00074IW015600009,2026-10-03T01:08:09Z,0,0,Unknown,False,False,
2026-10-03T01:08:12Z,IL,IL00074IE015600037,2026-10-03T01:08:09Z,0,0,Unknown,False,False,
2026-10-03T01:08:12Z,IL,IL00080IW011700016,2026-10-03T01:08:09Z,Unknown,39,Unknown,True,False,
2026-10-03T01:08:12Z,IL,IL00055IN006400027,2026-10-03T01:08:09Z,Unknown,0,Unknown,True,False,
2026-10-03T01:08:12Z,IL,IL00064IE002500038,2026-10-03T01:08:09Z,Unknown,0,Unknown,True,False,
2026-10-03T01:08:12Z,IL,IL00064IE008500039,2026-10-03T01:08:09Z,Unknown,0,Unknown,True,False,
2026-10-03T01:08:12Z,IL,IL00080IE005100040,2026-10-03T01:08:09Z,Unknown,39,Unknown,True,False,
2026-10-03T01:08:12Z,IL,IL00080IE011700043,2026-10-03T01:08:09Z,Unknown,31,Unknown,True,False,
2026-10-03T01:08:12Z,IL,IL00064IW008500012,2026-10-03T01:08:09Z,Unknown,0,Unknown,True,False,
2026-10-03T01:08:12Z,IL,IL00057IS022200054,2026-10-03T01:08:09Z,Unknown,0,Unknown,True,False,
2026-10-03T01:08:12Z,IL,IL00074IW002800020,2026-10-03T01:08:09Z,Unknown,15,Unknown,True,False,
2026-10-03T01:08:12Z,IL,IL00074IE002800030,2026-10-03T01:08:09Z,Unknown,14,Unknown,True,False,
2026-10-03T01:08:12Z,IL,IL00057IS033300046,2026-10-03T01:08:09Z,Unknown,0,Unknown,True,False,
2026-10-03T01:08:12Z,IL,IL00055IN014900028,2026-10-03T01:08:09Z,Unknown,0,Unknown,True,False,
2026-10-03T01:08:12Z,IL,IL00057IN022200048,2026-10-03T01:08:09Z,Unknown,0,Unknown,True,False,
2026-10-03T01:08:12Z,IL,IL00057IN026800032,2026-10-03T01:08:09Z,Unknown,25,Unknown,True,False,
2026-10-03T01:08:12Z,IL,IL00070IW002700015,2026-10-03T01:08:09Z,Unknown,0,Unknown,True,False,
2026-10-03T01:08:12Z,IL,IL00057IN033300049,2026-10-03T01:08:09Z,Unknown,0,Unknown,True,False,
2026-10-03T01:08:12Z,IL,IL00070IE002700042,2026-10-03T01:08:09Z,Unknown,0,Unknown,True,False,
2026-10-03T01:08:12Z,IL,IL00024IW003700010,2026-10-03T01:08:09Z,Unknown,0,Unknown,True,False,
2026-10-03T01:08:12Z,IL,IL00064IW013000053,2026-10-03T01:08:10Z,0,0,Unknown,False,False,
2026-10-03T01:08:12Z,IL,IL00055IS002700019,2026-10-03T01:08:10Z,Unknown,0,Unknown,True,False,
2026-10-03T01:08:12Z,IL,IL00057IN011400033,2026-10-03T01:08:10Z,Unknown,0,Unknown,True,False,
2026-10-03T01:08:12Z,IL,IL00074IW020800052,2026-10-03T01:08:10Z,Unknown,0,Unknown,True,False,
2026-10-03T01:08:12Z,IL,IL00070IE008600051,2026-10-03T01:08:10Z,0,0,Unknown,False,False,
2026-10-03T01:08:12Z,IL,IL00080IW005100013,2026-10-03T01:08:10Z,Unknown,47,Unknown,True,False,
2026-10-03T01:08:12Z,IL,IL00057IS026800022,2026-10-03T01:08:10Z,Unknown,27,Unknown,True,False,
2026-10-03T01:08:12Z,IL,IL00064IW002500011,2026-10-03T01:08:10Z,Unknown,0,Unknown,True,False,
2026-10-03T01:08:12Z,IL,IL00055IN002700029,2026-10-03T01:08:10Z,Unknown,0,Unknown,True,False,
2026-10-03T01:08:12Z,IL,IL00057IS011400023,2026-10-03T01:08:10Z,Unknown,0,Unknown,True,False,
2026-10-03T01:08:12Z,IL,IL00055IN019400031,2026-10-03T01:08:10Z,Unknown,36,Unknown,True,False,
2026-10-03T01:08:12Z,IL,IL00039IS008500026,2026-10-03T01:08:10Z,Unknown,42,Unknown,True,False,
2026-10-03T01:08:12Z,IL,IL00074IE006200001,2026-10-03T01:08:11Z,6,13,FILLING,True,True,
2026-10-03T01:08:12Z,IL,IL00074IW011400006,2026-10-03T01:06:46Z,11,18,CLEARING,True,True,
2026-10-03T01:08:12Z,IL,IL00055IS019400021,2026-10-03T01:06:46Z,Unknown,29,Unknown,True,False,
2026-10-03T01:08:12Z,IL,IL00057IS007900047,2026-10-03T01:06:46Z,Unknown,0,Unknown,True,False,
2026-10-03T01:08:12Z,IL,IL00057IN007900034,2026-10-03T01:06:46Z,Unknown,0,Unknown,True,False,
2026-10-03T01:08:12Z,IL,IL00055IS006400017,2026-10-03T01:06:46Z,Unknown,0,Unknown,True,False,
2026-10-03T01:08:12Z,IL,IL00072IW015200014,2026-10-03T01:06:46Z,Unknown,17,Unknown,True,False,
2026-10-03T01:08:12Z,IL,IL00070IW014900008,2026-10-03T01:06:32Z,Unknown,39,Unknown,True,False,
2026-10-03T01:08:12Z,IL,IL00074IW006200004,2026-10-03T01:06:32Z,8,12,STEADY,True,True,
2026-10-03T01:08:12Z,IL,IL00074IE011400005,2026-10-03T01:06:35Z,16,25,FILLING,True,True,
2026-10-03T01:08:12Z,IL,IL00055IS010400024,2026-10-03T01:04:43Z,Unknown,0,STEADY,,False,
2026-10-03T01:08:12Z,IL,IL00057IS003200025,2026-10-03T01:04:43Z,Unknown,0,STEADY,,False,
2026-10-03T01:08:12Z,IL,IL00057IN003200035,2026-10-03T01:04:43Z,Unknown,17,STEADY,,False,
2026-10-03T01:08:12Z,IL,IL00070IW008700045,2026-10-03T01:06:56Z,Unknown,15,Unknown,True,False,
2026-10-03T01:08:12Z,IL,IL00057IS016500018,2026-10-03T01:07:31Z,3,15,STEADY,True,True,
2026-10-03T01:08:12Z,IL,IL00057IN016500044,2026-10-03T01:06:31Z,0,15,STEADY,False,False,
2026-10-03T01:08:12Z,IL,IL00072IE015200041,2026-10-03T01:07:58Z,10,16,FILLING,True,True,
2026-10-03T01:08:12Z,IN,322,2026-10-02T20:55:00-04:00,68,75,,True,false,
2026-10-03T01:08:12Z,IN,317,2026-10-02T20:55:00-04:00,19,58,,True,true,
2026-10-03T01:08:12Z,IN,316,2026-10-02T20:55:00-04:00,15,58,,True,false,
2026-10-03T01:08:12Z,IN,315,2026-10-02T20:55:00-04:00,Unknown,36,,False,true,
2026-10-03T01:08:12Z,IN,314,2026-10-02T20:55:00-04:00,Unknown,36,,False,true,
2026-10-03T01:08:12Z,IN,313,2026-10-02T20:55:00-04:00,LOW,75,,True,true,
2026-10-03T01:08:12Z,IN,312,2026-10-02T20:55:00-04:00,34,75,,True,false,
2026-10-03T01:08:12Z,IN,311,2026-10-02T20:55:00-04:00,Unknown,13,,False,true,
2026-10-03T01:08:12Z,IN,310,2026-10-02T20:55:00-04:00,Unknown,13,,False,true,
2026-10-03T01:08:12Z,IN,308,2026-10-02T20:55:00-04:00,21,75,,True,true,
2026-10-03T01:08:12Z,IN,309,2026-10-02T20:55:00-04:00,87,150,,True,true,
2026-10-03T01:08:12Z,IN,318,2026-10-02T20:55:00-04:00,LOW,78,,True,true,
2026-10-03T01:08:12Z,IN,319,2026-10-02T20:55:00-04:00,22,78,,True,true,
2026-10-03T01:08:12Z,IN,320,2026-10-02T20:55:00-04:00,47,83,,True,true,
2026-10-03T01:08:12Z,IN,321,2026-10-02T20:55:00-04:00,21,41,,True,false,
2026-10-03T01:08:12Z,IN,300,2026-10-02T20:55:00-04:00,113,128,,True,false,
2026-10-03T01:08:12Z,IN,302,2026-10-02T20:55:00-04:00,13,30,,True,true,
2026-10-03T01:08:12Z,IN,301,2026-10-02T20:55:00-04:00,LOW,30,,True,true,
2026-10-03T01:08:12Z,IN,303,2026-10-02T20:55:00-04:00,73,194,,True,true,
2026-10-03T01:08:12Z,IN,304,2026-10-02T20:55:00-04:00,Unknown,99,,False,true,
2026-10-03T01:08:12Z,IN,305,2026-10-02T20:55:00-04:00,Unknown,156,,False,true,
2026-10-03T01:08:12Z,IN,323,2026-10-02T20:55:00-04:00,20,40,,True,true,
2026-10-03T01:08:12Z,IN,702,2026-10-02T20:55:00-04:00,38,75,,True,false,
2026-10-03T01:08:12Z,IN,701,2026-10-02T20:55:00-04:00,30,60,,True,false,
2026-10-03T01:08:12Z,IN,704,2026-10-02T20:55:00-04:00,40,80,,True,false,
2026-10-03T01:08:12Z,IN,703,2026-10-02T20:55:00-04:00,55,110,,True,false,
2026-10-03T01:08:12Z,IN,706,2026-10-02T20:55:00-04:00,35,70,,True,false,
2026-10-03T01:08:12Z,IN,705,2026-10-02T20:55:00-04:00,30,60,,True,false,
2026-10-03T01:08:12Z,IN,708,2026-10-02T20:55:00-04:00,23,45,,True,false,
2026-10-03T01:08:12Z,IN,707,2026-10-02T20:55:00-04:00,20,40,,True,false,
2026-10-03T01:08:12Z,IN,324,2026-10-02T20:55:00-04:00,16,31,,True,true,
2026-10-03T01:08:12Z,KY,KY00065IS0000020N65WELCOM,2026-10-03T01:07:01Z,LOW,21,STEADY,True,True,
2026-10-03T01:08:12Z,KY,KY00065IS000020NSMARATHON,2025-12-19T00:36:53Z,LOW,60,STEADY,True,False,
2026-10-03T01:08:12Z,KY,KY00065IS0000340NWEIGHS34,2026-07-01T19:04:41Z,22,40,STEADY,True,False,
2026-10-03T01:08:12Z,KY,KY00065IS0011400S65SRA114,2026-10-03T01:07:10Z,LOW,26,FILLING,True,True,
2026-10-03T01:08:12Z,KY,KY00065IS0005900S65SRA059,2026-10-03T01:07:08Z,70,109,FILLING,True,True,
2026-10-03T01:08:12Z,KY,KY00065IS0005900N65NRA059,2026-08-17T17:24:33Z,LOW,113,STEADY,True,False,
2026-10-03T01:08:12Z,KY,KY00075IS0003300NWEIGHS33,2026-10-03T01:06:46Z,31,50,STEADY,True,False,
2026-10-03T01:08:12Z,KY,KY00075IS0003400SWEIGHS34,2026-10-03T01:06:50Z,LOW,40,STEADY,True,True,
2026-10-03T01:08:12Z,KY,KY00075IS0017700N75NRA177,2026-07-13T10:37:14Z,LOW,53,CLEARING,True,False,
2026-10-03T01:08:12Z,KY,KY00075IS0007500SWALTONWS,2026-10-03T01:06:55Z,18,45,FILLING,True,True,
2026-10-03T01:08:12Z,KY,KY00075IS0017700S75SRA177,2026-10-03T01:06:48Z,15,67,CLEARING,True,True,
2026-10-03T01:08:12Z,KY,KY00075IS0016800SCRITENWS,2026-10-03T01:06:52Z,30,39,STEADY,True,True,
2026-10-03T01:08:12Z,KY,KY00075IS0000100N75WELCOM,2026-10-03T01:07:11Z,LOW,30,STEADY,True,False,
2026-10-03T01:08:16Z,IL,IL00055IN010400050,2026-10-03T01:08:08Z,0,0,Unknown,False,False,
2026-10-03T01:08:16Z,IL,IL00039IN008500036,2026-10-03T01:08:08Z,Unknown,42,Unknown,True,False,
2026-10-03T01:08:16Z,IL,IL00074IW015600009,2026-10-03T01:08:09Z,0,0,Unknown,False,False,
2026-10-03T01:08:16Z,IL,IL00074IE015600037,2026-10-03T01:08:09Z,0,0,Unknown,False,False,
2026-10-03T01:08:16Z,IL,IL00080IW011700016,2026-10-03T01:08:09Z,Unknown,39,Unknown,True,False,
2026-10-03T01:08:16Z,IL,IL00055IN006400027,2026-10-03T01:08:09Z,Unknown,0,Unknown,True,False,
2026-10-03T01:08:16Z,IL,IL00064IE002500038,2026-10-03T01:08:09Z,Unknown,0,Unknown,True,False,
2026-10-03T01:08:16Z,IL,IL00064IE008500039,2026-10-03T01:08:09Z,Unknown,0,Unknown,True,False,
2026-10-03T01:08:16Z,IL,IL00080IE005100040,2026-10-03T01:08:09Z,Unknown,39,Unknown,True,False,
2026-10-03T01:08:16Z,IL,IL00080IE011700043,2026-10-03T01:08:09Z,Unknown,31,Unknown,True,False,
2026-10-03T01:08:16Z,IL,IL00064IW008500012,2026-10-03T01:08:09Z,Unknown,0,Unknown,True,False,
2026-10-03T01:08:16Z,IL,IL00057IS022200054,2026-10-03T01:08:09Z,Unknown,0,Unknown,True,False,
2026-10-03T01:08:16Z,IL,IL00074IW002800020,2026-10-03T01:08:09Z,Unknown,15,Unknown,True,False,
2026-10-03T01:08:16Z,IL,IL00074IE002800030,2026-10-03T01:08:09Z,Unknown,14,Unknown,True,False,
2026-10-03T01:08:16Z,IL,IL00057IS033300046,2026-10-03T01:08:09Z,Unknown,0,Unknown,True,False,
2026-10-03T01:08:16Z,IL,IL00055IN014900028,2026-10-03T01:08:09Z,Unknown,0,Unknown,True,False,
2026-10-03T01:08:16Z,IL,IL00057IN022200048,2026-10-03T01:08:09Z,Unknown,0,Unknown,True,False,
2026-10-03T01:08:16Z,IL,IL00057IN026800032,2026-10-03T01:08:09Z,Unknown,25,Unknown,True,False,
2026-10-03T01:08:16Z,IL,IL00070IW002700015,2026-10-03T01:08:09Z,Unknown,0,Unknown,True,False,
2026-10-03T01:08:16Z,IL,IL00057IN033300049,2026-10-03T01:08:09Z,Unknown,0,Unknown,True,False,
2026-10-03T01:08:16Z,IL,IL00070IE002700042,2026-10-03T01:08:09Z,Unknown,0,Unknown,True,False,
2026-10-03T01:08:16Z,IL,IL00024IW003700010,2026-10-03T01:08:09Z,Unknown,0,Unknown,True,False,
2026-10-03T01:08:16Z,IL,IL00064IW013000053,2026-10-03T01:08:10Z,0,0,Unknown,False,False,
2026-10-03T01:08:16Z,IL,IL00055IS002700019,2026-10-03T01:08:10Z,Unknown,0,Unknown,True,False,
2026-10-03T01:08:16Z,IL,IL00057IN011400033,2026-10-03T01:08:10Z,Unknown,0,Unknown,True,False,
2026-10-03T01:08:16Z,IL,IL00074IW020800052,2026-10-03T01:08:10Z,Unknown,0,Unknown,True,False,
2026-10-03T01:08:16Z,IL,IL00070IE008600051,2026-10-03T01:08:10Z,0,0,Unknown,False,False,
2026-10-03T01:08:16Z,IL,IL00080IW005100013,2026-10-03T01:08:10Z,Unknown,47,Unknown,True,False,
2026-10-03T01:08:16Z,IL,IL00057IS026800022,2026-10-03T01:08:10Z,Unknown,27,Unknown,True,False,
2026-10-03T01:08:16Z,IL,IL00064IW002500011,2026-10-03T01:08:10Z,Unknown,0,Unknown,True,False,
2026-10-03T01:08:16Z,IL,IL00055IN002700029,2026-10-03T01:08:10Z,Unknown,0,Unknown,True,False,
2026-10-03T01:08:16Z,IL,IL00057IS011400023,2026-10-03T01:08:10Z,Unknown,0,Unknown,True,False,
2026-10-03T01:08:16Z,IL,IL00055IN019400031,2026-10-03T01:08:10Z,Unknown,36,Unknown,True,False,
2026-10-03T01:08:16Z,IL,IL00039IS008500026,2026-10-03T01:08:10Z,Unknown,42,Unknown,True,False,
2026-10-03T01:08:16Z,IL,IL00074IE006200001,2026-10-03T01:08:11Z,6,13,FILLING,True,True,
2026-10-03T01:08:16Z,IL,IL00074IW011400006,2026-10-03T01:08:13Z,10,18,STEADY,True,True,
2026-10-03T01:08:16Z,IL,IL00055IS019400021,2026-10-03T01:08:13Z,Unknown,29,Unknown,True,False,
2026-10-03T01:08:16Z,IL,IL00057IS007900047,2026-10-03T01:08:13Z,Unknown,0,Unknown,True,False,
2026-10-03T01:08:16Z,IL,IL00057IN007900034,2026-10-03T01:08:13Z,Unknown,0,Unknown,True,False,
2026-10-03T01:08:16Z,IL,IL00055IS006400017,2026-10-03T01:08:13Z,Unknown,0,Unknown,True,False,
2026-10-03T01:08:16Z,IL,IL00072IW015200014,2026-10-03T01:08:13Z,Unknown,17,Unknown,True,False,
2026-10-03T01:08:16Z,IL,IL00070IW014900008,2026-10-03T01:06:32Z,Unknown,39,Unknown,True,False,
2026-10-03T01:08:16Z,IL,IL00074IW006200004,2026-10-03T01:08:14Z,8,12,STEADY,True,True,
2026-10-03T01:08:16Z,IL,IL00074IE011400005,2026-10-03T01:06:35Z,16,25,FILLING,True,True,
2026-10-03T01:08:16Z,IL,IL00055IS010400024,2026-10-03T01:04:43Z,Unknown,0,STEADY,,False,
2026-10-03T01:08:16Z,IL,IL00057IS003200025,2026-10-03T01:04:43Z,Unknown,0,STEADY,,False,
2026-10-03T01:08:16Z,IL,IL00057IN003200035,2026-10-03T01:04:43Z,Unknown,17,STEADY,,False,
2026-10-03T01:08:16Z,IL,IL00070IW008700045,2026-10-03T01:06:56Z,Unknown,15,Unknown,True,False,
2026-10-03T01:08:16Z,IL,IL00057IS016500018,2026-10-03T01:07:31Z,3,15,STEADY,True,True,
2026-10-03T01:08:16Z,IL,IL00057IN016500044,2026-10-03T01:06:31Z,0,15,STEADY,False,False,
2026-10-03T01:08:16Z,IL,IL00072IE015200041,2026-10-03T01:07:58Z,10,16,FILLING,True,True,
2026-10-03T01:08:16Z,IN,322,2026-10-02T20:55:00-04:00,68,75,,True,false,
2026-10-03T01:08:16Z,IN,317,2026-10-02T20:55:00-04:00,19,58,,True,true,
2026-10-03T01:08:16Z,IN,316,2026-10-02T20:55:00-04:00,15,58,,True,false,
2026-10-03T01:08:16Z,IN,315,2026-10-02T20:55:00-04:00,Unknown,36,,False,true,
2026-10-03T01:08:16Z,IN,314,2026-10-02T20:55:00-04:00,Unknown,36,,False,true,
2026-10-03T01:08:16Z,IN,313,2026-10-02T20:55:00-04:00,LOW,75,,True,true,
2026-10-03T01:08:16Z,IN,312,2026-10-02T20:55:00-04:00,34,75,,True,false,
2026-10-03T01:08:16Z,IN,311,2026-10-02T20:55:00-04:00,Unknown,13,,False,true,
2026-10-03T01:08:16Z,IN,310,2026-10-02T20:55:00-04:00,Unknown,13,,False,true,
2026-10-03T01:08:16Z,IN,308,2026-10-02T20:55:00-04:00,21,75,,True,true,
2026-10-03T01:08:16Z,IN,309,2026-10-02T20:55:00-04:00,87,150,,True,true,
2026-10-03T01:08:16Z,IN,318,2026-10-02T20:55:00-04:00,LOW,78,,True,true,
2026-10-03T01:08:16Z,IN,319,2026-10-02T20:55:00-04:00,22,78,,True,true,
2026-10-03T01:08:16Z,IN,320,2026-10-02T20:55:00-04:00,47,83,,True,true,
2026-10-03T01:08:16Z,IN,321,2026-10-02T20:55:00-04:00,21,41,,True,false,
2026-10-03T01:08:16Z,IN,300,2026-10-02T20:55:00-04:00,113,128,,True,false,
2026-10-03T01:08:16Z,IN,302,2026-10-02T20:55:00-04:00,13,30,,True,true,
2026-10-03T01:08:16Z,IN,301,2026-10-02T20:55:00-04:00,LOW,30,,True,true,
2026-10-03T01:08:16Z,IN,303,2026-10-02T20:55:00-04:00,73,194,,True,true,
2026-10-03T01:08:16Z,IN,304,2026-10-02T20:55:00-04:00,Unknown,99,,False,true,
2026-10-03T01:08:16Z,IN,305,2026-10-02T20:55:00-04:00,Unknown,156,,False,true,
2026-10-03T01:08:16Z,IN,323,2026-10-02T20:55:00-04:00,20,40,,True,true,
2026-10-03T01:08:16Z,IN,702,2026-10-02T20:55:00-04:00,38,75,,True,false,
2026-10-03T01:08:16Z,IN,701,2026-10-02T20:55:00-04:00,30,60,,True,false,
2026-10-03T01:08:16Z,IN,704,2026-10-02T20:55:00-04:00,40,80,,True,false,
2026-10-03T01:08:16Z,IN,703,2026-10-02T20:55:00-04:00,55,110,,True,false,
2026-10-03T01:08:16Z,IN,706,2026-10-02T20:55:00-04:00,35,70,,True,false,
2026-10-03T01:08:16Z,IN,705,2026-10-02T20:55:00-04:00,30,60,,True,false,
2026-10-03T01:08:16Z,IN,708,2026-10-02T20:55:00-04:00,23,45,,True,false,
2026-10-03T01:08:16Z,IN,707,2026-10-02T20:55:00-04:00,20,40,,True,false,
2026-10-03T01:08:16Z,IN,324,2026-10-02T20:55:00-04:00,16,31,,True,true,
2026-10-03T01:08:16Z,KY,KY00065IS0000020N65WELCOM,2026-10-03T01:07:01Z,LOW,21,STEADY,True,True,
2026-10-03T01:08:16Z,KY,KY00065IS000020NSMARATHON,2025-12-19T00:36:53Z,LOW,60,STEADY,True,False,
2026-10-03T01:08:16Z,KY,KY00065IS0000340NWEIGHS34,2026-07-01T19:04:41Z,22,40,STEADY,True,False,
2026-10-03T01:08:16Z,KY,KY00065IS0011400S65SRA114,2026-10-03T01:07:10Z,LOW,26,FILLING,True,True,
2026-10-03T01:08:16Z,KY,KY00065IS0005900S65SRA059,2026-10-03T01:07:08Z,70,109,FILLING,True,True,
2026-10-03T01:08:16Z,KY,KY00065IS0005900N65NRA059,2026-08-17T17:24:33Z,LOW,113,STEADY,True,False,
2026-10-03T01:08:16Z,KY,KY00075IS0003300NWEIGHS33,2026-10-03T01:06:46Z,31,50,STEADY,True,False,
2026-10-03T01:08:16Z,KY,KY00075IS0003400SWEIGHS34,2026-10-03T01:06:50Z,LOW,40,STEADY,True,True,
2026-10-03T01:08:16Z,KY,KY00075IS0017700N75NRA177,2026-07-13T10:37:14Z,LOW,53,CLEARING,True,False,
2026-10-03T01:08:16Z,KY,KY00075IS0007500SWALTONWS,2026-10-03T01:06:55Z,18,45,FILLING,True,True,
2026-10-03T01:08:16Z,KY,KY00075IS0017700S75SRA177,2026-10-03T01:06:48Z,15,67,CLEARING,True,True,
2026-10-03T01:08:16Z,KY,KY00075IS0016800SCRITENWS,2026-10-03T01:06:52Z,30,39,STEADY,True,True,
2026-10-03T01:08:16Z,KY,KY00075IS0000100N75WELCOM,2026-10-03T01:07:11Z,LOW,30,STEADY,True,False,
2026-10-03T01:08:20Z,IL,IL00055IN010400050,2026-10-03T01:08:08Z,0,0,Unknown,False,False,
2026-10-03T01:08:20Z,IL,IL00039IN008500036,2026-10-03T01:08:08Z,Unknown,42,Unknown,True,False,
2026-10-03T01:08:20Z,IL,IL00074IW015600009,2026-10-03T01:08:09Z,0,0,Unknown,False,False,
2026-10-03T01:08:20Z,IL,IL00074IE015600037,2026-10-03T01:08:09Z,0,0,Unknown,False,False,
2026-10-03T01:08:20Z,IL,IL00080IW011700016,2026-10-03T01:08:09Z,Unknown,39,Unknown,True,False,
2026-10-03T01:08:20Z,IL,IL00055IN006400027,2026-10-03T01:08:09Z,Unknown,0,Unknown,True,False,
2026-10-03T01:08:20Z,IL,IL00064IE002500038,2026-10-03T01:08:09Z,Unknown,0,Unknown,True,False,
2026-10-03T01:08:20Z,IL,IL00064IE008500039,2026-10-03T01:08:09Z,Unknown,0,Unknown,True,False,
2026-10-03T01:08:20Z,IL,IL00080IE005100040,2026-10-03T01:08:09Z,Unknown,39,Unknown,True,False,
2026-10-03T01:08:20Z,IL,IL00080IE011700043,2026-10-03T01:08:09Z,Unknown,31,Unknown,True,False,
2026-10-03T01:08:20Z,IL,IL00064IW008500012,2026-10-03T01:08:09Z,Unknown,0,Unknown,True,False,
2026-10-03T01:08:20Z,IL,IL00057IS022200054,2026-10-03T01:08:09Z,Unknown,0,Unknown,True,False,
2026-10-03T01:08:20Z,IL,IL00074IW002800020,2026-10-03T01:08:09Z,Unknown,15,Unknown,True,False,
2026-10-03T01:08:20Z,IL,IL00074IE002800030,2026-10-03T01:08:09Z,Unknown,14,Unknown,True,False,
2026-10-03T01:08:20Z,IL,IL00057IS033300046,2026-10-03T01:08:09Z,Unknown,0,Unknown,True,False,
2026-10-03T01:08:20Z,IL,IL00055IN014900028,2026-10-03T01:08:09Z,Unknown,0,Unknown,True,False,
2026-10-03T01:08:20Z,IL,IL00057IN022200048,2026-10-03T01:08:09Z,Unknown,0,Unknown,True,False,
2026-10-03T01:08:20Z,IL,IL00057IN026800032,2026-10-03T01:08:09Z,Unknown,25,Unknown,True,False,
2026-10-03T01:08:20Z,IL,IL00070IW002700015,2026-10-03T01:08:09Z,Unknown,0,Unknown,True,False,
2026-10-03T01:08:20Z,IL,IL00057IN033300049,2026-10-03T01:08:09Z,Unknown,0,Unknown,True,False,
2026-10-03T01:08:20Z,IL,IL00070IE002700042,2026-10-03T01:08:09Z,Unknown,0,Unknown,True,False,
2026-10-03T01:08:20Z,IL,IL00024IW003700010,2026-10-03T01:08:09Z,Unknown,0,Unknown,True,False,
2026-10-03T01:08:20Z,IL,IL00064IW013000053,2026-10-03T01:08:10Z,0,0,Unknown,False,False,
2026-10-03T01:08:20Z,IL,IL00055IS002700019,2026-10-03T01:08:10Z,Unknown,0,Unknown,True,False,
2026-10-03T01:08:20Z,IL,IL00057IN011400033,2026-10-03T01:08:10Z,Unknown,0,Unknown,True,False,
2026-10-03T01:08:20Z,IL,IL00074IW020800052,2026-10-03T01:08:10Z,Unknown,0,Unknown,True,False,
2026-10-03T01:08:20Z,IL,IL00070IE008600051,2026-10-03T01:08:10Z,0,0,Unknown,False,False,
2026-10-03T01:08:20Z,IL,IL00080IW005100013,2026-10-03T01:08:10Z,Unknown,47,Unknown,True,False,
2026-10-03T01:08:20Z,IL,IL00057IS026800022,2026-10-03T01:08:10Z,Unknown,27,Unknown,True,False,
2026-10-03T01:08:20Z,IL,IL00064IW002500011,2026-10-03T01:08:10Z,Unknown,0,Unknown,True,False,
2026-10-03T01:08:20Z,IL,IL00055IN002700029,2026-10-03T01:08:10Z,Unknown,0,Unknown,True,False,
2026-10-03T01:08:20Z,IL,IL00057IS011400023,2026-10-03T01:08:10Z,Unknown,0,Unknown,True,False,
2026-10-03T01:08:20Z,IL,IL00055IN019400031,2026-10-03T01:08:10Z,Unknown,36,Unknown,True,False,
2026-10-03T01:08:20Z,IL,IL00039IS008500026,2026-10-03T01:08:10Z,Unknown,42,Unknown,True,False,
2026-10-03T01:08:20Z,IL,IL00074IE006200001,2026-10-03T01:08:11Z,6,13,FILLING,True,True,
2026-10-03T01:08:20Z,IL,IL00074IW011400006,2026-10-03T01:08:13Z,10,18,STEADY,True,True,
2026-10-03T01:08:20Z,IL,IL00055IS019400021,2026-10-03T01:08:13Z,Unknown,29,Unknown,True,False,
2026-10-03T01:08:20Z,IL,IL00057IS007900047,2026-10-03T01:08:13Z,Unknown,0,Unknown,True,False,
2026-10-03T01:08:20Z,IL,IL00057IN007900034,2026-10-03T01:08:13Z,Unknown,0,Unknown,True,False,
2026-10-03T01:08:20Z,IL,IL00055IS006400017,2026-10-03T01:08:13Z,Unknown,0,Unknown,True,False,
2026-10-03T01:08:20Z,IL,IL00072IW015200014,2026-10-03T01:08:13Z,Unknown,17,Unknown,True,False,
2026-10-03T01:08:20Z,IL,IL00070IW014900008,2026-10-03T01:06:32Z,Unknown,39,Unknown,True,False,
2026-10-03T01:08:20Z,IL,IL00074IW006200004,2026-10-03T01:08:14Z,8,12,STEADY,True,True,
2026-10-03T01:08:20Z,IL,IL00074IE011400005,2026-10-03T01:08:16Z,15,25,FILLING,True,True,
2026-10-03T01:08:20Z,IL,IL00055IS010400024,2026-10-03T01:04:43Z,Unknown,0,STEADY,,False,
2026-10-03T01:08:20Z,IL,IL00057IS003200025,2026-10-03T01:04:43Z,Unknown,0,STEADY,,False,
2026-10-03T01:08:20Z,IL,IL00057IN003200035,2026-10-03T01:04:43Z,Unknown,17,STEADY,,False,
2026-10-03T01:08:20Z,IL,IL00070IW008700045,2026-10-03T01:06:56Z,Unknown,15,Unknown,True,False,
2026-10-03T01:08:20Z,IL,IL00057IS016500018,2026-10-03T01:07:31Z,3,15,STEADY,True,True,
2026-10-03T01:08:20Z,IL,IL00057IN016500044,2026-10-03T01:06:31Z,0,15,STEADY,False,False,
2026-10-03T01:08:20Z,IL,IL00072IE015200041,2026-10-03T01:07:58Z,10,16,FILLING,True,True,
2026-10-03T01:08:20Z,IN,322,2026-10-02T20:55:00-04:00,68,75,,True,false,
2026-10-03T01:08:20Z,IN,317,2026-10-02T20:55:00-04:00,19,58,,True,true,
2026-10-03T01:08:20Z,IN,316,2026-10-02T20:55:00-04:00,15,58,,True,false,
2026-10-03T01:08:20Z,IN,315,2026-10-02T20:55:00-04:00,Unknown,36,,False,true,
2026-10-03T01:08:20Z,IN,314,2026-10-02T20:55:00-04:00,Unknown,36,,False,true,
2026-10-03T01:08:20Z,IN,313,2026-10-02T20:55:00-04:00,LOW,75,,True,true,
2026-10-03T01:08:20Z,IN,312,2026-10-02T20:55:00-04:00,34,75,,True,false,
2026-10-03T01:08:20Z,IN,311,2026-10-02T20:55:00-04:00,Unknown,13,,False,true,
2026-10-03T01:08:20Z,IN,310,2026-10-02T20:55:00-04:00,Unknown,13,,False,true,
2026-10-03T01:08:20Z,IN,308,2026-10-02T20:55:00-04:00,21,75,,True,true,
2026-10-03T01:08:20Z,IN,309,2026-10-02T20:55:00-04:00,87,150,,True,true,
2026-10-03T01:08:20Z,IN,318,2026-10-02T20:55:00-04:00,LOW,78,,True,true,
2026-10-03T01:08:20Z,IN,319,2026-10-02T20:55:00-04:00,22,78,,True,true,
2026-10-03T01:08:20Z,IN,320,2026-10-02T20:55:00-04:00,47,83,,True,true,
2026-10-03T01:08:20Z,IN,321,2026-10-02T20:55:00-04:00,21,41,,True,false,
2026-10-03T01:08:20Z,IN,300,2026-10-02T20:55:00-04:00,113,128,,True,false,
2026-10-03T01:08:20Z,IN,302,2026-10-02T20:55:00-04:00,13,30,,True,true,
2026-10-03T01:08:20Z,IN,301,2026-10-02T20:55:00-04:00,LOW,30,,True,true,
2026-10-03T01:08:20Z,IN,303,2026-10-02T20:55:00-04:00,73,194,,True,true,
2026-10-03T01:08:20Z,IN,304,2026-10-02T20:55:00-04:00,Unknown,99,,False,true,
2026-10-03T01:08:20Z,IN,305,2026-10-02T20:55:00-04:00,Unknown,156,,False,true,
2026-10-03T01:08:20Z,IN,323,2026-10-02T20:55:00-04:00,20,40,,True,true,
2026-10-03T01:08:20Z,IN,702,2026-10-02T20:55:00-04:00,38,75,,True,false,
2026-10-03T01:08:20Z,IN,701,2026-10-02T20:55:00-04:00,30,60,,True,false,
2026-10-03T01:08:20Z,IN,704,2026-10-02T20:55:00-04:00,40,80,,True,false,
2026-10-03T01:08:20Z,IN,703,2026-10-02T20:55:00-04:00,55,110,,True,false,
2026-10-03T01:08:20Z,IN,706,2026-10-02T20:55:00-04:00,35,70,,True,false,
2026-10-03T01:08:20Z,IN,705,2026-10-02T20:55:00-04:00,30,60,,True,false,
2026-10-03T01:08:20Z,IN,708,2026-10-02T20:55:00-04:00,23,45,,True,false,
2026-10-03T01:08:20Z,IN,707,2026-10-02T20:55:00-04:00,20,40,,True,false,
2026-10-03T01:08:20Z,IN,324,2026-10-02T20:55:00-04:00,16,31,,True,true,
2026-10-03T01:08:20Z,KY,KY00065IS0000020N65WELCOM,2026-10-03T01:07:01Z,LOW,21,STEADY,True,True,
2026-10-03T01:08:20Z,KY,KY00065IS000020NSMARATHON,2025-12-19T00:36:53Z,LOW,60,STEADY,True,False,
2026-10-03T01:08:20Z,KY,KY00065IS0000340NWEIGHS34,2026-07-01T19:04:41Z,22,40,STEADY,True,False,
2026-10-03T01:08:20Z,KY,KY00065IS0011400S65SRA114,2026-10-03T01:07:10Z,LOW,26,FILLING,True,True,
2026-10-03T01:08:20Z,KY,KY00065IS0005900S65SRA059,2026-10-03T01:07:08Z,70,109,FILLING,True,True,
2026-10-03T01:08:20Z,KY,KY00065IS0005900N65NRA059,2026-08-17T17:24:33Z,LOW,113,STEADY,True,False,
2026-10-03T01:08:20Z,KY,KY00075IS0003300NWEIGHS33,2026-10-03T01:06:46Z,31,50,STEADY,True,False,
2026-10-03T01:08:20Z,KY,KY00075IS0003400SWEIGHS34,2026-10-03T01:06:50Z,LOW,40,STEADY,True,True,
2026-10-03T01:08:20Z,KY,KY00075IS0017700N75NRA177,2026-07-13T10:37:14Z,LOW,53,CLEARING,True,False,
2026-10-03T01:08:20Z,KY,KY00075IS0007500SWALTONWS,2026-10-03T01:06:55Z,18,45,FILLING,True,True,
2026-10-03T01:08:20Z,KY,KY00075IS0017700S75SRA177,2026-10-03T01:06:48Z,15,67,CLEARING,True,True,
2026-10-03T01:08:20Z,KY,KY00075IS0016800SCRITENWS,2026-10-03T01:06:52Z,30,39,STEADY,True,True,
2026-10-03T01:08:20Z,KY,KY00075IS0000100N75WELCOM,2026-10-03T01:07:11Z,LOW,30,STEADY,True,False,
2026-10-03T01:08:24Z,IL,IL00055IN010400050,2026-10-03T01:08:08Z,0,0,Unknown,False,False,
2026-10-03T01:08:24Z,IL,IL00039IN008500036,2026-10-03T01:08:08Z,Unknown,42,Unknown,True,False,
2026-10-03T01:08:24Z,IL,IL00074IW015600009,2026-10-03T01:08:09Z,0,0,Unknown,False,False,
2026-10-03T01:08:24Z,IL,IL00074IE015600037,2026-10-03T01:08:09Z,0,0,Unknown,False,False,
2026-10-03T01:08:24Z,IL,IL00080IW011700016,2026-10-03T01:08:09Z,Unknown,39,Unknown,True,False,
2026-10-03T01:08:24Z,IL,IL00055IN006400027,2026-10-03T01:08:09Z,Unknown,0,Unknown,True,False,
2026-10-03T01:08:24Z,IL,IL00064IE002500038,2026-10-03T01:08:09Z,Unknown,0,Unknown,True,False,
2026-10-03T01:08:24Z,IL,IL00064IE008500039,2026-10-03T01:08:09Z,Unknown,0,Unknown,True,False,
2026-10-03T01:08:24Z,IL,IL00080IE005100040,2026-10-03T01:08:09Z,Unknown,39,Unknown,True,False,
2026-10-03T01:08:24Z,IL,IL00080IE011700043,2026-10-03T01:08:09Z,Unknown,31,Unknown,True,False,
2026-10-03T01:08:24Z,IL,IL00064IW008500012,2026-10-03T01:08:09Z,Unknown,0,Unknown,True,False,
2026-10-03T01:08:24Z,IL,IL00057IS022200054,2026-10-03T01:08:09Z,Unknown,0,Unknown,True,False,
2026-10-03T01:08:24Z,IL,IL00074IW002800020,2026-10-03T01:08:09Z,Unknown,15,Unknown,True,False,
2026-10-03T01:08:24Z,IL,IL00074IE002800030,2026-10-03T01:08:09Z,Unknown,14,Unknown,True,False,
2026-10-03T01:08:24Z,IL,IL00057IS033300046,2026-10-03T01:08:09Z,Unknown,0,Unknown,True,False,
2026-10-03T01:08:24Z,IL,IL00055IN014900028,2026-10-03T01:08:09Z,Unknown,0,Unknown,True,False,
2026-10-03T01:08:24Z,IL,IL00057IN022200048,2026-10-03T01:08:09Z,Unknown,0,Unknown,True,False,
2026-10-03T01:08:24Z,IL,IL00057IN026800032,2026-10-03T01:08:09Z,Unknown,25,Unknown,True,False,
2026-10-03T01:08:24Z,IL,IL00070IW002700015,2026-10-03T01:08:09Z,Unknown,0,Unknown,True,False,
2026-10-03T01:08:24Z,IL,IL00057IN033300049,2026-10-03T01:08:09Z,Unknown,0,Unknown,True,False,
2026-10-03T01:08:24Z,IL,IL00070IE002700042,2026-10-03T01:08:09Z,Unknown,0,Unknown,True,False,
2026-10-03T01:08:24Z,IL,IL00024IW003700010,2026-10-03T01:08:09Z,Unknown,0,Unknown,True,False,
2026-10-03T01:08:24Z,IL,IL00064IW013000053,2026-10-03T01:08:10Z,0,0,Unknown,False,False,
2026-10-03T01:08:24Z,IL,IL00055IS002700019,2026-10-03T01:08:10Z,Unknown,0,Unknown,True,False,
2026-10-03T01:08:24Z,IL,IL00057IN011400033,2026-10-03T01:08:10Z,Unknown,0,Unknown,True,False,
2026-10-03T01:08:24Z,IL,IL00074IW020800052,2026-10-03T01:08:10Z,Unknown,0,Unknown,True,False,
2026-10-03T01:08:24Z,IL,IL00070IE008600051,2026-10-03T01:08:10Z,0,0,Unknown,False,False,
2026-10-03T01:08:24Z,IL,IL00080IW005100013,2026-10-03T01:08:10Z,Unknown,47,Unknown,True,False,
2026-10-03T01:08:24Z,IL,IL00057IS026800022,2026-10-03T01:08:10Z,Unknown,27,Unknown,True,False,
2026-10-03T01:08:24Z,IL,IL00064IW002500011,2026-10-03T01:08:10Z,Unknown,0,Unknown,True,False,
2026-10-03T01:08:24Z,IL,IL00055IN002700029,2026-10-03T01:08:10Z,Unknown,0,Unknown,True,False,
2026-10-03T01:08:24Z,IL,IL00057IS011400023,2026-10-03T01:08:10Z,Unknown,0,Unknown,True,False,
2026-10-03T01:08:24Z,IL,IL00055IN019400031,2026-10-03T01:08:10Z,Unknown,36,Unknown,True,False,
2026-10-03T01:08:24Z,IL,IL00039IS008500026,2026-10-03T01:08:10Z,Unknown,42,Unknown,True,False,
2026-10-03T01:08:24Z,IL,IL00074IE006200001,2026-10-03T01:08:11Z,6,13,FILLING,True,True,
2026-10-03T01:08:24Z,IL,IL00074IW011400006,2026-10-03T01:08:13Z,10,18,STEADY,True,True,
2026-10-03T01:08:24Z,IL,IL00055IS019400021,2026-10-03T01:08:13Z,Unknown,29,Unknown,True,False,
2026-10-03T01:08:24Z,IL,IL00057IS007900047,2026-10-03T01:08:13Z,Unknown,0,Unknown,True,False,
2026-10-03T01:08:24Z,IL,IL00057IN007900034,2026-10-03T01:08:13Z,Unknown,0,Unknown,True,False,
2026-10-03T01:08:24Z,IL,IL00055IS006400017,2026-10-03T01:08:13Z,Unknown,0,Unknown,True,False,
2026-10-03T01:08:24Z,IL,IL00072IW015200014,2026-10-03T01:08:13Z,Unknown,17,Unknown,True,False,
2026-10-03T01:08:24Z,IL,IL00070IW014900008,2026-10-03T01:06:32Z,Unknown,39,Unknown,True,False,
2026-10-03T01:08:24Z,IL,IL00074IW006200004,2026-10-03T01:08:14Z,8,12,STEADY,True,True,
2026-10-03T01:08:24Z,IL,IL00074IE011400005,2026-10-03T01:08:16Z,15,25,FILLING,True,True,
2026-10-03T01:08:24Z,IL,IL00055IS010400024,2026-10-03T01:04:43Z,Unknown,0,STEADY,,False,
2026-10-03T01:08:24Z,IL,IL00057IS003200025,2026-10-03T01:04:43Z,Unknown,0,STEADY,,False,
2026-10-03T01:08:24Z,IL,IL00057IN003200035,2026-10-03T01:04:43Z,Unknown,17,STEADY,,False,
2026-10-03T01:08:24Z,IL,IL00070IW008700045,2026-10-03T01:06:56Z,Unknown,15,Unknown,True,False,
2026-10-03T01:08:24Z,IL,IL00057IS016500018,2026-10-03T01:07:31Z,3,15,STEADY,True,True,
2026-10-03T01:08:24Z,IL,IL00057IN016500044,2026-10-03T01:06:31Z,0,15,STEADY,False,False,
2026-10-03T01:08:24Z,IL,IL00072IE015200041,2026-10-03T01:07:58Z,10,16,FILLING,True,True,
2026-10-03T01:08:24Z,IN,322,2026-10-02T20:55:00-04:00,68,75,,True,false,
2026-10-03T01:08:24Z,IN,317,2026-10-02T20:55:00-04:00,19,58,,True,true,
2026-10-03T01:08:24Z,IN,316,2026-10-02T20:55:00-04:00,15,58,,True,false,
2026-10-03T01:08:24Z,IN,315,2026-10-02T20:55:00-04:00,Unknown,36,,False,true,
2026-10-03T01:08:24Z,IN,314,2026-10-02T20:55:00-04:00,Unknown,36,,False,true,
2026-10-03T01:08:24Z,IN,313,2026-10-02T20:55:00-04:00,LOW,75,,True,true,
2026-10-03T01:08:24Z,IN,312,2026-10-02T20:55:00-04:00,34,75,,True,false,
2026-10-03T01:08:24Z,IN,311,2026-10-02T20:55:00-04:00,Unknown,13,,False,true,
2026-10-03T01:08:24Z,IN,310,2026-10-02T20:55:00-04:00,Unknown,13,,False,true,
2026-10-03T01:08:24Z,IN,308,2026-10-02T20:55:00-04:00,21,75,,True,true,
2026-10-03T01:08:24Z,IN,309,2026-10-02T20:55:00-04:00,87,150,,True,true,
2026-10-03T01:08:24Z,IN,318,2026-10-02T20:55:00-04:00,LOW,78,,True,true,
2026-10-03T01:08:24Z,IN,319,2026-10-02T20:55:00-04:00,22,78,,True,true,
2026-10-03T01:08:24Z,IN,320,2026-10-02T20:55:00-04:00,47,83,,True,true,
2026-10-03T01:08:24Z,IN,321,2026-10-02T20:55:00-04:00,21,41,,True,false,
2026-10-03T01:08:24Z,IN,300,2026-10-02T20:55:00-04:00,113,128,,True,false,
2026-10-03T01:08:24Z,IN,302,2026-10-02T20:55:00-04:00,13,30,,True,true,
2026-10-03T01:08:24Z,IN,301,2026-10-02T20:55:00-04:00,LOW,30,,True,true,
2026-10-03T01:08:24Z,IN,303,2026-10-02T20:55:00-04:00,73,194,,True,true,
2026-10-03T01:08:24Z,IN,304,2026-10-02T20:55:00-04:00,Unknown,99,,False,true,
2026-10-03T01:08:24Z,IN,305,2026-10-02T20:55:00-04:00,Unknown,156,,False,true,
2026-10-03T01:08:24Z,IN,323,2026-10-02T20:55:00-04:00,20,40,,True,true,
2026-10-03T01:08:24Z,IN,702,2026-10-02T20:55:00-04:00,38,75,,True,false,
2026-10-03T01:08:24Z,IN,701,2026-10-02T20:55:00-04:00,30,60,,True,false,
2026-10-03T01:08:24Z,IN,704,2026-10-02T20:55:00-04:00,40,80,,True,false,
2026-10-03T01:08:24Z,IN,703,2026-10-02T20:55:00-04:00,55,110,,True,false,
2026-10-03T01:08:24Z,IN,706,2026-10-02T20:55:00-04:00,35,70,,True,false,
2026-10-03T01:08:24Z,IN,705,2026-10-02T20:55:00-04:00,30,60,,True,false,
2026-10-03T01:08:24Z,IN,708,2026-10-02T20:55:00-04:00,23,45,,True,false,
2026-10-03T01:08:24Z,IN,707,2026-10-02T20:55:00-04:00,20,40,,True,false,
2026-10-03T01:08:24Z,IN,324,2026-10-02T20:55:00-04:00,16,31,,True,true,
2026-10-03T01:08:24Z,KY,KY00065IS0000020N65WELCOM,2026-10-03T01:07:01Z,LOW,21,STEADY,True,True,
2026-10-03T01:08:24Z,KY,KY00065IS000020NSMARATHON,2025-12-19T00:36:53Z,LOW,60,STEADY,True,False,
2026-10-03T01:08:24Z,KY,KY00065IS0000340NWEIGHS34,2026-07-01T19:04:41Z,22,40,STEADY,True,False,
2026-10-03T01:08:24Z,KY,KY00065IS0011400S65SRA114,2026-10-03T01:07:10Z,LOW,26,FILLING,True,True,
2026-10-03T01:08:24Z,KY,KY00065IS0005900S65SRA059,2026-10-03T01:07:08Z,70,109,FILLING,True,True,
2026-10-03T01:08:24Z,KY,KY00065IS0005900N65NRA059,2026-08-17T17:24:33Z,LOW,113,STEADY,True,False,
2026-10-03T01:08:24Z,KY,KY00075IS0003300NWEIGHS33,2026-10-03T01:06:46Z,31,50,STEADY,True,False,
2026-10-03T01:08:24Z,KY,KY00075IS0003400SWEIGHS34,2026-10-03T01:06:50Z,LOW,40,STEADY,True,True,
2026-10-03T01:08:24Z,KY,KY00075IS0017700N75NRA177,2026-07-13T10:37:14Z,LOW,53,CLEARING,True,False,
2026-10-03T01:08:24Z,KY,KY00075IS0007500SWALTONWS,2026-10-03T01:06:55Z,18,45,FILLING,True,True,
2026-10-03T01:08:24Z,KY,KY00075IS0017700S75SRA177,2026-10-03T01:06:48Z,15,67,CLEARING,True,True,
2026-10-03T01:08:24Z,KY,KY00075IS0016800SCRITENWS,2026-10-03T01:06:52Z,30,39,STEADY,True,True,
2026-10-03T01:08:24Z,KY,KY00075IS0000100N75WELCOM,2026-10-03T01:07:11Z,LOW,30,STEADY,True,False,
2026-10-03T01:08:27Z,IL,IL00055IN010400050,2026-10-03T01:08:08Z,0,0,Unknown,False,False,
2026-10-03T01:08:27Z,IL,IL00039IN008500036,2026-10-03T01:08:08Z,Unknown,42,Unknown,True,False,
2026-10-03T01:08:27Z,IL,IL00074IW015600009,2026-10-03T01:08:09Z,0,0,Unknown,False,False,
2026-10-03T01:08:27Z,IL,IL00074IE015600037,2026-10-03T01:08:09Z,0,0,Unknown,False,False,
2026-10-03T01:08:27Z,IL,IL00080IW011700016,2026-10-03T01:08:09Z,Unknown,39,Unknown,True,False,
2026-10-03T01:08:27Z,IL,IL00055IN006400027,2026-10-03T01:08:09Z,Unknown,0,Unknown,True,False,
2026-10-03T01:08:27Z,IL,IL00064IE002500038,2026-10-03T01:08:09Z,Unknown,0,Unknown,True,False,
2026-10-03T01:08:27Z,IL,IL00064IE008500039,2026-10-03T01:08:09Z,Unknown,0,Unknown,True,False,
2026-10-03T01:08:27Z,IL,IL00080IE005100040,2026-10-03T01:08:09Z,Unknown,39,Unknown,True,False,
2026-10-03T01:08:27Z,IL,IL00080IE011700043,2026-10-03T01:08:09Z,Unknown,31,Unknown,True,False,
2026-10-03T01:08:27Z,IL,IL00064IW008500012,2026-10-03T01:08:09Z,Unknown,0,Unknown,True,False,
2026-10-03T01:08:27Z,IL,IL00057IS022200054,2026-10-03T01:08:09Z,Unknown,0,Unknown,True,False,
2026-10-03T01:08:27Z,IL,IL00074IW002800020,2026-10-03T01:08:09Z,Unknown,15,Unknown,True,False,
2026-10-03T01:08:27Z,IL,IL00074IE002800030,2026-10-03T01:08:09Z,Unknown,14,Unknown,True,False,
2026-10-03T01:08:27Z,IL,IL00057IS033300046,2026-10-03T01:08:09Z,Unknown,0,Unknown,True,False,
2026-10-03T01:08:27Z,IL,IL00055IN014900028,2026-10-03T01:08:09Z,Unknown,0,Unknown,True,False,
2026-10-03T01:08:27Z,IL,IL00057IN022200048,2026-10-03T01:08:09Z,Unknown,0,Unknown,True,False,
2026-10-03T01:08:27Z,IL,IL00057IN026800032,2026-10-03T01:08:09Z,Unknown,25,Unknown,True,False,
2026-10-03T01:08:27Z,IL,IL00070IW002700015,2026-10-03T01:08:09Z,Unknown,0,Unknown,True,False,
2026-10-03T01:08:27Z,IL,IL00057IN033300049,2026-10-03T01:08:09Z,Unknown,0,Unknown,True,False,
2026-10-03T01:08:27Z,IL,IL00070IE002700042,2026-10-03T01:08:09Z,Unknown,0,Unknown,True,False,
2026-10-03T01:08:27Z,IL,IL00024IW003700010,2026-10-03T01:08:09Z,Unknown,0,Unknown,True,False,
2026-10-03T01:08:27Z,IL,IL00064IW013000053,2026-10-03T01:08:10Z,0,0,Unknown,False,False,
2026-10-03T01:08:27Z,IL,IL00055IS002700019,2026-10-03T01:08:10Z,Unknown,0,Unknown,True,False,
2026-10-03T01:08:27Z,IL,IL00057IN011400033,2026-10-03T01:08:10Z,Unknown,0,Unknown,True,False,
2026-10-03T01:08:27Z,IL,IL00074IW020800052,2026-10-03T01:08:10Z,Unknown,0,Unknown,True,False,
2026-10-03T01:08:27Z,IL,IL00070IE008600051,2026-10-03T01:08:10Z,0,0,Unknown,False,False,
2026-10-03T01:08:27Z,IL,IL00080IW005100013,2026-10-03T01:08:10Z,Unknown,47,Unknown,True,False,
2026-10-03T01:08:27Z,IL,IL00057IS026800022,2026-10-03T01:08:10Z,Unknown,27,Unknown,True,False,
2026-10-03T01:08:27Z,IL,IL00064IW002500011,2026-10-03T01:08:10Z,Unknown,0,Unknown,True,False,
2026-10-03T01:08:27Z,IL,IL00055IN002700029,2026-10-03T01:08:10Z,Unknown,0,Unknown,True,False,
2026-10-03T01:08:27Z,IL,IL00057IS011400023,2026-10-03T01:08:10Z,Unknown,0,Unknown,True,False,
2026-10-03T01:08:27Z,IL,IL00055IN019400031,2026-10-03T01:08:10Z,Unknown,36,Unknown,True,False,
2026-10-03T01:08:27Z,IL,IL00039IS008500026,2026-10-03T01:08:10Z,Unknown,42,Unknown,True,False,
2026-10-03T01:08:27Z,IL,IL00074IE006200001,2026-10-03T01:08:11Z,6,13,FILLING,True,True,
2026-10-03T01:08:27Z,IL,IL00074IW011400006,2026-10-03T01:08:13Z,10,18,STEADY,True,True,
2026-10-03T01:08:27Z,IL,IL00055IS019400021,2026-10-03T01:08:13Z,Unknown,29,Unknown,True,False,
2026-10-03T01:08:27Z,IL,IL00057IS007900047,2026-10-03T01:08:13Z,Unknown,0,Unknown,True,False,
2026-10-03T01:08:27Z,IL,IL00057IN007900034,2026-10-03T01:08:13Z,Unknown,0,Unknown,True,False,
2026-10-03T01:08:27Z,IL,IL00055IS006400017,2026-10-03T01:08:13Z,Unknown,0,Unknown,True,False,
2026-10-03T01:08:27Z,IL,IL00072IW015200014,2026-10-03T01:08:13Z,Unknown,17,Unknown,True,False,
2026-10-03T01:08:27Z,IL,IL00070IW014900008,2026-10-03T01:08:26Z,Unknown,39,Unknown,True,False,
2026-10-03T01:08:27Z,IL,IL00074IW006200004,2026-10-03T01:08:14Z,8,12,STEADY,True,True,
2026-10-03T01:08:27Z,IL,IL00074IE011400005,2026-10-03T01:08:16Z,15,25,FILLING,True,True,
2026-10-03T01:08:27Z,IL,IL00055IS010400024,2026-10-03T01:04:43Z,Unknown,0,STEADY,,False,
2026-10-03T01:08:27Z,IL,IL00057IS003200025,2026-10-03T01:04:43Z,Unknown,0,STEADY,,False,
2026-10-03T01:08:27Z,IL,IL00057IN003200035,2026-10-03T01:04:43Z,Unknown,17,STEADY,,False,
2026-10-03T01:08:27Z,IL,IL00070IW008700045,2026-10-03T01:06:56Z,Unknown,15,Unknown,True,False,
2026-10-03T01:08:27Z,IL,IL00057IS016500018,2026-10-03T01:07:31Z,3,15,STEADY,True,True,
2026-10-03T01:08:27Z,IL,IL00057IN016500044,2026-10-03T01:06:31Z,0,15,STEADY,False,False,
2026-10-03T01:08:27Z,IL,IL00072IE015200041,2026-10-03T01:07:58Z,10,16,FILLING,True,True,
2026-10-03T01:08:27Z,IN,322,2026-10-02T20:55:00-04:00,68,75,,True,false,
2026-10-03T01:08:27Z,IN,317,2026-10-02T20:55:00-04:00,19,58,,True,true,
2026-10-03T01:08:27Z,IN,316,2026-10-02T20:55:00-04:00,15,58,,True,false,
2026-10-03T01:08:27Z,IN,315,2026-10-02T20:55:00-04:00,Unknown,36,,False,true,
2026-10-03T01:08:27Z,IN,314,2026-10-02T20:55:00-04:00,Unknown,36,,False,true,
2026-10-03T01:08:27Z,IN,313,2026-10-02T20:55:00-04:00,LOW,75,,True,true,
2026-10-03T01:08:27Z,IN,312,2026-10-02T20:55:00-04:00,34,75,,True,false,
2026-10-03T01:08:27Z,IN,311,2026-10-02T20:55:00-04:00,Unknown,13,,False,true,
2026-10-03T01:08:27Z,IN,310,2026-10-02T20:55:00-04:00,Unknown,13,,False,true,
2026-10-03T01:08:27Z,IN,308,2026-10-02T20:55:00-04:00,21,75,,True,true,
2026-10-03T01:08:27Z,IN,309,2026-10-02T20:55:00-04:00,87,150,,True,true,
2026-10-03T01:08:27Z,IN,318,2026-10-02T20:55:00-04:00,LOW,78,,True,true,
2026-10-03T01:08:27Z,IN,319,2026-10-02T20:55:00-04:00,22,78,,True,true,
2026-10-03T01:08:27Z,IN,320,2026-10-02T20:55:00-04:00,47,83,,True,true,
2026-10-03T01:08:27Z,IN,321,2026-10-02T20:55:00-04:00,21,41,,True,false,
2026-10-03T01:08:27Z,IN,300,2026-10-02T20:55:00-04:00,113,128,,True,false,
2026-10-03T01:08:27Z,IN,302,2026-10-02T20:55:00-04:00,13,30,,True,true,
2026-10-03T01:08:27Z,IN,301,2026-10-02T20:55:00-04:00,LOW,30,,True,true,
2026-10-03T01:08:27Z,IN,303,2026-10-02T20:55:00-04:00,73,194,,True,true,
2026-10-03T01:08:27Z,IN,304,2026-10-02T20:55:00-04:00,Unknown,99,,False,true,
2026-10-03T01:08:27Z,IN,305,2026-10-02T20:55:00-04:00,Unknown,156,,False,true,
2026-10-03T01:08:27Z,IN,323,2026-10-02T20:55:00-04:00,20,40,,True,true,
2026-10-03T01:08:27Z,IN,702,2026-10-02T20:55:00-04:00,38,75,,True,false,
2026-10-03T01:08:27Z,IN,701,2026-10-02T20:55:00-04:00,30,60,,True,false,
2026-10-03T01:08:27Z,IN,704,2026-10-02T20:55:00-04:00,40,80,,True,false,
2026-10-03T01:08:27Z,IN,703,2026-10-02T20:55:00-04:00,55,110,,True,false,
2026-10-03T01:08:27Z,IN,706,2026-10-02T20:55:00-04:00,35,70,,True,false,
2026-10-03T01:08:27Z,IN,705,2026-10-02T20:55:00-04:00,30,60,,True,false,
2026-10-03T01:08:27Z,IN,708,2026-10-02T20:55:00-04:00,23,45,,True,false,
2026-10-03T01:08:27Z,IN,707,2026-10-02T20:55:00-04:00,20,40,,True,false,
2026-10-03T01:08:27Z,IN,324,2026-10-02T20:55:00-04:00,16,31,,True,true,
2026-10-03T01:08:27Z,KY,KY00065IS0000020N65WELCOM,2026-10-03T01:07:01Z,LOW,21,STEADY,True,True,
2026-10-03T01:08:27Z,KY,KY00065IS000020NSMARATHON,2025-12-19T00:36:53Z,LOW,60,STEADY,True,False,
2026-10-03T01:08:27Z,KY,KY00065IS0000340NWEIGHS34,2026-07-01T19:04:41Z,22,40,STEADY,True,False,
2026-10-03T01:08:27Z,KY,KY00065IS0011400S65SRA114,2026-10-03T01:07:10Z,LOW,26,FILLING,True,True,
2026-10-03T01:08:27Z,KY,KY00065IS0005900S65SRA059,2026-10-03T01:07:08Z,70,109,FILLING,True,True,
2026-10-03T01:08:27Z,KY,KY00065IS0005900N65NRA059,2026-08-17T17:24:33Z,LOW,113,STEADY,True,False,
2026-10-03T01:08:27Z,KY,KY00075IS0003300NWEIGHS33,2026-10-03T01:06:46Z,31,50,STEADY,True,False,
2026-10-03T01:08:27Z,KY,KY00075IS0003400SWEIGHS34,2026-10-03T01:06:50Z,LOW,40,STEADY,True,True,
2026-10-03T01:08:27Z,KY,KY00075IS0017700N75NRA177,2026-07-13T10:37:14Z,LOW,53,CLEARING,True,False,
2026-10-03T01:08:27Z,KY,KY00075IS0007500SWALTONWS,2026-10-03T01:06:55Z,18,45,FILLING,True,True,
2026-10-03T01:08:27Z,KY,KY00075IS0017700S75SRA177,2026-10-03T01:06:48Z,15,67,CLEARING,True,True,
2026-10-03T01:08:27Z,KY,KY00075IS0016800SCRITENWS,2026-10-03T01:06:52Z,30,39,STEADY,True,True,
2026-10-03T01:08:27Z,KY,KY00075IS0000100N75WELCOM,2026-10-03T01:07:11Z,LOW,30,STEADY,True,False,
2026-10-03T01:08:31Z,IL,IL00055IN010400050,2026-10-03T01:08:08Z,0,0,Unknown,False,False,
2026-10-03T01:08:31Z,IL,IL00039IN008500036,2026-10-03T01:08:08Z,Unknown,42,Unknown,True,False,
2026-10-03T01:08:31Z,IL,IL00074IW015600009,2026-10-03T01:08:09Z,0,0,Unknown,False,False,
2026-10-03T01:08:31Z,IL,IL00074IE015600037,2026-10-03T01:08:09Z,0,0,Unknown,False,False,
2026-10-03T01:08:31Z,IL,IL00080IW011700016,2026-10-03T01:08:09Z,Unknown,39,Unknown,True,False,
2026-10-03T01:08:31Z,IL,IL00055IN006400027,2026-10-03T01:08:09Z,Unknown,0,Unknown,True,False,
2026-10-03T01:08:31Z,IL,IL00064IE002500038,2026-10-03T01:08:09Z,Unknown,0,Unknown,True,False,
2026-10-03T01:08:31Z,IL,IL00064IE008500039,2026-10-03T01:08:09Z,Unknown,0,Unknown,True,False,
2026-10-03T01:08:31Z,IL,IL00080IE005100040,2026-10-03T01:08:09Z,Unknown,39,Unknown,True,False,
2026-10-03T01:08:31Z,IL,IL00080IE011700043,2026-10-03T01:08:09Z,Unknown,31,Unknown,True,False,
2026-10-03T01:08:31Z,IL,IL00064IW008500012,2026-10-03T01:08:09Z,Unknown,0,Unknown,True,False,
2026-10-03T01:08:31Z,IL,IL00057IS022200054,2026-10-03T01:08:09Z,Unknown,0,Unknown,True,False,
2026-10-03T01:08:31Z,IL,IL00074IW002800020,2026-10-03T01:08:09Z,Unknown,15,Unknown,True,False,
2026-10-03T01:08:31Z,IL,IL00074IE002800030,2026-10-03T01:08:09Z,Unknown,14,Unknown,True,False,
2026-10-03T01:08:31Z,IL,IL00057IS033300046,2026-10-03T01:08:09Z,Unknown,0,Unknown,True,False,
2026-10-03T01:08:31Z,IL,IL00055IN014900028,2026-10-03T01:08:09Z,Unknown,0,Unknown,True,False,
2026-10-03T01:08:31Z,IL,IL00057IN022200048,2026-10-03T01:08:09Z,Unknown,0,Unknown,True,False,
2026-10-03T01:08:31Z,IL,IL00057IN026800032,2026-10-03T01:08:09Z,Unknown,25,Unknown,True,False,
2026-10-03T01:08:31Z,IL,IL00070IW002700015,2026-10-03T01:08:09Z,Unknown,0,Unknown,True,False,
2026-10-03T01:08:31Z,IL,IL00057IN033300049,2026-10-03T01:08:09Z,Unknown,0,Unknown,True,False,
2026-10-03T01:08:31Z,IL,IL00070IE002700042,2026-10-03T01:08:09Z,Unknown,0,Unknown,True,False,
2026-10-03T01:08:31Z,IL,IL00024IW003700010,2026-10-03T01:08:09Z,Unknown,0,Unknown,True,False,
2026-10-03T01:08:31Z,IL,IL00064IW013000053,2026-10-03T01:08:10Z,0,0,Unknown,False,False,
2026-10-03T01:08:31Z,IL,IL00055IS002700019,2026-10-03T01:08:10Z,Unknown,0,Unknown,True,False,
2026-10-03T01:08:31Z,IL,IL00057IN011400033,2026-10-03T01:08:10Z,Unknown,0,Unknown,True,False,
2026-10-03T01:08:31Z,IL,IL00074IW020800052,2026-10-03T01:08:10Z,Unknown,0,Unknown,True,False,
2026-10-03T01:08:31Z,IL,IL00070IE008600051,2026-10-03T01:08:10Z,0,0,Unknown,False,False,
2026-10-03T01:08:31Z,IL,IL00080IW005100013,2026-10-03T01:08:10Z,Unknown,47,Unknown,True,False,
2026-10-03T01:08:31Z,IL,IL00057IS026800022,2026-10-03T01:08:10Z,Unknown,27,Unknown,True,False,
2026-10-03T01:08:31Z,IL,IL00064IW002500011,2026-10-03T01:08:10Z,Unknown,0,Unknown,True,False,
2026-10-03T01:08:31Z,IL,IL00055IN002700029,2026-10-03T01:08:10Z,Unknown,0,Unknown,True,False,
2026-10-03T01:08:31Z,IL,IL00057IS011400023,2026-10-03T01:08:10Z,Unknown,0,Unknown,True,False,
2026-10-03T01:08:31Z,IL,IL00055IN019400031,2026-10-03T01:08:10Z,Unknown,36,Unknown,True,False,
2026-10-03T01:08:31Z,IL,IL00039IS008500026,2026-10-03T01:08:10Z,Unknown,42,Unknown,True,False,
2026-10-03T01:08:31Z,IL,IL00074IE006200001,2026-10-03T01:08:11Z,6,13,FILLING,True,True,
2026-10-03T01:08:31Z,IL,IL00074IW011400006,2026-10-03T01:08:13Z,10,18,STEADY,True,True,
2026-10-03T01:08:31Z,IL,IL00055IS019400021,2026-10-03T01:08:13Z,Unknown,29,Unknown,True,False,
2026-10-03T01:08:31Z,IL,IL00057IS007900047,2026-10-03T01:08:13Z,Unknown,0,Unknown,True,False,
2026-10-03T01:08:31Z,IL,IL00057IN007900034,2026-10-03T01:08:13Z,Unknown,0,Unknown,True,False,
2026-10-03T01:08:31Z,IL,IL00055IS006400017,2026-10-03T01:08:13Z,Unknown,0,Unknown,True,False,
2026-10-03T01:08:31Z,IL,IL00072IW015200014,2026-10-03T01:08:13Z,Unknown,17,Unknown,True,False,
2026-10-03T01:08:31Z,IL,IL00070IW014900008,2026-10-03T01:08:26Z,Unknown,39,Unknown,True,False,
2026-10-03T01:08:31Z,IL,IL00074IW006200004,2026-10-03T01:08:14Z,8,12,STEADY,True,True,
2026-10-03T01:08:31Z,IL,IL00074IE011400005,2026-10-03T01:08:16Z,15,25,FILLING,True,True,
2026-10-03T01:08:31Z,IL,IL00055IS010400024,2026-10-03T01:04:43Z,Unknown,0,STEADY,,False,
2026-10-03T01:08:31Z,IL,IL00057IS003200025,2026-10-03T01:04:43Z,Unknown,0,STEADY,,False,
2026-10-03T01:08:31Z,IL,IL00057IN003200035,2026-10-03T01:04:43Z,Unknown,17,STEADY,,False,
2026-10-03T01:08:31Z,IL,IL00070IW008700045,2026-10-03T01:06:56Z,Unknown,15,Unknown,True,False,
2026-10-03T01:08:31Z,IL,IL00057IS016500018,2026-10-03T01:07:31Z,3,15,STEADY,True,True,
2026-10-03T01:08:31Z,IL,IL00057IN016500044,2026-10-03T01:06:31Z,0,15,STEADY,False,False,
2026-10-03T01:08:31Z,IL,IL00072IE015200041,2026-10-03T01:07:58Z,10,16,FILLING,True,True,
2026-10-03T01:08:31Z,IN,322,2026-10-02T20:55:00-04:00,68,75,,True,false,
2026-10-03T01:08:31Z,IN,317,2026-10-02T20:55:00-04:00,19,58,,True,true,
2026-10-03T01:08:31Z,IN,316,2026-10-02T20:55:00-04:00,15,58,,True,false,
2026-10-03T01:08:31Z,IN,315,2026-10-02T20:55:00-04:00,Unknown,36,,False,true,
2026-10-03T01:08:31Z,IN,314,2026-10-02T20:55:00-04:00,Unknown,36,,False,true,
2026-10-03T01:08:31Z,IN,313,2026-10-02T20:55:00-04:00,LOW,75,,True,true,
2026-10-03T01:08:31Z,IN,312,2026-10-02T20:55:00-04:00,34,75,,True,false,
2026-10-03T01:08:31Z,IN,311,2026-10-02T20:55:00-04:00,Unknown,13,,False,true,
2026-10-03T01:08:31Z,IN,310,2026-10-02T20:55:00-04:00,Unknown,13,,False,true,
2026-10-03T01:08:31Z,IN,308,2026-10-02T20:55:00-04:00,21,75,,True,true,
2026-10-03T01:08:31Z,IN,309,2026-10-02T20:55:00-04:00,87,150,,True,true,
2026-10-03T01:08:31Z,IN,318,2026-10-02T20:55:00-04:00,LOW,78,,True,true,
2026-10-03T01:08:31Z,IN,319,2026-10-02T20:55:00-04:00,22,78,,True,true,
2026-10-03T01:08:31Z,IN,320,2026-10-02T20:55:00-04:00,47,83,,True,true,
2026-10-03T01:08:31Z,IN,321,2026-10-02T20:55:00-04:00,21,41,,True,false,
2026-10-03T01:08:31Z,IN,300,2026-10-02T20:55:00-04:00,113,128,,True,false,
2026-10-03T01:08:31Z,IN,302,2026-10-02T20:55:00-04:00,13,30,,True,true,
2026-10-03T01:08:31Z,IN,301,2026-10-02T20:55:00-04:00,LOW,30,,True,true,
2026-10-03T01:08:31Z,IN,303,2026-10-02T20:55:00-04:00,73,194,,True,true,
2026-10-03T01:08:31Z,IN,304,2026-10-02T20:55:00-04:00,Unknown,99,,False,true,
2026-10-03T01:08:31Z,IN,305,2026-10-02T20:55:00-04:00,Unknown,156,,False,true,
2026-10-03T01:08:31Z,IN,323,2026-10-02T20:55:00-04:00,20,40,,True,true,
2026-10-03T01:08:31Z,IN,702,2026-10-02T20:55:00-04:00,38,75,,True,false,
2026-10-03T01:08:31Z,IN,701,2026-10-02T20:55:00-04:00,30,60,,True,false,
2026-10-03T01:08:31Z,IN,704,2026-10-02T20:55:00-04:00,40,80,,True,false,
2026-10-03T01:08:31Z,IN,703,2026-10-02T20:55:00-04:00,55,110,,True,false,
2026-10-03T01:08:31Z,IN,706,2026-10-02T20:55:00-04:00,35,70,,True,false,
2026-10-03T01:08:31Z,IN,705,2026-10-02T20:55:00-04:00,30,60,,True,false,
2026-10-03T01:08:31Z,IN,708,2026-10-02T20:55:00-04:00,23,45,,True,false,
2026-10-03T01:08:31Z,IN,707,2026-10-02T20:55:00-04:00,20,40,,True,false,
2026-10-03T01:08:31Z,IN,324,2026-10-02T20:55:00-04:00,16,31,,True,true,
2026-10-03T01:08:31Z,KY,KY00065IS0000020N65WELCOM,2026-10-03T01:07:01Z,LOW,21,STEADY,True,True,
2026-10-03T01:08:31Z,KY,KY00065IS000020NSMARATHON,2025-12-19T00:36:53Z,LOW,60,STEADY,True,False,
2026-10-03T01:08:31Z,KY,KY00065IS0000340NWEIGHS34,2026-07-01T19:04:41Z,22,40,STEADY,True,False,
2026-10-03T01:08:31Z,KY,KY00065IS0011400S65SRA114,2026-10-03T01:07:10Z,LOW,26,FILLING,True,True,
2026-10-03T01:08:31Z,KY,KY00065IS0005900S65SRA059,2026-10-03T01:07:08Z,70,109,FILLING,True,True,
2026-10-03T01:08:31Z,KY,KY00065IS0005900N65NRA059,2026-08-17T17:24:33Z,LOW,113,STEADY,True,False,
2026-10-03T01:08:31Z,KY,KY00075IS0003300NWEIGHS33,2026-10-03T01:06:46Z,31,50,STEADY,True,False,
2026-10-03T01:08:31Z,KY,KY00075IS0003400SWEIGHS34,2026-10-03T01:06:50Z,LOW,40,STEADY,True,True,
2026-10-03T01:08:31Z,KY,KY00075IS0017700N75NRA177,2026-07-13T10:37:14Z,LOW,53,CLEARING,True,False,
2026-10-03T01:08:31Z,KY,KY00075IS0007500SWALTONWS,2026-10-03T01:06:55Z,18,45,FILLING,True,True,
2026-10-03T01:08:31Z,KY,KY00075IS0017700S75SRA177,2026-10-03T01:06:48Z,15,67,CLEARING,True,True,
2026-10-03T01:08:31Z,KY,KY00075IS0016800SCRITENWS,2026-10-03T01:06:52Z,30,39,STEADY,True,True,
2026-10-03T01:08:31Z,KY,KY00075IS0000100N75WELCOM,2026-10-03T01:07:11Z,LOW,30,STEADY,True,False,
2026-10-03T01:08:35Z,IL,IL00055IN010400050,2026-10-03T01:08:08Z,0,0,Unknown,False,False,
2026-10-03T01:08:35Z,IL,IL00039IN008500036,2026-10-03T01:08:08Z,Unknown,42,Unknown,True,False,
2026-10-03T01:08:35Z,IL,IL00074IW015600009,2026-10-03T01:08:09Z,0,0,Unknown,False,False,
2026-10-03T01:08:35Z,IL,IL00074IE015600037,2026-10-03T01:08:09Z,0,0,Unknown,False,False,
2026-10-03T01:08:35Z,IL,IL00080IW011700016,2026-10-03T01:08:09Z,Unknown,39,Unknown,True,False,
2026-10-03T01:08:35Z,IL,IL00055IN006400027,2026-10-03T01:08:09Z,Unknown,0,Unknown,True,False,
2026-10-03T01:08:35Z,IL,IL00064IE002500038,2026-10-03T01:08:09Z,Unknown,0,Unknown,True,False,
2026-10-03T01:08:35Z,IL,IL00064IE008500039,2026-10-03T01:08:09Z,Unknown,0,Unknown,True,False,
2026-10-03T01:08:35Z,IL,IL00080IE005100040,2026-10-03T01:08:09Z,Unknown,39,Unknown,True,False,
2026-10-03T01:08:35Z,IL,IL00080IE011700043,2026-10-03T01:08:09Z,Unknown,31,Unknown,True,False,
2026-10-03T01:08:35Z,IL,IL00064IW008500012,2026-10-03T01:08:09Z,Unknown,0,Unknown,True,False,
2026-10-03T01:08:35Z,IL,IL00057IS022200054,2026-10-03T01:08:09Z,Unknown,0,Unknown,True,False,
2026-10-03T01:08:35Z,IL,IL00074IW002800020,2026-10-03T01:08:09Z,Unknown,15,Unknown,True,False,
2026-10-03T01:08:35Z,IL,IL00074IE002800030,2026-10-03T01:08:09Z,Unknown,14,Unknown,True,False,
2026-10-03T01:08:35Z,IL,IL00057IS033300046,2026-10-03T01:08:09Z,Unknown,0,Unknown,True,False,
2026-10-03T01:08:35Z,IL,IL00055IN014900028,2026-10-03T01:08:09Z,Unknown,0,Unknown,True,False,
2026-10-03T01:08:35Z,IL,IL00057IN022200048,2026-10-03T01:08:09Z,Unknown,0,Unknown,True,False,
2026-10-03T01:08:35Z,IL,IL00057IN026800032,2026-10-03T01:08:09Z,Unknown,25,Unknown,True,False,
2026-10-03T01:08:35Z,IL,IL00070IW002700015,2026-10-03T01:08:09Z,Unknown,0,Unknown,True,False,
2026-10-03T01:08:35Z,IL,IL00057IN033300049,2026-10-03T01:08:09Z,Unknown,0,Unknown,True,False,
2026-10-03T01:08:35Z,IL,IL00070IE002700042,2026-10-03T01:08:09Z,Unknown,0,Unknown,True,False,
2026-10-03T01:08:35Z,IL,IL00024IW003700010,2026-10-03T01:08:09Z,Unknown,0,Unknown,True,False,
2026-10-03T01:08:35Z,IL,IL00064IW013000053,2026-10-03T01:08:10Z,0,0,Unknown,False,False,
2026-10-03T01:08:35Z,IL,IL00055IS002700019,2026-10-03T01:08:10Z,Unknown,0,Unknown,True,False,
2026-10-03T01:08:35Z,IL,IL00057IN011400033,2026-10-03T01:08:10Z,Unknown,0,Unknown,True,False,
2026-10-03T01:08:35Z,IL,IL00074IW020800052,2026-10-03T01:08:10Z,Unknown,0,Unknown,True,False,
2026-10-03T01:08:35Z,IL,IL00070IE008600051,2026-10-03T01:08:10Z,0,0,Unknown,False,False,
2026-10-03T01:08:35Z,IL,IL00080IW005100013,2026-10-03T01:08:10Z,Unknown,47,Unknown,True,False,
2026-10-03T01:08:35Z,IL,IL00057IS026800022,2026-10-03T01:08:10Z,Unknown,27,Unknown,True,False,
2026-10-03T01:08:35Z,IL,IL00064IW002500011,2026-10-03T01:08:10Z,Unknown,0,Unknown,True,False,
2026-10-03T01:08:35Z,IL,IL00055IN002700029,2026-10-03T01:08:10Z,Unknown,0,Unknown,True,False,
2026-10-03T01:08:35Z,IL,IL00057IS011400023,2026-10-03T01:08:10Z,Unknown,0,Unknown,True,False,
2026-10-03T01:08:35Z,IL,IL00055IN019400031,2026-10-03T01:08:10Z,Unknown,36,Unknown,True,False,
2026-10-03T01:08:35Z,IL,IL00039IS008500026,2026-10-03T01:08:10Z,Unknown,42,Unknown,True,False,
2026-10-03T01:08:35Z,IL,IL00074IE006200001,2026-10-03T01:08:11Z,6,13,FILLING,True,True,
2026-10-03T01:08:35Z,IL,IL00074IW011400006,2026-10-03T01:08:13Z,10,18,STEADY,True,True,
2026-10-03T01:08:35Z,IL,IL00055IS019400021,2026-10-03T01:08:13Z,Unknown,29,Unknown,True,False,
2026-10-03T01:08:35Z,IL,IL00057IS007900047,2026-10-03T01:08:13Z,Unknown,0,Unknown,True,False,
2026-10-03T01:08:35Z,IL,IL00057IN007900034,2026-10-03T01:08:13Z,Unknown,0,Unknown,True,False,
2026-10-03T01:08:35Z,IL,IL00055IS006400017,2026-10-03T01:08:13Z,Unknown,0,Unknown,True,False,
2026-10-03T01:08:35Z,IL,IL00072IW015200014,2026-10-03T01:08:13Z,Unknown,17,Unknown,True,False,
2026-10-03T01:08:35Z,IL,IL00070IW014900008,2026-10-03T01:08:26Z,Unknown,39,Unknown,True,False,
2026-10-03T01:08:35Z,IL,IL00074IW006200004,2026-10-03T01:08:14Z,8,12,STEADY,True,True,
2026-10-03T01:08:35Z,IL,IL00074IE011400005,2026-10-03T01:08:16Z,15,25,FILLING,True,True,
2026-10-03T01:08:35Z,IL,IL00055IS010400024,2026-10-03T01:04:43Z,Unknown,0,STEADY,,False,
2026-10-03T01:08:35Z,IL,IL00057IS003200025,2026-10-03T01:04:43Z,Unknown,0,STEADY,,False,
2026-10-03T01:08:35Z,IL,IL00057IN003200035,2026-10-03T01:04:43Z,Unknown,17,STEADY,,False,
2026-10-03T01:08:35Z,IL,IL00070IW008700045,2026-10-03T01:06:56Z,Unknown,15,Unknown,True,False,
2026-10-03T01:08:35Z,IL,IL00057IS016500018,2026-10-03T01:07:31Z,3,15,STEADY,True,True,
2026-10-03T01:08:35Z,IL,IL00057IN016500044,2026-10-03T01:06:31Z,0,15,STEADY,False,False,
2026-10-03T01:08:35Z,IL,IL00072IE015200041,2026-10-03T01:07:58Z,10,16,FILLING,True,True,
2026-10-03T01:08:35Z,IN,322,2026-10-02T20:55:00-04:00,68,75,,True,false,
2026-10-03T01:08:35Z,IN,317,2026-10-02T20:55:00-04:00,19,58,,True,true,
2026-10-03T01:08:35Z,IN,316,2026-10-02T20:55:00-04:00,15,58,,True,false,
2026-10-03T01:08:35Z,IN,315,2026-10-02T20:55:00-04:00,Unknown,36,,False,true,
2026-10-03T01:08:35Z,IN,314,2026-10-02T20:55:00-04:00,Unknown,36,,False,true,
2026-10-03T01:08:35Z,IN,313,2026-10-02T20:55:00-04:00,LOW,75,,True,true,
2026-10-03T01:08:35Z,IN,312,2026-10-02T20:55:00-04:00,34,75,,True,false,
2026-10-03T01:08:35Z,IN,311,2026-10-02T20:55:00-04:00,Unknown,13,,False,true,
2026-10-03T01:08:35Z,IN,310,2026-10-02T20:55:00-04:00,Unknown,13,,False,true,
2026-10-03T01:08:35Z,IN,308,2026-10-02T20:55:00-04:00,21,75,,True,true,
2026-10-03T01:08:35Z,IN,309,2026-10-02T20:55:00-04:00,87,150,,True,true,
2026-10-03T01:08:35Z,IN,318,2026-10-02T20:55:00-04:00,LOW,78,,True,true,
2026-10-03T01:08:35Z,IN,319,2026-10-02T20:55:00-04:00,22,78,,True,true,
2026-10-03T01:08:35Z,IN,320,2026-10-02T20:55:00-04:00,47,83,,True,true,
2026-10-03T01:08:35Z,IN,321,2026-10-02T20:55:00-04:00,21,41,,True,false,
2026-10-03T01:08:35Z,IN,300,2026-10-02T20:55:00-04:00,113,128,,True,false,
2026-10-03T01:08:35Z,IN,302,2026-10-02T20:55:00-04:00,13,30,,True,true,
2026-10-03T01:08:35Z,IN,301,2026-10-02T20:55:00-04:00,LOW,30,,True,true,
2026-10-03T01:08:35Z,IN,303,2026-10-02T20:55:00-04:00,73,194,,True,true,
2026-10-03T01:08:35Z,IN,304,2026-10-02T20:55:00-04:00,Unknown,99,,False,true,
2026-10-03T01:08:35Z,IN,305,2026-10-02T20:55:00-04:00,Unknown,156,,False,true,
2026-10-03T01:08:35Z,IN,323,2026-10-02T20:55:00-04:00,20,40,,True,true,
2026-10-03T01:08:35Z,IN,702,2026-10-02T20:55:00-04:00,38,75,,True,false,
2026-10-03T01:08:35Z,IN,701,2026-10-02T20:55:00-04:00,30,60,,True,false,
2026-10-03T01:08:35Z,IN,704,2026-10-02T20:55:00-04:00,40,80,,True,false,
2026-10-03T01:08:35Z,IN,703,2026-10-02T20:55:00-04:00,55,110,,True,false,
2026-10-03T01:08:35Z,IN,706,2026-10-02T20:55:00-04:00,35,70,,True,false,
2026-10-03T01:08:35Z,IN,705,2026-10-02T20:55:00-04:00,30,60,,True,false,
2026-10-03T01:08:35Z,IN,708,2026-10-02T20:55:00-04:00,23,45,,True,false,
2026-10-03T01:08:35Z,IN,707,2026-10-02T20:55:00-04:00,20,40,,True,false,
2026-10-03T01:08:35Z,IN,324,2026-10-02T20:55:00-04:00,16,31,,True,true,
2026-10-03T01:08:35Z,KY,KY00065IS0000020N65WELCOM,2026-10-03T01:07:01Z,LOW,21,STEADY,True,True,
2026-10-03T01:08:35Z,KY,KY00065IS000020NSMARATHON,2025-12-19T00:36:53Z,LOW,60,STEADY,True,False,
2026-10-03T01:08:35Z,KY,KY00065IS0000340NWEIGHS34,2026-07-01T19:04:41Z,22,40,STEADY,True,False,
2026-10-03T01:08:35Z,KY,KY00065IS0011400S65SRA114,2026-10-03T01:07:10Z,LOW,26,FILLING,True,True,
2026-10-03T01:08:35Z,KY,KY00065IS0005900S65SRA059,2026-10-03T01:07:08Z,70,109,FILLING,True,True,
2026-10-03T01:08:35Z,KY,KY00065IS0005900N65NRA059,2026-08-17T17:24:33Z,LOW,113,STEADY,True,False,
2026-10-03T01:08:35Z,KY,KY00075IS0003300NWEIGHS33,2026-10-03T01:06:46Z,31,50,STEADY,True,False,
2026-10-03T01:08:35Z,KY,KY00075IS0003400SWEIGHS34,2026-10-03T01:06:50Z,LOW,40,STEADY,True,True,
2026-10-03T01:08:35Z,KY,KY00075IS0017700N75NRA177,2026-07-13T10:37:14Z,LOW,53,CLEARING,True,False,
2026-10-03T01:08:35Z,KY,KY00075IS0007500SWALTONWS,2026-10-03T01:06:55Z,18,45,FILLING,True,True,
2026-10-03T01:08:35Z,KY,KY00075IS0017700S75SRA177,2026-10-03T01:06:48Z,15,67,CLEARING,True,True,
2026-10-03T01:08:35Z,KY,KY00075IS0016800SCRITENWS,2026-10-03T01:06:52Z,30,39,STEADY,True,True,
2026-10-03T01:08:35Z,KY,KY00075IS0000100N75WELCOM,2026-10-03T01:07:11Z,LOW,30,STEADY,True,False,
2026-10-03T01:08:39Z,IL,IL00055IN010400050,2026-10-03T01:08:38Z,0,0,Unknown,False,False,
2026-10-03T01:08:39Z,IL,IL00039IN008500036,2026-10-03T01:08:38Z,Unknown,42,Unknown,True,False,
2026-10-03T01:08:39Z,IL,IL00074IW015600009,2026-10-03T01:08:39Z,0,0,Unknown,False,False,
2026-10-03T01:08:39Z,IL,IL00074IE015600037,2026-10-03T01:08:39Z,0,0,Unknown,False,False,
2026-10-03T01:08:39Z,IL,IL00080IW011700016,2026-10-03T01:08:39Z,Unknown,39,Unknown,True,False,
2026-10-03T01:08:39Z,IL,IL00055IN006400027,2026-10-03T01:08:39Z,Unknown,0,Unknown,True,False,
2026-10-03T01:08:39Z,IL,IL00064IE002500038,2026-10-03T01:08:39Z,Unknown,0,Unknown,True,False,
2026-10-03T01:08:39Z,IL,IL00064IE008500039,2026-10-03T01:08:39Z,Unknown,0,Unknown,True,False,
2026-10-03T01:08:39Z,IL,IL00080IE005100040,2026-10-03T01:08:39Z,Unknown,39,Unknown,True,False,
2026-10-03T01:08:39Z,IL,IL00057IS022200054,2026-10-03T01:08:39Z,Unknown,0,Unknown,True,False,
2026-10-03T01:08:39Z,IL,IL00074IW002800020,2026-10-03T01:08:39Z,Unknown,15,Unknown,True,False,
2026-10-03T01:08:39Z,IL,IL00074IE002800030,2026-10-03T01:08:39Z,Unknown,14,Unknown,True,False,
2026-10-03T01:08:39Z,IL,IL00057IS033300046,2026-10-03T01:08:39Z,Unknown,0,Unknown,True,False,
2026-10-03T01:08:39Z,IL,IL00080IE011700043,2026-10-03T01:08:39Z,Unknown,31,Unknown,True,False,
2026-10-03T01:08:39Z,IL,IL00064IW008500012,2026-10-03T01:08:39Z,Unknown,0,Unknown,True,False,
2026-10-03T01:08:39Z,IL,IL00057IN022200048,2026-10-03T01:08:09Z,Unknown,0,Unknown,True,False,
2026-10-03T01:08:39Z,IL,IL00057IN026800032,2026-10-03T01:08:09Z,Unknown,25,Unknown,True,False,
2026-10-03T01:08:39Z,IL,IL00070IW002700015,2026-10-03T01:08:09Z,Unknown,0,Unknown,True,False,
2026-10-03T01:08:39Z,IL,IL00057IN033300049,2026-10-03T01:08:09Z,Unknown,0,Unknown,True,False,
2026-10-03T01:08:39Z,IL,IL00070IE002700042,2026-10-03T01:08:09Z,Unknown,0,Unknown,True,False,
2026-10-03T01:08:39Z,IL,IL00055IN014900028,2026-10-03T01:08:39Z,Unknown,0,Unknown,True,False,
2026-10-03T01:08:39Z,IL,IL00024IW003700010,2026-10-03T01:08:09Z,Unknown,0,Unknown,True,False,
2026-10-03T01:08:39Z,IL,IL00064IW013000053,2026-10-03T01:08:10Z,0,0,Unknown,False,False,
2026-10-03T01:08:39Z,IL,IL00055IS002700019,2026-10-03T01:08:10Z,Unknown,0,Unknown,True,False,
2026-10-03T01:08:39Z,IL,IL00057IN011400033,2026-10-03T01:08:10Z,Unknown,0,Unknown,True,False,
2026-10-03T01:08:39Z,IL,IL00074IW020800052,2026-10-03T01:08:10Z,Unknown,0,Unknown,True,False,
2026-10-03T01:08:39Z,IL,IL00070IE008600051,2026-10-03T01:08:10Z,0,0,Unknown,False,False,
2026-10-03T01:08:39Z,IL,IL00080IW005100013,2026-10-03T01:08:10Z,Unknown,47,Unknown,True,False,
2026-10-03T01:08:39Z,IL,IL00057IS026800022,2026-10-03T01:08:10Z,Unknown,27,Unknown,True,False,
2026-10-03T01:08:39Z,IL,IL00064IW002500011,2026-10-03T01:08:10Z,Unknown,0,Unknown,True,False,
2026-10-03T01:08:39Z,IL,IL00055IN002700029,2026-10-03T01:08:10Z,Unknown,0,Unknown,True,False,
2026-10-03T01:08:39Z,IL,IL00057IS011400023,2026-10-03T01:08:10Z,Unknown,0,Unknown,True,False,
2026-10-03T01:08:39Z,IL,IL00055IN019400031,2026-10-03T01:08:10Z,Unknown,36,Unknown,True,False,
2026-10-03T01:08:39Z,IL,IL00039IS008500026,2026-10-03T01:08:10Z,Unknown,42,Unknown,True,False,
2026-10-03T01:08:39Z,IL,IL00074IE006200001,2026-10-03T01:08:11Z,6,13,FILLING,True,True,
2026-10-03T01:08:39Z,IL,IL00074IW011400006,2026-10-03T01:08:13Z,10,18,STEADY,True,True,
2026-10-03T01:08:39Z,IL,IL00055IS019400021,2026-10-03T01:08:13Z,Unknown,29,Unknown,True,False,
2026-10-03T01:08:39Z,IL,IL00057IS007900047,2026-10-03T01:08:13Z,Unknown,0,Unknown,True,False,
2026-10-03T01:08:39Z,IL,IL00057IN007900034,2026-10-03T01:08:13Z,Unknown,0,Unknown,True,False,
2026-10-03T01:08:39Z,IL,IL00055IS006400017,2026-10-03T01:08:13Z,Unknown,0,Unknown,True,False,
2026-10-03T01:08:39Z,IL,IL00072IW015200014,2026-10-03T01:08:13Z,Unknown,17,Unknown,True,False,
2026-10-03T01:08:39Z,IL,IL00070IW014900008,2026-10-03T01:08:26Z,Unknown,39,Unknown,True,False,
2026-10-03T01:08:39Z,IL,IL00074IW006200004,2026-10-03T01:08:14Z,8,12,STEADY,True,True,
2026-10-03T01:08:39Z,IL,IL00074IE011400005,2026-10-03T01:08:16Z,15,25,FILLING,True,True,
2026-10-03T01:08:39Z,IL,IL00055IS010400024,2026-10-03T01:04:43Z,Unknown,0,STEADY,,False,
2026-10-03T01:08:39Z,IL,IL00057IS003200025,2026-10-03T01:04:43Z,Unknown,0,STEADY,,False,
2026-10-03T01:08:39Z,IL,IL00057IN003200035,2026-10-03T01:04:43Z,Unknown,17,STEADY,,False,
2026-10-03T01:08:39Z,IL,IL00057IS016500018,2026-10-03T01:07:31Z,3,15,STEADY,True,True,
2026-10-03T01:08:39Z,IL,IL00070IW008700045,2026-10-03T01:08:37Z,Unknown,15,Unknown,True,False,
2026-10-03T01:08:39Z,IL,IL00057IN016500044,2026-10-03T01:06:31Z,0,15,STEADY,False,False,
2026-10-03T01:08:39Z,IL,IL00072IE015200041,2026-10-03T01:07:58Z,10,16,FILLING,True,True,
2026-10-03T01:08:39Z,IN,322,2026-10-02T20:55:00-04:00,68,75,,True,false,
2026-10-03T01:08:39Z,IN,317,2026-10-02T20:55:00-04:00,19,58,,True,true,
2026-10-03T01:08:39Z,IN,316,2026-10-02T20:55:00-04:00,15,58,,True,false,
2026-10-03T01:08:39Z,IN,315,2026-10-02T20:55:00-04:00,Unknown,36,,False,true,
2026-10-03T01:08:39Z,IN,314,2026-10-02T20:55:00-04:00,Unknown,36,,False,true,
2026-10-03T01:08:39Z,IN,313,2026-10-02T20:55:00-04:00,LOW,75,,True,true,
2026-10-03T01:08:39Z,IN,312,2026-10-02T20:55:00-04:00,34,75,,True,false,
2026-10-03T01:08:39Z,IN,311,2026-10-02T20:55:00-04:00,Unknown,13,,False,true,
2026-10-03T01:08:39Z,IN,310,2026-10-02T20:55:00-04:00,Unknown,13,,False,true,
2026-10-03T01:08:39Z,IN,308,2026-10-02T20:55:00-04:00,21,75,,True,true,
2026-10-03T01:08:39Z,IN,309,2026-10-02T20:55:00-04:00,87,150,,True,true,
2026-10-03T01:08:39Z,IN,318,2026-10-02T20:55:00-04:00,LOW,78,,True,true,
2026-10-03T01:08:39Z,IN,319,2026-10-02T20:55:00-04:00,22,78,,True,true,
2026-10-03T01:08:39Z,IN,320,2026-10-02T20:55:00-04:00,47,83,,True,true,
2026-10-03T01:08:39Z,IN,321,2026-10-02T20:55:00-04:00,21,41,,True,false,
2026-10-03T01:08:39Z,IN,300,2026-10-02T20:55:00-04:00,113,128,,True,false,
2026-10-03T01:08:39Z,IN,302,2026-10-02T20:55:00-04:00,13,30,,True,true,
2026-10-03T01:08:39Z,IN,301,2026-10-02T20:55:00-04:00,LOW,30,,True,true,
2026-10-03T01:08:39Z,IN,303,2026-10-02T20:55:00-04:00,73,194,,True,true,
2026-10-03T01:08:39Z,IN,304,2026-10-02T20:55:00-04:00,Unknown,99,,False,true,
2026-10-03T01:08:39Z,IN,305,2026-10-02T20:55:00-04:00,Unknown,156,,False,true,
2026-10-03T01:08:39Z,IN,323,2026-10-02T20:55:00-04:00,20,40,,True,true,
2026-10-03T01:08:39Z,IN,702,2026-10-02T20:55:00-04:00,38,75,,True,false,
2026-10-03T01:08:39Z,IN,701,2026-10-02T20:55:00-04:00,30,60,,True,false,
2026-10-03T01:08:39Z,IN,704,2026-10-02T20:55:00-04:00,40,80,,True,false,
2026-10-03T01:08:39Z,IN,703,2026-10-02T20:55:00-04:00,55,110,,True,false,
2026-10-03T01:08:39Z,IN,706,2026-10-02T20:55:00-04:00,35,70,,True,false,
2026-10-03T01:08:39Z,IN,705,2026-10-02T20:55:00-04:00,30,60,,True,false,
2026-10-03T01:08:39Z,IN,708,2026-10-02T20:55:00-04:00,23,45,,True,false,
2026-10-03T01:08:39Z,IN,707,2026-10-02T20:55:00-04:00,20,40,,True,false,
2026-10-03T01:08:39Z,IN,324,2026-10-02T20:55:00-04:00,16,31,,True,true,
2026-10-03T01:08:39Z,KY,KY00065IS0000020N65WELCOM,2026-10-03T01:07:01Z,LOW,21,STEADY,True,True,
2026-10-03T01:08:39Z,KY,KY00065IS000020NSMARATHON,2025-12-19T00:36:53Z,LOW,60,STEADY,True,False,
2026-10-03T01:08:39Z,KY,KY00065IS0000340NWEIGHS34,2026-07-01T19:04:41Z,22,40,STEADY,True,False,
2026-10-03T01:08:39Z,KY,KY00065IS0011400S65SRA114,2026-10-03T01:07:10Z,LOW,26,FILLING,True,True,
2026-10-03T01:08:39Z,KY,KY00065IS0005900S65SRA059,2026-10-03T01:07:08Z,70,109,FILLING,True,True,
2026-10-03T01:08:39Z,KY,KY00065IS0005900N65NRA059,2026-08-17T17:24:33Z,LOW,113,STEADY,True,False,
2026-10-03T01:08:39Z,KY,KY00075IS0003300NWEIGHS33,2026-10-03T01:06:46Z,31,50,STEADY,True,False,
2026-10-03T01:08:39Z,KY,KY00075IS0003400SWEIGHS34,2026-10-03T01:06:50Z,LOW,40,STEADY,True,True,
2026-10-03T01:08:39Z,KY,KY00075IS0017700N75NRA177,2026-07-13T10:37:14Z,LOW,53,CLEARING,True,False,
2026-10-03T01:08:39Z,KY,KY00075IS0007500SWALTONWS,2026-10-03T01:06:55Z,18,45,FILLING,True,True,
2026-10-03T01:08:39Z,KY,KY00075IS0017700S75SRA177,2026-10-03T01:06:48Z,15,67,CLEARING,True,True,
2026-10-03T01:08:39Z,KY,KY00075IS0016800SCRITENWS,2026-10-03T01:06:52Z,30,39,STEADY,True,True,
2026-10-03T01:08:39Z,KY,KY00075IS0000100N75WELCOM,2026-10-03T01:07:11Z,LOW,30,STEADY,True,False,
2026-10-03T01:08:43Z,IL,IL00055IN010400050,2026-10-03T01:08:38Z,0,0,Unknown,False,False,
2026-10-03T01:08:43Z,IL,IL00039IN008500036,2026-10-03T01:08:38Z,Unknown,42,Unknown,True,False,
2026-10-03T01:08:43Z,IL,IL00074IW015600009,2026-10-03T01:08:39Z,0,0,Unknown,False,False,
2026-10-03T01:08:43Z,IL,IL00074IE015600037,2026-10-03T01:08:39Z,0,0,Unknown,False,False,
2026-10-03T01:08:43Z,IL,IL00080IW011700016,2026-10-03T01:08:39Z,Unknown,39,Unknown,True,False,
2026-10-03T01:08:43Z,IL,IL00055IN006400027,2026-10-03T01:08:39Z,Unknown,0,Unknown,True,False,
2026-10-03T01:08:43Z,IL,IL00064IE002500038,2026-10-03T01:08:39Z,Unknown,0,Unknown,True,False,
2026-10-03T01:08:43Z,IL,IL00064IE008500039,2026-10-03T01:08:39Z,Unknown,0,Unknown,True,False,
2026-10-03T01:08:43Z,IL,IL00080IE005100040,2026-10-03T01:08:39Z,Unknown,39,Unknown,True,False,
2026-10-03T01:08:43Z,IL,IL00057IS022200054,2026-10-03T01:08:39Z,Unknown,0,Unknown,True,False,
2026-10-03T01:08:43Z,IL,IL00074IW002800020,2026-10-03T01:08:39Z,Unknown,15,Unknown,True,False,
2026-10-03T01:08:43Z,IL,IL00074IE002800030,2026-10-03T01:08:39Z,Unknown,14,Unknown,True,False,
2026-10-03T01:08:43Z,IL,IL00057IS033300046,2026-10-03T01:08:39Z,Unknown,0,Unknown,True,False,
2026-10-03T01:08:43Z,IL,IL00080IE011700043,2026-10-03T01:08:39Z,Unknown,31,Unknown,True,False,
2026-10-03T01:08:43Z,IL,IL00064IW008500012,2026-10-03T01:08:39Z,Unknown,0,Unknown,True,False,
2026-10-03T01:08:43Z,IL,IL00057IN026800032,2026-10-03T01:08:39Z,Unknown,25,Unknown,True,False,
2026-10-03T01:08:43Z,IL,IL00070IW002700015,2026-10-03T01:08:39Z,Unknown,0,Unknown,True,False,
2026-10-03T01:08:43Z,IL,IL00057IN033300049,2026-10-03T01:08:39Z,Unknown,0,Unknown,True,False,
2026-10-03T01:08:43Z,IL,IL00070IE002700042,2026-10-03T01:08:39Z,Unknown,0,Unknown,True,False,
2026-10-03T01:08:43Z,IL,IL00055IN014900028,2026-10-03T01:08:39Z,Unknown,0,Unknown,True,False,
2026-10-03T01:08:43Z,IL,IL00057IN022200048,2026-10-03T01:08:39Z,Unknown,0,Unknown,True,False,
2026-10-03T01:08:43Z,IL,IL00024IW003700010,2026-10-03T01:08:39Z,Unknown,0,Unknown,True,False,
2026-10-03T01:08:43Z,IL,IL00064IW013000053,2026-10-03T01:08:39Z,0,0,Unknown,False,False,
2026-10-03T01:08:43Z,IL,IL00055IS002700019,2026-10-03T01:08:40Z,Unknown,0,Unknown,True,False,
2026-10-03T01:08:43Z,IL,IL00057IN011400033,2026-10-03T01:08:40Z,Unknown,0,Unknown,True,False,
2026-10-03T01:08:43Z,IL,IL00074IW020800052,2026-10-03T01:08:40Z,Unknown,0,Unknown,True,False,
2026-10-03T01:08:43Z,IL,IL00070IE008600051,2026-10-03T01:08:40Z,0,0,Unknown,False,False,
2026-10-03T01:08:43Z,IL,IL00080IW005100013,2026-10-03T01:08:40Z,Unknown,47,Unknown,True,False,
2026-10-03T01:08:43Z,IL,IL00057IS026800022,2026-10-03T01:08:40Z,Unknown,27,Unknown,True,False,
2026-10-03T01:08:43Z,IL,IL00064IW002500011,2026-10-03T01:08:40Z,Unknown,0,Unknown,True,False,
2026-10-03T01:08:43Z,IL,IL00055IN002700029,2026-10-03T01:08:40Z,Unknown,0,Unknown,True,False,
2026-10-03T01:08:43Z,IL,IL00057IS011400023,2026-10-03T01:08:40Z,Unknown,0,Unknown,True,False,
2026-10-03T01:08:43Z,IL,IL00055IN019400031,2026-10-03T01:08:40Z,Unknown,36,Unknown,True,False,
2026-10-03T01:08:43Z,IL,IL00039IS008500026,2026-10-03T01:08:40Z,Unknown,42,Unknown,True,False,
2026-10-03T01:08:43Z,IL,IL00074IE006200001,2026-10-03T01:08:11Z,6,13,FILLING,True,True,
2026-10-03T01:08:43Z,IL,IL00074IW011400006,2026-10-03T01:08:13Z,10,18,STEADY,True,True,
2026-10-03T01:08:43Z,IL,IL00055IS019400021,2026-10-03T01:08:40Z,Unknown,29,Unknown,True,False,
2026-10-03T01:08:43Z,IL,IL00057IS007900047,2026-10-03T01:08:40Z,Unknown,0,Unknown,True,False,
2026-10-03T01:08:43Z,IL,IL00057IN007900034,2026-10-03T01:08:40Z,Unknown,0,Unknown,True,False,
2026-10-03T01:08:43Z,IL,IL00055IS006400017,2026-10-03T01:08:40Z,Unknown,0,Unknown,True,False,
2026-10-03T01:08:43Z,IL,IL00072IW015200014,2026-10-03T01:08:40Z,Unknown,17,Unknown,True,False,
2026-10-03T01:08:43Z,IL,IL00070IW014900008,2026-10-03T01:08:26Z,Unknown,39,Unknown,True,False,
2026-10-03T01:08:43Z,IL,IL00074IW006200004,2026-10-03T01:08:14Z,8,12,STEADY,True,True,
2026-10-03T01:08:43Z,IL,IL00074IE011400005,2026-10-03T01:08:16Z,15,25,FILLING,True,True,
2026-10-03T01:08:43Z,IL,IL00055IS010400024,2026-10-03T01:04:43Z,Unknown,0,STEADY,,False,
2026-10-03T01:08:43Z,IL,IL00057IS003200025,2026-10-03T01:04:43Z,Unknown,0,STEADY,,False,
2026-10-03T01:08:43Z,IL,IL00057IN003200035,2026-10-03T01:04:43Z,Unknown,17,STEADY,,False,
2026-10-03T01:08:43Z,IL,IL00057IS016500018,2026-10-03T01:07:31Z,3,15,STEADY,True,True,
2026-10-03T01:08:43Z,IL,IL00070IW008700045,2026-10-03T01:08:37Z,Unknown,15,Unknown,True,False,
2026-10-03T01:08:43Z,IL,IL00057IN016500044,2026-10-03T01:06:31Z,0,15,STEADY,False,False,
2026-10-03T01:08:43Z,IL,IL00072IE015200041,2026-10-03T01:07:58Z,10,16,FILLING,True,True,
2026-10-03T01:08:43Z,IN,322,2026-10-02T20:55:00-04:00,68,75,,True,false,
2026-10-03T01:08:43Z,IN,317,2026-10-02T20:55:00-04:00,19,58,,True,true,
2026-10-03T01:08:43Z,IN,316,2026-10-02T20:55:00-04:00,15,58,,True,false,
2026-10-03T01:08:43Z,IN,315,2026-10-02T20:55:00-04:00,Unknown,36,,False,true,
2026-10-03T01:08:43Z,IN,314,2026-10-02T20:55:00-04:00,Unknown,36,,False,true,
2026-10-03T01:08:43Z,IN,313,2026-10-02T20:55:00-04:00,LOW,75,,True,true,
2026-10-03T01:08:43Z,IN,312,2026-10-02T20:55:00-04:00,34,75,,True,false,
2026-10-03T01:08:43Z,IN,311,2026-10-02T20:55:00-04:00,Unknown,13,,False,true,
2026-10-03T01:08:43Z,IN,310,2026-10-02T20:55:00-04:00,Unknown,13,,False,true,
2026-10-03T01:08:43Z,IN,308,2026-10-02T20:55:00-04:00,21,75,,True,true,
2026-10-03T01:08:43Z,IN,309,2026-10-02T20:55:00-04:00,87,150,,True,true,
2026-10-03T01:08:43Z,IN,318,2026-10-02T20:55:00-04:00,LOW,78,,True,true,
2026-10-03T01:08:43Z,IN,319,2026-10-02T20:55:00-04:00,22,78,,True,true,
2026-10-03T01:08:43Z,IN,320,2026-10-02T20:55:00-04:00,47,83,,True,true,
2026-10-03T01:08:43Z,IN,321,2026-10-02T20:55:00-04:00,21,41,,True,false,
2026-10-03T01:08:43Z,IN,300,2026-10-02T20:55:00-04:00,113,128,,True,false,
2026-10-03T01:08:43Z,IN,302,2026-10-02T20:55:00-04:00,13,30,,True,true,
2026-10-03T01:08:43Z,IN,301,2026-10-02T20:55:00-04:00,LOW,30,,True,true,
2026-10-03T01:08:43Z,IN,303,2026-10-02T20:55:00-04:00,73,194,,True,true,
2026-10-03T01:08:43Z,IN,304,2026-10-02T20:55:00-04:00,Unknown,99,,False,true,
2026-10-03T01:08:43Z,IN,305,2026-10-02T20:55:00-04:00,Unknown,156,,False,true,
2026-10-03T01:08:43Z,IN,323,2026-10-02T20:55:00-04:00,20,40,,True,true,
2026-10-03T01:08:43Z,IN,702,2026-10-02T20:55:00-04:00,38,75,,True,false,
2026-10-03T01:08:43Z,IN,701,2026-10-02T20:55:00-04:00,30,60,,True,false,
2026-10-03T01:08:43Z,IN,704,2026-10-02T20:55:00-04:00,40,80,,True,false,
2026-10-03T01:08:43Z,IN,703,2026-10-02T20:55:00-04:00,55,110,,True,false,
2026-10-03T01:08:43Z,IN,706,2026-10-02T20:55:00-04:00,35,70,,True,false,
2026-10-03T01:08:43Z,IN,705,2026-10-02T20:55:00-04:00,30,60,,True,false,
2026-10-03T01:08:43Z,IN,708,2026-10-02T20:55:00-04:00,23,45,,True,false,
2026-10-03T01:08:43Z,IN,707,2026-10-02T20:55:00-04:00,20,40,,True,false,
2026-10-03T01:08:43Z,IN,324,2026-10-02T20:55:00-04:00,16,31,,True,true,
2026-10-03T01:08:43Z,KY,KY00065IS0000020N65WELCOM,2026-10-03T01:07:01Z,LOW,21,STEADY,True,True,
2026-10-03T01:08:43Z,KY,KY00065IS000020NSMARATHON,2025-12-19T00:36:53Z,LOW,60,STEADY,True,False,
2026-10-03T01:08:43Z,KY,KY00065IS0000340NWEIGHS34,2026-07-01T19:04:41Z,22,40,STEADY,True,False,
2026-10-03T01:08:43Z,KY,KY00065IS0011400S65SRA114,2026-10-03T01:07:10Z,LOW,26,FILLING,True,True,
2026-10-03T01:08:43Z,KY,KY00065IS0005900S65SRA059,2026-10-03T01:07:08Z,70,109,FILLING,True,True,
2026-10-03T01:08:43Z,KY,KY00065IS0005900N65NRA059,2026-08-17T17:24:33Z,LOW,113,STEADY,True,False,
2026-10-03T01:08:43Z,KY,KY00075IS0003300NWEIGHS33,2026-10-03T01:06:46Z,31,50,STEADY,True,False,
2026-10-03T01:08:43Z,KY,KY00075IS0003400SWEIGHS34,2026-10-03T01:06:50Z,LOW,40,STEADY,True,True,
2026-10-03T01:08:43Z,KY,KY00075IS0017700N75NRA177,2026-07-13T10:37:14Z,LOW,53,CLEARING,True,False,
2026-10-03T01:08:43Z,KY,KY00075IS0007500SWALTONWS,2026-10-03T01:06:55Z,18,45,FILLING,True,True,
2026-10-03T01:08:43Z,KY,KY00075IS0017700S75SRA177,2026-10-03T01:06:48Z,15,67,CLEARING,True,True,
2026-10-03T01:08:43Z,KY,KY00075IS0016800SCRITENWS,2026-10-03T01:06:52Z,30,39,STEADY,True,True,
2026-10-03T01:08:43Z,KY,KY00075IS0000100N75WELCOM,2026-10-03T01:07:11Z,LOW,30,STEADY,True,False,
2026-10-03T01:08:47Z,IL,IL00055IN010400050,2026-10-03T01:08:38Z,0,0,Unknown,False,False,
2026-10-03T01:08:47Z,IL,IL00039IN008500036,2026-10-03T01:08:38Z,Unknown,42,Unknown,True,False,
2026-10-03T01:08:47Z,IL,IL00074IW015600009,2026-10-03T01:08:39Z,0,0,Unknown,False,False,
2026-10-03T01:08:47Z,IL,IL00074IE015600037,2026-10-03T01:08:39Z,0,0,Unknown,False,False,
2026-10-03T01:08:47Z,IL,IL00080IW011700016,2026-10-03T01:08:39Z,Unknown,39,Unknown,True,False,
2026-10-03T01:08:47Z,IL,IL00055IN006400027,2026-10-03T01:08:39Z,Unknown,0,Unknown,True,False,
2026-10-03T01:08:47Z,IL,IL00064IE002500038,2026-10-03T01:08:39Z,Unknown,0,Unknown,True,False,
2026-10-03T01:08:47Z,IL,IL00064IE008500039,2026-10-03T01:08:39Z,Unknown,0,Unknown,True,False,
2026-10-03T01:08:47Z,IL,IL00080IE005100040,2026-10-03T01:08:39Z,Unknown,39,Unknown,True,False,
2026-10-03T01:08:47Z,IL,IL00057IS022200054,2026-10-03T01:08:39Z,Unknown,0,Unknown,True,False,
2026-10-03T01:08:47Z,IL,IL00074IW002800020,2026-10-03T01:08:39Z,Unknown,15,Unknown,True,False,
2026-10-03T01:08:47Z,IL,IL00074IE002800030,2026-10-03T01:08:39Z,Unknown,14,Unknown,True,False,
2026-10-03T01:08:47Z,IL,IL00057IS033300046,2026-10-03T01:08:39Z,Unknown,0,Unknown,True,False,
2026-10-03T01:08:47Z,IL,IL00080IE011700043,2026-10-03T01:08:39Z,Unknown,31,Unknown,True,False,
2026-10-03T01:08:47Z,IL,IL00064IW008500012,2026-10-03T01:08:39Z,Unknown,0,Unknown,True,False,
2026-10-03T01:08:47Z,IL,IL00057IN026800032,2026-10-03T01:08:39Z,Unknown,25,Unknown,True,False,
2026-10-03T01:08:47Z,IL,IL00070IW002700015,2026-10-03T01:08:39Z,Unknown,0,Unknown,True,False,
2026-10-03T01:08:47Z,IL,IL00057IN033300049,2026-10-03T01:08:39Z,Unknown,0,Unknown,True,False,
2026-10-03T01:08:47Z,IL,IL00070IE002700042,2026-10-03T01:08:39Z,Unknown,0,Unknown,True,False,
2026-10-03T01:08:47Z,IL,IL00055IN014900028,2026-10-03T01:08:39Z,Unknown,0,Unknown,True,False,
2026-10-03T01:08:47Z,IL,IL00057IN022200048,2026-10-03T01:08:39Z,Unknown,0,Unknown,True,False,
2026-10-03T01:08:47Z,IL,IL00024IW003700010,2026-10-03T01:08:39Z,Unknown,0,Unknown,True,False,
2026-10-03T01:08:47Z,IL,IL00064IW013000053,2026-10-03T01:08:39Z,0,0,Unknown,False,False,
2026-10-03T01:08:47Z,IL,IL00055IS002700019,2026-10-03T01:08:40Z,Unknown,0,Unknown,True,False,
2026-10-03T01:08:47Z,IL,IL00057IN011400033,2026-10-03T01:08:40Z,Unknown,0,Unknown,True,False,
2026-10-03T01:08:47Z,IL,IL00074IW020800052,2026-10-03T01:08:40Z,Unknown,0,Unknown,True,False,
2026-10-03T01:08:47Z,IL,IL00070IE008600051,2026-10-03T01:08:40Z,0,0,Unknown,False,False,
2026-10-03T01:08:47Z,IL,IL00080IW005100013,2026-10-03T01:08:40Z,Unknown,47,Unknown,True,False,
2026-10-03T01:08:47Z,IL,IL00057IS026800022,2026-10-03T01:08:40Z,Unknown,27,Unknown,True,False,
2026-10-03T01:08:47Z,IL,IL00064IW002500011,2026-10-03T01:08:40Z,Unknown,0,Unknown,True,False,
2026-10-03T01:08:47Z,IL,IL00055IN002700029,2026-10-03T01:08:40Z,Unknown,0,Unknown,True,False,
2026-10-03T01:08:47Z,IL,IL00057IS011400023,2026-10-03T01:08:40Z,Unknown,0,Unknown,True,False,
2026-10-03T01:08:47Z,IL,IL00055IN019400031,2026-10-03T01:08:40Z,Unknown,36,Unknown,True,False,
2026-10-03T01:08:47Z,IL,IL00039IS008500026,2026-10-03T01:08:40Z,Unknown,42,Unknown,True,False,
2026-10-03T01:08:47Z,IL,IL00074IE006200001,2026-10-03T01:08:11Z,6,13,FILLING,True,True,
2026-10-03T01:08:47Z,IL,IL00074IW011400006,2026-10-03T01:08:13Z,10,18,STEADY,True,True,
2026-10-03T01:08:47Z,IL,IL00055IS019400021,2026-10-03T01:08:40Z,Unknown,29,Unknown,True,False,
2026-10-03T01:08:47Z,IL,IL00057IS007900047,2026-10-03T01:08:40Z,Unknown,0,Unknown,True,False,
2026-10-03T01:08:47Z,IL,IL00057IN007900034,2026-10-03T01:08:40Z,Unknown,0,Unknown,True,False,
2026-10-03T01:08:47Z,IL,IL00055IS006400017,2026-10-03T01:08:40Z,Unknown,0,Unknown,True,False,
2026-10-03T01:08:47Z,IL,IL00072IW015200014,2026-10-03T01:08:40Z,Unknown,17,Unknown,True,False,
2026-10-03T01:08:47Z,IL,IL00070IW014900008,2026-10-03T01:08:26Z,Unknown,39,Unknown,True,False,
2026-10-03T01:08:47Z,IL,IL00074IW006200004,2026-10-03T01:08:14Z,8,12,STEADY,True,True,
2026-10-03T01:08:47Z,IL,IL00074IE011400005,2026-10-03T01:08:16Z,15,25,FILLING,True,True,
2026-10-03T01:08:47Z,IL,IL00055IS010400024,2026-10-03T01:04:43Z,Unknown,0,STEADY,,False,
2026-10-03T01:08:47Z,IL,IL00057IS003200025,2026-10-03T01:04:43Z,Unknown,0,STEADY,,False,
2026-10-03T01:08:47Z,IL,IL00057IN003200035,2026-10-03T01:04:43Z,Unknown,17,STEADY,,False,
2026-10-03T01:08:47Z,IL,IL00057IS016500018,2026-10-03T01:07:31Z,3,15,STEADY,True,True,
2026-10-03T01:08:47Z,IL,IL00070IW008700045,2026-10-03T01:08:37Z,Unknown,15,Unknown,True,False,
2026-10-03T01:08:47Z,IL,IL00057IN016500044,2026-10-03T01:06:31Z,0,15,STEADY,False,False,
2026-10-03T01:08:47Z,IL,IL00072IE015200041,2026-10-03T01:07:58Z,10,16,FILLING,True,True,
2026-10-03T01:08:47Z,IN,322,2026-10-02T20:55:00-04:00,68,75,,True,false,
2026-10-03T01:08:47Z,IN,317,2026-10-02T20:55:00-04:00,19,58,,True,true,
2026-10-03T01:08:47Z,IN,316,2026-10-02T20:55:00-04:00,15,58,,True,false,
2026-10-03T01:08:47Z,IN,315,2026-10-02T20:55:00-04:00,Unknown,36,,False,true,
2026-10-03T01:08:47Z,IN,314,2026-10-02T20:55:00-04:00,Unknown,36,,False,true,
2026-10-03T01:08:47Z,IN,313,2026-10-02T20:55:00-04:00,LOW,75,,True,true,
2026-10-03T01:08:47Z,IN,312,2026-10-02T20:55:00-04:00,34,75,,True,false,
2026-10-03T01:08:47Z,IN,311,2026-10-02T20:55:00-04:00,Unknown,13,,False,true,
2026-10-03T01:08:47Z,IN,310,2026-10-02T20:55:00-04:00,Unknown,13,,False,true,
2026-10-03T01:08:47Z,IN,308,2026-10-02T20:55:00-04:00,21,75,,True,true,
2026-10-03T01:08:47Z,IN,309,2026-10-02T20:55:00-04:00,87,150,,True,true,
2026-10-03T01:08:47Z,IN,318,2026-10-02T20:55:00-04:00,LOW,78,,True,true,
2026-10-03T01:08:47Z,IN,319,2026-10-02T20:55:00-04:00,22,78,,True,true,
2026-10-03T01:08:47Z,IN,320,2026-10-02T20:55:00-04:00,47,83,,True,true,
2026-10-03T01:08:47Z,IN,321,2026-10-02T20:55:00-04:00,21,41,,True,false,
2026-10-03T01:08:47Z,IN,300,2026-10-02T20:55:00-04:00,113,128,,True,false,
2026-10-03T01:08:47Z,IN,302,2026-10-02T20:55:00-04:00,13,30,,True,true,
2026-10-03T01:08:47Z,IN,301,2026-10-02T20:55:00-04:00,LOW,30,,True,true,
2026-10-03T01:08:47Z,IN,303,2026-10-02T20:55:00-04:00,73,194,,True,true,
2026-10-03T01:08:47Z,IN,304,2026-10-02T20:55:00-04:00,Unknown,99,,False,true,
2026-10-03T01:08:47Z,IN,305,2026-10-02T20:55:00-04:00,Unknown,156,,False,true,
2026-10-03T01:08:47Z,IN,323,2026-10-02T20:55:00-04:00,20,40,,True,true,
2026-10-03T01:08:47Z,IN,702,2026-10-02T20:55:00-04:00,38,75,,True,false,
2026-10-03T01:08:47Z,IN,701,2026-10-02T20:55:00-04:00,30,60,,True,false,
2026-10-03T01:08:47Z,IN,704,2026-10-02T20:55:00-04:00,40,80,,True,false,
2026-10-03T01:08:47Z,IN,703,2026-10-02T20:55:00-04:00,55,110,,True,false,
2026-10-03T01:08:47Z,IN,706,2026-10-02T20:55:00-04:00,35,70,,True,false,
2026-10-03T01:08:47Z,IN,705,2026-10-02T20:55:00-04:00,30,60,,True,false,
2026-10-03T01:08:47Z,IN,708,2026-10-02T20:55:00-04:00,23,45,,True,false,
2026-10-03T01:08:47Z,IN,707,2026-10-02T20:55:00-04:00,20,40,,True,false,
2026-10-03T01:08:47Z,IN,324,2026-10-02T20:55:00-04:00,16,31,,True,true,
2026-10-03T01:08:47Z,KY,KY00065IS0000020N65WELCOM,2026-10-03T01:07:01Z,LOW,21,STEADY,True,True,
2026-10-03T01:08:47Z,KY,KY00065IS000020NSMARATHON,2025-12-19T00:36:53Z,LOW,60,STEADY,True,False,
2026-10-03T01:08:47Z,KY,KY00065IS0000340NWEIGHS34,2026-07-01T19:04:41Z,22,40,STEADY,True,False,
2026-10-03T01:08:47Z,KY,KY00065IS0011400S65SRA114,2026-10-03T01:07:10Z,LOW,26,FILLING,True,True,
2026-10-03T01:08:47Z,KY,KY00065IS0005900S65SRA059,2026-10-03T01:07:08Z,70,109,FILLING,True,True,
2026-10-03T01:08:47Z,KY,KY00065IS0005900N65NRA059,2026-08-17T17:24:33Z,LOW,113,STEADY,True,False,
2026-10-03T01:08:47Z,KY,KY00075IS0003300NWEIGHS33,2026-10-03T01:06:46Z,31,50,STEADY,True,False,
2026-10-03T01:08:47Z,KY,KY00075IS0003400SWEIGHS34,2026-10-03T01:06:50Z,LOW,40,STEADY,True,True,
2026-10-03T01:08:47Z,KY,KY00075IS0017700N75NRA177,2026-07-13T10:37:14Z,LOW,53,CLEARING,True,False,
2026-10-03T01:08:47Z,KY,KY00075IS0007500SWALTONWS,2026-10-03T01:06:55Z,18,45,FILLING,True,True,
2026-10-03T01:08:47Z,KY,KY00075IS0017700S75SRA177,2026-10-03T01:06:48Z,15,67,CLEARING,True,True,
2026-10-03T01:08:47Z,KY,KY00075IS0016800SCRITENWS,2026-10-03T01:06:52Z,30,39,STEADY,True,True,
2026-10-03T01:08:47Z,KY,KY00075IS0000100N75WELCOM,2026-10-03T01:07:11Z,LOW,30,STEADY,True,False,
2026-10-03T01:08:50Z,IL,IL00055IN010400050,2026-10-03T01:08:47Z,0,0,Unknown,False,False,
2026-10-03T01:08:50Z,IL,IL00039IN008500036,2026-10-03T01:08:48Z,Unknown,42,Unknown,True,False,
2026-10-03T01:08:50Z,IL,IL00074IW015600009,2026-10-03T01:08:48Z,0,0,Unknown,False,False,
2026-10-03T01:08:50Z,IL,IL00074IE015600037,2026-10-03T01:08:48Z,0,0,Unknown,False,False,
2026-10-03T01:08:50Z,IL,IL00080IW011700016,2026-10-03T01:08:48Z,Unknown,39,Unknown,True,False,
2026-10-03T01:08:50Z,IL,IL00055IN006400027,2026-10-03T01:08:48Z,Unknown,0,Unknown,True,False,
2026-10-03T01:08:50Z,IL,IL00064IE002500038,2026-10-03T01:08:48Z,Unknown,0,Unknown,True,False,
2026-10-03T01:08:50Z,IL,IL00064IE008500039,2026-10-03T01:08:48Z,Unknown,0,Unknown,True,False,
2026-10-03T01:08:50Z,IL,IL00080IE005100040,2026-10-03T01:08:48Z,Unknown,39,Unknown,True,False,
2026-10-03T01:08:50Z,IL,IL00080IE011700043,2026-10-03T01:08:48Z,Unknown,31,Unknown,True,False,
2026-10-03T01:08:50Z,IL,IL00064IW008500012,2026-10-03T01:08:48Z,Unknown,0,Unknown,True,False,
2026-10-03T01:08:50Z,IL,IL00057IS022200054,2026-10-03T01:08:48Z,Unknown,0,Unknown,True,False,
2026-10-03T01:08:50Z,IL,IL00074IW002800020,2026-10-03T01:08:48Z,Unknown,15,Unknown,True,False,
2026-10-03T01:08:50Z,IL,IL00074IE002800030,2026-10-03T01:08:48Z,Unknown,14,Unknown,True,False,
2026-10-03T01:08:50Z,IL,IL00057IS033300046,2026-10-03T01:08:48Z,Unknown,0,Unknown,True,False,
2026-10-03T01:08:50Z,IL,IL00055IN014900028,2026-10-03T01:08:48Z,Unknown,0,Unknown,True,False,
2026-10-03T01:08:50Z,IL,IL00057IN022200048,2026-10-03T01:08:48Z,Unknown,0,Unknown,True,False,
2026-10-03T01:08:50Z,IL,IL00057IN026800032,2026-10-03T01:08:48Z,Unknown,25,Unknown,True,False,
2026-10-03T01:08:50Z,IL,IL00070IW002700015,2026-10-03T01:08:48Z,Unknown,0,Unknown,True,False,
2026-10-03T01:08:50Z,IL,IL00057IN033300049,2026-10-03T01:08:48Z,Unknown,0,Unknown,True,False,
2026-10-03T01:08:50Z,IL,IL00070IE002700042,2026-10-03T01:08:48Z,Unknown,0,Unknown,True,False,
2026-10-03T01:08:50Z,IL,IL00024IW003700010,2026-10-03T01:08:49Z,Unknown,0,Unknown,True,False,
2026-10-03T01:08:50Z,IL,IL00064IW013000053,2026-10-03T01:08:49Z,0,0,Unknown,False,False,
2026-10-03T01:08:50Z,IL,IL00055IS002700019,2026-10-03T01:08:49Z,Unknown,0,Unknown,True,False,
2026-10-03T01:08:50Z,IL,IL00057IN011400033,2026-10-03T01:08:49Z,Unknown,0,Unknown,True,False,
2026-10-03T01:08:50Z,IL,IL00074IW020800052,2026-10-03T01:08:49Z,Unknown,0,Unknown,True,False,
2026-10-03T01:08:50Z,IL,IL00070IE008600051,2026-10-03T01:08:49Z,0,0,Unknown,False,False,
2026-10-03T01:08:50Z,IL,IL00080IW005100013,2026-10-03T01:08:49Z,Unknown,47,Unknown,True,False,
2026-10-03T01:08:50Z,IL,IL00057IS026800022,2026-10-03T01:08:49Z,Unknown,27,Unknown,True,False,
2026-10-03T01:08:50Z,IL,IL00064IW002500011,2026-10-03T01:08:49Z,Unknown,0,Unknown,True,False,
2026-10-03T01:08:50Z,IL,IL00055IN002700029,2026-10-03T01:08:49Z,Unknown,0,Unknown,True,False,
2026-10-03T01:08:50Z,IL,IL00057IS011400023,2026-10-03T01:08:49Z,Unknown,0,Unknown,True,False,
2026-10-03T01:08:50Z,IL,IL00055IN019400031,2026-10-03T01:08:49Z,Unknown,36,Unknown,True,False,
2026-10-03T01:08:50Z,IL,IL00039IS008500026,2026-10-03T01:08:49Z,Unknown,42,Unknown,True,False,
2026-10-03T01:08:50Z,IL,IL00074IE006200001,2026-10-03T01:08:11Z,6,13,FILLING,True,True,
2026-10-03T01:08:50Z,IL,IL00074IW011400006,2026-10-03T01:08:13Z,10,18,STEADY,True,True,
2026-10-03T01:08:50Z,IL,IL00055IS019400021,2026-10-03T01:08:49Z,Unknown,29,Unknown,True,False,
2026-10-03T01:08:50Z,IL,IL00057IS007900047,2026-10-03T01:08:49Z,Unknown,0,Unknown,True,False,
2026-10-03T01:08:50Z,IL,IL00057IN007900034,2026-10-03T01:08:49Z,Unknown,0,Unknown,True,False,
2026-10-03T01:08:50Z,IL,IL00055IS006400017,2026-10-03T01:08:49Z,Unknown,0,Unknown,True,False,
2026-10-03T01:08:50Z,IL,IL00072IW015200014,2026-10-03T01:08:49Z,Unknown,17,Unknown,True,False,
2026-10-03T01:08:50Z,IL,IL00070IW014900008,2026-10-03T01:08:26Z,Unknown,39,Unknown,True,False,
2026-10-03T01:08:50Z,IL,IL00074IW006200004,2026-10-03T01:08:14Z,8,12,STEADY,True,True,
2026-10-03T01:08:50Z,IL,IL00074IE011400005,2026-10-03T01:08:16Z,15,25,FILLING,True,True,
2026-10-03T01:08:50Z,IL,IL00055IS010400024,2026-10-03T01:04:43Z,Unknown,0,STEADY,,False,
2026-10-03T01:08:50Z,IL,IL00057IS003200025,2026-10-03T01:04:43Z,Unknown,0,STEADY,,False,
2026-10-03T01:08:50Z,IL,IL00057IN003200035,2026-10-03T01:04:43Z,Unknown,17,STEADY,,False,
2026-10-03T01:08:50Z,IL,IL00057IS016500018,2026-10-03T01:07:31Z,3,15,STEADY,True,True,
2026-10-03T01:08:50Z,IL,IL00070IW008700045,2026-10-03T01:08:37Z,Unknown,15,Unknown,True,False,
2026-10-03T01:08:50Z,IL,IL00057IN016500044,2026-10-03T01:06:31Z,0,15,STEADY,False,False,
2026-10-03T01:08:50Z,IL,IL00072IE015200041,2026-10-03T01:07:58Z,10,16,FILLING,True,True,
2026-10-03T01:08:50Z,IN,322,2026-10-02T20:55:00-04:00,68,75,,True,false,
2026-10-03T01:08:50Z,IN,317,2026-10-02T20:55:00-04:00,19,58,,True,true,
2026-10-03T01:08:50Z,IN,316,2026-10-02T20:55:00-04:00,15,58,,True,false,
2026-10-03T01:08:50Z,IN,315,2026-10-02T20:55:00-04:00,Unknown,36,,False,true,
2026-10-03T01:08:50Z,IN,314,2026-10-02T20:55:00-04:00,Unknown,36,,False,true,
2026-10-03T01:08:50Z,IN,313,2026-10-02T20:55:00-04:00,LOW,75,,True,true,
2026-10-03T01:08:50Z,IN,312,2026-10-02T20:55:00-04:00,34,75,,True,false,
2026-10-03T01:08:50Z,IN,311,2026-10-02T20:55:00-04:00,Unknown,13,,False,true,
2026-10-03T01:08:50Z,IN,310,2026-10-02T20:55:00-04:00,Unknown,13,,False,true,
2026-10-03T01:08:50Z,IN,308,2026-10-02T20:55:00-04:00,21,75,,True,true,
2026-10-03T01:08:50Z,IN,309,2026-10-02T20:55:00-04:00,87,150,,True,true,
2026-10-03T01:08:50Z,IN,318,2026-10-02T20:55:00-04:00,LOW,78,,True,true,
2026-10-03T01:08:50Z,IN,319,2026-10-02T20:55:00-04:00,22,78,,True,true,
2026-10-03T01:08:50Z,IN,320,2026-10-02T20:55:00-04:00,47,83,,True,true,
2026-10-03T01:08:50Z,IN,321,2026-10-02T20:55:00-04:00,21,41,,True,false,
2026-10-03T01:08:50Z,IN,300,2026-10-02T20:55:00-04:00,113,128,,True,false,
2026-10-03T01:08:50Z,IN,302,2026-10-02T20:55:00-04:00,13,30,,True,true,
2026-10-03T01:08:50Z,IN,301,2026-10-02T20:55:00-04:00,LOW,30,,True,true,
2026-10-03T01:08:50Z,IN,303,2026-10-02T20:55:00-04:00,73,194,,True,true,
2026-10-03T01:08:50Z,IN,304,2026-10-02T20:55:00-04:00,Unknown,99,,False,true,
2026-10-03T01:08:50Z,IN,305,2026-10-02T20:55:00-04:00,Unknown,156,,False,true,
2026-10-03T01:08:50Z,IN,323,2026-10-02T20:55:00-04:00,20,40,,True,true,
2026-10-03T01:08:50Z,IN,702,2026-10-02T20:55:00-04:00,38,75,,True,false,
2026-10-03T01:08:50Z,IN,701,2026-10-02T20:55:00-04:00,30,60,,True,false,
2026-10-03T01:08:50Z,IN,704,2026-10-02T20:55:00-04:00,40,80,,True,false,
2026-10-03T01:08:50Z,IN,703,2026-10-02T20:55:00-04:00,55,110,,True,false,
2026-10-03T01:08:50Z,IN,706,2026-10-02T20:55:00-04:00,35,70,,True,false,
2026-10-03T01:08:50Z,IN,705,2026-10-02T20:55:00-04:00,30,60,,True,false,
2026-10-03T01:08:50Z,IN,708,2026-10-02T20:55:00-04:00,23,45,,True,false,
2026-10-03T01:08:50Z,IN,707,2026-10-02T20:55:00-04:00,20,40,,True,false,
2026-10-03T01:08:50Z,IN,324,2026-10-02T20:55:00-04:00,16,31,,True,true,
2026-10-03T01:08:50Z,KY,KY00065IS0000020N65WELCOM,2026-10-03T01:07:01Z,LOW,21,STEADY,True,True,
2026-10-03T01:08:50Z,KY,KY00065IS000020NSMARATHON,2025-12-19T00:36:53Z,LOW,60,STEADY,True,False,
2026-10-03T01:08:50Z,KY,KY00065IS0000340NWEIGHS34,2026-07-01T19:04:41Z,22,40,STEADY,True,False,
2026-10-03T01:08:50Z,KY,KY00065IS0011400S65SRA114,2026-10-03T01:07:10Z,LOW,26,FILLING,True,True,
2026-10-03T01:08:50Z,KY,KY00065IS0005900S65SRA059,2026-10-03T01:07:08Z,70,109,FILLING,True,True,
2026-10-03T01:08:50Z,KY,KY00065IS0005900N65NRA059,2026-08-17T17:24:33Z,LOW,113,STEADY,True,False,
2026-10-03T01:08:50Z,KY,KY00075IS0003300NWEIGHS33,2026-10-03T01:06:46Z,31,50,STEADY,True,False,
2026-10-03T01:08:50Z,KY,KY00075IS0003400SWEIGHS34,2026-10-03T01:06:50Z,LOW,40,STEADY,True,True,
2026-10-03T01:08:50Z,KY,KY00075IS0017700N75NRA177,2026-07-13T10:37:14Z,LOW,53,CLEARING,True,False,
2026-10-03T01:08:50Z,KY,KY00075IS0007500SWALTONWS,2026-10-03T01:06:55Z,18,45,FILLING,True,True,
2026-10-03T01:08:50Z,KY,KY00075IS0017700S75SRA177,2026-10-03T01:06:48Z,15,67,CLEARING,True,True,
2026-10-03T01:08:50Z,KY,KY00075IS0016800SCRITENWS,2026-10-03T01:06:52Z,30,39,STEADY,True,True,
2026-10-03T01:08:50Z,KY,KY00075IS0000100N75WELCOM,2026-10-03T01:07:11Z,LOW,30,STEADY,True,False,
2026-10-03T01:08:54Z,IL,IL00055IN010400050,2026-10-03T01:08:47Z,0,0,Unknown,False,False,
2026-10-03T01:08:54Z,IL,IL00039IN008500036,2026-10-03T01:08:48Z,Unknown,42,Unknown,True,False,
2026-10-03T01:08:54Z,IL,IL00074IW015600009,2026-10-03T01:08:48Z,0,0,Unknown,False,False,
2026-10-03T01:08:54Z,IL,IL00074IE015600037,2026-10-03T01:08:48Z,0,0,Unknown,False,False,
2026-10-03T01:08:54Z,IL,IL00080IW011700016,2026-10-03T01:08:48Z,Unknown,39,Unknown,True,False,
2026-10-03T01:08:54Z,IL,IL00055IN006400027,2026-10-03T01:08:48Z,Unknown,0,Unknown,True,False,
2026-10-03T01:08:54Z,IL,IL00064IE002500038,2026-10-03T01:08:48Z,Unknown,0,Unknown,True,False,
2026-10-03T01:08:54Z,IL,IL00064IE008500039,2026-10-03T01:08:48Z,Unknown,0,Unknown,True,False,
2026-10-03T01:08:54Z,IL,IL00080IE005100040,2026-10-03T01:08:48Z,Unknown,39,Unknown,True,False,
2026-10-03T01:08:54Z,IL,IL00080IE011700043,2026-10-03T01:08:48Z,Unknown,31,Unknown,True,False,
2026-10-03T01:08:54Z,IL,IL00064IW008500012,2026-10-03T01:08:48Z,Unknown,0,Unknown,True,False,
2026-10-03T01:08:54Z,IL,IL00057IS022200054,2026-10-03T01:08:48Z,Unknown,0,Unknown,True,False,
2026-10-03T01:08:54Z,IL,IL00074IW002800020,2026-10-03T01:08:48Z,Unknown,15,Unknown,True,False,
2026-10-03T01:08:54Z,IL,IL00074IE002800030,2026-10-03T01:08:48Z,Unknown,14,Unknown,True,False,
2026-10-03T01:08:54Z,IL,IL00057IS033300046,2026-10-03T01:08:48Z,Unknown,0,Unknown,True,False,
2026-10-03T01:08:54Z,IL,IL00055IN014900028,2026-10-03T01:08:48Z,Unknown,0,Unknown,True,False,
2026-10-03T01:08:54Z,IL,IL00057IN022200048,2026-10-03T01:08:48Z,Unknown,0,Unknown,True,False,
2026-10-03T01:08:54Z,IL,IL00057IN026800032,2026-10-03T01:08:48Z,Unknown,25,Unknown,True,False,
2026-10-03T01:08:54Z,IL,IL00070IW002700015,2026-10-03T01:08:48Z,Unknown,0,Unknown,True,False,
2026-10-03T01:08:54Z,IL,IL00057IN033300049,2026-10-03T01:08:48Z,Unknown,0,Unknown,True,False,
2026-10-03T01:08:54Z,IL,IL00070IE002700042,2026-10-03T01:08:48Z,Unknown,0,Unknown,True,False,
2026-10-03T01:08:54Z,IL,IL00024IW003700010,2026-10-03T01:08:49Z,Unknown,0,Unknown,True,False,
2026-10-03T01:08:54Z,IL,IL00064IW013000053,2026-10-03T01:08:49Z,0,0,Unknown,False,False,
2026-10-03T01:08:54Z,IL,IL00055IS002700019,2026-10-03T01:08:49Z,Unknown,0,Unknown,True,False,
2026-10-03T01:08:54Z,IL,IL00057IN011400033,2026-10-03T01:08:49Z,Unknown,0,Unknown,True,False,
2026-10-03T01:08:54Z,IL,IL00074IW020800052,2026-10-03T01:08:49Z,Unknown,0,Unknown,True,False,
2026-10-03T01:08:54Z,IL,IL00070IE008600051,2026-10-03T01:08:49Z,0,0,Unknown,False,False,
2026-10-03T01:08:54Z,IL,IL00080IW005100013,2026-10-03T01:08:49Z,Unknown,47,Unknown,True,False,
2026-10-03T01:08:54Z,IL,IL00057IS026800022,2026-10-03T01:08:49Z,Unknown,27,Unknown,True,False,
2026-10-03T01:08:54Z,IL,IL00064IW002500011,2026-10-03T01:08:49Z,Unknown,0,Unknown,True,False,
2026-10-03T01:08:54Z,IL,IL00055IN002700029,2026-10-03T01:08:49Z,Unknown,0,Unknown,True,False,
2026-10-03T01:08:54Z,IL,IL00057IS011400023,2026-10-03T01:08:49Z,Unknown,0,Unknown,True,False,
2026-10-03T01:08:54Z,IL,IL00055IN019400031,2026-10-03T01:08:49Z,Unknown,36,Unknown,True,False,
2026-10-03T01:08:54Z,IL,IL00039IS008500026,2026-10-03T01:08:49Z,Unknown,42,Unknown,True,False,
2026-10-03T01:08:54Z,IL,IL00074IE006200001,2026-10-03T01:08:11Z,6,13,FILLING,True,True,
2026-10-03T01:08:54Z,IL,IL00074IW011400006,2026-10-03T01:08:13Z,10,18,STEADY,True,True,
2026-10-03T01:08:54Z,IL,IL00055IS019400021,2026-10-03T01:08:49Z,Unknown,29,Unknown,True,False,
2026-10-03T01:08:54Z,IL,IL00057IS007900047,2026-10-03T01:08:49Z,Unknown,0,Unknown,True,False,
2026-10-03T01:08:54Z,IL,IL00057IN007900034,2026-10-03T01:08:49Z,Unknown,0,Unknown,True,False,
2026-10-03T01:08:54Z,IL,IL00055IS006400017,2026-10-03T01:08:49Z,Unknown,0,Unknown,True,False,
2026-10-03T01:08:54Z,IL,IL00072IW015200014,2026-10-03T01:08:49Z,Unknown,17,Unknown,True,False,
2026-10-03T01:08:54Z,IL,IL00070IW014900008,2026-10-03T01:08:26Z,Unknown,39,Unknown,True,False,
2026-10-03T01:08:54Z,IL,IL00074IW006200004,2026-10-03T01:08:14Z,8,12,STEADY,True,True,
2026-10-03T01:08:54Z,IL,IL00074IE011400005,2026-10-03T01:08:16Z,15,25,FILLING,True,True,
2026-10-03T01:08:54Z,IL,IL00055IS010400024,2026-10-03T01:04:43Z,Unknown,0,STEADY,,False,
2026-10-03T01:08:54Z,IL,IL00057IS003200025,2026-10-03T01:04:43Z,Unknown,0,STEADY,,False,
2026-10-03T01:08:54Z,IL,IL00057IN003200035,2026-10-03T01:04:43Z,Unknown,17,STEADY,,False,
2026-10-03T01:08:54Z,IL,IL00057IS016500018,2026-10-03T01:07:31Z,3,15,STEADY,True,True,
2026-10-03T01:08:54Z,IL,IL00070IW008700045,2026-10-03T01:08:37Z,Unknown,15,Unknown,True,False,
2026-10-03T01:08:54Z,IL,IL00057IN016500044,2026-10-03T01:06:31Z,0,15,STEADY,False,False,
2026-10-03T01:08:54Z,IL,IL00072IE015200041,2026-10-03T01:07:58Z,10,16,FILLING,True,True,
2026-10-03T01:08:54Z,IN,322,2026-10-02T20:55:00-04:00,68,75,,True,false,
2026-10-03T01:08:54Z,IN,317,2026-10-02T20:55:00-04:00,19,58,,True,true,
2026-10-03T01:08:54Z,IN,316,2026-10-02T20:55:00-04:00,15,58,,True,false,
2026-10-03T01:08:54Z,IN,315,2026-10-02T20:55:00-04:00,Unknown,36,,False,true,
2026-10-03T01:08:54Z,IN,314,2026-10-02T20:55:00-04:00,Unknown,36,,False,true,
2026-10-03T01:08:54Z,IN,313,2026-10-02T20:55:00-04:00,LOW,75,,True,true,
2026-10-03T01:08:54Z,IN,312,2026-10-02T20:55:00-04:00,34,75,,True,false,
2026-10-03T01:08:54Z,IN,311,2026-10-02T20:55:00-04:00,Unknown,13,,False,true,
2026-10-03T01:08:54Z,IN,310,2026-10-02T20:55:00-04:00,Unknown,13,,False,true,
2026-10-03T01:08:54Z,IN,308,2026-10-02T20:55:00-04:00,21,75,,True,true,
2026-10-03T01:08:54Z,IN,309,2026-10-02T20:55:00-04:00,87,150,,True,true,
2026-10-03T01:08:54Z,IN,318,2026-10-02T20:55:00-04:00,LOW,78,,True,true,
2026-10-03T01:08:54Z,IN,319,2026-10-02T20:55:00-04:00,22,78,,True,true,
2026-10-03T01:08:54Z,IN,320,2026-10-02T20:55:00-04:00,47,83,,True,true,
2026-10-03T01:08:54Z,IN,321,2026-10-02T20:55:00-04:00,21,41,,True,false,
2026-10-03T01:08:54Z,IN,300,2026-10-02T20:55:00-04:00,113,128,,True,false,
2026-10-03T01:08:54Z,IN,302,2026-10-02T20:55:00-04:00,13,30,,True,true,
2026-10-03T01:08:54Z,IN,301,2026-10-02T20:55:00-04:00,LOW,30,,True,true,
2026-10-03T01:08:54Z,IN,303,2026-10-02T20:55:00-04:00,73,194,,True,true,
2026-10-03T01:08:54Z,IN,304,2026-10-02T20:55:00-04:00,Unknown,99,,False,true,
2026-10-03T01:08:54Z,IN,305,2026-10-02T20:55:00-04:00,Unknown,156,,False,true,
2026-10-03T01:08:54Z,IN,323,2026-10-02T20:55:00-04:00,20,40,,True,true,
2026-10-03T01:08:54Z,IN,702,2026-10-02T20:55:00-04:00,38,75,,True,false,
2026-10-03T01:08:54Z,IN,701,2026-10-02T20:55:00-04:00,30,60,,True,false,
2026-10-03T01:08:54Z,IN,704,2026-10-02T20:55:00-04:00,40,80,,True,false,
2026-10-03T01:08:54Z,IN,703,2026-10-02T20:55:00-04:00,55,110,,True,false,
2026-10-03T01:08:54Z,IN,706,2026-10-02T20:55:00-04:00,35,70,,True,false,
2026-10-03T01:08:54Z,IN,705,2026-10-02T20:55:00-04:00,30,60,,True,false,
2026-10-03T01:08:54Z,IN,708,2026-10-02T20:55:00-04:00,23,45,,True,false,
2026-10-03T01:08:54Z,IN,707,2026-10-02T20:55:00-04:00,20,40,,True,false,
2026-10-03T01:08:54Z,IN,324,2026-10-02T20:55:00-04:00,16,31,,True,true,
2026-10-03T01:08:54Z,KY,KY00065IS0000020N65WELCOM,2026-10-03T01:07:01Z,LOW,21,STEADY,True,True,
2026-10-03T01:08:54Z,KY,KY00065IS000020NSMARATHON,2025-12-19T00:36:53Z,LOW,60,STEADY,True,False,
2026-10-03T01:08:54Z,KY,KY00065IS0000340NWEIGHS34,2026-07-01T19:04:41Z,22,40,STEADY,True,False,
2026-10-03T01:08:54Z,KY,KY00065IS0011400S65SRA114,2026-10-03T01:07:10Z,LOW,26,FILLING,True,True,
2026-10-03T01:08:54Z,KY,KY00065IS0005900S65SRA059,2026-10-03T01:07:08Z,70,109,FILLING,True,True,
2026-10-03T01:08:54Z,KY,KY00065IS0005900N65NRA059,2026-08-17T17:24:33Z,LOW,113,STEADY,True,False,
2026-10-03T01:08:54Z,KY,KY00075IS0003300NWEIGHS33,2026-10-03T01:06:46Z,31,50,STEADY,True,False,
2026-10-03T01:08:54Z,KY,KY00075IS0003400SWEIGHS34,2026-10-03T01:06:50Z,LOW,40,STEADY,True,True,
2026-10-03T01:08:54Z,KY,KY00075IS0017700N75NRA177,2026-07-13T10:37:14Z,LOW,53,CLEARING,True,False,
2026-10-03T01:08:54Z,KY,KY00075IS0007500SWALTONWS,2026-10-03T01:06:55Z,18,45,FILLING,True,True,
2026-10-03T01:08:54Z,KY,KY00075IS0017700S75SRA177,2026-10-03T01:06:48Z,15,67,CLEARING,True,True,
2026-10-03T01:08:54Z,KY,KY00075IS0016800SCRITENWS,2026-10-03T01:06:52Z,30,39,STEADY,True,True,
2026-10-03T01:08:54Z,KY,KY00075IS0000100N75WELCOM,2026-10-03T01:07:11Z,LOW,30,STEADY,True,False,
2026-10-03T01:08:59Z,IL,IL00055IN010400050,2026-10-03T01:08:47Z,0,0,Unknown,False,False,
2026-10-03T01:08:59Z,IL,IL00039IN008500036,2026-10-03T01:08:48Z,Unknown,42,Unknown,True,False,
2026-10-03T01:08:59Z,IL,IL00074IW015600009,2026-10-03T01:08:48Z,0,0,Unknown,False,False,
2026-10-03T01:08:59Z,IL,IL00074IE015600037,2026-10-03T01:08:48Z,0,0,Unknown,False,False,
2026-10-03T01:08:59Z,IL,IL00080IW011700016,2026-10-03T01:08:48Z,Unknown,39,Unknown,True,False,
2026-10-03T01:08:59Z,IL,IL00055IN006400027,2026-10-03T01:08:48Z,Unknown,0,Unknown,True,False,
2026-10-03T01:08:59Z,IL,IL00064IE002500038,2026-10-03T01:08:48Z,Unknown,0,Unknown,True,False,
2026-10-03T01:08:59Z,IL,IL00064IE008500039,2026-10-03T01:08:48Z,Unknown,0,Unknown,True,False,
2026-10-03T01:08:59Z,IL,IL00080IE005100040,2026-10-03T01:08:48Z,Unknown,39,Unknown,True,False,
2026-10-03T01:08:59Z,IL,IL00080IE011700043,2026-10-03T01:08:48Z,Unknown,31,Unknown,True,False,
2026-10-03T01:08:59Z,IL,IL00064IW008500012,2026-10-03T01:08:48Z,Unknown,0,Unknown,True,False,
2026-10-03T01:08:59Z,IL,IL00057IS022200054,2026-10-03T01:08:48Z,Unknown,0,Unknown,True,False,
2026-10-03T01:08:59Z,IL,IL00074IW002800020,2026-10-03T01:08:48Z,Unknown,15,Unknown,True,False,
2026-10-03T01:08:59Z,IL,IL00074IE002800030,2026-10-03T01:08:48Z,Unknown,14,Unknown,True,False,
2026-10-03T01:08:59Z,IL,IL00057IS033300046,2026-10-03T01:08:48Z,Unknown,0,Unknown,True,False,
2026-10-03T01:08:59Z,IL,IL00055IN014900028,2026-10-03T01:08:48Z,Unknown,0,Unknown,True,False,
2026-10-03T01:08:59Z,IL,IL00057IN022200048,2026-10-03T01:08:48Z,Unknown,0,Unknown,True,False,
2026-10-03T01:08:59Z,IL,IL00057IN026800032,2026-10-03T01:08:48Z,Unknown,25,Unknown,True,False,
2026-10-03T01:08:59Z,IL,IL00070IW002700015,2026-10-03T01:08:48Z,Unknown,0,Unknown,True,False,
2026-10-03T01:08:59Z,IL,IL00057IN033300049,2026-10-03T01:08:48Z,Unknown,0,Unknown,True,False,
2026-10-03T01:08:59Z,IL,IL00070IE002700042,2026-10-03T01:08:48Z,Unknown,0,Unknown,True,False,
2026-10-03T01:08:59Z,IL,IL00024IW003700010,2026-10-03T01:08:49Z,Unknown,0,Unknown,True,False,
2026-10-03T01:08:59Z,IL,IL00064IW013000053,2026-10-03T01:08:49Z,0,0,Unknown,False,False,
2026-10-03T01:08:59Z,IL,IL00055IS002700019,2026-10-03T01:08:49Z,Unknown,0,Unknown,True,False,
2026-10-03T01:08:59Z,IL,IL00057IN011400033,2026-10-03T01:08:49Z,Unknown,0,Unknown,True,False,
2026-10-03T01:08:59Z,IL,IL00074IW020800052,2026-10-03T01:08:49Z,Unknown,0,Unknown,True,False,
2026-10-03T01:08:59Z,IL,IL00070IE008600051,2026-10-03T01:08:49Z,0,0,Unknown,False,False,
2026-10-03T01:08:59Z,IL,IL00080IW005100013,2026-10-03T01:08:49Z,Unknown,47,Unknown,True,False,
2026-10-03T01:08:59Z,IL,IL00057IS026800022,2026-10-03T01:08:49Z,Unknown,27,Unknown,True,False,
2026-10-03T01:08:59Z,IL,IL00064IW002500011,2026-10-03T01:08:49Z,Unknown,0,Unknown,True,False,
2026-10-03T01:08:59Z,IL,IL00055IN002700029,2026-10-03T01:08:49Z,Unknown,0,Unknown,True,False,
2026-10-03T01:08:59Z,IL,IL00057IS011400023,2026-10-03T01:08:49Z,Unknown,0,Unknown,True,False,
2026-10-03T01:08:59Z,IL,IL00055IN019400031,2026-10-03T01:08:49Z,Unknown,36,Unknown,True,False,
2026-10-03T01:08:59Z,IL,IL00039IS008500026,2026-10-03T01:08:49Z,Unknown,42,Unknown,True,False,
2026-10-03T01:08:59Z,IL,IL00074IE006200001,2026-10-03T01:08:11Z,6,13,FILLING,True,True,
2026-10-03T01:08:59Z,IL,IL00074IW011400006,2026-10-03T01:08:13Z,10,18,STEADY,True,True,
2026-10-03T01:08:59Z,IL,IL00055IS019400021,2026-10-03T01:08:49Z,Unknown,29,Unknown,True,False,
2026-10-03T01:08:59Z,IL,IL00057IS007900047,2026-10-03T01:08:49Z,Unknown,0,Unknown,True,False,
2026-10-03T01:08:59Z,IL,IL00057IN007900034,2026-10-03T01:08:49Z,Unknown,0,Unknown,True,False,
2026-10-03T01:08:59Z,IL,IL00055IS006400017,2026-10-03T01:08:49Z,Unknown,0,Unknown,True,False,
2026-10-03T01:08:59Z,IL,IL00072IW015200014,2026-10-03T01:08:49Z,Unknown,17,Unknown,True,False,
2026-10-03T01:08:59Z,IL,IL00070IW014900008,2026-10-03T01:08:26Z,Unknown,39,Unknown,True,False,
2026-10-03T01:08:59Z,IL,IL00074IW006200004,2026-10-03T01:08:14Z,8,12,STEADY,True,True,
2026-10-03T01:08:59Z,IL,IL00074IE011400005,2026-10-03T01:08:16Z,15,25,FILLING,True,True,
2026-10-03T01:08:59Z,IL,IL00055IS010400024,2026-10-03T01:04:43Z,Unknown,0,STEADY,,False,
2026-10-03T01:08:59Z,IL,IL00057IS003200025,2026-10-03T01:04:43Z,Unknown,0,STEADY,,False,
2026-10-03T01:08:59Z,IL,IL00057IN003200035,2026-10-03T01:04:43Z,Unknown,17,STEADY,,False,
2026-10-03T01:08:59Z,IL,IL00057IS016500018,2026-10-03T01:07:31Z,3,15,STEADY,True,True,
2026-10-03T01:08:59Z,IL,IL00070IW008700045,2026-10-03T01:08:37Z,Unknown,15,Unknown,True,False,
2026-10-03T01:08:59Z,IL,IL00057IN016500044,2026-10-03T01:06:31Z,0,15,STEADY,False,False,
2026-10-03T01:08:59Z,IL,IL00072IE015200041,2026-10-03T01:07:58Z,10,16,FILLING,True,True,
2026-10-03T01:08:59Z,IN,322,2026-10-02T20:55:00-04:00,68,75,,True,false,
2026-10-03T01:08:59Z,IN,317,2026-10-02T20:55:00-04:00,19,58,,True,true,
2026-10-03T01:08:59Z,IN,316,2026-10-02T20:55:00-04:00,15,58,,True,false,
2026-10-03T01:08:59Z,IN,315,2026-10-02T20:55:00-04:00,Unknown,36,,False,true,
2026-10-03T01:08:59Z,IN,314,2026-10-02T20:55:00-04:00,Unknown,36,,False,true,
2026-10-03T01:08:59Z,IN,313,2026-10-02T20:55:00-04:00,LOW,75,,True,true,
2026-10-03T01:08:59Z,IN,312,2026-10-02T20:55:00-04:00,34,75,,True,false,
2026-10-03T01:08:59Z,IN,311,2026-10-02T20:55:00-04:00,Unknown,13,,False,true,
2026-10-03T01:08:59Z,IN,310,2026-10-02T20:55:00-04:00,Unknown,13,,False,true,
2026-10-03T01:08:59Z,IN,308,2026-10-02T20:55:00-04:00,21,75,,True,true,
2026-10-03T01:08:59Z,IN,309,2026-10-02T20:55:00-04:00,87,150,,True,true,
2026-10-03T01:08:59Z,IN,318,2026-10-02T20:55:00-04:00,LOW,78,,True,true,
2026-10-03T01:08:59Z,IN,319,2026-10-02T20:55:00-04:00,22,78,,True,true,
2026-10-03T01:08:59Z,IN,320,2026-10-02T20:55:00-04:00,47,83,,True,true,
2026-10-03T01:08:59Z,IN,321,2026-10-02T20:55:00-04:00,21,41,,True,false,
2026-10-03T01:08:59Z,IN,300,2026-10-02T20:55:00-04:00,113,128,,True,false,
2026-10-03T01:08:59Z,IN,302,2026-10-02T20:55:00-04:00,13,30,,True,true,
2026-10-03T01:08:59Z,IN,301,2026-10-02T20:55:00-04:00,LOW,30,,True,true,
2026-10-03T01:08:59Z,IN,303,2026-10-02T20:55:00-04:00,73,194,,True,true,
2026-10-03T01:08:59Z,IN,304,2026-10-02T20:55:00-04:00,Unknown,99,,False,true,
2026-10-03T01:08:59Z,IN,305,2026-10-02T20:55:00-04:00,Unknown,156,,False,true,
2026-10-03T01:08:59Z,IN,323,2026-10-02T20:55:00-04:00,20,40,,True,true,
2026-10-03T01:08:59Z,IN,702,2026-10-02T20:55:00-04:00,38,75,,True,false,
2026-10-03T01:08:59Z,IN,701,2026-10-02T20:55:00-04:00,30,60,,True,false,
2026-10-03T01:08:59Z,IN,704,2026-10-02T20:55:00-04:00,40,80,,True,false,
2026-10-03T01:08:59Z,IN,703,2026-10-02T20:55:00-04:00,55,110,,True,false,
2026-10-03T01:08:59Z,IN,706,2026-10-02T20:55:00-04:00,35,70,,True,false,
2026-10-03T01:08:59Z,IN,705,2026-10-02T20:55:00-04:00,30,60,,True,false,
2026-10-03T01:08:59Z,IN,708,2026-10-02T20:55:00-04:00,23,45,,True,false,
2026-10-03T01:08:59Z,IN,707,2026-10-02T20:55:00-04:00,20,40,,True,false,
2026-10-03T01:08:59Z,IN,324,2026-10-02T20:55:00-04:00,16,31,,True,true,
2026-10-03T01:08:59Z,KY,KY00065IS0000020N65WELCOM,2026-10-03T01:07:01Z,LOW,21,STEADY,True,True,
2026-10-03T01:08:59Z,KY,KY00065IS000020NSMARATHON,2025-12-19T00:36:53Z,LOW,60,STEADY,True,False,
2026-10-03T01:08:59Z,KY,KY00065IS0000340NWEIGHS34,2026-07-01T19:04:41Z,22,40,STEADY,True,False,
2026-10-03T01:08:59Z,KY,KY00065IS0011400S65SRA114,2026-10-03T01:07:10Z,LOW,26,FILLING,True,True,
2026-10-03T01:08:59Z,KY,KY00065IS0005900S65SRA059,2026-10-03T01:07:08Z,70,109,FILLING,True,True,
2026-10-03T01:08:59Z,KY,KY00065IS0005900N65NRA059,2026-08-17T17:24:33Z,LOW,113,STEADY,True,False,
2026-10-03T01:08:59Z,KY,KY00075IS0003300NWEIGHS33,2026-10-03T01:06:46Z,31,50,STEADY,True,False,
2026-10-03T01:08:59Z,KY,KY00075IS0003400SWEIGHS34,2026-10-03T01:06:50Z,LOW,40,STEADY,True,True,
2026-10-03T01:08:59Z,KY,KY00075IS0017700N75NRA177,2026-07-13T10:37:14Z,LOW,53,CLEARING,True,False,
2026-10-03T01:08:59Z,KY,KY00075IS0007500SWALTONWS,2026-10-03T01:06:55Z,18,45,FILLING,True,True,
2026-10-03T01:08:59Z,KY,KY00075IS0017700S75SRA177,2026-10-03T01:06:48Z,15,67,CLEARING,True,True,
2026-10-03T01:08:59Z,KY,KY00075IS0016800SCRITENWS,2026-10-03T01:06:52Z,30,39,STEADY,True,True,
2026-10-03T01:08:59Z,KY,KY00075IS0000100N75WELCOM,2026-10-03T01:07:11Z,LOW,30,STEADY,True,False,
2026-10-03T01:09:03Z,IL,IL00055IN010400050,2026-10-03T01:08:47Z,0,0,Unknown,False,False,
2026-10-03T01:09:03Z,IL,IL00039IN008500036,2026-10-03T01:08:48Z,Unknown,42,Unknown,True,False,
2026-10-03T01:09:03Z,IL,IL00074IW015600009,2026-10-03T01:08:48Z,0,0,Unknown,False,False,
2026-10-03T01:09:03Z,IL,IL00074IE015600037,2026-10-03T01:08:48Z,0,0,Unknown,False,False,
2026-10-03T01:09:03Z,IL,IL00080IW011700016,2026-10-03T01:08:48Z,Unknown,39,Unknown,True,False,
2026-10-03T01:09:03Z,IL,IL00055IN006400027,2026-10-03T01:08:48Z,Unknown,0,Unknown,True,False,
2026-10-03T01:09:03Z,IL,IL00064IE002500038,2026-10-03T01:08:48Z,Unknown,0,Unknown,True,False,
2026-10-03T01:09:03Z,IL,IL00064IE008500039,2026-10-03T01:08:48Z,Unknown,0,Unknown,True,False,
2026-10-03T01:09:03Z,IL,IL00080IE005100040,2026-10-03T01:08:48Z,Unknown,39,Unknown,True,False,
2026-10-03T01:09:03Z,IL,IL00080IE011700043,2026-10-03T01:08:48Z,Unknown,31,Unknown,True,False,
2026-10-03T01:09:03Z,IL,IL00064IW008500012,2026-10-03T01:08:48Z,Unknown,0,Unknown,True,False,
2026-10-03T01:09:03Z,IL,IL00057IS022200054,2026-10-03T01:08:48Z,Unknown,0,Unknown,True,False,
2026-10-03T01:09:03Z,IL,IL00074IW002800020,2026-10-03T01:08:48Z,Unknown,15,Unknown,True,False,
2026-10-03T01:09:03Z,IL,IL00074IE002800030,2026-10-03T01:08:48Z,Unknown,14,Unknown,True,False,
2026-10-03T01:09:03Z,IL,IL00057IS033300046,2026-10-03T01:08:48Z,Unknown,0,Unknown,True,False,
2026-10-03T01:09:03Z,IL,IL00055IN014900028,2026-10-03T01:08:48Z,Unknown,0,Unknown,True,False,
2026-10-03T01:09:03Z,IL,IL00057IN022200048,2026-10-03T01:08:48Z,Unknown,0,Unknown,True,False,
2026-10-03T01:09:03Z,IL,IL00057IN026800032,2026-10-03T01:08:48Z,Unknown,25,Unknown,True,False,
2026-10-03T01:09:03Z,IL,IL00070IW002700015,2026-10-03T01:08:48Z,Unknown,0,Unknown,True,False,
2026-10-03T01:09:03Z,IL,IL00057IN033300049,2026-10-03T01:08:48Z,Unknown,0,Unknown,True,False,
2026-10-03T01:09:03Z,IL,IL00070IE002700042,2026-10-03T01:08:48Z,Unknown,0,Unknown,True,False,
2026-10-03T01:09:03Z,IL,IL00024IW003700010,2026-10-03T01:08:49Z,Unknown,0,Unknown,True,False,
2026-10-03T01:09:03Z,IL,IL00064IW013000053,2026-10-03T01:08:49Z,0,0,Unknown,False,False,
2026-10-03T01:09:03Z,IL,IL00055IS002700019,2026-10-03T01:08:49Z,Unknown,0,Unknown,True,False,
2026-10-03T01:09:03Z,IL,IL00057IN011400033,2026-10-03T01:08:49Z,Unknown,0,Unknown,True,False,
2026-10-03T01:09:03Z,IL,IL00074IW020800052,2026-10-03T01:08:49Z,Unknown,0,Unknown,True,False,
2026-10-03T01:09:03Z,IL,IL00070IE008600051,2026-10-03T01:08:49Z,0,0,Unknown,False,False,
2026-10-03T01:09:03Z,IL,IL00080IW005100013,2026-10-03T01:08:49Z,Unknown,47,Unknown,True,False,
2026-10-03T01:09:03Z,IL,IL00057IS026800022,2026-10-03T01:08:49Z,Unknown,27,Unknown,True,False,
2026-10-03T01:09:03Z,IL,IL00064IW002500011,2026-10-03T01:08:49Z,Unknown,0,Unknown,True,False,
2026-10-03T01:09:03Z,IL,IL00055IN002700029,2026-10-03T01:08:49Z,Unknown,0,Unknown,True,False,
2026-10-03T01:09:03Z,IL,IL00057IS011400023,2026-10-03T01:08:49Z,Unknown,0,Unknown,True,False,
2026-10-03T01:09:03Z,IL,IL00055IN019400031,2026-10-03T01:08:49Z,Unknown,36,Unknown,True,False,
2026-10-03T01:09:03Z,IL,IL00039IS008500026,2026-10-03T01:08:49Z,Unknown,42,Unknown,True,False,
2026-10-03T01:09:03Z,IL,IL00074IE006200001,2026-10-03T01:08:11Z,6,13,FILLING,True,True,
2026-10-03T01:09:03Z,IL,IL00074IW011400006,2026-10-03T01:08:13Z,10,18,STEADY,True,True,
2026-10-03T01:09:03Z,IL,IL00055IS019400021,2026-10-03T01:08:49Z,Unknown,29,Unknown,True,False,
2026-10-03T01:09:03Z,IL,IL00057IS007900047,2026-10-03T01:08:49Z,Unknown,0,Unknown,True,False,
2026-10-03T01:09:03Z,IL,IL00057IN007900034,2026-10-03T01:08:49Z,Unknown,0,Unknown,True,False,
2026-10-03T01:09:03Z,IL,IL00055IS006400017,2026-10-03T01:08:49Z,Unknown,0,Unknown,True,False,
2026-10-03T01:09:03Z,IL,IL00072IW015200014,2026-10-03T01:08:49Z,Unknown,17,Unknown,True,False,
2026-10-03T01:09:03Z,IL,IL00070IW014900008,2026-10-03T01:08:26Z,Unknown,39,Unknown,True,False,
2026-10-03T01:09:03Z,IL,IL00074IW006200004,2026-10-03T01:08:14Z,8,12,STEADY,True,True,
2026-10-03T01:09:03Z,IL,IL00074IE011400005,2026-10-03T01:08:16Z,15,25,FILLING,True,True,
2026-10-03T01:09:03Z,IL,IL00055IS010400024,2026-10-03T01:04:43Z,Unknown,0,STEADY,,False,
2026-10-03T01:09:03Z,IL,IL00057IS003200025,2026-10-03T01:04:43Z,Unknown,0,STEADY,,False,
2026-10-03T01:09:03Z,IL,IL00057IN003200035,2026-10-03T01:04:43Z,Unknown,17,STEADY,,False,
2026-10-03T01:09:03Z,IL,IL00057IS016500018,2026-10-03T01:07:31Z,3,15,STEADY,True,True,
2026-10-03T01:09:03Z,IL,IL00070IW008700045,2026-10-03T01:08:37Z,Unknown,15,Unknown,True,False,
2026-10-03T01:09:03Z,IL,IL00057IN016500044,2026-10-03T01:06:31Z,0,15,STEADY,False,False,
2026-10-03T01:09:03Z,IL,IL00072IE015200041,2026-10-03T01:07:58Z,10,16,FILLING,True,True,
2026-10-03T01:09:03Z,IN,322,2026-10-02T20:55:00-04:00,68,75,,True,false,
2026-10-03T01:09:03Z,IN,317,2026-10-02T20:55:00-04:00,19,58,,True,true,
2026-10-03T01:09:03Z,IN,316,2026-10-02T20:55:00-04:00,15,58,,True,false,
2026-10-03T01:09:03Z,IN,315,2026-10-02T20:55:00-04:00,Unknown,36,,False,true,
2026-10-03T01:09:03Z,IN,314,2026-10-02T20:55:00-04:00,Unknown,36,,False,true,
2026-10-03T01:09:03Z,IN,313,2026-10-02T20:55:00-04:00,LOW,75,,True,true,
2026-10-03T01:09:03Z,IN,312,2026-10-02T20:55:00-04:00,34,75,,True,false,
2026-10-03T01:09:03Z,IN,311,2026-10-02T20:55:00-04:00,Unknown,13,,False,true,
2026-10-03T01:09:03Z,IN,310,2026-10-02T20:55:00-04:00,Unknown,13,,False,true,
2026-10-03T01:09:03Z,IN,308,2026-10-02T20:55:00-04:00,21,75,,True,true,
2026-10-03T01:09:03Z,IN,309,2026-10-02T20:55:00-04:00,87,150,,True,true,
2026-10-03T01:09:03Z,IN,318,2026-10-02T20:55:00-04:00,LOW,78,,True,true,
2026-10-03T01:09:03Z,IN,319,2026-10-02T20:55:00-04:00,22,78,,True,true,
2026-10-03T01:09:03Z,IN,320,2026-10-02T20:55:00-04:00,47,83,,True,true,
2026-10-03T01:09:03Z,IN,321,2026-10-02T20:55:00-04:00,21,41,,True,false,
2026-10-03T01:09:03Z,IN,300,2026-10-02T20:55:00-04:00,113,128,,True,false,
2026-10-03T01:09:03Z,IN,302,2026-10-02T20:55:00-04:00,13,30,,True,true,
2026-10-03T01:09:03Z,IN,301,2026-10-02T20:55:00-04:00,LOW,30,,True,true,
2026-10-03T01:09:03Z,IN,303,2026-10-02T20:55:00-04:00,73,194,,True,true,
2026-10-03T01:09:03Z,IN,304,2026-10-02T20:55:00-04:00,Unknown,99,,False,true,
2026-10-03T01:09:03Z,IN,305,2026-10-02T20:55:00-04:00,Unknown,156,,False,true,
2026-10-03T01:09:03Z,IN,323,2026-10-02T20:55:00-04:00,20,40,,True,true,
2026-10-03T01:09:03Z,IN,702,2026-10-02T20:55:00-04:00,38,75,,True,false,
2026-10-03T01:09:03Z,IN,701,2026-10-02T20:55:00-04:00,30,60,,True,false,
2026-10-03T01:09:03Z,IN,704,2026-10-02T20:55:00-04:00,40,80,,True,false,
2026-10-03T01:09:03Z,IN,703,2026-10-02T20:55:00-04:00,55,110,,True,false,
2026-10-03T01:09:03Z,IN,706,2026-10-02T20:55:00-04:00,35,70,,True,false,
2026-10-03T01:09:03Z,IN,705,2026-10-02T20:55:00-04:00,30,60,,True,false,
2026-10-03T01:09:03Z,IN,708,2026-10-02T20:55:00-04:00,23,45,,True,false,
2026-10-03T01:09:03Z,IN,707,2026-10-02T20:55:00-04:00,20,40,,True,false,
2026-10-03T01:09:03Z,IN,324,2026-10-02T20:55:00-04:00,16,31,,True,true,
2026-10-03T01:09:03Z,KY,KY00065IS0000020N65WELCOM,2026-10-03T01:08:01Z,LOW,21,STEADY,True,True,
2026-10-03T01:09:03Z,KY,KY00065IS000020NSMARATHON,2025-12-19T00:36:53Z,LOW,60,STEADY,True,False,
2026-10-03T01:09:03Z,KY,KY00065IS0000340NWEIGHS34,2026-07-01T19:04:41Z,22,40,STEADY,True,False,
2026-10-03T01:09:03Z,KY,KY00065IS0011400S65SRA114,2026-10-03T01:08:09Z,LOW,26,FILLING,True,True,
2026-10-03T01:09:03Z,KY,KY00065IS0005900S65SRA059,2026-10-03T01:08:08Z,70,109,FILLING,True,True,
2026-10-03T01:09:03Z,KY,KY00065IS0005900N65NRA059,2026-08-17T17:24:33Z,LOW,113,STEADY,True,False,
2026-10-03T01:09:03Z,KY,KY00075IS0003300NWEIGHS33,2026-10-03T01:07:46Z,31,50,STEADY,True,False,
2026-10-03T01:09:03Z,KY,KY00075IS0003400SWEIGHS34,2026-10-03T01:07:50Z,LOW,40,STEADY,True,True,
2026-10-03T01:09:03Z,KY,KY00075IS0017700N75NRA177,2026-07-13T10:37:14Z,LOW,53,CLEARING,True,False,
2026-10-03T01:09:03Z,KY,KY00075IS0007500SWALTONWS,2026-10-03T01:07:56Z,18,45,FILLING,True,True,
2026-10-03T01:09:03Z,KY,KY00075IS0017700S75SRA177,2026-10-03T01:07:48Z,14,67,CLEARING,True,True,
2026-10-03T01:09:03Z,KY,KY00075IS0016800SCRITENWS,2026-10-03T01:07:52Z,30,39,STEADY,True,True,
2026-10-03T01:09:03Z,KY,KY00075IS0000100N75WELCOM,2026-10-03T01:08:11Z,LOW,30,STEADY,True,False,
2026-10-03T01:09:06Z,IL,IL00055IN010400050,2026-10-03T01:08:47Z,0,0,Unknown,False,False,
2026-10-03T01:09:06Z,IL,IL00039IN008500036,2026-10-03T01:08:48Z,Unknown,42,Unknown,True,False,
2026-10-03T01:09:06Z,IL,IL00074IW015600009,2026-10-03T01:08:48Z,0,0,Unknown,False,False,
2026-10-03T01:09:06Z,IL,IL00074IE015600037,2026-10-03T01:08:48Z,0,0,Unknown,False,False,
2026-10-03T01:09:06Z,IL,IL00080IW011700016,2026-10-03T01:08:48Z,Unknown,39,Unknown,True,False,
2026-10-03T01:09:06Z,IL,IL00055IN006400027,2026-10-03T01:08:48Z,Unknown,0,Unknown,True,False,
2026-10-03T01:09:06Z,IL,IL00064IE002500038,2026-10-03T01:08:48Z,Unknown,0,Unknown,True,False,
2026-10-03T01:09:06Z,IL,IL00064IE008500039,2026-10-03T01:08:48Z,Unknown,0,Unknown,True,False,
2026-10-03T01:09:06Z,IL,IL00080IE005100040,2026-10-03T01:08:48Z,Unknown,39,Unknown,True,False,
2026-10-03T01:09:06Z,IL,IL00080IE011700043,2026-10-03T01:08:48Z,Unknown,31,Unknown,True,False,
2026-10-03T01:09:06Z,IL,IL00064IW008500012,2026-10-03T01:08:48Z,Unknown,0,Unknown,True,False,
2026-10-03T01:09:06Z,IL,IL00057IS022200054,2026-10-03T01:08:48Z,Unknown,0,Unknown,True,False,
2026-10-03T01:09:06Z,IL,IL00074IW002800020,2026-10-03T01:08:48Z,Unknown,15,Unknown,True,False,
2026-10-03T01:09:06Z,IL,IL00074IE002800030,2026-10-03T01:08:48Z,Unknown,14,Unknown,True,False,
2026-10-03T01:09:06Z,IL,IL00057IS033300046,2026-10-03T01:08:48Z,Unknown,0,Unknown,True,False,
2026-10-03T01:09:06Z,IL,IL00055IN014900028,2026-10-03T01:08:48Z,Unknown,0,Unknown,True,False,
2026-10-03T01:09:06Z,IL,IL00057IN022200048,2026-10-03T01:08:48Z,Unknown,0,Unknown,True,False,
2026-10-03T01:09:06Z,IL,IL00057IN026800032,2026-10-03T01:08:48Z,Unknown,25,Unknown,True,False,
2026-10-03T01:09:06Z,IL,IL00070IW002700015,2026-10-03T01:08:48Z,Unknown,0,Unknown,True,False,
2026-10-03T01:09:06Z,IL,IL00057IN033300049,2026-10-03T01:08:48Z,Unknown,0,Unknown,True,False,
2026-10-03T01:09:06Z,IL,IL00070IE002700042,2026-10-03T01:08:48Z,Unknown,0,Unknown,True,False,
2026-10-03T01:09:06Z,IL,IL00024IW003700010,2026-10-03T01:08:49Z,Unknown,0,Unknown,True,False,
2026-10-03T01:09:06Z,IL,IL00064IW013000053,2026-10-03T01:08:49Z,0,0,Unknown,False,False,
2026-10-03T01:09:06Z,IL,IL00055IS002700019,2026-10-03T01:08:49Z,Unknown,0,Unknown,True,False,
2026-10-03T01:09:06Z,IL,IL00057IN011400033,2026-10-03T01:08:49Z,Unknown,0,Unknown,True,False,
2026-10-03T01:09:06Z,IL,IL00074IW020800052,2026-10-03T01:08:49Z,Unknown,0,Unknown,True,False,
2026-10-03T01:09:06Z,IL,IL00070IE008600051,2026-10-03T01:08:49Z,0,0,Unknown,False,False,
2026-10-03T01:09:06Z,IL,IL00080IW005100013,2026-10-03T01:08:49Z,Unknown,47,Unknown,True,False,
2026-10-03T01:09:06Z,IL,IL00057IS026800022,2026-10-03T01:08:49Z,Unknown,27,Unknown,True,False,
2026-10-03T01:09:06Z,IL,IL00064IW002500011,2026-10-03T01:08:49Z,Unknown,0,Unknown,True,False,
2026-10-03T01:09:06Z,IL,IL00055IN002700029,2026-10-03T01:08:49Z,Unknown,0,Unknown,True,False,
2026-10-03T01:09:06Z,IL,IL00057IS011400023,2026-10-03T01:08:49Z,Unknown,0,Unknown,True,False,
2026-10-03T01:09:06Z,IL,IL00055IN019400031,2026-10-03T01:08:49Z,Unknown,36,Unknown,True,False,
2026-10-03T01:09:06Z,IL,IL00039IS008500026,2026-10-03T01:08:49Z,Unknown,42,Unknown,True,False,
2026-10-03T01:09:06Z,IL,IL00074IE006200001,2026-10-03T01:08:11Z,6,13,FILLING,True,True,
2026-10-03T01:09:06Z,IL,IL00074IW011400006,2026-10-03T01:08:13Z,10,18,STEADY,True,True,
2026-10-03T01:09:06Z,IL,IL00055IS019400021,2026-10-03T01:08:49Z,Unknown,29,Unknown,True,False,
2026-10-03T01:09:06Z,IL,IL00057IS007900047,2026-10-03T01:08:49Z,Unknown,0,Unknown,True,False,
2026-10-03T01:09:06Z,IL,IL00057IN007900034,2026-10-03T01:08:49Z,Unknown,0,Unknown,True,False,
2026-10-03T01:09:06Z,IL,IL00055IS006400017,2026-10-03T01:08:49Z,Unknown,0,Unknown,True,False,
2026-10-03T01:09:06Z,IL,IL00072IW015200014,2026-10-03T01:08:49Z,Unknown,17,Unknown,True,False,
2026-10-03T01:09:06Z,IL,IL00070IW014900008,2026-10-03T01:08:26Z,Unknown,39,Unknown,True,False,
2026-10-03T01:09:06Z,IL,IL00074IW006200004,2026-10-03T01:08:14Z,8,12,STEADY,True,True,
2026-10-03T01:09:06Z,IL,IL00074IE011400005,2026-10-03T01:08:16Z,15,25,FILLING,True,True,
2026-10-03T01:09:06Z,IL,IL00055IS010400024,2026-10-03T01:04:43Z,Unknown,0,STEADY,,False,
2026-10-03T01:09:06Z,IL,IL00057IS003200025,2026-10-03T01:04:43Z,Unknown,0,STEADY,,False,
2026-10-03T01:09:06Z,IL,IL00057IN003200035,2026-10-03T01:04:43Z,Unknown,17,STEADY,,False,
2026-10-03T01:09:06Z,IL,IL00057IS016500018,2026-10-03T01:07:31Z,3,15,STEADY,True,True,
2026-10-03T01:09:06Z,IL,IL00070IW008700045,2026-10-03T01:08:37Z,Unknown,15,Unknown,True,False,
2026-10-03T01:09:06Z,IL,IL00057IN016500044,2026-10-03T01:06:31Z,0,15,STEADY,False,False,
2026-10-03T01:09:06Z,IL,IL00072IE015200041,2026-10-03T01:07:58Z,10,16,FILLING,True,True,
2026-10-03T01:09:06Z,IN,322,2026-10-02T20:55:00-04:00,68,75,,True,false,
2026-10-03T01:09:06Z,IN,317,2026-10-02T20:55:00-04:00,19,58,,True,true,
2026-10-03T01:09:06Z,IN,316,2026-10-02T20:55:00-04:00,15,58,,True,false,
2026-10-03T01:09:06Z,IN,315,2026-10-02T20:55:00-04:00,Unknown,36,,False,true,
2026-10-03T01:09:06Z,IN,314,2026-10-02T20:55:00-04:00,Unknown,36,,False,true,
2026-10-03T01:09:06Z,IN,313,2026-10-02T20:55:00-04:00,LOW,75,,True,true,
2026-10-03T01:09:06Z,IN,312,2026-10-02T20:55:00-04:00,34,75,,True,false,
2026-10-03T01:09:06Z,IN,311,2026-10-02T20:55:00-04:00,Unknown,13,,False,true,
2026-10-03T01:09:06Z,IN,310,2026-10-02T20:55:00-04:00,Unknown,13,,False,true,
2026-10-03T01:09:06Z,IN,308,2026-10-02T20:55:00-04:00,21,75,,True,true,
2026-10-03T01:09:06Z,IN,309,2026-10-02T20:55:00-04:00,87,150,,True,true,
2026-10-03T01:09:06Z,IN,318,2026-10-02T20:55:00-04:00,LOW,78,,True,true,
2026-10-03T01:09:06Z,IN,319,2026-10-02T20:55:00-04:00,22,78,,True,true,
2026-10-03T01:09:06Z,IN,320,2026-10-02T20:55:00-04:00,47,83,,True,true,
2026-10-03T01:09:06Z,IN,321,2026-10-02T20:55:00-04:00,21,41,,True,false,
2026-10-03T01:09:06Z,IN,300,2026-10-02T20:55:00-04:00,113,128,,True,false,
2026-10-03T01:09:06Z,IN,302,2026-10-02T20:55:00-04:00,13,30,,True,true,
2026-10-03T01:09:06Z,IN,301,2026-10-02T20:55:00-04:00,LOW,30,,True,true,
2026-10-03T01:09:06Z,IN,303,2026-10-02T20:55:00-04:00,73,194,,True,true,
2026-10-03T01:09:06Z,IN,304,2026-10-02T20:55:00-04:00,Unknown,99,,False,true,
2026-10-03T01:09:06Z,IN,305,2026-10-02T20:55:00-04:00,Unknown,156,,False,true,
2026-10-03T01:09:06Z,IN,323,2026-10-02T20:55:00-04:00,20,40,,True,true,
2026-10-03T01:09:06Z,IN,702,2026-10-02T20:55:00-04:00,38,75,,True,false,
2026-10-03T01:09:06Z,IN,701,2026-10-02T20:55:00-04:00,30,60,,True,false,
2026-10-03T01:09:06Z,IN,704,2026-10-02T20:55:00-04:00,40,80,,True,false,
2026-10-03T01:09:06Z,IN,703,2026-10-02T20:55:00-04:00,55,110,,True,false,
2026-10-03T01:09:06Z,IN,706,2026-10-02T20:55:00-04:00,35,70,,True,false,
2026-10-03T01:09:06Z,IN,705,2026-10-02T20:55:00-04:00,30,60,,True,false,
2026-10-03T01:09:06Z,IN,708,2026-10-02T20:55:00-04:00,23,45,,True,false,
2026-10-03T01:09:06Z,IN,707,2026-10-02T20:55:00-04:00,20,40,,True,false,
2026-10-03T01:09:06Z,IN,324,2026-10-02T20:55:00-04:00,16,31,,True,true,
2026-10-03T01:09:06Z,KY,KY00065IS0000020N65WELCOM,2026-10-03T01:08:01Z,LOW,21,STEADY,True,True,
2026-10-03T01:09:06Z,KY,KY00065IS000020NSMARATHON,2025-12-19T00:36:53Z,LOW,60,STEADY,True,False,
2026-10-03T01:09:06Z,KY,KY00065IS0000340NWEIGHS34,2026-07-01T19:04:41Z,22,40,STEADY,True,False,
2026-10-03T01:09:06Z,KY,KY00065IS0011400S65SRA114,2026-10-03T01:08:09Z,LOW,26,FILLING,True,True,
2026-10-03T01:09:06Z,KY,KY00065IS0005900S65SRA059,2026-10-03T01:08:08Z,70,109,FILLING,True,True,
2026-10-03T01:09:06Z,KY,KY00065IS0005900N65NRA059,2026-08-17T17:24:33Z,LOW,113,STEADY,True,False,
2026-10-03T01:09:06Z,KY,KY00075IS0003300NWEIGHS33,2026-10-03T01:07:46Z,31,50,STEADY,True,False,
2026-10-03T01:09:06Z,KY,KY00075IS0003400SWEIGHS34,2026-10-03T01:07:50Z,LOW,40,STEADY,True,True,
2026-10-03T01:09:06Z,KY,KY00075IS0017700N75NRA177,2026-07-13T10:37:14Z,LOW,53,CLEARING,True,False,
2026-10-03T01:09:06Z,KY,KY00075IS0007500SWALTONWS,2026-10-03T01:07:56Z,18,45,FILLING,True,True,
2026-10-03T01:09:06Z,KY,KY00075IS0017700S75SRA177,2026-10-03T01:07:48Z,14,67,CLEARING,True,True,
2026-10-03T01:09:06Z,KY,KY00075IS0016800SCRITENWS,2026-10-03T01:07:52Z,30,39,STEADY,True,True,
2026-10-03T01:09:06Z,KY,KY00075IS0000100N75WELCOM,2026-10-03T01:08:11Z,LOW,30,STEADY,True,False,
2026-10-03T01:09:10Z,IL,IL00055IN010400050,2026-10-03T01:08:47Z,0,0,Unknown,False,False,
2026-10-03T01:09:10Z,IL,IL00039IN008500036,2026-10-03T01:08:48Z,Unknown,42,Unknown,True,False,
2026-10-03T01:09:10Z,IL,IL00074IW015600009,2026-10-03T01:08:48Z,0,0,Unknown,False,False,
2026-10-03T01:09:10Z,IL,IL00074IE015600037,2026-10-03T01:08:48Z,0,0,Unknown,False,False,
2026-10-03T01:09:10Z,IL,IL00080IW011700016,2026-10-03T01:08:48Z,Unknown,39,Unknown,True,False,
2026-10-03T01:09:10Z,IL,IL00055IN006400027,2026-10-03T01:08:48Z,Unknown,0,Unknown,True,False,
2026-10-03T01:09:10Z,IL,IL00064IE002500038,2026-10-03T01:08:48Z,Unknown,0,Unknown,True,False,
2026-10-03T01:09:10Z,IL,IL00064IE008500039,2026-10-03T01:08:48Z,Unknown,0,Unknown,True,False,
2026-10-03T01:09:10Z,IL,IL00080IE005100040,2026-10-03T01:08:48Z,Unknown,39,Unknown,True,False,
2026-10-03T01:09:10Z,IL,IL00080IE011700043,2026-10-03T01:08:48Z,Unknown,31,Unknown,True,False,
2026-10-03T01:09:10Z,IL,IL00064IW008500012,2026-10-03T01:08:48Z,Unknown,0,Unknown,True,False,
2026-10-03T01:09:10Z,IL,IL00057IS022200054,2026-10-03T01:08:48Z,Unknown,0,Unknown,True,False,
2026-10-03T01:09:10Z,IL,IL00074IW002800020,2026-10-03T01:08:48Z,Unknown,15,Unknown,True,False,
2026-10-03T01:09:10Z,IL,IL00074IE002800030,2026-10-03T01:08:48Z,Unknown,14,Unknown,True,False,
2026-10-03T01:09:10Z,IL,IL00057IS033300046,2026-10-03T01:08:48Z,Unknown,0,Unknown,True,False,
2026-10-03T01:09:10Z,IL,IL00055IN014900028,2026-10-03T01:08:48Z,Unknown,0,Unknown,True,False,
2026-10-03T01:09:10Z,IL,IL00057IN022200048,2026-10-03T01:08:48Z,Unknown,0,Unknown,True,False,
2026-10-03T01:09:10Z,IL,IL00057IN026800032,2026-10-03T01:08:48Z,Unknown,25,Unknown,True,False,
2026-10-03T01:09:10Z,IL,IL00070IW002700015,2026-10-03T01:08:48Z,Unknown,0,Unknown,True,False,
2026-10-03T01:09:10Z,IL,IL00057IN033300049,2026-10-03T01:08:48Z,Unknown,0,Unknown,True,False,
2026-10-03T01:09:10Z,IL,IL00070IE002700042,2026-10-03T01:08:48Z,Unknown,0,Unknown,True,False,
2026-10-03T01:09:10Z,IL,IL00024IW003700010,2026-10-03T01:08:49Z,Unknown,0,Unknown,True,False,
2026-10-03T01:09:10Z,IL,IL00064IW013000053,2026-10-03T01:08:49Z,0,0,Unknown,False,False,
2026-10-03T01:09:10Z,IL,IL00055IS002700019,2026-10-03T01:08:49Z,Unknown,0,Unknown,True,False,
2026-10-03T01:09:10Z,IL,IL00057IN011400033,2026-10-03T01:08:49Z,Unknown,0,Unknown,True,False,
2026-10-03T01:09:10Z,IL,IL00074IW020800052,2026-10-03T01:08:49Z,Unknown,0,Unknown,True,False,
2026-10-03T01:09:10Z,IL,IL00070IE008600051,2026-10-03T01:08:49Z,0,0,Unknown,False,False,
2026-10-03T01:09:10Z,IL,IL00080IW005100013,2026-10-03T01:08:49Z,Unknown,47,Unknown,True,False,
2026-10-03T01:09:10Z,IL,IL00057IS026800022,2026-10-03T01:08:49Z,Unknown,27,Unknown,True,False,
2026-10-03T01:09:10Z,IL,IL00064IW002500011,2026-10-03T01:08:49Z,Unknown,0,Unknown,True,False,
2026-10-03T01:09:10Z,IL,IL00055IN002700029,2026-10-03T01:08:49Z,Unknown,0,Unknown,True,False,
2026-10-03T01:09:10Z,IL,IL00057IS011400023,2026-10-03T01:08:49Z,Unknown,0,Unknown,True,False,
2026-10-03T01:09:10Z,IL,IL00055IN019400031,2026-10-03T01:08:49Z,Unknown,36,Unknown,True,False,
2026-10-03T01:09:10Z,IL,IL00039IS008500026,2026-10-03T01:08:49Z,Unknown,42,Unknown,True,False,
2026-10-03T01:09:10Z,IL,IL00074IE006200001,2026-10-03T01:08:11Z,6,13,FILLING,True,True,
2026-10-03T01:09:10Z,IL,IL00074IW011400006,2026-10-03T01:08:13Z,10,18,STEADY,True,True,
2026-10-03T01:09:10Z,IL,IL00055IS019400021,2026-10-03T01:08:49Z,Unknown,29,Unknown,True,False,
2026-10-03T01:09:10Z,IL,IL00057IS007900047,2026-10-03T01:08:49Z,Unknown,0,Unknown,True,False,
2026-10-03T01:09:10Z,IL,IL00057IN007900034,2026-10-03T01:08:49Z,Unknown,0,Unknown,True,False,
2026-10-03T01:09:10Z,IL,IL00055IS006400017,2026-10-03T01:08:49Z,Unknown,0,Unknown,True,False,
2026-10-03T01:09:10Z,IL,IL00072IW015200014,2026-10-03T01:08:49Z,Unknown,17,Unknown,True,False,
2026-10-03T01:09:10Z,IL,IL00070IW014900008,2026-10-03T01:08:26Z,Unknown,39,Unknown,True,False,
2026-10-03T01:09:10Z,IL,IL00074IW006200004,2026-10-03T01:08:14Z,8,12,STEADY,True,True,
2026-10-03T01:09:10Z,IL,IL00074IE011400005,2026-10-03T01:08:16Z,15,25,FILLING,True,True,
2026-10-03T01:09:10Z,IL,IL00055IS010400024,2026-10-03T01:04:43Z,Unknown,0,STEADY,,False,
2026-10-03T01:09:10Z,IL,IL00057IS003200025,2026-10-03T01:04:43Z,Unknown,0,STEADY,,False,
2026-10-03T01:09:10Z,IL,IL00057IN003200035,2026-10-03T01:04:43Z,Unknown,17,STEADY,,False,
2026-10-03T01:09:10Z,IL,IL00057IS016500018,2026-10-03T01:07:31Z,3,15,STEADY,True,True,
2026-10-03T01:09:10Z,IL,IL00070IW008700045,2026-10-03T01:08:37Z,Unknown,15,Unknown,True,False,
2026-10-03T01:09:10Z,IL,IL00057IN016500044,2026-10-03T01:06:31Z,0,15,STEADY,False,False,
2026-10-03T01:09:10Z,IL,IL00072IE015200041,2026-10-03T01:07:58Z,10,16,FILLING,True,True,
2026-10-03T01:09:10Z,IN,322,2026-10-02T20:55:00-04:00,68,75,,True,false,
2026-10-03T01:09:10Z,IN,317,2026-10-02T20:55:00-04:00,19,58,,True,true,
2026-10-03T01:09:10Z,IN,316,2026-10-02T20:55:00-04:00,15,58,,True,false,
2026-10-03T01:09:10Z,IN,315,2026-10-02T20:55:00-04:00,Unknown,36,,False,true,
2026-10-03T01:09:10Z,IN,314,2026-10-02T20:55:00-04:00,Unknown,36,,False,true,
2026-10-03T01:09:10Z,IN,313,2026-10-02T20:55:00-04:00,LOW,75,,True,true,
2026-10-03T01:09:10Z,IN,312,2026-10-02T20:55:00-04:00,34,75,,True,false,
2026-10-03T01:09:10Z,IN,311,2026-10-02T20:55:00-04:00,Unknown,13,,False,true,
2026-10-03T01:09:10Z,IN,310,2026-10-02T20:55:00-04:00,Unknown,13,,False,true,
2026-10-03T01:09:10Z,IN,308,2026-10-02T20:55:00-04:00,21,75,,True,true,
2026-10-03T01:09:10Z,IN,309,2026-10-02T20:55:00-04:00,87,150,,True,true,
2026-10-03T01:09:10Z,IN,318,2026-10-02T20:55:00-04:00,LOW,78,,True,true,
2026-10-03T01:09:10Z,IN,319,2026-10-02T20:55:00-04:00,22,78,,True,true,
2026-10-03T01:09:10Z,IN,320,2026-10-02T20:55:00-04:00,47,83,,True,true,
2026-10-03T01:09:10Z,IN,321,2026-10-02T20:55:00-04:00,21,41,,True,false,
2026-10-03T01:09:10Z,IN,300,2026-10-02T20:55:00-04:00,113,128,,True,false,
2026-10-03T01:09:10Z,IN,302,2026-10-02T20:55:00-04:00,13,30,,True,true,
2026-10-03T01:09:10Z,IN,301,2026-10-02T20:55:00-04:00,LOW,30,,True,true,
2026-10-03T01:09:10Z,IN,303,2026-10-02T20:55:00-04:00,73,194,,True,true,
2026-10-03T01:09:10Z,IN,304,2026-10-02T20:55:00-04:00,Unknown,99,,False,true,
2026-10-03T01:09:10Z,IN,305,2026-10-02T20:55:00-04:00,Unknown,156,,False,true,
2026-10-03T01:09:10Z,IN,323,2026-10-02T20:55:00-04:00,20,40,,True,true,
2026-10-03T01:09:10Z,IN,702,2026-10-02T20:55:00-04:00,38,75,,True,false,
2026-10-03T01:09:10Z,IN,701,2026-10-02T20:55:00-04:00,30,60,,True,false,
2026-10-03T01:09:10Z,IN,704,2026-10-02T20:55:00-04:00,40,80,,True,false,
2026-10-03T01:09:10Z,IN,703,2026-10-02T20:55:00-04:00,55,110,,True,false,
2026-10-03T01:09:10Z,IN,706,2026-10-02T20:55:00-04:00,35,70,,True,false,
2026-10-03T01:09:10Z,IN,705,2026-10-02T20:55:00-04:00,30,60,,True,false,
2026-10-03T01:09:10Z,IN,708,2026-10-02T20:55:00-04:00,23,45,,True,false,
2026-10-03T01:09:10Z,IN,707,2026-10-02T20:55:00-04:00,20,40,,True,false,
2026-10-03T01:09:10Z,IN,324,2026-10-02T20:55:00-04:00,16,31,,True,true,
2026-10-03T01:09:10Z,KY,KY00065IS0000020N65WELCOM,2026-10-03T01:08:01Z,LOW,21,STEADY,True,True,
2026-10-03T01:09:10Z,KY,KY00065IS000020NSMARATHON,2025-12-19T00:36:53Z,LOW,60,STEADY,True,False,
2026-10-03T01:09:10Z,KY,KY00065IS0000340NWEIGHS34,2026-07-01T19:04:41Z,22,40,STEADY,True,False,
2026-10-03T01:09:10Z,KY,KY00065IS0011400S65SRA114,2026-10-03T01:08:09Z,LOW,26,FILLING,True,True,
2026-10-03T01:09:10Z,KY,KY00065IS0005900S65SRA059,2026-10-03T01:08:08Z,70,109,FILLING,True,True,
2026-10-03T01:09:10Z,KY,KY00065IS0005900N65NRA059,2026-08-17T17:24:33Z,LOW,113,STEADY,True,False,
2026-10-03T01:09:10Z,KY,KY00075IS0003300NWEIGHS33,2026-10-03T01:07:46Z,31,50,STEADY,True,False,
2026-10-03T01:09:10Z,KY,KY00075IS0003400SWEIGHS34,2026-10-03T01:07:50Z,LOW,40,STEADY,True,True,
2026-10-03T01:09:10Z,KY,KY00075IS0017700N75NRA177,2026-07-13T10:37:14Z,LOW,53,CLEARING,True,False,
2026-10-03T01:09:10Z,KY,KY00075IS0007500SWALTONWS,2026-10-03T01:07:56Z,18,45,FILLING,True,True,
2026-10-03T01:09:10Z,KY,KY00075IS0017700S75SRA177,2026-10-03T01:07:48Z,14,67,CLEARING,True,True,
2026-10-03T01:09:10Z,KY,KY00075IS0016800SCRITENWS,2026-10-03T01:07:52Z,30,39,STEADY,True,True,
2026-10-03T01:09:10Z,KY,KY00075IS0000100N75WELCOM,2026-10-03T01:08:11Z,LOW,30,STEADY,True,False,
2026-10-03T01:09:15Z,IL,IL00055IN010400050,2026-10-03T01:08:47Z,0,0,Unknown,False,False,
2026-10-03T01:09:15Z,IL,IL00039IN008500036,2026-10-03T01:08:48Z,Unknown,42,Unknown,True,False,
2026-10-03T01:09:15Z,IL,IL00074IW015600009,2026-10-03T01:08:48Z,0,0,Unknown,False,False,
2026-10-03T01:09:15Z,IL,IL00074IE015600037,2026-10-03T01:08:48Z,0,0,Unknown,False,False,
2026-10-03T01:09:15Z,IL,IL00080IW011700016,2026-10-03T01:08:48Z,Unknown,39,Unknown,True,False,
2026-10-03T01:09:15Z,IL,IL00055IN006400027,2026-10-03T01:08:48Z,Unknown,0,Unknown,True,False,
2026-10-03T01:09:15Z,IL,IL00064IE002500038,2026-10-03T01:08:48Z,Unknown,0,Unknown,True,False,
2026-10-03T01:09:15Z,IL,IL00064IE008500039,2026-10-03T01:08:48Z,Unknown,0,Unknown,True,False,
2026-10-03T01:09:15Z,IL,IL00080IE005100040,2026-10-03T01:08:48Z,Unknown,39,Unknown,True,False,
2026-10-03T01:09:15Z,IL,IL00080IE011700043,2026-10-03T01:08:48Z,Unknown,31,Unknown,True,False,
2026-10-03T01:09:15Z,IL,IL00064IW008500012,2026-10-03T01:08:48Z,Unknown,0,Unknown,True,False,
2026-10-03T01:09:15Z,IL,IL00057IS022200054,2026-10-03T01:08:48Z,Unknown,0,Unknown,True,False,
2026-10-03T01:09:15Z,IL,IL00074IW002800020,2026-10-03T01:08:48Z,Unknown,15,Unknown,True,False,
2026-10-03T01:09:15Z,IL,IL00074IE002800030,2026-10-03T01:08:48Z,Unknown,14,Unknown,True,False,
2026-10-03T01:09:15Z,IL,IL00057IS033300046,2026-10-03T01:08:48Z,Unknown,0,Unknown,True,False,
2026-10-03T01:09:15Z,IL,IL00055IN014900028,2026-10-03T01:08:48Z,Unknown,0,Unknown,True,False,
2026-10-03T01:09:15Z,IL,IL00057IN022200048,2026-10-03T01:08:48Z,Unknown,0,Unknown,True,False,
2026-10-03T01:09:15Z,IL,IL00057IN026800032,2026-10-03T01:08:48Z,Unknown,25,Unknown,True,False,
2026-10-03T01:09:15Z,IL,IL00070IW002700015,2026-10-03T01:08:48Z,Unknown,0,Unknown,True,False,
2026-10-03T01:09:15Z,IL,IL00057IN033300049,2026-10-03T01:08:48Z,Unknown,0,Unknown,True,False,
2026-10-03T01:09:15Z,IL,IL00070IE002700042,2026-10-03T01:08:48Z,Unknown,0,Unknown,True,False,
2026-10-03T01:09:15Z,IL,IL00024IW003700010,2026-10-03T01:08:49Z,Unknown,0,Unknown,True,False,
2026-10-03T01:09:15Z,IL,IL00064IW013000053,2026-10-03T01:08:49Z,0,0,Unknown,False,False,
2026-10-03T01:09:15Z,IL,IL00055IS002700019,2026-10-03T01:08:49Z,Unknown,0,Unknown,True,False,
2026-10-03T01:09:15Z,IL,IL00057IN011400033,2026-10-03T01:08:49Z,Unknown,0,Unknown,True,False,
2026-10-03T01:09:15Z,IL,IL00074IW020800052,2026-10-03T01:08:49Z,Unknown,0,Unknown,True,False,
2026-10-03T01:09:15Z,IL,IL00070IE008600051,2026-10-03T01:08:49Z,0,0,Unknown,False,False,
2026-10-03T01:09:15Z,IL,IL00080IW005100013,2026-10-03T01:08:49Z,Unknown,47,Unknown,True,False,
2026-10-03T01:09:15Z,IL,IL00057IS026800022,2026-10-03T01:08:49Z,Unknown,27,Unknown,True,False,
2026-10-03T01:09:15Z,IL,IL00064IW002500011,2026-10-03T01:08:49Z,Unknown,0,Unknown,True,False,
2026-10-03T01:09:15Z,IL,IL00055IN002700029,2026-10-03T01:08:49Z,Unknown,0,Unknown,True,False,
2026-10-03T01:09:15Z,IL,IL00057IS011400023,2026-10-03T01:08:49Z,Unknown,0,Unknown,True,False,
2026-10-03T01:09:15Z,IL,IL00055IN019400031,2026-10-03T01:08:49Z,Unknown,36,Unknown,True,False,
2026-10-03T01:09:15Z,IL,IL00039IS008500026,2026-10-03T01:08:49Z,Unknown,42,Unknown,True,False,
2026-10-03T01:09:15Z,IL,IL00074IE006200001,2026-10-03T01:08:11Z,6,13,FILLING,True,True,
2026-10-03T01:09:15Z,IL,IL00074IW011400006,2026-10-03T01:08:13Z,10,18,STEADY,True,True,
2026-10-03T01:09:15Z,IL,IL00055IS019400021,2026-10-03T01:08:49Z,Unknown,29,Unknown,True,False,
2026-10-03T01:09:15Z,IL,IL00057IS007900047,2026-10-03T01:08:49Z,Unknown,0,Unknown,True,False,
2026-10-03T01:09:15Z,IL,IL00057IN007900034,2026-10-03T01:08:49Z,Unknown,0,Unknown,True,False,
2026-10-03T01:09:15Z,IL,IL00055IS006400017,2026-10-03T01:08:49Z,Unknown,0,Unknown,True,False,
2026-10-03T01:09:15Z,IL,IL00072IW015200014,2026-10-03T01:08:49Z,Unknown,17,Unknown,True,False,
2026-10-03T01:09:15Z,IL,IL00070IW014900008,2026-10-03T01:08:26Z,Unknown,39,Unknown,True,False,
2026-10-03T01:09:15Z,IL,IL00074IW006200004,2026-10-03T01:08:14Z,8,12,STEADY,True,True,
2026-10-03T01:09:15Z,IL,IL00074IE011400005,2026-10-03T01:08:16Z,15,25,FILLING,True,True,
2026-10-03T01:09:15Z,IL,IL00055IS010400024,2026-10-03T01:04:43Z,Unknown,0,STEADY,,False,
2026-10-03T01:09:15Z,IL,IL00057IS003200025,2026-10-03T01:04:43Z,Unknown,0,STEADY,,False,
2026-10-03T01:09:15Z,IL,IL00057IN003200035,2026-10-03T01:04:43Z,Unknown,17,STEADY,,False,
2026-10-03T01:09:15Z,IL,IL00070IW008700045,2026-10-03T01:09:11Z,Unknown,15,Unknown,True,False,
2026-10-03T01:09:15Z,IL,IL00057IS016500018,2026-10-03T01:07:31Z,3,15,STEADY,True,True,
2026-10-03T01:09:15Z,IL,IL00057IN016500044,2026-10-03T01:06:31Z,0,15,STEADY,False,False,
2026-10-03T01:09:15Z,IL,IL00072IE015200041,2026-10-03T01:07:58Z,10,16,FILLING,True,True,
2026-10-03T01:09:15Z,IN,322,2026-10-02T20:55:00-04:00,68,75,,True,false,
2026-10-03T01:09:15Z,IN,317,2026-10-02T20:55:00-04:00,19,58,,True,true,
2026-10-03T01:09:15Z,IN,316,2026-10-02T20:55:00-04:00,15,58,,True,false,
2026-10-03T01:09:15Z,IN,315,2026-10-02T20:55:00-04:00,Unknown,36,,False,true,
2026-10-03T01:09:15Z,IN,314,2026-10-02T20:55:00-04:00,Unknown,36,,False,true,
2026-10-03T01:09:15Z,IN,313,2026-10-02T20:55:00-04:00,LOW,75,,True,true,
2026-10-03T01:09:15Z,IN,312,2026-10-02T20:55:00-04:00,34,75,,True,false,
2026-10-03T01:09:15Z,IN,311,2026-10-02T20:55:00-04:00,Unknown,13,,False,true,
2026-10-03T01:09:15Z,IN,310,2026-10-02T20:55:00-04:00,Unknown,13,,False,true,
2026-10-03T01:09:15Z,IN,308,2026-10-02T20:55:00-04:00,21,75,,True,true,
2026-10-03T01:09:15Z,IN,309,2026-10-02T20:55:00-04:00,87,150,,True,true,
2026-10-03T01:09:15Z,IN,318,2026-10-02T20:55:00-04:00,LOW,78,,True,true,
2026-10-03T01:09:15Z,IN,319,2026-10-02T20:55:00-04:00,22,78,,True,true,
2026-10-03T01:09:15Z,IN,320,2026-10-02T20:55:00-04:00,47,83,,True,true,
2026-10-03T01:09:15Z,IN,321,2026-10-02T20:55:00-04:00,21,41,,True,false,
2026-10-03T01:09:15Z,IN,300,2026-10-02T20:55:00-04:00,113,128,,True,false,
2026-10-03T01:09:15Z,IN,302,2026-10-02T20:55:00-04:00,13,30,,True,true,
2026-10-03T01:09:15Z,IN,301,2026-10-02T20:55:00-04:00,LOW,30,,True,true,
2026-10-03T01:09:15Z,IN,303,2026-10-02T20:55:00-04:00,73,194,,True,true,
2026-10-03T01:09:15Z,IN,304,2026-10-02T20:55:00-04:00,Unknown,99,,False,true,
2026-10-03T01:09:15Z,IN,305,2026-10-02T20:55:00-04:00,Unknown,156,,False,true,
2026-10-03T01:09:15Z,IN,323,2026-10-02T20:55:00-04:00,20,40,,True,true,
2026-10-03T01:09:15Z,IN,702,2026-10-02T20:55:00-04:00,38,75,,True,false,
2026-10-03T01:09:15Z,IN,701,2026-10-02T20:55:00-04:00,30,60,,True,false,
2026-10-03T01:09:15Z,IN,704,2026-10-02T20:55:00-04:00,40,80,,True,false,
2026-10-03T01:09:15Z,IN,703,2026-10-02T20:55:00-04:00,55,110,,True,false,
2026-10-03T01:09:15Z,IN,706,2026-10-02T20:55:00-04:00,35,70,,True,false,
2026-10-03T01:09:15Z,IN,705,2026-10-02T20:55:00-04:00,30,60,,True,false,
2026-10-03T01:09:15Z,IN,708,2026-10-02T20:55:00-04:00,23,45,,True,false,
2026-10-03T01:09:15Z,IN,707,2026-10-02T20:55:00-04:00,20,40,,True,false,
2026-10-03T01:09:15Z,IN,324,2026-10-02T20:55:00-04:00,16,31,,True,true,
2026-10-03T01:09:15Z,KY,KY00065IS0000020N65WELCOM,2026-10-03T01:08:01Z,LOW,21,STEADY,True,True,
2026-10-03T01:09:15Z,KY,KY00065IS000020NSMARATHON,2025-12-19T00:36:53Z,LOW,60,STEADY,True,False,
2026-10-03T01:09:15Z,KY,KY00065IS0000340NWEIGHS34,2026-07-01T19:04:41Z,22,40,STEADY,True,False,
2026-10-03T01:09:15Z,KY,KY00065IS0011400S65SRA114,2026-10-03T01:08:09Z,LOW,26,FILLING,True,True,
2026-10-03T01:09:15Z,KY,KY00065IS0005900S65SRA059,2026-10-03T01:08:08Z,70,109,FILLING,True,True,
2026-10-03T01:09:15Z,KY,KY00065IS0005900N65NRA059,2026-08-17T17:24:33Z,LOW,113,STEADY,True,False,
2026-10-03T01:09:15Z,KY,KY00075IS0003300NWEIGHS33,2026-10-03T01:07:46Z,31,50,STEADY,True,False,
2026-10-03T01:09:15Z,KY,KY00075IS0003400SWEIGHS34,2026-10-03T01:07:50Z,LOW,40,STEADY,True,True,
2026-10-03T01:09:15Z,KY,KY00075IS0017700N75NRA177,2026-07-13T10:37:14Z,LOW,53,CLEARING,True,False,
2026-10-03T01:09:15Z,KY,KY00075IS0007500SWALTONWS,2026-10-03T01:07:56Z,18,45,FILLING,True,True,
2026-10-03T01:09:15Z,KY,KY00075IS0017700S75SRA177,2026-10-03T01:07:48Z,14,67,CLEARING,True,True,
2026-10-03T01:09:15Z,KY,KY00075IS0016800SCRITENWS,2026-10-03T01:07:52Z,30,39,STEADY,True,True,
2026-10-03T01:09:15Z,KY,KY00075IS0000100N75WELCOM,2026-10-03T01:08:11Z,LOW,30,STEADY,True,False,
2026-10-03T01:09:18Z,IL,IL00055IN010400050,2026-10-03T01:08:47Z,0,0,Unknown,False,False,
2026-10-03T01:09:18Z,IL,IL00039IN008500036,2026-10-03T01:08:48Z,Unknown,42,Unknown,True,False,
2026-10-03T01:09:18Z,IL,IL00074IW015600009,2026-10-03T01:08:48Z,0,0,Unknown,False,False,
2026-10-03T01:09:18Z,IL,IL00074IE015600037,2026-10-03T01:08:48Z,0,0,Unknown,False,False,
2026-10-03T01:09:18Z,IL,IL00080IW011700016,2026-10-03T01:08:48Z,Unknown,39,Unknown,True,False,
2026-10-03T01:09:18Z,IL,IL00055IN006400027,2026-10-03T01:08:48Z,Unknown,0,Unknown,True,False,
2026-10-03T01:09:18Z,IL,IL00064IE002500038,2026-10-03T01:08:48Z,Unknown,0,Unknown,True,False,
2026-10-03T01:09:18Z,IL,IL00064IE008500039,2026-10-03T01:08:48Z,Unknown,0,Unknown,True,False,
2026-10-03T01:09:18Z,IL,IL00080IE005100040,2026-10-03T01:08:48Z,Unknown,39,Unknown,True,False,
2026-10-03T01:09:18Z,IL,IL00080IE011700043,2026-10-03T01:08:48Z,Unknown,31,Unknown,True,False,
2026-10-03T01:09:18Z,IL,IL00064IW008500012,2026-10-03T01:08:48Z,Unknown,0,Unknown,True,False,
2026-10-03T01:09:18Z,IL,IL00057IS022200054,2026-10-03T01:08:48Z,Unknown,0,Unknown,True,False,
2026-10-03T01:09:18Z,IL,IL00074IW002800020,2026-10-03T01:08:48Z,Unknown,15,Unknown,True,False,
2026-10-03T01:09:18Z,IL,IL00074IE002800030,2026-10-03T01:08:48Z,Unknown,14,Unknown,True,False,
2026-10-03T01:09:18Z,IL,IL00057IS033300046,2026-10-03T01:08:48Z,Unknown,0,Unknown,True,False,
2026-10-03T01:09:18Z,IL,IL00055IN014900028,2026-10-03T01:08:48Z,Unknown,0,Unknown,True,False,
2026-10-03T01:09:18Z,IL,IL00057IN022200048,2026-10-03T01:08:48Z,Unknown,0,Unknown,True,False,
2026-10-03T01:09:18Z,IL,IL00057IN026800032,2026-10-03T01:08:48Z,Unknown,25,Unknown,True,False,
2026-10-03T01:09:18Z,IL,IL00070IW002700015,2026-10-03T01:08:48Z,Unknown,0,Unknown,True,False,
2026-10-03T01:09:18Z,IL,IL00057IN033300049,2026-10-03T01:08:48Z,Unknown,0,Unknown,True,False,
2026-10-03T01:09:18Z,IL,IL00070IE002700042,2026-10-03T01:08:48Z,Unknown,0,Unknown,True,False,
2026-10-03T01:09:18Z,IL,IL00024IW003700010,2026-10-03T01:08:49Z,Unknown,0,Unknown,True,False,
2026-10-03T01:09:18Z,IL,IL00064IW013000053,2026-10-03T01:08:49Z,0,0,Unknown,False,False,
2026-10-03T01:09:18Z,IL,IL00055IS002700019,2026-10-03T01:08:49Z,Unknown,0,Unknown,True,False,
2026-10-03T01:09:18Z,IL,IL00057IN011400033,2026-10-03T01:08:49Z,Unknown,0,Unknown,True,False,
2026-10-03T01:09:18Z,IL,IL00074IW020800052,2026-10-03T01:08:49Z,Unknown,0,Unknown,True,False,
2026-10-03T01:09:18Z,IL,IL00070IE008600051,2026-10-03T01:08:49Z,0,0,Unknown,False,False,
2026-10-03T01:09:18Z,IL,IL00080IW005100013,2026-10-03T01:08:49Z,Unknown,47,Unknown,True,False,
2026-10-03T01:09:18Z,IL,IL00057IS026800022,2026-10-03T01:08:49Z,Unknown,27,Unknown,True,False,
2026-10-03T01:09:18Z,IL,IL00064IW002500011,2026-10-03T01:08:49Z,Unknown,0,Unknown,True,False,
2026-10-03T01:09:18Z,IL,IL00055IN002700029,2026-10-03T01:08:49Z,Unknown,0,Unknown,True,False,
2026-10-03T01:09:18Z,IL,IL00057IS011400023,2026-10-03T01:08:49Z,Unknown,0,Unknown,True,False,
2026-10-03T01:09:18Z,IL,IL00055IN019400031,2026-10-03T01:08:49Z,Unknown,36,Unknown,True,False,
2026-10-03T01:09:18Z,IL,IL00039IS008500026,2026-10-03T01:08:49Z,Unknown,42,Unknown,True,False,
2026-10-03T01:09:18Z,IL,IL00074IE006200001,2026-10-03T01:08:11Z,6,13,FILLING,True,True,
2026-10-03T01:09:18Z,IL,IL00074IW011400006,2026-10-03T01:08:13Z,10,18,STEADY,True,True,
2026-10-03T01:09:18Z,IL,IL00055IS019400021,2026-10-03T01:08:49Z,Unknown,29,Unknown,True,False,
2026-10-03T01:09:18Z,IL,IL00057IS007900047,2026-10-03T01:08:49Z,Unknown,0,Unknown,True,False,
2026-10-03T01:09:18Z,IL,IL00057IN007900034,2026-10-03T01:08:49Z,Unknown,0,Unknown,True,False,
2026-10-03T01:09:18Z,IL,IL00055IS006400017,2026-10-03T01:08:49Z,Unknown,0,Unknown,True,False,
2026-10-03T01:09:18Z,IL,IL00072IW015200014,2026-10-03T01:08:49Z,Unknown,17,Unknown,True,False,
2026-10-03T01:09:18Z,IL,IL00070IW014900008,2026-10-03T01:08:26Z,Unknown,39,Unknown,True,False,
2026-10-03T01:09:18Z,IL,IL00074IW006200004,2026-10-03T01:08:14Z,8,12,STEADY,True,True,
2026-10-03T01:09:18Z,IL,IL00074IE011400005,2026-10-03T01:08:16Z,15,25,FILLING,True,True,
2026-10-03T01:09:18Z,IL,IL00055IS010400024,2026-10-03T01:04:43Z,Unknown,0,STEADY,,False,
2026-10-03T01:09:18Z,IL,IL00057IS003200025,2026-10-03T01:04:43Z,Unknown,0,STEADY,,False,
2026-10-03T01:09:18Z,IL,IL00057IN003200035,2026-10-03T01:04:43Z,Unknown,17,STEADY,,False,
2026-10-03T01:09:18Z,IL,IL00070IW008700045,2026-10-03T01:09:11Z,Unknown,15,Unknown,True,False,
2026-10-03T01:09:18Z,IL,IL00057IS016500018,2026-10-03T01:07:31Z,3,15,STEADY,True,True,
2026-10-03T01:09:18Z,IL,IL00057IN016500044,2026-10-03T01:06:31Z,0,15,STEADY,False,False,
2026-10-03T01:09:18Z,IL,IL00072IE015200041,2026-10-03T01:07:58Z,10,16,FILLING,True,True,
2026-10-03T01:09:18Z,IN,322,2026-10-02T20:55:00-04:00,68,75,,True,false,
2026-10-03T01:09:18Z,IN,317,2026-10-02T20:55:00-04:00,19,58,,True,true,
2026-10-03T01:09:18Z,IN,316,2026-10-02T20:55:00-04:00,15,58,,True,false,
2026-10-03T01:09:18Z,IN,315,2026-10-02T20:55:00-04:00,Unknown,36,,False,true,
2026-10-03T01:09:18Z,IN,314,2026-10-02T20:55:00-04:00,Unknown,36,,False,true,
2026-10-03T01:09:18Z,IN,313,2026-10-02T20:55:00-04:00,LOW,75,,True,true,
2026-10-03T01:09:18Z,IN,312,2026-10-02T20:55:00-04:00,34,75,,True,false,
2026-10-03T01:09:18Z,IN,311,2026-10-02T20:55:00-04:00,Unknown,13,,False,true,
2026-10-03T01:09:18Z,IN,310,2026-10-02T20:55:00-04:00,Unknown,13,,False,true,
2026-10-03T01:09:18Z,IN,308,2026-10-02T20:55:00-04:00,21,75,,True,true,
2026-10-03T01:09:18Z,IN,309,2026-10-02T20:55:00-04:00,87,150,,True,true,
2026-10-03T01:09:18Z,IN,318,2026-10-02T20:55:00-04:00,LOW,78,,True,true,
2026-10-03T01:09:18Z,IN,319,2026-10-02T20:55:00-04:00,22,78,,True,true,
2026-10-03T01:09:18Z,IN,320,2026-10-02T20:55:00-04:00,47,83,,True,true,
2026-10-03T01:09:18Z,IN,321,2026-10-02T20:55:00-04:00,21,41,,True,false,
2026-10-03T01:09:18Z,IN,300,2026-10-02T20:55:00-04:00,113,128,,True,false,
2026-10-03T01:09:18Z,IN,302,2026-10-02T20:55:00-04:00,13,30,,True,true,
2026-10-03T01:09:18Z,IN,301,2026-10-02T20:55:00-04:00,LOW,30,,True,true,
2026-10-03T01:09:18Z,IN,303,2026-10-02T20:55:00-04:00,73,194,,True,true,
2026-10-03T01:09:18Z,IN,304,2026-10-02T20:55:00-04:00,Unknown,99,,False,true,
2026-10-03T01:09:18Z,IN,305,2026-10-02T20:55:00-04:00,Unknown,156,,False,true,
2026-10-03T01:09:18Z,IN,323,2026-10-02T20:55:00-04:00,20,40,,True,true,
2026-10-03T01:09:18Z,IN,702,2026-10-02T20:55:00-04:00,38,75,,True,false,
2026-10-03T01:09:18Z,IN,701,2026-10-02T20:55:00-04:00,30,60,,True,false,
2026-10-03T01:09:18Z,IN,704,2026-10-02T20:55:00-04:00,40,80,,True,false,
2026-10-03T01:09:18Z,IN,703,2026-10-02T20:55:00-04:00,55,110,,True,false,
2026-10-03T01:09:18Z,IN,706,2026-10-02T20:55:00-04:00,35,70,,True,false,
2026-10-03T01:09:18Z,IN,705,2026-10-02T20:55:00-04:00,30,60,,True,false,
2026-10-03T01:09:18Z,IN,708,2026-10-02T20:55:00-04:00,23,45,,True,false,
2026-10-03T01:09:18Z,IN,707,2026-10-02T20:55:00-04:00,20,40,,True,false,
2026-10-03T01:09:18Z,IN,324,2026-10-02T20:55:00-04:00,16,31,,True,true,
2026-10-03T01:09:18Z,KY,KY00065IS0000020N65WELCOM,2026-10-03T01:08:01Z,LOW,21,STEADY,True,True,
2026-10-03T01:09:18Z,KY,KY00065IS000020NSMARATHON,2025-12-19T00:36:53Z,LOW,60,STEADY,True,False,
2026-10-03T01:09:18Z,KY,KY00065IS0000340NWEIGHS34,2026-07-01T19:04:41Z,22,40,STEADY,True,False,
2026-10-03T01:09:18Z,KY,KY00065IS0011400S65SRA114,2026-10-03T01:08:09Z,LOW,26,FILLING,True,True,
2026-10-03T01:09:18Z,KY,KY00065IS0005900S65SRA059,2026-10-03T01:08:08Z,70,109,FILLING,True,True,
2026-10-03T01:09:18Z,KY,KY00065IS0005900N65NRA059,2026-08-17T17:24:33Z,LOW,113,STEADY,True,False,
2026-10-03T01:09:18Z,KY,KY00075IS0003300NWEIGHS33,2026-10-03T01:07:46Z,31,50,STEADY,True,False,
2026-10-03T01:09:18Z,KY,KY00075IS0003400SWEIGHS34,2026-10-03T01:07:50Z,LOW,40,STEADY,True,True,
2026-10-03T01:09:18Z,KY,KY00075IS0017700N75NRA177,2026-07-13T10:37:14Z,LOW,53,CLEARING,True,False,
2026-10-03T01:09:18Z,KY,KY00075IS0007500SWALTONWS,2026-10-03T01:07:56Z,18,45,FILLING,True,True,
2026-10-03T01:09:18Z,KY,KY00075IS0017700S75SRA177,2026-10-03T01:07:48Z,14,67,CLEARING,True,True,
2026-10-03T01:09:18Z,KY,KY00075IS0016800SCRITENWS,2026-10-03T01:07:52Z,30,39,STEADY,True,True,
2026-10-03T01:09:18Z,KY,KY00075IS0000100N75WELCOM,2026-10-03T01:08:11Z,LOW,30,STEADY,True,False,
2026-10-03T01:09:22Z,IL,IL00055IN010400050,2026-10-03T01:09:22Z,0,0,Unknown,False,False,
2026-10-03T01:09:22Z,IL,IL00039IN008500036,2026-10-03T01:09:22Z,Unknown,42,Unknown,True,False,
2026-10-03T01:09:22Z,IL,IL00074IW015600009,2026-10-03T01:09:22Z,0,0,Unknown,False,False,
2026-10-03T01:09:22Z,IL,IL00074IE015600037,2026-10-03T01:08:48Z,0,0,Unknown,False,False,
2026-10-03T01:09:22Z,IL,IL00080IW011700016,2026-10-03T01:08:48Z,Unknown,39,Unknown,True,False,
2026-10-03T01:09:22Z,IL,IL00055IN006400027,2026-10-03T01:08:48Z,Unknown,0,Unknown,True,False,
2026-10-03T01:09:22Z,IL,IL00064IE002500038,2026-10-03T01:08:48Z,Unknown,0,Unknown,True,False,
2026-10-03T01:09:22Z,IL,IL00064IE008500039,2026-10-03T01:08:48Z,Unknown,0,Unknown,True,False,
2026-10-03T01:09:22Z,IL,IL00080IE005100040,2026-10-03T01:08:48Z,Unknown,39,Unknown,True,False,
2026-10-03T01:09:22Z,IL,IL00080IE011700043,2026-10-03T01:08:48Z,Unknown,31,Unknown,True,False,
2026-10-03T01:09:22Z,IL,IL00064IW008500012,2026-10-03T01:08:48Z,Unknown,0,Unknown,True,False,
2026-10-03T01:09:22Z,IL,IL00057IS022200054,2026-10-03T01:08:48Z,Unknown,0,Unknown,True,False,
2026-10-03T01:09:22Z,IL,IL00074IW002800020,2026-10-03T01:08:48Z,Unknown,15,Unknown,True,False,
2026-10-03T01:09:22Z,IL,IL00074IE002800030,2026-10-03T01:08:48Z,Unknown,14,Unknown,True,False,
2026-10-03T01:09:22Z,IL,IL00057IS033300046,2026-10-03T01:08:48Z,Unknown,0,Unknown,True,False,
2026-10-03T01:09:22Z,IL,IL00055IN014900028,2026-10-03T01:08:48Z,Unknown,0,Unknown,True,False,
2026-10-03T01:09:22Z,IL,IL00057IN022200048,2026-10-03T01:08:48Z,Unknown,0,Unknown,True,False,
2026-10-03T01:09:22Z,IL,IL00057IN026800032,2026-10-03T01:08:48Z,Unknown,25,Unknown,True,False,
2026-10-03T01:09:22Z,IL,IL00070IW002700015,2026-10-03T01:08:48Z,Unknown,0,Unknown,True,False,
2026-10-03T01:09:22Z,IL,IL00057IN033300049,2026-10-03T01:08:48Z,Unknown,0,Unknown,True,False,
2026-10-03T01:09:22Z,IL,IL00070IE002700042,2026-10-03T01:08:48Z,Unknown,0,Unknown,True,False,
2026-10-03T01:09:22Z,IL,IL00024IW003700010,2026-10-03T01:08:49Z,Unknown,0,Unknown,True,False,
2026-10-03T01:09:22Z,IL,IL00064IW013000053,2026-10-03T01:08:49Z,0,0,Unknown,False,False,
2026-10-03T01:09:22Z,IL,IL00055IS002700019,2026-10-03T01:08:49Z,Unknown,0,Unknown,True,False,
2026-10-03T01:09:22Z,IL,IL00057IN011400033,2026-10-03T01:08:49Z,Unknown,0,Unknown,True,False,
2026-10-03T01:09:22Z,IL,IL00074IW020800052,2026-10-03T01:08:49Z,Unknown,0,Unknown,True,False,
2026-10-03T01:09:22Z,IL,IL00070IE008600051,2026-10-03T01:08:49Z,0,0,Unknown,False,False,
2026-10-03T01:09:22Z,IL,IL00080IW005100013,2026-10-03T01:08:49Z,Unknown,47,Unknown,True,False,
2026-10-03T01:09:22Z,IL,IL00057IS026800022,2026-10-03T01:08:49Z,Unknown,27,Unknown,True,False,
2026-10-03T01:09:22Z,IL,IL00064IW002500011,2026-10-03T01:08:49Z,Unknown,0,Unknown,True,False,
2026-10-03T01:09:22Z,IL,IL00055IN002700029,2026-10-03T01:08:49Z,Unknown,0,Unknown,True,False,
2026-10-03T01:09:22Z,IL,IL00057IS011400023,2026-10-03T01:08:49Z,Unknown,0,Unknown,True,False,
2026-10-03T01:09:22Z,IL,IL00055IN019400031,2026-10-03T01:08:49Z,Unknown,36,Unknown,True,False,
2026-10-03T01:09:22Z,IL,IL00039IS008500026,2026-10-03T01:08:49Z,Unknown,42,Unknown,True,False,
2026-10-03T01:09:22Z,IL,IL00074IE006200001,2026-10-03T01:08:11Z,6,13,FILLING,True,True,
2026-10-03T01:09:22Z,IL,IL00074IW011400006,2026-10-03T01:08:13Z,10,18,STEADY,True,True,
2026-10-03T01:09:22Z,IL,IL00055IS019400021,2026-10-03T01:08:49Z,Unknown,29,Unknown,True,False,
2026-10-03T01:09:22Z,IL,IL00057IS007900047,2026-10-03T01:08:49Z,Unknown,0,Unknown,True,False,
2026-10-03T01:09:22Z,IL,IL00057IN007900034,2026-10-03T01:08:49Z,Unknown,0,Unknown,True,False,
2026-10-03T01:09:22Z,IL,IL00055IS006400017,2026-10-03T01:08:49Z,Unknown,0,Unknown,True,False,
2026-10-03T01:09:22Z,IL,IL00072IW015200014,2026-10-03T01:08:49Z,Unknown,17,Unknown,True,False,
2026-10-03T01:09:22Z,IL,IL00070IW014900008,2026-10-03T01:08:26Z,Unknown,39,Unknown,True,False,
2026-10-03T01:09:22Z,IL,IL00074IW006200004,2026-10-03T01:08:14Z,8,12,STEADY,True,True,
2026-10-03T01:09:22Z,IL,IL00074IE011400005,2026-10-03T01:08:16Z,15,25,FILLING,True,True,
2026-10-03T01:09:22Z,IL,IL00055IS010400024,2026-10-03T01:04:43Z,Unknown,0,STEADY,,False,
2026-10-03T01:09:22Z,IL,IL00057IS003200025,2026-10-03T01:04:43Z,Unknown,0,STEADY,,False,
2026-10-03T01:09:22Z,IL,IL00057IN003200035,2026-10-03T01:04:43Z,Unknown,17,STEADY,,False,
2026-10-03T01:09:22Z,IL,IL00070IW008700045,2026-10-03T01:09:11Z,Unknown,15,Unknown,True,False,
2026-10-03T01:09:22Z,IL,IL00057IS016500018,2026-10-03T01:07:31Z,3,15,STEADY,True,True,
2026-10-03T01:09:22Z,IL,IL00057IN016500044,2026-10-03T01:06:31Z,0,15,STEADY,False,False,
2026-10-03T01:09:22Z,IL,IL00072IE015200041,2026-10-03T01:07:58Z,10,16,FILLING,True,True,
2026-10-03T01:09:22Z,IN,322,2026-10-02T20:55:00-04:00,68,75,,True,false,
2026-10-03T01:09:22Z,IN,317,2026-10-02T20:55:00-04:00,19,58,,True,true,
2026-10-03T01:09:22Z,IN,316,2026-10-02T20:55:00-04:00,15,58,,True,false,
2026-10-03T01:09:22Z,IN,315,2026-10-02T20:55:00-04:00,Unknown,36,,False,true,
2026-10-03T01:09:22Z,IN,314,2026-10-02T20:55:00-04:00,Unknown,36,,False,true,
2026-10-03T01:09:22Z,IN,313,2026-10-02T20:55:00-04:00,LOW,75,,True,true,
2026-10-03T01:09:22Z,IN,312,2026-10-02T20:55:00-04:00,34,75,,True,false,
2026-10-03T01:09:22Z,IN,311,2026-10-02T20:55:00-04:00,Unknown,13,,False,true,
2026-10-03T01:09:22Z,IN,310,2026-10-02T20:55:00-04:00,Unknown,13,,False,true,
2026-10-03T01:09:22Z,IN,308,2026-10-02T20:55:00-04:00,21,75,,True,true,
2026-10-03T01:09:22Z,IN,309,2026-10-02T20:55:00-04:00,87,150,,True,true,
2026-10-03T01:09:22Z,IN,318,2026-10-02T20:55:00-04:00,LOW,78,,True,true,
2026-10-03T01:09:22Z,IN,319,2026-10-02T20:55:00-04:00,22,78,,True,true,
2026-10-03T01:09:22Z,IN,320,2026-10-02T20:55:00-04:00,47,83,,True,true,
2026-10-03T01:09:22Z,IN,321,2026-10-02T20:55:00-04:00,21,41,,True,false,
2026-10-03T01:09:22Z,IN,300,2026-10-02T20:55:00-04:00,113,128,,True,false,
2026-10-03T01:09:22Z,IN,302,2026-10-02T20:55:00-04:00,13,30,,True,true,
2026-10-03T01:09:22Z,IN,301,2026-10-02T20:55:00-04:00,LOW,30,,True,true,
2026-10-03T01:09:22Z,IN,303,2026-10-02T20:55:00-04:00,73,194,,True,true,
2026-10-03T01:09:22Z,IN,304,2026-10-02T20:55:00-04:00,Unknown,99,,False,true,
2026-10-03T01:09:22Z,IN,305,2026-10-02T20:55:00-04:00,Unknown,156,,False,true,
2026-10-03T01:09:22Z,IN,323,2026-10-02T20:55:00-04:00,20,40,,True,true,
2026-10-03T01:09:22Z,IN,702,2026-10-02T20:55:00-04:00,38,75,,True,false,
2026-10-03T01:09:22Z,IN,701,2026-10-02T20:55:00-04:00,30,60,,True,false,
2026-10-03T01:09:22Z,IN,704,2026-10-02T20:55:00-04:00,40,80,,True,false,
2026-10-03T01:09:22Z,IN,703,2026-10-02T20:55:00-04:00,55,110,,True,false,
2026-10-03T01:09:22Z,IN,706,2026-10-02T20:55:00-04:00,35,70,,True,false,
2026-10-03T01:09:22Z,IN,705,2026-10-02T20:55:00-04:00,30,60,,True,false,
2026-10-03T01:09:22Z,IN,708,2026-10-02T20:55:00-04:00,23,45,,True,false,
2026-10-03T01:09:22Z,IN,707,2026-10-02T20:55:00-04:00,20,40,,True,false,
2026-10-03T01:09:22Z,IN,324,2026-10-02T20:55:00-04:00,16,31,,True,true,
2026-10-03T01:09:22Z,KY,KY00065IS0000020N65WELCOM,2026-10-03T01:08:01Z,LOW,21,STEADY,True,True,
2026-10-03T01:09:22Z,KY,KY00065IS000020NSMARATHON,2025-12-19T00:36:53Z,LOW,60,STEADY,True,False,
2026-10-03T01:09:22Z,KY,KY00065IS0000340NWEIGHS34,2026-07-01T19:04:41Z,22,40,STEADY,True,False,
2026-10-03T01:09:22Z,KY,KY00065IS0011400S65SRA114,2026-10-03T01:08:09Z,LOW,26,FILLING,True,True,
2026-10-03T01:09:22Z,KY,KY00065IS0005900S65SRA059,2026-10-03T01:08:08Z,70,109,FILLING,True,True,
2026-10-03T01:09:22Z,KY,KY00065IS0005900N65NRA059,2026-08-17T17:24:33Z,LOW,113,STEADY,True,False,
2026-10-03T01:09:22Z,KY,KY00075IS0003300NWEIGHS33,2026-10-03T01:07:46Z,31,50,STEADY,True,False,
2026-10-03T01:09:22Z,KY,KY00075IS0003400SWEIGHS34,2026-10-03T01:07:50Z,LOW,40,STEADY,True,True,
2026-10-03T01:09:22Z,KY,KY00075IS0017700N75NRA177,2026-07-13T10:37:14Z,LOW,53,CLEARING,True,False,
2026-10-03T01:09:22Z,KY,KY00075IS0007500SWALTONWS,2026-10-03T01:07:56Z,18,45,FILLING,True,True,
2026-10-03T01:09:22Z,KY,KY00075IS0017700S75SRA177,2026-10-03T01:07:48Z,14,67,CLEARING,True,True,
2026-10-03T01:09:22Z,KY,KY00075IS0016800SCRITENWS,2026-10-03T01:07:52Z,30,39,STEADY,True,True,
2026-10-03T01:09:22Z,KY,KY00075IS0000100N75WELCOM,2026-10-03T01:08:11Z,LOW,30,STEADY,True,False,
2026-10-03T01:09:26Z,IL,IL00055IN010400050,2026-10-03T01:09:22Z,0,0,Unknown,False,False,
2026-10-03T01:09:26Z,IL,IL00039IN008500036,2026-10-03T01:09:22Z,Unknown,42,Unknown,True,False,
2026-10-03T01:09:26Z,IL,IL00074IW015600009,2026-10-03T01:09:22Z,0,0,Unknown,False,False,
2026-10-03T01:09:26Z,IL,IL00074IE015600037,2026-10-03T01:09:22Z,0,0,Unknown,False,False,
2026-10-03T01:09:26Z,IL,IL00080IW011700016,2026-10-03T01:09:22Z,Unknown,39,Unknown,True,False,
2026-10-03T01:09:26Z,IL,IL00055IN006400027,2026-10-03T01:09:22Z,Unknown,0,Unknown,True,False,
2026-10-03T01:09:26Z,IL,IL00064IE002500038,2026-10-03T01:09:22Z,Unknown,0,Unknown,True,False,
2026-10-03T01:09:26Z,IL,IL00064IE008500039,2026-10-03T01:09:22Z,Unknown,0,Unknown,True,False,
2026-10-03T01:09:26Z,IL,IL00080IE005100040,2026-10-03T01:09:22Z,Unknown,39,Unknown,True,False,
2026-10-03T01:09:26Z,IL,IL00080IE011700043,2026-10-03T01:09:23Z,Unknown,31,Unknown,True,False,
2026-10-03T01:09:26Z,IL,IL00064IW008500012,2026-10-03T01:09:23Z,Unknown,0,Unknown,True,False,
2026-10-03T01:09:26Z,IL,IL00057IS022200054,2026-10-03T01:09:23Z,Unknown,0,Unknown,True,False,
2026-10-03T01:09:26Z,IL,IL00074IW002800020,2026-10-03T01:09:23Z,Unknown,15,Unknown,True,False,
2026-10-03T01:09:26Z,IL,IL00074IE002800030,2026-10-03T01:09:23Z,Unknown,14,Unknown,True,False,
2026-10-03T01:09:26Z,IL,IL00057IS033300046,2026-10-03T01:09:23Z,Unknown,0,Unknown,True,False,
2026-10-03T01:09:26Z,IL,IL00055IN014900028,2026-10-03T01:09:23Z,Unknown,0,Unknown,True,False,
2026-10-03T01:09:26Z,IL,IL00057IN022200048,2026-10-03T01:09:23Z,Unknown,0,Unknown,True,False,
2026-10-03T01:09:26Z,IL,IL00057IN026800032,2026-10-03T01:09:23Z,Unknown,25,Unknown,True,False,
2026-10-03T01:09:26Z,IL,IL00070IW002700015,2026-10-03T01:09:23Z,Unknown,0,Unknown,True,False,
2026-10-03T01:09:26Z,IL,IL00057IN033300049,2026-10-03T01:09:23Z,Unknown,0,Unknown,True,False,
2026-10-03T01:09:26Z,IL,IL00070IE002700042,2026-10-03T01:09:23Z,Unknown,0,Unknown,True,False,
2026-10-03T01:09:26Z,IL,IL00024IW003700010,2026-10-03T01:09:23Z,Unknown,0,Unknown,True,False,
2026-10-03T01:09:26Z,IL,IL00064IW013000053,2026-10-03T01:09:23Z,0,0,Unknown,False,False,
2026-10-03T01:09:26Z,IL,IL00055IS002700019,2026-10-03T01:09:23Z,Unknown,0,Unknown,True,False,
2026-10-03T01:09:26Z,IL,IL00057IN011400033,2026-10-03T01:09:23Z,Unknown,0,Unknown,True,False,
2026-10-03T01:09:26Z,IL,IL00074IW020800052,2026-10-03T01:09:23Z,Unknown,0,Unknown,True,False,
2026-10-03T01:09:26Z,IL,IL00070IE008600051,2026-10-03T01:09:23Z,0,0,Unknown,False,False,
2026-10-03T01:09:26Z,IL,IL00080IW005100013,2026-10-03T01:09:23Z,Unknown,47,Unknown,True,False,
2026-10-03T01:09:26Z,IL,IL00057IS026800022,2026-10-03T01:09:23Z,Unknown,27,Unknown,True,False,
2026-10-03T01:09:26Z,IL,IL00064IW002500011,2026-10-03T01:09:24Z,Unknown,0,Unknown,True,False,
2026-10-03T01:09:26Z,IL,IL00055IN002700029,2026-10-03T01:09:24Z,Unknown,0,Unknown,True,False,
2026-10-03T01:09:26Z,IL,IL00057IS011400023,2026-10-03T01:09:24Z,Unknown,0,Unknown,True,False,
2026-10-03T01:09:26Z,IL,IL00055IN019400031,2026-10-03T01:09:24Z,Unknown,36,Unknown,True,False,
2026-10-03T01:09:26Z,IL,IL00039IS008500026,2026-10-03T01:09:24Z,Unknown,42,Unknown,True,False,
2026-10-03T01:09:26Z,IL,IL00074IE006200001,2026-10-03T01:09:25Z,4,13,FILLING,True,True,
2026-10-03T01:09:26Z,IL,IL00074IW011400006,2026-10-03T01:08:13Z,10,18,STEADY,True,True,
2026-10-03T01:09:26Z,IL,IL00055IS019400021,2026-10-03T01:08:49Z,Unknown,29,Unknown,True,False,
2026-10-03T01:09:26Z,IL,IL00057IS007900047,2026-10-03T01:08:49Z,Unknown,0,Unknown,True,False,
2026-10-03T01:09:26Z,IL,IL00057IN007900034,2026-10-03T01:08:49Z,Unknown,0,Unknown,True,False,
2026-10-03T01:09:26Z,IL,IL00055IS006400017,2026-10-03T01:08:49Z,Unknown,0,Unknown,True,False,
2026-10-03T01:09:26Z,IL,IL00072IW015200014,2026-10-03T01:08:49Z,Unknown,17,Unknown,True,False,
2026-10-03T01:09:26Z,IL,IL00070IW014900008,2026-10-03T01:08:26Z,Unknown,39,Unknown,True,False,
2026-10-03T01:09:26Z,IL,IL00074IW006200004,2026-10-03T01:08:14Z,8,12,STEADY,True,True,
2026-10-03T01:09:26Z,IL,IL00074IE011400005,2026-10-03T01:08:16Z,15,25,FILLING,True,True,
2026-10-03T01:09:26Z,IL,IL00055IS010400024,2026-10-03T01:04:43Z,Unknown,0,STEADY,,False,
2026-10-03T01:09:26Z,IL,IL00057IS003200025,2026-10-03T01:04:43Z,Unknown,0,STEADY,,False,
2026-10-03T01:09:26Z,IL,IL00057IN003200035,2026-10-03T01:04:43Z,Unknown,17,STEADY,,False,
2026-10-03T01:09:26Z,IL,IL00070IW008700045,2026-10-03T01:09:11Z,Unknown,15,Unknown,True,False,
2026-10-03T01:09:26Z,IL,IL00057IS016500018,2026-10-03T01:07:31Z,3,15,STEADY,True,True,
2026-10-03T01:09:26Z,IL,IL00057IN016500044,2026-10-03T01:06:31Z,0,15,STEADY,False,False,
2026-10-03T01:09:26Z,IL,IL00072IE015200041,2026-10-03T01:07:58Z,10,16,FILLING,True,True,
2026-10-03T01:09:26Z,IN,322,2026-10-02T20:55:00-04:00,68,75,,True,false,
2026-10-03T01:09:26Z,IN,317,2026-10-02T20:55:00-04:00,19,58,,True,true,
2026-10-03T01:09:26Z,IN,316,2026-10-02T20:55:00-04:00,15,58,,True,false,
2026-10-03T01:09:26Z,IN,315,2026-10-02T20:55:00-04:00,Unknown,36,,False,true,
2026-10-03T01:09:26Z,IN,314,2026-10-02T20:55:00-04:00,Unknown,36,,False,true,
2026-10-03T01:09:26Z,IN,313,2026-10-02T20:55:00-04:00,LOW,75,,True,true,
2026-10-03T01:09:26Z,IN,312,2026-10-02T20:55:00-04:00,34,75,,True,false,
2026-10-03T01:09:26Z,IN,311,2026-10-02T20:55:00-04:00,Unknown,13,,False,true,
2026-10-03T01:09:26Z,IN,310,2026-10-02T20:55:00-04:00,Unknown,13,,False,true,
2026-10-03T01:09:26Z,IN,308,2026-10-02T20:55:00-04:00,21,75,,True,true,
2026-10-03T01:09:26Z,IN,309,2026-10-02T20:55:00-04:00,87,150,,True,true,
2026-10-03T01:09:26Z,IN,318,2026-10-02T20:55:00-04:00,LOW,78,,True,true,
2026-10-03T01:09:26Z,IN,319,2026-10-02T20:55:00-04:00,22,78,,True,true,
2026-10-03T01:09:26Z,IN,320,2026-10-02T20:55:00-04:00,47,83,,True,true,
2026-10-03T01:09:26Z,IN,321,2026-10-02T20:55:00-04:00,21,41,,True,false,
2026-10-03T01:09:26Z,IN,300,2026-10-02T20:55:00-04:00,113,128,,True,false,
2026-10-03T01:09:26Z,IN,302,2026-10-02T20:55:00-04:00,13,30,,True,true,
2026-10-03T01:09:26Z,IN,301,2026-10-02T20:55:00-04:00,LOW,30,,True,true,
2026-10-03T01:09:26Z,IN,303,2026-10-02T20:55:00-04:00,73,194,,True,true,
2026-10-03T01:09:26Z,IN,304,2026-10-02T20:55:00-04:00,Unknown,99,,False,true,
2026-10-03T01:09:26Z,IN,305,2026-10-02T20:55:00-04:00,Unknown,156,,False,true,
2026-10-03T01:09:26Z,IN,323,2026-10-02T20:55:00-04:00,20,40,,True,true,
2026-10-03T01:09:26Z,IN,702,2026-10-02T20:55:00-04:00,38,75,,True,false,
2026-10-03T01:09:26Z,IN,701,2026-10-02T20:55:00-04:00,30,60,,True,false,
2026-10-03T01:09:26Z,IN,704,2026-10-02T20:55:00-04:00,40,80,,True,false,
2026-10-03T01:09:26Z,IN,703,2026-10-02T20:55:00-04:00,55,110,,True,false,
2026-10-03T01:09:26Z,IN,706,2026-10-02T20:55:00-04:00,35,70,,True,false,
2026-10-03T01:09:26Z,IN,705,2026-10-02T20:55:00-04:00,30,60,,True,false,
2026-10-03T01:09:26Z,IN,708,2026-10-02T20:55:00-04:00,23,45,,True,false,
2026-10-03T01:09:26Z,IN,707,2026-10-02T20:55:00-04:00,20,40,,True,false,
2026-10-03T01:09:26Z,IN,324,2026-10-02T20:55:00-04:00,16,31,,True,true,
2026-10-03T01:09:26Z,KY,KY00065IS0000020N65WELCOM,2026-10-03T01:08:01Z,LOW,21,STEADY,True,True,
2026-10-03T01:09:26Z,KY,KY00065IS000020NSMARATHON,2025-12-19T00:36:53Z,LOW,60,STEADY,True,False,
2026-10-03T01:09:26Z,KY,KY00065IS0000340NWEIGHS34,2026-07-01T19:04:41Z,22,40,STEADY,True,False,
2026-10-03T01:09:26Z,KY,KY00065IS0011400S65SRA114,2026-10-03T01:08:09Z,LOW,26,FILLING,True,True,
2026-10-03T01:09:26Z,KY,KY00065IS0005900S65SRA059,2026-10-03T01:08:08Z,70,109,FILLING,True,True,
2026-10-03T01:09:26Z,KY,KY00065IS0005900N65NRA059,2026-08-17T17:24:33Z,LOW,113,STEADY,True,False,
2026-10-03T01:09:26Z,KY,KY00075IS0003300NWEIGHS33,2026-10-03T01:07:46Z,31,50,STEADY,True,False,
2026-10-03T01:09:26Z,KY,KY00075IS0003400SWEIGHS34,2026-10-03T01:07:50Z,LOW,40,STEADY,True,True,
2026-10-03T01:09:26Z,KY,KY00075IS0017700N75NRA177,2026-07-13T10:37:14Z,LOW,53,CLEARING,True,False,
2026-10-03T01:09:26Z,KY,KY00075IS0007500SWALTONWS,2026-10-03T01:07:56Z,18,45,FILLING,True,True,
2026-10-03T01:09:26Z,KY,KY00075IS0017700S75SRA177,2026-10-03T01:07:48Z,14,67,CLEARING,True,True,
2026-10-03T01:09:26Z,KY,KY00075IS0016800SCRITENWS,2026-10-03T01:07:52Z,30,39,STEADY,True,True,
2026-10-03T01:09:26Z,KY,KY00075IS0000100N75WELCOM,2026-10-03T01:08:11Z,LOW,30,STEADY,True,False,
2026-10-03T01:09:30Z,IL,IL00055IN010400050,2026-10-03T01:09:22Z,0,0,Unknown,False,False,
2026-10-03T01:09:30Z,IL,IL00039IN008500036,2026-10-03T01:09:22Z,Unknown,42,Unknown,True,False,
2026-10-03T01:09:30Z,IL,IL00074IW015600009,2026-10-03T01:09:22Z,0,0,Unknown,False,False,
2026-10-03T01:09:30Z,IL,IL00074IE015600037,2026-10-03T01:09:22Z,0,0,Unknown,False,False,
2026-10-03T01:09:30Z,IL,IL00080IW011700016,2026-10-03T01:09:22Z,Unknown,39,Unknown,True,False,
2026-10-03T01:09:30Z,IL,IL00055IN006400027,2026-10-03T01:09:22Z,Unknown,0,Unknown,True,False,
2026-10-03T01:09:30Z,IL,IL00064IE002500038,2026-10-03T01:09:22Z,Unknown,0,Unknown,True,False,
2026-10-03T01:09:30Z,IL,IL00064IE008500039,2026-10-03T01:09:22Z,Unknown,0,Unknown,True,False,
2026-10-03T01:09:30Z,IL,IL00080IE005100040,2026-10-03T01:09:22Z,Unknown,39,Unknown,True,False,
2026-10-03T01:09:30Z,IL,IL00080IE011700043,2026-10-03T01:09:23Z,Unknown,31,Unknown,True,False,
2026-10-03T01:09:30Z,IL,IL00064IW008500012,2026-10-03T01:09:23Z,Unknown,0,Unknown,True,False,
2026-10-03T01:09:30Z,IL,IL00057IS022200054,2026-10-03T01:09:23Z,Unknown,0,Unknown,True,False,
2026-10-03T01:09:30Z,IL,IL00074IW002800020,2026-10-03T01:09:23Z,Unknown,15,Unknown,True,False,
2026-10-03T01:09:30Z,IL,IL00074IE002800030,2026-10-03T01:09:23Z,Unknown,14,Unknown,True,False,
2026-10-03T01:09:30Z,IL,IL00057IS033300046,2026-10-03T01:09:23Z,Unknown,0,Unknown,True,False,
2026-10-03T01:09:30Z,IL,IL00055IN014900028,2026-10-03T01:09:23Z,Unknown,0,Unknown,True,False,
2026-10-03T01:09:30Z,IL,IL00057IN022200048,2026-10-03T01:09:23Z,Unknown,0,Unknown,True,False,
2026-10-03T01:09:30Z,IL,IL00057IN026800032,2026-10-03T01:09:23Z,Unknown,25,Unknown,True,False,
2026-10-03T01:09:30Z,IL,IL00070IW002700015,2026-10-03T01:09:23Z,Unknown,0,Unknown,True,False,
2026-10-03T01:09:30Z,IL,IL00057IN033300049,2026-10-03T01:09:23Z,Unknown,0,Unknown,True,False,
2026-10-03T01:09:30Z,IL,IL00070IE002700042,2026-10-03T01:09:23Z,Unknown,0,Unknown,True,False,
2026-10-03T01:09:30Z,IL,IL00024IW003700010,2026-10-03T01:09:23Z,Unknown,0,Unknown,True,False,
2026-10-03T01:09:30Z,IL,IL00064IW013000053,2026-10-03T01:09:23Z,0,0,Unknown,False,False,
2026-10-03T01:09:30Z,IL,IL00055IS002700019,2026-10-03T01:09:23Z,Unknown,0,Unknown,True,False,
2026-10-03T01:09:30Z,IL,IL00057IN011400033,2026-10-03T01:09:23Z,Unknown,0,Unknown,True,False,
2026-10-03T01:09:30Z,IL,IL00074IW020800052,2026-10-03T01:09:23Z,Unknown,0,Unknown,True,False,
2026-10-03T01:09:30Z,IL,IL00070IE008600051,2026-10-03T01:09:23Z,0,0,Unknown,False,False,
2026-10-03T01:09:30Z,IL,IL00080IW005100013,2026-10-03T01:09:23Z,Unknown,47,Unknown,True,False,
2026-10-03T01:09:30Z,IL,IL00057IS026800022,2026-10-03T01:09:23Z,Unknown,27,Unknown,True,False,
2026-10-03T01:09:30Z,IL,IL00064IW002500011,2026-10-03T01:09:24Z,Unknown,0,Unknown,True,False,
2026-10-03T01:09:30Z,IL,IL00055IN002700029,2026-10-03T01:09:24Z,Unknown,0,Unknown,True,False,
2026-10-03T01:09:30Z,IL,IL00057IS011400023,2026-10-03T01:09:24Z,Unknown,0,Unknown,True,False,
2026-10-03T01:09:30Z,IL,IL00055IN019400031,2026-10-03T01:09:24Z,Unknown,36,Unknown,True,False,
2026-10-03T01:09:30Z,IL,IL00039IS008500026,2026-10-03T01:09:24Z,Unknown,42,Unknown,True,False,
2026-10-03T01:09:30Z,IL,IL00074IE006200001,2026-10-03T01:09:25Z,4,13,FILLING,True,True,
2026-10-03T01:09:30Z,IL,IL00074IW011400006,2026-10-03T01:09:26Z,10,18,STEADY,True,True,
2026-10-03T01:09:30Z,IL,IL00055IS019400021,2026-10-03T01:09:26Z,Unknown,29,Unknown,True,False,
2026-10-03T01:09:30Z,IL,IL00057IS007900047,2026-10-03T01:09:26Z,Unknown,0,Unknown,True,False,
2026-10-03T01:09:30Z,IL,IL00057IN007900034,2026-10-03T01:09:26Z,Unknown,0,Unknown,True,False,
2026-10-03T01:09:30Z,IL,IL00055IS006400017,2026-10-03T01:09:27Z,Unknown,0,Unknown,True,False,
2026-10-03T01:09:30Z,IL,IL00072IW015200014,2026-10-03T01:09:27Z,Unknown,17,Unknown,True,False,
2026-10-03T01:09:30Z,IL,IL00070IW014900008,2026-10-03T01:08:26Z,Unknown,39,Unknown,True,False,
2026-10-03T01:09:30Z,IL,IL00074IW006200004,2026-10-03T01:09:27Z,8,12,STEADY,True,True,
2026-10-03T01:09:30Z,IL,IL00074IE011400005,2026-10-03T01:08:16Z,15,25,FILLING,True,True,
2026-10-03T01:09:30Z,IL,IL00055IS010400024,2026-10-03T01:04:43Z,Unknown,0,STEADY,,False,
2026-10-03T01:09:30Z,IL,IL00057IS003200025,2026-10-03T01:04:43Z,Unknown,0,STEADY,,False,
2026-10-03T01:09:30Z,IL,IL00057IN003200035,2026-10-03T01:04:43Z,Unknown,17,STEADY,,False,
2026-10-03T01:09:30Z,IL,IL00070IW008700045,2026-10-03T01:09:11Z,Unknown,15,Unknown,True,False,
2026-10-03T01:09:30Z,IL,IL00057IS016500018,2026-10-03T01:07:31Z,3,15,STEADY,True,True,
2026-10-03T01:09:30Z,IL,IL00057IN016500044,2026-10-03T01:06:31Z,0,15,STEADY,False,False,
2026-10-03T01:09:30Z,IL,IL00072IE015200041,2026-10-03T01:07:58Z,10,16,FILLING,True,True,
2026-10-03T01:09:30Z,IN,322,2026-10-02T20:55:00-04:00,68,75,,True,false,
2026-10-03T01:09:30Z,IN,317,2026-10-02T20:55:00-04:00,19,58,,True,true,
2026-10-03T01:09:30Z,IN,316,2026-10-02T20:55:00-04:00,15,58,,True,false,
2026-10-03T01:09:30Z,IN,315,2026-10-02T20:55:00-04:00,Unknown,36,,False,true,
2026-10-03T01:09:30Z,IN,314,2026-10-02T20:55:00-04:00,Unknown,36,,False,true,
2026-10-03T01:09:30Z,IN,313,2026-10-02T20:55:00-04:00,LOW,75,,True,true,
2026-10-03T01:09:30Z,IN,312,2026-10-02T20:55:00-04:00,34,75,,True,false,
2026-10-03T01:09:30Z,IN,311,2026-10-02T20:55:00-04:00,Unknown,13,,False,true,
2026-10-03T01:09:30Z,IN,310,2026-10-02T20:55:00-04:00,Unknown,13,,False,true,
2026-10-03T01:09:30Z,IN,308,2026-10-02T20:55:00-04:00,21,75,,True,true,
2026-10-03T01:09:30Z,IN,309,2026-10-02T20:55:00-04:00,87,150,,True,true,
2026-10-03T01:09:30Z,IN,318,2026-10-02T20:55:00-04:00,LOW,78,,True,true,
2026-10-03T01:09:30Z,IN,319,2026-10-02T20:55:00-04:00,22,78,,True,true,
2026-10-03T01:09:30Z,IN,320,2026-10-02T20:55:00-04:00,47,83,,True,true,
2026-10-03T01:09:30Z,IN,321,2026-10-02T20:55:00-04:00,21,41,,True,false,
2026-10-03T01:09:30Z,IN,300,2026-10-02T20:55:00-04:00,113,128,,True,false,
2026-10-03T01:09:30Z,IN,302,2026-10-02T20:55:00-04:00,13,30,,True,true,
2026-10-03T01:09:30Z,IN,301,2026-10-02T20:55:00-04:00,LOW,30,,True,true,
2026-10-03T01:09:30Z,IN,303,2026-10-02T20:55:00-04:00,73,194,,True,true,
2026-10-03T01:09:30Z,IN,304,2026-10-02T20:55:00-04:00,Unknown,99,,False,true,
2026-10-03T01:09:30Z,IN,305,2026-10-02T20:55:00-04:00,Unknown,156,,False,true,
2026-10-03T01:09:30Z,IN,323,2026-10-02T20:55:00-04:00,20,40,,True,true,
2026-10-03T01:09:30Z,IN,702,2026-10-02T20:55:00-04:00,38,75,,True,false,
2026-10-03T01:09:30Z,IN,701,2026-10-02T20:55:00-04:00,30,60,,True,false,
2026-10-03T01:09:30Z,IN,704,2026-10-02T20:55:00-04:00,40,80,,True,false,
2026-10-03T01:09:30Z,IN,703,2026-10-02T20:55:00-04:00,55,110,,True,false,
2026-10-03T01:09:30Z,IN,706,2026-10-02T20:55:00-04:00,35,70,,True,false,
2026-10-03T01:09:30Z,IN,705,2026-10-02T20:55:00-04:00,30,60,,True,false,
2026-10-03T01:09:30Z,IN,708,2026-10-02T20:55:00-04:00,23,45,,True,false,
2026-10-03T01:09:30Z,IN,707,2026-10-02T20:55:00-04:00,20,40,,True,false,
2026-10-03T01:09:30Z,IN,324,2026-10-02T20:55:00-04:00,16,31,,True,true,
2026-10-03T01:09:30Z,KY,KY00065IS0000020N65WELCOM,2026-10-03T01:08:01Z,LOW,21,STEADY,True,True,
2026-10-03T01:09:30Z,KY,KY00065IS000020NSMARATHON,2025-12-19T00:36:53Z,LOW,60,STEADY,True,False,
2026-10-03T01:09:30Z,KY,KY00065IS0000340NWEIGHS34,2026-07-01T19:04:41Z,22,40,STEADY,True,False,
2026-10-03T01:09:30Z,KY,KY00065IS0011400S65SRA114,2026-10-03T01:08:09Z,LOW,26,FILLING,True,True,
2026-10-03T01:09:30Z,KY,KY00065IS0005900S65SRA059,2026-10-03T01:08:08Z,70,109,FILLING,True,True,
2026-10-03T01:09:30Z,KY,KY00065IS0005900N65NRA059,2026-08-17T17:24:33Z,LOW,113,STEADY,True,False,
2026-10-03T01:09:30Z,KY,KY00075IS0003300NWEIGHS33,2026-10-03T01:07:46Z,31,50,STEADY,True,False,
2026-10-03T01:09:30Z,KY,KY00075IS0003400SWEIGHS34,2026-10-03T01:07:50Z,LOW,40,STEADY,True,True,
2026-10-03T01:09:30Z,KY,KY00075IS0017700N75NRA177,2026-07-13T10:37:14Z,LOW,53,CLEARING,True,False,
2026-10-03T01:09:30Z,KY,KY00075IS0007500SWALTONWS,2026-10-03T01:07:56Z,18,45,FILLING,True,True,
2026-10-03T01:09:30Z,KY,KY00075IS0017700S75SRA177,2026-10-03T01:07:48Z,14,67,CLEARING,True,True,
2026-10-03T01:09:30Z,KY,KY00075IS0016800SCRITENWS,2026-10-03T01:07:52Z,30,39,STEADY,True,True,
2026-10-03T01:09:30Z,KY,KY00075IS0000100N75WELCOM,2026-10-03T01:08:11Z,LOW,30,STEADY,True,False,
2026-10-03T01:09:34Z,IL,IL00055IN010400050,2026-10-03T01:09:22Z,0,0,Unknown,False,False,
2026-10-03T01:09:34Z,IL,IL00039IN008500036,2026-10-03T01:09:22Z,Unknown,42,Unknown,True,False,
2026-10-03T01:09:34Z,IL,IL00074IW015600009,2026-10-03T01:09:22Z,0,0,Unknown,False,False,
2026-10-03T01:09:34Z,IL,IL00074IE015600037,2026-10-03T01:09:22Z,0,0,Unknown,False,False,
2026-10-03T01:09:34Z,IL,IL00080IW011700016,2026-10-03T01:09:22Z,Unknown,39,Unknown,True,False,
2026-10-03T01:09:34Z,IL,IL00055IN006400027,2026-10-03T01:09:22Z,Unknown,0,Unknown,True,False,
2026-10-03T01:09:34Z,IL,IL00064IE002500038,2026-10-03T01:09:22Z,Unknown,0,Unknown,True,False,
2026-10-03T01:09:34Z,IL,IL00064IE008500039,2026-10-03T01:09:22Z,Unknown,0,Unknown,True,False,
2026-10-03T01:09:34Z,IL,IL00080IE005100040,2026-10-03T01:09:22Z,Unknown,39,Unknown,True,False,
2026-10-03T01:09:34Z,IL,IL00080IE011700043,2026-10-03T01:09:23Z,Unknown,31,Unknown,True,False,
2026-10-03T01:09:34Z,IL,IL00064IW008500012,2026-10-03T01:09:23Z,Unknown,0,Unknown,True,False,
2026-10-03T01:09:34Z,IL,IL00057IS022200054,2026-10-03T01:09:23Z,Unknown,0,Unknown,True,False,
2026-10-03T01:09:34Z,IL,IL00074IW002800020,2026-10-03T01:09:23Z,Unknown,15,Unknown,True,False,
2026-10-03T01:09:34Z,IL,IL00074IE002800030,2026-10-03T01:09:23Z,Unknown,14,Unknown,True,False,
2026-10-03T01:09:34Z,IL,IL00057IS033300046,2026-10-03T01:09:23Z,Unknown,0,Unknown,True,False,
2026-10-03T01:09:34Z,IL,IL00055IN014900028,2026-10-03T01:09:23Z,Unknown,0,Unknown,True,False,
2026-10-03T01:09:34Z,IL,IL00057IN022200048,2026-10-03T01:09:23Z,Unknown,0,Unknown,True,False,
2026-10-03T01:09:34Z,IL,IL00057IN026800032,2026-10-03T01:09:23Z,Unknown,25,Unknown,True,False,
2026-10-03T01:09:34Z,IL,IL00070IW002700015,2026-10-03T01:09:23Z,Unknown,0,Unknown,True,False,
2026-10-03T01:09:34Z,IL,IL00057IN033300049,2026-10-03T01:09:23Z,Unknown,0,Unknown,True,False,
2026-10-03T01:09:34Z,IL,IL00070IE002700042,2026-10-03T01:09:23Z,Unknown,0,Unknown,True,False,
2026-10-03T01:09:34Z,IL,IL00024IW003700010,2026-10-03T01:09:23Z,Unknown,0,Unknown,True,False,
2026-10-03T01:09:34Z,IL,IL00064IW013000053,2026-10-03T01:09:23Z,0,0,Unknown,False,False,
2026-10-03T01:09:34Z,IL,IL00055IS002700019,2026-10-03T01:09:23Z,Unknown,0,Unknown,True,False,
2026-10-03T01:09:34Z,IL,IL00057IN011400033,2026-10-03T01:09:23Z,Unknown,0,Unknown,True,False,
2026-10-03T01:09:34Z,IL,IL00074IW020800052,2026-10-03T01:09:23Z,Unknown,0,Unknown,True,False,
2026-10-03T01:09:34Z,IL,IL00070IE008600051,2026-10-03T01:09:23Z,0,0,Unknown,False,False,
2026-10-03T01:09:34Z,IL,IL00080IW005100013,2026-10-03T01:09:23Z,Unknown,47,Unknown,True,False,
2026-10-03T01:09:34Z,IL,IL00057IS026800022,2026-10-03T01:09:23Z,Unknown,27,Unknown,True,False,
2026-10-03T01:09:34Z,IL,IL00064IW002500011,2026-10-03T01:09:24Z,Unknown,0,Unknown,True,False,
2026-10-03T01:09:34Z,IL,IL00055IN002700029,2026-10-03T01:09:24Z,Unknown,0,Unknown,True,False,
2026-10-03T01:09:34Z,IL,IL00057IS011400023,2026-10-03T01:09:24Z,Unknown,0,Unknown,True,False,
2026-10-03T01:09:34Z,IL,IL00055IN019400031,2026-10-03T01:09:24Z,Unknown,36,Unknown,True,False,
2026-10-03T01:09:34Z,IL,IL00039IS008500026,2026-10-03T01:09:24Z,Unknown,42,Unknown,True,False,
2026-10-03T01:09:34Z,IL,IL00074IE006200001,2026-10-03T01:09:25Z,4,13,FILLING,True,True,
2026-10-03T01:09:34Z,IL,IL00074IW011400006,2026-10-03T01:09:26Z,10,18,STEADY,True,True,
2026-10-03T01:09:34Z,IL,IL00055IS019400021,2026-10-03T01:09:26Z,Unknown,29,Unknown,True,False,
2026-10-03T01:09:34Z,IL,IL00057IS007900047,2026-10-03T01:09:26Z,Unknown,0,Unknown,True,False,
2026-10-03T01:09:34Z,IL,IL00057IN007900034,2026-10-03T01:09:26Z,Unknown,0,Unknown,True,False,
2026-10-03T01:09:34Z,IL,IL00055IS006400017,2026-10-03T01:09:27Z,Unknown,0,Unknown,True,False,
2026-10-03T01:09:34Z,IL,IL00072IW015200014,2026-10-03T01:09:27Z,Unknown,17,Unknown,True,False,
2026-10-03T01:09:34Z,IL,IL00070IW014900008,2026-10-03T01:08:26Z,Unknown,39,Unknown,True,False,
2026-10-03T01:09:34Z,IL,IL00074IW006200004,2026-10-03T01:09:27Z,8,12,STEADY,True,True,
2026-10-03T01:09:34Z,IL,IL00074IE011400005,2026-10-03T01:09:30Z,16,25,FILLING,True,True,
2026-10-03T01:09:34Z,IL,IL00055IS010400024,2026-10-03T01:04:43Z,Unknown,0,STEADY,,False,
2026-10-03T01:09:34Z,IL,IL00057IS003200025,2026-10-03T01:04:43Z,Unknown,0,STEADY,,False,
2026-10-03T01:09:34Z,IL,IL00057IN003200035,2026-10-03T01:04:43Z,Unknown,17,STEADY,,False,
2026-10-03T01:09:34Z,IL,IL00070IW008700045,2026-10-03T01:09:11Z,Unknown,15,Unknown,True,False,
2026-10-03T01:09:34Z,IL,IL00057IS016500018,2026-10-03T01:07:31Z,3,15,STEADY,True,True,
2026-10-03T01:09:34Z,IL,IL00057IN016500044,2026-10-03T01:06:31Z,0,15,STEADY,False,False,
2026-10-03T01:09:34Z,IL,IL00072IE015200041,2026-10-03T01:07:58Z,10,16,FILLING,True,True,
2026-10-03T01:09:34Z,IN,322,2026-10-02T20:55:00-04:00,68,75,,True,false,
2026-10-03T01:09:34Z,IN,317,2026-10-02T20:55:00-04:00,19,58,,True,true,
2026-10-03T01:09:34Z,IN,316,2026-10-02T20:55:00-04:00,15,58,,True,false,
2026-10-03T01:09:34Z,IN,315,2026-10-02T20:55:00-04:00,Unknown,36,,False,true,
2026-10-03T01:09:34Z,IN,314,2026-10-02T20:55:00-04:00,Unknown,36,,False,true,
2026-10-03T01:09:34Z,IN,313,2026-10-02T20:55:00-04:00,LOW,75,,True,true,
2026-10-03T01:09:34Z,IN,312,2026-10-02T20:55:00-04:00,34,75,,True,false,
2026-10-03T01:09:34Z,IN,311,2026-10-02T20:55:00-04:00,Unknown,13,,False,true,
2026-10-03T01:09:34Z,IN,310,2026-10-02T20:55:00-04:00,Unknown,13,,False,true,
2026-10-03T01:09:34Z,IN,308,2026-10-02T20:55:00-04:00,21,75,,True,true,
2026-10-03T01:09:34Z,IN,309,2026-10-02T20:55:00-04:00,87,150,,True,true,
2026-10-03T01:09:34Z,IN,318,2026-10-02T20:55:00-04:00,LOW,78,,True,true,
2026-10-03T01:09:34Z,IN,319,2026-10-02T20:55:00-04:00,22,78,,True,true,
2026-10-03T01:09:34Z,IN,320,2026-10-02T20:55:00-04:00,47,83,,True,true,
2026-10-03T01:09:34Z,IN,321,2026-10-02T20:55:00-04:00,21,41,,True,false,
2026-10-03T01:09:34Z,IN,300,2026-10-02T20:55:00-04:00,113,128,,True,false,
2026-10-03T01:09:34Z,IN,302,2026-10-02T20:55:00-04:00,13,30,,True,true,
2026-10-03T01:09:34Z,IN,301,2026-10-02T20:55:00-04:00,LOW,30,,True,true,
2026-10-03T01:09:34Z,IN,303,2026-10-02T20:55:00-04:00,73,194,,True,true,
2026-10-03T01:09:34Z,IN,304,2026-10-02T20:55:00-04:00,Unknown,99,,False,true,
2026-10-03T01:09:34Z,IN,305,2026-10-02T20:55:00-04:00,Unknown,156,,False,true,
2026-10-03T01:09:34Z,IN,323,2026-10-02T20:55:00-04:00,20,40,,True,true,
2026-10-03T01:09:34Z,IN,702,2026-10-02T20:55:00-04:00,38,75,,True,false,
2026-10-03T01:09:34Z,IN,701,2026-10-02T20:55:00-04:00,30,60,,True,false,
2026-10-03T01:09:34Z,IN,704,2026-10-02T20:55:00-04:00,40,80,,True,false,
2026-10-03T01:09:34Z,IN,703,2026-10-02T20:55:00-04:00,55,110,,True,false,
2026-10-03T01:09:34Z,IN,706,2026-10-02T20:55:00-04:00,35,70,,True,false,
2026-10-03T01:09:34Z,IN,705,2026-10-02T20:55:00-04:00,30,60,,True,false,
2026-10-03T01:09:34Z,IN,708,2026-10-02T20:55:00-04:00,23,45,,True,false,
2026-10-03T01:09:34Z,IN,707,2026-10-02T20:55:00-04:00,20,40,,True,false,
2026-10-03T01:09:34Z,IN,324,2026-10-02T20:55:00-04:00,16,31,,True,true,
2026-10-03T01:09:34Z,KY,KY00065IS0000020N65WELCOM,2026-10-03T01:08:01Z,LOW,21,STEADY,True,True,
2026-10-03T01:09:34Z,KY,KY00065IS000020NSMARATHON,2025-12-19T00:36:53Z,LOW,60,STEADY,True,False,
2026-10-03T01:09:34Z,KY,KY00065IS0000340NWEIGHS34,2026-07-01T19:04:41Z,22,40,STEADY,True,False,
2026-10-03T01:09:34Z,KY,KY00065IS0011400S65SRA114,2026-10-03T01:08:09Z,LOW,26,FILLING,True,True,
2026-10-03T01:09:34Z,KY,KY00065IS0005900S65SRA059,2026-10-03T01:08:08Z,70,109,FILLING,True,True,
2026-10-03T01:09:34Z,KY,KY00065IS0005900N65NRA059,2026-08-17T17:24:33Z,LOW,113,STEADY,True,False,
2026-10-03T01:09:34Z,KY,KY00075IS0003300NWEIGHS33,2026-10-03T01:07:46Z,31,50,STEADY,True,False,
2026-10-03T01:09:34Z,KY,KY00075IS0003400SWEIGHS34,2026-10-03T01:07:50Z,LOW,40,STEADY,True,True,
2026-10-03T01:09:34Z,KY,KY00075IS0017700N75NRA177,2026-07-13T10:37:14Z,LOW,53,CLEARING,True,False,
2026-10-03T01:09:34Z,KY,KY00075IS0007500SWALTONWS,2026-10-03T01:07:56Z,18,45,FILLING,True,True,
2026-10-03T01:09:34Z,KY,KY00075IS0017700S75SRA177,2026-10-03T01:07:48Z,14,67,CLEARING,True,True,
2026-10-03T01:09:34Z,KY,KY00075IS0016800SCRITENWS,2026-10-03T01:07:52Z,30,39,STEADY,True,True,
2026-10-03T01:09:34Z,KY,KY00075IS0000100N75WELCOM,2026-10-03T01:08:11Z,LOW,30,STEADY,True,False,
2026-10-03T01:09:39Z,IL,IL00055IN010400050,2026-10-03T01:09:22Z,0,0,Unknown,False,False,
2026-10-03T01:09:39Z,IL,IL00039IN008500036,2026-10-03T01:09:22Z,Unknown,42,Unknown,True,False,
2026-10-03T01:09:39Z,IL,IL00074IW015600009,2026-10-03T01:09:22Z,0,0,Unknown,False,False,
2026-10-03T01:09:39Z,IL,IL00074IE015600037,2026-10-03T01:09:22Z,0,0,Unknown,False,False,
2026-10-03T01:09:39Z,IL,IL00080IW011700016,2026-10-03T01:09:22Z,Unknown,39,Unknown,True,False,
2026-10-03T01:09:39Z,IL,IL00055IN006400027,2026-10-03T01:09:22Z,Unknown,0,Unknown,True,False,
2026-10-03T01:09:39Z,IL,IL00064IE002500038,2026-10-03T01:09:22Z,Unknown,0,Unknown,True,False,
2026-10-03T01:09:39Z,IL,IL00064IE008500039,2026-10-03T01:09:22Z,Unknown,0,Unknown,True,False,
2026-10-03T01:09:39Z,IL,IL00080IE005100040,2026-10-03T01:09:22Z,Unknown,39,Unknown,True,False,
2026-10-03T01:09:39Z,IL,IL00080IE011700043,2026-10-03T01:09:23Z,Unknown,31,Unknown,True,False,
2026-10-03T01:09:39Z,IL,IL00064IW008500012,2026-10-03T01:09:23Z,Unknown,0,Unknown,True,False,
2026-10-03T01:09:39Z,IL,IL00057IS022200054,2026-10-03T01:09:23Z,Unknown,0,Unknown,True,False,
2026-10-03T01:09:39Z,IL,IL00074IW002800020,2026-10-03T01:09:23Z,Unknown,15,Unknown,True,False,
2026-10-03T01:09:39Z,IL,IL00074IE002800030,2026-10-03T01:09:23Z,Unknown,14,Unknown,True,False,
2026-10-03T01:09:39Z,IL,IL00057IS033300046,2026-10-03T01:09:23Z,Unknown,0,Unknown,True,False,
2026-10-03T01:09:39Z,IL,IL00055IN014900028,2026-10-03T01:09:23Z,Unknown,0,Unknown,True,False,
2026-10-03T01:09:39Z,IL,IL00057IN022200048,2026-10-03T01:09:23Z,Unknown,0,Unknown,True,False,
2026-10-03T01:09:39Z,IL,IL00057IN026800032,2026-10-03T01:09:23Z,Unknown,25,Unknown,True,False,
2026-10-03T01:09:39Z,IL,IL00070IW002700015,2026-10-03T01:09:23Z,Unknown,0,Unknown,True,False,
2026-10-03T01:09:39Z,IL,IL00057IN033300049,2026-10-03T01:09:23Z,Unknown,0,Unknown,True,False,
2026-10-03T01:09:39Z,IL,IL00070IE002700042,2026-10-03T01:09:23Z,Unknown,0,Unknown,True,False,
2026-10-03T01:09:39Z,IL,IL00024IW003700010,2026-10-03T01:09:23Z,Unknown,0,Unknown,True,False,
2026-10-03T01:09:39Z,IL,IL00064IW013000053,2026-10-03T01:09:23Z,0,0,Unknown,False,False,
2026-10-03T01:09:39Z,IL,IL00055IS002700019,2026-10-03T01:09:23Z,Unknown,0,Unknown,True,False,
2026-10-03T01:09:39Z,IL,IL00057IN011400033,2026-10-03T01:09:23Z,Unknown,0,Unknown,True,False,
2026-10-03T01:09:39Z,IL,IL00074IW020800052,2026-10-03T01:09:23Z,Unknown,0,Unknown,True,False,
2026-10-03T01:09:39Z,IL,IL00070IE008600051,2026-10-03T01:09:23Z,0,0,Unknown,False,False,
2026-10-03T01:09:39Z,IL,IL00080IW005100013,2026-10-03T01:09:23Z,Unknown,47,Unknown,True,False,
2026-10-03T01:09:39Z,IL,IL00057IS026800022,2026-10-03T01:09:23Z,Unknown,27,Unknown,True,False,
2026-10-03T01:09:39Z,IL,IL00064IW002500011,2026-10-03T01:09:24Z,Unknown,0,Unknown,True,False,
2026-10-03T01:09:39Z,IL,IL00055IN002700029,2026-10-03T01:09:24Z,Unknown,0,Unknown,True,False,
2026-10-03T01:09:39Z,IL,IL00057IS011400023,2026-10-03T01:09:24Z,Unknown,0,Unknown,True,False,
2026-10-03T01:09:39Z,IL,IL00055IN019400031,2026-10-03T01:09:24Z,Unknown,36,Unknown,True,False,
2026-10-03T01:09:39Z,IL,IL00039IS008500026,2026-10-03T01:09:24Z,Unknown,42,Unknown,True,False,
2026-10-03T01:09:39Z,IL,IL00074IE006200001,2026-10-03T01:09:25Z,4,13,FILLING,True,True,
2026-10-03T01:09:39Z,IL,IL00074IW011400006,2026-10-03T01:09:26Z,10,18,STEADY,True,True,
2026-10-03T01:09:39Z,IL,IL00055IS019400021,2026-10-03T01:09:26Z,Unknown,29,Unknown,True,False,
2026-10-03T01:09:39Z,IL,IL00057IS007900047,2026-10-03T01:09:26Z,Unknown,0,Unknown,True,False,
2026-10-03T01:09:39Z,IL,IL00057IN007900034,2026-10-03T01:09:26Z,Unknown,0,Unknown,True,False,
2026-10-03T01:09:39Z,IL,IL00055IS006400017,2026-10-03T01:09:27Z,Unknown,0,Unknown,True,False,
2026-10-03T01:09:39Z,IL,IL00072IW015200014,2026-10-03T01:09:27Z,Unknown,17,Unknown,True,False,
2026-10-03T01:09:39Z,IL,IL00070IW014900008,2026-10-03T01:08:26Z,Unknown,39,Unknown,True,False,
2026-10-03T01:09:39Z,IL,IL00074IW006200004,2026-10-03T01:09:27Z,8,12,STEADY,True,True,
2026-10-03T01:09:39Z,IL,IL00074IE011400005,2026-10-03T01:09:30Z,16,25,FILLING,True,True,
2026-10-03T01:09:39Z,IL,IL00055IS010400024,2026-10-03T01:04:43Z,Unknown,0,STEADY,,False,
2026-10-03T01:09:39Z,IL,IL00057IS003200025,2026-10-03T01:04:43Z,Unknown,0,STEADY,,False,
2026-10-03T01:09:39Z,IL,IL00057IN003200035,2026-10-03T01:04:43Z,Unknown,17,STEADY,,False,
2026-10-03T01:09:39Z,IL,IL00070IW008700045,2026-10-03T01:09:11Z,Unknown,15,Unknown,True,False,
2026-10-03T01:09:39Z,IL,IL00057IS016500018,2026-10-03T01:07:31Z,3,15,STEADY,True,True,
2026-10-03T01:09:39Z,IL,IL00057IN016500044,2026-10-03T01:06:31Z,0,15,STEADY,False,False,
2026-10-03T01:09:39Z,IL,IL00072IE015200041,2026-10-03T01:07:58Z,10,16,FILLING,True,True,
2026-10-03T01:09:39Z,IN,322,2026-10-02T20:55:00-04:00,68,75,,True,false,
2026-10-03T01:09:39Z,IN,317,2026-10-02T20:55:00-04:00,19,58,,True,true,
2026-10-03T01:09:39Z,IN,316,2026-10-02T20:55:00-04:00,15,58,,True,false,
2026-10-03T01:09:39Z,IN,315,2026-10-02T20:55:00-04:00,Unknown,36,,False,true,
2026-10-03T01:09:39Z,IN,314,2026-10-02T20:55:00-04:00,Unknown,36,,False,true,
2026-10-03T01:09:39Z,IN,313,2026-10-02T20:55:00-04:00,LOW,75,,True,true,
2026-10-03T01:09:39Z,IN,312,2026-10-02T20:55:00-04:00,34,75,,True,false,
2026-10-03T01:09:39Z,IN,311,2026-10-02T20:55:00-04:00,Unknown,13,,False,true,
2026-10-03T01:09:39Z,IN,310,2026-10-02T20:55:00-04:00,Unknown,13,,False,true,
2026-10-03T01:09:39Z,IN,308,2026-10-02T20:55:00-04:00,21,75,,True,true,
2026-10-03T01:09:39Z,IN,309,2026-10-02T20:55:00-04:00,87,150,,True,true,
2026-10-03T01:09:39Z,IN,318,2026-10-02T20:55:00-04:00,LOW,78,,True,true,
2026-10-03T01:09:39Z,IN,319,2026-10-02T20:55:00-04:00,22,78,,True,true,
2026-10-03T01:09:39Z,IN,320,2026-10-02T20:55:00-04:00,47,83,,True,true,
2026-10-03T01:09:39Z,IN,321,2026-10-02T20:55:00-04:00,21,41,,True,false,
2026-10-03T01:09:39Z,IN,300,2026-10-02T20:55:00-04:00,113,128,,True,false,
2026-10-03T01:09:39Z,IN,302,2026-10-02T20:55:00-04:00,13,30,,True,true,
2026-10-03T01:09:39Z,IN,301,2026-10-02T20:55:00-04:00,LOW,30,,True,true,
2026-10-03T01:09:39Z,IN,303,2026-10-02T20:55:00-04:00,73,194,,True,true,
2026-10-03T01:09:39Z,IN,304,2026-10-02T20:55:00-04:00,Unknown,99,,False,true,
2026-10-03T01:09:39Z,IN,305,2026-10-02T20:55:00-04:00,Unknown,156,,False,true,
2026-10-03T01:09:39Z,IN,323,2026-10-02T20:55:00-04:00,20,40,,True,true,
2026-10-03T01:09:39Z,IN,702,2026-10-02T20:55:00-04:00,38,75,,True,false,
2026-10-03T01:09:39Z,IN,701,2026-10-02T20:55:00-04:00,30,60,,True,false,
2026-10-03T01:09:39Z,IN,704,2026-10-02T20:55:00-04:00,40,80,,True,false,
2026-10-03T01:09:39Z,IN,703,2026-10-02T20:55:00-04:00,55,110,,True,false,
2026-10-03T01:09:39Z,IN,706,2026-10-02T20:55:00-04:00,35,70,,True,false,
2026-10-03T01:09:39Z,IN,705,2026-10-02T20:55:00-04:00,30,60,,True,false,
2026-10-03T01:09:39Z,IN,708,2026-10-02T20:55:00-04:00,23,45,,True,false,
2026-10-03T01:09:39Z,IN,707,2026-10-02T20:55:00-04:00,20,40,,True,false,
2026-10-03T01:09:39Z,IN,324,2026-10-02T20:55:00-04:00,16,31,,True,true,
2026-10-03T01:09:39Z,KY,KY00065IS0000020N65WELCOM,2026-10-03T01:08:01Z,LOW,21,STEADY,True,True,
2026-10-03T01:09:39Z,KY,KY00065IS000020NSMARATHON,2025-12-19T00:36:53Z,LOW,60,STEADY,True,False,
2026-10-03T01:09:39Z,KY,KY00065IS0000340NWEIGHS34,2026-07-01T19:04:41Z,22,40,STEADY,True,False,
2026-10-03T01:09:39Z,KY,KY00065IS0011400S65SRA114,2026-10-03T01:08:09Z,LOW,26,FILLING,True,True,
2026-10-03T01:09:39Z,KY,KY00065IS0005900S65SRA059,2026-10-03T01:08:08Z,70,109,FILLING,True,True,
2026-10-03T01:09:39Z,KY,KY00065IS0005900N65NRA059,2026-08-17T17:24:33Z,LOW,113,STEADY,True,False,
2026-10-03T01:09:39Z,KY,KY00075IS0003300NWEIGHS33,2026-10-03T01:07:46Z,31,50,STEADY,True,False,
2026-10-03T01:09:39Z,KY,KY00075IS0003400SWEIGHS34,2026-10-03T01:07:50Z,LOW,40,STEADY,True,True,
2026-10-03T01:09:39Z,KY,KY00075IS0017700N75NRA177,2026-07-13T10:37:14Z,LOW,53,CLEARING,True,False,
2026-10-03T01:09:39Z,KY,KY00075IS0007500SWALTONWS,2026-10-03T01:07:56Z,18,45,FILLING,True,True,
2026-10-03T01:09:39Z,KY,KY00075IS0017700S75SRA177,2026-10-03T01:07:48Z,14,67,CLEARING,True,True,
2026-10-03T01:09:39Z,KY,KY00075IS0016800SCRITENWS,2026-10-03T01:07:52Z,30,39,STEADY,True,True,
2026-10-03T01:09:39Z,KY,KY00075IS0000100N75WELCOM,2026-10-03T01:08:11Z,LOW,30,STEADY,True,False,
2026-10-03T01:09:43Z,IL,IL00055IN010400050,2026-10-03T01:09:22Z,0,0,Unknown,False,False,
2026-10-03T01:09:43Z,IL,IL00039IN008500036,2026-10-03T01:09:22Z,Unknown,42,Unknown,True,False,
2026-10-03T01:09:43Z,IL,IL00074IW015600009,2026-10-03T01:09:22Z,0,0,Unknown,False,False,
2026-10-03T01:09:43Z,IL,IL00074IE015600037,2026-10-03T01:09:22Z,0,0,Unknown,False,False,
2026-10-03T01:09:43Z,IL,IL00080IW011700016,2026-10-03T01:09:22Z,Unknown,39,Unknown,True,False,
2026-10-03T01:09:43Z,IL,IL00055IN006400027,2026-10-03T01:09:22Z,Unknown,0,Unknown,True,False,
2026-10-03T01:09:43Z,IL,IL00064IE002500038,2026-10-03T01:09:22Z,Unknown,0,Unknown,True,False,
2026-10-03T01:09:43Z,IL,IL00064IE008500039,2026-10-03T01:09:22Z,Unknown,0,Unknown,True,False,
2026-10-03T01:09:43Z,IL,IL00080IE005100040,2026-10-03T01:09:22Z,Unknown,39,Unknown,True,False,
2026-10-03T01:09:43Z,IL,IL00080IE011700043,2026-10-03T01:09:23Z,Unknown,31,Unknown,True,False,
2026-10-03T01:09:43Z,IL,IL00064IW008500012,2026-10-03T01:09:23Z,Unknown,0,Unknown,True,False,
2026-10-03T01:09:43Z,IL,IL00057IS022200054,2026-10-03T01:09:23Z,Unknown,0,Unknown,True,False,
2026-10-03T01:09:43Z,IL,IL00074IW002800020,2026-10-03T01:09:23Z,Unknown,15,Unknown,True,False,
2026-10-03T01:09:43Z,IL,IL00074IE002800030,2026-10-03T01:09:23Z,Unknown,14,Unknown,True,False,
2026-10-03T01:09:43Z,IL,IL00057IS033300046,2026-10-03T01:09:23Z,Unknown,0,Unknown,True,False,
2026-10-03T01:09:43Z,IL,IL00055IN014900028,2026-10-03T01:09:23Z,Unknown,0,Unknown,True,False,
2026-10-03T01:09:43Z,IL,IL00057IN022200048,2026-10-03T01:09:23Z,Unknown,0,Unknown,True,False,
2026-10-03T01:09:43Z,IL,IL00057IN026800032,2026-10-03T01:09:23Z,Unknown,25,Unknown,True,False,
2026-10-03T01:09:43Z,IL,IL00070IW002700015,2026-10-03T01:09:23Z,Unknown,0,Unknown,True,False,
2026-10-03T01:09:43Z,IL,IL00057IN033300049,2026-10-03T01:09:23Z,Unknown,0,Unknown,True,False,
2026-10-03T01:09:43Z,IL,IL00070IE002700042,2026-10-03T01:09:23Z,Unknown,0,Unknown,True,False,
2026-10-03T01:09:43Z,IL,IL00024IW003700010,2026-10-03T01:09:23Z,Unknown,0,Unknown,True,False,
2026-10-03T01:09:43Z,IL,IL00064IW013000053,2026-10-03T01:09:23Z,0,0,Unknown,False,False,
2026-10-03T01:09:43Z,IL,IL00055IS002700019,2026-10-03T01:09:23Z,Unknown,0,Unknown,True,False,
2026-10-03T01:09:43Z,IL,IL00057IN011400033,2026-10-03T01:09:23Z,Unknown,0,Unknown,True,False,
2026-10-03T01:09:43Z,IL,IL00074IW020800052,2026-10-03T01:09:23Z,Unknown,0,Unknown,True,False,
2026-10-03T01:09:43Z,IL,IL00070IE008600051,2026-10-03T01:09:23Z,0,0,Unknown,False,False,
2026-10-03T01:09:43Z,IL,IL00080IW005100013,2026-10-03T01:09:23Z,Unknown,47,Unknown,True,False,
2026-10-03T01:09:43Z,IL,IL00057IS026800022,2026-10-03T01:09:23Z,Unknown,27,Unknown,True,False,
2026-10-03T01:09:43Z,IL,IL00064IW002500011,2026-10-03T01:09:24Z,Unknown,0,Unknown,True,False,
2026-10-03T01:09:43Z,IL,IL00055IN002700029,2026-10-03T01:09:24Z,Unknown,0,Unknown,True,False,
2026-10-03T01:09:43Z,IL,IL00057IS011400023,2026-10-03T01:09:24Z,Unknown,0,Unknown,True,False,
2026-10-03T01:09:43Z,IL,IL00055IN019400031,2026-10-03T01:09:24Z,Unknown,36,Unknown,True,False,
2026-10-03T01:09:43Z,IL,IL00039IS008500026,2026-10-03T01:09:24Z,Unknown,42,Unknown,True,False,
2026-10-03T01:09:43Z,IL,IL00074IE006200001,2026-10-03T01:09:25Z,4,13,FILLING,True,True,
2026-10-03T01:09:43Z,IL,IL00074IW011400006,2026-10-03T01:09:26Z,10,18,STEADY,True,True,
2026-10-03T01:09:43Z,IL,IL00055IS019400021,2026-10-03T01:09:26Z,Unknown,29,Unknown,True,False,
2026-10-03T01:09:43Z,IL,IL00057IS007900047,2026-10-03T01:09:26Z,Unknown,0,Unknown,True,False,
2026-10-03T01:09:43Z,IL,IL00057IN007900034,2026-10-03T01:09:26Z,Unknown,0,Unknown,True,False,
2026-10-03T01:09:43Z,IL,IL00055IS006400017,2026-10-03T01:09:27Z,Unknown,0,Unknown,True,False,
2026-10-03T01:09:43Z,IL,IL00072IW015200014,2026-10-03T01:09:27Z,Unknown,17,Unknown,True,False,
2026-10-03T01:09:43Z,IL,IL00070IW014900008,2026-10-03T01:08:26Z,Unknown,39,Unknown,True,False,
2026-10-03T01:09:43Z,IL,IL00074IW006200004,2026-10-03T01:09:27Z,8,12,STEADY,True,True,
2026-10-03T01:09:43Z,IL,IL00074IE011400005,2026-10-03T01:09:30Z,16,25,FILLING,True,True,
2026-10-03T01:09:43Z,IL,IL00055IS010400024,2026-10-03T01:04:43Z,Unknown,0,STEADY,,False,
2026-10-03T01:09:43Z,IL,IL00057IS003200025,2026-10-03T01:04:43Z,Unknown,0,STEADY,,False,
2026-10-03T01:09:43Z,IL,IL00057IN003200035,2026-10-03T01:04:43Z,Unknown,17,STEADY,,False,
2026-10-03T01:09:43Z,IL,IL00070IW008700045,2026-10-03T01:09:11Z,Unknown,15,Unknown,True,False,
2026-10-03T01:09:43Z,IL,IL00057IS016500018,2026-10-03T01:07:31Z,3,15,STEADY,True,True,
2026-10-03T01:09:43Z,IL,IL00057IN016500044,2026-10-03T01:06:31Z,0,15,STEADY,False,False,
2026-10-03T01:09:43Z,IL,IL00072IE015200041,2026-10-03T01:07:58Z,10,16,FILLING,True,True,
2026-10-03T01:09:43Z,IN,322,2026-10-02T20:55:00-04:00,68,75,,True,false,
2026-10-03T01:09:43Z,IN,317,2026-10-02T20:55:00-04:00,19,58,,True,true,
2026-10-03T01:09:43Z,IN,316,2026-10-02T20:55:00-04:00,15,58,,True,false,
2026-10-03T01:09:43Z,IN,315,2026-10-02T20:55:00-04:00,Unknown,36,,False,true,
2026-10-03T01:09:43Z,IN,314,2026-10-02T20:55:00-04:00,Unknown,36,,False,true,
2026-10-03T01:09:43Z,IN,313,2026-10-02T20:55:00-04:00,LOW,75,,True,true,
2026-10-03T01:09:43Z,IN,312,2026-10-02T20:55:00-04:00,34,75,,True,false,
2026-10-03T01:09:43Z,IN,311,2026-10-02T20:55:00-04:00,Unknown,13,,False,true,
2026-10-03T01:09:43Z,IN,310,2026-10-02T20:55:00-04:00,Unknown,13,,False,true,
2026-10-03T01:09:43Z,IN,308,2026-10-02T20:55:00-04:00,21,75,,True,true,
2026-10-03T01:09:43Z,IN,309,2026-10-02T20:55:00-04:00,87,150,,True,true,
2026-10-03T01:09:43Z,IN,318,2026-10-02T20:55:00-04:00,LOW,78,,True,true,
2026-10-03T01:09:43Z,IN,319,2026-10-02T20:55:00-04:00,22,78,,True,true,
2026-10-03T01:09:43Z,IN,320,2026-10-02T20:55:00-04:00,47,83,,True,true,
2026-10-03T01:09:43Z,IN,321,2026-10-02T20:55:00-04:00,21,41,,True,false,
2026-10-03T01:09:43Z,IN,300,2026-10-02T20:55:00-04:00,113,128,,True,false,
2026-10-03T01:09:43Z,IN,302,2026-10-02T20:55:00-04:00,13,30,,True,true,
2026-10-03T01:09:43Z,IN,301,2026-10-02T20:55:00-04:00,LOW,30,,True,true,
2026-10-03T01:09:43Z,IN,303,2026-10-02T20:55:00-04:00,73,194,,True,true,
2026-10-03T01:09:43Z,IN,304,2026-10-02T20:55:00-04:00,Unknown,99,,False,true,
2026-10-03T01:09:43Z,IN,305,2026-10-02T20:55:00-04:00,Unknown,156,,False,true,
2026-10-03T01:09:43Z,IN,323,2026-10-02T20:55:00-04:00,20,40,,True,true,
2026-10-03T01:09:43Z,IN,702,2026-10-02T20:55:00-04:00,38,75,,True,false,
2026-10-03T01:09:43Z,IN,701,2026-10-02T20:55:00-04:00,30,60,,True,false,
2026-10-03T01:09:43Z,IN,704,2026-10-02T20:55:00-04:00,40,80,,True,false,
2026-10-03T01:09:43Z,IN,703,2026-10-02T20:55:00-04:00,55,110,,True,false,
2026-10-03T01:09:43Z,IN,706,2026-10-02T20:55:00-04:00,35,70,,True,false,
2026-10-03T01:09:43Z,IN,705,2026-10-02T20:55:00-04:00,30,60,,True,false,
2026-10-03T01:09:43Z,IN,708,2026-10-02T20:55:00-04:00,23,45,,True,false,
2026-10-03T01:09:43Z,IN,707,2026-10-02T20:55:00-04:00,20,40,,True,false,
2026-10-03T01:09:43Z,IN,324,2026-10-02T20:55:00-04:00,16,31,,True,true,
2026-10-03T01:09:43Z,KY,KY00065IS0000020N65WELCOM,2026-10-03T01:08:01Z,LOW,21,STEADY,True,True,
2026-10-03T01:09:43Z,KY,KY00065IS000020NSMARATHON,2025-12-19T00:36:53Z,LOW,60,STEADY,True,False,
2026-10-03T01:09:43Z,KY,KY00065IS0000340NWEIGHS34,2026-07-01T19:04:41Z,22,40,STEADY,True,False,
2026-10-03T01:09:43Z,KY,KY00065IS0011400S65SRA114,2026-10-03T01:08:09Z,LOW,26,FILLING,True,True,
2026-10-03T01:09:43Z,KY,KY00065IS0005900S65SRA059,2026-10-03T01:08:08Z,70,109,FILLING,True,True,
2026-10-03T01:09:43Z,KY,KY00065IS0005900N65NRA059,2026-08-17T17:24:33Z,LOW,113,STEADY,True,False,
2026-10-03T01:09:43Z,KY,KY00075IS0003300NWEIGHS33,2026-10-03T01:07:46Z,31,50,STEADY,True,False,
2026-10-03T01:09:43Z,KY,KY00075IS0003400SWEIGHS34,2026-10-03T01:07:50Z,LOW,40,STEADY,True,True,
2026-10-03T01:09:43Z,KY,KY00075IS0017700N75NRA177,2026-07-13T10:37:14Z,LOW,53,CLEARING,True,False,
2026-10-03T01:09:43Z,KY,KY00075IS0007500SWALTONWS,2026-10-03T01:07:56Z,18,45,FILLING,True,True,
2026-10-03T01:09:43Z,KY,KY00075IS0017700S75SRA177,2026-10-03T01:07:48Z,14,67,CLEARING,True,True,
2026-10-03T01:09:43Z,KY,KY00075IS0016800SCRITENWS,2026-10-03T01:07:52Z,30,39,STEADY,True,True,
2026-10-03T01:09:43Z,KY,KY00075IS0000100N75WELCOM,2026-10-03T01:08:11Z,LOW,30,STEADY,True,False,
