polled_at_utc,state,site_id,lat,lng,temp_f,short_forecast,precip_pct,wind_mph,snow,ice,is_rain,is_heavy_rain,state_severe_alert,m_weather_delta
2026-08-24T00:11:24Z,IL,IL00057IN007900034,38.0297,-88.9203,78,Partly Cloudy,0,2,False,False,False,False,True,0.2
2026-08-24T00:11:24Z,IL,IL00057IS022200054,39.9314,-88.3043,77,Mostly Clear,0,8,False,False,False,False,True,0.2
2026-08-24T00:11:24Z,IL,IL00039IN008500036,41.7236,-89.0062,72,Mostly Clear,0,10,False,False,False,False,True,0.2
2026-08-24T00:11:24Z,IL,IL00055IS019400021,40.8371,-88.6833,73,Mostly Clear,0,5,False,False,False,False,True,0.2
2026-08-24T00:11:24Z,IL,IL00057IN022200048,39.9218,-88.299,77,Mostly Clear,0,8,False,False,False,False,True,0.2
2026-08-24T00:11:24Z,IL,IL00055IN006400027,39.3465,-89.6408,74,Mostly Clear,0,5,False,False,False,False,True,0.2
2026-08-24T00:11:24Z,IL,IL00070IE002700042,38.7849,-89.7023,77,Partly Cloudy,0,6,False,False,False,False,True,0.2
2026-08-24T00:11:24Z,IL,IL00057IN026800032,40.5505,-88.0605,73,Mostly Clear,0,10,False,False,False,False,True,0.2
2026-08-24T00:11:24Z,IL,IL00064IW002500011,38.5491,-89.7633,78,Partly Cloudy,0,3,False,False,False,False,True,0.2
2026-08-24T00:11:24Z,IL,IL00024IW003700010,37.1593,-88.6798,79,Mostly Cloudy,0,3,False,False,False,False,True,0.2
2026-08-24T00:11:24Z,IL,IL00074IE002800030,41.2334,-90.333,72,Mostly Clear,0,5,False,False,False,False,True,0.2
2026-08-24T00:11:24Z,IL,IL00080IW005100013,41.3937,-89.5591,76,Partly Cloudy,0,5,False,False,False,False,True,0.2
2026-08-24T00:11:24Z,IL,IL00055IN010400050,39.8627,-89.5948,75,Mostly Clear,0,7,False,False,False,False,True,0.2
2026-08-24T00:11:24Z,IL,IL00055IN002700029,38.8649,-89.8532,77,Partly Cloudy,0,7,False,False,False,False,True,0.2
2026-08-24T00:11:24Z,IL,IL00074IE015600037,40.2732,-88.6762,77,Mostly Clear,0,9,False,False,False,False,True,0.2
2026-08-24T00:11:24Z,IL,IL00072IE015200041,39.9923,-88.7827,76,Mostly Clear,0,9,False,False,False,False,True,0.2
2026-08-24T00:11:24Z,IL,IL00080IW011700016,41.4473,-88.3285,74,Mostly Clear,0,10,False,False,False,False,True,0.2
2026-08-24T00:11:24Z,IL,IL00057IS011400023,38.5965,-88.9677,77,Partly Cloudy,0,6,False,False,False,False,True,0.2
2026-08-24T00:11:24Z,IL,IL00057IS033300046,41.3918,-87.7749,72,Clear,0,10,False,False,False,False,True,0.2
2026-08-24T00:11:24Z,IL,IL00057IS007900047,38.0962,-88.9138,78,Partly Cloudy,0,2,False,False,False,False,True,0.2
2026-08-24T00:11:24Z,IL,IL00072IW015200014,39.9888,-88.7852,76,Mostly Clear,0,9,False,False,False,False,True,0.2
2026-08-24T00:11:24Z,IL,IL00055IN014900028,40.3599,-89.1099,77,Mostly Clear,0,7,False,False,False,False,True,0.2
2026-08-24T00:11:24Z,IL,IL00074IW002800020,41.2141,-90.3308,72,Mostly Clear,0,5,False,False,False,False,True,0.2
2026-08-24T00:11:24Z,IL,IL00064IW008500012,38.2766,-88.8012,77,Partly Cloudy,0,2,False,False,False,False,True,0.2
2026-08-24T00:11:24Z,IL,IL00057IN033300049,41.3892,-87.7729,72,Clear,0,10,False,False,False,False,True,0.2
2026-08-24T00:11:24Z,IL,IL00039IS008500026,41.7285,-89.0105,72,Mostly Clear,0,10,False,False,False,False,True,0.2
2026-08-24T00:11:24Z,IL,IL00070IE008600051,39.0651,-88.6745,77,Mostly Clear,0,6,False,False,False,False,True,0.2
2026-08-24T00:11:24Z,IL,IL00064IE002500038,38.5481,-89.7731,78,Partly Cloudy,0,3,False,False,False,False,True,0.2
2026-08-24T00:11:24Z,IL,IL00055IN019400031,40.8234,-88.6875,73,Mostly Clear,0,5,False,False,False,False,True,0.2
2026-08-24T00:11:24Z,IL,IL00080IE011700043,41.4314,-88.3454,74,Mostly Clear,0,10,False,False,False,False,True,0.2
2026-08-24T00:11:24Z,IL,IL00074IW015600009,40.2711,-88.6701,77,Mostly Clear,0,9,False,False,False,False,True,0.2
2026-08-24T00:11:24Z,IL,IL00057IN011400033,38.5963,-88.9638,77,Partly Cloudy,0,6,False,False,False,False,True,0.2
2026-08-24T00:11:24Z,IL,IL00064IE008500039,38.273,-88.8496,77,Partly Cloudy,0,2,False,False,False,False,True,0.2
2026-08-24T00:11:24Z,IL,IL00055IS006400017,39.3523,-89.6447,74,Mostly Clear,0,6,False,False,False,False,True,0.2
2026-08-24T00:11:24Z,IL,IL00057IS026800022,40.5613,-88.0615,73,Mostly Clear,0,10,False,False,False,False,True,0.2
2026-08-24T00:11:24Z,IL,IL00080IE005100040,41.3938,-89.5665,76,Partly Cloudy,0,5,False,False,False,False,True,0.2
2026-08-24T00:11:24Z,IL,IL00055IS002700019,38.8723,-89.8511,77,Partly Cloudy,0,7,False,False,False,False,True,0.2
2026-08-24T00:11:24Z,IL,IL00070IW002700015,38.7884,-89.6889,74,Partly Cloudy,0,3,False,False,False,False,True,0.2
2026-08-24T00:11:24Z,IL,IL00064IW013000053,38.2322,-87.9882,78,Partly Cloudy,0,3,False,False,False,False,True,0.2
2026-08-24T00:11:24Z,IL,IL00074IW020800052,40.1298,-87.7441,76,Partly Cloudy,0,6,False,False,False,False,True,0.2
2026-08-24T00:11:24Z,IL,IL00074IE011400005,40.6125,-89.245,73,Mostly Clear,0,7,False,False,False,False,True,0.2
2026-08-24T00:11:24Z,IL,IL00074IW006200004,40.8802,-90.0895,73,Mostly Clear,0,6,False,False,False,False,True,0.2
2026-08-24T00:11:24Z,IL,IL00070IW008700045,39.0679,-88.6704,77,Mostly Clear,0,6,False,False,False,False,True,0.2
2026-08-24T00:11:24Z,IL,IL00057IS016500018,39.1993,-88.502,78,Mostly Clear,0,7,False,False,False,False,True,0.2
2026-08-24T00:11:24Z,IL,IL00074IW011400006,40.6111,-89.2323,73,Mostly Clear,0,7,False,False,False,False,True,0.2
2026-08-24T00:11:24Z,IL,IL00074IE006200001,40.8788,-90.0936,73,Mostly Clear,0,6,False,False,False,False,True,0.2
2026-08-24T00:11:24Z,IL,IL00070IW014900008,39.4228,-87.6617,78,Partly Cloudy,0,7,False,False,False,False,True,0.2
2026-08-24T00:11:24Z,IL,IL00057IN016500044,39.1898,-88.5031,77,Mostly Clear,0,6,False,False,False,False,True,0.2
2026-08-24T00:11:24Z,IL,IL00055IS010400024,39.8871,-89.5966,75,Mostly Clear,0,7,False,False,False,False,True,0.2
2026-08-24T00:11:24Z,IL,IL00057IS003200025,37.4699,-89.1329,79,Mostly Cloudy,0,2,False,False,False,False,True,0.2
2026-08-24T00:11:24Z,IL,IL00057IN003200035,37.4661,-89.1324,79,Mostly Cloudy,0,2,False,False,False,False,True,0.2
2026-08-24T00:11:24Z,IN,322,38.195,-87.8597,78,Partly Cloudy,0,3,False,False,False,False,True,0.2
2026-08-24T00:11:24Z,IN,317,38.5852,-85.7768,79,Partly Cloudy,0,5,False,False,False,False,True,0.2
2026-08-24T00:11:24Z,IN,316,38.5859,-85.7809,79,Partly Cloudy,0,5,False,False,False,False,True,0.2
2026-08-24T00:11:24Z,IN,315,39.2602,-85.9521,77,Partly Cloudy,0,3,False,False,False,False,True,0.2
2026-08-24T00:11:24Z,IN,314,39.2767,-85.9569,77,Partly Cloudy,0,2,False,False,False,False,True,0.2
2026-08-24T00:11:24Z,IN,313,40.1578,-86.5387,73,Partly Cloudy,1,7,False,False,False,False,True,0.2
2026-08-24T00:11:24Z,IN,312,40.1722,-86.5522,73,Partly Cloudy,1,7,False,False,False,False,True,0.2
2026-08-24T00:11:24Z,IN,311,40.6992,-87.0628,72,Mostly Clear,0,5,False,False,False,False,True,0.2
2026-08-24T00:11:24Z,IN,310,40.6984,-87.0646,72,Mostly Clear,0,5,False,False,False,False,True,0.2
2026-08-24T00:11:24Z,IN,308,41.1653,-87.271,71,Mostly Clear,0,5,False,False,False,False,True,0.2
2026-08-24T00:11:24Z,IN,309,41.1666,-87.2749,71,Mostly Clear,0,5,False,False,False,False,True,0.2
2026-08-24T00:11:24Z,IN,318,40.3543,-85.5576,71,Partly Cloudy,7,9,False,False,False,False,True,0.2
2026-08-24T00:11:24Z,IN,319,40.3569,-85.56,71,Partly Cloudy,7,9,False,False,False,False,True,0.2
2026-08-24T00:11:24Z,IN,320,41.2963,-85.0863,69,Mostly Clear,9,15,False,False,False,False,True,0.2
2026-08-24T00:11:24Z,IN,321,41.5803,-85.0597,67,Mostly Clear,6,15,False,False,False,False,True,0.2
2026-08-24T00:11:24Z,IN,300,39.4417,-87.5002,75,Partly Cloudy,0,6,False,False,False,False,True,0.2
2026-08-24T00:11:24Z,IN,302,39.6517,-86.3967,74,Partly Cloudy,1,8,False,False,False,False,True,0.2
2026-08-24T00:11:24Z,IN,301,39.6541,-86.4005,74,Partly Cloudy,1,8,False,False,False,False,True,0.2
2026-08-24T00:11:24Z,IN,303,39.8243,-85.7039,73,Mostly Cloudy,3,8,False,False,False,False,True,0.2
2026-08-24T00:11:24Z,IN,304,39.8266,-85.704,73,Mostly Cloudy,3,8,False,False,False,False,True,0.2
2026-08-24T00:11:24Z,IN,305,39.8605,-85.0259,71,Slight Chance Showers And Thunderstorms,19,8,False,False,True,True,True,0.2
2026-08-24T00:11:24Z,IN,323,39.29,-85.1688,73,Mostly Cloudy,10,5,False,False,False,False,True,0.2
2026-08-24T00:11:24Z,IN,702,41.7472,-85.3285,67,Mostly Clear,1,15,False,False,False,False,True,0.2
2026-08-24T00:11:24Z,IN,701,41.5889,-87.2173,71,Partly Cloudy,0,10,False,False,False,False,True,0.2
2026-08-24T00:11:24Z,IN,704,41.7058,-86.6212,67,Partly Cloudy,0,5,False,False,False,False,True,0.2
2026-08-24T00:11:24Z,IN,703,41.7071,-86.6235,67,Partly Cloudy,0,5,False,False,False,False,True,0.2
2026-08-24T00:11:24Z,IN,705,41.733,-86.0057,68,Mostly Clear,0,10,False,False,False,False,True,0.2
2026-08-24T00:11:24Z,IN,708,41.7472,-85.3285,67,Mostly Clear,1,15,False,False,False,False,True,0.2
2026-08-24T00:11:24Z,IN,707,41.7453,-85.3287,67,Mostly Clear,1,15,False,False,False,False,True,0.2
2026-08-24T00:11:24Z,IN,324,41.7353,-86.7933,69,Partly Cloudy,0,5,False,False,False,False,True,0.2
2026-08-24T00:11:24Z,KY,KY00065IS0000020N65WELCOM,36.6434,-86.5687,80,Mostly Clear,0,5,False,False,False,False,False,0.0
2026-08-24T00:11:24Z,KY,KY00065IS000020NSMARATHON,36.6612,-86.5553,80,Mostly Clear,0,6,False,False,False,False,False,0.0
2026-08-24T00:11:24Z,KY,KY00065IS0000340NWEIGHS34,36.6868,-86.5379,81,Mostly Clear,0,6,False,False,False,False,False,0.0
2026-08-24T00:11:24Z,KY,KY00065IS0011400S65SRA114,37.9464,-85.6905,81,Partly Cloudy,0,7,False,False,False,False,False,0.0
2026-08-24T00:11:24Z,KY,KY00065IS0005900S65SRA059,37.239,-85.9297,79,Partly Cloudy,0,3,False,False,False,False,False,0.0
2026-08-24T00:11:24Z,KY,KY00065IS0005900N65NRA059,37.2384,-85.9271,79,Partly Cloudy,0,3,False,False,False,False,False,0.0
2026-08-24T00:11:24Z,KY,KY00075IS0003300NWEIGHS33,37.0422,-84.0968,78,Mostly Clear,0,5,False,False,False,False,False,0.0
2026-08-24T00:11:24Z,KY,KY00075IS0003400SWEIGHS34,37.048,-84.0997,78,Partly Cloudy,0,5,False,False,False,False,False,0.0
2026-08-24T00:11:24Z,KY,KY00075IS0017700N75NRA177,38.937,-84.6309,75,Partly Cloudy,10,7,False,False,False,False,False,0.0
2026-08-24T00:11:24Z,KY,KY00075IS0007500SWALTONWS,38.8653,-84.6476,76,Partly Cloudy,10,6,False,False,False,False,False,0.0
2026-08-24T00:11:24Z,KY,KY00075IS0017700S75SRA177,38.9388,-84.6339,75,Partly Cloudy,10,7,False,False,False,False,False,0.0
2026-08-24T00:11:24Z,KY,KY00075IS0016800SCRITENWS,38.8196,-84.6015,76,Partly Cloudy,10,6,False,False,False,False,False,0.0
2026-08-24T00:11:24Z,KY,KY00075IS0000100N75WELCOM,36.6162,-84.1054,81,Mostly Clear,0,3,False,False,False,False,False,0.0
2026-08-24T00:26:24Z,IL,IL00057IN007900034,38.0297,-88.9203,78,Partly Cloudy,0,2,False,False,False,False,True,0.2
2026-08-24T00:26:24Z,IL,IL00057IS022200054,39.9314,-88.3043,73,Mostly Clear,0,6,False,False,False,False,True,0.2
2026-08-24T00:26:24Z,IL,IL00039IN008500036,41.7236,-89.0062,72,Mostly Clear,0,10,False,False,False,False,True,0.2
2026-08-24T00:26:24Z,IL,IL00055IS019400021,40.8371,-88.6833,73,Mostly Clear,0,5,False,False,False,False,True,0.2
2026-08-24T00:26:24Z,IL,IL00057IN022200048,39.9218,-88.299,73,Mostly Clear,0,6,False,False,False,False,True,0.2
2026-08-24T00:26:24Z,IL,IL00055IN006400027,39.3465,-89.6408,72,Partly Cloudy,0,5,False,False,False,False,True,0.2
2026-08-24T00:26:24Z,IL,IL00070IE002700042,38.7849,-89.7023,74,Partly Cloudy,0,5,False,False,False,False,True,0.2
2026-08-24T00:26:24Z,IL,IL00057IN026800032,40.5505,-88.0605,70,Mostly Clear,0,5,False,False,False,False,True,0.2
2026-08-24T00:26:24Z,IL,IL00064IW002500011,38.5491,-89.7633,78,Partly Cloudy,0,3,False,False,False,False,True,0.2
2026-08-24T00:26:24Z,IL,IL00024IW003700010,37.1593,-88.6798,75,Mostly Cloudy,0,2,False,False,False,False,True,0.2
2026-08-24T00:26:24Z,IL,IL00074IE002800030,41.2334,-90.333,75,Mostly Clear,0,5,False,False,False,False,True,0.2
2026-08-24T00:26:24Z,IL,IL00080IW005100013,41.3937,-89.5591,73,Mostly Clear,0,5,False,False,False,False,True,0.2
2026-08-24T00:26:24Z,IL,IL00055IN010400050,39.8627,-89.5948,75,Mostly Clear,0,7,False,False,False,False,True,0.2
2026-08-24T00:26:24Z,IL,IL00055IN002700029,38.8649,-89.8532,75,Partly Cloudy,0,6,False,False,False,False,True,0.2
2026-08-24T00:26:24Z,IL,IL00074IE015600037,40.2732,-88.6762,74,Mostly Clear,0,7,False,False,False,False,True,0.2
2026-08-24T00:26:24Z,IL,IL00072IE015200041,39.9923,-88.7827,72,Mostly Clear,0,7,False,False,False,False,True,0.2
2026-08-24T00:26:24Z,IL,IL00080IW011700016,41.4473,-88.3285,72,Mostly Clear,0,5,False,False,False,False,True,0.2
2026-08-24T00:26:24Z,IL,IL00057IS011400023,38.5965,-88.9677,74,Mostly Clear,0,3,False,False,False,False,True,0.2
2026-08-24T00:26:24Z,IL,IL00057IS033300046,41.3918,-87.7749,72,Clear,0,10,False,False,False,False,True,0.2
2026-08-24T00:26:24Z,IL,IL00057IS007900047,38.0962,-88.9138,77,Partly Cloudy,0,2,False,False,False,False,True,0.2
2026-08-24T00:26:24Z,IL,IL00072IW015200014,39.9888,-88.7852,72,Mostly Clear,0,7,False,False,False,False,True,0.2
2026-08-24T00:26:24Z,IL,IL00055IN014900028,40.3599,-89.1099,74,Mostly Clear,0,6,False,False,False,False,True,0.2
2026-08-24T00:26:24Z,IL,IL00074IW002800020,41.2141,-90.3308,75,Mostly Clear,0,5,False,False,False,False,True,0.2
2026-08-24T00:26:24Z,IL,IL00064IW008500012,38.2766,-88.8012,77,Partly Cloudy,0,2,False,False,False,False,True,0.2
2026-08-24T00:26:24Z,IL,IL00057IN033300049,41.3892,-87.7729,72,Clear,0,10,False,False,False,False,True,0.2
2026-08-24T00:26:24Z,IL,IL00039IS008500026,41.7285,-89.0105,72,Mostly Clear,0,10,False,False,False,False,True,0.2
2026-08-24T00:26:24Z,IL,IL00070IE008600051,39.0651,-88.6745,77,Mostly Clear,0,6,False,False,False,False,True,0.2
2026-08-24T00:26:24Z,IL,IL00064IE002500038,38.5481,-89.7731,78,Partly Cloudy,0,3,False,False,False,False,True,0.2
2026-08-24T00:26:24Z,IL,IL00055IN019400031,40.8234,-88.6875,73,Mostly Clear,0,5,False,False,False,False,True,0.2
2026-08-24T00:26:24Z,IL,IL00080IE011700043,41.4314,-88.3454,74,Mostly Clear,0,10,False,False,False,False,True,0.2
2026-08-24T00:26:24Z,IL,IL00074IW015600009,40.2711,-88.6701,74,Mostly Clear,0,7,False,False,False,False,True,0.2
2026-08-24T00:26:24Z,IL,IL00057IN011400033,38.5963,-88.9638,74,Mostly Clear,0,3,False,False,False,False,True,0.2
2026-08-24T00:26:24Z,IL,IL00064IE008500039,38.273,-88.8496,74,Partly Cloudy,0,1,False,False,False,False,True,0.2
2026-08-24T00:26:24Z,IL,IL00055IS006400017,39.3523,-89.6447,72,Partly Cloudy,0,5,False,False,False,False,True,0.2
2026-08-24T00:26:24Z,IL,IL00057IS026800022,40.5613,-88.0615,70,Mostly Clear,0,5,False,False,False,False,True,0.2
2026-08-24T00:26:24Z,IL,IL00080IE005100040,41.3938,-89.5665,76,Partly Cloudy,0,5,False,False,False,False,True,0.2
2026-08-24T00:26:24Z,IL,IL00055IS002700019,38.8723,-89.8511,75,Partly Cloudy,0,6,False,False,False,False,True,0.2
2026-08-24T00:26:24Z,IL,IL00070IW002700015,38.7884,-89.6889,74,Partly Cloudy,0,3,False,False,False,False,True,0.2
2026-08-24T00:26:24Z,IL,IL00064IW013000053,38.2322,-87.9882,75,Partly Cloudy,0,2,False,False,False,False,True,0.2
2026-08-24T00:26:24Z,IL,IL00074IW020800052,40.1298,-87.7441,76,Partly Cloudy,0,6,False,False,False,False,True,0.2
2026-08-24T00:26:24Z,IL,IL00074IE011400005,40.6125,-89.245,73,Mostly Clear,0,7,False,False,False,False,True,0.2
2026-08-24T00:26:24Z,IL,IL00074IW006200004,40.8802,-90.0895,73,Mostly Clear,0,3,False,False,False,False,True,0.2
2026-08-24T00:26:24Z,IL,IL00070IW008700045,39.0679,-88.6704,77,Mostly Clear,0,6,False,False,False,False,True,0.2
2026-08-24T00:26:24Z,IL,IL00057IS016500018,39.1993,-88.502,78,Mostly Clear,0,7,False,False,False,False,True,0.2
2026-08-24T00:26:24Z,IL,IL00074IW011400006,40.6111,-89.2323,73,Mostly Clear,0,7,False,False,False,False,True,0.2
2026-08-24T00:26:24Z,IL,IL00074IE006200001,40.8788,-90.0936,73,Mostly Clear,0,3,False,False,False,False,True,0.2
2026-08-24T00:26:24Z,IL,IL00070IW014900008,39.4228,-87.6617,78,Partly Cloudy,0,7,False,False,False,False,True,0.2
2026-08-24T00:26:24Z,IL,IL00057IN016500044,39.1898,-88.5031,77,Mostly Clear,0,6,False,False,False,False,True,0.2
2026-08-24T00:26:24Z,IL,IL00055IS010400024,39.8871,-89.5966,73,Mostly Clear,0,5,False,False,False,False,True,0.2
2026-08-24T00:26:24Z,IL,IL00057IS003200025,37.4699,-89.1329,79,Mostly Cloudy,0,2,False,False,False,False,True,0.2
2026-08-24T00:26:24Z,IL,IL00057IN003200035,37.4661,-89.1324,79,Mostly Cloudy,0,2,False,False,False,False,True,0.2
2026-08-24T00:26:24Z,IN,322,38.195,-87.8597,75,Partly Cloudy,0,3,False,False,False,False,True,0.2
2026-08-24T00:26:24Z,IN,317,38.5852,-85.7768,79,Partly Cloudy,0,5,False,False,False,False,True,0.2
2026-08-24T00:26:24Z,IN,316,38.5859,-85.7809,79,Partly Cloudy,0,5,False,False,False,False,True,0.2
2026-08-24T00:26:24Z,IN,315,39.2602,-85.9521,77,Partly Cloudy,0,3,False,False,False,False,True,0.2
2026-08-24T00:26:24Z,IN,314,39.2767,-85.9569,77,Partly Cloudy,0,2,False,False,False,False,True,0.2
2026-08-24T00:26:24Z,IN,313,40.1578,-86.5387,71,Mostly Clear,1,3,False,False,False,False,True,0.2
2026-08-24T00:26:24Z,IN,312,40.1722,-86.5522,71,Mostly Clear,1,3,False,False,False,False,True,0.2
2026-08-24T00:26:24Z,IN,311,40.6992,-87.0628,72,Mostly Clear,0,5,False,False,False,False,True,0.2
2026-08-24T00:26:24Z,IN,310,40.6984,-87.0646,72,Mostly Clear,0,5,False,False,False,False,True,0.2
2026-08-24T00:26:24Z,IN,308,41.1653,-87.271,71,Mostly Clear,0,5,False,False,False,False,True,0.2
2026-08-24T00:26:24Z,IN,309,41.1666,-87.2749,71,Mostly Clear,0,5,False,False,False,False,True,0.2
2026-08-24T00:26:24Z,IN,318,40.3543,-85.5576,68,Partly Cloudy,2,3,False,False,False,False,True,0.2
2026-08-24T00:26:24Z,IN,319,40.3569,-85.56,68,Partly Cloudy,2,3,False,False,False,False,True,0.2
2026-08-24T00:26:24Z,IN,320,41.2963,-85.0863,69,Mostly Clear,9,15,False,False,False,False,True,0.2
2026-08-24T00:26:24Z,IN,321,41.5803,-85.0597,67,Mostly Clear,6,15,False,False,False,False,True,0.2
2026-08-24T00:26:24Z,IN,300,39.4417,-87.5002,73,Partly Cloudy,0,1,False,False,False,False,True,0.2
2026-08-24T00:26:24Z,IN,302,39.6517,-86.3967,74,Partly Cloudy,1,8,False,False,False,False,True,0.2
2026-08-24T00:26:24Z,IN,301,39.6541,-86.4005,74,Partly Cloudy,1,8,False,False,False,False,True,0.2
2026-08-24T00:26:24Z,IN,303,39.8243,-85.7039,75,Mostly Cloudy,3,2,False,False,False,False,True,0.2
2026-08-24T00:26:24Z,IN,304,39.8266,-85.704,75,Mostly Cloudy,3,2,False,False,False,False,True,0.2
2026-08-24T00:26:24Z,IN,305,39.8605,-85.0259,69,Mostly Cloudy,13,6,False,False,False,False,True,0.2
2026-08-24T00:26:24Z,IN,323,39.29,-85.1688,69,Mostly Cloudy,10,3,False,False,False,False,True,0.2
2026-08-24T00:26:24Z,IN,702,41.7472,-85.3285,65,Mostly Clear,1,10,False,False,False,False,True,0.2
2026-08-24T00:26:24Z,IN,701,41.5889,-87.2173,71,Partly Cloudy,0,10,False,False,False,False,True,0.2
2026-08-24T00:26:24Z,IN,704,41.7058,-86.6212,66,Mostly Clear,4,5,False,False,False,False,True,0.2
2026-08-24T00:26:24Z,IN,703,41.7071,-86.6235,66,Mostly Clear,4,5,False,False,False,False,True,0.2
2026-08-24T00:26:24Z,IN,705,41.733,-86.0057,68,Mostly Clear,0,10,False,False,False,False,True,0.2
2026-08-24T00:26:24Z,IN,708,41.7472,-85.3285,65,Mostly Clear,1,10,False,False,False,False,True,0.2
2026-08-24T00:26:24Z,IN,707,41.7453,-85.3287,65,Mostly Clear,1,10,False,False,False,False,True,0.2
2026-08-24T00:26:24Z,IN,324,41.7353,-86.7933,68,Partly Cloudy,5,5,False,False,False,False,True,0.2
2026-08-24T00:26:24Z,KY,KY00065IS0000020N65WELCOM,36.6434,-86.5687,76,Partly Cloudy,0,5,False,False,False,False,False,0.0
2026-08-24T00:26:24Z,KY,KY00065IS000020NSMARATHON,36.6612,-86.5553,80,Mostly Clear,0,6,False,False,False,False,False,0.0
2026-08-24T00:26:24Z,KY,KY00065IS0000340NWEIGHS34,36.6868,-86.5379,81,Mostly Clear,0,6,False,False,False,False,False,0.0
2026-08-24T00:26:24Z,KY,KY00065IS0011400S65SRA114,37.9464,-85.6905,81,Partly Cloudy,0,7,False,False,False,False,False,0.0
2026-08-24T00:26:24Z,KY,KY00065IS0005900S65SRA059,37.239,-85.9297,76,Partly Cloudy,0,2,False,False,False,False,False,0.0
2026-08-24T00:26:24Z,KY,KY00065IS0005900N65NRA059,37.2384,-85.9271,76,Partly Cloudy,0,2,False,False,False,False,False,0.0
2026-08-24T00:26:24Z,KY,KY00075IS0003300NWEIGHS33,37.0422,-84.0968,73,Mostly Cloudy,0,3,False,False,False,False,False,0.0
2026-08-24T00:26:24Z,KY,KY00075IS0003400SWEIGHS34,37.048,-84.0997,78,Partly Cloudy,0,5,False,False,False,False,False,0.0
2026-08-24T00:26:24Z,KY,KY00075IS0017700N75NRA177,38.937,-84.6309,71,Partly Cloudy,10,6,False,False,False,False,False,0.0
2026-08-24T00:26:24Z,KY,KY00075IS0007500SWALTONWS,38.8653,-84.6476,76,Partly Cloudy,10,6,False,False,False,False,False,0.0
2026-08-24T00:26:24Z,KY,KY00075IS0017700S75SRA177,38.9388,-84.6339,71,Partly Cloudy,10,6,False,False,False,False,False,0.0
2026-08-24T00:26:24Z,KY,KY00075IS0016800SCRITENWS,38.8196,-84.6015,76,Partly Cloudy,10,6,False,False,False,False,False,0.0
2026-08-24T00:26:24Z,KY,KY00075IS0000100N75WELCOM,36.6162,-84.1054,75,Partly Cloudy,0,2,False,False,False,False,False,0.0
2026-08-24T00:26:29Z,IL,IL00057IN007900034,38.0297,-88.9203,78,Partly Cloudy,0,2,False,False,False,False,True,0.2
2026-08-24T00:26:29Z,IL,IL00057IS022200054,39.9314,-88.3043,73,Mostly Clear,0,6,False,False,False,False,True,0.2
2026-08-24T00:26:29Z,IL,IL00039IN008500036,41.7236,-89.0062,72,Mostly Clear,0,10,False,False,False,False,True,0.2
2026-08-24T00:26:29Z,IL,IL00055IS019400021,40.8371,-88.6833,73,Mostly Clear,0,5,False,False,False,False,True,0.2
2026-08-24T00:26:29Z,IL,IL00057IN022200048,39.9218,-88.299,73,Mostly Clear,0,6,False,False,False,False,True,0.2
2026-08-24T00:26:29Z,IL,IL00055IN006400027,39.3465,-89.6408,72,Partly Cloudy,0,5,False,False,False,False,True,0.2
2026-08-24T00:26:29Z,IL,IL00070IE002700042,38.7849,-89.7023,74,Partly Cloudy,0,5,False,False,False,False,True,0.2
2026-08-24T00:26:29Z,IL,IL00057IN026800032,40.5505,-88.0605,70,Mostly Clear,0,5,False,False,False,False,True,0.2
2026-08-24T00:26:29Z,IL,IL00064IW002500011,38.5491,-89.7633,78,Partly Cloudy,0,3,False,False,False,False,True,0.2
2026-08-24T00:26:29Z,IL,IL00024IW003700010,37.1593,-88.6798,75,Mostly Cloudy,0,2,False,False,False,False,True,0.2
2026-08-24T00:26:29Z,IL,IL00074IE002800030,41.2334,-90.333,75,Mostly Clear,0,5,False,False,False,False,True,0.2
2026-08-24T00:26:29Z,IL,IL00080IW005100013,41.3937,-89.5591,73,Mostly Clear,0,5,False,False,False,False,True,0.2
2026-08-24T00:26:29Z,IL,IL00055IN010400050,39.8627,-89.5948,75,Mostly Clear,0,7,False,False,False,False,True,0.2
2026-08-24T00:26:29Z,IL,IL00055IN002700029,38.8649,-89.8532,75,Partly Cloudy,0,6,False,False,False,False,True,0.2
2026-08-24T00:26:29Z,IL,IL00074IE015600037,40.2732,-88.6762,74,Mostly Clear,0,7,False,False,False,False,True,0.2
2026-08-24T00:26:29Z,IL,IL00072IE015200041,39.9923,-88.7827,72,Mostly Clear,0,7,False,False,False,False,True,0.2
2026-08-24T00:26:29Z,IL,IL00080IW011700016,41.4473,-88.3285,72,Mostly Clear,0,5,False,False,False,False,True,0.2
2026-08-24T00:26:29Z,IL,IL00057IS011400023,38.5965,-88.9677,74,Mostly Clear,0,3,False,False,False,False,True,0.2
2026-08-24T00:26:29Z,IL,IL00057IS033300046,41.3918,-87.7749,72,Clear,0,10,False,False,False,False,True,0.2
2026-08-24T00:26:29Z,IL,IL00057IS007900047,38.0962,-88.9138,77,Partly Cloudy,0,2,False,False,False,False,True,0.2
2026-08-24T00:26:29Z,IL,IL00072IW015200014,39.9888,-88.7852,72,Mostly Clear,0,7,False,False,False,False,True,0.2
2026-08-24T00:26:29Z,IL,IL00055IN014900028,40.3599,-89.1099,74,Mostly Clear,0,6,False,False,False,False,True,0.2
2026-08-24T00:26:29Z,IL,IL00074IW002800020,41.2141,-90.3308,75,Mostly Clear,0,5,False,False,False,False,True,0.2
2026-08-24T00:26:29Z,IL,IL00064IW008500012,38.2766,-88.8012,77,Partly Cloudy,0,2,False,False,False,False,True,0.2
2026-08-24T00:26:29Z,IL,IL00057IN033300049,41.3892,-87.7729,72,Clear,0,10,False,False,False,False,True,0.2
2026-08-24T00:26:29Z,IL,IL00039IS008500026,41.7285,-89.0105,72,Mostly Clear,0,10,False,False,False,False,True,0.2
2026-08-24T00:26:29Z,IL,IL00070IE008600051,39.0651,-88.6745,75,Partly Cloudy,0,3,False,False,False,False,True,0.2
2026-08-24T00:26:29Z,IL,IL00064IE002500038,38.5481,-89.7731,78,Partly Cloudy,0,3,False,False,False,False,True,0.2
2026-08-24T00:26:29Z,IL,IL00055IN019400031,40.8234,-88.6875,73,Mostly Clear,0,5,False,False,False,False,True,0.2
2026-08-24T00:26:29Z,IL,IL00080IE011700043,41.4314,-88.3454,74,Mostly Clear,0,10,False,False,False,False,True,0.2
2026-08-24T00:26:29Z,IL,IL00074IW015600009,40.2711,-88.6701,74,Mostly Clear,0,7,False,False,False,False,True,0.2
2026-08-24T00:26:29Z,IL,IL00057IN011400033,38.5963,-88.9638,74,Mostly Clear,0,3,False,False,False,False,True,0.2
2026-08-24T00:26:29Z,IL,IL00064IE008500039,38.273,-88.8496,74,Partly Cloudy,0,1,False,False,False,False,True,0.2
2026-08-24T00:26:29Z,IL,IL00055IS006400017,39.3523,-89.6447,72,Partly Cloudy,0,5,False,False,False,False,True,0.2
2026-08-24T00:26:29Z,IL,IL00057IS026800022,40.5613,-88.0615,70,Mostly Clear,0,5,False,False,False,False,True,0.2
2026-08-24T00:26:29Z,IL,IL00080IE005100040,41.3938,-89.5665,76,Partly Cloudy,0,5,False,False,False,False,True,0.2
2026-08-24T00:26:29Z,IL,IL00055IS002700019,38.8723,-89.8511,75,Partly Cloudy,0,6,False,False,False,False,True,0.2
2026-08-24T00:26:29Z,IL,IL00070IW002700015,38.7884,-89.6889,74,Partly Cloudy,0,3,False,False,False,False,True,0.2
2026-08-24T00:26:29Z,IL,IL00064IW013000053,38.2322,-87.9882,75,Partly Cloudy,0,2,False,False,False,False,True,0.2
2026-08-24T00:26:29Z,IL,IL00074IW020800052,40.1298,-87.7441,76,Partly Cloudy,0,6,False,False,False,False,True,0.2
2026-08-24T00:26:29Z,IL,IL00074IE011400005,40.6125,-89.245,73,Mostly Clear,0,7,False,False,False,False,True,0.2
2026-08-24T00:26:29Z,IL,IL00074IW006200004,40.8802,-90.0895,73,Mostly Clear,0,3,False,False,False,False,True,0.2
2026-08-24T00:26:29Z,IL,IL00070IW008700045,39.0679,-88.6704,75,Partly Cloudy,0,3,False,False,False,False,True,0.2
2026-08-24T00:26:29Z,IL,IL00057IS016500018,39.1993,-88.502,78,Mostly Clear,0,7,False,False,False,False,True,0.2
2026-08-24T00:26:29Z,IL,IL00074IW011400006,40.6111,-89.2323,73,Mostly Clear,0,7,False,False,False,False,True,0.2
2026-08-24T00:26:29Z,IL,IL00074IE006200001,40.8788,-90.0936,73,Mostly Clear,0,3,False,False,False,False,True,0.2
2026-08-24T00:26:29Z,IL,IL00070IW014900008,39.4228,-87.6617,78,Partly Cloudy,0,7,False,False,False,False,True,0.2
2026-08-24T00:26:29Z,IL,IL00057IN016500044,39.1898,-88.5031,77,Mostly Clear,0,6,False,False,False,False,True,0.2
2026-08-24T00:26:29Z,IL,IL00055IS010400024,39.8871,-89.5966,73,Mostly Clear,0,5,False,False,False,False,True,0.2
2026-08-24T00:26:29Z,IL,IL00057IS003200025,37.4699,-89.1329,79,Mostly Cloudy,0,2,False,False,False,False,True,0.2
2026-08-24T00:26:29Z,IL,IL00057IN003200035,37.4661,-89.1324,79,Mostly Cloudy,0,2,False,False,False,False,True,0.2
2026-08-24T00:26:29Z,IN,322,38.195,-87.8597,75,Partly Cloudy,0,3,False,False,False,False,True,0.2
2026-08-24T00:26:29Z,IN,317,38.5852,-85.7768,79,Partly Cloudy,0,5,False,False,False,False,True,0.2
2026-08-24T00:26:29Z,IN,316,38.5859,-85.7809,79,Partly Cloudy,0,5,False,False,False,False,True,0.2
2026-08-24T00:26:29Z,IN,315,39.2602,-85.9521,77,Partly Cloudy,0,3,False,False,False,False,True,0.2
2026-08-24T00:26:29Z,IN,314,39.2767,-85.9569,77,Partly Cloudy,0,2,False,False,False,False,True,0.2
2026-08-24T00:26:29Z,IN,313,40.1578,-86.5387,71,Mostly Clear,1,3,False,False,False,False,True,0.2
2026-08-24T00:26:29Z,IN,312,40.1722,-86.5522,71,Mostly Clear,1,3,False,False,False,False,True,0.2
2026-08-24T00:26:29Z,IN,311,40.6992,-87.0628,72,Mostly Clear,0,5,False,False,False,False,True,0.2
2026-08-24T00:26:29Z,IN,310,40.6984,-87.0646,72,Mostly Clear,0,5,False,False,False,False,True,0.2
2026-08-24T00:26:29Z,IN,308,41.1653,-87.271,71,Mostly Clear,0,5,False,False,False,False,True,0.2
2026-08-24T00:26:29Z,IN,309,41.1666,-87.2749,71,Mostly Clear,0,5,False,False,False,False,True,0.2
2026-08-24T00:26:29Z,IN,318,40.3543,-85.5576,68,Partly Cloudy,2,3,False,False,False,False,True,0.2
2026-08-24T00:26:29Z,IN,319,40.3569,-85.56,68,Partly Cloudy,2,3,False,False,False,False,True,0.2
2026-08-24T00:26:29Z,IN,320,41.2963,-85.0863,65,Mostly Clear,0,10,False,False,False,False,True,0.2
2026-08-24T00:26:29Z,IN,321,41.5803,-85.0597,67,Mostly Clear,6,15,False,False,False,False,True,0.2
2026-08-24T00:26:29Z,IN,300,39.4417,-87.5002,73,Partly Cloudy,0,1,False,False,False,False,True,0.2
2026-08-24T00:26:29Z,IN,302,39.6517,-86.3967,74,Partly Cloudy,1,8,False,False,False,False,True,0.2
2026-08-24T00:26:29Z,IN,301,39.6541,-86.4005,74,Partly Cloudy,1,8,False,False,False,False,True,0.2
2026-08-24T00:26:29Z,IN,303,39.8243,-85.7039,75,Mostly Cloudy,3,2,False,False,False,False,True,0.2
2026-08-24T00:26:29Z,IN,304,39.8266,-85.704,75,Mostly Cloudy,3,2,False,False,False,False,True,0.2
2026-08-24T00:26:29Z,IN,305,39.8605,-85.0259,69,Mostly Cloudy,13,6,False,False,False,False,True,0.2
2026-08-24T00:26:29Z,IN,323,39.29,-85.1688,69,Mostly Cloudy,10,3,False,False,False,False,True,0.2
2026-08-24T00:26:29Z,IN,702,41.7472,-85.3285,65,Mostly Clear,1,10,False,False,False,False,True,0.2
2026-08-24T00:26:29Z,IN,701,41.5889,-87.2173,71,Partly Cloudy,0,10,False,False,False,False,True,0.2
2026-08-24T00:26:29Z,IN,704,41.7058,-86.6212,66,Mostly Clear,4,5,False,False,False,False,True,0.2
2026-08-24T00:26:29Z,IN,703,41.7071,-86.6235,66,Mostly Clear,4,5,False,False,False,False,True,0.2
2026-08-24T00:26:29Z,IN,705,41.733,-86.0057,68,Mostly Clear,0,10,False,False,False,False,True,0.2
2026-08-24T00:26:29Z,IN,708,41.7472,-85.3285,65,Mostly Clear,1,10,False,False,False,False,True,0.2
2026-08-24T00:26:29Z,IN,707,41.7453,-85.3287,65,Mostly Clear,1,10,False,False,False,False,True,0.2
2026-08-24T00:26:29Z,IN,324,41.7353,-86.7933,68,Partly Cloudy,5,5,False,False,False,False,True,0.2
2026-08-24T00:26:29Z,KY,KY00065IS0000020N65WELCOM,36.6434,-86.5687,76,Partly Cloudy,0,5,False,False,False,False,False,0.0
2026-08-24T00:26:29Z,KY,KY00065IS000020NSMARATHON,36.6612,-86.5553,80,Mostly Clear,0,6,False,False,False,False,False,0.0
2026-08-24T00:26:29Z,KY,KY00065IS0000340NWEIGHS34,36.6868,-86.5379,81,Mostly Clear,0,6,False,False,False,False,False,0.0
2026-08-24T00:26:29Z,KY,KY00065IS0011400S65SRA114,37.9464,-85.6905,77,Partly Cloudy,0,6,False,False,False,False,False,0.0
2026-08-24T00:26:29Z,KY,KY00065IS0005900S65SRA059,37.239,-85.9297,76,Partly Cloudy,0,2,False,False,False,False,False,0.0
2026-08-24T00:26:29Z,KY,KY00065IS0005900N65NRA059,37.2384,-85.9271,76,Partly Cloudy,0,2,False,False,False,False,False,0.0
2026-08-24T00:26:29Z,KY,KY00075IS0003300NWEIGHS33,37.0422,-84.0968,73,Mostly Cloudy,0,3,False,False,False,False,False,0.0
2026-08-24T00:26:29Z,KY,KY00075IS0003400SWEIGHS34,37.048,-84.0997,78,Partly Cloudy,0,5,False,False,False,False,False,0.0
2026-08-24T00:26:29Z,KY,KY00075IS0017700N75NRA177,38.937,-84.6309,71,Partly Cloudy,10,6,False,False,False,False,False,0.0
2026-08-24T00:26:29Z,KY,KY00075IS0007500SWALTONWS,38.8653,-84.6476,71,Partly Cloudy,10,5,False,False,False,False,False,0.0
2026-08-24T00:26:29Z,KY,KY00075IS0017700S75SRA177,38.9388,-84.6339,71,Partly Cloudy,10,6,False,False,False,False,False,0.0
2026-08-24T00:26:29Z,KY,KY00075IS0016800SCRITENWS,38.8196,-84.6015,76,Partly Cloudy,10,6,False,False,False,False,False,0.0
2026-08-24T00:26:29Z,KY,KY00075IS0000100N75WELCOM,36.6162,-84.1054,75,Partly Cloudy,0,2,False,False,False,False,False,0.0
2026-08-24T00:26:33Z,IL,IL00057IN007900034,38.0297,-88.9203,78,Partly Cloudy,0,2,False,False,False,False,True,0.2
2026-08-24T00:26:33Z,IL,IL00057IS022200054,39.9314,-88.3043,73,Mostly Clear,0,6,False,False,False,False,True,0.2
2026-08-24T00:26:33Z,IL,IL00039IN008500036,41.7236,-89.0062,72,Mostly Clear,0,10,False,False,False,False,True,0.2
2026-08-24T00:26:33Z,IL,IL00055IS019400021,40.8371,-88.6833,73,Mostly Clear,0,5,False,False,False,False,True,0.2
2026-08-24T00:26:33Z,IL,IL00057IN022200048,39.9218,-88.299,73,Mostly Clear,0,6,False,False,False,False,True,0.2
2026-08-24T00:26:33Z,IL,IL00055IN006400027,39.3465,-89.6408,72,Partly Cloudy,0,5,False,False,False,False,True,0.2
2026-08-24T00:26:33Z,IL,IL00070IE002700042,38.7849,-89.7023,74,Partly Cloudy,0,5,False,False,False,False,True,0.2
2026-08-24T00:26:33Z,IL,IL00057IN026800032,40.5505,-88.0605,70,Mostly Clear,0,5,False,False,False,False,True,0.2
2026-08-24T00:26:33Z,IL,IL00064IW002500011,38.5491,-89.7633,78,Partly Cloudy,0,3,False,False,False,False,True,0.2
2026-08-24T00:26:33Z,IL,IL00024IW003700010,37.1593,-88.6798,75,Mostly Cloudy,0,2,False,False,False,False,True,0.2
2026-08-24T00:26:33Z,IL,IL00074IE002800030,41.2334,-90.333,75,Mostly Clear,0,5,False,False,False,False,True,0.2
2026-08-24T00:26:33Z,IL,IL00080IW005100013,41.3937,-89.5591,73,Mostly Clear,0,5,False,False,False,False,True,0.2
2026-08-24T00:26:33Z,IL,IL00055IN010400050,39.8627,-89.5948,75,Mostly Clear,0,7,False,False,False,False,True,0.2
2026-08-24T00:26:33Z,IL,IL00055IN002700029,38.8649,-89.8532,75,Partly Cloudy,0,6,False,False,False,False,True,0.2
2026-08-24T00:26:33Z,IL,IL00074IE015600037,40.2732,-88.6762,74,Mostly Clear,0,7,False,False,False,False,True,0.2
2026-08-24T00:26:33Z,IL,IL00072IE015200041,39.9923,-88.7827,72,Mostly Clear,0,7,False,False,False,False,True,0.2
2026-08-24T00:26:33Z,IL,IL00080IW011700016,41.4473,-88.3285,72,Mostly Clear,0,5,False,False,False,False,True,0.2
2026-08-24T00:26:33Z,IL,IL00057IS011400023,38.5965,-88.9677,74,Mostly Clear,0,3,False,False,False,False,True,0.2
2026-08-24T00:26:33Z,IL,IL00057IS033300046,41.3918,-87.7749,72,Clear,0,10,False,False,False,False,True,0.2
2026-08-24T00:26:33Z,IL,IL00057IS007900047,38.0962,-88.9138,77,Partly Cloudy,0,2,False,False,False,False,True,0.2
2026-08-24T00:26:33Z,IL,IL00072IW015200014,39.9888,-88.7852,72,Mostly Clear,0,7,False,False,False,False,True,0.2
2026-08-24T00:26:33Z,IL,IL00055IN014900028,40.3599,-89.1099,74,Mostly Clear,0,6,False,False,False,False,True,0.2
2026-08-24T00:26:33Z,IL,IL00074IW002800020,41.2141,-90.3308,75,Mostly Clear,0,5,False,False,False,False,True,0.2
2026-08-24T00:26:33Z,IL,IL00064IW008500012,38.2766,-88.8012,77,Partly Cloudy,0,2,False,False,False,False,True,0.2
2026-08-24T00:26:33Z,IL,IL00057IN033300049,41.3892,-87.7729,72,Clear,0,10,False,False,False,False,True,0.2
2026-08-24T00:26:33Z,IL,IL00039IS008500026,41.7285,-89.0105,72,Mostly Clear,0,10,False,False,False,False,True,0.2
2026-08-24T00:26:33Z,IL,IL00070IE008600051,39.0651,-88.6745,75,Partly Cloudy,0,3,False,False,False,False,True,0.2
2026-08-24T00:26:33Z,IL,IL00064IE002500038,38.5481,-89.7731,78,Partly Cloudy,0,3,False,False,False,False,True,0.2
2026-08-24T00:26:33Z,IL,IL00055IN019400031,40.8234,-88.6875,73,Mostly Clear,0,5,False,False,False,False,True,0.2
2026-08-24T00:26:33Z,IL,IL00080IE011700043,41.4314,-88.3454,74,Mostly Clear,0,10,False,False,False,False,True,0.2
2026-08-24T00:26:33Z,IL,IL00074IW015600009,40.2711,-88.6701,74,Mostly Clear,0,7,False,False,False,False,True,0.2
2026-08-24T00:26:33Z,IL,IL00057IN011400033,38.5963,-88.9638,74,Mostly Clear,0,3,False,False,False,False,True,0.2
2026-08-24T00:26:33Z,IL,IL00064IE008500039,38.273,-88.8496,74,Partly Cloudy,0,1,False,False,False,False,True,0.2
2026-08-24T00:26:33Z,IL,IL00055IS006400017,39.3523,-89.6447,72,Partly Cloudy,0,5,False,False,False,False,True,0.2
2026-08-24T00:26:33Z,IL,IL00057IS026800022,40.5613,-88.0615,70,Mostly Clear,0,5,False,False,False,False,True,0.2
2026-08-24T00:26:33Z,IL,IL00080IE005100040,41.3938,-89.5665,76,Partly Cloudy,0,5,False,False,False,False,True,0.2
2026-08-24T00:26:33Z,IL,IL00055IS002700019,38.8723,-89.8511,75,Partly Cloudy,0,6,False,False,False,False,True,0.2
2026-08-24T00:26:33Z,IL,IL00070IW002700015,38.7884,-89.6889,74,Partly Cloudy,0,3,False,False,False,False,True,0.2
2026-08-24T00:26:33Z,IL,IL00064IW013000053,38.2322,-87.9882,75,Partly Cloudy,0,2,False,False,False,False,True,0.2
2026-08-24T00:26:33Z,IL,IL00074IW020800052,40.1298,-87.7441,76,Partly Cloudy,0,6,False,False,False,False,True,0.2
2026-08-24T00:26:33Z,IL,IL00074IE011400005,40.6125,-89.245,73,Mostly Clear,0,7,False,False,False,False,True,0.2
2026-08-24T00:26:33Z,IL,IL00074IW006200004,40.8802,-90.0895,73,Mostly Clear,0,3,False,False,False,False,True,0.2
2026-08-24T00:26:33Z,IL,IL00070IW008700045,39.0679,-88.6704,75,Partly Cloudy,0,3,False,False,False,False,True,0.2
2026-08-24T00:26:33Z,IL,IL00057IS016500018,39.1993,-88.502,78,Mostly Clear,0,7,False,False,False,False,True,0.2
2026-08-24T00:26:33Z,IL,IL00074IW011400006,40.6111,-89.2323,73,Mostly Clear,0,7,False,False,False,False,True,0.2
2026-08-24T00:26:33Z,IL,IL00074IE006200001,40.8788,-90.0936,73,Mostly Clear,0,3,False,False,False,False,True,0.2
2026-08-24T00:26:33Z,IL,IL00070IW014900008,39.4228,-87.6617,78,Partly Cloudy,0,7,False,False,False,False,True,0.2
2026-08-24T00:26:33Z,IL,IL00057IN016500044,39.1898,-88.5031,77,Mostly Clear,0,6,False,False,False,False,True,0.2
2026-08-24T00:26:33Z,IL,IL00055IS010400024,39.8871,-89.5966,73,Mostly Clear,0,5,False,False,False,False,True,0.2
2026-08-24T00:26:33Z,IL,IL00057IS003200025,37.4699,-89.1329,79,Mostly Cloudy,0,2,False,False,False,False,True,0.2
2026-08-24T00:26:33Z,IL,IL00057IN003200035,37.4661,-89.1324,79,Mostly Cloudy,0,2,False,False,False,False,True,0.2
2026-08-24T00:26:33Z,IN,322,38.195,-87.8597,75,Partly Cloudy,0,3,False,False,False,False,True,0.2
2026-08-24T00:26:33Z,IN,317,38.5852,-85.7768,79,Partly Cloudy,0,5,False,False,False,False,True,0.2
2026-08-24T00:26:33Z,IN,316,38.5859,-85.7809,79,Partly Cloudy,0,5,False,False,False,False,True,0.2
2026-08-24T00:26:33Z,IN,315,39.2602,-85.9521,77,Partly Cloudy,0,3,False,False,False,False,True,0.2
2026-08-24T00:26:33Z,IN,314,39.2767,-85.9569,77,Partly Cloudy,0,2,False,False,False,False,True,0.2
2026-08-24T00:26:33Z,IN,313,40.1578,-86.5387,71,Mostly Clear,1,3,False,False,False,False,True,0.2
2026-08-24T00:26:33Z,IN,312,40.1722,-86.5522,71,Mostly Clear,1,3,False,False,False,False,True,0.2
2026-08-24T00:26:33Z,IN,311,40.6992,-87.0628,72,Mostly Clear,0,5,False,False,False,False,True,0.2
2026-08-24T00:26:33Z,IN,310,40.6984,-87.0646,72,Mostly Clear,0,5,False,False,False,False,True,0.2
2026-08-24T00:26:33Z,IN,308,41.1653,-87.271,71,Mostly Clear,0,5,False,False,False,False,True,0.2
2026-08-24T00:26:33Z,IN,309,41.1666,-87.2749,71,Mostly Clear,0,5,False,False,False,False,True,0.2
2026-08-24T00:26:33Z,IN,318,40.3543,-85.5576,68,Partly Cloudy,2,3,False,False,False,False,True,0.2
2026-08-24T00:26:33Z,IN,319,40.3569,-85.56,68,Partly Cloudy,2,3,False,False,False,False,True,0.2
2026-08-24T00:26:33Z,IN,320,41.2963,-85.0863,65,Mostly Clear,0,10,False,False,False,False,True,0.2
2026-08-24T00:26:33Z,IN,321,41.5803,-85.0597,67,Mostly Clear,6,15,False,False,False,False,True,0.2
2026-08-24T00:26:33Z,IN,300,39.4417,-87.5002,73,Partly Cloudy,0,1,False,False,False,False,True,0.2
2026-08-24T00:26:33Z,IN,302,39.6517,-86.3967,74,Partly Cloudy,1,8,False,False,False,False,True,0.2
2026-08-24T00:26:33Z,IN,301,39.6541,-86.4005,74,Partly Cloudy,1,8,False,False,False,False,True,0.2
2026-08-24T00:26:33Z,IN,303,39.8243,-85.7039,75,Mostly Cloudy,3,2,False,False,False,False,True,0.2
2026-08-24T00:26:33Z,IN,304,39.8266,-85.704,75,Mostly Cloudy,3,2,False,False,False,False,True,0.2
2026-08-24T00:26:33Z,IN,305,39.8605,-85.0259,69,Mostly Cloudy,13,6,False,False,False,False,True,0.2
2026-08-24T00:26:33Z,IN,323,39.29,-85.1688,69,Mostly Cloudy,10,3,False,False,False,False,True,0.2
2026-08-24T00:26:33Z,IN,702,41.7472,-85.3285,65,Mostly Clear,1,10,False,False,False,False,True,0.2
2026-08-24T00:26:33Z,IN,701,41.5889,-87.2173,71,Partly Cloudy,0,10,False,False,False,False,True,0.2
2026-08-24T00:26:33Z,IN,704,41.7058,-86.6212,66,Mostly Clear,4,5,False,False,False,False,True,0.2
2026-08-24T00:26:33Z,IN,703,41.7071,-86.6235,66,Mostly Clear,4,5,False,False,False,False,True,0.2
2026-08-24T00:26:33Z,IN,705,41.733,-86.0057,68,Mostly Clear,0,10,False,False,False,False,True,0.2
2026-08-24T00:26:33Z,IN,708,41.7472,-85.3285,65,Mostly Clear,1,10,False,False,False,False,True,0.2
2026-08-24T00:26:33Z,IN,707,41.7453,-85.3287,65,Mostly Clear,1,10,False,False,False,False,True,0.2
2026-08-24T00:26:33Z,IN,324,41.7353,-86.7933,68,Partly Cloudy,5,5,False,False,False,False,True,0.2
2026-08-24T00:26:33Z,KY,KY00065IS0000020N65WELCOM,36.6434,-86.5687,76,Partly Cloudy,0,5,False,False,False,False,False,0.0
2026-08-24T00:26:33Z,KY,KY00065IS000020NSMARATHON,36.6612,-86.5553,80,Mostly Clear,0,6,False,False,False,False,False,0.0
2026-08-24T00:26:33Z,KY,KY00065IS0000340NWEIGHS34,36.6868,-86.5379,81,Mostly Clear,0,6,False,False,False,False,False,0.0
2026-08-24T00:26:33Z,KY,KY00065IS0011400S65SRA114,37.9464,-85.6905,77,Partly Cloudy,0,6,False,False,False,False,False,0.0
2026-08-24T00:26:33Z,KY,KY00065IS0005900S65SRA059,37.239,-85.9297,76,Partly Cloudy,0,2,False,False,False,False,False,0.0
2026-08-24T00:26:33Z,KY,KY00065IS0005900N65NRA059,37.2384,-85.9271,76,Partly Cloudy,0,2,False,False,False,False,False,0.0
2026-08-24T00:26:33Z,KY,KY00075IS0003300NWEIGHS33,37.0422,-84.0968,73,Mostly Cloudy,0,3,False,False,False,False,False,0.0
2026-08-24T00:26:33Z,KY,KY00075IS0003400SWEIGHS34,37.048,-84.0997,78,Partly Cloudy,0,5,False,False,False,False,False,0.0
2026-08-24T00:26:33Z,KY,KY00075IS0017700N75NRA177,38.937,-84.6309,71,Partly Cloudy,10,6,False,False,False,False,False,0.0
2026-08-24T00:26:33Z,KY,KY00075IS0007500SWALTONWS,38.8653,-84.6476,76,Partly Cloudy,10,6,False,False,False,False,False,0.0
2026-08-24T00:26:33Z,KY,KY00075IS0017700S75SRA177,38.9388,-84.6339,71,Partly Cloudy,10,6,False,False,False,False,False,0.0
2026-08-24T00:26:33Z,KY,KY00075IS0016800SCRITENWS,38.8196,-84.6015,76,Partly Cloudy,10,6,False,False,False,False,False,0.0
2026-08-24T00:26:33Z,KY,KY00075IS0000100N75WELCOM,36.6162,-84.1054,75,Partly Cloudy,0,2,False,False,False,False,False,0.0
2026-08-24T00:26:38Z,IL,IL00057IN007900034,38.0297,-88.9203,78,Partly Cloudy,0,2,False,False,False,False,True,0.2
2026-08-24T00:26:38Z,IL,IL00057IS022200054,39.9314,-88.3043,73,Mostly Clear,0,6,False,False,False,False,True,0.2
2026-08-24T00:26:38Z,IL,IL00039IN008500036,41.7236,-89.0062,72,Mostly Clear,0,10,False,False,False,False,True,0.2
2026-08-24T00:26:38Z,IL,IL00055IS019400021,40.8371,-88.6833,73,Mostly Clear,0,5,False,False,False,False,True,0.2
2026-08-24T00:26:38Z,IL,IL00057IN022200048,39.9218,-88.299,73,Mostly Clear,0,6,False,False,False,False,True,0.2
2026-08-24T00:26:38Z,IL,IL00055IN006400027,39.3465,-89.6408,72,Partly Cloudy,0,5,False,False,False,False,True,0.2
2026-08-24T00:26:38Z,IL,IL00070IE002700042,38.7849,-89.7023,74,Partly Cloudy,0,5,False,False,False,False,True,0.2
2026-08-24T00:26:38Z,IL,IL00057IN026800032,40.5505,-88.0605,70,Mostly Clear,0,5,False,False,False,False,True,0.2
2026-08-24T00:26:38Z,IL,IL00064IW002500011,38.5491,-89.7633,78,Partly Cloudy,0,3,False,False,False,False,True,0.2
2026-08-24T00:26:38Z,IL,IL00024IW003700010,37.1593,-88.6798,75,Mostly Cloudy,0,2,False,False,False,False,True,0.2
2026-08-24T00:26:38Z,IL,IL00074IE002800030,41.2334,-90.333,75,Mostly Clear,0,5,False,False,False,False,True,0.2
2026-08-24T00:26:38Z,IL,IL00080IW005100013,41.3937,-89.5591,73,Mostly Clear,0,5,False,False,False,False,True,0.2
2026-08-24T00:26:38Z,IL,IL00055IN010400050,39.8627,-89.5948,75,Mostly Clear,0,7,False,False,False,False,True,0.2
2026-08-24T00:26:38Z,IL,IL00055IN002700029,38.8649,-89.8532,75,Partly Cloudy,0,6,False,False,False,False,True,0.2
2026-08-24T00:26:38Z,IL,IL00074IE015600037,40.2732,-88.6762,74,Mostly Clear,0,7,False,False,False,False,True,0.2
2026-08-24T00:26:38Z,IL,IL00072IE015200041,39.9923,-88.7827,72,Mostly Clear,0,7,False,False,False,False,True,0.2
2026-08-24T00:26:38Z,IL,IL00080IW011700016,41.4473,-88.3285,72,Mostly Clear,0,5,False,False,False,False,True,0.2
2026-08-24T00:26:38Z,IL,IL00057IS011400023,38.5965,-88.9677,74,Mostly Clear,0,3,False,False,False,False,True,0.2
2026-08-24T00:26:38Z,IL,IL00057IS033300046,41.3918,-87.7749,72,Clear,0,10,False,False,False,False,True,0.2
2026-08-24T00:26:38Z,IL,IL00057IS007900047,38.0962,-88.9138,77,Partly Cloudy,0,2,False,False,False,False,True,0.2
2026-08-24T00:26:38Z,IL,IL00072IW015200014,39.9888,-88.7852,72,Mostly Clear,0,7,False,False,False,False,True,0.2
2026-08-24T00:26:38Z,IL,IL00055IN014900028,40.3599,-89.1099,74,Mostly Clear,0,6,False,False,False,False,True,0.2
2026-08-24T00:26:38Z,IL,IL00074IW002800020,41.2141,-90.3308,75,Mostly Clear,0,5,False,False,False,False,True,0.2
2026-08-24T00:26:38Z,IL,IL00064IW008500012,38.2766,-88.8012,77,Partly Cloudy,0,2,False,False,False,False,True,0.2
2026-08-24T00:26:38Z,IL,IL00057IN033300049,41.3892,-87.7729,72,Clear,0,10,False,False,False,False,True,0.2
2026-08-24T00:26:38Z,IL,IL00039IS008500026,41.7285,-89.0105,72,Mostly Clear,0,10,False,False,False,False,True,0.2
2026-08-24T00:26:38Z,IL,IL00070IE008600051,39.0651,-88.6745,75,Partly Cloudy,0,3,False,False,False,False,True,0.2
2026-08-24T00:26:38Z,IL,IL00064IE002500038,38.5481,-89.7731,78,Partly Cloudy,0,3,False,False,False,False,True,0.2
2026-08-24T00:26:38Z,IL,IL00055IN019400031,40.8234,-88.6875,73,Mostly Clear,0,5,False,False,False,False,True,0.2
2026-08-24T00:26:38Z,IL,IL00080IE011700043,41.4314,-88.3454,74,Mostly Clear,0,10,False,False,False,False,True,0.2
2026-08-24T00:26:38Z,IL,IL00074IW015600009,40.2711,-88.6701,74,Mostly Clear,0,7,False,False,False,False,True,0.2
2026-08-24T00:26:38Z,IL,IL00057IN011400033,38.5963,-88.9638,74,Mostly Clear,0,3,False,False,False,False,True,0.2
2026-08-24T00:26:38Z,IL,IL00064IE008500039,38.273,-88.8496,74,Partly Cloudy,0,1,False,False,False,False,True,0.2
2026-08-24T00:26:38Z,IL,IL00055IS006400017,39.3523,-89.6447,72,Partly Cloudy,0,5,False,False,False,False,True,0.2
2026-08-24T00:26:38Z,IL,IL00057IS026800022,40.5613,-88.0615,70,Mostly Clear,0,5,False,False,False,False,True,0.2
2026-08-24T00:26:38Z,IL,IL00080IE005100040,41.3938,-89.5665,76,Partly Cloudy,0,5,False,False,False,False,True,0.2
2026-08-24T00:26:38Z,IL,IL00055IS002700019,38.8723,-89.8511,75,Partly Cloudy,0,6,False,False,False,False,True,0.2
2026-08-24T00:26:38Z,IL,IL00070IW002700015,38.7884,-89.6889,74,Partly Cloudy,0,3,False,False,False,False,True,0.2
2026-08-24T00:26:38Z,IL,IL00064IW013000053,38.2322,-87.9882,75,Partly Cloudy,0,2,False,False,False,False,True,0.2
2026-08-24T00:26:38Z,IL,IL00074IW020800052,40.1298,-87.7441,76,Partly Cloudy,0,6,False,False,False,False,True,0.2
2026-08-24T00:26:38Z,IL,IL00074IE011400005,40.6125,-89.245,73,Mostly Clear,0,7,False,False,False,False,True,0.2
2026-08-24T00:26:38Z,IL,IL00074IW006200004,40.8802,-90.0895,73,Mostly Clear,0,3,False,False,False,False,True,0.2
2026-08-24T00:26:38Z,IL,IL00070IW008700045,39.0679,-88.6704,75,Partly Cloudy,0,3,False,False,False,False,True,0.2
2026-08-24T00:26:38Z,IL,IL00057IS016500018,39.1993,-88.502,78,Mostly Clear,0,7,False,False,False,False,True,0.2
2026-08-24T00:26:38Z,IL,IL00074IW011400006,40.6111,-89.2323,73,Mostly Clear,0,7,False,False,False,False,True,0.2
2026-08-24T00:26:38Z,IL,IL00074IE006200001,40.8788,-90.0936,73,Mostly Clear,0,3,False,False,False,False,True,0.2
2026-08-24T00:26:38Z,IL,IL00070IW014900008,39.4228,-87.6617,78,Partly Cloudy,0,7,False,False,False,False,True,0.2
2026-08-24T00:26:38Z,IL,IL00057IN016500044,39.1898,-88.5031,77,Mostly Clear,0,6,False,False,False,False,True,0.2
2026-08-24T00:26:38Z,IL,IL00055IS010400024,39.8871,-89.5966,73,Mostly Clear,0,5,False,False,False,False,True,0.2
2026-08-24T00:26:38Z,IL,IL00057IS003200025,37.4699,-89.1329,79,Mostly Cloudy,0,2,False,False,False,False,True,0.2
2026-08-24T00:26:38Z,IL,IL00057IN003200035,37.4661,-89.1324,79,Mostly Cloudy,0,2,False,False,False,False,True,0.2
2026-08-24T00:26:38Z,IN,322,38.195,-87.8597,75,Partly Cloudy,0,3,False,False,False,False,True,0.2
2026-08-24T00:26:38Z,IN,317,38.5852,-85.7768,79,Partly Cloudy,0,5,False,False,False,False,True,0.2
2026-08-24T00:26:38Z,IN,316,38.5859,-85.7809,79,Partly Cloudy,0,5,False,False,False,False,True,0.2
2026-08-24T00:26:38Z,IN,315,39.2602,-85.9521,77,Partly Cloudy,0,3,False,False,False,False,True,0.2
2026-08-24T00:26:38Z,IN,314,39.2767,-85.9569,77,Partly Cloudy,0,2,False,False,False,False,True,0.2
2026-08-24T00:26:38Z,IN,313,40.1578,-86.5387,71,Mostly Clear,1,3,False,False,False,False,True,0.2
2026-08-24T00:26:38Z,IN,312,40.1722,-86.5522,71,Mostly Clear,1,3,False,False,False,False,True,0.2
2026-08-24T00:26:38Z,IN,311,40.6992,-87.0628,72,Mostly Clear,0,5,False,False,False,False,True,0.2
2026-08-24T00:26:38Z,IN,310,40.6984,-87.0646,72,Mostly Clear,0,5,False,False,False,False,True,0.2
2026-08-24T00:26:38Z,IN,308,41.1653,-87.271,71,Mostly Clear,0,5,False,False,False,False,True,0.2
2026-08-24T00:26:38Z,IN,309,41.1666,-87.2749,71,Mostly Clear,0,5,False,False,False,False,True,0.2
2026-08-24T00:26:38Z,IN,318,40.3543,-85.5576,68,Partly Cloudy,2,3,False,False,False,False,True,0.2
2026-08-24T00:26:38Z,IN,319,40.3569,-85.56,68,Partly Cloudy,2,3,False,False,False,False,True,0.2
2026-08-24T00:26:38Z,IN,320,41.2963,-85.0863,65,Mostly Clear,0,10,False,False,False,False,True,0.2
2026-08-24T00:26:38Z,IN,321,41.5803,-85.0597,67,Mostly Clear,6,15,False,False,False,False,True,0.2
2026-08-24T00:26:38Z,IN,300,39.4417,-87.5002,73,Partly Cloudy,0,1,False,False,False,False,True,0.2
2026-08-24T00:26:38Z,IN,302,39.6517,-86.3967,74,Partly Cloudy,1,8,False,False,False,False,True,0.2
2026-08-24T00:26:38Z,IN,301,39.6541,-86.4005,74,Partly Cloudy,1,8,False,False,False,False,True,0.2
2026-08-24T00:26:38Z,IN,303,39.8243,-85.7039,75,Mostly Cloudy,3,2,False,False,False,False,True,0.2
2026-08-24T00:26:38Z,IN,304,39.8266,-85.704,75,Mostly Cloudy,3,2,False,False,False,False,True,0.2
2026-08-24T00:26:38Z,IN,305,39.8605,-85.0259,69,Mostly Cloudy,13,6,False,False,False,False,True,0.2
2026-08-24T00:26:38Z,IN,323,39.29,-85.1688,69,Mostly Cloudy,10,3,False,False,False,False,True,0.2
2026-08-24T00:26:38Z,IN,702,41.7472,-85.3285,65,Mostly Clear,1,10,False,False,False,False,True,0.2
2026-08-24T00:26:38Z,IN,701,41.5889,-87.2173,71,Partly Cloudy,0,10,False,False,False,False,True,0.2
2026-08-24T00:26:38Z,IN,704,41.7058,-86.6212,66,Mostly Clear,4,5,False,False,False,False,True,0.2
2026-08-24T00:26:38Z,IN,703,41.7071,-86.6235,66,Mostly Clear,4,5,False,False,False,False,True,0.2
2026-08-24T00:26:38Z,IN,705,41.733,-86.0057,68,Mostly Clear,0,10,False,False,False,False,True,0.2
2026-08-24T00:26:38Z,IN,708,41.7472,-85.3285,65,Mostly Clear,1,10,False,False,False,False,True,0.2
2026-08-24T00:26:38Z,IN,707,41.7453,-85.3287,65,Mostly Clear,1,10,False,False,False,False,True,0.2
2026-08-24T00:26:38Z,IN,324,41.7353,-86.7933,68,Partly Cloudy,5,5,False,False,False,False,True,0.2
2026-08-24T00:26:38Z,KY,KY00065IS0000020N65WELCOM,36.6434,-86.5687,76,Partly Cloudy,0,5,False,False,False,False,False,0.0
2026-08-24T00:26:38Z,KY,KY00065IS000020NSMARATHON,36.6612,-86.5553,80,Mostly Clear,0,6,False,False,False,False,False,0.0
2026-08-24T00:26:38Z,KY,KY00065IS0000340NWEIGHS34,36.6868,-86.5379,81,Mostly Clear,0,6,False,False,False,False,False,0.0
2026-08-24T00:26:38Z,KY,KY00065IS0011400S65SRA114,37.9464,-85.6905,77,Partly Cloudy,0,6,False,False,False,False,False,0.0
2026-08-24T00:26:38Z,KY,KY00065IS0005900S65SRA059,37.239,-85.9297,76,Partly Cloudy,0,2,False,False,False,False,False,0.0
2026-08-24T00:26:38Z,KY,KY00065IS0005900N65NRA059,37.2384,-85.9271,76,Partly Cloudy,0,2,False,False,False,False,False,0.0
2026-08-24T00:26:38Z,KY,KY00075IS0003300NWEIGHS33,37.0422,-84.0968,73,Mostly Cloudy,0,3,False,False,False,False,False,0.0
2026-08-24T00:26:38Z,KY,KY00075IS0003400SWEIGHS34,37.048,-84.0997,78,Partly Cloudy,0,5,False,False,False,False,False,0.0
2026-08-24T00:26:38Z,KY,KY00075IS0017700N75NRA177,38.937,-84.6309,71,Partly Cloudy,10,6,False,False,False,False,False,0.0
2026-08-24T00:26:38Z,KY,KY00075IS0007500SWALTONWS,38.8653,-84.6476,71,Partly Cloudy,10,5,False,False,False,False,False,0.0
2026-08-24T00:26:38Z,KY,KY00075IS0017700S75SRA177,38.9388,-84.6339,71,Partly Cloudy,10,6,False,False,False,False,False,0.0
2026-08-24T00:26:38Z,KY,KY00075IS0016800SCRITENWS,38.8196,-84.6015,76,Partly Cloudy,10,6,False,False,False,False,False,0.0
2026-08-24T00:26:38Z,KY,KY00075IS0000100N75WELCOM,36.6162,-84.1054,75,Partly Cloudy,0,2,False,False,False,False,False,0.0
2026-08-24T00:26:42Z,IL,IL00057IN007900034,38.0297,-88.9203,78,Partly Cloudy,0,2,False,False,False,False,True,0.2
2026-08-24T00:26:42Z,IL,IL00057IS022200054,39.9314,-88.3043,73,Mostly Clear,0,6,False,False,False,False,True,0.2
2026-08-24T00:26:42Z,IL,IL00039IN008500036,41.7236,-89.0062,72,Mostly Clear,0,10,False,False,False,False,True,0.2
2026-08-24T00:26:42Z,IL,IL00055IS019400021,40.8371,-88.6833,73,Mostly Clear,0,5,False,False,False,False,True,0.2
2026-08-24T00:26:42Z,IL,IL00057IN022200048,39.9218,-88.299,73,Mostly Clear,0,6,False,False,False,False,True,0.2
2026-08-24T00:26:42Z,IL,IL00055IN006400027,39.3465,-89.6408,72,Partly Cloudy,0,5,False,False,False,False,True,0.2
2026-08-24T00:26:42Z,IL,IL00070IE002700042,38.7849,-89.7023,74,Partly Cloudy,0,5,False,False,False,False,True,0.2
2026-08-24T00:26:42Z,IL,IL00057IN026800032,40.5505,-88.0605,70,Mostly Clear,0,5,False,False,False,False,True,0.2
2026-08-24T00:26:42Z,IL,IL00064IW002500011,38.5491,-89.7633,78,Partly Cloudy,0,3,False,False,False,False,True,0.2
2026-08-24T00:26:42Z,IL,IL00024IW003700010,37.1593,-88.6798,75,Mostly Cloudy,0,2,False,False,False,False,True,0.2
2026-08-24T00:26:42Z,IL,IL00074IE002800030,41.2334,-90.333,75,Mostly Clear,0,5,False,False,False,False,True,0.2
2026-08-24T00:26:42Z,IL,IL00080IW005100013,41.3937,-89.5591,73,Mostly Clear,0,5,False,False,False,False,True,0.2
2026-08-24T00:26:42Z,IL,IL00055IN010400050,39.8627,-89.5948,75,Mostly Clear,0,7,False,False,False,False,True,0.2
2026-08-24T00:26:42Z,IL,IL00055IN002700029,38.8649,-89.8532,75,Partly Cloudy,0,6,False,False,False,False,True,0.2
2026-08-24T00:26:42Z,IL,IL00074IE015600037,40.2732,-88.6762,74,Mostly Clear,0,7,False,False,False,False,True,0.2
2026-08-24T00:26:42Z,IL,IL00072IE015200041,39.9923,-88.7827,72,Mostly Clear,0,7,False,False,False,False,True,0.2
2026-08-24T00:26:42Z,IL,IL00080IW011700016,41.4473,-88.3285,72,Mostly Clear,0,5,False,False,False,False,True,0.2
2026-08-24T00:26:42Z,IL,IL00057IS011400023,38.5965,-88.9677,74,Mostly Clear,0,3,False,False,False,False,True,0.2
2026-08-24T00:26:42Z,IL,IL00057IS033300046,41.3918,-87.7749,72,Clear,0,10,False,False,False,False,True,0.2
2026-08-24T00:26:42Z,IL,IL00057IS007900047,38.0962,-88.9138,77,Partly Cloudy,0,2,False,False,False,False,True,0.2
2026-08-24T00:26:42Z,IL,IL00072IW015200014,39.9888,-88.7852,72,Mostly Clear,0,7,False,False,False,False,True,0.2
2026-08-24T00:26:42Z,IL,IL00055IN014900028,40.3599,-89.1099,74,Mostly Clear,0,6,False,False,False,False,True,0.2
2026-08-24T00:26:42Z,IL,IL00074IW002800020,41.2141,-90.3308,75,Mostly Clear,0,5,False,False,False,False,True,0.2
2026-08-24T00:26:42Z,IL,IL00064IW008500012,38.2766,-88.8012,77,Partly Cloudy,0,2,False,False,False,False,True,0.2
2026-08-24T00:26:42Z,IL,IL00057IN033300049,41.3892,-87.7729,72,Clear,0,10,False,False,False,False,True,0.2
2026-08-24T00:26:42Z,IL,IL00039IS008500026,41.7285,-89.0105,72,Mostly Clear,0,10,False,False,False,False,True,0.2
2026-08-24T00:26:42Z,IL,IL00070IE008600051,39.0651,-88.6745,75,Partly Cloudy,0,3,False,False,False,False,True,0.2
2026-08-24T00:26:42Z,IL,IL00064IE002500038,38.5481,-89.7731,78,Partly Cloudy,0,3,False,False,False,False,True,0.2
2026-08-24T00:26:42Z,IL,IL00055IN019400031,40.8234,-88.6875,73,Mostly Clear,0,5,False,False,False,False,True,0.2
2026-08-24T00:26:42Z,IL,IL00080IE011700043,41.4314,-88.3454,74,Mostly Clear,0,10,False,False,False,False,True,0.2
2026-08-24T00:26:42Z,IL,IL00074IW015600009,40.2711,-88.6701,74,Mostly Clear,0,7,False,False,False,False,True,0.2
2026-08-24T00:26:42Z,IL,IL00057IN011400033,38.5963,-88.9638,74,Mostly Clear,0,3,False,False,False,False,True,0.2
2026-08-24T00:26:42Z,IL,IL00064IE008500039,38.273,-88.8496,74,Partly Cloudy,0,1,False,False,False,False,True,0.2
2026-08-24T00:26:42Z,IL,IL00055IS006400017,39.3523,-89.6447,72,Partly Cloudy,0,5,False,False,False,False,True,0.2
2026-08-24T00:26:42Z,IL,IL00057IS026800022,40.5613,-88.0615,70,Mostly Clear,0,5,False,False,False,False,True,0.2
2026-08-24T00:26:42Z,IL,IL00080IE005100040,41.3938,-89.5665,76,Partly Cloudy,0,5,False,False,False,False,True,0.2
2026-08-24T00:26:42Z,IL,IL00055IS002700019,38.8723,-89.8511,75,Partly Cloudy,0,6,False,False,False,False,True,0.2
2026-08-24T00:26:42Z,IL,IL00070IW002700015,38.7884,-89.6889,74,Partly Cloudy,0,3,False,False,False,False,True,0.2
2026-08-24T00:26:42Z,IL,IL00064IW013000053,38.2322,-87.9882,75,Partly Cloudy,0,2,False,False,False,False,True,0.2
2026-08-24T00:26:42Z,IL,IL00074IW020800052,40.1298,-87.7441,76,Partly Cloudy,0,6,False,False,False,False,True,0.2
2026-08-24T00:26:42Z,IL,IL00074IE011400005,40.6125,-89.245,73,Mostly Clear,0,7,False,False,False,False,True,0.2
2026-08-24T00:26:42Z,IL,IL00074IW006200004,40.8802,-90.0895,73,Mostly Clear,0,3,False,False,False,False,True,0.2
2026-08-24T00:26:42Z,IL,IL00070IW008700045,39.0679,-88.6704,75,Partly Cloudy,0,3,False,False,False,False,True,0.2
2026-08-24T00:26:42Z,IL,IL00057IS016500018,39.1993,-88.502,78,Mostly Clear,0,7,False,False,False,False,True,0.2
2026-08-24T00:26:42Z,IL,IL00074IW011400006,40.6111,-89.2323,73,Mostly Clear,0,7,False,False,False,False,True,0.2
2026-08-24T00:26:42Z,IL,IL00074IE006200001,40.8788,-90.0936,73,Mostly Clear,0,3,False,False,False,False,True,0.2
2026-08-24T00:26:42Z,IL,IL00070IW014900008,39.4228,-87.6617,78,Partly Cloudy,0,7,False,False,False,False,True,0.2
2026-08-24T00:26:42Z,IL,IL00057IN016500044,39.1898,-88.5031,77,Mostly Clear,0,6,False,False,False,False,True,0.2
2026-08-24T00:26:42Z,IL,IL00055IS010400024,39.8871,-89.5966,73,Mostly Clear,0,5,False,False,False,False,True,0.2
2026-08-24T00:26:42Z,IL,IL00057IS003200025,37.4699,-89.1329,79,Mostly Cloudy,0,2,False,False,False,False,True,0.2
2026-08-24T00:26:42Z,IL,IL00057IN003200035,37.4661,-89.1324,79,Mostly Cloudy,0,2,False,False,False,False,True,0.2
2026-08-24T00:26:42Z,IN,322,38.195,-87.8597,75,Partly Cloudy,0,3,False,False,False,False,True,0.2
2026-08-24T00:26:42Z,IN,317,38.5852,-85.7768,79,Partly Cloudy,0,5,False,False,False,False,True,0.2
2026-08-24T00:26:42Z,IN,316,38.5859,-85.7809,79,Partly Cloudy,0,5,False,False,False,False,True,0.2
2026-08-24T00:26:42Z,IN,315,39.2602,-85.9521,77,Partly Cloudy,0,3,False,False,False,False,True,0.2
2026-08-24T00:26:42Z,IN,314,39.2767,-85.9569,77,Partly Cloudy,0,2,False,False,False,False,True,0.2
2026-08-24T00:26:42Z,IN,313,40.1578,-86.5387,71,Mostly Clear,1,3,False,False,False,False,True,0.2
2026-08-24T00:26:42Z,IN,312,40.1722,-86.5522,71,Mostly Clear,1,3,False,False,False,False,True,0.2
2026-08-24T00:26:42Z,IN,311,40.6992,-87.0628,72,Mostly Clear,0,5,False,False,False,False,True,0.2
2026-08-24T00:26:42Z,IN,310,40.6984,-87.0646,72,Mostly Clear,0,5,False,False,False,False,True,0.2
2026-08-24T00:26:42Z,IN,308,41.1653,-87.271,71,Mostly Clear,0,5,False,False,False,False,True,0.2
2026-08-24T00:26:42Z,IN,309,41.1666,-87.2749,71,Mostly Clear,0,5,False,False,False,False,True,0.2
2026-08-24T00:26:42Z,IN,318,40.3543,-85.5576,68,Partly Cloudy,2,3,False,False,False,False,True,0.2
2026-08-24T00:26:42Z,IN,319,40.3569,-85.56,68,Partly Cloudy,2,3,False,False,False,False,True,0.2
2026-08-24T00:26:42Z,IN,320,41.2963,-85.0863,65,Mostly Clear,0,10,False,False,False,False,True,0.2
2026-08-24T00:26:42Z,IN,321,41.5803,-85.0597,67,Mostly Clear,6,15,False,False,False,False,True,0.2
2026-08-24T00:26:42Z,IN,300,39.4417,-87.5002,73,Partly Cloudy,0,1,False,False,False,False,True,0.2
2026-08-24T00:26:42Z,IN,302,39.6517,-86.3967,74,Partly Cloudy,1,8,False,False,False,False,True,0.2
2026-08-24T00:26:42Z,IN,301,39.6541,-86.4005,74,Partly Cloudy,1,8,False,False,False,False,True,0.2
2026-08-24T00:26:42Z,IN,303,39.8243,-85.7039,75,Mostly Cloudy,3,2,False,False,False,False,True,0.2
2026-08-24T00:26:42Z,IN,304,39.8266,-85.704,75,Mostly Cloudy,3,2,False,False,False,False,True,0.2
2026-08-24T00:26:42Z,IN,305,39.8605,-85.0259,69,Mostly Cloudy,13,6,False,False,False,False,True,0.2
2026-08-24T00:26:42Z,IN,323,39.29,-85.1688,69,Mostly Cloudy,10,3,False,False,False,False,True,0.2
2026-08-24T00:26:42Z,IN,702,41.7472,-85.3285,65,Mostly Clear,1,10,False,False,False,False,True,0.2
2026-08-24T00:26:42Z,IN,701,41.5889,-87.2173,71,Partly Cloudy,0,10,False,False,False,False,True,0.2
2026-08-24T00:26:42Z,IN,704,41.7058,-86.6212,66,Mostly Clear,4,5,False,False,False,False,True,0.2
2026-08-24T00:26:42Z,IN,703,41.7071,-86.6235,66,Mostly Clear,4,5,False,False,False,False,True,0.2
2026-08-24T00:26:42Z,IN,705,41.733,-86.0057,68,Mostly Clear,0,10,False,False,False,False,True,0.2
2026-08-24T00:26:42Z,IN,708,41.7472,-85.3285,65,Mostly Clear,1,10,False,False,False,False,True,0.2
2026-08-24T00:26:42Z,IN,707,41.7453,-85.3287,65,Mostly Clear,1,10,False,False,False,False,True,0.2
2026-08-24T00:26:42Z,IN,324,41.7353,-86.7933,68,Partly Cloudy,5,5,False,False,False,False,True,0.2
2026-08-24T00:26:42Z,KY,KY00065IS0000020N65WELCOM,36.6434,-86.5687,76,Partly Cloudy,0,5,False,False,False,False,False,0.0
2026-08-24T00:26:42Z,KY,KY00065IS000020NSMARATHON,36.6612,-86.5553,80,Mostly Clear,0,6,False,False,False,False,False,0.0
2026-08-24T00:26:42Z,KY,KY00065IS0000340NWEIGHS34,36.6868,-86.5379,81,Mostly Clear,0,6,False,False,False,False,False,0.0
2026-08-24T00:26:42Z,KY,KY00065IS0011400S65SRA114,37.9464,-85.6905,77,Partly Cloudy,0,6,False,False,False,False,False,0.0
2026-08-24T00:26:42Z,KY,KY00065IS0005900S65SRA059,37.239,-85.9297,76,Partly Cloudy,0,2,False,False,False,False,False,0.0
2026-08-24T00:26:42Z,KY,KY00065IS0005900N65NRA059,37.2384,-85.9271,76,Partly Cloudy,0,2,False,False,False,False,False,0.0
2026-08-24T00:26:42Z,KY,KY00075IS0003300NWEIGHS33,37.0422,-84.0968,73,Mostly Cloudy,0,3,False,False,False,False,False,0.0
2026-08-24T00:26:42Z,KY,KY00075IS0003400SWEIGHS34,37.048,-84.0997,78,Partly Cloudy,0,5,False,False,False,False,False,0.0
2026-08-24T00:26:42Z,KY,KY00075IS0017700N75NRA177,38.937,-84.6309,71,Partly Cloudy,10,6,False,False,False,False,False,0.0
2026-08-24T00:26:42Z,KY,KY00075IS0007500SWALTONWS,38.8653,-84.6476,76,Partly Cloudy,10,6,False,False,False,False,False,0.0
2026-08-24T00:26:42Z,KY,KY00075IS0017700S75SRA177,38.9388,-84.6339,71,Partly Cloudy,10,6,False,False,False,False,False,0.0
2026-08-24T00:26:42Z,KY,KY00075IS0016800SCRITENWS,38.8196,-84.6015,76,Partly Cloudy,10,6,False,False,False,False,False,0.0
2026-08-24T00:26:42Z,KY,KY00075IS0000100N75WELCOM,36.6162,-84.1054,75,Partly Cloudy,0,2,False,False,False,False,False,0.0
2026-08-24T00:26:46Z,IL,IL00057IN007900034,38.0297,-88.9203,78,Partly Cloudy,0,2,False,False,False,False,True,0.2
2026-08-24T00:26:46Z,IL,IL00057IS022200054,39.9314,-88.3043,73,Mostly Clear,0,6,False,False,False,False,True,0.2
2026-08-24T00:26:46Z,IL,IL00039IN008500036,41.7236,-89.0062,72,Mostly Clear,0,10,False,False,False,False,True,0.2
2026-08-24T00:26:46Z,IL,IL00055IS019400021,40.8371,-88.6833,73,Mostly Clear,0,5,False,False,False,False,True,0.2
2026-08-24T00:26:46Z,IL,IL00057IN022200048,39.9218,-88.299,73,Mostly Clear,0,6,False,False,False,False,True,0.2
2026-08-24T00:26:46Z,IL,IL00055IN006400027,39.3465,-89.6408,72,Partly Cloudy,0,5,False,False,False,False,True,0.2
2026-08-24T00:26:46Z,IL,IL00070IE002700042,38.7849,-89.7023,74,Partly Cloudy,0,5,False,False,False,False,True,0.2
2026-08-24T00:26:46Z,IL,IL00057IN026800032,40.5505,-88.0605,70,Mostly Clear,0,5,False,False,False,False,True,0.2
2026-08-24T00:26:46Z,IL,IL00064IW002500011,38.5491,-89.7633,78,Partly Cloudy,0,3,False,False,False,False,True,0.2
2026-08-24T00:26:46Z,IL,IL00024IW003700010,37.1593,-88.6798,75,Mostly Cloudy,0,2,False,False,False,False,True,0.2
2026-08-24T00:26:46Z,IL,IL00074IE002800030,41.2334,-90.333,75,Mostly Clear,0,5,False,False,False,False,True,0.2
2026-08-24T00:26:46Z,IL,IL00080IW005100013,41.3937,-89.5591,73,Mostly Clear,0,5,False,False,False,False,True,0.2
2026-08-24T00:26:46Z,IL,IL00055IN010400050,39.8627,-89.5948,75,Mostly Clear,0,7,False,False,False,False,True,0.2
2026-08-24T00:26:46Z,IL,IL00055IN002700029,38.8649,-89.8532,75,Partly Cloudy,0,6,False,False,False,False,True,0.2
2026-08-24T00:26:46Z,IL,IL00074IE015600037,40.2732,-88.6762,74,Mostly Clear,0,7,False,False,False,False,True,0.2
2026-08-24T00:26:46Z,IL,IL00072IE015200041,39.9923,-88.7827,72,Mostly Clear,0,7,False,False,False,False,True,0.2
2026-08-24T00:26:46Z,IL,IL00080IW011700016,41.4473,-88.3285,72,Mostly Clear,0,5,False,False,False,False,True,0.2
2026-08-24T00:26:46Z,IL,IL00057IS011400023,38.5965,-88.9677,74,Mostly Clear,0,3,False,False,False,False,True,0.2
2026-08-24T00:26:46Z,IL,IL00057IS033300046,41.3918,-87.7749,72,Clear,0,10,False,False,False,False,True,0.2
2026-08-24T00:26:46Z,IL,IL00057IS007900047,38.0962,-88.9138,77,Partly Cloudy,0,2,False,False,False,False,True,0.2
2026-08-24T00:26:46Z,IL,IL00072IW015200014,39.9888,-88.7852,72,Mostly Clear,0,7,False,False,False,False,True,0.2
2026-08-24T00:26:46Z,IL,IL00055IN014900028,40.3599,-89.1099,74,Mostly Clear,0,6,False,False,False,False,True,0.2
2026-08-24T00:26:46Z,IL,IL00074IW002800020,41.2141,-90.3308,75,Mostly Clear,0,5,False,False,False,False,True,0.2
2026-08-24T00:26:46Z,IL,IL00064IW008500012,38.2766,-88.8012,77,Partly Cloudy,0,2,False,False,False,False,True,0.2
2026-08-24T00:26:46Z,IL,IL00057IN033300049,41.3892,-87.7729,72,Clear,0,10,False,False,False,False,True,0.2
2026-08-24T00:26:46Z,IL,IL00039IS008500026,41.7285,-89.0105,72,Mostly Clear,0,10,False,False,False,False,True,0.2
2026-08-24T00:26:46Z,IL,IL00070IE008600051,39.0651,-88.6745,75,Partly Cloudy,0,3,False,False,False,False,True,0.2
2026-08-24T00:26:46Z,IL,IL00064IE002500038,38.5481,-89.7731,78,Partly Cloudy,0,3,False,False,False,False,True,0.2
2026-08-24T00:26:46Z,IL,IL00055IN019400031,40.8234,-88.6875,73,Mostly Clear,0,5,False,False,False,False,True,0.2
2026-08-24T00:26:46Z,IL,IL00080IE011700043,41.4314,-88.3454,74,Mostly Clear,0,10,False,False,False,False,True,0.2
2026-08-24T00:26:46Z,IL,IL00074IW015600009,40.2711,-88.6701,74,Mostly Clear,0,7,False,False,False,False,True,0.2
2026-08-24T00:26:46Z,IL,IL00057IN011400033,38.5963,-88.9638,74,Mostly Clear,0,3,False,False,False,False,True,0.2
2026-08-24T00:26:46Z,IL,IL00064IE008500039,38.273,-88.8496,74,Partly Cloudy,0,1,False,False,False,False,True,0.2
2026-08-24T00:26:46Z,IL,IL00055IS006400017,39.3523,-89.6447,72,Partly Cloudy,0,5,False,False,False,False,True,0.2
2026-08-24T00:26:46Z,IL,IL00057IS026800022,40.5613,-88.0615,70,Mostly Clear,0,5,False,False,False,False,True,0.2
2026-08-24T00:26:46Z,IL,IL00080IE005100040,41.3938,-89.5665,76,Partly Cloudy,0,5,False,False,False,False,True,0.2
2026-08-24T00:26:46Z,IL,IL00055IS002700019,38.8723,-89.8511,75,Partly Cloudy,0,6,False,False,False,False,True,0.2
2026-08-24T00:26:46Z,IL,IL00070IW002700015,38.7884,-89.6889,74,Partly Cloudy,0,3,False,False,False,False,True,0.2
2026-08-24T00:26:46Z,IL,IL00064IW013000053,38.2322,-87.9882,75,Partly Cloudy,0,2,False,False,False,False,True,0.2
2026-08-24T00:26:46Z,IL,IL00074IW020800052,40.1298,-87.7441,76,Partly Cloudy,0,6,False,False,False,False,True,0.2
2026-08-24T00:26:46Z,IL,IL00074IE011400005,40.6125,-89.245,73,Mostly Clear,0,7,False,False,False,False,True,0.2
2026-08-24T00:26:46Z,IL,IL00074IW006200004,40.8802,-90.0895,73,Mostly Clear,0,3,False,False,False,False,True,0.2
2026-08-24T00:26:46Z,IL,IL00070IW008700045,39.0679,-88.6704,75,Partly Cloudy,0,3,False,False,False,False,True,0.2
2026-08-24T00:26:46Z,IL,IL00057IS016500018,39.1993,-88.502,78,Mostly Clear,0,7,False,False,False,False,True,0.2
2026-08-24T00:26:46Z,IL,IL00074IW011400006,40.6111,-89.2323,73,Mostly Clear,0,7,False,False,False,False,True,0.2
2026-08-24T00:26:46Z,IL,IL00074IE006200001,40.8788,-90.0936,73,Mostly Clear,0,3,False,False,False,False,True,0.2
2026-08-24T00:26:46Z,IL,IL00070IW014900008,39.4228,-87.6617,78,Partly Cloudy,0,7,False,False,False,False,True,0.2
2026-08-24T00:26:46Z,IL,IL00057IN016500044,39.1898,-88.5031,77,Mostly Clear,0,6,False,False,False,False,True,0.2
2026-08-24T00:26:46Z,IL,IL00055IS010400024,39.8871,-89.5966,73,Mostly Clear,0,5,False,False,False,False,True,0.2
2026-08-24T00:26:46Z,IL,IL00057IS003200025,37.4699,-89.1329,79,Mostly Cloudy,0,2,False,False,False,False,True,0.2
2026-08-24T00:26:46Z,IL,IL00057IN003200035,37.4661,-89.1324,79,Mostly Cloudy,0,2,False,False,False,False,True,0.2
2026-08-24T00:26:46Z,IN,322,38.195,-87.8597,75,Partly Cloudy,0,3,False,False,False,False,True,0.2
2026-08-24T00:26:46Z,IN,317,38.5852,-85.7768,79,Partly Cloudy,0,5,False,False,False,False,True,0.2
2026-08-24T00:26:46Z,IN,316,38.5859,-85.7809,79,Partly Cloudy,0,5,False,False,False,False,True,0.2
2026-08-24T00:26:46Z,IN,315,39.2602,-85.9521,77,Partly Cloudy,0,3,False,False,False,False,True,0.2
2026-08-24T00:26:46Z,IN,314,39.2767,-85.9569,77,Partly Cloudy,0,2,False,False,False,False,True,0.2
2026-08-24T00:26:46Z,IN,313,40.1578,-86.5387,71,Mostly Clear,1,3,False,False,False,False,True,0.2
2026-08-24T00:26:46Z,IN,312,40.1722,-86.5522,71,Mostly Clear,1,3,False,False,False,False,True,0.2
2026-08-24T00:26:46Z,IN,311,40.6992,-87.0628,72,Mostly Clear,0,5,False,False,False,False,True,0.2
2026-08-24T00:26:46Z,IN,310,40.6984,-87.0646,72,Mostly Clear,0,5,False,False,False,False,True,0.2
2026-08-24T00:26:46Z,IN,308,41.1653,-87.271,71,Mostly Clear,0,5,False,False,False,False,True,0.2
2026-08-24T00:26:46Z,IN,309,41.1666,-87.2749,71,Mostly Clear,0,5,False,False,False,False,True,0.2
2026-08-24T00:26:46Z,IN,318,40.3543,-85.5576,68,Partly Cloudy,2,3,False,False,False,False,True,0.2
2026-08-24T00:26:46Z,IN,319,40.3569,-85.56,68,Partly Cloudy,2,3,False,False,False,False,True,0.2
2026-08-24T00:26:46Z,IN,320,41.2963,-85.0863,65,Mostly Clear,0,10,False,False,False,False,True,0.2
2026-08-24T00:26:46Z,IN,321,41.5803,-85.0597,67,Mostly Clear,6,15,False,False,False,False,True,0.2
2026-08-24T00:26:46Z,IN,300,39.4417,-87.5002,73,Partly Cloudy,0,1,False,False,False,False,True,0.2
2026-08-24T00:26:46Z,IN,302,39.6517,-86.3967,74,Partly Cloudy,1,8,False,False,False,False,True,0.2
2026-08-24T00:26:46Z,IN,301,39.6541,-86.4005,74,Partly Cloudy,1,8,False,False,False,False,True,0.2
2026-08-24T00:26:46Z,IN,303,39.8243,-85.7039,75,Mostly Cloudy,3,2,False,False,False,False,True,0.2
2026-08-24T00:26:46Z,IN,304,39.8266,-85.704,75,Mostly Cloudy,3,2,False,False,False,False,True,0.2
2026-08-24T00:26:46Z,IN,305,39.8605,-85.0259,69,Mostly Cloudy,13,6,False,False,False,False,True,0.2
2026-08-24T00:26:46Z,IN,323,39.29,-85.1688,69,Mostly Cloudy,10,3,False,False,False,False,True,0.2
2026-08-24T00:26:46Z,IN,702,41.7472,-85.3285,65,Mostly Clear,1,10,False,False,False,False,True,0.2
2026-08-24T00:26:46Z,IN,701,41.5889,-87.2173,71,Partly Cloudy,0,10,False,False,False,False,True,0.2
2026-08-24T00:26:46Z,IN,704,41.7058,-86.6212,66,Mostly Clear,4,5,False,False,False,False,True,0.2
2026-08-24T00:26:46Z,IN,703,41.7071,-86.6235,66,Mostly Clear,4,5,False,False,False,False,True,0.2
2026-08-24T00:26:46Z,IN,705,41.733,-86.0057,68,Mostly Clear,0,10,False,False,False,False,True,0.2
2026-08-24T00:26:46Z,IN,708,41.7472,-85.3285,65,Mostly Clear,1,10,False,False,False,False,True,0.2
2026-08-24T00:26:46Z,IN,707,41.7453,-85.3287,65,Mostly Clear,1,10,False,False,False,False,True,0.2
2026-08-24T00:26:46Z,IN,324,41.7353,-86.7933,68,Partly Cloudy,5,5,False,False,False,False,True,0.2
2026-08-24T00:26:46Z,KY,KY00065IS0000020N65WELCOM,36.6434,-86.5687,76,Partly Cloudy,0,5,False,False,False,False,False,0.0
2026-08-24T00:26:46Z,KY,KY00065IS000020NSMARATHON,36.6612,-86.5553,80,Mostly Clear,0,6,False,False,False,False,False,0.0
2026-08-24T00:26:46Z,KY,KY00065IS0000340NWEIGHS34,36.6868,-86.5379,81,Mostly Clear,0,6,False,False,False,False,False,0.0
2026-08-24T00:26:46Z,KY,KY00065IS0011400S65SRA114,37.9464,-85.6905,77,Partly Cloudy,0,6,False,False,False,False,False,0.0
2026-08-24T00:26:46Z,KY,KY00065IS0005900S65SRA059,37.239,-85.9297,76,Partly Cloudy,0,2,False,False,False,False,False,0.0
2026-08-24T00:26:46Z,KY,KY00065IS0005900N65NRA059,37.2384,-85.9271,76,Partly Cloudy,0,2,False,False,False,False,False,0.0
2026-08-24T00:26:46Z,KY,KY00075IS0003300NWEIGHS33,37.0422,-84.0968,73,Mostly Cloudy,0,3,False,False,False,False,False,0.0
2026-08-24T00:26:46Z,KY,KY00075IS0003400SWEIGHS34,37.048,-84.0997,78,Partly Cloudy,0,5,False,False,False,False,False,0.0
2026-08-24T00:26:46Z,KY,KY00075IS0017700N75NRA177,38.937,-84.6309,71,Partly Cloudy,10,6,False,False,False,False,False,0.0
2026-08-24T00:26:46Z,KY,KY00075IS0007500SWALTONWS,38.8653,-84.6476,76,Partly Cloudy,10,6,False,False,False,False,False,0.0
2026-08-24T00:26:46Z,KY,KY00075IS0017700S75SRA177,38.9388,-84.6339,71,Partly Cloudy,10,6,False,False,False,False,False,0.0
2026-08-24T00:26:46Z,KY,KY00075IS0016800SCRITENWS,38.8196,-84.6015,76,Partly Cloudy,10,6,False,False,False,False,False,0.0
2026-08-24T00:26:46Z,KY,KY00075IS0000100N75WELCOM,36.6162,-84.1054,75,Partly Cloudy,0,2,False,False,False,False,False,0.0
2026-08-24T00:26:51Z,IL,IL00057IN007900034,38.0297,-88.9203,78,Partly Cloudy,0,2,False,False,False,False,True,0.2
2026-08-24T00:26:51Z,IL,IL00057IS022200054,39.9314,-88.3043,73,Mostly Clear,0,6,False,False,False,False,True,0.2
2026-08-24T00:26:51Z,IL,IL00039IN008500036,41.7236,-89.0062,72,Mostly Clear,0,10,False,False,False,False,True,0.2
2026-08-24T00:26:51Z,IL,IL00055IS019400021,40.8371,-88.6833,73,Mostly Clear,0,5,False,False,False,False,True,0.2
2026-08-24T00:26:51Z,IL,IL00057IN022200048,39.9218,-88.299,73,Mostly Clear,0,6,False,False,False,False,True,0.2
2026-08-24T00:26:51Z,IL,IL00055IN006400027,39.3465,-89.6408,72,Partly Cloudy,0,5,False,False,False,False,True,0.2
2026-08-24T00:26:51Z,IL,IL00070IE002700042,38.7849,-89.7023,74,Partly Cloudy,0,5,False,False,False,False,True,0.2
2026-08-24T00:26:51Z,IL,IL00057IN026800032,40.5505,-88.0605,70,Mostly Clear,0,5,False,False,False,False,True,0.2
2026-08-24T00:26:51Z,IL,IL00064IW002500011,38.5491,-89.7633,78,Partly Cloudy,0,3,False,False,False,False,True,0.2
2026-08-24T00:26:51Z,IL,IL00024IW003700010,37.1593,-88.6798,75,Mostly Cloudy,0,2,False,False,False,False,True,0.2
2026-08-24T00:26:51Z,IL,IL00074IE002800030,41.2334,-90.333,75,Mostly Clear,0,5,False,False,False,False,True,0.2
2026-08-24T00:26:51Z,IL,IL00080IW005100013,41.3937,-89.5591,73,Mostly Clear,0,5,False,False,False,False,True,0.2
2026-08-24T00:26:51Z,IL,IL00055IN010400050,39.8627,-89.5948,75,Mostly Clear,0,7,False,False,False,False,True,0.2
2026-08-24T00:26:51Z,IL,IL00055IN002700029,38.8649,-89.8532,75,Partly Cloudy,0,6,False,False,False,False,True,0.2
2026-08-24T00:26:51Z,IL,IL00074IE015600037,40.2732,-88.6762,74,Mostly Clear,0,7,False,False,False,False,True,0.2
2026-08-24T00:26:51Z,IL,IL00072IE015200041,39.9923,-88.7827,72,Mostly Clear,0,7,False,False,False,False,True,0.2
2026-08-24T00:26:51Z,IL,IL00080IW011700016,41.4473,-88.3285,72,Mostly Clear,0,5,False,False,False,False,True,0.2
2026-08-24T00:26:51Z,IL,IL00057IS011400023,38.5965,-88.9677,74,Mostly Clear,0,3,False,False,False,False,True,0.2
2026-08-24T00:26:51Z,IL,IL00057IS033300046,41.3918,-87.7749,72,Clear,0,10,False,False,False,False,True,0.2
2026-08-24T00:26:51Z,IL,IL00057IS007900047,38.0962,-88.9138,77,Partly Cloudy,0,2,False,False,False,False,True,0.2
2026-08-24T00:26:51Z,IL,IL00072IW015200014,39.9888,-88.7852,72,Mostly Clear,0,7,False,False,False,False,True,0.2
2026-08-24T00:26:51Z,IL,IL00055IN014900028,40.3599,-89.1099,74,Mostly Clear,0,6,False,False,False,False,True,0.2
2026-08-24T00:26:51Z,IL,IL00074IW002800020,41.2141,-90.3308,75,Mostly Clear,0,5,False,False,False,False,True,0.2
2026-08-24T00:26:51Z,IL,IL00064IW008500012,38.2766,-88.8012,77,Partly Cloudy,0,2,False,False,False,False,True,0.2
2026-08-24T00:26:51Z,IL,IL00057IN033300049,41.3892,-87.7729,70,Mostly Clear,0,5,False,False,False,False,True,0.2
2026-08-24T00:26:51Z,IL,IL00039IS008500026,41.7285,-89.0105,72,Mostly Clear,0,10,False,False,False,False,True,0.2
2026-08-24T00:26:51Z,IL,IL00070IE008600051,39.0651,-88.6745,75,Partly Cloudy,0,3,False,False,False,False,True,0.2
2026-08-24T00:26:51Z,IL,IL00064IE002500038,38.5481,-89.7731,78,Partly Cloudy,0,3,False,False,False,False,True,0.2
2026-08-24T00:26:51Z,IL,IL00055IN019400031,40.8234,-88.6875,73,Mostly Clear,0,5,False,False,False,False,True,0.2
2026-08-24T00:26:51Z,IL,IL00080IE011700043,41.4314,-88.3454,74,Mostly Clear,0,10,False,False,False,False,True,0.2
2026-08-24T00:26:51Z,IL,IL00074IW015600009,40.2711,-88.6701,74,Mostly Clear,0,7,False,False,False,False,True,0.2
2026-08-24T00:26:51Z,IL,IL00057IN011400033,38.5963,-88.9638,74,Mostly Clear,0,3,False,False,False,False,True,0.2
2026-08-24T00:26:51Z,IL,IL00064IE008500039,38.273,-88.8496,74,Partly Cloudy,0,1,False,False,False,False,True,0.2
2026-08-24T00:26:51Z,IL,IL00055IS006400017,39.3523,-89.6447,72,Partly Cloudy,0,5,False,False,False,False,True,0.2
2026-08-24T00:26:51Z,IL,IL00057IS026800022,40.5613,-88.0615,70,Mostly Clear,0,5,False,False,False,False,True,0.2
2026-08-24T00:26:51Z,IL,IL00080IE005100040,41.3938,-89.5665,76,Partly Cloudy,0,5,False,False,False,False,True,0.2
2026-08-24T00:26:51Z,IL,IL00055IS002700019,38.8723,-89.8511,75,Partly Cloudy,0,6,False,False,False,False,True,0.2
2026-08-24T00:26:51Z,IL,IL00070IW002700015,38.7884,-89.6889,74,Partly Cloudy,0,3,False,False,False,False,True,0.2
2026-08-24T00:26:51Z,IL,IL00064IW013000053,38.2322,-87.9882,75,Partly Cloudy,0,2,False,False,False,False,True,0.2
2026-08-24T00:26:51Z,IL,IL00074IW020800052,40.1298,-87.7441,76,Partly Cloudy,0,6,False,False,False,False,True,0.2
2026-08-24T00:26:51Z,IL,IL00074IE011400005,40.6125,-89.245,73,Mostly Clear,0,7,False,False,False,False,True,0.2
2026-08-24T00:26:51Z,IL,IL00074IW006200004,40.8802,-90.0895,73,Mostly Clear,0,3,False,False,False,False,True,0.2
2026-08-24T00:26:51Z,IL,IL00070IW008700045,39.0679,-88.6704,75,Partly Cloudy,0,3,False,False,False,False,True,0.2
2026-08-24T00:26:51Z,IL,IL00057IS016500018,39.1993,-88.502,78,Mostly Clear,0,7,False,False,False,False,True,0.2
2026-08-24T00:26:51Z,IL,IL00074IW011400006,40.6111,-89.2323,73,Mostly Clear,0,7,False,False,False,False,True,0.2
2026-08-24T00:26:51Z,IL,IL00074IE006200001,40.8788,-90.0936,73,Mostly Clear,0,3,False,False,False,False,True,0.2
2026-08-24T00:26:51Z,IL,IL00070IW014900008,39.4228,-87.6617,78,Partly Cloudy,0,7,False,False,False,False,True,0.2
2026-08-24T00:26:51Z,IL,IL00057IN016500044,39.1898,-88.5031,77,Mostly Clear,0,6,False,False,False,False,True,0.2
2026-08-24T00:26:51Z,IL,IL00055IS010400024,39.8871,-89.5966,73,Mostly Clear,0,5,False,False,False,False,True,0.2
2026-08-24T00:26:51Z,IL,IL00057IS003200025,37.4699,-89.1329,79,Mostly Cloudy,0,2,False,False,False,False,True,0.2
2026-08-24T00:26:51Z,IL,IL00057IN003200035,37.4661,-89.1324,79,Mostly Cloudy,0,2,False,False,False,False,True,0.2
2026-08-24T00:26:51Z,IN,322,38.195,-87.8597,75,Partly Cloudy,0,3,False,False,False,False,True,0.2
2026-08-24T00:26:51Z,IN,317,38.5852,-85.7768,79,Partly Cloudy,0,5,False,False,False,False,True,0.2
2026-08-24T00:26:51Z,IN,316,38.5859,-85.7809,79,Partly Cloudy,0,5,False,False,False,False,True,0.2
2026-08-24T00:26:51Z,IN,315,39.2602,-85.9521,77,Partly Cloudy,0,3,False,False,False,False,True,0.2
2026-08-24T00:26:51Z,IN,314,39.2767,-85.9569,77,Partly Cloudy,0,2,False,False,False,False,True,0.2
2026-08-24T00:26:51Z,IN,313,40.1578,-86.5387,71,Mostly Clear,1,3,False,False,False,False,True,0.2
2026-08-24T00:26:51Z,IN,312,40.1722,-86.5522,71,Mostly Clear,1,3,False,False,False,False,True,0.2
2026-08-24T00:26:51Z,IN,311,40.6992,-87.0628,72,Mostly Clear,0,5,False,False,False,False,True,0.2
2026-08-24T00:26:51Z,IN,310,40.6984,-87.0646,72,Mostly Clear,0,5,False,False,False,False,True,0.2
2026-08-24T00:26:51Z,IN,308,41.1653,-87.271,71,Mostly Clear,0,5,False,False,False,False,True,0.2
2026-08-24T00:26:51Z,IN,309,41.1666,-87.2749,71,Mostly Clear,0,5,False,False,False,False,True,0.2
2026-08-24T00:26:51Z,IN,318,40.3543,-85.5576,68,Partly Cloudy,2,3,False,False,False,False,True,0.2
2026-08-24T00:26:51Z,IN,319,40.3569,-85.56,68,Partly Cloudy,2,3,False,False,False,False,True,0.2
2026-08-24T00:26:51Z,IN,320,41.2963,-85.0863,65,Mostly Clear,0,10,False,False,False,False,True,0.2
2026-08-24T00:26:51Z,IN,321,41.5803,-85.0597,67,Mostly Clear,6,15,False,False,False,False,True,0.2
2026-08-24T00:26:51Z,IN,300,39.4417,-87.5002,73,Partly Cloudy,0,1,False,False,False,False,True,0.2
2026-08-24T00:26:51Z,IN,302,39.6517,-86.3967,74,Partly Cloudy,1,8,False,False,False,False,True,0.2
2026-08-24T00:26:51Z,IN,301,39.6541,-86.4005,74,Partly Cloudy,1,8,False,False,False,False,True,0.2
2026-08-24T00:26:51Z,IN,303,39.8243,-85.7039,75,Mostly Cloudy,3,2,False,False,False,False,True,0.2
2026-08-24T00:26:51Z,IN,304,39.8266,-85.704,75,Mostly Cloudy,3,2,False,False,False,False,True,0.2
2026-08-24T00:26:51Z,IN,305,39.8605,-85.0259,69,Mostly Cloudy,13,6,False,False,False,False,True,0.2
2026-08-24T00:26:51Z,IN,323,39.29,-85.1688,69,Mostly Cloudy,10,3,False,False,False,False,True,0.2
2026-08-24T00:26:51Z,IN,702,41.7472,-85.3285,65,Mostly Clear,1,10,False,False,False,False,True,0.2
2026-08-24T00:26:51Z,IN,701,41.5889,-87.2173,71,Partly Cloudy,0,10,False,False,False,False,True,0.2
2026-08-24T00:26:51Z,IN,704,41.7058,-86.6212,66,Mostly Clear,4,5,False,False,False,False,True,0.2
2026-08-24T00:26:51Z,IN,703,41.7071,-86.6235,66,Mostly Clear,4,5,False,False,False,False,True,0.2
2026-08-24T00:26:51Z,IN,705,41.733,-86.0057,68,Mostly Clear,0,10,False,False,False,False,True,0.2
2026-08-24T00:26:51Z,IN,708,41.7472,-85.3285,65,Mostly Clear,1,10,False,False,False,False,True,0.2
2026-08-24T00:26:51Z,IN,707,41.7453,-85.3287,65,Mostly Clear,1,10,False,False,False,False,True,0.2
2026-08-24T00:26:51Z,IN,324,41.7353,-86.7933,68,Partly Cloudy,5,5,False,False,False,False,True,0.2
2026-08-24T00:26:51Z,KY,KY00065IS0000020N65WELCOM,36.6434,-86.5687,76,Partly Cloudy,0,5,False,False,False,False,False,0.0
2026-08-24T00:26:51Z,KY,KY00065IS000020NSMARATHON,36.6612,-86.5553,80,Mostly Clear,0,6,False,False,False,False,False,0.0
2026-08-24T00:26:51Z,KY,KY00065IS0000340NWEIGHS34,36.6868,-86.5379,81,Mostly Clear,0,6,False,False,False,False,False,0.0
2026-08-24T00:26:51Z,KY,KY00065IS0011400S65SRA114,37.9464,-85.6905,77,Partly Cloudy,0,6,False,False,False,False,False,0.0
2026-08-24T00:26:51Z,KY,KY00065IS0005900S65SRA059,37.239,-85.9297,76,Partly Cloudy,0,2,False,False,False,False,False,0.0
2026-08-24T00:26:51Z,KY,KY00065IS0005900N65NRA059,37.2384,-85.9271,76,Partly Cloudy,0,2,False,False,False,False,False,0.0
2026-08-24T00:26:51Z,KY,KY00075IS0003300NWEIGHS33,37.0422,-84.0968,73,Mostly Cloudy,0,3,False,False,False,False,False,0.0
2026-08-24T00:26:51Z,KY,KY00075IS0003400SWEIGHS34,37.048,-84.0997,78,Partly Cloudy,0,5,False,False,False,False,False,0.0
2026-08-24T00:26:51Z,KY,KY00075IS0017700N75NRA177,38.937,-84.6309,71,Partly Cloudy,10,6,False,False,False,False,False,0.0
2026-08-24T00:26:51Z,KY,KY00075IS0007500SWALTONWS,38.8653,-84.6476,71,Partly Cloudy,10,5,False,False,False,False,False,0.0
2026-08-24T00:26:51Z,KY,KY00075IS0017700S75SRA177,38.9388,-84.6339,71,Partly Cloudy,10,6,False,False,False,False,False,0.0
2026-08-24T00:26:51Z,KY,KY00075IS0016800SCRITENWS,38.8196,-84.6015,76,Partly Cloudy,10,6,False,False,False,False,False,0.0
2026-08-24T00:26:51Z,KY,KY00075IS0000100N75WELCOM,36.6162,-84.1054,75,Partly Cloudy,0,2,False,False,False,False,False,0.0
2026-08-24T00:26:55Z,IL,IL00057IN007900034,38.0297,-88.9203,78,Partly Cloudy,0,2,False,False,False,False,True,0.2
2026-08-24T00:26:55Z,IL,IL00057IS022200054,39.9314,-88.3043,73,Mostly Clear,0,6,False,False,False,False,True,0.2
2026-08-24T00:26:55Z,IL,IL00039IN008500036,41.7236,-89.0062,72,Mostly Clear,0,10,False,False,False,False,True,0.2
2026-08-24T00:26:55Z,IL,IL00055IS019400021,40.8371,-88.6833,73,Mostly Clear,0,5,False,False,False,False,True,0.2
2026-08-24T00:26:55Z,IL,IL00057IN022200048,39.9218,-88.299,73,Mostly Clear,0,6,False,False,False,False,True,0.2
2026-08-24T00:26:55Z,IL,IL00055IN006400027,39.3465,-89.6408,72,Partly Cloudy,0,5,False,False,False,False,True,0.2
2026-08-24T00:26:55Z,IL,IL00070IE002700042,38.7849,-89.7023,74,Partly Cloudy,0,5,False,False,False,False,True,0.2
2026-08-24T00:26:55Z,IL,IL00057IN026800032,40.5505,-88.0605,70,Mostly Clear,0,5,False,False,False,False,True,0.2
2026-08-24T00:26:55Z,IL,IL00064IW002500011,38.5491,-89.7633,78,Partly Cloudy,0,3,False,False,False,False,True,0.2
2026-08-24T00:26:55Z,IL,IL00024IW003700010,37.1593,-88.6798,75,Mostly Cloudy,0,2,False,False,False,False,True,0.2
2026-08-24T00:26:55Z,IL,IL00074IE002800030,41.2334,-90.333,75,Mostly Clear,0,5,False,False,False,False,True,0.2
2026-08-24T00:26:55Z,IL,IL00080IW005100013,41.3937,-89.5591,73,Mostly Clear,0,5,False,False,False,False,True,0.2
2026-08-24T00:26:55Z,IL,IL00055IN010400050,39.8627,-89.5948,75,Mostly Clear,0,7,False,False,False,False,True,0.2
2026-08-24T00:26:55Z,IL,IL00055IN002700029,38.8649,-89.8532,75,Partly Cloudy,0,6,False,False,False,False,True,0.2
2026-08-24T00:26:55Z,IL,IL00074IE015600037,40.2732,-88.6762,74,Mostly Clear,0,7,False,False,False,False,True,0.2
2026-08-24T00:26:55Z,IL,IL00072IE015200041,39.9923,-88.7827,72,Mostly Clear,0,7,False,False,False,False,True,0.2
2026-08-24T00:26:55Z,IL,IL00080IW011700016,41.4473,-88.3285,72,Mostly Clear,0,5,False,False,False,False,True,0.2
2026-08-24T00:26:55Z,IL,IL00057IS011400023,38.5965,-88.9677,74,Mostly Clear,0,3,False,False,False,False,True,0.2
2026-08-24T00:26:55Z,IL,IL00057IS033300046,41.3918,-87.7749,72,Clear,0,10,False,False,False,False,True,0.2
2026-08-24T00:26:55Z,IL,IL00057IS007900047,38.0962,-88.9138,77,Partly Cloudy,0,2,False,False,False,False,True,0.2
2026-08-24T00:26:55Z,IL,IL00072IW015200014,39.9888,-88.7852,72,Mostly Clear,0,7,False,False,False,False,True,0.2
2026-08-24T00:26:55Z,IL,IL00055IN014900028,40.3599,-89.1099,74,Mostly Clear,0,6,False,False,False,False,True,0.2
2026-08-24T00:26:55Z,IL,IL00074IW002800020,41.2141,-90.3308,75,Mostly Clear,0,5,False,False,False,False,True,0.2
2026-08-24T00:26:55Z,IL,IL00064IW008500012,38.2766,-88.8012,77,Partly Cloudy,0,2,False,False,False,False,True,0.2
2026-08-24T00:26:55Z,IL,IL00057IN033300049,41.3892,-87.7729,72,Clear,0,10,False,False,False,False,True,0.2
2026-08-24T00:26:55Z,IL,IL00039IS008500026,41.7285,-89.0105,72,Mostly Clear,0,10,False,False,False,False,True,0.2
2026-08-24T00:26:55Z,IL,IL00070IE008600051,39.0651,-88.6745,75,Partly Cloudy,0,3,False,False,False,False,True,0.2
2026-08-24T00:26:55Z,IL,IL00064IE002500038,38.5481,-89.7731,78,Partly Cloudy,0,3,False,False,False,False,True,0.2
2026-08-24T00:26:55Z,IL,IL00055IN019400031,40.8234,-88.6875,73,Mostly Clear,0,5,False,False,False,False,True,0.2
2026-08-24T00:26:55Z,IL,IL00080IE011700043,41.4314,-88.3454,74,Mostly Clear,0,10,False,False,False,False,True,0.2
2026-08-24T00:26:55Z,IL,IL00074IW015600009,40.2711,-88.6701,74,Mostly Clear,0,7,False,False,False,False,True,0.2
2026-08-24T00:26:55Z,IL,IL00057IN011400033,38.5963,-88.9638,74,Mostly Clear,0,3,False,False,False,False,True,0.2
2026-08-24T00:26:55Z,IL,IL00064IE008500039,38.273,-88.8496,74,Partly Cloudy,0,1,False,False,False,False,True,0.2
2026-08-24T00:26:55Z,IL,IL00055IS006400017,39.3523,-89.6447,72,Partly Cloudy,0,5,False,False,False,False,True,0.2
2026-08-24T00:26:55Z,IL,IL00057IS026800022,40.5613,-88.0615,70,Mostly Clear,0,5,False,False,False,False,True,0.2
2026-08-24T00:26:55Z,IL,IL00080IE005100040,41.3938,-89.5665,76,Partly Cloudy,0,5,False,False,False,False,True,0.2
2026-08-24T00:26:55Z,IL,IL00055IS002700019,38.8723,-89.8511,75,Partly Cloudy,0,6,False,False,False,False,True,0.2
2026-08-24T00:26:55Z,IL,IL00070IW002700015,38.7884,-89.6889,74,Partly Cloudy,0,3,False,False,False,False,True,0.2
2026-08-24T00:26:55Z,IL,IL00064IW013000053,38.2322,-87.9882,75,Partly Cloudy,0,2,False,False,False,False,True,0.2
2026-08-24T00:26:55Z,IL,IL00074IW020800052,40.1298,-87.7441,76,Partly Cloudy,0,6,False,False,False,False,True,0.2
2026-08-24T00:26:55Z,IL,IL00074IE011400005,40.6125,-89.245,73,Mostly Clear,0,7,False,False,False,False,True,0.2
2026-08-24T00:26:55Z,IL,IL00074IW006200004,40.8802,-90.0895,73,Mostly Clear,0,3,False,False,False,False,True,0.2
2026-08-24T00:26:55Z,IL,IL00070IW008700045,39.0679,-88.6704,75,Partly Cloudy,0,3,False,False,False,False,True,0.2
2026-08-24T00:26:55Z,IL,IL00057IS016500018,39.1993,-88.502,78,Mostly Clear,0,7,False,False,False,False,True,0.2
2026-08-24T00:26:55Z,IL,IL00074IW011400006,40.6111,-89.2323,73,Mostly Clear,0,7,False,False,False,False,True,0.2
2026-08-24T00:26:55Z,IL,IL00074IE006200001,40.8788,-90.0936,73,Mostly Clear,0,3,False,False,False,False,True,0.2
2026-08-24T00:26:55Z,IL,IL00070IW014900008,39.4228,-87.6617,78,Partly Cloudy,0,7,False,False,False,False,True,0.2
2026-08-24T00:26:55Z,IL,IL00057IN016500044,39.1898,-88.5031,77,Mostly Clear,0,6,False,False,False,False,True,0.2
2026-08-24T00:26:55Z,IL,IL00055IS010400024,39.8871,-89.5966,73,Mostly Clear,0,5,False,False,False,False,True,0.2
2026-08-24T00:26:55Z,IL,IL00057IS003200025,37.4699,-89.1329,79,Mostly Cloudy,0,2,False,False,False,False,True,0.2
2026-08-24T00:26:55Z,IL,IL00057IN003200035,37.4661,-89.1324,79,Mostly Cloudy,0,2,False,False,False,False,True,0.2
2026-08-24T00:26:55Z,IN,322,38.195,-87.8597,75,Partly Cloudy,0,3,False,False,False,False,True,0.2
2026-08-24T00:26:55Z,IN,317,38.5852,-85.7768,79,Partly Cloudy,0,5,False,False,False,False,True,0.2
2026-08-24T00:26:55Z,IN,316,38.5859,-85.7809,79,Partly Cloudy,0,5,False,False,False,False,True,0.2
2026-08-24T00:26:55Z,IN,315,39.2602,-85.9521,77,Partly Cloudy,0,3,False,False,False,False,True,0.2
2026-08-24T00:26:55Z,IN,314,39.2767,-85.9569,77,Partly Cloudy,0,2,False,False,False,False,True,0.2
2026-08-24T00:26:55Z,IN,313,40.1578,-86.5387,71,Mostly Clear,1,3,False,False,False,False,True,0.2
2026-08-24T00:26:55Z,IN,312,40.1722,-86.5522,71,Mostly Clear,1,3,False,False,False,False,True,0.2
2026-08-24T00:26:55Z,IN,311,40.6992,-87.0628,72,Mostly Clear,0,5,False,False,False,False,True,0.2
2026-08-24T00:26:55Z,IN,310,40.6984,-87.0646,72,Mostly Clear,0,5,False,False,False,False,True,0.2
2026-08-24T00:26:55Z,IN,308,41.1653,-87.271,71,Mostly Clear,0,5,False,False,False,False,True,0.2
2026-08-24T00:26:55Z,IN,309,41.1666,-87.2749,71,Mostly Clear,0,5,False,False,False,False,True,0.2
2026-08-24T00:26:55Z,IN,318,40.3543,-85.5576,68,Partly Cloudy,2,3,False,False,False,False,True,0.2
2026-08-24T00:26:55Z,IN,319,40.3569,-85.56,68,Partly Cloudy,2,3,False,False,False,False,True,0.2
2026-08-24T00:26:55Z,IN,320,41.2963,-85.0863,65,Mostly Clear,0,10,False,False,False,False,True,0.2
2026-08-24T00:26:55Z,IN,321,41.5803,-85.0597,67,Mostly Clear,6,15,False,False,False,False,True,0.2
2026-08-24T00:26:55Z,IN,300,39.4417,-87.5002,73,Partly Cloudy,0,1,False,False,False,False,True,0.2
2026-08-24T00:26:55Z,IN,302,39.6517,-86.3967,74,Partly Cloudy,1,8,False,False,False,False,True,0.2
2026-08-24T00:26:55Z,IN,301,39.6541,-86.4005,74,Partly Cloudy,1,8,False,False,False,False,True,0.2
2026-08-24T00:26:55Z,IN,303,39.8243,-85.7039,75,Mostly Cloudy,3,2,False,False,False,False,True,0.2
2026-08-24T00:26:55Z,IN,304,39.8266,-85.704,75,Mostly Cloudy,3,2,False,False,False,False,True,0.2
2026-08-24T00:26:55Z,IN,305,39.8605,-85.0259,69,Mostly Cloudy,13,6,False,False,False,False,True,0.2
2026-08-24T00:26:55Z,IN,323,39.29,-85.1688,69,Mostly Cloudy,10,3,False,False,False,False,True,0.2
2026-08-24T00:26:55Z,IN,702,41.7472,-85.3285,65,Mostly Clear,1,10,False,False,False,False,True,0.2
2026-08-24T00:26:55Z,IN,701,41.5889,-87.2173,69,Partly Cloudy,1,5,False,False,False,False,True,0.2
2026-08-24T00:26:55Z,IN,704,41.7058,-86.6212,66,Mostly Clear,4,5,False,False,False,False,True,0.2
2026-08-24T00:26:55Z,IN,703,41.7071,-86.6235,66,Mostly Clear,4,5,False,False,False,False,True,0.2
2026-08-24T00:26:55Z,IN,705,41.733,-86.0057,68,Mostly Clear,0,10,False,False,False,False,True,0.2
2026-08-24T00:26:55Z,IN,708,41.7472,-85.3285,65,Mostly Clear,1,10,False,False,False,False,True,0.2
2026-08-24T00:26:55Z,IN,707,41.7453,-85.3287,65,Mostly Clear,1,10,False,False,False,False,True,0.2
2026-08-24T00:26:55Z,IN,324,41.7353,-86.7933,68,Partly Cloudy,5,5,False,False,False,False,True,0.2
2026-08-24T00:26:55Z,KY,KY00065IS0000020N65WELCOM,36.6434,-86.5687,76,Partly Cloudy,0,5,False,False,False,False,False,0.0
2026-08-24T00:26:55Z,KY,KY00065IS000020NSMARATHON,36.6612,-86.5553,80,Mostly Clear,0,6,False,False,False,False,False,0.0
2026-08-24T00:26:55Z,KY,KY00065IS0000340NWEIGHS34,36.6868,-86.5379,81,Mostly Clear,0,6,False,False,False,False,False,0.0
2026-08-24T00:26:55Z,KY,KY00065IS0011400S65SRA114,37.9464,-85.6905,77,Partly Cloudy,0,6,False,False,False,False,False,0.0
2026-08-24T00:26:55Z,KY,KY00065IS0005900S65SRA059,37.239,-85.9297,76,Partly Cloudy,0,2,False,False,False,False,False,0.0
2026-08-24T00:26:55Z,KY,KY00065IS0005900N65NRA059,37.2384,-85.9271,76,Partly Cloudy,0,2,False,False,False,False,False,0.0
2026-08-24T00:26:55Z,KY,KY00075IS0003300NWEIGHS33,37.0422,-84.0968,73,Mostly Cloudy,0,3,False,False,False,False,False,0.0
2026-08-24T00:26:55Z,KY,KY00075IS0003400SWEIGHS34,37.048,-84.0997,78,Partly Cloudy,0,5,False,False,False,False,False,0.0
2026-08-24T00:26:55Z,KY,KY00075IS0017700N75NRA177,38.937,-84.6309,71,Partly Cloudy,10,6,False,False,False,False,False,0.0
2026-08-24T00:26:55Z,KY,KY00075IS0007500SWALTONWS,38.8653,-84.6476,71,Partly Cloudy,10,5,False,False,False,False,False,0.0
2026-08-24T00:26:55Z,KY,KY00075IS0017700S75SRA177,38.9388,-84.6339,71,Partly Cloudy,10,6,False,False,False,False,False,0.0
2026-08-24T00:26:55Z,KY,KY00075IS0016800SCRITENWS,38.8196,-84.6015,76,Partly Cloudy,10,6,False,False,False,False,False,0.0
2026-08-24T00:26:55Z,KY,KY00075IS0000100N75WELCOM,36.6162,-84.1054,75,Partly Cloudy,0,2,False,False,False,False,False,0.0
2026-08-24T00:27:00Z,IL,IL00057IN007900034,38.0297,-88.9203,78,Partly Cloudy,0,2,False,False,False,False,True,0.2
2026-08-24T00:27:00Z,IL,IL00057IS022200054,39.9314,-88.3043,73,Mostly Clear,0,6,False,False,False,False,True,0.2
2026-08-24T00:27:00Z,IL,IL00039IN008500036,41.7236,-89.0062,72,Mostly Clear,0,10,False,False,False,False,True,0.2
2026-08-24T00:27:00Z,IL,IL00055IS019400021,40.8371,-88.6833,73,Mostly Clear,0,5,False,False,False,False,True,0.2
2026-08-24T00:27:00Z,IL,IL00057IN022200048,39.9218,-88.299,73,Mostly Clear,0,6,False,False,False,False,True,0.2
2026-08-24T00:27:00Z,IL,IL00055IN006400027,39.3465,-89.6408,72,Partly Cloudy,0,5,False,False,False,False,True,0.2
2026-08-24T00:27:00Z,IL,IL00070IE002700042,38.7849,-89.7023,74,Partly Cloudy,0,5,False,False,False,False,True,0.2
2026-08-24T00:27:00Z,IL,IL00057IN026800032,40.5505,-88.0605,70,Mostly Clear,0,5,False,False,False,False,True,0.2
2026-08-24T00:27:00Z,IL,IL00064IW002500011,38.5491,-89.7633,78,Partly Cloudy,0,3,False,False,False,False,True,0.2
2026-08-24T00:27:00Z,IL,IL00024IW003700010,37.1593,-88.6798,75,Mostly Cloudy,0,2,False,False,False,False,True,0.2
2026-08-24T00:27:00Z,IL,IL00074IE002800030,41.2334,-90.333,75,Mostly Clear,0,5,False,False,False,False,True,0.2
2026-08-24T00:27:00Z,IL,IL00080IW005100013,41.3937,-89.5591,73,Mostly Clear,0,5,False,False,False,False,True,0.2
2026-08-24T00:27:00Z,IL,IL00055IN010400050,39.8627,-89.5948,75,Mostly Clear,0,7,False,False,False,False,True,0.2
2026-08-24T00:27:00Z,IL,IL00055IN002700029,38.8649,-89.8532,75,Partly Cloudy,0,6,False,False,False,False,True,0.2
2026-08-24T00:27:00Z,IL,IL00074IE015600037,40.2732,-88.6762,74,Mostly Clear,0,7,False,False,False,False,True,0.2
2026-08-24T00:27:00Z,IL,IL00072IE015200041,39.9923,-88.7827,72,Mostly Clear,0,7,False,False,False,False,True,0.2
2026-08-24T00:27:00Z,IL,IL00080IW011700016,41.4473,-88.3285,72,Mostly Clear,0,5,False,False,False,False,True,0.2
2026-08-24T00:27:00Z,IL,IL00057IS011400023,38.5965,-88.9677,74,Mostly Clear,0,3,False,False,False,False,True,0.2
2026-08-24T00:27:00Z,IL,IL00057IS033300046,41.3918,-87.7749,72,Clear,0,10,False,False,False,False,True,0.2
2026-08-24T00:27:00Z,IL,IL00057IS007900047,38.0962,-88.9138,77,Partly Cloudy,0,2,False,False,False,False,True,0.2
2026-08-24T00:27:00Z,IL,IL00072IW015200014,39.9888,-88.7852,72,Mostly Clear,0,7,False,False,False,False,True,0.2
2026-08-24T00:27:00Z,IL,IL00055IN014900028,40.3599,-89.1099,74,Mostly Clear,0,6,False,False,False,False,True,0.2
2026-08-24T00:27:00Z,IL,IL00074IW002800020,41.2141,-90.3308,75,Mostly Clear,0,5,False,False,False,False,True,0.2
2026-08-24T00:27:00Z,IL,IL00064IW008500012,38.2766,-88.8012,77,Partly Cloudy,0,2,False,False,False,False,True,0.2
2026-08-24T00:27:00Z,IL,IL00057IN033300049,41.3892,-87.7729,72,Clear,0,10,False,False,False,False,True,0.2
2026-08-24T00:27:00Z,IL,IL00039IS008500026,41.7285,-89.0105,72,Mostly Clear,0,10,False,False,False,False,True,0.2
2026-08-24T00:27:00Z,IL,IL00070IE008600051,39.0651,-88.6745,75,Partly Cloudy,0,3,False,False,False,False,True,0.2
2026-08-24T00:27:00Z,IL,IL00064IE002500038,38.5481,-89.7731,78,Partly Cloudy,0,3,False,False,False,False,True,0.2
2026-08-24T00:27:00Z,IL,IL00055IN019400031,40.8234,-88.6875,73,Mostly Clear,0,5,False,False,False,False,True,0.2
2026-08-24T00:27:00Z,IL,IL00080IE011700043,41.4314,-88.3454,74,Mostly Clear,0,10,False,False,False,False,True,0.2
2026-08-24T00:27:00Z,IL,IL00074IW015600009,40.2711,-88.6701,74,Mostly Clear,0,7,False,False,False,False,True,0.2
2026-08-24T00:27:00Z,IL,IL00057IN011400033,38.5963,-88.9638,74,Mostly Clear,0,3,False,False,False,False,True,0.2
2026-08-24T00:27:00Z,IL,IL00064IE008500039,38.273,-88.8496,74,Partly Cloudy,0,1,False,False,False,False,True,0.2
2026-08-24T00:27:00Z,IL,IL00055IS006400017,39.3523,-89.6447,72,Partly Cloudy,0,5,False,False,False,False,True,0.2
2026-08-24T00:27:00Z,IL,IL00057IS026800022,40.5613,-88.0615,70,Mostly Clear,0,5,False,False,False,False,True,0.2
2026-08-24T00:27:00Z,IL,IL00080IE005100040,41.3938,-89.5665,76,Partly Cloudy,0,5,False,False,False,False,True,0.2
2026-08-24T00:27:00Z,IL,IL00055IS002700019,38.8723,-89.8511,75,Partly Cloudy,0,6,False,False,False,False,True,0.2
2026-08-24T00:27:00Z,IL,IL00070IW002700015,38.7884,-89.6889,74,Partly Cloudy,0,3,False,False,False,False,True,0.2
2026-08-24T00:27:00Z,IL,IL00064IW013000053,38.2322,-87.9882,75,Partly Cloudy,0,2,False,False,False,False,True,0.2
2026-08-24T00:27:00Z,IL,IL00074IW020800052,40.1298,-87.7441,76,Partly Cloudy,0,6,False,False,False,False,True,0.2
2026-08-24T00:27:00Z,IL,IL00074IE011400005,40.6125,-89.245,73,Mostly Clear,0,7,False,False,False,False,True,0.2
2026-08-24T00:27:00Z,IL,IL00074IW006200004,40.8802,-90.0895,73,Mostly Clear,0,3,False,False,False,False,True,0.2
2026-08-24T00:27:00Z,IL,IL00070IW008700045,39.0679,-88.6704,75,Partly Cloudy,0,3,False,False,False,False,True,0.2
2026-08-24T00:27:00Z,IL,IL00057IS016500018,39.1993,-88.502,78,Mostly Clear,0,7,False,False,False,False,True,0.2
2026-08-24T00:27:00Z,IL,IL00074IW011400006,40.6111,-89.2323,73,Mostly Clear,0,7,False,False,False,False,True,0.2
2026-08-24T00:27:00Z,IL,IL00074IE006200001,40.8788,-90.0936,73,Mostly Clear,0,3,False,False,False,False,True,0.2
2026-08-24T00:27:00Z,IL,IL00070IW014900008,39.4228,-87.6617,78,Partly Cloudy,0,7,False,False,False,False,True,0.2
2026-08-24T00:27:00Z,IL,IL00057IN016500044,39.1898,-88.5031,77,Mostly Clear,0,6,False,False,False,False,True,0.2
2026-08-24T00:27:00Z,IL,IL00055IS010400024,39.8871,-89.5966,73,Mostly Clear,0,5,False,False,False,False,True,0.2
2026-08-24T00:27:00Z,IL,IL00057IS003200025,37.4699,-89.1329,79,Mostly Cloudy,0,2,False,False,False,False,True,0.2
2026-08-24T00:27:00Z,IL,IL00057IN003200035,37.4661,-89.1324,79,Mostly Cloudy,0,2,False,False,False,False,True,0.2
2026-08-24T00:27:00Z,IN,322,38.195,-87.8597,75,Partly Cloudy,0,3,False,False,False,False,True,0.2
2026-08-24T00:27:00Z,IN,317,38.5852,-85.7768,79,Partly Cloudy,0,5,False,False,False,False,True,0.2
2026-08-24T00:27:00Z,IN,316,38.5859,-85.7809,79,Partly Cloudy,0,5,False,False,False,False,True,0.2
2026-08-24T00:27:00Z,IN,315,39.2602,-85.9521,77,Partly Cloudy,0,3,False,False,False,False,True,0.2
2026-08-24T00:27:00Z,IN,314,39.2767,-85.9569,77,Partly Cloudy,0,2,False,False,False,False,True,0.2
2026-08-24T00:27:00Z,IN,313,40.1578,-86.5387,71,Mostly Clear,1,3,False,False,False,False,True,0.2
2026-08-24T00:27:00Z,IN,312,40.1722,-86.5522,71,Mostly Clear,1,3,False,False,False,False,True,0.2
2026-08-24T00:27:00Z,IN,311,40.6992,-87.0628,72,Mostly Clear,0,5,False,False,False,False,True,0.2
2026-08-24T00:27:00Z,IN,310,40.6984,-87.0646,72,Mostly Clear,0,5,False,False,False,False,True,0.2
2026-08-24T00:27:00Z,IN,308,41.1653,-87.271,71,Mostly Clear,0,5,False,False,False,False,True,0.2
2026-08-24T00:27:00Z,IN,309,41.1666,-87.2749,71,Mostly Clear,0,5,False,False,False,False,True,0.2
2026-08-24T00:27:00Z,IN,318,40.3543,-85.5576,68,Partly Cloudy,2,3,False,False,False,False,True,0.2
2026-08-24T00:27:00Z,IN,319,40.3569,-85.56,68,Partly Cloudy,2,3,False,False,False,False,True,0.2
2026-08-24T00:27:00Z,IN,320,41.2963,-85.0863,65,Mostly Clear,0,10,False,False,False,False,True,0.2
2026-08-24T00:27:00Z,IN,321,41.5803,-85.0597,67,Mostly Clear,6,15,False,False,False,False,True,0.2
2026-08-24T00:27:00Z,IN,300,39.4417,-87.5002,73,Partly Cloudy,0,1,False,False,False,False,True,0.2
2026-08-24T00:27:00Z,IN,302,39.6517,-86.3967,74,Partly Cloudy,1,8,False,False,False,False,True,0.2
2026-08-24T00:27:00Z,IN,301,39.6541,-86.4005,74,Partly Cloudy,1,8,False,False,False,False,True,0.2
2026-08-24T00:27:00Z,IN,303,39.8243,-85.7039,75,Mostly Cloudy,3,2,False,False,False,False,True,0.2
2026-08-24T00:27:00Z,IN,304,39.8266,-85.704,75,Mostly Cloudy,3,2,False,False,False,False,True,0.2
2026-08-24T00:27:00Z,IN,305,39.8605,-85.0259,69,Mostly Cloudy,13,6,False,False,False,False,True,0.2
2026-08-24T00:27:00Z,IN,323,39.29,-85.1688,69,Mostly Cloudy,10,3,False,False,False,False,True,0.2
2026-08-24T00:27:00Z,IN,702,41.7472,-85.3285,65,Mostly Clear,1,10,False,False,False,False,True,0.2
2026-08-24T00:27:00Z,IN,701,41.5889,-87.2173,71,Partly Cloudy,0,10,False,False,False,False,True,0.2
2026-08-24T00:27:00Z,IN,704,41.7058,-86.6212,66,Mostly Clear,4,5,False,False,False,False,True,0.2
2026-08-24T00:27:00Z,IN,703,41.7071,-86.6235,66,Mostly Clear,4,5,False,False,False,False,True,0.2
2026-08-24T00:27:00Z,IN,705,41.733,-86.0057,68,Mostly Clear,0,10,False,False,False,False,True,0.2
2026-08-24T00:27:00Z,IN,708,41.7472,-85.3285,65,Mostly Clear,1,10,False,False,False,False,True,0.2
2026-08-24T00:27:00Z,IN,707,41.7453,-85.3287,65,Mostly Clear,1,10,False,False,False,False,True,0.2
2026-08-24T00:27:00Z,IN,324,41.7353,-86.7933,68,Partly Cloudy,5,5,False,False,False,False,True,0.2
2026-08-24T00:27:00Z,KY,KY00065IS0000020N65WELCOM,36.6434,-86.5687,76,Partly Cloudy,0,5,False,False,False,False,False,0.0
2026-08-24T00:27:00Z,KY,KY00065IS000020NSMARATHON,36.6612,-86.5553,80,Mostly Clear,0,6,False,False,False,False,False,0.0
2026-08-24T00:27:00Z,KY,KY00065IS0000340NWEIGHS34,36.6868,-86.5379,81,Mostly Clear,0,6,False,False,False,False,False,0.0
2026-08-24T00:27:00Z,KY,KY00065IS0011400S65SRA114,37.9464,-85.6905,77,Partly Cloudy,0,6,False,False,False,False,False,0.0
2026-08-24T00:27:00Z,KY,KY00065IS0005900S65SRA059,37.239,-85.9297,76,Partly Cloudy,0,2,False,False,False,False,False,0.0
2026-08-24T00:27:00Z,KY,KY00065IS0005900N65NRA059,37.2384,-85.9271,76,Partly Cloudy,0,2,False,False,False,False,False,0.0
2026-08-24T00:27:00Z,KY,KY00075IS0003300NWEIGHS33,37.0422,-84.0968,73,Mostly Cloudy,0,3,False,False,False,False,False,0.0
2026-08-24T00:27:00Z,KY,KY00075IS0003400SWEIGHS34,37.048,-84.0997,78,Partly Cloudy,0,5,False,False,False,False,False,0.0
2026-08-24T00:27:00Z,KY,KY00075IS0017700N75NRA177,38.937,-84.6309,71,Partly Cloudy,10,6,False,False,False,False,False,0.0
2026-08-24T00:27:00Z,KY,KY00075IS0007500SWALTONWS,38.8653,-84.6476,76,Partly Cloudy,10,6,False,False,False,False,False,0.0
2026-08-24T00:27:00Z,KY,KY00075IS0017700S75SRA177,38.9388,-84.6339,71,Partly Cloudy,10,6,False,False,False,False,False,0.0
2026-08-24T00:27:00Z,KY,KY00075IS0016800SCRITENWS,38.8196,-84.6015,76,Partly Cloudy,10,6,False,False,False,False,False,0.0
2026-08-24T00:27:00Z,KY,KY00075IS0000100N75WELCOM,36.6162,-84.1054,75,Partly Cloudy,0,2,False,False,False,False,False,0.0
2026-08-24T00:27:05Z,IL,IL00057IN007900034,38.0297,-88.9203,78,Partly Cloudy,0,2,False,False,False,False,True,0.2
2026-08-24T00:27:05Z,IL,IL00057IS022200054,39.9314,-88.3043,73,Mostly Clear,0,6,False,False,False,False,True,0.2
2026-08-24T00:27:05Z,IL,IL00039IN008500036,41.7236,-89.0062,72,Mostly Clear,0,10,False,False,False,False,True,0.2
2026-08-24T00:27:05Z,IL,IL00055IS019400021,40.8371,-88.6833,73,Mostly Clear,0,5,False,False,False,False,True,0.2
2026-08-24T00:27:05Z,IL,IL00057IN022200048,39.9218,-88.299,73,Mostly Clear,0,6,False,False,False,False,True,0.2
2026-08-24T00:27:05Z,IL,IL00055IN006400027,39.3465,-89.6408,72,Partly Cloudy,0,5,False,False,False,False,True,0.2
2026-08-24T00:27:05Z,IL,IL00070IE002700042,38.7849,-89.7023,74,Partly Cloudy,0,5,False,False,False,False,True,0.2
2026-08-24T00:27:05Z,IL,IL00057IN026800032,40.5505,-88.0605,70,Mostly Clear,0,5,False,False,False,False,True,0.2
2026-08-24T00:27:05Z,IL,IL00064IW002500011,38.5491,-89.7633,78,Partly Cloudy,0,3,False,False,False,False,True,0.2
2026-08-24T00:27:05Z,IL,IL00024IW003700010,37.1593,-88.6798,75,Mostly Cloudy,0,2,False,False,False,False,True,0.2
2026-08-24T00:27:05Z,IL,IL00074IE002800030,41.2334,-90.333,75,Mostly Clear,0,5,False,False,False,False,True,0.2
2026-08-24T00:27:05Z,IL,IL00080IW005100013,41.3937,-89.5591,73,Mostly Clear,0,5,False,False,False,False,True,0.2
2026-08-24T00:27:05Z,IL,IL00055IN010400050,39.8627,-89.5948,75,Mostly Clear,0,7,False,False,False,False,True,0.2
2026-08-24T00:27:05Z,IL,IL00055IN002700029,38.8649,-89.8532,75,Partly Cloudy,0,6,False,False,False,False,True,0.2
2026-08-24T00:27:05Z,IL,IL00074IE015600037,40.2732,-88.6762,74,Mostly Clear,0,7,False,False,False,False,True,0.2
2026-08-24T00:27:05Z,IL,IL00072IE015200041,39.9923,-88.7827,72,Mostly Clear,0,7,False,False,False,False,True,0.2
2026-08-24T00:27:05Z,IL,IL00080IW011700016,41.4473,-88.3285,72,Mostly Clear,0,5,False,False,False,False,True,0.2
2026-08-24T00:27:05Z,IL,IL00057IS011400023,38.5965,-88.9677,74,Mostly Clear,0,3,False,False,False,False,True,0.2
2026-08-24T00:27:05Z,IL,IL00057IS033300046,41.3918,-87.7749,72,Clear,0,10,False,False,False,False,True,0.2
2026-08-24T00:27:05Z,IL,IL00057IS007900047,38.0962,-88.9138,77,Partly Cloudy,0,2,False,False,False,False,True,0.2
2026-08-24T00:27:05Z,IL,IL00072IW015200014,39.9888,-88.7852,72,Mostly Clear,0,7,False,False,False,False,True,0.2
2026-08-24T00:27:05Z,IL,IL00055IN014900028,40.3599,-89.1099,74,Mostly Clear,0,6,False,False,False,False,True,0.2
2026-08-24T00:27:05Z,IL,IL00074IW002800020,41.2141,-90.3308,75,Mostly Clear,0,5,False,False,False,False,True,0.2
2026-08-24T00:27:05Z,IL,IL00064IW008500012,38.2766,-88.8012,77,Partly Cloudy,0,2,False,False,False,False,True,0.2
2026-08-24T00:27:05Z,IL,IL00057IN033300049,41.3892,-87.7729,72,Clear,0,10,False,False,False,False,True,0.2
2026-08-24T00:27:05Z,IL,IL00039IS008500026,41.7285,-89.0105,72,Mostly Clear,0,10,False,False,False,False,True,0.2
2026-08-24T00:27:05Z,IL,IL00070IE008600051,39.0651,-88.6745,75,Partly Cloudy,0,3,False,False,False,False,True,0.2
2026-08-24T00:27:05Z,IL,IL00064IE002500038,38.5481,-89.7731,78,Partly Cloudy,0,3,False,False,False,False,True,0.2
2026-08-24T00:27:05Z,IL,IL00055IN019400031,40.8234,-88.6875,73,Mostly Clear,0,5,False,False,False,False,True,0.2
2026-08-24T00:27:05Z,IL,IL00080IE011700043,41.4314,-88.3454,74,Mostly Clear,0,10,False,False,False,False,True,0.2
2026-08-24T00:27:05Z,IL,IL00074IW015600009,40.2711,-88.6701,74,Mostly Clear,0,7,False,False,False,False,True,0.2
2026-08-24T00:27:05Z,IL,IL00057IN011400033,38.5963,-88.9638,74,Mostly Clear,0,3,False,False,False,False,True,0.2
2026-08-24T00:27:05Z,IL,IL00064IE008500039,38.273,-88.8496,74,Partly Cloudy,0,1,False,False,False,False,True,0.2
2026-08-24T00:27:05Z,IL,IL00055IS006400017,39.3523,-89.6447,72,Partly Cloudy,0,5,False,False,False,False,True,0.2
2026-08-24T00:27:05Z,IL,IL00057IS026800022,40.5613,-88.0615,70,Mostly Clear,0,5,False,False,False,False,True,0.2
2026-08-24T00:27:05Z,IL,IL00080IE005100040,41.3938,-89.5665,76,Partly Cloudy,0,5,False,False,False,False,True,0.2
2026-08-24T00:27:05Z,IL,IL00055IS002700019,38.8723,-89.8511,75,Partly Cloudy,0,6,False,False,False,False,True,0.2
2026-08-24T00:27:05Z,IL,IL00070IW002700015,38.7884,-89.6889,74,Partly Cloudy,0,3,False,False,False,False,True,0.2
2026-08-24T00:27:05Z,IL,IL00064IW013000053,38.2322,-87.9882,75,Partly Cloudy,0,2,False,False,False,False,True,0.2
2026-08-24T00:27:05Z,IL,IL00074IW020800052,40.1298,-87.7441,76,Partly Cloudy,0,6,False,False,False,False,True,0.2
2026-08-24T00:27:05Z,IL,IL00074IE011400005,40.6125,-89.245,73,Mostly Clear,0,7,False,False,False,False,True,0.2
2026-08-24T00:27:05Z,IL,IL00074IW006200004,40.8802,-90.0895,73,Mostly Clear,0,3,False,False,False,False,True,0.2
2026-08-24T00:27:05Z,IL,IL00070IW008700045,39.0679,-88.6704,75,Partly Cloudy,0,3,False,False,False,False,True,0.2
2026-08-24T00:27:05Z,IL,IL00057IS016500018,39.1993,-88.502,78,Mostly Clear,0,7,False,False,False,False,True,0.2
2026-08-24T00:27:05Z,IL,IL00074IW011400006,40.6111,-89.2323,73,Mostly Clear,0,7,False,False,False,False,True,0.2
2026-08-24T00:27:05Z,IL,IL00074IE006200001,40.8788,-90.0936,73,Mostly Clear,0,3,False,False,False,False,True,0.2
2026-08-24T00:27:05Z,IL,IL00070IW014900008,39.4228,-87.6617,78,Partly Cloudy,0,7,False,False,False,False,True,0.2
2026-08-24T00:27:05Z,IL,IL00057IN016500044,39.1898,-88.5031,77,Mostly Clear,0,6,False,False,False,False,True,0.2
2026-08-24T00:27:05Z,IL,IL00055IS010400024,39.8871,-89.5966,73,Mostly Clear,0,5,False,False,False,False,True,0.2
2026-08-24T00:27:05Z,IL,IL00057IS003200025,37.4699,-89.1329,79,Mostly Cloudy,0,2,False,False,False,False,True,0.2
2026-08-24T00:27:05Z,IL,IL00057IN003200035,37.4661,-89.1324,79,Mostly Cloudy,0,2,False,False,False,False,True,0.2
2026-08-24T00:27:05Z,IN,322,38.195,-87.8597,75,Partly Cloudy,0,3,False,False,False,False,True,0.2
2026-08-24T00:27:05Z,IN,317,38.5852,-85.7768,79,Partly Cloudy,0,5,False,False,False,False,True,0.2
2026-08-24T00:27:05Z,IN,316,38.5859,-85.7809,79,Partly Cloudy,0,5,False,False,False,False,True,0.2
2026-08-24T00:27:05Z,IN,315,39.2602,-85.9521,77,Partly Cloudy,0,3,False,False,False,False,True,0.2
2026-08-24T00:27:05Z,IN,314,39.2767,-85.9569,77,Partly Cloudy,0,2,False,False,False,False,True,0.2
2026-08-24T00:27:05Z,IN,313,40.1578,-86.5387,71,Mostly Clear,1,3,False,False,False,False,True,0.2
2026-08-24T00:27:05Z,IN,312,40.1722,-86.5522,71,Mostly Clear,1,3,False,False,False,False,True,0.2
2026-08-24T00:27:05Z,IN,311,40.6992,-87.0628,72,Mostly Clear,0,5,False,False,False,False,True,0.2
2026-08-24T00:27:05Z,IN,310,40.6984,-87.0646,72,Mostly Clear,0,5,False,False,False,False,True,0.2
2026-08-24T00:27:05Z,IN,308,41.1653,-87.271,71,Mostly Clear,0,5,False,False,False,False,True,0.2
2026-08-24T00:27:05Z,IN,309,41.1666,-87.2749,71,Mostly Clear,0,5,False,False,False,False,True,0.2
2026-08-24T00:27:05Z,IN,318,40.3543,-85.5576,68,Partly Cloudy,2,3,False,False,False,False,True,0.2
2026-08-24T00:27:05Z,IN,319,40.3569,-85.56,68,Partly Cloudy,2,3,False,False,False,False,True,0.2
2026-08-24T00:27:05Z,IN,320,41.2963,-85.0863,65,Mostly Clear,0,10,False,False,False,False,True,0.2
2026-08-24T00:27:05Z,IN,321,41.5803,-85.0597,67,Mostly Clear,6,15,False,False,False,False,True,0.2
2026-08-24T00:27:05Z,IN,300,39.4417,-87.5002,73,Partly Cloudy,0,1,False,False,False,False,True,0.2
2026-08-24T00:27:05Z,IN,302,39.6517,-86.3967,74,Partly Cloudy,1,8,False,False,False,False,True,0.2
2026-08-24T00:27:05Z,IN,301,39.6541,-86.4005,74,Partly Cloudy,1,8,False,False,False,False,True,0.2
2026-08-24T00:27:05Z,IN,303,39.8243,-85.7039,75,Mostly Cloudy,3,2,False,False,False,False,True,0.2
2026-08-24T00:27:05Z,IN,304,39.8266,-85.704,75,Mostly Cloudy,3,2,False,False,False,False,True,0.2
2026-08-24T00:27:05Z,IN,305,39.8605,-85.0259,69,Mostly Cloudy,13,6,False,False,False,False,True,0.2
2026-08-24T00:27:05Z,IN,323,39.29,-85.1688,69,Mostly Cloudy,10,3,False,False,False,False,True,0.2
2026-08-24T00:27:05Z,IN,702,41.7472,-85.3285,65,Mostly Clear,1,10,False,False,False,False,True,0.2
2026-08-24T00:27:05Z,IN,701,41.5889,-87.2173,69,Partly Cloudy,1,5,False,False,False,False,True,0.2
2026-08-24T00:27:05Z,IN,704,41.7058,-86.6212,66,Mostly Clear,4,5,False,False,False,False,True,0.2
2026-08-24T00:27:05Z,IN,703,41.7071,-86.6235,66,Mostly Clear,4,5,False,False,False,False,True,0.2
2026-08-24T00:27:05Z,IN,705,41.733,-86.0057,68,Mostly Clear,0,10,False,False,False,False,True,0.2
2026-08-24T00:27:05Z,IN,708,41.7472,-85.3285,65,Mostly Clear,1,10,False,False,False,False,True,0.2
2026-08-24T00:27:05Z,IN,707,41.7453,-85.3287,65,Mostly Clear,1,10,False,False,False,False,True,0.2
2026-08-24T00:27:05Z,IN,324,41.7353,-86.7933,68,Partly Cloudy,5,5,False,False,False,False,True,0.2
2026-08-24T00:27:05Z,KY,KY00065IS0000020N65WELCOM,36.6434,-86.5687,76,Partly Cloudy,0,5,False,False,False,False,False,0.0
2026-08-24T00:27:05Z,KY,KY00065IS000020NSMARATHON,36.6612,-86.5553,80,Mostly Clear,0,6,False,False,False,False,False,0.0
2026-08-24T00:27:05Z,KY,KY00065IS0000340NWEIGHS34,36.6868,-86.5379,81,Mostly Clear,0,6,False,False,False,False,False,0.0
2026-08-24T00:27:05Z,KY,KY00065IS0011400S65SRA114,37.9464,-85.6905,77,Partly Cloudy,0,6,False,False,False,False,False,0.0
2026-08-24T00:27:05Z,KY,KY00065IS0005900S65SRA059,37.239,-85.9297,76,Partly Cloudy,0,2,False,False,False,False,False,0.0
2026-08-24T00:27:05Z,KY,KY00065IS0005900N65NRA059,37.2384,-85.9271,76,Partly Cloudy,0,2,False,False,False,False,False,0.0
2026-08-24T00:27:05Z,KY,KY00075IS0003300NWEIGHS33,37.0422,-84.0968,73,Mostly Cloudy,0,3,False,False,False,False,False,0.0
2026-08-24T00:27:05Z,KY,KY00075IS0003400SWEIGHS34,37.048,-84.0997,78,Partly Cloudy,0,5,False,False,False,False,False,0.0
2026-08-24T00:27:05Z,KY,KY00075IS0017700N75NRA177,38.937,-84.6309,71,Partly Cloudy,10,6,False,False,False,False,False,0.0
2026-08-24T00:27:05Z,KY,KY00075IS0007500SWALTONWS,38.8653,-84.6476,76,Partly Cloudy,10,6,False,False,False,False,False,0.0
2026-08-24T00:27:05Z,KY,KY00075IS0017700S75SRA177,38.9388,-84.6339,71,Partly Cloudy,10,6,False,False,False,False,False,0.0
2026-08-24T00:27:05Z,KY,KY00075IS0016800SCRITENWS,38.8196,-84.6015,76,Partly Cloudy,10,6,False,False,False,False,False,0.0
2026-08-24T00:27:05Z,KY,KY00075IS0000100N75WELCOM,36.6162,-84.1054,75,Partly Cloudy,0,2,False,False,False,False,False,0.0
2026-08-24T00:27:09Z,IL,IL00057IN007900034,38.0297,-88.9203,78,Partly Cloudy,0,2,False,False,False,False,True,0.2
2026-08-24T00:27:09Z,IL,IL00057IS022200054,39.9314,-88.3043,73,Mostly Clear,0,6,False,False,False,False,True,0.2
2026-08-24T00:27:09Z,IL,IL00039IN008500036,41.7236,-89.0062,72,Mostly Clear,0,10,False,False,False,False,True,0.2
2026-08-24T00:27:09Z,IL,IL00055IS019400021,40.8371,-88.6833,73,Mostly Clear,0,5,False,False,False,False,True,0.2
2026-08-24T00:27:09Z,IL,IL00057IN022200048,39.9218,-88.299,73,Mostly Clear,0,6,False,False,False,False,True,0.2
2026-08-24T00:27:09Z,IL,IL00055IN006400027,39.3465,-89.6408,72,Partly Cloudy,0,5,False,False,False,False,True,0.2
2026-08-24T00:27:09Z,IL,IL00070IE002700042,38.7849,-89.7023,74,Partly Cloudy,0,5,False,False,False,False,True,0.2
2026-08-24T00:27:09Z,IL,IL00057IN026800032,40.5505,-88.0605,70,Mostly Clear,0,5,False,False,False,False,True,0.2
2026-08-24T00:27:09Z,IL,IL00064IW002500011,38.5491,-89.7633,78,Partly Cloudy,0,3,False,False,False,False,True,0.2
2026-08-24T00:27:09Z,IL,IL00024IW003700010,37.1593,-88.6798,75,Mostly Cloudy,0,2,False,False,False,False,True,0.2
2026-08-24T00:27:09Z,IL,IL00074IE002800030,41.2334,-90.333,75,Mostly Clear,0,5,False,False,False,False,True,0.2
2026-08-24T00:27:09Z,IL,IL00080IW005100013,41.3937,-89.5591,73,Mostly Clear,0,5,False,False,False,False,True,0.2
2026-08-24T00:27:09Z,IL,IL00055IN010400050,39.8627,-89.5948,75,Mostly Clear,0,7,False,False,False,False,True,0.2
2026-08-24T00:27:09Z,IL,IL00055IN002700029,38.8649,-89.8532,75,Partly Cloudy,0,6,False,False,False,False,True,0.2
2026-08-24T00:27:09Z,IL,IL00074IE015600037,40.2732,-88.6762,74,Mostly Clear,0,7,False,False,False,False,True,0.2
2026-08-24T00:27:09Z,IL,IL00072IE015200041,39.9923,-88.7827,72,Mostly Clear,0,7,False,False,False,False,True,0.2
2026-08-24T00:27:09Z,IL,IL00080IW011700016,41.4473,-88.3285,72,Mostly Clear,0,5,False,False,False,False,True,0.2
2026-08-24T00:27:09Z,IL,IL00057IS011400023,38.5965,-88.9677,74,Mostly Clear,0,3,False,False,False,False,True,0.2
2026-08-24T00:27:09Z,IL,IL00057IS033300046,41.3918,-87.7749,72,Clear,0,10,False,False,False,False,True,0.2
2026-08-24T00:27:09Z,IL,IL00057IS007900047,38.0962,-88.9138,77,Partly Cloudy,0,2,False,False,False,False,True,0.2
2026-08-24T00:27:09Z,IL,IL00072IW015200014,39.9888,-88.7852,72,Mostly Clear,0,7,False,False,False,False,True,0.2
2026-08-24T00:27:09Z,IL,IL00055IN014900028,40.3599,-89.1099,74,Mostly Clear,0,6,False,False,False,False,True,0.2
2026-08-24T00:27:09Z,IL,IL00074IW002800020,41.2141,-90.3308,75,Mostly Clear,0,5,False,False,False,False,True,0.2
2026-08-24T00:27:09Z,IL,IL00064IW008500012,38.2766,-88.8012,77,Partly Cloudy,0,2,False,False,False,False,True,0.2
2026-08-24T00:27:09Z,IL,IL00057IN033300049,41.3892,-87.7729,72,Clear,0,10,False,False,False,False,True,0.2
2026-08-24T00:27:09Z,IL,IL00039IS008500026,41.7285,-89.0105,72,Mostly Clear,0,10,False,False,False,False,True,0.2
2026-08-24T00:27:09Z,IL,IL00070IE008600051,39.0651,-88.6745,75,Partly Cloudy,0,3,False,False,False,False,True,0.2
2026-08-24T00:27:09Z,IL,IL00064IE002500038,38.5481,-89.7731,78,Partly Cloudy,0,3,False,False,False,False,True,0.2
2026-08-24T00:27:09Z,IL,IL00055IN019400031,40.8234,-88.6875,73,Mostly Clear,0,5,False,False,False,False,True,0.2
2026-08-24T00:27:09Z,IL,IL00080IE011700043,41.4314,-88.3454,74,Mostly Clear,0,10,False,False,False,False,True,0.2
2026-08-24T00:27:09Z,IL,IL00074IW015600009,40.2711,-88.6701,74,Mostly Clear,0,7,False,False,False,False,True,0.2
2026-08-24T00:27:09Z,IL,IL00057IN011400033,38.5963,-88.9638,74,Mostly Clear,0,3,False,False,False,False,True,0.2
2026-08-24T00:27:09Z,IL,IL00064IE008500039,38.273,-88.8496,74,Partly Cloudy,0,1,False,False,False,False,True,0.2
2026-08-24T00:27:09Z,IL,IL00055IS006400017,39.3523,-89.6447,72,Partly Cloudy,0,5,False,False,False,False,True,0.2
2026-08-24T00:27:09Z,IL,IL00057IS026800022,40.5613,-88.0615,70,Mostly Clear,0,5,False,False,False,False,True,0.2
2026-08-24T00:27:09Z,IL,IL00080IE005100040,41.3938,-89.5665,76,Partly Cloudy,0,5,False,False,False,False,True,0.2
2026-08-24T00:27:09Z,IL,IL00055IS002700019,38.8723,-89.8511,75,Partly Cloudy,0,6,False,False,False,False,True,0.2
2026-08-24T00:27:09Z,IL,IL00070IW002700015,38.7884,-89.6889,74,Partly Cloudy,0,3,False,False,False,False,True,0.2
2026-08-24T00:27:09Z,IL,IL00064IW013000053,38.2322,-87.9882,75,Partly Cloudy,0,2,False,False,False,False,True,0.2
2026-08-24T00:27:09Z,IL,IL00074IW020800052,40.1298,-87.7441,76,Partly Cloudy,0,6,False,False,False,False,True,0.2
2026-08-24T00:27:09Z,IL,IL00074IE011400005,40.6125,-89.245,73,Mostly Clear,0,7,False,False,False,False,True,0.2
2026-08-24T00:27:09Z,IL,IL00074IW006200004,40.8802,-90.0895,73,Mostly Clear,0,3,False,False,False,False,True,0.2
2026-08-24T00:27:09Z,IL,IL00070IW008700045,39.0679,-88.6704,75,Partly Cloudy,0,3,False,False,False,False,True,0.2
2026-08-24T00:27:09Z,IL,IL00057IS016500018,39.1993,-88.502,78,Mostly Clear,0,7,False,False,False,False,True,0.2
2026-08-24T00:27:09Z,IL,IL00074IW011400006,40.6111,-89.2323,73,Mostly Clear,0,7,False,False,False,False,True,0.2
2026-08-24T00:27:09Z,IL,IL00074IE006200001,40.8788,-90.0936,73,Mostly Clear,0,3,False,False,False,False,True,0.2
2026-08-24T00:27:09Z,IL,IL00070IW014900008,39.4228,-87.6617,78,Partly Cloudy,0,7,False,False,False,False,True,0.2
2026-08-24T00:27:09Z,IL,IL00057IN016500044,39.1898,-88.5031,77,Mostly Clear,0,6,False,False,False,False,True,0.2
2026-08-24T00:27:09Z,IL,IL00055IS010400024,39.8871,-89.5966,73,Mostly Clear,0,5,False,False,False,False,True,0.2
2026-08-24T00:27:09Z,IL,IL00057IS003200025,37.4699,-89.1329,79,Mostly Cloudy,0,2,False,False,False,False,True,0.2
2026-08-24T00:27:09Z,IL,IL00057IN003200035,37.4661,-89.1324,79,Mostly Cloudy,0,2,False,False,False,False,True,0.2
2026-08-24T00:27:09Z,IN,322,38.195,-87.8597,75,Partly Cloudy,0,3,False,False,False,False,True,0.2
2026-08-24T00:27:09Z,IN,317,38.5852,-85.7768,79,Partly Cloudy,0,5,False,False,False,False,True,0.2
2026-08-24T00:27:09Z,IN,316,38.5859,-85.7809,79,Partly Cloudy,0,5,False,False,False,False,True,0.2
2026-08-24T00:27:09Z,IN,315,39.2602,-85.9521,77,Partly Cloudy,0,3,False,False,False,False,True,0.2
2026-08-24T00:27:09Z,IN,314,39.2767,-85.9569,77,Partly Cloudy,0,2,False,False,False,False,True,0.2
2026-08-24T00:27:09Z,IN,313,40.1578,-86.5387,71,Mostly Clear,1,3,False,False,False,False,True,0.2
2026-08-24T00:27:09Z,IN,312,40.1722,-86.5522,71,Mostly Clear,1,3,False,False,False,False,True,0.2
2026-08-24T00:27:09Z,IN,311,40.6992,-87.0628,72,Mostly Clear,0,5,False,False,False,False,True,0.2
2026-08-24T00:27:09Z,IN,310,40.6984,-87.0646,72,Mostly Clear,0,5,False,False,False,False,True,0.2
2026-08-24T00:27:09Z,IN,308,41.1653,-87.271,71,Mostly Clear,0,5,False,False,False,False,True,0.2
2026-08-24T00:27:09Z,IN,309,41.1666,-87.2749,71,Mostly Clear,0,5,False,False,False,False,True,0.2
2026-08-24T00:27:09Z,IN,318,40.3543,-85.5576,68,Partly Cloudy,2,3,False,False,False,False,True,0.2
2026-08-24T00:27:09Z,IN,319,40.3569,-85.56,68,Partly Cloudy,2,3,False,False,False,False,True,0.2
2026-08-24T00:27:09Z,IN,320,41.2963,-85.0863,65,Mostly Clear,0,10,False,False,False,False,True,0.2
2026-08-24T00:27:09Z,IN,321,41.5803,-85.0597,67,Mostly Clear,6,15,False,False,False,False,True,0.2
2026-08-24T00:27:09Z,IN,300,39.4417,-87.5002,73,Partly Cloudy,0,1,False,False,False,False,True,0.2
2026-08-24T00:27:09Z,IN,302,39.6517,-86.3967,74,Partly Cloudy,1,8,False,False,False,False,True,0.2
2026-08-24T00:27:09Z,IN,301,39.6541,-86.4005,74,Partly Cloudy,1,8,False,False,False,False,True,0.2
2026-08-24T00:27:09Z,IN,303,39.8243,-85.7039,75,Mostly Cloudy,3,2,False,False,False,False,True,0.2
2026-08-24T00:27:09Z,IN,304,39.8266,-85.704,75,Mostly Cloudy,3,2,False,False,False,False,True,0.2
2026-08-24T00:27:09Z,IN,305,39.8605,-85.0259,69,Mostly Cloudy,13,6,False,False,False,False,True,0.2
2026-08-24T00:27:09Z,IN,323,39.29,-85.1688,69,Mostly Cloudy,10,3,False,False,False,False,True,0.2
2026-08-24T00:27:09Z,IN,702,41.7472,-85.3285,65,Mostly Clear,1,10,False,False,False,False,True,0.2
2026-08-24T00:27:09Z,IN,701,41.5889,-87.2173,71,Partly Cloudy,0,10,False,False,False,False,True,0.2
2026-08-24T00:27:09Z,IN,704,41.7058,-86.6212,66,Mostly Clear,4,5,False,False,False,False,True,0.2
2026-08-24T00:27:09Z,IN,703,41.7071,-86.6235,66,Mostly Clear,4,5,False,False,False,False,True,0.2
2026-08-24T00:27:09Z,IN,705,41.733,-86.0057,68,Mostly Clear,0,10,False,False,False,False,True,0.2
2026-08-24T00:27:09Z,IN,708,41.7472,-85.3285,65,Mostly Clear,1,10,False,False,False,False,True,0.2
2026-08-24T00:27:09Z,IN,707,41.7453,-85.3287,65,Mostly Clear,1,10,False,False,False,False,True,0.2
2026-08-24T00:27:09Z,IN,324,41.7353,-86.7933,68,Partly Cloudy,5,5,False,False,False,False,True,0.2
2026-08-24T00:27:09Z,KY,KY00065IS0000020N65WELCOM,36.6434,-86.5687,76,Partly Cloudy,0,5,False,False,False,False,False,0.0
2026-08-24T00:27:09Z,KY,KY00065IS000020NSMARATHON,36.6612,-86.5553,80,Mostly Clear,0,6,False,False,False,False,False,0.0
2026-08-24T00:27:09Z,KY,KY00065IS0000340NWEIGHS34,36.6868,-86.5379,81,Mostly Clear,0,6,False,False,False,False,False,0.0
2026-08-24T00:27:09Z,KY,KY00065IS0011400S65SRA114,37.9464,-85.6905,77,Partly Cloudy,0,6,False,False,False,False,False,0.0
2026-08-24T00:27:09Z,KY,KY00065IS0005900S65SRA059,37.239,-85.9297,76,Partly Cloudy,0,2,False,False,False,False,False,0.0
2026-08-24T00:27:09Z,KY,KY00065IS0005900N65NRA059,37.2384,-85.9271,76,Partly Cloudy,0,2,False,False,False,False,False,0.0
2026-08-24T00:27:09Z,KY,KY00075IS0003300NWEIGHS33,37.0422,-84.0968,73,Mostly Cloudy,0,3,False,False,False,False,False,0.0
2026-08-24T00:27:09Z,KY,KY00075IS0003400SWEIGHS34,37.048,-84.0997,78,Partly Cloudy,0,5,False,False,False,False,False,0.0
2026-08-24T00:27:09Z,KY,KY00075IS0017700N75NRA177,38.937,-84.6309,71,Partly Cloudy,10,6,False,False,False,False,False,0.0
2026-08-24T00:27:09Z,KY,KY00075IS0007500SWALTONWS,38.8653,-84.6476,71,Partly Cloudy,10,5,False,False,False,False,False,0.0
2026-08-24T00:27:09Z,KY,KY00075IS0017700S75SRA177,38.9388,-84.6339,71,Partly Cloudy,10,6,False,False,False,False,False,0.0
2026-08-24T00:27:09Z,KY,KY00075IS0016800SCRITENWS,38.8196,-84.6015,76,Partly Cloudy,10,6,False,False,False,False,False,0.0
2026-08-24T00:27:09Z,KY,KY00075IS0000100N75WELCOM,36.6162,-84.1054,75,Partly Cloudy,0,2,False,False,False,False,False,0.0
2026-08-24T00:27:14Z,IL,IL00057IN007900034,38.0297,-88.9203,78,Partly Cloudy,0,2,False,False,False,False,True,0.2
2026-08-24T00:27:14Z,IL,IL00057IS022200054,39.9314,-88.3043,73,Mostly Clear,0,6,False,False,False,False,True,0.2
2026-08-24T00:27:14Z,IL,IL00039IN008500036,41.7236,-89.0062,72,Mostly Clear,0,10,False,False,False,False,True,0.2
2026-08-24T00:27:14Z,IL,IL00055IS019400021,40.8371,-88.6833,73,Mostly Clear,0,5,False,False,False,False,True,0.2
2026-08-24T00:27:14Z,IL,IL00057IN022200048,39.9218,-88.299,73,Mostly Clear,0,6,False,False,False,False,True,0.2
2026-08-24T00:27:14Z,IL,IL00055IN006400027,39.3465,-89.6408,72,Partly Cloudy,0,5,False,False,False,False,True,0.2
2026-08-24T00:27:14Z,IL,IL00070IE002700042,38.7849,-89.7023,74,Partly Cloudy,0,5,False,False,False,False,True,0.2
2026-08-24T00:27:14Z,IL,IL00057IN026800032,40.5505,-88.0605,70,Mostly Clear,0,5,False,False,False,False,True,0.2
2026-08-24T00:27:14Z,IL,IL00064IW002500011,38.5491,-89.7633,78,Partly Cloudy,0,3,False,False,False,False,True,0.2
2026-08-24T00:27:14Z,IL,IL00024IW003700010,37.1593,-88.6798,75,Mostly Cloudy,0,2,False,False,False,False,True,0.2
2026-08-24T00:27:14Z,IL,IL00074IE002800030,41.2334,-90.333,75,Mostly Clear,0,5,False,False,False,False,True,0.2
2026-08-24T00:27:14Z,IL,IL00080IW005100013,41.3937,-89.5591,73,Mostly Clear,0,5,False,False,False,False,True,0.2
2026-08-24T00:27:14Z,IL,IL00055IN010400050,39.8627,-89.5948,75,Mostly Clear,0,7,False,False,False,False,True,0.2
2026-08-24T00:27:14Z,IL,IL00055IN002700029,38.8649,-89.8532,75,Partly Cloudy,0,6,False,False,False,False,True,0.2
2026-08-24T00:27:14Z,IL,IL00074IE015600037,40.2732,-88.6762,74,Mostly Clear,0,7,False,False,False,False,True,0.2
2026-08-24T00:27:14Z,IL,IL00072IE015200041,39.9923,-88.7827,72,Mostly Clear,0,7,False,False,False,False,True,0.2
2026-08-24T00:27:14Z,IL,IL00080IW011700016,41.4473,-88.3285,72,Mostly Clear,0,5,False,False,False,False,True,0.2
2026-08-24T00:27:14Z,IL,IL00057IS011400023,38.5965,-88.9677,74,Mostly Clear,0,3,False,False,False,False,True,0.2
2026-08-24T00:27:14Z,IL,IL00057IS033300046,41.3918,-87.7749,72,Clear,0,10,False,False,False,False,True,0.2
2026-08-24T00:27:14Z,IL,IL00057IS007900047,38.0962,-88.9138,77,Partly Cloudy,0,2,False,False,False,False,True,0.2
2026-08-24T00:27:14Z,IL,IL00072IW015200014,39.9888,-88.7852,72,Mostly Clear,0,7,False,False,False,False,True,0.2
2026-08-24T00:27:14Z,IL,IL00055IN014900028,40.3599,-89.1099,74,Mostly Clear,0,6,False,False,False,False,True,0.2
2026-08-24T00:27:14Z,IL,IL00074IW002800020,41.2141,-90.3308,75,Mostly Clear,0,5,False,False,False,False,True,0.2
2026-08-24T00:27:14Z,IL,IL00064IW008500012,38.2766,-88.8012,77,Partly Cloudy,0,2,False,False,False,False,True,0.2
2026-08-24T00:27:14Z,IL,IL00057IN033300049,41.3892,-87.7729,72,Clear,0,10,False,False,False,False,True,0.2
2026-08-24T00:27:14Z,IL,IL00039IS008500026,41.7285,-89.0105,72,Mostly Clear,0,10,False,False,False,False,True,0.2
2026-08-24T00:27:14Z,IL,IL00070IE008600051,39.0651,-88.6745,75,Partly Cloudy,0,3,False,False,False,False,True,0.2
2026-08-24T00:27:14Z,IL,IL00064IE002500038,38.5481,-89.7731,78,Partly Cloudy,0,3,False,False,False,False,True,0.2
2026-08-24T00:27:14Z,IL,IL00055IN019400031,40.8234,-88.6875,73,Mostly Clear,0,5,False,False,False,False,True,0.2
2026-08-24T00:27:14Z,IL,IL00080IE011700043,41.4314,-88.3454,74,Mostly Clear,0,10,False,False,False,False,True,0.2
2026-08-24T00:27:14Z,IL,IL00074IW015600009,40.2711,-88.6701,74,Mostly Clear,0,7,False,False,False,False,True,0.2
2026-08-24T00:27:14Z,IL,IL00057IN011400033,38.5963,-88.9638,74,Mostly Clear,0,3,False,False,False,False,True,0.2
2026-08-24T00:27:14Z,IL,IL00064IE008500039,38.273,-88.8496,74,Partly Cloudy,0,1,False,False,False,False,True,0.2
2026-08-24T00:27:14Z,IL,IL00055IS006400017,39.3523,-89.6447,72,Partly Cloudy,0,5,False,False,False,False,True,0.2
2026-08-24T00:27:14Z,IL,IL00057IS026800022,40.5613,-88.0615,70,Mostly Clear,0,5,False,False,False,False,True,0.2
2026-08-24T00:27:14Z,IL,IL00080IE005100040,41.3938,-89.5665,76,Partly Cloudy,0,5,False,False,False,False,True,0.2
2026-08-24T00:27:14Z,IL,IL00055IS002700019,38.8723,-89.8511,75,Partly Cloudy,0,6,False,False,False,False,True,0.2
2026-08-24T00:27:14Z,IL,IL00070IW002700015,38.7884,-89.6889,74,Partly Cloudy,0,3,False,False,False,False,True,0.2
2026-08-24T00:27:14Z,IL,IL00064IW013000053,38.2322,-87.9882,75,Partly Cloudy,0,2,False,False,False,False,True,0.2
2026-08-24T00:27:14Z,IL,IL00074IW020800052,40.1298,-87.7441,76,Partly Cloudy,0,6,False,False,False,False,True,0.2
2026-08-24T00:27:14Z,IL,IL00074IE011400005,40.6125,-89.245,73,Mostly Clear,0,7,False,False,False,False,True,0.2
2026-08-24T00:27:14Z,IL,IL00074IW006200004,40.8802,-90.0895,73,Mostly Clear,0,3,False,False,False,False,True,0.2
2026-08-24T00:27:14Z,IL,IL00070IW008700045,39.0679,-88.6704,75,Partly Cloudy,0,3,False,False,False,False,True,0.2
2026-08-24T00:27:14Z,IL,IL00057IS016500018,39.1993,-88.502,78,Mostly Clear,0,7,False,False,False,False,True,0.2
2026-08-24T00:27:14Z,IL,IL00074IW011400006,40.6111,-89.2323,73,Mostly Clear,0,7,False,False,False,False,True,0.2
2026-08-24T00:27:14Z,IL,IL00074IE006200001,40.8788,-90.0936,73,Mostly Clear,0,3,False,False,False,False,True,0.2
2026-08-24T00:27:14Z,IL,IL00070IW014900008,39.4228,-87.6617,78,Partly Cloudy,0,7,False,False,False,False,True,0.2
2026-08-24T00:27:14Z,IL,IL00057IN016500044,39.1898,-88.5031,77,Mostly Clear,0,6,False,False,False,False,True,0.2
2026-08-24T00:27:14Z,IL,IL00055IS010400024,39.8871,-89.5966,73,Mostly Clear,0,5,False,False,False,False,True,0.2
2026-08-24T00:27:14Z,IL,IL00057IS003200025,37.4699,-89.1329,79,Mostly Cloudy,0,2,False,False,False,False,True,0.2
2026-08-24T00:27:14Z,IL,IL00057IN003200035,37.4661,-89.1324,79,Mostly Cloudy,0,2,False,False,False,False,True,0.2
2026-08-24T00:27:14Z,IN,322,38.195,-87.8597,75,Partly Cloudy,0,3,False,False,False,False,True,0.2
2026-08-24T00:27:14Z,IN,317,38.5852,-85.7768,79,Partly Cloudy,0,5,False,False,False,False,True,0.2
2026-08-24T00:27:14Z,IN,316,38.5859,-85.7809,79,Partly Cloudy,0,5,False,False,False,False,True,0.2
2026-08-24T00:27:14Z,IN,315,39.2602,-85.9521,77,Partly Cloudy,0,3,False,False,False,False,True,0.2
2026-08-24T00:27:14Z,IN,314,39.2767,-85.9569,77,Partly Cloudy,0,2,False,False,False,False,True,0.2
2026-08-24T00:27:14Z,IN,313,40.1578,-86.5387,71,Mostly Clear,1,3,False,False,False,False,True,0.2
2026-08-24T00:27:14Z,IN,312,40.1722,-86.5522,71,Mostly Clear,1,3,False,False,False,False,True,0.2
2026-08-24T00:27:14Z,IN,311,40.6992,-87.0628,72,Mostly Clear,0,5,False,False,False,False,True,0.2
2026-08-24T00:27:14Z,IN,310,40.6984,-87.0646,72,Mostly Clear,0,5,False,False,False,False,True,0.2
2026-08-24T00:27:14Z,IN,308,41.1653,-87.271,71,Mostly Clear,0,5,False,False,False,False,True,0.2
2026-08-24T00:27:14Z,IN,309,41.1666,-87.2749,71,Mostly Clear,0,5,False,False,False,False,True,0.2
2026-08-24T00:27:14Z,IN,318,40.3543,-85.5576,68,Partly Cloudy,2,3,False,False,False,False,True,0.2
2026-08-24T00:27:14Z,IN,319,40.3569,-85.56,68,Partly Cloudy,2,3,False,False,False,False,True,0.2
2026-08-24T00:27:14Z,IN,320,41.2963,-85.0863,65,Mostly Clear,0,10,False,False,False,False,True,0.2
2026-08-24T00:27:14Z,IN,321,41.5803,-85.0597,67,Mostly Clear,6,15,False,False,False,False,True,0.2
2026-08-24T00:27:14Z,IN,300,39.4417,-87.5002,73,Partly Cloudy,0,1,False,False,False,False,True,0.2
2026-08-24T00:27:14Z,IN,302,39.6517,-86.3967,74,Partly Cloudy,1,8,False,False,False,False,True,0.2
2026-08-24T00:27:14Z,IN,301,39.6541,-86.4005,74,Partly Cloudy,1,8,False,False,False,False,True,0.2
2026-08-24T00:27:14Z,IN,303,39.8243,-85.7039,75,Mostly Cloudy,3,2,False,False,False,False,True,0.2
2026-08-24T00:27:14Z,IN,304,39.8266,-85.704,75,Mostly Cloudy,3,2,False,False,False,False,True,0.2
2026-08-24T00:27:14Z,IN,305,39.8605,-85.0259,69,Mostly Cloudy,13,6,False,False,False,False,True,0.2
2026-08-24T00:27:14Z,IN,323,39.29,-85.1688,69,Mostly Cloudy,10,3,False,False,False,False,True,0.2
2026-08-24T00:27:14Z,IN,702,41.7472,-85.3285,65,Mostly Clear,1,10,False,False,False,False,True,0.2
2026-08-24T00:27:14Z,IN,701,41.5889,-87.2173,71,Partly Cloudy,0,10,False,False,False,False,True,0.2
2026-08-24T00:27:14Z,IN,704,41.7058,-86.6212,66,Mostly Clear,4,5,False,False,False,False,True,0.2
2026-08-24T00:27:14Z,IN,703,41.7071,-86.6235,66,Mostly Clear,4,5,False,False,False,False,True,0.2
2026-08-24T00:27:14Z,IN,705,41.733,-86.0057,68,Mostly Clear,0,10,False,False,False,False,True,0.2
2026-08-24T00:27:14Z,IN,708,41.7472,-85.3285,65,Mostly Clear,1,10,False,False,False,False,True,0.2
2026-08-24T00:27:14Z,IN,707,41.7453,-85.3287,65,Mostly Clear,1,10,False,False,False,False,True,0.2
2026-08-24T00:27:14Z,IN,324,41.7353,-86.7933,68,Partly Cloudy,5,5,False,False,False,False,True,0.2
2026-08-24T00:27:14Z,KY,KY00065IS0000020N65WELCOM,36.6434,-86.5687,76,Partly Cloudy,0,5,False,False,False,False,False,0.0
2026-08-24T00:27:14Z,KY,KY00065IS000020NSMARATHON,36.6612,-86.5553,80,Mostly Clear,0,6,False,False,False,False,False,0.0
2026-08-24T00:27:14Z,KY,KY00065IS0000340NWEIGHS34,36.6868,-86.5379,81,Mostly Clear,0,6,False,False,False,False,False,0.0
2026-08-24T00:27:14Z,KY,KY00065IS0011400S65SRA114,37.9464,-85.6905,77,Partly Cloudy,0,6,False,False,False,False,False,0.0
2026-08-24T00:27:14Z,KY,KY00065IS0005900S65SRA059,37.239,-85.9297,76,Partly Cloudy,0,2,False,False,False,False,False,0.0
2026-08-24T00:27:14Z,KY,KY00065IS0005900N65NRA059,37.2384,-85.9271,76,Partly Cloudy,0,2,False,False,False,False,False,0.0
2026-08-24T00:27:14Z,KY,KY00075IS0003300NWEIGHS33,37.0422,-84.0968,73,Mostly Cloudy,0,3,False,False,False,False,False,0.0
2026-08-24T00:27:14Z,KY,KY00075IS0003400SWEIGHS34,37.048,-84.0997,78,Partly Cloudy,0,5,False,False,False,False,False,0.0
2026-08-24T00:27:14Z,KY,KY00075IS0017700N75NRA177,38.937,-84.6309,71,Partly Cloudy,10,6,False,False,False,False,False,0.0
2026-08-24T00:27:14Z,KY,KY00075IS0007500SWALTONWS,38.8653,-84.6476,76,Partly Cloudy,10,6,False,False,False,False,False,0.0
2026-08-24T00:27:14Z,KY,KY00075IS0017700S75SRA177,38.9388,-84.6339,71,Partly Cloudy,10,6,False,False,False,False,False,0.0
2026-08-24T00:27:14Z,KY,KY00075IS0016800SCRITENWS,38.8196,-84.6015,76,Partly Cloudy,10,6,False,False,False,False,False,0.0
2026-08-24T00:27:14Z,KY,KY00075IS0000100N75WELCOM,36.6162,-84.1054,75,Partly Cloudy,0,2,False,False,False,False,False,0.0
2026-08-24T00:27:18Z,IL,IL00057IN007900034,38.0297,-88.9203,78,Partly Cloudy,0,2,False,False,False,False,True,0.2
2026-08-24T00:27:18Z,IL,IL00057IS022200054,39.9314,-88.3043,73,Mostly Clear,0,6,False,False,False,False,True,0.2
2026-08-24T00:27:18Z,IL,IL00039IN008500036,41.7236,-89.0062,72,Mostly Clear,0,10,False,False,False,False,True,0.2
2026-08-24T00:27:18Z,IL,IL00055IS019400021,40.8371,-88.6833,73,Mostly Clear,0,5,False,False,False,False,True,0.2
2026-08-24T00:27:18Z,IL,IL00057IN022200048,39.9218,-88.299,73,Mostly Clear,0,6,False,False,False,False,True,0.2
2026-08-24T00:27:18Z,IL,IL00055IN006400027,39.3465,-89.6408,72,Partly Cloudy,0,5,False,False,False,False,True,0.2
2026-08-24T00:27:18Z,IL,IL00070IE002700042,38.7849,-89.7023,74,Partly Cloudy,0,5,False,False,False,False,True,0.2
2026-08-24T00:27:18Z,IL,IL00057IN026800032,40.5505,-88.0605,70,Mostly Clear,0,5,False,False,False,False,True,0.2
2026-08-24T00:27:18Z,IL,IL00064IW002500011,38.5491,-89.7633,78,Partly Cloudy,0,3,False,False,False,False,True,0.2
2026-08-24T00:27:18Z,IL,IL00024IW003700010,37.1593,-88.6798,75,Mostly Cloudy,0,2,False,False,False,False,True,0.2
2026-08-24T00:27:18Z,IL,IL00074IE002800030,41.2334,-90.333,75,Mostly Clear,0,5,False,False,False,False,True,0.2
2026-08-24T00:27:18Z,IL,IL00080IW005100013,41.3937,-89.5591,73,Mostly Clear,0,5,False,False,False,False,True,0.2
2026-08-24T00:27:18Z,IL,IL00055IN010400050,39.8627,-89.5948,75,Mostly Clear,0,7,False,False,False,False,True,0.2
2026-08-24T00:27:18Z,IL,IL00055IN002700029,38.8649,-89.8532,75,Partly Cloudy,0,6,False,False,False,False,True,0.2
2026-08-24T00:27:18Z,IL,IL00074IE015600037,40.2732,-88.6762,74,Mostly Clear,0,7,False,False,False,False,True,0.2
2026-08-24T00:27:18Z,IL,IL00072IE015200041,39.9923,-88.7827,72,Mostly Clear,0,7,False,False,False,False,True,0.2
2026-08-24T00:27:18Z,IL,IL00080IW011700016,41.4473,-88.3285,72,Mostly Clear,0,5,False,False,False,False,True,0.2
2026-08-24T00:27:18Z,IL,IL00057IS011400023,38.5965,-88.9677,74,Mostly Clear,0,3,False,False,False,False,True,0.2
2026-08-24T00:27:18Z,IL,IL00057IS033300046,41.3918,-87.7749,72,Clear,0,10,False,False,False,False,True,0.2
2026-08-24T00:27:18Z,IL,IL00057IS007900047,38.0962,-88.9138,77,Partly Cloudy,0,2,False,False,False,False,True,0.2
2026-08-24T00:27:18Z,IL,IL00072IW015200014,39.9888,-88.7852,72,Mostly Clear,0,7,False,False,False,False,True,0.2
2026-08-24T00:27:18Z,IL,IL00055IN014900028,40.3599,-89.1099,74,Mostly Clear,0,6,False,False,False,False,True,0.2
2026-08-24T00:27:18Z,IL,IL00074IW002800020,41.2141,-90.3308,75,Mostly Clear,0,5,False,False,False,False,True,0.2
2026-08-24T00:27:18Z,IL,IL00064IW008500012,38.2766,-88.8012,77,Partly Cloudy,0,2,False,False,False,False,True,0.2
2026-08-24T00:27:18Z,IL,IL00057IN033300049,41.3892,-87.7729,72,Clear,0,10,False,False,False,False,True,0.2
2026-08-24T00:27:18Z,IL,IL00039IS008500026,41.7285,-89.0105,72,Mostly Clear,0,10,False,False,False,False,True,0.2
2026-08-24T00:27:18Z,IL,IL00070IE008600051,39.0651,-88.6745,75,Partly Cloudy,0,3,False,False,False,False,True,0.2
2026-08-24T00:27:18Z,IL,IL00064IE002500038,38.5481,-89.7731,78,Partly Cloudy,0,3,False,False,False,False,True,0.2
2026-08-24T00:27:18Z,IL,IL00055IN019400031,40.8234,-88.6875,73,Mostly Clear,0,5,False,False,False,False,True,0.2
2026-08-24T00:27:18Z,IL,IL00080IE011700043,41.4314,-88.3454,74,Mostly Clear,0,10,False,False,False,False,True,0.2
2026-08-24T00:27:18Z,IL,IL00074IW015600009,40.2711,-88.6701,74,Mostly Clear,0,7,False,False,False,False,True,0.2
2026-08-24T00:27:18Z,IL,IL00057IN011400033,38.5963,-88.9638,74,Mostly Clear,0,3,False,False,False,False,True,0.2
2026-08-24T00:27:18Z,IL,IL00064IE008500039,38.273,-88.8496,74,Partly Cloudy,0,1,False,False,False,False,True,0.2
2026-08-24T00:27:18Z,IL,IL00055IS006400017,39.3523,-89.6447,72,Partly Cloudy,0,5,False,False,False,False,True,0.2
2026-08-24T00:27:18Z,IL,IL00057IS026800022,40.5613,-88.0615,70,Mostly Clear,0,5,False,False,False,False,True,0.2
2026-08-24T00:27:18Z,IL,IL00080IE005100040,41.3938,-89.5665,76,Partly Cloudy,0,5,False,False,False,False,True,0.2
2026-08-24T00:27:18Z,IL,IL00055IS002700019,38.8723,-89.8511,75,Partly Cloudy,0,6,False,False,False,False,True,0.2
2026-08-24T00:27:18Z,IL,IL00070IW002700015,38.7884,-89.6889,74,Partly Cloudy,0,3,False,False,False,False,True,0.2
2026-08-24T00:27:18Z,IL,IL00064IW013000053,38.2322,-87.9882,75,Partly Cloudy,0,2,False,False,False,False,True,0.2
2026-08-24T00:27:18Z,IL,IL00074IW020800052,40.1298,-87.7441,76,Partly Cloudy,0,6,False,False,False,False,True,0.2
2026-08-24T00:27:18Z,IL,IL00074IE011400005,40.6125,-89.245,73,Mostly Clear,0,7,False,False,False,False,True,0.2
2026-08-24T00:27:18Z,IL,IL00074IW006200004,40.8802,-90.0895,73,Mostly Clear,0,3,False,False,False,False,True,0.2
2026-08-24T00:27:18Z,IL,IL00070IW008700045,39.0679,-88.6704,75,Partly Cloudy,0,3,False,False,False,False,True,0.2
2026-08-24T00:27:18Z,IL,IL00057IS016500018,39.1993,-88.502,78,Mostly Clear,0,7,False,False,False,False,True,0.2
2026-08-24T00:27:18Z,IL,IL00074IW011400006,40.6111,-89.2323,73,Mostly Clear,0,7,False,False,False,False,True,0.2
2026-08-24T00:27:18Z,IL,IL00074IE006200001,40.8788,-90.0936,73,Mostly Clear,0,3,False,False,False,False,True,0.2
2026-08-24T00:27:18Z,IL,IL00070IW014900008,39.4228,-87.6617,78,Partly Cloudy,0,7,False,False,False,False,True,0.2
2026-08-24T00:27:18Z,IL,IL00057IN016500044,39.1898,-88.5031,77,Mostly Clear,0,6,False,False,False,False,True,0.2
2026-08-24T00:27:18Z,IL,IL00055IS010400024,39.8871,-89.5966,73,Mostly Clear,0,5,False,False,False,False,True,0.2
2026-08-24T00:27:18Z,IL,IL00057IS003200025,37.4699,-89.1329,79,Mostly Cloudy,0,2,False,False,False,False,True,0.2
2026-08-24T00:27:18Z,IL,IL00057IN003200035,37.4661,-89.1324,79,Mostly Cloudy,0,2,False,False,False,False,True,0.2
2026-08-24T00:27:18Z,IN,322,38.195,-87.8597,75,Partly Cloudy,0,3,False,False,False,False,True,0.2
2026-08-24T00:27:18Z,IN,317,38.5852,-85.7768,79,Partly Cloudy,0,5,False,False,False,False,True,0.2
2026-08-24T00:27:18Z,IN,316,38.5859,-85.7809,79,Partly Cloudy,0,5,False,False,False,False,True,0.2
2026-08-24T00:27:18Z,IN,315,39.2602,-85.9521,77,Partly Cloudy,0,3,False,False,False,False,True,0.2
2026-08-24T00:27:18Z,IN,314,39.2767,-85.9569,77,Partly Cloudy,0,2,False,False,False,False,True,0.2
2026-08-24T00:27:18Z,IN,313,40.1578,-86.5387,71,Mostly Clear,1,3,False,False,False,False,True,0.2
2026-08-24T00:27:18Z,IN,312,40.1722,-86.5522,71,Mostly Clear,1,3,False,False,False,False,True,0.2
2026-08-24T00:27:18Z,IN,311,40.6992,-87.0628,72,Mostly Clear,0,5,False,False,False,False,True,0.2
2026-08-24T00:27:18Z,IN,310,40.6984,-87.0646,72,Mostly Clear,0,5,False,False,False,False,True,0.2
2026-08-24T00:27:18Z,IN,308,41.1653,-87.271,71,Mostly Clear,0,5,False,False,False,False,True,0.2
2026-08-24T00:27:18Z,IN,309,41.1666,-87.2749,71,Mostly Clear,0,5,False,False,False,False,True,0.2
2026-08-24T00:27:18Z,IN,318,40.3543,-85.5576,68,Partly Cloudy,2,3,False,False,False,False,True,0.2
2026-08-24T00:27:18Z,IN,319,40.3569,-85.56,68,Partly Cloudy,2,3,False,False,False,False,True,0.2
2026-08-24T00:27:18Z,IN,320,41.2963,-85.0863,65,Mostly Clear,0,10,False,False,False,False,True,0.2
2026-08-24T00:27:18Z,IN,321,41.5803,-85.0597,67,Mostly Clear,6,15,False,False,False,False,True,0.2
2026-08-24T00:27:18Z,IN,300,39.4417,-87.5002,73,Partly Cloudy,0,1,False,False,False,False,True,0.2
2026-08-24T00:27:18Z,IN,302,39.6517,-86.3967,74,Partly Cloudy,1,8,False,False,False,False,True,0.2
2026-08-24T00:27:18Z,IN,301,39.6541,-86.4005,74,Partly Cloudy,1,8,False,False,False,False,True,0.2
2026-08-24T00:27:18Z,IN,303,39.8243,-85.7039,75,Mostly Cloudy,3,2,False,False,False,False,True,0.2
2026-08-24T00:27:18Z,IN,304,39.8266,-85.704,75,Mostly Cloudy,3,2,False,False,False,False,True,0.2
2026-08-24T00:27:18Z,IN,305,39.8605,-85.0259,69,Mostly Cloudy,13,6,False,False,False,False,True,0.2
2026-08-24T00:27:18Z,IN,323,39.29,-85.1688,69,Mostly Cloudy,10,3,False,False,False,False,True,0.2
2026-08-24T00:27:18Z,IN,702,41.7472,-85.3285,65,Mostly Clear,1,10,False,False,False,False,True,0.2
2026-08-24T00:27:18Z,IN,701,41.5889,-87.2173,71,Partly Cloudy,0,10,False,False,False,False,True,0.2
2026-08-24T00:27:18Z,IN,704,41.7058,-86.6212,66,Mostly Clear,4,5,False,False,False,False,True,0.2
2026-08-24T00:27:18Z,IN,703,41.7071,-86.6235,66,Mostly Clear,4,5,False,False,False,False,True,0.2
2026-08-24T00:27:18Z,IN,705,41.733,-86.0057,68,Mostly Clear,0,10,False,False,False,False,True,0.2
2026-08-24T00:27:18Z,IN,708,41.7472,-85.3285,65,Mostly Clear,1,10,False,False,False,False,True,0.2
2026-08-24T00:27:18Z,IN,707,41.7453,-85.3287,65,Mostly Clear,1,10,False,False,False,False,True,0.2
2026-08-24T00:27:18Z,IN,324,41.7353,-86.7933,68,Partly Cloudy,5,5,False,False,False,False,True,0.2
2026-08-24T00:27:18Z,KY,KY00065IS0000020N65WELCOM,36.6434,-86.5687,76,Partly Cloudy,0,5,False,False,False,False,False,0.0
2026-08-24T00:27:18Z,KY,KY00065IS000020NSMARATHON,36.6612,-86.5553,80,Mostly Clear,0,6,False,False,False,False,False,0.0
2026-08-24T00:27:18Z,KY,KY00065IS0000340NWEIGHS34,36.6868,-86.5379,81,Mostly Clear,0,6,False,False,False,False,False,0.0
2026-08-24T00:27:18Z,KY,KY00065IS0011400S65SRA114,37.9464,-85.6905,77,Partly Cloudy,0,6,False,False,False,False,False,0.0
2026-08-24T00:27:18Z,KY,KY00065IS0005900S65SRA059,37.239,-85.9297,76,Partly Cloudy,0,2,False,False,False,False,False,0.0
2026-08-24T00:27:18Z,KY,KY00065IS0005900N65NRA059,37.2384,-85.9271,76,Partly Cloudy,0,2,False,False,False,False,False,0.0
2026-08-24T00:27:18Z,KY,KY00075IS0003300NWEIGHS33,37.0422,-84.0968,73,Mostly Cloudy,0,3,False,False,False,False,False,0.0
2026-08-24T00:27:18Z,KY,KY00075IS0003400SWEIGHS34,37.048,-84.0997,78,Partly Cloudy,0,5,False,False,False,False,False,0.0
2026-08-24T00:27:18Z,KY,KY00075IS0017700N75NRA177,38.937,-84.6309,71,Partly Cloudy,10,6,False,False,False,False,False,0.0
2026-08-24T00:27:18Z,KY,KY00075IS0007500SWALTONWS,38.8653,-84.6476,76,Partly Cloudy,10,6,False,False,False,False,False,0.0
2026-08-24T00:27:18Z,KY,KY00075IS0017700S75SRA177,38.9388,-84.6339,71,Partly Cloudy,10,6,False,False,False,False,False,0.0
2026-08-24T00:27:18Z,KY,KY00075IS0016800SCRITENWS,38.8196,-84.6015,76,Partly Cloudy,10,6,False,False,False,False,False,0.0
2026-08-24T00:27:18Z,KY,KY00075IS0000100N75WELCOM,36.6162,-84.1054,75,Partly Cloudy,0,2,False,False,False,False,False,0.0
2026-08-24T00:27:22Z,IL,IL00057IN007900034,38.0297,-88.9203,78,Partly Cloudy,0,2,False,False,False,False,True,0.2
2026-08-24T00:27:22Z,IL,IL00057IS022200054,39.9314,-88.3043,73,Mostly Clear,0,6,False,False,False,False,True,0.2
2026-08-24T00:27:22Z,IL,IL00039IN008500036,41.7236,-89.0062,72,Mostly Clear,0,10,False,False,False,False,True,0.2
2026-08-24T00:27:22Z,IL,IL00055IS019400021,40.8371,-88.6833,73,Mostly Clear,0,5,False,False,False,False,True,0.2
2026-08-24T00:27:22Z,IL,IL00057IN022200048,39.9218,-88.299,73,Mostly Clear,0,6,False,False,False,False,True,0.2
2026-08-24T00:27:22Z,IL,IL00055IN006400027,39.3465,-89.6408,72,Partly Cloudy,0,5,False,False,False,False,True,0.2
2026-08-24T00:27:22Z,IL,IL00070IE002700042,38.7849,-89.7023,74,Partly Cloudy,0,5,False,False,False,False,True,0.2
2026-08-24T00:27:22Z,IL,IL00057IN026800032,40.5505,-88.0605,70,Mostly Clear,0,5,False,False,False,False,True,0.2
2026-08-24T00:27:22Z,IL,IL00064IW002500011,38.5491,-89.7633,78,Partly Cloudy,0,3,False,False,False,False,True,0.2
2026-08-24T00:27:22Z,IL,IL00024IW003700010,37.1593,-88.6798,75,Mostly Cloudy,0,2,False,False,False,False,True,0.2
2026-08-24T00:27:22Z,IL,IL00074IE002800030,41.2334,-90.333,75,Mostly Clear,0,5,False,False,False,False,True,0.2
2026-08-24T00:27:22Z,IL,IL00080IW005100013,41.3937,-89.5591,73,Mostly Clear,0,5,False,False,False,False,True,0.2
2026-08-24T00:27:22Z,IL,IL00055IN010400050,39.8627,-89.5948,75,Mostly Clear,0,7,False,False,False,False,True,0.2
2026-08-24T00:27:22Z,IL,IL00055IN002700029,38.8649,-89.8532,75,Partly Cloudy,0,6,False,False,False,False,True,0.2
2026-08-24T00:27:22Z,IL,IL00074IE015600037,40.2732,-88.6762,74,Mostly Clear,0,7,False,False,False,False,True,0.2
2026-08-24T00:27:22Z,IL,IL00072IE015200041,39.9923,-88.7827,72,Mostly Clear,0,7,False,False,False,False,True,0.2
2026-08-24T00:27:22Z,IL,IL00080IW011700016,41.4473,-88.3285,72,Mostly Clear,0,5,False,False,False,False,True,0.2
2026-08-24T00:27:22Z,IL,IL00057IS011400023,38.5965,-88.9677,74,Mostly Clear,0,3,False,False,False,False,True,0.2
2026-08-24T00:27:22Z,IL,IL00057IS033300046,41.3918,-87.7749,72,Clear,0,10,False,False,False,False,True,0.2
2026-08-24T00:27:22Z,IL,IL00057IS007900047,38.0962,-88.9138,77,Partly Cloudy,0,2,False,False,False,False,True,0.2
2026-08-24T00:27:22Z,IL,IL00072IW015200014,39.9888,-88.7852,72,Mostly Clear,0,7,False,False,False,False,True,0.2
2026-08-24T00:27:22Z,IL,IL00055IN014900028,40.3599,-89.1099,74,Mostly Clear,0,6,False,False,False,False,True,0.2
2026-08-24T00:27:22Z,IL,IL00074IW002800020,41.2141,-90.3308,75,Mostly Clear,0,5,False,False,False,False,True,0.2
2026-08-24T00:27:22Z,IL,IL00064IW008500012,38.2766,-88.8012,77,Partly Cloudy,0,2,False,False,False,False,True,0.2
2026-08-24T00:27:22Z,IL,IL00057IN033300049,41.3892,-87.7729,72,Clear,0,10,False,False,False,False,True,0.2
2026-08-24T00:27:22Z,IL,IL00039IS008500026,41.7285,-89.0105,72,Mostly Clear,0,10,False,False,False,False,True,0.2
2026-08-24T00:27:22Z,IL,IL00070IE008600051,39.0651,-88.6745,75,Partly Cloudy,0,3,False,False,False,False,True,0.2
2026-08-24T00:27:22Z,IL,IL00064IE002500038,38.5481,-89.7731,78,Partly Cloudy,0,3,False,False,False,False,True,0.2
2026-08-24T00:27:22Z,IL,IL00055IN019400031,40.8234,-88.6875,73,Mostly Clear,0,5,False,False,False,False,True,0.2
2026-08-24T00:27:22Z,IL,IL00080IE011700043,41.4314,-88.3454,74,Mostly Clear,0,10,False,False,False,False,True,0.2
2026-08-24T00:27:22Z,IL,IL00074IW015600009,40.2711,-88.6701,74,Mostly Clear,0,7,False,False,False,False,True,0.2
2026-08-24T00:27:22Z,IL,IL00057IN011400033,38.5963,-88.9638,74,Mostly Clear,0,3,False,False,False,False,True,0.2
2026-08-24T00:27:22Z,IL,IL00064IE008500039,38.273,-88.8496,74,Partly Cloudy,0,1,False,False,False,False,True,0.2
2026-08-24T00:27:22Z,IL,IL00055IS006400017,39.3523,-89.6447,72,Partly Cloudy,0,5,False,False,False,False,True,0.2
2026-08-24T00:27:22Z,IL,IL00057IS026800022,40.5613,-88.0615,70,Mostly Clear,0,5,False,False,False,False,True,0.2
2026-08-24T00:27:22Z,IL,IL00080IE005100040,41.3938,-89.5665,76,Partly Cloudy,0,5,False,False,False,False,True,0.2
2026-08-24T00:27:22Z,IL,IL00055IS002700019,38.8723,-89.8511,75,Partly Cloudy,0,6,False,False,False,False,True,0.2
2026-08-24T00:27:22Z,IL,IL00070IW002700015,38.7884,-89.6889,74,Partly Cloudy,0,3,False,False,False,False,True,0.2
2026-08-24T00:27:22Z,IL,IL00064IW013000053,38.2322,-87.9882,75,Partly Cloudy,0,2,False,False,False,False,True,0.2
2026-08-24T00:27:22Z,IL,IL00074IW020800052,40.1298,-87.7441,76,Partly Cloudy,0,6,False,False,False,False,True,0.2
2026-08-24T00:27:22Z,IL,IL00074IE011400005,40.6125,-89.245,73,Mostly Clear,0,7,False,False,False,False,True,0.2
2026-08-24T00:27:22Z,IL,IL00074IW006200004,40.8802,-90.0895,73,Mostly Clear,0,3,False,False,False,False,True,0.2
2026-08-24T00:27:22Z,IL,IL00070IW008700045,39.0679,-88.6704,75,Partly Cloudy,0,3,False,False,False,False,True,0.2
2026-08-24T00:27:22Z,IL,IL00057IS016500018,39.1993,-88.502,78,Mostly Clear,0,7,False,False,False,False,True,0.2
2026-08-24T00:27:22Z,IL,IL00074IW011400006,40.6111,-89.2323,73,Mostly Clear,0,7,False,False,False,False,True,0.2
2026-08-24T00:27:22Z,IL,IL00074IE006200001,40.8788,-90.0936,73,Mostly Clear,0,3,False,False,False,False,True,0.2
2026-08-24T00:27:22Z,IL,IL00070IW014900008,39.4228,-87.6617,78,Partly Cloudy,0,7,False,False,False,False,True,0.2
2026-08-24T00:27:22Z,IL,IL00057IN016500044,39.1898,-88.5031,77,Mostly Clear,0,6,False,False,False,False,True,0.2
2026-08-24T00:27:22Z,IL,IL00055IS010400024,39.8871,-89.5966,73,Mostly Clear,0,5,False,False,False,False,True,0.2
2026-08-24T00:27:22Z,IL,IL00057IS003200025,37.4699,-89.1329,79,Mostly Cloudy,0,2,False,False,False,False,True,0.2
2026-08-24T00:27:22Z,IL,IL00057IN003200035,37.4661,-89.1324,79,Mostly Cloudy,0,2,False,False,False,False,True,0.2
2026-08-24T00:27:22Z,IN,322,38.195,-87.8597,75,Partly Cloudy,0,3,False,False,False,False,True,0.2
2026-08-24T00:27:22Z,IN,317,38.5852,-85.7768,79,Partly Cloudy,0,5,False,False,False,False,True,0.2
2026-08-24T00:27:22Z,IN,316,38.5859,-85.7809,79,Partly Cloudy,0,5,False,False,False,False,True,0.2
2026-08-24T00:27:22Z,IN,315,39.2602,-85.9521,77,Partly Cloudy,0,3,False,False,False,False,True,0.2
2026-08-24T00:27:22Z,IN,314,39.2767,-85.9569,77,Partly Cloudy,0,2,False,False,False,False,True,0.2
2026-08-24T00:27:22Z,IN,313,40.1578,-86.5387,71,Mostly Clear,1,3,False,False,False,False,True,0.2
2026-08-24T00:27:22Z,IN,312,40.1722,-86.5522,71,Mostly Clear,1,3,False,False,False,False,True,0.2
2026-08-24T00:27:22Z,IN,311,40.6992,-87.0628,72,Mostly Clear,0,5,False,False,False,False,True,0.2
2026-08-24T00:27:22Z,IN,310,40.6984,-87.0646,72,Mostly Clear,0,5,False,False,False,False,True,0.2
2026-08-24T00:27:22Z,IN,308,41.1653,-87.271,71,Mostly Clear,0,5,False,False,False,False,True,0.2
2026-08-24T00:27:22Z,IN,309,41.1666,-87.2749,71,Mostly Clear,0,5,False,False,False,False,True,0.2
2026-08-24T00:27:22Z,IN,318,40.3543,-85.5576,68,Partly Cloudy,2,3,False,False,False,False,True,0.2
2026-08-24T00:27:22Z,IN,319,40.3569,-85.56,68,Partly Cloudy,2,3,False,False,False,False,True,0.2
2026-08-24T00:27:22Z,IN,320,41.2963,-85.0863,65,Mostly Clear,0,10,False,False,False,False,True,0.2
2026-08-24T00:27:22Z,IN,321,41.5803,-85.0597,67,Mostly Clear,6,15,False,False,False,False,True,0.2
2026-08-24T00:27:22Z,IN,300,39.4417,-87.5002,73,Partly Cloudy,0,1,False,False,False,False,True,0.2
2026-08-24T00:27:22Z,IN,302,39.6517,-86.3967,74,Partly Cloudy,1,8,False,False,False,False,True,0.2
2026-08-24T00:27:22Z,IN,301,39.6541,-86.4005,74,Partly Cloudy,1,8,False,False,False,False,True,0.2
2026-08-24T00:27:22Z,IN,303,39.8243,-85.7039,75,Mostly Cloudy,3,2,False,False,False,False,True,0.2
2026-08-24T00:27:22Z,IN,304,39.8266,-85.704,75,Mostly Cloudy,3,2,False,False,False,False,True,0.2
2026-08-24T00:27:22Z,IN,305,39.8605,-85.0259,69,Mostly Cloudy,13,6,False,False,False,False,True,0.2
2026-08-24T00:27:22Z,IN,323,39.29,-85.1688,69,Mostly Cloudy,10,3,False,False,False,False,True,0.2
2026-08-24T00:27:22Z,IN,702,41.7472,-85.3285,65,Mostly Clear,1,10,False,False,False,False,True,0.2
2026-08-24T00:27:22Z,IN,701,41.5889,-87.2173,71,Partly Cloudy,0,10,False,False,False,False,True,0.2
2026-08-24T00:27:22Z,IN,704,41.7058,-86.6212,66,Mostly Clear,4,5,False,False,False,False,True,0.2
2026-08-24T00:27:22Z,IN,703,41.7071,-86.6235,66,Mostly Clear,4,5,False,False,False,False,True,0.2
2026-08-24T00:27:22Z,IN,705,41.733,-86.0057,68,Mostly Clear,0,10,False,False,False,False,True,0.2
2026-08-24T00:27:22Z,IN,708,41.7472,-85.3285,65,Mostly Clear,1,10,False,False,False,False,True,0.2
2026-08-24T00:27:22Z,IN,707,41.7453,-85.3287,65,Mostly Clear,1,10,False,False,False,False,True,0.2
2026-08-24T00:27:22Z,IN,324,41.7353,-86.7933,68,Partly Cloudy,5,5,False,False,False,False,True,0.2
2026-08-24T00:27:22Z,KY,KY00065IS0000020N65WELCOM,36.6434,-86.5687,76,Partly Cloudy,0,5,False,False,False,False,False,0.0
2026-08-24T00:27:22Z,KY,KY00065IS000020NSMARATHON,36.6612,-86.5553,80,Mostly Clear,0,6,False,False,False,False,False,0.0
2026-08-24T00:27:22Z,KY,KY00065IS0000340NWEIGHS34,36.6868,-86.5379,81,Mostly Clear,0,6,False,False,False,False,False,0.0
2026-08-24T00:27:22Z,KY,KY00065IS0011400S65SRA114,37.9464,-85.6905,77,Partly Cloudy,0,6,False,False,False,False,False,0.0
2026-08-24T00:27:22Z,KY,KY00065IS0005900S65SRA059,37.239,-85.9297,76,Partly Cloudy,0,2,False,False,False,False,False,0.0
2026-08-24T00:27:22Z,KY,KY00065IS0005900N65NRA059,37.2384,-85.9271,76,Partly Cloudy,0,2,False,False,False,False,False,0.0
2026-08-24T00:27:22Z,KY,KY00075IS0003300NWEIGHS33,37.0422,-84.0968,73,Mostly Cloudy,0,3,False,False,False,False,False,0.0
2026-08-24T00:27:22Z,KY,KY00075IS0003400SWEIGHS34,37.048,-84.0997,78,Partly Cloudy,0,5,False,False,False,False,False,0.0
2026-08-24T00:27:22Z,KY,KY00075IS0017700N75NRA177,38.937,-84.6309,71,Partly Cloudy,10,6,False,False,False,False,False,0.0
2026-08-24T00:27:22Z,KY,KY00075IS0007500SWALTONWS,38.8653,-84.6476,71,Partly Cloudy,10,5,False,False,False,False,False,0.0
2026-08-24T00:27:22Z,KY,KY00075IS0017700S75SRA177,38.9388,-84.6339,71,Partly Cloudy,10,6,False,False,False,False,False,0.0
2026-08-24T00:27:22Z,KY,KY00075IS0016800SCRITENWS,38.8196,-84.6015,76,Partly Cloudy,10,6,False,False,False,False,False,0.0
2026-08-24T00:27:22Z,KY,KY00075IS0000100N75WELCOM,36.6162,-84.1054,75,Partly Cloudy,0,2,False,False,False,False,False,0.0
2026-08-24T00:27:27Z,IL,IL00057IN007900034,38.0297,-88.9203,78,Partly Cloudy,0,2,False,False,False,False,True,0.2
2026-08-24T00:27:27Z,IL,IL00057IS022200054,39.9314,-88.3043,73,Mostly Clear,0,6,False,False,False,False,True,0.2
2026-08-24T00:27:27Z,IL,IL00039IN008500036,41.7236,-89.0062,72,Mostly Clear,0,10,False,False,False,False,True,0.2
2026-08-24T00:27:27Z,IL,IL00055IS019400021,40.8371,-88.6833,73,Mostly Clear,0,5,False,False,False,False,True,0.2
2026-08-24T00:27:27Z,IL,IL00057IN022200048,39.9218,-88.299,73,Mostly Clear,0,6,False,False,False,False,True,0.2
2026-08-24T00:27:27Z,IL,IL00055IN006400027,39.3465,-89.6408,72,Partly Cloudy,0,5,False,False,False,False,True,0.2
2026-08-24T00:27:27Z,IL,IL00070IE002700042,38.7849,-89.7023,74,Partly Cloudy,0,5,False,False,False,False,True,0.2
2026-08-24T00:27:27Z,IL,IL00057IN026800032,40.5505,-88.0605,70,Mostly Clear,0,5,False,False,False,False,True,0.2
2026-08-24T00:27:27Z,IL,IL00064IW002500011,38.5491,-89.7633,78,Partly Cloudy,0,3,False,False,False,False,True,0.2
2026-08-24T00:27:27Z,IL,IL00024IW003700010,37.1593,-88.6798,75,Mostly Cloudy,0,2,False,False,False,False,True,0.2
2026-08-24T00:27:27Z,IL,IL00074IE002800030,41.2334,-90.333,75,Mostly Clear,0,5,False,False,False,False,True,0.2
2026-08-24T00:27:27Z,IL,IL00080IW005100013,41.3937,-89.5591,73,Mostly Clear,0,5,False,False,False,False,True,0.2
2026-08-24T00:27:27Z,IL,IL00055IN010400050,39.8627,-89.5948,75,Mostly Clear,0,7,False,False,False,False,True,0.2
2026-08-24T00:27:27Z,IL,IL00055IN002700029,38.8649,-89.8532,75,Partly Cloudy,0,6,False,False,False,False,True,0.2
2026-08-24T00:27:27Z,IL,IL00074IE015600037,40.2732,-88.6762,74,Mostly Clear,0,7,False,False,False,False,True,0.2
2026-08-24T00:27:27Z,IL,IL00072IE015200041,39.9923,-88.7827,72,Mostly Clear,0,7,False,False,False,False,True,0.2
2026-08-24T00:27:27Z,IL,IL00080IW011700016,41.4473,-88.3285,72,Mostly Clear,0,5,False,False,False,False,True,0.2
2026-08-24T00:27:27Z,IL,IL00057IS011400023,38.5965,-88.9677,74,Mostly Clear,0,3,False,False,False,False,True,0.2
2026-08-24T00:27:27Z,IL,IL00057IS033300046,41.3918,-87.7749,72,Clear,0,10,False,False,False,False,True,0.2
2026-08-24T00:27:27Z,IL,IL00057IS007900047,38.0962,-88.9138,77,Partly Cloudy,0,2,False,False,False,False,True,0.2
2026-08-24T00:27:27Z,IL,IL00072IW015200014,39.9888,-88.7852,72,Mostly Clear,0,7,False,False,False,False,True,0.2
2026-08-24T00:27:27Z,IL,IL00055IN014900028,40.3599,-89.1099,74,Mostly Clear,0,6,False,False,False,False,True,0.2
2026-08-24T00:27:27Z,IL,IL00074IW002800020,41.2141,-90.3308,75,Mostly Clear,0,5,False,False,False,False,True,0.2
2026-08-24T00:27:27Z,IL,IL00064IW008500012,38.2766,-88.8012,77,Partly Cloudy,0,2,False,False,False,False,True,0.2
2026-08-24T00:27:27Z,IL,IL00057IN033300049,41.3892,-87.7729,72,Clear,0,10,False,False,False,False,True,0.2
2026-08-24T00:27:27Z,IL,IL00039IS008500026,41.7285,-89.0105,72,Mostly Clear,0,10,False,False,False,False,True,0.2
2026-08-24T00:27:27Z,IL,IL00070IE008600051,39.0651,-88.6745,75,Partly Cloudy,0,3,False,False,False,False,True,0.2
2026-08-24T00:27:27Z,IL,IL00064IE002500038,38.5481,-89.7731,78,Partly Cloudy,0,3,False,False,False,False,True,0.2
2026-08-24T00:27:27Z,IL,IL00055IN019400031,40.8234,-88.6875,73,Mostly Clear,0,5,False,False,False,False,True,0.2
2026-08-24T00:27:27Z,IL,IL00080IE011700043,41.4314,-88.3454,74,Mostly Clear,0,10,False,False,False,False,True,0.2
2026-08-24T00:27:27Z,IL,IL00074IW015600009,40.2711,-88.6701,74,Mostly Clear,0,7,False,False,False,False,True,0.2
2026-08-24T00:27:27Z,IL,IL00057IN011400033,38.5963,-88.9638,74,Mostly Clear,0,3,False,False,False,False,True,0.2
2026-08-24T00:27:27Z,IL,IL00064IE008500039,38.273,-88.8496,74,Partly Cloudy,0,1,False,False,False,False,True,0.2
2026-08-24T00:27:27Z,IL,IL00055IS006400017,39.3523,-89.6447,72,Partly Cloudy,0,5,False,False,False,False,True,0.2
2026-08-24T00:27:27Z,IL,IL00057IS026800022,40.5613,-88.0615,70,Mostly Clear,0,5,False,False,False,False,True,0.2
2026-08-24T00:27:27Z,IL,IL00080IE005100040,41.3938,-89.5665,76,Partly Cloudy,0,5,False,False,False,False,True,0.2
2026-08-24T00:27:27Z,IL,IL00055IS002700019,38.8723,-89.8511,75,Partly Cloudy,0,6,False,False,False,False,True,0.2
2026-08-24T00:27:27Z,IL,IL00070IW002700015,38.7884,-89.6889,74,Partly Cloudy,0,3,False,False,False,False,True,0.2
2026-08-24T00:27:27Z,IL,IL00064IW013000053,38.2322,-87.9882,75,Partly Cloudy,0,2,False,False,False,False,True,0.2
2026-08-24T00:27:27Z,IL,IL00074IW020800052,40.1298,-87.7441,76,Partly Cloudy,0,6,False,False,False,False,True,0.2
2026-08-24T00:27:27Z,IL,IL00074IE011400005,40.6125,-89.245,73,Mostly Clear,0,7,False,False,False,False,True,0.2
2026-08-24T00:27:27Z,IL,IL00074IW006200004,40.8802,-90.0895,73,Mostly Clear,0,3,False,False,False,False,True,0.2
2026-08-24T00:27:27Z,IL,IL00070IW008700045,39.0679,-88.6704,75,Partly Cloudy,0,3,False,False,False,False,True,0.2
2026-08-24T00:27:27Z,IL,IL00057IS016500018,39.1993,-88.502,78,Mostly Clear,0,7,False,False,False,False,True,0.2
2026-08-24T00:27:27Z,IL,IL00074IW011400006,40.6111,-89.2323,73,Mostly Clear,0,7,False,False,False,False,True,0.2
2026-08-24T00:27:27Z,IL,IL00074IE006200001,40.8788,-90.0936,73,Mostly Clear,0,3,False,False,False,False,True,0.2
2026-08-24T00:27:27Z,IL,IL00070IW014900008,39.4228,-87.6617,78,Partly Cloudy,0,7,False,False,False,False,True,0.2
2026-08-24T00:27:27Z,IL,IL00057IN016500044,39.1898,-88.5031,77,Mostly Clear,0,6,False,False,False,False,True,0.2
2026-08-24T00:27:27Z,IL,IL00055IS010400024,39.8871,-89.5966,73,Mostly Clear,0,5,False,False,False,False,True,0.2
2026-08-24T00:27:27Z,IL,IL00057IS003200025,37.4699,-89.1329,79,Mostly Cloudy,0,2,False,False,False,False,True,0.2
2026-08-24T00:27:27Z,IL,IL00057IN003200035,37.4661,-89.1324,79,Mostly Cloudy,0,2,False,False,False,False,True,0.2
2026-08-24T00:27:27Z,IN,322,38.195,-87.8597,75,Partly Cloudy,0,3,False,False,False,False,True,0.2
2026-08-24T00:27:27Z,IN,317,38.5852,-85.7768,79,Partly Cloudy,0,5,False,False,False,False,True,0.2
2026-08-24T00:27:27Z,IN,316,38.5859,-85.7809,79,Partly Cloudy,0,5,False,False,False,False,True,0.2
2026-08-24T00:27:27Z,IN,315,39.2602,-85.9521,77,Partly Cloudy,0,3,False,False,False,False,True,0.2
2026-08-24T00:27:27Z,IN,314,39.2767,-85.9569,77,Partly Cloudy,0,2,False,False,False,False,True,0.2
2026-08-24T00:27:27Z,IN,313,40.1578,-86.5387,71,Mostly Clear,1,3,False,False,False,False,True,0.2
2026-08-24T00:27:27Z,IN,312,40.1722,-86.5522,71,Mostly Clear,1,3,False,False,False,False,True,0.2
2026-08-24T00:27:27Z,IN,311,40.6992,-87.0628,72,Mostly Clear,0,5,False,False,False,False,True,0.2
2026-08-24T00:27:27Z,IN,310,40.6984,-87.0646,72,Mostly Clear,0,5,False,False,False,False,True,0.2
2026-08-24T00:27:27Z,IN,308,41.1653,-87.271,71,Mostly Clear,0,5,False,False,False,False,True,0.2
2026-08-24T00:27:27Z,IN,309,41.1666,-87.2749,71,Mostly Clear,0,5,False,False,False,False,True,0.2
2026-08-24T00:27:27Z,IN,318,40.3543,-85.5576,68,Partly Cloudy,2,3,False,False,False,False,True,0.2
2026-08-24T00:27:27Z,IN,319,40.3569,-85.56,68,Partly Cloudy,2,3,False,False,False,False,True,0.2
2026-08-24T00:27:27Z,IN,320,41.2963,-85.0863,65,Mostly Clear,0,10,False,False,False,False,True,0.2
2026-08-24T00:27:27Z,IN,321,41.5803,-85.0597,67,Mostly Clear,6,15,False,False,False,False,True,0.2
2026-08-24T00:27:27Z,IN,300,39.4417,-87.5002,73,Partly Cloudy,0,1,False,False,False,False,True,0.2
2026-08-24T00:27:27Z,IN,302,39.6517,-86.3967,74,Partly Cloudy,1,8,False,False,False,False,True,0.2
2026-08-24T00:27:27Z,IN,301,39.6541,-86.4005,74,Partly Cloudy,1,8,False,False,False,False,True,0.2
2026-08-24T00:27:27Z,IN,303,39.8243,-85.7039,75,Mostly Cloudy,3,2,False,False,False,False,True,0.2
2026-08-24T00:27:27Z,IN,304,39.8266,-85.704,75,Mostly Cloudy,3,2,False,False,False,False,True,0.2
2026-08-24T00:27:27Z,IN,305,39.8605,-85.0259,69,Mostly Cloudy,13,6,False,False,False,False,True,0.2
2026-08-24T00:27:27Z,IN,323,39.29,-85.1688,69,Mostly Cloudy,10,3,False,False,False,False,True,0.2
2026-08-24T00:27:27Z,IN,702,41.7472,-85.3285,65,Mostly Clear,1,10,False,False,False,False,True,0.2
2026-08-24T00:27:27Z,IN,701,41.5889,-87.2173,71,Partly Cloudy,0,10,False,False,False,False,True,0.2
2026-08-24T00:27:27Z,IN,704,41.7058,-86.6212,66,Mostly Clear,4,5,False,False,False,False,True,0.2
2026-08-24T00:27:27Z,IN,703,41.7071,-86.6235,66,Mostly Clear,4,5,False,False,False,False,True,0.2
2026-08-24T00:27:27Z,IN,705,41.733,-86.0057,68,Mostly Clear,0,10,False,False,False,False,True,0.2
2026-08-24T00:27:27Z,IN,708,41.7472,-85.3285,65,Mostly Clear,1,10,False,False,False,False,True,0.2
2026-08-24T00:27:27Z,IN,707,41.7453,-85.3287,65,Mostly Clear,1,10,False,False,False,False,True,0.2
2026-08-24T00:27:27Z,IN,324,41.7353,-86.7933,68,Partly Cloudy,5,5,False,False,False,False,True,0.2
2026-08-24T00:27:27Z,KY,KY00065IS0000020N65WELCOM,36.6434,-86.5687,76,Partly Cloudy,0,5,False,False,False,False,False,0.0
2026-08-24T00:27:27Z,KY,KY00065IS000020NSMARATHON,36.6612,-86.5553,80,Mostly Clear,0,6,False,False,False,False,False,0.0
2026-08-24T00:27:27Z,KY,KY00065IS0000340NWEIGHS34,36.6868,-86.5379,81,Mostly Clear,0,6,False,False,False,False,False,0.0
2026-08-24T00:27:27Z,KY,KY00065IS0011400S65SRA114,37.9464,-85.6905,77,Partly Cloudy,0,6,False,False,False,False,False,0.0
2026-08-24T00:27:27Z,KY,KY00065IS0005900S65SRA059,37.239,-85.9297,76,Partly Cloudy,0,2,False,False,False,False,False,0.0
2026-08-24T00:27:27Z,KY,KY00065IS0005900N65NRA059,37.2384,-85.9271,76,Partly Cloudy,0,2,False,False,False,False,False,0.0
2026-08-24T00:27:27Z,KY,KY00075IS0003300NWEIGHS33,37.0422,-84.0968,73,Mostly Cloudy,0,3,False,False,False,False,False,0.0
2026-08-24T00:27:27Z,KY,KY00075IS0003400SWEIGHS34,37.048,-84.0997,78,Partly Cloudy,0,5,False,False,False,False,False,0.0
2026-08-24T00:27:27Z,KY,KY00075IS0017700N75NRA177,38.937,-84.6309,71,Partly Cloudy,10,6,False,False,False,False,False,0.0
2026-08-24T00:27:27Z,KY,KY00075IS0007500SWALTONWS,38.8653,-84.6476,71,Partly Cloudy,10,5,False,False,False,False,False,0.0
2026-08-24T00:27:27Z,KY,KY00075IS0017700S75SRA177,38.9388,-84.6339,71,Partly Cloudy,10,6,False,False,False,False,False,0.0
2026-08-24T00:27:27Z,KY,KY00075IS0016800SCRITENWS,38.8196,-84.6015,76,Partly Cloudy,10,6,False,False,False,False,False,0.0
2026-08-24T00:27:27Z,KY,KY00075IS0000100N75WELCOM,36.6162,-84.1054,75,Partly Cloudy,0,2,False,False,False,False,False,0.0
2026-08-24T00:27:31Z,IL,IL00057IN007900034,38.0297,-88.9203,78,Partly Cloudy,0,2,False,False,False,False,True,0.2
2026-08-24T00:27:31Z,IL,IL00057IS022200054,39.9314,-88.3043,73,Mostly Clear,0,6,False,False,False,False,True,0.2
2026-08-24T00:27:31Z,IL,IL00039IN008500036,41.7236,-89.0062,72,Mostly Clear,0,10,False,False,False,False,True,0.2
2026-08-24T00:27:31Z,IL,IL00055IS019400021,40.8371,-88.6833,73,Mostly Clear,0,5,False,False,False,False,True,0.2
2026-08-24T00:27:31Z,IL,IL00057IN022200048,39.9218,-88.299,73,Mostly Clear,0,6,False,False,False,False,True,0.2
2026-08-24T00:27:31Z,IL,IL00055IN006400027,39.3465,-89.6408,72,Partly Cloudy,0,5,False,False,False,False,True,0.2
2026-08-24T00:27:31Z,IL,IL00070IE002700042,38.7849,-89.7023,74,Partly Cloudy,0,5,False,False,False,False,True,0.2
2026-08-24T00:27:31Z,IL,IL00057IN026800032,40.5505,-88.0605,70,Mostly Clear,0,5,False,False,False,False,True,0.2
2026-08-24T00:27:31Z,IL,IL00064IW002500011,38.5491,-89.7633,78,Partly Cloudy,0,3,False,False,False,False,True,0.2
2026-08-24T00:27:31Z,IL,IL00024IW003700010,37.1593,-88.6798,75,Mostly Cloudy,0,2,False,False,False,False,True,0.2
2026-08-24T00:27:31Z,IL,IL00074IE002800030,41.2334,-90.333,75,Mostly Clear,0,5,False,False,False,False,True,0.2
2026-08-24T00:27:31Z,IL,IL00080IW005100013,41.3937,-89.5591,73,Mostly Clear,0,5,False,False,False,False,True,0.2
2026-08-24T00:27:31Z,IL,IL00055IN010400050,39.8627,-89.5948,75,Mostly Clear,0,7,False,False,False,False,True,0.2
2026-08-24T00:27:31Z,IL,IL00055IN002700029,38.8649,-89.8532,75,Partly Cloudy,0,6,False,False,False,False,True,0.2
2026-08-24T00:27:31Z,IL,IL00074IE015600037,40.2732,-88.6762,74,Mostly Clear,0,7,False,False,False,False,True,0.2
2026-08-24T00:27:31Z,IL,IL00072IE015200041,39.9923,-88.7827,72,Mostly Clear,0,7,False,False,False,False,True,0.2
2026-08-24T00:27:31Z,IL,IL00080IW011700016,41.4473,-88.3285,72,Mostly Clear,0,5,False,False,False,False,True,0.2
2026-08-24T00:27:31Z,IL,IL00057IS011400023,38.5965,-88.9677,74,Mostly Clear,0,3,False,False,False,False,True,0.2
2026-08-24T00:27:31Z,IL,IL00057IS033300046,41.3918,-87.7749,72,Clear,0,10,False,False,False,False,True,0.2
2026-08-24T00:27:31Z,IL,IL00057IS007900047,38.0962,-88.9138,77,Partly Cloudy,0,2,False,False,False,False,True,0.2
2026-08-24T00:27:31Z,IL,IL00072IW015200014,39.9888,-88.7852,72,Mostly Clear,0,7,False,False,False,False,True,0.2
2026-08-24T00:27:31Z,IL,IL00055IN014900028,40.3599,-89.1099,74,Mostly Clear,0,6,False,False,False,False,True,0.2
2026-08-24T00:27:31Z,IL,IL00074IW002800020,41.2141,-90.3308,72,Mostly Clear,0,5,False,False,False,False,True,0.2
2026-08-24T00:27:31Z,IL,IL00064IW008500012,38.2766,-88.8012,77,Partly Cloudy,0,2,False,False,False,False,True,0.2
2026-08-24T00:27:31Z,IL,IL00057IN033300049,41.3892,-87.7729,72,Clear,0,10,False,False,False,False,True,0.2
2026-08-24T00:27:31Z,IL,IL00039IS008500026,41.7285,-89.0105,72,Mostly Clear,0,10,False,False,False,False,True,0.2
2026-08-24T00:27:31Z,IL,IL00070IE008600051,39.0651,-88.6745,75,Partly Cloudy,0,3,False,False,False,False,True,0.2
2026-08-24T00:27:31Z,IL,IL00064IE002500038,38.5481,-89.7731,78,Partly Cloudy,0,3,False,False,False,False,True,0.2
2026-08-24T00:27:31Z,IL,IL00055IN019400031,40.8234,-88.6875,73,Mostly Clear,0,5,False,False,False,False,True,0.2
2026-08-24T00:27:31Z,IL,IL00080IE011700043,41.4314,-88.3454,74,Mostly Clear,0,10,False,False,False,False,True,0.2
2026-08-24T00:27:31Z,IL,IL00074IW015600009,40.2711,-88.6701,74,Mostly Clear,0,7,False,False,False,False,True,0.2
2026-08-24T00:27:31Z,IL,IL00057IN011400033,38.5963,-88.9638,74,Mostly Clear,0,3,False,False,False,False,True,0.2
2026-08-24T00:27:31Z,IL,IL00064IE008500039,38.273,-88.8496,74,Partly Cloudy,0,1,False,False,False,False,True,0.2
2026-08-24T00:27:31Z,IL,IL00055IS006400017,39.3523,-89.6447,72,Partly Cloudy,0,5,False,False,False,False,True,0.2
2026-08-24T00:27:31Z,IL,IL00057IS026800022,40.5613,-88.0615,70,Mostly Clear,0,5,False,False,False,False,True,0.2
2026-08-24T00:27:31Z,IL,IL00080IE005100040,41.3938,-89.5665,76,Partly Cloudy,0,5,False,False,False,False,True,0.2
2026-08-24T00:27:31Z,IL,IL00055IS002700019,38.8723,-89.8511,75,Partly Cloudy,0,6,False,False,False,False,True,0.2
2026-08-24T00:27:31Z,IL,IL00070IW002700015,38.7884,-89.6889,74,Partly Cloudy,0,3,False,False,False,False,True,0.2
2026-08-24T00:27:31Z,IL,IL00064IW013000053,38.2322,-87.9882,75,Partly Cloudy,0,2,False,False,False,False,True,0.2
2026-08-24T00:27:31Z,IL,IL00074IW020800052,40.1298,-87.7441,76,Partly Cloudy,0,6,False,False,False,False,True,0.2
2026-08-24T00:27:31Z,IL,IL00074IE011400005,40.6125,-89.245,73,Mostly Clear,0,7,False,False,False,False,True,0.2
2026-08-24T00:27:31Z,IL,IL00074IW006200004,40.8802,-90.0895,73,Mostly Clear,0,3,False,False,False,False,True,0.2
2026-08-24T00:27:31Z,IL,IL00070IW008700045,39.0679,-88.6704,75,Partly Cloudy,0,3,False,False,False,False,True,0.2
2026-08-24T00:27:31Z,IL,IL00057IS016500018,39.1993,-88.502,78,Mostly Clear,0,7,False,False,False,False,True,0.2
2026-08-24T00:27:31Z,IL,IL00074IW011400006,40.6111,-89.2323,73,Mostly Clear,0,7,False,False,False,False,True,0.2
2026-08-24T00:27:31Z,IL,IL00074IE006200001,40.8788,-90.0936,73,Mostly Clear,0,3,False,False,False,False,True,0.2
2026-08-24T00:27:31Z,IL,IL00070IW014900008,39.4228,-87.6617,78,Partly Cloudy,0,7,False,False,False,False,True,0.2
2026-08-24T00:27:31Z,IL,IL00057IN016500044,39.1898,-88.5031,77,Mostly Clear,0,6,False,False,False,False,True,0.2
2026-08-24T00:27:31Z,IL,IL00055IS010400024,39.8871,-89.5966,73,Mostly Clear,0,5,False,False,False,False,True,0.2
2026-08-24T00:27:31Z,IL,IL00057IS003200025,37.4699,-89.1329,79,Mostly Cloudy,0,2,False,False,False,False,True,0.2
2026-08-24T00:27:31Z,IL,IL00057IN003200035,37.4661,-89.1324,79,Mostly Cloudy,0,2,False,False,False,False,True,0.2
2026-08-24T00:27:31Z,IN,322,38.195,-87.8597,75,Partly Cloudy,0,3,False,False,False,False,True,0.2
2026-08-24T00:27:31Z,IN,317,38.5852,-85.7768,79,Partly Cloudy,0,5,False,False,False,False,True,0.2
2026-08-24T00:27:31Z,IN,316,38.5859,-85.7809,79,Partly Cloudy,0,5,False,False,False,False,True,0.2
2026-08-24T00:27:31Z,IN,315,39.2602,-85.9521,77,Partly Cloudy,0,3,False,False,False,False,True,0.2
2026-08-24T00:27:31Z,IN,314,39.2767,-85.9569,77,Partly Cloudy,0,2,False,False,False,False,True,0.2
2026-08-24T00:27:31Z,IN,313,40.1578,-86.5387,71,Mostly Clear,1,3,False,False,False,False,True,0.2
2026-08-24T00:27:31Z,IN,312,40.1722,-86.5522,71,Mostly Clear,1,3,False,False,False,False,True,0.2
2026-08-24T00:27:31Z,IN,311,40.6992,-87.0628,72,Mostly Clear,0,5,False,False,False,False,True,0.2
2026-08-24T00:27:31Z,IN,310,40.6984,-87.0646,72,Mostly Clear,0,5,False,False,False,False,True,0.2
2026-08-24T00:27:31Z,IN,308,41.1653,-87.271,71,Mostly Clear,0,5,False,False,False,False,True,0.2
2026-08-24T00:27:31Z,IN,309,41.1666,-87.2749,71,Mostly Clear,0,5,False,False,False,False,True,0.2
2026-08-24T00:27:31Z,IN,318,40.3543,-85.5576,68,Partly Cloudy,2,3,False,False,False,False,True,0.2
2026-08-24T00:27:31Z,IN,319,40.3569,-85.56,68,Partly Cloudy,2,3,False,False,False,False,True,0.2
2026-08-24T00:27:31Z,IN,320,41.2963,-85.0863,65,Mostly Clear,0,10,False,False,False,False,True,0.2
2026-08-24T00:27:31Z,IN,321,41.5803,-85.0597,67,Mostly Clear,6,15,False,False,False,False,True,0.2
2026-08-24T00:27:31Z,IN,300,39.4417,-87.5002,73,Partly Cloudy,0,1,False,False,False,False,True,0.2
2026-08-24T00:27:31Z,IN,302,39.6517,-86.3967,74,Partly Cloudy,1,8,False,False,False,False,True,0.2
2026-08-24T00:27:31Z,IN,301,39.6541,-86.4005,74,Partly Cloudy,1,8,False,False,False,False,True,0.2
2026-08-24T00:27:31Z,IN,303,39.8243,-85.7039,75,Mostly Cloudy,3,2,False,False,False,False,True,0.2
2026-08-24T00:27:31Z,IN,304,39.8266,-85.704,75,Mostly Cloudy,3,2,False,False,False,False,True,0.2
2026-08-24T00:27:31Z,IN,305,39.8605,-85.0259,69,Mostly Cloudy,13,6,False,False,False,False,True,0.2
2026-08-24T00:27:31Z,IN,323,39.29,-85.1688,69,Mostly Cloudy,10,3,False,False,False,False,True,0.2
2026-08-24T00:27:31Z,IN,702,41.7472,-85.3285,65,Mostly Clear,1,10,False,False,False,False,True,0.2
2026-08-24T00:27:31Z,IN,701,41.5889,-87.2173,71,Partly Cloudy,0,10,False,False,False,False,True,0.2
2026-08-24T00:27:31Z,IN,704,41.7058,-86.6212,66,Mostly Clear,4,5,False,False,False,False,True,0.2
2026-08-24T00:27:31Z,IN,703,41.7071,-86.6235,66,Mostly Clear,4,5,False,False,False,False,True,0.2
2026-08-24T00:27:31Z,IN,705,41.733,-86.0057,68,Mostly Clear,0,10,False,False,False,False,True,0.2
2026-08-24T00:27:31Z,IN,708,41.7472,-85.3285,65,Mostly Clear,1,10,False,False,False,False,True,0.2
2026-08-24T00:27:31Z,IN,707,41.7453,-85.3287,65,Mostly Clear,1,10,False,False,False,False,True,0.2
2026-08-24T00:27:31Z,IN,324,41.7353,-86.7933,68,Partly Cloudy,5,5,False,False,False,False,True,0.2
2026-08-24T00:27:31Z,KY,KY00065IS0000020N65WELCOM,36.6434,-86.5687,76,Partly Cloudy,0,5,False,False,False,False,False,0.0
2026-08-24T00:27:31Z,KY,KY00065IS000020NSMARATHON,36.6612,-86.5553,80,Mostly Clear,0,6,False,False,False,False,False,0.0
2026-08-24T00:27:31Z,KY,KY00065IS0000340NWEIGHS34,36.6868,-86.5379,81,Mostly Clear,0,6,False,False,False,False,False,0.0
2026-08-24T00:27:31Z,KY,KY00065IS0011400S65SRA114,37.9464,-85.6905,77,Partly Cloudy,0,6,False,False,False,False,False,0.0
2026-08-24T00:27:31Z,KY,KY00065IS0005900S65SRA059,37.239,-85.9297,76,Partly Cloudy,0,2,False,False,False,False,False,0.0
2026-08-24T00:27:31Z,KY,KY00065IS0005900N65NRA059,37.2384,-85.9271,76,Partly Cloudy,0,2,False,False,False,False,False,0.0
2026-08-24T00:27:31Z,KY,KY00075IS0003300NWEIGHS33,37.0422,-84.0968,73,Mostly Cloudy,0,3,False,False,False,False,False,0.0
2026-08-24T00:27:31Z,KY,KY00075IS0003400SWEIGHS34,37.048,-84.0997,78,Partly Cloudy,0,5,False,False,False,False,False,0.0
2026-08-24T00:27:31Z,KY,KY00075IS0017700N75NRA177,38.937,-84.6309,71,Partly Cloudy,10,6,False,False,False,False,False,0.0
2026-08-24T00:27:31Z,KY,KY00075IS0007500SWALTONWS,38.8653,-84.6476,71,Partly Cloudy,10,5,False,False,False,False,False,0.0
2026-08-24T00:27:31Z,KY,KY00075IS0017700S75SRA177,38.9388,-84.6339,71,Partly Cloudy,10,6,False,False,False,False,False,0.0
2026-08-24T00:27:31Z,KY,KY00075IS0016800SCRITENWS,38.8196,-84.6015,76,Partly Cloudy,10,6,False,False,False,False,False,0.0
2026-08-24T00:27:31Z,KY,KY00075IS0000100N75WELCOM,36.6162,-84.1054,75,Partly Cloudy,0,2,False,False,False,False,False,0.0
2026-08-24T00:27:35Z,IL,IL00057IN007900034,38.0297,-88.9203,78,Partly Cloudy,0,2,False,False,False,False,True,0.2
2026-08-24T00:27:35Z,IL,IL00057IS022200054,39.9314,-88.3043,73,Mostly Clear,0,6,False,False,False,False,True,0.2
2026-08-24T00:27:35Z,IL,IL00039IN008500036,41.7236,-89.0062,72,Mostly Clear,0,10,False,False,False,False,True,0.2
2026-08-24T00:27:35Z,IL,IL00055IS019400021,40.8371,-88.6833,73,Mostly Clear,0,5,False,False,False,False,True,0.2
2026-08-24T00:27:35Z,IL,IL00057IN022200048,39.9218,-88.299,73,Mostly Clear,0,6,False,False,False,False,True,0.2
2026-08-24T00:27:35Z,IL,IL00055IN006400027,39.3465,-89.6408,72,Partly Cloudy,0,5,False,False,False,False,True,0.2
2026-08-24T00:27:35Z,IL,IL00070IE002700042,38.7849,-89.7023,74,Partly Cloudy,0,5,False,False,False,False,True,0.2
2026-08-24T00:27:35Z,IL,IL00057IN026800032,40.5505,-88.0605,70,Mostly Clear,0,5,False,False,False,False,True,0.2
2026-08-24T00:27:35Z,IL,IL00064IW002500011,38.5491,-89.7633,78,Partly Cloudy,0,3,False,False,False,False,True,0.2
2026-08-24T00:27:35Z,IL,IL00024IW003700010,37.1593,-88.6798,75,Mostly Cloudy,0,2,False,False,False,False,True,0.2
2026-08-24T00:27:35Z,IL,IL00074IE002800030,41.2334,-90.333,75,Mostly Clear,0,5,False,False,False,False,True,0.2
2026-08-24T00:27:35Z,IL,IL00080IW005100013,41.3937,-89.5591,73,Mostly Clear,0,5,False,False,False,False,True,0.2
2026-08-24T00:27:35Z,IL,IL00055IN010400050,39.8627,-89.5948,75,Mostly Clear,0,7,False,False,False,False,True,0.2
2026-08-24T00:27:35Z,IL,IL00055IN002700029,38.8649,-89.8532,75,Partly Cloudy,0,6,False,False,False,False,True,0.2
2026-08-24T00:27:35Z,IL,IL00074IE015600037,40.2732,-88.6762,74,Mostly Clear,0,7,False,False,False,False,True,0.2
2026-08-24T00:27:35Z,IL,IL00072IE015200041,39.9923,-88.7827,72,Mostly Clear,0,7,False,False,False,False,True,0.2
2026-08-24T00:27:35Z,IL,IL00080IW011700016,41.4473,-88.3285,72,Mostly Clear,0,5,False,False,False,False,True,0.2
2026-08-24T00:27:35Z,IL,IL00057IS011400023,38.5965,-88.9677,74,Mostly Clear,0,3,False,False,False,False,True,0.2
2026-08-24T00:27:35Z,IL,IL00057IS033300046,41.3918,-87.7749,72,Clear,0,10,False,False,False,False,True,0.2
2026-08-24T00:27:35Z,IL,IL00057IS007900047,38.0962,-88.9138,77,Partly Cloudy,0,2,False,False,False,False,True,0.2
2026-08-24T00:27:35Z,IL,IL00072IW015200014,39.9888,-88.7852,72,Mostly Clear,0,7,False,False,False,False,True,0.2
2026-08-24T00:27:35Z,IL,IL00055IN014900028,40.3599,-89.1099,74,Mostly Clear,0,6,False,False,False,False,True,0.2
2026-08-24T00:27:35Z,IL,IL00074IW002800020,41.2141,-90.3308,75,Mostly Clear,0,5,False,False,False,False,True,0.2
2026-08-24T00:27:35Z,IL,IL00064IW008500012,38.2766,-88.8012,77,Partly Cloudy,0,2,False,False,False,False,True,0.2
2026-08-24T00:27:35Z,IL,IL00057IN033300049,41.3892,-87.7729,72,Clear,0,10,False,False,False,False,True,0.2
2026-08-24T00:27:35Z,IL,IL00039IS008500026,41.7285,-89.0105,72,Mostly Clear,0,10,False,False,False,False,True,0.2
2026-08-24T00:27:35Z,IL,IL00070IE008600051,39.0651,-88.6745,75,Partly Cloudy,0,3,False,False,False,False,True,0.2
2026-08-24T00:27:35Z,IL,IL00064IE002500038,38.5481,-89.7731,78,Partly Cloudy,0,3,False,False,False,False,True,0.2
2026-08-24T00:27:35Z,IL,IL00055IN019400031,40.8234,-88.6875,73,Mostly Clear,0,5,False,False,False,False,True,0.2
2026-08-24T00:27:35Z,IL,IL00080IE011700043,41.4314,-88.3454,74,Mostly Clear,0,10,False,False,False,False,True,0.2
2026-08-24T00:27:35Z,IL,IL00074IW015600009,40.2711,-88.6701,74,Mostly Clear,0,7,False,False,False,False,True,0.2
2026-08-24T00:27:35Z,IL,IL00057IN011400033,38.5963,-88.9638,74,Mostly Clear,0,3,False,False,False,False,True,0.2
2026-08-24T00:27:35Z,IL,IL00064IE008500039,38.273,-88.8496,74,Partly Cloudy,0,1,False,False,False,False,True,0.2
2026-08-24T00:27:35Z,IL,IL00055IS006400017,39.3523,-89.6447,72,Partly Cloudy,0,5,False,False,False,False,True,0.2
2026-08-24T00:27:35Z,IL,IL00057IS026800022,40.5613,-88.0615,70,Mostly Clear,0,5,False,False,False,False,True,0.2
2026-08-24T00:27:35Z,IL,IL00080IE005100040,41.3938,-89.5665,76,Partly Cloudy,0,5,False,False,False,False,True,0.2
2026-08-24T00:27:35Z,IL,IL00055IS002700019,38.8723,-89.8511,75,Partly Cloudy,0,6,False,False,False,False,True,0.2
2026-08-24T00:27:35Z,IL,IL00070IW002700015,38.7884,-89.6889,74,Partly Cloudy,0,3,False,False,False,False,True,0.2
2026-08-24T00:27:35Z,IL,IL00064IW013000053,38.2322,-87.9882,75,Partly Cloudy,0,2,False,False,False,False,True,0.2
2026-08-24T00:27:35Z,IL,IL00074IW020800052,40.1298,-87.7441,76,Partly Cloudy,0,6,False,False,False,False,True,0.2
2026-08-24T00:27:35Z,IL,IL00074IE011400005,40.6125,-89.245,73,Mostly Clear,0,7,False,False,False,False,True,0.2
2026-08-24T00:27:35Z,IL,IL00074IW006200004,40.8802,-90.0895,73,Mostly Clear,0,3,False,False,False,False,True,0.2
2026-08-24T00:27:35Z,IL,IL00070IW008700045,39.0679,-88.6704,75,Partly Cloudy,0,3,False,False,False,False,True,0.2
2026-08-24T00:27:35Z,IL,IL00057IS016500018,39.1993,-88.502,78,Mostly Clear,0,7,False,False,False,False,True,0.2
2026-08-24T00:27:35Z,IL,IL00074IW011400006,40.6111,-89.2323,73,Mostly Clear,0,7,False,False,False,False,True,0.2
2026-08-24T00:27:35Z,IL,IL00074IE006200001,40.8788,-90.0936,73,Mostly Clear,0,3,False,False,False,False,True,0.2
2026-08-24T00:27:35Z,IL,IL00070IW014900008,39.4228,-87.6617,78,Partly Cloudy,0,7,False,False,False,False,True,0.2
2026-08-24T00:27:35Z,IL,IL00057IN016500044,39.1898,-88.5031,77,Mostly Clear,0,6,False,False,False,False,True,0.2
2026-08-24T00:27:35Z,IL,IL00055IS010400024,39.8871,-89.5966,73,Mostly Clear,0,5,False,False,False,False,True,0.2
2026-08-24T00:27:35Z,IL,IL00057IS003200025,37.4699,-89.1329,79,Mostly Cloudy,0,2,False,False,False,False,True,0.2
2026-08-24T00:27:35Z,IL,IL00057IN003200035,37.4661,-89.1324,79,Mostly Cloudy,0,2,False,False,False,False,True,0.2
2026-08-24T00:27:35Z,IN,322,38.195,-87.8597,75,Partly Cloudy,0,3,False,False,False,False,True,0.2
2026-08-24T00:27:35Z,IN,317,38.5852,-85.7768,79,Partly Cloudy,0,5,False,False,False,False,True,0.2
2026-08-24T00:27:35Z,IN,316,38.5859,-85.7809,79,Partly Cloudy,0,5,False,False,False,False,True,0.2
2026-08-24T00:27:35Z,IN,315,39.2602,-85.9521,77,Partly Cloudy,0,3,False,False,False,False,True,0.2
2026-08-24T00:27:35Z,IN,314,39.2767,-85.9569,77,Partly Cloudy,0,2,False,False,False,False,True,0.2
2026-08-24T00:27:35Z,IN,313,40.1578,-86.5387,71,Mostly Clear,1,3,False,False,False,False,True,0.2
2026-08-24T00:27:35Z,IN,312,40.1722,-86.5522,71,Mostly Clear,1,3,False,False,False,False,True,0.2
2026-08-24T00:27:35Z,IN,311,40.6992,-87.0628,72,Mostly Clear,0,5,False,False,False,False,True,0.2
2026-08-24T00:27:35Z,IN,310,40.6984,-87.0646,72,Mostly Clear,0,5,False,False,False,False,True,0.2
2026-08-24T00:27:35Z,IN,308,41.1653,-87.271,71,Mostly Clear,0,5,False,False,False,False,True,0.2
2026-08-24T00:27:35Z,IN,309,41.1666,-87.2749,71,Mostly Clear,0,5,False,False,False,False,True,0.2
2026-08-24T00:27:35Z,IN,318,40.3543,-85.5576,68,Partly Cloudy,2,3,False,False,False,False,True,0.2
2026-08-24T00:27:35Z,IN,319,40.3569,-85.56,68,Partly Cloudy,2,3,False,False,False,False,True,0.2
2026-08-24T00:27:35Z,IN,320,41.2963,-85.0863,65,Mostly Clear,0,10,False,False,False,False,True,0.2
2026-08-24T00:27:35Z,IN,321,41.5803,-85.0597,67,Mostly Clear,6,15,False,False,False,False,True,0.2
2026-08-24T00:27:35Z,IN,300,39.4417,-87.5002,73,Partly Cloudy,0,1,False,False,False,False,True,0.2
2026-08-24T00:27:35Z,IN,302,39.6517,-86.3967,74,Partly Cloudy,1,8,False,False,False,False,True,0.2
2026-08-24T00:27:35Z,IN,301,39.6541,-86.4005,74,Partly Cloudy,1,8,False,False,False,False,True,0.2
2026-08-24T00:27:35Z,IN,303,39.8243,-85.7039,75,Mostly Cloudy,3,2,False,False,False,False,True,0.2
2026-08-24T00:27:35Z,IN,304,39.8266,-85.704,75,Mostly Cloudy,3,2,False,False,False,False,True,0.2
2026-08-24T00:27:35Z,IN,305,39.8605,-85.0259,69,Mostly Cloudy,13,6,False,False,False,False,True,0.2
2026-08-24T00:27:35Z,IN,323,39.29,-85.1688,69,Mostly Cloudy,10,3,False,False,False,False,True,0.2
2026-08-24T00:27:35Z,IN,702,41.7472,-85.3285,65,Mostly Clear,1,10,False,False,False,False,True,0.2
2026-08-24T00:27:35Z,IN,701,41.5889,-87.2173,71,Partly Cloudy,0,10,False,False,False,False,True,0.2
2026-08-24T00:27:35Z,IN,704,41.7058,-86.6212,66,Mostly Clear,4,5,False,False,False,False,True,0.2
2026-08-24T00:27:35Z,IN,703,41.7071,-86.6235,66,Mostly Clear,4,5,False,False,False,False,True,0.2
2026-08-24T00:27:35Z,IN,705,41.733,-86.0057,68,Mostly Clear,0,10,False,False,False,False,True,0.2
2026-08-24T00:27:35Z,IN,708,41.7472,-85.3285,65,Mostly Clear,1,10,False,False,False,False,True,0.2
2026-08-24T00:27:35Z,IN,707,41.7453,-85.3287,65,Mostly Clear,1,10,False,False,False,False,True,0.2
2026-08-24T00:27:35Z,IN,324,41.7353,-86.7933,68,Partly Cloudy,5,5,False,False,False,False,True,0.2
2026-08-24T00:27:35Z,KY,KY00065IS0000020N65WELCOM,36.6434,-86.5687,76,Partly Cloudy,0,5,False,False,False,False,False,0.0
2026-08-24T00:27:35Z,KY,KY00065IS000020NSMARATHON,36.6612,-86.5553,80,Mostly Clear,0,6,False,False,False,False,False,0.0
2026-08-24T00:27:35Z,KY,KY00065IS0000340NWEIGHS34,36.6868,-86.5379,81,Mostly Clear,0,6,False,False,False,False,False,0.0
2026-08-24T00:27:35Z,KY,KY00065IS0011400S65SRA114,37.9464,-85.6905,77,Partly Cloudy,0,6,False,False,False,False,False,0.0
2026-08-24T00:27:35Z,KY,KY00065IS0005900S65SRA059,37.239,-85.9297,76,Partly Cloudy,0,2,False,False,False,False,False,0.0
2026-08-24T00:27:35Z,KY,KY00065IS0005900N65NRA059,37.2384,-85.9271,76,Partly Cloudy,0,2,False,False,False,False,False,0.0
2026-08-24T00:27:35Z,KY,KY00075IS0003300NWEIGHS33,37.0422,-84.0968,73,Mostly Cloudy,0,3,False,False,False,False,False,0.0
2026-08-24T00:27:35Z,KY,KY00075IS0003400SWEIGHS34,37.048,-84.0997,78,Partly Cloudy,0,5,False,False,False,False,False,0.0
2026-08-24T00:27:35Z,KY,KY00075IS0017700N75NRA177,38.937,-84.6309,71,Partly Cloudy,10,6,False,False,False,False,False,0.0
2026-08-24T00:27:35Z,KY,KY00075IS0007500SWALTONWS,38.8653,-84.6476,76,Partly Cloudy,10,6,False,False,False,False,False,0.0
2026-08-24T00:27:35Z,KY,KY00075IS0017700S75SRA177,38.9388,-84.6339,71,Partly Cloudy,10,6,False,False,False,False,False,0.0
2026-08-24T00:27:35Z,KY,KY00075IS0016800SCRITENWS,38.8196,-84.6015,76,Partly Cloudy,10,6,False,False,False,False,False,0.0
2026-08-24T00:27:35Z,KY,KY00075IS0000100N75WELCOM,36.6162,-84.1054,75,Partly Cloudy,0,2,False,False,False,False,False,0.0
2026-08-24T00:27:39Z,IL,IL00057IN007900034,38.0297,-88.9203,78,Partly Cloudy,0,2,False,False,False,False,True,0.2
2026-08-24T00:27:39Z,IL,IL00057IS022200054,39.9314,-88.3043,73,Mostly Clear,0,6,False,False,False,False,True,0.2
2026-08-24T00:27:39Z,IL,IL00039IN008500036,41.7236,-89.0062,72,Mostly Clear,0,10,False,False,False,False,True,0.2
2026-08-24T00:27:39Z,IL,IL00055IS019400021,40.8371,-88.6833,73,Mostly Clear,0,5,False,False,False,False,True,0.2
2026-08-24T00:27:39Z,IL,IL00057IN022200048,39.9218,-88.299,73,Mostly Clear,0,6,False,False,False,False,True,0.2
2026-08-24T00:27:39Z,IL,IL00055IN006400027,39.3465,-89.6408,72,Partly Cloudy,0,5,False,False,False,False,True,0.2
2026-08-24T00:27:39Z,IL,IL00070IE002700042,38.7849,-89.7023,74,Partly Cloudy,0,5,False,False,False,False,True,0.2
2026-08-24T00:27:39Z,IL,IL00057IN026800032,40.5505,-88.0605,70,Mostly Clear,0,5,False,False,False,False,True,0.2
2026-08-24T00:27:39Z,IL,IL00064IW002500011,38.5491,-89.7633,78,Partly Cloudy,0,3,False,False,False,False,True,0.2
2026-08-24T00:27:39Z,IL,IL00024IW003700010,37.1593,-88.6798,75,Mostly Cloudy,0,2,False,False,False,False,True,0.2
2026-08-24T00:27:39Z,IL,IL00074IE002800030,41.2334,-90.333,75,Mostly Clear,0,5,False,False,False,False,True,0.2
2026-08-24T00:27:39Z,IL,IL00080IW005100013,41.3937,-89.5591,73,Mostly Clear,0,5,False,False,False,False,True,0.2
2026-08-24T00:27:39Z,IL,IL00055IN010400050,39.8627,-89.5948,75,Mostly Clear,0,7,False,False,False,False,True,0.2
2026-08-24T00:27:39Z,IL,IL00055IN002700029,38.8649,-89.8532,75,Partly Cloudy,0,6,False,False,False,False,True,0.2
2026-08-24T00:27:39Z,IL,IL00074IE015600037,40.2732,-88.6762,74,Mostly Clear,0,7,False,False,False,False,True,0.2
2026-08-24T00:27:39Z,IL,IL00072IE015200041,39.9923,-88.7827,72,Mostly Clear,0,7,False,False,False,False,True,0.2
2026-08-24T00:27:39Z,IL,IL00080IW011700016,41.4473,-88.3285,72,Mostly Clear,0,5,False,False,False,False,True,0.2
2026-08-24T00:27:39Z,IL,IL00057IS011400023,38.5965,-88.9677,74,Mostly Clear,0,3,False,False,False,False,True,0.2
2026-08-24T00:27:39Z,IL,IL00057IS033300046,41.3918,-87.7749,72,Clear,0,10,False,False,False,False,True,0.2
2026-08-24T00:27:39Z,IL,IL00057IS007900047,38.0962,-88.9138,77,Partly Cloudy,0,2,False,False,False,False,True,0.2
2026-08-24T00:27:39Z,IL,IL00072IW015200014,39.9888,-88.7852,72,Mostly Clear,0,7,False,False,False,False,True,0.2
2026-08-24T00:27:39Z,IL,IL00055IN014900028,40.3599,-89.1099,74,Mostly Clear,0,6,False,False,False,False,True,0.2
2026-08-24T00:27:39Z,IL,IL00074IW002800020,41.2141,-90.3308,75,Mostly Clear,0,5,False,False,False,False,True,0.2
2026-08-24T00:27:39Z,IL,IL00064IW008500012,38.2766,-88.8012,77,Partly Cloudy,0,2,False,False,False,False,True,0.2
2026-08-24T00:27:39Z,IL,IL00057IN033300049,41.3892,-87.7729,72,Clear,0,10,False,False,False,False,True,0.2
2026-08-24T00:27:39Z,IL,IL00039IS008500026,41.7285,-89.0105,72,Mostly Clear,0,10,False,False,False,False,True,0.2
2026-08-24T00:27:39Z,IL,IL00070IE008600051,39.0651,-88.6745,75,Partly Cloudy,0,3,False,False,False,False,True,0.2
2026-08-24T00:27:39Z,IL,IL00064IE002500038,38.5481,-89.7731,78,Partly Cloudy,0,3,False,False,False,False,True,0.2
2026-08-24T00:27:39Z,IL,IL00055IN019400031,40.8234,-88.6875,73,Mostly Clear,0,5,False,False,False,False,True,0.2
2026-08-24T00:27:39Z,IL,IL00080IE011700043,41.4314,-88.3454,74,Mostly Clear,0,10,False,False,False,False,True,0.2
2026-08-24T00:27:39Z,IL,IL00074IW015600009,40.2711,-88.6701,74,Mostly Clear,0,7,False,False,False,False,True,0.2
2026-08-24T00:27:39Z,IL,IL00057IN011400033,38.5963,-88.9638,74,Mostly Clear,0,3,False,False,False,False,True,0.2
2026-08-24T00:27:39Z,IL,IL00064IE008500039,38.273,-88.8496,74,Partly Cloudy,0,1,False,False,False,False,True,0.2
2026-08-24T00:27:39Z,IL,IL00055IS006400017,39.3523,-89.6447,72,Partly Cloudy,0,5,False,False,False,False,True,0.2
2026-08-24T00:27:39Z,IL,IL00057IS026800022,40.5613,-88.0615,70,Mostly Clear,0,5,False,False,False,False,True,0.2
2026-08-24T00:27:39Z,IL,IL00080IE005100040,41.3938,-89.5665,76,Partly Cloudy,0,5,False,False,False,False,True,0.2
2026-08-24T00:27:39Z,IL,IL00055IS002700019,38.8723,-89.8511,75,Partly Cloudy,0,6,False,False,False,False,True,0.2
2026-08-24T00:27:39Z,IL,IL00070IW002700015,38.7884,-89.6889,74,Partly Cloudy,0,3,False,False,False,False,True,0.2
2026-08-24T00:27:39Z,IL,IL00064IW013000053,38.2322,-87.9882,75,Partly Cloudy,0,2,False,False,False,False,True,0.2
2026-08-24T00:27:39Z,IL,IL00074IW020800052,40.1298,-87.7441,76,Partly Cloudy,0,6,False,False,False,False,True,0.2
2026-08-24T00:27:39Z,IL,IL00074IE011400005,40.6125,-89.245,73,Mostly Clear,0,7,False,False,False,False,True,0.2
2026-08-24T00:27:39Z,IL,IL00074IW006200004,40.8802,-90.0895,73,Mostly Clear,0,3,False,False,False,False,True,0.2
2026-08-24T00:27:39Z,IL,IL00070IW008700045,39.0679,-88.6704,75,Partly Cloudy,0,3,False,False,False,False,True,0.2
2026-08-24T00:27:39Z,IL,IL00057IS016500018,39.1993,-88.502,78,Mostly Clear,0,7,False,False,False,False,True,0.2
2026-08-24T00:27:39Z,IL,IL00074IW011400006,40.6111,-89.2323,73,Mostly Clear,0,7,False,False,False,False,True,0.2
2026-08-24T00:27:39Z,IL,IL00074IE006200001,40.8788,-90.0936,73,Mostly Clear,0,3,False,False,False,False,True,0.2
2026-08-24T00:27:39Z,IL,IL00070IW014900008,39.4228,-87.6617,78,Partly Cloudy,0,7,False,False,False,False,True,0.2
2026-08-24T00:27:39Z,IL,IL00057IN016500044,39.1898,-88.5031,77,Mostly Clear,0,6,False,False,False,False,True,0.2
2026-08-24T00:27:39Z,IL,IL00055IS010400024,39.8871,-89.5966,73,Mostly Clear,0,5,False,False,False,False,True,0.2
2026-08-24T00:27:39Z,IL,IL00057IS003200025,37.4699,-89.1329,79,Mostly Cloudy,0,2,False,False,False,False,True,0.2
2026-08-24T00:27:39Z,IL,IL00057IN003200035,37.4661,-89.1324,79,Mostly Cloudy,0,2,False,False,False,False,True,0.2
2026-08-24T00:27:39Z,IN,322,38.195,-87.8597,75,Partly Cloudy,0,3,False,False,False,False,True,0.2
2026-08-24T00:27:39Z,IN,317,38.5852,-85.7768,79,Partly Cloudy,0,5,False,False,False,False,True,0.2
2026-08-24T00:27:39Z,IN,316,38.5859,-85.7809,79,Partly Cloudy,0,5,False,False,False,False,True,0.2
2026-08-24T00:27:39Z,IN,315,39.2602,-85.9521,77,Partly Cloudy,0,3,False,False,False,False,True,0.2
2026-08-24T00:27:39Z,IN,314,39.2767,-85.9569,77,Partly Cloudy,0,2,False,False,False,False,True,0.2
2026-08-24T00:27:39Z,IN,313,40.1578,-86.5387,71,Mostly Clear,1,3,False,False,False,False,True,0.2
2026-08-24T00:27:39Z,IN,312,40.1722,-86.5522,71,Mostly Clear,1,3,False,False,False,False,True,0.2
2026-08-24T00:27:39Z,IN,311,40.6992,-87.0628,72,Mostly Clear,0,5,False,False,False,False,True,0.2
2026-08-24T00:27:39Z,IN,310,40.6984,-87.0646,72,Mostly Clear,0,5,False,False,False,False,True,0.2
2026-08-24T00:27:39Z,IN,308,41.1653,-87.271,71,Mostly Clear,0,5,False,False,False,False,True,0.2
2026-08-24T00:27:39Z,IN,309,41.1666,-87.2749,71,Mostly Clear,0,5,False,False,False,False,True,0.2
2026-08-24T00:27:39Z,IN,318,40.3543,-85.5576,68,Partly Cloudy,2,3,False,False,False,False,True,0.2
2026-08-24T00:27:39Z,IN,319,40.3569,-85.56,68,Partly Cloudy,2,3,False,False,False,False,True,0.2
2026-08-24T00:27:39Z,IN,320,41.2963,-85.0863,65,Mostly Clear,0,10,False,False,False,False,True,0.2
2026-08-24T00:27:39Z,IN,321,41.5803,-85.0597,67,Mostly Clear,6,15,False,False,False,False,True,0.2
2026-08-24T00:27:39Z,IN,300,39.4417,-87.5002,73,Partly Cloudy,0,1,False,False,False,False,True,0.2
2026-08-24T00:27:39Z,IN,302,39.6517,-86.3967,74,Partly Cloudy,1,8,False,False,False,False,True,0.2
2026-08-24T00:27:39Z,IN,301,39.6541,-86.4005,74,Partly Cloudy,1,8,False,False,False,False,True,0.2
2026-08-24T00:27:39Z,IN,303,39.8243,-85.7039,75,Mostly Cloudy,3,2,False,False,False,False,True,0.2
2026-08-24T00:27:39Z,IN,304,39.8266,-85.704,75,Mostly Cloudy,3,2,False,False,False,False,True,0.2
2026-08-24T00:27:39Z,IN,305,39.8605,-85.0259,69,Mostly Cloudy,13,6,False,False,False,False,True,0.2
2026-08-24T00:27:39Z,IN,323,39.29,-85.1688,69,Mostly Cloudy,10,3,False,False,False,False,True,0.2
2026-08-24T00:27:39Z,IN,702,41.7472,-85.3285,65,Mostly Clear,1,10,False,False,False,False,True,0.2
2026-08-24T00:27:39Z,IN,701,41.5889,-87.2173,69,Partly Cloudy,1,5,False,False,False,False,True,0.2
2026-08-24T00:27:39Z,IN,704,41.7058,-86.6212,66,Mostly Clear,4,5,False,False,False,False,True,0.2
2026-08-24T00:27:39Z,IN,703,41.7071,-86.6235,66,Mostly Clear,4,5,False,False,False,False,True,0.2
2026-08-24T00:27:39Z,IN,705,41.733,-86.0057,68,Mostly Clear,0,10,False,False,False,False,True,0.2
2026-08-24T00:27:39Z,IN,708,41.7472,-85.3285,65,Mostly Clear,1,10,False,False,False,False,True,0.2
2026-08-24T00:27:39Z,IN,707,41.7453,-85.3287,65,Mostly Clear,1,10,False,False,False,False,True,0.2
2026-08-24T00:27:39Z,IN,324,41.7353,-86.7933,68,Partly Cloudy,5,5,False,False,False,False,True,0.2
2026-08-24T00:27:39Z,KY,KY00065IS0000020N65WELCOM,36.6434,-86.5687,76,Partly Cloudy,0,5,False,False,False,False,False,0.0
2026-08-24T00:27:39Z,KY,KY00065IS000020NSMARATHON,36.6612,-86.5553,80,Mostly Clear,0,6,False,False,False,False,False,0.0
2026-08-24T00:27:39Z,KY,KY00065IS0000340NWEIGHS34,36.6868,-86.5379,81,Mostly Clear,0,6,False,False,False,False,False,0.0
2026-08-24T00:27:39Z,KY,KY00065IS0011400S65SRA114,37.9464,-85.6905,77,Partly Cloudy,0,6,False,False,False,False,False,0.0
2026-08-24T00:27:39Z,KY,KY00065IS0005900S65SRA059,37.239,-85.9297,76,Partly Cloudy,0,2,False,False,False,False,False,0.0
2026-08-24T00:27:39Z,KY,KY00065IS0005900N65NRA059,37.2384,-85.9271,76,Partly Cloudy,0,2,False,False,False,False,False,0.0
2026-08-24T00:27:39Z,KY,KY00075IS0003300NWEIGHS33,37.0422,-84.0968,73,Mostly Cloudy,0,3,False,False,False,False,False,0.0
2026-08-24T00:27:39Z,KY,KY00075IS0003400SWEIGHS34,37.048,-84.0997,78,Partly Cloudy,0,5,False,False,False,False,False,0.0
2026-08-24T00:27:39Z,KY,KY00075IS0017700N75NRA177,38.937,-84.6309,71,Partly Cloudy,10,6,False,False,False,False,False,0.0
2026-08-24T00:27:39Z,KY,KY00075IS0007500SWALTONWS,38.8653,-84.6476,76,Partly Cloudy,10,6,False,False,False,False,False,0.0
2026-08-24T00:27:39Z,KY,KY00075IS0017700S75SRA177,38.9388,-84.6339,71,Partly Cloudy,10,6,False,False,False,False,False,0.0
2026-08-24T00:27:39Z,KY,KY00075IS0016800SCRITENWS,38.8196,-84.6015,76,Partly Cloudy,10,6,False,False,False,False,False,0.0
2026-08-24T00:27:39Z,KY,KY00075IS0000100N75WELCOM,36.6162,-84.1054,75,Partly Cloudy,0,2,False,False,False,False,False,0.0
2026-08-24T00:27:43Z,IL,IL00057IN007900034,38.0297,-88.9203,78,Partly Cloudy,0,2,False,False,False,False,True,0.2
2026-08-24T00:27:43Z,IL,IL00057IS022200054,39.9314,-88.3043,73,Mostly Clear,0,6,False,False,False,False,True,0.2
2026-08-24T00:27:43Z,IL,IL00039IN008500036,41.7236,-89.0062,72,Mostly Clear,0,10,False,False,False,False,True,0.2
2026-08-24T00:27:43Z,IL,IL00055IS019400021,40.8371,-88.6833,73,Mostly Clear,0,5,False,False,False,False,True,0.2
2026-08-24T00:27:43Z,IL,IL00057IN022200048,39.9218,-88.299,73,Mostly Clear,0,6,False,False,False,False,True,0.2
2026-08-24T00:27:43Z,IL,IL00055IN006400027,39.3465,-89.6408,72,Partly Cloudy,0,5,False,False,False,False,True,0.2
2026-08-24T00:27:43Z,IL,IL00070IE002700042,38.7849,-89.7023,74,Partly Cloudy,0,5,False,False,False,False,True,0.2
2026-08-24T00:27:43Z,IL,IL00057IN026800032,40.5505,-88.0605,70,Mostly Clear,0,5,False,False,False,False,True,0.2
2026-08-24T00:27:43Z,IL,IL00064IW002500011,38.5491,-89.7633,78,Partly Cloudy,0,3,False,False,False,False,True,0.2
2026-08-24T00:27:43Z,IL,IL00024IW003700010,37.1593,-88.6798,75,Mostly Cloudy,0,2,False,False,False,False,True,0.2
2026-08-24T00:27:43Z,IL,IL00074IE002800030,41.2334,-90.333,75,Mostly Clear,0,5,False,False,False,False,True,0.2
2026-08-24T00:27:43Z,IL,IL00080IW005100013,41.3937,-89.5591,73,Mostly Clear,0,5,False,False,False,False,True,0.2
2026-08-24T00:27:43Z,IL,IL00055IN010400050,39.8627,-89.5948,75,Mostly Clear,0,7,False,False,False,False,True,0.2
2026-08-24T00:27:43Z,IL,IL00055IN002700029,38.8649,-89.8532,75,Partly Cloudy,0,6,False,False,False,False,True,0.2
2026-08-24T00:27:43Z,IL,IL00074IE015600037,40.2732,-88.6762,74,Mostly Clear,0,7,False,False,False,False,True,0.2
2026-08-24T00:27:43Z,IL,IL00072IE015200041,39.9923,-88.7827,72,Mostly Clear,0,7,False,False,False,False,True,0.2
2026-08-24T00:27:43Z,IL,IL00080IW011700016,41.4473,-88.3285,72,Mostly Clear,0,5,False,False,False,False,True,0.2
2026-08-24T00:27:43Z,IL,IL00057IS011400023,38.5965,-88.9677,74,Mostly Clear,0,3,False,False,False,False,True,0.2
2026-08-24T00:27:43Z,IL,IL00057IS033300046,41.3918,-87.7749,72,Clear,0,10,False,False,False,False,True,0.2
2026-08-24T00:27:43Z,IL,IL00057IS007900047,38.0962,-88.9138,77,Partly Cloudy,0,2,False,False,False,False,True,0.2
2026-08-24T00:27:43Z,IL,IL00072IW015200014,39.9888,-88.7852,72,Mostly Clear,0,7,False,False,False,False,True,0.2
2026-08-24T00:27:43Z,IL,IL00055IN014900028,40.3599,-89.1099,74,Mostly Clear,0,6,False,False,False,False,True,0.2
2026-08-24T00:27:43Z,IL,IL00074IW002800020,41.2141,-90.3308,75,Mostly Clear,0,5,False,False,False,False,True,0.2
2026-08-24T00:27:43Z,IL,IL00064IW008500012,38.2766,-88.8012,77,Partly Cloudy,0,2,False,False,False,False,True,0.2
2026-08-24T00:27:43Z,IL,IL00057IN033300049,41.3892,-87.7729,72,Clear,0,10,False,False,False,False,True,0.2
2026-08-24T00:27:43Z,IL,IL00039IS008500026,41.7285,-89.0105,72,Mostly Clear,0,10,False,False,False,False,True,0.2
2026-08-24T00:27:43Z,IL,IL00070IE008600051,39.0651,-88.6745,75,Partly Cloudy,0,3,False,False,False,False,True,0.2
2026-08-24T00:27:43Z,IL,IL00064IE002500038,38.5481,-89.7731,78,Partly Cloudy,0,3,False,False,False,False,True,0.2
2026-08-24T00:27:43Z,IL,IL00055IN019400031,40.8234,-88.6875,73,Mostly Clear,0,5,False,False,False,False,True,0.2
2026-08-24T00:27:43Z,IL,IL00080IE011700043,41.4314,-88.3454,74,Mostly Clear,0,10,False,False,False,False,True,0.2
2026-08-24T00:27:43Z,IL,IL00074IW015600009,40.2711,-88.6701,74,Mostly Clear,0,7,False,False,False,False,True,0.2
2026-08-24T00:27:43Z,IL,IL00057IN011400033,38.5963,-88.9638,74,Mostly Clear,0,3,False,False,False,False,True,0.2
2026-08-24T00:27:43Z,IL,IL00064IE008500039,38.273,-88.8496,74,Partly Cloudy,0,1,False,False,False,False,True,0.2
2026-08-24T00:27:43Z,IL,IL00055IS006400017,39.3523,-89.6447,72,Partly Cloudy,0,5,False,False,False,False,True,0.2
2026-08-24T00:27:43Z,IL,IL00057IS026800022,40.5613,-88.0615,70,Mostly Clear,0,5,False,False,False,False,True,0.2
2026-08-24T00:27:43Z,IL,IL00080IE005100040,41.3938,-89.5665,76,Partly Cloudy,0,5,False,False,False,False,True,0.2
2026-08-24T00:27:43Z,IL,IL00055IS002700019,38.8723,-89.8511,75,Partly Cloudy,0,6,False,False,False,False,True,0.2
2026-08-24T00:27:43Z,IL,IL00070IW002700015,38.7884,-89.6889,74,Partly Cloudy,0,3,False,False,False,False,True,0.2
2026-08-24T00:27:43Z,IL,IL00064IW013000053,38.2322,-87.9882,75,Partly Cloudy,0,2,False,False,False,False,True,0.2
2026-08-24T00:27:43Z,IL,IL00074IW020800052,40.1298,-87.7441,76,Partly Cloudy,0,6,False,False,False,False,True,0.2
2026-08-24T00:27:43Z,IL,IL00074IE011400005,40.6125,-89.245,73,Mostly Clear,0,7,False,False,False,False,True,0.2
2026-08-24T00:27:43Z,IL,IL00074IW006200004,40.8802,-90.0895,73,Mostly Clear,0,3,False,False,False,False,True,0.2
2026-08-24T00:27:43Z,IL,IL00070IW008700045,39.0679,-88.6704,75,Partly Cloudy,0,3,False,False,False,False,True,0.2
2026-08-24T00:27:43Z,IL,IL00057IS016500018,39.1993,-88.502,78,Mostly Clear,0,7,False,False,False,False,True,0.2
2026-08-24T00:27:43Z,IL,IL00074IW011400006,40.6111,-89.2323,73,Mostly Clear,0,7,False,False,False,False,True,0.2
2026-08-24T00:27:43Z,IL,IL00074IE006200001,40.8788,-90.0936,73,Mostly Clear,0,3,False,False,False,False,True,0.2
2026-08-24T00:27:43Z,IL,IL00070IW014900008,39.4228,-87.6617,78,Partly Cloudy,0,7,False,False,False,False,True,0.2
2026-08-24T00:27:43Z,IL,IL00057IN016500044,39.1898,-88.5031,77,Mostly Clear,0,6,False,False,False,False,True,0.2
2026-08-24T00:27:43Z,IL,IL00055IS010400024,39.8871,-89.5966,73,Mostly Clear,0,5,False,False,False,False,True,0.2
2026-08-24T00:27:43Z,IL,IL00057IS003200025,37.4699,-89.1329,79,Mostly Cloudy,0,2,False,False,False,False,True,0.2
2026-08-24T00:27:43Z,IL,IL00057IN003200035,37.4661,-89.1324,79,Mostly Cloudy,0,2,False,False,False,False,True,0.2
2026-08-24T00:27:43Z,IN,322,38.195,-87.8597,75,Partly Cloudy,0,3,False,False,False,False,True,0.2
2026-08-24T00:27:43Z,IN,317,38.5852,-85.7768,79,Partly Cloudy,0,5,False,False,False,False,True,0.2
2026-08-24T00:27:43Z,IN,316,38.5859,-85.7809,79,Partly Cloudy,0,5,False,False,False,False,True,0.2
2026-08-24T00:27:43Z,IN,315,39.2602,-85.9521,77,Partly Cloudy,0,3,False,False,False,False,True,0.2
2026-08-24T00:27:43Z,IN,314,39.2767,-85.9569,77,Partly Cloudy,0,2,False,False,False,False,True,0.2
2026-08-24T00:27:43Z,IN,313,40.1578,-86.5387,71,Mostly Clear,1,3,False,False,False,False,True,0.2
2026-08-24T00:27:43Z,IN,312,40.1722,-86.5522,71,Mostly Clear,1,3,False,False,False,False,True,0.2
2026-08-24T00:27:43Z,IN,311,40.6992,-87.0628,72,Mostly Clear,0,5,False,False,False,False,True,0.2
2026-08-24T00:27:43Z,IN,310,40.6984,-87.0646,72,Mostly Clear,0,5,False,False,False,False,True,0.2
2026-08-24T00:27:43Z,IN,308,41.1653,-87.271,71,Mostly Clear,0,5,False,False,False,False,True,0.2
2026-08-24T00:27:43Z,IN,309,41.1666,-87.2749,71,Mostly Clear,0,5,False,False,False,False,True,0.2
2026-08-24T00:27:43Z,IN,318,40.3543,-85.5576,68,Partly Cloudy,2,3,False,False,False,False,True,0.2
2026-08-24T00:27:43Z,IN,319,40.3569,-85.56,68,Partly Cloudy,2,3,False,False,False,False,True,0.2
2026-08-24T00:27:43Z,IN,320,41.2963,-85.0863,65,Mostly Clear,0,10,False,False,False,False,True,0.2
2026-08-24T00:27:43Z,IN,321,41.5803,-85.0597,67,Mostly Clear,6,15,False,False,False,False,True,0.2
2026-08-24T00:27:43Z,IN,300,39.4417,-87.5002,73,Partly Cloudy,0,1,False,False,False,False,True,0.2
2026-08-24T00:27:43Z,IN,302,39.6517,-86.3967,74,Partly Cloudy,1,8,False,False,False,False,True,0.2
2026-08-24T00:27:43Z,IN,301,39.6541,-86.4005,74,Partly Cloudy,1,8,False,False,False,False,True,0.2
2026-08-24T00:27:43Z,IN,303,39.8243,-85.7039,75,Mostly Cloudy,3,2,False,False,False,False,True,0.2
2026-08-24T00:27:43Z,IN,304,39.8266,-85.704,75,Mostly Cloudy,3,2,False,False,False,False,True,0.2
2026-08-24T00:27:43Z,IN,305,39.8605,-85.0259,69,Mostly Cloudy,13,6,False,False,False,False,True,0.2
2026-08-24T00:27:43Z,IN,323,39.29,-85.1688,69,Mostly Cloudy,10,3,False,False,False,False,True,0.2
2026-08-24T00:27:43Z,IN,702,41.7472,-85.3285,65,Mostly Clear,1,10,False,False,False,False,True,0.2
2026-08-24T00:27:43Z,IN,701,41.5889,-87.2173,71,Partly Cloudy,0,10,False,False,False,False,True,0.2
2026-08-24T00:27:43Z,IN,704,41.7058,-86.6212,66,Mostly Clear,4,5,False,False,False,False,True,0.2
2026-08-24T00:27:43Z,IN,703,41.7071,-86.6235,66,Mostly Clear,4,5,False,False,False,False,True,0.2
2026-08-24T00:27:43Z,IN,705,41.733,-86.0057,68,Mostly Clear,0,10,False,False,False,False,True,0.2
2026-08-24T00:27:43Z,IN,708,41.7472,-85.3285,65,Mostly Clear,1,10,False,False,False,False,True,0.2
2026-08-24T00:27:43Z,IN,707,41.7453,-85.3287,65,Mostly Clear,1,10,False,False,False,False,True,0.2
2026-08-24T00:27:43Z,IN,324,41.7353,-86.7933,68,Partly Cloudy,5,5,False,False,False,False,True,0.2
2026-08-24T00:27:43Z,KY,KY00065IS0000020N65WELCOM,36.6434,-86.5687,76,Partly Cloudy,0,5,False,False,False,False,False,0.0
2026-08-24T00:27:43Z,KY,KY00065IS000020NSMARATHON,36.6612,-86.5553,80,Mostly Clear,0,6,False,False,False,False,False,0.0
2026-08-24T00:27:43Z,KY,KY00065IS0000340NWEIGHS34,36.6868,-86.5379,81,Mostly Clear,0,6,False,False,False,False,False,0.0
2026-08-24T00:27:43Z,KY,KY00065IS0011400S65SRA114,37.9464,-85.6905,77,Partly Cloudy,0,6,False,False,False,False,False,0.0
2026-08-24T00:27:43Z,KY,KY00065IS0005900S65SRA059,37.239,-85.9297,76,Partly Cloudy,0,2,False,False,False,False,False,0.0
2026-08-24T00:27:43Z,KY,KY00065IS0005900N65NRA059,37.2384,-85.9271,76,Partly Cloudy,0,2,False,False,False,False,False,0.0
2026-08-24T00:27:43Z,KY,KY00075IS0003300NWEIGHS33,37.0422,-84.0968,73,Mostly Cloudy,0,3,False,False,False,False,False,0.0
2026-08-24T00:27:43Z,KY,KY00075IS0003400SWEIGHS34,37.048,-84.0997,78,Partly Cloudy,0,5,False,False,False,False,False,0.0
2026-08-24T00:27:43Z,KY,KY00075IS0017700N75NRA177,38.937,-84.6309,71,Partly Cloudy,10,6,False,False,False,False,False,0.0
2026-08-24T00:27:43Z,KY,KY00075IS0007500SWALTONWS,38.8653,-84.6476,71,Partly Cloudy,10,5,False,False,False,False,False,0.0
2026-08-24T00:27:43Z,KY,KY00075IS0017700S75SRA177,38.9388,-84.6339,71,Partly Cloudy,10,6,False,False,False,False,False,0.0
2026-08-24T00:27:43Z,KY,KY00075IS0016800SCRITENWS,38.8196,-84.6015,76,Partly Cloudy,10,6,False,False,False,False,False,0.0
2026-08-24T00:27:43Z,KY,KY00075IS0000100N75WELCOM,36.6162,-84.1054,75,Partly Cloudy,0,2,False,False,False,False,False,0.0
2026-08-24T00:27:48Z,IL,IL00057IN007900034,38.0297,-88.9203,78,Partly Cloudy,0,2,False,False,False,False,True,0.2
2026-08-24T00:27:48Z,IL,IL00057IS022200054,39.9314,-88.3043,73,Mostly Clear,0,6,False,False,False,False,True,0.2
2026-08-24T00:27:48Z,IL,IL00039IN008500036,41.7236,-89.0062,72,Mostly Clear,0,10,False,False,False,False,True,0.2
2026-08-24T00:27:48Z,IL,IL00055IS019400021,40.8371,-88.6833,73,Mostly Clear,0,5,False,False,False,False,True,0.2
2026-08-24T00:27:48Z,IL,IL00057IN022200048,39.9218,-88.299,73,Mostly Clear,0,6,False,False,False,False,True,0.2
2026-08-24T00:27:48Z,IL,IL00055IN006400027,39.3465,-89.6408,72,Partly Cloudy,0,5,False,False,False,False,True,0.2
2026-08-24T00:27:48Z,IL,IL00070IE002700042,38.7849,-89.7023,74,Partly Cloudy,0,5,False,False,False,False,True,0.2
2026-08-24T00:27:48Z,IL,IL00057IN026800032,40.5505,-88.0605,70,Mostly Clear,0,5,False,False,False,False,True,0.2
2026-08-24T00:27:48Z,IL,IL00064IW002500011,38.5491,-89.7633,78,Partly Cloudy,0,3,False,False,False,False,True,0.2
2026-08-24T00:27:48Z,IL,IL00024IW003700010,37.1593,-88.6798,75,Mostly Cloudy,0,2,False,False,False,False,True,0.2
2026-08-24T00:27:48Z,IL,IL00074IE002800030,41.2334,-90.333,75,Mostly Clear,0,5,False,False,False,False,True,0.2
2026-08-24T00:27:48Z,IL,IL00080IW005100013,41.3937,-89.5591,73,Mostly Clear,0,5,False,False,False,False,True,0.2
2026-08-24T00:27:48Z,IL,IL00055IN010400050,39.8627,-89.5948,75,Mostly Clear,0,7,False,False,False,False,True,0.2
2026-08-24T00:27:48Z,IL,IL00055IN002700029,38.8649,-89.8532,75,Partly Cloudy,0,6,False,False,False,False,True,0.2
2026-08-24T00:27:48Z,IL,IL00074IE015600037,40.2732,-88.6762,74,Mostly Clear,0,7,False,False,False,False,True,0.2
2026-08-24T00:27:48Z,IL,IL00072IE015200041,39.9923,-88.7827,72,Mostly Clear,0,7,False,False,False,False,True,0.2
2026-08-24T00:27:48Z,IL,IL00080IW011700016,41.4473,-88.3285,72,Mostly Clear,0,5,False,False,False,False,True,0.2
2026-08-24T00:27:48Z,IL,IL00057IS011400023,38.5965,-88.9677,74,Mostly Clear,0,3,False,False,False,False,True,0.2
2026-08-24T00:27:48Z,IL,IL00057IS033300046,41.3918,-87.7749,72,Clear,0,10,False,False,False,False,True,0.2
2026-08-24T00:27:48Z,IL,IL00057IS007900047,38.0962,-88.9138,77,Partly Cloudy,0,2,False,False,False,False,True,0.2
2026-08-24T00:27:48Z,IL,IL00072IW015200014,39.9888,-88.7852,72,Mostly Clear,0,7,False,False,False,False,True,0.2
2026-08-24T00:27:48Z,IL,IL00055IN014900028,40.3599,-89.1099,74,Mostly Clear,0,6,False,False,False,False,True,0.2
2026-08-24T00:27:48Z,IL,IL00074IW002800020,41.2141,-90.3308,75,Mostly Clear,0,5,False,False,False,False,True,0.2
2026-08-24T00:27:48Z,IL,IL00064IW008500012,38.2766,-88.8012,77,Partly Cloudy,0,2,False,False,False,False,True,0.2
2026-08-24T00:27:48Z,IL,IL00057IN033300049,41.3892,-87.7729,72,Clear,0,10,False,False,False,False,True,0.2
2026-08-24T00:27:48Z,IL,IL00039IS008500026,41.7285,-89.0105,72,Mostly Clear,0,10,False,False,False,False,True,0.2
2026-08-24T00:27:48Z,IL,IL00070IE008600051,39.0651,-88.6745,75,Partly Cloudy,0,3,False,False,False,False,True,0.2
2026-08-24T00:27:48Z,IL,IL00064IE002500038,38.5481,-89.7731,78,Partly Cloudy,0,3,False,False,False,False,True,0.2
2026-08-24T00:27:48Z,IL,IL00055IN019400031,40.8234,-88.6875,73,Mostly Clear,0,5,False,False,False,False,True,0.2
2026-08-24T00:27:48Z,IL,IL00080IE011700043,41.4314,-88.3454,74,Mostly Clear,0,10,False,False,False,False,True,0.2
2026-08-24T00:27:48Z,IL,IL00074IW015600009,40.2711,-88.6701,74,Mostly Clear,0,7,False,False,False,False,True,0.2
2026-08-24T00:27:48Z,IL,IL00057IN011400033,38.5963,-88.9638,74,Mostly Clear,0,3,False,False,False,False,True,0.2
2026-08-24T00:27:48Z,IL,IL00064IE008500039,38.273,-88.8496,74,Partly Cloudy,0,1,False,False,False,False,True,0.2
2026-08-24T00:27:48Z,IL,IL00055IS006400017,39.3523,-89.6447,72,Partly Cloudy,0,5,False,False,False,False,True,0.2
2026-08-24T00:27:48Z,IL,IL00057IS026800022,40.5613,-88.0615,70,Mostly Clear,0,5,False,False,False,False,True,0.2
2026-08-24T00:27:48Z,IL,IL00080IE005100040,41.3938,-89.5665,76,Partly Cloudy,0,5,False,False,False,False,True,0.2
2026-08-24T00:27:48Z,IL,IL00055IS002700019,38.8723,-89.8511,75,Partly Cloudy,0,6,False,False,False,False,True,0.2
2026-08-24T00:27:48Z,IL,IL00070IW002700015,38.7884,-89.6889,74,Partly Cloudy,0,3,False,False,False,False,True,0.2
2026-08-24T00:27:48Z,IL,IL00064IW013000053,38.2322,-87.9882,75,Partly Cloudy,0,2,False,False,False,False,True,0.2
2026-08-24T00:27:48Z,IL,IL00074IW020800052,40.1298,-87.7441,76,Partly Cloudy,0,6,False,False,False,False,True,0.2
2026-08-24T00:27:48Z,IL,IL00074IE011400005,40.6125,-89.245,73,Mostly Clear,0,7,False,False,False,False,True,0.2
2026-08-24T00:27:48Z,IL,IL00074IW006200004,40.8802,-90.0895,73,Mostly Clear,0,3,False,False,False,False,True,0.2
2026-08-24T00:27:48Z,IL,IL00070IW008700045,39.0679,-88.6704,75,Partly Cloudy,0,3,False,False,False,False,True,0.2
2026-08-24T00:27:48Z,IL,IL00057IS016500018,39.1993,-88.502,78,Mostly Clear,0,7,False,False,False,False,True,0.2
2026-08-24T00:27:48Z,IL,IL00074IW011400006,40.6111,-89.2323,73,Mostly Clear,0,7,False,False,False,False,True,0.2
2026-08-24T00:27:48Z,IL,IL00074IE006200001,40.8788,-90.0936,73,Mostly Clear,0,3,False,False,False,False,True,0.2
2026-08-24T00:27:48Z,IL,IL00070IW014900008,39.4228,-87.6617,78,Partly Cloudy,0,7,False,False,False,False,True,0.2
2026-08-24T00:27:48Z,IL,IL00057IN016500044,39.1898,-88.5031,77,Mostly Clear,0,6,False,False,False,False,True,0.2
2026-08-24T00:27:48Z,IL,IL00055IS010400024,39.8871,-89.5966,73,Mostly Clear,0,5,False,False,False,False,True,0.2
2026-08-24T00:27:48Z,IL,IL00057IS003200025,37.4699,-89.1329,79,Mostly Cloudy,0,2,False,False,False,False,True,0.2
2026-08-24T00:27:48Z,IL,IL00057IN003200035,37.4661,-89.1324,79,Mostly Cloudy,0,2,False,False,False,False,True,0.2
2026-08-24T00:27:48Z,IN,322,38.195,-87.8597,75,Partly Cloudy,0,3,False,False,False,False,True,0.2
2026-08-24T00:27:48Z,IN,317,38.5852,-85.7768,79,Partly Cloudy,0,5,False,False,False,False,True,0.2
2026-08-24T00:27:48Z,IN,316,38.5859,-85.7809,79,Partly Cloudy,0,5,False,False,False,False,True,0.2
2026-08-24T00:27:48Z,IN,315,39.2602,-85.9521,77,Partly Cloudy,0,3,False,False,False,False,True,0.2
2026-08-24T00:27:48Z,IN,314,39.2767,-85.9569,77,Partly Cloudy,0,2,False,False,False,False,True,0.2
2026-08-24T00:27:48Z,IN,313,40.1578,-86.5387,71,Mostly Clear,1,3,False,False,False,False,True,0.2
2026-08-24T00:27:48Z,IN,312,40.1722,-86.5522,71,Mostly Clear,1,3,False,False,False,False,True,0.2
2026-08-24T00:27:48Z,IN,311,40.6992,-87.0628,72,Mostly Clear,0,5,False,False,False,False,True,0.2
2026-08-24T00:27:48Z,IN,310,40.6984,-87.0646,72,Mostly Clear,0,5,False,False,False,False,True,0.2
2026-08-24T00:27:48Z,IN,308,41.1653,-87.271,71,Mostly Clear,0,5,False,False,False,False,True,0.2
2026-08-24T00:27:48Z,IN,309,41.1666,-87.2749,71,Mostly Clear,0,5,False,False,False,False,True,0.2
2026-08-24T00:27:48Z,IN,318,40.3543,-85.5576,68,Partly Cloudy,2,3,False,False,False,False,True,0.2
2026-08-24T00:27:48Z,IN,319,40.3569,-85.56,68,Partly Cloudy,2,3,False,False,False,False,True,0.2
2026-08-24T00:27:48Z,IN,320,41.2963,-85.0863,65,Mostly Clear,0,10,False,False,False,False,True,0.2
2026-08-24T00:27:48Z,IN,321,41.5803,-85.0597,67,Mostly Clear,6,15,False,False,False,False,True,0.2
2026-08-24T00:27:48Z,IN,300,39.4417,-87.5002,73,Partly Cloudy,0,1,False,False,False,False,True,0.2
2026-08-24T00:27:48Z,IN,302,39.6517,-86.3967,74,Partly Cloudy,1,8,False,False,False,False,True,0.2
2026-08-24T00:27:48Z,IN,301,39.6541,-86.4005,74,Partly Cloudy,1,8,False,False,False,False,True,0.2
2026-08-24T00:27:48Z,IN,303,39.8243,-85.7039,75,Mostly Cloudy,3,2,False,False,False,False,True,0.2
2026-08-24T00:27:48Z,IN,304,39.8266,-85.704,75,Mostly Cloudy,3,2,False,False,False,False,True,0.2
2026-08-24T00:27:48Z,IN,305,39.8605,-85.0259,69,Mostly Cloudy,13,6,False,False,False,False,True,0.2
2026-08-24T00:27:48Z,IN,323,39.29,-85.1688,69,Mostly Cloudy,10,3,False,False,False,False,True,0.2
2026-08-24T00:27:48Z,IN,702,41.7472,-85.3285,65,Mostly Clear,1,10,False,False,False,False,True,0.2
2026-08-24T00:27:48Z,IN,701,41.5889,-87.2173,71,Partly Cloudy,0,10,False,False,False,False,True,0.2
2026-08-24T00:27:48Z,IN,704,41.7058,-86.6212,66,Mostly Clear,4,5,False,False,False,False,True,0.2
2026-08-24T00:27:48Z,IN,703,41.7071,-86.6235,66,Mostly Clear,4,5,False,False,False,False,True,0.2
2026-08-24T00:27:48Z,IN,705,41.733,-86.0057,68,Mostly Clear,0,10,False,False,False,False,True,0.2
2026-08-24T00:27:48Z,IN,708,41.7472,-85.3285,65,Mostly Clear,1,10,False,False,False,False,True,0.2
2026-08-24T00:27:48Z,IN,707,41.7453,-85.3287,65,Mostly Clear,1,10,False,False,False,False,True,0.2
2026-08-24T00:27:48Z,IN,324,41.7353,-86.7933,68,Partly Cloudy,5,5,False,False,False,False,True,0.2
2026-08-24T00:27:48Z,KY,KY00065IS0000020N65WELCOM,36.6434,-86.5687,76,Partly Cloudy,0,5,False,False,False,False,False,0.0
2026-08-24T00:27:48Z,KY,KY00065IS000020NSMARATHON,36.6612,-86.5553,80,Mostly Clear,0,6,False,False,False,False,False,0.0
2026-08-24T00:27:48Z,KY,KY00065IS0000340NWEIGHS34,36.6868,-86.5379,81,Mostly Clear,0,6,False,False,False,False,False,0.0
2026-08-24T00:27:48Z,KY,KY00065IS0011400S65SRA114,37.9464,-85.6905,77,Partly Cloudy,0,6,False,False,False,False,False,0.0
2026-08-24T00:27:48Z,KY,KY00065IS0005900S65SRA059,37.239,-85.9297,76,Partly Cloudy,0,2,False,False,False,False,False,0.0
2026-08-24T00:27:48Z,KY,KY00065IS0005900N65NRA059,37.2384,-85.9271,76,Partly Cloudy,0,2,False,False,False,False,False,0.0
2026-08-24T00:27:48Z,KY,KY00075IS0003300NWEIGHS33,37.0422,-84.0968,73,Mostly Cloudy,0,3,False,False,False,False,False,0.0
2026-08-24T00:27:48Z,KY,KY00075IS0003400SWEIGHS34,37.048,-84.0997,78,Partly Cloudy,0,5,False,False,False,False,False,0.0
2026-08-24T00:27:48Z,KY,KY00075IS0017700N75NRA177,38.937,-84.6309,71,Partly Cloudy,10,6,False,False,False,False,False,0.0
2026-08-24T00:27:48Z,KY,KY00075IS0007500SWALTONWS,38.8653,-84.6476,76,Partly Cloudy,10,6,False,False,False,False,False,0.0
2026-08-24T00:27:48Z,KY,KY00075IS0017700S75SRA177,38.9388,-84.6339,71,Partly Cloudy,10,6,False,False,False,False,False,0.0
2026-08-24T00:27:48Z,KY,KY00075IS0016800SCRITENWS,38.8196,-84.6015,76,Partly Cloudy,10,6,False,False,False,False,False,0.0
2026-08-24T00:27:48Z,KY,KY00075IS0000100N75WELCOM,36.6162,-84.1054,75,Partly Cloudy,0,2,False,False,False,False,False,0.0
2026-08-24T00:27:52Z,IL,IL00057IN007900034,38.0297,-88.9203,78,Partly Cloudy,0,2,False,False,False,False,True,0.2
2026-08-24T00:27:52Z,IL,IL00057IS022200054,39.9314,-88.3043,73,Mostly Clear,0,6,False,False,False,False,True,0.2
2026-08-24T00:27:52Z,IL,IL00039IN008500036,41.7236,-89.0062,72,Mostly Clear,0,10,False,False,False,False,True,0.2
2026-08-24T00:27:52Z,IL,IL00055IS019400021,40.8371,-88.6833,73,Mostly Clear,0,5,False,False,False,False,True,0.2
2026-08-24T00:27:52Z,IL,IL00057IN022200048,39.9218,-88.299,73,Mostly Clear,0,6,False,False,False,False,True,0.2
2026-08-24T00:27:52Z,IL,IL00055IN006400027,39.3465,-89.6408,72,Partly Cloudy,0,5,False,False,False,False,True,0.2
2026-08-24T00:27:52Z,IL,IL00070IE002700042,38.7849,-89.7023,74,Partly Cloudy,0,5,False,False,False,False,True,0.2
2026-08-24T00:27:52Z,IL,IL00057IN026800032,40.5505,-88.0605,70,Mostly Clear,0,5,False,False,False,False,True,0.2
2026-08-24T00:27:52Z,IL,IL00064IW002500011,38.5491,-89.7633,78,Partly Cloudy,0,3,False,False,False,False,True,0.2
2026-08-24T00:27:52Z,IL,IL00024IW003700010,37.1593,-88.6798,75,Mostly Cloudy,0,2,False,False,False,False,True,0.2
2026-08-24T00:27:52Z,IL,IL00074IE002800030,41.2334,-90.333,75,Mostly Clear,0,5,False,False,False,False,True,0.2
2026-08-24T00:27:52Z,IL,IL00080IW005100013,41.3937,-89.5591,73,Mostly Clear,0,5,False,False,False,False,True,0.2
2026-08-24T00:27:52Z,IL,IL00055IN010400050,39.8627,-89.5948,75,Mostly Clear,0,7,False,False,False,False,True,0.2
2026-08-24T00:27:52Z,IL,IL00055IN002700029,38.8649,-89.8532,75,Partly Cloudy,0,6,False,False,False,False,True,0.2
2026-08-24T00:27:52Z,IL,IL00074IE015600037,40.2732,-88.6762,74,Mostly Clear,0,7,False,False,False,False,True,0.2
2026-08-24T00:27:52Z,IL,IL00072IE015200041,39.9923,-88.7827,72,Mostly Clear,0,7,False,False,False,False,True,0.2
2026-08-24T00:27:52Z,IL,IL00080IW011700016,41.4473,-88.3285,72,Mostly Clear,0,5,False,False,False,False,True,0.2
2026-08-24T00:27:52Z,IL,IL00057IS011400023,38.5965,-88.9677,74,Mostly Clear,0,3,False,False,False,False,True,0.2
2026-08-24T00:27:52Z,IL,IL00057IS033300046,41.3918,-87.7749,72,Clear,0,10,False,False,False,False,True,0.2
2026-08-24T00:27:52Z,IL,IL00057IS007900047,38.0962,-88.9138,77,Partly Cloudy,0,2,False,False,False,False,True,0.2
2026-08-24T00:27:52Z,IL,IL00072IW015200014,39.9888,-88.7852,72,Mostly Clear,0,7,False,False,False,False,True,0.2
2026-08-24T00:27:52Z,IL,IL00055IN014900028,40.3599,-89.1099,74,Mostly Clear,0,6,False,False,False,False,True,0.2
2026-08-24T00:27:52Z,IL,IL00074IW002800020,41.2141,-90.3308,75,Mostly Clear,0,5,False,False,False,False,True,0.2
2026-08-24T00:27:52Z,IL,IL00064IW008500012,38.2766,-88.8012,77,Partly Cloudy,0,2,False,False,False,False,True,0.2
2026-08-24T00:27:52Z,IL,IL00057IN033300049,41.3892,-87.7729,72,Clear,0,10,False,False,False,False,True,0.2
2026-08-24T00:27:52Z,IL,IL00039IS008500026,41.7285,-89.0105,72,Mostly Clear,0,10,False,False,False,False,True,0.2
2026-08-24T00:27:52Z,IL,IL00070IE008600051,39.0651,-88.6745,75,Partly Cloudy,0,3,False,False,False,False,True,0.2
2026-08-24T00:27:52Z,IL,IL00064IE002500038,38.5481,-89.7731,78,Partly Cloudy,0,3,False,False,False,False,True,0.2
2026-08-24T00:27:52Z,IL,IL00055IN019400031,40.8234,-88.6875,73,Mostly Clear,0,5,False,False,False,False,True,0.2
2026-08-24T00:27:52Z,IL,IL00080IE011700043,41.4314,-88.3454,74,Mostly Clear,0,10,False,False,False,False,True,0.2
2026-08-24T00:27:52Z,IL,IL00074IW015600009,40.2711,-88.6701,74,Mostly Clear,0,7,False,False,False,False,True,0.2
2026-08-24T00:27:52Z,IL,IL00057IN011400033,38.5963,-88.9638,74,Mostly Clear,0,3,False,False,False,False,True,0.2
2026-08-24T00:27:52Z,IL,IL00064IE008500039,38.273,-88.8496,74,Partly Cloudy,0,1,False,False,False,False,True,0.2
2026-08-24T00:27:52Z,IL,IL00055IS006400017,39.3523,-89.6447,72,Partly Cloudy,0,5,False,False,False,False,True,0.2
2026-08-24T00:27:52Z,IL,IL00057IS026800022,40.5613,-88.0615,70,Mostly Clear,0,5,False,False,False,False,True,0.2
2026-08-24T00:27:52Z,IL,IL00080IE005100040,41.3938,-89.5665,76,Partly Cloudy,0,5,False,False,False,False,True,0.2
2026-08-24T00:27:52Z,IL,IL00055IS002700019,38.8723,-89.8511,75,Partly Cloudy,0,6,False,False,False,False,True,0.2
2026-08-24T00:27:52Z,IL,IL00070IW002700015,38.7884,-89.6889,74,Partly Cloudy,0,3,False,False,False,False,True,0.2
2026-08-24T00:27:52Z,IL,IL00064IW013000053,38.2322,-87.9882,75,Partly Cloudy,0,2,False,False,False,False,True,0.2
2026-08-24T00:27:52Z,IL,IL00074IW020800052,40.1298,-87.7441,76,Partly Cloudy,0,6,False,False,False,False,True,0.2
2026-08-24T00:27:52Z,IL,IL00074IE011400005,40.6125,-89.245,73,Mostly Clear,0,7,False,False,False,False,True,0.2
2026-08-24T00:27:52Z,IL,IL00074IW006200004,40.8802,-90.0895,73,Mostly Clear,0,3,False,False,False,False,True,0.2
2026-08-24T00:27:52Z,IL,IL00070IW008700045,39.0679,-88.6704,75,Partly Cloudy,0,3,False,False,False,False,True,0.2
2026-08-24T00:27:52Z,IL,IL00057IS016500018,39.1993,-88.502,78,Mostly Clear,0,7,False,False,False,False,True,0.2
2026-08-24T00:27:52Z,IL,IL00074IW011400006,40.6111,-89.2323,73,Mostly Clear,0,7,False,False,False,False,True,0.2
2026-08-24T00:27:52Z,IL,IL00074IE006200001,40.8788,-90.0936,73,Mostly Clear,0,3,False,False,False,False,True,0.2
2026-08-24T00:27:52Z,IL,IL00070IW014900008,39.4228,-87.6617,78,Partly Cloudy,0,7,False,False,False,False,True,0.2
2026-08-24T00:27:52Z,IL,IL00057IN016500044,39.1898,-88.5031,77,Mostly Clear,0,6,False,False,False,False,True,0.2
2026-08-24T00:27:52Z,IL,IL00055IS010400024,39.8871,-89.5966,73,Mostly Clear,0,5,False,False,False,False,True,0.2
2026-08-24T00:27:52Z,IL,IL00057IS003200025,37.4699,-89.1329,79,Mostly Cloudy,0,2,False,False,False,False,True,0.2
2026-08-24T00:27:52Z,IL,IL00057IN003200035,37.4661,-89.1324,79,Mostly Cloudy,0,2,False,False,False,False,True,0.2
2026-08-24T00:27:52Z,IN,322,38.195,-87.8597,75,Partly Cloudy,0,3,False,False,False,False,True,0.2
2026-08-24T00:27:52Z,IN,317,38.5852,-85.7768,79,Partly Cloudy,0,5,False,False,False,False,True,0.2
2026-08-24T00:27:52Z,IN,316,38.5859,-85.7809,79,Partly Cloudy,0,5,False,False,False,False,True,0.2
2026-08-24T00:27:52Z,IN,315,39.2602,-85.9521,77,Partly Cloudy,0,3,False,False,False,False,True,0.2
2026-08-24T00:27:52Z,IN,314,39.2767,-85.9569,77,Partly Cloudy,0,2,False,False,False,False,True,0.2
2026-08-24T00:27:52Z,IN,313,40.1578,-86.5387,71,Mostly Clear,1,3,False,False,False,False,True,0.2
2026-08-24T00:27:52Z,IN,312,40.1722,-86.5522,71,Mostly Clear,1,3,False,False,False,False,True,0.2
2026-08-24T00:27:52Z,IN,311,40.6992,-87.0628,72,Mostly Clear,0,5,False,False,False,False,True,0.2
2026-08-24T00:27:52Z,IN,310,40.6984,-87.0646,72,Mostly Clear,0,5,False,False,False,False,True,0.2
2026-08-24T00:27:52Z,IN,308,41.1653,-87.271,71,Mostly Clear,0,5,False,False,False,False,True,0.2
2026-08-24T00:27:52Z,IN,309,41.1666,-87.2749,71,Mostly Clear,0,5,False,False,False,False,True,0.2
2026-08-24T00:27:52Z,IN,318,40.3543,-85.5576,68,Partly Cloudy,2,3,False,False,False,False,True,0.2
2026-08-24T00:27:52Z,IN,319,40.3569,-85.56,68,Partly Cloudy,2,3,False,False,False,False,True,0.2
2026-08-24T00:27:52Z,IN,320,41.2963,-85.0863,65,Mostly Clear,0,10,False,False,False,False,True,0.2
2026-08-24T00:27:52Z,IN,321,41.5803,-85.0597,67,Mostly Clear,6,15,False,False,False,False,True,0.2
2026-08-24T00:27:52Z,IN,300,39.4417,-87.5002,73,Partly Cloudy,0,1,False,False,False,False,True,0.2
2026-08-24T00:27:52Z,IN,302,39.6517,-86.3967,74,Partly Cloudy,1,8,False,False,False,False,True,0.2
2026-08-24T00:27:52Z,IN,301,39.6541,-86.4005,74,Partly Cloudy,1,8,False,False,False,False,True,0.2
2026-08-24T00:27:52Z,IN,303,39.8243,-85.7039,75,Mostly Cloudy,3,2,False,False,False,False,True,0.2
2026-08-24T00:27:52Z,IN,304,39.8266,-85.704,75,Mostly Cloudy,3,2,False,False,False,False,True,0.2
2026-08-24T00:27:52Z,IN,305,39.8605,-85.0259,69,Mostly Cloudy,13,6,False,False,False,False,True,0.2
2026-08-24T00:27:52Z,IN,323,39.29,-85.1688,69,Mostly Cloudy,10,3,False,False,False,False,True,0.2
2026-08-24T00:27:52Z,IN,702,41.7472,-85.3285,65,Mostly Clear,1,10,False,False,False,False,True,0.2
2026-08-24T00:27:52Z,IN,701,41.5889,-87.2173,69,Partly Cloudy,1,5,False,False,False,False,True,0.2
2026-08-24T00:27:52Z,IN,704,41.7058,-86.6212,66,Mostly Clear,4,5,False,False,False,False,True,0.2
2026-08-24T00:27:52Z,IN,703,41.7071,-86.6235,66,Mostly Clear,4,5,False,False,False,False,True,0.2
2026-08-24T00:27:52Z,IN,705,41.733,-86.0057,68,Mostly Clear,0,10,False,False,False,False,True,0.2
2026-08-24T00:27:52Z,IN,708,41.7472,-85.3285,65,Mostly Clear,1,10,False,False,False,False,True,0.2
2026-08-24T00:27:52Z,IN,707,41.7453,-85.3287,65,Mostly Clear,1,10,False,False,False,False,True,0.2
2026-08-24T00:27:52Z,IN,324,41.7353,-86.7933,68,Partly Cloudy,5,5,False,False,False,False,True,0.2
2026-08-24T00:27:52Z,KY,KY00065IS0000020N65WELCOM,36.6434,-86.5687,76,Partly Cloudy,0,5,False,False,False,False,False,0.0
2026-08-24T00:27:52Z,KY,KY00065IS000020NSMARATHON,36.6612,-86.5553,80,Mostly Clear,0,6,False,False,False,False,False,0.0
2026-08-24T00:27:52Z,KY,KY00065IS0000340NWEIGHS34,36.6868,-86.5379,81,Mostly Clear,0,6,False,False,False,False,False,0.0
2026-08-24T00:27:52Z,KY,KY00065IS0011400S65SRA114,37.9464,-85.6905,77,Partly Cloudy,0,6,False,False,False,False,False,0.0
2026-08-24T00:27:52Z,KY,KY00065IS0005900S65SRA059,37.239,-85.9297,76,Partly Cloudy,0,2,False,False,False,False,False,0.0
2026-08-24T00:27:52Z,KY,KY00065IS0005900N65NRA059,37.2384,-85.9271,76,Partly Cloudy,0,2,False,False,False,False,False,0.0
2026-08-24T00:27:52Z,KY,KY00075IS0003300NWEIGHS33,37.0422,-84.0968,73,Mostly Cloudy,0,3,False,False,False,False,False,0.0
2026-08-24T00:27:52Z,KY,KY00075IS0003400SWEIGHS34,37.048,-84.0997,78,Partly Cloudy,0,5,False,False,False,False,False,0.0
2026-08-24T00:27:52Z,KY,KY00075IS0017700N75NRA177,38.937,-84.6309,71,Partly Cloudy,10,6,False,False,False,False,False,0.0
2026-08-24T00:27:52Z,KY,KY00075IS0007500SWALTONWS,38.8653,-84.6476,71,Partly Cloudy,10,5,False,False,False,False,False,0.0
2026-08-24T00:27:52Z,KY,KY00075IS0017700S75SRA177,38.9388,-84.6339,71,Partly Cloudy,10,6,False,False,False,False,False,0.0
2026-08-24T00:27:52Z,KY,KY00075IS0016800SCRITENWS,38.8196,-84.6015,76,Partly Cloudy,10,6,False,False,False,False,False,0.0
2026-08-24T00:27:52Z,KY,KY00075IS0000100N75WELCOM,36.6162,-84.1054,75,Partly Cloudy,0,2,False,False,False,False,False,0.0
2026-08-24T00:27:56Z,IL,IL00057IN007900034,38.0297,-88.9203,78,Partly Cloudy,0,2,False,False,False,False,True,0.2
2026-08-24T00:27:56Z,IL,IL00057IS022200054,39.9314,-88.3043,73,Mostly Clear,0,6,False,False,False,False,True,0.2
2026-08-24T00:27:56Z,IL,IL00039IN008500036,41.7236,-89.0062,72,Mostly Clear,0,10,False,False,False,False,True,0.2
2026-08-24T00:27:56Z,IL,IL00055IS019400021,40.8371,-88.6833,73,Mostly Clear,0,5,False,False,False,False,True,0.2
2026-08-24T00:27:56Z,IL,IL00057IN022200048,39.9218,-88.299,73,Mostly Clear,0,6,False,False,False,False,True,0.2
2026-08-24T00:27:56Z,IL,IL00055IN006400027,39.3465,-89.6408,72,Partly Cloudy,0,5,False,False,False,False,True,0.2
2026-08-24T00:27:56Z,IL,IL00070IE002700042,38.7849,-89.7023,74,Partly Cloudy,0,5,False,False,False,False,True,0.2
2026-08-24T00:27:56Z,IL,IL00057IN026800032,40.5505,-88.0605,70,Mostly Clear,0,5,False,False,False,False,True,0.2
2026-08-24T00:27:56Z,IL,IL00064IW002500011,38.5491,-89.7633,78,Partly Cloudy,0,3,False,False,False,False,True,0.2
2026-08-24T00:27:56Z,IL,IL00024IW003700010,37.1593,-88.6798,75,Mostly Cloudy,0,2,False,False,False,False,True,0.2
2026-08-24T00:27:56Z,IL,IL00074IE002800030,41.2334,-90.333,75,Mostly Clear,0,5,False,False,False,False,True,0.2
2026-08-24T00:27:56Z,IL,IL00080IW005100013,41.3937,-89.5591,73,Mostly Clear,0,5,False,False,False,False,True,0.2
2026-08-24T00:27:56Z,IL,IL00055IN010400050,39.8627,-89.5948,75,Mostly Clear,0,7,False,False,False,False,True,0.2
2026-08-24T00:27:56Z,IL,IL00055IN002700029,38.8649,-89.8532,75,Partly Cloudy,0,6,False,False,False,False,True,0.2
2026-08-24T00:27:56Z,IL,IL00074IE015600037,40.2732,-88.6762,74,Mostly Clear,0,7,False,False,False,False,True,0.2
2026-08-24T00:27:56Z,IL,IL00072IE015200041,39.9923,-88.7827,72,Mostly Clear,0,7,False,False,False,False,True,0.2
2026-08-24T00:27:56Z,IL,IL00080IW011700016,41.4473,-88.3285,72,Mostly Clear,0,5,False,False,False,False,True,0.2
2026-08-24T00:27:56Z,IL,IL00057IS011400023,38.5965,-88.9677,74,Mostly Clear,0,3,False,False,False,False,True,0.2
2026-08-24T00:27:56Z,IL,IL00057IS033300046,41.3918,-87.7749,72,Clear,0,10,False,False,False,False,True,0.2
2026-08-24T00:27:56Z,IL,IL00057IS007900047,38.0962,-88.9138,77,Partly Cloudy,0,2,False,False,False,False,True,0.2
2026-08-24T00:27:56Z,IL,IL00072IW015200014,39.9888,-88.7852,72,Mostly Clear,0,7,False,False,False,False,True,0.2
2026-08-24T00:27:56Z,IL,IL00055IN014900028,40.3599,-89.1099,74,Mostly Clear,0,6,False,False,False,False,True,0.2
2026-08-24T00:27:56Z,IL,IL00074IW002800020,41.2141,-90.3308,72,Mostly Clear,0,5,False,False,False,False,True,0.2
2026-08-24T00:27:56Z,IL,IL00064IW008500012,38.2766,-88.8012,77,Partly Cloudy,0,2,False,False,False,False,True,0.2
2026-08-24T00:27:56Z,IL,IL00057IN033300049,41.3892,-87.7729,72,Clear,0,10,False,False,False,False,True,0.2
2026-08-24T00:27:56Z,IL,IL00039IS008500026,41.7285,-89.0105,72,Mostly Clear,0,10,False,False,False,False,True,0.2
2026-08-24T00:27:56Z,IL,IL00070IE008600051,39.0651,-88.6745,75,Partly Cloudy,0,3,False,False,False,False,True,0.2
2026-08-24T00:27:56Z,IL,IL00064IE002500038,38.5481,-89.7731,78,Partly Cloudy,0,3,False,False,False,False,True,0.2
2026-08-24T00:27:56Z,IL,IL00055IN019400031,40.8234,-88.6875,73,Mostly Clear,0,5,False,False,False,False,True,0.2
2026-08-24T00:27:56Z,IL,IL00080IE011700043,41.4314,-88.3454,74,Mostly Clear,0,10,False,False,False,False,True,0.2
2026-08-24T00:27:56Z,IL,IL00074IW015600009,40.2711,-88.6701,74,Mostly Clear,0,7,False,False,False,False,True,0.2
2026-08-24T00:27:56Z,IL,IL00057IN011400033,38.5963,-88.9638,74,Mostly Clear,0,3,False,False,False,False,True,0.2
2026-08-24T00:27:56Z,IL,IL00064IE008500039,38.273,-88.8496,74,Partly Cloudy,0,1,False,False,False,False,True,0.2
2026-08-24T00:27:56Z,IL,IL00055IS006400017,39.3523,-89.6447,72,Partly Cloudy,0,5,False,False,False,False,True,0.2
2026-08-24T00:27:56Z,IL,IL00057IS026800022,40.5613,-88.0615,70,Mostly Clear,0,5,False,False,False,False,True,0.2
2026-08-24T00:27:56Z,IL,IL00080IE005100040,41.3938,-89.5665,76,Partly Cloudy,0,5,False,False,False,False,True,0.2
2026-08-24T00:27:56Z,IL,IL00055IS002700019,38.8723,-89.8511,75,Partly Cloudy,0,6,False,False,False,False,True,0.2
2026-08-24T00:27:56Z,IL,IL00070IW002700015,38.7884,-89.6889,74,Partly Cloudy,0,3,False,False,False,False,True,0.2
2026-08-24T00:27:56Z,IL,IL00064IW013000053,38.2322,-87.9882,75,Partly Cloudy,0,2,False,False,False,False,True,0.2
2026-08-24T00:27:56Z,IL,IL00074IW020800052,40.1298,-87.7441,76,Partly Cloudy,0,6,False,False,False,False,True,0.2
2026-08-24T00:27:56Z,IL,IL00074IE011400005,40.6125,-89.245,73,Mostly Clear,0,7,False,False,False,False,True,0.2
2026-08-24T00:27:56Z,IL,IL00074IW006200004,40.8802,-90.0895,73,Mostly Clear,0,3,False,False,False,False,True,0.2
2026-08-24T00:27:56Z,IL,IL00070IW008700045,39.0679,-88.6704,75,Partly Cloudy,0,3,False,False,False,False,True,0.2
2026-08-24T00:27:56Z,IL,IL00057IS016500018,39.1993,-88.502,78,Mostly Clear,0,7,False,False,False,False,True,0.2
2026-08-24T00:27:56Z,IL,IL00074IW011400006,40.6111,-89.2323,73,Mostly Clear,0,7,False,False,False,False,True,0.2
2026-08-24T00:27:56Z,IL,IL00074IE006200001,40.8788,-90.0936,73,Mostly Clear,0,3,False,False,False,False,True,0.2
2026-08-24T00:27:56Z,IL,IL00070IW014900008,39.4228,-87.6617,78,Partly Cloudy,0,7,False,False,False,False,True,0.2
2026-08-24T00:27:56Z,IL,IL00057IN016500044,39.1898,-88.5031,77,Mostly Clear,0,6,False,False,False,False,True,0.2
2026-08-24T00:27:56Z,IL,IL00055IS010400024,39.8871,-89.5966,73,Mostly Clear,0,5,False,False,False,False,True,0.2
2026-08-24T00:27:56Z,IL,IL00057IS003200025,37.4699,-89.1329,79,Mostly Cloudy,0,2,False,False,False,False,True,0.2
2026-08-24T00:27:56Z,IL,IL00057IN003200035,37.4661,-89.1324,79,Mostly Cloudy,0,2,False,False,False,False,True,0.2
2026-08-24T00:27:56Z,IN,322,38.195,-87.8597,75,Partly Cloudy,0,3,False,False,False,False,True,0.2
2026-08-24T00:27:56Z,IN,317,38.5852,-85.7768,79,Partly Cloudy,0,5,False,False,False,False,True,0.2
2026-08-24T00:27:56Z,IN,316,38.5859,-85.7809,79,Partly Cloudy,0,5,False,False,False,False,True,0.2
2026-08-24T00:27:56Z,IN,315,39.2602,-85.9521,77,Partly Cloudy,0,3,False,False,False,False,True,0.2
2026-08-24T00:27:56Z,IN,314,39.2767,-85.9569,77,Partly Cloudy,0,2,False,False,False,False,True,0.2
2026-08-24T00:27:56Z,IN,313,40.1578,-86.5387,71,Mostly Clear,1,3,False,False,False,False,True,0.2
2026-08-24T00:27:56Z,IN,312,40.1722,-86.5522,71,Mostly Clear,1,3,False,False,False,False,True,0.2
2026-08-24T00:27:56Z,IN,311,40.6992,-87.0628,72,Mostly Clear,0,5,False,False,False,False,True,0.2
2026-08-24T00:27:56Z,IN,310,40.6984,-87.0646,72,Mostly Clear,0,5,False,False,False,False,True,0.2
2026-08-24T00:27:56Z,IN,308,41.1653,-87.271,71,Mostly Clear,0,5,False,False,False,False,True,0.2
2026-08-24T00:27:56Z,IN,309,41.1666,-87.2749,71,Mostly Clear,0,5,False,False,False,False,True,0.2
2026-08-24T00:27:56Z,IN,318,40.3543,-85.5576,68,Partly Cloudy,2,3,False,False,False,False,True,0.2
2026-08-24T00:27:56Z,IN,319,40.3569,-85.56,68,Partly Cloudy,2,3,False,False,False,False,True,0.2
2026-08-24T00:27:56Z,IN,320,41.2963,-85.0863,65,Mostly Clear,0,10,False,False,False,False,True,0.2
2026-08-24T00:27:56Z,IN,321,41.5803,-85.0597,67,Mostly Clear,6,15,False,False,False,False,True,0.2
2026-08-24T00:27:56Z,IN,300,39.4417,-87.5002,73,Partly Cloudy,0,1,False,False,False,False,True,0.2
2026-08-24T00:27:56Z,IN,302,39.6517,-86.3967,74,Partly Cloudy,1,8,False,False,False,False,True,0.2
2026-08-24T00:27:56Z,IN,301,39.6541,-86.4005,74,Partly Cloudy,1,8,False,False,False,False,True,0.2
2026-08-24T00:27:56Z,IN,303,39.8243,-85.7039,75,Mostly Cloudy,3,2,False,False,False,False,True,0.2
2026-08-24T00:27:56Z,IN,304,39.8266,-85.704,75,Mostly Cloudy,3,2,False,False,False,False,True,0.2
2026-08-24T00:27:56Z,IN,305,39.8605,-85.0259,69,Mostly Cloudy,13,6,False,False,False,False,True,0.2
2026-08-24T00:27:56Z,IN,323,39.29,-85.1688,69,Mostly Cloudy,10,3,False,False,False,False,True,0.2
2026-08-24T00:27:56Z,IN,702,41.7472,-85.3285,65,Mostly Clear,1,10,False,False,False,False,True,0.2
2026-08-24T00:27:56Z,IN,701,41.5889,-87.2173,71,Partly Cloudy,0,10,False,False,False,False,True,0.2
2026-08-24T00:27:56Z,IN,704,41.7058,-86.6212,66,Mostly Clear,4,5,False,False,False,False,True,0.2
2026-08-24T00:27:56Z,IN,703,41.7071,-86.6235,66,Mostly Clear,4,5,False,False,False,False,True,0.2
2026-08-24T00:27:56Z,IN,705,41.733,-86.0057,68,Mostly Clear,0,10,False,False,False,False,True,0.2
2026-08-24T00:27:56Z,IN,708,41.7472,-85.3285,65,Mostly Clear,1,10,False,False,False,False,True,0.2
2026-08-24T00:27:56Z,IN,707,41.7453,-85.3287,65,Mostly Clear,1,10,False,False,False,False,True,0.2
2026-08-24T00:27:56Z,IN,324,41.7353,-86.7933,68,Partly Cloudy,5,5,False,False,False,False,True,0.2
2026-08-24T00:27:56Z,KY,KY00065IS0000020N65WELCOM,36.6434,-86.5687,76,Partly Cloudy,0,5,False,False,False,False,False,0.0
2026-08-24T00:27:56Z,KY,KY00065IS000020NSMARATHON,36.6612,-86.5553,80,Mostly Clear,0,6,False,False,False,False,False,0.0
2026-08-24T00:27:56Z,KY,KY00065IS0000340NWEIGHS34,36.6868,-86.5379,81,Mostly Clear,0,6,False,False,False,False,False,0.0
2026-08-24T00:27:56Z,KY,KY00065IS0011400S65SRA114,37.9464,-85.6905,77,Partly Cloudy,0,6,False,False,False,False,False,0.0
2026-08-24T00:27:56Z,KY,KY00065IS0005900S65SRA059,37.239,-85.9297,76,Partly Cloudy,0,2,False,False,False,False,False,0.0
2026-08-24T00:27:56Z,KY,KY00065IS0005900N65NRA059,37.2384,-85.9271,76,Partly Cloudy,0,2,False,False,False,False,False,0.0
2026-08-24T00:27:56Z,KY,KY00075IS0003300NWEIGHS33,37.0422,-84.0968,73,Mostly Cloudy,0,3,False,False,False,False,False,0.0
2026-08-24T00:27:56Z,KY,KY00075IS0003400SWEIGHS34,37.048,-84.0997,78,Partly Cloudy,0,5,False,False,False,False,False,0.0
2026-08-24T00:27:56Z,KY,KY00075IS0017700N75NRA177,38.937,-84.6309,71,Partly Cloudy,10,6,False,False,False,False,False,0.0
2026-08-24T00:27:56Z,KY,KY00075IS0007500SWALTONWS,38.8653,-84.6476,71,Partly Cloudy,10,5,False,False,False,False,False,0.0
2026-08-24T00:27:56Z,KY,KY00075IS0017700S75SRA177,38.9388,-84.6339,71,Partly Cloudy,10,6,False,False,False,False,False,0.0
2026-08-24T00:27:56Z,KY,KY00075IS0016800SCRITENWS,38.8196,-84.6015,76,Partly Cloudy,10,6,False,False,False,False,False,0.0
2026-08-24T00:27:56Z,KY,KY00075IS0000100N75WELCOM,36.6162,-84.1054,75,Partly Cloudy,0,2,False,False,False,False,False,0.0
2026-08-24T00:28:00Z,IL,IL00057IN007900034,38.0297,-88.9203,78,Partly Cloudy,0,2,False,False,False,False,True,0.2
2026-08-24T00:28:00Z,IL,IL00057IS022200054,39.9314,-88.3043,73,Mostly Clear,0,6,False,False,False,False,True,0.2
2026-08-24T00:28:00Z,IL,IL00039IN008500036,41.7236,-89.0062,72,Mostly Clear,0,10,False,False,False,False,True,0.2
2026-08-24T00:28:00Z,IL,IL00055IS019400021,40.8371,-88.6833,73,Mostly Clear,0,5,False,False,False,False,True,0.2
2026-08-24T00:28:00Z,IL,IL00057IN022200048,39.9218,-88.299,73,Mostly Clear,0,6,False,False,False,False,True,0.2
2026-08-24T00:28:00Z,IL,IL00055IN006400027,39.3465,-89.6408,72,Partly Cloudy,0,5,False,False,False,False,True,0.2
2026-08-24T00:28:00Z,IL,IL00070IE002700042,38.7849,-89.7023,74,Partly Cloudy,0,5,False,False,False,False,True,0.2
2026-08-24T00:28:00Z,IL,IL00057IN026800032,40.5505,-88.0605,70,Mostly Clear,0,5,False,False,False,False,True,0.2
2026-08-24T00:28:00Z,IL,IL00064IW002500011,38.5491,-89.7633,78,Partly Cloudy,0,3,False,False,False,False,True,0.2
2026-08-24T00:28:00Z,IL,IL00024IW003700010,37.1593,-88.6798,75,Mostly Cloudy,0,2,False,False,False,False,True,0.2
2026-08-24T00:28:00Z,IL,IL00074IE002800030,41.2334,-90.333,75,Mostly Clear,0,5,False,False,False,False,True,0.2
2026-08-24T00:28:00Z,IL,IL00080IW005100013,41.3937,-89.5591,73,Mostly Clear,0,5,False,False,False,False,True,0.2
2026-08-24T00:28:00Z,IL,IL00055IN010400050,39.8627,-89.5948,75,Mostly Clear,0,7,False,False,False,False,True,0.2
2026-08-24T00:28:00Z,IL,IL00055IN002700029,38.8649,-89.8532,75,Partly Cloudy,0,6,False,False,False,False,True,0.2
2026-08-24T00:28:00Z,IL,IL00074IE015600037,40.2732,-88.6762,74,Mostly Clear,0,7,False,False,False,False,True,0.2
2026-08-24T00:28:00Z,IL,IL00072IE015200041,39.9923,-88.7827,72,Mostly Clear,0,7,False,False,False,False,True,0.2
2026-08-24T00:28:00Z,IL,IL00080IW011700016,41.4473,-88.3285,72,Mostly Clear,0,5,False,False,False,False,True,0.2
2026-08-24T00:28:00Z,IL,IL00057IS011400023,38.5965,-88.9677,74,Mostly Clear,0,3,False,False,False,False,True,0.2
2026-08-24T00:28:00Z,IL,IL00057IS033300046,41.3918,-87.7749,72,Clear,0,10,False,False,False,False,True,0.2
2026-08-24T00:28:00Z,IL,IL00057IS007900047,38.0962,-88.9138,77,Partly Cloudy,0,2,False,False,False,False,True,0.2
2026-08-24T00:28:00Z,IL,IL00072IW015200014,39.9888,-88.7852,72,Mostly Clear,0,7,False,False,False,False,True,0.2
2026-08-24T00:28:00Z,IL,IL00055IN014900028,40.3599,-89.1099,74,Mostly Clear,0,6,False,False,False,False,True,0.2
2026-08-24T00:28:00Z,IL,IL00074IW002800020,41.2141,-90.3308,75,Mostly Clear,0,5,False,False,False,False,True,0.2
2026-08-24T00:28:00Z,IL,IL00064IW008500012,38.2766,-88.8012,77,Partly Cloudy,0,2,False,False,False,False,True,0.2
2026-08-24T00:28:00Z,IL,IL00057IN033300049,41.3892,-87.7729,72,Clear,0,10,False,False,False,False,True,0.2
2026-08-24T00:28:00Z,IL,IL00039IS008500026,41.7285,-89.0105,72,Mostly Clear,0,10,False,False,False,False,True,0.2
2026-08-24T00:28:00Z,IL,IL00070IE008600051,39.0651,-88.6745,75,Partly Cloudy,0,3,False,False,False,False,True,0.2
2026-08-24T00:28:00Z,IL,IL00064IE002500038,38.5481,-89.7731,78,Partly Cloudy,0,3,False,False,False,False,True,0.2
2026-08-24T00:28:00Z,IL,IL00055IN019400031,40.8234,-88.6875,73,Mostly Clear,0,5,False,False,False,False,True,0.2
2026-08-24T00:28:00Z,IL,IL00080IE011700043,41.4314,-88.3454,74,Mostly Clear,0,10,False,False,False,False,True,0.2
2026-08-24T00:28:00Z,IL,IL00074IW015600009,40.2711,-88.6701,74,Mostly Clear,0,7,False,False,False,False,True,0.2
2026-08-24T00:28:00Z,IL,IL00057IN011400033,38.5963,-88.9638,74,Mostly Clear,0,3,False,False,False,False,True,0.2
2026-08-24T00:28:00Z,IL,IL00064IE008500039,38.273,-88.8496,74,Partly Cloudy,0,1,False,False,False,False,True,0.2
2026-08-24T00:28:00Z,IL,IL00055IS006400017,39.3523,-89.6447,72,Partly Cloudy,0,5,False,False,False,False,True,0.2
2026-08-24T00:28:00Z,IL,IL00057IS026800022,40.5613,-88.0615,70,Mostly Clear,0,5,False,False,False,False,True,0.2
2026-08-24T00:28:00Z,IL,IL00080IE005100040,41.3938,-89.5665,76,Partly Cloudy,0,5,False,False,False,False,True,0.2
2026-08-24T00:28:00Z,IL,IL00055IS002700019,38.8723,-89.8511,75,Partly Cloudy,0,6,False,False,False,False,True,0.2
2026-08-24T00:28:00Z,IL,IL00070IW002700015,38.7884,-89.6889,74,Partly Cloudy,0,3,False,False,False,False,True,0.2
2026-08-24T00:28:00Z,IL,IL00064IW013000053,38.2322,-87.9882,75,Partly Cloudy,0,2,False,False,False,False,True,0.2
2026-08-24T00:28:00Z,IL,IL00074IW020800052,40.1298,-87.7441,76,Partly Cloudy,0,6,False,False,False,False,True,0.2
2026-08-24T00:28:00Z,IL,IL00074IE011400005,40.6125,-89.245,73,Mostly Clear,0,7,False,False,False,False,True,0.2
2026-08-24T00:28:00Z,IL,IL00074IW006200004,40.8802,-90.0895,73,Mostly Clear,0,3,False,False,False,False,True,0.2
2026-08-24T00:28:00Z,IL,IL00070IW008700045,39.0679,-88.6704,75,Partly Cloudy,0,3,False,False,False,False,True,0.2
2026-08-24T00:28:00Z,IL,IL00057IS016500018,39.1993,-88.502,78,Mostly Clear,0,7,False,False,False,False,True,0.2
2026-08-24T00:28:00Z,IL,IL00074IW011400006,40.6111,-89.2323,73,Mostly Clear,0,7,False,False,False,False,True,0.2
2026-08-24T00:28:00Z,IL,IL00074IE006200001,40.8788,-90.0936,73,Mostly Clear,0,3,False,False,False,False,True,0.2
2026-08-24T00:28:00Z,IL,IL00070IW014900008,39.4228,-87.6617,78,Partly Cloudy,0,7,False,False,False,False,True,0.2
2026-08-24T00:28:00Z,IL,IL00057IN016500044,39.1898,-88.5031,77,Mostly Clear,0,6,False,False,False,False,True,0.2
2026-08-24T00:28:00Z,IL,IL00055IS010400024,39.8871,-89.5966,73,Mostly Clear,0,5,False,False,False,False,True,0.2
2026-08-24T00:28:00Z,IL,IL00057IS003200025,37.4699,-89.1329,79,Mostly Cloudy,0,2,False,False,False,False,True,0.2
2026-08-24T00:28:00Z,IL,IL00057IN003200035,37.4661,-89.1324,79,Mostly Cloudy,0,2,False,False,False,False,True,0.2
2026-08-24T00:28:00Z,IN,322,38.195,-87.8597,75,Partly Cloudy,0,3,False,False,False,False,True,0.2
2026-08-24T00:28:00Z,IN,317,38.5852,-85.7768,79,Partly Cloudy,0,5,False,False,False,False,True,0.2
2026-08-24T00:28:00Z,IN,316,38.5859,-85.7809,79,Partly Cloudy,0,5,False,False,False,False,True,0.2
2026-08-24T00:28:00Z,IN,315,39.2602,-85.9521,77,Partly Cloudy,0,3,False,False,False,False,True,0.2
2026-08-24T00:28:00Z,IN,314,39.2767,-85.9569,77,Partly Cloudy,0,2,False,False,False,False,True,0.2
2026-08-24T00:28:00Z,IN,313,40.1578,-86.5387,71,Mostly Clear,1,3,False,False,False,False,True,0.2
2026-08-24T00:28:00Z,IN,312,40.1722,-86.5522,71,Mostly Clear,1,3,False,False,False,False,True,0.2
2026-08-24T00:28:00Z,IN,311,40.6992,-87.0628,72,Mostly Clear,0,5,False,False,False,False,True,0.2
2026-08-24T00:28:00Z,IN,310,40.6984,-87.0646,72,Mostly Clear,0,5,False,False,False,False,True,0.2
2026-08-24T00:28:00Z,IN,308,41.1653,-87.271,71,Mostly Clear,0,5,False,False,False,False,True,0.2
2026-08-24T00:28:00Z,IN,309,41.1666,-87.2749,71,Mostly Clear,0,5,False,False,False,False,True,0.2
2026-08-24T00:28:00Z,IN,318,40.3543,-85.5576,68,Partly Cloudy,2,3,False,False,False,False,True,0.2
2026-08-24T00:28:00Z,IN,319,40.3569,-85.56,68,Partly Cloudy,2,3,False,False,False,False,True,0.2
2026-08-24T00:28:00Z,IN,320,41.2963,-85.0863,65,Mostly Clear,0,10,False,False,False,False,True,0.2
2026-08-24T00:28:00Z,IN,321,41.5803,-85.0597,67,Mostly Clear,6,15,False,False,False,False,True,0.2
2026-08-24T00:28:00Z,IN,300,39.4417,-87.5002,73,Partly Cloudy,0,1,False,False,False,False,True,0.2
2026-08-24T00:28:00Z,IN,302,39.6517,-86.3967,74,Partly Cloudy,1,8,False,False,False,False,True,0.2
2026-08-24T00:28:00Z,IN,301,39.6541,-86.4005,74,Partly Cloudy,1,8,False,False,False,False,True,0.2
2026-08-24T00:28:00Z,IN,303,39.8243,-85.7039,75,Mostly Cloudy,3,2,False,False,False,False,True,0.2
2026-08-24T00:28:00Z,IN,304,39.8266,-85.704,75,Mostly Cloudy,3,2,False,False,False,False,True,0.2
2026-08-24T00:28:00Z,IN,305,39.8605,-85.0259,69,Mostly Cloudy,13,6,False,False,False,False,True,0.2
2026-08-24T00:28:00Z,IN,323,39.29,-85.1688,69,Mostly Cloudy,10,3,False,False,False,False,True,0.2
2026-08-24T00:28:00Z,IN,702,41.7472,-85.3285,65,Mostly Clear,1,10,False,False,False,False,True,0.2
2026-08-24T00:28:00Z,IN,701,41.5889,-87.2173,71,Partly Cloudy,0,10,False,False,False,False,True,0.2
2026-08-24T00:28:00Z,IN,704,41.7058,-86.6212,66,Mostly Clear,4,5,False,False,False,False,True,0.2
2026-08-24T00:28:00Z,IN,703,41.7071,-86.6235,66,Mostly Clear,4,5,False,False,False,False,True,0.2
2026-08-24T00:28:00Z,IN,705,41.733,-86.0057,68,Mostly Clear,0,10,False,False,False,False,True,0.2
2026-08-24T00:28:00Z,IN,708,41.7472,-85.3285,65,Mostly Clear,1,10,False,False,False,False,True,0.2
2026-08-24T00:28:00Z,IN,707,41.7453,-85.3287,65,Mostly Clear,1,10,False,False,False,False,True,0.2
2026-08-24T00:28:00Z,IN,324,41.7353,-86.7933,68,Partly Cloudy,5,5,False,False,False,False,True,0.2
2026-08-24T00:28:00Z,KY,KY00065IS0000020N65WELCOM,36.6434,-86.5687,76,Partly Cloudy,0,5,False,False,False,False,False,0.0
2026-08-24T00:28:00Z,KY,KY00065IS000020NSMARATHON,36.6612,-86.5553,80,Mostly Clear,0,6,False,False,False,False,False,0.0
2026-08-24T00:28:00Z,KY,KY00065IS0000340NWEIGHS34,36.6868,-86.5379,81,Mostly Clear,0,6,False,False,False,False,False,0.0
2026-08-24T00:28:00Z,KY,KY00065IS0011400S65SRA114,37.9464,-85.6905,77,Partly Cloudy,0,6,False,False,False,False,False,0.0
2026-08-24T00:28:00Z,KY,KY00065IS0005900S65SRA059,37.239,-85.9297,76,Partly Cloudy,0,2,False,False,False,False,False,0.0
2026-08-24T00:28:00Z,KY,KY00065IS0005900N65NRA059,37.2384,-85.9271,76,Partly Cloudy,0,2,False,False,False,False,False,0.0
2026-08-24T00:28:00Z,KY,KY00075IS0003300NWEIGHS33,37.0422,-84.0968,73,Mostly Cloudy,0,3,False,False,False,False,False,0.0
2026-08-24T00:28:00Z,KY,KY00075IS0003400SWEIGHS34,37.048,-84.0997,78,Partly Cloudy,0,5,False,False,False,False,False,0.0
2026-08-24T00:28:00Z,KY,KY00075IS0017700N75NRA177,38.937,-84.6309,71,Partly Cloudy,10,6,False,False,False,False,False,0.0
2026-08-24T00:28:00Z,KY,KY00075IS0007500SWALTONWS,38.8653,-84.6476,71,Partly Cloudy,10,5,False,False,False,False,False,0.0
2026-08-24T00:28:00Z,KY,KY00075IS0017700S75SRA177,38.9388,-84.6339,71,Partly Cloudy,10,6,False,False,False,False,False,0.0
2026-08-24T00:28:00Z,KY,KY00075IS0016800SCRITENWS,38.8196,-84.6015,76,Partly Cloudy,10,6,False,False,False,False,False,0.0
2026-08-24T00:28:00Z,KY,KY00075IS0000100N75WELCOM,36.6162,-84.1054,75,Partly Cloudy,0,2,False,False,False,False,False,0.0
2026-08-24T00:28:05Z,IL,IL00057IN007900034,38.0297,-88.9203,78,Partly Cloudy,0,2,False,False,False,False,True,0.2
2026-08-24T00:28:05Z,IL,IL00057IS022200054,39.9314,-88.3043,73,Mostly Clear,0,6,False,False,False,False,True,0.2
2026-08-24T00:28:05Z,IL,IL00039IN008500036,41.7236,-89.0062,72,Mostly Clear,0,10,False,False,False,False,True,0.2
2026-08-24T00:28:05Z,IL,IL00055IS019400021,40.8371,-88.6833,73,Mostly Clear,0,5,False,False,False,False,True,0.2
2026-08-24T00:28:05Z,IL,IL00057IN022200048,39.9218,-88.299,73,Mostly Clear,0,6,False,False,False,False,True,0.2
2026-08-24T00:28:05Z,IL,IL00055IN006400027,39.3465,-89.6408,72,Partly Cloudy,0,5,False,False,False,False,True,0.2
2026-08-24T00:28:05Z,IL,IL00070IE002700042,38.7849,-89.7023,74,Partly Cloudy,0,5,False,False,False,False,True,0.2
2026-08-24T00:28:05Z,IL,IL00057IN026800032,40.5505,-88.0605,70,Mostly Clear,0,5,False,False,False,False,True,0.2
2026-08-24T00:28:05Z,IL,IL00064IW002500011,38.5491,-89.7633,78,Partly Cloudy,0,3,False,False,False,False,True,0.2
2026-08-24T00:28:05Z,IL,IL00024IW003700010,37.1593,-88.6798,75,Mostly Cloudy,0,2,False,False,False,False,True,0.2
2026-08-24T00:28:05Z,IL,IL00074IE002800030,41.2334,-90.333,75,Mostly Clear,0,5,False,False,False,False,True,0.2
2026-08-24T00:28:05Z,IL,IL00080IW005100013,41.3937,-89.5591,73,Mostly Clear,0,5,False,False,False,False,True,0.2
2026-08-24T00:28:05Z,IL,IL00055IN010400050,39.8627,-89.5948,75,Mostly Clear,0,7,False,False,False,False,True,0.2
2026-08-24T00:28:05Z,IL,IL00055IN002700029,38.8649,-89.8532,75,Partly Cloudy,0,6,False,False,False,False,True,0.2
2026-08-24T00:28:05Z,IL,IL00074IE015600037,40.2732,-88.6762,74,Mostly Clear,0,7,False,False,False,False,True,0.2
2026-08-24T00:28:05Z,IL,IL00072IE015200041,39.9923,-88.7827,72,Mostly Clear,0,7,False,False,False,False,True,0.2
2026-08-24T00:28:05Z,IL,IL00080IW011700016,41.4473,-88.3285,72,Mostly Clear,0,5,False,False,False,False,True,0.2
2026-08-24T00:28:05Z,IL,IL00057IS011400023,38.5965,-88.9677,74,Mostly Clear,0,3,False,False,False,False,True,0.2
2026-08-24T00:28:05Z,IL,IL00057IS033300046,41.3918,-87.7749,72,Clear,0,10,False,False,False,False,True,0.2
2026-08-24T00:28:05Z,IL,IL00057IS007900047,38.0962,-88.9138,77,Partly Cloudy,0,2,False,False,False,False,True,0.2
2026-08-24T00:28:05Z,IL,IL00072IW015200014,39.9888,-88.7852,72,Mostly Clear,0,7,False,False,False,False,True,0.2
2026-08-24T00:28:05Z,IL,IL00055IN014900028,40.3599,-89.1099,74,Mostly Clear,0,6,False,False,False,False,True,0.2
2026-08-24T00:28:05Z,IL,IL00074IW002800020,41.2141,-90.3308,75,Mostly Clear,0,5,False,False,False,False,True,0.2
2026-08-24T00:28:05Z,IL,IL00064IW008500012,38.2766,-88.8012,77,Partly Cloudy,0,2,False,False,False,False,True,0.2
2026-08-24T00:28:05Z,IL,IL00057IN033300049,41.3892,-87.7729,72,Clear,0,10,False,False,False,False,True,0.2
2026-08-24T00:28:05Z,IL,IL00039IS008500026,41.7285,-89.0105,72,Mostly Clear,0,10,False,False,False,False,True,0.2
2026-08-24T00:28:05Z,IL,IL00070IE008600051,39.0651,-88.6745,75,Partly Cloudy,0,3,False,False,False,False,True,0.2
2026-08-24T00:28:05Z,IL,IL00064IE002500038,38.5481,-89.7731,78,Partly Cloudy,0,3,False,False,False,False,True,0.2
2026-08-24T00:28:05Z,IL,IL00055IN019400031,40.8234,-88.6875,73,Mostly Clear,0,5,False,False,False,False,True,0.2
2026-08-24T00:28:05Z,IL,IL00080IE011700043,41.4314,-88.3454,74,Mostly Clear,0,10,False,False,False,False,True,0.2
2026-08-24T00:28:05Z,IL,IL00074IW015600009,40.2711,-88.6701,74,Mostly Clear,0,7,False,False,False,False,True,0.2
2026-08-24T00:28:05Z,IL,IL00057IN011400033,38.5963,-88.9638,74,Mostly Clear,0,3,False,False,False,False,True,0.2
2026-08-24T00:28:05Z,IL,IL00064IE008500039,38.273,-88.8496,74,Partly Cloudy,0,1,False,False,False,False,True,0.2
2026-08-24T00:28:05Z,IL,IL00055IS006400017,39.3523,-89.6447,72,Partly Cloudy,0,5,False,False,False,False,True,0.2
2026-08-24T00:28:05Z,IL,IL00057IS026800022,40.5613,-88.0615,70,Mostly Clear,0,5,False,False,False,False,True,0.2
2026-08-24T00:28:05Z,IL,IL00080IE005100040,41.3938,-89.5665,76,Partly Cloudy,0,5,False,False,False,False,True,0.2
2026-08-24T00:28:05Z,IL,IL00055IS002700019,38.8723,-89.8511,75,Partly Cloudy,0,6,False,False,False,False,True,0.2
2026-08-24T00:28:05Z,IL,IL00070IW002700015,38.7884,-89.6889,74,Partly Cloudy,0,3,False,False,False,False,True,0.2
2026-08-24T00:28:05Z,IL,IL00064IW013000053,38.2322,-87.9882,75,Partly Cloudy,0,2,False,False,False,False,True,0.2
2026-08-24T00:28:05Z,IL,IL00074IW020800052,40.1298,-87.7441,76,Partly Cloudy,0,6,False,False,False,False,True,0.2
2026-08-24T00:28:05Z,IL,IL00074IE011400005,40.6125,-89.245,73,Mostly Clear,0,7,False,False,False,False,True,0.2
2026-08-24T00:28:05Z,IL,IL00074IW006200004,40.8802,-90.0895,73,Mostly Clear,0,3,False,False,False,False,True,0.2
2026-08-24T00:28:05Z,IL,IL00070IW008700045,39.0679,-88.6704,75,Partly Cloudy,0,3,False,False,False,False,True,0.2
2026-08-24T00:28:05Z,IL,IL00057IS016500018,39.1993,-88.502,78,Mostly Clear,0,7,False,False,False,False,True,0.2
2026-08-24T00:28:05Z,IL,IL00074IW011400006,40.6111,-89.2323,73,Mostly Clear,0,7,False,False,False,False,True,0.2
2026-08-24T00:28:05Z,IL,IL00074IE006200001,40.8788,-90.0936,73,Mostly Clear,0,3,False,False,False,False,True,0.2
2026-08-24T00:28:05Z,IL,IL00070IW014900008,39.4228,-87.6617,78,Partly Cloudy,0,7,False,False,False,False,True,0.2
2026-08-24T00:28:05Z,IL,IL00057IN016500044,39.1898,-88.5031,77,Mostly Clear,0,6,False,False,False,False,True,0.2
2026-08-24T00:28:05Z,IL,IL00055IS010400024,39.8871,-89.5966,73,Mostly Clear,0,5,False,False,False,False,True,0.2
2026-08-24T00:28:05Z,IL,IL00057IS003200025,37.4699,-89.1329,79,Mostly Cloudy,0,2,False,False,False,False,True,0.2
2026-08-24T00:28:05Z,IL,IL00057IN003200035,37.4661,-89.1324,79,Mostly Cloudy,0,2,False,False,False,False,True,0.2
2026-08-24T00:28:05Z,IN,322,38.195,-87.8597,75,Partly Cloudy,0,3,False,False,False,False,True,0.2
2026-08-24T00:28:05Z,IN,317,38.5852,-85.7768,79,Partly Cloudy,0,5,False,False,False,False,True,0.2
2026-08-24T00:28:05Z,IN,316,38.5859,-85.7809,79,Partly Cloudy,0,5,False,False,False,False,True,0.2
2026-08-24T00:28:05Z,IN,315,39.2602,-85.9521,77,Partly Cloudy,0,3,False,False,False,False,True,0.2
2026-08-24T00:28:05Z,IN,314,39.2767,-85.9569,77,Partly Cloudy,0,2,False,False,False,False,True,0.2
2026-08-24T00:28:05Z,IN,313,40.1578,-86.5387,71,Mostly Clear,1,3,False,False,False,False,True,0.2
2026-08-24T00:28:05Z,IN,312,40.1722,-86.5522,71,Mostly Clear,1,3,False,False,False,False,True,0.2
2026-08-24T00:28:05Z,IN,311,40.6992,-87.0628,72,Mostly Clear,0,5,False,False,False,False,True,0.2
2026-08-24T00:28:05Z,IN,310,40.6984,-87.0646,72,Mostly Clear,0,5,False,False,False,False,True,0.2
2026-08-24T00:28:05Z,IN,308,41.1653,-87.271,71,Mostly Clear,0,5,False,False,False,False,True,0.2
2026-08-24T00:28:05Z,IN,309,41.1666,-87.2749,71,Mostly Clear,0,5,False,False,False,False,True,0.2
2026-08-24T00:28:05Z,IN,318,40.3543,-85.5576,68,Partly Cloudy,2,3,False,False,False,False,True,0.2
2026-08-24T00:28:05Z,IN,319,40.3569,-85.56,68,Partly Cloudy,2,3,False,False,False,False,True,0.2
2026-08-24T00:28:05Z,IN,320,41.2963,-85.0863,65,Mostly Clear,0,10,False,False,False,False,True,0.2
2026-08-24T00:28:05Z,IN,321,41.5803,-85.0597,67,Mostly Clear,6,15,False,False,False,False,True,0.2
2026-08-24T00:28:05Z,IN,300,39.4417,-87.5002,73,Partly Cloudy,0,1,False,False,False,False,True,0.2
2026-08-24T00:28:05Z,IN,302,39.6517,-86.3967,74,Partly Cloudy,1,8,False,False,False,False,True,0.2
2026-08-24T00:28:05Z,IN,301,39.6541,-86.4005,74,Partly Cloudy,1,8,False,False,False,False,True,0.2
2026-08-24T00:28:05Z,IN,303,39.8243,-85.7039,75,Mostly Cloudy,3,2,False,False,False,False,True,0.2
2026-08-24T00:28:05Z,IN,304,39.8266,-85.704,75,Mostly Cloudy,3,2,False,False,False,False,True,0.2
2026-08-24T00:28:05Z,IN,305,39.8605,-85.0259,69,Mostly Cloudy,13,6,False,False,False,False,True,0.2
2026-08-24T00:28:05Z,IN,323,39.29,-85.1688,69,Mostly Cloudy,10,3,False,False,False,False,True,0.2
2026-08-24T00:28:05Z,IN,702,41.7472,-85.3285,65,Mostly Clear,1,10,False,False,False,False,True,0.2
2026-08-24T00:28:05Z,IN,701,41.5889,-87.2173,71,Partly Cloudy,0,10,False,False,False,False,True,0.2
2026-08-24T00:28:05Z,IN,704,41.7058,-86.6212,66,Mostly Clear,4,5,False,False,False,False,True,0.2
2026-08-24T00:28:05Z,IN,703,41.7071,-86.6235,66,Mostly Clear,4,5,False,False,False,False,True,0.2
2026-08-24T00:28:05Z,IN,705,41.733,-86.0057,68,Mostly Clear,0,10,False,False,False,False,True,0.2
2026-08-24T00:28:05Z,IN,708,41.7472,-85.3285,65,Mostly Clear,1,10,False,False,False,False,True,0.2
2026-08-24T00:28:05Z,IN,707,41.7453,-85.3287,65,Mostly Clear,1,10,False,False,False,False,True,0.2
2026-08-24T00:28:05Z,IN,324,41.7353,-86.7933,68,Partly Cloudy,5,5,False,False,False,False,True,0.2
2026-08-24T00:28:05Z,KY,KY00065IS0000020N65WELCOM,36.6434,-86.5687,76,Partly Cloudy,0,5,False,False,False,False,False,0.0
2026-08-24T00:28:05Z,KY,KY00065IS000020NSMARATHON,36.6612,-86.5553,80,Mostly Clear,0,6,False,False,False,False,False,0.0
2026-08-24T00:28:05Z,KY,KY00065IS0000340NWEIGHS34,36.6868,-86.5379,81,Mostly Clear,0,6,False,False,False,False,False,0.0
2026-08-24T00:28:05Z,KY,KY00065IS0011400S65SRA114,37.9464,-85.6905,77,Partly Cloudy,0,6,False,False,False,False,False,0.0
2026-08-24T00:28:05Z,KY,KY00065IS0005900S65SRA059,37.239,-85.9297,76,Partly Cloudy,0,2,False,False,False,False,False,0.0
2026-08-24T00:28:05Z,KY,KY00065IS0005900N65NRA059,37.2384,-85.9271,76,Partly Cloudy,0,2,False,False,False,False,False,0.0
2026-08-24T00:28:05Z,KY,KY00075IS0003300NWEIGHS33,37.0422,-84.0968,73,Mostly Cloudy,0,3,False,False,False,False,False,0.0
2026-08-24T00:28:05Z,KY,KY00075IS0003400SWEIGHS34,37.048,-84.0997,78,Partly Cloudy,0,5,False,False,False,False,False,0.0
2026-08-24T00:28:05Z,KY,KY00075IS0017700N75NRA177,38.937,-84.6309,71,Partly Cloudy,10,6,False,False,False,False,False,0.0
2026-08-24T00:28:05Z,KY,KY00075IS0007500SWALTONWS,38.8653,-84.6476,76,Partly Cloudy,10,6,False,False,False,False,False,0.0
2026-08-24T00:28:05Z,KY,KY00075IS0017700S75SRA177,38.9388,-84.6339,71,Partly Cloudy,10,6,False,False,False,False,False,0.0
2026-08-24T00:28:05Z,KY,KY00075IS0016800SCRITENWS,38.8196,-84.6015,76,Partly Cloudy,10,6,False,False,False,False,False,0.0
2026-08-24T00:28:05Z,KY,KY00075IS0000100N75WELCOM,36.6162,-84.1054,75,Partly Cloudy,0,2,False,False,False,False,False,0.0
2026-08-24T00:28:09Z,IL,IL00057IN007900034,38.0297,-88.9203,78,Partly Cloudy,0,2,False,False,False,False,True,0.2
2026-08-24T00:28:09Z,IL,IL00057IS022200054,39.9314,-88.3043,73,Mostly Clear,0,6,False,False,False,False,True,0.2
2026-08-24T00:28:09Z,IL,IL00039IN008500036,41.7236,-89.0062,72,Mostly Clear,0,10,False,False,False,False,True,0.2
2026-08-24T00:28:09Z,IL,IL00055IS019400021,40.8371,-88.6833,73,Mostly Clear,0,5,False,False,False,False,True,0.2
2026-08-24T00:28:09Z,IL,IL00057IN022200048,39.9218,-88.299,73,Mostly Clear,0,6,False,False,False,False,True,0.2
2026-08-24T00:28:09Z,IL,IL00055IN006400027,39.3465,-89.6408,72,Partly Cloudy,0,5,False,False,False,False,True,0.2
2026-08-24T00:28:09Z,IL,IL00070IE002700042,38.7849,-89.7023,74,Partly Cloudy,0,5,False,False,False,False,True,0.2
2026-08-24T00:28:09Z,IL,IL00057IN026800032,40.5505,-88.0605,70,Mostly Clear,0,5,False,False,False,False,True,0.2
2026-08-24T00:28:09Z,IL,IL00064IW002500011,38.5491,-89.7633,78,Partly Cloudy,0,3,False,False,False,False,True,0.2
2026-08-24T00:28:09Z,IL,IL00024IW003700010,37.1593,-88.6798,75,Mostly Cloudy,0,2,False,False,False,False,True,0.2
2026-08-24T00:28:09Z,IL,IL00074IE002800030,41.2334,-90.333,75,Mostly Clear,0,5,False,False,False,False,True,0.2
2026-08-24T00:28:09Z,IL,IL00080IW005100013,41.3937,-89.5591,73,Mostly Clear,0,5,False,False,False,False,True,0.2
2026-08-24T00:28:09Z,IL,IL00055IN010400050,39.8627,-89.5948,75,Mostly Clear,0,7,False,False,False,False,True,0.2
2026-08-24T00:28:09Z,IL,IL00055IN002700029,38.8649,-89.8532,75,Partly Cloudy,0,6,False,False,False,False,True,0.2
2026-08-24T00:28:09Z,IL,IL00074IE015600037,40.2732,-88.6762,74,Mostly Clear,0,7,False,False,False,False,True,0.2
2026-08-24T00:28:09Z,IL,IL00072IE015200041,39.9923,-88.7827,72,Mostly Clear,0,7,False,False,False,False,True,0.2
2026-08-24T00:28:09Z,IL,IL00080IW011700016,41.4473,-88.3285,72,Mostly Clear,0,5,False,False,False,False,True,0.2
2026-08-24T00:28:09Z,IL,IL00057IS011400023,38.5965,-88.9677,74,Mostly Clear,0,3,False,False,False,False,True,0.2
2026-08-24T00:28:09Z,IL,IL00057IS033300046,41.3918,-87.7749,72,Clear,0,10,False,False,False,False,True,0.2
2026-08-24T00:28:09Z,IL,IL00057IS007900047,38.0962,-88.9138,77,Partly Cloudy,0,2,False,False,False,False,True,0.2
2026-08-24T00:28:09Z,IL,IL00072IW015200014,39.9888,-88.7852,72,Mostly Clear,0,7,False,False,False,False,True,0.2
2026-08-24T00:28:09Z,IL,IL00055IN014900028,40.3599,-89.1099,74,Mostly Clear,0,6,False,False,False,False,True,0.2
2026-08-24T00:28:09Z,IL,IL00074IW002800020,41.2141,-90.3308,75,Mostly Clear,0,5,False,False,False,False,True,0.2
2026-08-24T00:28:09Z,IL,IL00064IW008500012,38.2766,-88.8012,77,Partly Cloudy,0,2,False,False,False,False,True,0.2
2026-08-24T00:28:09Z,IL,IL00057IN033300049,41.3892,-87.7729,72,Clear,0,10,False,False,False,False,True,0.2
2026-08-24T00:28:09Z,IL,IL00039IS008500026,41.7285,-89.0105,72,Mostly Clear,0,10,False,False,False,False,True,0.2
2026-08-24T00:28:09Z,IL,IL00070IE008600051,39.0651,-88.6745,75,Partly Cloudy,0,3,False,False,False,False,True,0.2
2026-08-24T00:28:09Z,IL,IL00064IE002500038,38.5481,-89.7731,78,Partly Cloudy,0,3,False,False,False,False,True,0.2
2026-08-24T00:28:09Z,IL,IL00055IN019400031,40.8234,-88.6875,73,Mostly Clear,0,5,False,False,False,False,True,0.2
2026-08-24T00:28:09Z,IL,IL00080IE011700043,41.4314,-88.3454,74,Mostly Clear,0,10,False,False,False,False,True,0.2
2026-08-24T00:28:09Z,IL,IL00074IW015600009,40.2711,-88.6701,74,Mostly Clear,0,7,False,False,False,False,True,0.2
2026-08-24T00:28:09Z,IL,IL00057IN011400033,38.5963,-88.9638,74,Mostly Clear,0,3,False,False,False,False,True,0.2
2026-08-24T00:28:09Z,IL,IL00064IE008500039,38.273,-88.8496,74,Partly Cloudy,0,1,False,False,False,False,True,0.2
2026-08-24T00:28:09Z,IL,IL00055IS006400017,39.3523,-89.6447,72,Partly Cloudy,0,5,False,False,False,False,True,0.2
2026-08-24T00:28:09Z,IL,IL00057IS026800022,40.5613,-88.0615,70,Mostly Clear,0,5,False,False,False,False,True,0.2
2026-08-24T00:28:09Z,IL,IL00080IE005100040,41.3938,-89.5665,76,Partly Cloudy,0,5,False,False,False,False,True,0.2
2026-08-24T00:28:09Z,IL,IL00055IS002700019,38.8723,-89.8511,75,Partly Cloudy,0,6,False,False,False,False,True,0.2
2026-08-24T00:28:09Z,IL,IL00070IW002700015,38.7884,-89.6889,74,Partly Cloudy,0,3,False,False,False,False,True,0.2
2026-08-24T00:28:09Z,IL,IL00064IW013000053,38.2322,-87.9882,75,Partly Cloudy,0,2,False,False,False,False,True,0.2
2026-08-24T00:28:09Z,IL,IL00074IW020800052,40.1298,-87.7441,76,Partly Cloudy,0,6,False,False,False,False,True,0.2
2026-08-24T00:28:09Z,IL,IL00074IE011400005,40.6125,-89.245,73,Mostly Clear,0,7,False,False,False,False,True,0.2
2026-08-24T00:28:09Z,IL,IL00074IW006200004,40.8802,-90.0895,73,Mostly Clear,0,3,False,False,False,False,True,0.2
2026-08-24T00:28:09Z,IL,IL00070IW008700045,39.0679,-88.6704,75,Partly Cloudy,0,3,False,False,False,False,True,0.2
2026-08-24T00:28:09Z,IL,IL00057IS016500018,39.1993,-88.502,78,Mostly Clear,0,7,False,False,False,False,True,0.2
2026-08-24T00:28:09Z,IL,IL00074IW011400006,40.6111,-89.2323,73,Mostly Clear,0,7,False,False,False,False,True,0.2
2026-08-24T00:28:09Z,IL,IL00074IE006200001,40.8788,-90.0936,73,Mostly Clear,0,3,False,False,False,False,True,0.2
2026-08-24T00:28:09Z,IL,IL00070IW014900008,39.4228,-87.6617,78,Partly Cloudy,0,7,False,False,False,False,True,0.2
2026-08-24T00:28:09Z,IL,IL00057IN016500044,39.1898,-88.5031,77,Mostly Clear,0,6,False,False,False,False,True,0.2
2026-08-24T00:28:09Z,IL,IL00055IS010400024,39.8871,-89.5966,73,Mostly Clear,0,5,False,False,False,False,True,0.2
2026-08-24T00:28:09Z,IL,IL00057IS003200025,37.4699,-89.1329,79,Mostly Cloudy,0,2,False,False,False,False,True,0.2
2026-08-24T00:28:09Z,IL,IL00057IN003200035,37.4661,-89.1324,79,Mostly Cloudy,0,2,False,False,False,False,True,0.2
2026-08-24T00:28:09Z,IN,322,38.195,-87.8597,75,Partly Cloudy,0,3,False,False,False,False,True,0.2
2026-08-24T00:28:09Z,IN,317,38.5852,-85.7768,79,Partly Cloudy,0,5,False,False,False,False,True,0.2
2026-08-24T00:28:09Z,IN,316,38.5859,-85.7809,79,Partly Cloudy,0,5,False,False,False,False,True,0.2
2026-08-24T00:28:09Z,IN,315,39.2602,-85.9521,77,Partly Cloudy,0,3,False,False,False,False,True,0.2
2026-08-24T00:28:09Z,IN,314,39.2767,-85.9569,77,Partly Cloudy,0,2,False,False,False,False,True,0.2
2026-08-24T00:28:09Z,IN,313,40.1578,-86.5387,71,Mostly Clear,1,3,False,False,False,False,True,0.2
2026-08-24T00:28:09Z,IN,312,40.1722,-86.5522,71,Mostly Clear,1,3,False,False,False,False,True,0.2
2026-08-24T00:28:09Z,IN,311,40.6992,-87.0628,72,Mostly Clear,0,5,False,False,False,False,True,0.2
2026-08-24T00:28:09Z,IN,310,40.6984,-87.0646,72,Mostly Clear,0,5,False,False,False,False,True,0.2
2026-08-24T00:28:09Z,IN,308,41.1653,-87.271,71,Mostly Clear,0,5,False,False,False,False,True,0.2
2026-08-24T00:28:09Z,IN,309,41.1666,-87.2749,71,Mostly Clear,0,5,False,False,False,False,True,0.2
2026-08-24T00:28:09Z,IN,318,40.3543,-85.5576,68,Partly Cloudy,2,3,False,False,False,False,True,0.2
2026-08-24T00:28:09Z,IN,319,40.3569,-85.56,68,Partly Cloudy,2,3,False,False,False,False,True,0.2
2026-08-24T00:28:09Z,IN,320,41.2963,-85.0863,65,Mostly Clear,0,10,False,False,False,False,True,0.2
2026-08-24T00:28:09Z,IN,321,41.5803,-85.0597,67,Mostly Clear,6,15,False,False,False,False,True,0.2
2026-08-24T00:28:09Z,IN,300,39.4417,-87.5002,73,Partly Cloudy,0,1,False,False,False,False,True,0.2
2026-08-24T00:28:09Z,IN,302,39.6517,-86.3967,74,Partly Cloudy,1,8,False,False,False,False,True,0.2
2026-08-24T00:28:09Z,IN,301,39.6541,-86.4005,74,Partly Cloudy,1,8,False,False,False,False,True,0.2
2026-08-24T00:28:09Z,IN,303,39.8243,-85.7039,75,Mostly Cloudy,3,2,False,False,False,False,True,0.2
2026-08-24T00:28:09Z,IN,304,39.8266,-85.704,75,Mostly Cloudy,3,2,False,False,False,False,True,0.2
2026-08-24T00:28:09Z,IN,305,39.8605,-85.0259,69,Mostly Cloudy,13,6,False,False,False,False,True,0.2
2026-08-24T00:28:09Z,IN,323,39.29,-85.1688,69,Mostly Cloudy,10,3,False,False,False,False,True,0.2
2026-08-24T00:28:09Z,IN,702,41.7472,-85.3285,65,Mostly Clear,1,10,False,False,False,False,True,0.2
2026-08-24T00:28:09Z,IN,701,41.5889,-87.2173,69,Partly Cloudy,1,5,False,False,False,False,True,0.2
2026-08-24T00:28:09Z,IN,704,41.7058,-86.6212,66,Mostly Clear,4,5,False,False,False,False,True,0.2
2026-08-24T00:28:09Z,IN,703,41.7071,-86.6235,66,Mostly Clear,4,5,False,False,False,False,True,0.2
2026-08-24T00:28:09Z,IN,705,41.733,-86.0057,68,Mostly Clear,0,10,False,False,False,False,True,0.2
2026-08-24T00:28:09Z,IN,708,41.7472,-85.3285,65,Mostly Clear,1,10,False,False,False,False,True,0.2
2026-08-24T00:28:09Z,IN,707,41.7453,-85.3287,65,Mostly Clear,1,10,False,False,False,False,True,0.2
2026-08-24T00:28:09Z,IN,324,41.7353,-86.7933,68,Partly Cloudy,5,5,False,False,False,False,True,0.2
2026-08-24T00:28:09Z,KY,KY00065IS0000020N65WELCOM,36.6434,-86.5687,76,Partly Cloudy,0,5,False,False,False,False,False,0.0
2026-08-24T00:28:09Z,KY,KY00065IS000020NSMARATHON,36.6612,-86.5553,80,Mostly Clear,0,6,False,False,False,False,False,0.0
2026-08-24T00:28:09Z,KY,KY00065IS0000340NWEIGHS34,36.6868,-86.5379,81,Mostly Clear,0,6,False,False,False,False,False,0.0
2026-08-24T00:28:09Z,KY,KY00065IS0011400S65SRA114,37.9464,-85.6905,77,Partly Cloudy,0,6,False,False,False,False,False,0.0
2026-08-24T00:28:09Z,KY,KY00065IS0005900S65SRA059,37.239,-85.9297,76,Partly Cloudy,0,2,False,False,False,False,False,0.0
2026-08-24T00:28:09Z,KY,KY00065IS0005900N65NRA059,37.2384,-85.9271,76,Partly Cloudy,0,2,False,False,False,False,False,0.0
2026-08-24T00:28:09Z,KY,KY00075IS0003300NWEIGHS33,37.0422,-84.0968,73,Mostly Cloudy,0,3,False,False,False,False,False,0.0
2026-08-24T00:28:09Z,KY,KY00075IS0003400SWEIGHS34,37.048,-84.0997,78,Partly Cloudy,0,5,False,False,False,False,False,0.0
2026-08-24T00:28:09Z,KY,KY00075IS0017700N75NRA177,38.937,-84.6309,71,Partly Cloudy,10,6,False,False,False,False,False,0.0
2026-08-24T00:28:09Z,KY,KY00075IS0007500SWALTONWS,38.8653,-84.6476,71,Partly Cloudy,10,5,False,False,False,False,False,0.0
2026-08-24T00:28:09Z,KY,KY00075IS0017700S75SRA177,38.9388,-84.6339,71,Partly Cloudy,10,6,False,False,False,False,False,0.0
2026-08-24T00:28:09Z,KY,KY00075IS0016800SCRITENWS,38.8196,-84.6015,76,Partly Cloudy,10,6,False,False,False,False,False,0.0
2026-08-24T00:28:09Z,KY,KY00075IS0000100N75WELCOM,36.6162,-84.1054,75,Partly Cloudy,0,2,False,False,False,False,False,0.0
2026-08-24T00:28:13Z,IL,IL00057IN007900034,38.0297,-88.9203,78,Partly Cloudy,0,2,False,False,False,False,True,0.2
2026-08-24T00:28:13Z,IL,IL00057IS022200054,39.9314,-88.3043,73,Mostly Clear,0,6,False,False,False,False,True,0.2
2026-08-24T00:28:13Z,IL,IL00039IN008500036,41.7236,-89.0062,72,Mostly Clear,0,10,False,False,False,False,True,0.2
2026-08-24T00:28:13Z,IL,IL00055IS019400021,40.8371,-88.6833,73,Mostly Clear,0,5,False,False,False,False,True,0.2
2026-08-24T00:28:13Z,IL,IL00057IN022200048,39.9218,-88.299,73,Mostly Clear,0,6,False,False,False,False,True,0.2
2026-08-24T00:28:13Z,IL,IL00055IN006400027,39.3465,-89.6408,72,Partly Cloudy,0,5,False,False,False,False,True,0.2
2026-08-24T00:28:13Z,IL,IL00070IE002700042,38.7849,-89.7023,74,Partly Cloudy,0,5,False,False,False,False,True,0.2
2026-08-24T00:28:13Z,IL,IL00057IN026800032,40.5505,-88.0605,70,Mostly Clear,0,5,False,False,False,False,True,0.2
2026-08-24T00:28:13Z,IL,IL00064IW002500011,38.5491,-89.7633,78,Partly Cloudy,0,3,False,False,False,False,True,0.2
2026-08-24T00:28:13Z,IL,IL00024IW003700010,37.1593,-88.6798,75,Mostly Cloudy,0,2,False,False,False,False,True,0.2
2026-08-24T00:28:13Z,IL,IL00074IE002800030,41.2334,-90.333,75,Mostly Clear,0,5,False,False,False,False,True,0.2
2026-08-24T00:28:13Z,IL,IL00080IW005100013,41.3937,-89.5591,73,Mostly Clear,0,5,False,False,False,False,True,0.2
2026-08-24T00:28:13Z,IL,IL00055IN010400050,39.8627,-89.5948,75,Mostly Clear,0,7,False,False,False,False,True,0.2
2026-08-24T00:28:13Z,IL,IL00055IN002700029,38.8649,-89.8532,75,Partly Cloudy,0,6,False,False,False,False,True,0.2
2026-08-24T00:28:13Z,IL,IL00074IE015600037,40.2732,-88.6762,74,Mostly Clear,0,7,False,False,False,False,True,0.2
2026-08-24T00:28:13Z,IL,IL00072IE015200041,39.9923,-88.7827,72,Mostly Clear,0,7,False,False,False,False,True,0.2
2026-08-24T00:28:13Z,IL,IL00080IW011700016,41.4473,-88.3285,72,Mostly Clear,0,5,False,False,False,False,True,0.2
2026-08-24T00:28:13Z,IL,IL00057IS011400023,38.5965,-88.9677,74,Mostly Clear,0,3,False,False,False,False,True,0.2
2026-08-24T00:28:13Z,IL,IL00057IS033300046,41.3918,-87.7749,72,Clear,0,10,False,False,False,False,True,0.2
2026-08-24T00:28:13Z,IL,IL00057IS007900047,38.0962,-88.9138,77,Partly Cloudy,0,2,False,False,False,False,True,0.2
2026-08-24T00:28:13Z,IL,IL00072IW015200014,39.9888,-88.7852,72,Mostly Clear,0,7,False,False,False,False,True,0.2
2026-08-24T00:28:13Z,IL,IL00055IN014900028,40.3599,-89.1099,74,Mostly Clear,0,6,False,False,False,False,True,0.2
2026-08-24T00:28:13Z,IL,IL00074IW002800020,41.2141,-90.3308,75,Mostly Clear,0,5,False,False,False,False,True,0.2
2026-08-24T00:28:13Z,IL,IL00064IW008500012,38.2766,-88.8012,77,Partly Cloudy,0,2,False,False,False,False,True,0.2
2026-08-24T00:28:13Z,IL,IL00057IN033300049,41.3892,-87.7729,72,Clear,0,10,False,False,False,False,True,0.2
2026-08-24T00:28:13Z,IL,IL00039IS008500026,41.7285,-89.0105,72,Mostly Clear,0,10,False,False,False,False,True,0.2
2026-08-24T00:28:13Z,IL,IL00070IE008600051,39.0651,-88.6745,75,Partly Cloudy,0,3,False,False,False,False,True,0.2
2026-08-24T00:28:13Z,IL,IL00064IE002500038,38.5481,-89.7731,78,Partly Cloudy,0,3,False,False,False,False,True,0.2
2026-08-24T00:28:13Z,IL,IL00055IN019400031,40.8234,-88.6875,73,Mostly Clear,0,5,False,False,False,False,True,0.2
2026-08-24T00:28:13Z,IL,IL00080IE011700043,41.4314,-88.3454,74,Mostly Clear,0,10,False,False,False,False,True,0.2
2026-08-24T00:28:13Z,IL,IL00074IW015600009,40.2711,-88.6701,74,Mostly Clear,0,7,False,False,False,False,True,0.2
2026-08-24T00:28:13Z,IL,IL00057IN011400033,38.5963,-88.9638,74,Mostly Clear,0,3,False,False,False,False,True,0.2
2026-08-24T00:28:13Z,IL,IL00064IE008500039,38.273,-88.8496,74,Partly Cloudy,0,1,False,False,False,False,True,0.2
2026-08-24T00:28:13Z,IL,IL00055IS006400017,39.3523,-89.6447,72,Partly Cloudy,0,5,False,False,False,False,True,0.2
2026-08-24T00:28:13Z,IL,IL00057IS026800022,40.5613,-88.0615,70,Mostly Clear,0,5,False,False,False,False,True,0.2
2026-08-24T00:28:13Z,IL,IL00080IE005100040,41.3938,-89.5665,76,Partly Cloudy,0,5,False,False,False,False,True,0.2
2026-08-24T00:28:13Z,IL,IL00055IS002700019,38.8723,-89.8511,75,Partly Cloudy,0,6,False,False,False,False,True,0.2
2026-08-24T00:28:13Z,IL,IL00070IW002700015,38.7884,-89.6889,74,Partly Cloudy,0,3,False,False,False,False,True,0.2
2026-08-24T00:28:13Z,IL,IL00064IW013000053,38.2322,-87.9882,75,Partly Cloudy,0,2,False,False,False,False,True,0.2
2026-08-24T00:28:13Z,IL,IL00074IW020800052,40.1298,-87.7441,76,Partly Cloudy,0,6,False,False,False,False,True,0.2
2026-08-24T00:28:13Z,IL,IL00074IE011400005,40.6125,-89.245,73,Mostly Clear,0,7,False,False,False,False,True,0.2
2026-08-24T00:28:13Z,IL,IL00074IW006200004,40.8802,-90.0895,73,Mostly Clear,0,3,False,False,False,False,True,0.2
2026-08-24T00:28:13Z,IL,IL00070IW008700045,39.0679,-88.6704,75,Partly Cloudy,0,3,False,False,False,False,True,0.2
2026-08-24T00:28:13Z,IL,IL00057IS016500018,39.1993,-88.502,78,Mostly Clear,0,7,False,False,False,False,True,0.2
2026-08-24T00:28:13Z,IL,IL00074IW011400006,40.6111,-89.2323,73,Mostly Clear,0,7,False,False,False,False,True,0.2
2026-08-24T00:28:13Z,IL,IL00074IE006200001,40.8788,-90.0936,73,Mostly Clear,0,3,False,False,False,False,True,0.2
2026-08-24T00:28:13Z,IL,IL00070IW014900008,39.4228,-87.6617,78,Partly Cloudy,0,7,False,False,False,False,True,0.2
2026-08-24T00:28:13Z,IL,IL00057IN016500044,39.1898,-88.5031,77,Mostly Clear,0,6,False,False,False,False,True,0.2
2026-08-24T00:28:13Z,IL,IL00055IS010400024,39.8871,-89.5966,73,Mostly Clear,0,5,False,False,False,False,True,0.2
2026-08-24T00:28:13Z,IL,IL00057IS003200025,37.4699,-89.1329,79,Mostly Cloudy,0,2,False,False,False,False,True,0.2
2026-08-24T00:28:13Z,IL,IL00057IN003200035,37.4661,-89.1324,79,Mostly Cloudy,0,2,False,False,False,False,True,0.2
2026-08-24T00:28:13Z,IN,322,38.195,-87.8597,75,Partly Cloudy,0,3,False,False,False,False,True,0.2
2026-08-24T00:28:13Z,IN,317,38.5852,-85.7768,79,Partly Cloudy,0,5,False,False,False,False,True,0.2
2026-08-24T00:28:13Z,IN,316,38.5859,-85.7809,79,Partly Cloudy,0,5,False,False,False,False,True,0.2
2026-08-24T00:28:13Z,IN,315,39.2602,-85.9521,77,Partly Cloudy,0,3,False,False,False,False,True,0.2
2026-08-24T00:28:13Z,IN,314,39.2767,-85.9569,77,Partly Cloudy,0,2,False,False,False,False,True,0.2
2026-08-24T00:28:13Z,IN,313,40.1578,-86.5387,71,Mostly Clear,1,3,False,False,False,False,True,0.2
2026-08-24T00:28:13Z,IN,312,40.1722,-86.5522,71,Mostly Clear,1,3,False,False,False,False,True,0.2
2026-08-24T00:28:13Z,IN,311,40.6992,-87.0628,72,Mostly Clear,0,5,False,False,False,False,True,0.2
2026-08-24T00:28:13Z,IN,310,40.6984,-87.0646,72,Mostly Clear,0,5,False,False,False,False,True,0.2
2026-08-24T00:28:13Z,IN,308,41.1653,-87.271,71,Mostly Clear,0,5,False,False,False,False,True,0.2
2026-08-24T00:28:13Z,IN,309,41.1666,-87.2749,71,Mostly Clear,0,5,False,False,False,False,True,0.2
2026-08-24T00:28:13Z,IN,318,40.3543,-85.5576,68,Partly Cloudy,2,3,False,False,False,False,True,0.2
2026-08-24T00:28:13Z,IN,319,40.3569,-85.56,68,Partly Cloudy,2,3,False,False,False,False,True,0.2
2026-08-24T00:28:13Z,IN,320,41.2963,-85.0863,65,Mostly Clear,0,10,False,False,False,False,True,0.2
2026-08-24T00:28:13Z,IN,321,41.5803,-85.0597,67,Mostly Clear,6,15,False,False,False,False,True,0.2
2026-08-24T00:28:13Z,IN,300,39.4417,-87.5002,73,Partly Cloudy,0,1,False,False,False,False,True,0.2
2026-08-24T00:28:13Z,IN,302,39.6517,-86.3967,74,Partly Cloudy,1,8,False,False,False,False,True,0.2
2026-08-24T00:28:13Z,IN,301,39.6541,-86.4005,74,Partly Cloudy,1,8,False,False,False,False,True,0.2
2026-08-24T00:28:13Z,IN,303,39.8243,-85.7039,75,Mostly Cloudy,3,2,False,False,False,False,True,0.2
2026-08-24T00:28:13Z,IN,304,39.8266,-85.704,75,Mostly Cloudy,3,2,False,False,False,False,True,0.2
2026-08-24T00:28:13Z,IN,305,39.8605,-85.0259,69,Mostly Cloudy,13,6,False,False,False,False,True,0.2
2026-08-24T00:28:13Z,IN,323,39.29,-85.1688,69,Mostly Cloudy,10,3,False,False,False,False,True,0.2
2026-08-24T00:28:13Z,IN,702,41.7472,-85.3285,65,Mostly Clear,1,10,False,False,False,False,True,0.2
2026-08-24T00:28:13Z,IN,701,41.5889,-87.2173,71,Partly Cloudy,0,10,False,False,False,False,True,0.2
2026-08-24T00:28:13Z,IN,704,41.7058,-86.6212,66,Mostly Clear,4,5,False,False,False,False,True,0.2
2026-08-24T00:28:13Z,IN,703,41.7071,-86.6235,66,Mostly Clear,4,5,False,False,False,False,True,0.2
2026-08-24T00:28:13Z,IN,705,41.733,-86.0057,68,Mostly Clear,0,10,False,False,False,False,True,0.2
2026-08-24T00:28:13Z,IN,708,41.7472,-85.3285,65,Mostly Clear,1,10,False,False,False,False,True,0.2
2026-08-24T00:28:13Z,IN,707,41.7453,-85.3287,65,Mostly Clear,1,10,False,False,False,False,True,0.2
2026-08-24T00:28:13Z,IN,324,41.7353,-86.7933,68,Partly Cloudy,5,5,False,False,False,False,True,0.2
2026-08-24T00:28:13Z,KY,KY00065IS0000020N65WELCOM,36.6434,-86.5687,76,Partly Cloudy,0,5,False,False,False,False,False,0.0
2026-08-24T00:28:13Z,KY,KY00065IS000020NSMARATHON,36.6612,-86.5553,80,Mostly Clear,0,6,False,False,False,False,False,0.0
2026-08-24T00:28:13Z,KY,KY00065IS0000340NWEIGHS34,36.6868,-86.5379,81,Mostly Clear,0,6,False,False,False,False,False,0.0
2026-08-24T00:28:13Z,KY,KY00065IS0011400S65SRA114,37.9464,-85.6905,77,Partly Cloudy,0,6,False,False,False,False,False,0.0
2026-08-24T00:28:13Z,KY,KY00065IS0005900S65SRA059,37.239,-85.9297,76,Partly Cloudy,0,2,False,False,False,False,False,0.0
2026-08-24T00:28:13Z,KY,KY00065IS0005900N65NRA059,37.2384,-85.9271,76,Partly Cloudy,0,2,False,False,False,False,False,0.0
2026-08-24T00:28:13Z,KY,KY00075IS0003300NWEIGHS33,37.0422,-84.0968,73,Mostly Cloudy,0,3,False,False,False,False,False,0.0
2026-08-24T00:28:13Z,KY,KY00075IS0003400SWEIGHS34,37.048,-84.0997,78,Partly Cloudy,0,5,False,False,False,False,False,0.0
2026-08-24T00:28:13Z,KY,KY00075IS0017700N75NRA177,38.937,-84.6309,71,Partly Cloudy,10,6,False,False,False,False,False,0.0
2026-08-24T00:28:13Z,KY,KY00075IS0007500SWALTONWS,38.8653,-84.6476,71,Partly Cloudy,10,5,False,False,False,False,False,0.0
2026-08-24T00:28:13Z,KY,KY00075IS0017700S75SRA177,38.9388,-84.6339,71,Partly Cloudy,10,6,False,False,False,False,False,0.0
2026-08-24T00:28:13Z,KY,KY00075IS0016800SCRITENWS,38.8196,-84.6015,76,Partly Cloudy,10,6,False,False,False,False,False,0.0
2026-08-24T00:28:13Z,KY,KY00075IS0000100N75WELCOM,36.6162,-84.1054,75,Partly Cloudy,0,2,False,False,False,False,False,0.0
2026-08-24T00:28:18Z,IL,IL00057IN007900034,38.0297,-88.9203,78,Partly Cloudy,0,2,False,False,False,False,True,0.2
2026-08-24T00:28:18Z,IL,IL00057IS022200054,39.9314,-88.3043,73,Mostly Clear,0,6,False,False,False,False,True,0.2
2026-08-24T00:28:18Z,IL,IL00039IN008500036,41.7236,-89.0062,72,Mostly Clear,0,10,False,False,False,False,True,0.2
2026-08-24T00:28:18Z,IL,IL00055IS019400021,40.8371,-88.6833,73,Mostly Clear,0,5,False,False,False,False,True,0.2
2026-08-24T00:28:18Z,IL,IL00057IN022200048,39.9218,-88.299,73,Mostly Clear,0,6,False,False,False,False,True,0.2
2026-08-24T00:28:18Z,IL,IL00055IN006400027,39.3465,-89.6408,72,Partly Cloudy,0,5,False,False,False,False,True,0.2
2026-08-24T00:28:18Z,IL,IL00070IE002700042,38.7849,-89.7023,74,Partly Cloudy,0,5,False,False,False,False,True,0.2
2026-08-24T00:28:18Z,IL,IL00057IN026800032,40.5505,-88.0605,70,Mostly Clear,0,5,False,False,False,False,True,0.2
2026-08-24T00:28:18Z,IL,IL00064IW002500011,38.5491,-89.7633,78,Partly Cloudy,0,3,False,False,False,False,True,0.2
2026-08-24T00:28:18Z,IL,IL00024IW003700010,37.1593,-88.6798,75,Mostly Cloudy,0,2,False,False,False,False,True,0.2
2026-08-24T00:28:18Z,IL,IL00074IE002800030,41.2334,-90.333,75,Mostly Clear,0,5,False,False,False,False,True,0.2
2026-08-24T00:28:18Z,IL,IL00080IW005100013,41.3937,-89.5591,73,Mostly Clear,0,5,False,False,False,False,True,0.2
2026-08-24T00:28:18Z,IL,IL00055IN010400050,39.8627,-89.5948,75,Mostly Clear,0,7,False,False,False,False,True,0.2
2026-08-24T00:28:18Z,IL,IL00055IN002700029,38.8649,-89.8532,75,Partly Cloudy,0,6,False,False,False,False,True,0.2
2026-08-24T00:28:18Z,IL,IL00074IE015600037,40.2732,-88.6762,74,Mostly Clear,0,7,False,False,False,False,True,0.2
2026-08-24T00:28:18Z,IL,IL00072IE015200041,39.9923,-88.7827,72,Mostly Clear,0,7,False,False,False,False,True,0.2
2026-08-24T00:28:18Z,IL,IL00080IW011700016,41.4473,-88.3285,72,Mostly Clear,0,5,False,False,False,False,True,0.2
2026-08-24T00:28:18Z,IL,IL00057IS011400023,38.5965,-88.9677,74,Mostly Clear,0,3,False,False,False,False,True,0.2
2026-08-24T00:28:18Z,IL,IL00057IS033300046,41.3918,-87.7749,72,Clear,0,10,False,False,False,False,True,0.2
2026-08-24T00:28:18Z,IL,IL00057IS007900047,38.0962,-88.9138,77,Partly Cloudy,0,2,False,False,False,False,True,0.2
2026-08-24T00:28:18Z,IL,IL00072IW015200014,39.9888,-88.7852,72,Mostly Clear,0,7,False,False,False,False,True,0.2
2026-08-24T00:28:18Z,IL,IL00055IN014900028,40.3599,-89.1099,74,Mostly Clear,0,6,False,False,False,False,True,0.2
2026-08-24T00:28:18Z,IL,IL00074IW002800020,41.2141,-90.3308,75,Mostly Clear,0,5,False,False,False,False,True,0.2
2026-08-24T00:28:18Z,IL,IL00064IW008500012,38.2766,-88.8012,77,Partly Cloudy,0,2,False,False,False,False,True,0.2
2026-08-24T00:28:18Z,IL,IL00057IN033300049,41.3892,-87.7729,72,Clear,0,10,False,False,False,False,True,0.2
2026-08-24T00:28:18Z,IL,IL00039IS008500026,41.7285,-89.0105,72,Mostly Clear,0,10,False,False,False,False,True,0.2
2026-08-24T00:28:18Z,IL,IL00070IE008600051,39.0651,-88.6745,75,Partly Cloudy,0,3,False,False,False,False,True,0.2
2026-08-24T00:28:18Z,IL,IL00064IE002500038,38.5481,-89.7731,78,Partly Cloudy,0,3,False,False,False,False,True,0.2
2026-08-24T00:28:18Z,IL,IL00055IN019400031,40.8234,-88.6875,73,Mostly Clear,0,5,False,False,False,False,True,0.2
2026-08-24T00:28:18Z,IL,IL00080IE011700043,41.4314,-88.3454,74,Mostly Clear,0,10,False,False,False,False,True,0.2
2026-08-24T00:28:18Z,IL,IL00074IW015600009,40.2711,-88.6701,74,Mostly Clear,0,7,False,False,False,False,True,0.2
2026-08-24T00:28:18Z,IL,IL00057IN011400033,38.5963,-88.9638,74,Mostly Clear,0,3,False,False,False,False,True,0.2
2026-08-24T00:28:18Z,IL,IL00064IE008500039,38.273,-88.8496,74,Partly Cloudy,0,1,False,False,False,False,True,0.2
2026-08-24T00:28:18Z,IL,IL00055IS006400017,39.3523,-89.6447,72,Partly Cloudy,0,5,False,False,False,False,True,0.2
2026-08-24T00:28:18Z,IL,IL00057IS026800022,40.5613,-88.0615,70,Mostly Clear,0,5,False,False,False,False,True,0.2
2026-08-24T00:28:18Z,IL,IL00080IE005100040,41.3938,-89.5665,76,Partly Cloudy,0,5,False,False,False,False,True,0.2
2026-08-24T00:28:18Z,IL,IL00055IS002700019,38.8723,-89.8511,75,Partly Cloudy,0,6,False,False,False,False,True,0.2
2026-08-24T00:28:18Z,IL,IL00070IW002700015,38.7884,-89.6889,74,Partly Cloudy,0,3,False,False,False,False,True,0.2
2026-08-24T00:28:18Z,IL,IL00064IW013000053,38.2322,-87.9882,75,Partly Cloudy,0,2,False,False,False,False,True,0.2
2026-08-24T00:28:18Z,IL,IL00074IW020800052,40.1298,-87.7441,76,Partly Cloudy,0,6,False,False,False,False,True,0.2
2026-08-24T00:28:18Z,IL,IL00074IE011400005,40.6125,-89.245,73,Mostly Clear,0,7,False,False,False,False,True,0.2
2026-08-24T00:28:18Z,IL,IL00074IW006200004,40.8802,-90.0895,73,Mostly Clear,0,3,False,False,False,False,True,0.2
2026-08-24T00:28:18Z,IL,IL00070IW008700045,39.0679,-88.6704,75,Partly Cloudy,0,3,False,False,False,False,True,0.2
2026-08-24T00:28:18Z,IL,IL00057IS016500018,39.1993,-88.502,78,Mostly Clear,0,7,False,False,False,False,True,0.2
2026-08-24T00:28:18Z,IL,IL00074IW011400006,40.6111,-89.2323,73,Mostly Clear,0,7,False,False,False,False,True,0.2
2026-08-24T00:28:18Z,IL,IL00074IE006200001,40.8788,-90.0936,73,Mostly Clear,0,3,False,False,False,False,True,0.2
2026-08-24T00:28:18Z,IL,IL00070IW014900008,39.4228,-87.6617,78,Partly Cloudy,0,7,False,False,False,False,True,0.2
2026-08-24T00:28:18Z,IL,IL00057IN016500044,39.1898,-88.5031,77,Mostly Clear,0,6,False,False,False,False,True,0.2
2026-08-24T00:28:18Z,IL,IL00055IS010400024,39.8871,-89.5966,73,Mostly Clear,0,5,False,False,False,False,True,0.2
2026-08-24T00:28:18Z,IL,IL00057IS003200025,37.4699,-89.1329,79,Mostly Cloudy,0,2,False,False,False,False,True,0.2
2026-08-24T00:28:18Z,IL,IL00057IN003200035,37.4661,-89.1324,79,Mostly Cloudy,0,2,False,False,False,False,True,0.2
2026-08-24T00:28:18Z,IN,322,38.195,-87.8597,75,Partly Cloudy,0,3,False,False,False,False,True,0.2
2026-08-24T00:28:18Z,IN,317,38.5852,-85.7768,79,Partly Cloudy,0,5,False,False,False,False,True,0.2
2026-08-24T00:28:18Z,IN,316,38.5859,-85.7809,79,Partly Cloudy,0,5,False,False,False,False,True,0.2
2026-08-24T00:28:18Z,IN,315,39.2602,-85.9521,77,Partly Cloudy,0,3,False,False,False,False,True,0.2
2026-08-24T00:28:18Z,IN,314,39.2767,-85.9569,77,Partly Cloudy,0,2,False,False,False,False,True,0.2
2026-08-24T00:28:18Z,IN,313,40.1578,-86.5387,71,Mostly Clear,1,3,False,False,False,False,True,0.2
2026-08-24T00:28:18Z,IN,312,40.1722,-86.5522,71,Mostly Clear,1,3,False,False,False,False,True,0.2
2026-08-24T00:28:18Z,IN,311,40.6992,-87.0628,72,Mostly Clear,0,5,False,False,False,False,True,0.2
2026-08-24T00:28:18Z,IN,310,40.6984,-87.0646,72,Mostly Clear,0,5,False,False,False,False,True,0.2
2026-08-24T00:28:18Z,IN,308,41.1653,-87.271,71,Mostly Clear,0,5,False,False,False,False,True,0.2
2026-08-24T00:28:18Z,IN,309,41.1666,-87.2749,71,Mostly Clear,0,5,False,False,False,False,True,0.2
2026-08-24T00:28:18Z,IN,318,40.3543,-85.5576,68,Partly Cloudy,2,3,False,False,False,False,True,0.2
2026-08-24T00:28:18Z,IN,319,40.3569,-85.56,68,Partly Cloudy,2,3,False,False,False,False,True,0.2
2026-08-24T00:28:18Z,IN,320,41.2963,-85.0863,65,Mostly Clear,0,10,False,False,False,False,True,0.2
2026-08-24T00:28:18Z,IN,321,41.5803,-85.0597,67,Mostly Clear,6,15,False,False,False,False,True,0.2
2026-08-24T00:28:18Z,IN,300,39.4417,-87.5002,73,Partly Cloudy,0,1,False,False,False,False,True,0.2
2026-08-24T00:28:18Z,IN,302,39.6517,-86.3967,74,Partly Cloudy,1,8,False,False,False,False,True,0.2
2026-08-24T00:28:18Z,IN,301,39.6541,-86.4005,74,Partly Cloudy,1,8,False,False,False,False,True,0.2
2026-08-24T00:28:18Z,IN,303,39.8243,-85.7039,75,Mostly Cloudy,3,2,False,False,False,False,True,0.2
2026-08-24T00:28:18Z,IN,304,39.8266,-85.704,75,Mostly Cloudy,3,2,False,False,False,False,True,0.2
2026-08-24T00:28:18Z,IN,305,39.8605,-85.0259,69,Mostly Cloudy,13,6,False,False,False,False,True,0.2
2026-08-24T00:28:18Z,IN,323,39.29,-85.1688,69,Mostly Cloudy,10,3,False,False,False,False,True,0.2
2026-08-24T00:28:18Z,IN,702,41.7472,-85.3285,65,Mostly Clear,1,10,False,False,False,False,True,0.2
2026-08-24T00:28:18Z,IN,701,41.5889,-87.2173,69,Partly Cloudy,1,5,False,False,False,False,True,0.2
2026-08-24T00:28:18Z,IN,704,41.7058,-86.6212,66,Mostly Clear,4,5,False,False,False,False,True,0.2
2026-08-24T00:28:18Z,IN,703,41.7071,-86.6235,66,Mostly Clear,4,5,False,False,False,False,True,0.2
2026-08-24T00:28:18Z,IN,705,41.733,-86.0057,68,Mostly Clear,0,10,False,False,False,False,True,0.2
2026-08-24T00:28:18Z,IN,708,41.7472,-85.3285,65,Mostly Clear,1,10,False,False,False,False,True,0.2
2026-08-24T00:28:18Z,IN,707,41.7453,-85.3287,65,Mostly Clear,1,10,False,False,False,False,True,0.2
2026-08-24T00:28:18Z,IN,324,41.7353,-86.7933,68,Partly Cloudy,5,5,False,False,False,False,True,0.2
2026-08-24T00:28:18Z,KY,KY00065IS0000020N65WELCOM,36.6434,-86.5687,76,Partly Cloudy,0,5,False,False,False,False,False,0.0
2026-08-24T00:28:18Z,KY,KY00065IS000020NSMARATHON,36.6612,-86.5553,80,Mostly Clear,0,6,False,False,False,False,False,0.0
2026-08-24T00:28:18Z,KY,KY00065IS0000340NWEIGHS34,36.6868,-86.5379,81,Mostly Clear,0,6,False,False,False,False,False,0.0
2026-08-24T00:28:18Z,KY,KY00065IS0011400S65SRA114,37.9464,-85.6905,77,Partly Cloudy,0,6,False,False,False,False,False,0.0
2026-08-24T00:28:18Z,KY,KY00065IS0005900S65SRA059,37.239,-85.9297,76,Partly Cloudy,0,2,False,False,False,False,False,0.0
2026-08-24T00:28:18Z,KY,KY00065IS0005900N65NRA059,37.2384,-85.9271,76,Partly Cloudy,0,2,False,False,False,False,False,0.0
2026-08-24T00:28:18Z,KY,KY00075IS0003300NWEIGHS33,37.0422,-84.0968,73,Mostly Cloudy,0,3,False,False,False,False,False,0.0
2026-08-24T00:28:18Z,KY,KY00075IS0003400SWEIGHS34,37.048,-84.0997,78,Partly Cloudy,0,5,False,False,False,False,False,0.0
2026-08-24T00:28:18Z,KY,KY00075IS0017700N75NRA177,38.937,-84.6309,71,Partly Cloudy,10,6,False,False,False,False,False,0.0
2026-08-24T00:28:18Z,KY,KY00075IS0007500SWALTONWS,38.8653,-84.6476,76,Partly Cloudy,10,6,False,False,False,False,False,0.0
2026-08-24T00:28:18Z,KY,KY00075IS0017700S75SRA177,38.9388,-84.6339,71,Partly Cloudy,10,6,False,False,False,False,False,0.0
2026-08-24T00:28:18Z,KY,KY00075IS0016800SCRITENWS,38.8196,-84.6015,76,Partly Cloudy,10,6,False,False,False,False,False,0.0
2026-08-24T00:28:18Z,KY,KY00075IS0000100N75WELCOM,36.6162,-84.1054,75,Partly Cloudy,0,2,False,False,False,False,False,0.0
2026-08-24T00:28:22Z,IL,IL00057IN007900034,38.0297,-88.9203,78,Partly Cloudy,0,2,False,False,False,False,True,0.2
2026-08-24T00:28:22Z,IL,IL00057IS022200054,39.9314,-88.3043,73,Mostly Clear,0,6,False,False,False,False,True,0.2
2026-08-24T00:28:22Z,IL,IL00039IN008500036,41.7236,-89.0062,72,Mostly Clear,0,10,False,False,False,False,True,0.2
2026-08-24T00:28:22Z,IL,IL00055IS019400021,40.8371,-88.6833,73,Mostly Clear,0,5,False,False,False,False,True,0.2
2026-08-24T00:28:22Z,IL,IL00057IN022200048,39.9218,-88.299,73,Mostly Clear,0,6,False,False,False,False,True,0.2
2026-08-24T00:28:22Z,IL,IL00055IN006400027,39.3465,-89.6408,72,Partly Cloudy,0,5,False,False,False,False,True,0.2
2026-08-24T00:28:22Z,IL,IL00070IE002700042,38.7849,-89.7023,74,Partly Cloudy,0,5,False,False,False,False,True,0.2
2026-08-24T00:28:22Z,IL,IL00057IN026800032,40.5505,-88.0605,70,Mostly Clear,0,5,False,False,False,False,True,0.2
2026-08-24T00:28:22Z,IL,IL00064IW002500011,38.5491,-89.7633,78,Partly Cloudy,0,3,False,False,False,False,True,0.2
2026-08-24T00:28:22Z,IL,IL00024IW003700010,37.1593,-88.6798,75,Mostly Cloudy,0,2,False,False,False,False,True,0.2
2026-08-24T00:28:22Z,IL,IL00074IE002800030,41.2334,-90.333,75,Mostly Clear,0,5,False,False,False,False,True,0.2
2026-08-24T00:28:22Z,IL,IL00080IW005100013,41.3937,-89.5591,73,Mostly Clear,0,5,False,False,False,False,True,0.2
2026-08-24T00:28:22Z,IL,IL00055IN010400050,39.8627,-89.5948,75,Mostly Clear,0,7,False,False,False,False,True,0.2
2026-08-24T00:28:22Z,IL,IL00055IN002700029,38.8649,-89.8532,75,Partly Cloudy,0,6,False,False,False,False,True,0.2
2026-08-24T00:28:22Z,IL,IL00074IE015600037,40.2732,-88.6762,74,Mostly Clear,0,7,False,False,False,False,True,0.2
2026-08-24T00:28:22Z,IL,IL00072IE015200041,39.9923,-88.7827,72,Mostly Clear,0,7,False,False,False,False,True,0.2
2026-08-24T00:28:22Z,IL,IL00080IW011700016,41.4473,-88.3285,72,Mostly Clear,0,5,False,False,False,False,True,0.2
2026-08-24T00:28:22Z,IL,IL00057IS011400023,38.5965,-88.9677,74,Mostly Clear,0,3,False,False,False,False,True,0.2
2026-08-24T00:28:22Z,IL,IL00057IS033300046,41.3918,-87.7749,72,Clear,0,10,False,False,False,False,True,0.2
2026-08-24T00:28:22Z,IL,IL00057IS007900047,38.0962,-88.9138,77,Partly Cloudy,0,2,False,False,False,False,True,0.2
2026-08-24T00:28:22Z,IL,IL00072IW015200014,39.9888,-88.7852,72,Mostly Clear,0,7,False,False,False,False,True,0.2
2026-08-24T00:28:22Z,IL,IL00055IN014900028,40.3599,-89.1099,74,Mostly Clear,0,6,False,False,False,False,True,0.2
2026-08-24T00:28:22Z,IL,IL00074IW002800020,41.2141,-90.3308,72,Mostly Clear,0,5,False,False,False,False,True,0.2
2026-08-24T00:28:22Z,IL,IL00064IW008500012,38.2766,-88.8012,77,Partly Cloudy,0,2,False,False,False,False,True,0.2
2026-08-24T00:28:22Z,IL,IL00057IN033300049,41.3892,-87.7729,72,Clear,0,10,False,False,False,False,True,0.2
2026-08-24T00:28:22Z,IL,IL00039IS008500026,41.7285,-89.0105,72,Mostly Clear,0,10,False,False,False,False,True,0.2
2026-08-24T00:28:22Z,IL,IL00070IE008600051,39.0651,-88.6745,75,Partly Cloudy,0,3,False,False,False,False,True,0.2
2026-08-24T00:28:22Z,IL,IL00064IE002500038,38.5481,-89.7731,78,Partly Cloudy,0,3,False,False,False,False,True,0.2
2026-08-24T00:28:22Z,IL,IL00055IN019400031,40.8234,-88.6875,73,Mostly Clear,0,5,False,False,False,False,True,0.2
2026-08-24T00:28:22Z,IL,IL00080IE011700043,41.4314,-88.3454,74,Mostly Clear,0,10,False,False,False,False,True,0.2
2026-08-24T00:28:22Z,IL,IL00074IW015600009,40.2711,-88.6701,74,Mostly Clear,0,7,False,False,False,False,True,0.2
2026-08-24T00:28:22Z,IL,IL00057IN011400033,38.5963,-88.9638,74,Mostly Clear,0,3,False,False,False,False,True,0.2
2026-08-24T00:28:22Z,IL,IL00064IE008500039,38.273,-88.8496,74,Partly Cloudy,0,1,False,False,False,False,True,0.2
2026-08-24T00:28:22Z,IL,IL00055IS006400017,39.3523,-89.6447,72,Partly Cloudy,0,5,False,False,False,False,True,0.2
2026-08-24T00:28:22Z,IL,IL00057IS026800022,40.5613,-88.0615,70,Mostly Clear,0,5,False,False,False,False,True,0.2
2026-08-24T00:28:22Z,IL,IL00080IE005100040,41.3938,-89.5665,76,Partly Cloudy,0,5,False,False,False,False,True,0.2
2026-08-24T00:28:22Z,IL,IL00055IS002700019,38.8723,-89.8511,75,Partly Cloudy,0,6,False,False,False,False,True,0.2
2026-08-24T00:28:22Z,IL,IL00070IW002700015,38.7884,-89.6889,74,Partly Cloudy,0,3,False,False,False,False,True,0.2
2026-08-24T00:28:22Z,IL,IL00064IW013000053,38.2322,-87.9882,75,Partly Cloudy,0,2,False,False,False,False,True,0.2
2026-08-24T00:28:22Z,IL,IL00074IW020800052,40.1298,-87.7441,76,Partly Cloudy,0,6,False,False,False,False,True,0.2
2026-08-24T00:28:22Z,IL,IL00074IE011400005,40.6125,-89.245,73,Mostly Clear,0,7,False,False,False,False,True,0.2
2026-08-24T00:28:22Z,IL,IL00074IW006200004,40.8802,-90.0895,73,Mostly Clear,0,3,False,False,False,False,True,0.2
2026-08-24T00:28:22Z,IL,IL00070IW008700045,39.0679,-88.6704,75,Partly Cloudy,0,3,False,False,False,False,True,0.2
2026-08-24T00:28:22Z,IL,IL00057IS016500018,39.1993,-88.502,78,Mostly Clear,0,7,False,False,False,False,True,0.2
2026-08-24T00:28:22Z,IL,IL00074IW011400006,40.6111,-89.2323,73,Mostly Clear,0,7,False,False,False,False,True,0.2
2026-08-24T00:28:22Z,IL,IL00074IE006200001,40.8788,-90.0936,73,Mostly Clear,0,3,False,False,False,False,True,0.2
2026-08-24T00:28:22Z,IL,IL00070IW014900008,39.4228,-87.6617,78,Partly Cloudy,0,7,False,False,False,False,True,0.2
2026-08-24T00:28:22Z,IL,IL00057IN016500044,39.1898,-88.5031,77,Mostly Clear,0,6,False,False,False,False,True,0.2
2026-08-24T00:28:22Z,IL,IL00055IS010400024,39.8871,-89.5966,73,Mostly Clear,0,5,False,False,False,False,True,0.2
2026-08-24T00:28:22Z,IL,IL00057IS003200025,37.4699,-89.1329,79,Mostly Cloudy,0,2,False,False,False,False,True,0.2
2026-08-24T00:28:22Z,IL,IL00057IN003200035,37.4661,-89.1324,79,Mostly Cloudy,0,2,False,False,False,False,True,0.2
2026-08-24T00:28:22Z,IN,322,38.195,-87.8597,75,Partly Cloudy,0,3,False,False,False,False,True,0.2
2026-08-24T00:28:22Z,IN,317,38.5852,-85.7768,79,Partly Cloudy,0,5,False,False,False,False,True,0.2
2026-08-24T00:28:22Z,IN,316,38.5859,-85.7809,79,Partly Cloudy,0,5,False,False,False,False,True,0.2
2026-08-24T00:28:22Z,IN,315,39.2602,-85.9521,77,Partly Cloudy,0,3,False,False,False,False,True,0.2
2026-08-24T00:28:22Z,IN,314,39.2767,-85.9569,77,Partly Cloudy,0,2,False,False,False,False,True,0.2
2026-08-24T00:28:22Z,IN,313,40.1578,-86.5387,71,Mostly Clear,1,3,False,False,False,False,True,0.2
2026-08-24T00:28:22Z,IN,312,40.1722,-86.5522,71,Mostly Clear,1,3,False,False,False,False,True,0.2
2026-08-24T00:28:22Z,IN,311,40.6992,-87.0628,72,Mostly Clear,0,5,False,False,False,False,True,0.2
2026-08-24T00:28:22Z,IN,310,40.6984,-87.0646,72,Mostly Clear,0,5,False,False,False,False,True,0.2
2026-08-24T00:28:22Z,IN,308,41.1653,-87.271,71,Mostly Clear,0,5,False,False,False,False,True,0.2
2026-08-24T00:28:22Z,IN,309,41.1666,-87.2749,71,Mostly Clear,0,5,False,False,False,False,True,0.2
2026-08-24T00:28:22Z,IN,318,40.3543,-85.5576,68,Partly Cloudy,2,3,False,False,False,False,True,0.2
2026-08-24T00:28:22Z,IN,319,40.3569,-85.56,68,Partly Cloudy,2,3,False,False,False,False,True,0.2
2026-08-24T00:28:22Z,IN,320,41.2963,-85.0863,65,Mostly Clear,0,10,False,False,False,False,True,0.2
2026-08-24T00:28:22Z,IN,321,41.5803,-85.0597,67,Mostly Clear,6,15,False,False,False,False,True,0.2
2026-08-24T00:28:22Z,IN,300,39.4417,-87.5002,73,Partly Cloudy,0,1,False,False,False,False,True,0.2
2026-08-24T00:28:22Z,IN,302,39.6517,-86.3967,74,Partly Cloudy,1,8,False,False,False,False,True,0.2
2026-08-24T00:28:22Z,IN,301,39.6541,-86.4005,74,Partly Cloudy,1,8,False,False,False,False,True,0.2
2026-08-24T00:28:22Z,IN,303,39.8243,-85.7039,75,Mostly Cloudy,3,2,False,False,False,False,True,0.2
2026-08-24T00:28:22Z,IN,304,39.8266,-85.704,75,Mostly Cloudy,3,2,False,False,False,False,True,0.2
2026-08-24T00:28:22Z,IN,305,39.8605,-85.0259,69,Mostly Cloudy,13,6,False,False,False,False,True,0.2
2026-08-24T00:28:22Z,IN,323,39.29,-85.1688,69,Mostly Cloudy,10,3,False,False,False,False,True,0.2
2026-08-24T00:28:22Z,IN,702,41.7472,-85.3285,65,Mostly Clear,1,10,False,False,False,False,True,0.2
2026-08-24T00:28:22Z,IN,701,41.5889,-87.2173,71,Partly Cloudy,0,10,False,False,False,False,True,0.2
2026-08-24T00:28:22Z,IN,704,41.7058,-86.6212,66,Mostly Clear,4,5,False,False,False,False,True,0.2
2026-08-24T00:28:22Z,IN,703,41.7071,-86.6235,66,Mostly Clear,4,5,False,False,False,False,True,0.2
2026-08-24T00:28:22Z,IN,705,41.733,-86.0057,68,Mostly Clear,0,10,False,False,False,False,True,0.2
2026-08-24T00:28:22Z,IN,708,41.7472,-85.3285,65,Mostly Clear,1,10,False,False,False,False,True,0.2
2026-08-24T00:28:22Z,IN,707,41.7453,-85.3287,65,Mostly Clear,1,10,False,False,False,False,True,0.2
2026-08-24T00:28:22Z,IN,324,41.7353,-86.7933,68,Partly Cloudy,5,5,False,False,False,False,True,0.2
2026-08-24T00:28:22Z,KY,KY00065IS0000020N65WELCOM,36.6434,-86.5687,76,Partly Cloudy,0,5,False,False,False,False,False,0.0
2026-08-24T00:28:22Z,KY,KY00065IS000020NSMARATHON,36.6612,-86.5553,80,Mostly Clear,0,6,False,False,False,False,False,0.0
2026-08-24T00:28:22Z,KY,KY00065IS0000340NWEIGHS34,36.6868,-86.5379,81,Mostly Clear,0,6,False,False,False,False,False,0.0
2026-08-24T00:28:22Z,KY,KY00065IS0011400S65SRA114,37.9464,-85.6905,77,Partly Cloudy,0,6,False,False,False,False,False,0.0
2026-08-24T00:28:22Z,KY,KY00065IS0005900S65SRA059,37.239,-85.9297,76,Partly Cloudy,0,2,False,False,False,False,False,0.0
2026-08-24T00:28:22Z,KY,KY00065IS0005900N65NRA059,37.2384,-85.9271,76,Partly Cloudy,0,2,False,False,False,False,False,0.0
2026-08-24T00:28:22Z,KY,KY00075IS0003300NWEIGHS33,37.0422,-84.0968,73,Mostly Cloudy,0,3,False,False,False,False,False,0.0
2026-08-24T00:28:22Z,KY,KY00075IS0003400SWEIGHS34,37.048,-84.0997,78,Partly Cloudy,0,5,False,False,False,False,False,0.0
2026-08-24T00:28:22Z,KY,KY00075IS0017700N75NRA177,38.937,-84.6309,71,Partly Cloudy,10,6,False,False,False,False,False,0.0
2026-08-24T00:28:22Z,KY,KY00075IS0007500SWALTONWS,38.8653,-84.6476,71,Partly Cloudy,10,5,False,False,False,False,False,0.0
2026-08-24T00:28:22Z,KY,KY00075IS0017700S75SRA177,38.9388,-84.6339,71,Partly Cloudy,10,6,False,False,False,False,False,0.0
2026-08-24T00:28:22Z,KY,KY00075IS0016800SCRITENWS,38.8196,-84.6015,76,Partly Cloudy,10,6,False,False,False,False,False,0.0
2026-08-24T00:28:22Z,KY,KY00075IS0000100N75WELCOM,36.6162,-84.1054,75,Partly Cloudy,0,2,False,False,False,False,False,0.0
2026-08-24T00:28:27Z,IL,IL00057IN007900034,38.0297,-88.9203,78,Partly Cloudy,0,2,False,False,False,False,True,0.2
2026-08-24T00:28:27Z,IL,IL00057IS022200054,39.9314,-88.3043,73,Mostly Clear,0,6,False,False,False,False,True,0.2
2026-08-24T00:28:27Z,IL,IL00039IN008500036,41.7236,-89.0062,72,Mostly Clear,0,10,False,False,False,False,True,0.2
2026-08-24T00:28:27Z,IL,IL00055IS019400021,40.8371,-88.6833,73,Mostly Clear,0,5,False,False,False,False,True,0.2
2026-08-24T00:28:27Z,IL,IL00057IN022200048,39.9218,-88.299,73,Mostly Clear,0,6,False,False,False,False,True,0.2
2026-08-24T00:28:27Z,IL,IL00055IN006400027,39.3465,-89.6408,72,Partly Cloudy,0,5,False,False,False,False,True,0.2
2026-08-24T00:28:27Z,IL,IL00070IE002700042,38.7849,-89.7023,74,Partly Cloudy,0,5,False,False,False,False,True,0.2
2026-08-24T00:28:27Z,IL,IL00057IN026800032,40.5505,-88.0605,70,Mostly Clear,0,5,False,False,False,False,True,0.2
2026-08-24T00:28:27Z,IL,IL00064IW002500011,38.5491,-89.7633,78,Partly Cloudy,0,3,False,False,False,False,True,0.2
2026-08-24T00:28:27Z,IL,IL00024IW003700010,37.1593,-88.6798,75,Mostly Cloudy,0,2,False,False,False,False,True,0.2
2026-08-24T00:28:27Z,IL,IL00074IE002800030,41.2334,-90.333,75,Mostly Clear,0,5,False,False,False,False,True,0.2
2026-08-24T00:28:27Z,IL,IL00080IW005100013,41.3937,-89.5591,73,Mostly Clear,0,5,False,False,False,False,True,0.2
2026-08-24T00:28:27Z,IL,IL00055IN010400050,39.8627,-89.5948,75,Mostly Clear,0,7,False,False,False,False,True,0.2
2026-08-24T00:28:27Z,IL,IL00055IN002700029,38.8649,-89.8532,75,Partly Cloudy,0,6,False,False,False,False,True,0.2
2026-08-24T00:28:27Z,IL,IL00074IE015600037,40.2732,-88.6762,74,Mostly Clear,0,7,False,False,False,False,True,0.2
2026-08-24T00:28:27Z,IL,IL00072IE015200041,39.9923,-88.7827,72,Mostly Clear,0,7,False,False,False,False,True,0.2
2026-08-24T00:28:27Z,IL,IL00080IW011700016,41.4473,-88.3285,72,Mostly Clear,0,5,False,False,False,False,True,0.2
2026-08-24T00:28:27Z,IL,IL00057IS011400023,38.5965,-88.9677,74,Mostly Clear,0,3,False,False,False,False,True,0.2
2026-08-24T00:28:27Z,IL,IL00057IS033300046,41.3918,-87.7749,72,Clear,0,10,False,False,False,False,True,0.2
2026-08-24T00:28:27Z,IL,IL00057IS007900047,38.0962,-88.9138,77,Partly Cloudy,0,2,False,False,False,False,True,0.2
2026-08-24T00:28:27Z,IL,IL00072IW015200014,39.9888,-88.7852,72,Mostly Clear,0,7,False,False,False,False,True,0.2
2026-08-24T00:28:27Z,IL,IL00055IN014900028,40.3599,-89.1099,74,Mostly Clear,0,6,False,False,False,False,True,0.2
2026-08-24T00:28:27Z,IL,IL00074IW002800020,41.2141,-90.3308,75,Mostly Clear,0,5,False,False,False,False,True,0.2
2026-08-24T00:28:27Z,IL,IL00064IW008500012,38.2766,-88.8012,77,Partly Cloudy,0,2,False,False,False,False,True,0.2
2026-08-24T00:28:27Z,IL,IL00057IN033300049,41.3892,-87.7729,72,Clear,0,10,False,False,False,False,True,0.2
2026-08-24T00:28:27Z,IL,IL00039IS008500026,41.7285,-89.0105,72,Mostly Clear,0,10,False,False,False,False,True,0.2
2026-08-24T00:28:27Z,IL,IL00070IE008600051,39.0651,-88.6745,75,Partly Cloudy,0,3,False,False,False,False,True,0.2
2026-08-24T00:28:27Z,IL,IL00064IE002500038,38.5481,-89.7731,78,Partly Cloudy,0,3,False,False,False,False,True,0.2
2026-08-24T00:28:27Z,IL,IL00055IN019400031,40.8234,-88.6875,73,Mostly Clear,0,5,False,False,False,False,True,0.2
2026-08-24T00:28:27Z,IL,IL00080IE011700043,41.4314,-88.3454,74,Mostly Clear,0,10,False,False,False,False,True,0.2
2026-08-24T00:28:27Z,IL,IL00074IW015600009,40.2711,-88.6701,74,Mostly Clear,0,7,False,False,False,False,True,0.2
2026-08-24T00:28:27Z,IL,IL00057IN011400033,38.5963,-88.9638,74,Mostly Clear,0,3,False,False,False,False,True,0.2
2026-08-24T00:28:27Z,IL,IL00064IE008500039,38.273,-88.8496,74,Partly Cloudy,0,1,False,False,False,False,True,0.2
2026-08-24T00:28:27Z,IL,IL00055IS006400017,39.3523,-89.6447,72,Partly Cloudy,0,5,False,False,False,False,True,0.2
2026-08-24T00:28:27Z,IL,IL00057IS026800022,40.5613,-88.0615,70,Mostly Clear,0,5,False,False,False,False,True,0.2
2026-08-24T00:28:27Z,IL,IL00080IE005100040,41.3938,-89.5665,76,Partly Cloudy,0,5,False,False,False,False,True,0.2
2026-08-24T00:28:27Z,IL,IL00055IS002700019,38.8723,-89.8511,75,Partly Cloudy,0,6,False,False,False,False,True,0.2
2026-08-24T00:28:27Z,IL,IL00070IW002700015,38.7884,-89.6889,74,Partly Cloudy,0,3,False,False,False,False,True,0.2
2026-08-24T00:28:27Z,IL,IL00064IW013000053,38.2322,-87.9882,75,Partly Cloudy,0,2,False,False,False,False,True,0.2
2026-08-24T00:28:27Z,IL,IL00074IW020800052,40.1298,-87.7441,76,Partly Cloudy,0,6,False,False,False,False,True,0.2
2026-08-24T00:28:27Z,IL,IL00074IE011400005,40.6125,-89.245,73,Mostly Clear,0,7,False,False,False,False,True,0.2
2026-08-24T00:28:27Z,IL,IL00074IW006200004,40.8802,-90.0895,73,Mostly Clear,0,3,False,False,False,False,True,0.2
2026-08-24T00:28:27Z,IL,IL00070IW008700045,39.0679,-88.6704,75,Partly Cloudy,0,3,False,False,False,False,True,0.2
2026-08-24T00:28:27Z,IL,IL00057IS016500018,39.1993,-88.502,78,Mostly Clear,0,7,False,False,False,False,True,0.2
2026-08-24T00:28:27Z,IL,IL00074IW011400006,40.6111,-89.2323,73,Mostly Clear,0,7,False,False,False,False,True,0.2
2026-08-24T00:28:27Z,IL,IL00074IE006200001,40.8788,-90.0936,73,Mostly Clear,0,3,False,False,False,False,True,0.2
2026-08-24T00:28:27Z,IL,IL00070IW014900008,39.4228,-87.6617,78,Partly Cloudy,0,7,False,False,False,False,True,0.2
2026-08-24T00:28:27Z,IL,IL00057IN016500044,39.1898,-88.5031,77,Mostly Clear,0,6,False,False,False,False,True,0.2
2026-08-24T00:28:27Z,IL,IL00055IS010400024,39.8871,-89.5966,73,Mostly Clear,0,5,False,False,False,False,True,0.2
2026-08-24T00:28:27Z,IL,IL00057IS003200025,37.4699,-89.1329,79,Mostly Cloudy,0,2,False,False,False,False,True,0.2
2026-08-24T00:28:27Z,IL,IL00057IN003200035,37.4661,-89.1324,79,Mostly Cloudy,0,2,False,False,False,False,True,0.2
2026-08-24T00:28:27Z,IN,322,38.195,-87.8597,75,Partly Cloudy,0,3,False,False,False,False,True,0.2
2026-08-24T00:28:27Z,IN,317,38.5852,-85.7768,79,Partly Cloudy,0,5,False,False,False,False,True,0.2
2026-08-24T00:28:27Z,IN,316,38.5859,-85.7809,79,Partly Cloudy,0,5,False,False,False,False,True,0.2
2026-08-24T00:28:27Z,IN,315,39.2602,-85.9521,77,Partly Cloudy,0,3,False,False,False,False,True,0.2
2026-08-24T00:28:27Z,IN,314,39.2767,-85.9569,77,Partly Cloudy,0,2,False,False,False,False,True,0.2
2026-08-24T00:28:27Z,IN,313,40.1578,-86.5387,71,Mostly Clear,1,3,False,False,False,False,True,0.2
2026-08-24T00:28:27Z,IN,312,40.1722,-86.5522,71,Mostly Clear,1,3,False,False,False,False,True,0.2
2026-08-24T00:28:27Z,IN,311,40.6992,-87.0628,72,Mostly Clear,0,5,False,False,False,False,True,0.2
2026-08-24T00:28:27Z,IN,310,40.6984,-87.0646,72,Mostly Clear,0,5,False,False,False,False,True,0.2
2026-08-24T00:28:27Z,IN,308,41.1653,-87.271,71,Mostly Clear,0,5,False,False,False,False,True,0.2
2026-08-24T00:28:27Z,IN,309,41.1666,-87.2749,71,Mostly Clear,0,5,False,False,False,False,True,0.2
2026-08-24T00:28:27Z,IN,318,40.3543,-85.5576,68,Partly Cloudy,2,3,False,False,False,False,True,0.2
2026-08-24T00:28:27Z,IN,319,40.3569,-85.56,68,Partly Cloudy,2,3,False,False,False,False,True,0.2
2026-08-24T00:28:27Z,IN,320,41.2963,-85.0863,65,Mostly Clear,0,10,False,False,False,False,True,0.2
2026-08-24T00:28:27Z,IN,321,41.5803,-85.0597,67,Mostly Clear,6,15,False,False,False,False,True,0.2
2026-08-24T00:28:27Z,IN,300,39.4417,-87.5002,73,Partly Cloudy,0,1,False,False,False,False,True,0.2
2026-08-24T00:28:27Z,IN,302,39.6517,-86.3967,74,Partly Cloudy,1,8,False,False,False,False,True,0.2
2026-08-24T00:28:27Z,IN,301,39.6541,-86.4005,74,Partly Cloudy,1,8,False,False,False,False,True,0.2
2026-08-24T00:28:27Z,IN,303,39.8243,-85.7039,75,Mostly Cloudy,3,2,False,False,False,False,True,0.2
2026-08-24T00:28:27Z,IN,304,39.8266,-85.704,75,Mostly Cloudy,3,2,False,False,False,False,True,0.2
2026-08-24T00:28:27Z,IN,305,39.8605,-85.0259,69,Mostly Cloudy,13,6,False,False,False,False,True,0.2
2026-08-24T00:28:27Z,IN,323,39.29,-85.1688,69,Mostly Cloudy,10,3,False,False,False,False,True,0.2
2026-08-24T00:28:27Z,IN,702,41.7472,-85.3285,65,Mostly Clear,1,10,False,False,False,False,True,0.2
2026-08-24T00:28:27Z,IN,701,41.5889,-87.2173,69,Partly Cloudy,1,5,False,False,False,False,True,0.2
2026-08-24T00:28:27Z,IN,704,41.7058,-86.6212,66,Mostly Clear,4,5,False,False,False,False,True,0.2
2026-08-24T00:28:27Z,IN,703,41.7071,-86.6235,66,Mostly Clear,4,5,False,False,False,False,True,0.2
2026-08-24T00:28:27Z,IN,705,41.733,-86.0057,68,Mostly Clear,0,10,False,False,False,False,True,0.2
2026-08-24T00:28:27Z,IN,708,41.7472,-85.3285,65,Mostly Clear,1,10,False,False,False,False,True,0.2
2026-08-24T00:28:27Z,IN,707,41.7453,-85.3287,65,Mostly Clear,1,10,False,False,False,False,True,0.2
2026-08-24T00:28:27Z,IN,324,41.7353,-86.7933,68,Partly Cloudy,5,5,False,False,False,False,True,0.2
2026-08-24T00:28:27Z,KY,KY00065IS0000020N65WELCOM,36.6434,-86.5687,76,Partly Cloudy,0,5,False,False,False,False,False,0.0
2026-08-24T00:28:27Z,KY,KY00065IS000020NSMARATHON,36.6612,-86.5553,80,Mostly Clear,0,6,False,False,False,False,False,0.0
2026-08-24T00:28:27Z,KY,KY00065IS0000340NWEIGHS34,36.6868,-86.5379,81,Mostly Clear,0,6,False,False,False,False,False,0.0
2026-08-24T00:28:27Z,KY,KY00065IS0011400S65SRA114,37.9464,-85.6905,77,Partly Cloudy,0,6,False,False,False,False,False,0.0
2026-08-24T00:28:27Z,KY,KY00065IS0005900S65SRA059,37.239,-85.9297,76,Partly Cloudy,0,2,False,False,False,False,False,0.0
2026-08-24T00:28:27Z,KY,KY00065IS0005900N65NRA059,37.2384,-85.9271,76,Partly Cloudy,0,2,False,False,False,False,False,0.0
2026-08-24T00:28:27Z,KY,KY00075IS0003300NWEIGHS33,37.0422,-84.0968,73,Mostly Cloudy,0,3,False,False,False,False,False,0.0
2026-08-24T00:28:27Z,KY,KY00075IS0003400SWEIGHS34,37.048,-84.0997,78,Partly Cloudy,0,5,False,False,False,False,False,0.0
2026-08-24T00:28:27Z,KY,KY00075IS0017700N75NRA177,38.937,-84.6309,71,Partly Cloudy,10,6,False,False,False,False,False,0.0
2026-08-24T00:28:27Z,KY,KY00075IS0007500SWALTONWS,38.8653,-84.6476,71,Partly Cloudy,10,5,False,False,False,False,False,0.0
2026-08-24T00:28:27Z,KY,KY00075IS0017700S75SRA177,38.9388,-84.6339,71,Partly Cloudy,10,6,False,False,False,False,False,0.0
2026-08-24T00:28:27Z,KY,KY00075IS0016800SCRITENWS,38.8196,-84.6015,76,Partly Cloudy,10,6,False,False,False,False,False,0.0
2026-08-24T00:28:27Z,KY,KY00075IS0000100N75WELCOM,36.6162,-84.1054,75,Partly Cloudy,0,2,False,False,False,False,False,0.0
2026-08-24T00:28:31Z,IL,IL00057IN007900034,38.0297,-88.9203,78,Partly Cloudy,0,2,False,False,False,False,True,0.2
2026-08-24T00:28:31Z,IL,IL00057IS022200054,39.9314,-88.3043,73,Mostly Clear,0,6,False,False,False,False,True,0.2
2026-08-24T00:28:31Z,IL,IL00039IN008500036,41.7236,-89.0062,72,Mostly Clear,0,10,False,False,False,False,True,0.2
2026-08-24T00:28:31Z,IL,IL00055IS019400021,40.8371,-88.6833,73,Mostly Clear,0,5,False,False,False,False,True,0.2
2026-08-24T00:28:31Z,IL,IL00057IN022200048,39.9218,-88.299,73,Mostly Clear,0,6,False,False,False,False,True,0.2
2026-08-24T00:28:31Z,IL,IL00055IN006400027,39.3465,-89.6408,72,Partly Cloudy,0,5,False,False,False,False,True,0.2
2026-08-24T00:28:31Z,IL,IL00070IE002700042,38.7849,-89.7023,74,Partly Cloudy,0,5,False,False,False,False,True,0.2
2026-08-24T00:28:31Z,IL,IL00057IN026800032,40.5505,-88.0605,70,Mostly Clear,0,5,False,False,False,False,True,0.2
2026-08-24T00:28:31Z,IL,IL00064IW002500011,38.5491,-89.7633,78,Partly Cloudy,0,3,False,False,False,False,True,0.2
2026-08-24T00:28:31Z,IL,IL00024IW003700010,37.1593,-88.6798,75,Mostly Cloudy,0,2,False,False,False,False,True,0.2
2026-08-24T00:28:31Z,IL,IL00074IE002800030,41.2334,-90.333,75,Mostly Clear,0,5,False,False,False,False,True,0.2
2026-08-24T00:28:31Z,IL,IL00080IW005100013,41.3937,-89.5591,73,Mostly Clear,0,5,False,False,False,False,True,0.2
2026-08-24T00:28:31Z,IL,IL00055IN010400050,39.8627,-89.5948,75,Mostly Clear,0,7,False,False,False,False,True,0.2
2026-08-24T00:28:31Z,IL,IL00055IN002700029,38.8649,-89.8532,75,Partly Cloudy,0,6,False,False,False,False,True,0.2
2026-08-24T00:28:31Z,IL,IL00074IE015600037,40.2732,-88.6762,74,Mostly Clear,0,7,False,False,False,False,True,0.2
2026-08-24T00:28:31Z,IL,IL00072IE015200041,39.9923,-88.7827,72,Mostly Clear,0,7,False,False,False,False,True,0.2
2026-08-24T00:28:31Z,IL,IL00080IW011700016,41.4473,-88.3285,72,Mostly Clear,0,5,False,False,False,False,True,0.2
2026-08-24T00:28:31Z,IL,IL00057IS011400023,38.5965,-88.9677,74,Mostly Clear,0,3,False,False,False,False,True,0.2
2026-08-24T00:28:31Z,IL,IL00057IS033300046,41.3918,-87.7749,72,Clear,0,10,False,False,False,False,True,0.2
2026-08-24T00:28:31Z,IL,IL00057IS007900047,38.0962,-88.9138,77,Partly Cloudy,0,2,False,False,False,False,True,0.2
2026-08-24T00:28:31Z,IL,IL00072IW015200014,39.9888,-88.7852,72,Mostly Clear,0,7,False,False,False,False,True,0.2
2026-08-24T00:28:31Z,IL,IL00055IN014900028,40.3599,-89.1099,74,Mostly Clear,0,6,False,False,False,False,True,0.2
2026-08-24T00:28:31Z,IL,IL00074IW002800020,41.2141,-90.3308,75,Mostly Clear,0,5,False,False,False,False,True,0.2
2026-08-24T00:28:31Z,IL,IL00064IW008500012,38.2766,-88.8012,77,Partly Cloudy,0,2,False,False,False,False,True,0.2
2026-08-24T00:28:31Z,IL,IL00057IN033300049,41.3892,-87.7729,72,Clear,0,10,False,False,False,False,True,0.2
2026-08-24T00:28:31Z,IL,IL00039IS008500026,41.7285,-89.0105,72,Mostly Clear,0,10,False,False,False,False,True,0.2
2026-08-24T00:28:31Z,IL,IL00070IE008600051,39.0651,-88.6745,75,Partly Cloudy,0,3,False,False,False,False,True,0.2
2026-08-24T00:28:31Z,IL,IL00064IE002500038,38.5481,-89.7731,78,Partly Cloudy,0,3,False,False,False,False,True,0.2
2026-08-24T00:28:31Z,IL,IL00055IN019400031,40.8234,-88.6875,73,Mostly Clear,0,5,False,False,False,False,True,0.2
2026-08-24T00:28:31Z,IL,IL00080IE011700043,41.4314,-88.3454,74,Mostly Clear,0,10,False,False,False,False,True,0.2
2026-08-24T00:28:31Z,IL,IL00074IW015600009,40.2711,-88.6701,74,Mostly Clear,0,7,False,False,False,False,True,0.2
2026-08-24T00:28:31Z,IL,IL00057IN011400033,38.5963,-88.9638,74,Mostly Clear,0,3,False,False,False,False,True,0.2
2026-08-24T00:28:31Z,IL,IL00064IE008500039,38.273,-88.8496,74,Partly Cloudy,0,1,False,False,False,False,True,0.2
2026-08-24T00:28:31Z,IL,IL00055IS006400017,39.3523,-89.6447,72,Partly Cloudy,0,5,False,False,False,False,True,0.2
2026-08-24T00:28:31Z,IL,IL00057IS026800022,40.5613,-88.0615,70,Mostly Clear,0,5,False,False,False,False,True,0.2
2026-08-24T00:28:31Z,IL,IL00080IE005100040,41.3938,-89.5665,76,Partly Cloudy,0,5,False,False,False,False,True,0.2
2026-08-24T00:28:31Z,IL,IL00055IS002700019,38.8723,-89.8511,75,Partly Cloudy,0,6,False,False,False,False,True,0.2
2026-08-24T00:28:31Z,IL,IL00070IW002700015,38.7884,-89.6889,74,Partly Cloudy,0,3,False,False,False,False,True,0.2
2026-08-24T00:28:31Z,IL,IL00064IW013000053,38.2322,-87.9882,75,Partly Cloudy,0,2,False,False,False,False,True,0.2
2026-08-24T00:28:31Z,IL,IL00074IW020800052,40.1298,-87.7441,76,Partly Cloudy,0,6,False,False,False,False,True,0.2
2026-08-24T00:28:31Z,IL,IL00074IE011400005,40.6125,-89.245,73,Mostly Clear,0,7,False,False,False,False,True,0.2
2026-08-24T00:28:31Z,IL,IL00074IW006200004,40.8802,-90.0895,73,Mostly Clear,0,3,False,False,False,False,True,0.2
2026-08-24T00:28:31Z,IL,IL00070IW008700045,39.0679,-88.6704,75,Partly Cloudy,0,3,False,False,False,False,True,0.2
2026-08-24T00:28:31Z,IL,IL00057IS016500018,39.1993,-88.502,78,Mostly Clear,0,7,False,False,False,False,True,0.2
2026-08-24T00:28:31Z,IL,IL00074IW011400006,40.6111,-89.2323,73,Mostly Clear,0,7,False,False,False,False,True,0.2
2026-08-24T00:28:31Z,IL,IL00074IE006200001,40.8788,-90.0936,73,Mostly Clear,0,3,False,False,False,False,True,0.2
2026-08-24T00:28:31Z,IL,IL00070IW014900008,39.4228,-87.6617,78,Partly Cloudy,0,7,False,False,False,False,True,0.2
2026-08-24T00:28:31Z,IL,IL00057IN016500044,39.1898,-88.5031,77,Mostly Clear,0,6,False,False,False,False,True,0.2
2026-08-24T00:28:31Z,IL,IL00055IS010400024,39.8871,-89.5966,73,Mostly Clear,0,5,False,False,False,False,True,0.2
2026-08-24T00:28:31Z,IL,IL00057IS003200025,37.4699,-89.1329,79,Mostly Cloudy,0,2,False,False,False,False,True,0.2
2026-08-24T00:28:31Z,IL,IL00057IN003200035,37.4661,-89.1324,79,Mostly Cloudy,0,2,False,False,False,False,True,0.2
2026-08-24T00:28:31Z,IN,322,38.195,-87.8597,75,Partly Cloudy,0,3,False,False,False,False,True,0.2
2026-08-24T00:28:31Z,IN,317,38.5852,-85.7768,79,Partly Cloudy,0,5,False,False,False,False,True,0.2
2026-08-24T00:28:31Z,IN,316,38.5859,-85.7809,79,Partly Cloudy,0,5,False,False,False,False,True,0.2
2026-08-24T00:28:31Z,IN,315,39.2602,-85.9521,77,Partly Cloudy,0,3,False,False,False,False,True,0.2
2026-08-24T00:28:31Z,IN,314,39.2767,-85.9569,77,Partly Cloudy,0,2,False,False,False,False,True,0.2
2026-08-24T00:28:31Z,IN,313,40.1578,-86.5387,71,Mostly Clear,1,3,False,False,False,False,True,0.2
2026-08-24T00:28:31Z,IN,312,40.1722,-86.5522,71,Mostly Clear,1,3,False,False,False,False,True,0.2
2026-08-24T00:28:31Z,IN,311,40.6992,-87.0628,72,Mostly Clear,0,5,False,False,False,False,True,0.2
2026-08-24T00:28:31Z,IN,310,40.6984,-87.0646,72,Mostly Clear,0,5,False,False,False,False,True,0.2
2026-08-24T00:28:31Z,IN,308,41.1653,-87.271,71,Mostly Clear,0,5,False,False,False,False,True,0.2
2026-08-24T00:28:31Z,IN,309,41.1666,-87.2749,71,Mostly Clear,0,5,False,False,False,False,True,0.2
2026-08-24T00:28:31Z,IN,318,40.3543,-85.5576,68,Partly Cloudy,2,3,False,False,False,False,True,0.2
2026-08-24T00:28:31Z,IN,319,40.3569,-85.56,68,Partly Cloudy,2,3,False,False,False,False,True,0.2
2026-08-24T00:28:31Z,IN,320,41.2963,-85.0863,65,Mostly Clear,0,10,False,False,False,False,True,0.2
2026-08-24T00:28:31Z,IN,321,41.5803,-85.0597,67,Mostly Clear,6,15,False,False,False,False,True,0.2
2026-08-24T00:28:31Z,IN,300,39.4417,-87.5002,73,Partly Cloudy,0,1,False,False,False,False,True,0.2
2026-08-24T00:28:31Z,IN,302,39.6517,-86.3967,74,Partly Cloudy,1,8,False,False,False,False,True,0.2
2026-08-24T00:28:31Z,IN,301,39.6541,-86.4005,74,Partly Cloudy,1,8,False,False,False,False,True,0.2
2026-08-24T00:28:31Z,IN,303,39.8243,-85.7039,75,Mostly Cloudy,3,2,False,False,False,False,True,0.2
2026-08-24T00:28:31Z,IN,304,39.8266,-85.704,75,Mostly Cloudy,3,2,False,False,False,False,True,0.2
2026-08-24T00:28:31Z,IN,305,39.8605,-85.0259,69,Mostly Cloudy,13,6,False,False,False,False,True,0.2
2026-08-24T00:28:31Z,IN,323,39.29,-85.1688,69,Mostly Cloudy,10,3,False,False,False,False,True,0.2
2026-08-24T00:28:31Z,IN,702,41.7472,-85.3285,65,Mostly Clear,1,10,False,False,False,False,True,0.2
2026-08-24T00:28:31Z,IN,701,41.5889,-87.2173,69,Partly Cloudy,1,5,False,False,False,False,True,0.2
2026-08-24T00:28:31Z,IN,704,41.7058,-86.6212,66,Mostly Clear,4,5,False,False,False,False,True,0.2
2026-08-24T00:28:31Z,IN,703,41.7071,-86.6235,66,Mostly Clear,4,5,False,False,False,False,True,0.2
2026-08-24T00:28:31Z,IN,705,41.733,-86.0057,68,Mostly Clear,0,10,False,False,False,False,True,0.2
2026-08-24T00:28:31Z,IN,708,41.7472,-85.3285,65,Mostly Clear,1,10,False,False,False,False,True,0.2
2026-08-24T00:28:31Z,IN,707,41.7453,-85.3287,65,Mostly Clear,1,10,False,False,False,False,True,0.2
2026-08-24T00:28:31Z,IN,324,41.7353,-86.7933,68,Partly Cloudy,5,5,False,False,False,False,True,0.2
2026-08-24T00:28:31Z,KY,KY00065IS0000020N65WELCOM,36.6434,-86.5687,76,Partly Cloudy,0,5,False,False,False,False,False,0.0
2026-08-24T00:28:31Z,KY,KY00065IS000020NSMARATHON,36.6612,-86.5553,80,Mostly Clear,0,6,False,False,False,False,False,0.0
2026-08-24T00:28:31Z,KY,KY00065IS0000340NWEIGHS34,36.6868,-86.5379,81,Mostly Clear,0,6,False,False,False,False,False,0.0
2026-08-24T00:28:31Z,KY,KY00065IS0011400S65SRA114,37.9464,-85.6905,77,Partly Cloudy,0,6,False,False,False,False,False,0.0
2026-08-24T00:28:31Z,KY,KY00065IS0005900S65SRA059,37.239,-85.9297,76,Partly Cloudy,0,2,False,False,False,False,False,0.0
2026-08-24T00:28:31Z,KY,KY00065IS0005900N65NRA059,37.2384,-85.9271,76,Partly Cloudy,0,2,False,False,False,False,False,0.0
2026-08-24T00:28:31Z,KY,KY00075IS0003300NWEIGHS33,37.0422,-84.0968,73,Mostly Cloudy,0,3,False,False,False,False,False,0.0
2026-08-24T00:28:31Z,KY,KY00075IS0003400SWEIGHS34,37.048,-84.0997,78,Partly Cloudy,0,5,False,False,False,False,False,0.0
2026-08-24T00:28:31Z,KY,KY00075IS0017700N75NRA177,38.937,-84.6309,71,Partly Cloudy,10,6,False,False,False,False,False,0.0
2026-08-24T00:28:31Z,KY,KY00075IS0007500SWALTONWS,38.8653,-84.6476,71,Partly Cloudy,10,5,False,False,False,False,False,0.0
2026-08-24T00:28:31Z,KY,KY00075IS0017700S75SRA177,38.9388,-84.6339,71,Partly Cloudy,10,6,False,False,False,False,False,0.0
2026-08-24T00:28:31Z,KY,KY00075IS0016800SCRITENWS,38.8196,-84.6015,76,Partly Cloudy,10,6,False,False,False,False,False,0.0
2026-08-24T00:28:31Z,KY,KY00075IS0000100N75WELCOM,36.6162,-84.1054,75,Partly Cloudy,0,2,False,False,False,False,False,0.0
2026-08-24T00:28:35Z,IL,IL00057IN007900034,38.0297,-88.9203,78,Partly Cloudy,0,2,False,False,False,False,True,0.2
2026-08-24T00:28:35Z,IL,IL00057IS022200054,39.9314,-88.3043,73,Mostly Clear,0,6,False,False,False,False,True,0.2
2026-08-24T00:28:35Z,IL,IL00039IN008500036,41.7236,-89.0062,72,Mostly Clear,0,10,False,False,False,False,True,0.2
2026-08-24T00:28:35Z,IL,IL00055IS019400021,40.8371,-88.6833,73,Mostly Clear,0,5,False,False,False,False,True,0.2
2026-08-24T00:28:35Z,IL,IL00057IN022200048,39.9218,-88.299,73,Mostly Clear,0,6,False,False,False,False,True,0.2
2026-08-24T00:28:35Z,IL,IL00055IN006400027,39.3465,-89.6408,72,Partly Cloudy,0,5,False,False,False,False,True,0.2
2026-08-24T00:28:35Z,IL,IL00070IE002700042,38.7849,-89.7023,74,Partly Cloudy,0,5,False,False,False,False,True,0.2
2026-08-24T00:28:35Z,IL,IL00057IN026800032,40.5505,-88.0605,70,Mostly Clear,0,5,False,False,False,False,True,0.2
2026-08-24T00:28:35Z,IL,IL00064IW002500011,38.5491,-89.7633,78,Partly Cloudy,0,3,False,False,False,False,True,0.2
2026-08-24T00:28:35Z,IL,IL00024IW003700010,37.1593,-88.6798,75,Mostly Cloudy,0,2,False,False,False,False,True,0.2
2026-08-24T00:28:35Z,IL,IL00074IE002800030,41.2334,-90.333,75,Mostly Clear,0,5,False,False,False,False,True,0.2
2026-08-24T00:28:35Z,IL,IL00080IW005100013,41.3937,-89.5591,73,Mostly Clear,0,5,False,False,False,False,True,0.2
2026-08-24T00:28:35Z,IL,IL00055IN010400050,39.8627,-89.5948,75,Mostly Clear,0,7,False,False,False,False,True,0.2
2026-08-24T00:28:35Z,IL,IL00055IN002700029,38.8649,-89.8532,75,Partly Cloudy,0,6,False,False,False,False,True,0.2
2026-08-24T00:28:35Z,IL,IL00074IE015600037,40.2732,-88.6762,74,Mostly Clear,0,7,False,False,False,False,True,0.2
2026-08-24T00:28:35Z,IL,IL00072IE015200041,39.9923,-88.7827,72,Mostly Clear,0,7,False,False,False,False,True,0.2
2026-08-24T00:28:35Z,IL,IL00080IW011700016,41.4473,-88.3285,72,Mostly Clear,0,5,False,False,False,False,True,0.2
2026-08-24T00:28:35Z,IL,IL00057IS011400023,38.5965,-88.9677,74,Mostly Clear,0,3,False,False,False,False,True,0.2
2026-08-24T00:28:35Z,IL,IL00057IS033300046,41.3918,-87.7749,72,Clear,0,10,False,False,False,False,True,0.2
2026-08-24T00:28:35Z,IL,IL00057IS007900047,38.0962,-88.9138,77,Partly Cloudy,0,2,False,False,False,False,True,0.2
2026-08-24T00:28:35Z,IL,IL00072IW015200014,39.9888,-88.7852,72,Mostly Clear,0,7,False,False,False,False,True,0.2
2026-08-24T00:28:35Z,IL,IL00055IN014900028,40.3599,-89.1099,74,Mostly Clear,0,6,False,False,False,False,True,0.2
2026-08-24T00:28:35Z,IL,IL00074IW002800020,41.2141,-90.3308,75,Mostly Clear,0,5,False,False,False,False,True,0.2
2026-08-24T00:28:35Z,IL,IL00064IW008500012,38.2766,-88.8012,77,Partly Cloudy,0,2,False,False,False,False,True,0.2
2026-08-24T00:28:35Z,IL,IL00057IN033300049,41.3892,-87.7729,72,Clear,0,10,False,False,False,False,True,0.2
2026-08-24T00:28:35Z,IL,IL00039IS008500026,41.7285,-89.0105,72,Mostly Clear,0,10,False,False,False,False,True,0.2
2026-08-24T00:28:35Z,IL,IL00070IE008600051,39.0651,-88.6745,75,Partly Cloudy,0,3,False,False,False,False,True,0.2
2026-08-24T00:28:35Z,IL,IL00064IE002500038,38.5481,-89.7731,78,Partly Cloudy,0,3,False,False,False,False,True,0.2
2026-08-24T00:28:35Z,IL,IL00055IN019400031,40.8234,-88.6875,73,Mostly Clear,0,5,False,False,False,False,True,0.2
2026-08-24T00:28:35Z,IL,IL00080IE011700043,41.4314,-88.3454,74,Mostly Clear,0,10,False,False,False,False,True,0.2
2026-08-24T00:28:35Z,IL,IL00074IW015600009,40.2711,-88.6701,74,Mostly Clear,0,7,False,False,False,False,True,0.2
2026-08-24T00:28:35Z,IL,IL00057IN011400033,38.5963,-88.9638,74,Mostly Clear,0,3,False,False,False,False,True,0.2
2026-08-24T00:28:35Z,IL,IL00064IE008500039,38.273,-88.8496,74,Partly Cloudy,0,1,False,False,False,False,True,0.2
2026-08-24T00:28:35Z,IL,IL00055IS006400017,39.3523,-89.6447,72,Partly Cloudy,0,5,False,False,False,False,True,0.2
2026-08-24T00:28:35Z,IL,IL00057IS026800022,40.5613,-88.0615,70,Mostly Clear,0,5,False,False,False,False,True,0.2
2026-08-24T00:28:35Z,IL,IL00080IE005100040,41.3938,-89.5665,76,Partly Cloudy,0,5,False,False,False,False,True,0.2
2026-08-24T00:28:35Z,IL,IL00055IS002700019,38.8723,-89.8511,75,Partly Cloudy,0,6,False,False,False,False,True,0.2
2026-08-24T00:28:35Z,IL,IL00070IW002700015,38.7884,-89.6889,74,Partly Cloudy,0,3,False,False,False,False,True,0.2
2026-08-24T00:28:35Z,IL,IL00064IW013000053,38.2322,-87.9882,75,Partly Cloudy,0,2,False,False,False,False,True,0.2
2026-08-24T00:28:35Z,IL,IL00074IW020800052,40.1298,-87.7441,76,Partly Cloudy,0,6,False,False,False,False,True,0.2
2026-08-24T00:28:35Z,IL,IL00074IE011400005,40.6125,-89.245,73,Mostly Clear,0,7,False,False,False,False,True,0.2
2026-08-24T00:28:35Z,IL,IL00074IW006200004,40.8802,-90.0895,73,Mostly Clear,0,3,False,False,False,False,True,0.2
2026-08-24T00:28:35Z,IL,IL00070IW008700045,39.0679,-88.6704,75,Partly Cloudy,0,3,False,False,False,False,True,0.2
2026-08-24T00:28:35Z,IL,IL00057IS016500018,39.1993,-88.502,78,Mostly Clear,0,7,False,False,False,False,True,0.2
2026-08-24T00:28:35Z,IL,IL00074IW011400006,40.6111,-89.2323,73,Mostly Clear,0,7,False,False,False,False,True,0.2
2026-08-24T00:28:35Z,IL,IL00074IE006200001,40.8788,-90.0936,73,Mostly Clear,0,3,False,False,False,False,True,0.2
2026-08-24T00:28:35Z,IL,IL00070IW014900008,39.4228,-87.6617,78,Partly Cloudy,0,7,False,False,False,False,True,0.2
2026-08-24T00:28:35Z,IL,IL00057IN016500044,39.1898,-88.5031,77,Mostly Clear,0,6,False,False,False,False,True,0.2
2026-08-24T00:28:35Z,IL,IL00055IS010400024,39.8871,-89.5966,73,Mostly Clear,0,5,False,False,False,False,True,0.2
2026-08-24T00:28:35Z,IL,IL00057IS003200025,37.4699,-89.1329,79,Mostly Cloudy,0,2,False,False,False,False,True,0.2
2026-08-24T00:28:35Z,IL,IL00057IN003200035,37.4661,-89.1324,79,Mostly Cloudy,0,2,False,False,False,False,True,0.2
2026-08-24T00:28:35Z,IN,322,38.195,-87.8597,75,Partly Cloudy,0,3,False,False,False,False,True,0.2
2026-08-24T00:28:35Z,IN,317,38.5852,-85.7768,79,Partly Cloudy,0,5,False,False,False,False,True,0.2
2026-08-24T00:28:35Z,IN,316,38.5859,-85.7809,79,Partly Cloudy,0,5,False,False,False,False,True,0.2
2026-08-24T00:28:35Z,IN,315,39.2602,-85.9521,77,Partly Cloudy,0,3,False,False,False,False,True,0.2
2026-08-24T00:28:35Z,IN,314,39.2767,-85.9569,77,Partly Cloudy,0,2,False,False,False,False,True,0.2
2026-08-24T00:28:35Z,IN,313,40.1578,-86.5387,71,Mostly Clear,1,3,False,False,False,False,True,0.2
2026-08-24T00:28:35Z,IN,312,40.1722,-86.5522,71,Mostly Clear,1,3,False,False,False,False,True,0.2
2026-08-24T00:28:35Z,IN,311,40.6992,-87.0628,72,Mostly Clear,0,5,False,False,False,False,True,0.2
2026-08-24T00:28:35Z,IN,310,40.6984,-87.0646,72,Mostly Clear,0,5,False,False,False,False,True,0.2
2026-08-24T00:28:35Z,IN,308,41.1653,-87.271,71,Mostly Clear,0,5,False,False,False,False,True,0.2
2026-08-24T00:28:35Z,IN,309,41.1666,-87.2749,71,Mostly Clear,0,5,False,False,False,False,True,0.2
2026-08-24T00:28:35Z,IN,318,40.3543,-85.5576,68,Partly Cloudy,2,3,False,False,False,False,True,0.2
2026-08-24T00:28:35Z,IN,319,40.3569,-85.56,68,Partly Cloudy,2,3,False,False,False,False,True,0.2
2026-08-24T00:28:35Z,IN,320,41.2963,-85.0863,65,Mostly Clear,0,10,False,False,False,False,True,0.2
2026-08-24T00:28:35Z,IN,321,41.5803,-85.0597,67,Mostly Clear,6,15,False,False,False,False,True,0.2
2026-08-24T00:28:35Z,IN,300,39.4417,-87.5002,73,Partly Cloudy,0,1,False,False,False,False,True,0.2
2026-08-24T00:28:35Z,IN,302,39.6517,-86.3967,74,Partly Cloudy,1,8,False,False,False,False,True,0.2
2026-08-24T00:28:35Z,IN,301,39.6541,-86.4005,74,Partly Cloudy,1,8,False,False,False,False,True,0.2
2026-08-24T00:28:35Z,IN,303,39.8243,-85.7039,75,Mostly Cloudy,3,2,False,False,False,False,True,0.2
2026-08-24T00:28:35Z,IN,304,39.8266,-85.704,75,Mostly Cloudy,3,2,False,False,False,False,True,0.2
2026-08-24T00:28:35Z,IN,305,39.8605,-85.0259,69,Mostly Cloudy,13,6,False,False,False,False,True,0.2
2026-08-24T00:28:35Z,IN,323,39.29,-85.1688,69,Mostly Cloudy,10,3,False,False,False,False,True,0.2
2026-08-24T00:28:35Z,IN,702,41.7472,-85.3285,65,Mostly Clear,1,10,False,False,False,False,True,0.2
2026-08-24T00:28:35Z,IN,701,41.5889,-87.2173,71,Partly Cloudy,0,10,False,False,False,False,True,0.2
2026-08-24T00:28:35Z,IN,704,41.7058,-86.6212,66,Mostly Clear,4,5,False,False,False,False,True,0.2
2026-08-24T00:28:35Z,IN,703,41.7071,-86.6235,66,Mostly Clear,4,5,False,False,False,False,True,0.2
2026-08-24T00:28:35Z,IN,705,41.733,-86.0057,68,Mostly Clear,0,10,False,False,False,False,True,0.2
2026-08-24T00:28:35Z,IN,708,41.7472,-85.3285,65,Mostly Clear,1,10,False,False,False,False,True,0.2
2026-08-24T00:28:35Z,IN,707,41.7453,-85.3287,65,Mostly Clear,1,10,False,False,False,False,True,0.2
2026-08-24T00:28:35Z,IN,324,41.7353,-86.7933,68,Partly Cloudy,5,5,False,False,False,False,True,0.2
2026-08-24T00:28:35Z,KY,KY00065IS0000020N65WELCOM,36.6434,-86.5687,76,Partly Cloudy,0,5,False,False,False,False,False,0.0
2026-08-24T00:28:35Z,KY,KY00065IS000020NSMARATHON,36.6612,-86.5553,80,Mostly Clear,0,6,False,False,False,False,False,0.0
2026-08-24T00:28:35Z,KY,KY00065IS0000340NWEIGHS34,36.6868,-86.5379,81,Mostly Clear,0,6,False,False,False,False,False,0.0
2026-08-24T00:28:35Z,KY,KY00065IS0011400S65SRA114,37.9464,-85.6905,77,Partly Cloudy,0,6,False,False,False,False,False,0.0
2026-08-24T00:28:35Z,KY,KY00065IS0005900S65SRA059,37.239,-85.9297,76,Partly Cloudy,0,2,False,False,False,False,False,0.0
2026-08-24T00:28:35Z,KY,KY00065IS0005900N65NRA059,37.2384,-85.9271,76,Partly Cloudy,0,2,False,False,False,False,False,0.0
2026-08-24T00:28:35Z,KY,KY00075IS0003300NWEIGHS33,37.0422,-84.0968,73,Mostly Cloudy,0,3,False,False,False,False,False,0.0
2026-08-24T00:28:35Z,KY,KY00075IS0003400SWEIGHS34,37.048,-84.0997,78,Partly Cloudy,0,5,False,False,False,False,False,0.0
2026-08-24T00:28:35Z,KY,KY00075IS0017700N75NRA177,38.937,-84.6309,71,Partly Cloudy,10,6,False,False,False,False,False,0.0
2026-08-24T00:28:35Z,KY,KY00075IS0007500SWALTONWS,38.8653,-84.6476,71,Partly Cloudy,10,5,False,False,False,False,False,0.0
2026-08-24T00:28:35Z,KY,KY00075IS0017700S75SRA177,38.9388,-84.6339,71,Partly Cloudy,10,6,False,False,False,False,False,0.0
2026-08-24T00:28:35Z,KY,KY00075IS0016800SCRITENWS,38.8196,-84.6015,76,Partly Cloudy,10,6,False,False,False,False,False,0.0
2026-08-24T00:28:35Z,KY,KY00075IS0000100N75WELCOM,36.6162,-84.1054,75,Partly Cloudy,0,2,False,False,False,False,False,0.0
2026-08-24T00:28:40Z,IL,IL00057IN007900034,38.0297,-88.9203,78,Partly Cloudy,0,2,False,False,False,False,True,0.2
2026-08-24T00:28:40Z,IL,IL00057IS022200054,39.9314,-88.3043,73,Mostly Clear,0,6,False,False,False,False,True,0.2
2026-08-24T00:28:40Z,IL,IL00039IN008500036,41.7236,-89.0062,72,Mostly Clear,0,10,False,False,False,False,True,0.2
2026-08-24T00:28:40Z,IL,IL00055IS019400021,40.8371,-88.6833,73,Mostly Clear,0,5,False,False,False,False,True,0.2
2026-08-24T00:28:40Z,IL,IL00057IN022200048,39.9218,-88.299,73,Mostly Clear,0,6,False,False,False,False,True,0.2
2026-08-24T00:28:40Z,IL,IL00055IN006400027,39.3465,-89.6408,72,Partly Cloudy,0,5,False,False,False,False,True,0.2
2026-08-24T00:28:40Z,IL,IL00070IE002700042,38.7849,-89.7023,74,Partly Cloudy,0,5,False,False,False,False,True,0.2
2026-08-24T00:28:40Z,IL,IL00057IN026800032,40.5505,-88.0605,70,Mostly Clear,0,5,False,False,False,False,True,0.2
2026-08-24T00:28:40Z,IL,IL00064IW002500011,38.5491,-89.7633,78,Partly Cloudy,0,3,False,False,False,False,True,0.2
2026-08-24T00:28:40Z,IL,IL00024IW003700010,37.1593,-88.6798,75,Mostly Cloudy,0,2,False,False,False,False,True,0.2
2026-08-24T00:28:40Z,IL,IL00074IE002800030,41.2334,-90.333,75,Mostly Clear,0,5,False,False,False,False,True,0.2
2026-08-24T00:28:40Z,IL,IL00080IW005100013,41.3937,-89.5591,73,Mostly Clear,0,5,False,False,False,False,True,0.2
2026-08-24T00:28:40Z,IL,IL00055IN010400050,39.8627,-89.5948,75,Mostly Clear,0,7,False,False,False,False,True,0.2
2026-08-24T00:28:40Z,IL,IL00055IN002700029,38.8649,-89.8532,75,Partly Cloudy,0,6,False,False,False,False,True,0.2
2026-08-24T00:28:40Z,IL,IL00074IE015600037,40.2732,-88.6762,74,Mostly Clear,0,7,False,False,False,False,True,0.2
2026-08-24T00:28:40Z,IL,IL00072IE015200041,39.9923,-88.7827,72,Mostly Clear,0,7,False,False,False,False,True,0.2
2026-08-24T00:28:40Z,IL,IL00080IW011700016,41.4473,-88.3285,72,Mostly Clear,0,5,False,False,False,False,True,0.2
2026-08-24T00:28:40Z,IL,IL00057IS011400023,38.5965,-88.9677,74,Mostly Clear,0,3,False,False,False,False,True,0.2
2026-08-24T00:28:40Z,IL,IL00057IS033300046,41.3918,-87.7749,72,Clear,0,10,False,False,False,False,True,0.2
2026-08-24T00:28:40Z,IL,IL00057IS007900047,38.0962,-88.9138,77,Partly Cloudy,0,2,False,False,False,False,True,0.2
2026-08-24T00:28:40Z,IL,IL00072IW015200014,39.9888,-88.7852,72,Mostly Clear,0,7,False,False,False,False,True,0.2
2026-08-24T00:28:40Z,IL,IL00055IN014900028,40.3599,-89.1099,74,Mostly Clear,0,6,False,False,False,False,True,0.2
2026-08-24T00:28:40Z,IL,IL00074IW002800020,41.2141,-90.3308,75,Mostly Clear,0,5,False,False,False,False,True,0.2
2026-08-24T00:28:40Z,IL,IL00064IW008500012,38.2766,-88.8012,77,Partly Cloudy,0,2,False,False,False,False,True,0.2
2026-08-24T00:28:40Z,IL,IL00057IN033300049,41.3892,-87.7729,72,Clear,0,10,False,False,False,False,True,0.2
2026-08-24T00:28:40Z,IL,IL00039IS008500026,41.7285,-89.0105,72,Mostly Clear,0,10,False,False,False,False,True,0.2
2026-08-24T00:28:40Z,IL,IL00070IE008600051,39.0651,-88.6745,75,Partly Cloudy,0,3,False,False,False,False,True,0.2
2026-08-24T00:28:40Z,IL,IL00064IE002500038,38.5481,-89.7731,78,Partly Cloudy,0,3,False,False,False,False,True,0.2
2026-08-24T00:28:40Z,IL,IL00055IN019400031,40.8234,-88.6875,73,Mostly Clear,0,5,False,False,False,False,True,0.2
2026-08-24T00:28:40Z,IL,IL00080IE011700043,41.4314,-88.3454,74,Mostly Clear,0,10,False,False,False,False,True,0.2
2026-08-24T00:28:40Z,IL,IL00074IW015600009,40.2711,-88.6701,74,Mostly Clear,0,7,False,False,False,False,True,0.2
2026-08-24T00:28:40Z,IL,IL00057IN011400033,38.5963,-88.9638,74,Mostly Clear,0,3,False,False,False,False,True,0.2
2026-08-24T00:28:40Z,IL,IL00064IE008500039,38.273,-88.8496,74,Partly Cloudy,0,1,False,False,False,False,True,0.2
2026-08-24T00:28:40Z,IL,IL00055IS006400017,39.3523,-89.6447,72,Partly Cloudy,0,5,False,False,False,False,True,0.2
2026-08-24T00:28:40Z,IL,IL00057IS026800022,40.5613,-88.0615,70,Mostly Clear,0,5,False,False,False,False,True,0.2
2026-08-24T00:28:40Z,IL,IL00080IE005100040,41.3938,-89.5665,76,Partly Cloudy,0,5,False,False,False,False,True,0.2
2026-08-24T00:28:40Z,IL,IL00055IS002700019,38.8723,-89.8511,75,Partly Cloudy,0,6,False,False,False,False,True,0.2
2026-08-24T00:28:40Z,IL,IL00070IW002700015,38.7884,-89.6889,74,Partly Cloudy,0,3,False,False,False,False,True,0.2
2026-08-24T00:28:40Z,IL,IL00064IW013000053,38.2322,-87.9882,75,Partly Cloudy,0,2,False,False,False,False,True,0.2
2026-08-24T00:28:40Z,IL,IL00074IW020800052,40.1298,-87.7441,76,Partly Cloudy,0,6,False,False,False,False,True,0.2
2026-08-24T00:28:40Z,IL,IL00074IE011400005,40.6125,-89.245,73,Mostly Clear,0,7,False,False,False,False,True,0.2
2026-08-24T00:28:40Z,IL,IL00074IW006200004,40.8802,-90.0895,73,Mostly Clear,0,3,False,False,False,False,True,0.2
2026-08-24T00:28:40Z,IL,IL00070IW008700045,39.0679,-88.6704,75,Partly Cloudy,0,3,False,False,False,False,True,0.2
2026-08-24T00:28:40Z,IL,IL00057IS016500018,39.1993,-88.502,78,Mostly Clear,0,7,False,False,False,False,True,0.2
2026-08-24T00:28:40Z,IL,IL00074IW011400006,40.6111,-89.2323,73,Mostly Clear,0,7,False,False,False,False,True,0.2
2026-08-24T00:28:40Z,IL,IL00074IE006200001,40.8788,-90.0936,73,Mostly Clear,0,3,False,False,False,False,True,0.2
2026-08-24T00:28:40Z,IL,IL00070IW014900008,39.4228,-87.6617,78,Partly Cloudy,0,7,False,False,False,False,True,0.2
2026-08-24T00:28:40Z,IL,IL00057IN016500044,39.1898,-88.5031,77,Mostly Clear,0,6,False,False,False,False,True,0.2
2026-08-24T00:28:40Z,IL,IL00055IS010400024,39.8871,-89.5966,73,Mostly Clear,0,5,False,False,False,False,True,0.2
2026-08-24T00:28:40Z,IL,IL00057IS003200025,37.4699,-89.1329,79,Mostly Cloudy,0,2,False,False,False,False,True,0.2
2026-08-24T00:28:40Z,IL,IL00057IN003200035,37.4661,-89.1324,79,Mostly Cloudy,0,2,False,False,False,False,True,0.2
2026-08-24T00:28:40Z,IN,322,38.195,-87.8597,75,Partly Cloudy,0,3,False,False,False,False,True,0.2
2026-08-24T00:28:40Z,IN,317,38.5852,-85.7768,79,Partly Cloudy,0,5,False,False,False,False,True,0.2
2026-08-24T00:28:40Z,IN,316,38.5859,-85.7809,79,Partly Cloudy,0,5,False,False,False,False,True,0.2
2026-08-24T00:28:40Z,IN,315,39.2602,-85.9521,77,Partly Cloudy,0,3,False,False,False,False,True,0.2
2026-08-24T00:28:40Z,IN,314,39.2767,-85.9569,77,Partly Cloudy,0,2,False,False,False,False,True,0.2
2026-08-24T00:28:40Z,IN,313,40.1578,-86.5387,71,Mostly Clear,1,3,False,False,False,False,True,0.2
2026-08-24T00:28:40Z,IN,312,40.1722,-86.5522,71,Mostly Clear,1,3,False,False,False,False,True,0.2
2026-08-24T00:28:40Z,IN,311,40.6992,-87.0628,72,Mostly Clear,0,5,False,False,False,False,True,0.2
2026-08-24T00:28:40Z,IN,310,40.6984,-87.0646,72,Mostly Clear,0,5,False,False,False,False,True,0.2
2026-08-24T00:28:40Z,IN,308,41.1653,-87.271,71,Mostly Clear,0,5,False,False,False,False,True,0.2
2026-08-24T00:28:40Z,IN,309,41.1666,-87.2749,71,Mostly Clear,0,5,False,False,False,False,True,0.2
2026-08-24T00:28:40Z,IN,318,40.3543,-85.5576,68,Partly Cloudy,2,3,False,False,False,False,True,0.2
2026-08-24T00:28:40Z,IN,319,40.3569,-85.56,68,Partly Cloudy,2,3,False,False,False,False,True,0.2
2026-08-24T00:28:40Z,IN,320,41.2963,-85.0863,65,Mostly Clear,0,10,False,False,False,False,True,0.2
2026-08-24T00:28:40Z,IN,321,41.5803,-85.0597,67,Mostly Clear,6,15,False,False,False,False,True,0.2
2026-08-24T00:28:40Z,IN,300,39.4417,-87.5002,73,Partly Cloudy,0,1,False,False,False,False,True,0.2
2026-08-24T00:28:40Z,IN,302,39.6517,-86.3967,74,Partly Cloudy,1,8,False,False,False,False,True,0.2
2026-08-24T00:28:40Z,IN,301,39.6541,-86.4005,74,Partly Cloudy,1,8,False,False,False,False,True,0.2
2026-08-24T00:28:40Z,IN,303,39.8243,-85.7039,75,Mostly Cloudy,3,2,False,False,False,False,True,0.2
2026-08-24T00:28:40Z,IN,304,39.8266,-85.704,75,Mostly Cloudy,3,2,False,False,False,False,True,0.2
2026-08-24T00:28:40Z,IN,305,39.8605,-85.0259,69,Mostly Cloudy,13,6,False,False,False,False,True,0.2
2026-08-24T00:28:40Z,IN,323,39.29,-85.1688,69,Mostly Cloudy,10,3,False,False,False,False,True,0.2
2026-08-24T00:28:40Z,IN,702,41.7472,-85.3285,65,Mostly Clear,1,10,False,False,False,False,True,0.2
2026-08-24T00:28:40Z,IN,701,41.5889,-87.2173,71,Partly Cloudy,0,10,False,False,False,False,True,0.2
2026-08-24T00:28:40Z,IN,704,41.7058,-86.6212,66,Mostly Clear,4,5,False,False,False,False,True,0.2
2026-08-24T00:28:40Z,IN,703,41.7071,-86.6235,66,Mostly Clear,4,5,False,False,False,False,True,0.2
2026-08-24T00:28:40Z,IN,705,41.733,-86.0057,68,Mostly Clear,0,10,False,False,False,False,True,0.2
2026-08-24T00:28:40Z,IN,708,41.7472,-85.3285,65,Mostly Clear,1,10,False,False,False,False,True,0.2
2026-08-24T00:28:40Z,IN,707,41.7453,-85.3287,65,Mostly Clear,1,10,False,False,False,False,True,0.2
2026-08-24T00:28:40Z,IN,324,41.7353,-86.7933,68,Partly Cloudy,5,5,False,False,False,False,True,0.2
2026-08-24T00:28:40Z,KY,KY00065IS0000020N65WELCOM,36.6434,-86.5687,76,Partly Cloudy,0,5,False,False,False,False,False,0.0
2026-08-24T00:28:40Z,KY,KY00065IS000020NSMARATHON,36.6612,-86.5553,80,Mostly Clear,0,6,False,False,False,False,False,0.0
2026-08-24T00:28:40Z,KY,KY00065IS0000340NWEIGHS34,36.6868,-86.5379,81,Mostly Clear,0,6,False,False,False,False,False,0.0
2026-08-24T00:28:40Z,KY,KY00065IS0011400S65SRA114,37.9464,-85.6905,77,Partly Cloudy,0,6,False,False,False,False,False,0.0
2026-08-24T00:28:40Z,KY,KY00065IS0005900S65SRA059,37.239,-85.9297,76,Partly Cloudy,0,2,False,False,False,False,False,0.0
2026-08-24T00:28:40Z,KY,KY00065IS0005900N65NRA059,37.2384,-85.9271,76,Partly Cloudy,0,2,False,False,False,False,False,0.0
2026-08-24T00:28:40Z,KY,KY00075IS0003300NWEIGHS33,37.0422,-84.0968,73,Mostly Cloudy,0,3,False,False,False,False,False,0.0
2026-08-24T00:28:40Z,KY,KY00075IS0003400SWEIGHS34,37.048,-84.0997,78,Partly Cloudy,0,5,False,False,False,False,False,0.0
2026-08-24T00:28:40Z,KY,KY00075IS0017700N75NRA177,38.937,-84.6309,71,Partly Cloudy,10,6,False,False,False,False,False,0.0
2026-08-24T00:28:40Z,KY,KY00075IS0007500SWALTONWS,38.8653,-84.6476,76,Partly Cloudy,10,6,False,False,False,False,False,0.0
2026-08-24T00:28:40Z,KY,KY00075IS0017700S75SRA177,38.9388,-84.6339,71,Partly Cloudy,10,6,False,False,False,False,False,0.0
2026-08-24T00:28:40Z,KY,KY00075IS0016800SCRITENWS,38.8196,-84.6015,76,Partly Cloudy,10,6,False,False,False,False,False,0.0
2026-08-24T00:28:40Z,KY,KY00075IS0000100N75WELCOM,36.6162,-84.1054,75,Partly Cloudy,0,2,False,False,False,False,False,0.0
2026-08-24T00:28:44Z,IL,IL00057IN007900034,38.0297,-88.9203,78,Partly Cloudy,0,2,False,False,False,False,True,0.2
2026-08-24T00:28:44Z,IL,IL00057IS022200054,39.9314,-88.3043,73,Mostly Clear,0,6,False,False,False,False,True,0.2
2026-08-24T00:28:44Z,IL,IL00039IN008500036,41.7236,-89.0062,72,Mostly Clear,0,10,False,False,False,False,True,0.2
2026-08-24T00:28:44Z,IL,IL00055IS019400021,40.8371,-88.6833,73,Mostly Clear,0,5,False,False,False,False,True,0.2
2026-08-24T00:28:44Z,IL,IL00057IN022200048,39.9218,-88.299,73,Mostly Clear,0,6,False,False,False,False,True,0.2
2026-08-24T00:28:44Z,IL,IL00055IN006400027,39.3465,-89.6408,72,Partly Cloudy,0,5,False,False,False,False,True,0.2
2026-08-24T00:28:44Z,IL,IL00070IE002700042,38.7849,-89.7023,74,Partly Cloudy,0,5,False,False,False,False,True,0.2
2026-08-24T00:28:44Z,IL,IL00057IN026800032,40.5505,-88.0605,70,Mostly Clear,0,5,False,False,False,False,True,0.2
2026-08-24T00:28:44Z,IL,IL00064IW002500011,38.5491,-89.7633,78,Partly Cloudy,0,3,False,False,False,False,True,0.2
2026-08-24T00:28:44Z,IL,IL00024IW003700010,37.1593,-88.6798,75,Mostly Cloudy,0,2,False,False,False,False,True,0.2
2026-08-24T00:28:44Z,IL,IL00074IE002800030,41.2334,-90.333,75,Mostly Clear,0,5,False,False,False,False,True,0.2
2026-08-24T00:28:44Z,IL,IL00080IW005100013,41.3937,-89.5591,73,Mostly Clear,0,5,False,False,False,False,True,0.2
2026-08-24T00:28:44Z,IL,IL00055IN010400050,39.8627,-89.5948,75,Mostly Clear,0,7,False,False,False,False,True,0.2
2026-08-24T00:28:44Z,IL,IL00055IN002700029,38.8649,-89.8532,75,Partly Cloudy,0,6,False,False,False,False,True,0.2
2026-08-24T00:28:44Z,IL,IL00074IE015600037,40.2732,-88.6762,74,Mostly Clear,0,7,False,False,False,False,True,0.2
2026-08-24T00:28:44Z,IL,IL00072IE015200041,39.9923,-88.7827,72,Mostly Clear,0,7,False,False,False,False,True,0.2
2026-08-24T00:28:44Z,IL,IL00080IW011700016,41.4473,-88.3285,72,Mostly Clear,0,5,False,False,False,False,True,0.2
2026-08-24T00:28:44Z,IL,IL00057IS011400023,38.5965,-88.9677,74,Mostly Clear,0,3,False,False,False,False,True,0.2
2026-08-24T00:28:44Z,IL,IL00057IS033300046,41.3918,-87.7749,72,Clear,0,10,False,False,False,False,True,0.2
2026-08-24T00:28:44Z,IL,IL00057IS007900047,38.0962,-88.9138,77,Partly Cloudy,0,2,False,False,False,False,True,0.2
2026-08-24T00:28:44Z,IL,IL00072IW015200014,39.9888,-88.7852,72,Mostly Clear,0,7,False,False,False,False,True,0.2
2026-08-24T00:28:44Z,IL,IL00055IN014900028,40.3599,-89.1099,74,Mostly Clear,0,6,False,False,False,False,True,0.2
2026-08-24T00:28:44Z,IL,IL00074IW002800020,41.2141,-90.3308,75,Mostly Clear,0,5,False,False,False,False,True,0.2
2026-08-24T00:28:44Z,IL,IL00064IW008500012,38.2766,-88.8012,77,Partly Cloudy,0,2,False,False,False,False,True,0.2
2026-08-24T00:28:44Z,IL,IL00057IN033300049,41.3892,-87.7729,72,Clear,0,10,False,False,False,False,True,0.2
2026-08-24T00:28:44Z,IL,IL00039IS008500026,41.7285,-89.0105,72,Mostly Clear,0,10,False,False,False,False,True,0.2
2026-08-24T00:28:44Z,IL,IL00070IE008600051,39.0651,-88.6745,75,Partly Cloudy,0,3,False,False,False,False,True,0.2
2026-08-24T00:28:44Z,IL,IL00064IE002500038,38.5481,-89.7731,78,Partly Cloudy,0,3,False,False,False,False,True,0.2
2026-08-24T00:28:44Z,IL,IL00055IN019400031,40.8234,-88.6875,73,Mostly Clear,0,5,False,False,False,False,True,0.2
2026-08-24T00:28:44Z,IL,IL00080IE011700043,41.4314,-88.3454,74,Mostly Clear,0,10,False,False,False,False,True,0.2
2026-08-24T00:28:44Z,IL,IL00074IW015600009,40.2711,-88.6701,74,Mostly Clear,0,7,False,False,False,False,True,0.2
2026-08-24T00:28:44Z,IL,IL00057IN011400033,38.5963,-88.9638,74,Mostly Clear,0,3,False,False,False,False,True,0.2
2026-08-24T00:28:44Z,IL,IL00064IE008500039,38.273,-88.8496,74,Partly Cloudy,0,1,False,False,False,False,True,0.2
2026-08-24T00:28:44Z,IL,IL00055IS006400017,39.3523,-89.6447,72,Partly Cloudy,0,5,False,False,False,False,True,0.2
2026-08-24T00:28:44Z,IL,IL00057IS026800022,40.5613,-88.0615,70,Mostly Clear,0,5,False,False,False,False,True,0.2
2026-08-24T00:28:44Z,IL,IL00080IE005100040,41.3938,-89.5665,76,Partly Cloudy,0,5,False,False,False,False,True,0.2
2026-08-24T00:28:44Z,IL,IL00055IS002700019,38.8723,-89.8511,75,Partly Cloudy,0,6,False,False,False,False,True,0.2
2026-08-24T00:28:44Z,IL,IL00070IW002700015,38.7884,-89.6889,74,Partly Cloudy,0,3,False,False,False,False,True,0.2
2026-08-24T00:28:44Z,IL,IL00064IW013000053,38.2322,-87.9882,75,Partly Cloudy,0,2,False,False,False,False,True,0.2
2026-08-24T00:28:44Z,IL,IL00074IW020800052,40.1298,-87.7441,76,Partly Cloudy,0,6,False,False,False,False,True,0.2
2026-08-24T00:28:44Z,IL,IL00074IE011400005,40.6125,-89.245,73,Mostly Clear,0,7,False,False,False,False,True,0.2
2026-08-24T00:28:44Z,IL,IL00074IW006200004,40.8802,-90.0895,73,Mostly Clear,0,3,False,False,False,False,True,0.2
2026-08-24T00:28:44Z,IL,IL00070IW008700045,39.0679,-88.6704,75,Partly Cloudy,0,3,False,False,False,False,True,0.2
2026-08-24T00:28:44Z,IL,IL00057IS016500018,39.1993,-88.502,78,Mostly Clear,0,7,False,False,False,False,True,0.2
2026-08-24T00:28:44Z,IL,IL00074IW011400006,40.6111,-89.2323,73,Mostly Clear,0,7,False,False,False,False,True,0.2
2026-08-24T00:28:44Z,IL,IL00074IE006200001,40.8788,-90.0936,73,Mostly Clear,0,3,False,False,False,False,True,0.2
2026-08-24T00:28:44Z,IL,IL00070IW014900008,39.4228,-87.6617,78,Partly Cloudy,0,7,False,False,False,False,True,0.2
2026-08-24T00:28:44Z,IL,IL00057IN016500044,39.1898,-88.5031,77,Mostly Clear,0,6,False,False,False,False,True,0.2
2026-08-24T00:28:44Z,IL,IL00055IS010400024,39.8871,-89.5966,73,Mostly Clear,0,5,False,False,False,False,True,0.2
2026-08-24T00:28:44Z,IL,IL00057IS003200025,37.4699,-89.1329,79,Mostly Cloudy,0,2,False,False,False,False,True,0.2
2026-08-24T00:28:44Z,IL,IL00057IN003200035,37.4661,-89.1324,79,Mostly Cloudy,0,2,False,False,False,False,True,0.2
2026-08-24T00:28:44Z,IN,322,38.195,-87.8597,75,Partly Cloudy,0,3,False,False,False,False,True,0.2
2026-08-24T00:28:44Z,IN,317,38.5852,-85.7768,79,Partly Cloudy,0,5,False,False,False,False,True,0.2
2026-08-24T00:28:44Z,IN,316,38.5859,-85.7809,79,Partly Cloudy,0,5,False,False,False,False,True,0.2
2026-08-24T00:28:44Z,IN,315,39.2602,-85.9521,77,Partly Cloudy,0,3,False,False,False,False,True,0.2
2026-08-24T00:28:44Z,IN,314,39.2767,-85.9569,77,Partly Cloudy,0,2,False,False,False,False,True,0.2
2026-08-24T00:28:44Z,IN,313,40.1578,-86.5387,71,Mostly Clear,1,3,False,False,False,False,True,0.2
2026-08-24T00:28:44Z,IN,312,40.1722,-86.5522,71,Mostly Clear,1,3,False,False,False,False,True,0.2
2026-08-24T00:28:44Z,IN,311,40.6992,-87.0628,72,Mostly Clear,0,5,False,False,False,False,True,0.2
2026-08-24T00:28:44Z,IN,310,40.6984,-87.0646,72,Mostly Clear,0,5,False,False,False,False,True,0.2
2026-08-24T00:28:44Z,IN,308,41.1653,-87.271,71,Mostly Clear,0,5,False,False,False,False,True,0.2
2026-08-24T00:28:44Z,IN,309,41.1666,-87.2749,71,Mostly Clear,0,5,False,False,False,False,True,0.2
2026-08-24T00:28:44Z,IN,318,40.3543,-85.5576,68,Partly Cloudy,2,3,False,False,False,False,True,0.2
2026-08-24T00:28:44Z,IN,319,40.3569,-85.56,68,Partly Cloudy,2,3,False,False,False,False,True,0.2
2026-08-24T00:28:44Z,IN,320,41.2963,-85.0863,65,Mostly Clear,0,10,False,False,False,False,True,0.2
2026-08-24T00:28:44Z,IN,321,41.5803,-85.0597,67,Mostly Clear,6,15,False,False,False,False,True,0.2
2026-08-24T00:28:44Z,IN,300,39.4417,-87.5002,73,Partly Cloudy,0,1,False,False,False,False,True,0.2
2026-08-24T00:28:44Z,IN,302,39.6517,-86.3967,74,Partly Cloudy,1,8,False,False,False,False,True,0.2
2026-08-24T00:28:44Z,IN,301,39.6541,-86.4005,74,Partly Cloudy,1,8,False,False,False,False,True,0.2
2026-08-24T00:28:44Z,IN,303,39.8243,-85.7039,75,Mostly Cloudy,3,2,False,False,False,False,True,0.2
2026-08-24T00:28:44Z,IN,304,39.8266,-85.704,75,Mostly Cloudy,3,2,False,False,False,False,True,0.2
2026-08-24T00:28:44Z,IN,305,39.8605,-85.0259,69,Mostly Cloudy,13,6,False,False,False,False,True,0.2
2026-08-24T00:28:44Z,IN,323,39.29,-85.1688,69,Mostly Cloudy,10,3,False,False,False,False,True,0.2
2026-08-24T00:28:44Z,IN,702,41.7472,-85.3285,65,Mostly Clear,1,10,False,False,False,False,True,0.2
2026-08-24T00:28:44Z,IN,701,41.5889,-87.2173,69,Partly Cloudy,1,5,False,False,False,False,True,0.2
2026-08-24T00:28:44Z,IN,704,41.7058,-86.6212,66,Mostly Clear,4,5,False,False,False,False,True,0.2
2026-08-24T00:28:44Z,IN,703,41.7071,-86.6235,66,Mostly Clear,4,5,False,False,False,False,True,0.2
2026-08-24T00:28:44Z,IN,705,41.733,-86.0057,68,Mostly Clear,0,10,False,False,False,False,True,0.2
2026-08-24T00:28:44Z,IN,708,41.7472,-85.3285,65,Mostly Clear,1,10,False,False,False,False,True,0.2
2026-08-24T00:28:44Z,IN,707,41.7453,-85.3287,65,Mostly Clear,1,10,False,False,False,False,True,0.2
2026-08-24T00:28:44Z,IN,324,41.7353,-86.7933,68,Partly Cloudy,5,5,False,False,False,False,True,0.2
2026-08-24T00:28:44Z,KY,KY00065IS0000020N65WELCOM,36.6434,-86.5687,76,Partly Cloudy,0,5,False,False,False,False,False,0.0
2026-08-24T00:28:44Z,KY,KY00065IS000020NSMARATHON,36.6612,-86.5553,80,Mostly Clear,0,6,False,False,False,False,False,0.0
2026-08-24T00:28:44Z,KY,KY00065IS0000340NWEIGHS34,36.6868,-86.5379,81,Mostly Clear,0,6,False,False,False,False,False,0.0
2026-08-24T00:28:44Z,KY,KY00065IS0011400S65SRA114,37.9464,-85.6905,77,Partly Cloudy,0,6,False,False,False,False,False,0.0
2026-08-24T00:28:44Z,KY,KY00065IS0005900S65SRA059,37.239,-85.9297,76,Partly Cloudy,0,2,False,False,False,False,False,0.0
2026-08-24T00:28:44Z,KY,KY00065IS0005900N65NRA059,37.2384,-85.9271,76,Partly Cloudy,0,2,False,False,False,False,False,0.0
2026-08-24T00:28:44Z,KY,KY00075IS0003300NWEIGHS33,37.0422,-84.0968,73,Mostly Cloudy,0,3,False,False,False,False,False,0.0
2026-08-24T00:28:44Z,KY,KY00075IS0003400SWEIGHS34,37.048,-84.0997,78,Partly Cloudy,0,5,False,False,False,False,False,0.0
2026-08-24T00:28:44Z,KY,KY00075IS0017700N75NRA177,38.937,-84.6309,71,Partly Cloudy,10,6,False,False,False,False,False,0.0
2026-08-24T00:28:44Z,KY,KY00075IS0007500SWALTONWS,38.8653,-84.6476,71,Partly Cloudy,10,5,False,False,False,False,False,0.0
2026-08-24T00:28:44Z,KY,KY00075IS0017700S75SRA177,38.9388,-84.6339,71,Partly Cloudy,10,6,False,False,False,False,False,0.0
2026-08-24T00:28:44Z,KY,KY00075IS0016800SCRITENWS,38.8196,-84.6015,76,Partly Cloudy,10,6,False,False,False,False,False,0.0
2026-08-24T00:28:44Z,KY,KY00075IS0000100N75WELCOM,36.6162,-84.1054,75,Partly Cloudy,0,2,False,False,False,False,False,0.0
2026-08-24T00:28:48Z,IL,IL00057IN007900034,38.0297,-88.9203,78,Partly Cloudy,0,2,False,False,False,False,True,0.2
2026-08-24T00:28:48Z,IL,IL00057IS022200054,39.9314,-88.3043,73,Mostly Clear,0,6,False,False,False,False,True,0.2
2026-08-24T00:28:48Z,IL,IL00039IN008500036,41.7236,-89.0062,72,Mostly Clear,0,10,False,False,False,False,True,0.2
2026-08-24T00:28:48Z,IL,IL00055IS019400021,40.8371,-88.6833,73,Mostly Clear,0,5,False,False,False,False,True,0.2
2026-08-24T00:28:48Z,IL,IL00057IN022200048,39.9218,-88.299,73,Mostly Clear,0,6,False,False,False,False,True,0.2
2026-08-24T00:28:48Z,IL,IL00055IN006400027,39.3465,-89.6408,72,Partly Cloudy,0,5,False,False,False,False,True,0.2
2026-08-24T00:28:48Z,IL,IL00070IE002700042,38.7849,-89.7023,74,Partly Cloudy,0,5,False,False,False,False,True,0.2
2026-08-24T00:28:48Z,IL,IL00057IN026800032,40.5505,-88.0605,70,Mostly Clear,0,5,False,False,False,False,True,0.2
2026-08-24T00:28:48Z,IL,IL00064IW002500011,38.5491,-89.7633,78,Partly Cloudy,0,3,False,False,False,False,True,0.2
2026-08-24T00:28:48Z,IL,IL00024IW003700010,37.1593,-88.6798,75,Mostly Cloudy,0,2,False,False,False,False,True,0.2
2026-08-24T00:28:48Z,IL,IL00074IE002800030,41.2334,-90.333,75,Mostly Clear,0,5,False,False,False,False,True,0.2
2026-08-24T00:28:48Z,IL,IL00080IW005100013,41.3937,-89.5591,73,Mostly Clear,0,5,False,False,False,False,True,0.2
2026-08-24T00:28:48Z,IL,IL00055IN010400050,39.8627,-89.5948,75,Mostly Clear,0,7,False,False,False,False,True,0.2
2026-08-24T00:28:48Z,IL,IL00055IN002700029,38.8649,-89.8532,75,Partly Cloudy,0,6,False,False,False,False,True,0.2
2026-08-24T00:28:48Z,IL,IL00074IE015600037,40.2732,-88.6762,74,Mostly Clear,0,7,False,False,False,False,True,0.2
2026-08-24T00:28:48Z,IL,IL00072IE015200041,39.9923,-88.7827,72,Mostly Clear,0,7,False,False,False,False,True,0.2
2026-08-24T00:28:48Z,IL,IL00080IW011700016,41.4473,-88.3285,72,Mostly Clear,0,5,False,False,False,False,True,0.2
2026-08-24T00:28:48Z,IL,IL00057IS011400023,38.5965,-88.9677,74,Mostly Clear,0,3,False,False,False,False,True,0.2
2026-08-24T00:28:48Z,IL,IL00057IS033300046,41.3918,-87.7749,72,Clear,0,10,False,False,False,False,True,0.2
2026-08-24T00:28:48Z,IL,IL00057IS007900047,38.0962,-88.9138,77,Partly Cloudy,0,2,False,False,False,False,True,0.2
2026-08-24T00:28:48Z,IL,IL00072IW015200014,39.9888,-88.7852,72,Mostly Clear,0,7,False,False,False,False,True,0.2
2026-08-24T00:28:48Z,IL,IL00055IN014900028,40.3599,-89.1099,74,Mostly Clear,0,6,False,False,False,False,True,0.2
2026-08-24T00:28:48Z,IL,IL00074IW002800020,41.2141,-90.3308,75,Mostly Clear,0,5,False,False,False,False,True,0.2
2026-08-24T00:28:48Z,IL,IL00064IW008500012,38.2766,-88.8012,77,Partly Cloudy,0,2,False,False,False,False,True,0.2
2026-08-24T00:28:48Z,IL,IL00057IN033300049,41.3892,-87.7729,72,Clear,0,10,False,False,False,False,True,0.2
2026-08-24T00:28:48Z,IL,IL00039IS008500026,41.7285,-89.0105,72,Mostly Clear,0,10,False,False,False,False,True,0.2
2026-08-24T00:28:48Z,IL,IL00070IE008600051,39.0651,-88.6745,75,Partly Cloudy,0,3,False,False,False,False,True,0.2
2026-08-24T00:28:48Z,IL,IL00064IE002500038,38.5481,-89.7731,78,Partly Cloudy,0,3,False,False,False,False,True,0.2
2026-08-24T00:28:48Z,IL,IL00055IN019400031,40.8234,-88.6875,73,Mostly Clear,0,5,False,False,False,False,True,0.2
2026-08-24T00:28:48Z,IL,IL00080IE011700043,41.4314,-88.3454,74,Mostly Clear,0,10,False,False,False,False,True,0.2
2026-08-24T00:28:48Z,IL,IL00074IW015600009,40.2711,-88.6701,74,Mostly Clear,0,7,False,False,False,False,True,0.2
2026-08-24T00:28:48Z,IL,IL00057IN011400033,38.5963,-88.9638,74,Mostly Clear,0,3,False,False,False,False,True,0.2
2026-08-24T00:28:48Z,IL,IL00064IE008500039,38.273,-88.8496,74,Partly Cloudy,0,1,False,False,False,False,True,0.2
2026-08-24T00:28:48Z,IL,IL00055IS006400017,39.3523,-89.6447,72,Partly Cloudy,0,5,False,False,False,False,True,0.2
2026-08-24T00:28:48Z,IL,IL00057IS026800022,40.5613,-88.0615,70,Mostly Clear,0,5,False,False,False,False,True,0.2
2026-08-24T00:28:48Z,IL,IL00080IE005100040,41.3938,-89.5665,76,Partly Cloudy,0,5,False,False,False,False,True,0.2
2026-08-24T00:28:48Z,IL,IL00055IS002700019,38.8723,-89.8511,75,Partly Cloudy,0,6,False,False,False,False,True,0.2
2026-08-24T00:28:48Z,IL,IL00070IW002700015,38.7884,-89.6889,74,Partly Cloudy,0,3,False,False,False,False,True,0.2
2026-08-24T00:28:48Z,IL,IL00064IW013000053,38.2322,-87.9882,75,Partly Cloudy,0,2,False,False,False,False,True,0.2
2026-08-24T00:28:48Z,IL,IL00074IW020800052,40.1298,-87.7441,76,Partly Cloudy,0,6,False,False,False,False,True,0.2
2026-08-24T00:28:48Z,IL,IL00074IE011400005,40.6125,-89.245,73,Mostly Clear,0,7,False,False,False,False,True,0.2
2026-08-24T00:28:48Z,IL,IL00074IW006200004,40.8802,-90.0895,73,Mostly Clear,0,3,False,False,False,False,True,0.2
2026-08-24T00:28:48Z,IL,IL00070IW008700045,39.0679,-88.6704,75,Partly Cloudy,0,3,False,False,False,False,True,0.2
2026-08-24T00:28:48Z,IL,IL00057IS016500018,39.1993,-88.502,78,Mostly Clear,0,7,False,False,False,False,True,0.2
2026-08-24T00:28:48Z,IL,IL00074IW011400006,40.6111,-89.2323,73,Mostly Clear,0,7,False,False,False,False,True,0.2
2026-08-24T00:28:48Z,IL,IL00074IE006200001,40.8788,-90.0936,73,Mostly Clear,0,3,False,False,False,False,True,0.2
2026-08-24T00:28:48Z,IL,IL00070IW014900008,39.4228,-87.6617,78,Partly Cloudy,0,7,False,False,False,False,True,0.2
2026-08-24T00:28:48Z,IL,IL00057IN016500044,39.1898,-88.5031,77,Mostly Clear,0,6,False,False,False,False,True,0.2
2026-08-24T00:28:48Z,IL,IL00055IS010400024,39.8871,-89.5966,73,Mostly Clear,0,5,False,False,False,False,True,0.2
2026-08-24T00:28:48Z,IL,IL00057IS003200025,37.4699,-89.1329,79,Mostly Cloudy,0,2,False,False,False,False,True,0.2
2026-08-24T00:28:48Z,IL,IL00057IN003200035,37.4661,-89.1324,79,Mostly Cloudy,0,2,False,False,False,False,True,0.2
2026-08-24T00:28:48Z,IN,322,38.195,-87.8597,75,Partly Cloudy,0,3,False,False,False,False,True,0.2
2026-08-24T00:28:48Z,IN,317,38.5852,-85.7768,79,Partly Cloudy,0,5,False,False,False,False,True,0.2
2026-08-24T00:28:48Z,IN,316,38.5859,-85.7809,79,Partly Cloudy,0,5,False,False,False,False,True,0.2
2026-08-24T00:28:48Z,IN,315,39.2602,-85.9521,77,Partly Cloudy,0,3,False,False,False,False,True,0.2
2026-08-24T00:28:48Z,IN,314,39.2767,-85.9569,77,Partly Cloudy,0,2,False,False,False,False,True,0.2
2026-08-24T00:28:48Z,IN,313,40.1578,-86.5387,71,Mostly Clear,1,3,False,False,False,False,True,0.2
2026-08-24T00:28:48Z,IN,312,40.1722,-86.5522,71,Mostly Clear,1,3,False,False,False,False,True,0.2
2026-08-24T00:28:48Z,IN,311,40.6992,-87.0628,72,Mostly Clear,0,5,False,False,False,False,True,0.2
2026-08-24T00:28:48Z,IN,310,40.6984,-87.0646,72,Mostly Clear,0,5,False,False,False,False,True,0.2
2026-08-24T00:28:48Z,IN,308,41.1653,-87.271,71,Mostly Clear,0,5,False,False,False,False,True,0.2
2026-08-24T00:28:48Z,IN,309,41.1666,-87.2749,71,Mostly Clear,0,5,False,False,False,False,True,0.2
2026-08-24T00:28:48Z,IN,318,40.3543,-85.5576,68,Partly Cloudy,2,3,False,False,False,False,True,0.2
2026-08-24T00:28:48Z,IN,319,40.3569,-85.56,68,Partly Cloudy,2,3,False,False,False,False,True,0.2
2026-08-24T00:28:48Z,IN,320,41.2963,-85.0863,65,Mostly Clear,0,10,False,False,False,False,True,0.2
2026-08-24T00:28:48Z,IN,321,41.5803,-85.0597,67,Mostly Clear,6,15,False,False,False,False,True,0.2
2026-08-24T00:28:48Z,IN,300,39.4417,-87.5002,73,Partly Cloudy,0,1,False,False,False,False,True,0.2
2026-08-24T00:28:48Z,IN,302,39.6517,-86.3967,74,Partly Cloudy,1,8,False,False,False,False,True,0.2
2026-08-24T00:28:48Z,IN,301,39.6541,-86.4005,74,Partly Cloudy,1,8,False,False,False,False,True,0.2
2026-08-24T00:28:48Z,IN,303,39.8243,-85.7039,75,Mostly Cloudy,3,2,False,False,False,False,True,0.2
2026-08-24T00:28:48Z,IN,304,39.8266,-85.704,75,Mostly Cloudy,3,2,False,False,False,False,True,0.2
2026-08-24T00:28:48Z,IN,305,39.8605,-85.0259,69,Mostly Cloudy,13,6,False,False,False,False,True,0.2
2026-08-24T00:28:48Z,IN,323,39.29,-85.1688,69,Mostly Cloudy,10,3,False,False,False,False,True,0.2
2026-08-24T00:28:48Z,IN,702,41.7472,-85.3285,65,Mostly Clear,1,10,False,False,False,False,True,0.2
2026-08-24T00:28:48Z,IN,701,41.5889,-87.2173,71,Partly Cloudy,0,10,False,False,False,False,True,0.2
2026-08-24T00:28:48Z,IN,704,41.7058,-86.6212,66,Mostly Clear,4,5,False,False,False,False,True,0.2
2026-08-24T00:28:48Z,IN,703,41.7071,-86.6235,66,Mostly Clear,4,5,False,False,False,False,True,0.2
2026-08-24T00:28:48Z,IN,705,41.733,-86.0057,68,Mostly Clear,0,10,False,False,False,False,True,0.2
2026-08-24T00:28:48Z,IN,708,41.7472,-85.3285,65,Mostly Clear,1,10,False,False,False,False,True,0.2
2026-08-24T00:28:48Z,IN,707,41.7453,-85.3287,65,Mostly Clear,1,10,False,False,False,False,True,0.2
2026-08-24T00:28:48Z,IN,324,41.7353,-86.7933,68,Partly Cloudy,5,5,False,False,False,False,True,0.2
2026-08-24T00:28:48Z,KY,KY00065IS0000020N65WELCOM,36.6434,-86.5687,76,Partly Cloudy,0,5,False,False,False,False,False,0.0
2026-08-24T00:28:48Z,KY,KY00065IS000020NSMARATHON,36.6612,-86.5553,80,Mostly Clear,0,6,False,False,False,False,False,0.0
2026-08-24T00:28:48Z,KY,KY00065IS0000340NWEIGHS34,36.6868,-86.5379,81,Mostly Clear,0,6,False,False,False,False,False,0.0
2026-08-24T00:28:48Z,KY,KY00065IS0011400S65SRA114,37.9464,-85.6905,77,Partly Cloudy,0,6,False,False,False,False,False,0.0
2026-08-24T00:28:48Z,KY,KY00065IS0005900S65SRA059,37.239,-85.9297,76,Partly Cloudy,0,2,False,False,False,False,False,0.0
2026-08-24T00:28:48Z,KY,KY00065IS0005900N65NRA059,37.2384,-85.9271,76,Partly Cloudy,0,2,False,False,False,False,False,0.0
2026-08-24T00:28:48Z,KY,KY00075IS0003300NWEIGHS33,37.0422,-84.0968,73,Mostly Cloudy,0,3,False,False,False,False,False,0.0
2026-08-24T00:28:48Z,KY,KY00075IS0003400SWEIGHS34,37.048,-84.0997,78,Partly Cloudy,0,5,False,False,False,False,False,0.0
2026-08-24T00:28:48Z,KY,KY00075IS0017700N75NRA177,38.937,-84.6309,71,Partly Cloudy,10,6,False,False,False,False,False,0.0
2026-08-24T00:28:48Z,KY,KY00075IS0007500SWALTONWS,38.8653,-84.6476,76,Partly Cloudy,10,6,False,False,False,False,False,0.0
2026-08-24T00:28:48Z,KY,KY00075IS0017700S75SRA177,38.9388,-84.6339,71,Partly Cloudy,10,6,False,False,False,False,False,0.0
2026-08-24T00:28:48Z,KY,KY00075IS0016800SCRITENWS,38.8196,-84.6015,76,Partly Cloudy,10,6,False,False,False,False,False,0.0
2026-08-24T00:28:48Z,KY,KY00075IS0000100N75WELCOM,36.6162,-84.1054,75,Partly Cloudy,0,2,False,False,False,False,False,0.0
2026-08-24T00:28:53Z,IL,IL00057IN007900034,38.0297,-88.9203,78,Partly Cloudy,0,2,False,False,False,False,True,0.2
2026-08-24T00:28:53Z,IL,IL00057IS022200054,39.9314,-88.3043,73,Mostly Clear,0,6,False,False,False,False,True,0.2
2026-08-24T00:28:53Z,IL,IL00039IN008500036,41.7236,-89.0062,72,Mostly Clear,0,10,False,False,False,False,True,0.2
2026-08-24T00:28:53Z,IL,IL00055IS019400021,40.8371,-88.6833,73,Mostly Clear,0,5,False,False,False,False,True,0.2
2026-08-24T00:28:53Z,IL,IL00057IN022200048,39.9218,-88.299,73,Mostly Clear,0,6,False,False,False,False,True,0.2
2026-08-24T00:28:53Z,IL,IL00055IN006400027,39.3465,-89.6408,72,Partly Cloudy,0,5,False,False,False,False,True,0.2
2026-08-24T00:28:53Z,IL,IL00070IE002700042,38.7849,-89.7023,74,Partly Cloudy,0,5,False,False,False,False,True,0.2
2026-08-24T00:28:53Z,IL,IL00057IN026800032,40.5505,-88.0605,70,Mostly Clear,0,5,False,False,False,False,True,0.2
2026-08-24T00:28:53Z,IL,IL00064IW002500011,38.5491,-89.7633,78,Partly Cloudy,0,3,False,False,False,False,True,0.2
2026-08-24T00:28:53Z,IL,IL00024IW003700010,37.1593,-88.6798,75,Mostly Cloudy,0,2,False,False,False,False,True,0.2
2026-08-24T00:28:53Z,IL,IL00074IE002800030,41.2334,-90.333,75,Mostly Clear,0,5,False,False,False,False,True,0.2
2026-08-24T00:28:53Z,IL,IL00080IW005100013,41.3937,-89.5591,73,Mostly Clear,0,5,False,False,False,False,True,0.2
2026-08-24T00:28:53Z,IL,IL00055IN010400050,39.8627,-89.5948,75,Mostly Clear,0,7,False,False,False,False,True,0.2
2026-08-24T00:28:53Z,IL,IL00055IN002700029,38.8649,-89.8532,75,Partly Cloudy,0,6,False,False,False,False,True,0.2
2026-08-24T00:28:53Z,IL,IL00074IE015600037,40.2732,-88.6762,74,Mostly Clear,0,7,False,False,False,False,True,0.2
2026-08-24T00:28:53Z,IL,IL00072IE015200041,39.9923,-88.7827,72,Mostly Clear,0,7,False,False,False,False,True,0.2
2026-08-24T00:28:53Z,IL,IL00080IW011700016,41.4473,-88.3285,72,Mostly Clear,0,5,False,False,False,False,True,0.2
2026-08-24T00:28:53Z,IL,IL00057IS011400023,38.5965,-88.9677,74,Mostly Clear,0,3,False,False,False,False,True,0.2
2026-08-24T00:28:53Z,IL,IL00057IS033300046,41.3918,-87.7749,72,Clear,0,10,False,False,False,False,True,0.2
2026-08-24T00:28:53Z,IL,IL00057IS007900047,38.0962,-88.9138,77,Partly Cloudy,0,2,False,False,False,False,True,0.2
2026-08-24T00:28:53Z,IL,IL00072IW015200014,39.9888,-88.7852,72,Mostly Clear,0,7,False,False,False,False,True,0.2
2026-08-24T00:28:53Z,IL,IL00055IN014900028,40.3599,-89.1099,74,Mostly Clear,0,6,False,False,False,False,True,0.2
2026-08-24T00:28:53Z,IL,IL00074IW002800020,41.2141,-90.3308,75,Mostly Clear,0,5,False,False,False,False,True,0.2
2026-08-24T00:28:53Z,IL,IL00064IW008500012,38.2766,-88.8012,77,Partly Cloudy,0,2,False,False,False,False,True,0.2
2026-08-24T00:28:53Z,IL,IL00057IN033300049,41.3892,-87.7729,72,Clear,0,10,False,False,False,False,True,0.2
2026-08-24T00:28:53Z,IL,IL00039IS008500026,41.7285,-89.0105,72,Mostly Clear,0,10,False,False,False,False,True,0.2
2026-08-24T00:28:53Z,IL,IL00070IE008600051,39.0651,-88.6745,75,Partly Cloudy,0,3,False,False,False,False,True,0.2
2026-08-24T00:28:53Z,IL,IL00064IE002500038,38.5481,-89.7731,78,Partly Cloudy,0,3,False,False,False,False,True,0.2
2026-08-24T00:28:53Z,IL,IL00055IN019400031,40.8234,-88.6875,73,Mostly Clear,0,5,False,False,False,False,True,0.2
2026-08-24T00:28:53Z,IL,IL00080IE011700043,41.4314,-88.3454,74,Mostly Clear,0,10,False,False,False,False,True,0.2
2026-08-24T00:28:53Z,IL,IL00074IW015600009,40.2711,-88.6701,74,Mostly Clear,0,7,False,False,False,False,True,0.2
2026-08-24T00:28:53Z,IL,IL00057IN011400033,38.5963,-88.9638,74,Mostly Clear,0,3,False,False,False,False,True,0.2
2026-08-24T00:28:53Z,IL,IL00064IE008500039,38.273,-88.8496,74,Partly Cloudy,0,1,False,False,False,False,True,0.2
2026-08-24T00:28:53Z,IL,IL00055IS006400017,39.3523,-89.6447,72,Partly Cloudy,0,5,False,False,False,False,True,0.2
2026-08-24T00:28:53Z,IL,IL00057IS026800022,40.5613,-88.0615,70,Mostly Clear,0,5,False,False,False,False,True,0.2
2026-08-24T00:28:53Z,IL,IL00080IE005100040,41.3938,-89.5665,76,Partly Cloudy,0,5,False,False,False,False,True,0.2
2026-08-24T00:28:53Z,IL,IL00055IS002700019,38.8723,-89.8511,75,Partly Cloudy,0,6,False,False,False,False,True,0.2
2026-08-24T00:28:53Z,IL,IL00070IW002700015,38.7884,-89.6889,74,Partly Cloudy,0,3,False,False,False,False,True,0.2
2026-08-24T00:28:53Z,IL,IL00064IW013000053,38.2322,-87.9882,75,Partly Cloudy,0,2,False,False,False,False,True,0.2
2026-08-24T00:28:53Z,IL,IL00074IW020800052,40.1298,-87.7441,76,Partly Cloudy,0,6,False,False,False,False,True,0.2
2026-08-24T00:28:53Z,IL,IL00074IE011400005,40.6125,-89.245,73,Mostly Clear,0,7,False,False,False,False,True,0.2
2026-08-24T00:28:53Z,IL,IL00074IW006200004,40.8802,-90.0895,73,Mostly Clear,0,3,False,False,False,False,True,0.2
2026-08-24T00:28:53Z,IL,IL00070IW008700045,39.0679,-88.6704,75,Partly Cloudy,0,3,False,False,False,False,True,0.2
2026-08-24T00:28:53Z,IL,IL00057IS016500018,39.1993,-88.502,78,Mostly Clear,0,7,False,False,False,False,True,0.2
2026-08-24T00:28:53Z,IL,IL00074IW011400006,40.6111,-89.2323,73,Mostly Clear,0,7,False,False,False,False,True,0.2
2026-08-24T00:28:53Z,IL,IL00074IE006200001,40.8788,-90.0936,73,Mostly Clear,0,3,False,False,False,False,True,0.2
2026-08-24T00:28:53Z,IL,IL00070IW014900008,39.4228,-87.6617,78,Partly Cloudy,0,7,False,False,False,False,True,0.2
2026-08-24T00:28:53Z,IL,IL00057IN016500044,39.1898,-88.5031,77,Mostly Clear,0,6,False,False,False,False,True,0.2
2026-08-24T00:28:53Z,IL,IL00055IS010400024,39.8871,-89.5966,73,Mostly Clear,0,5,False,False,False,False,True,0.2
2026-08-24T00:28:53Z,IL,IL00057IS003200025,37.4699,-89.1329,79,Mostly Cloudy,0,2,False,False,False,False,True,0.2
2026-08-24T00:28:53Z,IL,IL00057IN003200035,37.4661,-89.1324,79,Mostly Cloudy,0,2,False,False,False,False,True,0.2
2026-08-24T00:28:53Z,IN,322,38.195,-87.8597,75,Partly Cloudy,0,3,False,False,False,False,True,0.2
2026-08-24T00:28:53Z,IN,317,38.5852,-85.7768,79,Partly Cloudy,0,5,False,False,False,False,True,0.2
2026-08-24T00:28:53Z,IN,316,38.5859,-85.7809,79,Partly Cloudy,0,5,False,False,False,False,True,0.2
2026-08-24T00:28:53Z,IN,315,39.2602,-85.9521,77,Partly Cloudy,0,3,False,False,False,False,True,0.2
2026-08-24T00:28:53Z,IN,314,39.2767,-85.9569,77,Partly Cloudy,0,2,False,False,False,False,True,0.2
2026-08-24T00:28:53Z,IN,313,40.1578,-86.5387,71,Mostly Clear,1,3,False,False,False,False,True,0.2
2026-08-24T00:28:53Z,IN,312,40.1722,-86.5522,71,Mostly Clear,1,3,False,False,False,False,True,0.2
2026-08-24T00:28:53Z,IN,311,40.6992,-87.0628,72,Mostly Clear,0,5,False,False,False,False,True,0.2
2026-08-24T00:28:53Z,IN,310,40.6984,-87.0646,72,Mostly Clear,0,5,False,False,False,False,True,0.2
2026-08-24T00:28:53Z,IN,308,41.1653,-87.271,71,Mostly Clear,0,5,False,False,False,False,True,0.2
2026-08-24T00:28:53Z,IN,309,41.1666,-87.2749,71,Mostly Clear,0,5,False,False,False,False,True,0.2
2026-08-24T00:28:53Z,IN,318,40.3543,-85.5576,68,Partly Cloudy,2,3,False,False,False,False,True,0.2
2026-08-24T00:28:53Z,IN,319,40.3569,-85.56,68,Partly Cloudy,2,3,False,False,False,False,True,0.2
2026-08-24T00:28:53Z,IN,320,41.2963,-85.0863,65,Mostly Clear,0,10,False,False,False,False,True,0.2
2026-08-24T00:28:53Z,IN,321,41.5803,-85.0597,67,Mostly Clear,6,15,False,False,False,False,True,0.2
2026-08-24T00:28:53Z,IN,300,39.4417,-87.5002,73,Partly Cloudy,0,1,False,False,False,False,True,0.2
2026-08-24T00:28:53Z,IN,302,39.6517,-86.3967,74,Partly Cloudy,1,8,False,False,False,False,True,0.2
2026-08-24T00:28:53Z,IN,301,39.6541,-86.4005,74,Partly Cloudy,1,8,False,False,False,False,True,0.2
2026-08-24T00:28:53Z,IN,303,39.8243,-85.7039,75,Mostly Cloudy,3,2,False,False,False,False,True,0.2
2026-08-24T00:28:53Z,IN,304,39.8266,-85.704,75,Mostly Cloudy,3,2,False,False,False,False,True,0.2
2026-08-24T00:28:53Z,IN,305,39.8605,-85.0259,69,Mostly Cloudy,13,6,False,False,False,False,True,0.2
2026-08-24T00:28:53Z,IN,323,39.29,-85.1688,69,Mostly Cloudy,10,3,False,False,False,False,True,0.2
2026-08-24T00:28:53Z,IN,702,41.7472,-85.3285,65,Mostly Clear,1,10,False,False,False,False,True,0.2
2026-08-24T00:28:53Z,IN,701,41.5889,-87.2173,71,Partly Cloudy,0,10,False,False,False,False,True,0.2
2026-08-24T00:28:53Z,IN,704,41.7058,-86.6212,66,Mostly Clear,4,5,False,False,False,False,True,0.2
2026-08-24T00:28:53Z,IN,703,41.7071,-86.6235,66,Mostly Clear,4,5,False,False,False,False,True,0.2
2026-08-24T00:28:53Z,IN,705,41.733,-86.0057,68,Mostly Clear,0,10,False,False,False,False,True,0.2
2026-08-24T00:28:53Z,IN,708,41.7472,-85.3285,65,Mostly Clear,1,10,False,False,False,False,True,0.2
2026-08-24T00:28:53Z,IN,707,41.7453,-85.3287,65,Mostly Clear,1,10,False,False,False,False,True,0.2
2026-08-24T00:28:53Z,IN,324,41.7353,-86.7933,68,Partly Cloudy,5,5,False,False,False,False,True,0.2
2026-08-24T00:28:53Z,KY,KY00065IS0000020N65WELCOM,36.6434,-86.5687,76,Partly Cloudy,0,5,False,False,False,False,False,0.0
2026-08-24T00:28:53Z,KY,KY00065IS000020NSMARATHON,36.6612,-86.5553,80,Mostly Clear,0,6,False,False,False,False,False,0.0
2026-08-24T00:28:53Z,KY,KY00065IS0000340NWEIGHS34,36.6868,-86.5379,81,Mostly Clear,0,6,False,False,False,False,False,0.0
2026-08-24T00:28:53Z,KY,KY00065IS0011400S65SRA114,37.9464,-85.6905,77,Partly Cloudy,0,6,False,False,False,False,False,0.0
2026-08-24T00:28:53Z,KY,KY00065IS0005900S65SRA059,37.239,-85.9297,76,Partly Cloudy,0,2,False,False,False,False,False,0.0
2026-08-24T00:28:53Z,KY,KY00065IS0005900N65NRA059,37.2384,-85.9271,76,Partly Cloudy,0,2,False,False,False,False,False,0.0
2026-08-24T00:28:53Z,KY,KY00075IS0003300NWEIGHS33,37.0422,-84.0968,73,Mostly Cloudy,0,3,False,False,False,False,False,0.0
2026-08-24T00:28:53Z,KY,KY00075IS0003400SWEIGHS34,37.048,-84.0997,78,Partly Cloudy,0,5,False,False,False,False,False,0.0
2026-08-24T00:28:53Z,KY,KY00075IS0017700N75NRA177,38.937,-84.6309,71,Partly Cloudy,10,6,False,False,False,False,False,0.0
2026-08-24T00:28:53Z,KY,KY00075IS0007500SWALTONWS,38.8653,-84.6476,71,Partly Cloudy,10,5,False,False,False,False,False,0.0
2026-08-24T00:28:53Z,KY,KY00075IS0017700S75SRA177,38.9388,-84.6339,71,Partly Cloudy,10,6,False,False,False,False,False,0.0
2026-08-24T00:28:53Z,KY,KY00075IS0016800SCRITENWS,38.8196,-84.6015,76,Partly Cloudy,10,6,False,False,False,False,False,0.0
2026-08-24T00:28:53Z,KY,KY00075IS0000100N75WELCOM,36.6162,-84.1054,75,Partly Cloudy,0,2,False,False,False,False,False,0.0
2026-08-24T00:28:57Z,IL,IL00057IN007900034,38.0297,-88.9203,78,Partly Cloudy,0,2,False,False,False,False,True,0.2
2026-08-24T00:28:57Z,IL,IL00057IS022200054,39.9314,-88.3043,73,Mostly Clear,0,6,False,False,False,False,True,0.2
2026-08-24T00:28:57Z,IL,IL00039IN008500036,41.7236,-89.0062,72,Mostly Clear,0,10,False,False,False,False,True,0.2
2026-08-24T00:28:57Z,IL,IL00055IS019400021,40.8371,-88.6833,73,Mostly Clear,0,5,False,False,False,False,True,0.2
2026-08-24T00:28:57Z,IL,IL00057IN022200048,39.9218,-88.299,73,Mostly Clear,0,6,False,False,False,False,True,0.2
2026-08-24T00:28:57Z,IL,IL00055IN006400027,39.3465,-89.6408,72,Partly Cloudy,0,5,False,False,False,False,True,0.2
2026-08-24T00:28:57Z,IL,IL00070IE002700042,38.7849,-89.7023,74,Partly Cloudy,0,5,False,False,False,False,True,0.2
2026-08-24T00:28:57Z,IL,IL00057IN026800032,40.5505,-88.0605,70,Mostly Clear,0,5,False,False,False,False,True,0.2
2026-08-24T00:28:57Z,IL,IL00064IW002500011,38.5491,-89.7633,78,Partly Cloudy,0,3,False,False,False,False,True,0.2
2026-08-24T00:28:57Z,IL,IL00024IW003700010,37.1593,-88.6798,75,Mostly Cloudy,0,2,False,False,False,False,True,0.2
2026-08-24T00:28:57Z,IL,IL00074IE002800030,41.2334,-90.333,75,Mostly Clear,0,5,False,False,False,False,True,0.2
2026-08-24T00:28:57Z,IL,IL00080IW005100013,41.3937,-89.5591,73,Mostly Clear,0,5,False,False,False,False,True,0.2
2026-08-24T00:28:57Z,IL,IL00055IN010400050,39.8627,-89.5948,75,Mostly Clear,0,7,False,False,False,False,True,0.2
2026-08-24T00:28:57Z,IL,IL00055IN002700029,38.8649,-89.8532,75,Partly Cloudy,0,6,False,False,False,False,True,0.2
2026-08-24T00:28:57Z,IL,IL00074IE015600037,40.2732,-88.6762,74,Mostly Clear,0,7,False,False,False,False,True,0.2
2026-08-24T00:28:57Z,IL,IL00072IE015200041,39.9923,-88.7827,72,Mostly Clear,0,7,False,False,False,False,True,0.2
2026-08-24T00:28:57Z,IL,IL00080IW011700016,41.4473,-88.3285,72,Mostly Clear,0,5,False,False,False,False,True,0.2
2026-08-24T00:28:57Z,IL,IL00057IS011400023,38.5965,-88.9677,74,Mostly Clear,0,3,False,False,False,False,True,0.2
2026-08-24T00:28:57Z,IL,IL00057IS033300046,41.3918,-87.7749,72,Clear,0,10,False,False,False,False,True,0.2
2026-08-24T00:28:57Z,IL,IL00057IS007900047,38.0962,-88.9138,77,Partly Cloudy,0,2,False,False,False,False,True,0.2
2026-08-24T00:28:57Z,IL,IL00072IW015200014,39.9888,-88.7852,72,Mostly Clear,0,7,False,False,False,False,True,0.2
2026-08-24T00:28:57Z,IL,IL00055IN014900028,40.3599,-89.1099,74,Mostly Clear,0,6,False,False,False,False,True,0.2
2026-08-24T00:28:57Z,IL,IL00074IW002800020,41.2141,-90.3308,75,Mostly Clear,0,5,False,False,False,False,True,0.2
2026-08-24T00:28:57Z,IL,IL00064IW008500012,38.2766,-88.8012,77,Partly Cloudy,0,2,False,False,False,False,True,0.2
2026-08-24T00:28:57Z,IL,IL00057IN033300049,41.3892,-87.7729,72,Clear,0,10,False,False,False,False,True,0.2
2026-08-24T00:28:57Z,IL,IL00039IS008500026,41.7285,-89.0105,72,Mostly Clear,0,10,False,False,False,False,True,0.2
2026-08-24T00:28:57Z,IL,IL00070IE008600051,39.0651,-88.6745,75,Partly Cloudy,0,3,False,False,False,False,True,0.2
2026-08-24T00:28:57Z,IL,IL00064IE002500038,38.5481,-89.7731,78,Partly Cloudy,0,3,False,False,False,False,True,0.2
2026-08-24T00:28:57Z,IL,IL00055IN019400031,40.8234,-88.6875,73,Mostly Clear,0,5,False,False,False,False,True,0.2
2026-08-24T00:28:57Z,IL,IL00080IE011700043,41.4314,-88.3454,74,Mostly Clear,0,10,False,False,False,False,True,0.2
2026-08-24T00:28:57Z,IL,IL00074IW015600009,40.2711,-88.6701,74,Mostly Clear,0,7,False,False,False,False,True,0.2
2026-08-24T00:28:57Z,IL,IL00057IN011400033,38.5963,-88.9638,74,Mostly Clear,0,3,False,False,False,False,True,0.2
2026-08-24T00:28:57Z,IL,IL00064IE008500039,38.273,-88.8496,74,Partly Cloudy,0,1,False,False,False,False,True,0.2
2026-08-24T00:28:57Z,IL,IL00055IS006400017,39.3523,-89.6447,72,Partly Cloudy,0,5,False,False,False,False,True,0.2
2026-08-24T00:28:57Z,IL,IL00057IS026800022,40.5613,-88.0615,70,Mostly Clear,0,5,False,False,False,False,True,0.2
2026-08-24T00:28:57Z,IL,IL00080IE005100040,41.3938,-89.5665,76,Partly Cloudy,0,5,False,False,False,False,True,0.2
2026-08-24T00:28:57Z,IL,IL00055IS002700019,38.8723,-89.8511,75,Partly Cloudy,0,6,False,False,False,False,True,0.2
2026-08-24T00:28:57Z,IL,IL00070IW002700015,38.7884,-89.6889,74,Partly Cloudy,0,3,False,False,False,False,True,0.2
2026-08-24T00:28:57Z,IL,IL00064IW013000053,38.2322,-87.9882,75,Partly Cloudy,0,2,False,False,False,False,True,0.2
2026-08-24T00:28:57Z,IL,IL00074IW020800052,40.1298,-87.7441,76,Partly Cloudy,0,6,False,False,False,False,True,0.2
2026-08-24T00:28:57Z,IL,IL00074IE011400005,40.6125,-89.245,73,Mostly Clear,0,7,False,False,False,False,True,0.2
2026-08-24T00:28:57Z,IL,IL00074IW006200004,40.8802,-90.0895,73,Mostly Clear,0,3,False,False,False,False,True,0.2
2026-08-24T00:28:57Z,IL,IL00070IW008700045,39.0679,-88.6704,75,Partly Cloudy,0,3,False,False,False,False,True,0.2
2026-08-24T00:28:57Z,IL,IL00057IS016500018,39.1993,-88.502,78,Mostly Clear,0,7,False,False,False,False,True,0.2
2026-08-24T00:28:57Z,IL,IL00074IW011400006,40.6111,-89.2323,73,Mostly Clear,0,7,False,False,False,False,True,0.2
2026-08-24T00:28:57Z,IL,IL00074IE006200001,40.8788,-90.0936,73,Mostly Clear,0,3,False,False,False,False,True,0.2
2026-08-24T00:28:57Z,IL,IL00070IW014900008,39.4228,-87.6617,78,Partly Cloudy,0,7,False,False,False,False,True,0.2
2026-08-24T00:28:57Z,IL,IL00057IN016500044,39.1898,-88.5031,77,Mostly Clear,0,6,False,False,False,False,True,0.2
2026-08-24T00:28:57Z,IL,IL00055IS010400024,39.8871,-89.5966,73,Mostly Clear,0,5,False,False,False,False,True,0.2
2026-08-24T00:28:57Z,IL,IL00057IS003200025,37.4699,-89.1329,79,Mostly Cloudy,0,2,False,False,False,False,True,0.2
2026-08-24T00:28:57Z,IL,IL00057IN003200035,37.4661,-89.1324,79,Mostly Cloudy,0,2,False,False,False,False,True,0.2
2026-08-24T00:28:57Z,IN,322,38.195,-87.8597,75,Partly Cloudy,0,3,False,False,False,False,True,0.2
2026-08-24T00:28:57Z,IN,317,38.5852,-85.7768,79,Partly Cloudy,0,5,False,False,False,False,True,0.2
2026-08-24T00:28:57Z,IN,316,38.5859,-85.7809,79,Partly Cloudy,0,5,False,False,False,False,True,0.2
2026-08-24T00:28:57Z,IN,315,39.2602,-85.9521,77,Partly Cloudy,0,3,False,False,False,False,True,0.2
2026-08-24T00:28:57Z,IN,314,39.2767,-85.9569,77,Partly Cloudy,0,2,False,False,False,False,True,0.2
2026-08-24T00:28:57Z,IN,313,40.1578,-86.5387,71,Mostly Clear,1,3,False,False,False,False,True,0.2
2026-08-24T00:28:57Z,IN,312,40.1722,-86.5522,71,Mostly Clear,1,3,False,False,False,False,True,0.2
2026-08-24T00:28:57Z,IN,311,40.6992,-87.0628,72,Mostly Clear,0,5,False,False,False,False,True,0.2
2026-08-24T00:28:57Z,IN,310,40.6984,-87.0646,72,Mostly Clear,0,5,False,False,False,False,True,0.2
2026-08-24T00:28:57Z,IN,308,41.1653,-87.271,71,Mostly Clear,0,5,False,False,False,False,True,0.2
2026-08-24T00:28:57Z,IN,309,41.1666,-87.2749,71,Mostly Clear,0,5,False,False,False,False,True,0.2
2026-08-24T00:28:57Z,IN,318,40.3543,-85.5576,68,Partly Cloudy,2,3,False,False,False,False,True,0.2
2026-08-24T00:28:57Z,IN,319,40.3569,-85.56,68,Partly Cloudy,2,3,False,False,False,False,True,0.2
2026-08-24T00:28:57Z,IN,320,41.2963,-85.0863,65,Mostly Clear,0,10,False,False,False,False,True,0.2
2026-08-24T00:28:57Z,IN,321,41.5803,-85.0597,67,Mostly Clear,6,15,False,False,False,False,True,0.2
2026-08-24T00:28:57Z,IN,300,39.4417,-87.5002,73,Partly Cloudy,0,1,False,False,False,False,True,0.2
2026-08-24T00:28:57Z,IN,302,39.6517,-86.3967,74,Partly Cloudy,1,8,False,False,False,False,True,0.2
2026-08-24T00:28:57Z,IN,301,39.6541,-86.4005,74,Partly Cloudy,1,8,False,False,False,False,True,0.2
2026-08-24T00:28:57Z,IN,303,39.8243,-85.7039,75,Mostly Cloudy,3,2,False,False,False,False,True,0.2
2026-08-24T00:28:57Z,IN,304,39.8266,-85.704,75,Mostly Cloudy,3,2,False,False,False,False,True,0.2
2026-08-24T00:28:57Z,IN,305,39.8605,-85.0259,69,Mostly Cloudy,13,6,False,False,False,False,True,0.2
2026-08-24T00:28:57Z,IN,323,39.29,-85.1688,69,Mostly Cloudy,10,3,False,False,False,False,True,0.2
2026-08-24T00:28:57Z,IN,702,41.7472,-85.3285,65,Mostly Clear,1,10,False,False,False,False,True,0.2
2026-08-24T00:28:57Z,IN,701,41.5889,-87.2173,71,Partly Cloudy,0,10,False,False,False,False,True,0.2
2026-08-24T00:28:57Z,IN,704,41.7058,-86.6212,66,Mostly Clear,4,5,False,False,False,False,True,0.2
2026-08-24T00:28:57Z,IN,703,41.7071,-86.6235,66,Mostly Clear,4,5,False,False,False,False,True,0.2
2026-08-24T00:28:57Z,IN,705,41.733,-86.0057,68,Mostly Clear,0,10,False,False,False,False,True,0.2
2026-08-24T00:28:57Z,IN,708,41.7472,-85.3285,65,Mostly Clear,1,10,False,False,False,False,True,0.2
2026-08-24T00:28:57Z,IN,707,41.7453,-85.3287,65,Mostly Clear,1,10,False,False,False,False,True,0.2
2026-08-24T00:28:57Z,IN,324,41.7353,-86.7933,68,Partly Cloudy,5,5,False,False,False,False,True,0.2
2026-08-24T00:28:57Z,KY,KY00065IS0000020N65WELCOM,36.6434,-86.5687,76,Partly Cloudy,0,5,False,False,False,False,False,0.0
2026-08-24T00:28:57Z,KY,KY00065IS000020NSMARATHON,36.6612,-86.5553,80,Mostly Clear,0,6,False,False,False,False,False,0.0
2026-08-24T00:28:57Z,KY,KY00065IS0000340NWEIGHS34,36.6868,-86.5379,81,Mostly Clear,0,6,False,False,False,False,False,0.0
2026-08-24T00:28:57Z,KY,KY00065IS0011400S65SRA114,37.9464,-85.6905,77,Partly Cloudy,0,6,False,False,False,False,False,0.0
2026-08-24T00:28:57Z,KY,KY00065IS0005900S65SRA059,37.239,-85.9297,76,Partly Cloudy,0,2,False,False,False,False,False,0.0
2026-08-24T00:28:57Z,KY,KY00065IS0005900N65NRA059,37.2384,-85.9271,76,Partly Cloudy,0,2,False,False,False,False,False,0.0
2026-08-24T00:28:57Z,KY,KY00075IS0003300NWEIGHS33,37.0422,-84.0968,73,Mostly Cloudy,0,3,False,False,False,False,False,0.0
2026-08-24T00:28:57Z,KY,KY00075IS0003400SWEIGHS34,37.048,-84.0997,78,Partly Cloudy,0,5,False,False,False,False,False,0.0
2026-08-24T00:28:57Z,KY,KY00075IS0017700N75NRA177,38.937,-84.6309,71,Partly Cloudy,10,6,False,False,False,False,False,0.0
2026-08-24T00:28:57Z,KY,KY00075IS0007500SWALTONWS,38.8653,-84.6476,71,Partly Cloudy,10,5,False,False,False,False,False,0.0
2026-08-24T00:28:57Z,KY,KY00075IS0017700S75SRA177,38.9388,-84.6339,71,Partly Cloudy,10,6,False,False,False,False,False,0.0
2026-08-24T00:28:57Z,KY,KY00075IS0016800SCRITENWS,38.8196,-84.6015,76,Partly Cloudy,10,6,False,False,False,False,False,0.0
2026-08-24T00:28:57Z,KY,KY00075IS0000100N75WELCOM,36.6162,-84.1054,75,Partly Cloudy,0,2,False,False,False,False,False,0.0
2026-08-24T00:29:01Z,IL,IL00057IN007900034,38.0297,-88.9203,78,Partly Cloudy,0,2,False,False,False,False,True,0.2
2026-08-24T00:29:01Z,IL,IL00057IS022200054,39.9314,-88.3043,73,Mostly Clear,0,6,False,False,False,False,True,0.2
2026-08-24T00:29:01Z,IL,IL00039IN008500036,41.7236,-89.0062,72,Mostly Clear,0,10,False,False,False,False,True,0.2
2026-08-24T00:29:01Z,IL,IL00055IS019400021,40.8371,-88.6833,73,Mostly Clear,0,5,False,False,False,False,True,0.2
2026-08-24T00:29:01Z,IL,IL00057IN022200048,39.9218,-88.299,73,Mostly Clear,0,6,False,False,False,False,True,0.2
2026-08-24T00:29:01Z,IL,IL00055IN006400027,39.3465,-89.6408,72,Partly Cloudy,0,5,False,False,False,False,True,0.2
2026-08-24T00:29:01Z,IL,IL00070IE002700042,38.7849,-89.7023,74,Partly Cloudy,0,5,False,False,False,False,True,0.2
2026-08-24T00:29:01Z,IL,IL00057IN026800032,40.5505,-88.0605,70,Mostly Clear,0,5,False,False,False,False,True,0.2
2026-08-24T00:29:01Z,IL,IL00064IW002500011,38.5491,-89.7633,78,Partly Cloudy,0,3,False,False,False,False,True,0.2
2026-08-24T00:29:01Z,IL,IL00024IW003700010,37.1593,-88.6798,75,Mostly Cloudy,0,2,False,False,False,False,True,0.2
2026-08-24T00:29:01Z,IL,IL00074IE002800030,41.2334,-90.333,75,Mostly Clear,0,5,False,False,False,False,True,0.2
2026-08-24T00:29:01Z,IL,IL00080IW005100013,41.3937,-89.5591,73,Mostly Clear,0,5,False,False,False,False,True,0.2
2026-08-24T00:29:01Z,IL,IL00055IN010400050,39.8627,-89.5948,75,Mostly Clear,0,7,False,False,False,False,True,0.2
2026-08-24T00:29:01Z,IL,IL00055IN002700029,38.8649,-89.8532,75,Partly Cloudy,0,6,False,False,False,False,True,0.2
2026-08-24T00:29:01Z,IL,IL00074IE015600037,40.2732,-88.6762,74,Mostly Clear,0,7,False,False,False,False,True,0.2
2026-08-24T00:29:01Z,IL,IL00072IE015200041,39.9923,-88.7827,72,Mostly Clear,0,7,False,False,False,False,True,0.2
2026-08-24T00:29:01Z,IL,IL00080IW011700016,41.4473,-88.3285,72,Mostly Clear,0,5,False,False,False,False,True,0.2
2026-08-24T00:29:01Z,IL,IL00057IS011400023,38.5965,-88.9677,74,Mostly Clear,0,3,False,False,False,False,True,0.2
2026-08-24T00:29:01Z,IL,IL00057IS033300046,41.3918,-87.7749,72,Clear,0,10,False,False,False,False,True,0.2
2026-08-24T00:29:01Z,IL,IL00057IS007900047,38.0962,-88.9138,77,Partly Cloudy,0,2,False,False,False,False,True,0.2
2026-08-24T00:29:01Z,IL,IL00072IW015200014,39.9888,-88.7852,72,Mostly Clear,0,7,False,False,False,False,True,0.2
2026-08-24T00:29:01Z,IL,IL00055IN014900028,40.3599,-89.1099,74,Mostly Clear,0,6,False,False,False,False,True,0.2
2026-08-24T00:29:01Z,IL,IL00074IW002800020,41.2141,-90.3308,75,Mostly Clear,0,5,False,False,False,False,True,0.2
2026-08-24T00:29:01Z,IL,IL00064IW008500012,38.2766,-88.8012,77,Partly Cloudy,0,2,False,False,False,False,True,0.2
2026-08-24T00:29:01Z,IL,IL00057IN033300049,41.3892,-87.7729,72,Clear,0,10,False,False,False,False,True,0.2
2026-08-24T00:29:01Z,IL,IL00039IS008500026,41.7285,-89.0105,72,Mostly Clear,0,10,False,False,False,False,True,0.2
2026-08-24T00:29:01Z,IL,IL00070IE008600051,39.0651,-88.6745,75,Partly Cloudy,0,3,False,False,False,False,True,0.2
2026-08-24T00:29:01Z,IL,IL00064IE002500038,38.5481,-89.7731,78,Partly Cloudy,0,3,False,False,False,False,True,0.2
2026-08-24T00:29:01Z,IL,IL00055IN019400031,40.8234,-88.6875,73,Mostly Clear,0,5,False,False,False,False,True,0.2
2026-08-24T00:29:01Z,IL,IL00080IE011700043,41.4314,-88.3454,74,Mostly Clear,0,10,False,False,False,False,True,0.2
2026-08-24T00:29:01Z,IL,IL00074IW015600009,40.2711,-88.6701,74,Mostly Clear,0,7,False,False,False,False,True,0.2
2026-08-24T00:29:01Z,IL,IL00057IN011400033,38.5963,-88.9638,74,Mostly Clear,0,3,False,False,False,False,True,0.2
2026-08-24T00:29:01Z,IL,IL00064IE008500039,38.273,-88.8496,74,Partly Cloudy,0,1,False,False,False,False,True,0.2
2026-08-24T00:29:01Z,IL,IL00055IS006400017,39.3523,-89.6447,72,Partly Cloudy,0,5,False,False,False,False,True,0.2
2026-08-24T00:29:01Z,IL,IL00057IS026800022,40.5613,-88.0615,70,Mostly Clear,0,5,False,False,False,False,True,0.2
2026-08-24T00:29:01Z,IL,IL00080IE005100040,41.3938,-89.5665,76,Partly Cloudy,0,5,False,False,False,False,True,0.2
2026-08-24T00:29:01Z,IL,IL00055IS002700019,38.8723,-89.8511,75,Partly Cloudy,0,6,False,False,False,False,True,0.2
2026-08-24T00:29:01Z,IL,IL00070IW002700015,38.7884,-89.6889,74,Partly Cloudy,0,3,False,False,False,False,True,0.2
2026-08-24T00:29:01Z,IL,IL00064IW013000053,38.2322,-87.9882,75,Partly Cloudy,0,2,False,False,False,False,True,0.2
2026-08-24T00:29:01Z,IL,IL00074IW020800052,40.1298,-87.7441,76,Partly Cloudy,0,6,False,False,False,False,True,0.2
2026-08-24T00:29:01Z,IL,IL00074IE011400005,40.6125,-89.245,73,Mostly Clear,0,7,False,False,False,False,True,0.2
2026-08-24T00:29:01Z,IL,IL00074IW006200004,40.8802,-90.0895,73,Mostly Clear,0,3,False,False,False,False,True,0.2
2026-08-24T00:29:01Z,IL,IL00070IW008700045,39.0679,-88.6704,75,Partly Cloudy,0,3,False,False,False,False,True,0.2
2026-08-24T00:29:01Z,IL,IL00057IS016500018,39.1993,-88.502,78,Mostly Clear,0,7,False,False,False,False,True,0.2
2026-08-24T00:29:01Z,IL,IL00074IW011400006,40.6111,-89.2323,73,Mostly Clear,0,7,False,False,False,False,True,0.2
2026-08-24T00:29:01Z,IL,IL00074IE006200001,40.8788,-90.0936,73,Mostly Clear,0,3,False,False,False,False,True,0.2
2026-08-24T00:29:01Z,IL,IL00070IW014900008,39.4228,-87.6617,78,Partly Cloudy,0,7,False,False,False,False,True,0.2
2026-08-24T00:29:01Z,IL,IL00057IN016500044,39.1898,-88.5031,77,Mostly Clear,0,6,False,False,False,False,True,0.2
2026-08-24T00:29:01Z,IL,IL00055IS010400024,39.8871,-89.5966,73,Mostly Clear,0,5,False,False,False,False,True,0.2
2026-08-24T00:29:01Z,IL,IL00057IS003200025,37.4699,-89.1329,79,Mostly Cloudy,0,2,False,False,False,False,True,0.2
2026-08-24T00:29:01Z,IL,IL00057IN003200035,37.4661,-89.1324,79,Mostly Cloudy,0,2,False,False,False,False,True,0.2
2026-08-24T00:29:01Z,IN,322,38.195,-87.8597,75,Partly Cloudy,0,3,False,False,False,False,True,0.2
2026-08-24T00:29:01Z,IN,317,38.5852,-85.7768,79,Partly Cloudy,0,5,False,False,False,False,True,0.2
2026-08-24T00:29:01Z,IN,316,38.5859,-85.7809,79,Partly Cloudy,0,5,False,False,False,False,True,0.2
2026-08-24T00:29:01Z,IN,315,39.2602,-85.9521,77,Partly Cloudy,0,3,False,False,False,False,True,0.2
2026-08-24T00:29:01Z,IN,314,39.2767,-85.9569,77,Partly Cloudy,0,2,False,False,False,False,True,0.2
2026-08-24T00:29:01Z,IN,313,40.1578,-86.5387,71,Mostly Clear,1,3,False,False,False,False,True,0.2
2026-08-24T00:29:01Z,IN,312,40.1722,-86.5522,71,Mostly Clear,1,3,False,False,False,False,True,0.2
2026-08-24T00:29:01Z,IN,311,40.6992,-87.0628,72,Mostly Clear,0,5,False,False,False,False,True,0.2
2026-08-24T00:29:01Z,IN,310,40.6984,-87.0646,72,Mostly Clear,0,5,False,False,False,False,True,0.2
2026-08-24T00:29:01Z,IN,308,41.1653,-87.271,71,Mostly Clear,0,5,False,False,False,False,True,0.2
2026-08-24T00:29:01Z,IN,309,41.1666,-87.2749,71,Mostly Clear,0,5,False,False,False,False,True,0.2
2026-08-24T00:29:01Z,IN,318,40.3543,-85.5576,68,Partly Cloudy,2,3,False,False,False,False,True,0.2
2026-08-24T00:29:01Z,IN,319,40.3569,-85.56,68,Partly Cloudy,2,3,False,False,False,False,True,0.2
2026-08-24T00:29:01Z,IN,320,41.2963,-85.0863,65,Mostly Clear,0,10,False,False,False,False,True,0.2
2026-08-24T00:29:01Z,IN,321,41.5803,-85.0597,67,Mostly Clear,6,15,False,False,False,False,True,0.2
2026-08-24T00:29:01Z,IN,300,39.4417,-87.5002,73,Partly Cloudy,0,1,False,False,False,False,True,0.2
2026-08-24T00:29:01Z,IN,302,39.6517,-86.3967,74,Partly Cloudy,1,8,False,False,False,False,True,0.2
2026-08-24T00:29:01Z,IN,301,39.6541,-86.4005,74,Partly Cloudy,1,8,False,False,False,False,True,0.2
2026-08-24T00:29:01Z,IN,303,39.8243,-85.7039,75,Mostly Cloudy,3,2,False,False,False,False,True,0.2
2026-08-24T00:29:01Z,IN,304,39.8266,-85.704,75,Mostly Cloudy,3,2,False,False,False,False,True,0.2
2026-08-24T00:29:01Z,IN,305,39.8605,-85.0259,69,Mostly Cloudy,13,6,False,False,False,False,True,0.2
2026-08-24T00:29:01Z,IN,323,39.29,-85.1688,69,Mostly Cloudy,10,3,False,False,False,False,True,0.2
2026-08-24T00:29:01Z,IN,702,41.7472,-85.3285,65,Mostly Clear,1,10,False,False,False,False,True,0.2
2026-08-24T00:29:01Z,IN,701,41.5889,-87.2173,69,Partly Cloudy,1,5,False,False,False,False,True,0.2
2026-08-24T00:29:01Z,IN,704,41.7058,-86.6212,66,Mostly Clear,4,5,False,False,False,False,True,0.2
2026-08-24T00:29:01Z,IN,703,41.7071,-86.6235,66,Mostly Clear,4,5,False,False,False,False,True,0.2
2026-08-24T00:29:01Z,IN,705,41.733,-86.0057,68,Mostly Clear,0,10,False,False,False,False,True,0.2
2026-08-24T00:29:01Z,IN,708,41.7472,-85.3285,65,Mostly Clear,1,10,False,False,False,False,True,0.2
2026-08-24T00:29:01Z,IN,707,41.7453,-85.3287,65,Mostly Clear,1,10,False,False,False,False,True,0.2
2026-08-24T00:29:01Z,IN,324,41.7353,-86.7933,68,Partly Cloudy,5,5,False,False,False,False,True,0.2
2026-08-24T00:29:01Z,KY,KY00065IS0000020N65WELCOM,36.6434,-86.5687,76,Partly Cloudy,0,5,False,False,False,False,False,0.0
2026-08-24T00:29:01Z,KY,KY00065IS000020NSMARATHON,36.6612,-86.5553,80,Mostly Clear,0,6,False,False,False,False,False,0.0
2026-08-24T00:29:01Z,KY,KY00065IS0000340NWEIGHS34,36.6868,-86.5379,81,Mostly Clear,0,6,False,False,False,False,False,0.0
2026-08-24T00:29:01Z,KY,KY00065IS0011400S65SRA114,37.9464,-85.6905,77,Partly Cloudy,0,6,False,False,False,False,False,0.0
2026-08-24T00:29:01Z,KY,KY00065IS0005900S65SRA059,37.239,-85.9297,76,Partly Cloudy,0,2,False,False,False,False,False,0.0
2026-08-24T00:29:01Z,KY,KY00065IS0005900N65NRA059,37.2384,-85.9271,76,Partly Cloudy,0,2,False,False,False,False,False,0.0
2026-08-24T00:29:01Z,KY,KY00075IS0003300NWEIGHS33,37.0422,-84.0968,73,Mostly Cloudy,0,3,False,False,False,False,False,0.0
2026-08-24T00:29:01Z,KY,KY00075IS0003400SWEIGHS34,37.048,-84.0997,78,Partly Cloudy,0,5,False,False,False,False,False,0.0
2026-08-24T00:29:01Z,KY,KY00075IS0017700N75NRA177,38.937,-84.6309,71,Partly Cloudy,10,6,False,False,False,False,False,0.0
2026-08-24T00:29:01Z,KY,KY00075IS0007500SWALTONWS,38.8653,-84.6476,71,Partly Cloudy,10,5,False,False,False,False,False,0.0
2026-08-24T00:29:01Z,KY,KY00075IS0017700S75SRA177,38.9388,-84.6339,71,Partly Cloudy,10,6,False,False,False,False,False,0.0
2026-08-24T00:29:01Z,KY,KY00075IS0016800SCRITENWS,38.8196,-84.6015,76,Partly Cloudy,10,6,False,False,False,False,False,0.0
2026-08-24T00:29:01Z,KY,KY00075IS0000100N75WELCOM,36.6162,-84.1054,75,Partly Cloudy,0,2,False,False,False,False,False,0.0
2026-08-24T00:29:05Z,IL,IL00057IN007900034,38.0297,-88.9203,78,Partly Cloudy,0,2,False,False,False,False,True,0.2
2026-08-24T00:29:05Z,IL,IL00057IS022200054,39.9314,-88.3043,73,Mostly Clear,0,6,False,False,False,False,True,0.2
2026-08-24T00:29:05Z,IL,IL00039IN008500036,41.7236,-89.0062,72,Mostly Clear,0,10,False,False,False,False,True,0.2
2026-08-24T00:29:05Z,IL,IL00055IS019400021,40.8371,-88.6833,73,Mostly Clear,0,5,False,False,False,False,True,0.2
2026-08-24T00:29:05Z,IL,IL00057IN022200048,39.9218,-88.299,73,Mostly Clear,0,6,False,False,False,False,True,0.2
2026-08-24T00:29:05Z,IL,IL00055IN006400027,39.3465,-89.6408,72,Partly Cloudy,0,5,False,False,False,False,True,0.2
2026-08-24T00:29:05Z,IL,IL00070IE002700042,38.7849,-89.7023,74,Partly Cloudy,0,5,False,False,False,False,True,0.2
2026-08-24T00:29:05Z,IL,IL00057IN026800032,40.5505,-88.0605,70,Mostly Clear,0,5,False,False,False,False,True,0.2
2026-08-24T00:29:05Z,IL,IL00064IW002500011,38.5491,-89.7633,78,Partly Cloudy,0,3,False,False,False,False,True,0.2
2026-08-24T00:29:05Z,IL,IL00024IW003700010,37.1593,-88.6798,75,Mostly Cloudy,0,2,False,False,False,False,True,0.2
2026-08-24T00:29:05Z,IL,IL00074IE002800030,41.2334,-90.333,75,Mostly Clear,0,5,False,False,False,False,True,0.2
2026-08-24T00:29:05Z,IL,IL00080IW005100013,41.3937,-89.5591,73,Mostly Clear,0,5,False,False,False,False,True,0.2
2026-08-24T00:29:05Z,IL,IL00055IN010400050,39.8627,-89.5948,75,Mostly Clear,0,7,False,False,False,False,True,0.2
2026-08-24T00:29:05Z,IL,IL00055IN002700029,38.8649,-89.8532,75,Partly Cloudy,0,6,False,False,False,False,True,0.2
2026-08-24T00:29:05Z,IL,IL00074IE015600037,40.2732,-88.6762,74,Mostly Clear,0,7,False,False,False,False,True,0.2
2026-08-24T00:29:05Z,IL,IL00072IE015200041,39.9923,-88.7827,72,Mostly Clear,0,7,False,False,False,False,True,0.2
2026-08-24T00:29:05Z,IL,IL00080IW011700016,41.4473,-88.3285,72,Mostly Clear,0,5,False,False,False,False,True,0.2
2026-08-24T00:29:05Z,IL,IL00057IS011400023,38.5965,-88.9677,74,Mostly Clear,0,3,False,False,False,False,True,0.2
2026-08-24T00:29:05Z,IL,IL00057IS033300046,41.3918,-87.7749,72,Clear,0,10,False,False,False,False,True,0.2
2026-08-24T00:29:05Z,IL,IL00057IS007900047,38.0962,-88.9138,77,Partly Cloudy,0,2,False,False,False,False,True,0.2
2026-08-24T00:29:05Z,IL,IL00072IW015200014,39.9888,-88.7852,72,Mostly Clear,0,7,False,False,False,False,True,0.2
2026-08-24T00:29:05Z,IL,IL00055IN014900028,40.3599,-89.1099,74,Mostly Clear,0,6,False,False,False,False,True,0.2
2026-08-24T00:29:05Z,IL,IL00074IW002800020,41.2141,-90.3308,75,Mostly Clear,0,5,False,False,False,False,True,0.2
2026-08-24T00:29:05Z,IL,IL00064IW008500012,38.2766,-88.8012,77,Partly Cloudy,0,2,False,False,False,False,True,0.2
2026-08-24T00:29:05Z,IL,IL00057IN033300049,41.3892,-87.7729,72,Clear,0,10,False,False,False,False,True,0.2
2026-08-24T00:29:05Z,IL,IL00039IS008500026,41.7285,-89.0105,72,Mostly Clear,0,10,False,False,False,False,True,0.2
2026-08-24T00:29:05Z,IL,IL00070IE008600051,39.0651,-88.6745,75,Partly Cloudy,0,3,False,False,False,False,True,0.2
2026-08-24T00:29:05Z,IL,IL00064IE002500038,38.5481,-89.7731,78,Partly Cloudy,0,3,False,False,False,False,True,0.2
2026-08-24T00:29:05Z,IL,IL00055IN019400031,40.8234,-88.6875,73,Mostly Clear,0,5,False,False,False,False,True,0.2
2026-08-24T00:29:05Z,IL,IL00080IE011700043,41.4314,-88.3454,74,Mostly Clear,0,10,False,False,False,False,True,0.2
2026-08-24T00:29:05Z,IL,IL00074IW015600009,40.2711,-88.6701,74,Mostly Clear,0,7,False,False,False,False,True,0.2
2026-08-24T00:29:05Z,IL,IL00057IN011400033,38.5963,-88.9638,74,Mostly Clear,0,3,False,False,False,False,True,0.2
2026-08-24T00:29:05Z,IL,IL00064IE008500039,38.273,-88.8496,74,Partly Cloudy,0,1,False,False,False,False,True,0.2
2026-08-24T00:29:05Z,IL,IL00055IS006400017,39.3523,-89.6447,72,Partly Cloudy,0,5,False,False,False,False,True,0.2
2026-08-24T00:29:05Z,IL,IL00057IS026800022,40.5613,-88.0615,70,Mostly Clear,0,5,False,False,False,False,True,0.2
2026-08-24T00:29:05Z,IL,IL00080IE005100040,41.3938,-89.5665,76,Partly Cloudy,0,5,False,False,False,False,True,0.2
2026-08-24T00:29:05Z,IL,IL00055IS002700019,38.8723,-89.8511,75,Partly Cloudy,0,6,False,False,False,False,True,0.2
2026-08-24T00:29:05Z,IL,IL00070IW002700015,38.7884,-89.6889,74,Partly Cloudy,0,3,False,False,False,False,True,0.2
2026-08-24T00:29:05Z,IL,IL00064IW013000053,38.2322,-87.9882,75,Partly Cloudy,0,2,False,False,False,False,True,0.2
2026-08-24T00:29:05Z,IL,IL00074IW020800052,40.1298,-87.7441,76,Partly Cloudy,0,6,False,False,False,False,True,0.2
2026-08-24T00:29:05Z,IL,IL00074IE011400005,40.6125,-89.245,73,Mostly Clear,0,7,False,False,False,False,True,0.2
2026-08-24T00:29:05Z,IL,IL00074IW006200004,40.8802,-90.0895,73,Mostly Clear,0,3,False,False,False,False,True,0.2
2026-08-24T00:29:05Z,IL,IL00070IW008700045,39.0679,-88.6704,75,Partly Cloudy,0,3,False,False,False,False,True,0.2
2026-08-24T00:29:05Z,IL,IL00057IS016500018,39.1993,-88.502,78,Mostly Clear,0,7,False,False,False,False,True,0.2
2026-08-24T00:29:05Z,IL,IL00074IW011400006,40.6111,-89.2323,73,Mostly Clear,0,7,False,False,False,False,True,0.2
2026-08-24T00:29:05Z,IL,IL00074IE006200001,40.8788,-90.0936,73,Mostly Clear,0,3,False,False,False,False,True,0.2
2026-08-24T00:29:05Z,IL,IL00070IW014900008,39.4228,-87.6617,78,Partly Cloudy,0,7,False,False,False,False,True,0.2
2026-08-24T00:29:05Z,IL,IL00057IN016500044,39.1898,-88.5031,77,Mostly Clear,0,6,False,False,False,False,True,0.2
2026-08-24T00:29:05Z,IL,IL00055IS010400024,39.8871,-89.5966,73,Mostly Clear,0,5,False,False,False,False,True,0.2
2026-08-24T00:29:05Z,IL,IL00057IS003200025,37.4699,-89.1329,79,Mostly Cloudy,0,2,False,False,False,False,True,0.2
2026-08-24T00:29:05Z,IL,IL00057IN003200035,37.4661,-89.1324,79,Mostly Cloudy,0,2,False,False,False,False,True,0.2
2026-08-24T00:29:05Z,IN,322,38.195,-87.8597,75,Partly Cloudy,0,3,False,False,False,False,True,0.2
2026-08-24T00:29:05Z,IN,317,38.5852,-85.7768,79,Partly Cloudy,0,5,False,False,False,False,True,0.2
2026-08-24T00:29:05Z,IN,316,38.5859,-85.7809,79,Partly Cloudy,0,5,False,False,False,False,True,0.2
2026-08-24T00:29:05Z,IN,315,39.2602,-85.9521,77,Partly Cloudy,0,3,False,False,False,False,True,0.2
2026-08-24T00:29:05Z,IN,314,39.2767,-85.9569,77,Partly Cloudy,0,2,False,False,False,False,True,0.2
2026-08-24T00:29:05Z,IN,313,40.1578,-86.5387,71,Mostly Clear,1,3,False,False,False,False,True,0.2
2026-08-24T00:29:05Z,IN,312,40.1722,-86.5522,71,Mostly Clear,1,3,False,False,False,False,True,0.2
2026-08-24T00:29:05Z,IN,311,40.6992,-87.0628,72,Mostly Clear,0,5,False,False,False,False,True,0.2
2026-08-24T00:29:05Z,IN,310,40.6984,-87.0646,72,Mostly Clear,0,5,False,False,False,False,True,0.2
2026-08-24T00:29:05Z,IN,308,41.1653,-87.271,71,Mostly Clear,0,5,False,False,False,False,True,0.2
2026-08-24T00:29:05Z,IN,309,41.1666,-87.2749,71,Mostly Clear,0,5,False,False,False,False,True,0.2
2026-08-24T00:29:05Z,IN,318,40.3543,-85.5576,68,Partly Cloudy,2,3,False,False,False,False,True,0.2
2026-08-24T00:29:05Z,IN,319,40.3569,-85.56,68,Partly Cloudy,2,3,False,False,False,False,True,0.2
2026-08-24T00:29:05Z,IN,320,41.2963,-85.0863,65,Mostly Clear,0,10,False,False,False,False,True,0.2
2026-08-24T00:29:05Z,IN,321,41.5803,-85.0597,67,Mostly Clear,6,15,False,False,False,False,True,0.2
2026-08-24T00:29:05Z,IN,300,39.4417,-87.5002,73,Partly Cloudy,0,1,False,False,False,False,True,0.2
2026-08-24T00:29:05Z,IN,302,39.6517,-86.3967,74,Partly Cloudy,1,8,False,False,False,False,True,0.2
2026-08-24T00:29:05Z,IN,301,39.6541,-86.4005,74,Partly Cloudy,1,8,False,False,False,False,True,0.2
2026-08-24T00:29:05Z,IN,303,39.8243,-85.7039,75,Mostly Cloudy,3,2,False,False,False,False,True,0.2
2026-08-24T00:29:05Z,IN,304,39.8266,-85.704,75,Mostly Cloudy,3,2,False,False,False,False,True,0.2
2026-08-24T00:29:05Z,IN,305,39.8605,-85.0259,69,Mostly Cloudy,13,6,False,False,False,False,True,0.2
2026-08-24T00:29:05Z,IN,323,39.29,-85.1688,69,Mostly Cloudy,10,3,False,False,False,False,True,0.2
2026-08-24T00:29:05Z,IN,702,41.7472,-85.3285,65,Mostly Clear,1,10,False,False,False,False,True,0.2
2026-08-24T00:29:05Z,IN,701,41.5889,-87.2173,71,Partly Cloudy,0,10,False,False,False,False,True,0.2
2026-08-24T00:29:05Z,IN,704,41.7058,-86.6212,66,Mostly Clear,4,5,False,False,False,False,True,0.2
2026-08-24T00:29:05Z,IN,703,41.7071,-86.6235,66,Mostly Clear,4,5,False,False,False,False,True,0.2
2026-08-24T00:29:05Z,IN,705,41.733,-86.0057,68,Mostly Clear,0,10,False,False,False,False,True,0.2
2026-08-24T00:29:05Z,IN,708,41.7472,-85.3285,65,Mostly Clear,1,10,False,False,False,False,True,0.2
2026-08-24T00:29:05Z,IN,707,41.7453,-85.3287,65,Mostly Clear,1,10,False,False,False,False,True,0.2
2026-08-24T00:29:05Z,IN,324,41.7353,-86.7933,68,Partly Cloudy,5,5,False,False,False,False,True,0.2
2026-08-24T00:29:05Z,KY,KY00065IS0000020N65WELCOM,36.6434,-86.5687,76,Partly Cloudy,0,5,False,False,False,False,False,0.0
2026-08-24T00:29:05Z,KY,KY00065IS000020NSMARATHON,36.6612,-86.5553,80,Mostly Clear,0,6,False,False,False,False,False,0.0
2026-08-24T00:29:05Z,KY,KY00065IS0000340NWEIGHS34,36.6868,-86.5379,81,Mostly Clear,0,6,False,False,False,False,False,0.0
2026-08-24T00:29:05Z,KY,KY00065IS0011400S65SRA114,37.9464,-85.6905,77,Partly Cloudy,0,6,False,False,False,False,False,0.0
2026-08-24T00:29:05Z,KY,KY00065IS0005900S65SRA059,37.239,-85.9297,76,Partly Cloudy,0,2,False,False,False,False,False,0.0
2026-08-24T00:29:05Z,KY,KY00065IS0005900N65NRA059,37.2384,-85.9271,76,Partly Cloudy,0,2,False,False,False,False,False,0.0
2026-08-24T00:29:05Z,KY,KY00075IS0003300NWEIGHS33,37.0422,-84.0968,73,Mostly Cloudy,0,3,False,False,False,False,False,0.0
2026-08-24T00:29:05Z,KY,KY00075IS0003400SWEIGHS34,37.048,-84.0997,78,Partly Cloudy,0,5,False,False,False,False,False,0.0
2026-08-24T00:29:05Z,KY,KY00075IS0017700N75NRA177,38.937,-84.6309,71,Partly Cloudy,10,6,False,False,False,False,False,0.0
2026-08-24T00:29:05Z,KY,KY00075IS0007500SWALTONWS,38.8653,-84.6476,76,Partly Cloudy,10,6,False,False,False,False,False,0.0
2026-08-24T00:29:05Z,KY,KY00075IS0017700S75SRA177,38.9388,-84.6339,71,Partly Cloudy,10,6,False,False,False,False,False,0.0
2026-08-24T00:29:05Z,KY,KY00075IS0016800SCRITENWS,38.8196,-84.6015,76,Partly Cloudy,10,6,False,False,False,False,False,0.0
2026-08-24T00:29:05Z,KY,KY00075IS0000100N75WELCOM,36.6162,-84.1054,75,Partly Cloudy,0,2,False,False,False,False,False,0.0
2026-08-24T00:29:09Z,IL,IL00057IN007900034,38.0297,-88.9203,78,Partly Cloudy,0,2,False,False,False,False,True,0.2
2026-08-24T00:29:09Z,IL,IL00057IS022200054,39.9314,-88.3043,73,Mostly Clear,0,6,False,False,False,False,True,0.2
2026-08-24T00:29:09Z,IL,IL00039IN008500036,41.7236,-89.0062,72,Mostly Clear,0,10,False,False,False,False,True,0.2
2026-08-24T00:29:09Z,IL,IL00055IS019400021,40.8371,-88.6833,73,Mostly Clear,0,5,False,False,False,False,True,0.2
2026-08-24T00:29:09Z,IL,IL00057IN022200048,39.9218,-88.299,73,Mostly Clear,0,6,False,False,False,False,True,0.2
2026-08-24T00:29:09Z,IL,IL00055IN006400027,39.3465,-89.6408,72,Partly Cloudy,0,5,False,False,False,False,True,0.2
2026-08-24T00:29:09Z,IL,IL00070IE002700042,38.7849,-89.7023,74,Partly Cloudy,0,5,False,False,False,False,True,0.2
2026-08-24T00:29:09Z,IL,IL00057IN026800032,40.5505,-88.0605,70,Mostly Clear,0,5,False,False,False,False,True,0.2
2026-08-24T00:29:09Z,IL,IL00064IW002500011,38.5491,-89.7633,78,Partly Cloudy,0,3,False,False,False,False,True,0.2
2026-08-24T00:29:09Z,IL,IL00024IW003700010,37.1593,-88.6798,75,Mostly Cloudy,0,2,False,False,False,False,True,0.2
2026-08-24T00:29:09Z,IL,IL00074IE002800030,41.2334,-90.333,75,Mostly Clear,0,5,False,False,False,False,True,0.2
2026-08-24T00:29:09Z,IL,IL00080IW005100013,41.3937,-89.5591,73,Mostly Clear,0,5,False,False,False,False,True,0.2
2026-08-24T00:29:09Z,IL,IL00055IN010400050,39.8627,-89.5948,75,Mostly Clear,0,7,False,False,False,False,True,0.2
2026-08-24T00:29:09Z,IL,IL00055IN002700029,38.8649,-89.8532,75,Partly Cloudy,0,6,False,False,False,False,True,0.2
2026-08-24T00:29:09Z,IL,IL00074IE015600037,40.2732,-88.6762,74,Mostly Clear,0,7,False,False,False,False,True,0.2
2026-08-24T00:29:09Z,IL,IL00072IE015200041,39.9923,-88.7827,72,Mostly Clear,0,7,False,False,False,False,True,0.2
2026-08-24T00:29:09Z,IL,IL00080IW011700016,41.4473,-88.3285,72,Mostly Clear,0,5,False,False,False,False,True,0.2
2026-08-24T00:29:09Z,IL,IL00057IS011400023,38.5965,-88.9677,74,Mostly Clear,0,3,False,False,False,False,True,0.2
2026-08-24T00:29:09Z,IL,IL00057IS033300046,41.3918,-87.7749,72,Clear,0,10,False,False,False,False,True,0.2
2026-08-24T00:29:09Z,IL,IL00057IS007900047,38.0962,-88.9138,77,Partly Cloudy,0,2,False,False,False,False,True,0.2
2026-08-24T00:29:09Z,IL,IL00072IW015200014,39.9888,-88.7852,72,Mostly Clear,0,7,False,False,False,False,True,0.2
2026-08-24T00:29:09Z,IL,IL00055IN014900028,40.3599,-89.1099,74,Mostly Clear,0,6,False,False,False,False,True,0.2
2026-08-24T00:29:09Z,IL,IL00074IW002800020,41.2141,-90.3308,75,Mostly Clear,0,5,False,False,False,False,True,0.2
2026-08-24T00:29:09Z,IL,IL00064IW008500012,38.2766,-88.8012,77,Partly Cloudy,0,2,False,False,False,False,True,0.2
2026-08-24T00:29:09Z,IL,IL00057IN033300049,41.3892,-87.7729,72,Clear,0,10,False,False,False,False,True,0.2
2026-08-24T00:29:09Z,IL,IL00039IS008500026,41.7285,-89.0105,72,Mostly Clear,0,10,False,False,False,False,True,0.2
2026-08-24T00:29:09Z,IL,IL00070IE008600051,39.0651,-88.6745,75,Partly Cloudy,0,3,False,False,False,False,True,0.2
2026-08-24T00:29:09Z,IL,IL00064IE002500038,38.5481,-89.7731,78,Partly Cloudy,0,3,False,False,False,False,True,0.2
2026-08-24T00:29:09Z,IL,IL00055IN019400031,40.8234,-88.6875,73,Mostly Clear,0,5,False,False,False,False,True,0.2
2026-08-24T00:29:09Z,IL,IL00080IE011700043,41.4314,-88.3454,74,Mostly Clear,0,10,False,False,False,False,True,0.2
2026-08-24T00:29:09Z,IL,IL00074IW015600009,40.2711,-88.6701,74,Mostly Clear,0,7,False,False,False,False,True,0.2
2026-08-24T00:29:09Z,IL,IL00057IN011400033,38.5963,-88.9638,74,Mostly Clear,0,3,False,False,False,False,True,0.2
2026-08-24T00:29:09Z,IL,IL00064IE008500039,38.273,-88.8496,74,Partly Cloudy,0,1,False,False,False,False,True,0.2
2026-08-24T00:29:09Z,IL,IL00055IS006400017,39.3523,-89.6447,72,Partly Cloudy,0,5,False,False,False,False,True,0.2
2026-08-24T00:29:09Z,IL,IL00057IS026800022,40.5613,-88.0615,70,Mostly Clear,0,5,False,False,False,False,True,0.2
2026-08-24T00:29:09Z,IL,IL00080IE005100040,41.3938,-89.5665,76,Partly Cloudy,0,5,False,False,False,False,True,0.2
2026-08-24T00:29:09Z,IL,IL00055IS002700019,38.8723,-89.8511,75,Partly Cloudy,0,6,False,False,False,False,True,0.2
2026-08-24T00:29:09Z,IL,IL00070IW002700015,38.7884,-89.6889,74,Partly Cloudy,0,3,False,False,False,False,True,0.2
2026-08-24T00:29:09Z,IL,IL00064IW013000053,38.2322,-87.9882,75,Partly Cloudy,0,2,False,False,False,False,True,0.2
2026-08-24T00:29:09Z,IL,IL00074IW020800052,40.1298,-87.7441,76,Partly Cloudy,0,6,False,False,False,False,True,0.2
2026-08-24T00:29:09Z,IL,IL00074IE011400005,40.6125,-89.245,73,Mostly Clear,0,7,False,False,False,False,True,0.2
2026-08-24T00:29:09Z,IL,IL00074IW006200004,40.8802,-90.0895,73,Mostly Clear,0,3,False,False,False,False,True,0.2
2026-08-24T00:29:09Z,IL,IL00070IW008700045,39.0679,-88.6704,75,Partly Cloudy,0,3,False,False,False,False,True,0.2
2026-08-24T00:29:09Z,IL,IL00057IS016500018,39.1993,-88.502,78,Mostly Clear,0,7,False,False,False,False,True,0.2
2026-08-24T00:29:09Z,IL,IL00074IW011400006,40.6111,-89.2323,73,Mostly Clear,0,7,False,False,False,False,True,0.2
2026-08-24T00:29:09Z,IL,IL00074IE006200001,40.8788,-90.0936,73,Mostly Clear,0,3,False,False,False,False,True,0.2
2026-08-24T00:29:09Z,IL,IL00070IW014900008,39.4228,-87.6617,78,Partly Cloudy,0,7,False,False,False,False,True,0.2
2026-08-24T00:29:09Z,IL,IL00057IN016500044,39.1898,-88.5031,77,Mostly Clear,0,6,False,False,False,False,True,0.2
2026-08-24T00:29:09Z,IL,IL00055IS010400024,39.8871,-89.5966,73,Mostly Clear,0,5,False,False,False,False,True,0.2
2026-08-24T00:29:09Z,IL,IL00057IS003200025,37.4699,-89.1329,79,Mostly Cloudy,0,2,False,False,False,False,True,0.2
2026-08-24T00:29:09Z,IL,IL00057IN003200035,37.4661,-89.1324,79,Mostly Cloudy,0,2,False,False,False,False,True,0.2
2026-08-24T00:29:09Z,IN,322,38.195,-87.8597,75,Partly Cloudy,0,3,False,False,False,False,True,0.2
2026-08-24T00:29:09Z,IN,317,38.5852,-85.7768,79,Partly Cloudy,0,5,False,False,False,False,True,0.2
2026-08-24T00:29:09Z,IN,316,38.5859,-85.7809,79,Partly Cloudy,0,5,False,False,False,False,True,0.2
2026-08-24T00:29:09Z,IN,315,39.2602,-85.9521,77,Partly Cloudy,0,3,False,False,False,False,True,0.2
2026-08-24T00:29:09Z,IN,314,39.2767,-85.9569,77,Partly Cloudy,0,2,False,False,False,False,True,0.2
2026-08-24T00:29:09Z,IN,313,40.1578,-86.5387,71,Mostly Clear,1,3,False,False,False,False,True,0.2
2026-08-24T00:29:09Z,IN,312,40.1722,-86.5522,71,Mostly Clear,1,3,False,False,False,False,True,0.2
2026-08-24T00:29:09Z,IN,311,40.6992,-87.0628,72,Mostly Clear,0,5,False,False,False,False,True,0.2
2026-08-24T00:29:09Z,IN,310,40.6984,-87.0646,72,Mostly Clear,0,5,False,False,False,False,True,0.2
2026-08-24T00:29:09Z,IN,308,41.1653,-87.271,71,Mostly Clear,0,5,False,False,False,False,True,0.2
2026-08-24T00:29:09Z,IN,309,41.1666,-87.2749,71,Mostly Clear,0,5,False,False,False,False,True,0.2
2026-08-24T00:29:09Z,IN,318,40.3543,-85.5576,68,Partly Cloudy,2,3,False,False,False,False,True,0.2
2026-08-24T00:29:09Z,IN,319,40.3569,-85.56,68,Partly Cloudy,2,3,False,False,False,False,True,0.2
2026-08-24T00:29:09Z,IN,320,41.2963,-85.0863,65,Mostly Clear,0,10,False,False,False,False,True,0.2
2026-08-24T00:29:09Z,IN,321,41.5803,-85.0597,67,Mostly Clear,6,15,False,False,False,False,True,0.2
2026-08-24T00:29:09Z,IN,300,39.4417,-87.5002,73,Partly Cloudy,0,1,False,False,False,False,True,0.2
2026-08-24T00:29:09Z,IN,302,39.6517,-86.3967,74,Partly Cloudy,1,8,False,False,False,False,True,0.2
2026-08-24T00:29:09Z,IN,301,39.6541,-86.4005,74,Partly Cloudy,1,8,False,False,False,False,True,0.2
2026-08-24T00:29:09Z,IN,303,39.8243,-85.7039,75,Mostly Cloudy,3,2,False,False,False,False,True,0.2
2026-08-24T00:29:09Z,IN,304,39.8266,-85.704,75,Mostly Cloudy,3,2,False,False,False,False,True,0.2
2026-08-24T00:29:09Z,IN,305,39.8605,-85.0259,69,Mostly Cloudy,13,6,False,False,False,False,True,0.2
2026-08-24T00:29:09Z,IN,323,39.29,-85.1688,69,Mostly Cloudy,10,3,False,False,False,False,True,0.2
2026-08-24T00:29:09Z,IN,702,41.7472,-85.3285,65,Mostly Clear,1,10,False,False,False,False,True,0.2
2026-08-24T00:29:09Z,IN,701,41.5889,-87.2173,71,Partly Cloudy,0,10,False,False,False,False,True,0.2
2026-08-24T00:29:09Z,IN,704,41.7058,-86.6212,66,Mostly Clear,4,5,False,False,False,False,True,0.2
2026-08-24T00:29:09Z,IN,703,41.7071,-86.6235,66,Mostly Clear,4,5,False,False,False,False,True,0.2
2026-08-24T00:29:09Z,IN,705,41.733,-86.0057,68,Mostly Clear,0,10,False,False,False,False,True,0.2
2026-08-24T00:29:09Z,IN,708,41.7472,-85.3285,65,Mostly Clear,1,10,False,False,False,False,True,0.2
2026-08-24T00:29:09Z,IN,707,41.7453,-85.3287,65,Mostly Clear,1,10,False,False,False,False,True,0.2
2026-08-24T00:29:09Z,IN,324,41.7353,-86.7933,68,Partly Cloudy,5,5,False,False,False,False,True,0.2
2026-08-24T00:29:09Z,KY,KY00065IS0000020N65WELCOM,36.6434,-86.5687,76,Partly Cloudy,0,5,False,False,False,False,False,0.0
2026-08-24T00:29:09Z,KY,KY00065IS000020NSMARATHON,36.6612,-86.5553,80,Mostly Clear,0,6,False,False,False,False,False,0.0
2026-08-24T00:29:09Z,KY,KY00065IS0000340NWEIGHS34,36.6868,-86.5379,81,Mostly Clear,0,6,False,False,False,False,False,0.0
2026-08-24T00:29:09Z,KY,KY00065IS0011400S65SRA114,37.9464,-85.6905,77,Partly Cloudy,0,6,False,False,False,False,False,0.0
2026-08-24T00:29:09Z,KY,KY00065IS0005900S65SRA059,37.239,-85.9297,76,Partly Cloudy,0,2,False,False,False,False,False,0.0
2026-08-24T00:29:09Z,KY,KY00065IS0005900N65NRA059,37.2384,-85.9271,76,Partly Cloudy,0,2,False,False,False,False,False,0.0
2026-08-24T00:29:09Z,KY,KY00075IS0003300NWEIGHS33,37.0422,-84.0968,73,Mostly Cloudy,0,3,False,False,False,False,False,0.0
2026-08-24T00:29:09Z,KY,KY00075IS0003400SWEIGHS34,37.048,-84.0997,78,Partly Cloudy,0,5,False,False,False,False,False,0.0
2026-08-24T00:29:09Z,KY,KY00075IS0017700N75NRA177,38.937,-84.6309,71,Partly Cloudy,10,6,False,False,False,False,False,0.0
2026-08-24T00:29:09Z,KY,KY00075IS0007500SWALTONWS,38.8653,-84.6476,76,Partly Cloudy,10,6,False,False,False,False,False,0.0
2026-08-24T00:29:09Z,KY,KY00075IS0017700S75SRA177,38.9388,-84.6339,71,Partly Cloudy,10,6,False,False,False,False,False,0.0
2026-08-24T00:29:09Z,KY,KY00075IS0016800SCRITENWS,38.8196,-84.6015,76,Partly Cloudy,10,6,False,False,False,False,False,0.0
2026-08-24T00:29:09Z,KY,KY00075IS0000100N75WELCOM,36.6162,-84.1054,75,Partly Cloudy,0,2,False,False,False,False,False,0.0
2026-08-24T00:29:14Z,IL,IL00057IN007900034,38.0297,-88.9203,78,Partly Cloudy,0,2,False,False,False,False,True,0.2
2026-08-24T00:29:14Z,IL,IL00057IS022200054,39.9314,-88.3043,73,Mostly Clear,0,6,False,False,False,False,True,0.2
2026-08-24T00:29:14Z,IL,IL00039IN008500036,41.7236,-89.0062,72,Mostly Clear,0,10,False,False,False,False,True,0.2
2026-08-24T00:29:14Z,IL,IL00055IS019400021,40.8371,-88.6833,73,Mostly Clear,0,5,False,False,False,False,True,0.2
2026-08-24T00:29:14Z,IL,IL00057IN022200048,39.9218,-88.299,73,Mostly Clear,0,6,False,False,False,False,True,0.2
2026-08-24T00:29:14Z,IL,IL00055IN006400027,39.3465,-89.6408,72,Partly Cloudy,0,5,False,False,False,False,True,0.2
2026-08-24T00:29:14Z,IL,IL00070IE002700042,38.7849,-89.7023,74,Partly Cloudy,0,5,False,False,False,False,True,0.2
2026-08-24T00:29:14Z,IL,IL00057IN026800032,40.5505,-88.0605,70,Mostly Clear,0,5,False,False,False,False,True,0.2
2026-08-24T00:29:14Z,IL,IL00064IW002500011,38.5491,-89.7633,78,Partly Cloudy,0,3,False,False,False,False,True,0.2
2026-08-24T00:29:14Z,IL,IL00024IW003700010,37.1593,-88.6798,75,Mostly Cloudy,0,2,False,False,False,False,True,0.2
2026-08-24T00:29:14Z,IL,IL00074IE002800030,41.2334,-90.333,75,Mostly Clear,0,5,False,False,False,False,True,0.2
2026-08-24T00:29:14Z,IL,IL00080IW005100013,41.3937,-89.5591,73,Mostly Clear,0,5,False,False,False,False,True,0.2
2026-08-24T00:29:14Z,IL,IL00055IN010400050,39.8627,-89.5948,75,Mostly Clear,0,7,False,False,False,False,True,0.2
2026-08-24T00:29:14Z,IL,IL00055IN002700029,38.8649,-89.8532,75,Partly Cloudy,0,6,False,False,False,False,True,0.2
2026-08-24T00:29:14Z,IL,IL00074IE015600037,40.2732,-88.6762,74,Mostly Clear,0,7,False,False,False,False,True,0.2
2026-08-24T00:29:14Z,IL,IL00072IE015200041,39.9923,-88.7827,72,Mostly Clear,0,7,False,False,False,False,True,0.2
2026-08-24T00:29:14Z,IL,IL00080IW011700016,41.4473,-88.3285,72,Mostly Clear,0,5,False,False,False,False,True,0.2
2026-08-24T00:29:14Z,IL,IL00057IS011400023,38.5965,-88.9677,74,Mostly Clear,0,3,False,False,False,False,True,0.2
2026-08-24T00:29:14Z,IL,IL00057IS033300046,41.3918,-87.7749,72,Clear,0,10,False,False,False,False,True,0.2
2026-08-24T00:29:14Z,IL,IL00057IS007900047,38.0962,-88.9138,77,Partly Cloudy,0,2,False,False,False,False,True,0.2
2026-08-24T00:29:14Z,IL,IL00072IW015200014,39.9888,-88.7852,72,Mostly Clear,0,7,False,False,False,False,True,0.2
2026-08-24T00:29:14Z,IL,IL00055IN014900028,40.3599,-89.1099,74,Mostly Clear,0,6,False,False,False,False,True,0.2
2026-08-24T00:29:14Z,IL,IL00074IW002800020,41.2141,-90.3308,75,Mostly Clear,0,5,False,False,False,False,True,0.2
2026-08-24T00:29:14Z,IL,IL00064IW008500012,38.2766,-88.8012,77,Partly Cloudy,0,2,False,False,False,False,True,0.2
2026-08-24T00:29:14Z,IL,IL00057IN033300049,41.3892,-87.7729,72,Clear,0,10,False,False,False,False,True,0.2
2026-08-24T00:29:14Z,IL,IL00039IS008500026,41.7285,-89.0105,72,Mostly Clear,0,10,False,False,False,False,True,0.2
2026-08-24T00:29:14Z,IL,IL00070IE008600051,39.0651,-88.6745,75,Partly Cloudy,0,3,False,False,False,False,True,0.2
2026-08-24T00:29:14Z,IL,IL00064IE002500038,38.5481,-89.7731,78,Partly Cloudy,0,3,False,False,False,False,True,0.2
2026-08-24T00:29:14Z,IL,IL00055IN019400031,40.8234,-88.6875,73,Mostly Clear,0,5,False,False,False,False,True,0.2
2026-08-24T00:29:14Z,IL,IL00080IE011700043,41.4314,-88.3454,74,Mostly Clear,0,10,False,False,False,False,True,0.2
2026-08-24T00:29:14Z,IL,IL00074IW015600009,40.2711,-88.6701,74,Mostly Clear,0,7,False,False,False,False,True,0.2
2026-08-24T00:29:14Z,IL,IL00057IN011400033,38.5963,-88.9638,74,Mostly Clear,0,3,False,False,False,False,True,0.2
2026-08-24T00:29:14Z,IL,IL00064IE008500039,38.273,-88.8496,74,Partly Cloudy,0,1,False,False,False,False,True,0.2
2026-08-24T00:29:14Z,IL,IL00055IS006400017,39.3523,-89.6447,72,Partly Cloudy,0,5,False,False,False,False,True,0.2
2026-08-24T00:29:14Z,IL,IL00057IS026800022,40.5613,-88.0615,70,Mostly Clear,0,5,False,False,False,False,True,0.2
2026-08-24T00:29:14Z,IL,IL00080IE005100040,41.3938,-89.5665,76,Partly Cloudy,0,5,False,False,False,False,True,0.2
2026-08-24T00:29:14Z,IL,IL00055IS002700019,38.8723,-89.8511,75,Partly Cloudy,0,6,False,False,False,False,True,0.2
2026-08-24T00:29:14Z,IL,IL00070IW002700015,38.7884,-89.6889,74,Partly Cloudy,0,3,False,False,False,False,True,0.2
2026-08-24T00:29:14Z,IL,IL00064IW013000053,38.2322,-87.9882,75,Partly Cloudy,0,2,False,False,False,False,True,0.2
2026-08-24T00:29:14Z,IL,IL00074IW020800052,40.1298,-87.7441,76,Partly Cloudy,0,6,False,False,False,False,True,0.2
2026-08-24T00:29:14Z,IL,IL00074IE011400005,40.6125,-89.245,73,Mostly Clear,0,7,False,False,False,False,True,0.2
2026-08-24T00:29:14Z,IL,IL00074IW006200004,40.8802,-90.0895,73,Mostly Clear,0,3,False,False,False,False,True,0.2
2026-08-24T00:29:14Z,IL,IL00070IW008700045,39.0679,-88.6704,75,Partly Cloudy,0,3,False,False,False,False,True,0.2
2026-08-24T00:29:14Z,IL,IL00057IS016500018,39.1993,-88.502,78,Mostly Clear,0,7,False,False,False,False,True,0.2
2026-08-24T00:29:14Z,IL,IL00074IW011400006,40.6111,-89.2323,73,Mostly Clear,0,7,False,False,False,False,True,0.2
2026-08-24T00:29:14Z,IL,IL00074IE006200001,40.8788,-90.0936,73,Mostly Clear,0,3,False,False,False,False,True,0.2
2026-08-24T00:29:14Z,IL,IL00070IW014900008,39.4228,-87.6617,78,Partly Cloudy,0,7,False,False,False,False,True,0.2
2026-08-24T00:29:14Z,IL,IL00057IN016500044,39.1898,-88.5031,77,Mostly Clear,0,6,False,False,False,False,True,0.2
2026-08-24T00:29:14Z,IL,IL00055IS010400024,39.8871,-89.5966,73,Mostly Clear,0,5,False,False,False,False,True,0.2
2026-08-24T00:29:14Z,IL,IL00057IS003200025,37.4699,-89.1329,79,Mostly Cloudy,0,2,False,False,False,False,True,0.2
2026-08-24T00:29:14Z,IL,IL00057IN003200035,37.4661,-89.1324,79,Mostly Cloudy,0,2,False,False,False,False,True,0.2
2026-08-24T00:29:14Z,IN,322,38.195,-87.8597,75,Partly Cloudy,0,3,False,False,False,False,True,0.2
2026-08-24T00:29:14Z,IN,317,38.5852,-85.7768,79,Partly Cloudy,0,5,False,False,False,False,True,0.2
2026-08-24T00:29:14Z,IN,316,38.5859,-85.7809,79,Partly Cloudy,0,5,False,False,False,False,True,0.2
2026-08-24T00:29:14Z,IN,315,39.2602,-85.9521,77,Partly Cloudy,0,3,False,False,False,False,True,0.2
2026-08-24T00:29:14Z,IN,314,39.2767,-85.9569,77,Partly Cloudy,0,2,False,False,False,False,True,0.2
2026-08-24T00:29:14Z,IN,313,40.1578,-86.5387,71,Mostly Clear,1,3,False,False,False,False,True,0.2
2026-08-24T00:29:14Z,IN,312,40.1722,-86.5522,71,Mostly Clear,1,3,False,False,False,False,True,0.2
2026-08-24T00:29:14Z,IN,311,40.6992,-87.0628,72,Mostly Clear,0,5,False,False,False,False,True,0.2
2026-08-24T00:29:14Z,IN,310,40.6984,-87.0646,72,Mostly Clear,0,5,False,False,False,False,True,0.2
2026-08-24T00:29:14Z,IN,308,41.1653,-87.271,71,Mostly Clear,0,5,False,False,False,False,True,0.2
2026-08-24T00:29:14Z,IN,309,41.1666,-87.2749,71,Mostly Clear,0,5,False,False,False,False,True,0.2
2026-08-24T00:29:14Z,IN,318,40.3543,-85.5576,68,Partly Cloudy,2,3,False,False,False,False,True,0.2
2026-08-24T00:29:14Z,IN,319,40.3569,-85.56,68,Partly Cloudy,2,3,False,False,False,False,True,0.2
2026-08-24T00:29:14Z,IN,320,41.2963,-85.0863,65,Mostly Clear,0,10,False,False,False,False,True,0.2
2026-08-24T00:29:14Z,IN,321,41.5803,-85.0597,67,Mostly Clear,6,15,False,False,False,False,True,0.2
2026-08-24T00:29:14Z,IN,300,39.4417,-87.5002,73,Partly Cloudy,0,1,False,False,False,False,True,0.2
2026-08-24T00:29:14Z,IN,302,39.6517,-86.3967,74,Partly Cloudy,1,8,False,False,False,False,True,0.2
2026-08-24T00:29:14Z,IN,301,39.6541,-86.4005,74,Partly Cloudy,1,8,False,False,False,False,True,0.2
2026-08-24T00:29:14Z,IN,303,39.8243,-85.7039,75,Mostly Cloudy,3,2,False,False,False,False,True,0.2
2026-08-24T00:29:14Z,IN,304,39.8266,-85.704,75,Mostly Cloudy,3,2,False,False,False,False,True,0.2
2026-08-24T00:29:14Z,IN,305,39.8605,-85.0259,69,Mostly Cloudy,13,6,False,False,False,False,True,0.2
2026-08-24T00:29:14Z,IN,323,39.29,-85.1688,69,Mostly Cloudy,10,3,False,False,False,False,True,0.2
2026-08-24T00:29:14Z,IN,702,41.7472,-85.3285,65,Mostly Clear,1,10,False,False,False,False,True,0.2
2026-08-24T00:29:14Z,IN,701,41.5889,-87.2173,71,Partly Cloudy,0,10,False,False,False,False,True,0.2
2026-08-24T00:29:14Z,IN,704,41.7058,-86.6212,66,Mostly Clear,4,5,False,False,False,False,True,0.2
2026-08-24T00:29:14Z,IN,703,41.7071,-86.6235,66,Mostly Clear,4,5,False,False,False,False,True,0.2
2026-08-24T00:29:14Z,IN,705,41.733,-86.0057,68,Mostly Clear,0,10,False,False,False,False,True,0.2
2026-08-24T00:29:14Z,IN,708,41.7472,-85.3285,65,Mostly Clear,1,10,False,False,False,False,True,0.2
2026-08-24T00:29:14Z,IN,707,41.7453,-85.3287,65,Mostly Clear,1,10,False,False,False,False,True,0.2
2026-08-24T00:29:14Z,IN,324,41.7353,-86.7933,68,Partly Cloudy,5,5,False,False,False,False,True,0.2
2026-08-24T00:29:14Z,KY,KY00065IS0000020N65WELCOM,36.6434,-86.5687,76,Partly Cloudy,0,5,False,False,False,False,False,0.0
2026-08-24T00:29:14Z,KY,KY00065IS000020NSMARATHON,36.6612,-86.5553,80,Mostly Clear,0,6,False,False,False,False,False,0.0
2026-08-24T00:29:14Z,KY,KY00065IS0000340NWEIGHS34,36.6868,-86.5379,81,Mostly Clear,0,6,False,False,False,False,False,0.0
2026-08-24T00:29:14Z,KY,KY00065IS0011400S65SRA114,37.9464,-85.6905,77,Partly Cloudy,0,6,False,False,False,False,False,0.0
2026-08-24T00:29:14Z,KY,KY00065IS0005900S65SRA059,37.239,-85.9297,76,Partly Cloudy,0,2,False,False,False,False,False,0.0
2026-08-24T00:29:14Z,KY,KY00065IS0005900N65NRA059,37.2384,-85.9271,76,Partly Cloudy,0,2,False,False,False,False,False,0.0
2026-08-24T00:29:14Z,KY,KY00075IS0003300NWEIGHS33,37.0422,-84.0968,73,Mostly Cloudy,0,3,False,False,False,False,False,0.0
2026-08-24T00:29:14Z,KY,KY00075IS0003400SWEIGHS34,37.048,-84.0997,78,Partly Cloudy,0,5,False,False,False,False,False,0.0
2026-08-24T00:29:14Z,KY,KY00075IS0017700N75NRA177,38.937,-84.6309,71,Partly Cloudy,10,6,False,False,False,False,False,0.0
2026-08-24T00:29:14Z,KY,KY00075IS0007500SWALTONWS,38.8653,-84.6476,71,Partly Cloudy,10,5,False,False,False,False,False,0.0
2026-08-24T00:29:14Z,KY,KY00075IS0017700S75SRA177,38.9388,-84.6339,71,Partly Cloudy,10,6,False,False,False,False,False,0.0
2026-08-24T00:29:14Z,KY,KY00075IS0016800SCRITENWS,38.8196,-84.6015,76,Partly Cloudy,10,6,False,False,False,False,False,0.0
2026-08-24T00:29:14Z,KY,KY00075IS0000100N75WELCOM,36.6162,-84.1054,75,Partly Cloudy,0,2,False,False,False,False,False,0.0
2026-08-24T00:29:18Z,IL,IL00057IN007900034,38.0297,-88.9203,78,Partly Cloudy,0,2,False,False,False,False,True,0.2
2026-08-24T00:29:18Z,IL,IL00057IS022200054,39.9314,-88.3043,73,Mostly Clear,0,6,False,False,False,False,True,0.2
2026-08-24T00:29:18Z,IL,IL00039IN008500036,41.7236,-89.0062,72,Mostly Clear,0,10,False,False,False,False,True,0.2
2026-08-24T00:29:18Z,IL,IL00055IS019400021,40.8371,-88.6833,73,Mostly Clear,0,5,False,False,False,False,True,0.2
2026-08-24T00:29:18Z,IL,IL00057IN022200048,39.9218,-88.299,73,Mostly Clear,0,6,False,False,False,False,True,0.2
2026-08-24T00:29:18Z,IL,IL00055IN006400027,39.3465,-89.6408,72,Partly Cloudy,0,5,False,False,False,False,True,0.2
2026-08-24T00:29:18Z,IL,IL00070IE002700042,38.7849,-89.7023,74,Partly Cloudy,0,5,False,False,False,False,True,0.2
2026-08-24T00:29:18Z,IL,IL00057IN026800032,40.5505,-88.0605,70,Mostly Clear,0,5,False,False,False,False,True,0.2
2026-08-24T00:29:18Z,IL,IL00064IW002500011,38.5491,-89.7633,78,Partly Cloudy,0,3,False,False,False,False,True,0.2
2026-08-24T00:29:18Z,IL,IL00024IW003700010,37.1593,-88.6798,75,Mostly Cloudy,0,2,False,False,False,False,True,0.2
2026-08-24T00:29:18Z,IL,IL00074IE002800030,41.2334,-90.333,75,Mostly Clear,0,5,False,False,False,False,True,0.2
2026-08-24T00:29:18Z,IL,IL00080IW005100013,41.3937,-89.5591,73,Mostly Clear,0,5,False,False,False,False,True,0.2
2026-08-24T00:29:18Z,IL,IL00055IN010400050,39.8627,-89.5948,75,Mostly Clear,0,7,False,False,False,False,True,0.2
2026-08-24T00:29:18Z,IL,IL00055IN002700029,38.8649,-89.8532,75,Partly Cloudy,0,6,False,False,False,False,True,0.2
2026-08-24T00:29:18Z,IL,IL00074IE015600037,40.2732,-88.6762,74,Mostly Clear,0,7,False,False,False,False,True,0.2
2026-08-24T00:29:18Z,IL,IL00072IE015200041,39.9923,-88.7827,72,Mostly Clear,0,7,False,False,False,False,True,0.2
2026-08-24T00:29:18Z,IL,IL00080IW011700016,41.4473,-88.3285,72,Mostly Clear,0,5,False,False,False,False,True,0.2
2026-08-24T00:29:18Z,IL,IL00057IS011400023,38.5965,-88.9677,74,Mostly Clear,0,3,False,False,False,False,True,0.2
2026-08-24T00:29:18Z,IL,IL00057IS033300046,41.3918,-87.7749,72,Clear,0,10,False,False,False,False,True,0.2
2026-08-24T00:29:18Z,IL,IL00057IS007900047,38.0962,-88.9138,77,Partly Cloudy,0,2,False,False,False,False,True,0.2
2026-08-24T00:29:18Z,IL,IL00072IW015200014,39.9888,-88.7852,72,Mostly Clear,0,7,False,False,False,False,True,0.2
2026-08-24T00:29:18Z,IL,IL00055IN014900028,40.3599,-89.1099,74,Mostly Clear,0,6,False,False,False,False,True,0.2
2026-08-24T00:29:18Z,IL,IL00074IW002800020,41.2141,-90.3308,75,Mostly Clear,0,5,False,False,False,False,True,0.2
2026-08-24T00:29:18Z,IL,IL00064IW008500012,38.2766,-88.8012,77,Partly Cloudy,0,2,False,False,False,False,True,0.2
2026-08-24T00:29:18Z,IL,IL00057IN033300049,41.3892,-87.7729,72,Clear,0,10,False,False,False,False,True,0.2
2026-08-24T00:29:18Z,IL,IL00039IS008500026,41.7285,-89.0105,72,Mostly Clear,0,10,False,False,False,False,True,0.2
2026-08-24T00:29:18Z,IL,IL00070IE008600051,39.0651,-88.6745,75,Partly Cloudy,0,3,False,False,False,False,True,0.2
2026-08-24T00:29:18Z,IL,IL00064IE002500038,38.5481,-89.7731,76,Partly Cloudy,0,3,False,False,False,False,True,0.2
2026-08-24T00:29:18Z,IL,IL00055IN019400031,40.8234,-88.6875,73,Mostly Clear,0,5,False,False,False,False,True,0.2
2026-08-24T00:29:18Z,IL,IL00080IE011700043,41.4314,-88.3454,74,Mostly Clear,0,10,False,False,False,False,True,0.2
2026-08-24T00:29:18Z,IL,IL00074IW015600009,40.2711,-88.6701,74,Mostly Clear,0,7,False,False,False,False,True,0.2
2026-08-24T00:29:18Z,IL,IL00057IN011400033,38.5963,-88.9638,74,Mostly Clear,0,3,False,False,False,False,True,0.2
2026-08-24T00:29:18Z,IL,IL00064IE008500039,38.273,-88.8496,74,Partly Cloudy,0,1,False,False,False,False,True,0.2
2026-08-24T00:29:18Z,IL,IL00055IS006400017,39.3523,-89.6447,72,Partly Cloudy,0,5,False,False,False,False,True,0.2
2026-08-24T00:29:18Z,IL,IL00057IS026800022,40.5613,-88.0615,70,Mostly Clear,0,5,False,False,False,False,True,0.2
2026-08-24T00:29:18Z,IL,IL00080IE005100040,41.3938,-89.5665,76,Partly Cloudy,0,5,False,False,False,False,True,0.2
2026-08-24T00:29:18Z,IL,IL00055IS002700019,38.8723,-89.8511,75,Partly Cloudy,0,6,False,False,False,False,True,0.2
2026-08-24T00:29:18Z,IL,IL00070IW002700015,38.7884,-89.6889,74,Partly Cloudy,0,3,False,False,False,False,True,0.2
2026-08-24T00:29:18Z,IL,IL00064IW013000053,38.2322,-87.9882,75,Partly Cloudy,0,2,False,False,False,False,True,0.2
2026-08-24T00:29:18Z,IL,IL00074IW020800052,40.1298,-87.7441,76,Partly Cloudy,0,6,False,False,False,False,True,0.2
2026-08-24T00:29:18Z,IL,IL00074IE011400005,40.6125,-89.245,73,Mostly Clear,0,7,False,False,False,False,True,0.2
2026-08-24T00:29:18Z,IL,IL00074IW006200004,40.8802,-90.0895,73,Mostly Clear,0,3,False,False,False,False,True,0.2
2026-08-24T00:29:18Z,IL,IL00070IW008700045,39.0679,-88.6704,75,Partly Cloudy,0,3,False,False,False,False,True,0.2
2026-08-24T00:29:18Z,IL,IL00057IS016500018,39.1993,-88.502,78,Mostly Clear,0,7,False,False,False,False,True,0.2
2026-08-24T00:29:18Z,IL,IL00074IW011400006,40.6111,-89.2323,73,Mostly Clear,0,7,False,False,False,False,True,0.2
2026-08-24T00:29:18Z,IL,IL00074IE006200001,40.8788,-90.0936,73,Mostly Clear,0,3,False,False,False,False,True,0.2
2026-08-24T00:29:18Z,IL,IL00070IW014900008,39.4228,-87.6617,78,Partly Cloudy,0,7,False,False,False,False,True,0.2
2026-08-24T00:29:18Z,IL,IL00057IN016500044,39.1898,-88.5031,77,Mostly Clear,0,6,False,False,False,False,True,0.2
2026-08-24T00:29:18Z,IL,IL00055IS010400024,39.8871,-89.5966,73,Mostly Clear,0,5,False,False,False,False,True,0.2
2026-08-24T00:29:18Z,IL,IL00057IS003200025,37.4699,-89.1329,79,Mostly Cloudy,0,2,False,False,False,False,True,0.2
2026-08-24T00:29:18Z,IL,IL00057IN003200035,37.4661,-89.1324,79,Mostly Cloudy,0,2,False,False,False,False,True,0.2
2026-08-24T00:29:18Z,IN,322,38.195,-87.8597,75,Partly Cloudy,0,3,False,False,False,False,True,0.2
2026-08-24T00:29:18Z,IN,317,38.5852,-85.7768,79,Partly Cloudy,0,5,False,False,False,False,True,0.2
2026-08-24T00:29:18Z,IN,316,38.5859,-85.7809,79,Partly Cloudy,0,5,False,False,False,False,True,0.2
2026-08-24T00:29:18Z,IN,315,39.2602,-85.9521,77,Partly Cloudy,0,3,False,False,False,False,True,0.2
2026-08-24T00:29:18Z,IN,314,39.2767,-85.9569,77,Partly Cloudy,0,2,False,False,False,False,True,0.2
2026-08-24T00:29:18Z,IN,313,40.1578,-86.5387,71,Mostly Clear,1,3,False,False,False,False,True,0.2
2026-08-24T00:29:18Z,IN,312,40.1722,-86.5522,71,Mostly Clear,1,3,False,False,False,False,True,0.2
2026-08-24T00:29:18Z,IN,311,40.6992,-87.0628,72,Mostly Clear,0,5,False,False,False,False,True,0.2
2026-08-24T00:29:18Z,IN,310,40.6984,-87.0646,72,Mostly Clear,0,5,False,False,False,False,True,0.2
2026-08-24T00:29:18Z,IN,308,41.1653,-87.271,71,Mostly Clear,0,5,False,False,False,False,True,0.2
2026-08-24T00:29:18Z,IN,309,41.1666,-87.2749,71,Mostly Clear,0,5,False,False,False,False,True,0.2
2026-08-24T00:29:18Z,IN,318,40.3543,-85.5576,68,Partly Cloudy,2,3,False,False,False,False,True,0.2
2026-08-24T00:29:18Z,IN,319,40.3569,-85.56,68,Partly Cloudy,2,3,False,False,False,False,True,0.2
2026-08-24T00:29:18Z,IN,320,41.2963,-85.0863,65,Mostly Clear,0,10,False,False,False,False,True,0.2
2026-08-24T00:29:18Z,IN,321,41.5803,-85.0597,67,Mostly Clear,6,15,False,False,False,False,True,0.2
2026-08-24T00:29:18Z,IN,300,39.4417,-87.5002,73,Partly Cloudy,0,1,False,False,False,False,True,0.2
2026-08-24T00:29:18Z,IN,302,39.6517,-86.3967,74,Partly Cloudy,1,8,False,False,False,False,True,0.2
2026-08-24T00:29:18Z,IN,301,39.6541,-86.4005,74,Partly Cloudy,1,8,False,False,False,False,True,0.2
2026-08-24T00:29:18Z,IN,303,39.8243,-85.7039,75,Mostly Cloudy,3,2,False,False,False,False,True,0.2
2026-08-24T00:29:18Z,IN,304,39.8266,-85.704,75,Mostly Cloudy,3,2,False,False,False,False,True,0.2
2026-08-24T00:29:18Z,IN,305,39.8605,-85.0259,69,Mostly Cloudy,13,6,False,False,False,False,True,0.2
2026-08-24T00:29:18Z,IN,323,39.29,-85.1688,69,Mostly Cloudy,10,3,False,False,False,False,True,0.2
2026-08-24T00:29:18Z,IN,702,41.7472,-85.3285,65,Mostly Clear,1,10,False,False,False,False,True,0.2
2026-08-24T00:29:18Z,IN,701,41.5889,-87.2173,69,Partly Cloudy,1,5,False,False,False,False,True,0.2
2026-08-24T00:29:18Z,IN,704,41.7058,-86.6212,66,Mostly Clear,4,5,False,False,False,False,True,0.2
2026-08-24T00:29:18Z,IN,703,41.7071,-86.6235,66,Mostly Clear,4,5,False,False,False,False,True,0.2
2026-08-24T00:29:18Z,IN,705,41.733,-86.0057,68,Mostly Clear,0,10,False,False,False,False,True,0.2
2026-08-24T00:29:18Z,IN,708,41.7472,-85.3285,65,Mostly Clear,1,10,False,False,False,False,True,0.2
2026-08-24T00:29:18Z,IN,707,41.7453,-85.3287,65,Mostly Clear,1,10,False,False,False,False,True,0.2
2026-08-24T00:29:18Z,IN,324,41.7353,-86.7933,68,Partly Cloudy,5,5,False,False,False,False,True,0.2
2026-08-24T00:29:18Z,KY,KY00065IS0000020N65WELCOM,36.6434,-86.5687,76,Partly Cloudy,0,5,False,False,False,False,False,0.0
2026-08-24T00:29:18Z,KY,KY00065IS000020NSMARATHON,36.6612,-86.5553,80,Mostly Clear,0,6,False,False,False,False,False,0.0
2026-08-24T00:29:18Z,KY,KY00065IS0000340NWEIGHS34,36.6868,-86.5379,81,Mostly Clear,0,6,False,False,False,False,False,0.0
2026-08-24T00:29:18Z,KY,KY00065IS0011400S65SRA114,37.9464,-85.6905,77,Partly Cloudy,0,6,False,False,False,False,False,0.0
2026-08-24T00:29:18Z,KY,KY00065IS0005900S65SRA059,37.239,-85.9297,76,Partly Cloudy,0,2,False,False,False,False,False,0.0
2026-08-24T00:29:18Z,KY,KY00065IS0005900N65NRA059,37.2384,-85.9271,76,Partly Cloudy,0,2,False,False,False,False,False,0.0
2026-08-24T00:29:18Z,KY,KY00075IS0003300NWEIGHS33,37.0422,-84.0968,73,Mostly Cloudy,0,3,False,False,False,False,False,0.0
2026-08-24T00:29:18Z,KY,KY00075IS0003400SWEIGHS34,37.048,-84.0997,78,Partly Cloudy,0,5,False,False,False,False,False,0.0
2026-08-24T00:29:18Z,KY,KY00075IS0017700N75NRA177,38.937,-84.6309,71,Partly Cloudy,10,6,False,False,False,False,False,0.0
2026-08-24T00:29:18Z,KY,KY00075IS0007500SWALTONWS,38.8653,-84.6476,71,Partly Cloudy,10,5,False,False,False,False,False,0.0
2026-08-24T00:29:18Z,KY,KY00075IS0017700S75SRA177,38.9388,-84.6339,71,Partly Cloudy,10,6,False,False,False,False,False,0.0
2026-08-24T00:29:18Z,KY,KY00075IS0016800SCRITENWS,38.8196,-84.6015,76,Partly Cloudy,10,6,False,False,False,False,False,0.0
2026-08-24T00:29:18Z,KY,KY00075IS0000100N75WELCOM,36.6162,-84.1054,75,Partly Cloudy,0,2,False,False,False,False,False,0.0
