polled_at_utc,state,site_id,time_stamp,reported_available,capacity,trend,open,trust_data,low_threshold
2026-08-22T00:08:42Z,IL,IL00055IN006400027,2026-08-22T00:08:27Z,Unknown,0,Unknown,True,False,
2026-08-22T00:08:42Z,IL,IL00074IW015600009,2026-08-22T00:08:28Z,0,0,Unknown,False,False,
2026-08-22T00:08:42Z,IL,IL00080IW005100013,2026-08-22T00:08:28Z,Unknown,47,Unknown,True,False,
2026-08-22T00:08:42Z,IL,IL00070IW002700015,2026-08-22T00:08:28Z,Unknown,0,Unknown,True,False,
2026-08-22T00:08:42Z,IL,IL00074IE002800030,2026-08-22T00:08:28Z,Unknown,14,Unknown,True,False,
2026-08-22T00:08:42Z,IL,IL00055IN019400031,2026-08-22T00:08:28Z,Unknown,36,Unknown,True,False,
2026-08-22T00:08:42Z,IL,IL00057IN011400033,2026-08-22T00:08:28Z,Unknown,0,Unknown,True,False,
2026-08-22T00:08:42Z,IL,IL00057IN007900034,2026-08-22T00:08:28Z,Unknown,0,Unknown,True,False,
2026-08-22T00:08:42Z,IL,IL00064IE008500039,2026-08-22T00:08:28Z,Unknown,0,Unknown,True,False,
2026-08-22T00:08:42Z,IL,IL00070IE008600051,2026-08-22T00:08:28Z,0,0,Unknown,False,False,
2026-08-22T00:08:42Z,IL,IL00070IE002700042,2026-08-22T00:08:28Z,Unknown,0,Unknown,True,False,
2026-08-22T00:08:42Z,IL,IL00024IW003700010,2026-08-22T00:08:28Z,Unknown,0,Unknown,True,False,
2026-08-22T00:08:42Z,IL,IL00064IW002500011,2026-08-22T00:08:28Z,Unknown,0,Unknown,True,False,
2026-08-22T00:08:42Z,IL,IL00064IW008500012,2026-08-22T00:08:28Z,Unknown,0,Unknown,True,False,
2026-08-22T00:08:42Z,IL,IL00057IS007900047,2026-08-22T00:08:28Z,Unknown,0,Unknown,True,False,
2026-08-22T00:08:42Z,IL,IL00057IN022200048,2026-08-22T00:08:28Z,Unknown,0,Unknown,True,False,
2026-08-22T00:08:42Z,IL,IL00072IW015200014,2026-08-22T00:08:28Z,Unknown,17,Unknown,True,False,
2026-08-22T00:08:42Z,IL,IL00074IW020800052,2026-08-22T00:08:28Z,Unknown,0,Unknown,True,False,
2026-08-22T00:08:42Z,IL,IL00064IW013000053,2026-08-22T00:08:28Z,0,0,Unknown,False,False,
2026-08-22T00:08:42Z,IL,IL00055IS002700019,2026-08-22T00:08:29Z,Unknown,0,Unknown,True,False,
2026-08-22T00:08:42Z,IL,IL00074IW002800020,2026-08-22T00:08:29Z,Unknown,15,Unknown,True,False,
2026-08-22T00:08:42Z,IL,IL00055IS019400021,2026-08-22T00:08:29Z,Unknown,29,Unknown,True,False,
2026-08-22T00:08:42Z,IL,IL00039IN008500036,2026-08-22T00:08:29Z,Unknown,42,Unknown,True,False,
2026-08-22T00:08:42Z,IL,IL00057IN026800032,2026-08-22T00:08:29Z,Unknown,25,Unknown,True,False,
2026-08-22T00:08:42Z,IL,IL00057IN033300049,2026-08-22T00:08:29Z,Unknown,0,Unknown,True,False,
2026-08-22T00:08:42Z,IL,IL00064IE002500038,2026-08-22T00:08:29Z,Unknown,0,Unknown,True,False,
2026-08-22T00:08:42Z,IL,IL00080IE005100040,2026-08-22T00:08:29Z,Unknown,39,Unknown,True,False,
2026-08-22T00:08:42Z,IL,IL00057IS022200054,2026-08-22T00:08:29Z,Unknown,0,Unknown,True,False,
2026-08-22T00:08:42Z,IL,IL00057IS011400023,2026-08-22T00:08:29Z,Unknown,0,Unknown,True,False,
2026-08-22T00:08:42Z,IL,IL00057IS033300046,2026-08-22T00:08:29Z,Unknown,0,Unknown,True,False,
2026-08-22T00:08:42Z,IL,IL00039IS008500026,2026-08-22T00:08:29Z,Unknown,42,Unknown,True,False,
2026-08-22T00:08:42Z,IL,IL00057IS026800022,2026-08-22T00:08:29Z,Unknown,27,Unknown,True,False,
2026-08-22T00:08:42Z,IL,IL00055IN014900028,2026-08-22T00:08:29Z,Unknown,0,Unknown,True,False,
2026-08-22T00:08:42Z,IL,IL00055IN002700029,2026-08-22T00:08:29Z,Unknown,0,Unknown,True,False,
2026-08-22T00:08:42Z,IL,IL00055IN010400050,2026-08-22T00:08:29Z,0,0,Unknown,False,False,
2026-08-22T00:08:42Z,IL,IL00074IE015600037,2026-08-22T00:08:29Z,0,0,Unknown,False,False,
2026-08-22T00:08:42Z,IL,IL00080IW011700016,2026-08-22T00:08:29Z,Unknown,39,Unknown,True,False,
2026-08-22T00:08:42Z,IL,IL00080IE011700043,2026-08-22T00:08:29Z,Unknown,31,Unknown,True,False,
2026-08-22T00:08:42Z,IL,IL00072IE015200041,2026-08-22T00:06:58Z,10,16,STEADY,True,True,
2026-08-22T00:08:42Z,IL,IL00055IS006400017,2026-08-22T00:08:29Z,Unknown,0,Unknown,True,False,
2026-08-22T00:08:42Z,IL,IL00074IE011400005,2026-08-22T00:08:35Z,Unknown,25,Unknown,True,False,
2026-08-22T00:08:42Z,IL,IL00074IW006200004,2026-08-22T00:08:15Z,8,12,FILLING,True,True,
2026-08-22T00:08:42Z,IL,IL00070IW008700045,2026-08-22T00:07:40Z,6,15,STEADY,True,True,
2026-08-22T00:08:42Z,IL,IL00057IS016500018,2026-08-22T00:06:38Z,7,15,CLEARING,True,True,
2026-08-22T00:08:42Z,IL,IL00074IW011400006,2026-08-22T00:08:16Z,14,18,FILLING,True,True,
2026-08-22T00:08:42Z,IL,IL00074IE006200001,2026-08-22T00:08:17Z,11,13,STEADY,True,True,
2026-08-22T00:08:42Z,IL,IL00070IW014900008,2026-08-22T00:08:33Z,Unknown,39,Unknown,True,False,
2026-08-22T00:08:42Z,IL,IL00057IN016500044,2026-08-22T00:07:19Z,0,15,FILLING,False,False,
2026-08-22T00:08:42Z,IL,IL00055IS010400024,2026-08-22T00:06:38Z,Unknown,0,STEADY,,False,
2026-08-22T00:08:42Z,IL,IL00057IS003200025,2026-08-22T00:06:39Z,Unknown,0,STEADY,,False,
2026-08-22T00:08:42Z,IL,IL00057IN003200035,2026-08-22T00:06:39Z,Unknown,17,STEADY,,False,
2026-08-22T00:08:42Z,IN,322,2026-08-21T19:55:00-04:00,74,75,,True,false,
2026-08-22T00:08:42Z,IN,317,2026-08-21T19:55:00-04:00,58,58,,True,true,
2026-08-22T00:08:42Z,IN,316,2026-08-21T19:55:00-04:00,50,58,,True,false,
2026-08-22T00:08:42Z,IN,315,2026-08-21T19:55:00-04:00,Unknown,36,,False,true,
2026-08-22T00:08:42Z,IN,314,2026-08-21T19:55:00-04:00,Unknown,36,,False,true,
2026-08-22T00:08:42Z,IN,313,2026-08-21T19:55:00-04:00,LOW,75,,True,true,
2026-08-22T00:08:42Z,IN,312,2026-08-21T19:55:00-04:00,27,75,,True,true,
2026-08-22T00:08:42Z,IN,311,2026-08-21T19:55:00-04:00,Unknown,13,,False,true,
2026-08-22T00:08:42Z,IN,310,2026-08-21T19:55:00-04:00,Unknown,13,,False,true,
2026-08-22T00:08:42Z,IN,308,2026-08-21T19:55:00-04:00,27,75,,True,true,
2026-08-22T00:08:42Z,IN,309,2026-08-21T19:55:00-04:00,87,150,,True,true,
2026-08-22T00:08:42Z,IN,318,2026-08-21T19:55:00-04:00,30,78,,True,true,
2026-08-22T00:08:42Z,IN,319,2026-08-21T19:55:00-04:00,55,78,,True,true,
2026-08-22T00:08:42Z,IN,320,2026-08-21T19:55:00-04:00,58,83,,True,true,
2026-08-22T00:08:42Z,IN,321,2026-08-21T19:55:00-04:00,21,41,,True,false,
2026-08-22T00:08:42Z,IN,300,2026-08-21T19:55:00-04:00,81,128,,True,false,
2026-08-22T00:08:42Z,IN,302,2026-08-21T19:55:00-04:00,23,30,,True,true,
2026-08-22T00:08:42Z,IN,301,2026-08-21T19:55:00-04:00,LOW,30,,True,true,
2026-08-22T00:08:42Z,IN,303,2026-08-21T19:55:00-04:00,170,194,,True,true,
2026-08-22T00:08:42Z,IN,304,2026-08-21T19:55:00-04:00,29,99,,True,true,
2026-08-22T00:08:42Z,IN,305,2026-08-21T19:55:00-04:00,Unknown,156,,False,true,
2026-08-22T00:08:42Z,IN,323,2026-08-21T19:55:00-04:00,20,40,,True,true,
2026-08-22T00:08:42Z,IN,702,2026-08-21T19:55:00-04:00,38,75,,True,false,
2026-08-22T00:08:42Z,IN,701,2026-08-21T19:55:00-04:00,30,60,,True,false,
2026-08-22T00:08:42Z,IN,704,2026-08-21T19:55:00-04:00,40,80,,True,false,
2026-08-22T00:08:42Z,IN,703,2026-08-21T19:55:00-04:00,55,110,,True,false,
2026-08-22T00:08:42Z,IN,706,2026-08-21T19:55:00-04:00,35,70,,True,false,
2026-08-22T00:08:42Z,IN,705,2026-08-21T19:55:00-04:00,30,60,,True,false,
2026-08-22T00:08:42Z,IN,708,2026-08-21T19:55:00-04:00,23,45,,True,false,
2026-08-22T00:08:42Z,IN,707,2026-08-21T19:55:00-04:00,20,40,,True,false,
2026-08-22T00:08:42Z,IN,324,2026-08-21T19:55:00-04:00,16,31,,True,true,
2026-08-22T00:08:42Z,KY,KY00065IS0000020N65WELCOM,2026-08-22T00:07:01Z,LOW,21,STEADY,True,True,
2026-08-22T00:08:42Z,KY,KY00065IS000020NSMARATHON,2025-12-19T00:36:53Z,39,60,STEADY,True,False,
2026-08-22T00:08:42Z,KY,KY00065IS0000340NWEIGHS34,2026-07-01T19:04:41Z,34,40,STEADY,True,False,
2026-08-22T00:08:42Z,KY,KY00065IS0011400S65SRA114,2026-08-22T00:07:10Z,LOW,26,STEADY,True,True,
2026-08-22T00:08:42Z,KY,KY00065IS0005900S65SRA059,2026-08-22T00:07:07Z,90,109,STEADY,True,True,
2026-08-22T00:08:42Z,KY,KY00065IS0005900N65NRA059,2026-08-17T17:24:33Z,83,113,STEADY,True,False,
2026-08-22T00:08:42Z,KY,KY00075IS0003300NWEIGHS33,2026-08-22T00:06:46Z,50,50,STEADY,True,False,
2026-08-22T00:08:42Z,KY,KY00075IS0003400SWEIGHS34,2026-08-22T00:06:49Z,LOW,40,STEADY,True,True,
2026-08-22T00:08:42Z,KY,KY00075IS0017700N75NRA177,2026-07-13T10:37:14Z,LOW,53,CLEARING,True,False,
2026-08-22T00:08:42Z,KY,KY00075IS0007500SWALTONWS,2026-08-22T00:06:56Z,43,45,STEADY,True,True,
2026-08-22T00:08:42Z,KY,KY00075IS0017700S75SRA177,2026-08-22T00:06:48Z,17,67,STEADY,True,True,
2026-08-22T00:08:42Z,KY,KY00075IS0016800SCRITENWS,2026-08-22T00:06:52Z,38,39,STEADY,True,True,
2026-08-22T00:08:42Z,KY,KY00075IS0000100N75WELCOM,2026-08-22T00:07:12Z,LOW,30,STEADY,True,True,
2026-08-22T00:23:42Z,IL,IL00070IW002700015,2026-08-22T00:23:40Z,Unknown,0,Unknown,True,False,
2026-08-22T00:23:42Z,IL,IL00080IW011700016,2026-08-22T00:23:41Z,Unknown,39,Unknown,True,False,
2026-08-22T00:23:42Z,IL,IL00055IS002700019,2026-08-22T00:23:42Z,Unknown,0,Unknown,True,False,
2026-08-22T00:23:42Z,IL,IL00055IS019400021,2026-08-22T00:23:42Z,Unknown,29,Unknown,True,False,
2026-08-22T00:23:42Z,IL,IL00039IS008500026,2026-08-22T00:23:42Z,Unknown,42,Unknown,True,False,
2026-08-22T00:23:42Z,IL,IL00055IN006400027,2026-08-22T00:23:42Z,Unknown,0,Unknown,True,False,
2026-08-22T00:23:42Z,IL,IL00057IN022200048,2026-08-22T00:23:42Z,Unknown,0,Unknown,True,False,
2026-08-22T00:23:42Z,IL,IL00074IE002800030,2026-08-22T00:23:42Z,Unknown,14,Unknown,True,False,
2026-08-22T00:23:42Z,IL,IL00057IN026800032,2026-08-22T00:23:42Z,Unknown,25,Unknown,True,False,
2026-08-22T00:23:42Z,IL,IL00057IN033300049,2026-08-22T00:23:42Z,Unknown,0,Unknown,True,False,
2026-08-22T00:23:42Z,IL,IL00055IN010400050,2026-08-22T00:23:42Z,0,0,Unknown,False,False,
2026-08-22T00:23:42Z,IL,IL00039IN008500036,2026-08-22T00:23:42Z,Unknown,42,Unknown,True,False,
2026-08-22T00:23:42Z,IL,IL00074IE015600037,2026-08-22T00:23:42Z,0,0,Unknown,False,False,
2026-08-22T00:23:42Z,IL,IL00064IE008500039,2026-08-22T00:23:21Z,Unknown,0,Unknown,True,False,
2026-08-22T00:23:42Z,IL,IL00080IE005100040,2026-08-22T00:23:21Z,Unknown,39,Unknown,True,False,
2026-08-22T00:23:42Z,IL,IL00057IS022200054,2026-08-22T00:23:42Z,Unknown,0,Unknown,True,False,
2026-08-22T00:23:42Z,IL,IL00074IW002800020,2026-08-22T00:23:42Z,Unknown,15,Unknown,True,False,
2026-08-22T00:23:42Z,IL,IL00055IN014900028,2026-08-22T00:23:21Z,Unknown,0,Unknown,True,False,
2026-08-22T00:23:42Z,IL,IL00057IN011400033,2026-08-22T00:23:21Z,Unknown,0,Unknown,True,False,
2026-08-22T00:23:42Z,IL,IL00074IW015600009,2026-08-22T00:23:21Z,0,0,Unknown,False,False,
2026-08-22T00:23:42Z,IL,IL00024IW003700010,2026-08-22T00:23:21Z,Unknown,0,Unknown,True,False,
2026-08-22T00:23:42Z,IL,IL00064IW008500012,2026-08-22T00:23:21Z,Unknown,0,Unknown,True,False,
2026-08-22T00:23:42Z,IL,IL00074IW020800052,2026-08-22T00:23:21Z,Unknown,0,Unknown,True,False,
2026-08-22T00:23:42Z,IL,IL00064IE002500038,2026-08-22T00:23:21Z,Unknown,0,Unknown,True,False,
2026-08-22T00:23:42Z,IL,IL00070IE008600051,2026-08-22T00:23:21Z,0,0,Unknown,False,False,
2026-08-22T00:23:42Z,IL,IL00064IW013000053,2026-08-22T00:23:21Z,0,0,Unknown,False,False,
2026-08-22T00:23:42Z,IL,IL00057IS033300046,2026-08-22T00:23:21Z,Unknown,0,Unknown,True,False,
2026-08-22T00:23:42Z,IL,IL00057IS007900047,2026-08-22T00:23:21Z,Unknown,0,Unknown,True,False,
2026-08-22T00:23:42Z,IL,IL00064IW002500011,2026-08-22T00:23:22Z,Unknown,0,Unknown,True,False,
2026-08-22T00:23:42Z,IL,IL00080IW005100013,2026-08-22T00:23:22Z,Unknown,47,Unknown,True,False,
2026-08-22T00:23:42Z,IL,IL00072IW015200014,2026-08-22T00:23:22Z,Unknown,17,Unknown,True,False,
2026-08-22T00:23:42Z,IL,IL00055IN002700029,2026-08-22T00:23:22Z,Unknown,0,Unknown,True,False,
2026-08-22T00:23:42Z,IL,IL00070IE002700042,2026-08-22T00:23:22Z,Unknown,0,Unknown,True,False,
2026-08-22T00:23:42Z,IL,IL00057IS011400023,2026-08-22T00:23:22Z,Unknown,0,Unknown,True,False,
2026-08-22T00:23:42Z,IL,IL00055IN019400031,2026-08-22T00:23:22Z,Unknown,36,Unknown,True,False,
2026-08-22T00:23:42Z,IL,IL00057IN007900034,2026-08-22T00:23:22Z,Unknown,0,Unknown,True,False,
2026-08-22T00:23:42Z,IL,IL00057IS026800022,2026-08-22T00:23:22Z,Unknown,27,Unknown,True,False,
2026-08-22T00:23:42Z,IL,IL00080IE011700043,2026-08-22T00:23:22Z,Unknown,31,Unknown,True,False,
2026-08-22T00:23:42Z,IL,IL00072IE015200041,2026-08-22T00:23:13Z,10,16,STEADY,True,True,
2026-08-22T00:23:42Z,IL,IL00055IS006400017,2026-08-22T00:23:22Z,Unknown,0,Unknown,True,False,
2026-08-22T00:23:42Z,IL,IL00074IE011400005,2026-08-22T00:23:28Z,Unknown,25,Unknown,True,False,
2026-08-22T00:23:42Z,IL,IL00074IW006200004,2026-08-22T00:23:12Z,9,12,CLEARING,True,True,
2026-08-22T00:23:42Z,IL,IL00070IW008700045,2026-08-22T00:23:12Z,8,15,STEADY,True,True,
2026-08-22T00:23:42Z,IL,IL00057IS016500018,2026-08-22T00:23:12Z,8,15,CLEARING,True,True,
2026-08-22T00:23:42Z,IL,IL00074IW011400006,2026-08-22T00:23:30Z,15,18,STEADY,True,True,
2026-08-22T00:23:42Z,IL,IL00074IE006200001,2026-08-22T00:23:13Z,11,13,STEADY,True,True,
2026-08-22T00:23:42Z,IL,IL00070IW014900008,2026-08-22T00:22:44Z,Unknown,39,Unknown,True,False,
2026-08-22T00:23:42Z,IL,IL00057IN016500044,2026-08-22T00:23:12Z,0,15,STEADY,False,False,
2026-08-22T00:23:42Z,IL,IL00055IS010400024,2026-08-22T00:23:12Z,Unknown,0,STEADY,,False,
2026-08-22T00:23:42Z,IL,IL00057IS003200025,2026-08-22T00:23:12Z,Unknown,0,STEADY,,False,
2026-08-22T00:23:42Z,IL,IL00057IN003200035,2026-08-22T00:23:13Z,Unknown,17,STEADY,,False,
2026-08-22T00:23:42Z,IN,322,2026-08-21T20:10:00-04:00,75,75,,True,false,
2026-08-22T00:23:42Z,IN,317,2026-08-21T20:10:00-04:00,16,58,,True,true,
2026-08-22T00:23:42Z,IN,316,2026-08-21T20:10:00-04:00,50,58,,True,false,
2026-08-22T00:23:42Z,IN,315,2026-08-21T20:10:00-04:00,Unknown,36,,False,true,
2026-08-22T00:23:42Z,IN,314,2026-08-21T20:10:00-04:00,Unknown,36,,False,true,
2026-08-22T00:23:42Z,IN,313,2026-08-21T20:10:00-04:00,LOW,75,,True,true,
2026-08-22T00:23:42Z,IN,312,2026-08-21T20:10:00-04:00,LOW,75,,True,true,
2026-08-22T00:23:42Z,IN,311,2026-08-21T20:10:00-04:00,Unknown,13,,False,true,
2026-08-22T00:23:42Z,IN,310,2026-08-21T20:10:00-04:00,Unknown,13,,False,true,
2026-08-22T00:23:42Z,IN,308,2026-08-21T20:10:00-04:00,34,75,,True,true,
2026-08-22T00:23:42Z,IN,309,2026-08-21T20:10:00-04:00,99,150,,True,true,
2026-08-22T00:23:42Z,IN,318,2026-08-21T20:10:00-04:00,8,78,,True,true,
2026-08-22T00:23:42Z,IN,319,2026-08-21T20:10:00-04:00,16,78,,True,true,
2026-08-22T00:23:42Z,IN,320,2026-08-21T20:10:00-04:00,42,83,,True,true,
2026-08-22T00:23:42Z,IN,321,2026-08-21T20:10:00-04:00,21,41,,True,false,
2026-08-22T00:23:42Z,IN,300,2026-08-21T20:10:00-04:00,81,128,,True,false,
2026-08-22T00:23:42Z,IN,302,2026-08-21T20:10:00-04:00,LOW,30,,True,true,
2026-08-22T00:23:42Z,IN,301,2026-08-21T20:10:00-04:00,LOW,30,,True,true,
2026-08-22T00:23:42Z,IN,303,2026-08-21T20:10:00-04:00,94,194,,True,true,
2026-08-22T00:23:42Z,IN,304,2026-08-21T20:10:00-04:00,13,99,,True,true,
2026-08-22T00:23:42Z,IN,305,2026-08-21T20:10:00-04:00,Unknown,156,,False,true,
2026-08-22T00:23:42Z,IN,323,2026-08-21T20:10:00-04:00,20,40,,True,true,
2026-08-22T00:23:42Z,IN,702,2026-08-21T20:10:00-04:00,38,75,,True,false,
2026-08-22T00:23:42Z,IN,701,2026-08-21T20:10:00-04:00,30,60,,True,false,
2026-08-22T00:23:42Z,IN,704,2026-08-21T20:10:00-04:00,40,80,,True,false,
2026-08-22T00:23:42Z,IN,703,2026-08-21T20:10:00-04:00,55,110,,True,false,
2026-08-22T00:23:42Z,IN,706,2026-08-21T20:10:00-04:00,35,70,,True,false,
2026-08-22T00:23:42Z,IN,705,2026-08-21T20:10:00-04:00,30,60,,True,false,
2026-08-22T00:23:42Z,IN,708,2026-08-21T20:10:00-04:00,23,45,,True,false,
2026-08-22T00:23:42Z,IN,707,2026-08-21T20:10:00-04:00,20,40,,True,false,
2026-08-22T00:23:42Z,IN,324,2026-08-21T20:10:00-04:00,16,31,,True,true,
2026-08-22T00:23:42Z,KY,KY00065IS0000020N65WELCOM,2026-08-22T00:22:02Z,LOW,21,STEADY,True,True,
2026-08-22T00:23:42Z,KY,KY00065IS000020NSMARATHON,2025-12-19T00:36:53Z,39,60,STEADY,True,False,
2026-08-22T00:23:42Z,KY,KY00065IS0000340NWEIGHS34,2026-07-01T19:04:41Z,34,40,STEADY,True,False,
2026-08-22T00:23:42Z,KY,KY00065IS0011400S65SRA114,2026-08-22T00:22:10Z,LOW,26,STEADY,True,True,
2026-08-22T00:23:42Z,KY,KY00065IS0005900S65SRA059,2026-08-22T00:22:07Z,92,109,STEADY,True,True,
2026-08-22T00:23:42Z,KY,KY00065IS0005900N65NRA059,2026-08-17T17:24:33Z,83,113,STEADY,True,False,
2026-08-22T00:23:42Z,KY,KY00075IS0003300NWEIGHS33,2026-08-22T00:21:46Z,50,50,STEADY,True,False,
2026-08-22T00:23:42Z,KY,KY00075IS0003400SWEIGHS34,2026-08-22T00:21:49Z,LOW,40,STEADY,True,True,
2026-08-22T00:23:42Z,KY,KY00075IS0017700N75NRA177,2026-07-13T10:37:14Z,LOW,53,CLEARING,True,False,
2026-08-22T00:23:42Z,KY,KY00075IS0007500SWALTONWS,2026-08-22T00:21:56Z,43,45,STEADY,True,True,
2026-08-22T00:23:42Z,KY,KY00075IS0017700S75SRA177,2026-08-22T00:21:48Z,17,67,STEADY,True,True,
2026-08-22T00:23:42Z,KY,KY00075IS0016800SCRITENWS,2026-08-22T00:21:52Z,39,39,CLEARING,True,True,
2026-08-22T00:23:42Z,KY,KY00075IS0000100N75WELCOM,2026-08-22T00:22:12Z,LOW,30,STEADY,True,True,
2026-08-22T00:38:42Z,IL,IL00064IE008500039,2026-08-22T00:38:16Z,Unknown,0,Unknown,True,False,
2026-08-22T00:38:42Z,IL,IL00055IS019400021,2026-08-22T00:38:16Z,Unknown,29,Unknown,True,False,
2026-08-22T00:38:42Z,IL,IL00055IS002700019,2026-08-22T00:38:16Z,Unknown,0,Unknown,True,False,
2026-08-22T00:38:42Z,IL,IL00057IN033300049,2026-08-22T00:38:16Z,Unknown,0,Unknown,True,False,
2026-08-22T00:38:42Z,IL,IL00057IS033300046,2026-08-22T00:38:16Z,Unknown,0,Unknown,True,False,
2026-08-22T00:38:42Z,IL,IL00055IN010400050,2026-08-22T00:38:16Z,0,0,Unknown,False,False,
2026-08-22T00:38:42Z,IL,IL00064IE002500038,2026-08-22T00:38:16Z,Unknown,0,Unknown,True,False,
2026-08-22T00:38:42Z,IL,IL00057IS007900047,2026-08-22T00:38:16Z,Unknown,0,Unknown,True,False,
2026-08-22T00:38:42Z,IL,IL00057IN026800032,2026-08-22T00:38:16Z,Unknown,25,Unknown,True,False,
2026-08-22T00:38:42Z,IL,IL00055IN006400027,2026-08-22T00:38:17Z,Unknown,0,Unknown,True,False,
2026-08-22T00:38:42Z,IL,IL00080IW005100013,2026-08-22T00:38:17Z,Unknown,47,Unknown,True,False,
2026-08-22T00:38:42Z,IL,IL00074IW020800052,2026-08-22T00:38:17Z,Unknown,0,Unknown,True,False,
2026-08-22T00:38:42Z,IL,IL00055IN002700029,2026-08-22T00:38:17Z,Unknown,0,Unknown,True,False,
2026-08-22T00:38:42Z,IL,IL00055IN014900028,2026-08-22T00:38:17Z,Unknown,0,Unknown,True,False,
2026-08-22T00:38:42Z,IL,IL00074IW002800020,2026-08-22T00:38:17Z,Unknown,15,Unknown,True,False,
2026-08-22T00:38:42Z,IL,IL00057IS026800022,2026-08-22T00:38:17Z,Unknown,27,Unknown,True,False,
2026-08-22T00:38:42Z,IL,IL00080IE011700043,2026-08-22T00:38:17Z,Unknown,31,Unknown,True,False,
2026-08-22T00:38:42Z,IL,IL00057IS022200054,2026-08-22T00:38:17Z,Unknown,0,Unknown,True,False,
2026-08-22T00:38:42Z,IL,IL00070IE008600051,2026-08-22T00:38:17Z,0,0,Unknown,False,False,
2026-08-22T00:38:42Z,IL,IL00064IW013000053,2026-08-22T00:38:17Z,0,0,Unknown,False,False,
2026-08-22T00:38:42Z,IL,IL00055IN019400031,2026-08-22T00:38:17Z,Unknown,36,Unknown,True,False,
2026-08-22T00:38:42Z,IL,IL00080IW011700016,2026-08-22T00:38:17Z,Unknown,39,Unknown,True,False,
2026-08-22T00:38:42Z,IL,IL00039IS008500026,2026-08-22T00:38:17Z,Unknown,42,Unknown,True,False,
2026-08-22T00:38:42Z,IL,IL00057IS011400023,2026-08-22T00:38:17Z,Unknown,0,Unknown,True,False,
2026-08-22T00:38:42Z,IL,IL00072IW015200014,2026-08-22T00:38:18Z,Unknown,17,Unknown,True,False,
2026-08-22T00:38:42Z,IL,IL00057IN011400033,2026-08-22T00:38:18Z,Unknown,0,Unknown,True,False,
2026-08-22T00:38:42Z,IL,IL00064IW008500012,2026-08-22T00:38:17Z,Unknown,0,Unknown,True,False,
2026-08-22T00:38:42Z,IL,IL00074IW015600009,2026-08-22T00:38:18Z,0,0,Unknown,False,False,
2026-08-22T00:38:42Z,IL,IL00057IN007900034,2026-08-22T00:38:17Z,Unknown,0,Unknown,True,False,
2026-08-22T00:38:42Z,IL,IL00080IE005100040,2026-08-22T00:38:18Z,Unknown,39,Unknown,True,False,
2026-08-22T00:38:42Z,IL,IL00074IE015600037,2026-08-22T00:38:18Z,0,0,Unknown,False,False,
2026-08-22T00:38:42Z,IL,IL00057IN022200048,2026-08-22T00:38:18Z,Unknown,0,Unknown,True,False,
2026-08-22T00:38:42Z,IL,IL00024IW003700010,2026-08-22T00:38:18Z,Unknown,0,Unknown,True,False,
2026-08-22T00:38:42Z,IL,IL00070IW002700015,2026-08-22T00:38:18Z,Unknown,0,Unknown,True,False,
2026-08-22T00:38:42Z,IL,IL00074IE002800030,2026-08-22T00:38:18Z,Unknown,14,Unknown,True,False,
2026-08-22T00:38:42Z,IL,IL00039IN008500036,2026-08-22T00:38:18Z,Unknown,42,Unknown,True,False,
2026-08-22T00:38:42Z,IL,IL00070IE002700042,2026-08-22T00:38:18Z,Unknown,0,Unknown,True,False,
2026-08-22T00:38:42Z,IL,IL00064IW002500011,2026-08-22T00:38:18Z,Unknown,0,Unknown,True,False,
2026-08-22T00:38:42Z,IL,IL00072IE015200041,2026-08-22T00:35:44Z,12,16,CLEARING,True,True,
2026-08-22T00:38:42Z,IL,IL00055IS006400017,2026-08-22T00:38:18Z,Unknown,0,Unknown,True,False,
2026-08-22T00:38:42Z,IL,IL00074IE011400005,2026-08-22T00:38:38Z,Unknown,25,Unknown,True,False,
2026-08-22T00:38:42Z,IL,IL00074IW006200004,2026-08-22T00:38:39Z,9,12,STEADY,True,True,
2026-08-22T00:38:42Z,IL,IL00070IW008700045,2026-08-22T00:38:42Z,7,15,FILLING,True,True,
2026-08-22T00:38:42Z,IL,IL00057IS016500018,2026-08-22T00:34:18Z,8,15,FILLING,True,True,
2026-08-22T00:38:42Z,IL,IL00074IW011400006,2026-08-22T00:37:40Z,14,18,FILLING,True,True,
2026-08-22T00:38:42Z,IL,IL00074IE006200001,2026-08-22T00:37:41Z,10,13,STEADY,True,True,
2026-08-22T00:38:42Z,IL,IL00070IW014900008,2026-08-22T00:37:49Z,Unknown,39,Unknown,True,False,
2026-08-22T00:38:42Z,IL,IL00057IN016500044,2026-08-22T00:37:44Z,0,15,STEADY,False,False,
2026-08-22T00:38:42Z,IL,IL00055IS010400024,2026-08-22T00:34:08Z,Unknown,0,STEADY,,False,
2026-08-22T00:38:42Z,IL,IL00057IS003200025,2026-08-22T00:34:08Z,Unknown,0,STEADY,,False,
2026-08-22T00:38:42Z,IL,IL00057IN003200035,2026-08-22T00:34:09Z,Unknown,17,STEADY,,False,
2026-08-22T00:38:42Z,IN,322,2026-08-21T20:25:00-04:00,75,75,,True,false,
2026-08-22T00:38:42Z,IN,317,2026-08-21T20:25:00-04:00,15,58,,True,true,
2026-08-22T00:38:42Z,IN,316,2026-08-21T20:25:00-04:00,39,58,,True,false,
2026-08-22T00:38:42Z,IN,315,2026-08-21T20:25:00-04:00,Unknown,36,,False,true,
2026-08-22T00:38:42Z,IN,314,2026-08-21T20:25:00-04:00,Unknown,36,,False,true,
2026-08-22T00:38:42Z,IN,313,2026-08-21T20:25:00-04:00,LOW,75,,True,true,
2026-08-22T00:38:42Z,IN,312,2026-08-21T20:25:00-04:00,LOW,75,,True,true,
2026-08-22T00:38:42Z,IN,311,2026-08-21T20:25:00-04:00,Unknown,13,,False,true,
2026-08-22T00:38:42Z,IN,310,2026-08-21T20:25:00-04:00,Unknown,13,,False,true,
2026-08-22T00:38:42Z,IN,308,2026-08-21T20:25:00-04:00,34,75,,True,true,
2026-08-22T00:38:42Z,IN,309,2026-08-21T20:25:00-04:00,100,150,,True,true,
2026-08-22T00:38:42Z,IN,318,2026-08-21T20:25:00-04:00,10,78,,True,true,
2026-08-22T00:38:42Z,IN,319,2026-08-21T20:25:00-04:00,18,78,,True,true,
2026-08-22T00:38:42Z,IN,320,2026-08-21T20:25:00-04:00,39,83,,True,true,
2026-08-22T00:38:42Z,IN,321,2026-08-21T20:25:00-04:00,21,41,,True,false,
2026-08-22T00:38:42Z,IN,300,2026-08-21T20:25:00-04:00,76,128,,True,false,
2026-08-22T00:38:42Z,IN,302,2026-08-21T20:25:00-04:00,9,30,,True,true,
2026-08-22T00:38:42Z,IN,301,2026-08-21T20:25:00-04:00,LOW,30,,True,true,
2026-08-22T00:38:42Z,IN,303,2026-08-21T20:25:00-04:00,96,194,,True,true,
2026-08-22T00:38:42Z,IN,304,2026-08-21T20:25:00-04:00,LOW,99,,True,true,
2026-08-22T00:38:42Z,IN,305,2026-08-21T20:25:00-04:00,Unknown,156,,False,true,
2026-08-22T00:38:42Z,IN,323,2026-08-21T20:25:00-04:00,20,40,,True,true,
2026-08-22T00:38:42Z,IN,702,2026-08-21T20:25:00-04:00,38,75,,True,false,
2026-08-22T00:38:42Z,IN,701,2026-08-21T20:25:00-04:00,30,60,,True,false,
2026-08-22T00:38:42Z,IN,704,2026-08-21T20:25:00-04:00,40,80,,True,false,
2026-08-22T00:38:42Z,IN,703,2026-08-21T20:25:00-04:00,55,110,,True,false,
2026-08-22T00:38:42Z,IN,706,2026-08-21T20:25:00-04:00,35,70,,True,false,
2026-08-22T00:38:42Z,IN,705,2026-08-21T20:25:00-04:00,30,60,,True,false,
2026-08-22T00:38:42Z,IN,708,2026-08-21T20:25:00-04:00,23,45,,True,false,
2026-08-22T00:38:42Z,IN,707,2026-08-21T20:25:00-04:00,20,40,,True,false,
2026-08-22T00:38:42Z,IN,324,2026-08-21T20:25:00-04:00,16,31,,True,true,
2026-08-22T00:38:42Z,KY,KY00065IS0000020N65WELCOM,2026-08-22T00:37:02Z,LOW,21,STEADY,True,True,
2026-08-22T00:38:42Z,KY,KY00065IS000020NSMARATHON,2025-12-19T00:36:53Z,39,60,STEADY,True,False,
2026-08-22T00:38:42Z,KY,KY00065IS0000340NWEIGHS34,2026-07-01T19:04:41Z,34,40,STEADY,True,False,
2026-08-22T00:38:42Z,KY,KY00065IS0011400S65SRA114,2026-08-22T00:37:10Z,LOW,26,STEADY,True,True,
2026-08-22T00:38:42Z,KY,KY00065IS0005900S65SRA059,2026-08-22T00:37:07Z,88,109,STEADY,True,True,
2026-08-22T00:38:42Z,KY,KY00065IS0005900N65NRA059,2026-08-17T17:24:33Z,83,113,STEADY,True,False,
2026-08-22T00:38:42Z,KY,KY00075IS0003300NWEIGHS33,2026-08-22T00:36:48Z,49,50,STEADY,True,True,
2026-08-22T00:38:42Z,KY,KY00075IS0003400SWEIGHS34,2026-08-22T00:36:50Z,LOW,40,STEADY,True,True,
2026-08-22T00:38:42Z,KY,KY00075IS0017700N75NRA177,2026-07-13T10:37:14Z,LOW,53,CLEARING,True,False,
2026-08-22T00:38:42Z,KY,KY00075IS0007500SWALTONWS,2026-08-22T00:36:56Z,43,45,STEADY,True,True,
2026-08-22T00:38:42Z,KY,KY00075IS0017700S75SRA177,2026-08-22T00:36:48Z,10,67,FILLING,True,True,
2026-08-22T00:38:42Z,KY,KY00075IS0016800SCRITENWS,2026-08-22T00:36:51Z,37,39,STEADY,True,True,
2026-08-22T00:38:42Z,KY,KY00075IS0000100N75WELCOM,2026-08-22T00:37:12Z,LOW,30,STEADY,True,True,
2026-08-22T00:53:42Z,IL,IL00024IW003700010,2026-08-22T00:53:37Z,Unknown,0,Unknown,True,False,
2026-08-22T00:53:42Z,IL,IL00064IW013000053,2026-08-22T00:53:37Z,0,0,Unknown,False,False,
2026-08-22T00:53:42Z,IL,IL00055IS002700019,2026-08-22T00:53:37Z,Unknown,0,Unknown,True,False,
2026-08-22T00:53:42Z,IL,IL00074IW015600009,2026-08-22T00:53:37Z,0,0,Unknown,False,False,
2026-08-22T00:53:42Z,IL,IL00055IS019400021,2026-08-22T00:53:38Z,Unknown,29,Unknown,True,False,
2026-08-22T00:53:42Z,IL,IL00070IE002700042,2026-08-22T00:53:38Z,Unknown,0,Unknown,True,False,
2026-08-22T00:53:42Z,IL,IL00080IW011700016,2026-08-22T00:53:38Z,Unknown,39,Unknown,True,False,
2026-08-22T00:53:42Z,IL,IL00057IS022200054,2026-08-22T00:53:38Z,Unknown,0,Unknown,True,False,
2026-08-22T00:53:42Z,IL,IL00074IW002800020,2026-08-22T00:53:38Z,Unknown,15,Unknown,True,False,
2026-08-22T00:53:42Z,IL,IL00039IS008500026,2026-08-22T00:53:38Z,Unknown,42,Unknown,True,False,
2026-08-22T00:53:42Z,IL,IL00055IN006400027,2026-08-22T00:53:38Z,Unknown,0,Unknown,True,False,
2026-08-22T00:53:42Z,IL,IL00057IN026800032,2026-08-22T00:53:38Z,Unknown,25,Unknown,True,False,
2026-08-22T00:53:42Z,IL,IL00055IN010400050,2026-08-22T00:53:38Z,0,0,Unknown,False,False,
2026-08-22T00:53:42Z,IL,IL00064IE002500038,2026-08-22T00:53:38Z,Unknown,0,Unknown,True,False,
2026-08-22T00:53:42Z,IL,IL00057IN022200048,2026-08-22T00:53:38Z,Unknown,0,Unknown,True,False,
2026-08-22T00:53:42Z,IL,IL00057IN011400033,2026-08-22T00:53:38Z,Unknown,0,Unknown,True,False,
2026-08-22T00:53:42Z,IL,IL00057IN033300049,2026-08-22T00:53:38Z,Unknown,0,Unknown,True,False,
2026-08-22T00:53:42Z,IL,IL00064IW002500011,2026-08-22T00:53:38Z,Unknown,0,Unknown,True,False,
2026-08-22T00:53:42Z,IL,IL00055IN014900028,2026-08-22T00:53:38Z,Unknown,0,Unknown,True,False,
2026-08-22T00:53:42Z,IL,IL00064IW008500012,2026-08-22T00:53:38Z,Unknown,0,Unknown,True,False,
2026-08-22T00:53:42Z,IL,IL00080IW005100013,2026-08-22T00:53:38Z,Unknown,47,Unknown,True,False,
2026-08-22T00:53:42Z,IL,IL00074IW020800052,2026-08-22T00:53:38Z,Unknown,0,Unknown,True,False,
2026-08-22T00:53:42Z,IL,IL00080IE011700043,2026-08-22T00:53:38Z,Unknown,31,Unknown,True,False,
2026-08-22T00:53:42Z,IL,IL00072IW015200014,2026-08-22T00:53:38Z,Unknown,17,Unknown,True,False,
2026-08-22T00:53:42Z,IL,IL00074IE015600037,2026-08-22T00:53:38Z,0,0,Unknown,False,False,
2026-08-22T00:53:42Z,IL,IL00064IE008500039,2026-08-22T00:53:39Z,Unknown,0,Unknown,True,False,
2026-08-22T00:53:42Z,IL,IL00080IE005100040,2026-08-22T00:53:39Z,Unknown,39,Unknown,True,False,
2026-08-22T00:53:42Z,IL,IL00057IS011400023,2026-08-22T00:53:39Z,Unknown,0,Unknown,True,False,
2026-08-22T00:53:42Z,IL,IL00055IN002700029,2026-08-22T00:53:39Z,Unknown,0,Unknown,True,False,
2026-08-22T00:53:42Z,IL,IL00055IN019400031,2026-08-22T00:53:39Z,Unknown,36,Unknown,True,False,
2026-08-22T00:53:42Z,IL,IL00039IN008500036,2026-08-22T00:53:39Z,Unknown,42,Unknown,True,False,
2026-08-22T00:53:42Z,IL,IL00057IS007900047,2026-08-22T00:53:39Z,Unknown,0,Unknown,True,False,
2026-08-22T00:53:42Z,IL,IL00057IS026800022,2026-08-22T00:53:39Z,Unknown,27,Unknown,True,False,
2026-08-22T00:53:42Z,IL,IL00057IS033300046,2026-08-22T00:53:39Z,Unknown,0,Unknown,True,False,
2026-08-22T00:53:42Z,IL,IL00057IN007900034,2026-08-22T00:53:39Z,Unknown,0,Unknown,True,False,
2026-08-22T00:53:42Z,IL,IL00070IE008600051,2026-08-22T00:53:39Z,0,0,Unknown,False,False,
2026-08-22T00:53:42Z,IL,IL00074IE002800030,2026-08-22T00:53:39Z,Unknown,14,Unknown,True,False,
2026-08-22T00:53:42Z,IL,IL00072IE015200041,2026-08-22T00:51:01Z,12,16,STEADY,True,True,
2026-08-22T00:53:42Z,IL,IL00070IW002700015,2026-08-22T00:53:39Z,Unknown,0,Unknown,True,False,
2026-08-22T00:53:42Z,IL,IL00055IS006400017,2026-08-22T00:53:39Z,Unknown,0,Unknown,True,False,
2026-08-22T00:53:42Z,IL,IL00074IE011400005,2026-08-22T00:53:26Z,Unknown,25,Unknown,True,False,
2026-08-22T00:53:42Z,IL,IL00074IW006200004,2026-08-22T00:52:46Z,9,12,STEADY,True,True,
2026-08-22T00:53:42Z,IL,IL00070IW008700045,2026-08-22T00:51:00Z,9,15,CLEARING,True,True,
2026-08-22T00:53:42Z,IL,IL00057IS016500018,2026-08-22T00:51:00Z,8,15,FILLING,True,True,
2026-08-22T00:53:42Z,IL,IL00074IW011400006,2026-08-22T00:52:48Z,12,18,FILLING,True,True,
2026-08-22T00:53:42Z,IL,IL00074IE006200001,2026-08-22T00:52:49Z,10,13,STEADY,True,True,
2026-08-22T00:53:42Z,IL,IL00070IW014900008,2026-08-22T00:52:41Z,Unknown,39,Unknown,True,False,
2026-08-22T00:53:42Z,IL,IL00057IN016500044,2026-08-22T00:53:10Z,0,15,STEADY,False,False,
2026-08-22T00:53:42Z,IL,IL00055IS010400024,2026-08-22T00:51:00Z,Unknown,0,STEADY,,False,
2026-08-22T00:53:42Z,IL,IL00057IS003200025,2026-08-22T00:51:00Z,Unknown,0,STEADY,,False,
2026-08-22T00:53:42Z,IL,IL00057IN003200035,2026-08-22T00:51:01Z,Unknown,17,STEADY,,False,
2026-08-22T00:53:42Z,IN,322,2026-08-21T20:40:00-04:00,74,75,,True,false,
2026-08-22T00:53:42Z,IN,317,2026-08-21T20:40:00-04:00,15,58,,True,true,
2026-08-22T00:53:42Z,IN,316,2026-08-21T20:40:00-04:00,38,58,,True,false,
2026-08-22T00:53:42Z,IN,315,2026-08-21T20:40:00-04:00,Unknown,36,,False,true,
2026-08-22T00:53:42Z,IN,314,2026-08-21T20:40:00-04:00,Unknown,36,,False,true,
2026-08-22T00:53:42Z,IN,313,2026-08-21T20:40:00-04:00,LOW,75,,True,true,
2026-08-22T00:53:42Z,IN,312,2026-08-21T20:40:00-04:00,LOW,75,,True,true,
2026-08-22T00:53:42Z,IN,311,2026-08-21T20:40:00-04:00,Unknown,13,,False,true,
2026-08-22T00:53:42Z,IN,310,2026-08-21T20:40:00-04:00,Unknown,13,,False,true,
2026-08-22T00:53:42Z,IN,308,2026-08-21T20:40:00-04:00,34,75,,True,true,
2026-08-22T00:53:42Z,IN,309,2026-08-21T20:40:00-04:00,94,150,,True,true,
2026-08-22T00:53:42Z,IN,318,2026-08-21T20:40:00-04:00,7,78,,True,true,
2026-08-22T00:53:42Z,IN,319,2026-08-21T20:40:00-04:00,19,78,,True,true,
2026-08-22T00:53:42Z,IN,320,2026-08-21T20:40:00-04:00,39,83,,True,true,
2026-08-22T00:53:42Z,IN,321,2026-08-21T20:40:00-04:00,21,41,,True,false,
2026-08-22T00:53:42Z,IN,300,2026-08-21T20:40:00-04:00,72,128,,True,false,
2026-08-22T00:53:42Z,IN,302,2026-08-21T20:40:00-04:00,12,30,,True,true,
2026-08-22T00:53:42Z,IN,301,2026-08-21T20:40:00-04:00,LOW,30,,True,true,
2026-08-22T00:53:42Z,IN,303,2026-08-21T20:40:00-04:00,94,194,,True,true,
2026-08-22T00:53:42Z,IN,304,2026-08-21T20:40:00-04:00,LOW,99,,True,true,
2026-08-22T00:53:42Z,IN,305,2026-08-21T20:40:00-04:00,Unknown,156,,False,true,
2026-08-22T00:53:42Z,IN,323,2026-08-21T20:40:00-04:00,20,40,,True,true,
2026-08-22T00:53:42Z,IN,702,2026-08-21T20:40:00-04:00,38,75,,True,false,
2026-08-22T00:53:42Z,IN,701,2026-08-21T20:40:00-04:00,30,60,,True,false,
2026-08-22T00:53:42Z,IN,704,2026-08-21T20:40:00-04:00,40,80,,True,false,
2026-08-22T00:53:42Z,IN,703,2026-08-21T20:40:00-04:00,55,110,,True,false,
2026-08-22T00:53:42Z,IN,706,2026-08-21T20:40:00-04:00,35,70,,True,false,
2026-08-22T00:53:42Z,IN,705,2026-08-21T20:40:00-04:00,30,60,,True,false,
2026-08-22T00:53:42Z,IN,708,2026-08-21T20:40:00-04:00,23,45,,True,false,
2026-08-22T00:53:42Z,IN,707,2026-08-21T20:40:00-04:00,20,40,,True,false,
2026-08-22T00:53:42Z,IN,324,2026-08-21T20:40:00-04:00,16,31,,True,true,
2026-08-22T00:53:42Z,KY,KY00065IS0000020N65WELCOM,2026-08-22T00:52:01Z,LOW,21,STEADY,True,True,
2026-08-22T00:53:42Z,KY,KY00065IS000020NSMARATHON,2025-12-19T00:36:53Z,39,60,STEADY,True,False,
2026-08-22T00:53:42Z,KY,KY00065IS0000340NWEIGHS34,2026-07-01T19:04:41Z,34,40,STEADY,True,False,
2026-08-22T00:53:42Z,KY,KY00065IS0011400S65SRA114,2026-08-22T00:52:10Z,LOW,26,STEADY,True,True,
2026-08-22T00:53:42Z,KY,KY00065IS0005900S65SRA059,2026-08-22T00:52:07Z,83,109,FILLING,True,True,
2026-08-22T00:53:42Z,KY,KY00065IS0005900N65NRA059,2026-08-17T17:24:33Z,83,113,STEADY,True,False,
2026-08-22T00:53:42Z,KY,KY00075IS0003300NWEIGHS33,2026-08-22T00:51:46Z,45,50,FILLING,True,True,
2026-08-22T00:53:42Z,KY,KY00075IS0003400SWEIGHS34,2026-08-22T00:51:50Z,LOW,40,STEADY,True,True,
2026-08-22T00:53:42Z,KY,KY00075IS0017700N75NRA177,2026-07-13T10:37:14Z,LOW,53,CLEARING,True,False,
2026-08-22T00:53:42Z,KY,KY00075IS0007500SWALTONWS,2026-08-22T00:51:56Z,42,45,STEADY,True,True,
2026-08-22T00:53:42Z,KY,KY00075IS0017700S75SRA177,2026-08-22T00:51:48Z,LOW,67,FILLING,True,True,
2026-08-22T00:53:42Z,KY,KY00075IS0016800SCRITENWS,2026-08-22T00:51:52Z,37,39,FILLING,True,True,
2026-08-22T00:53:42Z,KY,KY00075IS0000100N75WELCOM,2026-08-22T00:52:12Z,LOW,30,STEADY,True,True,
2026-08-22T01:08:42Z,IL,IL00039IN008500036,2026-08-22T01:08:26Z,Unknown,42,Unknown,True,False,
2026-08-22T01:08:42Z,IL,IL00074IE015600037,2026-08-22T01:08:26Z,0,0,Unknown,False,False,
2026-08-22T01:08:42Z,IL,IL00074IW015600009,2026-08-22T01:08:27Z,0,0,Unknown,False,False,
2026-08-22T01:08:42Z,IL,IL00057IS007900047,2026-08-22T01:08:27Z,Unknown,0,Unknown,True,False,
2026-08-22T01:08:42Z,IL,IL00064IE002500038,2026-08-22T01:08:27Z,Unknown,0,Unknown,True,False,
2026-08-22T01:08:42Z,IL,IL00070IE002700042,2026-08-22T01:08:27Z,Unknown,0,Unknown,True,False,
2026-08-22T01:08:42Z,IL,IL00055IN010400050,2026-08-22T01:08:27Z,0,0,Unknown,False,False,
2026-08-22T01:08:42Z,IL,IL00057IS026800022,2026-08-22T01:08:27Z,Unknown,27,Unknown,True,False,
2026-08-22T01:08:42Z,IL,IL00064IW008500012,2026-08-22T01:08:27Z,Unknown,0,Unknown,True,False,
2026-08-22T01:08:42Z,IL,IL00074IE002800030,2026-08-22T01:08:27Z,Unknown,14,Unknown,True,False,
2026-08-22T01:08:42Z,IL,IL00024IW003700010,2026-08-22T01:08:27Z,Unknown,0,Unknown,True,False,
2026-08-22T01:08:42Z,IL,IL00080IE005100040,2026-08-22T01:08:27Z,Unknown,39,Unknown,True,False,
2026-08-22T01:08:42Z,IL,IL00055IN014900028,2026-08-22T01:08:27Z,Unknown,0,Unknown,True,False,
2026-08-22T01:08:42Z,IL,IL00055IN002700029,2026-08-22T01:08:27Z,Unknown,0,Unknown,True,False,
2026-08-22T01:08:42Z,IL,IL00057IN033300049,2026-08-22T01:08:27Z,Unknown,0,Unknown,True,False,
2026-08-22T01:08:42Z,IL,IL00080IW011700016,2026-08-22T01:08:27Z,Unknown,39,Unknown,True,False,
2026-08-22T01:08:42Z,IL,IL00057IS011400023,2026-08-22T01:08:28Z,Unknown,0,Unknown,True,False,
2026-08-22T01:08:42Z,IL,IL00039IS008500026,2026-08-22T01:08:28Z,Unknown,42,Unknown,True,False,
2026-08-22T01:08:42Z,IL,IL00057IN011400033,2026-08-22T01:08:28Z,Unknown,0,Unknown,True,False,
2026-08-22T01:08:42Z,IL,IL00064IE008500039,2026-08-22T01:08:25Z,Unknown,0,Unknown,True,False,
2026-08-22T01:08:42Z,IL,IL00064IW002500011,2026-08-22T01:08:26Z,Unknown,0,Unknown,True,False,
2026-08-22T01:08:42Z,IL,IL00055IN019400031,2026-08-22T01:08:26Z,Unknown,36,Unknown,True,False,
2026-08-22T01:08:42Z,IL,IL00057IN026800032,2026-08-22T01:08:26Z,Unknown,25,Unknown,True,False,
2026-08-22T01:08:42Z,IL,IL00057IS033300046,2026-08-22T01:08:26Z,Unknown,0,Unknown,True,False,
2026-08-22T01:08:42Z,IL,IL00080IE011700043,2026-08-22T01:08:26Z,Unknown,31,Unknown,True,False,
2026-08-22T01:08:42Z,IL,IL00074IW020800052,2026-08-22T01:08:26Z,Unknown,0,Unknown,True,False,
2026-08-22T01:08:42Z,IL,IL00057IS022200054,2026-08-22T01:08:27Z,Unknown,0,Unknown,True,False,
2026-08-22T01:08:42Z,IL,IL00064IW013000053,2026-08-22T01:08:27Z,0,0,Unknown,False,False,
2026-08-22T01:08:42Z,IL,IL00055IS002700019,2026-08-22T01:08:27Z,Unknown,0,Unknown,True,False,
2026-08-22T01:08:42Z,IL,IL00057IN007900034,2026-08-22T01:08:27Z,Unknown,0,Unknown,True,False,
2026-08-22T01:08:42Z,IL,IL00074IW002800020,2026-08-22T01:08:27Z,Unknown,15,Unknown,True,False,
2026-08-22T01:08:42Z,IL,IL00057IN022200048,2026-08-22T01:08:27Z,Unknown,0,Unknown,True,False,
2026-08-22T01:08:42Z,IL,IL00055IS019400021,2026-08-22T01:08:27Z,Unknown,29,Unknown,True,False,
2026-08-22T01:08:42Z,IL,IL00080IW005100013,2026-08-22T01:08:28Z,Unknown,47,Unknown,True,False,
2026-08-22T01:08:42Z,IL,IL00055IN006400027,2026-08-22T01:08:28Z,Unknown,0,Unknown,True,False,
2026-08-22T01:08:42Z,IL,IL00070IE008600051,2026-08-22T01:08:28Z,0,0,Unknown,False,False,
2026-08-22T01:08:42Z,IL,IL00072IW015200014,2026-08-22T01:08:28Z,Unknown,17,Unknown,True,False,
2026-08-22T01:08:42Z,IL,IL00070IW002700015,2026-08-22T01:08:28Z,Unknown,0,Unknown,True,False,
2026-08-22T01:08:42Z,IL,IL00072IE015200041,2026-08-22T01:07:23Z,13,16,CLEARING,True,True,
2026-08-22T01:08:42Z,IL,IL00055IS006400017,2026-08-22T01:08:28Z,Unknown,0,Unknown,True,False,
2026-08-22T01:08:42Z,IL,IL00074IE011400005,2026-08-22T01:08:41Z,Unknown,25,Unknown,True,False,
2026-08-22T01:08:42Z,IL,IL00074IW006200004,2026-08-22T01:07:52Z,10,12,CLEARING,True,True,
2026-08-22T01:08:42Z,IL,IL00070IW008700045,2026-08-22T01:07:22Z,10,15,STEADY,True,True,
2026-08-22T01:08:42Z,IL,IL00057IS016500018,2026-08-22T01:07:22Z,6,15,FILLING,True,True,
2026-08-22T01:08:42Z,IL,IL00074IW011400006,2026-08-22T01:08:11Z,9,18,FILLING,True,True,
2026-08-22T01:08:42Z,IL,IL00074IE006200001,2026-08-22T01:08:12Z,11,13,CLEARING,True,True,
2026-08-22T01:08:42Z,IL,IL00070IW014900008,2026-08-22T01:07:03Z,Unknown,39,Unknown,True,False,
2026-08-22T01:08:42Z,IL,IL00057IN016500044,2026-08-22T01:08:15Z,0,15,CLEARING,False,False,
2026-08-22T01:08:42Z,IL,IL00055IS010400024,2026-08-22T01:07:22Z,Unknown,0,STEADY,,False,
2026-08-22T01:08:42Z,IL,IL00057IS003200025,2026-08-22T01:07:22Z,Unknown,0,STEADY,,False,
2026-08-22T01:08:42Z,IL,IL00057IN003200035,2026-08-22T01:07:23Z,Unknown,17,STEADY,,False,
2026-08-22T01:08:42Z,IN,322,2026-08-21T20:55:00-04:00,72,75,,True,false,
2026-08-22T01:08:42Z,IN,317,2026-08-21T20:55:00-04:00,19,58,,True,true,
2026-08-22T01:08:42Z,IN,316,2026-08-21T20:55:00-04:00,39,58,,True,false,
2026-08-22T01:08:42Z,IN,315,2026-08-21T20:55:00-04:00,Unknown,36,,False,true,
2026-08-22T01:08:42Z,IN,314,2026-08-21T20:55:00-04:00,Unknown,36,,False,true,
2026-08-22T01:08:42Z,IN,313,2026-08-21T20:55:00-04:00,LOW,75,,True,true,
2026-08-22T01:08:42Z,IN,312,2026-08-21T20:55:00-04:00,LOW,75,,True,true,
2026-08-22T01:08:42Z,IN,311,2026-08-21T20:55:00-04:00,Unknown,13,,False,true,
2026-08-22T01:08:42Z,IN,310,2026-08-21T20:55:00-04:00,Unknown,13,,False,true,
2026-08-22T01:08:42Z,IN,308,2026-08-21T20:55:00-04:00,27,75,,True,true,
2026-08-22T01:08:42Z,IN,309,2026-08-21T20:55:00-04:00,90,150,,True,true,
2026-08-22T01:08:42Z,IN,318,2026-08-21T20:55:00-04:00,LOW,78,,True,true,
2026-08-22T01:08:42Z,IN,319,2026-08-21T20:55:00-04:00,18,78,,True,true,
2026-08-22T01:08:42Z,IN,320,2026-08-21T20:55:00-04:00,38,83,,True,true,
2026-08-22T01:08:42Z,IN,321,2026-08-21T20:55:00-04:00,21,41,,True,false,
2026-08-22T01:08:42Z,IN,300,2026-08-21T20:55:00-04:00,73,128,,True,false,
2026-08-22T01:08:42Z,IN,302,2026-08-21T20:55:00-04:00,7,30,,True,true,
2026-08-22T01:08:42Z,IN,301,2026-08-21T20:55:00-04:00,LOW,30,,True,true,
2026-08-22T01:08:42Z,IN,303,2026-08-21T20:55:00-04:00,93,194,,True,true,
2026-08-22T01:08:42Z,IN,304,2026-08-21T20:55:00-04:00,LOW,99,,True,true,
2026-08-22T01:08:42Z,IN,305,2026-08-21T20:55:00-04:00,Unknown,156,,False,true,
2026-08-22T01:08:42Z,IN,323,2026-08-21T20:55:00-04:00,20,40,,True,true,
2026-08-22T01:08:42Z,IN,702,2026-08-21T20:55:00-04:00,38,75,,True,false,
2026-08-22T01:08:42Z,IN,701,2026-08-21T20:55:00-04:00,30,60,,True,false,
2026-08-22T01:08:42Z,IN,704,2026-08-21T20:55:00-04:00,40,80,,True,false,
2026-08-22T01:08:42Z,IN,703,2026-08-21T20:55:00-04:00,55,110,,True,false,
2026-08-22T01:08:42Z,IN,706,2026-08-21T20:55:00-04:00,35,70,,True,false,
2026-08-22T01:08:42Z,IN,705,2026-08-21T20:55:00-04:00,30,60,,True,false,
2026-08-22T01:08:42Z,IN,708,2026-08-21T20:55:00-04:00,23,45,,True,false,
2026-08-22T01:08:42Z,IN,707,2026-08-21T20:55:00-04:00,20,40,,True,false,
2026-08-22T01:08:42Z,IN,324,2026-08-21T20:55:00-04:00,16,31,,True,true,
2026-08-22T01:08:42Z,KY,KY00065IS0000020N65WELCOM,2026-08-22T01:07:01Z,LOW,21,STEADY,True,True,
2026-08-22T01:08:42Z,KY,KY00065IS000020NSMARATHON,2025-12-19T00:36:53Z,39,60,STEADY,True,False,
2026-08-22T01:08:42Z,KY,KY00065IS0000340NWEIGHS34,2026-07-01T19:04:41Z,34,40,STEADY,True,False,
2026-08-22T01:08:42Z,KY,KY00065IS0011400S65SRA114,2026-08-22T01:07:09Z,LOW,26,STEADY,True,True,
2026-08-22T01:08:42Z,KY,KY00065IS0005900S65SRA059,2026-08-22T01:07:07Z,78,109,FILLING,True,True,
2026-08-22T01:08:42Z,KY,KY00065IS0005900N65NRA059,2026-08-17T17:24:33Z,83,113,STEADY,True,False,
2026-08-22T01:08:42Z,KY,KY00075IS0003300NWEIGHS33,2026-08-22T01:06:46Z,45,50,FILLING,True,True,
2026-08-22T01:08:42Z,KY,KY00075IS0003400SWEIGHS34,2026-08-22T01:06:50Z,LOW,40,STEADY,True,True,
2026-08-22T01:08:42Z,KY,KY00075IS0017700N75NRA177,2026-07-13T10:37:14Z,LOW,53,CLEARING,True,False,
2026-08-22T01:08:42Z,KY,KY00075IS0007500SWALTONWS,2026-08-22T01:06:56Z,42,45,STEADY,True,True,
2026-08-22T01:08:42Z,KY,KY00075IS0017700S75SRA177,2026-08-22T01:06:48Z,LOW,67,FILLING,True,True,
2026-08-22T01:08:42Z,KY,KY00075IS0016800SCRITENWS,2026-08-22T01:06:52Z,37,39,STEADY,True,True,
2026-08-22T01:08:42Z,KY,KY00075IS0000100N75WELCOM,2026-08-22T01:07:11Z,LOW,30,STEADY,True,True,
2026-08-22T01:23:43Z,IL,IL00072IW015200014,2026-08-22T01:23:37Z,Unknown,17,Unknown,True,False,
2026-08-22T01:23:43Z,IL,IL00074IW020800052,2026-08-22T01:23:38Z,Unknown,0,Unknown,True,False,
2026-08-22T01:23:43Z,IL,IL00057IS011400023,2026-08-22T01:23:38Z,Unknown,0,Unknown,True,False,
2026-08-22T01:23:43Z,IL,IL00055IN014900028,2026-08-22T01:23:38Z,Unknown,0,Unknown,True,False,
2026-08-22T01:23:43Z,IL,IL00080IE011700043,2026-08-22T01:23:38Z,Unknown,31,Unknown,True,False,
2026-08-22T01:23:43Z,IL,IL00064IE008500039,2026-08-22T01:23:38Z,Unknown,0,Unknown,True,False,
2026-08-22T01:23:43Z,IL,IL00070IE008600051,2026-08-22T01:23:38Z,0,0,Unknown,False,False,
2026-08-22T01:23:43Z,IL,IL00024IW003700010,2026-08-22T01:23:38Z,Unknown,0,Unknown,True,False,
2026-08-22T01:23:43Z,IL,IL00064IW002500011,2026-08-22T01:23:38Z,Unknown,0,Unknown,True,False,
2026-08-22T01:23:43Z,IL,IL00074IW015600009,2026-08-22T01:23:39Z,0,0,Unknown,False,False,
2026-08-22T01:23:43Z,IL,IL00064IW008500012,2026-08-22T01:23:39Z,Unknown,0,Unknown,True,False,
2026-08-22T01:23:43Z,IL,IL00070IW002700015,2026-08-22T01:23:39Z,Unknown,0,Unknown,True,False,
2026-08-22T01:23:43Z,IL,IL00057IS022200054,2026-08-22T01:23:39Z,Unknown,0,Unknown,True,False,
2026-08-22T01:23:43Z,IL,IL00057IS033300046,2026-08-22T01:23:39Z,Unknown,0,Unknown,True,False,
2026-08-22T01:23:43Z,IL,IL00074IW002800020,2026-08-22T01:23:38Z,Unknown,15,Unknown,True,False,
2026-08-22T01:23:43Z,IL,IL00057IS026800022,2026-08-22T01:23:38Z,Unknown,27,Unknown,True,False,
2026-08-22T01:23:43Z,IL,IL00055IN006400027,2026-08-22T01:23:38Z,Unknown,0,Unknown,True,False,
2026-08-22T01:23:43Z,IL,IL00057IN022200048,2026-08-22T01:23:38Z,Unknown,0,Unknown,True,False,
2026-08-22T01:23:43Z,IL,IL00055IN019400031,2026-08-22T01:23:38Z,Unknown,36,Unknown,True,False,
2026-08-22T01:23:43Z,IL,IL00057IN007900034,2026-08-22T01:23:38Z,Unknown,0,Unknown,True,False,
2026-08-22T01:23:43Z,IL,IL00039IN008500036,2026-08-22T01:23:38Z,Unknown,42,Unknown,True,False,
2026-08-22T01:23:43Z,IL,IL00074IE015600037,2026-08-22T01:23:39Z,0,0,Unknown,False,False,
2026-08-22T01:23:43Z,IL,IL00039IS008500026,2026-08-22T01:23:39Z,Unknown,42,Unknown,True,False,
2026-08-22T01:23:43Z,IL,IL00055IN002700029,2026-08-22T01:23:39Z,Unknown,0,Unknown,True,False,
2026-08-22T01:23:43Z,IL,IL00074IE002800030,2026-08-22T01:23:39Z,Unknown,14,Unknown,True,False,
2026-08-22T01:23:43Z,IL,IL00057IN026800032,2026-08-22T01:23:39Z,Unknown,25,Unknown,True,False,
2026-08-22T01:23:43Z,IL,IL00057IN033300049,2026-08-22T01:23:39Z,Unknown,0,Unknown,True,False,
2026-08-22T01:23:43Z,IL,IL00080IE005100040,2026-08-22T01:23:39Z,Unknown,39,Unknown,True,False,
2026-08-22T01:23:43Z,IL,IL00070IE002700042,2026-08-22T01:23:39Z,Unknown,0,Unknown,True,False,
2026-08-22T01:23:43Z,IL,IL00080IW005100013,2026-08-22T01:23:39Z,Unknown,47,Unknown,True,False,
2026-08-22T01:23:43Z,IL,IL00064IW013000053,2026-08-22T01:23:39Z,0,0,Unknown,False,False,
2026-08-22T01:23:43Z,IL,IL00080IW011700016,2026-08-22T01:23:39Z,Unknown,39,Unknown,True,False,
2026-08-22T01:23:43Z,IL,IL00055IS002700019,2026-08-22T01:23:39Z,Unknown,0,Unknown,True,False,
2026-08-22T01:23:43Z,IL,IL00055IS019400021,2026-08-22T01:23:39Z,Unknown,29,Unknown,True,False,
2026-08-22T01:23:43Z,IL,IL00072IE015200041,2026-08-22T01:23:29Z,12,16,STEADY,True,True,
2026-08-22T01:23:43Z,IL,IL00057IS007900047,2026-08-22T01:23:40Z,Unknown,0,Unknown,True,False,
2026-08-22T01:23:43Z,IL,IL00057IN011400033,2026-08-22T01:23:39Z,Unknown,0,Unknown,True,False,
2026-08-22T01:23:43Z,IL,IL00055IN010400050,2026-08-22T01:23:39Z,0,0,Unknown,False,False,
2026-08-22T01:23:43Z,IL,IL00064IE002500038,2026-08-22T01:23:39Z,Unknown,0,Unknown,True,False,
2026-08-22T01:23:43Z,IL,IL00055IS006400017,2026-08-22T01:23:40Z,Unknown,0,Unknown,True,False,
2026-08-22T01:23:43Z,IL,IL00074IE011400005,2026-08-22T01:23:29Z,Unknown,25,Unknown,True,False,
2026-08-22T01:23:43Z,IL,IL00074IW006200004,2026-08-22T01:23:27Z,8,12,FILLING,True,True,
2026-08-22T01:23:43Z,IL,IL00070IW008700045,2026-08-22T01:23:27Z,10,15,STEADY,True,True,
2026-08-22T01:23:43Z,IL,IL00057IS016500018,2026-08-22T01:23:28Z,5,15,STEADY,True,True,
2026-08-22T01:23:43Z,IL,IL00074IW011400006,2026-08-22T01:23:27Z,9,18,STEADY,True,True,
2026-08-22T01:23:43Z,IL,IL00074IE006200001,2026-08-22T01:23:29Z,9,13,FILLING,True,True,
2026-08-22T01:23:43Z,IL,IL00070IW014900008,2026-08-22T01:23:15Z,Unknown,39,Unknown,True,False,
2026-08-22T01:23:43Z,IL,IL00057IN016500044,2026-08-22T01:23:28Z,0,15,STEADY,False,False,
2026-08-22T01:23:43Z,IL,IL00055IS010400024,2026-08-22T01:23:28Z,Unknown,0,STEADY,,False,
2026-08-22T01:23:43Z,IL,IL00057IS003200025,2026-08-22T01:23:28Z,Unknown,0,STEADY,,False,
2026-08-22T01:23:43Z,IL,IL00057IN003200035,2026-08-22T01:23:28Z,Unknown,17,STEADY,,False,
2026-08-22T01:23:43Z,IN,322,2026-08-21T21:10:00-04:00,71,75,,True,false,
2026-08-22T01:23:43Z,IN,317,2026-08-21T21:10:00-04:00,22,58,,True,true,
2026-08-22T01:23:43Z,IN,316,2026-08-21T21:10:00-04:00,34,58,,True,false,
2026-08-22T01:23:43Z,IN,315,2026-08-21T21:10:00-04:00,Unknown,36,,False,true,
2026-08-22T01:23:43Z,IN,314,2026-08-21T21:10:00-04:00,Unknown,36,,False,true,
2026-08-22T01:23:43Z,IN,313,2026-08-21T21:10:00-04:00,LOW,75,,True,true,
2026-08-22T01:23:43Z,IN,312,2026-08-21T21:10:00-04:00,6,75,,True,true,
2026-08-22T01:23:43Z,IN,311,2026-08-21T21:10:00-04:00,Unknown,13,,False,true,
2026-08-22T01:23:43Z,IN,310,2026-08-21T21:10:00-04:00,Unknown,13,,False,true,
2026-08-22T01:23:43Z,IN,308,2026-08-21T21:10:00-04:00,32,75,,True,true,
2026-08-22T01:23:43Z,IN,309,2026-08-21T21:10:00-04:00,67,150,,True,true,
2026-08-22T01:23:43Z,IN,318,2026-08-21T21:10:00-04:00,LOW,78,,True,true,
2026-08-22T01:23:43Z,IN,319,2026-08-21T21:10:00-04:00,20,78,,True,true,
2026-08-22T01:23:43Z,IN,320,2026-08-21T21:10:00-04:00,39,83,,True,true,
2026-08-22T01:23:43Z,IN,321,2026-08-21T21:10:00-04:00,21,41,,True,false,
2026-08-22T01:23:43Z,IN,300,2026-08-21T21:10:00-04:00,65,128,,True,false,
2026-08-22T01:23:43Z,IN,302,2026-08-21T21:10:00-04:00,15,30,,True,true,
2026-08-22T01:23:43Z,IN,301,2026-08-21T21:10:00-04:00,LOW,30,,True,true,
2026-08-22T01:23:43Z,IN,303,2026-08-21T21:10:00-04:00,92,194,,True,true,
2026-08-22T01:23:43Z,IN,304,2026-08-21T21:10:00-04:00,LOW,99,,True,true,
2026-08-22T01:23:43Z,IN,305,2026-08-21T21:10:00-04:00,Unknown,156,,False,true,
2026-08-22T01:23:43Z,IN,323,2026-08-21T21:10:00-04:00,20,40,,True,true,
2026-08-22T01:23:43Z,IN,702,2026-08-21T21:10:00-04:00,38,75,,True,false,
2026-08-22T01:23:43Z,IN,701,2026-08-21T21:10:00-04:00,30,60,,True,false,
2026-08-22T01:23:43Z,IN,704,2026-08-21T21:10:00-04:00,40,80,,True,false,
2026-08-22T01:23:43Z,IN,703,2026-08-21T21:10:00-04:00,55,110,,True,false,
2026-08-22T01:23:43Z,IN,706,2026-08-21T21:10:00-04:00,35,70,,True,false,
2026-08-22T01:23:43Z,IN,705,2026-08-21T21:10:00-04:00,30,60,,True,false,
2026-08-22T01:23:43Z,IN,708,2026-08-21T21:10:00-04:00,23,45,,True,false,
2026-08-22T01:23:43Z,IN,707,2026-08-21T21:10:00-04:00,20,40,,True,false,
2026-08-22T01:23:43Z,IN,324,2026-08-21T21:10:00-04:00,16,31,,True,true,
2026-08-22T01:23:43Z,KY,KY00065IS0000020N65WELCOM,2026-08-22T01:22:02Z,LOW,21,STEADY,True,True,
2026-08-22T01:23:43Z,KY,KY00065IS000020NSMARATHON,2025-12-19T00:36:53Z,39,60,STEADY,True,False,
2026-08-22T01:23:43Z,KY,KY00065IS0000340NWEIGHS34,2026-07-01T19:04:41Z,34,40,STEADY,True,False,
2026-08-22T01:23:43Z,KY,KY00065IS0011400S65SRA114,2026-08-22T01:22:09Z,LOW,26,STEADY,True,True,
2026-08-22T01:23:43Z,KY,KY00065IS0005900S65SRA059,2026-08-22T01:22:07Z,76,109,FILLING,True,True,
2026-08-22T01:23:43Z,KY,KY00065IS0005900N65NRA059,2026-08-17T17:24:33Z,83,113,STEADY,True,False,
2026-08-22T01:23:43Z,KY,KY00075IS0003300NWEIGHS33,2026-08-22T01:21:46Z,42,50,FILLING,True,True,
2026-08-22T01:23:43Z,KY,KY00075IS0003400SWEIGHS34,2026-08-22T01:21:50Z,LOW,40,STEADY,True,True,
2026-08-22T01:23:43Z,KY,KY00075IS0017700N75NRA177,2026-07-13T10:37:14Z,LOW,53,CLEARING,True,False,
2026-08-22T01:23:43Z,KY,KY00075IS0007500SWALTONWS,2026-08-22T01:21:55Z,42,45,STEADY,True,True,
2026-08-22T01:23:43Z,KY,KY00075IS0017700S75SRA177,2026-08-22T01:21:48Z,LOW,67,STEADY,True,True,
2026-08-22T01:23:43Z,KY,KY00075IS0016800SCRITENWS,2026-08-22T01:21:52Z,35,39,FILLING,True,True,
2026-08-22T01:23:43Z,KY,KY00075IS0000100N75WELCOM,2026-08-22T01:22:12Z,LOW,30,STEADY,True,True,
2026-08-22T01:38:42Z,IL,IL00055IN010400050,2026-08-22T01:38:19Z,0,0,Unknown,False,False,
2026-08-22T01:38:42Z,IL,IL00072IW015200014,2026-08-22T01:38:20Z,Unknown,17,Unknown,True,False,
2026-08-22T01:38:42Z,IL,IL00055IN019400031,2026-08-22T01:38:20Z,Unknown,36,Unknown,True,False,
2026-08-22T01:38:42Z,IL,IL00070IW002700015,2026-08-22T01:38:20Z,Unknown,0,Unknown,True,False,
2026-08-22T01:38:42Z,IL,IL00074IW015600009,2026-08-22T01:38:20Z,0,0,Unknown,False,False,
2026-08-22T01:38:42Z,IL,IL00057IN007900034,2026-08-22T01:38:20Z,Unknown,0,Unknown,True,False,
2026-08-22T01:38:42Z,IL,IL00055IN002700029,2026-08-22T01:38:20Z,Unknown,0,Unknown,True,False,
2026-08-22T01:38:42Z,IL,IL00074IE015600037,2026-08-22T01:38:20Z,0,0,Unknown,False,False,
2026-08-22T01:38:42Z,IL,IL00057IN033300049,2026-08-22T01:38:20Z,Unknown,0,Unknown,True,False,
2026-08-22T01:38:42Z,IL,IL00039IS008500026,2026-08-22T01:38:20Z,Unknown,42,Unknown,True,False,
2026-08-22T01:38:42Z,IL,IL00057IS022200054,2026-08-22T01:38:20Z,Unknown,0,Unknown,True,False,
2026-08-22T01:38:42Z,IL,IL00080IE005100040,2026-08-22T01:38:20Z,Unknown,39,Unknown,True,False,
2026-08-22T01:38:42Z,IL,IL00074IW002800020,2026-08-22T01:38:20Z,Unknown,15,Unknown,True,False,
2026-08-22T01:38:42Z,IL,IL00070IE002700042,2026-08-22T01:38:20Z,Unknown,0,Unknown,True,False,
2026-08-22T01:38:42Z,IL,IL00064IW008500012,2026-08-22T01:38:20Z,Unknown,0,Unknown,True,False,
2026-08-22T01:38:42Z,IL,IL00057IS033300046,2026-08-22T01:38:20Z,Unknown,0,Unknown,True,False,
2026-08-22T01:38:42Z,IL,IL00074IE002800030,2026-08-22T01:38:21Z,Unknown,14,Unknown,True,False,
2026-08-22T01:38:42Z,IL,IL00080IW011700016,2026-08-22T01:38:21Z,Unknown,39,Unknown,True,False,
2026-08-22T01:38:42Z,IL,IL00064IW002500011,2026-08-22T01:38:21Z,Unknown,0,Unknown,True,False,
2026-08-22T01:38:42Z,IL,IL00057IN022200048,2026-08-22T01:38:21Z,Unknown,0,Unknown,True,False,
2026-08-22T01:38:42Z,IL,IL00039IN008500036,2026-08-22T01:38:20Z,Unknown,42,Unknown,True,False,
2026-08-22T01:38:42Z,IL,IL00064IE008500039,2026-08-22T01:38:20Z,Unknown,0,Unknown,True,False,
2026-08-22T01:38:42Z,IL,IL00057IS026800022,2026-08-22T01:38:20Z,Unknown,27,Unknown,True,False,
2026-08-22T01:38:42Z,IL,IL00024IW003700010,2026-08-22T01:38:20Z,Unknown,0,Unknown,True,False,
2026-08-22T01:38:42Z,IL,IL00055IN006400027,2026-08-22T01:38:20Z,Unknown,0,Unknown,True,False,
2026-08-22T01:38:42Z,IL,IL00055IN014900028,2026-08-22T01:38:20Z,Unknown,0,Unknown,True,False,
2026-08-22T01:38:42Z,IL,IL00057IN026800032,2026-08-22T01:38:20Z,Unknown,25,Unknown,True,False,
2026-08-22T01:38:42Z,IL,IL00080IE011700043,2026-08-22T01:38:20Z,Unknown,31,Unknown,True,False,
2026-08-22T01:38:42Z,IL,IL00055IS002700019,2026-08-22T01:38:20Z,Unknown,0,Unknown,True,False,
2026-08-22T01:38:42Z,IL,IL00057IN011400033,2026-08-22T01:38:20Z,Unknown,0,Unknown,True,False,
2026-08-22T01:38:42Z,IL,IL00080IW005100013,2026-08-22T01:38:20Z,Unknown,47,Unknown,True,False,
2026-08-22T01:38:42Z,IL,IL00074IW020800052,2026-08-22T01:38:20Z,Unknown,0,Unknown,True,False,
2026-08-22T01:38:42Z,IL,IL00057IS011400023,2026-08-22T01:38:20Z,Unknown,0,Unknown,True,False,
2026-08-22T01:38:42Z,IL,IL00055IS019400021,2026-08-22T01:38:21Z,Unknown,29,Unknown,True,False,
2026-08-22T01:38:42Z,IL,IL00070IE008600051,2026-08-22T01:38:21Z,0,0,Unknown,False,False,
2026-08-22T01:38:42Z,IL,IL00064IE002500038,2026-08-22T01:38:21Z,Unknown,0,Unknown,True,False,
2026-08-22T01:38:42Z,IL,IL00064IW013000053,2026-08-22T01:38:21Z,0,0,Unknown,False,False,
2026-08-22T01:38:42Z,IL,IL00072IE015200041,2026-08-22T01:36:51Z,12,16,FILLING,True,True,
2026-08-22T01:38:42Z,IL,IL00057IS007900047,2026-08-22T01:38:21Z,Unknown,0,Unknown,True,False,
2026-08-22T01:38:42Z,IL,IL00055IS006400017,2026-08-22T01:38:21Z,Unknown,0,Unknown,True,False,
2026-08-22T01:38:42Z,IL,IL00074IE011400005,2026-08-22T01:38:33Z,Unknown,25,Unknown,True,False,
2026-08-22T01:38:42Z,IL,IL00074IW006200004,2026-08-22T01:38:22Z,9,12,CLEARING,True,True,
2026-08-22T01:38:42Z,IL,IL00070IW008700045,2026-08-22T01:34:39Z,6,15,FILLING,True,True,
2026-08-22T01:38:42Z,IL,IL00057IS016500018,2026-08-22T01:35:47Z,8,15,CLEARING,True,True,
2026-08-22T01:38:42Z,IL,IL00074IW011400006,2026-08-22T01:38:24Z,9,18,STEADY,True,True,
2026-08-22T01:38:42Z,IL,IL00074IE006200001,2026-08-22T01:38:24Z,9,13,STEADY,True,True,
2026-08-22T01:38:42Z,IL,IL00070IW014900008,2026-08-22T01:38:09Z,Unknown,39,Unknown,True,False,
2026-08-22T01:38:42Z,IL,IL00057IN016500044,2026-08-22T01:34:25Z,0,15,FILLING,False,False,
2026-08-22T01:38:42Z,IL,IL00055IS010400024,2026-08-22T01:34:25Z,Unknown,0,STEADY,,False,
2026-08-22T01:38:42Z,IL,IL00057IS003200025,2026-08-22T01:34:25Z,Unknown,0,STEADY,,False,
2026-08-22T01:38:42Z,IL,IL00057IN003200035,2026-08-22T01:34:25Z,Unknown,17,STEADY,,False,
2026-08-22T01:38:42Z,IN,322,2026-08-21T21:25:00-04:00,72,75,,True,false,
2026-08-22T01:38:42Z,IN,317,2026-08-21T21:25:00-04:00,18,58,,True,true,
2026-08-22T01:38:42Z,IN,316,2026-08-21T21:25:00-04:00,31,58,,True,false,
2026-08-22T01:38:42Z,IN,315,2026-08-21T21:25:00-04:00,Unknown,36,,False,true,
2026-08-22T01:38:42Z,IN,314,2026-08-21T21:25:00-04:00,Unknown,36,,False,true,
2026-08-22T01:38:42Z,IN,313,2026-08-21T21:25:00-04:00,9,75,,True,true,
2026-08-22T01:38:42Z,IN,312,2026-08-21T21:25:00-04:00,LOW,75,,True,true,
2026-08-22T01:38:42Z,IN,311,2026-08-21T21:25:00-04:00,Unknown,13,,False,true,
2026-08-22T01:38:42Z,IN,310,2026-08-21T21:25:00-04:00,Unknown,13,,False,true,
2026-08-22T01:38:42Z,IN,308,2026-08-21T21:25:00-04:00,31,75,,True,true,
2026-08-22T01:38:42Z,IN,309,2026-08-21T21:25:00-04:00,64,150,,True,true,
2026-08-22T01:38:42Z,IN,318,2026-08-21T21:25:00-04:00,LOW,78,,True,true,
2026-08-22T01:38:42Z,IN,319,2026-08-21T21:25:00-04:00,24,78,,True,true,
2026-08-22T01:38:42Z,IN,320,2026-08-21T21:25:00-04:00,38,83,,True,true,
2026-08-22T01:38:42Z,IN,321,2026-08-21T21:25:00-04:00,21,41,,True,false,
2026-08-22T01:38:42Z,IN,300,2026-08-21T21:25:00-04:00,58,128,,True,false,
2026-08-22T01:38:42Z,IN,302,2026-08-21T21:25:00-04:00,19,30,,True,true,
2026-08-22T01:38:42Z,IN,301,2026-08-21T21:25:00-04:00,LOW,30,,True,true,
2026-08-22T01:38:42Z,IN,303,2026-08-21T21:25:00-04:00,91,194,,True,true,
2026-08-22T01:38:42Z,IN,304,2026-08-21T21:25:00-04:00,LOW,99,,True,true,
2026-08-22T01:38:42Z,IN,305,2026-08-21T21:25:00-04:00,Unknown,156,,False,true,
2026-08-22T01:38:42Z,IN,323,2026-08-21T21:25:00-04:00,20,40,,True,true,
2026-08-22T01:38:42Z,IN,702,2026-08-21T21:25:00-04:00,38,75,,True,false,
2026-08-22T01:38:42Z,IN,701,2026-08-21T21:25:00-04:00,30,60,,True,false,
2026-08-22T01:38:42Z,IN,704,2026-08-21T21:25:00-04:00,40,80,,True,false,
2026-08-22T01:38:42Z,IN,703,2026-08-21T21:25:00-04:00,55,110,,True,false,
2026-08-22T01:38:42Z,IN,706,2026-08-21T21:25:00-04:00,35,70,,True,false,
2026-08-22T01:38:42Z,IN,705,2026-08-21T21:25:00-04:00,30,60,,True,false,
2026-08-22T01:38:42Z,IN,708,2026-08-21T21:25:00-04:00,23,45,,True,false,
2026-08-22T01:38:42Z,IN,707,2026-08-21T21:25:00-04:00,20,40,,True,false,
2026-08-22T01:38:42Z,IN,324,2026-08-21T21:25:00-04:00,16,31,,True,true,
2026-08-22T01:38:42Z,KY,KY00065IS0000020N65WELCOM,2026-08-22T01:37:01Z,LOW,21,STEADY,True,True,
2026-08-22T01:38:42Z,KY,KY00065IS000020NSMARATHON,2025-12-19T00:36:53Z,18,60,STEADY,True,False,
2026-08-22T01:38:42Z,KY,KY00065IS0000340NWEIGHS34,2026-07-01T19:04:41Z,39,40,STEADY,True,False,
2026-08-22T01:38:42Z,KY,KY00065IS0011400S65SRA114,2026-08-22T01:37:09Z,LOW,26,STEADY,True,True,
2026-08-22T01:38:42Z,KY,KY00065IS0005900S65SRA059,2026-08-22T01:37:08Z,32,109,FILLING,True,True,
2026-08-22T01:38:42Z,KY,KY00065IS0005900N65NRA059,2026-08-17T17:24:33Z,45,113,STEADY,True,False,
2026-08-22T01:38:42Z,KY,KY00075IS0003300NWEIGHS33,2026-08-22T01:36:46Z,29,50,FILLING,True,False,
2026-08-22T01:38:42Z,KY,KY00075IS0003400SWEIGHS34,2026-08-22T01:36:50Z,11,40,STEADY,True,True,
2026-08-22T01:38:42Z,KY,KY00075IS0017700N75NRA177,2026-07-13T10:37:14Z,LOW,53,CLEARING,True,False,
2026-08-22T01:38:42Z,KY,KY00075IS0007500SWALTONWS,2026-08-22T01:36:56Z,33,45,FILLING,True,True,
2026-08-22T01:38:42Z,KY,KY00075IS0017700S75SRA177,2026-08-22T01:36:48Z,LOW,67,STEADY,True,True,
2026-08-22T01:38:42Z,KY,KY00075IS0016800SCRITENWS,2026-08-22T01:36:51Z,29,39,FILLING,True,True,
2026-08-22T01:38:42Z,KY,KY00075IS0000100N75WELCOM,2026-08-22T01:37:12Z,LOW,30,STEADY,True,True,
2026-08-22T01:53:42Z,IL,IL00057IN026800032,2026-08-22T01:53:31Z,Unknown,25,Unknown,True,False,
2026-08-22T01:53:42Z,IL,IL00057IN011400033,2026-08-22T01:53:32Z,Unknown,0,Unknown,True,False,
2026-08-22T01:53:42Z,IL,IL00057IN033300049,2026-08-22T01:53:32Z,Unknown,0,Unknown,True,False,
2026-08-22T01:53:42Z,IL,IL00055IN010400050,2026-08-22T01:53:32Z,0,0,Unknown,False,False,
2026-08-22T01:53:42Z,IL,IL00057IN007900034,2026-08-22T01:53:32Z,Unknown,0,Unknown,True,False,
2026-08-22T01:53:42Z,IL,IL00080IE005100040,2026-08-22T01:53:32Z,Unknown,39,Unknown,True,False,
2026-08-22T01:53:42Z,IL,IL00070IE002700042,2026-08-22T01:53:32Z,Unknown,0,Unknown,True,False,
2026-08-22T01:53:42Z,IL,IL00055IS002700019,2026-08-22T01:53:32Z,Unknown,0,Unknown,True,False,
2026-08-22T01:53:42Z,IL,IL00074IW002800020,2026-08-22T01:53:32Z,Unknown,15,Unknown,True,False,
2026-08-22T01:53:42Z,IL,IL00057IS026800022,2026-08-22T01:53:32Z,Unknown,27,Unknown,True,False,
2026-08-22T01:53:42Z,IL,IL00057IS007900047,2026-08-22T01:53:32Z,Unknown,0,Unknown,True,False,
2026-08-22T01:53:42Z,IL,IL00055IN006400027,2026-08-22T01:53:32Z,Unknown,0,Unknown,True,False,
2026-08-22T01:53:42Z,IL,IL00057IN022200048,2026-08-22T01:53:32Z,Unknown,0,Unknown,True,False,
2026-08-22T01:53:42Z,IL,IL00070IE008600051,2026-08-22T01:53:32Z,0,0,Unknown,False,False,
2026-08-22T01:53:42Z,IL,IL00074IW015600009,2026-08-22T01:53:32Z,0,0,Unknown,False,False,
2026-08-22T01:53:42Z,IL,IL00024IW003700010,2026-08-22T01:53:32Z,Unknown,0,Unknown,True,False,
2026-08-22T01:53:42Z,IL,IL00074IW020800052,2026-08-22T01:53:32Z,Unknown,0,Unknown,True,False,
2026-08-22T01:53:42Z,IL,IL00080IW011700016,2026-08-22T01:53:32Z,Unknown,39,Unknown,True,False,
2026-08-22T01:53:42Z,IL,IL00055IS019400021,2026-08-22T01:53:32Z,Unknown,29,Unknown,True,False,
2026-08-22T01:53:42Z,IL,IL00080IW005100013,2026-08-22T01:53:33Z,Unknown,47,Unknown,True,False,
2026-08-22T01:53:42Z,IL,IL00039IN008500036,2026-08-22T01:53:33Z,Unknown,42,Unknown,True,False,
2026-08-22T01:53:42Z,IL,IL00064IE008500039,2026-08-22T01:53:33Z,Unknown,0,Unknown,True,False,
2026-08-22T01:53:42Z,IL,IL00080IE011700043,2026-08-22T01:53:33Z,Unknown,31,Unknown,True,False,
2026-08-22T01:53:42Z,IL,IL00070IW002700015,2026-08-22T01:53:33Z,Unknown,0,Unknown,True,False,
2026-08-22T01:53:42Z,IL,IL00064IW013000053,2026-08-22T01:53:33Z,0,0,Unknown,False,False,
2026-08-22T01:53:42Z,IL,IL00057IS011400023,2026-08-22T01:53:33Z,Unknown,0,Unknown,True,False,
2026-08-22T01:53:42Z,IL,IL00074IE002800030,2026-08-22T01:53:33Z,Unknown,14,Unknown,True,False,
2026-08-22T01:53:42Z,IL,IL00057IS033300046,2026-08-22T01:53:33Z,Unknown,0,Unknown,True,False,
2026-08-22T01:53:42Z,IL,IL00039IS008500026,2026-08-22T01:53:33Z,Unknown,42,Unknown,True,False,
2026-08-22T01:53:42Z,IL,IL00055IN019400031,2026-08-22T01:53:33Z,Unknown,36,Unknown,True,False,
2026-08-22T01:53:42Z,IL,IL00055IN014900028,2026-08-22T01:53:33Z,Unknown,0,Unknown,True,False,
2026-08-22T01:53:42Z,IL,IL00055IN002700029,2026-08-22T01:53:33Z,Unknown,0,Unknown,True,False,
2026-08-22T01:53:42Z,IL,IL00064IE002500038,2026-08-22T01:53:33Z,Unknown,0,Unknown,True,False,
2026-08-22T01:53:42Z,IL,IL00072IW015200014,2026-08-22T01:53:33Z,Unknown,17,Unknown,True,False,
2026-08-22T01:53:42Z,IL,IL00057IS022200054,2026-08-22T01:53:33Z,Unknown,0,Unknown,True,False,
2026-08-22T01:53:42Z,IL,IL00064IW008500012,2026-08-22T01:53:33Z,Unknown,0,Unknown,True,False,
2026-08-22T01:53:42Z,IL,IL00074IE015600037,2026-08-22T01:53:33Z,0,0,Unknown,False,False,
2026-08-22T01:53:42Z,IL,IL00064IW002500011,2026-08-22T01:53:33Z,Unknown,0,Unknown,True,False,
2026-08-22T01:53:42Z,IL,IL00072IE015200041,2026-08-22T01:52:00Z,11,16,FILLING,True,True,
2026-08-22T01:53:42Z,IL,IL00055IS006400017,2026-08-22T01:53:33Z,Unknown,0,Unknown,True,False,
2026-08-22T01:53:42Z,IL,IL00074IE011400005,2026-08-22T01:53:39Z,Unknown,25,Unknown,True,False,
2026-08-22T01:53:42Z,IL,IL00074IW006200004,2026-08-22T01:53:40Z,8,12,STEADY,True,True,
2026-08-22T01:53:42Z,IL,IL00070IW008700045,2026-08-22T01:51:24Z,6,15,STEADY,True,True,
2026-08-22T01:53:42Z,IL,IL00057IS016500018,2026-08-22T01:51:24Z,8,15,STEADY,True,True,
2026-08-22T01:53:42Z,IL,IL00074IW011400006,2026-08-22T01:53:42Z,8,18,STEADY,True,True,
2026-08-22T01:53:42Z,IL,IL00074IE006200001,2026-08-22T01:52:48Z,9,13,STEADY,True,True,
2026-08-22T01:53:42Z,IL,IL00070IW014900008,2026-08-22T01:53:06Z,Unknown,39,Unknown,True,False,
2026-08-22T01:53:42Z,IL,IL00057IN016500044,2026-08-22T01:51:24Z,0,15,FILLING,False,False,
2026-08-22T01:53:42Z,IL,IL00055IS010400024,2026-08-22T01:51:24Z,Unknown,0,STEADY,,False,
2026-08-22T01:53:42Z,IL,IL00057IS003200025,2026-08-22T01:51:24Z,Unknown,0,STEADY,,False,
2026-08-22T01:53:42Z,IL,IL00057IN003200035,2026-08-22T01:51:25Z,Unknown,17,STEADY,,False,
2026-08-22T01:53:42Z,IN,322,2026-08-21T21:40:00-04:00,72,75,,True,false,
2026-08-22T01:53:42Z,IN,317,2026-08-21T21:40:00-04:00,15,58,,True,true,
2026-08-22T01:53:42Z,IN,316,2026-08-21T21:40:00-04:00,27,58,,True,false,
2026-08-22T01:53:42Z,IN,315,2026-08-21T21:40:00-04:00,Unknown,36,,False,true,
2026-08-22T01:53:42Z,IN,314,2026-08-21T21:40:00-04:00,Unknown,36,,False,true,
2026-08-22T01:53:42Z,IN,313,2026-08-21T21:40:00-04:00,9,75,,True,true,
2026-08-22T01:53:42Z,IN,312,2026-08-21T21:40:00-04:00,LOW,75,,True,true,
2026-08-22T01:53:42Z,IN,311,2026-08-21T21:40:00-04:00,Unknown,13,,False,true,
2026-08-22T01:53:42Z,IN,310,2026-08-21T21:40:00-04:00,Unknown,13,,False,true,
2026-08-22T01:53:42Z,IN,308,2026-08-21T21:40:00-04:00,35,75,,True,true,
2026-08-22T01:53:42Z,IN,309,2026-08-21T21:40:00-04:00,67,150,,True,true,
2026-08-22T01:53:42Z,IN,318,2026-08-21T21:40:00-04:00,LOW,78,,True,true,
2026-08-22T01:53:42Z,IN,319,2026-08-21T21:40:00-04:00,28,78,,True,true,
2026-08-22T01:53:42Z,IN,320,2026-08-21T21:40:00-04:00,37,83,,True,true,
2026-08-22T01:53:42Z,IN,321,2026-08-21T21:40:00-04:00,21,41,,True,false,
2026-08-22T01:53:42Z,IN,300,2026-08-21T21:40:00-04:00,65,128,,True,false,
2026-08-22T01:53:42Z,IN,302,2026-08-21T21:40:00-04:00,27,30,,True,true,
2026-08-22T01:53:42Z,IN,301,2026-08-21T21:40:00-04:00,LOW,30,,True,true,
2026-08-22T01:53:42Z,IN,303,2026-08-21T21:40:00-04:00,95,194,,True,true,
2026-08-22T01:53:42Z,IN,304,2026-08-21T21:40:00-04:00,LOW,99,,True,true,
2026-08-22T01:53:42Z,IN,305,2026-08-21T21:40:00-04:00,Unknown,156,,False,true,
2026-08-22T01:53:42Z,IN,323,2026-08-21T21:40:00-04:00,20,40,,True,true,
2026-08-22T01:53:42Z,IN,702,2026-08-21T21:40:00-04:00,38,75,,True,false,
2026-08-22T01:53:42Z,IN,701,2026-08-21T21:40:00-04:00,30,60,,True,false,
2026-08-22T01:53:42Z,IN,704,2026-08-21T21:40:00-04:00,40,80,,True,false,
2026-08-22T01:53:42Z,IN,703,2026-08-21T21:40:00-04:00,55,110,,True,false,
2026-08-22T01:53:42Z,IN,706,2026-08-21T21:40:00-04:00,35,70,,True,false,
2026-08-22T01:53:42Z,IN,705,2026-08-21T21:40:00-04:00,30,60,,True,false,
2026-08-22T01:53:42Z,IN,708,2026-08-21T21:40:00-04:00,23,45,,True,false,
2026-08-22T01:53:42Z,IN,707,2026-08-21T21:40:00-04:00,20,40,,True,false,
2026-08-22T01:53:42Z,IN,324,2026-08-21T21:40:00-04:00,16,31,,True,true,
2026-08-22T01:53:42Z,KY,KY00065IS0000020N65WELCOM,2026-08-22T01:52:02Z,LOW,21,STEADY,True,True,
2026-08-22T01:53:42Z,KY,KY00065IS000020NSMARATHON,2025-12-19T00:36:53Z,18,60,STEADY,True,False,
2026-08-22T01:53:42Z,KY,KY00065IS0000340NWEIGHS34,2026-07-01T19:04:41Z,39,40,STEADY,True,False,
2026-08-22T01:53:42Z,KY,KY00065IS0011400S65SRA114,2026-08-22T01:52:09Z,7,26,STEADY,True,True,
2026-08-22T01:53:42Z,KY,KY00065IS0005900S65SRA059,2026-08-22T01:52:08Z,32,109,FILLING,True,True,
2026-08-22T01:53:42Z,KY,KY00065IS0005900N65NRA059,2026-08-17T17:24:33Z,45,113,STEADY,True,False,
2026-08-22T01:53:42Z,KY,KY00075IS0003300NWEIGHS33,2026-08-22T01:51:46Z,29,50,FILLING,True,False,
2026-08-22T01:53:42Z,KY,KY00075IS0003400SWEIGHS34,2026-08-22T01:51:50Z,9,40,STEADY,True,True,
2026-08-22T01:53:42Z,KY,KY00075IS0017700N75NRA177,2026-07-13T10:37:14Z,LOW,53,CLEARING,True,False,
2026-08-22T01:53:42Z,KY,KY00075IS0007500SWALTONWS,2026-08-22T01:51:56Z,31,45,FILLING,True,True,
2026-08-22T01:53:42Z,KY,KY00075IS0017700S75SRA177,2026-08-22T01:51:48Z,LOW,67,STEADY,True,True,
2026-08-22T01:53:42Z,KY,KY00075IS0016800SCRITENWS,2026-08-22T01:51:52Z,28,39,FILLING,True,True,
2026-08-22T01:53:42Z,KY,KY00075IS0000100N75WELCOM,2026-08-22T01:52:12Z,LOW,30,STEADY,True,True,
2026-08-22T02:08:42Z,IL,IL00057IS007900047,2026-08-22T02:08:28Z,Unknown,0,Unknown,True,False,
2026-08-22T02:08:42Z,IL,IL00055IN006400027,2026-08-22T02:08:28Z,Unknown,0,Unknown,True,False,
2026-08-22T02:08:42Z,IL,IL00057IN011400033,2026-08-22T02:08:28Z,Unknown,0,Unknown,True,False,
2026-08-22T02:08:42Z,IL,IL00074IW015600009,2026-08-22T02:08:28Z,0,0,Unknown,False,False,
2026-08-22T02:08:42Z,IL,IL00072IW015200014,2026-08-22T02:08:28Z,Unknown,17,Unknown,True,False,
2026-08-22T02:08:42Z,IL,IL00057IS026800022,2026-08-22T02:08:28Z,Unknown,27,Unknown,True,False,
2026-08-22T02:08:42Z,IL,IL00057IN007900034,2026-08-22T02:08:29Z,Unknown,0,Unknown,True,False,
2026-08-22T02:08:42Z,IL,IL00057IS022200054,2026-08-22T02:08:29Z,Unknown,0,Unknown,True,False,
2026-08-22T02:08:42Z,IL,IL00064IE008500039,2026-08-22T02:08:29Z,Unknown,0,Unknown,True,False,
2026-08-22T02:08:42Z,IL,IL00024IW003700010,2026-08-22T02:08:29Z,Unknown,0,Unknown,True,False,
2026-08-22T02:08:42Z,IL,IL00064IW002500011,2026-08-22T02:08:29Z,Unknown,0,Unknown,True,False,
2026-08-22T02:08:42Z,IL,IL00074IW020800052,2026-08-22T02:08:29Z,Unknown,0,Unknown,True,False,
2026-08-22T02:08:42Z,IL,IL00055IS019400021,2026-08-22T02:08:29Z,Unknown,29,Unknown,True,False,
2026-08-22T02:08:42Z,IL,IL00057IS011400023,2026-08-22T02:08:29Z,Unknown,0,Unknown,True,False,
2026-08-22T02:08:42Z,IL,IL00057IS033300046,2026-08-22T02:08:29Z,Unknown,0,Unknown,True,False,
2026-08-22T02:08:42Z,IL,IL00070IE008600051,2026-08-22T02:08:29Z,0,0,Unknown,False,False,
2026-08-22T02:08:42Z,IL,IL00080IE011700043,2026-08-22T02:08:29Z,Unknown,31,Unknown,True,False,
2026-08-22T02:08:42Z,IL,IL00064IW008500012,2026-08-22T02:08:29Z,Unknown,0,Unknown,True,False,
2026-08-22T02:08:42Z,IL,IL00080IW005100013,2026-08-22T02:08:29Z,Unknown,47,Unknown,True,False,
2026-08-22T02:08:42Z,IL,IL00070IW002700015,2026-08-22T02:08:29Z,Unknown,0,Unknown,True,False,
2026-08-22T02:08:42Z,IL,IL00055IN014900028,2026-08-22T02:08:29Z,Unknown,0,Unknown,True,False,
2026-08-22T02:08:42Z,IL,IL00074IE002800030,2026-08-22T02:08:29Z,Unknown,14,Unknown,True,False,
2026-08-22T02:08:42Z,IL,IL00055IN019400031,2026-08-22T02:08:29Z,Unknown,36,Unknown,True,False,
2026-08-22T02:08:42Z,IL,IL00070IE002700042,2026-08-22T02:08:29Z,Unknown,0,Unknown,True,False,
2026-08-22T02:08:42Z,IL,IL00055IN010400050,2026-08-22T02:08:29Z,0,0,Unknown,False,False,
2026-08-22T02:08:42Z,IL,IL00055IS002700019,2026-08-22T02:08:29Z,Unknown,0,Unknown,True,False,
2026-08-22T02:08:42Z,IL,IL00039IS008500026,2026-08-22T02:08:29Z,Unknown,42,Unknown,True,False,
2026-08-22T02:08:42Z,IL,IL00057IN022200048,2026-08-22T02:08:30Z,Unknown,0,Unknown,True,False,
2026-08-22T02:08:42Z,IL,IL00057IN026800032,2026-08-22T02:08:30Z,Unknown,25,Unknown,True,False,
2026-08-22T02:08:42Z,IL,IL00057IN033300049,2026-08-22T02:08:30Z,Unknown,0,Unknown,True,False,
2026-08-22T02:08:42Z,IL,IL00039IN008500036,2026-08-22T02:08:30Z,Unknown,42,Unknown,True,False,
2026-08-22T02:08:42Z,IL,IL00080IE005100040,2026-08-22T02:08:30Z,Unknown,39,Unknown,True,False,
2026-08-22T02:08:42Z,IL,IL00064IW013000053,2026-08-22T02:08:30Z,0,0,Unknown,False,False,
2026-08-22T02:08:42Z,IL,IL00080IW011700016,2026-08-22T02:08:30Z,Unknown,39,Unknown,True,False,
2026-08-22T02:08:42Z,IL,IL00072IE015200041,2026-08-22T02:07:24Z,12,16,CLEARING,True,True,
2026-08-22T02:08:42Z,IL,IL00074IW002800020,2026-08-22T02:08:30Z,Unknown,15,Unknown,True,False,
2026-08-22T02:08:42Z,IL,IL00055IN002700029,2026-08-22T02:08:30Z,Unknown,0,Unknown,True,False,
2026-08-22T02:08:42Z,IL,IL00074IE015600037,2026-08-22T02:08:30Z,0,0,Unknown,False,False,
2026-08-22T02:08:42Z,IL,IL00064IE002500038,2026-08-22T02:08:30Z,Unknown,0,Unknown,True,False,
2026-08-22T02:08:42Z,IL,IL00055IS006400017,2026-08-22T02:08:30Z,Unknown,0,Unknown,True,False,
2026-08-22T02:08:42Z,IL,IL00074IE011400005,2026-08-22T02:08:32Z,Unknown,25,Unknown,True,False,
2026-08-22T02:08:42Z,IL,IL00074IW006200004,2026-08-22T02:08:33Z,9,12,STEADY,True,True,
2026-08-22T02:08:42Z,IL,IL00070IW008700045,2026-08-22T02:07:22Z,7,15,STEADY,True,True,
2026-08-22T02:08:42Z,IL,IL00057IS016500018,2026-08-22T02:07:23Z,5,15,FILLING,True,True,
2026-08-22T02:08:42Z,IL,IL00074IW011400006,2026-08-22T02:08:35Z,9,18,CLEARING,True,True,
2026-08-22T02:08:42Z,IL,IL00074IE006200001,2026-08-22T02:08:36Z,8,13,FILLING,True,True,
2026-08-22T02:08:42Z,IL,IL00070IW014900008,2026-08-22T02:07:07Z,Unknown,39,Unknown,True,False,
2026-08-22T02:08:42Z,IL,IL00057IN016500044,2026-08-22T02:07:23Z,0,15,FILLING,False,False,
2026-08-22T02:08:42Z,IL,IL00055IS010400024,2026-08-22T02:07:23Z,Unknown,0,STEADY,,False,
2026-08-22T02:08:42Z,IL,IL00057IS003200025,2026-08-22T02:07:23Z,Unknown,0,STEADY,,False,
2026-08-22T02:08:42Z,IL,IL00057IN003200035,2026-08-22T02:07:23Z,Unknown,17,STEADY,,False,
2026-08-22T02:08:42Z,IN,322,2026-08-21T21:55:00-04:00,74,75,,True,false,
2026-08-22T02:08:42Z,IN,317,2026-08-21T21:55:00-04:00,17,58,,True,true,
2026-08-22T02:08:42Z,IN,316,2026-08-21T21:55:00-04:00,21,58,,True,false,
2026-08-22T02:08:42Z,IN,315,2026-08-21T21:55:00-04:00,Unknown,36,,False,true,
2026-08-22T02:08:42Z,IN,314,2026-08-21T21:55:00-04:00,Unknown,36,,False,true,
2026-08-22T02:08:42Z,IN,313,2026-08-21T21:55:00-04:00,9,75,,True,true,
2026-08-22T02:08:42Z,IN,312,2026-08-21T21:55:00-04:00,LOW,75,,True,true,
2026-08-22T02:08:42Z,IN,311,2026-08-21T21:55:00-04:00,Unknown,13,,False,true,
2026-08-22T02:08:42Z,IN,310,2026-08-21T21:55:00-04:00,Unknown,13,,False,true,
2026-08-22T02:08:42Z,IN,308,2026-08-21T21:55:00-04:00,32,75,,True,true,
2026-08-22T02:08:42Z,IN,309,2026-08-21T21:55:00-04:00,62,150,,True,true,
2026-08-22T02:08:42Z,IN,318,2026-08-21T21:55:00-04:00,LOW,78,,True,true,
2026-08-22T02:08:42Z,IN,319,2026-08-21T21:55:00-04:00,28,78,,True,true,
2026-08-22T02:08:42Z,IN,320,2026-08-21T21:55:00-04:00,35,83,,True,true,
2026-08-22T02:08:42Z,IN,321,2026-08-21T21:55:00-04:00,21,41,,True,false,
2026-08-22T02:08:42Z,IN,300,2026-08-21T21:55:00-04:00,59,128,,True,false,
2026-08-22T02:08:42Z,IN,302,2026-08-21T21:55:00-04:00,30,30,,True,true,
2026-08-22T02:08:42Z,IN,301,2026-08-21T21:55:00-04:00,LOW,30,,True,true,
2026-08-22T02:08:42Z,IN,303,2026-08-21T21:55:00-04:00,88,194,,True,true,
2026-08-22T02:08:42Z,IN,304,2026-08-21T21:55:00-04:00,LOW,99,,True,true,
2026-08-22T02:08:42Z,IN,305,2026-08-21T21:55:00-04:00,Unknown,156,,False,true,
2026-08-22T02:08:42Z,IN,323,2026-08-21T21:55:00-04:00,20,40,,True,true,
2026-08-22T02:08:42Z,IN,702,2026-08-21T21:55:00-04:00,38,75,,True,false,
2026-08-22T02:08:42Z,IN,701,2026-08-21T21:55:00-04:00,30,60,,True,false,
2026-08-22T02:08:42Z,IN,704,2026-08-21T21:55:00-04:00,40,80,,True,false,
2026-08-22T02:08:42Z,IN,703,2026-08-21T21:55:00-04:00,55,110,,True,false,
2026-08-22T02:08:42Z,IN,706,2026-08-21T21:55:00-04:00,35,70,,True,false,
2026-08-22T02:08:42Z,IN,705,2026-08-21T21:55:00-04:00,30,60,,True,false,
2026-08-22T02:08:42Z,IN,708,2026-08-21T21:55:00-04:00,23,45,,True,false,
2026-08-22T02:08:42Z,IN,707,2026-08-21T21:55:00-04:00,20,40,,True,false,
2026-08-22T02:08:42Z,IN,324,2026-08-21T21:55:00-04:00,16,31,,True,true,
2026-08-22T02:08:42Z,KY,KY00065IS0000020N65WELCOM,2026-08-22T02:07:01Z,LOW,21,FILLING,True,True,
2026-08-22T02:08:42Z,KY,KY00065IS000020NSMARATHON,2025-12-19T00:36:53Z,18,60,STEADY,True,False,
2026-08-22T02:08:42Z,KY,KY00065IS0000340NWEIGHS34,2026-07-01T19:04:41Z,39,40,STEADY,True,False,
2026-08-22T02:08:42Z,KY,KY00065IS0011400S65SRA114,2026-08-22T02:07:10Z,LOW,26,STEADY,True,True,
2026-08-22T02:08:42Z,KY,KY00065IS0005900S65SRA059,2026-08-22T02:07:08Z,29,109,STEADY,True,True,
2026-08-22T02:08:42Z,KY,KY00065IS0005900N65NRA059,2026-08-17T17:24:33Z,45,113,STEADY,True,False,
2026-08-22T02:08:42Z,KY,KY00075IS0003300NWEIGHS33,2026-08-22T02:06:46Z,29,50,STEADY,True,False,
2026-08-22T02:08:42Z,KY,KY00075IS0003400SWEIGHS34,2026-08-22T02:06:50Z,8,40,FILLING,True,True,
2026-08-22T02:08:42Z,KY,KY00075IS0017700N75NRA177,2026-07-13T10:37:14Z,LOW,53,CLEARING,True,False,
2026-08-22T02:08:42Z,KY,KY00075IS0007500SWALTONWS,2026-08-22T02:06:56Z,30,45,FILLING,True,True,
2026-08-22T02:08:42Z,KY,KY00075IS0017700S75SRA177,2026-08-22T02:06:48Z,LOW,67,STEADY,True,True,
2026-08-22T02:08:42Z,KY,KY00075IS0016800SCRITENWS,2026-08-22T02:06:52Z,27,39,FILLING,True,True,
2026-08-22T02:08:42Z,KY,KY00075IS0000100N75WELCOM,2026-08-22T02:07:12Z,LOW,30,STEADY,True,True,
2026-08-22T02:23:42Z,IL,IL00055IN002700029,2026-08-22T02:23:36Z,Unknown,0,Unknown,True,False,
2026-08-22T02:23:42Z,IL,IL00074IE002800030,2026-08-22T02:23:36Z,Unknown,14,Unknown,True,False,
2026-08-22T02:23:42Z,IL,IL00070IE008600051,2026-08-22T02:23:36Z,0,0,Unknown,False,False,
2026-08-22T02:23:42Z,IL,IL00074IW015600009,2026-08-22T02:23:36Z,0,0,Unknown,False,False,
2026-08-22T02:23:42Z,IL,IL00080IW011700016,2026-08-22T02:23:36Z,Unknown,39,Unknown,True,False,
2026-08-22T02:23:42Z,IL,IL00074IW002800020,2026-08-22T02:23:36Z,Unknown,15,Unknown,True,False,
2026-08-22T02:23:42Z,IL,IL00057IN022200048,2026-08-22T02:23:36Z,Unknown,0,Unknown,True,False,
2026-08-22T02:23:42Z,IL,IL00057IN011400033,2026-08-22T02:23:37Z,Unknown,0,Unknown,True,False,
2026-08-22T02:23:42Z,IL,IL00072IW015200014,2026-08-22T02:23:37Z,Unknown,17,Unknown,True,False,
2026-08-22T02:23:42Z,IL,IL00064IW013000053,2026-08-22T02:23:37Z,0,0,Unknown,False,False,
2026-08-22T02:23:42Z,IL,IL00057IS033300046,2026-08-22T02:23:37Z,Unknown,0,Unknown,True,False,
2026-08-22T02:23:42Z,IL,IL00057IS007900047,2026-08-22T02:23:37Z,Unknown,0,Unknown,True,False,
2026-08-22T02:23:42Z,IL,IL00039IN008500036,2026-08-22T02:23:37Z,Unknown,42,Unknown,True,False,
2026-08-22T02:23:42Z,IL,IL00064IW008500012,2026-08-22T02:23:37Z,Unknown,0,Unknown,True,False,
2026-08-22T02:23:42Z,IL,IL00074IW020800052,2026-08-22T02:23:37Z,Unknown,0,Unknown,True,False,
2026-08-22T02:23:42Z,IL,IL00074IE015600037,2026-08-22T02:23:37Z,0,0,Unknown,False,False,
2026-08-22T02:23:42Z,IL,IL00057IS011400023,2026-08-22T02:23:37Z,Unknown,0,Unknown,True,False,
2026-08-22T02:23:42Z,IL,IL00055IS019400021,2026-08-22T02:23:37Z,Unknown,29,Unknown,True,False,
2026-08-22T02:23:42Z,IL,IL00039IS008500026,2026-08-22T02:23:37Z,Unknown,42,Unknown,True,False,
2026-08-22T02:23:42Z,IL,IL00070IW002700015,2026-08-22T02:23:37Z,Unknown,0,Unknown,True,False,
2026-08-22T02:23:42Z,IL,IL00055IS002700019,2026-08-22T02:23:37Z,Unknown,0,Unknown,True,False,
2026-08-22T02:23:42Z,IL,IL00057IS022200054,2026-08-22T02:23:37Z,Unknown,0,Unknown,True,False,
2026-08-22T02:23:42Z,IL,IL00057IS026800022,2026-08-22T02:23:37Z,Unknown,27,Unknown,True,False,
2026-08-22T02:23:42Z,IL,IL00055IN006400027,2026-08-22T02:23:37Z,Unknown,0,Unknown,True,False,
2026-08-22T02:23:42Z,IL,IL00057IN033300049,2026-08-22T02:23:37Z,Unknown,0,Unknown,True,False,
2026-08-22T02:23:42Z,IL,IL00064IE002500038,2026-08-22T02:23:37Z,Unknown,0,Unknown,True,False,
2026-08-22T02:23:42Z,IL,IL00024IW003700010,2026-08-22T02:23:37Z,Unknown,0,Unknown,True,False,
2026-08-22T02:23:42Z,IL,IL00080IE011700043,2026-08-22T02:23:37Z,Unknown,31,Unknown,True,False,
2026-08-22T02:23:42Z,IL,IL00080IW005100013,2026-08-22T02:23:37Z,Unknown,47,Unknown,True,False,
2026-08-22T02:23:42Z,IL,IL00057IN026800032,2026-08-22T02:23:38Z,Unknown,25,Unknown,True,False,
2026-08-22T02:23:42Z,IL,IL00055IN010400050,2026-08-22T02:23:38Z,0,0,Unknown,False,False,
2026-08-22T02:23:42Z,IL,IL00057IN007900034,2026-08-22T02:23:38Z,Unknown,0,Unknown,True,False,
2026-08-22T02:23:42Z,IL,IL00055IN019400031,2026-08-22T02:23:38Z,Unknown,36,Unknown,True,False,
2026-08-22T02:23:42Z,IL,IL00064IW002500011,2026-08-22T02:23:38Z,Unknown,0,Unknown,True,False,
2026-08-22T02:23:42Z,IL,IL00055IN014900028,2026-08-22T02:23:38Z,Unknown,0,Unknown,True,False,
2026-08-22T02:23:42Z,IL,IL00070IE002700042,2026-08-22T02:23:38Z,Unknown,0,Unknown,True,False,
2026-08-22T02:23:42Z,IL,IL00072IE015200041,2026-08-22T02:22:11Z,11,16,FILLING,True,True,
2026-08-22T02:23:42Z,IL,IL00064IE008500039,2026-08-22T02:23:38Z,Unknown,0,Unknown,True,False,
2026-08-22T02:23:42Z,IL,IL00080IE005100040,2026-08-22T02:23:38Z,Unknown,39,Unknown,True,False,
2026-08-22T02:23:42Z,IL,IL00055IS006400017,2026-08-22T02:23:38Z,Unknown,0,Unknown,True,False,
2026-08-22T02:23:42Z,IL,IL00074IE011400005,2026-08-22T02:23:25Z,Unknown,25,Unknown,True,False,
2026-08-22T02:23:42Z,IL,IL00074IW006200004,2026-08-22T02:22:47Z,9,12,STEADY,True,True,
2026-08-22T02:23:42Z,IL,IL00070IW008700045,2026-08-22T02:19:49Z,2,15,FILLING,True,True,
2026-08-22T02:23:42Z,IL,IL00057IS016500018,2026-08-22T02:21:54Z,4,15,STEADY,True,True,
2026-08-22T02:23:42Z,IL,IL00074IW011400006,2026-08-22T02:22:49Z,9,18,STEADY,True,True,
2026-08-22T02:23:42Z,IL,IL00074IE006200001,2026-08-22T02:23:07Z,8,13,STEADY,True,True,
2026-08-22T02:23:42Z,IL,IL00070IW014900008,2026-08-22T02:22:10Z,Unknown,39,Unknown,True,False,
2026-08-22T02:23:42Z,IL,IL00057IN016500044,2026-08-22T02:19:54Z,0,15,STEADY,False,False,
2026-08-22T02:23:42Z,IL,IL00055IS010400024,2026-08-22T02:18:32Z,Unknown,0,STEADY,,False,
2026-08-22T02:23:42Z,IL,IL00057IS003200025,2026-08-22T02:18:32Z,Unknown,0,STEADY,,False,
2026-08-22T02:23:42Z,IL,IL00057IN003200035,2026-08-22T02:18:33Z,Unknown,17,STEADY,,False,
2026-08-22T02:23:42Z,IN,322,2026-08-21T22:10:00-04:00,72,75,,True,false,
2026-08-22T02:23:42Z,IN,317,2026-08-21T22:10:00-04:00,LOW,58,,True,true,
2026-08-22T02:23:42Z,IN,316,2026-08-21T22:10:00-04:00,20,58,,True,false,
2026-08-22T02:23:42Z,IN,315,2026-08-21T22:10:00-04:00,Unknown,36,,False,true,
2026-08-22T02:23:42Z,IN,314,2026-08-21T22:10:00-04:00,Unknown,36,,False,true,
2026-08-22T02:23:42Z,IN,313,2026-08-21T22:10:00-04:00,LOW,75,,True,true,
2026-08-22T02:23:42Z,IN,312,2026-08-21T22:10:00-04:00,LOW,75,,True,true,
2026-08-22T02:23:42Z,IN,311,2026-08-21T22:10:00-04:00,Unknown,13,,False,true,
2026-08-22T02:23:42Z,IN,310,2026-08-21T22:10:00-04:00,Unknown,13,,False,true,
2026-08-22T02:23:42Z,IN,308,2026-08-21T22:10:00-04:00,18,75,,True,true,
2026-08-22T02:23:42Z,IN,309,2026-08-21T22:10:00-04:00,94,150,,True,true,
2026-08-22T02:23:42Z,IN,318,2026-08-21T22:10:00-04:00,LOW,78,,True,true,
2026-08-22T02:23:42Z,IN,319,2026-08-21T22:10:00-04:00,LOW,78,,True,true,
2026-08-22T02:23:42Z,IN,320,2026-08-21T22:10:00-04:00,13,83,,True,true,
2026-08-22T02:23:42Z,IN,321,2026-08-21T22:10:00-04:00,21,41,,True,false,
2026-08-22T02:23:42Z,IN,300,2026-08-21T22:10:00-04:00,54,128,,True,false,
2026-08-22T02:23:42Z,IN,302,2026-08-21T22:10:00-04:00,LOW,30,,True,true,
2026-08-22T02:23:42Z,IN,301,2026-08-21T22:10:00-04:00,LOW,30,,True,true,
2026-08-22T02:23:42Z,IN,303,2026-08-21T22:10:00-04:00,LOW,194,,True,true,
2026-08-22T02:23:42Z,IN,304,2026-08-21T22:10:00-04:00,LOW,99,,True,true,
2026-08-22T02:23:42Z,IN,305,2026-08-21T22:10:00-04:00,Unknown,156,,False,true,
2026-08-22T02:23:42Z,IN,323,2026-08-21T22:10:00-04:00,20,40,,True,true,
2026-08-22T02:23:42Z,IN,702,2026-08-21T22:10:00-04:00,38,75,,True,false,
2026-08-22T02:23:42Z,IN,701,2026-08-21T22:10:00-04:00,30,60,,True,false,
2026-08-22T02:23:42Z,IN,704,2026-08-21T22:10:00-04:00,40,80,,True,false,
2026-08-22T02:23:42Z,IN,703,2026-08-21T22:10:00-04:00,55,110,,True,false,
2026-08-22T02:23:42Z,IN,706,2026-08-21T22:10:00-04:00,35,70,,True,false,
2026-08-22T02:23:42Z,IN,705,2026-08-21T22:10:00-04:00,30,60,,True,false,
2026-08-22T02:23:42Z,IN,708,2026-08-21T22:10:00-04:00,23,45,,True,false,
2026-08-22T02:23:42Z,IN,707,2026-08-21T22:10:00-04:00,20,40,,True,false,
2026-08-22T02:23:42Z,IN,324,2026-08-21T22:10:00-04:00,16,31,,True,true,
2026-08-22T02:23:42Z,KY,KY00065IS0000020N65WELCOM,2026-08-22T02:22:01Z,LOW,21,STEADY,True,True,
2026-08-22T02:23:42Z,KY,KY00065IS000020NSMARATHON,2025-12-19T00:36:53Z,18,60,STEADY,True,False,
2026-08-22T02:23:42Z,KY,KY00065IS0000340NWEIGHS34,2026-07-01T19:04:41Z,39,40,STEADY,True,False,
2026-08-22T02:23:42Z,KY,KY00065IS0011400S65SRA114,2026-08-22T02:22:10Z,LOW,26,FILLING,True,True,
2026-08-22T02:23:42Z,KY,KY00065IS0005900S65SRA059,2026-08-22T02:22:08Z,28,109,STEADY,True,True,
2026-08-22T02:23:42Z,KY,KY00065IS0005900N65NRA059,2026-08-17T17:24:33Z,45,113,STEADY,True,False,
2026-08-22T02:23:42Z,KY,KY00075IS0003300NWEIGHS33,2026-08-22T02:21:45Z,29,50,STEADY,True,False,
2026-08-22T02:23:42Z,KY,KY00075IS0003400SWEIGHS34,2026-08-22T02:21:49Z,LOW,40,FILLING,True,True,
2026-08-22T02:23:42Z,KY,KY00075IS0017700N75NRA177,2026-07-13T10:37:14Z,LOW,53,CLEARING,True,False,
2026-08-22T02:23:42Z,KY,KY00075IS0007500SWALTONWS,2026-08-22T02:21:56Z,29,45,STEADY,True,True,
2026-08-22T02:23:42Z,KY,KY00075IS0017700S75SRA177,2026-08-22T02:21:48Z,LOW,67,STEADY,True,True,
2026-08-22T02:23:42Z,KY,KY00075IS0016800SCRITENWS,2026-08-22T02:21:51Z,25,39,FILLING,True,True,
2026-08-22T02:23:42Z,KY,KY00075IS0000100N75WELCOM,2026-08-22T02:22:11Z,LOW,30,STEADY,True,True,
2026-08-22T02:38:42Z,IL,IL00057IS033300046,2026-08-22T02:38:39Z,Unknown,0,Unknown,True,False,
2026-08-22T02:38:42Z,IL,IL00055IN006400027,2026-08-22T02:38:39Z,Unknown,0,Unknown,True,False,
2026-08-22T02:38:42Z,IL,IL00074IE015600037,2026-08-22T02:38:38Z,0,0,Unknown,False,False,
2026-08-22T02:38:42Z,IL,IL00057IN022200048,2026-08-22T02:38:39Z,Unknown,0,Unknown,True,False,
2026-08-22T02:38:42Z,IL,IL00055IS019400021,2026-08-22T02:38:39Z,Unknown,29,Unknown,True,False,
2026-08-22T02:38:42Z,IL,IL00055IN002700029,2026-08-22T02:38:39Z,Unknown,0,Unknown,True,False,
2026-08-22T02:38:42Z,IL,IL00057IS011400023,2026-08-22T02:38:39Z,Unknown,0,Unknown,True,False,
2026-08-22T02:38:42Z,IL,IL00055IS002700019,2026-08-22T02:38:39Z,Unknown,0,Unknown,True,False,
2026-08-22T02:38:42Z,IL,IL00057IN026800032,2026-08-22T02:38:39Z,Unknown,25,Unknown,True,False,
2026-08-22T02:38:42Z,IL,IL00064IW008500012,2026-08-22T02:38:39Z,Unknown,0,Unknown,True,False,
2026-08-22T02:38:42Z,IL,IL00055IN019400031,2026-08-22T02:38:39Z,Unknown,36,Unknown,True,False,
2026-08-22T02:38:42Z,IL,IL00057IN011400033,2026-08-22T02:38:40Z,Unknown,0,Unknown,True,False,
2026-08-22T02:38:42Z,IL,IL00080IE011700043,2026-08-22T02:38:40Z,Unknown,31,Unknown,True,False,
2026-08-22T02:38:42Z,IL,IL00039IN008500036,2026-08-22T02:38:40Z,Unknown,42,Unknown,True,False,
2026-08-22T02:38:42Z,IL,IL00024IW003700010,2026-08-22T02:38:40Z,Unknown,0,Unknown,True,False,
2026-08-22T02:38:42Z,IL,IL00057IS026800022,2026-08-22T02:38:40Z,Unknown,27,Unknown,True,False,
2026-08-22T02:38:42Z,IL,IL00070IW002700015,2026-08-22T02:38:40Z,Unknown,0,Unknown,True,False,
2026-08-22T02:38:42Z,IL,IL00072IW015200014,2026-08-22T02:38:40Z,Unknown,17,Unknown,True,False,
2026-08-22T02:38:42Z,IL,IL00057IN033300049,2026-08-22T02:38:40Z,Unknown,0,Unknown,True,False,
2026-08-22T02:38:42Z,IL,IL00055IN010400050,2026-08-22T02:38:40Z,0,0,Unknown,False,False,
2026-08-22T02:38:42Z,IL,IL00074IW002800020,2026-08-22T02:38:39Z,Unknown,15,Unknown,True,False,
2026-08-22T02:38:42Z,IL,IL00057IS007900047,2026-08-22T02:38:39Z,Unknown,0,Unknown,True,False,
2026-08-22T02:38:42Z,IL,IL00064IW013000053,2026-08-22T02:38:39Z,0,0,Unknown,False,False,
2026-08-22T02:38:42Z,IL,IL00074IE002800030,2026-08-22T02:38:39Z,Unknown,14,Unknown,True,False,
2026-08-22T02:38:42Z,IL,IL00070IE002700042,2026-08-22T02:38:40Z,Unknown,0,Unknown,True,False,
2026-08-22T02:38:42Z,IL,IL00080IW011700016,2026-08-22T02:38:40Z,Unknown,39,Unknown,True,False,
2026-08-22T02:38:42Z,IL,IL00074IW015600009,2026-08-22T02:38:40Z,0,0,Unknown,False,False,
2026-08-22T02:38:42Z,IL,IL00064IW002500011,2026-08-22T02:38:40Z,Unknown,0,Unknown,True,False,
2026-08-22T02:38:42Z,IL,IL00080IW005100013,2026-08-22T02:38:40Z,Unknown,47,Unknown,True,False,
2026-08-22T02:38:42Z,IL,IL00039IS008500026,2026-08-22T02:38:40Z,Unknown,42,Unknown,True,False,
2026-08-22T02:38:42Z,IL,IL00055IN014900028,2026-08-22T02:38:40Z,Unknown,0,Unknown,True,False,
2026-08-22T02:38:42Z,IL,IL00070IE008600051,2026-08-22T02:38:40Z,0,0,Unknown,False,False,
2026-08-22T02:38:42Z,IL,IL00074IW020800052,2026-08-22T02:38:40Z,Unknown,0,Unknown,True,False,
2026-08-22T02:38:42Z,IL,IL00057IN007900034,2026-08-22T02:38:40Z,Unknown,0,Unknown,True,False,
2026-08-22T02:38:42Z,IL,IL00064IE002500038,2026-08-22T02:38:40Z,Unknown,0,Unknown,True,False,
2026-08-22T02:38:42Z,IL,IL00057IS022200054,2026-08-22T02:38:40Z,Unknown,0,Unknown,True,False,
2026-08-22T02:38:42Z,IL,IL00072IE015200041,2026-08-22T02:37:23Z,12,16,STEADY,True,True,
2026-08-22T02:38:42Z,IL,IL00080IE005100040,2026-08-22T02:38:40Z,Unknown,39,Unknown,True,False,
2026-08-22T02:38:42Z,IL,IL00064IE008500039,2026-08-22T02:38:40Z,Unknown,0,Unknown,True,False,
2026-08-22T02:38:42Z,IL,IL00055IS006400017,2026-08-22T02:38:40Z,Unknown,0,Unknown,True,False,
2026-08-22T02:38:42Z,IL,IL00074IE011400005,2026-08-22T02:38:41Z,Unknown,25,Unknown,True,False,
2026-08-22T02:38:42Z,IL,IL00074IW006200004,2026-08-22T02:38:41Z,9,12,STEADY,True,True,
2026-08-22T02:38:42Z,IL,IL00070IW008700045,2026-08-22T02:34:57Z,3,15,CLEARING,True,True,
2026-08-22T02:38:42Z,IL,IL00057IS016500018,2026-08-22T02:37:07Z,3,15,FILLING,True,True,
2026-08-22T02:38:42Z,IL,IL00074IW011400006,2026-08-22T02:37:48Z,9,18,STEADY,True,True,
2026-08-22T02:38:42Z,IL,IL00074IE006200001,2026-08-22T02:37:49Z,8,13,STEADY,True,True,
2026-08-22T02:38:42Z,IL,IL00070IW014900008,2026-08-22T02:38:28Z,Unknown,39,Unknown,True,False,
2026-08-22T02:38:42Z,IL,IL00057IN016500044,2026-08-22T02:35:13Z,0,15,CLEARING,False,False,
2026-08-22T02:38:42Z,IL,IL00055IS010400024,2026-08-22T02:34:52Z,Unknown,0,STEADY,,False,
2026-08-22T02:38:42Z,IL,IL00057IS003200025,2026-08-22T02:34:52Z,Unknown,0,STEADY,,False,
2026-08-22T02:38:42Z,IL,IL00057IN003200035,2026-08-22T02:34:52Z,Unknown,17,STEADY,,False,
2026-08-22T02:38:42Z,IN,322,2026-08-21T22:25:00-04:00,70,75,,True,false,
2026-08-22T02:38:42Z,IN,317,2026-08-21T22:25:00-04:00,LOW,58,,True,true,
2026-08-22T02:38:42Z,IN,316,2026-08-21T22:25:00-04:00,12,58,,True,false,
2026-08-22T02:38:42Z,IN,315,2026-08-21T22:25:00-04:00,Unknown,36,,False,true,
2026-08-22T02:38:42Z,IN,314,2026-08-21T22:25:00-04:00,Unknown,36,,False,true,
2026-08-22T02:38:42Z,IN,313,2026-08-21T22:25:00-04:00,LOW,75,,True,true,
2026-08-22T02:38:42Z,IN,312,2026-08-21T22:25:00-04:00,6,75,,True,true,
2026-08-22T02:38:42Z,IN,311,2026-08-21T22:25:00-04:00,Unknown,13,,False,true,
2026-08-22T02:38:42Z,IN,310,2026-08-21T22:25:00-04:00,Unknown,13,,False,true,
2026-08-22T02:38:42Z,IN,308,2026-08-21T22:25:00-04:00,14,75,,True,true,
2026-08-22T02:38:42Z,IN,309,2026-08-21T22:25:00-04:00,100,150,,True,true,
2026-08-22T02:38:42Z,IN,318,2026-08-21T22:25:00-04:00,LOW,78,,True,true,
2026-08-22T02:38:42Z,IN,319,2026-08-21T22:25:00-04:00,LOW,78,,True,true,
2026-08-22T02:38:42Z,IN,320,2026-08-21T22:25:00-04:00,11,83,,True,true,
2026-08-22T02:38:42Z,IN,321,2026-08-21T22:25:00-04:00,21,41,,True,false,
2026-08-22T02:38:42Z,IN,300,2026-08-21T22:25:00-04:00,50,128,,True,false,
2026-08-22T02:38:42Z,IN,302,2026-08-21T22:25:00-04:00,LOW,30,,True,true,
2026-08-22T02:38:42Z,IN,301,2026-08-21T22:25:00-04:00,LOW,30,,True,true,
2026-08-22T02:38:42Z,IN,303,2026-08-21T22:25:00-04:00,LOW,194,,True,true,
2026-08-22T02:38:42Z,IN,304,2026-08-21T22:25:00-04:00,LOW,99,,True,true,
2026-08-22T02:38:42Z,IN,305,2026-08-21T22:25:00-04:00,Unknown,156,,False,true,
2026-08-22T02:38:42Z,IN,323,2026-08-21T22:25:00-04:00,20,40,,True,true,
2026-08-22T02:38:42Z,IN,702,2026-08-21T22:25:00-04:00,38,75,,True,false,
2026-08-22T02:38:42Z,IN,701,2026-08-21T22:25:00-04:00,30,60,,True,false,
2026-08-22T02:38:42Z,IN,704,2026-08-21T22:25:00-04:00,40,80,,True,false,
2026-08-22T02:38:42Z,IN,703,2026-08-21T22:25:00-04:00,55,110,,True,false,
2026-08-22T02:38:42Z,IN,706,2026-08-21T22:25:00-04:00,35,70,,True,false,
2026-08-22T02:38:42Z,IN,705,2026-08-21T22:25:00-04:00,30,60,,True,false,
2026-08-22T02:38:42Z,IN,708,2026-08-21T22:25:00-04:00,23,45,,True,false,
2026-08-22T02:38:42Z,IN,707,2026-08-21T22:25:00-04:00,20,40,,True,false,
2026-08-22T02:38:42Z,IN,324,2026-08-21T22:25:00-04:00,16,31,,True,true,
2026-08-22T02:38:42Z,KY,KY00065IS0000020N65WELCOM,2026-08-22T02:37:02Z,LOW,21,STEADY,True,True,
2026-08-22T02:38:42Z,KY,KY00065IS000020NSMARATHON,2025-12-19T00:36:53Z,18,60,STEADY,True,False,
2026-08-22T02:38:42Z,KY,KY00065IS0000340NWEIGHS34,2026-07-01T19:04:41Z,39,40,STEADY,True,False,
2026-08-22T02:38:42Z,KY,KY00065IS0011400S65SRA114,2026-08-22T02:37:10Z,LOW,26,STEADY,True,True,
2026-08-22T02:38:42Z,KY,KY00065IS0005900S65SRA059,2026-08-22T02:37:08Z,26,109,STEADY,True,True,
2026-08-22T02:38:42Z,KY,KY00065IS0005900N65NRA059,2026-08-17T17:24:33Z,45,113,STEADY,True,False,
2026-08-22T02:38:42Z,KY,KY00075IS0003300NWEIGHS33,2026-08-22T02:36:46Z,31,50,STEADY,True,False,
2026-08-22T02:38:42Z,KY,KY00075IS0003400SWEIGHS34,2026-08-22T02:36:50Z,LOW,40,FILLING,True,True,
2026-08-22T02:38:42Z,KY,KY00075IS0017700N75NRA177,2026-07-13T10:37:14Z,LOW,53,CLEARING,True,False,
2026-08-22T02:38:42Z,KY,KY00075IS0007500SWALTONWS,2026-08-22T02:36:56Z,25,45,FILLING,True,True,
2026-08-22T02:38:42Z,KY,KY00075IS0017700S75SRA177,2026-08-22T02:36:48Z,LOW,67,STEADY,True,True,
2026-08-22T02:38:42Z,KY,KY00075IS0016800SCRITENWS,2026-08-22T02:36:52Z,25,39,FILLING,True,True,
2026-08-22T02:38:42Z,KY,KY00075IS0000100N75WELCOM,2026-08-22T02:37:11Z,LOW,30,STEADY,True,True,
2026-08-22T02:53:42Z,IL,IL00080IE011700043,2026-08-22T02:52:58Z,Unknown,31,Unknown,True,False,
2026-08-22T02:53:42Z,IL,IL00064IE002500038,2026-08-22T02:52:58Z,Unknown,0,Unknown,True,False,
2026-08-22T02:53:42Z,IL,IL00024IW003700010,2026-08-22T02:52:58Z,Unknown,0,Unknown,True,False,
2026-08-22T02:53:42Z,IL,IL00064IW013000053,2026-08-22T02:52:58Z,0,0,Unknown,False,False,
2026-08-22T02:53:42Z,IL,IL00080IW011700016,2026-08-22T02:52:58Z,Unknown,39,Unknown,True,False,
2026-08-22T02:53:42Z,IL,IL00055IS002700019,2026-08-22T02:52:58Z,Unknown,0,Unknown,True,False,
2026-08-22T02:53:42Z,IL,IL00074IE015600037,2026-08-22T02:52:57Z,0,0,Unknown,False,False,
2026-08-22T02:53:42Z,IL,IL00055IN002700029,2026-08-22T02:52:58Z,Unknown,0,Unknown,True,False,
2026-08-22T02:53:42Z,IL,IL00070IW002700015,2026-08-22T02:52:58Z,Unknown,0,Unknown,True,False,
2026-08-22T02:53:42Z,IL,IL00057IS022200054,2026-08-22T02:52:58Z,Unknown,0,Unknown,True,False,
2026-08-22T02:53:42Z,IL,IL00055IN014900028,2026-08-22T02:52:58Z,Unknown,0,Unknown,True,False,
2026-08-22T02:53:42Z,IL,IL00074IW002800020,2026-08-22T02:52:58Z,Unknown,15,Unknown,True,False,
2026-08-22T02:53:42Z,IL,IL00072IW015200014,2026-08-22T02:52:59Z,Unknown,17,Unknown,True,False,
2026-08-22T02:53:42Z,IL,IL00057IN011400033,2026-08-22T02:52:58Z,Unknown,0,Unknown,True,False,
2026-08-22T02:53:42Z,IL,IL00057IN026800032,2026-08-22T02:52:59Z,Unknown,25,Unknown,True,False,
2026-08-22T02:53:42Z,IL,IL00064IW008500012,2026-08-22T02:52:58Z,Unknown,0,Unknown,True,False,
2026-08-22T02:53:42Z,IL,IL00057IN033300049,2026-08-22T02:52:59Z,Unknown,0,Unknown,True,False,
2026-08-22T02:53:42Z,IL,IL00055IS019400021,2026-08-22T02:52:59Z,Unknown,29,Unknown,True,False,
2026-08-22T02:53:42Z,IL,IL00057IS033300046,2026-08-22T02:52:59Z,Unknown,0,Unknown,True,False,
2026-08-22T02:53:42Z,IL,IL00057IS007900047,2026-08-22T02:52:59Z,Unknown,0,Unknown,True,False,
2026-08-22T02:53:42Z,IL,IL00055IN019400031,2026-08-22T02:52:59Z,Unknown,36,Unknown,True,False,
2026-08-22T02:53:42Z,IL,IL00070IE008600051,2026-08-22T02:52:59Z,0,0,Unknown,False,False,
2026-08-22T02:53:42Z,IL,IL00057IS026800022,2026-08-22T02:52:58Z,Unknown,27,Unknown,True,False,
2026-08-22T02:53:42Z,IL,IL00074IE002800030,2026-08-22T02:52:58Z,Unknown,14,Unknown,True,False,
2026-08-22T02:53:42Z,IL,IL00055IN010400050,2026-08-22T02:52:58Z,0,0,Unknown,False,False,
2026-08-22T02:53:42Z,IL,IL00057IS011400023,2026-08-22T02:52:58Z,Unknown,0,Unknown,True,False,
2026-08-22T02:53:42Z,IL,IL00074IW015600009,2026-08-22T02:52:58Z,0,0,Unknown,False,False,
2026-08-22T02:53:42Z,IL,IL00074IW020800052,2026-08-22T02:52:58Z,Unknown,0,Unknown,True,False,
2026-08-22T02:53:42Z,IL,IL00039IS008500026,2026-08-22T02:52:58Z,Unknown,42,Unknown,True,False,
2026-08-22T02:53:42Z,IL,IL00057IN007900034,2026-08-22T02:52:59Z,Unknown,0,Unknown,True,False,
2026-08-22T02:53:42Z,IL,IL00064IW002500011,2026-08-22T02:52:59Z,Unknown,0,Unknown,True,False,
2026-08-22T02:53:42Z,IL,IL00080IW005100013,2026-08-22T02:52:59Z,Unknown,47,Unknown,True,False,
2026-08-22T02:53:42Z,IL,IL00039IN008500036,2026-08-22T02:52:59Z,Unknown,42,Unknown,True,False,
2026-08-22T02:53:42Z,IL,IL00055IN006400027,2026-08-22T02:52:59Z,Unknown,0,Unknown,True,False,
2026-08-22T02:53:42Z,IL,IL00057IN022200048,2026-08-22T02:52:59Z,Unknown,0,Unknown,True,False,
2026-08-22T02:53:42Z,IL,IL00070IE002700042,2026-08-22T02:52:59Z,Unknown,0,Unknown,True,False,
2026-08-22T02:53:42Z,IL,IL00072IE015200041,2026-08-22T02:52:35Z,11,16,FILLING,True,True,
2026-08-22T02:53:42Z,IL,IL00080IE005100040,2026-08-22T02:52:59Z,Unknown,39,Unknown,True,False,
2026-08-22T02:53:42Z,IL,IL00064IE008500039,2026-08-22T02:52:59Z,Unknown,0,Unknown,True,False,
2026-08-22T02:53:42Z,IL,IL00055IS006400017,2026-08-22T02:52:59Z,Unknown,0,Unknown,True,False,
2026-08-22T02:53:42Z,IL,IL00074IE011400005,2026-08-22T02:53:15Z,Unknown,25,Unknown,True,False,
2026-08-22T02:53:42Z,IL,IL00074IW006200004,2026-08-22T02:53:39Z,6,12,FILLING,True,True,
2026-08-22T02:53:42Z,IL,IL00070IW008700045,2026-08-22T02:51:06Z,4,15,CLEARING,True,True,
2026-08-22T02:53:42Z,IL,IL00057IS016500018,2026-08-22T02:52:19Z,2,15,FILLING,True,True,
2026-08-22T02:53:42Z,IL,IL00074IW011400006,2026-08-22T02:53:17Z,9,18,STEADY,True,True,
2026-08-22T02:53:42Z,IL,IL00074IE006200001,2026-08-22T02:52:02Z,8,13,STEADY,True,True,
2026-08-22T02:53:42Z,IL,IL00070IW014900008,2026-08-22T02:52:47Z,Unknown,39,Unknown,True,False,
2026-08-22T02:53:42Z,IL,IL00057IN016500044,2026-08-22T02:51:07Z,0,15,STEADY,False,False,
2026-08-22T02:53:42Z,IL,IL00055IS010400024,2026-08-22T02:51:07Z,Unknown,0,STEADY,,False,
2026-08-22T02:53:42Z,IL,IL00057IS003200025,2026-08-22T02:51:07Z,Unknown,0,STEADY,,False,
2026-08-22T02:53:42Z,IL,IL00057IN003200035,2026-08-22T02:51:07Z,Unknown,17,STEADY,,False,
2026-08-22T02:53:42Z,IN,322,2026-08-21T22:40:00-04:00,69,75,,True,false,
2026-08-22T02:53:42Z,IN,317,2026-08-21T22:40:00-04:00,LOW,58,,True,true,
2026-08-22T02:53:42Z,IN,316,2026-08-21T22:40:00-04:00,10,58,,True,false,
2026-08-22T02:53:42Z,IN,315,2026-08-21T22:40:00-04:00,Unknown,36,,False,true,
2026-08-22T02:53:42Z,IN,314,2026-08-21T22:40:00-04:00,Unknown,36,,False,true,
2026-08-22T02:53:42Z,IN,313,2026-08-21T22:40:00-04:00,LOW,75,,True,true,
2026-08-22T02:53:42Z,IN,312,2026-08-21T22:40:00-04:00,LOW,75,,True,true,
2026-08-22T02:53:42Z,IN,311,2026-08-21T22:40:00-04:00,Unknown,13,,False,true,
2026-08-22T02:53:42Z,IN,310,2026-08-21T22:40:00-04:00,Unknown,13,,False,true,
2026-08-22T02:53:42Z,IN,308,2026-08-21T22:40:00-04:00,14,75,,True,true,
2026-08-22T02:53:42Z,IN,309,2026-08-21T22:40:00-04:00,98,150,,True,true,
2026-08-22T02:53:42Z,IN,318,2026-08-21T22:40:00-04:00,LOW,78,,True,true,
2026-08-22T02:53:42Z,IN,319,2026-08-21T22:40:00-04:00,LOW,78,,True,true,
2026-08-22T02:53:42Z,IN,320,2026-08-21T22:40:00-04:00,11,83,,True,true,
2026-08-22T02:53:42Z,IN,321,2026-08-21T22:40:00-04:00,21,41,,True,false,
2026-08-22T02:53:42Z,IN,300,2026-08-21T22:40:00-04:00,45,128,,True,false,
2026-08-22T02:53:42Z,IN,302,2026-08-21T22:40:00-04:00,LOW,30,,True,true,
2026-08-22T02:53:42Z,IN,301,2026-08-21T22:40:00-04:00,LOW,30,,True,true,
2026-08-22T02:53:42Z,IN,303,2026-08-21T22:40:00-04:00,LOW,194,,True,true,
2026-08-22T02:53:42Z,IN,304,2026-08-21T22:40:00-04:00,LOW,99,,True,true,
2026-08-22T02:53:42Z,IN,305,2026-08-21T22:40:00-04:00,Unknown,156,,False,true,
2026-08-22T02:53:42Z,IN,323,2026-08-21T22:40:00-04:00,20,40,,True,true,
2026-08-22T02:53:42Z,IN,702,2026-08-21T22:40:00-04:00,38,75,,True,false,
2026-08-22T02:53:42Z,IN,701,2026-08-21T22:40:00-04:00,30,60,,True,false,
2026-08-22T02:53:42Z,IN,704,2026-08-21T22:40:00-04:00,40,80,,True,false,
2026-08-22T02:53:42Z,IN,703,2026-08-21T22:40:00-04:00,55,110,,True,false,
2026-08-22T02:53:42Z,IN,706,2026-08-21T22:40:00-04:00,35,70,,True,false,
2026-08-22T02:53:42Z,IN,705,2026-08-21T22:40:00-04:00,30,60,,True,false,
2026-08-22T02:53:42Z,IN,708,2026-08-21T22:40:00-04:00,23,45,,True,false,
2026-08-22T02:53:42Z,IN,707,2026-08-21T22:40:00-04:00,20,40,,True,false,
2026-08-22T02:53:42Z,IN,324,2026-08-21T22:40:00-04:00,16,31,,True,true,
2026-08-22T02:53:42Z,KY,KY00065IS0000020N65WELCOM,2026-08-22T02:52:02Z,LOW,21,FILLING,True,True,
2026-08-22T02:53:42Z,KY,KY00065IS000020NSMARATHON,2025-12-19T00:36:53Z,18,60,STEADY,True,False,
2026-08-22T02:53:42Z,KY,KY00065IS0000340NWEIGHS34,2026-07-01T19:04:41Z,39,40,STEADY,True,False,
2026-08-22T02:53:42Z,KY,KY00065IS0011400S65SRA114,2026-08-22T02:52:10Z,LOW,26,STEADY,True,True,
2026-08-22T02:53:42Z,KY,KY00065IS0005900S65SRA059,2026-08-22T02:52:08Z,24,109,STEADY,True,True,
2026-08-22T02:53:42Z,KY,KY00065IS0005900N65NRA059,2026-08-17T17:24:33Z,45,113,STEADY,True,False,
2026-08-22T02:53:42Z,KY,KY00075IS0003300NWEIGHS33,2026-08-22T02:51:46Z,32,50,CLEARING,True,False,
2026-08-22T02:53:42Z,KY,KY00075IS0003400SWEIGHS34,2026-08-22T02:51:49Z,LOW,40,FILLING,True,True,
2026-08-22T02:53:42Z,KY,KY00075IS0017700N75NRA177,2026-07-13T10:37:14Z,LOW,53,CLEARING,True,False,
2026-08-22T02:53:42Z,KY,KY00075IS0007500SWALTONWS,2026-08-22T02:51:56Z,30,45,STEADY,True,True,
2026-08-22T02:53:42Z,KY,KY00075IS0017700S75SRA177,2026-08-22T02:51:48Z,LOW,67,STEADY,True,True,
2026-08-22T02:53:42Z,KY,KY00075IS0016800SCRITENWS,2026-08-22T02:51:52Z,26,39,STEADY,True,True,
2026-08-22T02:53:42Z,KY,KY00075IS0000100N75WELCOM,2026-08-22T02:52:12Z,LOW,30,STEADY,True,True,
