polled_at_utc,state,site_id,time_stamp,reported_available,capacity,trend,open,trust_data,low_threshold
2026-08-23T00:02:01Z,IL,IL00057IN007900034,2026-08-23T00:01:53Z,Unknown,0,Unknown,True,False,
2026-08-23T00:02:01Z,IL,IL00070IE008600051,2026-08-23T00:01:54Z,0,0,Unknown,False,False,
2026-08-23T00:02:01Z,IL,IL00024IW003700010,2026-08-23T00:01:52Z,Unknown,0,Unknown,True,False,
2026-08-23T00:02:01Z,IL,IL00064IW002500011,2026-08-23T00:01:52Z,Unknown,0,Unknown,True,False,
2026-08-23T00:02:01Z,IL,IL00080IW005100013,2026-08-23T00:01:52Z,Unknown,47,Unknown,True,False,
2026-08-23T00:02:01Z,IL,IL00080IW011700016,2026-08-23T00:01:52Z,0,39,Unknown,False,False,
2026-08-23T00:02:01Z,IL,IL00057IS007900047,2026-08-23T00:01:53Z,Unknown,0,Unknown,True,False,
2026-08-23T00:02:01Z,IL,IL00055IN002700029,2026-08-23T00:01:53Z,Unknown,0,Unknown,True,False,
2026-08-23T00:02:01Z,IL,IL00057IN022200048,2026-08-23T00:01:53Z,Unknown,0,Unknown,True,False,
2026-08-23T00:02:01Z,IL,IL00055IN019400031,2026-08-23T00:01:53Z,Unknown,36,Unknown,True,False,
2026-08-23T00:02:01Z,IL,IL00057IN026800032,2026-08-23T00:01:53Z,Unknown,25,Unknown,True,False,
2026-08-23T00:02:01Z,IL,IL00057IN011400033,2026-08-23T00:01:53Z,Unknown,0,Unknown,True,False,
2026-08-23T00:02:01Z,IL,IL00080IE005100040,2026-08-23T00:01:54Z,Unknown,39,Unknown,True,False,
2026-08-23T00:02:01Z,IL,IL00080IE011700043,2026-08-23T00:01:54Z,Unknown,31,Unknown,True,False,
2026-08-23T00:02:01Z,IL,IL00064IW008500012,2026-08-23T00:01:52Z,Unknown,0,Unknown,True,False,
2026-08-23T00:02:01Z,IL,IL00055IS006400017,2026-08-23T00:01:52Z,Unknown,0,Unknown,True,False,
2026-08-23T00:02:01Z,IL,IL00055IS002700019,2026-08-23T00:01:53Z,Unknown,0,Unknown,True,False,
2026-08-23T00:02:01Z,IL,IL00057IS026800022,2026-08-23T00:01:53Z,Unknown,27,Unknown,True,False,
2026-08-23T00:02:01Z,IL,IL00057IS011400023,2026-08-23T00:01:53Z,Unknown,0,Unknown,True,False,
2026-08-23T00:02:01Z,IL,IL00055IN006400027,2026-08-23T00:01:53Z,Unknown,0,Unknown,True,False,
2026-08-23T00:02:01Z,IL,IL00057IN033300049,2026-08-23T00:01:53Z,Unknown,0,Unknown,True,False,
2026-08-23T00:02:01Z,IL,IL00039IN008500036,2026-08-23T00:01:53Z,Unknown,42,Unknown,True,False,
2026-08-23T00:02:01Z,IL,IL00074IE015600037,2026-08-23T00:01:53Z,0,0,Unknown,False,False,
2026-08-23T00:02:01Z,IL,IL00064IE008500039,2026-08-23T00:01:54Z,Unknown,0,Unknown,True,False,
2026-08-23T00:02:01Z,IL,IL00057IS022200054,2026-08-23T00:01:53Z,Unknown,0,Unknown,True,False,
2026-08-23T00:02:01Z,IL,IL00057IS033300046,2026-08-23T00:01:53Z,Unknown,0,Unknown,True,False,
2026-08-23T00:02:01Z,IL,IL00039IS008500026,2026-08-23T00:01:53Z,Unknown,42,Unknown,True,False,
2026-08-23T00:02:01Z,IL,IL00074IW015600009,2026-08-23T00:01:52Z,0,0,Unknown,False,False,
2026-08-23T00:02:01Z,IL,IL00072IW015200014,2026-08-23T00:01:52Z,Unknown,17,Unknown,True,False,
2026-08-23T00:02:01Z,IL,IL00074IW020800052,2026-08-23T00:01:52Z,Unknown,0,Unknown,True,False,
2026-08-23T00:02:01Z,IL,IL00074IE002800030,2026-08-23T00:01:53Z,Unknown,14,Unknown,True,False,
2026-08-23T00:02:01Z,IL,IL00055IN010400050,2026-08-23T00:01:53Z,0,0,Unknown,False,False,
2026-08-23T00:02:01Z,IL,IL00064IE002500038,2026-08-23T00:01:53Z,Unknown,0,Unknown,True,False,
2026-08-23T00:02:01Z,IL,IL00070IE002700042,2026-08-23T00:01:54Z,Unknown,0,Unknown,True,False,
2026-08-23T00:02:01Z,IL,IL00074IW002800020,2026-08-23T00:01:53Z,Unknown,15,Unknown,True,False,
2026-08-23T00:02:01Z,IL,IL00055IS019400021,2026-08-23T00:01:53Z,Unknown,29,Unknown,True,False,
2026-08-23T00:02:01Z,IL,IL00055IN014900028,2026-08-23T00:01:53Z,Unknown,0,Unknown,True,False,
2026-08-23T00:02:01Z,IL,IL00072IE015200041,2026-08-23T00:01:54Z,12,16,CLEARING,True,True,
2026-08-23T00:02:01Z,IL,IL00070IW002700015,2026-08-23T00:01:52Z,Unknown,0,Unknown,True,False,
2026-08-23T00:02:01Z,IL,IL00064IW013000053,2026-08-23T00:01:52Z,0,0,Unknown,False,False,
2026-08-23T00:02:01Z,IL,IL00074IE011400005,2026-08-23T00:01:54Z,Unknown,25,Unknown,True,False,
2026-08-23T00:02:01Z,IL,IL00074IW006200004,2026-08-23T00:01:52Z,8,12,FILLING,True,True,
2026-08-23T00:02:01Z,IL,IL00070IW008700045,2026-08-23T00:01:52Z,3,15,CLEARING,True,True,
2026-08-23T00:02:01Z,IL,IL00057IS016500018,2026-08-23T00:01:52Z,3,15,FILLING,True,True,
2026-08-23T00:02:01Z,IL,IL00074IW011400006,2026-08-23T00:01:52Z,10,18,FILLING,True,True,
2026-08-23T00:02:01Z,IL,IL00074IE006200001,2026-08-23T00:01:54Z,11,13,STEADY,True,True,
2026-08-23T00:02:01Z,IL,IL00070IW014900008,2026-08-23T00:01:21Z,Unknown,39,Unknown,True,False,
2026-08-23T00:02:01Z,IL,IL00057IN016500044,2026-08-23T00:01:53Z,0,15,FILLING,False,False,
2026-08-23T00:02:01Z,IL,IL00055IS010400024,2026-08-23T00:01:53Z,Unknown,0,STEADY,,False,
2026-08-23T00:02:01Z,IL,IL00057IS003200025,2026-08-23T00:01:53Z,Unknown,0,STEADY,,False,
2026-08-23T00:02:01Z,IL,IL00057IN003200035,2026-08-23T00:01:53Z,Unknown,17,STEADY,,False,
2026-08-23T00:02:01Z,KY,KY00065IS0000020N65WELCOM,2026-08-23T00:01:01Z,LOW,21,STEADY,True,True,
2026-08-23T00:02:01Z,KY,KY00065IS000020NSMARATHON,2025-12-19T00:36:53Z,10,60,STEADY,True,False,
2026-08-23T00:02:01Z,KY,KY00065IS0000340NWEIGHS34,2026-07-01T19:04:41Z,33,40,STEADY,True,False,
2026-08-23T00:02:01Z,KY,KY00065IS0011400S65SRA114,2026-08-23T00:01:09Z,23,26,FILLING,True,True,
2026-08-23T00:02:01Z,KY,KY00065IS0005900S65SRA059,2026-08-23T00:01:08Z,97,109,STEADY,True,True,
2026-08-23T00:02:01Z,KY,KY00065IS0005900N65NRA059,2026-08-17T17:24:33Z,13,113,STEADY,True,False,
2026-08-23T00:02:01Z,KY,KY00075IS0003300NWEIGHS33,2026-08-23T00:00:46Z,50,50,STEADY,True,False,
2026-08-23T00:02:01Z,KY,KY00075IS0003400SWEIGHS34,2026-08-23T00:00:50Z,LOW,40,STEADY,True,True,
2026-08-23T00:02:01Z,KY,KY00075IS0017700N75NRA177,2026-07-13T10:37:14Z,LOW,53,CLEARING,True,False,
2026-08-23T00:02:01Z,KY,KY00075IS0007500SWALTONWS,2026-08-23T00:00:55Z,41,45,STEADY,True,True,
2026-08-23T00:02:01Z,KY,KY00075IS0017700S75SRA177,2026-08-23T00:00:48Z,57,67,STEADY,True,True,
2026-08-23T00:02:01Z,KY,KY00075IS0016800SCRITENWS,2026-08-23T00:00:52Z,35,39,STEADY,True,True,
2026-08-23T00:02:01Z,KY,KY00075IS0000100N75WELCOM,2026-08-23T00:01:12Z,LOW,30,STEADY,True,True,
2026-08-23T00:17:02Z,IL,IL00039IN008500036,2026-08-23T00:17:02Z,Unknown,42,Unknown,True,False,
2026-08-23T00:17:02Z,IL,IL00057IN022200048,2026-08-23T00:17:02Z,Unknown,0,Unknown,True,False,
2026-08-23T00:17:02Z,IL,IL00057IS007900047,2026-08-23T00:17:02Z,Unknown,0,Unknown,True,False,
2026-08-23T00:17:02Z,IL,IL00055IN019400031,2026-08-23T00:17:02Z,Unknown,36,Unknown,True,False,
2026-08-23T00:17:02Z,IL,IL00057IS022200054,2026-08-23T00:17:00Z,Unknown,0,Unknown,True,False,
2026-08-23T00:17:02Z,IL,IL00055IN002700029,2026-08-23T00:17:01Z,Unknown,0,Unknown,True,False,
2026-08-23T00:17:02Z,IL,IL00074IE002800030,2026-08-23T00:17:01Z,Unknown,14,Unknown,True,False,
2026-08-23T00:17:02Z,IL,IL00055IS002700019,2026-08-23T00:17:01Z,Unknown,0,Unknown,True,False,
2026-08-23T00:17:02Z,IL,IL00080IW005100013,2026-08-23T00:17:01Z,Unknown,47,Unknown,True,False,
2026-08-23T00:17:02Z,IL,IL00080IW011700016,2026-08-23T00:17:01Z,0,39,Unknown,False,False,
2026-08-23T00:17:02Z,IL,IL00070IE002700042,2026-08-23T00:17:01Z,Unknown,0,Unknown,True,False,
2026-08-23T00:17:02Z,IL,IL00064IW008500012,2026-08-23T00:17:01Z,Unknown,0,Unknown,True,False,
2026-08-23T00:17:02Z,IL,IL00057IN033300049,2026-08-23T00:17:00Z,Unknown,0,Unknown,True,False,
2026-08-23T00:17:02Z,IL,IL00024IW003700010,2026-08-23T00:17:01Z,Unknown,0,Unknown,True,False,
2026-08-23T00:17:02Z,IL,IL00055IN014900028,2026-08-23T00:17:00Z,Unknown,0,Unknown,True,False,
2026-08-23T00:17:02Z,IL,IL00055IS006400017,2026-08-23T00:17:01Z,Unknown,0,Unknown,True,False,
2026-08-23T00:17:02Z,IL,IL00057IS011400023,2026-08-23T00:17:00Z,Unknown,0,Unknown,True,False,
2026-08-23T00:17:02Z,IL,IL00072IW015200014,2026-08-23T00:17:00Z,Unknown,17,Unknown,True,False,
2026-08-23T00:17:02Z,IL,IL00055IS019400021,2026-08-23T00:17:01Z,Unknown,29,Unknown,True,False,
2026-08-23T00:17:02Z,IL,IL00074IE015600037,2026-08-23T00:17:00Z,0,0,Unknown,False,False,
2026-08-23T00:17:02Z,IL,IL00064IE002500038,2026-08-23T00:17:00Z,Unknown,0,Unknown,True,False,
2026-08-23T00:17:02Z,IL,IL00064IW002500011,2026-08-23T00:17:01Z,Unknown,0,Unknown,True,False,
2026-08-23T00:17:02Z,IL,IL00070IE008600051,2026-08-23T00:17:01Z,0,0,Unknown,False,False,
2026-08-23T00:17:02Z,IL,IL00057IS033300046,2026-08-23T00:17:01Z,Unknown,0,Unknown,True,False,
2026-08-23T00:17:02Z,IL,IL00057IN026800032,2026-08-23T00:17:01Z,Unknown,25,Unknown,True,False,
2026-08-23T00:17:02Z,IL,IL00057IS026800022,2026-08-23T00:17:01Z,Unknown,27,Unknown,True,False,
2026-08-23T00:17:02Z,IL,IL00074IW015600009,2026-08-23T00:17:01Z,0,0,Unknown,False,False,
2026-08-23T00:17:02Z,IL,IL00055IN010400050,2026-08-23T00:17:02Z,0,0,Unknown,False,False,
2026-08-23T00:17:02Z,IL,IL00080IE005100040,2026-08-23T00:17:01Z,Unknown,39,Unknown,True,False,
2026-08-23T00:17:02Z,IL,IL00057IN011400033,2026-08-23T00:17:02Z,Unknown,0,Unknown,True,False,
2026-08-23T00:17:02Z,IL,IL00055IN006400027,2026-08-23T00:17:01Z,Unknown,0,Unknown,True,False,
2026-08-23T00:17:02Z,IL,IL00039IS008500026,2026-08-23T00:17:02Z,Unknown,42,Unknown,True,False,
2026-08-23T00:17:02Z,IL,IL00057IN007900034,2026-08-23T00:16:57Z,Unknown,0,Unknown,True,False,
2026-08-23T00:17:02Z,IL,IL00080IE011700043,2026-08-23T00:16:58Z,Unknown,31,Unknown,True,False,
2026-08-23T00:17:02Z,IL,IL00074IW020800052,2026-08-23T00:17:02Z,Unknown,0,Unknown,True,False,
2026-08-23T00:17:02Z,IL,IL00074IW002800020,2026-08-23T00:16:58Z,Unknown,15,Unknown,True,False,
2026-08-23T00:17:02Z,IL,IL00064IE008500039,2026-08-23T00:16:58Z,Unknown,0,Unknown,True,False,
2026-08-23T00:17:02Z,IL,IL00072IE015200041,2026-08-23T00:16:39Z,13,16,STEADY,True,True,
2026-08-23T00:17:02Z,IL,IL00064IW013000053,2026-08-23T00:16:58Z,0,0,Unknown,False,False,
2026-08-23T00:17:02Z,IL,IL00070IW002700015,2026-08-23T00:16:58Z,Unknown,0,Unknown,True,False,
2026-08-23T00:17:02Z,IL,IL00074IE011400005,2026-08-23T00:17:00Z,Unknown,25,Unknown,True,False,
2026-08-23T00:17:02Z,IL,IL00074IW006200004,2026-08-23T00:16:43Z,9,12,STEADY,True,True,
2026-08-23T00:17:02Z,IL,IL00070IW008700045,2026-08-23T00:13:35Z,2,15,STEADY,True,True,
2026-08-23T00:17:02Z,IL,IL00057IS016500018,2026-08-23T00:16:46Z,3,15,CLEARING,True,True,
2026-08-23T00:17:02Z,IL,IL00074IW011400006,2026-08-23T00:16:17Z,13,18,CLEARING,True,True,
2026-08-23T00:17:02Z,IL,IL00074IE006200001,2026-08-23T00:16:18Z,11,13,STEADY,True,True,
2026-08-23T00:17:02Z,IL,IL00070IW014900008,2026-08-23T00:16:50Z,Unknown,39,Unknown,True,False,
2026-08-23T00:17:02Z,IL,IL00057IN016500044,2026-08-23T00:16:23Z,0,15,STEADY,False,False,
2026-08-23T00:17:02Z,IL,IL00055IS010400024,2026-08-23T00:13:13Z,Unknown,0,STEADY,,False,
2026-08-23T00:17:02Z,IL,IL00057IS003200025,2026-08-23T00:13:13Z,Unknown,0,STEADY,,False,
2026-08-23T00:17:02Z,IL,IL00057IN003200035,2026-08-23T00:13:13Z,Unknown,17,STEADY,,False,
2026-08-23T00:17:02Z,KY,KY00065IS0000020N65WELCOM,2026-08-23T00:16:02Z,LOW,21,STEADY,True,True,
2026-08-23T00:17:02Z,KY,KY00065IS000020NSMARATHON,2025-12-19T00:36:53Z,10,60,STEADY,True,False,
2026-08-23T00:17:02Z,KY,KY00065IS0000340NWEIGHS34,2026-07-01T19:04:41Z,33,40,STEADY,True,False,
2026-08-23T00:17:02Z,KY,KY00065IS0011400S65SRA114,2026-08-23T00:16:09Z,22,26,FILLING,True,True,
2026-08-23T00:17:02Z,KY,KY00065IS0005900S65SRA059,2026-08-23T00:16:07Z,97,109,STEADY,True,True,
2026-08-23T00:17:02Z,KY,KY00065IS0005900N65NRA059,2026-08-17T17:24:33Z,13,113,STEADY,True,False,
2026-08-23T00:17:02Z,KY,KY00075IS0003300NWEIGHS33,2026-08-23T00:15:45Z,50,50,STEADY,True,False,
2026-08-23T00:17:02Z,KY,KY00075IS0003400SWEIGHS34,2026-08-23T00:15:49Z,LOW,40,STEADY,True,True,
2026-08-23T00:17:02Z,KY,KY00075IS0017700N75NRA177,2026-07-13T10:37:14Z,LOW,53,CLEARING,True,False,
2026-08-23T00:17:02Z,KY,KY00075IS0007500SWALTONWS,2026-08-23T00:15:56Z,41,45,STEADY,True,True,
2026-08-23T00:17:02Z,KY,KY00075IS0017700S75SRA177,2026-08-23T00:15:48Z,60,67,STEADY,True,True,
2026-08-23T00:17:02Z,KY,KY00075IS0016800SCRITENWS,2026-08-23T00:15:51Z,35,39,STEADY,True,True,
2026-08-23T00:17:02Z,KY,KY00075IS0000100N75WELCOM,2026-08-23T00:16:12Z,LOW,30,STEADY,True,True,
2026-08-23T00:32:01Z,IL,IL00055IS002700019,2026-08-23T00:31:49Z,Unknown,0,Unknown,True,False,
2026-08-23T00:32:01Z,IL,IL00070IE008600051,2026-08-23T00:31:49Z,0,0,Unknown,False,False,
2026-08-23T00:32:01Z,IL,IL00080IE011700043,2026-08-23T00:31:50Z,Unknown,31,Unknown,True,False,
2026-08-23T00:32:01Z,IL,IL00074IW015600009,2026-08-23T00:31:50Z,0,0,Unknown,False,False,
2026-08-23T00:32:01Z,IL,IL00064IW002500011,2026-08-23T00:31:50Z,Unknown,0,Unknown,True,False,
2026-08-23T00:32:01Z,IL,IL00074IW020800052,2026-08-23T00:31:50Z,Unknown,0,Unknown,True,False,
2026-08-23T00:32:01Z,IL,IL00055IN002700029,2026-08-23T00:31:50Z,Unknown,0,Unknown,True,False,
2026-08-23T00:32:01Z,IL,IL00057IN033300049,2026-08-23T00:31:50Z,Unknown,0,Unknown,True,False,
2026-08-23T00:32:01Z,IL,IL00080IW011700016,2026-08-23T00:31:50Z,0,39,Unknown,False,False,
2026-08-23T00:32:01Z,IL,IL00057IS011400023,2026-08-23T00:31:50Z,Unknown,0,Unknown,True,False,
2026-08-23T00:32:01Z,IL,IL00057IS033300046,2026-08-23T00:31:50Z,Unknown,0,Unknown,True,False,
2026-08-23T00:32:01Z,IL,IL00057IS022200054,2026-08-23T00:31:50Z,Unknown,0,Unknown,True,False,
2026-08-23T00:32:01Z,IL,IL00055IN019400031,2026-08-23T00:31:51Z,Unknown,36,Unknown,True,False,
2026-08-23T00:32:01Z,IL,IL00057IN011400033,2026-08-23T00:31:51Z,Unknown,0,Unknown,True,False,
2026-08-23T00:32:01Z,IL,IL00074IE015600037,2026-08-23T00:31:51Z,0,0,Unknown,False,False,
2026-08-23T00:32:01Z,IL,IL00039IN008500036,2026-08-23T00:31:51Z,Unknown,42,Unknown,True,False,
2026-08-23T00:32:01Z,IL,IL00055IS006400017,2026-08-23T00:31:51Z,Unknown,0,Unknown,True,False,
2026-08-23T00:32:01Z,IL,IL00055IS019400021,2026-08-23T00:31:49Z,Unknown,29,Unknown,True,False,
2026-08-23T00:32:01Z,IL,IL00074IE002800030,2026-08-23T00:31:49Z,Unknown,14,Unknown,True,False,
2026-08-23T00:32:01Z,IL,IL00024IW003700010,2026-08-23T00:31:49Z,Unknown,0,Unknown,True,False,
2026-08-23T00:32:01Z,IL,IL00080IE005100040,2026-08-23T00:31:49Z,Unknown,39,Unknown,True,False,
2026-08-23T00:32:01Z,IL,IL00070IE002700042,2026-08-23T00:31:49Z,Unknown,0,Unknown,True,False,
2026-08-23T00:32:01Z,IL,IL00080IW005100013,2026-08-23T00:31:49Z,Unknown,47,Unknown,True,False,
2026-08-23T00:32:01Z,IL,IL00072IW015200014,2026-08-23T00:31:49Z,Unknown,17,Unknown,True,False,
2026-08-23T00:32:01Z,IL,IL00064IW008500012,2026-08-23T00:31:50Z,Unknown,0,Unknown,True,False,
2026-08-23T00:32:01Z,IL,IL00055IN014900028,2026-08-23T00:31:50Z,Unknown,0,Unknown,True,False,
2026-08-23T00:32:01Z,IL,IL00057IN026800032,2026-08-23T00:31:50Z,Unknown,25,Unknown,True,False,
2026-08-23T00:32:01Z,IL,IL00055IN010400050,2026-08-23T00:31:50Z,0,0,Unknown,False,False,
2026-08-23T00:32:01Z,IL,IL00064IE002500038,2026-08-23T00:31:50Z,Unknown,0,Unknown,True,False,
2026-08-23T00:32:01Z,IL,IL00064IE008500039,2026-08-23T00:31:50Z,Unknown,0,Unknown,True,False,
2026-08-23T00:32:01Z,IL,IL00074IW002800020,2026-08-23T00:31:50Z,Unknown,15,Unknown,True,False,
2026-08-23T00:32:01Z,IL,IL00057IS026800022,2026-08-23T00:31:50Z,Unknown,27,Unknown,True,False,
2026-08-23T00:32:01Z,IL,IL00057IS007900047,2026-08-23T00:31:50Z,Unknown,0,Unknown,True,False,
2026-08-23T00:32:01Z,IL,IL00055IN006400027,2026-08-23T00:31:50Z,Unknown,0,Unknown,True,False,
2026-08-23T00:32:01Z,IL,IL00039IS008500026,2026-08-23T00:31:50Z,Unknown,42,Unknown,True,False,
2026-08-23T00:32:01Z,IL,IL00057IN022200048,2026-08-23T00:31:51Z,Unknown,0,Unknown,True,False,
2026-08-23T00:32:01Z,IL,IL00057IN007900034,2026-08-23T00:31:51Z,Unknown,0,Unknown,True,False,
2026-08-23T00:32:01Z,IL,IL00072IE015200041,2026-08-23T00:31:54Z,12,16,FILLING,True,True,
2026-08-23T00:32:01Z,IL,IL00070IW002700015,2026-08-23T00:31:54Z,Unknown,0,Unknown,True,False,
2026-08-23T00:32:01Z,IL,IL00064IW013000053,2026-08-23T00:31:54Z,0,0,Unknown,False,False,
2026-08-23T00:32:01Z,IL,IL00074IE011400005,2026-08-23T00:32:00Z,Unknown,25,Unknown,True,False,
2026-08-23T00:32:01Z,IL,IL00074IW006200004,2026-08-23T00:32:01Z,10,12,STEADY,True,True,
2026-08-23T00:32:01Z,IL,IL00070IW008700045,2026-08-23T00:29:54Z,2,15,CLEARING,True,True,
2026-08-23T00:32:01Z,IL,IL00057IS016500018,2026-08-23T00:29:55Z,2,15,FILLING,True,True,
2026-08-23T00:32:01Z,IL,IL00074IW011400006,2026-08-23T00:31:48Z,13,18,STEADY,True,True,
2026-08-23T00:32:01Z,IL,IL00074IE006200001,2026-08-23T00:31:49Z,11,13,STEADY,True,True,
2026-08-23T00:32:01Z,IL,IL00070IW014900008,2026-08-23T00:31:36Z,Unknown,39,Unknown,True,False,
2026-08-23T00:32:01Z,IL,IL00057IN016500044,2026-08-23T00:31:39Z,0,15,STEADY,False,False,
2026-08-23T00:32:01Z,IL,IL00055IS010400024,2026-08-23T00:29:55Z,Unknown,0,STEADY,,False,
2026-08-23T00:32:01Z,IL,IL00057IS003200025,2026-08-23T00:29:55Z,Unknown,0,STEADY,,False,
2026-08-23T00:32:01Z,IL,IL00057IN003200035,2026-08-23T00:29:55Z,Unknown,17,STEADY,,False,
2026-08-23T00:32:01Z,KY,KY00065IS0000020N65WELCOM,2026-08-23T00:31:02Z,LOW,21,STEADY,True,True,
2026-08-23T00:32:01Z,KY,KY00065IS000020NSMARATHON,2025-12-19T00:36:53Z,10,60,STEADY,True,False,
2026-08-23T00:32:01Z,KY,KY00065IS0000340NWEIGHS34,2026-07-01T19:04:41Z,33,40,STEADY,True,False,
2026-08-23T00:32:01Z,KY,KY00065IS0011400S65SRA114,2026-08-23T00:31:09Z,20,26,FILLING,True,True,
2026-08-23T00:32:01Z,KY,KY00065IS0005900S65SRA059,2026-08-23T00:31:07Z,90,109,FILLING,True,True,
2026-08-23T00:32:01Z,KY,KY00065IS0005900N65NRA059,2026-08-17T17:24:33Z,13,113,STEADY,True,False,
2026-08-23T00:32:01Z,KY,KY00075IS0003300NWEIGHS33,2026-08-23T00:30:46Z,50,50,STEADY,True,False,
2026-08-23T00:32:01Z,KY,KY00075IS0003400SWEIGHS34,2026-08-23T00:30:50Z,LOW,40,STEADY,True,True,
2026-08-23T00:32:01Z,KY,KY00075IS0017700N75NRA177,2026-07-13T10:37:14Z,LOW,53,CLEARING,True,False,
2026-08-23T00:32:01Z,KY,KY00075IS0007500SWALTONWS,2026-08-23T00:30:55Z,43,45,STEADY,True,True,
2026-08-23T00:32:01Z,KY,KY00075IS0017700S75SRA177,2026-08-23T00:30:48Z,53,67,FILLING,True,True,
2026-08-23T00:32:01Z,KY,KY00075IS0016800SCRITENWS,2026-08-23T00:30:52Z,33,39,FILLING,True,True,
2026-08-23T00:32:01Z,KY,KY00075IS0000100N75WELCOM,2026-08-23T00:31:12Z,LOW,30,STEADY,True,True,
2026-08-23T00:47:01Z,IL,IL00074IW002800020,2026-08-23T00:46:48Z,Unknown,15,Unknown,True,False,
2026-08-23T00:47:01Z,IL,IL00057IS011400023,2026-08-23T00:46:48Z,Unknown,0,Unknown,True,False,
2026-08-23T00:47:01Z,IL,IL00070IE002700042,2026-08-23T00:46:48Z,Unknown,0,Unknown,True,False,
2026-08-23T00:47:01Z,IL,IL00057IN033300049,2026-08-23T00:46:48Z,Unknown,0,Unknown,True,False,
2026-08-23T00:47:01Z,IL,IL00055IN019400031,2026-08-23T00:46:48Z,Unknown,36,Unknown,True,False,
2026-08-23T00:47:01Z,IL,IL00055IN014900028,2026-08-23T00:46:48Z,Unknown,0,Unknown,True,False,
2026-08-23T00:47:01Z,IL,IL00072IE015200041,2026-08-23T00:46:13Z,12,16,STEADY,True,True,
2026-08-23T00:47:01Z,IL,IL00072IW015200014,2026-08-23T00:46:47Z,Unknown,17,Unknown,True,False,
2026-08-23T00:47:01Z,IL,IL00055IS002700019,2026-08-23T00:46:47Z,Unknown,0,Unknown,True,False,
2026-08-23T00:47:01Z,IL,IL00039IS008500026,2026-08-23T00:46:47Z,Unknown,42,Unknown,True,False,
2026-08-23T00:47:01Z,IL,IL00057IN022200048,2026-08-23T00:46:47Z,Unknown,0,Unknown,True,False,
2026-08-23T00:47:01Z,IL,IL00055IS019400021,2026-08-23T00:46:47Z,Unknown,29,Unknown,True,False,
2026-08-23T00:47:01Z,IL,IL00024IW003700010,2026-08-23T00:46:47Z,Unknown,0,Unknown,True,False,
2026-08-23T00:47:01Z,IL,IL00074IE002800030,2026-08-23T00:46:47Z,Unknown,14,Unknown,True,False,
2026-08-23T00:47:01Z,IL,IL00057IS007900047,2026-08-23T00:46:47Z,Unknown,0,Unknown,True,False,
2026-08-23T00:47:01Z,IL,IL00064IW008500012,2026-08-23T00:46:47Z,Unknown,0,Unknown,True,False,
2026-08-23T00:47:01Z,IL,IL00057IS026800022,2026-08-23T00:46:47Z,Unknown,27,Unknown,True,False,
2026-08-23T00:47:01Z,IL,IL00080IW011700016,2026-08-23T00:46:47Z,0,39,Unknown,False,False,
2026-08-23T00:47:01Z,IL,IL00055IN002700029,2026-08-23T00:46:47Z,Unknown,0,Unknown,True,False,
2026-08-23T00:47:01Z,IL,IL00055IS006400017,2026-08-23T00:46:47Z,Unknown,0,Unknown,True,False,
2026-08-23T00:47:01Z,IL,IL00064IE002500038,2026-08-23T00:46:47Z,Unknown,0,Unknown,True,False,
2026-08-23T00:47:01Z,IL,IL00070IW002700015,2026-08-23T00:46:47Z,Unknown,0,Unknown,True,False,
2026-08-23T00:47:01Z,IL,IL00080IE005100040,2026-08-23T00:46:47Z,Unknown,39,Unknown,True,False,
2026-08-23T00:47:01Z,IL,IL00039IN008500036,2026-08-23T00:46:47Z,Unknown,42,Unknown,True,False,
2026-08-23T00:47:01Z,IL,IL00074IW020800052,2026-08-23T00:46:47Z,Unknown,0,Unknown,True,False,
2026-08-23T00:47:01Z,IL,IL00074IE015600037,2026-08-23T00:46:47Z,0,0,Unknown,False,False,
2026-08-23T00:47:01Z,IL,IL00064IE008500039,2026-08-23T00:46:48Z,Unknown,0,Unknown,True,False,
2026-08-23T00:47:01Z,IL,IL00057IN026800032,2026-08-23T00:46:48Z,Unknown,25,Unknown,True,False,
2026-08-23T00:47:01Z,IL,IL00057IN011400033,2026-08-23T00:46:48Z,Unknown,0,Unknown,True,False,
2026-08-23T00:47:01Z,IL,IL00055IN010400050,2026-08-23T00:46:48Z,0,0,Unknown,False,False,
2026-08-23T00:47:01Z,IL,IL00070IE008600051,2026-08-23T00:46:48Z,0,0,Unknown,False,False,
2026-08-23T00:47:01Z,IL,IL00074IW015600009,2026-08-23T00:46:48Z,0,0,Unknown,False,False,
2026-08-23T00:47:01Z,IL,IL00057IS022200054,2026-08-23T00:46:48Z,Unknown,0,Unknown,True,False,
2026-08-23T00:47:01Z,IL,IL00064IW002500011,2026-08-23T00:46:48Z,Unknown,0,Unknown,True,False,
2026-08-23T00:47:01Z,IL,IL00064IW013000053,2026-08-23T00:46:48Z,0,0,Unknown,False,False,
2026-08-23T00:47:01Z,IL,IL00057IN007900034,2026-08-23T00:46:48Z,Unknown,0,Unknown,True,False,
2026-08-23T00:47:01Z,IL,IL00080IW005100013,2026-08-23T00:46:48Z,Unknown,47,Unknown,True,False,
2026-08-23T00:47:01Z,IL,IL00080IE011700043,2026-08-23T00:46:48Z,Unknown,31,Unknown,True,False,
2026-08-23T00:47:01Z,IL,IL00055IN006400027,2026-08-23T00:46:48Z,Unknown,0,Unknown,True,False,
2026-08-23T00:47:01Z,IL,IL00057IS033300046,2026-08-23T00:46:48Z,Unknown,0,Unknown,True,False,
2026-08-23T00:47:01Z,IL,IL00074IE011400005,2026-08-23T00:46:54Z,Unknown,25,Unknown,True,False,
2026-08-23T00:47:01Z,IL,IL00074IW006200004,2026-08-23T00:46:24Z,10,12,STEADY,True,True,
2026-08-23T00:47:01Z,IL,IL00070IW008700045,2026-08-23T00:46:11Z,1,15,FILLING,True,True,
2026-08-23T00:47:01Z,IL,IL00057IS016500018,2026-08-23T00:46:58Z,2,15,CLEARING,True,True,
2026-08-23T00:47:01Z,IL,IL00074IW011400006,2026-08-23T00:46:36Z,14,18,CLEARING,True,True,
2026-08-23T00:47:01Z,IL,IL00074IE006200001,2026-08-23T00:46:36Z,10,13,FILLING,True,True,
2026-08-23T00:47:01Z,IL,IL00070IW014900008,2026-08-23T00:45:51Z,Unknown,39,Unknown,True,False,
2026-08-23T00:47:01Z,IL,IL00057IN016500044,2026-08-23T00:47:01Z,0,15,STEADY,False,False,
2026-08-23T00:47:01Z,IL,IL00055IS010400024,2026-08-23T00:46:12Z,Unknown,0,STEADY,,False,
2026-08-23T00:47:01Z,IL,IL00057IS003200025,2026-08-23T00:46:12Z,Unknown,0,STEADY,,False,
2026-08-23T00:47:01Z,IL,IL00057IN003200035,2026-08-23T00:46:12Z,Unknown,17,STEADY,,False,
2026-08-23T00:47:01Z,KY,KY00065IS0000020N65WELCOM,2026-08-23T00:46:01Z,LOW,21,STEADY,True,True,
2026-08-23T00:47:01Z,KY,KY00065IS000020NSMARATHON,2025-12-19T00:36:53Z,10,60,STEADY,True,False,
2026-08-23T00:47:01Z,KY,KY00065IS0000340NWEIGHS34,2026-07-01T19:04:41Z,33,40,STEADY,True,False,
2026-08-23T00:47:01Z,KY,KY00065IS0011400S65SRA114,2026-08-23T00:46:09Z,22,26,STEADY,True,True,
2026-08-23T00:47:01Z,KY,KY00065IS0005900S65SRA059,2026-08-23T00:46:07Z,87,109,FILLING,True,True,
2026-08-23T00:47:01Z,KY,KY00065IS0005900N65NRA059,2026-08-17T17:24:33Z,13,113,STEADY,True,False,
2026-08-23T00:47:01Z,KY,KY00075IS0003300NWEIGHS33,2026-08-23T00:45:46Z,50,50,STEADY,True,False,
2026-08-23T00:47:01Z,KY,KY00075IS0003400SWEIGHS34,2026-08-23T00:45:50Z,LOW,40,STEADY,True,True,
2026-08-23T00:47:01Z,KY,KY00075IS0017700N75NRA177,2026-07-13T10:37:14Z,LOW,53,CLEARING,True,False,
2026-08-23T00:47:01Z,KY,KY00075IS0007500SWALTONWS,2026-08-23T00:45:55Z,43,45,STEADY,True,True,
2026-08-23T00:47:01Z,KY,KY00075IS0017700S75SRA177,2026-08-23T00:45:48Z,55,67,FILLING,True,True,
2026-08-23T00:47:01Z,KY,KY00075IS0016800SCRITENWS,2026-08-23T00:45:52Z,34,39,STEADY,True,True,
2026-08-23T00:47:01Z,KY,KY00075IS0000100N75WELCOM,2026-08-23T00:46:11Z,LOW,30,STEADY,True,True,
2026-08-23T01:02:01Z,IL,IL00080IE005100040,2026-08-23T01:01:47Z,Unknown,39,Unknown,True,False,
2026-08-23T01:02:01Z,IL,IL00055IN014900028,2026-08-23T01:01:47Z,Unknown,0,Unknown,True,False,
2026-08-23T01:02:01Z,IL,IL00080IE011700043,2026-08-23T01:01:48Z,Unknown,31,Unknown,True,False,
2026-08-23T01:02:01Z,IL,IL00080IW011700016,2026-08-23T01:01:48Z,0,39,Unknown,False,False,
2026-08-23T01:02:01Z,IL,IL00070IE002700042,2026-08-23T01:01:48Z,Unknown,0,Unknown,True,False,
2026-08-23T01:02:01Z,IL,IL00072IW015200014,2026-08-23T01:01:48Z,Unknown,17,Unknown,True,False,
2026-08-23T01:02:01Z,IL,IL00055IN019400031,2026-08-23T01:01:48Z,Unknown,36,Unknown,True,False,
2026-08-23T01:02:01Z,IL,IL00057IN022200048,2026-08-23T01:01:48Z,Unknown,0,Unknown,True,False,
2026-08-23T01:02:01Z,IL,IL00039IS008500026,2026-08-23T01:01:48Z,Unknown,42,Unknown,True,False,
2026-08-23T01:02:01Z,IL,IL00074IW015600009,2026-08-23T01:01:48Z,0,0,Unknown,False,False,
2026-08-23T01:02:01Z,IL,IL00057IS033300046,2026-08-23T01:01:48Z,Unknown,0,Unknown,True,False,
2026-08-23T01:02:01Z,IL,IL00074IE002800030,2026-08-23T01:01:48Z,Unknown,14,Unknown,True,False,
2026-08-23T01:02:01Z,IL,IL00055IS006400017,2026-08-23T01:01:48Z,Unknown,0,Unknown,True,False,
2026-08-23T01:02:01Z,IL,IL00064IE002500038,2026-08-23T01:01:48Z,Unknown,0,Unknown,True,False,
2026-08-23T01:02:01Z,IL,IL00024IW003700010,2026-08-23T01:01:48Z,Unknown,0,Unknown,True,False,
2026-08-23T01:02:01Z,IL,IL00057IN026800032,2026-08-23T01:01:48Z,Unknown,25,Unknown,True,False,
2026-08-23T01:02:01Z,IL,IL00064IW002500011,2026-08-23T01:01:48Z,Unknown,0,Unknown,True,False,
2026-08-23T01:02:01Z,IL,IL00074IW002800020,2026-08-23T01:01:48Z,Unknown,15,Unknown,True,False,
2026-08-23T01:02:01Z,IL,IL00057IS022200054,2026-08-23T01:01:49Z,Unknown,0,Unknown,True,False,
2026-08-23T01:02:01Z,IL,IL00039IN008500036,2026-08-23T01:01:49Z,Unknown,42,Unknown,True,False,
2026-08-23T01:02:01Z,IL,IL00057IN011400033,2026-08-23T01:01:49Z,Unknown,0,Unknown,True,False,
2026-08-23T01:02:01Z,IL,IL00055IN010400050,2026-08-23T01:01:49Z,0,0,Unknown,False,False,
2026-08-23T01:02:01Z,IL,IL00074IE015600037,2026-08-23T01:01:49Z,0,0,Unknown,False,False,
2026-08-23T01:02:01Z,IL,IL00070IE008600051,2026-08-23T01:01:49Z,0,0,Unknown,False,False,
2026-08-23T01:02:01Z,IL,IL00057IS026800022,2026-08-23T01:01:49Z,Unknown,27,Unknown,True,False,
2026-08-23T01:02:01Z,IL,IL00072IE015200041,2026-08-23T00:57:22Z,12,16,STEADY,True,True,
2026-08-23T01:02:01Z,IL,IL00064IW008500012,2026-08-23T01:01:47Z,Unknown,0,Unknown,True,False,
2026-08-23T01:02:01Z,IL,IL00055IS002700019,2026-08-23T01:01:47Z,Unknown,0,Unknown,True,False,
2026-08-23T01:02:01Z,IL,IL00057IS011400023,2026-08-23T01:01:47Z,Unknown,0,Unknown,True,False,
2026-08-23T01:02:01Z,IL,IL00055IN002700029,2026-08-23T01:01:47Z,Unknown,0,Unknown,True,False,
2026-08-23T01:02:01Z,IL,IL00080IW005100013,2026-08-23T01:01:47Z,Unknown,47,Unknown,True,False,
2026-08-23T01:02:01Z,IL,IL00074IW020800052,2026-08-23T01:01:48Z,Unknown,0,Unknown,True,False,
2026-08-23T01:02:01Z,IL,IL00055IS019400021,2026-08-23T01:01:48Z,Unknown,29,Unknown,True,False,
2026-08-23T01:02:01Z,IL,IL00057IS007900047,2026-08-23T01:01:48Z,Unknown,0,Unknown,True,False,
2026-08-23T01:02:01Z,IL,IL00055IN006400027,2026-08-23T01:01:48Z,Unknown,0,Unknown,True,False,
2026-08-23T01:02:01Z,IL,IL00064IE008500039,2026-08-23T01:01:49Z,Unknown,0,Unknown,True,False,
2026-08-23T01:02:01Z,IL,IL00070IW002700015,2026-08-23T01:01:49Z,Unknown,0,Unknown,True,False,
2026-08-23T01:02:01Z,IL,IL00057IN007900034,2026-08-23T01:01:49Z,Unknown,0,Unknown,True,False,
2026-08-23T01:02:01Z,IL,IL00064IW013000053,2026-08-23T01:01:49Z,0,0,Unknown,False,False,
2026-08-23T01:02:01Z,IL,IL00057IN033300049,2026-08-23T01:01:49Z,Unknown,0,Unknown,True,False,
2026-08-23T01:02:01Z,IL,IL00074IE011400005,2026-08-23T01:01:36Z,Unknown,25,Unknown,True,False,
2026-08-23T01:02:01Z,IL,IL00074IW006200004,2026-08-23T01:00:51Z,8,12,FILLING,True,True,
2026-08-23T01:02:01Z,IL,IL00070IW008700045,2026-08-23T00:58:59Z,5,15,CLEARING,True,True,
2026-08-23T01:02:01Z,IL,IL00057IS016500018,2026-08-23T00:57:21Z,2,15,STEADY,True,True,
2026-08-23T01:02:01Z,IL,IL00074IW011400006,2026-08-23T01:00:53Z,14,18,STEADY,True,True,
2026-08-23T01:02:01Z,IL,IL00074IE006200001,2026-08-23T01:00:54Z,10,13,STEADY,True,True,
2026-08-23T01:02:01Z,IL,IL00070IW014900008,2026-08-23T01:01:00Z,Unknown,39,Unknown,True,False,
2026-08-23T01:02:01Z,IL,IL00057IN016500044,2026-08-23T00:57:22Z,0,15,STEADY,False,False,
2026-08-23T01:02:01Z,IL,IL00055IS010400024,2026-08-23T00:57:22Z,Unknown,0,STEADY,,False,
2026-08-23T01:02:01Z,IL,IL00057IS003200025,2026-08-23T00:57:22Z,Unknown,0,STEADY,,False,
2026-08-23T01:02:01Z,IL,IL00057IN003200035,2026-08-23T00:57:22Z,Unknown,17,STEADY,,False,
2026-08-23T01:02:01Z,KY,KY00065IS0000020N65WELCOM,2026-08-23T01:01:01Z,LOW,21,STEADY,True,True,
2026-08-23T01:02:01Z,KY,KY00065IS000020NSMARATHON,2025-12-19T00:36:53Z,10,60,STEADY,True,False,
2026-08-23T01:02:01Z,KY,KY00065IS0000340NWEIGHS34,2026-07-01T19:04:41Z,33,40,STEADY,True,False,
2026-08-23T01:02:01Z,KY,KY00065IS0011400S65SRA114,2026-08-23T01:01:09Z,22,26,CLEARING,True,True,
2026-08-23T01:02:01Z,KY,KY00065IS0005900S65SRA059,2026-08-23T01:01:07Z,80,109,FILLING,True,True,
2026-08-23T01:02:01Z,KY,KY00065IS0005900N65NRA059,2026-08-17T17:24:33Z,13,113,STEADY,True,False,
2026-08-23T01:02:01Z,KY,KY00075IS0003300NWEIGHS33,2026-08-23T01:00:45Z,50,50,STEADY,True,False,
2026-08-23T01:02:01Z,KY,KY00075IS0003400SWEIGHS34,2026-08-23T01:00:50Z,LOW,40,STEADY,True,True,
2026-08-23T01:02:01Z,KY,KY00075IS0017700N75NRA177,2026-07-13T10:37:14Z,LOW,53,CLEARING,True,False,
2026-08-23T01:02:01Z,KY,KY00075IS0007500SWALTONWS,2026-08-23T01:00:56Z,43,45,STEADY,True,True,
2026-08-23T01:02:01Z,KY,KY00075IS0017700S75SRA177,2026-08-23T01:00:48Z,51,67,STEADY,True,True,
2026-08-23T01:02:01Z,KY,KY00075IS0016800SCRITENWS,2026-08-23T01:00:52Z,30,39,FILLING,True,True,
2026-08-23T01:02:01Z,KY,KY00075IS0000100N75WELCOM,2026-08-23T01:01:11Z,LOW,30,STEADY,True,True,
2026-08-23T01:17:02Z,IL,IL00080IE011700043,2026-08-23T01:16:45Z,Unknown,31,Unknown,True,False,
2026-08-23T01:17:02Z,IL,IL00057IS022200054,2026-08-23T01:16:45Z,Unknown,0,Unknown,True,False,
2026-08-23T01:17:02Z,IL,IL00057IN011400033,2026-08-23T01:16:45Z,Unknown,0,Unknown,True,False,
2026-08-23T01:17:02Z,IL,IL00072IW015200014,2026-08-23T01:16:45Z,Unknown,17,Unknown,True,False,
2026-08-23T01:17:02Z,IL,IL00055IS019400021,2026-08-23T01:16:45Z,Unknown,29,Unknown,True,False,
2026-08-23T01:17:02Z,IL,IL00070IE002700042,2026-08-23T01:16:45Z,Unknown,0,Unknown,True,False,
2026-08-23T01:17:02Z,IL,IL00055IN002700029,2026-08-23T01:16:45Z,Unknown,0,Unknown,True,False,
2026-08-23T01:17:02Z,IL,IL00039IS008500026,2026-08-23T01:16:45Z,Unknown,42,Unknown,True,False,
2026-08-23T01:17:02Z,IL,IL00064IW002500011,2026-08-23T01:16:45Z,Unknown,0,Unknown,True,False,
2026-08-23T01:17:02Z,IL,IL00074IE015600037,2026-08-23T01:16:45Z,0,0,Unknown,False,False,
2026-08-23T01:17:02Z,IL,IL00057IS007900047,2026-08-23T01:16:45Z,Unknown,0,Unknown,True,False,
2026-08-23T01:17:02Z,IL,IL00064IW008500012,2026-08-23T01:16:45Z,Unknown,0,Unknown,True,False,
2026-08-23T01:17:02Z,IL,IL00039IN008500036,2026-08-23T01:16:45Z,Unknown,42,Unknown,True,False,
2026-08-23T01:17:02Z,IL,IL00055IN019400031,2026-08-23T01:16:45Z,Unknown,36,Unknown,True,False,
2026-08-23T01:17:02Z,IL,IL00080IW011700016,2026-08-23T01:16:45Z,0,39,Unknown,False,False,
2026-08-23T01:17:02Z,IL,IL00080IE005100040,2026-08-23T01:16:46Z,Unknown,39,Unknown,True,False,
2026-08-23T01:17:02Z,IL,IL00055IN014900028,2026-08-23T01:16:46Z,Unknown,0,Unknown,True,False,
2026-08-23T01:17:02Z,IL,IL00074IW002800020,2026-08-23T01:16:46Z,Unknown,15,Unknown,True,False,
2026-08-23T01:17:02Z,IL,IL00057IN026800032,2026-08-23T01:16:46Z,Unknown,25,Unknown,True,False,
2026-08-23T01:17:02Z,IL,IL00055IS006400017,2026-08-23T01:16:46Z,Unknown,0,Unknown,True,False,
2026-08-23T01:17:02Z,IL,IL00080IW005100013,2026-08-23T01:16:46Z,Unknown,47,Unknown,True,False,
2026-08-23T01:17:02Z,IL,IL00057IS033300046,2026-08-23T01:16:46Z,Unknown,0,Unknown,True,False,
2026-08-23T01:17:02Z,IL,IL00070IE008600051,2026-08-23T01:16:46Z,0,0,Unknown,False,False,
2026-08-23T01:17:02Z,IL,IL00070IW002700015,2026-08-23T01:16:46Z,Unknown,0,Unknown,True,False,
2026-08-23T01:17:02Z,IL,IL00024IW003700010,2026-08-23T01:16:46Z,Unknown,0,Unknown,True,False,
2026-08-23T01:17:02Z,IL,IL00074IW015600009,2026-08-23T01:16:46Z,0,0,Unknown,False,False,
2026-08-23T01:17:02Z,IL,IL00064IE002500038,2026-08-23T01:16:46Z,Unknown,0,Unknown,True,False,
2026-08-23T01:17:02Z,IL,IL00064IE008500039,2026-08-23T01:16:46Z,Unknown,0,Unknown,True,False,
2026-08-23T01:17:02Z,IL,IL00057IN022200048,2026-08-23T01:16:46Z,Unknown,0,Unknown,True,False,
2026-08-23T01:17:02Z,IL,IL00055IN010400050,2026-08-23T01:16:46Z,0,0,Unknown,False,False,
2026-08-23T01:17:02Z,IL,IL00055IN006400027,2026-08-23T01:16:46Z,Unknown,0,Unknown,True,False,
2026-08-23T01:17:02Z,IL,IL00064IW013000053,2026-08-23T01:16:45Z,0,0,Unknown,False,False,
2026-08-23T01:17:02Z,IL,IL00057IS026800022,2026-08-23T01:16:45Z,Unknown,27,Unknown,True,False,
2026-08-23T01:17:02Z,IL,IL00055IS002700019,2026-08-23T01:16:45Z,Unknown,0,Unknown,True,False,
2026-08-23T01:17:02Z,IL,IL00072IE015200041,2026-08-23T01:14:04Z,12,16,FILLING,True,True,
2026-08-23T01:17:02Z,IL,IL00074IE002800030,2026-08-23T01:16:46Z,Unknown,14,Unknown,True,False,
2026-08-23T01:17:02Z,IL,IL00074IW020800052,2026-08-23T01:16:46Z,Unknown,0,Unknown,True,False,
2026-08-23T01:17:02Z,IL,IL00057IS011400023,2026-08-23T01:16:46Z,Unknown,0,Unknown,True,False,
2026-08-23T01:17:02Z,IL,IL00057IN033300049,2026-08-23T01:16:46Z,Unknown,0,Unknown,True,False,
2026-08-23T01:17:02Z,IL,IL00057IN007900034,2026-08-23T01:16:46Z,Unknown,0,Unknown,True,False,
2026-08-23T01:17:02Z,IL,IL00074IE011400005,2026-08-23T01:16:34Z,Unknown,25,Unknown,True,False,
2026-08-23T01:17:02Z,IL,IL00074IW006200004,2026-08-23T01:16:12Z,9,12,STEADY,True,True,
2026-08-23T01:17:02Z,IL,IL00070IW008700045,2026-08-23T01:14:18Z,3,15,CLEARING,True,True,
2026-08-23T01:17:02Z,IL,IL00057IS016500018,2026-08-23T01:14:03Z,0,15,FILLING,True,True,
2026-08-23T01:17:02Z,IL,IL00074IW011400006,2026-08-23T01:16:14Z,15,18,STEADY,True,True,
2026-08-23T01:17:02Z,IL,IL00074IE006200001,2026-08-23T01:16:15Z,10,13,STEADY,True,True,
2026-08-23T01:17:02Z,IL,IL00070IW014900008,2026-08-23T01:16:00Z,Unknown,39,Unknown,True,False,
2026-08-23T01:17:02Z,IL,IL00057IN016500044,2026-08-23T01:14:03Z,0,15,STEADY,False,False,
2026-08-23T01:17:02Z,IL,IL00055IS010400024,2026-08-23T01:14:03Z,Unknown,0,STEADY,,False,
2026-08-23T01:17:02Z,IL,IL00057IS003200025,2026-08-23T01:14:03Z,Unknown,0,STEADY,,False,
2026-08-23T01:17:02Z,IL,IL00057IN003200035,2026-08-23T01:14:04Z,Unknown,17,STEADY,,False,
2026-08-23T01:17:02Z,KY,KY00065IS0000020N65WELCOM,2026-08-23T01:16:02Z,LOW,21,STEADY,True,True,
2026-08-23T01:17:02Z,KY,KY00065IS000020NSMARATHON,2025-12-19T00:36:53Z,10,60,STEADY,True,False,
2026-08-23T01:17:02Z,KY,KY00065IS0000340NWEIGHS34,2026-07-01T19:04:41Z,33,40,STEADY,True,False,
2026-08-23T01:17:02Z,KY,KY00065IS0011400S65SRA114,2026-08-23T01:16:09Z,15,26,FILLING,True,True,
2026-08-23T01:17:02Z,KY,KY00065IS0005900S65SRA059,2026-08-23T01:16:07Z,82,109,FILLING,True,True,
2026-08-23T01:17:02Z,KY,KY00065IS0005900N65NRA059,2026-08-17T17:24:33Z,13,113,STEADY,True,False,
2026-08-23T01:17:02Z,KY,KY00075IS0003300NWEIGHS33,2026-08-23T01:15:46Z,50,50,STEADY,True,False,
2026-08-23T01:17:02Z,KY,KY00075IS0003400SWEIGHS34,2026-08-23T01:15:50Z,LOW,40,STEADY,True,True,
2026-08-23T01:17:02Z,KY,KY00075IS0017700N75NRA177,2026-07-13T10:37:14Z,LOW,53,CLEARING,True,False,
2026-08-23T01:17:02Z,KY,KY00075IS0007500SWALTONWS,2026-08-23T01:15:56Z,43,45,STEADY,True,True,
2026-08-23T01:17:02Z,KY,KY00075IS0017700S75SRA177,2026-08-23T01:15:48Z,51,67,FILLING,True,True,
2026-08-23T01:17:02Z,KY,KY00075IS0016800SCRITENWS,2026-08-23T01:15:52Z,31,39,FILLING,True,True,
2026-08-23T01:17:02Z,KY,KY00075IS0000100N75WELCOM,2026-08-23T01:16:12Z,LOW,30,STEADY,True,True,
2026-08-23T01:32:01Z,IL,IL00057IN022200048,2026-08-23T01:31:59Z,Unknown,0,Unknown,True,False,
2026-08-23T01:32:01Z,IL,IL00064IW002500011,2026-08-23T01:31:59Z,Unknown,0,Unknown,True,False,
2026-08-23T01:32:01Z,IL,IL00072IE015200041,2026-08-23T01:31:06Z,13,16,CLEARING,True,True,
2026-08-23T01:32:01Z,IL,IL00074IW015600009,2026-08-23T01:31:59Z,0,0,Unknown,False,False,
2026-08-23T01:32:01Z,IL,IL00080IW005100013,2026-08-23T01:31:59Z,Unknown,47,Unknown,True,False,
2026-08-23T01:32:01Z,IL,IL00057IN026800032,2026-08-23T01:31:59Z,Unknown,25,Unknown,True,False,
2026-08-23T01:32:01Z,IL,IL00057IS022200054,2026-08-23T01:31:59Z,Unknown,0,Unknown,True,False,
2026-08-23T01:32:01Z,IL,IL00057IS033300046,2026-08-23T01:31:59Z,Unknown,0,Unknown,True,False,
2026-08-23T01:32:01Z,IL,IL00080IE005100040,2026-08-23T01:31:59Z,Unknown,39,Unknown,True,False,
2026-08-23T01:32:01Z,IL,IL00055IN010400050,2026-08-23T01:31:59Z,0,0,Unknown,False,False,
2026-08-23T01:32:01Z,IL,IL00074IE015600037,2026-08-23T01:31:59Z,0,0,Unknown,False,False,
2026-08-23T01:32:01Z,IL,IL00064IE002500038,2026-08-23T01:32:00Z,Unknown,0,Unknown,True,False,
2026-08-23T01:32:01Z,IL,IL00064IW008500012,2026-08-23T01:32:00Z,Unknown,0,Unknown,True,False,
2026-08-23T01:32:01Z,IL,IL00064IW013000053,2026-08-23T01:32:00Z,0,0,Unknown,False,False,
2026-08-23T01:32:01Z,IL,IL00070IE008600051,2026-08-23T01:32:00Z,0,0,Unknown,False,False,
2026-08-23T01:32:01Z,IL,IL00055IS006400017,2026-08-23T01:32:00Z,Unknown,0,Unknown,True,False,
2026-08-23T01:32:01Z,IL,IL00055IS002700019,2026-08-23T01:32:00Z,Unknown,0,Unknown,True,False,
2026-08-23T01:32:01Z,IL,IL00055IN006400027,2026-08-23T01:32:00Z,Unknown,0,Unknown,True,False,
2026-08-23T01:32:01Z,IL,IL00072IW015200014,2026-08-23T01:32:00Z,Unknown,17,Unknown,True,False,
2026-08-23T01:32:01Z,IL,IL00080IW011700016,2026-08-23T01:32:00Z,0,39,Unknown,False,False,
2026-08-23T01:32:01Z,IL,IL00055IS019400021,2026-08-23T01:32:00Z,Unknown,29,Unknown,True,False,
2026-08-23T01:32:01Z,IL,IL00057IS026800022,2026-08-23T01:32:00Z,Unknown,27,Unknown,True,False,
2026-08-23T01:32:01Z,IL,IL00074IE002800030,2026-08-23T01:32:00Z,Unknown,14,Unknown,True,False,
2026-08-23T01:32:01Z,IL,IL00055IN019400031,2026-08-23T01:32:00Z,Unknown,36,Unknown,True,False,
2026-08-23T01:32:01Z,IL,IL00024IW003700010,2026-08-23T01:32:00Z,Unknown,0,Unknown,True,False,
2026-08-23T01:32:01Z,IL,IL00080IE011700043,2026-08-23T01:32:00Z,Unknown,31,Unknown,True,False,
2026-08-23T01:32:01Z,IL,IL00055IN002700029,2026-08-23T01:32:00Z,Unknown,0,Unknown,True,False,
2026-08-23T01:32:01Z,IL,IL00057IS011400023,2026-08-23T01:32:00Z,Unknown,0,Unknown,True,False,
2026-08-23T01:32:01Z,IL,IL00057IS007900047,2026-08-23T01:32:00Z,Unknown,0,Unknown,True,False,
2026-08-23T01:32:01Z,IL,IL00039IS008500026,2026-08-23T01:32:00Z,Unknown,42,Unknown,True,False,
2026-08-23T01:32:01Z,IL,IL00055IN014900028,2026-08-23T01:32:00Z,Unknown,0,Unknown,True,False,
2026-08-23T01:32:01Z,IL,IL00074IW020800052,2026-08-23T01:32:00Z,Unknown,0,Unknown,True,False,
2026-08-23T01:32:01Z,IL,IL00070IW002700015,2026-08-23T01:32:01Z,Unknown,0,Unknown,True,False,
2026-08-23T01:32:01Z,IL,IL00074IW002800020,2026-08-23T01:32:01Z,Unknown,15,Unknown,True,False,
2026-08-23T01:32:01Z,IL,IL00057IN011400033,2026-08-23T01:32:01Z,Unknown,0,Unknown,True,False,
2026-08-23T01:32:01Z,IL,IL00070IE002700042,2026-08-23T01:32:01Z,Unknown,0,Unknown,True,False,
2026-08-23T01:32:01Z,IL,IL00039IN008500036,2026-08-23T01:32:01Z,Unknown,42,Unknown,True,False,
2026-08-23T01:32:01Z,IL,IL00057IN033300049,2026-08-23T01:32:01Z,Unknown,0,Unknown,True,False,
2026-08-23T01:32:01Z,IL,IL00064IE008500039,2026-08-23T01:32:01Z,Unknown,0,Unknown,True,False,
2026-08-23T01:32:01Z,IL,IL00057IN007900034,2026-08-23T01:32:01Z,Unknown,0,Unknown,True,False,
2026-08-23T01:32:01Z,IL,IL00074IE011400005,2026-08-23T01:31:45Z,Unknown,25,Unknown,True,False,
2026-08-23T01:32:01Z,IL,IL00074IW006200004,2026-08-23T01:31:46Z,9,12,STEADY,True,True,
2026-08-23T01:32:01Z,IL,IL00070IW008700045,2026-08-23T01:30:55Z,5,15,STEADY,True,True,
2026-08-23T01:32:01Z,IL,IL00057IS016500018,2026-08-23T01:30:56Z,1,15,CLEARING,True,True,
2026-08-23T01:32:01Z,IL,IL00074IW011400006,2026-08-23T01:31:48Z,15,18,STEADY,True,True,
2026-08-23T01:32:01Z,IL,IL00074IE006200001,2026-08-23T01:31:49Z,11,13,CLEARING,True,True,
2026-08-23T01:32:01Z,IL,IL00070IW014900008,2026-08-23T01:30:28Z,Unknown,39,Unknown,True,False,
2026-08-23T01:32:01Z,IL,IL00057IN016500044,2026-08-23T01:30:56Z,0,15,STEADY,False,False,
2026-08-23T01:32:01Z,IL,IL00055IS010400024,2026-08-23T01:30:56Z,Unknown,0,STEADY,,False,
2026-08-23T01:32:01Z,IL,IL00057IS003200025,2026-08-23T01:30:56Z,Unknown,0,STEADY,,False,
2026-08-23T01:32:01Z,IL,IL00057IN003200035,2026-08-23T01:30:56Z,Unknown,17,STEADY,,False,
2026-08-23T01:32:01Z,KY,KY00065IS0000020N65WELCOM,2026-08-23T01:31:01Z,LOW,21,STEADY,True,True,
2026-08-23T01:32:01Z,KY,KY00065IS000020NSMARATHON,2025-12-19T00:36:53Z,10,60,STEADY,True,False,
2026-08-23T01:32:01Z,KY,KY00065IS0000340NWEIGHS34,2026-07-01T19:04:41Z,33,40,STEADY,True,False,
2026-08-23T01:32:01Z,KY,KY00065IS0011400S65SRA114,2026-08-23T01:31:09Z,14,26,FILLING,True,True,
2026-08-23T01:32:01Z,KY,KY00065IS0005900S65SRA059,2026-08-23T01:31:08Z,84,109,STEADY,True,True,
2026-08-23T01:32:01Z,KY,KY00065IS0005900N65NRA059,2026-08-17T17:24:33Z,13,113,STEADY,True,False,
2026-08-23T01:32:01Z,KY,KY00075IS0003300NWEIGHS33,2026-08-23T01:30:46Z,49,50,STEADY,True,True,
2026-08-23T01:32:01Z,KY,KY00075IS0003400SWEIGHS34,2026-08-23T01:30:49Z,LOW,40,STEADY,True,True,
2026-08-23T01:32:01Z,KY,KY00075IS0017700N75NRA177,2026-07-13T10:37:14Z,LOW,53,CLEARING,True,False,
2026-08-23T01:32:01Z,KY,KY00075IS0007500SWALTONWS,2026-08-23T01:30:56Z,42,45,STEADY,True,True,
2026-08-23T01:32:01Z,KY,KY00075IS0017700S75SRA177,2026-08-23T01:30:48Z,50,67,STEADY,True,True,
2026-08-23T01:32:01Z,KY,KY00075IS0016800SCRITENWS,2026-08-23T01:30:52Z,31,39,STEADY,True,True,
2026-08-23T01:32:01Z,KY,KY00075IS0000100N75WELCOM,2026-08-23T01:31:12Z,LOW,30,STEADY,True,True,
2026-08-23T01:47:01Z,IL,IL00070IE008600051,2026-08-23T01:46:51Z,0,0,Unknown,False,False,
2026-08-23T01:47:01Z,IL,IL00072IW015200014,2026-08-23T01:46:51Z,Unknown,17,Unknown,True,False,
2026-08-23T01:47:01Z,IL,IL00055IN014900028,2026-08-23T01:46:52Z,Unknown,0,Unknown,True,False,
2026-08-23T01:47:01Z,IL,IL00080IW005100013,2026-08-23T01:46:52Z,Unknown,47,Unknown,True,False,
2026-08-23T01:47:01Z,IL,IL00070IW002700015,2026-08-23T01:46:52Z,Unknown,0,Unknown,True,False,
2026-08-23T01:47:01Z,IL,IL00074IW002800020,2026-08-23T01:46:52Z,Unknown,15,Unknown,True,False,
2026-08-23T01:47:01Z,IL,IL00055IN006400027,2026-08-23T01:46:52Z,Unknown,0,Unknown,True,False,
2026-08-23T01:47:01Z,IL,IL00055IS019400021,2026-08-23T01:46:52Z,Unknown,29,Unknown,True,False,
2026-08-23T01:47:01Z,IL,IL00057IS033300046,2026-08-23T01:46:52Z,Unknown,0,Unknown,True,False,
2026-08-23T01:47:01Z,IL,IL00057IS026800022,2026-08-23T01:46:52Z,Unknown,27,Unknown,True,False,
2026-08-23T01:47:01Z,IL,IL00080IE005100040,2026-08-23T01:46:52Z,Unknown,39,Unknown,True,False,
2026-08-23T01:47:01Z,IL,IL00055IS006400017,2026-08-23T01:46:52Z,Unknown,0,Unknown,True,False,
2026-08-23T01:47:01Z,IL,IL00055IN002700029,2026-08-23T01:46:52Z,Unknown,0,Unknown,True,False,
2026-08-23T01:47:01Z,IL,IL00080IE011700043,2026-08-23T01:46:52Z,Unknown,31,Unknown,True,False,
2026-08-23T01:47:01Z,IL,IL00057IN033300049,2026-08-23T01:46:52Z,Unknown,0,Unknown,True,False,
2026-08-23T01:47:01Z,IL,IL00055IS002700019,2026-08-23T01:46:52Z,Unknown,0,Unknown,True,False,
2026-08-23T01:47:01Z,IL,IL00064IE008500039,2026-08-23T01:46:52Z,Unknown,0,Unknown,True,False,
2026-08-23T01:47:01Z,IL,IL00074IE002800030,2026-08-23T01:46:52Z,Unknown,14,Unknown,True,False,
2026-08-23T01:47:01Z,IL,IL00064IW002500011,2026-08-23T01:46:52Z,Unknown,0,Unknown,True,False,
2026-08-23T01:47:01Z,IL,IL00070IE002700042,2026-08-23T01:46:52Z,Unknown,0,Unknown,True,False,
2026-08-23T01:47:01Z,IL,IL00064IW008500012,2026-08-23T01:46:52Z,Unknown,0,Unknown,True,False,
2026-08-23T01:47:01Z,IL,IL00057IS022200054,2026-08-23T01:46:52Z,Unknown,0,Unknown,True,False,
2026-08-23T01:47:01Z,IL,IL00057IN026800032,2026-08-23T01:46:53Z,Unknown,25,Unknown,True,False,
2026-08-23T01:47:01Z,IL,IL00057IN022200048,2026-08-23T01:46:53Z,Unknown,0,Unknown,True,False,
2026-08-23T01:47:01Z,IL,IL00057IN011400033,2026-08-23T01:46:53Z,Unknown,0,Unknown,True,False,
2026-08-23T01:47:01Z,IL,IL00057IS007900047,2026-08-23T01:46:53Z,Unknown,0,Unknown,True,False,
2026-08-23T01:47:01Z,IL,IL00080IW011700016,2026-08-23T01:46:53Z,0,39,Unknown,False,False,
2026-08-23T01:47:01Z,IL,IL00064IE002500038,2026-08-23T01:46:53Z,Unknown,0,Unknown,True,False,
2026-08-23T01:47:01Z,IL,IL00024IW003700010,2026-08-23T01:46:53Z,Unknown,0,Unknown,True,False,
2026-08-23T01:47:01Z,IL,IL00055IN010400050,2026-08-23T01:46:53Z,0,0,Unknown,False,False,
2026-08-23T01:47:01Z,IL,IL00074IW020800052,2026-08-23T01:46:53Z,Unknown,0,Unknown,True,False,
2026-08-23T01:47:01Z,IL,IL00057IS011400023,2026-08-23T01:46:53Z,Unknown,0,Unknown,True,False,
2026-08-23T01:47:01Z,IL,IL00074IW015600009,2026-08-23T01:46:53Z,0,0,Unknown,False,False,
2026-08-23T01:47:01Z,IL,IL00055IN019400031,2026-08-23T01:46:53Z,Unknown,36,Unknown,True,False,
2026-08-23T01:47:01Z,IL,IL00074IE015600037,2026-08-23T01:46:51Z,0,0,Unknown,False,False,
2026-08-23T01:47:01Z,IL,IL00064IW013000053,2026-08-23T01:46:51Z,0,0,Unknown,False,False,
2026-08-23T01:47:01Z,IL,IL00072IE015200041,2026-08-23T01:43:24Z,13,16,STEADY,True,True,
2026-08-23T01:47:01Z,IL,IL00039IS008500026,2026-08-23T01:46:53Z,Unknown,42,Unknown,True,False,
2026-08-23T01:47:01Z,IL,IL00039IN008500036,2026-08-23T01:46:53Z,Unknown,42,Unknown,True,False,
2026-08-23T01:47:01Z,IL,IL00057IN007900034,2026-08-23T01:46:53Z,Unknown,0,Unknown,True,False,
2026-08-23T01:47:01Z,IL,IL00074IE011400005,2026-08-23T01:46:37Z,Unknown,25,Unknown,True,False,
2026-08-23T01:47:01Z,IL,IL00074IW006200004,2026-08-23T01:46:38Z,8,12,FILLING,True,True,
2026-08-23T01:47:01Z,IL,IL00070IW008700045,2026-08-23T01:45:36Z,6,15,CLEARING,True,True,
2026-08-23T01:47:01Z,IL,IL00057IS016500018,2026-08-23T01:43:05Z,0,15,FILLING,True,True,
2026-08-23T01:47:01Z,IL,IL00074IW011400006,2026-08-23T01:46:40Z,14,18,STEADY,True,True,
2026-08-23T01:47:01Z,IL,IL00074IE006200001,2026-08-23T01:46:40Z,9,13,FILLING,True,True,
2026-08-23T01:47:01Z,IL,IL00070IW014900008,2026-08-23T01:45:46Z,Unknown,39,Unknown,True,False,
2026-08-23T01:47:01Z,IL,IL00057IN016500044,2026-08-23T01:43:09Z,0,15,STEADY,False,False,
2026-08-23T01:47:01Z,IL,IL00055IS010400024,2026-08-23T01:42:04Z,Unknown,0,STEADY,,False,
2026-08-23T01:47:01Z,IL,IL00057IS003200025,2026-08-23T01:42:04Z,Unknown,0,STEADY,,False,
2026-08-23T01:47:01Z,IL,IL00057IN003200035,2026-08-23T01:42:05Z,Unknown,17,STEADY,,False,
2026-08-23T01:47:01Z,KY,KY00065IS0000020N65WELCOM,2026-08-23T01:46:01Z,LOW,21,STEADY,True,True,
2026-08-23T01:47:01Z,KY,KY00065IS000020NSMARATHON,2025-12-19T00:36:53Z,10,60,STEADY,True,False,
2026-08-23T01:47:01Z,KY,KY00065IS0000340NWEIGHS34,2026-07-01T19:04:41Z,33,40,STEADY,True,False,
2026-08-23T01:47:01Z,KY,KY00065IS0011400S65SRA114,2026-08-23T01:46:10Z,17,26,CLEARING,True,True,
2026-08-23T01:47:01Z,KY,KY00065IS0005900S65SRA059,2026-08-23T01:46:08Z,83,109,STEADY,True,True,
2026-08-23T01:47:01Z,KY,KY00065IS0005900N65NRA059,2026-08-17T17:24:33Z,13,113,STEADY,True,False,
2026-08-23T01:47:01Z,KY,KY00075IS0003300NWEIGHS33,2026-08-23T01:45:46Z,49,50,STEADY,True,True,
2026-08-23T01:47:01Z,KY,KY00075IS0003400SWEIGHS34,2026-08-23T01:45:49Z,LOW,40,STEADY,True,True,
2026-08-23T01:47:01Z,KY,KY00075IS0017700N75NRA177,2026-07-13T10:37:14Z,LOW,53,CLEARING,True,False,
2026-08-23T01:47:01Z,KY,KY00075IS0007500SWALTONWS,2026-08-23T01:45:55Z,42,45,STEADY,True,True,
2026-08-23T01:47:01Z,KY,KY00075IS0017700S75SRA177,2026-08-23T01:45:48Z,49,67,STEADY,True,True,
2026-08-23T01:47:01Z,KY,KY00075IS0016800SCRITENWS,2026-08-23T01:45:52Z,31,39,STEADY,True,True,
2026-08-23T01:47:01Z,KY,KY00075IS0000100N75WELCOM,2026-08-23T01:46:12Z,LOW,30,STEADY,True,True,
2026-08-23T02:02:01Z,IL,IL00072IE015200041,2026-08-23T01:58:54Z,12,16,FILLING,True,True,
2026-08-23T02:02:01Z,IL,IL00055IN006400027,2026-08-23T02:01:41Z,Unknown,0,Unknown,True,False,
2026-08-23T02:02:01Z,IL,IL00064IE002500038,2026-08-23T02:01:41Z,Unknown,0,Unknown,True,False,
2026-08-23T02:02:01Z,IL,IL00039IS008500026,2026-08-23T02:01:59Z,Unknown,42,Unknown,True,False,
2026-08-23T02:02:01Z,IL,IL00080IE005100040,2026-08-23T02:01:59Z,Unknown,39,Unknown,True,False,
2026-08-23T02:02:01Z,IL,IL00064IW008500012,2026-08-23T02:02:00Z,Unknown,0,Unknown,True,False,
2026-08-23T02:02:01Z,IL,IL00070IW002700015,2026-08-23T02:02:00Z,Unknown,0,Unknown,True,False,
2026-08-23T02:02:01Z,IL,IL00070IE002700042,2026-08-23T02:02:00Z,Unknown,0,Unknown,True,False,
2026-08-23T02:02:01Z,IL,IL00074IW002800020,2026-08-23T02:02:00Z,Unknown,15,Unknown,True,False,
2026-08-23T02:02:01Z,IL,IL00057IS011400023,2026-08-23T02:02:00Z,Unknown,0,Unknown,True,False,
2026-08-23T02:02:01Z,IL,IL00074IW020800052,2026-08-23T02:02:00Z,Unknown,0,Unknown,True,False,
2026-08-23T02:02:01Z,IL,IL00057IS033300046,2026-08-23T02:02:00Z,Unknown,0,Unknown,True,False,
2026-08-23T02:02:01Z,IL,IL00055IN014900028,2026-08-23T02:02:00Z,Unknown,0,Unknown,True,False,
2026-08-23T02:02:01Z,IL,IL00057IS022200054,2026-08-23T02:02:00Z,Unknown,0,Unknown,True,False,
2026-08-23T02:02:01Z,IL,IL00057IN022200048,2026-08-23T02:02:00Z,Unknown,0,Unknown,True,False,
2026-08-23T02:02:01Z,IL,IL00055IN010400050,2026-08-23T02:02:00Z,0,0,Unknown,False,False,
2026-08-23T02:02:01Z,IL,IL00057IN026800032,2026-08-23T02:02:00Z,Unknown,25,Unknown,True,False,
2026-08-23T02:02:01Z,IL,IL00080IE011700043,2026-08-23T02:02:00Z,Unknown,31,Unknown,True,False,
2026-08-23T02:02:01Z,IL,IL00055IS002700019,2026-08-23T02:02:00Z,Unknown,0,Unknown,True,False,
2026-08-23T02:02:01Z,IL,IL00070IE008600051,2026-08-23T02:02:00Z,0,0,Unknown,False,False,
2026-08-23T02:02:01Z,IL,IL00057IN011400033,2026-08-23T02:02:00Z,Unknown,0,Unknown,True,False,
2026-08-23T02:02:01Z,IL,IL00064IE008500039,2026-08-23T02:02:00Z,Unknown,0,Unknown,True,False,
2026-08-23T02:02:01Z,IL,IL00024IW003700010,2026-08-23T02:02:00Z,Unknown,0,Unknown,True,False,
2026-08-23T02:02:01Z,IL,IL00080IW005100013,2026-08-23T02:02:00Z,Unknown,47,Unknown,True,False,
2026-08-23T02:02:01Z,IL,IL00074IW015600009,2026-08-23T02:02:00Z,0,0,Unknown,False,False,
2026-08-23T02:02:01Z,IL,IL00055IS019400021,2026-08-23T02:02:01Z,Unknown,29,Unknown,True,False,
2026-08-23T02:02:01Z,IL,IL00057IS007900047,2026-08-23T02:02:01Z,Unknown,0,Unknown,True,False,
2026-08-23T02:02:01Z,IL,IL00057IS026800022,2026-08-23T02:02:01Z,Unknown,27,Unknown,True,False,
2026-08-23T02:02:01Z,IL,IL00057IN033300049,2026-08-23T02:02:01Z,Unknown,0,Unknown,True,False,
2026-08-23T02:02:01Z,IL,IL00055IS006400017,2026-08-23T02:02:01Z,Unknown,0,Unknown,True,False,
2026-08-23T02:02:01Z,IL,IL00074IE015600037,2026-08-23T02:02:01Z,0,0,Unknown,False,False,
2026-08-23T02:02:01Z,IL,IL00055IN002700029,2026-08-23T02:02:01Z,Unknown,0,Unknown,True,False,
2026-08-23T02:02:01Z,IL,IL00064IW013000053,2026-08-23T02:02:01Z,0,0,Unknown,False,False,
2026-08-23T02:02:01Z,IL,IL00074IE002800030,2026-08-23T02:02:01Z,Unknown,14,Unknown,True,False,
2026-08-23T02:02:01Z,IL,IL00080IW011700016,2026-08-23T02:02:01Z,0,39,Unknown,False,False,
2026-08-23T02:02:01Z,IL,IL00064IW002500011,2026-08-23T02:02:01Z,Unknown,0,Unknown,True,False,
2026-08-23T02:02:01Z,IL,IL00072IW015200014,2026-08-23T02:02:01Z,Unknown,17,Unknown,True,False,
2026-08-23T02:02:01Z,IL,IL00055IN019400031,2026-08-23T02:02:01Z,Unknown,36,Unknown,True,False,
2026-08-23T02:02:01Z,IL,IL00039IN008500036,2026-08-23T02:01:42Z,Unknown,42,Unknown,True,False,
2026-08-23T02:02:01Z,IL,IL00057IN007900034,2026-08-23T02:01:42Z,Unknown,0,Unknown,True,False,
2026-08-23T02:02:01Z,IL,IL00074IE011400005,2026-08-23T02:01:47Z,Unknown,25,Unknown,True,False,
2026-08-23T02:02:01Z,IL,IL00074IW006200004,2026-08-23T02:01:30Z,8,12,STEADY,True,True,
2026-08-23T02:02:01Z,IL,IL00070IW008700045,2026-08-23T02:00:47Z,4,15,FILLING,True,True,
2026-08-23T02:02:01Z,IL,IL00057IS016500018,2026-08-23T01:58:53Z,0,15,STEADY,True,True,
2026-08-23T02:02:01Z,IL,IL00074IW011400006,2026-08-23T02:01:49Z,15,18,CLEARING,True,True,
2026-08-23T02:02:01Z,IL,IL00074IE006200001,2026-08-23T02:01:11Z,9,13,STEADY,True,True,
2026-08-23T02:02:01Z,IL,IL00070IW014900008,2026-08-23T02:00:36Z,Unknown,39,Unknown,True,False,
2026-08-23T02:02:01Z,IL,IL00057IN016500044,2026-08-23T01:59:03Z,0,15,STEADY,False,False,
2026-08-23T02:02:01Z,IL,IL00055IS010400024,2026-08-23T01:58:41Z,Unknown,0,STEADY,,False,
2026-08-23T02:02:01Z,IL,IL00057IS003200025,2026-08-23T01:58:41Z,Unknown,0,STEADY,,False,
2026-08-23T02:02:01Z,IL,IL00057IN003200035,2026-08-23T01:58:41Z,Unknown,17,STEADY,,False,
2026-08-23T02:02:01Z,KY,KY00065IS0000020N65WELCOM,2026-08-23T02:01:02Z,LOW,21,STEADY,True,True,
2026-08-23T02:02:01Z,KY,KY00065IS000020NSMARATHON,2025-12-19T00:36:53Z,10,60,STEADY,True,False,
2026-08-23T02:02:01Z,KY,KY00065IS0000340NWEIGHS34,2026-07-01T19:04:41Z,33,40,STEADY,True,False,
2026-08-23T02:02:01Z,KY,KY00065IS0011400S65SRA114,2026-08-23T02:01:10Z,14,26,STEADY,True,True,
2026-08-23T02:02:01Z,KY,KY00065IS0005900S65SRA059,2026-08-23T02:01:08Z,82,109,STEADY,True,True,
2026-08-23T02:02:01Z,KY,KY00065IS0005900N65NRA059,2026-08-17T17:24:33Z,13,113,STEADY,True,False,
2026-08-23T02:02:01Z,KY,KY00075IS0003300NWEIGHS33,2026-08-23T02:00:47Z,48,50,STEADY,True,True,
2026-08-23T02:02:01Z,KY,KY00075IS0003400SWEIGHS34,2026-08-23T02:00:49Z,LOW,40,STEADY,True,True,
2026-08-23T02:02:01Z,KY,KY00075IS0017700N75NRA177,2026-07-13T10:37:14Z,LOW,53,CLEARING,True,False,
2026-08-23T02:02:01Z,KY,KY00075IS0007500SWALTONWS,2026-08-23T02:00:56Z,42,45,STEADY,True,True,
2026-08-23T02:02:01Z,KY,KY00075IS0017700S75SRA177,2026-08-23T02:00:48Z,45,67,FILLING,True,True,
2026-08-23T02:02:01Z,KY,KY00075IS0016800SCRITENWS,2026-08-23T02:00:52Z,30,39,STEADY,True,True,
2026-08-23T02:02:01Z,KY,KY00075IS0000100N75WELCOM,2026-08-23T02:01:12Z,LOW,30,STEADY,True,True,
2026-08-23T02:17:01Z,IL,IL00072IE015200041,2026-08-23T02:15:18Z,12,16,STEADY,True,True,
2026-08-23T02:17:01Z,IL,IL00070IW002700015,2026-08-23T02:16:59Z,Unknown,0,Unknown,True,False,
2026-08-23T02:17:01Z,IL,IL00055IN002700029,2026-08-23T02:17:00Z,Unknown,0,Unknown,True,False,
2026-08-23T02:17:01Z,IL,IL00074IW002800020,2026-08-23T02:17:00Z,Unknown,15,Unknown,True,False,
2026-08-23T02:17:01Z,IL,IL00074IW015600009,2026-08-23T02:17:00Z,0,0,Unknown,False,False,
2026-08-23T02:17:01Z,IL,IL00057IS026800022,2026-08-23T02:17:00Z,Unknown,27,Unknown,True,False,
2026-08-23T02:17:01Z,IL,IL00064IW008500012,2026-08-23T02:17:00Z,Unknown,0,Unknown,True,False,
2026-08-23T02:17:01Z,IL,IL00080IW011700016,2026-08-23T02:16:59Z,0,39,Unknown,False,False,
2026-08-23T02:17:01Z,IL,IL00057IS022200054,2026-08-23T02:16:59Z,Unknown,0,Unknown,True,False,
2026-08-23T02:17:01Z,IL,IL00064IW013000053,2026-08-23T02:17:00Z,0,0,Unknown,False,False,
2026-08-23T02:17:01Z,IL,IL00057IS011400023,2026-08-23T02:17:00Z,Unknown,0,Unknown,True,False,
2026-08-23T02:17:01Z,IL,IL00024IW003700010,2026-08-23T02:17:00Z,Unknown,0,Unknown,True,False,
2026-08-23T02:17:01Z,IL,IL00055IS002700019,2026-08-23T02:17:00Z,Unknown,0,Unknown,True,False,
2026-08-23T02:17:01Z,IL,IL00074IW020800052,2026-08-23T02:17:00Z,Unknown,0,Unknown,True,False,
2026-08-23T02:17:01Z,IL,IL00055IS006400017,2026-08-23T02:17:00Z,Unknown,0,Unknown,True,False,
2026-08-23T02:17:01Z,IL,IL00055IN006400027,2026-08-23T02:17:01Z,Unknown,0,Unknown,True,False,
2026-08-23T02:17:01Z,IL,IL00055IN019400031,2026-08-23T02:17:00Z,Unknown,36,Unknown,True,False,
2026-08-23T02:17:01Z,IL,IL00057IN022200048,2026-08-23T02:17:01Z,Unknown,0,Unknown,True,False,
2026-08-23T02:17:01Z,IL,IL00057IN026800032,2026-08-23T02:17:00Z,Unknown,25,Unknown,True,False,
2026-08-23T02:17:01Z,IL,IL00055IS019400021,2026-08-23T02:17:00Z,Unknown,29,Unknown,True,False,
2026-08-23T02:17:01Z,IL,IL00057IS033300046,2026-08-23T02:17:00Z,Unknown,0,Unknown,True,False,
2026-08-23T02:17:01Z,IL,IL00070IE002700042,2026-08-23T02:17:00Z,Unknown,0,Unknown,True,False,
2026-08-23T02:17:01Z,IL,IL00057IS007900047,2026-08-23T02:17:00Z,Unknown,0,Unknown,True,False,
2026-08-23T02:17:01Z,IL,IL00074IE002800030,2026-08-23T02:17:00Z,Unknown,14,Unknown,True,False,
2026-08-23T02:17:01Z,IL,IL00039IS008500026,2026-08-23T02:17:00Z,Unknown,42,Unknown,True,False,
2026-08-23T02:17:01Z,IL,IL00072IW015200014,2026-08-23T02:17:00Z,Unknown,17,Unknown,True,False,
2026-08-23T02:17:01Z,IL,IL00055IN010400050,2026-08-23T02:17:01Z,0,0,Unknown,False,False,
2026-08-23T02:17:01Z,IL,IL00064IE008500039,2026-08-23T02:17:01Z,Unknown,0,Unknown,True,False,
2026-08-23T02:17:01Z,IL,IL00080IE005100040,2026-08-23T02:17:01Z,Unknown,39,Unknown,True,False,
2026-08-23T02:17:01Z,IL,IL00074IE015600037,2026-08-23T02:17:01Z,0,0,Unknown,False,False,
2026-08-23T02:17:01Z,IL,IL00064IE002500038,2026-08-23T02:17:01Z,Unknown,0,Unknown,True,False,
2026-08-23T02:17:01Z,IL,IL00057IN011400033,2026-08-23T02:17:01Z,Unknown,0,Unknown,True,False,
2026-08-23T02:17:01Z,IL,IL00064IW002500011,2026-08-23T02:17:01Z,Unknown,0,Unknown,True,False,
2026-08-23T02:17:01Z,IL,IL00080IW005100013,2026-08-23T02:17:01Z,Unknown,47,Unknown,True,False,
2026-08-23T02:17:01Z,IL,IL00055IN014900028,2026-08-23T02:17:01Z,Unknown,0,Unknown,True,False,
2026-08-23T02:17:01Z,IL,IL00070IE008600051,2026-08-23T02:16:24Z,0,0,Unknown,False,False,
2026-08-23T02:17:01Z,IL,IL00057IN033300049,2026-08-23T02:17:01Z,Unknown,0,Unknown,True,False,
2026-08-23T02:17:01Z,IL,IL00080IE011700043,2026-08-23T02:16:24Z,Unknown,31,Unknown,True,False,
2026-08-23T02:17:01Z,IL,IL00039IN008500036,2026-08-23T02:16:24Z,Unknown,42,Unknown,True,False,
2026-08-23T02:17:01Z,IL,IL00057IN007900034,2026-08-23T02:16:24Z,Unknown,0,Unknown,True,False,
2026-08-23T02:17:01Z,IL,IL00074IE011400005,2026-08-23T02:16:45Z,Unknown,25,Unknown,True,False,
2026-08-23T02:17:01Z,IL,IL00074IW006200004,2026-08-23T02:16:46Z,8,12,STEADY,True,True,
2026-08-23T02:17:01Z,IL,IL00070IW008700045,2026-08-23T02:15:55Z,3,15,FILLING,True,True,
2026-08-23T02:17:01Z,IL,IL00057IS016500018,2026-08-23T02:15:17Z,0,15,STEADY,True,True,
2026-08-23T02:17:01Z,IL,IL00074IW011400006,2026-08-23T02:16:48Z,15,18,STEADY,True,True,
2026-08-23T02:17:01Z,IL,IL00074IE006200001,2026-08-23T02:16:49Z,7,13,FILLING,True,True,
2026-08-23T02:17:01Z,IL,IL00070IW014900008,2026-08-23T02:16:59Z,Unknown,39,Unknown,True,False,
2026-08-23T02:17:01Z,IL,IL00057IN016500044,2026-08-23T02:15:17Z,0,15,STEADY,False,False,
2026-08-23T02:17:01Z,IL,IL00055IS010400024,2026-08-23T02:15:17Z,Unknown,0,STEADY,,False,
2026-08-23T02:17:01Z,IL,IL00057IS003200025,2026-08-23T02:15:17Z,Unknown,0,STEADY,,False,
2026-08-23T02:17:01Z,IL,IL00057IN003200035,2026-08-23T02:15:18Z,Unknown,17,STEADY,,False,
2026-08-23T02:17:01Z,KY,KY00065IS0000020N65WELCOM,2026-08-23T02:16:02Z,LOW,21,STEADY,True,True,
2026-08-23T02:17:01Z,KY,KY00065IS000020NSMARATHON,2025-12-19T00:36:53Z,10,60,STEADY,True,False,
2026-08-23T02:17:01Z,KY,KY00065IS0000340NWEIGHS34,2026-07-01T19:04:41Z,33,40,STEADY,True,False,
2026-08-23T02:17:01Z,KY,KY00065IS0011400S65SRA114,2026-08-23T02:16:10Z,12,26,FILLING,True,True,
2026-08-23T02:17:01Z,KY,KY00065IS0005900S65SRA059,2026-08-23T02:16:08Z,80,109,STEADY,True,True,
2026-08-23T02:17:01Z,KY,KY00065IS0005900N65NRA059,2026-08-17T17:24:33Z,13,113,STEADY,True,False,
2026-08-23T02:17:01Z,KY,KY00075IS0003300NWEIGHS33,2026-08-23T02:15:46Z,48,50,STEADY,True,True,
2026-08-23T02:17:01Z,KY,KY00075IS0003400SWEIGHS34,2026-08-23T02:15:50Z,LOW,40,STEADY,True,True,
2026-08-23T02:17:01Z,KY,KY00075IS0017700N75NRA177,2026-07-13T10:37:14Z,LOW,53,CLEARING,True,False,
2026-08-23T02:17:01Z,KY,KY00075IS0007500SWALTONWS,2026-08-23T02:15:56Z,42,45,STEADY,True,True,
2026-08-23T02:17:01Z,KY,KY00075IS0017700S75SRA177,2026-08-23T02:15:48Z,47,67,STEADY,True,True,
2026-08-23T02:17:01Z,KY,KY00075IS0016800SCRITENWS,2026-08-23T02:15:52Z,28,39,FILLING,True,True,
2026-08-23T02:17:01Z,KY,KY00075IS0000100N75WELCOM,2026-08-23T02:16:12Z,LOW,30,STEADY,True,True,
2026-08-23T02:17:14Z,IL,IL00072IE015200041,2026-08-23T02:15:18Z,12,16,STEADY,True,True,
2026-08-23T02:17:14Z,IL,IL00070IW002700015,2026-08-23T02:17:09Z,Unknown,0,Unknown,True,False,
2026-08-23T02:17:14Z,IL,IL00057IS026800022,2026-08-23T02:17:09Z,Unknown,27,Unknown,True,False,
2026-08-23T02:17:14Z,IL,IL00055IN002700029,2026-08-23T02:17:09Z,Unknown,0,Unknown,True,False,
2026-08-23T02:17:14Z,IL,IL00074IW002800020,2026-08-23T02:17:09Z,Unknown,15,Unknown,True,False,
2026-08-23T02:17:14Z,IL,IL00064IW008500012,2026-08-23T02:17:09Z,Unknown,0,Unknown,True,False,
2026-08-23T02:17:14Z,IL,IL00074IW015600009,2026-08-23T02:17:09Z,0,0,Unknown,False,False,
2026-08-23T02:17:14Z,IL,IL00057IN022200048,2026-08-23T02:17:10Z,Unknown,0,Unknown,True,False,
2026-08-23T02:17:14Z,IL,IL00055IS006400017,2026-08-23T02:17:09Z,Unknown,0,Unknown,True,False,
2026-08-23T02:17:14Z,IL,IL00055IN006400027,2026-08-23T02:17:10Z,Unknown,0,Unknown,True,False,
2026-08-23T02:17:14Z,IL,IL00057IN026800032,2026-08-23T02:17:10Z,Unknown,25,Unknown,True,False,
2026-08-23T02:17:14Z,IL,IL00055IN019400031,2026-08-23T02:17:10Z,Unknown,36,Unknown,True,False,
2026-08-23T02:17:14Z,IL,IL00064IE002500038,2026-08-23T02:17:10Z,Unknown,0,Unknown,True,False,
2026-08-23T02:17:14Z,IL,IL00055IN010400050,2026-08-23T02:17:10Z,0,0,Unknown,False,False,
2026-08-23T02:17:14Z,IL,IL00064IE008500039,2026-08-23T02:17:10Z,Unknown,0,Unknown,True,False,
2026-08-23T02:17:14Z,IL,IL00080IE005100040,2026-08-23T02:17:10Z,Unknown,39,Unknown,True,False,
2026-08-23T02:17:14Z,IL,IL00074IE015600037,2026-08-23T02:17:10Z,0,0,Unknown,False,False,
2026-08-23T02:17:14Z,IL,IL00057IS022200054,2026-08-23T02:17:09Z,Unknown,0,Unknown,True,False,
2026-08-23T02:17:14Z,IL,IL00064IW013000053,2026-08-23T02:17:09Z,0,0,Unknown,False,False,
2026-08-23T02:17:14Z,IL,IL00057IS011400023,2026-08-23T02:17:09Z,Unknown,0,Unknown,True,False,
2026-08-23T02:17:14Z,IL,IL00024IW003700010,2026-08-23T02:17:09Z,Unknown,0,Unknown,True,False,
2026-08-23T02:17:14Z,IL,IL00055IS002700019,2026-08-23T02:17:09Z,Unknown,0,Unknown,True,False,
2026-08-23T02:17:14Z,IL,IL00074IW020800052,2026-08-23T02:17:09Z,Unknown,0,Unknown,True,False,
2026-08-23T02:17:14Z,IL,IL00055IS019400021,2026-08-23T02:17:10Z,Unknown,29,Unknown,True,False,
2026-08-23T02:17:14Z,IL,IL00057IS033300046,2026-08-23T02:17:10Z,Unknown,0,Unknown,True,False,
2026-08-23T02:17:14Z,IL,IL00080IW011700016,2026-08-23T02:17:09Z,0,39,Unknown,False,False,
2026-08-23T02:17:14Z,IL,IL00070IE002700042,2026-08-23T02:17:10Z,Unknown,0,Unknown,True,False,
2026-08-23T02:17:14Z,IL,IL00064IW002500011,2026-08-23T02:17:10Z,Unknown,0,Unknown,True,False,
2026-08-23T02:17:14Z,IL,IL00080IW005100013,2026-08-23T02:17:10Z,Unknown,47,Unknown,True,False,
2026-08-23T02:17:14Z,IL,IL00055IN014900028,2026-08-23T02:17:10Z,Unknown,0,Unknown,True,False,
2026-08-23T02:17:14Z,IL,IL00057IN033300049,2026-08-23T02:17:10Z,Unknown,0,Unknown,True,False,
2026-08-23T02:17:14Z,IL,IL00070IE008600051,2026-08-23T02:17:11Z,0,0,Unknown,False,False,
2026-08-23T02:17:14Z,IL,IL00057IS007900047,2026-08-23T02:17:10Z,Unknown,0,Unknown,True,False,
2026-08-23T02:17:14Z,IL,IL00074IE002800030,2026-08-23T02:17:10Z,Unknown,14,Unknown,True,False,
2026-08-23T02:17:14Z,IL,IL00039IS008500026,2026-08-23T02:17:10Z,Unknown,42,Unknown,True,False,
2026-08-23T02:17:14Z,IL,IL00072IW015200014,2026-08-23T02:17:10Z,Unknown,17,Unknown,True,False,
2026-08-23T02:17:14Z,IL,IL00057IN011400033,2026-08-23T02:17:10Z,Unknown,0,Unknown,True,False,
2026-08-23T02:17:14Z,IL,IL00080IE011700043,2026-08-23T02:17:11Z,Unknown,31,Unknown,True,False,
2026-08-23T02:17:14Z,IL,IL00039IN008500036,2026-08-23T02:17:11Z,Unknown,42,Unknown,True,False,
2026-08-23T02:17:14Z,IL,IL00057IN007900034,2026-08-23T02:17:11Z,Unknown,0,Unknown,True,False,
2026-08-23T02:17:14Z,IL,IL00074IE011400005,2026-08-23T02:17:07Z,Unknown,25,Unknown,True,False,
2026-08-23T02:17:14Z,IL,IL00074IW006200004,2026-08-23T02:16:46Z,8,12,STEADY,True,True,
2026-08-23T02:17:14Z,IL,IL00070IW008700045,2026-08-23T02:15:55Z,3,15,FILLING,True,True,
2026-08-23T02:17:14Z,IL,IL00057IS016500018,2026-08-23T02:15:17Z,0,15,STEADY,True,True,
2026-08-23T02:17:14Z,IL,IL00074IW011400006,2026-08-23T02:16:48Z,15,18,STEADY,True,True,
2026-08-23T02:17:14Z,IL,IL00074IE006200001,2026-08-23T02:16:49Z,7,13,FILLING,True,True,
2026-08-23T02:17:14Z,IL,IL00070IW014900008,2026-08-23T02:16:59Z,Unknown,39,Unknown,True,False,
2026-08-23T02:17:14Z,IL,IL00057IN016500044,2026-08-23T02:15:17Z,0,15,STEADY,False,False,
2026-08-23T02:17:14Z,IL,IL00055IS010400024,2026-08-23T02:15:17Z,Unknown,0,STEADY,,False,
2026-08-23T02:17:14Z,IL,IL00057IS003200025,2026-08-23T02:15:17Z,Unknown,0,STEADY,,False,
2026-08-23T02:17:14Z,IL,IL00057IN003200035,2026-08-23T02:15:18Z,Unknown,17,STEADY,,False,
2026-08-23T02:17:14Z,IN,322,2026-08-22T22:05:00-04:00,61,75,,True,false,
2026-08-23T02:17:14Z,IN,317,2026-08-22T22:05:00-04:00,8,58,,True,true,
2026-08-23T02:17:14Z,IN,316,2026-08-22T22:05:00-04:00,20,58,,True,false,
2026-08-23T02:17:14Z,IN,315,2026-08-22T22:05:00-04:00,Unknown,36,,False,true,
2026-08-23T02:17:14Z,IN,314,2026-08-22T22:05:00-04:00,Unknown,36,,False,true,
2026-08-23T02:17:14Z,IN,313,2026-08-22T22:05:00-04:00,LOW,75,,True,true,
2026-08-23T02:17:14Z,IN,312,2026-08-22T22:05:00-04:00,LOW,75,,True,true,
2026-08-23T02:17:14Z,IN,311,2026-08-22T22:05:00-04:00,Unknown,13,,False,true,
2026-08-23T02:17:14Z,IN,310,2026-08-22T22:05:00-04:00,Unknown,13,,False,true,
2026-08-23T02:17:14Z,IN,308,2026-08-22T22:05:00-04:00,34,75,,True,true,
2026-08-23T02:17:14Z,IN,309,2026-08-22T22:05:00-04:00,109,150,,True,true,
2026-08-23T02:17:14Z,IN,318,2026-08-22T22:05:00-04:00,18,78,,True,true,
2026-08-23T02:17:14Z,IN,319,2026-08-22T22:05:00-04:00,22,78,,True,true,
2026-08-23T02:17:14Z,IN,320,2026-08-22T22:05:00-04:00,31,83,,True,true,
2026-08-23T02:17:14Z,IN,321,2026-08-22T22:05:00-04:00,21,41,,True,false,
2026-08-23T02:17:14Z,IN,300,2026-08-22T22:05:00-04:00,56,128,,True,false,
2026-08-23T02:17:14Z,IN,302,2026-08-22T22:05:00-04:00,LOW,30,,True,true,
2026-08-23T02:17:14Z,IN,301,2026-08-22T22:05:00-04:00,LOW,30,,True,true,
2026-08-23T02:17:14Z,IN,303,2026-08-22T22:05:00-04:00,93,194,,True,true,
2026-08-23T02:17:14Z,IN,304,2026-08-22T22:05:00-04:00,36,99,,True,true,
2026-08-23T02:17:14Z,IN,305,2026-08-22T22:05:00-04:00,Unknown,156,,False,true,
2026-08-23T02:17:14Z,IN,323,2026-08-22T22:05:00-04:00,20,40,,True,true,
2026-08-23T02:17:14Z,IN,702,2026-08-22T22:05:00-04:00,38,75,,True,false,
2026-08-23T02:17:14Z,IN,701,2026-08-22T22:05:00-04:00,30,60,,True,false,
2026-08-23T02:17:14Z,IN,704,2026-08-22T22:05:00-04:00,40,80,,True,false,
2026-08-23T02:17:14Z,IN,703,2026-08-22T22:05:00-04:00,55,110,,True,false,
2026-08-23T02:17:14Z,IN,706,2026-08-22T22:05:00-04:00,35,70,,True,false,
2026-08-23T02:17:14Z,IN,705,2026-08-22T22:05:00-04:00,30,60,,True,false,
2026-08-23T02:17:14Z,IN,708,2026-08-22T22:05:00-04:00,23,45,,True,false,
2026-08-23T02:17:14Z,IN,707,2026-08-22T22:05:00-04:00,20,40,,True,false,
2026-08-23T02:17:14Z,IN,324,2026-08-22T22:05:00-04:00,16,31,,True,true,
2026-08-23T02:17:14Z,KY,KY00065IS0000020N65WELCOM,2026-08-23T02:16:02Z,LOW,21,STEADY,True,True,
2026-08-23T02:17:14Z,KY,KY00065IS000020NSMARATHON,2025-12-19T00:36:53Z,10,60,STEADY,True,False,
2026-08-23T02:17:14Z,KY,KY00065IS0000340NWEIGHS34,2026-07-01T19:04:41Z,33,40,STEADY,True,False,
2026-08-23T02:17:14Z,KY,KY00065IS0011400S65SRA114,2026-08-23T02:16:10Z,12,26,FILLING,True,True,
2026-08-23T02:17:14Z,KY,KY00065IS0005900S65SRA059,2026-08-23T02:16:08Z,80,109,STEADY,True,True,
2026-08-23T02:17:14Z,KY,KY00065IS0005900N65NRA059,2026-08-17T17:24:33Z,13,113,STEADY,True,False,
2026-08-23T02:17:14Z,KY,KY00075IS0003300NWEIGHS33,2026-08-23T02:15:46Z,48,50,STEADY,True,True,
2026-08-23T02:17:14Z,KY,KY00075IS0003400SWEIGHS34,2026-08-23T02:15:50Z,LOW,40,STEADY,True,True,
2026-08-23T02:17:14Z,KY,KY00075IS0017700N75NRA177,2026-07-13T10:37:14Z,LOW,53,CLEARING,True,False,
2026-08-23T02:17:14Z,KY,KY00075IS0007500SWALTONWS,2026-08-23T02:15:56Z,42,45,STEADY,True,True,
2026-08-23T02:17:14Z,KY,KY00075IS0017700S75SRA177,2026-08-23T02:15:48Z,47,67,STEADY,True,True,
2026-08-23T02:17:14Z,KY,KY00075IS0016800SCRITENWS,2026-08-23T02:15:52Z,28,39,FILLING,True,True,
2026-08-23T02:17:14Z,KY,KY00075IS0000100N75WELCOM,2026-08-23T02:16:12Z,LOW,30,STEADY,True,True,
2026-08-23T02:17:19Z,IL,IL00072IE015200041,2026-08-23T02:15:18Z,12,16,STEADY,True,True,
2026-08-23T02:17:19Z,IL,IL00070IW002700015,2026-08-23T02:17:09Z,Unknown,0,Unknown,True,False,
2026-08-23T02:17:19Z,IL,IL00057IS026800022,2026-08-23T02:17:09Z,Unknown,27,Unknown,True,False,
2026-08-23T02:17:19Z,IL,IL00055IN002700029,2026-08-23T02:17:09Z,Unknown,0,Unknown,True,False,
2026-08-23T02:17:19Z,IL,IL00074IW002800020,2026-08-23T02:17:09Z,Unknown,15,Unknown,True,False,
2026-08-23T02:17:19Z,IL,IL00064IW008500012,2026-08-23T02:17:09Z,Unknown,0,Unknown,True,False,
2026-08-23T02:17:19Z,IL,IL00074IW015600009,2026-08-23T02:17:09Z,0,0,Unknown,False,False,
2026-08-23T02:17:19Z,IL,IL00057IN022200048,2026-08-23T02:17:10Z,Unknown,0,Unknown,True,False,
2026-08-23T02:17:19Z,IL,IL00055IS006400017,2026-08-23T02:17:09Z,Unknown,0,Unknown,True,False,
2026-08-23T02:17:19Z,IL,IL00055IN006400027,2026-08-23T02:17:10Z,Unknown,0,Unknown,True,False,
2026-08-23T02:17:19Z,IL,IL00057IN026800032,2026-08-23T02:17:10Z,Unknown,25,Unknown,True,False,
2026-08-23T02:17:19Z,IL,IL00055IN019400031,2026-08-23T02:17:10Z,Unknown,36,Unknown,True,False,
2026-08-23T02:17:19Z,IL,IL00064IE002500038,2026-08-23T02:17:10Z,Unknown,0,Unknown,True,False,
2026-08-23T02:17:19Z,IL,IL00055IN010400050,2026-08-23T02:17:10Z,0,0,Unknown,False,False,
2026-08-23T02:17:19Z,IL,IL00064IE008500039,2026-08-23T02:17:10Z,Unknown,0,Unknown,True,False,
2026-08-23T02:17:19Z,IL,IL00080IE005100040,2026-08-23T02:17:10Z,Unknown,39,Unknown,True,False,
2026-08-23T02:17:19Z,IL,IL00074IE015600037,2026-08-23T02:17:10Z,0,0,Unknown,False,False,
2026-08-23T02:17:19Z,IL,IL00057IS022200054,2026-08-23T02:17:09Z,Unknown,0,Unknown,True,False,
2026-08-23T02:17:19Z,IL,IL00064IW013000053,2026-08-23T02:17:09Z,0,0,Unknown,False,False,
2026-08-23T02:17:19Z,IL,IL00057IS011400023,2026-08-23T02:17:09Z,Unknown,0,Unknown,True,False,
2026-08-23T02:17:19Z,IL,IL00024IW003700010,2026-08-23T02:17:09Z,Unknown,0,Unknown,True,False,
2026-08-23T02:17:19Z,IL,IL00055IS002700019,2026-08-23T02:17:09Z,Unknown,0,Unknown,True,False,
2026-08-23T02:17:19Z,IL,IL00074IW020800052,2026-08-23T02:17:09Z,Unknown,0,Unknown,True,False,
2026-08-23T02:17:19Z,IL,IL00055IS019400021,2026-08-23T02:17:10Z,Unknown,29,Unknown,True,False,
2026-08-23T02:17:19Z,IL,IL00057IS033300046,2026-08-23T02:17:10Z,Unknown,0,Unknown,True,False,
2026-08-23T02:17:19Z,IL,IL00080IW011700016,2026-08-23T02:17:09Z,0,39,Unknown,False,False,
2026-08-23T02:17:19Z,IL,IL00070IE002700042,2026-08-23T02:17:10Z,Unknown,0,Unknown,True,False,
2026-08-23T02:17:19Z,IL,IL00064IW002500011,2026-08-23T02:17:10Z,Unknown,0,Unknown,True,False,
2026-08-23T02:17:19Z,IL,IL00080IW005100013,2026-08-23T02:17:10Z,Unknown,47,Unknown,True,False,
2026-08-23T02:17:19Z,IL,IL00055IN014900028,2026-08-23T02:17:10Z,Unknown,0,Unknown,True,False,
2026-08-23T02:17:19Z,IL,IL00057IN033300049,2026-08-23T02:17:10Z,Unknown,0,Unknown,True,False,
2026-08-23T02:17:19Z,IL,IL00070IE008600051,2026-08-23T02:17:11Z,0,0,Unknown,False,False,
2026-08-23T02:17:19Z,IL,IL00057IS007900047,2026-08-23T02:17:10Z,Unknown,0,Unknown,True,False,
2026-08-23T02:17:19Z,IL,IL00074IE002800030,2026-08-23T02:17:10Z,Unknown,14,Unknown,True,False,
2026-08-23T02:17:19Z,IL,IL00039IS008500026,2026-08-23T02:17:10Z,Unknown,42,Unknown,True,False,
2026-08-23T02:17:19Z,IL,IL00072IW015200014,2026-08-23T02:17:10Z,Unknown,17,Unknown,True,False,
2026-08-23T02:17:19Z,IL,IL00057IN011400033,2026-08-23T02:17:10Z,Unknown,0,Unknown,True,False,
2026-08-23T02:17:19Z,IL,IL00080IE011700043,2026-08-23T02:17:11Z,Unknown,31,Unknown,True,False,
2026-08-23T02:17:19Z,IL,IL00039IN008500036,2026-08-23T02:17:11Z,Unknown,42,Unknown,True,False,
2026-08-23T02:17:19Z,IL,IL00057IN007900034,2026-08-23T02:17:11Z,Unknown,0,Unknown,True,False,
2026-08-23T02:17:19Z,IL,IL00074IE011400005,2026-08-23T02:17:16Z,Unknown,25,Unknown,True,False,
2026-08-23T02:17:19Z,IL,IL00074IW006200004,2026-08-23T02:16:46Z,8,12,STEADY,True,True,
2026-08-23T02:17:19Z,IL,IL00070IW008700045,2026-08-23T02:15:55Z,3,15,FILLING,True,True,
2026-08-23T02:17:19Z,IL,IL00057IS016500018,2026-08-23T02:15:17Z,0,15,STEADY,True,True,
2026-08-23T02:17:19Z,IL,IL00074IW011400006,2026-08-23T02:16:48Z,15,18,STEADY,True,True,
2026-08-23T02:17:19Z,IL,IL00074IE006200001,2026-08-23T02:16:49Z,7,13,FILLING,True,True,
2026-08-23T02:17:19Z,IL,IL00070IW014900008,2026-08-23T02:16:59Z,Unknown,39,Unknown,True,False,
2026-08-23T02:17:19Z,IL,IL00057IN016500044,2026-08-23T02:15:17Z,0,15,STEADY,False,False,
2026-08-23T02:17:19Z,IL,IL00055IS010400024,2026-08-23T02:15:17Z,Unknown,0,STEADY,,False,
2026-08-23T02:17:19Z,IL,IL00057IS003200025,2026-08-23T02:15:17Z,Unknown,0,STEADY,,False,
2026-08-23T02:17:19Z,IL,IL00057IN003200035,2026-08-23T02:15:18Z,Unknown,17,STEADY,,False,
2026-08-23T02:17:19Z,IN,322,2026-08-22T22:05:00-04:00,61,75,,True,false,
2026-08-23T02:17:19Z,IN,317,2026-08-22T22:05:00-04:00,8,58,,True,true,
2026-08-23T02:17:19Z,IN,316,2026-08-22T22:05:00-04:00,20,58,,True,false,
2026-08-23T02:17:19Z,IN,315,2026-08-22T22:05:00-04:00,Unknown,36,,False,true,
2026-08-23T02:17:19Z,IN,314,2026-08-22T22:05:00-04:00,Unknown,36,,False,true,
2026-08-23T02:17:19Z,IN,313,2026-08-22T22:05:00-04:00,LOW,75,,True,true,
2026-08-23T02:17:19Z,IN,312,2026-08-22T22:05:00-04:00,LOW,75,,True,true,
2026-08-23T02:17:19Z,IN,311,2026-08-22T22:05:00-04:00,Unknown,13,,False,true,
2026-08-23T02:17:19Z,IN,310,2026-08-22T22:05:00-04:00,Unknown,13,,False,true,
2026-08-23T02:17:19Z,IN,308,2026-08-22T22:05:00-04:00,34,75,,True,true,
2026-08-23T02:17:19Z,IN,309,2026-08-22T22:05:00-04:00,109,150,,True,true,
2026-08-23T02:17:19Z,IN,318,2026-08-22T22:05:00-04:00,18,78,,True,true,
2026-08-23T02:17:19Z,IN,319,2026-08-22T22:05:00-04:00,22,78,,True,true,
2026-08-23T02:17:19Z,IN,320,2026-08-22T22:05:00-04:00,31,83,,True,true,
2026-08-23T02:17:19Z,IN,321,2026-08-22T22:05:00-04:00,21,41,,True,false,
2026-08-23T02:17:19Z,IN,300,2026-08-22T22:05:00-04:00,56,128,,True,false,
2026-08-23T02:17:19Z,IN,302,2026-08-22T22:05:00-04:00,LOW,30,,True,true,
2026-08-23T02:17:19Z,IN,301,2026-08-22T22:05:00-04:00,LOW,30,,True,true,
2026-08-23T02:17:19Z,IN,303,2026-08-22T22:05:00-04:00,93,194,,True,true,
2026-08-23T02:17:19Z,IN,304,2026-08-22T22:05:00-04:00,36,99,,True,true,
2026-08-23T02:17:19Z,IN,305,2026-08-22T22:05:00-04:00,Unknown,156,,False,true,
2026-08-23T02:17:19Z,IN,323,2026-08-22T22:05:00-04:00,20,40,,True,true,
2026-08-23T02:17:19Z,IN,702,2026-08-22T22:05:00-04:00,38,75,,True,false,
2026-08-23T02:17:19Z,IN,701,2026-08-22T22:05:00-04:00,30,60,,True,false,
2026-08-23T02:17:19Z,IN,704,2026-08-22T22:05:00-04:00,40,80,,True,false,
2026-08-23T02:17:19Z,IN,703,2026-08-22T22:05:00-04:00,55,110,,True,false,
2026-08-23T02:17:19Z,IN,706,2026-08-22T22:05:00-04:00,35,70,,True,false,
2026-08-23T02:17:19Z,IN,705,2026-08-22T22:05:00-04:00,30,60,,True,false,
2026-08-23T02:17:19Z,IN,708,2026-08-22T22:05:00-04:00,23,45,,True,false,
2026-08-23T02:17:19Z,IN,707,2026-08-22T22:05:00-04:00,20,40,,True,false,
2026-08-23T02:17:19Z,IN,324,2026-08-22T22:05:00-04:00,16,31,,True,true,
2026-08-23T02:17:19Z,KY,KY00065IS0000020N65WELCOM,2026-08-23T02:16:02Z,LOW,21,STEADY,True,True,
2026-08-23T02:17:19Z,KY,KY00065IS000020NSMARATHON,2025-12-19T00:36:53Z,10,60,STEADY,True,False,
2026-08-23T02:17:19Z,KY,KY00065IS0000340NWEIGHS34,2026-07-01T19:04:41Z,33,40,STEADY,True,False,
2026-08-23T02:17:19Z,KY,KY00065IS0011400S65SRA114,2026-08-23T02:16:10Z,12,26,FILLING,True,True,
2026-08-23T02:17:19Z,KY,KY00065IS0005900S65SRA059,2026-08-23T02:16:08Z,80,109,STEADY,True,True,
2026-08-23T02:17:19Z,KY,KY00065IS0005900N65NRA059,2026-08-17T17:24:33Z,13,113,STEADY,True,False,
2026-08-23T02:17:19Z,KY,KY00075IS0003300NWEIGHS33,2026-08-23T02:15:46Z,48,50,STEADY,True,True,
2026-08-23T02:17:19Z,KY,KY00075IS0003400SWEIGHS34,2026-08-23T02:15:50Z,LOW,40,STEADY,True,True,
2026-08-23T02:17:19Z,KY,KY00075IS0017700N75NRA177,2026-07-13T10:37:14Z,LOW,53,CLEARING,True,False,
2026-08-23T02:17:19Z,KY,KY00075IS0007500SWALTONWS,2026-08-23T02:15:56Z,42,45,STEADY,True,True,
2026-08-23T02:17:19Z,KY,KY00075IS0017700S75SRA177,2026-08-23T02:15:48Z,47,67,STEADY,True,True,
2026-08-23T02:17:19Z,KY,KY00075IS0016800SCRITENWS,2026-08-23T02:15:52Z,28,39,FILLING,True,True,
2026-08-23T02:17:19Z,KY,KY00075IS0000100N75WELCOM,2026-08-23T02:16:12Z,LOW,30,STEADY,True,True,
2026-08-23T02:17:24Z,IL,IL00072IE015200041,2026-08-23T02:15:18Z,12,16,STEADY,True,True,
2026-08-23T02:17:24Z,IL,IL00070IW002700015,2026-08-23T02:17:09Z,Unknown,0,Unknown,True,False,
2026-08-23T02:17:24Z,IL,IL00057IS026800022,2026-08-23T02:17:09Z,Unknown,27,Unknown,True,False,
2026-08-23T02:17:24Z,IL,IL00055IN002700029,2026-08-23T02:17:09Z,Unknown,0,Unknown,True,False,
2026-08-23T02:17:24Z,IL,IL00074IW002800020,2026-08-23T02:17:09Z,Unknown,15,Unknown,True,False,
2026-08-23T02:17:24Z,IL,IL00064IW008500012,2026-08-23T02:17:09Z,Unknown,0,Unknown,True,False,
2026-08-23T02:17:24Z,IL,IL00074IW015600009,2026-08-23T02:17:09Z,0,0,Unknown,False,False,
2026-08-23T02:17:24Z,IL,IL00057IN022200048,2026-08-23T02:17:10Z,Unknown,0,Unknown,True,False,
2026-08-23T02:17:24Z,IL,IL00055IS006400017,2026-08-23T02:17:09Z,Unknown,0,Unknown,True,False,
2026-08-23T02:17:24Z,IL,IL00055IN006400027,2026-08-23T02:17:10Z,Unknown,0,Unknown,True,False,
2026-08-23T02:17:24Z,IL,IL00057IN026800032,2026-08-23T02:17:10Z,Unknown,25,Unknown,True,False,
2026-08-23T02:17:24Z,IL,IL00055IN019400031,2026-08-23T02:17:10Z,Unknown,36,Unknown,True,False,
2026-08-23T02:17:24Z,IL,IL00064IE002500038,2026-08-23T02:17:10Z,Unknown,0,Unknown,True,False,
2026-08-23T02:17:24Z,IL,IL00055IN010400050,2026-08-23T02:17:10Z,0,0,Unknown,False,False,
2026-08-23T02:17:24Z,IL,IL00064IE008500039,2026-08-23T02:17:10Z,Unknown,0,Unknown,True,False,
2026-08-23T02:17:24Z,IL,IL00080IE005100040,2026-08-23T02:17:10Z,Unknown,39,Unknown,True,False,
2026-08-23T02:17:24Z,IL,IL00074IE015600037,2026-08-23T02:17:10Z,0,0,Unknown,False,False,
2026-08-23T02:17:24Z,IL,IL00057IS022200054,2026-08-23T02:17:09Z,Unknown,0,Unknown,True,False,
2026-08-23T02:17:24Z,IL,IL00064IW013000053,2026-08-23T02:17:09Z,0,0,Unknown,False,False,
2026-08-23T02:17:24Z,IL,IL00057IS011400023,2026-08-23T02:17:09Z,Unknown,0,Unknown,True,False,
2026-08-23T02:17:24Z,IL,IL00024IW003700010,2026-08-23T02:17:09Z,Unknown,0,Unknown,True,False,
2026-08-23T02:17:24Z,IL,IL00055IS002700019,2026-08-23T02:17:09Z,Unknown,0,Unknown,True,False,
2026-08-23T02:17:24Z,IL,IL00074IW020800052,2026-08-23T02:17:09Z,Unknown,0,Unknown,True,False,
2026-08-23T02:17:24Z,IL,IL00055IS019400021,2026-08-23T02:17:10Z,Unknown,29,Unknown,True,False,
2026-08-23T02:17:24Z,IL,IL00057IS033300046,2026-08-23T02:17:10Z,Unknown,0,Unknown,True,False,
2026-08-23T02:17:24Z,IL,IL00080IW011700016,2026-08-23T02:17:09Z,0,39,Unknown,False,False,
2026-08-23T02:17:24Z,IL,IL00070IE002700042,2026-08-23T02:17:10Z,Unknown,0,Unknown,True,False,
2026-08-23T02:17:24Z,IL,IL00064IW002500011,2026-08-23T02:17:10Z,Unknown,0,Unknown,True,False,
2026-08-23T02:17:24Z,IL,IL00080IW005100013,2026-08-23T02:17:10Z,Unknown,47,Unknown,True,False,
2026-08-23T02:17:24Z,IL,IL00055IN014900028,2026-08-23T02:17:10Z,Unknown,0,Unknown,True,False,
2026-08-23T02:17:24Z,IL,IL00057IN033300049,2026-08-23T02:17:10Z,Unknown,0,Unknown,True,False,
2026-08-23T02:17:24Z,IL,IL00070IE008600051,2026-08-23T02:17:11Z,0,0,Unknown,False,False,
2026-08-23T02:17:24Z,IL,IL00057IS007900047,2026-08-23T02:17:10Z,Unknown,0,Unknown,True,False,
2026-08-23T02:17:24Z,IL,IL00074IE002800030,2026-08-23T02:17:10Z,Unknown,14,Unknown,True,False,
2026-08-23T02:17:24Z,IL,IL00039IS008500026,2026-08-23T02:17:10Z,Unknown,42,Unknown,True,False,
2026-08-23T02:17:24Z,IL,IL00072IW015200014,2026-08-23T02:17:10Z,Unknown,17,Unknown,True,False,
2026-08-23T02:17:24Z,IL,IL00057IN011400033,2026-08-23T02:17:10Z,Unknown,0,Unknown,True,False,
2026-08-23T02:17:24Z,IL,IL00080IE011700043,2026-08-23T02:17:11Z,Unknown,31,Unknown,True,False,
2026-08-23T02:17:24Z,IL,IL00039IN008500036,2026-08-23T02:17:11Z,Unknown,42,Unknown,True,False,
2026-08-23T02:17:24Z,IL,IL00057IN007900034,2026-08-23T02:17:11Z,Unknown,0,Unknown,True,False,
2026-08-23T02:17:24Z,IL,IL00074IE011400005,2026-08-23T02:17:16Z,Unknown,25,Unknown,True,False,
2026-08-23T02:17:24Z,IL,IL00074IW006200004,2026-08-23T02:16:46Z,8,12,STEADY,True,True,
2026-08-23T02:17:24Z,IL,IL00070IW008700045,2026-08-23T02:15:55Z,3,15,FILLING,True,True,
2026-08-23T02:17:24Z,IL,IL00057IS016500018,2026-08-23T02:15:17Z,0,15,STEADY,True,True,
2026-08-23T02:17:24Z,IL,IL00074IW011400006,2026-08-23T02:16:48Z,15,18,STEADY,True,True,
2026-08-23T02:17:24Z,IL,IL00074IE006200001,2026-08-23T02:16:49Z,7,13,FILLING,True,True,
2026-08-23T02:17:24Z,IL,IL00070IW014900008,2026-08-23T02:16:59Z,Unknown,39,Unknown,True,False,
2026-08-23T02:17:24Z,IL,IL00057IN016500044,2026-08-23T02:15:17Z,0,15,STEADY,False,False,
2026-08-23T02:17:24Z,IL,IL00055IS010400024,2026-08-23T02:15:17Z,Unknown,0,STEADY,,False,
2026-08-23T02:17:24Z,IL,IL00057IS003200025,2026-08-23T02:15:17Z,Unknown,0,STEADY,,False,
2026-08-23T02:17:24Z,IL,IL00057IN003200035,2026-08-23T02:15:18Z,Unknown,17,STEADY,,False,
2026-08-23T02:17:24Z,IN,322,2026-08-22T22:05:00-04:00,61,75,,True,false,
2026-08-23T02:17:24Z,IN,317,2026-08-22T22:05:00-04:00,8,58,,True,true,
2026-08-23T02:17:24Z,IN,316,2026-08-22T22:05:00-04:00,20,58,,True,false,
2026-08-23T02:17:24Z,IN,315,2026-08-22T22:05:00-04:00,Unknown,36,,False,true,
2026-08-23T02:17:24Z,IN,314,2026-08-22T22:05:00-04:00,Unknown,36,,False,true,
2026-08-23T02:17:24Z,IN,313,2026-08-22T22:05:00-04:00,LOW,75,,True,true,
2026-08-23T02:17:24Z,IN,312,2026-08-22T22:05:00-04:00,LOW,75,,True,true,
2026-08-23T02:17:24Z,IN,311,2026-08-22T22:05:00-04:00,Unknown,13,,False,true,
2026-08-23T02:17:24Z,IN,310,2026-08-22T22:05:00-04:00,Unknown,13,,False,true,
2026-08-23T02:17:24Z,IN,308,2026-08-22T22:05:00-04:00,34,75,,True,true,
2026-08-23T02:17:24Z,IN,309,2026-08-22T22:05:00-04:00,109,150,,True,true,
2026-08-23T02:17:24Z,IN,318,2026-08-22T22:05:00-04:00,18,78,,True,true,
2026-08-23T02:17:24Z,IN,319,2026-08-22T22:05:00-04:00,22,78,,True,true,
2026-08-23T02:17:24Z,IN,320,2026-08-22T22:05:00-04:00,31,83,,True,true,
2026-08-23T02:17:24Z,IN,321,2026-08-22T22:05:00-04:00,21,41,,True,false,
2026-08-23T02:17:24Z,IN,300,2026-08-22T22:05:00-04:00,56,128,,True,false,
2026-08-23T02:17:24Z,IN,302,2026-08-22T22:05:00-04:00,LOW,30,,True,true,
2026-08-23T02:17:24Z,IN,301,2026-08-22T22:05:00-04:00,LOW,30,,True,true,
2026-08-23T02:17:24Z,IN,303,2026-08-22T22:05:00-04:00,93,194,,True,true,
2026-08-23T02:17:24Z,IN,304,2026-08-22T22:05:00-04:00,36,99,,True,true,
2026-08-23T02:17:24Z,IN,305,2026-08-22T22:05:00-04:00,Unknown,156,,False,true,
2026-08-23T02:17:24Z,IN,323,2026-08-22T22:05:00-04:00,20,40,,True,true,
2026-08-23T02:17:24Z,IN,702,2026-08-22T22:05:00-04:00,38,75,,True,false,
2026-08-23T02:17:24Z,IN,701,2026-08-22T22:05:00-04:00,30,60,,True,false,
2026-08-23T02:17:24Z,IN,704,2026-08-22T22:05:00-04:00,40,80,,True,false,
2026-08-23T02:17:24Z,IN,703,2026-08-22T22:05:00-04:00,55,110,,True,false,
2026-08-23T02:17:24Z,IN,706,2026-08-22T22:05:00-04:00,35,70,,True,false,
2026-08-23T02:17:24Z,IN,705,2026-08-22T22:05:00-04:00,30,60,,True,false,
2026-08-23T02:17:24Z,IN,708,2026-08-22T22:05:00-04:00,23,45,,True,false,
2026-08-23T02:17:24Z,IN,707,2026-08-22T22:05:00-04:00,20,40,,True,false,
2026-08-23T02:17:24Z,IN,324,2026-08-22T22:05:00-04:00,16,31,,True,true,
2026-08-23T02:17:24Z,KY,KY00065IS0000020N65WELCOM,2026-08-23T02:16:02Z,LOW,21,STEADY,True,True,
2026-08-23T02:17:24Z,KY,KY00065IS000020NSMARATHON,2025-12-19T00:36:53Z,10,60,STEADY,True,False,
2026-08-23T02:17:24Z,KY,KY00065IS0000340NWEIGHS34,2026-07-01T19:04:41Z,33,40,STEADY,True,False,
2026-08-23T02:17:24Z,KY,KY00065IS0011400S65SRA114,2026-08-23T02:16:10Z,12,26,FILLING,True,True,
2026-08-23T02:17:24Z,KY,KY00065IS0005900S65SRA059,2026-08-23T02:16:08Z,80,109,STEADY,True,True,
2026-08-23T02:17:24Z,KY,KY00065IS0005900N65NRA059,2026-08-17T17:24:33Z,13,113,STEADY,True,False,
2026-08-23T02:17:24Z,KY,KY00075IS0003300NWEIGHS33,2026-08-23T02:15:46Z,48,50,STEADY,True,True,
2026-08-23T02:17:24Z,KY,KY00075IS0003400SWEIGHS34,2026-08-23T02:15:50Z,LOW,40,STEADY,True,True,
2026-08-23T02:17:24Z,KY,KY00075IS0017700N75NRA177,2026-07-13T10:37:14Z,LOW,53,CLEARING,True,False,
2026-08-23T02:17:24Z,KY,KY00075IS0007500SWALTONWS,2026-08-23T02:15:56Z,42,45,STEADY,True,True,
2026-08-23T02:17:24Z,KY,KY00075IS0017700S75SRA177,2026-08-23T02:15:48Z,47,67,STEADY,True,True,
2026-08-23T02:17:24Z,KY,KY00075IS0016800SCRITENWS,2026-08-23T02:15:52Z,28,39,FILLING,True,True,
2026-08-23T02:17:24Z,KY,KY00075IS0000100N75WELCOM,2026-08-23T02:16:12Z,LOW,30,STEADY,True,True,
2026-08-23T02:17:28Z,IL,IL00072IE015200041,2026-08-23T02:15:18Z,12,16,STEADY,True,True,
2026-08-23T02:17:28Z,IL,IL00070IW002700015,2026-08-23T02:17:28Z,Unknown,0,Unknown,True,False,
2026-08-23T02:17:28Z,IL,IL00055IN019400031,2026-08-23T02:17:10Z,Unknown,36,Unknown,True,False,
2026-08-23T02:17:28Z,IL,IL00064IE002500038,2026-08-23T02:17:10Z,Unknown,0,Unknown,True,False,
2026-08-23T02:17:28Z,IL,IL00055IN010400050,2026-08-23T02:17:10Z,0,0,Unknown,False,False,
2026-08-23T02:17:28Z,IL,IL00064IE008500039,2026-08-23T02:17:10Z,Unknown,0,Unknown,True,False,
2026-08-23T02:17:28Z,IL,IL00080IE005100040,2026-08-23T02:17:10Z,Unknown,39,Unknown,True,False,
2026-08-23T02:17:28Z,IL,IL00074IE015600037,2026-08-23T02:17:10Z,0,0,Unknown,False,False,
2026-08-23T02:17:28Z,IL,IL00057IS022200054,2026-08-23T02:17:09Z,Unknown,0,Unknown,True,False,
2026-08-23T02:17:28Z,IL,IL00064IW013000053,2026-08-23T02:17:09Z,0,0,Unknown,False,False,
2026-08-23T02:17:28Z,IL,IL00057IS011400023,2026-08-23T02:17:09Z,Unknown,0,Unknown,True,False,
2026-08-23T02:17:28Z,IL,IL00024IW003700010,2026-08-23T02:17:09Z,Unknown,0,Unknown,True,False,
2026-08-23T02:17:28Z,IL,IL00055IS002700019,2026-08-23T02:17:09Z,Unknown,0,Unknown,True,False,
2026-08-23T02:17:28Z,IL,IL00074IW020800052,2026-08-23T02:17:09Z,Unknown,0,Unknown,True,False,
2026-08-23T02:17:28Z,IL,IL00055IS019400021,2026-08-23T02:17:10Z,Unknown,29,Unknown,True,False,
2026-08-23T02:17:28Z,IL,IL00057IS033300046,2026-08-23T02:17:10Z,Unknown,0,Unknown,True,False,
2026-08-23T02:17:28Z,IL,IL00080IW011700016,2026-08-23T02:17:09Z,0,39,Unknown,False,False,
2026-08-23T02:17:28Z,IL,IL00070IE002700042,2026-08-23T02:17:10Z,Unknown,0,Unknown,True,False,
2026-08-23T02:17:28Z,IL,IL00064IW002500011,2026-08-23T02:17:10Z,Unknown,0,Unknown,True,False,
2026-08-23T02:17:28Z,IL,IL00080IW005100013,2026-08-23T02:17:10Z,Unknown,47,Unknown,True,False,
2026-08-23T02:17:28Z,IL,IL00055IN014900028,2026-08-23T02:17:10Z,Unknown,0,Unknown,True,False,
2026-08-23T02:17:28Z,IL,IL00057IN033300049,2026-08-23T02:17:10Z,Unknown,0,Unknown,True,False,
2026-08-23T02:17:28Z,IL,IL00070IE008600051,2026-08-23T02:17:11Z,0,0,Unknown,False,False,
2026-08-23T02:17:28Z,IL,IL00057IS007900047,2026-08-23T02:17:10Z,Unknown,0,Unknown,True,False,
2026-08-23T02:17:28Z,IL,IL00074IE002800030,2026-08-23T02:17:10Z,Unknown,14,Unknown,True,False,
2026-08-23T02:17:28Z,IL,IL00039IS008500026,2026-08-23T02:17:10Z,Unknown,42,Unknown,True,False,
2026-08-23T02:17:28Z,IL,IL00072IW015200014,2026-08-23T02:17:10Z,Unknown,17,Unknown,True,False,
2026-08-23T02:17:28Z,IL,IL00057IN011400033,2026-08-23T02:17:10Z,Unknown,0,Unknown,True,False,
2026-08-23T02:17:28Z,IL,IL00080IE011700043,2026-08-23T02:17:11Z,Unknown,31,Unknown,True,False,
2026-08-23T02:17:28Z,IL,IL00039IN008500036,2026-08-23T02:17:11Z,Unknown,42,Unknown,True,False,
2026-08-23T02:17:28Z,IL,IL00057IS026800022,2026-08-23T02:17:28Z,Unknown,27,Unknown,True,False,
2026-08-23T02:17:28Z,IL,IL00055IN002700029,2026-08-23T02:17:28Z,Unknown,0,Unknown,True,False,
2026-08-23T02:17:28Z,IL,IL00074IW002800020,2026-08-23T02:17:28Z,Unknown,15,Unknown,True,False,
2026-08-23T02:17:28Z,IL,IL00064IW008500012,2026-08-23T02:17:28Z,Unknown,0,Unknown,True,False,
2026-08-23T02:17:28Z,IL,IL00074IW015600009,2026-08-23T02:17:28Z,0,0,Unknown,False,False,
2026-08-23T02:17:28Z,IL,IL00057IN022200048,2026-08-23T02:17:28Z,Unknown,0,Unknown,True,False,
2026-08-23T02:17:28Z,IL,IL00055IS006400017,2026-08-23T02:17:28Z,Unknown,0,Unknown,True,False,
2026-08-23T02:17:28Z,IL,IL00055IN006400027,2026-08-23T02:17:28Z,Unknown,0,Unknown,True,False,
2026-08-23T02:17:28Z,IL,IL00057IN026800032,2026-08-23T02:17:28Z,Unknown,25,Unknown,True,False,
2026-08-23T02:17:28Z,IL,IL00057IN007900034,2026-08-23T02:17:11Z,Unknown,0,Unknown,True,False,
2026-08-23T02:17:28Z,IL,IL00074IE011400005,2026-08-23T02:17:16Z,Unknown,25,Unknown,True,False,
2026-08-23T02:17:28Z,IL,IL00074IW006200004,2026-08-23T02:16:46Z,8,12,STEADY,True,True,
2026-08-23T02:17:28Z,IL,IL00070IW008700045,2026-08-23T02:15:55Z,3,15,FILLING,True,True,
2026-08-23T02:17:28Z,IL,IL00057IS016500018,2026-08-23T02:15:17Z,0,15,STEADY,True,True,
2026-08-23T02:17:28Z,IL,IL00074IW011400006,2026-08-23T02:16:48Z,15,18,STEADY,True,True,
2026-08-23T02:17:28Z,IL,IL00074IE006200001,2026-08-23T02:16:49Z,7,13,FILLING,True,True,
2026-08-23T02:17:28Z,IL,IL00070IW014900008,2026-08-23T02:16:59Z,Unknown,39,Unknown,True,False,
2026-08-23T02:17:28Z,IL,IL00057IN016500044,2026-08-23T02:15:17Z,0,15,STEADY,False,False,
2026-08-23T02:17:28Z,IL,IL00055IS010400024,2026-08-23T02:15:17Z,Unknown,0,STEADY,,False,
2026-08-23T02:17:28Z,IL,IL00057IS003200025,2026-08-23T02:15:17Z,Unknown,0,STEADY,,False,
2026-08-23T02:17:28Z,IL,IL00057IN003200035,2026-08-23T02:15:18Z,Unknown,17,STEADY,,False,
2026-08-23T02:17:28Z,IN,322,2026-08-22T22:05:00-04:00,61,75,,True,false,
2026-08-23T02:17:28Z,IN,317,2026-08-22T22:05:00-04:00,8,58,,True,true,
2026-08-23T02:17:28Z,IN,316,2026-08-22T22:05:00-04:00,20,58,,True,false,
2026-08-23T02:17:28Z,IN,315,2026-08-22T22:05:00-04:00,Unknown,36,,False,true,
2026-08-23T02:17:28Z,IN,314,2026-08-22T22:05:00-04:00,Unknown,36,,False,true,
2026-08-23T02:17:28Z,IN,313,2026-08-22T22:05:00-04:00,LOW,75,,True,true,
2026-08-23T02:17:28Z,IN,312,2026-08-22T22:05:00-04:00,LOW,75,,True,true,
2026-08-23T02:17:28Z,IN,311,2026-08-22T22:05:00-04:00,Unknown,13,,False,true,
2026-08-23T02:17:28Z,IN,310,2026-08-22T22:05:00-04:00,Unknown,13,,False,true,
2026-08-23T02:17:28Z,IN,308,2026-08-22T22:05:00-04:00,34,75,,True,true,
2026-08-23T02:17:28Z,IN,309,2026-08-22T22:05:00-04:00,109,150,,True,true,
2026-08-23T02:17:28Z,IN,318,2026-08-22T22:05:00-04:00,18,78,,True,true,
2026-08-23T02:17:28Z,IN,319,2026-08-22T22:05:00-04:00,22,78,,True,true,
2026-08-23T02:17:28Z,IN,320,2026-08-22T22:05:00-04:00,31,83,,True,true,
2026-08-23T02:17:28Z,IN,321,2026-08-22T22:05:00-04:00,21,41,,True,false,
2026-08-23T02:17:28Z,IN,300,2026-08-22T22:05:00-04:00,56,128,,True,false,
2026-08-23T02:17:28Z,IN,302,2026-08-22T22:05:00-04:00,LOW,30,,True,true,
2026-08-23T02:17:28Z,IN,301,2026-08-22T22:05:00-04:00,LOW,30,,True,true,
2026-08-23T02:17:28Z,IN,303,2026-08-22T22:05:00-04:00,93,194,,True,true,
2026-08-23T02:17:28Z,IN,304,2026-08-22T22:05:00-04:00,36,99,,True,true,
2026-08-23T02:17:28Z,IN,305,2026-08-22T22:05:00-04:00,Unknown,156,,False,true,
2026-08-23T02:17:28Z,IN,323,2026-08-22T22:05:00-04:00,20,40,,True,true,
2026-08-23T02:17:28Z,IN,702,2026-08-22T22:05:00-04:00,38,75,,True,false,
2026-08-23T02:17:28Z,IN,701,2026-08-22T22:05:00-04:00,30,60,,True,false,
2026-08-23T02:17:28Z,IN,704,2026-08-22T22:05:00-04:00,40,80,,True,false,
2026-08-23T02:17:28Z,IN,703,2026-08-22T22:05:00-04:00,55,110,,True,false,
2026-08-23T02:17:28Z,IN,706,2026-08-22T22:05:00-04:00,35,70,,True,false,
2026-08-23T02:17:28Z,IN,705,2026-08-22T22:05:00-04:00,30,60,,True,false,
2026-08-23T02:17:28Z,IN,708,2026-08-22T22:05:00-04:00,23,45,,True,false,
2026-08-23T02:17:28Z,IN,707,2026-08-22T22:05:00-04:00,20,40,,True,false,
2026-08-23T02:17:28Z,IN,324,2026-08-22T22:05:00-04:00,16,31,,True,true,
2026-08-23T02:17:28Z,KY,KY00065IS0000020N65WELCOM,2026-08-23T02:16:02Z,LOW,21,STEADY,True,True,
2026-08-23T02:17:28Z,KY,KY00065IS000020NSMARATHON,2025-12-19T00:36:53Z,10,60,STEADY,True,False,
2026-08-23T02:17:28Z,KY,KY00065IS0000340NWEIGHS34,2026-07-01T19:04:41Z,33,40,STEADY,True,False,
2026-08-23T02:17:28Z,KY,KY00065IS0011400S65SRA114,2026-08-23T02:16:10Z,12,26,FILLING,True,True,
2026-08-23T02:17:28Z,KY,KY00065IS0005900S65SRA059,2026-08-23T02:16:08Z,80,109,STEADY,True,True,
2026-08-23T02:17:28Z,KY,KY00065IS0005900N65NRA059,2026-08-17T17:24:33Z,13,113,STEADY,True,False,
2026-08-23T02:17:28Z,KY,KY00075IS0003300NWEIGHS33,2026-08-23T02:15:46Z,48,50,STEADY,True,True,
2026-08-23T02:17:28Z,KY,KY00075IS0003400SWEIGHS34,2026-08-23T02:15:50Z,LOW,40,STEADY,True,True,
2026-08-23T02:17:28Z,KY,KY00075IS0017700N75NRA177,2026-07-13T10:37:14Z,LOW,53,CLEARING,True,False,
2026-08-23T02:17:28Z,KY,KY00075IS0007500SWALTONWS,2026-08-23T02:15:56Z,42,45,STEADY,True,True,
2026-08-23T02:17:28Z,KY,KY00075IS0017700S75SRA177,2026-08-23T02:15:48Z,47,67,STEADY,True,True,
2026-08-23T02:17:28Z,KY,KY00075IS0016800SCRITENWS,2026-08-23T02:15:52Z,28,39,FILLING,True,True,
2026-08-23T02:17:28Z,KY,KY00075IS0000100N75WELCOM,2026-08-23T02:16:12Z,LOW,30,STEADY,True,True,
2026-08-23T02:17:33Z,IL,IL00072IE015200041,2026-08-23T02:15:18Z,12,16,STEADY,True,True,
2026-08-23T02:17:33Z,IL,IL00070IW002700015,2026-08-23T02:17:28Z,Unknown,0,Unknown,True,False,
2026-08-23T02:17:33Z,IL,IL00064IE002500038,2026-08-23T02:17:28Z,Unknown,0,Unknown,True,False,
2026-08-23T02:17:33Z,IL,IL00055IN010400050,2026-08-23T02:17:28Z,0,0,Unknown,False,False,
2026-08-23T02:17:33Z,IL,IL00064IE008500039,2026-08-23T02:17:28Z,Unknown,0,Unknown,True,False,
2026-08-23T02:17:33Z,IL,IL00080IE005100040,2026-08-23T02:17:28Z,Unknown,39,Unknown,True,False,
2026-08-23T02:17:33Z,IL,IL00074IE015600037,2026-08-23T02:17:28Z,0,0,Unknown,False,False,
2026-08-23T02:17:33Z,IL,IL00057IS026800022,2026-08-23T02:17:28Z,Unknown,27,Unknown,True,False,
2026-08-23T02:17:33Z,IL,IL00055IN002700029,2026-08-23T02:17:28Z,Unknown,0,Unknown,True,False,
2026-08-23T02:17:33Z,IL,IL00074IW002800020,2026-08-23T02:17:28Z,Unknown,15,Unknown,True,False,
2026-08-23T02:17:33Z,IL,IL00064IW008500012,2026-08-23T02:17:28Z,Unknown,0,Unknown,True,False,
2026-08-23T02:17:33Z,IL,IL00074IW015600009,2026-08-23T02:17:28Z,0,0,Unknown,False,False,
2026-08-23T02:17:33Z,IL,IL00057IN022200048,2026-08-23T02:17:28Z,Unknown,0,Unknown,True,False,
2026-08-23T02:17:33Z,IL,IL00055IS006400017,2026-08-23T02:17:28Z,Unknown,0,Unknown,True,False,
2026-08-23T02:17:33Z,IL,IL00055IN006400027,2026-08-23T02:17:28Z,Unknown,0,Unknown,True,False,
2026-08-23T02:17:33Z,IL,IL00057IN026800032,2026-08-23T02:17:28Z,Unknown,25,Unknown,True,False,
2026-08-23T02:17:33Z,IL,IL00055IN019400031,2026-08-23T02:17:28Z,Unknown,36,Unknown,True,False,
2026-08-23T02:17:33Z,IL,IL00057IS022200054,2026-08-23T02:17:28Z,Unknown,0,Unknown,True,False,
2026-08-23T02:17:33Z,IL,IL00064IW013000053,2026-08-23T02:17:28Z,0,0,Unknown,False,False,
2026-08-23T02:17:33Z,IL,IL00057IS011400023,2026-08-23T02:17:29Z,Unknown,0,Unknown,True,False,
2026-08-23T02:17:33Z,IL,IL00024IW003700010,2026-08-23T02:17:29Z,Unknown,0,Unknown,True,False,
2026-08-23T02:17:33Z,IL,IL00055IS002700019,2026-08-23T02:17:29Z,Unknown,0,Unknown,True,False,
2026-08-23T02:17:33Z,IL,IL00074IW020800052,2026-08-23T02:17:29Z,Unknown,0,Unknown,True,False,
2026-08-23T02:17:33Z,IL,IL00055IS019400021,2026-08-23T02:17:29Z,Unknown,29,Unknown,True,False,
2026-08-23T02:17:33Z,IL,IL00057IS033300046,2026-08-23T02:17:29Z,Unknown,0,Unknown,True,False,
2026-08-23T02:17:33Z,IL,IL00080IW011700016,2026-08-23T02:17:29Z,0,39,Unknown,False,False,
2026-08-23T02:17:33Z,IL,IL00070IE002700042,2026-08-23T02:17:29Z,Unknown,0,Unknown,True,False,
2026-08-23T02:17:33Z,IL,IL00064IW002500011,2026-08-23T02:17:29Z,Unknown,0,Unknown,True,False,
2026-08-23T02:17:33Z,IL,IL00080IW005100013,2026-08-23T02:17:29Z,Unknown,47,Unknown,True,False,
2026-08-23T02:17:33Z,IL,IL00055IN014900028,2026-08-23T02:17:29Z,Unknown,0,Unknown,True,False,
2026-08-23T02:17:33Z,IL,IL00072IW015200014,2026-08-23T02:17:29Z,Unknown,17,Unknown,True,False,
2026-08-23T02:17:33Z,IL,IL00057IN011400033,2026-08-23T02:17:29Z,Unknown,0,Unknown,True,False,
2026-08-23T02:17:33Z,IL,IL00080IE011700043,2026-08-23T02:17:29Z,Unknown,31,Unknown,True,False,
2026-08-23T02:17:33Z,IL,IL00039IN008500036,2026-08-23T02:17:29Z,Unknown,42,Unknown,True,False,
2026-08-23T02:17:33Z,IL,IL00057IN007900034,2026-08-23T02:17:29Z,Unknown,0,Unknown,True,False,
2026-08-23T02:17:33Z,IL,IL00057IN033300049,2026-08-23T02:17:29Z,Unknown,0,Unknown,True,False,
2026-08-23T02:17:33Z,IL,IL00070IE008600051,2026-08-23T02:17:29Z,0,0,Unknown,False,False,
2026-08-23T02:17:33Z,IL,IL00057IS007900047,2026-08-23T02:17:29Z,Unknown,0,Unknown,True,False,
2026-08-23T02:17:33Z,IL,IL00074IE002800030,2026-08-23T02:17:29Z,Unknown,14,Unknown,True,False,
2026-08-23T02:17:33Z,IL,IL00039IS008500026,2026-08-23T02:17:29Z,Unknown,42,Unknown,True,False,
2026-08-23T02:17:33Z,IL,IL00074IE011400005,2026-08-23T02:17:16Z,Unknown,25,Unknown,True,False,
2026-08-23T02:17:33Z,IL,IL00074IW006200004,2026-08-23T02:16:46Z,8,12,STEADY,True,True,
2026-08-23T02:17:33Z,IL,IL00070IW008700045,2026-08-23T02:15:55Z,3,15,FILLING,True,True,
2026-08-23T02:17:33Z,IL,IL00057IS016500018,2026-08-23T02:15:17Z,0,15,STEADY,True,True,
2026-08-23T02:17:33Z,IL,IL00074IW011400006,2026-08-23T02:16:48Z,15,18,STEADY,True,True,
2026-08-23T02:17:33Z,IL,IL00074IE006200001,2026-08-23T02:16:49Z,7,13,FILLING,True,True,
2026-08-23T02:17:33Z,IL,IL00070IW014900008,2026-08-23T02:16:59Z,Unknown,39,Unknown,True,False,
2026-08-23T02:17:33Z,IL,IL00057IN016500044,2026-08-23T02:15:17Z,0,15,STEADY,False,False,
2026-08-23T02:17:33Z,IL,IL00055IS010400024,2026-08-23T02:15:17Z,Unknown,0,STEADY,,False,
2026-08-23T02:17:33Z,IL,IL00057IS003200025,2026-08-23T02:15:17Z,Unknown,0,STEADY,,False,
2026-08-23T02:17:33Z,IL,IL00057IN003200035,2026-08-23T02:15:18Z,Unknown,17,STEADY,,False,
2026-08-23T02:17:33Z,IN,322,2026-08-22T22:05:00-04:00,61,75,,True,false,
2026-08-23T02:17:33Z,IN,317,2026-08-22T22:05:00-04:00,8,58,,True,true,
2026-08-23T02:17:33Z,IN,316,2026-08-22T22:05:00-04:00,20,58,,True,false,
2026-08-23T02:17:33Z,IN,315,2026-08-22T22:05:00-04:00,Unknown,36,,False,true,
2026-08-23T02:17:33Z,IN,314,2026-08-22T22:05:00-04:00,Unknown,36,,False,true,
2026-08-23T02:17:33Z,IN,313,2026-08-22T22:05:00-04:00,LOW,75,,True,true,
2026-08-23T02:17:33Z,IN,312,2026-08-22T22:05:00-04:00,LOW,75,,True,true,
2026-08-23T02:17:33Z,IN,311,2026-08-22T22:05:00-04:00,Unknown,13,,False,true,
2026-08-23T02:17:33Z,IN,310,2026-08-22T22:05:00-04:00,Unknown,13,,False,true,
2026-08-23T02:17:33Z,IN,308,2026-08-22T22:05:00-04:00,34,75,,True,true,
2026-08-23T02:17:33Z,IN,309,2026-08-22T22:05:00-04:00,109,150,,True,true,
2026-08-23T02:17:33Z,IN,318,2026-08-22T22:05:00-04:00,18,78,,True,true,
2026-08-23T02:17:33Z,IN,319,2026-08-22T22:05:00-04:00,22,78,,True,true,
2026-08-23T02:17:33Z,IN,320,2026-08-22T22:05:00-04:00,31,83,,True,true,
2026-08-23T02:17:33Z,IN,321,2026-08-22T22:05:00-04:00,21,41,,True,false,
2026-08-23T02:17:33Z,IN,300,2026-08-22T22:05:00-04:00,56,128,,True,false,
2026-08-23T02:17:33Z,IN,302,2026-08-22T22:05:00-04:00,LOW,30,,True,true,
2026-08-23T02:17:33Z,IN,301,2026-08-22T22:05:00-04:00,LOW,30,,True,true,
2026-08-23T02:17:33Z,IN,303,2026-08-22T22:05:00-04:00,93,194,,True,true,
2026-08-23T02:17:33Z,IN,304,2026-08-22T22:05:00-04:00,36,99,,True,true,
2026-08-23T02:17:33Z,IN,305,2026-08-22T22:05:00-04:00,Unknown,156,,False,true,
2026-08-23T02:17:33Z,IN,323,2026-08-22T22:05:00-04:00,20,40,,True,true,
2026-08-23T02:17:33Z,IN,702,2026-08-22T22:05:00-04:00,38,75,,True,false,
2026-08-23T02:17:33Z,IN,701,2026-08-22T22:05:00-04:00,30,60,,True,false,
2026-08-23T02:17:33Z,IN,704,2026-08-22T22:05:00-04:00,40,80,,True,false,
2026-08-23T02:17:33Z,IN,703,2026-08-22T22:05:00-04:00,55,110,,True,false,
2026-08-23T02:17:33Z,IN,706,2026-08-22T22:05:00-04:00,35,70,,True,false,
2026-08-23T02:17:33Z,IN,705,2026-08-22T22:05:00-04:00,30,60,,True,false,
2026-08-23T02:17:33Z,IN,708,2026-08-22T22:05:00-04:00,23,45,,True,false,
2026-08-23T02:17:33Z,IN,707,2026-08-22T22:05:00-04:00,20,40,,True,false,
2026-08-23T02:17:33Z,IN,324,2026-08-22T22:05:00-04:00,16,31,,True,true,
2026-08-23T02:17:33Z,KY,KY00065IS0000020N65WELCOM,2026-08-23T02:16:02Z,LOW,21,STEADY,True,True,
2026-08-23T02:17:33Z,KY,KY00065IS000020NSMARATHON,2025-12-19T00:36:53Z,10,60,STEADY,True,False,
2026-08-23T02:17:33Z,KY,KY00065IS0000340NWEIGHS34,2026-07-01T19:04:41Z,33,40,STEADY,True,False,
2026-08-23T02:17:33Z,KY,KY00065IS0011400S65SRA114,2026-08-23T02:16:10Z,12,26,FILLING,True,True,
2026-08-23T02:17:33Z,KY,KY00065IS0005900S65SRA059,2026-08-23T02:16:08Z,80,109,STEADY,True,True,
2026-08-23T02:17:33Z,KY,KY00065IS0005900N65NRA059,2026-08-17T17:24:33Z,13,113,STEADY,True,False,
2026-08-23T02:17:33Z,KY,KY00075IS0003300NWEIGHS33,2026-08-23T02:15:46Z,48,50,STEADY,True,True,
2026-08-23T02:17:33Z,KY,KY00075IS0003400SWEIGHS34,2026-08-23T02:15:50Z,LOW,40,STEADY,True,True,
2026-08-23T02:17:33Z,KY,KY00075IS0017700N75NRA177,2026-07-13T10:37:14Z,LOW,53,CLEARING,True,False,
2026-08-23T02:17:33Z,KY,KY00075IS0007500SWALTONWS,2026-08-23T02:15:56Z,42,45,STEADY,True,True,
2026-08-23T02:17:33Z,KY,KY00075IS0017700S75SRA177,2026-08-23T02:15:48Z,47,67,STEADY,True,True,
2026-08-23T02:17:33Z,KY,KY00075IS0016800SCRITENWS,2026-08-23T02:15:52Z,28,39,FILLING,True,True,
2026-08-23T02:17:33Z,KY,KY00075IS0000100N75WELCOM,2026-08-23T02:16:12Z,LOW,30,STEADY,True,True,
2026-08-23T02:17:37Z,IL,IL00072IE015200041,2026-08-23T02:15:18Z,12,16,STEADY,True,True,
2026-08-23T02:17:37Z,IL,IL00070IW002700015,2026-08-23T02:17:28Z,Unknown,0,Unknown,True,False,
2026-08-23T02:17:37Z,IL,IL00064IE002500038,2026-08-23T02:17:28Z,Unknown,0,Unknown,True,False,
2026-08-23T02:17:37Z,IL,IL00055IN010400050,2026-08-23T02:17:28Z,0,0,Unknown,False,False,
2026-08-23T02:17:37Z,IL,IL00064IE008500039,2026-08-23T02:17:28Z,Unknown,0,Unknown,True,False,
2026-08-23T02:17:37Z,IL,IL00080IE005100040,2026-08-23T02:17:28Z,Unknown,39,Unknown,True,False,
2026-08-23T02:17:37Z,IL,IL00074IE015600037,2026-08-23T02:17:28Z,0,0,Unknown,False,False,
2026-08-23T02:17:37Z,IL,IL00057IS026800022,2026-08-23T02:17:28Z,Unknown,27,Unknown,True,False,
2026-08-23T02:17:37Z,IL,IL00055IN002700029,2026-08-23T02:17:28Z,Unknown,0,Unknown,True,False,
2026-08-23T02:17:37Z,IL,IL00074IW002800020,2026-08-23T02:17:28Z,Unknown,15,Unknown,True,False,
2026-08-23T02:17:37Z,IL,IL00064IW008500012,2026-08-23T02:17:28Z,Unknown,0,Unknown,True,False,
2026-08-23T02:17:37Z,IL,IL00074IW015600009,2026-08-23T02:17:28Z,0,0,Unknown,False,False,
2026-08-23T02:17:37Z,IL,IL00057IN022200048,2026-08-23T02:17:28Z,Unknown,0,Unknown,True,False,
2026-08-23T02:17:37Z,IL,IL00055IS006400017,2026-08-23T02:17:28Z,Unknown,0,Unknown,True,False,
2026-08-23T02:17:37Z,IL,IL00055IN006400027,2026-08-23T02:17:28Z,Unknown,0,Unknown,True,False,
2026-08-23T02:17:37Z,IL,IL00057IN026800032,2026-08-23T02:17:28Z,Unknown,25,Unknown,True,False,
2026-08-23T02:17:37Z,IL,IL00055IN019400031,2026-08-23T02:17:28Z,Unknown,36,Unknown,True,False,
2026-08-23T02:17:37Z,IL,IL00057IS022200054,2026-08-23T02:17:28Z,Unknown,0,Unknown,True,False,
2026-08-23T02:17:37Z,IL,IL00064IW013000053,2026-08-23T02:17:28Z,0,0,Unknown,False,False,
2026-08-23T02:17:37Z,IL,IL00057IS011400023,2026-08-23T02:17:29Z,Unknown,0,Unknown,True,False,
2026-08-23T02:17:37Z,IL,IL00024IW003700010,2026-08-23T02:17:29Z,Unknown,0,Unknown,True,False,
2026-08-23T02:17:37Z,IL,IL00055IS002700019,2026-08-23T02:17:29Z,Unknown,0,Unknown,True,False,
2026-08-23T02:17:37Z,IL,IL00074IW020800052,2026-08-23T02:17:29Z,Unknown,0,Unknown,True,False,
2026-08-23T02:17:37Z,IL,IL00055IS019400021,2026-08-23T02:17:29Z,Unknown,29,Unknown,True,False,
2026-08-23T02:17:37Z,IL,IL00057IS033300046,2026-08-23T02:17:29Z,Unknown,0,Unknown,True,False,
2026-08-23T02:17:37Z,IL,IL00080IW011700016,2026-08-23T02:17:29Z,0,39,Unknown,False,False,
2026-08-23T02:17:37Z,IL,IL00070IE002700042,2026-08-23T02:17:29Z,Unknown,0,Unknown,True,False,
2026-08-23T02:17:37Z,IL,IL00064IW002500011,2026-08-23T02:17:29Z,Unknown,0,Unknown,True,False,
2026-08-23T02:17:37Z,IL,IL00080IW005100013,2026-08-23T02:17:29Z,Unknown,47,Unknown,True,False,
2026-08-23T02:17:37Z,IL,IL00055IN014900028,2026-08-23T02:17:29Z,Unknown,0,Unknown,True,False,
2026-08-23T02:17:37Z,IL,IL00072IW015200014,2026-08-23T02:17:29Z,Unknown,17,Unknown,True,False,
2026-08-23T02:17:37Z,IL,IL00057IN011400033,2026-08-23T02:17:29Z,Unknown,0,Unknown,True,False,
2026-08-23T02:17:37Z,IL,IL00080IE011700043,2026-08-23T02:17:29Z,Unknown,31,Unknown,True,False,
2026-08-23T02:17:37Z,IL,IL00039IN008500036,2026-08-23T02:17:29Z,Unknown,42,Unknown,True,False,
2026-08-23T02:17:37Z,IL,IL00057IN007900034,2026-08-23T02:17:29Z,Unknown,0,Unknown,True,False,
2026-08-23T02:17:37Z,IL,IL00057IN033300049,2026-08-23T02:17:29Z,Unknown,0,Unknown,True,False,
2026-08-23T02:17:37Z,IL,IL00070IE008600051,2026-08-23T02:17:29Z,0,0,Unknown,False,False,
2026-08-23T02:17:37Z,IL,IL00057IS007900047,2026-08-23T02:17:29Z,Unknown,0,Unknown,True,False,
2026-08-23T02:17:37Z,IL,IL00074IE002800030,2026-08-23T02:17:29Z,Unknown,14,Unknown,True,False,
2026-08-23T02:17:37Z,IL,IL00039IS008500026,2026-08-23T02:17:29Z,Unknown,42,Unknown,True,False,
2026-08-23T02:17:37Z,IL,IL00074IE011400005,2026-08-23T02:17:35Z,Unknown,25,Unknown,True,False,
2026-08-23T02:17:37Z,IL,IL00074IW006200004,2026-08-23T02:16:46Z,8,12,STEADY,True,True,
2026-08-23T02:17:37Z,IL,IL00070IW008700045,2026-08-23T02:15:55Z,3,15,FILLING,True,True,
2026-08-23T02:17:37Z,IL,IL00057IS016500018,2026-08-23T02:15:17Z,0,15,STEADY,True,True,
2026-08-23T02:17:37Z,IL,IL00074IW011400006,2026-08-23T02:16:48Z,15,18,STEADY,True,True,
2026-08-23T02:17:37Z,IL,IL00074IE006200001,2026-08-23T02:16:49Z,7,13,FILLING,True,True,
2026-08-23T02:17:37Z,IL,IL00070IW014900008,2026-08-23T02:16:59Z,Unknown,39,Unknown,True,False,
2026-08-23T02:17:37Z,IL,IL00057IN016500044,2026-08-23T02:15:17Z,0,15,STEADY,False,False,
2026-08-23T02:17:37Z,IL,IL00055IS010400024,2026-08-23T02:15:17Z,Unknown,0,STEADY,,False,
2026-08-23T02:17:37Z,IL,IL00057IS003200025,2026-08-23T02:15:17Z,Unknown,0,STEADY,,False,
2026-08-23T02:17:37Z,IL,IL00057IN003200035,2026-08-23T02:15:18Z,Unknown,17,STEADY,,False,
2026-08-23T02:17:37Z,IN,322,2026-08-22T22:05:00-04:00,61,75,,True,false,
2026-08-23T02:17:37Z,IN,317,2026-08-22T22:05:00-04:00,8,58,,True,true,
2026-08-23T02:17:37Z,IN,316,2026-08-22T22:05:00-04:00,20,58,,True,false,
2026-08-23T02:17:37Z,IN,315,2026-08-22T22:05:00-04:00,Unknown,36,,False,true,
2026-08-23T02:17:37Z,IN,314,2026-08-22T22:05:00-04:00,Unknown,36,,False,true,
2026-08-23T02:17:37Z,IN,313,2026-08-22T22:05:00-04:00,LOW,75,,True,true,
2026-08-23T02:17:37Z,IN,312,2026-08-22T22:05:00-04:00,LOW,75,,True,true,
2026-08-23T02:17:37Z,IN,311,2026-08-22T22:05:00-04:00,Unknown,13,,False,true,
2026-08-23T02:17:37Z,IN,310,2026-08-22T22:05:00-04:00,Unknown,13,,False,true,
2026-08-23T02:17:37Z,IN,308,2026-08-22T22:05:00-04:00,34,75,,True,true,
2026-08-23T02:17:37Z,IN,309,2026-08-22T22:05:00-04:00,109,150,,True,true,
2026-08-23T02:17:37Z,IN,318,2026-08-22T22:05:00-04:00,18,78,,True,true,
2026-08-23T02:17:37Z,IN,319,2026-08-22T22:05:00-04:00,22,78,,True,true,
2026-08-23T02:17:37Z,IN,320,2026-08-22T22:05:00-04:00,31,83,,True,true,
2026-08-23T02:17:37Z,IN,321,2026-08-22T22:05:00-04:00,21,41,,True,false,
2026-08-23T02:17:37Z,IN,300,2026-08-22T22:05:00-04:00,56,128,,True,false,
2026-08-23T02:17:37Z,IN,302,2026-08-22T22:05:00-04:00,LOW,30,,True,true,
2026-08-23T02:17:37Z,IN,301,2026-08-22T22:05:00-04:00,LOW,30,,True,true,
2026-08-23T02:17:37Z,IN,303,2026-08-22T22:05:00-04:00,93,194,,True,true,
2026-08-23T02:17:37Z,IN,304,2026-08-22T22:05:00-04:00,36,99,,True,true,
2026-08-23T02:17:37Z,IN,305,2026-08-22T22:05:00-04:00,Unknown,156,,False,true,
2026-08-23T02:17:37Z,IN,323,2026-08-22T22:05:00-04:00,20,40,,True,true,
2026-08-23T02:17:37Z,IN,702,2026-08-22T22:05:00-04:00,38,75,,True,false,
2026-08-23T02:17:37Z,IN,701,2026-08-22T22:05:00-04:00,30,60,,True,false,
2026-08-23T02:17:37Z,IN,704,2026-08-22T22:05:00-04:00,40,80,,True,false,
2026-08-23T02:17:37Z,IN,703,2026-08-22T22:05:00-04:00,55,110,,True,false,
2026-08-23T02:17:37Z,IN,706,2026-08-22T22:05:00-04:00,35,70,,True,false,
2026-08-23T02:17:37Z,IN,705,2026-08-22T22:05:00-04:00,30,60,,True,false,
2026-08-23T02:17:37Z,IN,708,2026-08-22T22:05:00-04:00,23,45,,True,false,
2026-08-23T02:17:37Z,IN,707,2026-08-22T22:05:00-04:00,20,40,,True,false,
2026-08-23T02:17:37Z,IN,324,2026-08-22T22:05:00-04:00,16,31,,True,true,
2026-08-23T02:17:37Z,KY,KY00065IS0000020N65WELCOM,2026-08-23T02:16:02Z,LOW,21,STEADY,True,True,
2026-08-23T02:17:37Z,KY,KY00065IS000020NSMARATHON,2025-12-19T00:36:53Z,10,60,STEADY,True,False,
2026-08-23T02:17:37Z,KY,KY00065IS0000340NWEIGHS34,2026-07-01T19:04:41Z,33,40,STEADY,True,False,
2026-08-23T02:17:37Z,KY,KY00065IS0011400S65SRA114,2026-08-23T02:16:10Z,12,26,FILLING,True,True,
2026-08-23T02:17:37Z,KY,KY00065IS0005900S65SRA059,2026-08-23T02:16:08Z,80,109,STEADY,True,True,
2026-08-23T02:17:37Z,KY,KY00065IS0005900N65NRA059,2026-08-17T17:24:33Z,13,113,STEADY,True,False,
2026-08-23T02:17:37Z,KY,KY00075IS0003300NWEIGHS33,2026-08-23T02:15:46Z,48,50,STEADY,True,True,
2026-08-23T02:17:37Z,KY,KY00075IS0003400SWEIGHS34,2026-08-23T02:15:50Z,LOW,40,STEADY,True,True,
2026-08-23T02:17:37Z,KY,KY00075IS0017700N75NRA177,2026-07-13T10:37:14Z,LOW,53,CLEARING,True,False,
2026-08-23T02:17:37Z,KY,KY00075IS0007500SWALTONWS,2026-08-23T02:15:56Z,42,45,STEADY,True,True,
2026-08-23T02:17:37Z,KY,KY00075IS0017700S75SRA177,2026-08-23T02:15:48Z,47,67,STEADY,True,True,
2026-08-23T02:17:37Z,KY,KY00075IS0016800SCRITENWS,2026-08-23T02:15:52Z,28,39,FILLING,True,True,
2026-08-23T02:17:37Z,KY,KY00075IS0000100N75WELCOM,2026-08-23T02:16:12Z,LOW,30,STEADY,True,True,
2026-08-23T02:17:42Z,IL,IL00072IE015200041,2026-08-23T02:15:18Z,12,16,STEADY,True,True,
2026-08-23T02:17:42Z,IL,IL00070IW002700015,2026-08-23T02:17:28Z,Unknown,0,Unknown,True,False,
2026-08-23T02:17:42Z,IL,IL00064IE002500038,2026-08-23T02:17:28Z,Unknown,0,Unknown,True,False,
2026-08-23T02:17:42Z,IL,IL00055IN010400050,2026-08-23T02:17:28Z,0,0,Unknown,False,False,
2026-08-23T02:17:42Z,IL,IL00064IE008500039,2026-08-23T02:17:28Z,Unknown,0,Unknown,True,False,
2026-08-23T02:17:42Z,IL,IL00080IE005100040,2026-08-23T02:17:28Z,Unknown,39,Unknown,True,False,
2026-08-23T02:17:42Z,IL,IL00074IE015600037,2026-08-23T02:17:28Z,0,0,Unknown,False,False,
2026-08-23T02:17:42Z,IL,IL00057IS026800022,2026-08-23T02:17:28Z,Unknown,27,Unknown,True,False,
2026-08-23T02:17:42Z,IL,IL00055IN002700029,2026-08-23T02:17:28Z,Unknown,0,Unknown,True,False,
2026-08-23T02:17:42Z,IL,IL00074IW002800020,2026-08-23T02:17:28Z,Unknown,15,Unknown,True,False,
2026-08-23T02:17:42Z,IL,IL00064IW008500012,2026-08-23T02:17:28Z,Unknown,0,Unknown,True,False,
2026-08-23T02:17:42Z,IL,IL00074IW015600009,2026-08-23T02:17:28Z,0,0,Unknown,False,False,
2026-08-23T02:17:42Z,IL,IL00057IN022200048,2026-08-23T02:17:28Z,Unknown,0,Unknown,True,False,
2026-08-23T02:17:42Z,IL,IL00055IS006400017,2026-08-23T02:17:28Z,Unknown,0,Unknown,True,False,
2026-08-23T02:17:42Z,IL,IL00055IN006400027,2026-08-23T02:17:28Z,Unknown,0,Unknown,True,False,
2026-08-23T02:17:42Z,IL,IL00057IN026800032,2026-08-23T02:17:28Z,Unknown,25,Unknown,True,False,
2026-08-23T02:17:42Z,IL,IL00055IN019400031,2026-08-23T02:17:28Z,Unknown,36,Unknown,True,False,
2026-08-23T02:17:42Z,IL,IL00057IS022200054,2026-08-23T02:17:28Z,Unknown,0,Unknown,True,False,
2026-08-23T02:17:42Z,IL,IL00064IW013000053,2026-08-23T02:17:28Z,0,0,Unknown,False,False,
2026-08-23T02:17:42Z,IL,IL00057IS011400023,2026-08-23T02:17:29Z,Unknown,0,Unknown,True,False,
2026-08-23T02:17:42Z,IL,IL00024IW003700010,2026-08-23T02:17:29Z,Unknown,0,Unknown,True,False,
2026-08-23T02:17:42Z,IL,IL00055IS002700019,2026-08-23T02:17:29Z,Unknown,0,Unknown,True,False,
2026-08-23T02:17:42Z,IL,IL00074IW020800052,2026-08-23T02:17:29Z,Unknown,0,Unknown,True,False,
2026-08-23T02:17:42Z,IL,IL00055IS019400021,2026-08-23T02:17:29Z,Unknown,29,Unknown,True,False,
2026-08-23T02:17:42Z,IL,IL00057IS033300046,2026-08-23T02:17:29Z,Unknown,0,Unknown,True,False,
2026-08-23T02:17:42Z,IL,IL00080IW011700016,2026-08-23T02:17:29Z,0,39,Unknown,False,False,
2026-08-23T02:17:42Z,IL,IL00070IE002700042,2026-08-23T02:17:29Z,Unknown,0,Unknown,True,False,
2026-08-23T02:17:42Z,IL,IL00064IW002500011,2026-08-23T02:17:29Z,Unknown,0,Unknown,True,False,
2026-08-23T02:17:42Z,IL,IL00080IW005100013,2026-08-23T02:17:29Z,Unknown,47,Unknown,True,False,
2026-08-23T02:17:42Z,IL,IL00055IN014900028,2026-08-23T02:17:29Z,Unknown,0,Unknown,True,False,
2026-08-23T02:17:42Z,IL,IL00072IW015200014,2026-08-23T02:17:29Z,Unknown,17,Unknown,True,False,
2026-08-23T02:17:42Z,IL,IL00057IN011400033,2026-08-23T02:17:29Z,Unknown,0,Unknown,True,False,
2026-08-23T02:17:42Z,IL,IL00080IE011700043,2026-08-23T02:17:29Z,Unknown,31,Unknown,True,False,
2026-08-23T02:17:42Z,IL,IL00039IN008500036,2026-08-23T02:17:29Z,Unknown,42,Unknown,True,False,
2026-08-23T02:17:42Z,IL,IL00057IN007900034,2026-08-23T02:17:29Z,Unknown,0,Unknown,True,False,
2026-08-23T02:17:42Z,IL,IL00057IN033300049,2026-08-23T02:17:29Z,Unknown,0,Unknown,True,False,
2026-08-23T02:17:42Z,IL,IL00070IE008600051,2026-08-23T02:17:29Z,0,0,Unknown,False,False,
2026-08-23T02:17:42Z,IL,IL00057IS007900047,2026-08-23T02:17:29Z,Unknown,0,Unknown,True,False,
2026-08-23T02:17:42Z,IL,IL00074IE002800030,2026-08-23T02:17:29Z,Unknown,14,Unknown,True,False,
2026-08-23T02:17:42Z,IL,IL00039IS008500026,2026-08-23T02:17:29Z,Unknown,42,Unknown,True,False,
2026-08-23T02:17:42Z,IL,IL00074IE011400005,2026-08-23T02:17:35Z,Unknown,25,Unknown,True,False,
2026-08-23T02:17:42Z,IL,IL00074IW006200004,2026-08-23T02:16:46Z,8,12,STEADY,True,True,
2026-08-23T02:17:42Z,IL,IL00070IW008700045,2026-08-23T02:15:55Z,3,15,FILLING,True,True,
2026-08-23T02:17:42Z,IL,IL00057IS016500018,2026-08-23T02:15:17Z,0,15,STEADY,True,True,
2026-08-23T02:17:42Z,IL,IL00074IW011400006,2026-08-23T02:16:48Z,15,18,STEADY,True,True,
2026-08-23T02:17:42Z,IL,IL00074IE006200001,2026-08-23T02:16:49Z,7,13,FILLING,True,True,
2026-08-23T02:17:42Z,IL,IL00070IW014900008,2026-08-23T02:16:59Z,Unknown,39,Unknown,True,False,
2026-08-23T02:17:42Z,IL,IL00057IN016500044,2026-08-23T02:15:17Z,0,15,STEADY,False,False,
2026-08-23T02:17:42Z,IL,IL00055IS010400024,2026-08-23T02:15:17Z,Unknown,0,STEADY,,False,
2026-08-23T02:17:42Z,IL,IL00057IS003200025,2026-08-23T02:15:17Z,Unknown,0,STEADY,,False,
2026-08-23T02:17:42Z,IL,IL00057IN003200035,2026-08-23T02:15:18Z,Unknown,17,STEADY,,False,
2026-08-23T02:17:42Z,IN,322,2026-08-22T22:05:00-04:00,61,75,,True,false,
2026-08-23T02:17:42Z,IN,317,2026-08-22T22:05:00-04:00,8,58,,True,true,
2026-08-23T02:17:42Z,IN,316,2026-08-22T22:05:00-04:00,20,58,,True,false,
2026-08-23T02:17:42Z,IN,315,2026-08-22T22:05:00-04:00,Unknown,36,,False,true,
2026-08-23T02:17:42Z,IN,314,2026-08-22T22:05:00-04:00,Unknown,36,,False,true,
2026-08-23T02:17:42Z,IN,313,2026-08-22T22:05:00-04:00,LOW,75,,True,true,
2026-08-23T02:17:42Z,IN,312,2026-08-22T22:05:00-04:00,LOW,75,,True,true,
2026-08-23T02:17:42Z,IN,311,2026-08-22T22:05:00-04:00,Unknown,13,,False,true,
2026-08-23T02:17:42Z,IN,310,2026-08-22T22:05:00-04:00,Unknown,13,,False,true,
2026-08-23T02:17:42Z,IN,308,2026-08-22T22:05:00-04:00,34,75,,True,true,
2026-08-23T02:17:42Z,IN,309,2026-08-22T22:05:00-04:00,109,150,,True,true,
2026-08-23T02:17:42Z,IN,318,2026-08-22T22:05:00-04:00,18,78,,True,true,
2026-08-23T02:17:42Z,IN,319,2026-08-22T22:05:00-04:00,22,78,,True,true,
2026-08-23T02:17:42Z,IN,320,2026-08-22T22:05:00-04:00,31,83,,True,true,
2026-08-23T02:17:42Z,IN,321,2026-08-22T22:05:00-04:00,21,41,,True,false,
2026-08-23T02:17:42Z,IN,300,2026-08-22T22:05:00-04:00,56,128,,True,false,
2026-08-23T02:17:42Z,IN,302,2026-08-22T22:05:00-04:00,LOW,30,,True,true,
2026-08-23T02:17:42Z,IN,301,2026-08-22T22:05:00-04:00,LOW,30,,True,true,
2026-08-23T02:17:42Z,IN,303,2026-08-22T22:05:00-04:00,93,194,,True,true,
2026-08-23T02:17:42Z,IN,304,2026-08-22T22:05:00-04:00,36,99,,True,true,
2026-08-23T02:17:42Z,IN,305,2026-08-22T22:05:00-04:00,Unknown,156,,False,true,
2026-08-23T02:17:42Z,IN,323,2026-08-22T22:05:00-04:00,20,40,,True,true,
2026-08-23T02:17:42Z,IN,702,2026-08-22T22:05:00-04:00,38,75,,True,false,
2026-08-23T02:17:42Z,IN,701,2026-08-22T22:05:00-04:00,30,60,,True,false,
2026-08-23T02:17:42Z,IN,704,2026-08-22T22:05:00-04:00,40,80,,True,false,
2026-08-23T02:17:42Z,IN,703,2026-08-22T22:05:00-04:00,55,110,,True,false,
2026-08-23T02:17:42Z,IN,706,2026-08-22T22:05:00-04:00,35,70,,True,false,
2026-08-23T02:17:42Z,IN,705,2026-08-22T22:05:00-04:00,30,60,,True,false,
2026-08-23T02:17:42Z,IN,708,2026-08-22T22:05:00-04:00,23,45,,True,false,
2026-08-23T02:17:42Z,IN,707,2026-08-22T22:05:00-04:00,20,40,,True,false,
2026-08-23T02:17:42Z,IN,324,2026-08-22T22:05:00-04:00,16,31,,True,true,
2026-08-23T02:17:42Z,KY,KY00065IS0000020N65WELCOM,2026-08-23T02:16:02Z,LOW,21,STEADY,True,True,
2026-08-23T02:17:42Z,KY,KY00065IS000020NSMARATHON,2025-12-19T00:36:53Z,10,60,STEADY,True,False,
2026-08-23T02:17:42Z,KY,KY00065IS0000340NWEIGHS34,2026-07-01T19:04:41Z,33,40,STEADY,True,False,
2026-08-23T02:17:42Z,KY,KY00065IS0011400S65SRA114,2026-08-23T02:16:10Z,12,26,FILLING,True,True,
2026-08-23T02:17:42Z,KY,KY00065IS0005900S65SRA059,2026-08-23T02:16:08Z,80,109,STEADY,True,True,
2026-08-23T02:17:42Z,KY,KY00065IS0005900N65NRA059,2026-08-17T17:24:33Z,13,113,STEADY,True,False,
2026-08-23T02:17:42Z,KY,KY00075IS0003300NWEIGHS33,2026-08-23T02:15:46Z,48,50,STEADY,True,True,
2026-08-23T02:17:42Z,KY,KY00075IS0003400SWEIGHS34,2026-08-23T02:15:50Z,LOW,40,STEADY,True,True,
2026-08-23T02:17:42Z,KY,KY00075IS0017700N75NRA177,2026-07-13T10:37:14Z,LOW,53,CLEARING,True,False,
2026-08-23T02:17:42Z,KY,KY00075IS0007500SWALTONWS,2026-08-23T02:15:56Z,42,45,STEADY,True,True,
2026-08-23T02:17:42Z,KY,KY00075IS0017700S75SRA177,2026-08-23T02:15:48Z,47,67,STEADY,True,True,
2026-08-23T02:17:42Z,KY,KY00075IS0016800SCRITENWS,2026-08-23T02:15:52Z,28,39,FILLING,True,True,
2026-08-23T02:17:42Z,KY,KY00075IS0000100N75WELCOM,2026-08-23T02:16:12Z,LOW,30,STEADY,True,True,
2026-08-23T02:17:47Z,IL,IL00064IE002500038,2026-08-23T02:17:46Z,Unknown,0,Unknown,True,False,
2026-08-23T02:17:47Z,IL,IL00055IN010400050,2026-08-23T02:17:46Z,0,0,Unknown,False,False,
2026-08-23T02:17:47Z,IL,IL00064IE008500039,2026-08-23T02:17:46Z,Unknown,0,Unknown,True,False,
2026-08-23T02:17:47Z,IL,IL00080IE005100040,2026-08-23T02:17:46Z,Unknown,39,Unknown,True,False,
2026-08-23T02:17:47Z,IL,IL00074IE015600037,2026-08-23T02:17:46Z,0,0,Unknown,False,False,
2026-08-23T02:17:47Z,IL,IL00057IS026800022,2026-08-23T02:17:46Z,Unknown,27,Unknown,True,False,
2026-08-23T02:17:47Z,IL,IL00055IN002700029,2026-08-23T02:17:46Z,Unknown,0,Unknown,True,False,
2026-08-23T02:17:47Z,IL,IL00074IW002800020,2026-08-23T02:17:46Z,Unknown,15,Unknown,True,False,
2026-08-23T02:17:47Z,IL,IL00064IW008500012,2026-08-23T02:17:46Z,Unknown,0,Unknown,True,False,
2026-08-23T02:17:47Z,IL,IL00074IW015600009,2026-08-23T02:17:46Z,0,0,Unknown,False,False,
2026-08-23T02:17:47Z,IL,IL00057IN022200048,2026-08-23T02:17:46Z,Unknown,0,Unknown,True,False,
2026-08-23T02:17:47Z,IL,IL00055IS006400017,2026-08-23T02:17:46Z,Unknown,0,Unknown,True,False,
2026-08-23T02:17:47Z,IL,IL00055IN006400027,2026-08-23T02:17:46Z,Unknown,0,Unknown,True,False,
2026-08-23T02:17:47Z,IL,IL00057IN026800032,2026-08-23T02:17:46Z,Unknown,25,Unknown,True,False,
2026-08-23T02:17:47Z,IL,IL00055IN019400031,2026-08-23T02:17:46Z,Unknown,36,Unknown,True,False,
2026-08-23T02:17:47Z,IL,IL00057IS022200054,2026-08-23T02:17:46Z,Unknown,0,Unknown,True,False,
2026-08-23T02:17:47Z,IL,IL00064IW013000053,2026-08-23T02:17:46Z,0,0,Unknown,False,False,
2026-08-23T02:17:47Z,IL,IL00057IS011400023,2026-08-23T02:17:46Z,Unknown,0,Unknown,True,False,
2026-08-23T02:17:47Z,IL,IL00024IW003700010,2026-08-23T02:17:46Z,Unknown,0,Unknown,True,False,
2026-08-23T02:17:47Z,IL,IL00055IS002700019,2026-08-23T02:17:47Z,Unknown,0,Unknown,True,False,
2026-08-23T02:17:47Z,IL,IL00074IW020800052,2026-08-23T02:17:47Z,Unknown,0,Unknown,True,False,
2026-08-23T02:17:47Z,IL,IL00055IS019400021,2026-08-23T02:17:47Z,Unknown,29,Unknown,True,False,
2026-08-23T02:17:47Z,IL,IL00072IE015200041,2026-08-23T02:15:18Z,12,16,STEADY,True,True,
2026-08-23T02:17:47Z,IL,IL00070IW002700015,2026-08-23T02:17:46Z,Unknown,0,Unknown,True,False,
2026-08-23T02:17:47Z,IL,IL00057IS033300046,2026-08-23T02:17:29Z,Unknown,0,Unknown,True,False,
2026-08-23T02:17:47Z,IL,IL00080IW011700016,2026-08-23T02:17:29Z,0,39,Unknown,False,False,
2026-08-23T02:17:47Z,IL,IL00070IE002700042,2026-08-23T02:17:29Z,Unknown,0,Unknown,True,False,
2026-08-23T02:17:47Z,IL,IL00064IW002500011,2026-08-23T02:17:29Z,Unknown,0,Unknown,True,False,
2026-08-23T02:17:47Z,IL,IL00080IW005100013,2026-08-23T02:17:29Z,Unknown,47,Unknown,True,False,
2026-08-23T02:17:47Z,IL,IL00055IN014900028,2026-08-23T02:17:29Z,Unknown,0,Unknown,True,False,
2026-08-23T02:17:47Z,IL,IL00072IW015200014,2026-08-23T02:17:29Z,Unknown,17,Unknown,True,False,
2026-08-23T02:17:47Z,IL,IL00057IN011400033,2026-08-23T02:17:29Z,Unknown,0,Unknown,True,False,
2026-08-23T02:17:47Z,IL,IL00080IE011700043,2026-08-23T02:17:29Z,Unknown,31,Unknown,True,False,
2026-08-23T02:17:47Z,IL,IL00039IN008500036,2026-08-23T02:17:29Z,Unknown,42,Unknown,True,False,
2026-08-23T02:17:47Z,IL,IL00057IN007900034,2026-08-23T02:17:29Z,Unknown,0,Unknown,True,False,
2026-08-23T02:17:47Z,IL,IL00057IN033300049,2026-08-23T02:17:29Z,Unknown,0,Unknown,True,False,
2026-08-23T02:17:47Z,IL,IL00070IE008600051,2026-08-23T02:17:29Z,0,0,Unknown,False,False,
2026-08-23T02:17:47Z,IL,IL00057IS007900047,2026-08-23T02:17:29Z,Unknown,0,Unknown,True,False,
2026-08-23T02:17:47Z,IL,IL00074IE002800030,2026-08-23T02:17:29Z,Unknown,14,Unknown,True,False,
2026-08-23T02:17:47Z,IL,IL00039IS008500026,2026-08-23T02:17:29Z,Unknown,42,Unknown,True,False,
2026-08-23T02:17:47Z,IL,IL00074IE011400005,2026-08-23T02:17:35Z,Unknown,25,Unknown,True,False,
2026-08-23T02:17:47Z,IL,IL00074IW006200004,2026-08-23T02:16:46Z,8,12,STEADY,True,True,
2026-08-23T02:17:47Z,IL,IL00070IW008700045,2026-08-23T02:15:55Z,3,15,FILLING,True,True,
2026-08-23T02:17:47Z,IL,IL00057IS016500018,2026-08-23T02:15:17Z,0,15,STEADY,True,True,
2026-08-23T02:17:47Z,IL,IL00074IW011400006,2026-08-23T02:16:48Z,15,18,STEADY,True,True,
2026-08-23T02:17:47Z,IL,IL00074IE006200001,2026-08-23T02:16:49Z,7,13,FILLING,True,True,
2026-08-23T02:17:47Z,IL,IL00070IW014900008,2026-08-23T02:16:59Z,Unknown,39,Unknown,True,False,
2026-08-23T02:17:47Z,IL,IL00057IN016500044,2026-08-23T02:15:17Z,0,15,STEADY,False,False,
2026-08-23T02:17:47Z,IL,IL00055IS010400024,2026-08-23T02:15:17Z,Unknown,0,STEADY,,False,
2026-08-23T02:17:47Z,IL,IL00057IS003200025,2026-08-23T02:15:17Z,Unknown,0,STEADY,,False,
2026-08-23T02:17:47Z,IL,IL00057IN003200035,2026-08-23T02:15:18Z,Unknown,17,STEADY,,False,
2026-08-23T02:17:47Z,IN,322,2026-08-22T22:05:00-04:00,61,75,,True,false,
2026-08-23T02:17:47Z,IN,317,2026-08-22T22:05:00-04:00,8,58,,True,true,
2026-08-23T02:17:47Z,IN,316,2026-08-22T22:05:00-04:00,20,58,,True,false,
2026-08-23T02:17:47Z,IN,315,2026-08-22T22:05:00-04:00,Unknown,36,,False,true,
2026-08-23T02:17:47Z,IN,314,2026-08-22T22:05:00-04:00,Unknown,36,,False,true,
2026-08-23T02:17:47Z,IN,313,2026-08-22T22:05:00-04:00,LOW,75,,True,true,
2026-08-23T02:17:47Z,IN,312,2026-08-22T22:05:00-04:00,LOW,75,,True,true,
2026-08-23T02:17:47Z,IN,311,2026-08-22T22:05:00-04:00,Unknown,13,,False,true,
2026-08-23T02:17:47Z,IN,310,2026-08-22T22:05:00-04:00,Unknown,13,,False,true,
2026-08-23T02:17:47Z,IN,308,2026-08-22T22:05:00-04:00,34,75,,True,true,
2026-08-23T02:17:47Z,IN,309,2026-08-22T22:05:00-04:00,109,150,,True,true,
2026-08-23T02:17:47Z,IN,318,2026-08-22T22:05:00-04:00,18,78,,True,true,
2026-08-23T02:17:47Z,IN,319,2026-08-22T22:05:00-04:00,22,78,,True,true,
2026-08-23T02:17:47Z,IN,320,2026-08-22T22:05:00-04:00,31,83,,True,true,
2026-08-23T02:17:47Z,IN,321,2026-08-22T22:05:00-04:00,21,41,,True,false,
2026-08-23T02:17:47Z,IN,300,2026-08-22T22:05:00-04:00,56,128,,True,false,
2026-08-23T02:17:47Z,IN,302,2026-08-22T22:05:00-04:00,LOW,30,,True,true,
2026-08-23T02:17:47Z,IN,301,2026-08-22T22:05:00-04:00,LOW,30,,True,true,
2026-08-23T02:17:47Z,IN,303,2026-08-22T22:05:00-04:00,93,194,,True,true,
2026-08-23T02:17:47Z,IN,304,2026-08-22T22:05:00-04:00,36,99,,True,true,
2026-08-23T02:17:47Z,IN,305,2026-08-22T22:05:00-04:00,Unknown,156,,False,true,
2026-08-23T02:17:47Z,IN,323,2026-08-22T22:05:00-04:00,20,40,,True,true,
2026-08-23T02:17:47Z,IN,702,2026-08-22T22:05:00-04:00,38,75,,True,false,
2026-08-23T02:17:47Z,IN,701,2026-08-22T22:05:00-04:00,30,60,,True,false,
2026-08-23T02:17:47Z,IN,704,2026-08-22T22:05:00-04:00,40,80,,True,false,
2026-08-23T02:17:47Z,IN,703,2026-08-22T22:05:00-04:00,55,110,,True,false,
2026-08-23T02:17:47Z,IN,706,2026-08-22T22:05:00-04:00,35,70,,True,false,
2026-08-23T02:17:47Z,IN,705,2026-08-22T22:05:00-04:00,30,60,,True,false,
2026-08-23T02:17:47Z,IN,708,2026-08-22T22:05:00-04:00,23,45,,True,false,
2026-08-23T02:17:47Z,IN,707,2026-08-22T22:05:00-04:00,20,40,,True,false,
2026-08-23T02:17:47Z,IN,324,2026-08-22T22:05:00-04:00,16,31,,True,true,
2026-08-23T02:17:47Z,KY,KY00065IS0000020N65WELCOM,2026-08-23T02:16:02Z,LOW,21,STEADY,True,True,
2026-08-23T02:17:47Z,KY,KY00065IS000020NSMARATHON,2025-12-19T00:36:53Z,10,60,STEADY,True,False,
2026-08-23T02:17:47Z,KY,KY00065IS0000340NWEIGHS34,2026-07-01T19:04:41Z,33,40,STEADY,True,False,
2026-08-23T02:17:47Z,KY,KY00065IS0011400S65SRA114,2026-08-23T02:16:10Z,12,26,FILLING,True,True,
2026-08-23T02:17:47Z,KY,KY00065IS0005900S65SRA059,2026-08-23T02:16:08Z,80,109,STEADY,True,True,
2026-08-23T02:17:47Z,KY,KY00065IS0005900N65NRA059,2026-08-17T17:24:33Z,13,113,STEADY,True,False,
2026-08-23T02:17:47Z,KY,KY00075IS0003300NWEIGHS33,2026-08-23T02:15:46Z,48,50,STEADY,True,True,
2026-08-23T02:17:47Z,KY,KY00075IS0003400SWEIGHS34,2026-08-23T02:15:50Z,LOW,40,STEADY,True,True,
2026-08-23T02:17:47Z,KY,KY00075IS0017700N75NRA177,2026-07-13T10:37:14Z,LOW,53,CLEARING,True,False,
2026-08-23T02:17:47Z,KY,KY00075IS0007500SWALTONWS,2026-08-23T02:15:56Z,42,45,STEADY,True,True,
2026-08-23T02:17:47Z,KY,KY00075IS0017700S75SRA177,2026-08-23T02:15:48Z,47,67,STEADY,True,True,
2026-08-23T02:17:47Z,KY,KY00075IS0016800SCRITENWS,2026-08-23T02:15:52Z,28,39,FILLING,True,True,
2026-08-23T02:17:47Z,KY,KY00075IS0000100N75WELCOM,2026-08-23T02:16:12Z,LOW,30,STEADY,True,True,
2026-08-23T02:17:51Z,IL,IL00064IE002500038,2026-08-23T02:17:46Z,Unknown,0,Unknown,True,False,
2026-08-23T02:17:51Z,IL,IL00055IN010400050,2026-08-23T02:17:46Z,0,0,Unknown,False,False,
2026-08-23T02:17:51Z,IL,IL00064IE008500039,2026-08-23T02:17:46Z,Unknown,0,Unknown,True,False,
2026-08-23T02:17:51Z,IL,IL00080IE005100040,2026-08-23T02:17:46Z,Unknown,39,Unknown,True,False,
2026-08-23T02:17:51Z,IL,IL00074IE015600037,2026-08-23T02:17:46Z,0,0,Unknown,False,False,
2026-08-23T02:17:51Z,IL,IL00057IS026800022,2026-08-23T02:17:46Z,Unknown,27,Unknown,True,False,
2026-08-23T02:17:51Z,IL,IL00055IN002700029,2026-08-23T02:17:46Z,Unknown,0,Unknown,True,False,
2026-08-23T02:17:51Z,IL,IL00074IW002800020,2026-08-23T02:17:46Z,Unknown,15,Unknown,True,False,
2026-08-23T02:17:51Z,IL,IL00064IW008500012,2026-08-23T02:17:46Z,Unknown,0,Unknown,True,False,
2026-08-23T02:17:51Z,IL,IL00074IW015600009,2026-08-23T02:17:46Z,0,0,Unknown,False,False,
2026-08-23T02:17:51Z,IL,IL00057IN022200048,2026-08-23T02:17:46Z,Unknown,0,Unknown,True,False,
2026-08-23T02:17:51Z,IL,IL00055IS006400017,2026-08-23T02:17:46Z,Unknown,0,Unknown,True,False,
2026-08-23T02:17:51Z,IL,IL00055IN006400027,2026-08-23T02:17:46Z,Unknown,0,Unknown,True,False,
2026-08-23T02:17:51Z,IL,IL00057IN026800032,2026-08-23T02:17:46Z,Unknown,25,Unknown,True,False,
2026-08-23T02:17:51Z,IL,IL00055IN019400031,2026-08-23T02:17:46Z,Unknown,36,Unknown,True,False,
2026-08-23T02:17:51Z,IL,IL00057IS022200054,2026-08-23T02:17:46Z,Unknown,0,Unknown,True,False,
2026-08-23T02:17:51Z,IL,IL00064IW013000053,2026-08-23T02:17:46Z,0,0,Unknown,False,False,
2026-08-23T02:17:51Z,IL,IL00057IS011400023,2026-08-23T02:17:46Z,Unknown,0,Unknown,True,False,
2026-08-23T02:17:51Z,IL,IL00024IW003700010,2026-08-23T02:17:46Z,Unknown,0,Unknown,True,False,
2026-08-23T02:17:51Z,IL,IL00055IS002700019,2026-08-23T02:17:47Z,Unknown,0,Unknown,True,False,
2026-08-23T02:17:51Z,IL,IL00074IW020800052,2026-08-23T02:17:47Z,Unknown,0,Unknown,True,False,
2026-08-23T02:17:51Z,IL,IL00055IS019400021,2026-08-23T02:17:47Z,Unknown,29,Unknown,True,False,
2026-08-23T02:17:51Z,IL,IL00057IS033300046,2026-08-23T02:17:47Z,Unknown,0,Unknown,True,False,
2026-08-23T02:17:51Z,IL,IL00080IW011700016,2026-08-23T02:17:47Z,0,39,Unknown,False,False,
2026-08-23T02:17:51Z,IL,IL00070IE002700042,2026-08-23T02:17:47Z,Unknown,0,Unknown,True,False,
2026-08-23T02:17:51Z,IL,IL00064IW002500011,2026-08-23T02:17:47Z,Unknown,0,Unknown,True,False,
2026-08-23T02:17:51Z,IL,IL00080IW005100013,2026-08-23T02:17:47Z,Unknown,47,Unknown,True,False,
2026-08-23T02:17:51Z,IL,IL00055IN014900028,2026-08-23T02:17:47Z,Unknown,0,Unknown,True,False,
2026-08-23T02:17:51Z,IL,IL00072IW015200014,2026-08-23T02:17:47Z,Unknown,17,Unknown,True,False,
2026-08-23T02:17:51Z,IL,IL00057IN011400033,2026-08-23T02:17:47Z,Unknown,0,Unknown,True,False,
2026-08-23T02:17:51Z,IL,IL00080IE011700043,2026-08-23T02:17:47Z,Unknown,31,Unknown,True,False,
2026-08-23T02:17:51Z,IL,IL00039IN008500036,2026-08-23T02:17:47Z,Unknown,42,Unknown,True,False,
2026-08-23T02:17:51Z,IL,IL00057IN007900034,2026-08-23T02:17:47Z,Unknown,0,Unknown,True,False,
2026-08-23T02:17:51Z,IL,IL00057IN033300049,2026-08-23T02:17:47Z,Unknown,0,Unknown,True,False,
2026-08-23T02:17:51Z,IL,IL00070IE008600051,2026-08-23T02:17:47Z,0,0,Unknown,False,False,
2026-08-23T02:17:51Z,IL,IL00057IS007900047,2026-08-23T02:17:47Z,Unknown,0,Unknown,True,False,
2026-08-23T02:17:51Z,IL,IL00074IE002800030,2026-08-23T02:17:47Z,Unknown,14,Unknown,True,False,
2026-08-23T02:17:51Z,IL,IL00039IS008500026,2026-08-23T02:17:47Z,Unknown,42,Unknown,True,False,
2026-08-23T02:17:51Z,IL,IL00072IE015200041,2026-08-23T02:15:18Z,12,16,STEADY,True,True,
2026-08-23T02:17:51Z,IL,IL00070IW002700015,2026-08-23T02:17:46Z,Unknown,0,Unknown,True,False,
2026-08-23T02:17:51Z,IL,IL00074IE011400005,2026-08-23T02:17:35Z,Unknown,25,Unknown,True,False,
2026-08-23T02:17:51Z,IL,IL00074IW006200004,2026-08-23T02:16:46Z,8,12,STEADY,True,True,
2026-08-23T02:17:51Z,IL,IL00070IW008700045,2026-08-23T02:15:55Z,3,15,FILLING,True,True,
2026-08-23T02:17:51Z,IL,IL00057IS016500018,2026-08-23T02:15:17Z,0,15,STEADY,True,True,
2026-08-23T02:17:51Z,IL,IL00074IW011400006,2026-08-23T02:16:48Z,15,18,STEADY,True,True,
2026-08-23T02:17:51Z,IL,IL00074IE006200001,2026-08-23T02:16:49Z,7,13,FILLING,True,True,
2026-08-23T02:17:51Z,IL,IL00070IW014900008,2026-08-23T02:16:59Z,Unknown,39,Unknown,True,False,
2026-08-23T02:17:51Z,IL,IL00057IN016500044,2026-08-23T02:15:17Z,0,15,STEADY,False,False,
2026-08-23T02:17:51Z,IL,IL00055IS010400024,2026-08-23T02:15:17Z,Unknown,0,STEADY,,False,
2026-08-23T02:17:51Z,IL,IL00057IS003200025,2026-08-23T02:15:17Z,Unknown,0,STEADY,,False,
2026-08-23T02:17:51Z,IL,IL00057IN003200035,2026-08-23T02:15:18Z,Unknown,17,STEADY,,False,
2026-08-23T02:17:51Z,IN,322,2026-08-22T22:05:00-04:00,61,75,,True,false,
2026-08-23T02:17:51Z,IN,317,2026-08-22T22:05:00-04:00,8,58,,True,true,
2026-08-23T02:17:51Z,IN,316,2026-08-22T22:05:00-04:00,20,58,,True,false,
2026-08-23T02:17:51Z,IN,315,2026-08-22T22:05:00-04:00,Unknown,36,,False,true,
2026-08-23T02:17:51Z,IN,314,2026-08-22T22:05:00-04:00,Unknown,36,,False,true,
2026-08-23T02:17:51Z,IN,313,2026-08-22T22:05:00-04:00,LOW,75,,True,true,
2026-08-23T02:17:51Z,IN,312,2026-08-22T22:05:00-04:00,LOW,75,,True,true,
2026-08-23T02:17:51Z,IN,311,2026-08-22T22:05:00-04:00,Unknown,13,,False,true,
2026-08-23T02:17:51Z,IN,310,2026-08-22T22:05:00-04:00,Unknown,13,,False,true,
2026-08-23T02:17:51Z,IN,308,2026-08-22T22:05:00-04:00,34,75,,True,true,
2026-08-23T02:17:51Z,IN,309,2026-08-22T22:05:00-04:00,109,150,,True,true,
2026-08-23T02:17:51Z,IN,318,2026-08-22T22:05:00-04:00,18,78,,True,true,
2026-08-23T02:17:51Z,IN,319,2026-08-22T22:05:00-04:00,22,78,,True,true,
2026-08-23T02:17:51Z,IN,320,2026-08-22T22:05:00-04:00,31,83,,True,true,
2026-08-23T02:17:51Z,IN,321,2026-08-22T22:05:00-04:00,21,41,,True,false,
2026-08-23T02:17:51Z,IN,300,2026-08-22T22:05:00-04:00,56,128,,True,false,
2026-08-23T02:17:51Z,IN,302,2026-08-22T22:05:00-04:00,LOW,30,,True,true,
2026-08-23T02:17:51Z,IN,301,2026-08-22T22:05:00-04:00,LOW,30,,True,true,
2026-08-23T02:17:51Z,IN,303,2026-08-22T22:05:00-04:00,93,194,,True,true,
2026-08-23T02:17:51Z,IN,304,2026-08-22T22:05:00-04:00,36,99,,True,true,
2026-08-23T02:17:51Z,IN,305,2026-08-22T22:05:00-04:00,Unknown,156,,False,true,
2026-08-23T02:17:51Z,IN,323,2026-08-22T22:05:00-04:00,20,40,,True,true,
2026-08-23T02:17:51Z,IN,702,2026-08-22T22:05:00-04:00,38,75,,True,false,
2026-08-23T02:17:51Z,IN,701,2026-08-22T22:05:00-04:00,30,60,,True,false,
2026-08-23T02:17:51Z,IN,704,2026-08-22T22:05:00-04:00,40,80,,True,false,
2026-08-23T02:17:51Z,IN,703,2026-08-22T22:05:00-04:00,55,110,,True,false,
2026-08-23T02:17:51Z,IN,706,2026-08-22T22:05:00-04:00,35,70,,True,false,
2026-08-23T02:17:51Z,IN,705,2026-08-22T22:05:00-04:00,30,60,,True,false,
2026-08-23T02:17:51Z,IN,708,2026-08-22T22:05:00-04:00,23,45,,True,false,
2026-08-23T02:17:51Z,IN,707,2026-08-22T22:05:00-04:00,20,40,,True,false,
2026-08-23T02:17:51Z,IN,324,2026-08-22T22:05:00-04:00,16,31,,True,true,
2026-08-23T02:17:51Z,KY,KY00065IS0000020N65WELCOM,2026-08-23T02:16:02Z,LOW,21,STEADY,True,True,
2026-08-23T02:17:51Z,KY,KY00065IS000020NSMARATHON,2025-12-19T00:36:53Z,10,60,STEADY,True,False,
2026-08-23T02:17:51Z,KY,KY00065IS0000340NWEIGHS34,2026-07-01T19:04:41Z,33,40,STEADY,True,False,
2026-08-23T02:17:51Z,KY,KY00065IS0011400S65SRA114,2026-08-23T02:16:10Z,12,26,FILLING,True,True,
2026-08-23T02:17:51Z,KY,KY00065IS0005900S65SRA059,2026-08-23T02:16:08Z,80,109,STEADY,True,True,
2026-08-23T02:17:51Z,KY,KY00065IS0005900N65NRA059,2026-08-17T17:24:33Z,13,113,STEADY,True,False,
2026-08-23T02:17:51Z,KY,KY00075IS0003300NWEIGHS33,2026-08-23T02:15:46Z,48,50,STEADY,True,True,
2026-08-23T02:17:51Z,KY,KY00075IS0003400SWEIGHS34,2026-08-23T02:15:50Z,LOW,40,STEADY,True,True,
2026-08-23T02:17:51Z,KY,KY00075IS0017700N75NRA177,2026-07-13T10:37:14Z,LOW,53,CLEARING,True,False,
2026-08-23T02:17:51Z,KY,KY00075IS0007500SWALTONWS,2026-08-23T02:15:56Z,42,45,STEADY,True,True,
2026-08-23T02:17:51Z,KY,KY00075IS0017700S75SRA177,2026-08-23T02:15:48Z,47,67,STEADY,True,True,
2026-08-23T02:17:51Z,KY,KY00075IS0016800SCRITENWS,2026-08-23T02:15:52Z,28,39,FILLING,True,True,
2026-08-23T02:17:51Z,KY,KY00075IS0000100N75WELCOM,2026-08-23T02:16:12Z,LOW,30,STEADY,True,True,
2026-08-23T02:17:57Z,IL,IL00064IE002500038,2026-08-23T02:17:46Z,Unknown,0,Unknown,True,False,
2026-08-23T02:17:57Z,IL,IL00055IN010400050,2026-08-23T02:17:46Z,0,0,Unknown,False,False,
2026-08-23T02:17:57Z,IL,IL00064IE008500039,2026-08-23T02:17:46Z,Unknown,0,Unknown,True,False,
2026-08-23T02:17:57Z,IL,IL00080IE005100040,2026-08-23T02:17:46Z,Unknown,39,Unknown,True,False,
2026-08-23T02:17:57Z,IL,IL00074IE015600037,2026-08-23T02:17:46Z,0,0,Unknown,False,False,
2026-08-23T02:17:57Z,IL,IL00057IS026800022,2026-08-23T02:17:46Z,Unknown,27,Unknown,True,False,
2026-08-23T02:17:57Z,IL,IL00055IN002700029,2026-08-23T02:17:46Z,Unknown,0,Unknown,True,False,
2026-08-23T02:17:57Z,IL,IL00074IW002800020,2026-08-23T02:17:46Z,Unknown,15,Unknown,True,False,
2026-08-23T02:17:57Z,IL,IL00064IW008500012,2026-08-23T02:17:46Z,Unknown,0,Unknown,True,False,
2026-08-23T02:17:57Z,IL,IL00074IW015600009,2026-08-23T02:17:46Z,0,0,Unknown,False,False,
2026-08-23T02:17:57Z,IL,IL00057IN022200048,2026-08-23T02:17:46Z,Unknown,0,Unknown,True,False,
2026-08-23T02:17:57Z,IL,IL00055IS006400017,2026-08-23T02:17:46Z,Unknown,0,Unknown,True,False,
2026-08-23T02:17:57Z,IL,IL00055IN006400027,2026-08-23T02:17:46Z,Unknown,0,Unknown,True,False,
2026-08-23T02:17:57Z,IL,IL00057IN026800032,2026-08-23T02:17:46Z,Unknown,25,Unknown,True,False,
2026-08-23T02:17:57Z,IL,IL00055IN019400031,2026-08-23T02:17:46Z,Unknown,36,Unknown,True,False,
2026-08-23T02:17:57Z,IL,IL00057IS022200054,2026-08-23T02:17:46Z,Unknown,0,Unknown,True,False,
2026-08-23T02:17:57Z,IL,IL00064IW013000053,2026-08-23T02:17:46Z,0,0,Unknown,False,False,
2026-08-23T02:17:57Z,IL,IL00057IS011400023,2026-08-23T02:17:46Z,Unknown,0,Unknown,True,False,
2026-08-23T02:17:57Z,IL,IL00024IW003700010,2026-08-23T02:17:46Z,Unknown,0,Unknown,True,False,
2026-08-23T02:17:57Z,IL,IL00055IS002700019,2026-08-23T02:17:47Z,Unknown,0,Unknown,True,False,
2026-08-23T02:17:57Z,IL,IL00074IW020800052,2026-08-23T02:17:47Z,Unknown,0,Unknown,True,False,
2026-08-23T02:17:57Z,IL,IL00055IS019400021,2026-08-23T02:17:47Z,Unknown,29,Unknown,True,False,
2026-08-23T02:17:57Z,IL,IL00057IS033300046,2026-08-23T02:17:47Z,Unknown,0,Unknown,True,False,
2026-08-23T02:17:57Z,IL,IL00080IW011700016,2026-08-23T02:17:47Z,0,39,Unknown,False,False,
2026-08-23T02:17:57Z,IL,IL00070IE002700042,2026-08-23T02:17:47Z,Unknown,0,Unknown,True,False,
2026-08-23T02:17:57Z,IL,IL00064IW002500011,2026-08-23T02:17:47Z,Unknown,0,Unknown,True,False,
2026-08-23T02:17:57Z,IL,IL00080IW005100013,2026-08-23T02:17:47Z,Unknown,47,Unknown,True,False,
2026-08-23T02:17:57Z,IL,IL00055IN014900028,2026-08-23T02:17:47Z,Unknown,0,Unknown,True,False,
2026-08-23T02:17:57Z,IL,IL00072IW015200014,2026-08-23T02:17:47Z,Unknown,17,Unknown,True,False,
2026-08-23T02:17:57Z,IL,IL00057IN011400033,2026-08-23T02:17:47Z,Unknown,0,Unknown,True,False,
2026-08-23T02:17:57Z,IL,IL00080IE011700043,2026-08-23T02:17:47Z,Unknown,31,Unknown,True,False,
2026-08-23T02:17:57Z,IL,IL00039IN008500036,2026-08-23T02:17:47Z,Unknown,42,Unknown,True,False,
2026-08-23T02:17:57Z,IL,IL00057IN007900034,2026-08-23T02:17:47Z,Unknown,0,Unknown,True,False,
2026-08-23T02:17:57Z,IL,IL00057IN033300049,2026-08-23T02:17:47Z,Unknown,0,Unknown,True,False,
2026-08-23T02:17:57Z,IL,IL00070IE008600051,2026-08-23T02:17:47Z,0,0,Unknown,False,False,
2026-08-23T02:17:57Z,IL,IL00057IS007900047,2026-08-23T02:17:47Z,Unknown,0,Unknown,True,False,
2026-08-23T02:17:57Z,IL,IL00074IE002800030,2026-08-23T02:17:47Z,Unknown,14,Unknown,True,False,
2026-08-23T02:17:57Z,IL,IL00039IS008500026,2026-08-23T02:17:47Z,Unknown,42,Unknown,True,False,
2026-08-23T02:17:57Z,IL,IL00072IE015200041,2026-08-23T02:15:18Z,12,16,STEADY,True,True,
2026-08-23T02:17:57Z,IL,IL00070IW002700015,2026-08-23T02:17:46Z,Unknown,0,Unknown,True,False,
2026-08-23T02:17:57Z,IL,IL00074IE011400005,2026-08-23T02:17:53Z,Unknown,25,Unknown,True,False,
2026-08-23T02:17:57Z,IL,IL00074IW006200004,2026-08-23T02:17:54Z,7,12,STEADY,True,True,
2026-08-23T02:17:57Z,IL,IL00070IW008700045,2026-08-23T02:15:55Z,3,15,FILLING,True,True,
2026-08-23T02:17:57Z,IL,IL00057IS016500018,2026-08-23T02:15:17Z,0,15,STEADY,True,True,
2026-08-23T02:17:57Z,IL,IL00074IW011400006,2026-08-23T02:17:56Z,15,18,STEADY,True,True,
2026-08-23T02:17:57Z,IL,IL00074IE006200001,2026-08-23T02:17:57Z,8,13,FILLING,True,True,
2026-08-23T02:17:57Z,IL,IL00070IW014900008,2026-08-23T02:16:59Z,Unknown,39,Unknown,True,False,
2026-08-23T02:17:57Z,IL,IL00057IN016500044,2026-08-23T02:15:17Z,0,15,STEADY,False,False,
2026-08-23T02:17:57Z,IL,IL00055IS010400024,2026-08-23T02:15:17Z,Unknown,0,STEADY,,False,
2026-08-23T02:17:57Z,IL,IL00057IS003200025,2026-08-23T02:15:17Z,Unknown,0,STEADY,,False,
2026-08-23T02:17:57Z,IL,IL00057IN003200035,2026-08-23T02:15:18Z,Unknown,17,STEADY,,False,
2026-08-23T02:17:57Z,KY,KY00065IS0000020N65WELCOM,2026-08-23T02:17:02Z,LOW,21,STEADY,True,True,
2026-08-23T02:17:57Z,KY,KY00065IS000020NSMARATHON,2025-12-19T00:36:53Z,10,60,STEADY,True,False,
2026-08-23T02:17:57Z,KY,KY00065IS0000340NWEIGHS34,2026-07-01T19:04:41Z,33,40,STEADY,True,False,
2026-08-23T02:17:57Z,KY,KY00065IS0011400S65SRA114,2026-08-23T02:17:10Z,13,26,FILLING,True,True,
2026-08-23T02:17:57Z,KY,KY00065IS0005900S65SRA059,2026-08-23T02:17:08Z,80,109,STEADY,True,True,
2026-08-23T02:17:57Z,KY,KY00065IS0005900N65NRA059,2026-08-17T17:24:33Z,13,113,STEADY,True,False,
2026-08-23T02:17:57Z,KY,KY00075IS0003300NWEIGHS33,2026-08-23T02:16:46Z,48,50,STEADY,True,True,
2026-08-23T02:17:57Z,KY,KY00075IS0003400SWEIGHS34,2026-08-23T02:16:50Z,LOW,40,STEADY,True,True,
2026-08-23T02:17:57Z,KY,KY00075IS0017700N75NRA177,2026-07-13T10:37:14Z,LOW,53,CLEARING,True,False,
2026-08-23T02:17:57Z,KY,KY00075IS0007500SWALTONWS,2026-08-23T02:16:56Z,42,45,STEADY,True,True,
2026-08-23T02:17:57Z,KY,KY00075IS0017700S75SRA177,2026-08-23T02:16:48Z,47,67,STEADY,True,True,
2026-08-23T02:17:57Z,KY,KY00075IS0016800SCRITENWS,2026-08-23T02:16:52Z,28,39,FILLING,True,True,
2026-08-23T02:17:57Z,KY,KY00075IS0000100N75WELCOM,2026-08-23T02:17:11Z,LOW,30,STEADY,True,True,
2026-08-23T02:18:10Z,IL,IL00064IE002500038,2026-08-23T02:18:07Z,Unknown,0,Unknown,True,False,
2026-08-23T02:18:10Z,IL,IL00055IN010400050,2026-08-23T02:18:07Z,0,0,Unknown,False,False,
2026-08-23T02:18:10Z,IL,IL00064IE008500039,2026-08-23T02:18:07Z,Unknown,0,Unknown,True,False,
2026-08-23T02:18:10Z,IL,IL00080IE005100040,2026-08-23T02:18:07Z,Unknown,39,Unknown,True,False,
2026-08-23T02:18:10Z,IL,IL00074IE015600037,2026-08-23T02:18:07Z,0,0,Unknown,False,False,
2026-08-23T02:18:10Z,IL,IL00057IS026800022,2026-08-23T02:18:07Z,Unknown,27,Unknown,True,False,
2026-08-23T02:18:10Z,IL,IL00055IN002700029,2026-08-23T02:18:07Z,Unknown,0,Unknown,True,False,
2026-08-23T02:18:10Z,IL,IL00074IW002800020,2026-08-23T02:18:07Z,Unknown,15,Unknown,True,False,
2026-08-23T02:18:10Z,IL,IL00064IW008500012,2026-08-23T02:18:07Z,Unknown,0,Unknown,True,False,
2026-08-23T02:18:10Z,IL,IL00074IW015600009,2026-08-23T02:18:07Z,0,0,Unknown,False,False,
2026-08-23T02:18:10Z,IL,IL00057IN022200048,2026-08-23T02:18:07Z,Unknown,0,Unknown,True,False,
2026-08-23T02:18:10Z,IL,IL00055IS006400017,2026-08-23T02:18:07Z,Unknown,0,Unknown,True,False,
2026-08-23T02:18:10Z,IL,IL00055IN006400027,2026-08-23T02:18:07Z,Unknown,0,Unknown,True,False,
2026-08-23T02:18:10Z,IL,IL00057IN026800032,2026-08-23T02:18:07Z,Unknown,25,Unknown,True,False,
2026-08-23T02:18:10Z,IL,IL00055IN019400031,2026-08-23T02:18:07Z,Unknown,36,Unknown,True,False,
2026-08-23T02:18:10Z,IL,IL00057IS022200054,2026-08-23T02:18:07Z,Unknown,0,Unknown,True,False,
2026-08-23T02:18:10Z,IL,IL00064IW013000053,2026-08-23T02:18:08Z,0,0,Unknown,False,False,
2026-08-23T02:18:10Z,IL,IL00057IS011400023,2026-08-23T02:18:08Z,Unknown,0,Unknown,True,False,
2026-08-23T02:18:10Z,IL,IL00024IW003700010,2026-08-23T02:18:08Z,Unknown,0,Unknown,True,False,
2026-08-23T02:18:10Z,IL,IL00055IS002700019,2026-08-23T02:18:08Z,Unknown,0,Unknown,True,False,
2026-08-23T02:18:10Z,IL,IL00074IW020800052,2026-08-23T02:18:08Z,Unknown,0,Unknown,True,False,
2026-08-23T02:18:10Z,IL,IL00055IS019400021,2026-08-23T02:18:08Z,Unknown,29,Unknown,True,False,
2026-08-23T02:18:10Z,IL,IL00057IS033300046,2026-08-23T02:18:08Z,Unknown,0,Unknown,True,False,
2026-08-23T02:18:10Z,IL,IL00080IW011700016,2026-08-23T02:18:08Z,0,39,Unknown,False,False,
2026-08-23T02:18:10Z,IL,IL00070IE002700042,2026-08-23T02:18:08Z,Unknown,0,Unknown,True,False,
2026-08-23T02:18:10Z,IL,IL00064IW002500011,2026-08-23T02:18:08Z,Unknown,0,Unknown,True,False,
2026-08-23T02:18:10Z,IL,IL00080IW005100013,2026-08-23T02:18:08Z,Unknown,47,Unknown,True,False,
2026-08-23T02:18:10Z,IL,IL00055IN014900028,2026-08-23T02:18:08Z,Unknown,0,Unknown,True,False,
2026-08-23T02:18:10Z,IL,IL00072IW015200014,2026-08-23T02:18:08Z,Unknown,17,Unknown,True,False,
2026-08-23T02:18:10Z,IL,IL00057IN011400033,2026-08-23T02:18:08Z,Unknown,0,Unknown,True,False,
2026-08-23T02:18:10Z,IL,IL00080IE011700043,2026-08-23T02:18:08Z,Unknown,31,Unknown,True,False,
2026-08-23T02:18:10Z,IL,IL00039IN008500036,2026-08-23T02:18:08Z,Unknown,42,Unknown,True,False,
2026-08-23T02:18:10Z,IL,IL00057IN007900034,2026-08-23T02:18:08Z,Unknown,0,Unknown,True,False,
2026-08-23T02:18:10Z,IL,IL00057IN033300049,2026-08-23T02:18:08Z,Unknown,0,Unknown,True,False,
2026-08-23T02:18:10Z,IL,IL00070IE008600051,2026-08-23T02:18:08Z,0,0,Unknown,False,False,
2026-08-23T02:18:10Z,IL,IL00057IS007900047,2026-08-23T02:18:08Z,Unknown,0,Unknown,True,False,
2026-08-23T02:18:10Z,IL,IL00074IE002800030,2026-08-23T02:18:09Z,Unknown,14,Unknown,True,False,
2026-08-23T02:18:10Z,IL,IL00039IS008500026,2026-08-23T02:18:09Z,Unknown,42,Unknown,True,False,
2026-08-23T02:18:10Z,IL,IL00072IE015200041,2026-08-23T02:15:18Z,12,16,STEADY,True,True,
2026-08-23T02:18:10Z,IL,IL00070IW002700015,2026-08-23T02:18:09Z,Unknown,0,Unknown,True,False,
2026-08-23T02:18:10Z,IL,IL00074IE011400005,2026-08-23T02:17:53Z,Unknown,25,Unknown,True,False,
2026-08-23T02:18:10Z,IL,IL00074IW006200004,2026-08-23T02:17:54Z,7,12,STEADY,True,True,
2026-08-23T02:18:10Z,IL,IL00070IW008700045,2026-08-23T02:15:55Z,3,15,FILLING,True,True,
2026-08-23T02:18:10Z,IL,IL00057IS016500018,2026-08-23T02:15:17Z,0,15,STEADY,True,True,
2026-08-23T02:18:10Z,IL,IL00074IW011400006,2026-08-23T02:17:56Z,15,18,STEADY,True,True,
2026-08-23T02:18:10Z,IL,IL00074IE006200001,2026-08-23T02:17:57Z,8,13,FILLING,True,True,
2026-08-23T02:18:10Z,IL,IL00070IW014900008,2026-08-23T02:16:59Z,Unknown,39,Unknown,True,False,
2026-08-23T02:18:10Z,IL,IL00057IN016500044,2026-08-23T02:15:17Z,0,15,STEADY,False,False,
2026-08-23T02:18:10Z,IL,IL00055IS010400024,2026-08-23T02:15:17Z,Unknown,0,STEADY,,False,
2026-08-23T02:18:10Z,IL,IL00057IS003200025,2026-08-23T02:15:17Z,Unknown,0,STEADY,,False,
2026-08-23T02:18:10Z,IL,IL00057IN003200035,2026-08-23T02:15:18Z,Unknown,17,STEADY,,False,
2026-08-23T02:18:10Z,IN,322,2026-08-22T22:05:00-04:00,61,75,,True,false,
2026-08-23T02:18:10Z,IN,317,2026-08-22T22:05:00-04:00,8,58,,True,true,
2026-08-23T02:18:10Z,IN,316,2026-08-22T22:05:00-04:00,20,58,,True,false,
2026-08-23T02:18:10Z,IN,315,2026-08-22T22:05:00-04:00,Unknown,36,,False,true,
2026-08-23T02:18:10Z,IN,314,2026-08-22T22:05:00-04:00,Unknown,36,,False,true,
2026-08-23T02:18:10Z,IN,313,2026-08-22T22:05:00-04:00,LOW,75,,True,true,
2026-08-23T02:18:10Z,IN,312,2026-08-22T22:05:00-04:00,LOW,75,,True,true,
2026-08-23T02:18:10Z,IN,311,2026-08-22T22:05:00-04:00,Unknown,13,,False,true,
2026-08-23T02:18:10Z,IN,310,2026-08-22T22:05:00-04:00,Unknown,13,,False,true,
2026-08-23T02:18:10Z,IN,308,2026-08-22T22:05:00-04:00,34,75,,True,true,
2026-08-23T02:18:10Z,IN,309,2026-08-22T22:05:00-04:00,109,150,,True,true,
2026-08-23T02:18:10Z,IN,318,2026-08-22T22:05:00-04:00,18,78,,True,true,
2026-08-23T02:18:10Z,IN,319,2026-08-22T22:05:00-04:00,22,78,,True,true,
2026-08-23T02:18:10Z,IN,320,2026-08-22T22:05:00-04:00,31,83,,True,true,
2026-08-23T02:18:10Z,IN,321,2026-08-22T22:05:00-04:00,21,41,,True,false,
2026-08-23T02:18:10Z,IN,300,2026-08-22T22:05:00-04:00,56,128,,True,false,
2026-08-23T02:18:10Z,IN,302,2026-08-22T22:05:00-04:00,LOW,30,,True,true,
2026-08-23T02:18:10Z,IN,301,2026-08-22T22:05:00-04:00,LOW,30,,True,true,
2026-08-23T02:18:10Z,IN,303,2026-08-22T22:05:00-04:00,93,194,,True,true,
2026-08-23T02:18:10Z,IN,304,2026-08-22T22:05:00-04:00,36,99,,True,true,
2026-08-23T02:18:10Z,IN,305,2026-08-22T22:05:00-04:00,Unknown,156,,False,true,
2026-08-23T02:18:10Z,IN,323,2026-08-22T22:05:00-04:00,20,40,,True,true,
2026-08-23T02:18:10Z,IN,702,2026-08-22T22:05:00-04:00,38,75,,True,false,
2026-08-23T02:18:10Z,IN,701,2026-08-22T22:05:00-04:00,30,60,,True,false,
2026-08-23T02:18:10Z,IN,704,2026-08-22T22:05:00-04:00,40,80,,True,false,
2026-08-23T02:18:10Z,IN,703,2026-08-22T22:05:00-04:00,55,110,,True,false,
2026-08-23T02:18:10Z,IN,706,2026-08-22T22:05:00-04:00,35,70,,True,false,
2026-08-23T02:18:10Z,IN,705,2026-08-22T22:05:00-04:00,30,60,,True,false,
2026-08-23T02:18:10Z,IN,708,2026-08-22T22:05:00-04:00,23,45,,True,false,
2026-08-23T02:18:10Z,IN,707,2026-08-22T22:05:00-04:00,20,40,,True,false,
2026-08-23T02:18:10Z,IN,324,2026-08-22T22:05:00-04:00,16,31,,True,true,
2026-08-23T02:18:10Z,KY,KY00065IS0000020N65WELCOM,2026-08-23T02:17:02Z,LOW,21,STEADY,True,True,
2026-08-23T02:18:10Z,KY,KY00065IS000020NSMARATHON,2025-12-19T00:36:53Z,10,60,STEADY,True,False,
2026-08-23T02:18:10Z,KY,KY00065IS0000340NWEIGHS34,2026-07-01T19:04:41Z,33,40,STEADY,True,False,
2026-08-23T02:18:10Z,KY,KY00065IS0011400S65SRA114,2026-08-23T02:17:10Z,13,26,FILLING,True,True,
2026-08-23T02:18:10Z,KY,KY00065IS0005900S65SRA059,2026-08-23T02:17:08Z,80,109,STEADY,True,True,
2026-08-23T02:18:10Z,KY,KY00065IS0005900N65NRA059,2026-08-17T17:24:33Z,13,113,STEADY,True,False,
2026-08-23T02:18:10Z,KY,KY00075IS0003300NWEIGHS33,2026-08-23T02:16:46Z,48,50,STEADY,True,True,
2026-08-23T02:18:10Z,KY,KY00075IS0003400SWEIGHS34,2026-08-23T02:16:50Z,LOW,40,STEADY,True,True,
2026-08-23T02:18:10Z,KY,KY00075IS0017700N75NRA177,2026-07-13T10:37:14Z,LOW,53,CLEARING,True,False,
2026-08-23T02:18:10Z,KY,KY00075IS0007500SWALTONWS,2026-08-23T02:16:56Z,42,45,STEADY,True,True,
2026-08-23T02:18:10Z,KY,KY00075IS0017700S75SRA177,2026-08-23T02:16:48Z,47,67,STEADY,True,True,
2026-08-23T02:18:10Z,KY,KY00075IS0016800SCRITENWS,2026-08-23T02:16:52Z,28,39,FILLING,True,True,
2026-08-23T02:18:10Z,KY,KY00075IS0000100N75WELCOM,2026-08-23T02:17:11Z,LOW,30,STEADY,True,True,
2026-08-23T02:18:15Z,IL,IL00064IE002500038,2026-08-23T02:18:07Z,Unknown,0,Unknown,True,False,
2026-08-23T02:18:15Z,IL,IL00055IN010400050,2026-08-23T02:18:07Z,0,0,Unknown,False,False,
2026-08-23T02:18:15Z,IL,IL00064IE008500039,2026-08-23T02:18:07Z,Unknown,0,Unknown,True,False,
2026-08-23T02:18:15Z,IL,IL00080IE005100040,2026-08-23T02:18:07Z,Unknown,39,Unknown,True,False,
2026-08-23T02:18:15Z,IL,IL00074IE015600037,2026-08-23T02:18:07Z,0,0,Unknown,False,False,
2026-08-23T02:18:15Z,IL,IL00057IS026800022,2026-08-23T02:18:07Z,Unknown,27,Unknown,True,False,
2026-08-23T02:18:15Z,IL,IL00055IN002700029,2026-08-23T02:18:07Z,Unknown,0,Unknown,True,False,
2026-08-23T02:18:15Z,IL,IL00074IW002800020,2026-08-23T02:18:07Z,Unknown,15,Unknown,True,False,
2026-08-23T02:18:15Z,IL,IL00064IW008500012,2026-08-23T02:18:07Z,Unknown,0,Unknown,True,False,
2026-08-23T02:18:15Z,IL,IL00074IW015600009,2026-08-23T02:18:07Z,0,0,Unknown,False,False,
2026-08-23T02:18:15Z,IL,IL00057IN022200048,2026-08-23T02:18:07Z,Unknown,0,Unknown,True,False,
2026-08-23T02:18:15Z,IL,IL00055IS006400017,2026-08-23T02:18:07Z,Unknown,0,Unknown,True,False,
2026-08-23T02:18:15Z,IL,IL00055IN006400027,2026-08-23T02:18:07Z,Unknown,0,Unknown,True,False,
2026-08-23T02:18:15Z,IL,IL00057IN026800032,2026-08-23T02:18:07Z,Unknown,25,Unknown,True,False,
2026-08-23T02:18:15Z,IL,IL00055IN019400031,2026-08-23T02:18:07Z,Unknown,36,Unknown,True,False,
2026-08-23T02:18:15Z,IL,IL00057IS022200054,2026-08-23T02:18:07Z,Unknown,0,Unknown,True,False,
2026-08-23T02:18:15Z,IL,IL00064IW013000053,2026-08-23T02:18:08Z,0,0,Unknown,False,False,
2026-08-23T02:18:15Z,IL,IL00057IS011400023,2026-08-23T02:18:08Z,Unknown,0,Unknown,True,False,
2026-08-23T02:18:15Z,IL,IL00024IW003700010,2026-08-23T02:18:08Z,Unknown,0,Unknown,True,False,
2026-08-23T02:18:15Z,IL,IL00055IS002700019,2026-08-23T02:18:08Z,Unknown,0,Unknown,True,False,
2026-08-23T02:18:15Z,IL,IL00074IW020800052,2026-08-23T02:18:08Z,Unknown,0,Unknown,True,False,
2026-08-23T02:18:15Z,IL,IL00055IS019400021,2026-08-23T02:18:08Z,Unknown,29,Unknown,True,False,
2026-08-23T02:18:15Z,IL,IL00057IS033300046,2026-08-23T02:18:08Z,Unknown,0,Unknown,True,False,
2026-08-23T02:18:15Z,IL,IL00080IW011700016,2026-08-23T02:18:08Z,0,39,Unknown,False,False,
2026-08-23T02:18:15Z,IL,IL00070IE002700042,2026-08-23T02:18:08Z,Unknown,0,Unknown,True,False,
2026-08-23T02:18:15Z,IL,IL00064IW002500011,2026-08-23T02:18:08Z,Unknown,0,Unknown,True,False,
2026-08-23T02:18:15Z,IL,IL00080IW005100013,2026-08-23T02:18:08Z,Unknown,47,Unknown,True,False,
2026-08-23T02:18:15Z,IL,IL00055IN014900028,2026-08-23T02:18:08Z,Unknown,0,Unknown,True,False,
2026-08-23T02:18:15Z,IL,IL00072IW015200014,2026-08-23T02:18:08Z,Unknown,17,Unknown,True,False,
2026-08-23T02:18:15Z,IL,IL00057IN011400033,2026-08-23T02:18:08Z,Unknown,0,Unknown,True,False,
2026-08-23T02:18:15Z,IL,IL00080IE011700043,2026-08-23T02:18:08Z,Unknown,31,Unknown,True,False,
2026-08-23T02:18:15Z,IL,IL00039IN008500036,2026-08-23T02:18:08Z,Unknown,42,Unknown,True,False,
2026-08-23T02:18:15Z,IL,IL00057IN007900034,2026-08-23T02:18:08Z,Unknown,0,Unknown,True,False,
2026-08-23T02:18:15Z,IL,IL00057IN033300049,2026-08-23T02:18:08Z,Unknown,0,Unknown,True,False,
2026-08-23T02:18:15Z,IL,IL00070IE008600051,2026-08-23T02:18:08Z,0,0,Unknown,False,False,
2026-08-23T02:18:15Z,IL,IL00057IS007900047,2026-08-23T02:18:08Z,Unknown,0,Unknown,True,False,
2026-08-23T02:18:15Z,IL,IL00074IE002800030,2026-08-23T02:18:09Z,Unknown,14,Unknown,True,False,
2026-08-23T02:18:15Z,IL,IL00039IS008500026,2026-08-23T02:18:09Z,Unknown,42,Unknown,True,False,
2026-08-23T02:18:15Z,IL,IL00072IE015200041,2026-08-23T02:15:18Z,12,16,STEADY,True,True,
2026-08-23T02:18:15Z,IL,IL00070IW002700015,2026-08-23T02:18:09Z,Unknown,0,Unknown,True,False,
2026-08-23T02:18:15Z,IL,IL00074IE011400005,2026-08-23T02:18:11Z,Unknown,25,Unknown,True,False,
2026-08-23T02:18:15Z,IL,IL00074IW006200004,2026-08-23T02:17:54Z,7,12,STEADY,True,True,
2026-08-23T02:18:15Z,IL,IL00070IW008700045,2026-08-23T02:15:55Z,3,15,FILLING,True,True,
2026-08-23T02:18:15Z,IL,IL00057IS016500018,2026-08-23T02:15:17Z,0,15,STEADY,True,True,
2026-08-23T02:18:15Z,IL,IL00074IW011400006,2026-08-23T02:17:56Z,15,18,STEADY,True,True,
2026-08-23T02:18:15Z,IL,IL00074IE006200001,2026-08-23T02:17:57Z,8,13,FILLING,True,True,
2026-08-23T02:18:15Z,IL,IL00070IW014900008,2026-08-23T02:16:59Z,Unknown,39,Unknown,True,False,
2026-08-23T02:18:15Z,IL,IL00057IN016500044,2026-08-23T02:15:17Z,0,15,STEADY,False,False,
2026-08-23T02:18:15Z,IL,IL00055IS010400024,2026-08-23T02:15:17Z,Unknown,0,STEADY,,False,
2026-08-23T02:18:15Z,IL,IL00057IS003200025,2026-08-23T02:15:17Z,Unknown,0,STEADY,,False,
2026-08-23T02:18:15Z,IL,IL00057IN003200035,2026-08-23T02:15:18Z,Unknown,17,STEADY,,False,
2026-08-23T02:18:15Z,IN,322,2026-08-22T22:05:00-04:00,61,75,,True,false,
2026-08-23T02:18:15Z,IN,317,2026-08-22T22:05:00-04:00,8,58,,True,true,
2026-08-23T02:18:15Z,IN,316,2026-08-22T22:05:00-04:00,20,58,,True,false,
2026-08-23T02:18:15Z,IN,315,2026-08-22T22:05:00-04:00,Unknown,36,,False,true,
2026-08-23T02:18:15Z,IN,314,2026-08-22T22:05:00-04:00,Unknown,36,,False,true,
2026-08-23T02:18:15Z,IN,313,2026-08-22T22:05:00-04:00,LOW,75,,True,true,
2026-08-23T02:18:15Z,IN,312,2026-08-22T22:05:00-04:00,LOW,75,,True,true,
2026-08-23T02:18:15Z,IN,311,2026-08-22T22:05:00-04:00,Unknown,13,,False,true,
2026-08-23T02:18:15Z,IN,310,2026-08-22T22:05:00-04:00,Unknown,13,,False,true,
2026-08-23T02:18:15Z,IN,308,2026-08-22T22:05:00-04:00,34,75,,True,true,
2026-08-23T02:18:15Z,IN,309,2026-08-22T22:05:00-04:00,109,150,,True,true,
2026-08-23T02:18:15Z,IN,318,2026-08-22T22:05:00-04:00,18,78,,True,true,
2026-08-23T02:18:15Z,IN,319,2026-08-22T22:05:00-04:00,22,78,,True,true,
2026-08-23T02:18:15Z,IN,320,2026-08-22T22:05:00-04:00,31,83,,True,true,
2026-08-23T02:18:15Z,IN,321,2026-08-22T22:05:00-04:00,21,41,,True,false,
2026-08-23T02:18:15Z,IN,300,2026-08-22T22:05:00-04:00,56,128,,True,false,
2026-08-23T02:18:15Z,IN,302,2026-08-22T22:05:00-04:00,LOW,30,,True,true,
2026-08-23T02:18:15Z,IN,301,2026-08-22T22:05:00-04:00,LOW,30,,True,true,
2026-08-23T02:18:15Z,IN,303,2026-08-22T22:05:00-04:00,93,194,,True,true,
2026-08-23T02:18:15Z,IN,304,2026-08-22T22:05:00-04:00,36,99,,True,true,
2026-08-23T02:18:15Z,IN,305,2026-08-22T22:05:00-04:00,Unknown,156,,False,true,
2026-08-23T02:18:15Z,IN,323,2026-08-22T22:05:00-04:00,20,40,,True,true,
2026-08-23T02:18:15Z,IN,702,2026-08-22T22:05:00-04:00,38,75,,True,false,
2026-08-23T02:18:15Z,IN,701,2026-08-22T22:05:00-04:00,30,60,,True,false,
2026-08-23T02:18:15Z,IN,704,2026-08-22T22:05:00-04:00,40,80,,True,false,
2026-08-23T02:18:15Z,IN,703,2026-08-22T22:05:00-04:00,55,110,,True,false,
2026-08-23T02:18:15Z,IN,706,2026-08-22T22:05:00-04:00,35,70,,True,false,
2026-08-23T02:18:15Z,IN,705,2026-08-22T22:05:00-04:00,30,60,,True,false,
2026-08-23T02:18:15Z,IN,708,2026-08-22T22:05:00-04:00,23,45,,True,false,
2026-08-23T02:18:15Z,IN,707,2026-08-22T22:05:00-04:00,20,40,,True,false,
2026-08-23T02:18:15Z,IN,324,2026-08-22T22:05:00-04:00,16,31,,True,true,
2026-08-23T02:18:15Z,KY,KY00065IS0000020N65WELCOM,2026-08-23T02:17:02Z,LOW,21,STEADY,True,True,
2026-08-23T02:18:15Z,KY,KY00065IS000020NSMARATHON,2025-12-19T00:36:53Z,10,60,STEADY,True,False,
2026-08-23T02:18:15Z,KY,KY00065IS0000340NWEIGHS34,2026-07-01T19:04:41Z,33,40,STEADY,True,False,
2026-08-23T02:18:15Z,KY,KY00065IS0011400S65SRA114,2026-08-23T02:17:10Z,13,26,FILLING,True,True,
2026-08-23T02:18:15Z,KY,KY00065IS0005900S65SRA059,2026-08-23T02:17:08Z,80,109,STEADY,True,True,
2026-08-23T02:18:15Z,KY,KY00065IS0005900N65NRA059,2026-08-17T17:24:33Z,13,113,STEADY,True,False,
2026-08-23T02:18:15Z,KY,KY00075IS0003300NWEIGHS33,2026-08-23T02:16:46Z,48,50,STEADY,True,True,
2026-08-23T02:18:15Z,KY,KY00075IS0003400SWEIGHS34,2026-08-23T02:16:50Z,LOW,40,STEADY,True,True,
2026-08-23T02:18:15Z,KY,KY00075IS0017700N75NRA177,2026-07-13T10:37:14Z,LOW,53,CLEARING,True,False,
2026-08-23T02:18:15Z,KY,KY00075IS0007500SWALTONWS,2026-08-23T02:16:56Z,42,45,STEADY,True,True,
2026-08-23T02:18:15Z,KY,KY00075IS0017700S75SRA177,2026-08-23T02:16:48Z,47,67,STEADY,True,True,
2026-08-23T02:18:15Z,KY,KY00075IS0016800SCRITENWS,2026-08-23T02:16:52Z,28,39,FILLING,True,True,
2026-08-23T02:18:15Z,KY,KY00075IS0000100N75WELCOM,2026-08-23T02:17:11Z,LOW,30,STEADY,True,True,
2026-08-23T02:18:20Z,IL,IL00064IE002500038,2026-08-23T02:18:07Z,Unknown,0,Unknown,True,False,
2026-08-23T02:18:20Z,IL,IL00055IN010400050,2026-08-23T02:18:07Z,0,0,Unknown,False,False,
2026-08-23T02:18:20Z,IL,IL00064IE008500039,2026-08-23T02:18:07Z,Unknown,0,Unknown,True,False,
2026-08-23T02:18:20Z,IL,IL00080IE005100040,2026-08-23T02:18:07Z,Unknown,39,Unknown,True,False,
2026-08-23T02:18:20Z,IL,IL00074IE015600037,2026-08-23T02:18:07Z,0,0,Unknown,False,False,
2026-08-23T02:18:20Z,IL,IL00057IS026800022,2026-08-23T02:18:07Z,Unknown,27,Unknown,True,False,
2026-08-23T02:18:20Z,IL,IL00055IN002700029,2026-08-23T02:18:07Z,Unknown,0,Unknown,True,False,
2026-08-23T02:18:20Z,IL,IL00074IW002800020,2026-08-23T02:18:07Z,Unknown,15,Unknown,True,False,
2026-08-23T02:18:20Z,IL,IL00064IW008500012,2026-08-23T02:18:07Z,Unknown,0,Unknown,True,False,
2026-08-23T02:18:20Z,IL,IL00074IW015600009,2026-08-23T02:18:07Z,0,0,Unknown,False,False,
2026-08-23T02:18:20Z,IL,IL00057IN022200048,2026-08-23T02:18:07Z,Unknown,0,Unknown,True,False,
2026-08-23T02:18:20Z,IL,IL00055IS006400017,2026-08-23T02:18:07Z,Unknown,0,Unknown,True,False,
2026-08-23T02:18:20Z,IL,IL00055IN006400027,2026-08-23T02:18:07Z,Unknown,0,Unknown,True,False,
2026-08-23T02:18:20Z,IL,IL00057IN026800032,2026-08-23T02:18:07Z,Unknown,25,Unknown,True,False,
2026-08-23T02:18:20Z,IL,IL00055IN019400031,2026-08-23T02:18:07Z,Unknown,36,Unknown,True,False,
2026-08-23T02:18:20Z,IL,IL00057IS022200054,2026-08-23T02:18:07Z,Unknown,0,Unknown,True,False,
2026-08-23T02:18:20Z,IL,IL00064IW013000053,2026-08-23T02:18:08Z,0,0,Unknown,False,False,
2026-08-23T02:18:20Z,IL,IL00057IS011400023,2026-08-23T02:18:08Z,Unknown,0,Unknown,True,False,
2026-08-23T02:18:20Z,IL,IL00024IW003700010,2026-08-23T02:18:08Z,Unknown,0,Unknown,True,False,
2026-08-23T02:18:20Z,IL,IL00055IS002700019,2026-08-23T02:18:08Z,Unknown,0,Unknown,True,False,
2026-08-23T02:18:20Z,IL,IL00074IW020800052,2026-08-23T02:18:08Z,Unknown,0,Unknown,True,False,
2026-08-23T02:18:20Z,IL,IL00055IS019400021,2026-08-23T02:18:08Z,Unknown,29,Unknown,True,False,
2026-08-23T02:18:20Z,IL,IL00057IS033300046,2026-08-23T02:18:08Z,Unknown,0,Unknown,True,False,
2026-08-23T02:18:20Z,IL,IL00080IW011700016,2026-08-23T02:18:08Z,0,39,Unknown,False,False,
2026-08-23T02:18:20Z,IL,IL00070IE002700042,2026-08-23T02:18:08Z,Unknown,0,Unknown,True,False,
2026-08-23T02:18:20Z,IL,IL00064IW002500011,2026-08-23T02:18:08Z,Unknown,0,Unknown,True,False,
2026-08-23T02:18:20Z,IL,IL00080IW005100013,2026-08-23T02:18:08Z,Unknown,47,Unknown,True,False,
2026-08-23T02:18:20Z,IL,IL00055IN014900028,2026-08-23T02:18:08Z,Unknown,0,Unknown,True,False,
2026-08-23T02:18:20Z,IL,IL00072IW015200014,2026-08-23T02:18:08Z,Unknown,17,Unknown,True,False,
2026-08-23T02:18:20Z,IL,IL00057IN011400033,2026-08-23T02:18:08Z,Unknown,0,Unknown,True,False,
2026-08-23T02:18:20Z,IL,IL00080IE011700043,2026-08-23T02:18:08Z,Unknown,31,Unknown,True,False,
2026-08-23T02:18:20Z,IL,IL00039IN008500036,2026-08-23T02:18:08Z,Unknown,42,Unknown,True,False,
2026-08-23T02:18:20Z,IL,IL00057IN007900034,2026-08-23T02:18:08Z,Unknown,0,Unknown,True,False,
2026-08-23T02:18:20Z,IL,IL00057IN033300049,2026-08-23T02:18:08Z,Unknown,0,Unknown,True,False,
2026-08-23T02:18:20Z,IL,IL00070IE008600051,2026-08-23T02:18:08Z,0,0,Unknown,False,False,
2026-08-23T02:18:20Z,IL,IL00057IS007900047,2026-08-23T02:18:08Z,Unknown,0,Unknown,True,False,
2026-08-23T02:18:20Z,IL,IL00074IE002800030,2026-08-23T02:18:09Z,Unknown,14,Unknown,True,False,
2026-08-23T02:18:20Z,IL,IL00039IS008500026,2026-08-23T02:18:09Z,Unknown,42,Unknown,True,False,
2026-08-23T02:18:20Z,IL,IL00072IE015200041,2026-08-23T02:15:18Z,12,16,STEADY,True,True,
2026-08-23T02:18:20Z,IL,IL00070IW002700015,2026-08-23T02:18:09Z,Unknown,0,Unknown,True,False,
2026-08-23T02:18:20Z,IL,IL00074IE011400005,2026-08-23T02:18:11Z,Unknown,25,Unknown,True,False,
2026-08-23T02:18:20Z,IL,IL00074IW006200004,2026-08-23T02:17:54Z,7,12,STEADY,True,True,
2026-08-23T02:18:20Z,IL,IL00070IW008700045,2026-08-23T02:15:55Z,3,15,FILLING,True,True,
2026-08-23T02:18:20Z,IL,IL00057IS016500018,2026-08-23T02:15:17Z,0,15,STEADY,True,True,
2026-08-23T02:18:20Z,IL,IL00074IW011400006,2026-08-23T02:17:56Z,15,18,STEADY,True,True,
2026-08-23T02:18:20Z,IL,IL00074IE006200001,2026-08-23T02:17:57Z,8,13,FILLING,True,True,
2026-08-23T02:18:20Z,IL,IL00070IW014900008,2026-08-23T02:16:59Z,Unknown,39,Unknown,True,False,
2026-08-23T02:18:20Z,IL,IL00057IN016500044,2026-08-23T02:15:17Z,0,15,STEADY,False,False,
2026-08-23T02:18:20Z,IL,IL00055IS010400024,2026-08-23T02:15:17Z,Unknown,0,STEADY,,False,
2026-08-23T02:18:20Z,IL,IL00057IS003200025,2026-08-23T02:15:17Z,Unknown,0,STEADY,,False,
2026-08-23T02:18:20Z,IL,IL00057IN003200035,2026-08-23T02:15:18Z,Unknown,17,STEADY,,False,
2026-08-23T02:18:20Z,IN,322,2026-08-22T22:05:00-04:00,61,75,,True,false,
2026-08-23T02:18:20Z,IN,317,2026-08-22T22:05:00-04:00,8,58,,True,true,
2026-08-23T02:18:20Z,IN,316,2026-08-22T22:05:00-04:00,20,58,,True,false,
2026-08-23T02:18:20Z,IN,315,2026-08-22T22:05:00-04:00,Unknown,36,,False,true,
2026-08-23T02:18:20Z,IN,314,2026-08-22T22:05:00-04:00,Unknown,36,,False,true,
2026-08-23T02:18:20Z,IN,313,2026-08-22T22:05:00-04:00,LOW,75,,True,true,
2026-08-23T02:18:20Z,IN,312,2026-08-22T22:05:00-04:00,LOW,75,,True,true,
2026-08-23T02:18:20Z,IN,311,2026-08-22T22:05:00-04:00,Unknown,13,,False,true,
2026-08-23T02:18:20Z,IN,310,2026-08-22T22:05:00-04:00,Unknown,13,,False,true,
2026-08-23T02:18:20Z,IN,308,2026-08-22T22:05:00-04:00,34,75,,True,true,
2026-08-23T02:18:20Z,IN,309,2026-08-22T22:05:00-04:00,109,150,,True,true,
2026-08-23T02:18:20Z,IN,318,2026-08-22T22:05:00-04:00,18,78,,True,true,
2026-08-23T02:18:20Z,IN,319,2026-08-22T22:05:00-04:00,22,78,,True,true,
2026-08-23T02:18:20Z,IN,320,2026-08-22T22:05:00-04:00,31,83,,True,true,
2026-08-23T02:18:20Z,IN,321,2026-08-22T22:05:00-04:00,21,41,,True,false,
2026-08-23T02:18:20Z,IN,300,2026-08-22T22:05:00-04:00,56,128,,True,false,
2026-08-23T02:18:20Z,IN,302,2026-08-22T22:05:00-04:00,LOW,30,,True,true,
2026-08-23T02:18:20Z,IN,301,2026-08-22T22:05:00-04:00,LOW,30,,True,true,
2026-08-23T02:18:20Z,IN,303,2026-08-22T22:05:00-04:00,93,194,,True,true,
2026-08-23T02:18:20Z,IN,304,2026-08-22T22:05:00-04:00,36,99,,True,true,
2026-08-23T02:18:20Z,IN,305,2026-08-22T22:05:00-04:00,Unknown,156,,False,true,
2026-08-23T02:18:20Z,IN,323,2026-08-22T22:05:00-04:00,20,40,,True,true,
2026-08-23T02:18:20Z,IN,702,2026-08-22T22:05:00-04:00,38,75,,True,false,
2026-08-23T02:18:20Z,IN,701,2026-08-22T22:05:00-04:00,30,60,,True,false,
2026-08-23T02:18:20Z,IN,704,2026-08-22T22:05:00-04:00,40,80,,True,false,
2026-08-23T02:18:20Z,IN,703,2026-08-22T22:05:00-04:00,55,110,,True,false,
2026-08-23T02:18:20Z,IN,706,2026-08-22T22:05:00-04:00,35,70,,True,false,
2026-08-23T02:18:20Z,IN,705,2026-08-22T22:05:00-04:00,30,60,,True,false,
2026-08-23T02:18:20Z,IN,708,2026-08-22T22:05:00-04:00,23,45,,True,false,
2026-08-23T02:18:20Z,IN,707,2026-08-22T22:05:00-04:00,20,40,,True,false,
2026-08-23T02:18:20Z,IN,324,2026-08-22T22:05:00-04:00,16,31,,True,true,
2026-08-23T02:18:20Z,KY,KY00065IS0000020N65WELCOM,2026-08-23T02:17:02Z,LOW,21,STEADY,True,True,
2026-08-23T02:18:20Z,KY,KY00065IS000020NSMARATHON,2025-12-19T00:36:53Z,10,60,STEADY,True,False,
2026-08-23T02:18:20Z,KY,KY00065IS0000340NWEIGHS34,2026-07-01T19:04:41Z,33,40,STEADY,True,False,
2026-08-23T02:18:20Z,KY,KY00065IS0011400S65SRA114,2026-08-23T02:17:10Z,13,26,FILLING,True,True,
2026-08-23T02:18:20Z,KY,KY00065IS0005900S65SRA059,2026-08-23T02:17:08Z,80,109,STEADY,True,True,
2026-08-23T02:18:20Z,KY,KY00065IS0005900N65NRA059,2026-08-17T17:24:33Z,13,113,STEADY,True,False,
2026-08-23T02:18:20Z,KY,KY00075IS0003300NWEIGHS33,2026-08-23T02:16:46Z,48,50,STEADY,True,True,
2026-08-23T02:18:20Z,KY,KY00075IS0003400SWEIGHS34,2026-08-23T02:16:50Z,LOW,40,STEADY,True,True,
2026-08-23T02:18:20Z,KY,KY00075IS0017700N75NRA177,2026-07-13T10:37:14Z,LOW,53,CLEARING,True,False,
2026-08-23T02:18:20Z,KY,KY00075IS0007500SWALTONWS,2026-08-23T02:16:56Z,42,45,STEADY,True,True,
2026-08-23T02:18:20Z,KY,KY00075IS0017700S75SRA177,2026-08-23T02:16:48Z,47,67,STEADY,True,True,
2026-08-23T02:18:20Z,KY,KY00075IS0016800SCRITENWS,2026-08-23T02:16:52Z,28,39,FILLING,True,True,
2026-08-23T02:18:20Z,KY,KY00075IS0000100N75WELCOM,2026-08-23T02:17:11Z,LOW,30,STEADY,True,True,
2026-08-23T02:18:24Z,IL,IL00064IE002500038,2026-08-23T02:18:22Z,Unknown,0,Unknown,True,False,
2026-08-23T02:18:24Z,IL,IL00055IN010400050,2026-08-23T02:18:22Z,0,0,Unknown,False,False,
2026-08-23T02:18:24Z,IL,IL00064IE008500039,2026-08-23T02:18:22Z,Unknown,0,Unknown,True,False,
2026-08-23T02:18:24Z,IL,IL00080IE005100040,2026-08-23T02:18:22Z,Unknown,39,Unknown,True,False,
2026-08-23T02:18:24Z,IL,IL00074IE015600037,2026-08-23T02:18:22Z,0,0,Unknown,False,False,
2026-08-23T02:18:24Z,IL,IL00057IS026800022,2026-08-23T02:18:22Z,Unknown,27,Unknown,True,False,
2026-08-23T02:18:24Z,IL,IL00055IN002700029,2026-08-23T02:18:22Z,Unknown,0,Unknown,True,False,
2026-08-23T02:18:24Z,IL,IL00074IW002800020,2026-08-23T02:18:22Z,Unknown,15,Unknown,True,False,
2026-08-23T02:18:24Z,IL,IL00064IW008500012,2026-08-23T02:18:22Z,Unknown,0,Unknown,True,False,
2026-08-23T02:18:24Z,IL,IL00074IW015600009,2026-08-23T02:18:22Z,0,0,Unknown,False,False,
2026-08-23T02:18:24Z,IL,IL00057IN022200048,2026-08-23T02:18:22Z,Unknown,0,Unknown,True,False,
2026-08-23T02:18:24Z,IL,IL00055IS006400017,2026-08-23T02:18:22Z,Unknown,0,Unknown,True,False,
2026-08-23T02:18:24Z,IL,IL00055IN006400027,2026-08-23T02:18:22Z,Unknown,0,Unknown,True,False,
2026-08-23T02:18:24Z,IL,IL00057IN026800032,2026-08-23T02:18:22Z,Unknown,25,Unknown,True,False,
2026-08-23T02:18:24Z,IL,IL00055IN019400031,2026-08-23T02:18:22Z,Unknown,36,Unknown,True,False,
2026-08-23T02:18:24Z,IL,IL00057IS022200054,2026-08-23T02:18:22Z,Unknown,0,Unknown,True,False,
2026-08-23T02:18:24Z,IL,IL00064IW013000053,2026-08-23T02:18:22Z,0,0,Unknown,False,False,
2026-08-23T02:18:24Z,IL,IL00057IS011400023,2026-08-23T02:18:22Z,Unknown,0,Unknown,True,False,
2026-08-23T02:18:24Z,IL,IL00024IW003700010,2026-08-23T02:18:22Z,Unknown,0,Unknown,True,False,
2026-08-23T02:18:24Z,IL,IL00055IS002700019,2026-08-23T02:18:22Z,Unknown,0,Unknown,True,False,
2026-08-23T02:18:24Z,IL,IL00074IW020800052,2026-08-23T02:18:22Z,Unknown,0,Unknown,True,False,
2026-08-23T02:18:24Z,IL,IL00055IS019400021,2026-08-23T02:18:23Z,Unknown,29,Unknown,True,False,
2026-08-23T02:18:24Z,IL,IL00057IS033300046,2026-08-23T02:18:23Z,Unknown,0,Unknown,True,False,
2026-08-23T02:18:24Z,IL,IL00080IW011700016,2026-08-23T02:18:23Z,0,39,Unknown,False,False,
2026-08-23T02:18:24Z,IL,IL00070IE002700042,2026-08-23T02:18:23Z,Unknown,0,Unknown,True,False,
2026-08-23T02:18:24Z,IL,IL00064IW002500011,2026-08-23T02:18:23Z,Unknown,0,Unknown,True,False,
2026-08-23T02:18:24Z,IL,IL00080IW005100013,2026-08-23T02:18:23Z,Unknown,47,Unknown,True,False,
2026-08-23T02:18:24Z,IL,IL00055IN014900028,2026-08-23T02:18:23Z,Unknown,0,Unknown,True,False,
2026-08-23T02:18:24Z,IL,IL00072IW015200014,2026-08-23T02:18:23Z,Unknown,17,Unknown,True,False,
2026-08-23T02:18:24Z,IL,IL00057IN011400033,2026-08-23T02:18:23Z,Unknown,0,Unknown,True,False,
2026-08-23T02:18:24Z,IL,IL00080IE011700043,2026-08-23T02:18:23Z,Unknown,31,Unknown,True,False,
2026-08-23T02:18:24Z,IL,IL00039IN008500036,2026-08-23T02:18:23Z,Unknown,42,Unknown,True,False,
2026-08-23T02:18:24Z,IL,IL00057IN007900034,2026-08-23T02:18:23Z,Unknown,0,Unknown,True,False,
2026-08-23T02:18:24Z,IL,IL00057IN033300049,2026-08-23T02:18:23Z,Unknown,0,Unknown,True,False,
2026-08-23T02:18:24Z,IL,IL00070IE008600051,2026-08-23T02:18:23Z,0,0,Unknown,False,False,
2026-08-23T02:18:24Z,IL,IL00057IS007900047,2026-08-23T02:18:23Z,Unknown,0,Unknown,True,False,
2026-08-23T02:18:24Z,IL,IL00074IE002800030,2026-08-23T02:18:23Z,Unknown,14,Unknown,True,False,
2026-08-23T02:18:24Z,IL,IL00039IS008500026,2026-08-23T02:18:23Z,Unknown,42,Unknown,True,False,
2026-08-23T02:18:24Z,IL,IL00072IE015200041,2026-08-23T02:15:18Z,12,16,STEADY,True,True,
2026-08-23T02:18:24Z,IL,IL00070IW002700015,2026-08-23T02:18:23Z,Unknown,0,Unknown,True,False,
2026-08-23T02:18:24Z,IL,IL00074IE011400005,2026-08-23T02:18:11Z,Unknown,25,Unknown,True,False,
2026-08-23T02:18:24Z,IL,IL00074IW006200004,2026-08-23T02:17:54Z,7,12,STEADY,True,True,
2026-08-23T02:18:24Z,IL,IL00070IW008700045,2026-08-23T02:15:55Z,3,15,FILLING,True,True,
2026-08-23T02:18:24Z,IL,IL00057IS016500018,2026-08-23T02:15:17Z,0,15,STEADY,True,True,
2026-08-23T02:18:24Z,IL,IL00074IW011400006,2026-08-23T02:17:56Z,15,18,STEADY,True,True,
2026-08-23T02:18:24Z,IL,IL00074IE006200001,2026-08-23T02:17:57Z,8,13,FILLING,True,True,
2026-08-23T02:18:24Z,IL,IL00070IW014900008,2026-08-23T02:16:59Z,Unknown,39,Unknown,True,False,
2026-08-23T02:18:24Z,IL,IL00057IN016500044,2026-08-23T02:15:17Z,0,15,STEADY,False,False,
2026-08-23T02:18:24Z,IL,IL00055IS010400024,2026-08-23T02:15:17Z,Unknown,0,STEADY,,False,
2026-08-23T02:18:24Z,IL,IL00057IS003200025,2026-08-23T02:15:17Z,Unknown,0,STEADY,,False,
2026-08-23T02:18:24Z,IL,IL00057IN003200035,2026-08-23T02:15:18Z,Unknown,17,STEADY,,False,
2026-08-23T02:18:24Z,IN,322,2026-08-22T22:05:00-04:00,61,75,,True,false,
2026-08-23T02:18:24Z,IN,317,2026-08-22T22:05:00-04:00,8,58,,True,true,
2026-08-23T02:18:24Z,IN,316,2026-08-22T22:05:00-04:00,20,58,,True,false,
2026-08-23T02:18:24Z,IN,315,2026-08-22T22:05:00-04:00,Unknown,36,,False,true,
2026-08-23T02:18:24Z,IN,314,2026-08-22T22:05:00-04:00,Unknown,36,,False,true,
2026-08-23T02:18:24Z,IN,313,2026-08-22T22:05:00-04:00,LOW,75,,True,true,
2026-08-23T02:18:24Z,IN,312,2026-08-22T22:05:00-04:00,LOW,75,,True,true,
2026-08-23T02:18:24Z,IN,311,2026-08-22T22:05:00-04:00,Unknown,13,,False,true,
2026-08-23T02:18:24Z,IN,310,2026-08-22T22:05:00-04:00,Unknown,13,,False,true,
2026-08-23T02:18:24Z,IN,308,2026-08-22T22:05:00-04:00,34,75,,True,true,
2026-08-23T02:18:24Z,IN,309,2026-08-22T22:05:00-04:00,109,150,,True,true,
2026-08-23T02:18:24Z,IN,318,2026-08-22T22:05:00-04:00,18,78,,True,true,
2026-08-23T02:18:24Z,IN,319,2026-08-22T22:05:00-04:00,22,78,,True,true,
2026-08-23T02:18:24Z,IN,320,2026-08-22T22:05:00-04:00,31,83,,True,true,
2026-08-23T02:18:24Z,IN,321,2026-08-22T22:05:00-04:00,21,41,,True,false,
2026-08-23T02:18:24Z,IN,300,2026-08-22T22:05:00-04:00,56,128,,True,false,
2026-08-23T02:18:24Z,IN,302,2026-08-22T22:05:00-04:00,LOW,30,,True,true,
2026-08-23T02:18:24Z,IN,301,2026-08-22T22:05:00-04:00,LOW,30,,True,true,
2026-08-23T02:18:24Z,IN,303,2026-08-22T22:05:00-04:00,93,194,,True,true,
2026-08-23T02:18:24Z,IN,304,2026-08-22T22:05:00-04:00,36,99,,True,true,
2026-08-23T02:18:24Z,IN,305,2026-08-22T22:05:00-04:00,Unknown,156,,False,true,
2026-08-23T02:18:24Z,IN,323,2026-08-22T22:05:00-04:00,20,40,,True,true,
2026-08-23T02:18:24Z,IN,702,2026-08-22T22:05:00-04:00,38,75,,True,false,
2026-08-23T02:18:24Z,IN,701,2026-08-22T22:05:00-04:00,30,60,,True,false,
2026-08-23T02:18:24Z,IN,704,2026-08-22T22:05:00-04:00,40,80,,True,false,
2026-08-23T02:18:24Z,IN,703,2026-08-22T22:05:00-04:00,55,110,,True,false,
2026-08-23T02:18:24Z,IN,706,2026-08-22T22:05:00-04:00,35,70,,True,false,
2026-08-23T02:18:24Z,IN,705,2026-08-22T22:05:00-04:00,30,60,,True,false,
2026-08-23T02:18:24Z,IN,708,2026-08-22T22:05:00-04:00,23,45,,True,false,
2026-08-23T02:18:24Z,IN,707,2026-08-22T22:05:00-04:00,20,40,,True,false,
2026-08-23T02:18:24Z,IN,324,2026-08-22T22:05:00-04:00,16,31,,True,true,
2026-08-23T02:18:24Z,KY,KY00065IS0000020N65WELCOM,2026-08-23T02:17:02Z,LOW,21,STEADY,True,True,
2026-08-23T02:18:24Z,KY,KY00065IS000020NSMARATHON,2025-12-19T00:36:53Z,10,60,STEADY,True,False,
2026-08-23T02:18:24Z,KY,KY00065IS0000340NWEIGHS34,2026-07-01T19:04:41Z,33,40,STEADY,True,False,
2026-08-23T02:18:24Z,KY,KY00065IS0011400S65SRA114,2026-08-23T02:17:10Z,13,26,FILLING,True,True,
2026-08-23T02:18:24Z,KY,KY00065IS0005900S65SRA059,2026-08-23T02:17:08Z,80,109,STEADY,True,True,
2026-08-23T02:18:24Z,KY,KY00065IS0005900N65NRA059,2026-08-17T17:24:33Z,13,113,STEADY,True,False,
2026-08-23T02:18:24Z,KY,KY00075IS0003300NWEIGHS33,2026-08-23T02:16:46Z,48,50,STEADY,True,True,
2026-08-23T02:18:24Z,KY,KY00075IS0003400SWEIGHS34,2026-08-23T02:16:50Z,LOW,40,STEADY,True,True,
2026-08-23T02:18:24Z,KY,KY00075IS0017700N75NRA177,2026-07-13T10:37:14Z,LOW,53,CLEARING,True,False,
2026-08-23T02:18:24Z,KY,KY00075IS0007500SWALTONWS,2026-08-23T02:16:56Z,42,45,STEADY,True,True,
2026-08-23T02:18:24Z,KY,KY00075IS0017700S75SRA177,2026-08-23T02:16:48Z,47,67,STEADY,True,True,
2026-08-23T02:18:24Z,KY,KY00075IS0016800SCRITENWS,2026-08-23T02:16:52Z,28,39,FILLING,True,True,
2026-08-23T02:18:24Z,KY,KY00075IS0000100N75WELCOM,2026-08-23T02:17:11Z,LOW,30,STEADY,True,True,
2026-08-23T02:18:29Z,IL,IL00064IE002500038,2026-08-23T02:18:22Z,Unknown,0,Unknown,True,False,
2026-08-23T02:18:29Z,IL,IL00055IN010400050,2026-08-23T02:18:22Z,0,0,Unknown,False,False,
2026-08-23T02:18:29Z,IL,IL00064IE008500039,2026-08-23T02:18:22Z,Unknown,0,Unknown,True,False,
2026-08-23T02:18:29Z,IL,IL00080IE005100040,2026-08-23T02:18:22Z,Unknown,39,Unknown,True,False,
2026-08-23T02:18:29Z,IL,IL00074IE015600037,2026-08-23T02:18:22Z,0,0,Unknown,False,False,
2026-08-23T02:18:29Z,IL,IL00057IS026800022,2026-08-23T02:18:22Z,Unknown,27,Unknown,True,False,
2026-08-23T02:18:29Z,IL,IL00055IN002700029,2026-08-23T02:18:22Z,Unknown,0,Unknown,True,False,
2026-08-23T02:18:29Z,IL,IL00074IW002800020,2026-08-23T02:18:22Z,Unknown,15,Unknown,True,False,
2026-08-23T02:18:29Z,IL,IL00064IW008500012,2026-08-23T02:18:22Z,Unknown,0,Unknown,True,False,
2026-08-23T02:18:29Z,IL,IL00074IW015600009,2026-08-23T02:18:22Z,0,0,Unknown,False,False,
2026-08-23T02:18:29Z,IL,IL00057IN022200048,2026-08-23T02:18:22Z,Unknown,0,Unknown,True,False,
2026-08-23T02:18:29Z,IL,IL00055IS006400017,2026-08-23T02:18:22Z,Unknown,0,Unknown,True,False,
2026-08-23T02:18:29Z,IL,IL00055IN006400027,2026-08-23T02:18:22Z,Unknown,0,Unknown,True,False,
2026-08-23T02:18:29Z,IL,IL00057IN026800032,2026-08-23T02:18:22Z,Unknown,25,Unknown,True,False,
2026-08-23T02:18:29Z,IL,IL00055IN019400031,2026-08-23T02:18:22Z,Unknown,36,Unknown,True,False,
2026-08-23T02:18:29Z,IL,IL00057IS022200054,2026-08-23T02:18:22Z,Unknown,0,Unknown,True,False,
2026-08-23T02:18:29Z,IL,IL00064IW013000053,2026-08-23T02:18:22Z,0,0,Unknown,False,False,
2026-08-23T02:18:29Z,IL,IL00057IS011400023,2026-08-23T02:18:22Z,Unknown,0,Unknown,True,False,
2026-08-23T02:18:29Z,IL,IL00024IW003700010,2026-08-23T02:18:22Z,Unknown,0,Unknown,True,False,
2026-08-23T02:18:29Z,IL,IL00055IS002700019,2026-08-23T02:18:22Z,Unknown,0,Unknown,True,False,
2026-08-23T02:18:29Z,IL,IL00074IW020800052,2026-08-23T02:18:22Z,Unknown,0,Unknown,True,False,
2026-08-23T02:18:29Z,IL,IL00055IS019400021,2026-08-23T02:18:23Z,Unknown,29,Unknown,True,False,
2026-08-23T02:18:29Z,IL,IL00057IS033300046,2026-08-23T02:18:23Z,Unknown,0,Unknown,True,False,
2026-08-23T02:18:29Z,IL,IL00080IW011700016,2026-08-23T02:18:23Z,0,39,Unknown,False,False,
2026-08-23T02:18:29Z,IL,IL00070IE002700042,2026-08-23T02:18:23Z,Unknown,0,Unknown,True,False,
2026-08-23T02:18:29Z,IL,IL00064IW002500011,2026-08-23T02:18:23Z,Unknown,0,Unknown,True,False,
2026-08-23T02:18:29Z,IL,IL00080IW005100013,2026-08-23T02:18:23Z,Unknown,47,Unknown,True,False,
2026-08-23T02:18:29Z,IL,IL00055IN014900028,2026-08-23T02:18:23Z,Unknown,0,Unknown,True,False,
2026-08-23T02:18:29Z,IL,IL00072IW015200014,2026-08-23T02:18:23Z,Unknown,17,Unknown,True,False,
2026-08-23T02:18:29Z,IL,IL00057IN011400033,2026-08-23T02:18:23Z,Unknown,0,Unknown,True,False,
2026-08-23T02:18:29Z,IL,IL00080IE011700043,2026-08-23T02:18:23Z,Unknown,31,Unknown,True,False,
2026-08-23T02:18:29Z,IL,IL00039IN008500036,2026-08-23T02:18:23Z,Unknown,42,Unknown,True,False,
2026-08-23T02:18:29Z,IL,IL00057IN007900034,2026-08-23T02:18:23Z,Unknown,0,Unknown,True,False,
2026-08-23T02:18:29Z,IL,IL00057IN033300049,2026-08-23T02:18:23Z,Unknown,0,Unknown,True,False,
2026-08-23T02:18:29Z,IL,IL00070IE008600051,2026-08-23T02:18:23Z,0,0,Unknown,False,False,
2026-08-23T02:18:29Z,IL,IL00057IS007900047,2026-08-23T02:18:23Z,Unknown,0,Unknown,True,False,
2026-08-23T02:18:29Z,IL,IL00074IE002800030,2026-08-23T02:18:23Z,Unknown,14,Unknown,True,False,
2026-08-23T02:18:29Z,IL,IL00039IS008500026,2026-08-23T02:18:23Z,Unknown,42,Unknown,True,False,
2026-08-23T02:18:29Z,IL,IL00072IE015200041,2026-08-23T02:15:18Z,12,16,STEADY,True,True,
2026-08-23T02:18:29Z,IL,IL00070IW002700015,2026-08-23T02:18:23Z,Unknown,0,Unknown,True,False,
2026-08-23T02:18:29Z,IL,IL00074IE011400005,2026-08-23T02:18:11Z,Unknown,25,Unknown,True,False,
2026-08-23T02:18:29Z,IL,IL00074IW006200004,2026-08-23T02:17:54Z,7,12,STEADY,True,True,
2026-08-23T02:18:29Z,IL,IL00070IW008700045,2026-08-23T02:15:55Z,3,15,FILLING,True,True,
2026-08-23T02:18:29Z,IL,IL00057IS016500018,2026-08-23T02:15:17Z,0,15,STEADY,True,True,
2026-08-23T02:18:29Z,IL,IL00074IW011400006,2026-08-23T02:17:56Z,15,18,STEADY,True,True,
2026-08-23T02:18:29Z,IL,IL00074IE006200001,2026-08-23T02:17:57Z,8,13,FILLING,True,True,
2026-08-23T02:18:29Z,IL,IL00070IW014900008,2026-08-23T02:16:59Z,Unknown,39,Unknown,True,False,
2026-08-23T02:18:29Z,IL,IL00057IN016500044,2026-08-23T02:15:17Z,0,15,STEADY,False,False,
2026-08-23T02:18:29Z,IL,IL00055IS010400024,2026-08-23T02:15:17Z,Unknown,0,STEADY,,False,
2026-08-23T02:18:29Z,IL,IL00057IS003200025,2026-08-23T02:15:17Z,Unknown,0,STEADY,,False,
2026-08-23T02:18:29Z,IL,IL00057IN003200035,2026-08-23T02:15:18Z,Unknown,17,STEADY,,False,
2026-08-23T02:18:29Z,IN,322,2026-08-22T22:05:00-04:00,61,75,,True,false,
2026-08-23T02:18:29Z,IN,317,2026-08-22T22:05:00-04:00,8,58,,True,true,
2026-08-23T02:18:29Z,IN,316,2026-08-22T22:05:00-04:00,20,58,,True,false,
2026-08-23T02:18:29Z,IN,315,2026-08-22T22:05:00-04:00,Unknown,36,,False,true,
2026-08-23T02:18:29Z,IN,314,2026-08-22T22:05:00-04:00,Unknown,36,,False,true,
2026-08-23T02:18:29Z,IN,313,2026-08-22T22:05:00-04:00,LOW,75,,True,true,
2026-08-23T02:18:29Z,IN,312,2026-08-22T22:05:00-04:00,LOW,75,,True,true,
2026-08-23T02:18:29Z,IN,311,2026-08-22T22:05:00-04:00,Unknown,13,,False,true,
2026-08-23T02:18:29Z,IN,310,2026-08-22T22:05:00-04:00,Unknown,13,,False,true,
2026-08-23T02:18:29Z,IN,308,2026-08-22T22:05:00-04:00,34,75,,True,true,
2026-08-23T02:18:29Z,IN,309,2026-08-22T22:05:00-04:00,109,150,,True,true,
2026-08-23T02:18:29Z,IN,318,2026-08-22T22:05:00-04:00,18,78,,True,true,
2026-08-23T02:18:29Z,IN,319,2026-08-22T22:05:00-04:00,22,78,,True,true,
2026-08-23T02:18:29Z,IN,320,2026-08-22T22:05:00-04:00,31,83,,True,true,
2026-08-23T02:18:29Z,IN,321,2026-08-22T22:05:00-04:00,21,41,,True,false,
2026-08-23T02:18:29Z,IN,300,2026-08-22T22:05:00-04:00,56,128,,True,false,
2026-08-23T02:18:29Z,IN,302,2026-08-22T22:05:00-04:00,LOW,30,,True,true,
2026-08-23T02:18:29Z,IN,301,2026-08-22T22:05:00-04:00,LOW,30,,True,true,
2026-08-23T02:18:29Z,IN,303,2026-08-22T22:05:00-04:00,93,194,,True,true,
2026-08-23T02:18:29Z,IN,304,2026-08-22T22:05:00-04:00,36,99,,True,true,
2026-08-23T02:18:29Z,IN,305,2026-08-22T22:05:00-04:00,Unknown,156,,False,true,
2026-08-23T02:18:29Z,IN,323,2026-08-22T22:05:00-04:00,20,40,,True,true,
2026-08-23T02:18:29Z,IN,702,2026-08-22T22:05:00-04:00,38,75,,True,false,
2026-08-23T02:18:29Z,IN,701,2026-08-22T22:05:00-04:00,30,60,,True,false,
2026-08-23T02:18:29Z,IN,704,2026-08-22T22:05:00-04:00,40,80,,True,false,
2026-08-23T02:18:29Z,IN,703,2026-08-22T22:05:00-04:00,55,110,,True,false,
2026-08-23T02:18:29Z,IN,706,2026-08-22T22:05:00-04:00,35,70,,True,false,
2026-08-23T02:18:29Z,IN,705,2026-08-22T22:05:00-04:00,30,60,,True,false,
2026-08-23T02:18:29Z,IN,708,2026-08-22T22:05:00-04:00,23,45,,True,false,
2026-08-23T02:18:29Z,IN,707,2026-08-22T22:05:00-04:00,20,40,,True,false,
2026-08-23T02:18:29Z,IN,324,2026-08-22T22:05:00-04:00,16,31,,True,true,
2026-08-23T02:18:29Z,KY,KY00065IS0000020N65WELCOM,2026-08-23T02:17:02Z,LOW,21,STEADY,True,True,
2026-08-23T02:18:29Z,KY,KY00065IS000020NSMARATHON,2025-12-19T00:36:53Z,10,60,STEADY,True,False,
2026-08-23T02:18:29Z,KY,KY00065IS0000340NWEIGHS34,2026-07-01T19:04:41Z,33,40,STEADY,True,False,
2026-08-23T02:18:29Z,KY,KY00065IS0011400S65SRA114,2026-08-23T02:17:10Z,13,26,FILLING,True,True,
2026-08-23T02:18:29Z,KY,KY00065IS0005900S65SRA059,2026-08-23T02:17:08Z,80,109,STEADY,True,True,
2026-08-23T02:18:29Z,KY,KY00065IS0005900N65NRA059,2026-08-17T17:24:33Z,13,113,STEADY,True,False,
2026-08-23T02:18:29Z,KY,KY00075IS0003300NWEIGHS33,2026-08-23T02:16:46Z,48,50,STEADY,True,True,
2026-08-23T02:18:29Z,KY,KY00075IS0003400SWEIGHS34,2026-08-23T02:16:50Z,LOW,40,STEADY,True,True,
2026-08-23T02:18:29Z,KY,KY00075IS0017700N75NRA177,2026-07-13T10:37:14Z,LOW,53,CLEARING,True,False,
2026-08-23T02:18:29Z,KY,KY00075IS0007500SWALTONWS,2026-08-23T02:16:56Z,42,45,STEADY,True,True,
2026-08-23T02:18:29Z,KY,KY00075IS0017700S75SRA177,2026-08-23T02:16:48Z,47,67,STEADY,True,True,
2026-08-23T02:18:29Z,KY,KY00075IS0016800SCRITENWS,2026-08-23T02:16:52Z,28,39,FILLING,True,True,
2026-08-23T02:18:29Z,KY,KY00075IS0000100N75WELCOM,2026-08-23T02:17:11Z,LOW,30,STEADY,True,True,
2026-08-23T02:18:34Z,IL,IL00064IE002500038,2026-08-23T02:18:22Z,Unknown,0,Unknown,True,False,
2026-08-23T02:18:34Z,IL,IL00055IN010400050,2026-08-23T02:18:22Z,0,0,Unknown,False,False,
2026-08-23T02:18:34Z,IL,IL00064IE008500039,2026-08-23T02:18:22Z,Unknown,0,Unknown,True,False,
2026-08-23T02:18:34Z,IL,IL00080IE005100040,2026-08-23T02:18:22Z,Unknown,39,Unknown,True,False,
2026-08-23T02:18:34Z,IL,IL00074IE015600037,2026-08-23T02:18:22Z,0,0,Unknown,False,False,
2026-08-23T02:18:34Z,IL,IL00057IS026800022,2026-08-23T02:18:22Z,Unknown,27,Unknown,True,False,
2026-08-23T02:18:34Z,IL,IL00055IN002700029,2026-08-23T02:18:22Z,Unknown,0,Unknown,True,False,
2026-08-23T02:18:34Z,IL,IL00074IW002800020,2026-08-23T02:18:22Z,Unknown,15,Unknown,True,False,
2026-08-23T02:18:34Z,IL,IL00064IW008500012,2026-08-23T02:18:22Z,Unknown,0,Unknown,True,False,
2026-08-23T02:18:34Z,IL,IL00074IW015600009,2026-08-23T02:18:22Z,0,0,Unknown,False,False,
2026-08-23T02:18:34Z,IL,IL00057IN022200048,2026-08-23T02:18:22Z,Unknown,0,Unknown,True,False,
2026-08-23T02:18:34Z,IL,IL00055IS006400017,2026-08-23T02:18:22Z,Unknown,0,Unknown,True,False,
2026-08-23T02:18:34Z,IL,IL00055IN006400027,2026-08-23T02:18:22Z,Unknown,0,Unknown,True,False,
2026-08-23T02:18:34Z,IL,IL00057IN026800032,2026-08-23T02:18:22Z,Unknown,25,Unknown,True,False,
2026-08-23T02:18:34Z,IL,IL00055IN019400031,2026-08-23T02:18:22Z,Unknown,36,Unknown,True,False,
2026-08-23T02:18:34Z,IL,IL00057IS022200054,2026-08-23T02:18:22Z,Unknown,0,Unknown,True,False,
2026-08-23T02:18:34Z,IL,IL00064IW013000053,2026-08-23T02:18:22Z,0,0,Unknown,False,False,
2026-08-23T02:18:34Z,IL,IL00057IS011400023,2026-08-23T02:18:22Z,Unknown,0,Unknown,True,False,
2026-08-23T02:18:34Z,IL,IL00024IW003700010,2026-08-23T02:18:22Z,Unknown,0,Unknown,True,False,
2026-08-23T02:18:34Z,IL,IL00055IS002700019,2026-08-23T02:18:22Z,Unknown,0,Unknown,True,False,
2026-08-23T02:18:34Z,IL,IL00074IW020800052,2026-08-23T02:18:22Z,Unknown,0,Unknown,True,False,
2026-08-23T02:18:34Z,IL,IL00055IS019400021,2026-08-23T02:18:23Z,Unknown,29,Unknown,True,False,
2026-08-23T02:18:34Z,IL,IL00057IS033300046,2026-08-23T02:18:23Z,Unknown,0,Unknown,True,False,
2026-08-23T02:18:34Z,IL,IL00080IW011700016,2026-08-23T02:18:23Z,0,39,Unknown,False,False,
2026-08-23T02:18:34Z,IL,IL00070IE002700042,2026-08-23T02:18:23Z,Unknown,0,Unknown,True,False,
2026-08-23T02:18:34Z,IL,IL00064IW002500011,2026-08-23T02:18:23Z,Unknown,0,Unknown,True,False,
2026-08-23T02:18:34Z,IL,IL00080IW005100013,2026-08-23T02:18:23Z,Unknown,47,Unknown,True,False,
2026-08-23T02:18:34Z,IL,IL00055IN014900028,2026-08-23T02:18:23Z,Unknown,0,Unknown,True,False,
2026-08-23T02:18:34Z,IL,IL00072IW015200014,2026-08-23T02:18:23Z,Unknown,17,Unknown,True,False,
2026-08-23T02:18:34Z,IL,IL00057IN011400033,2026-08-23T02:18:23Z,Unknown,0,Unknown,True,False,
2026-08-23T02:18:34Z,IL,IL00080IE011700043,2026-08-23T02:18:23Z,Unknown,31,Unknown,True,False,
2026-08-23T02:18:34Z,IL,IL00039IN008500036,2026-08-23T02:18:23Z,Unknown,42,Unknown,True,False,
2026-08-23T02:18:34Z,IL,IL00057IN007900034,2026-08-23T02:18:23Z,Unknown,0,Unknown,True,False,
2026-08-23T02:18:34Z,IL,IL00057IN033300049,2026-08-23T02:18:23Z,Unknown,0,Unknown,True,False,
2026-08-23T02:18:34Z,IL,IL00070IE008600051,2026-08-23T02:18:23Z,0,0,Unknown,False,False,
2026-08-23T02:18:34Z,IL,IL00057IS007900047,2026-08-23T02:18:23Z,Unknown,0,Unknown,True,False,
2026-08-23T02:18:34Z,IL,IL00074IE002800030,2026-08-23T02:18:23Z,Unknown,14,Unknown,True,False,
2026-08-23T02:18:34Z,IL,IL00039IS008500026,2026-08-23T02:18:23Z,Unknown,42,Unknown,True,False,
2026-08-23T02:18:34Z,IL,IL00072IE015200041,2026-08-23T02:15:18Z,12,16,STEADY,True,True,
2026-08-23T02:18:34Z,IL,IL00070IW002700015,2026-08-23T02:18:23Z,Unknown,0,Unknown,True,False,
2026-08-23T02:18:34Z,IL,IL00074IE011400005,2026-08-23T02:18:30Z,Unknown,25,Unknown,True,False,
2026-08-23T02:18:34Z,IL,IL00074IW006200004,2026-08-23T02:17:54Z,7,12,STEADY,True,True,
2026-08-23T02:18:34Z,IL,IL00070IW008700045,2026-08-23T02:15:55Z,3,15,FILLING,True,True,
2026-08-23T02:18:34Z,IL,IL00057IS016500018,2026-08-23T02:15:17Z,0,15,STEADY,True,True,
2026-08-23T02:18:34Z,IL,IL00074IW011400006,2026-08-23T02:17:56Z,15,18,STEADY,True,True,
2026-08-23T02:18:34Z,IL,IL00074IE006200001,2026-08-23T02:17:57Z,8,13,FILLING,True,True,
2026-08-23T02:18:34Z,IL,IL00070IW014900008,2026-08-23T02:16:59Z,Unknown,39,Unknown,True,False,
2026-08-23T02:18:34Z,IL,IL00057IN016500044,2026-08-23T02:15:17Z,0,15,STEADY,False,False,
2026-08-23T02:18:34Z,IL,IL00055IS010400024,2026-08-23T02:15:17Z,Unknown,0,STEADY,,False,
2026-08-23T02:18:34Z,IL,IL00057IS003200025,2026-08-23T02:15:17Z,Unknown,0,STEADY,,False,
2026-08-23T02:18:34Z,IL,IL00057IN003200035,2026-08-23T02:15:18Z,Unknown,17,STEADY,,False,
2026-08-23T02:18:34Z,IN,322,2026-08-22T22:05:00-04:00,61,75,,True,false,
2026-08-23T02:18:34Z,IN,317,2026-08-22T22:05:00-04:00,8,58,,True,true,
2026-08-23T02:18:34Z,IN,316,2026-08-22T22:05:00-04:00,20,58,,True,false,
2026-08-23T02:18:34Z,IN,315,2026-08-22T22:05:00-04:00,Unknown,36,,False,true,
2026-08-23T02:18:34Z,IN,314,2026-08-22T22:05:00-04:00,Unknown,36,,False,true,
2026-08-23T02:18:34Z,IN,313,2026-08-22T22:05:00-04:00,LOW,75,,True,true,
2026-08-23T02:18:34Z,IN,312,2026-08-22T22:05:00-04:00,LOW,75,,True,true,
2026-08-23T02:18:34Z,IN,311,2026-08-22T22:05:00-04:00,Unknown,13,,False,true,
2026-08-23T02:18:34Z,IN,310,2026-08-22T22:05:00-04:00,Unknown,13,,False,true,
2026-08-23T02:18:34Z,IN,308,2026-08-22T22:05:00-04:00,34,75,,True,true,
2026-08-23T02:18:34Z,IN,309,2026-08-22T22:05:00-04:00,109,150,,True,true,
2026-08-23T02:18:34Z,IN,318,2026-08-22T22:05:00-04:00,18,78,,True,true,
2026-08-23T02:18:34Z,IN,319,2026-08-22T22:05:00-04:00,22,78,,True,true,
2026-08-23T02:18:34Z,IN,320,2026-08-22T22:05:00-04:00,31,83,,True,true,
2026-08-23T02:18:34Z,IN,321,2026-08-22T22:05:00-04:00,21,41,,True,false,
2026-08-23T02:18:34Z,IN,300,2026-08-22T22:05:00-04:00,56,128,,True,false,
2026-08-23T02:18:34Z,IN,302,2026-08-22T22:05:00-04:00,LOW,30,,True,true,
2026-08-23T02:18:34Z,IN,301,2026-08-22T22:05:00-04:00,LOW,30,,True,true,
2026-08-23T02:18:34Z,IN,303,2026-08-22T22:05:00-04:00,93,194,,True,true,
2026-08-23T02:18:34Z,IN,304,2026-08-22T22:05:00-04:00,36,99,,True,true,
2026-08-23T02:18:34Z,IN,305,2026-08-22T22:05:00-04:00,Unknown,156,,False,true,
2026-08-23T02:18:34Z,IN,323,2026-08-22T22:05:00-04:00,20,40,,True,true,
2026-08-23T02:18:34Z,IN,702,2026-08-22T22:05:00-04:00,38,75,,True,false,
2026-08-23T02:18:34Z,IN,701,2026-08-22T22:05:00-04:00,30,60,,True,false,
2026-08-23T02:18:34Z,IN,704,2026-08-22T22:05:00-04:00,40,80,,True,false,
2026-08-23T02:18:34Z,IN,703,2026-08-22T22:05:00-04:00,55,110,,True,false,
2026-08-23T02:18:34Z,IN,706,2026-08-22T22:05:00-04:00,35,70,,True,false,
2026-08-23T02:18:34Z,IN,705,2026-08-22T22:05:00-04:00,30,60,,True,false,
2026-08-23T02:18:34Z,IN,708,2026-08-22T22:05:00-04:00,23,45,,True,false,
2026-08-23T02:18:34Z,IN,707,2026-08-22T22:05:00-04:00,20,40,,True,false,
2026-08-23T02:18:34Z,IN,324,2026-08-22T22:05:00-04:00,16,31,,True,true,
2026-08-23T02:18:34Z,KY,KY00065IS0000020N65WELCOM,2026-08-23T02:17:02Z,LOW,21,STEADY,True,True,
2026-08-23T02:18:34Z,KY,KY00065IS000020NSMARATHON,2025-12-19T00:36:53Z,10,60,STEADY,True,False,
2026-08-23T02:18:34Z,KY,KY00065IS0000340NWEIGHS34,2026-07-01T19:04:41Z,33,40,STEADY,True,False,
2026-08-23T02:18:34Z,KY,KY00065IS0011400S65SRA114,2026-08-23T02:17:10Z,13,26,FILLING,True,True,
2026-08-23T02:18:34Z,KY,KY00065IS0005900S65SRA059,2026-08-23T02:17:08Z,80,109,STEADY,True,True,
2026-08-23T02:18:34Z,KY,KY00065IS0005900N65NRA059,2026-08-17T17:24:33Z,13,113,STEADY,True,False,
2026-08-23T02:18:34Z,KY,KY00075IS0003300NWEIGHS33,2026-08-23T02:16:46Z,48,50,STEADY,True,True,
2026-08-23T02:18:34Z,KY,KY00075IS0003400SWEIGHS34,2026-08-23T02:16:50Z,LOW,40,STEADY,True,True,
2026-08-23T02:18:34Z,KY,KY00075IS0017700N75NRA177,2026-07-13T10:37:14Z,LOW,53,CLEARING,True,False,
2026-08-23T02:18:34Z,KY,KY00075IS0007500SWALTONWS,2026-08-23T02:16:56Z,42,45,STEADY,True,True,
2026-08-23T02:18:34Z,KY,KY00075IS0017700S75SRA177,2026-08-23T02:16:48Z,47,67,STEADY,True,True,
2026-08-23T02:18:34Z,KY,KY00075IS0016800SCRITENWS,2026-08-23T02:16:52Z,28,39,FILLING,True,True,
2026-08-23T02:18:34Z,KY,KY00075IS0000100N75WELCOM,2026-08-23T02:17:11Z,LOW,30,STEADY,True,True,
2026-08-23T02:18:39Z,IL,IL00064IE002500038,2026-08-23T02:18:22Z,Unknown,0,Unknown,True,False,
2026-08-23T02:18:39Z,IL,IL00055IN010400050,2026-08-23T02:18:22Z,0,0,Unknown,False,False,
2026-08-23T02:18:39Z,IL,IL00064IE008500039,2026-08-23T02:18:22Z,Unknown,0,Unknown,True,False,
2026-08-23T02:18:39Z,IL,IL00080IE005100040,2026-08-23T02:18:22Z,Unknown,39,Unknown,True,False,
2026-08-23T02:18:39Z,IL,IL00074IE015600037,2026-08-23T02:18:22Z,0,0,Unknown,False,False,
2026-08-23T02:18:39Z,IL,IL00057IS026800022,2026-08-23T02:18:22Z,Unknown,27,Unknown,True,False,
2026-08-23T02:18:39Z,IL,IL00055IN002700029,2026-08-23T02:18:22Z,Unknown,0,Unknown,True,False,
2026-08-23T02:18:39Z,IL,IL00074IW002800020,2026-08-23T02:18:22Z,Unknown,15,Unknown,True,False,
2026-08-23T02:18:39Z,IL,IL00064IW008500012,2026-08-23T02:18:22Z,Unknown,0,Unknown,True,False,
2026-08-23T02:18:39Z,IL,IL00074IW015600009,2026-08-23T02:18:22Z,0,0,Unknown,False,False,
2026-08-23T02:18:39Z,IL,IL00057IN022200048,2026-08-23T02:18:22Z,Unknown,0,Unknown,True,False,
2026-08-23T02:18:39Z,IL,IL00055IS006400017,2026-08-23T02:18:22Z,Unknown,0,Unknown,True,False,
2026-08-23T02:18:39Z,IL,IL00055IN006400027,2026-08-23T02:18:22Z,Unknown,0,Unknown,True,False,
2026-08-23T02:18:39Z,IL,IL00057IN026800032,2026-08-23T02:18:22Z,Unknown,25,Unknown,True,False,
2026-08-23T02:18:39Z,IL,IL00055IN019400031,2026-08-23T02:18:22Z,Unknown,36,Unknown,True,False,
2026-08-23T02:18:39Z,IL,IL00057IS022200054,2026-08-23T02:18:22Z,Unknown,0,Unknown,True,False,
2026-08-23T02:18:39Z,IL,IL00064IW013000053,2026-08-23T02:18:22Z,0,0,Unknown,False,False,
2026-08-23T02:18:39Z,IL,IL00057IS011400023,2026-08-23T02:18:22Z,Unknown,0,Unknown,True,False,
2026-08-23T02:18:39Z,IL,IL00024IW003700010,2026-08-23T02:18:22Z,Unknown,0,Unknown,True,False,
2026-08-23T02:18:39Z,IL,IL00055IS002700019,2026-08-23T02:18:22Z,Unknown,0,Unknown,True,False,
2026-08-23T02:18:39Z,IL,IL00074IW020800052,2026-08-23T02:18:22Z,Unknown,0,Unknown,True,False,
2026-08-23T02:18:39Z,IL,IL00055IS019400021,2026-08-23T02:18:23Z,Unknown,29,Unknown,True,False,
2026-08-23T02:18:39Z,IL,IL00057IS033300046,2026-08-23T02:18:23Z,Unknown,0,Unknown,True,False,
2026-08-23T02:18:39Z,IL,IL00080IW011700016,2026-08-23T02:18:23Z,0,39,Unknown,False,False,
2026-08-23T02:18:39Z,IL,IL00070IE002700042,2026-08-23T02:18:23Z,Unknown,0,Unknown,True,False,
2026-08-23T02:18:39Z,IL,IL00064IW002500011,2026-08-23T02:18:23Z,Unknown,0,Unknown,True,False,
2026-08-23T02:18:39Z,IL,IL00080IW005100013,2026-08-23T02:18:23Z,Unknown,47,Unknown,True,False,
2026-08-23T02:18:39Z,IL,IL00055IN014900028,2026-08-23T02:18:23Z,Unknown,0,Unknown,True,False,
2026-08-23T02:18:39Z,IL,IL00072IW015200014,2026-08-23T02:18:23Z,Unknown,17,Unknown,True,False,
2026-08-23T02:18:39Z,IL,IL00057IN011400033,2026-08-23T02:18:23Z,Unknown,0,Unknown,True,False,
2026-08-23T02:18:39Z,IL,IL00080IE011700043,2026-08-23T02:18:23Z,Unknown,31,Unknown,True,False,
2026-08-23T02:18:39Z,IL,IL00039IN008500036,2026-08-23T02:18:23Z,Unknown,42,Unknown,True,False,
2026-08-23T02:18:39Z,IL,IL00057IN007900034,2026-08-23T02:18:23Z,Unknown,0,Unknown,True,False,
2026-08-23T02:18:39Z,IL,IL00057IN033300049,2026-08-23T02:18:23Z,Unknown,0,Unknown,True,False,
2026-08-23T02:18:39Z,IL,IL00070IE008600051,2026-08-23T02:18:23Z,0,0,Unknown,False,False,
2026-08-23T02:18:39Z,IL,IL00057IS007900047,2026-08-23T02:18:23Z,Unknown,0,Unknown,True,False,
2026-08-23T02:18:39Z,IL,IL00074IE002800030,2026-08-23T02:18:23Z,Unknown,14,Unknown,True,False,
2026-08-23T02:18:39Z,IL,IL00039IS008500026,2026-08-23T02:18:23Z,Unknown,42,Unknown,True,False,
2026-08-23T02:18:39Z,IL,IL00072IE015200041,2026-08-23T02:15:18Z,12,16,STEADY,True,True,
2026-08-23T02:18:39Z,IL,IL00070IW002700015,2026-08-23T02:18:23Z,Unknown,0,Unknown,True,False,
2026-08-23T02:18:39Z,IL,IL00074IE011400005,2026-08-23T02:18:30Z,Unknown,25,Unknown,True,False,
2026-08-23T02:18:39Z,IL,IL00074IW006200004,2026-08-23T02:17:54Z,7,12,STEADY,True,True,
2026-08-23T02:18:39Z,IL,IL00070IW008700045,2026-08-23T02:15:55Z,3,15,FILLING,True,True,
2026-08-23T02:18:39Z,IL,IL00057IS016500018,2026-08-23T02:15:17Z,0,15,STEADY,True,True,
2026-08-23T02:18:39Z,IL,IL00074IW011400006,2026-08-23T02:17:56Z,15,18,STEADY,True,True,
2026-08-23T02:18:39Z,IL,IL00074IE006200001,2026-08-23T02:17:57Z,8,13,FILLING,True,True,
2026-08-23T02:18:39Z,IL,IL00070IW014900008,2026-08-23T02:16:59Z,Unknown,39,Unknown,True,False,
2026-08-23T02:18:39Z,IL,IL00057IN016500044,2026-08-23T02:15:17Z,0,15,STEADY,False,False,
2026-08-23T02:18:39Z,IL,IL00055IS010400024,2026-08-23T02:15:17Z,Unknown,0,STEADY,,False,
2026-08-23T02:18:39Z,IL,IL00057IS003200025,2026-08-23T02:15:17Z,Unknown,0,STEADY,,False,
2026-08-23T02:18:39Z,IL,IL00057IN003200035,2026-08-23T02:15:18Z,Unknown,17,STEADY,,False,
2026-08-23T02:18:39Z,IN,322,2026-08-22T22:05:00-04:00,61,75,,True,false,
2026-08-23T02:18:39Z,IN,317,2026-08-22T22:05:00-04:00,8,58,,True,true,
2026-08-23T02:18:39Z,IN,316,2026-08-22T22:05:00-04:00,20,58,,True,false,
2026-08-23T02:18:39Z,IN,315,2026-08-22T22:05:00-04:00,Unknown,36,,False,true,
2026-08-23T02:18:39Z,IN,314,2026-08-22T22:05:00-04:00,Unknown,36,,False,true,
2026-08-23T02:18:39Z,IN,313,2026-08-22T22:05:00-04:00,LOW,75,,True,true,
2026-08-23T02:18:39Z,IN,312,2026-08-22T22:05:00-04:00,LOW,75,,True,true,
2026-08-23T02:18:39Z,IN,311,2026-08-22T22:05:00-04:00,Unknown,13,,False,true,
2026-08-23T02:18:39Z,IN,310,2026-08-22T22:05:00-04:00,Unknown,13,,False,true,
2026-08-23T02:18:39Z,IN,308,2026-08-22T22:05:00-04:00,34,75,,True,true,
2026-08-23T02:18:39Z,IN,309,2026-08-22T22:05:00-04:00,109,150,,True,true,
2026-08-23T02:18:39Z,IN,318,2026-08-22T22:05:00-04:00,18,78,,True,true,
2026-08-23T02:18:39Z,IN,319,2026-08-22T22:05:00-04:00,22,78,,True,true,
2026-08-23T02:18:39Z,IN,320,2026-08-22T22:05:00-04:00,31,83,,True,true,
2026-08-23T02:18:39Z,IN,321,2026-08-22T22:05:00-04:00,21,41,,True,false,
2026-08-23T02:18:39Z,IN,300,2026-08-22T22:05:00-04:00,56,128,,True,false,
2026-08-23T02:18:39Z,IN,302,2026-08-22T22:05:00-04:00,LOW,30,,True,true,
2026-08-23T02:18:39Z,IN,301,2026-08-22T22:05:00-04:00,LOW,30,,True,true,
2026-08-23T02:18:39Z,IN,303,2026-08-22T22:05:00-04:00,93,194,,True,true,
2026-08-23T02:18:39Z,IN,304,2026-08-22T22:05:00-04:00,36,99,,True,true,
2026-08-23T02:18:39Z,IN,305,2026-08-22T22:05:00-04:00,Unknown,156,,False,true,
2026-08-23T02:18:39Z,IN,323,2026-08-22T22:05:00-04:00,20,40,,True,true,
2026-08-23T02:18:39Z,IN,702,2026-08-22T22:05:00-04:00,38,75,,True,false,
2026-08-23T02:18:39Z,IN,701,2026-08-22T22:05:00-04:00,30,60,,True,false,
2026-08-23T02:18:39Z,IN,704,2026-08-22T22:05:00-04:00,40,80,,True,false,
2026-08-23T02:18:39Z,IN,703,2026-08-22T22:05:00-04:00,55,110,,True,false,
2026-08-23T02:18:39Z,IN,706,2026-08-22T22:05:00-04:00,35,70,,True,false,
2026-08-23T02:18:39Z,IN,705,2026-08-22T22:05:00-04:00,30,60,,True,false,
2026-08-23T02:18:39Z,IN,708,2026-08-22T22:05:00-04:00,23,45,,True,false,
2026-08-23T02:18:39Z,IN,707,2026-08-22T22:05:00-04:00,20,40,,True,false,
2026-08-23T02:18:39Z,IN,324,2026-08-22T22:05:00-04:00,16,31,,True,true,
2026-08-23T02:18:39Z,KY,KY00065IS0000020N65WELCOM,2026-08-23T02:17:02Z,LOW,21,STEADY,True,True,
2026-08-23T02:18:39Z,KY,KY00065IS000020NSMARATHON,2025-12-19T00:36:53Z,10,60,STEADY,True,False,
2026-08-23T02:18:39Z,KY,KY00065IS0000340NWEIGHS34,2026-07-01T19:04:41Z,33,40,STEADY,True,False,
2026-08-23T02:18:39Z,KY,KY00065IS0011400S65SRA114,2026-08-23T02:17:10Z,13,26,FILLING,True,True,
2026-08-23T02:18:39Z,KY,KY00065IS0005900S65SRA059,2026-08-23T02:17:08Z,80,109,STEADY,True,True,
2026-08-23T02:18:39Z,KY,KY00065IS0005900N65NRA059,2026-08-17T17:24:33Z,13,113,STEADY,True,False,
2026-08-23T02:18:39Z,KY,KY00075IS0003300NWEIGHS33,2026-08-23T02:16:46Z,48,50,STEADY,True,True,
2026-08-23T02:18:39Z,KY,KY00075IS0003400SWEIGHS34,2026-08-23T02:16:50Z,LOW,40,STEADY,True,True,
2026-08-23T02:18:39Z,KY,KY00075IS0017700N75NRA177,2026-07-13T10:37:14Z,LOW,53,CLEARING,True,False,
2026-08-23T02:18:39Z,KY,KY00075IS0007500SWALTONWS,2026-08-23T02:16:56Z,42,45,STEADY,True,True,
2026-08-23T02:18:39Z,KY,KY00075IS0017700S75SRA177,2026-08-23T02:16:48Z,47,67,STEADY,True,True,
2026-08-23T02:18:39Z,KY,KY00075IS0016800SCRITENWS,2026-08-23T02:16:52Z,28,39,FILLING,True,True,
2026-08-23T02:18:39Z,KY,KY00075IS0000100N75WELCOM,2026-08-23T02:17:11Z,LOW,30,STEADY,True,True,
2026-08-23T02:18:43Z,IL,IL00064IE002500038,2026-08-23T02:18:40Z,Unknown,0,Unknown,True,False,
2026-08-23T02:18:43Z,IL,IL00055IN010400050,2026-08-23T02:18:40Z,0,0,Unknown,False,False,
2026-08-23T02:18:43Z,IL,IL00064IE008500039,2026-08-23T02:18:40Z,Unknown,0,Unknown,True,False,
2026-08-23T02:18:43Z,IL,IL00080IE005100040,2026-08-23T02:18:40Z,Unknown,39,Unknown,True,False,
2026-08-23T02:18:43Z,IL,IL00074IE015600037,2026-08-23T02:18:40Z,0,0,Unknown,False,False,
2026-08-23T02:18:43Z,IL,IL00057IS026800022,2026-08-23T02:18:40Z,Unknown,27,Unknown,True,False,
2026-08-23T02:18:43Z,IL,IL00055IN002700029,2026-08-23T02:18:40Z,Unknown,0,Unknown,True,False,
2026-08-23T02:18:43Z,IL,IL00074IW002800020,2026-08-23T02:18:40Z,Unknown,15,Unknown,True,False,
2026-08-23T02:18:43Z,IL,IL00064IW008500012,2026-08-23T02:18:40Z,Unknown,0,Unknown,True,False,
2026-08-23T02:18:43Z,IL,IL00074IW015600009,2026-08-23T02:18:40Z,0,0,Unknown,False,False,
2026-08-23T02:18:43Z,IL,IL00057IN022200048,2026-08-23T02:18:40Z,Unknown,0,Unknown,True,False,
2026-08-23T02:18:43Z,IL,IL00055IS006400017,2026-08-23T02:18:40Z,Unknown,0,Unknown,True,False,
2026-08-23T02:18:43Z,IL,IL00055IN006400027,2026-08-23T02:18:40Z,Unknown,0,Unknown,True,False,
2026-08-23T02:18:43Z,IL,IL00057IN026800032,2026-08-23T02:18:40Z,Unknown,25,Unknown,True,False,
2026-08-23T02:18:43Z,IL,IL00055IN019400031,2026-08-23T02:18:40Z,Unknown,36,Unknown,True,False,
2026-08-23T02:18:43Z,IL,IL00057IS022200054,2026-08-23T02:18:40Z,Unknown,0,Unknown,True,False,
2026-08-23T02:18:43Z,IL,IL00064IW013000053,2026-08-23T02:18:41Z,0,0,Unknown,False,False,
2026-08-23T02:18:43Z,IL,IL00057IS011400023,2026-08-23T02:18:41Z,Unknown,0,Unknown,True,False,
2026-08-23T02:18:43Z,IL,IL00024IW003700010,2026-08-23T02:18:41Z,Unknown,0,Unknown,True,False,
2026-08-23T02:18:43Z,IL,IL00055IS002700019,2026-08-23T02:18:41Z,Unknown,0,Unknown,True,False,
2026-08-23T02:18:43Z,IL,IL00074IW020800052,2026-08-23T02:18:41Z,Unknown,0,Unknown,True,False,
2026-08-23T02:18:43Z,IL,IL00055IS019400021,2026-08-23T02:18:41Z,Unknown,29,Unknown,True,False,
2026-08-23T02:18:43Z,IL,IL00057IS033300046,2026-08-23T02:18:41Z,Unknown,0,Unknown,True,False,
2026-08-23T02:18:43Z,IL,IL00080IW011700016,2026-08-23T02:18:41Z,0,39,Unknown,False,False,
2026-08-23T02:18:43Z,IL,IL00070IE002700042,2026-08-23T02:18:41Z,Unknown,0,Unknown,True,False,
2026-08-23T02:18:43Z,IL,IL00064IW002500011,2026-08-23T02:18:41Z,Unknown,0,Unknown,True,False,
2026-08-23T02:18:43Z,IL,IL00080IW005100013,2026-08-23T02:18:41Z,Unknown,47,Unknown,True,False,
2026-08-23T02:18:43Z,IL,IL00055IN014900028,2026-08-23T02:18:41Z,Unknown,0,Unknown,True,False,
2026-08-23T02:18:43Z,IL,IL00072IW015200014,2026-08-23T02:18:41Z,Unknown,17,Unknown,True,False,
2026-08-23T02:18:43Z,IL,IL00057IN011400033,2026-08-23T02:18:41Z,Unknown,0,Unknown,True,False,
2026-08-23T02:18:43Z,IL,IL00080IE011700043,2026-08-23T02:18:41Z,Unknown,31,Unknown,True,False,
2026-08-23T02:18:43Z,IL,IL00039IN008500036,2026-08-23T02:18:41Z,Unknown,42,Unknown,True,False,
2026-08-23T02:18:43Z,IL,IL00057IN007900034,2026-08-23T02:18:41Z,Unknown,0,Unknown,True,False,
2026-08-23T02:18:43Z,IL,IL00057IN033300049,2026-08-23T02:18:42Z,Unknown,0,Unknown,True,False,
2026-08-23T02:18:43Z,IL,IL00070IE008600051,2026-08-23T02:18:42Z,0,0,Unknown,False,False,
2026-08-23T02:18:43Z,IL,IL00057IS007900047,2026-08-23T02:18:42Z,Unknown,0,Unknown,True,False,
2026-08-23T02:18:43Z,IL,IL00074IE002800030,2026-08-23T02:18:42Z,Unknown,14,Unknown,True,False,
2026-08-23T02:18:43Z,IL,IL00039IS008500026,2026-08-23T02:18:42Z,Unknown,42,Unknown,True,False,
2026-08-23T02:18:43Z,IL,IL00072IE015200041,2026-08-23T02:15:18Z,12,16,STEADY,True,True,
2026-08-23T02:18:43Z,IL,IL00070IW002700015,2026-08-23T02:18:42Z,Unknown,0,Unknown,True,False,
2026-08-23T02:18:43Z,IL,IL00074IE011400005,2026-08-23T02:18:30Z,Unknown,25,Unknown,True,False,
2026-08-23T02:18:43Z,IL,IL00074IW006200004,2026-08-23T02:17:54Z,7,12,STEADY,True,True,
2026-08-23T02:18:43Z,IL,IL00070IW008700045,2026-08-23T02:15:55Z,3,15,FILLING,True,True,
2026-08-23T02:18:43Z,IL,IL00057IS016500018,2026-08-23T02:15:17Z,0,15,STEADY,True,True,
2026-08-23T02:18:43Z,IL,IL00074IW011400006,2026-08-23T02:17:56Z,15,18,STEADY,True,True,
2026-08-23T02:18:43Z,IL,IL00074IE006200001,2026-08-23T02:17:57Z,8,13,FILLING,True,True,
2026-08-23T02:18:43Z,IL,IL00070IW014900008,2026-08-23T02:16:59Z,Unknown,39,Unknown,True,False,
2026-08-23T02:18:43Z,IL,IL00057IN016500044,2026-08-23T02:15:17Z,0,15,STEADY,False,False,
2026-08-23T02:18:43Z,IL,IL00055IS010400024,2026-08-23T02:15:17Z,Unknown,0,STEADY,,False,
2026-08-23T02:18:43Z,IL,IL00057IS003200025,2026-08-23T02:15:17Z,Unknown,0,STEADY,,False,
2026-08-23T02:18:43Z,IL,IL00057IN003200035,2026-08-23T02:15:18Z,Unknown,17,STEADY,,False,
2026-08-23T02:18:43Z,IN,322,2026-08-22T22:05:00-04:00,61,75,,True,false,
2026-08-23T02:18:43Z,IN,317,2026-08-22T22:05:00-04:00,8,58,,True,true,
2026-08-23T02:18:43Z,IN,316,2026-08-22T22:05:00-04:00,20,58,,True,false,
2026-08-23T02:18:43Z,IN,315,2026-08-22T22:05:00-04:00,Unknown,36,,False,true,
2026-08-23T02:18:43Z,IN,314,2026-08-22T22:05:00-04:00,Unknown,36,,False,true,
2026-08-23T02:18:43Z,IN,313,2026-08-22T22:05:00-04:00,LOW,75,,True,true,
2026-08-23T02:18:43Z,IN,312,2026-08-22T22:05:00-04:00,LOW,75,,True,true,
2026-08-23T02:18:43Z,IN,311,2026-08-22T22:05:00-04:00,Unknown,13,,False,true,
2026-08-23T02:18:43Z,IN,310,2026-08-22T22:05:00-04:00,Unknown,13,,False,true,
2026-08-23T02:18:43Z,IN,308,2026-08-22T22:05:00-04:00,34,75,,True,true,
2026-08-23T02:18:43Z,IN,309,2026-08-22T22:05:00-04:00,109,150,,True,true,
2026-08-23T02:18:43Z,IN,318,2026-08-22T22:05:00-04:00,18,78,,True,true,
2026-08-23T02:18:43Z,IN,319,2026-08-22T22:05:00-04:00,22,78,,True,true,
2026-08-23T02:18:43Z,IN,320,2026-08-22T22:05:00-04:00,31,83,,True,true,
2026-08-23T02:18:43Z,IN,321,2026-08-22T22:05:00-04:00,21,41,,True,false,
2026-08-23T02:18:43Z,IN,300,2026-08-22T22:05:00-04:00,56,128,,True,false,
2026-08-23T02:18:43Z,IN,302,2026-08-22T22:05:00-04:00,LOW,30,,True,true,
2026-08-23T02:18:43Z,IN,301,2026-08-22T22:05:00-04:00,LOW,30,,True,true,
2026-08-23T02:18:43Z,IN,303,2026-08-22T22:05:00-04:00,93,194,,True,true,
2026-08-23T02:18:43Z,IN,304,2026-08-22T22:05:00-04:00,36,99,,True,true,
2026-08-23T02:18:43Z,IN,305,2026-08-22T22:05:00-04:00,Unknown,156,,False,true,
2026-08-23T02:18:43Z,IN,323,2026-08-22T22:05:00-04:00,20,40,,True,true,
2026-08-23T02:18:43Z,IN,702,2026-08-22T22:05:00-04:00,38,75,,True,false,
2026-08-23T02:18:43Z,IN,701,2026-08-22T22:05:00-04:00,30,60,,True,false,
2026-08-23T02:18:43Z,IN,704,2026-08-22T22:05:00-04:00,40,80,,True,false,
2026-08-23T02:18:43Z,IN,703,2026-08-22T22:05:00-04:00,55,110,,True,false,
2026-08-23T02:18:43Z,IN,706,2026-08-22T22:05:00-04:00,35,70,,True,false,
2026-08-23T02:18:43Z,IN,705,2026-08-22T22:05:00-04:00,30,60,,True,false,
2026-08-23T02:18:43Z,IN,708,2026-08-22T22:05:00-04:00,23,45,,True,false,
2026-08-23T02:18:43Z,IN,707,2026-08-22T22:05:00-04:00,20,40,,True,false,
2026-08-23T02:18:43Z,IN,324,2026-08-22T22:05:00-04:00,16,31,,True,true,
2026-08-23T02:18:43Z,KY,KY00065IS0000020N65WELCOM,2026-08-23T02:17:02Z,LOW,21,STEADY,True,True,
2026-08-23T02:18:43Z,KY,KY00065IS000020NSMARATHON,2025-12-19T00:36:53Z,10,60,STEADY,True,False,
2026-08-23T02:18:43Z,KY,KY00065IS0000340NWEIGHS34,2026-07-01T19:04:41Z,33,40,STEADY,True,False,
2026-08-23T02:18:43Z,KY,KY00065IS0011400S65SRA114,2026-08-23T02:17:10Z,13,26,FILLING,True,True,
2026-08-23T02:18:43Z,KY,KY00065IS0005900S65SRA059,2026-08-23T02:17:08Z,80,109,STEADY,True,True,
2026-08-23T02:18:43Z,KY,KY00065IS0005900N65NRA059,2026-08-17T17:24:33Z,13,113,STEADY,True,False,
2026-08-23T02:18:43Z,KY,KY00075IS0003300NWEIGHS33,2026-08-23T02:16:46Z,48,50,STEADY,True,True,
2026-08-23T02:18:43Z,KY,KY00075IS0003400SWEIGHS34,2026-08-23T02:16:50Z,LOW,40,STEADY,True,True,
2026-08-23T02:18:43Z,KY,KY00075IS0017700N75NRA177,2026-07-13T10:37:14Z,LOW,53,CLEARING,True,False,
2026-08-23T02:18:43Z,KY,KY00075IS0007500SWALTONWS,2026-08-23T02:16:56Z,42,45,STEADY,True,True,
2026-08-23T02:18:43Z,KY,KY00075IS0017700S75SRA177,2026-08-23T02:16:48Z,47,67,STEADY,True,True,
2026-08-23T02:18:43Z,KY,KY00075IS0016800SCRITENWS,2026-08-23T02:16:52Z,28,39,FILLING,True,True,
2026-08-23T02:18:43Z,KY,KY00075IS0000100N75WELCOM,2026-08-23T02:17:11Z,LOW,30,STEADY,True,True,
2026-08-23T02:18:48Z,IL,IL00064IE002500038,2026-08-23T02:18:40Z,Unknown,0,Unknown,True,False,
2026-08-23T02:18:48Z,IL,IL00055IN010400050,2026-08-23T02:18:40Z,0,0,Unknown,False,False,
2026-08-23T02:18:48Z,IL,IL00064IE008500039,2026-08-23T02:18:40Z,Unknown,0,Unknown,True,False,
2026-08-23T02:18:48Z,IL,IL00080IE005100040,2026-08-23T02:18:40Z,Unknown,39,Unknown,True,False,
2026-08-23T02:18:48Z,IL,IL00074IE015600037,2026-08-23T02:18:40Z,0,0,Unknown,False,False,
2026-08-23T02:18:48Z,IL,IL00057IS026800022,2026-08-23T02:18:40Z,Unknown,27,Unknown,True,False,
2026-08-23T02:18:48Z,IL,IL00055IN002700029,2026-08-23T02:18:40Z,Unknown,0,Unknown,True,False,
2026-08-23T02:18:48Z,IL,IL00074IW002800020,2026-08-23T02:18:40Z,Unknown,15,Unknown,True,False,
2026-08-23T02:18:48Z,IL,IL00064IW008500012,2026-08-23T02:18:40Z,Unknown,0,Unknown,True,False,
2026-08-23T02:18:48Z,IL,IL00074IW015600009,2026-08-23T02:18:40Z,0,0,Unknown,False,False,
2026-08-23T02:18:48Z,IL,IL00057IN022200048,2026-08-23T02:18:40Z,Unknown,0,Unknown,True,False,
2026-08-23T02:18:48Z,IL,IL00055IS006400017,2026-08-23T02:18:40Z,Unknown,0,Unknown,True,False,
2026-08-23T02:18:48Z,IL,IL00055IN006400027,2026-08-23T02:18:40Z,Unknown,0,Unknown,True,False,
2026-08-23T02:18:48Z,IL,IL00057IN026800032,2026-08-23T02:18:40Z,Unknown,25,Unknown,True,False,
2026-08-23T02:18:48Z,IL,IL00055IN019400031,2026-08-23T02:18:40Z,Unknown,36,Unknown,True,False,
2026-08-23T02:18:48Z,IL,IL00057IS022200054,2026-08-23T02:18:40Z,Unknown,0,Unknown,True,False,
2026-08-23T02:18:48Z,IL,IL00064IW013000053,2026-08-23T02:18:41Z,0,0,Unknown,False,False,
2026-08-23T02:18:48Z,IL,IL00057IS011400023,2026-08-23T02:18:41Z,Unknown,0,Unknown,True,False,
2026-08-23T02:18:48Z,IL,IL00024IW003700010,2026-08-23T02:18:41Z,Unknown,0,Unknown,True,False,
2026-08-23T02:18:48Z,IL,IL00055IS002700019,2026-08-23T02:18:41Z,Unknown,0,Unknown,True,False,
2026-08-23T02:18:48Z,IL,IL00074IW020800052,2026-08-23T02:18:41Z,Unknown,0,Unknown,True,False,
2026-08-23T02:18:48Z,IL,IL00055IS019400021,2026-08-23T02:18:41Z,Unknown,29,Unknown,True,False,
2026-08-23T02:18:48Z,IL,IL00057IS033300046,2026-08-23T02:18:41Z,Unknown,0,Unknown,True,False,
2026-08-23T02:18:48Z,IL,IL00080IW011700016,2026-08-23T02:18:41Z,0,39,Unknown,False,False,
2026-08-23T02:18:48Z,IL,IL00070IE002700042,2026-08-23T02:18:41Z,Unknown,0,Unknown,True,False,
2026-08-23T02:18:48Z,IL,IL00064IW002500011,2026-08-23T02:18:41Z,Unknown,0,Unknown,True,False,
2026-08-23T02:18:48Z,IL,IL00080IW005100013,2026-08-23T02:18:41Z,Unknown,47,Unknown,True,False,
2026-08-23T02:18:48Z,IL,IL00055IN014900028,2026-08-23T02:18:41Z,Unknown,0,Unknown,True,False,
2026-08-23T02:18:48Z,IL,IL00072IW015200014,2026-08-23T02:18:41Z,Unknown,17,Unknown,True,False,
2026-08-23T02:18:48Z,IL,IL00057IN011400033,2026-08-23T02:18:41Z,Unknown,0,Unknown,True,False,
2026-08-23T02:18:48Z,IL,IL00080IE011700043,2026-08-23T02:18:41Z,Unknown,31,Unknown,True,False,
2026-08-23T02:18:48Z,IL,IL00039IN008500036,2026-08-23T02:18:41Z,Unknown,42,Unknown,True,False,
2026-08-23T02:18:48Z,IL,IL00057IN007900034,2026-08-23T02:18:41Z,Unknown,0,Unknown,True,False,
2026-08-23T02:18:48Z,IL,IL00057IN033300049,2026-08-23T02:18:42Z,Unknown,0,Unknown,True,False,
2026-08-23T02:18:48Z,IL,IL00070IE008600051,2026-08-23T02:18:42Z,0,0,Unknown,False,False,
2026-08-23T02:18:48Z,IL,IL00057IS007900047,2026-08-23T02:18:42Z,Unknown,0,Unknown,True,False,
2026-08-23T02:18:48Z,IL,IL00074IE002800030,2026-08-23T02:18:42Z,Unknown,14,Unknown,True,False,
2026-08-23T02:18:48Z,IL,IL00039IS008500026,2026-08-23T02:18:42Z,Unknown,42,Unknown,True,False,
2026-08-23T02:18:48Z,IL,IL00072IE015200041,2026-08-23T02:15:18Z,12,16,STEADY,True,True,
2026-08-23T02:18:48Z,IL,IL00070IW002700015,2026-08-23T02:18:42Z,Unknown,0,Unknown,True,False,
2026-08-23T02:18:48Z,IL,IL00074IE011400005,2026-08-23T02:18:48Z,Unknown,25,Unknown,True,False,
2026-08-23T02:18:48Z,IL,IL00074IW006200004,2026-08-23T02:17:54Z,7,12,STEADY,True,True,
2026-08-23T02:18:48Z,IL,IL00070IW008700045,2026-08-23T02:15:55Z,3,15,FILLING,True,True,
2026-08-23T02:18:48Z,IL,IL00057IS016500018,2026-08-23T02:15:17Z,0,15,STEADY,True,True,
2026-08-23T02:18:48Z,IL,IL00074IW011400006,2026-08-23T02:17:56Z,15,18,STEADY,True,True,
2026-08-23T02:18:48Z,IL,IL00074IE006200001,2026-08-23T02:17:57Z,8,13,FILLING,True,True,
2026-08-23T02:18:48Z,IL,IL00070IW014900008,2026-08-23T02:18:47Z,Unknown,39,Unknown,True,False,
2026-08-23T02:18:48Z,IL,IL00057IN016500044,2026-08-23T02:15:17Z,0,15,STEADY,False,False,
2026-08-23T02:18:48Z,IL,IL00055IS010400024,2026-08-23T02:15:17Z,Unknown,0,STEADY,,False,
2026-08-23T02:18:48Z,IL,IL00057IS003200025,2026-08-23T02:15:17Z,Unknown,0,STEADY,,False,
2026-08-23T02:18:48Z,IL,IL00057IN003200035,2026-08-23T02:15:18Z,Unknown,17,STEADY,,False,
2026-08-23T02:18:48Z,IN,322,2026-08-22T22:05:00-04:00,61,75,,True,false,
2026-08-23T02:18:48Z,IN,317,2026-08-22T22:05:00-04:00,8,58,,True,true,
2026-08-23T02:18:48Z,IN,316,2026-08-22T22:05:00-04:00,20,58,,True,false,
2026-08-23T02:18:48Z,IN,315,2026-08-22T22:05:00-04:00,Unknown,36,,False,true,
2026-08-23T02:18:48Z,IN,314,2026-08-22T22:05:00-04:00,Unknown,36,,False,true,
2026-08-23T02:18:48Z,IN,313,2026-08-22T22:05:00-04:00,LOW,75,,True,true,
2026-08-23T02:18:48Z,IN,312,2026-08-22T22:05:00-04:00,LOW,75,,True,true,
2026-08-23T02:18:48Z,IN,311,2026-08-22T22:05:00-04:00,Unknown,13,,False,true,
2026-08-23T02:18:48Z,IN,310,2026-08-22T22:05:00-04:00,Unknown,13,,False,true,
2026-08-23T02:18:48Z,IN,308,2026-08-22T22:05:00-04:00,34,75,,True,true,
2026-08-23T02:18:48Z,IN,309,2026-08-22T22:05:00-04:00,109,150,,True,true,
2026-08-23T02:18:48Z,IN,318,2026-08-22T22:05:00-04:00,18,78,,True,true,
2026-08-23T02:18:48Z,IN,319,2026-08-22T22:05:00-04:00,22,78,,True,true,
2026-08-23T02:18:48Z,IN,320,2026-08-22T22:05:00-04:00,31,83,,True,true,
2026-08-23T02:18:48Z,IN,321,2026-08-22T22:05:00-04:00,21,41,,True,false,
2026-08-23T02:18:48Z,IN,300,2026-08-22T22:05:00-04:00,56,128,,True,false,
2026-08-23T02:18:48Z,IN,302,2026-08-22T22:05:00-04:00,LOW,30,,True,true,
2026-08-23T02:18:48Z,IN,301,2026-08-22T22:05:00-04:00,LOW,30,,True,true,
2026-08-23T02:18:48Z,IN,303,2026-08-22T22:05:00-04:00,93,194,,True,true,
2026-08-23T02:18:48Z,IN,304,2026-08-22T22:05:00-04:00,36,99,,True,true,
2026-08-23T02:18:48Z,IN,305,2026-08-22T22:05:00-04:00,Unknown,156,,False,true,
2026-08-23T02:18:48Z,IN,323,2026-08-22T22:05:00-04:00,20,40,,True,true,
2026-08-23T02:18:48Z,IN,702,2026-08-22T22:05:00-04:00,38,75,,True,false,
2026-08-23T02:18:48Z,IN,701,2026-08-22T22:05:00-04:00,30,60,,True,false,
2026-08-23T02:18:48Z,IN,704,2026-08-22T22:05:00-04:00,40,80,,True,false,
2026-08-23T02:18:48Z,IN,703,2026-08-22T22:05:00-04:00,55,110,,True,false,
2026-08-23T02:18:48Z,IN,706,2026-08-22T22:05:00-04:00,35,70,,True,false,
2026-08-23T02:18:48Z,IN,705,2026-08-22T22:05:00-04:00,30,60,,True,false,
2026-08-23T02:18:48Z,IN,708,2026-08-22T22:05:00-04:00,23,45,,True,false,
2026-08-23T02:18:48Z,IN,707,2026-08-22T22:05:00-04:00,20,40,,True,false,
2026-08-23T02:18:48Z,IN,324,2026-08-22T22:05:00-04:00,16,31,,True,true,
2026-08-23T02:18:48Z,KY,KY00065IS0000020N65WELCOM,2026-08-23T02:17:02Z,LOW,21,STEADY,True,True,
2026-08-23T02:18:48Z,KY,KY00065IS000020NSMARATHON,2025-12-19T00:36:53Z,10,60,STEADY,True,False,
2026-08-23T02:18:48Z,KY,KY00065IS0000340NWEIGHS34,2026-07-01T19:04:41Z,33,40,STEADY,True,False,
2026-08-23T02:18:48Z,KY,KY00065IS0011400S65SRA114,2026-08-23T02:17:10Z,13,26,FILLING,True,True,
2026-08-23T02:18:48Z,KY,KY00065IS0005900S65SRA059,2026-08-23T02:17:08Z,80,109,STEADY,True,True,
2026-08-23T02:18:48Z,KY,KY00065IS0005900N65NRA059,2026-08-17T17:24:33Z,13,113,STEADY,True,False,
2026-08-23T02:18:48Z,KY,KY00075IS0003300NWEIGHS33,2026-08-23T02:16:46Z,48,50,STEADY,True,True,
2026-08-23T02:18:48Z,KY,KY00075IS0003400SWEIGHS34,2026-08-23T02:16:50Z,LOW,40,STEADY,True,True,
2026-08-23T02:18:48Z,KY,KY00075IS0017700N75NRA177,2026-07-13T10:37:14Z,LOW,53,CLEARING,True,False,
2026-08-23T02:18:48Z,KY,KY00075IS0007500SWALTONWS,2026-08-23T02:16:56Z,42,45,STEADY,True,True,
2026-08-23T02:18:48Z,KY,KY00075IS0017700S75SRA177,2026-08-23T02:16:48Z,47,67,STEADY,True,True,
2026-08-23T02:18:48Z,KY,KY00075IS0016800SCRITENWS,2026-08-23T02:16:52Z,28,39,FILLING,True,True,
2026-08-23T02:18:48Z,KY,KY00075IS0000100N75WELCOM,2026-08-23T02:17:11Z,LOW,30,STEADY,True,True,
2026-08-23T02:18:52Z,IL,IL00064IE002500038,2026-08-23T02:18:40Z,Unknown,0,Unknown,True,False,
2026-08-23T02:18:52Z,IL,IL00055IN010400050,2026-08-23T02:18:40Z,0,0,Unknown,False,False,
2026-08-23T02:18:52Z,IL,IL00064IE008500039,2026-08-23T02:18:40Z,Unknown,0,Unknown,True,False,
2026-08-23T02:18:52Z,IL,IL00080IE005100040,2026-08-23T02:18:40Z,Unknown,39,Unknown,True,False,
2026-08-23T02:18:52Z,IL,IL00074IE015600037,2026-08-23T02:18:40Z,0,0,Unknown,False,False,
2026-08-23T02:18:52Z,IL,IL00057IS026800022,2026-08-23T02:18:40Z,Unknown,27,Unknown,True,False,
2026-08-23T02:18:52Z,IL,IL00055IN002700029,2026-08-23T02:18:40Z,Unknown,0,Unknown,True,False,
2026-08-23T02:18:52Z,IL,IL00074IW002800020,2026-08-23T02:18:40Z,Unknown,15,Unknown,True,False,
2026-08-23T02:18:52Z,IL,IL00064IW008500012,2026-08-23T02:18:40Z,Unknown,0,Unknown,True,False,
2026-08-23T02:18:52Z,IL,IL00074IW015600009,2026-08-23T02:18:40Z,0,0,Unknown,False,False,
2026-08-23T02:18:52Z,IL,IL00057IN022200048,2026-08-23T02:18:40Z,Unknown,0,Unknown,True,False,
2026-08-23T02:18:52Z,IL,IL00055IS006400017,2026-08-23T02:18:40Z,Unknown,0,Unknown,True,False,
2026-08-23T02:18:52Z,IL,IL00055IN006400027,2026-08-23T02:18:40Z,Unknown,0,Unknown,True,False,
2026-08-23T02:18:52Z,IL,IL00057IN026800032,2026-08-23T02:18:40Z,Unknown,25,Unknown,True,False,
2026-08-23T02:18:52Z,IL,IL00055IN019400031,2026-08-23T02:18:40Z,Unknown,36,Unknown,True,False,
2026-08-23T02:18:52Z,IL,IL00057IS022200054,2026-08-23T02:18:40Z,Unknown,0,Unknown,True,False,
2026-08-23T02:18:52Z,IL,IL00064IW013000053,2026-08-23T02:18:41Z,0,0,Unknown,False,False,
2026-08-23T02:18:52Z,IL,IL00057IS011400023,2026-08-23T02:18:41Z,Unknown,0,Unknown,True,False,
2026-08-23T02:18:52Z,IL,IL00024IW003700010,2026-08-23T02:18:41Z,Unknown,0,Unknown,True,False,
2026-08-23T02:18:52Z,IL,IL00055IS002700019,2026-08-23T02:18:41Z,Unknown,0,Unknown,True,False,
2026-08-23T02:18:52Z,IL,IL00074IW020800052,2026-08-23T02:18:41Z,Unknown,0,Unknown,True,False,
2026-08-23T02:18:52Z,IL,IL00055IS019400021,2026-08-23T02:18:41Z,Unknown,29,Unknown,True,False,
2026-08-23T02:18:52Z,IL,IL00057IS033300046,2026-08-23T02:18:41Z,Unknown,0,Unknown,True,False,
2026-08-23T02:18:52Z,IL,IL00080IW011700016,2026-08-23T02:18:41Z,0,39,Unknown,False,False,
2026-08-23T02:18:52Z,IL,IL00070IE002700042,2026-08-23T02:18:41Z,Unknown,0,Unknown,True,False,
2026-08-23T02:18:52Z,IL,IL00064IW002500011,2026-08-23T02:18:41Z,Unknown,0,Unknown,True,False,
2026-08-23T02:18:52Z,IL,IL00080IW005100013,2026-08-23T02:18:41Z,Unknown,47,Unknown,True,False,
2026-08-23T02:18:52Z,IL,IL00055IN014900028,2026-08-23T02:18:41Z,Unknown,0,Unknown,True,False,
2026-08-23T02:18:52Z,IL,IL00072IW015200014,2026-08-23T02:18:41Z,Unknown,17,Unknown,True,False,
2026-08-23T02:18:52Z,IL,IL00057IN011400033,2026-08-23T02:18:41Z,Unknown,0,Unknown,True,False,
2026-08-23T02:18:52Z,IL,IL00080IE011700043,2026-08-23T02:18:41Z,Unknown,31,Unknown,True,False,
2026-08-23T02:18:52Z,IL,IL00039IN008500036,2026-08-23T02:18:41Z,Unknown,42,Unknown,True,False,
2026-08-23T02:18:52Z,IL,IL00057IN007900034,2026-08-23T02:18:41Z,Unknown,0,Unknown,True,False,
2026-08-23T02:18:52Z,IL,IL00057IN033300049,2026-08-23T02:18:42Z,Unknown,0,Unknown,True,False,
2026-08-23T02:18:52Z,IL,IL00070IE008600051,2026-08-23T02:18:42Z,0,0,Unknown,False,False,
2026-08-23T02:18:52Z,IL,IL00057IS007900047,2026-08-23T02:18:42Z,Unknown,0,Unknown,True,False,
2026-08-23T02:18:52Z,IL,IL00074IE002800030,2026-08-23T02:18:42Z,Unknown,14,Unknown,True,False,
2026-08-23T02:18:52Z,IL,IL00039IS008500026,2026-08-23T02:18:42Z,Unknown,42,Unknown,True,False,
2026-08-23T02:18:52Z,IL,IL00072IE015200041,2026-08-23T02:15:18Z,12,16,STEADY,True,True,
2026-08-23T02:18:52Z,IL,IL00070IW002700015,2026-08-23T02:18:42Z,Unknown,0,Unknown,True,False,
2026-08-23T02:18:52Z,IL,IL00074IE011400005,2026-08-23T02:18:48Z,Unknown,25,Unknown,True,False,
2026-08-23T02:18:52Z,IL,IL00074IW006200004,2026-08-23T02:18:48Z,7,12,STEADY,True,True,
2026-08-23T02:18:52Z,IL,IL00070IW008700045,2026-08-23T02:15:55Z,3,15,FILLING,True,True,
2026-08-23T02:18:52Z,IL,IL00057IS016500018,2026-08-23T02:15:17Z,0,15,STEADY,True,True,
2026-08-23T02:18:52Z,IL,IL00074IW011400006,2026-08-23T02:17:56Z,15,18,STEADY,True,True,
2026-08-23T02:18:52Z,IL,IL00074IE006200001,2026-08-23T02:17:57Z,8,13,FILLING,True,True,
2026-08-23T02:18:52Z,IL,IL00070IW014900008,2026-08-23T02:18:47Z,Unknown,39,Unknown,True,False,
2026-08-23T02:18:52Z,IL,IL00057IN016500044,2026-08-23T02:15:17Z,0,15,STEADY,False,False,
2026-08-23T02:18:52Z,IL,IL00055IS010400024,2026-08-23T02:15:17Z,Unknown,0,STEADY,,False,
2026-08-23T02:18:52Z,IL,IL00057IS003200025,2026-08-23T02:15:17Z,Unknown,0,STEADY,,False,
2026-08-23T02:18:52Z,IL,IL00057IN003200035,2026-08-23T02:15:18Z,Unknown,17,STEADY,,False,
2026-08-23T02:18:52Z,IN,322,2026-08-22T22:05:00-04:00,61,75,,True,false,
2026-08-23T02:18:52Z,IN,317,2026-08-22T22:05:00-04:00,8,58,,True,true,
2026-08-23T02:18:52Z,IN,316,2026-08-22T22:05:00-04:00,20,58,,True,false,
2026-08-23T02:18:52Z,IN,315,2026-08-22T22:05:00-04:00,Unknown,36,,False,true,
2026-08-23T02:18:52Z,IN,314,2026-08-22T22:05:00-04:00,Unknown,36,,False,true,
2026-08-23T02:18:52Z,IN,313,2026-08-22T22:05:00-04:00,LOW,75,,True,true,
2026-08-23T02:18:52Z,IN,312,2026-08-22T22:05:00-04:00,LOW,75,,True,true,
2026-08-23T02:18:52Z,IN,311,2026-08-22T22:05:00-04:00,Unknown,13,,False,true,
2026-08-23T02:18:52Z,IN,310,2026-08-22T22:05:00-04:00,Unknown,13,,False,true,
2026-08-23T02:18:52Z,IN,308,2026-08-22T22:05:00-04:00,34,75,,True,true,
2026-08-23T02:18:52Z,IN,309,2026-08-22T22:05:00-04:00,109,150,,True,true,
2026-08-23T02:18:52Z,IN,318,2026-08-22T22:05:00-04:00,18,78,,True,true,
2026-08-23T02:18:52Z,IN,319,2026-08-22T22:05:00-04:00,22,78,,True,true,
2026-08-23T02:18:52Z,IN,320,2026-08-22T22:05:00-04:00,31,83,,True,true,
2026-08-23T02:18:52Z,IN,321,2026-08-22T22:05:00-04:00,21,41,,True,false,
2026-08-23T02:18:52Z,IN,300,2026-08-22T22:05:00-04:00,56,128,,True,false,
2026-08-23T02:18:52Z,IN,302,2026-08-22T22:05:00-04:00,LOW,30,,True,true,
2026-08-23T02:18:52Z,IN,301,2026-08-22T22:05:00-04:00,LOW,30,,True,true,
2026-08-23T02:18:52Z,IN,303,2026-08-22T22:05:00-04:00,93,194,,True,true,
2026-08-23T02:18:52Z,IN,304,2026-08-22T22:05:00-04:00,36,99,,True,true,
2026-08-23T02:18:52Z,IN,305,2026-08-22T22:05:00-04:00,Unknown,156,,False,true,
2026-08-23T02:18:52Z,IN,323,2026-08-22T22:05:00-04:00,20,40,,True,true,
2026-08-23T02:18:52Z,IN,702,2026-08-22T22:05:00-04:00,38,75,,True,false,
2026-08-23T02:18:52Z,IN,701,2026-08-22T22:05:00-04:00,30,60,,True,false,
2026-08-23T02:18:52Z,IN,704,2026-08-22T22:05:00-04:00,40,80,,True,false,
2026-08-23T02:18:52Z,IN,703,2026-08-22T22:05:00-04:00,55,110,,True,false,
2026-08-23T02:18:52Z,IN,706,2026-08-22T22:05:00-04:00,35,70,,True,false,
2026-08-23T02:18:52Z,IN,705,2026-08-22T22:05:00-04:00,30,60,,True,false,
2026-08-23T02:18:52Z,IN,708,2026-08-22T22:05:00-04:00,23,45,,True,false,
2026-08-23T02:18:52Z,IN,707,2026-08-22T22:05:00-04:00,20,40,,True,false,
2026-08-23T02:18:52Z,IN,324,2026-08-22T22:05:00-04:00,16,31,,True,true,
2026-08-23T02:18:52Z,KY,KY00065IS0000020N65WELCOM,2026-08-23T02:17:02Z,LOW,21,STEADY,True,True,
2026-08-23T02:18:52Z,KY,KY00065IS000020NSMARATHON,2025-12-19T00:36:53Z,10,60,STEADY,True,False,
2026-08-23T02:18:52Z,KY,KY00065IS0000340NWEIGHS34,2026-07-01T19:04:41Z,33,40,STEADY,True,False,
2026-08-23T02:18:52Z,KY,KY00065IS0011400S65SRA114,2026-08-23T02:17:10Z,13,26,FILLING,True,True,
2026-08-23T02:18:52Z,KY,KY00065IS0005900S65SRA059,2026-08-23T02:17:08Z,80,109,STEADY,True,True,
2026-08-23T02:18:52Z,KY,KY00065IS0005900N65NRA059,2026-08-17T17:24:33Z,13,113,STEADY,True,False,
2026-08-23T02:18:52Z,KY,KY00075IS0003300NWEIGHS33,2026-08-23T02:16:46Z,48,50,STEADY,True,True,
2026-08-23T02:18:52Z,KY,KY00075IS0003400SWEIGHS34,2026-08-23T02:16:50Z,LOW,40,STEADY,True,True,
2026-08-23T02:18:52Z,KY,KY00075IS0017700N75NRA177,2026-07-13T10:37:14Z,LOW,53,CLEARING,True,False,
2026-08-23T02:18:52Z,KY,KY00075IS0007500SWALTONWS,2026-08-23T02:16:56Z,42,45,STEADY,True,True,
2026-08-23T02:18:52Z,KY,KY00075IS0017700S75SRA177,2026-08-23T02:16:48Z,47,67,STEADY,True,True,
2026-08-23T02:18:52Z,KY,KY00075IS0016800SCRITENWS,2026-08-23T02:16:52Z,28,39,FILLING,True,True,
2026-08-23T02:18:52Z,KY,KY00075IS0000100N75WELCOM,2026-08-23T02:17:11Z,LOW,30,STEADY,True,True,
2026-08-23T02:18:57Z,IL,IL00064IE002500038,2026-08-23T02:18:40Z,Unknown,0,Unknown,True,False,
2026-08-23T02:18:57Z,IL,IL00055IN010400050,2026-08-23T02:18:40Z,0,0,Unknown,False,False,
2026-08-23T02:18:57Z,IL,IL00064IE008500039,2026-08-23T02:18:40Z,Unknown,0,Unknown,True,False,
2026-08-23T02:18:57Z,IL,IL00080IE005100040,2026-08-23T02:18:40Z,Unknown,39,Unknown,True,False,
2026-08-23T02:18:57Z,IL,IL00074IE015600037,2026-08-23T02:18:40Z,0,0,Unknown,False,False,
2026-08-23T02:18:57Z,IL,IL00057IS026800022,2026-08-23T02:18:40Z,Unknown,27,Unknown,True,False,
2026-08-23T02:18:57Z,IL,IL00055IN002700029,2026-08-23T02:18:40Z,Unknown,0,Unknown,True,False,
2026-08-23T02:18:57Z,IL,IL00074IW002800020,2026-08-23T02:18:40Z,Unknown,15,Unknown,True,False,
2026-08-23T02:18:57Z,IL,IL00064IW008500012,2026-08-23T02:18:40Z,Unknown,0,Unknown,True,False,
2026-08-23T02:18:57Z,IL,IL00074IW015600009,2026-08-23T02:18:40Z,0,0,Unknown,False,False,
2026-08-23T02:18:57Z,IL,IL00057IN022200048,2026-08-23T02:18:40Z,Unknown,0,Unknown,True,False,
2026-08-23T02:18:57Z,IL,IL00055IS006400017,2026-08-23T02:18:40Z,Unknown,0,Unknown,True,False,
2026-08-23T02:18:57Z,IL,IL00055IN006400027,2026-08-23T02:18:40Z,Unknown,0,Unknown,True,False,
2026-08-23T02:18:57Z,IL,IL00057IN026800032,2026-08-23T02:18:40Z,Unknown,25,Unknown,True,False,
2026-08-23T02:18:57Z,IL,IL00055IN019400031,2026-08-23T02:18:40Z,Unknown,36,Unknown,True,False,
2026-08-23T02:18:57Z,IL,IL00057IS022200054,2026-08-23T02:18:40Z,Unknown,0,Unknown,True,False,
2026-08-23T02:18:57Z,IL,IL00064IW013000053,2026-08-23T02:18:41Z,0,0,Unknown,False,False,
2026-08-23T02:18:57Z,IL,IL00057IS011400023,2026-08-23T02:18:41Z,Unknown,0,Unknown,True,False,
2026-08-23T02:18:57Z,IL,IL00024IW003700010,2026-08-23T02:18:41Z,Unknown,0,Unknown,True,False,
2026-08-23T02:18:57Z,IL,IL00055IS002700019,2026-08-23T02:18:41Z,Unknown,0,Unknown,True,False,
2026-08-23T02:18:57Z,IL,IL00074IW020800052,2026-08-23T02:18:41Z,Unknown,0,Unknown,True,False,
2026-08-23T02:18:57Z,IL,IL00055IS019400021,2026-08-23T02:18:41Z,Unknown,29,Unknown,True,False,
2026-08-23T02:18:57Z,IL,IL00057IS033300046,2026-08-23T02:18:41Z,Unknown,0,Unknown,True,False,
2026-08-23T02:18:57Z,IL,IL00080IW011700016,2026-08-23T02:18:41Z,0,39,Unknown,False,False,
2026-08-23T02:18:57Z,IL,IL00070IE002700042,2026-08-23T02:18:41Z,Unknown,0,Unknown,True,False,
2026-08-23T02:18:57Z,IL,IL00064IW002500011,2026-08-23T02:18:41Z,Unknown,0,Unknown,True,False,
2026-08-23T02:18:57Z,IL,IL00080IW005100013,2026-08-23T02:18:41Z,Unknown,47,Unknown,True,False,
2026-08-23T02:18:57Z,IL,IL00055IN014900028,2026-08-23T02:18:41Z,Unknown,0,Unknown,True,False,
2026-08-23T02:18:57Z,IL,IL00072IW015200014,2026-08-23T02:18:41Z,Unknown,17,Unknown,True,False,
2026-08-23T02:18:57Z,IL,IL00057IN011400033,2026-08-23T02:18:41Z,Unknown,0,Unknown,True,False,
2026-08-23T02:18:57Z,IL,IL00080IE011700043,2026-08-23T02:18:41Z,Unknown,31,Unknown,True,False,
2026-08-23T02:18:57Z,IL,IL00039IN008500036,2026-08-23T02:18:41Z,Unknown,42,Unknown,True,False,
2026-08-23T02:18:57Z,IL,IL00057IN007900034,2026-08-23T02:18:41Z,Unknown,0,Unknown,True,False,
2026-08-23T02:18:57Z,IL,IL00057IN033300049,2026-08-23T02:18:42Z,Unknown,0,Unknown,True,False,
2026-08-23T02:18:57Z,IL,IL00070IE008600051,2026-08-23T02:18:42Z,0,0,Unknown,False,False,
2026-08-23T02:18:57Z,IL,IL00057IS007900047,2026-08-23T02:18:42Z,Unknown,0,Unknown,True,False,
2026-08-23T02:18:57Z,IL,IL00074IE002800030,2026-08-23T02:18:42Z,Unknown,14,Unknown,True,False,
2026-08-23T02:18:57Z,IL,IL00039IS008500026,2026-08-23T02:18:42Z,Unknown,42,Unknown,True,False,
2026-08-23T02:18:57Z,IL,IL00072IE015200041,2026-08-23T02:15:18Z,12,16,STEADY,True,True,
2026-08-23T02:18:57Z,IL,IL00070IW002700015,2026-08-23T02:18:42Z,Unknown,0,Unknown,True,False,
2026-08-23T02:18:57Z,IL,IL00074IE011400005,2026-08-23T02:18:48Z,Unknown,25,Unknown,True,False,
2026-08-23T02:18:57Z,IL,IL00074IW006200004,2026-08-23T02:18:48Z,7,12,STEADY,True,True,
2026-08-23T02:18:57Z,IL,IL00070IW008700045,2026-08-23T02:15:55Z,3,15,FILLING,True,True,
2026-08-23T02:18:57Z,IL,IL00057IS016500018,2026-08-23T02:18:52Z,0,15,STEADY,True,True,
2026-08-23T02:18:57Z,IL,IL00074IW011400006,2026-08-23T02:18:54Z,15,18,STEADY,True,True,
2026-08-23T02:18:57Z,IL,IL00074IE006200001,2026-08-23T02:18:55Z,8,13,FILLING,True,True,
2026-08-23T02:18:57Z,IL,IL00070IW014900008,2026-08-23T02:18:47Z,Unknown,39,Unknown,True,False,
2026-08-23T02:18:57Z,IL,IL00057IN016500044,2026-08-23T02:15:17Z,0,15,STEADY,False,False,
2026-08-23T02:18:57Z,IL,IL00055IS010400024,2026-08-23T02:15:17Z,Unknown,0,STEADY,,False,
2026-08-23T02:18:57Z,IL,IL00057IS003200025,2026-08-23T02:15:17Z,Unknown,0,STEADY,,False,
2026-08-23T02:18:57Z,IL,IL00057IN003200035,2026-08-23T02:15:18Z,Unknown,17,STEADY,,False,
2026-08-23T02:18:57Z,IN,322,2026-08-22T22:05:00-04:00,61,75,,True,false,
2026-08-23T02:18:57Z,IN,317,2026-08-22T22:05:00-04:00,8,58,,True,true,
2026-08-23T02:18:57Z,IN,316,2026-08-22T22:05:00-04:00,20,58,,True,false,
2026-08-23T02:18:57Z,IN,315,2026-08-22T22:05:00-04:00,Unknown,36,,False,true,
2026-08-23T02:18:57Z,IN,314,2026-08-22T22:05:00-04:00,Unknown,36,,False,true,
2026-08-23T02:18:57Z,IN,313,2026-08-22T22:05:00-04:00,LOW,75,,True,true,
2026-08-23T02:18:57Z,IN,312,2026-08-22T22:05:00-04:00,LOW,75,,True,true,
2026-08-23T02:18:57Z,IN,311,2026-08-22T22:05:00-04:00,Unknown,13,,False,true,
2026-08-23T02:18:57Z,IN,310,2026-08-22T22:05:00-04:00,Unknown,13,,False,true,
2026-08-23T02:18:57Z,IN,308,2026-08-22T22:05:00-04:00,34,75,,True,true,
2026-08-23T02:18:57Z,IN,309,2026-08-22T22:05:00-04:00,109,150,,True,true,
2026-08-23T02:18:57Z,IN,318,2026-08-22T22:05:00-04:00,18,78,,True,true,
2026-08-23T02:18:57Z,IN,319,2026-08-22T22:05:00-04:00,22,78,,True,true,
2026-08-23T02:18:57Z,IN,320,2026-08-22T22:05:00-04:00,31,83,,True,true,
2026-08-23T02:18:57Z,IN,321,2026-08-22T22:05:00-04:00,21,41,,True,false,
2026-08-23T02:18:57Z,IN,300,2026-08-22T22:05:00-04:00,56,128,,True,false,
2026-08-23T02:18:57Z,IN,302,2026-08-22T22:05:00-04:00,LOW,30,,True,true,
2026-08-23T02:18:57Z,IN,301,2026-08-22T22:05:00-04:00,LOW,30,,True,true,
2026-08-23T02:18:57Z,IN,303,2026-08-22T22:05:00-04:00,93,194,,True,true,
2026-08-23T02:18:57Z,IN,304,2026-08-22T22:05:00-04:00,36,99,,True,true,
2026-08-23T02:18:57Z,IN,305,2026-08-22T22:05:00-04:00,Unknown,156,,False,true,
2026-08-23T02:18:57Z,IN,323,2026-08-22T22:05:00-04:00,20,40,,True,true,
2026-08-23T02:18:57Z,IN,702,2026-08-22T22:05:00-04:00,38,75,,True,false,
2026-08-23T02:18:57Z,IN,701,2026-08-22T22:05:00-04:00,30,60,,True,false,
2026-08-23T02:18:57Z,IN,704,2026-08-22T22:05:00-04:00,40,80,,True,false,
2026-08-23T02:18:57Z,IN,703,2026-08-22T22:05:00-04:00,55,110,,True,false,
2026-08-23T02:18:57Z,IN,706,2026-08-22T22:05:00-04:00,35,70,,True,false,
2026-08-23T02:18:57Z,IN,705,2026-08-22T22:05:00-04:00,30,60,,True,false,
2026-08-23T02:18:57Z,IN,708,2026-08-22T22:05:00-04:00,23,45,,True,false,
2026-08-23T02:18:57Z,IN,707,2026-08-22T22:05:00-04:00,20,40,,True,false,
2026-08-23T02:18:57Z,IN,324,2026-08-22T22:05:00-04:00,16,31,,True,true,
2026-08-23T02:18:57Z,KY,KY00065IS0000020N65WELCOM,2026-08-23T02:17:02Z,LOW,21,STEADY,True,True,
2026-08-23T02:18:57Z,KY,KY00065IS000020NSMARATHON,2025-12-19T00:36:53Z,10,60,STEADY,True,False,
2026-08-23T02:18:57Z,KY,KY00065IS0000340NWEIGHS34,2026-07-01T19:04:41Z,33,40,STEADY,True,False,
2026-08-23T02:18:57Z,KY,KY00065IS0011400S65SRA114,2026-08-23T02:17:10Z,13,26,FILLING,True,True,
2026-08-23T02:18:57Z,KY,KY00065IS0005900S65SRA059,2026-08-23T02:17:08Z,80,109,STEADY,True,True,
2026-08-23T02:18:57Z,KY,KY00065IS0005900N65NRA059,2026-08-17T17:24:33Z,13,113,STEADY,True,False,
2026-08-23T02:18:57Z,KY,KY00075IS0003300NWEIGHS33,2026-08-23T02:16:46Z,48,50,STEADY,True,True,
2026-08-23T02:18:57Z,KY,KY00075IS0003400SWEIGHS34,2026-08-23T02:16:50Z,LOW,40,STEADY,True,True,
2026-08-23T02:18:57Z,KY,KY00075IS0017700N75NRA177,2026-07-13T10:37:14Z,LOW,53,CLEARING,True,False,
2026-08-23T02:18:57Z,KY,KY00075IS0007500SWALTONWS,2026-08-23T02:16:56Z,42,45,STEADY,True,True,
2026-08-23T02:18:57Z,KY,KY00075IS0017700S75SRA177,2026-08-23T02:16:48Z,47,67,STEADY,True,True,
2026-08-23T02:18:57Z,KY,KY00075IS0016800SCRITENWS,2026-08-23T02:16:52Z,28,39,FILLING,True,True,
2026-08-23T02:18:57Z,KY,KY00075IS0000100N75WELCOM,2026-08-23T02:17:11Z,LOW,30,STEADY,True,True,
2026-08-23T02:19:01Z,IL,IL00064IE002500038,2026-08-23T02:18:57Z,Unknown,0,Unknown,True,False,
2026-08-23T02:19:01Z,IL,IL00055IN010400050,2026-08-23T02:18:58Z,0,0,Unknown,False,False,
2026-08-23T02:19:01Z,IL,IL00064IE008500039,2026-08-23T02:18:58Z,Unknown,0,Unknown,True,False,
2026-08-23T02:19:01Z,IL,IL00080IE005100040,2026-08-23T02:18:58Z,Unknown,39,Unknown,True,False,
2026-08-23T02:19:01Z,IL,IL00074IE015600037,2026-08-23T02:18:58Z,0,0,Unknown,False,False,
2026-08-23T02:19:01Z,IL,IL00057IS026800022,2026-08-23T02:18:58Z,Unknown,27,Unknown,True,False,
2026-08-23T02:19:01Z,IL,IL00055IN002700029,2026-08-23T02:18:58Z,Unknown,0,Unknown,True,False,
2026-08-23T02:19:01Z,IL,IL00074IW002800020,2026-08-23T02:18:58Z,Unknown,15,Unknown,True,False,
2026-08-23T02:19:01Z,IL,IL00064IW008500012,2026-08-23T02:18:58Z,Unknown,0,Unknown,True,False,
2026-08-23T02:19:01Z,IL,IL00074IW015600009,2026-08-23T02:18:58Z,0,0,Unknown,False,False,
2026-08-23T02:19:01Z,IL,IL00057IN022200048,2026-08-23T02:18:58Z,Unknown,0,Unknown,True,False,
2026-08-23T02:19:01Z,IL,IL00055IS006400017,2026-08-23T02:18:58Z,Unknown,0,Unknown,True,False,
2026-08-23T02:19:01Z,IL,IL00055IN006400027,2026-08-23T02:18:58Z,Unknown,0,Unknown,True,False,
2026-08-23T02:19:01Z,IL,IL00055IS002700019,2026-08-23T02:18:58Z,Unknown,0,Unknown,True,False,
2026-08-23T02:19:01Z,IL,IL00074IW020800052,2026-08-23T02:18:58Z,Unknown,0,Unknown,True,False,
2026-08-23T02:19:01Z,IL,IL00055IS019400021,2026-08-23T02:18:58Z,Unknown,29,Unknown,True,False,
2026-08-23T02:19:01Z,IL,IL00057IS033300046,2026-08-23T02:18:59Z,Unknown,0,Unknown,True,False,
2026-08-23T02:19:01Z,IL,IL00080IW011700016,2026-08-23T02:18:59Z,0,39,Unknown,False,False,
2026-08-23T02:19:01Z,IL,IL00070IE002700042,2026-08-23T02:18:59Z,Unknown,0,Unknown,True,False,
2026-08-23T02:19:01Z,IL,IL00057IN026800032,2026-08-23T02:18:58Z,Unknown,25,Unknown,True,False,
2026-08-23T02:19:01Z,IL,IL00055IN019400031,2026-08-23T02:18:58Z,Unknown,36,Unknown,True,False,
2026-08-23T02:19:01Z,IL,IL00057IS022200054,2026-08-23T02:18:58Z,Unknown,0,Unknown,True,False,
2026-08-23T02:19:01Z,IL,IL00072IE015200041,2026-08-23T02:15:18Z,12,16,STEADY,True,True,
2026-08-23T02:19:01Z,IL,IL00064IW013000053,2026-08-23T02:18:58Z,0,0,Unknown,False,False,
2026-08-23T02:19:01Z,IL,IL00057IS011400023,2026-08-23T02:18:58Z,Unknown,0,Unknown,True,False,
2026-08-23T02:19:01Z,IL,IL00024IW003700010,2026-08-23T02:18:58Z,Unknown,0,Unknown,True,False,
2026-08-23T02:19:01Z,IL,IL00064IW002500011,2026-08-23T02:18:59Z,Unknown,0,Unknown,True,False,
2026-08-23T02:19:01Z,IL,IL00080IW005100013,2026-08-23T02:18:59Z,Unknown,47,Unknown,True,False,
2026-08-23T02:19:01Z,IL,IL00055IN014900028,2026-08-23T02:18:59Z,Unknown,0,Unknown,True,False,
2026-08-23T02:19:01Z,IL,IL00072IW015200014,2026-08-23T02:18:59Z,Unknown,17,Unknown,True,False,
2026-08-23T02:19:01Z,IL,IL00057IN011400033,2026-08-23T02:18:59Z,Unknown,0,Unknown,True,False,
2026-08-23T02:19:01Z,IL,IL00080IE011700043,2026-08-23T02:18:59Z,Unknown,31,Unknown,True,False,
2026-08-23T02:19:01Z,IL,IL00039IN008500036,2026-08-23T02:18:59Z,Unknown,42,Unknown,True,False,
2026-08-23T02:19:01Z,IL,IL00057IN007900034,2026-08-23T02:18:59Z,Unknown,0,Unknown,True,False,
2026-08-23T02:19:01Z,IL,IL00057IN033300049,2026-08-23T02:18:59Z,Unknown,0,Unknown,True,False,
2026-08-23T02:19:01Z,IL,IL00070IE008600051,2026-08-23T02:18:59Z,0,0,Unknown,False,False,
2026-08-23T02:19:01Z,IL,IL00057IS007900047,2026-08-23T02:18:59Z,Unknown,0,Unknown,True,False,
2026-08-23T02:19:01Z,IL,IL00074IE002800030,2026-08-23T02:18:59Z,Unknown,14,Unknown,True,False,
2026-08-23T02:19:01Z,IL,IL00039IS008500026,2026-08-23T02:18:59Z,Unknown,42,Unknown,True,False,
2026-08-23T02:19:01Z,IL,IL00070IW002700015,2026-08-23T02:18:59Z,Unknown,0,Unknown,True,False,
2026-08-23T02:19:01Z,IL,IL00074IE011400005,2026-08-23T02:18:48Z,Unknown,25,Unknown,True,False,
2026-08-23T02:19:01Z,IL,IL00074IW006200004,2026-08-23T02:18:48Z,7,12,STEADY,True,True,
2026-08-23T02:19:01Z,IL,IL00070IW008700045,2026-08-23T02:15:55Z,3,15,FILLING,True,True,
2026-08-23T02:19:01Z,IL,IL00057IS016500018,2026-08-23T02:18:52Z,0,15,STEADY,True,True,
2026-08-23T02:19:01Z,IL,IL00074IW011400006,2026-08-23T02:18:54Z,15,18,STEADY,True,True,
2026-08-23T02:19:01Z,IL,IL00074IE006200001,2026-08-23T02:18:55Z,8,13,FILLING,True,True,
2026-08-23T02:19:01Z,IL,IL00070IW014900008,2026-08-23T02:18:47Z,Unknown,39,Unknown,True,False,
2026-08-23T02:19:01Z,IL,IL00057IN016500044,2026-08-23T02:15:17Z,0,15,STEADY,False,False,
2026-08-23T02:19:01Z,IL,IL00055IS010400024,2026-08-23T02:15:17Z,Unknown,0,STEADY,,False,
2026-08-23T02:19:01Z,IL,IL00057IS003200025,2026-08-23T02:15:17Z,Unknown,0,STEADY,,False,
2026-08-23T02:19:01Z,IL,IL00057IN003200035,2026-08-23T02:15:18Z,Unknown,17,STEADY,,False,
2026-08-23T02:19:01Z,IN,322,2026-08-22T22:05:00-04:00,61,75,,True,false,
2026-08-23T02:19:01Z,IN,317,2026-08-22T22:05:00-04:00,8,58,,True,true,
2026-08-23T02:19:01Z,IN,316,2026-08-22T22:05:00-04:00,20,58,,True,false,
2026-08-23T02:19:01Z,IN,315,2026-08-22T22:05:00-04:00,Unknown,36,,False,true,
2026-08-23T02:19:01Z,IN,314,2026-08-22T22:05:00-04:00,Unknown,36,,False,true,
2026-08-23T02:19:01Z,IN,313,2026-08-22T22:05:00-04:00,LOW,75,,True,true,
2026-08-23T02:19:01Z,IN,312,2026-08-22T22:05:00-04:00,LOW,75,,True,true,
2026-08-23T02:19:01Z,IN,311,2026-08-22T22:05:00-04:00,Unknown,13,,False,true,
2026-08-23T02:19:01Z,IN,310,2026-08-22T22:05:00-04:00,Unknown,13,,False,true,
2026-08-23T02:19:01Z,IN,308,2026-08-22T22:05:00-04:00,34,75,,True,true,
2026-08-23T02:19:01Z,IN,309,2026-08-22T22:05:00-04:00,109,150,,True,true,
2026-08-23T02:19:01Z,IN,318,2026-08-22T22:05:00-04:00,18,78,,True,true,
2026-08-23T02:19:01Z,IN,319,2026-08-22T22:05:00-04:00,22,78,,True,true,
2026-08-23T02:19:01Z,IN,320,2026-08-22T22:05:00-04:00,31,83,,True,true,
2026-08-23T02:19:01Z,IN,321,2026-08-22T22:05:00-04:00,21,41,,True,false,
2026-08-23T02:19:01Z,IN,300,2026-08-22T22:05:00-04:00,56,128,,True,false,
2026-08-23T02:19:01Z,IN,302,2026-08-22T22:05:00-04:00,LOW,30,,True,true,
2026-08-23T02:19:01Z,IN,301,2026-08-22T22:05:00-04:00,LOW,30,,True,true,
2026-08-23T02:19:01Z,IN,303,2026-08-22T22:05:00-04:00,93,194,,True,true,
2026-08-23T02:19:01Z,IN,304,2026-08-22T22:05:00-04:00,36,99,,True,true,
2026-08-23T02:19:01Z,IN,305,2026-08-22T22:05:00-04:00,Unknown,156,,False,true,
2026-08-23T02:19:01Z,IN,323,2026-08-22T22:05:00-04:00,20,40,,True,true,
2026-08-23T02:19:01Z,IN,702,2026-08-22T22:05:00-04:00,38,75,,True,false,
2026-08-23T02:19:01Z,IN,701,2026-08-22T22:05:00-04:00,30,60,,True,false,
2026-08-23T02:19:01Z,IN,704,2026-08-22T22:05:00-04:00,40,80,,True,false,
2026-08-23T02:19:01Z,IN,703,2026-08-22T22:05:00-04:00,55,110,,True,false,
2026-08-23T02:19:01Z,IN,706,2026-08-22T22:05:00-04:00,35,70,,True,false,
2026-08-23T02:19:01Z,IN,705,2026-08-22T22:05:00-04:00,30,60,,True,false,
2026-08-23T02:19:01Z,IN,708,2026-08-22T22:05:00-04:00,23,45,,True,false,
2026-08-23T02:19:01Z,IN,707,2026-08-22T22:05:00-04:00,20,40,,True,false,
2026-08-23T02:19:01Z,IN,324,2026-08-22T22:05:00-04:00,16,31,,True,true,
2026-08-23T02:19:01Z,KY,KY00065IS0000020N65WELCOM,2026-08-23T02:18:02Z,LOW,21,STEADY,True,True,
2026-08-23T02:19:01Z,KY,KY00065IS000020NSMARATHON,2025-12-19T00:36:53Z,10,60,STEADY,True,False,
2026-08-23T02:19:01Z,KY,KY00065IS0000340NWEIGHS34,2026-07-01T19:04:41Z,33,40,STEADY,True,False,
2026-08-23T02:19:01Z,KY,KY00065IS0011400S65SRA114,2026-08-23T02:18:09Z,13,26,FILLING,True,True,
2026-08-23T02:19:01Z,KY,KY00065IS0005900S65SRA059,2026-08-23T02:18:08Z,80,109,STEADY,True,True,
2026-08-23T02:19:01Z,KY,KY00065IS0005900N65NRA059,2026-08-17T17:24:33Z,13,113,STEADY,True,False,
2026-08-23T02:19:01Z,KY,KY00075IS0003300NWEIGHS33,2026-08-23T02:17:46Z,48,50,STEADY,True,True,
2026-08-23T02:19:01Z,KY,KY00075IS0003400SWEIGHS34,2026-08-23T02:17:50Z,LOW,40,STEADY,True,True,
2026-08-23T02:19:01Z,KY,KY00075IS0017700N75NRA177,2026-07-13T10:37:14Z,LOW,53,CLEARING,True,False,
2026-08-23T02:19:01Z,KY,KY00075IS0007500SWALTONWS,2026-08-23T02:17:56Z,42,45,STEADY,True,True,
2026-08-23T02:19:01Z,KY,KY00075IS0017700S75SRA177,2026-08-23T02:17:48Z,47,67,STEADY,True,True,
2026-08-23T02:19:01Z,KY,KY00075IS0016800SCRITENWS,2026-08-23T02:17:52Z,29,39,FILLING,True,True,
2026-08-23T02:19:01Z,KY,KY00075IS0000100N75WELCOM,2026-08-23T02:18:13Z,LOW,30,STEADY,True,True,
2026-08-23T02:19:06Z,IL,IL00064IE002500038,2026-08-23T02:18:57Z,Unknown,0,Unknown,True,False,
2026-08-23T02:19:06Z,IL,IL00055IN010400050,2026-08-23T02:18:58Z,0,0,Unknown,False,False,
2026-08-23T02:19:06Z,IL,IL00064IE008500039,2026-08-23T02:18:58Z,Unknown,0,Unknown,True,False,
2026-08-23T02:19:06Z,IL,IL00080IE005100040,2026-08-23T02:18:58Z,Unknown,39,Unknown,True,False,
2026-08-23T02:19:06Z,IL,IL00074IE015600037,2026-08-23T02:18:58Z,0,0,Unknown,False,False,
2026-08-23T02:19:06Z,IL,IL00057IS026800022,2026-08-23T02:18:58Z,Unknown,27,Unknown,True,False,
2026-08-23T02:19:06Z,IL,IL00055IN002700029,2026-08-23T02:18:58Z,Unknown,0,Unknown,True,False,
2026-08-23T02:19:06Z,IL,IL00074IW002800020,2026-08-23T02:18:58Z,Unknown,15,Unknown,True,False,
2026-08-23T02:19:06Z,IL,IL00064IW008500012,2026-08-23T02:18:58Z,Unknown,0,Unknown,True,False,
2026-08-23T02:19:06Z,IL,IL00074IW015600009,2026-08-23T02:18:58Z,0,0,Unknown,False,False,
2026-08-23T02:19:06Z,IL,IL00057IN022200048,2026-08-23T02:18:58Z,Unknown,0,Unknown,True,False,
2026-08-23T02:19:06Z,IL,IL00055IS006400017,2026-08-23T02:18:58Z,Unknown,0,Unknown,True,False,
2026-08-23T02:19:06Z,IL,IL00055IN006400027,2026-08-23T02:18:58Z,Unknown,0,Unknown,True,False,
2026-08-23T02:19:06Z,IL,IL00055IS002700019,2026-08-23T02:18:58Z,Unknown,0,Unknown,True,False,
2026-08-23T02:19:06Z,IL,IL00074IW020800052,2026-08-23T02:18:58Z,Unknown,0,Unknown,True,False,
2026-08-23T02:19:06Z,IL,IL00055IS019400021,2026-08-23T02:18:58Z,Unknown,29,Unknown,True,False,
2026-08-23T02:19:06Z,IL,IL00057IS033300046,2026-08-23T02:18:59Z,Unknown,0,Unknown,True,False,
2026-08-23T02:19:06Z,IL,IL00080IW011700016,2026-08-23T02:18:59Z,0,39,Unknown,False,False,
2026-08-23T02:19:06Z,IL,IL00070IE002700042,2026-08-23T02:18:59Z,Unknown,0,Unknown,True,False,
2026-08-23T02:19:06Z,IL,IL00057IN026800032,2026-08-23T02:18:58Z,Unknown,25,Unknown,True,False,
2026-08-23T02:19:06Z,IL,IL00055IN019400031,2026-08-23T02:18:58Z,Unknown,36,Unknown,True,False,
2026-08-23T02:19:06Z,IL,IL00057IS022200054,2026-08-23T02:18:58Z,Unknown,0,Unknown,True,False,
2026-08-23T02:19:06Z,IL,IL00072IE015200041,2026-08-23T02:15:18Z,12,16,STEADY,True,True,
2026-08-23T02:19:06Z,IL,IL00064IW013000053,2026-08-23T02:18:58Z,0,0,Unknown,False,False,
2026-08-23T02:19:06Z,IL,IL00057IS011400023,2026-08-23T02:18:58Z,Unknown,0,Unknown,True,False,
2026-08-23T02:19:06Z,IL,IL00024IW003700010,2026-08-23T02:18:58Z,Unknown,0,Unknown,True,False,
2026-08-23T02:19:06Z,IL,IL00064IW002500011,2026-08-23T02:18:59Z,Unknown,0,Unknown,True,False,
2026-08-23T02:19:06Z,IL,IL00080IW005100013,2026-08-23T02:18:59Z,Unknown,47,Unknown,True,False,
2026-08-23T02:19:06Z,IL,IL00055IN014900028,2026-08-23T02:18:59Z,Unknown,0,Unknown,True,False,
2026-08-23T02:19:06Z,IL,IL00072IW015200014,2026-08-23T02:18:59Z,Unknown,17,Unknown,True,False,
2026-08-23T02:19:06Z,IL,IL00057IN011400033,2026-08-23T02:18:59Z,Unknown,0,Unknown,True,False,
2026-08-23T02:19:06Z,IL,IL00080IE011700043,2026-08-23T02:18:59Z,Unknown,31,Unknown,True,False,
2026-08-23T02:19:06Z,IL,IL00039IN008500036,2026-08-23T02:18:59Z,Unknown,42,Unknown,True,False,
2026-08-23T02:19:06Z,IL,IL00057IN007900034,2026-08-23T02:18:59Z,Unknown,0,Unknown,True,False,
2026-08-23T02:19:06Z,IL,IL00057IN033300049,2026-08-23T02:18:59Z,Unknown,0,Unknown,True,False,
2026-08-23T02:19:06Z,IL,IL00070IE008600051,2026-08-23T02:18:59Z,0,0,Unknown,False,False,
2026-08-23T02:19:06Z,IL,IL00057IS007900047,2026-08-23T02:18:59Z,Unknown,0,Unknown,True,False,
2026-08-23T02:19:06Z,IL,IL00074IE002800030,2026-08-23T02:18:59Z,Unknown,14,Unknown,True,False,
2026-08-23T02:19:06Z,IL,IL00039IS008500026,2026-08-23T02:18:59Z,Unknown,42,Unknown,True,False,
2026-08-23T02:19:06Z,IL,IL00070IW002700015,2026-08-23T02:18:59Z,Unknown,0,Unknown,True,False,
2026-08-23T02:19:06Z,IL,IL00074IE011400005,2026-08-23T02:19:05Z,Unknown,25,Unknown,True,False,
2026-08-23T02:19:06Z,IL,IL00074IW006200004,2026-08-23T02:18:48Z,7,12,STEADY,True,True,
2026-08-23T02:19:06Z,IL,IL00070IW008700045,2026-08-23T02:15:55Z,3,15,FILLING,True,True,
2026-08-23T02:19:06Z,IL,IL00057IS016500018,2026-08-23T02:18:52Z,0,15,STEADY,True,True,
2026-08-23T02:19:06Z,IL,IL00074IW011400006,2026-08-23T02:18:54Z,15,18,STEADY,True,True,
2026-08-23T02:19:06Z,IL,IL00074IE006200001,2026-08-23T02:18:55Z,8,13,FILLING,True,True,
2026-08-23T02:19:06Z,IL,IL00070IW014900008,2026-08-23T02:18:47Z,Unknown,39,Unknown,True,False,
2026-08-23T02:19:06Z,IL,IL00057IN016500044,2026-08-23T02:15:17Z,0,15,STEADY,False,False,
2026-08-23T02:19:06Z,IL,IL00055IS010400024,2026-08-23T02:15:17Z,Unknown,0,STEADY,,False,
2026-08-23T02:19:06Z,IL,IL00057IS003200025,2026-08-23T02:15:17Z,Unknown,0,STEADY,,False,
2026-08-23T02:19:06Z,IL,IL00057IN003200035,2026-08-23T02:15:18Z,Unknown,17,STEADY,,False,
2026-08-23T02:19:06Z,IN,322,2026-08-22T22:05:00-04:00,61,75,,True,false,
2026-08-23T02:19:06Z,IN,317,2026-08-22T22:05:00-04:00,8,58,,True,true,
2026-08-23T02:19:06Z,IN,316,2026-08-22T22:05:00-04:00,20,58,,True,false,
2026-08-23T02:19:06Z,IN,315,2026-08-22T22:05:00-04:00,Unknown,36,,False,true,
2026-08-23T02:19:06Z,IN,314,2026-08-22T22:05:00-04:00,Unknown,36,,False,true,
2026-08-23T02:19:06Z,IN,313,2026-08-22T22:05:00-04:00,LOW,75,,True,true,
2026-08-23T02:19:06Z,IN,312,2026-08-22T22:05:00-04:00,LOW,75,,True,true,
2026-08-23T02:19:06Z,IN,311,2026-08-22T22:05:00-04:00,Unknown,13,,False,true,
2026-08-23T02:19:06Z,IN,310,2026-08-22T22:05:00-04:00,Unknown,13,,False,true,
2026-08-23T02:19:06Z,IN,308,2026-08-22T22:05:00-04:00,34,75,,True,true,
2026-08-23T02:19:06Z,IN,309,2026-08-22T22:05:00-04:00,109,150,,True,true,
2026-08-23T02:19:06Z,IN,318,2026-08-22T22:05:00-04:00,18,78,,True,true,
2026-08-23T02:19:06Z,IN,319,2026-08-22T22:05:00-04:00,22,78,,True,true,
2026-08-23T02:19:06Z,IN,320,2026-08-22T22:05:00-04:00,31,83,,True,true,
2026-08-23T02:19:06Z,IN,321,2026-08-22T22:05:00-04:00,21,41,,True,false,
2026-08-23T02:19:06Z,IN,300,2026-08-22T22:05:00-04:00,56,128,,True,false,
2026-08-23T02:19:06Z,IN,302,2026-08-22T22:05:00-04:00,LOW,30,,True,true,
2026-08-23T02:19:06Z,IN,301,2026-08-22T22:05:00-04:00,LOW,30,,True,true,
2026-08-23T02:19:06Z,IN,303,2026-08-22T22:05:00-04:00,93,194,,True,true,
2026-08-23T02:19:06Z,IN,304,2026-08-22T22:05:00-04:00,36,99,,True,true,
2026-08-23T02:19:06Z,IN,305,2026-08-22T22:05:00-04:00,Unknown,156,,False,true,
2026-08-23T02:19:06Z,IN,323,2026-08-22T22:05:00-04:00,20,40,,True,true,
2026-08-23T02:19:06Z,IN,702,2026-08-22T22:05:00-04:00,38,75,,True,false,
2026-08-23T02:19:06Z,IN,701,2026-08-22T22:05:00-04:00,30,60,,True,false,
2026-08-23T02:19:06Z,IN,704,2026-08-22T22:05:00-04:00,40,80,,True,false,
2026-08-23T02:19:06Z,IN,703,2026-08-22T22:05:00-04:00,55,110,,True,false,
2026-08-23T02:19:06Z,IN,706,2026-08-22T22:05:00-04:00,35,70,,True,false,
2026-08-23T02:19:06Z,IN,705,2026-08-22T22:05:00-04:00,30,60,,True,false,
2026-08-23T02:19:06Z,IN,708,2026-08-22T22:05:00-04:00,23,45,,True,false,
2026-08-23T02:19:06Z,IN,707,2026-08-22T22:05:00-04:00,20,40,,True,false,
2026-08-23T02:19:06Z,IN,324,2026-08-22T22:05:00-04:00,16,31,,True,true,
2026-08-23T02:19:06Z,KY,KY00065IS0000020N65WELCOM,2026-08-23T02:18:02Z,LOW,21,STEADY,True,True,
2026-08-23T02:19:06Z,KY,KY00065IS000020NSMARATHON,2025-12-19T00:36:53Z,10,60,STEADY,True,False,
2026-08-23T02:19:06Z,KY,KY00065IS0000340NWEIGHS34,2026-07-01T19:04:41Z,33,40,STEADY,True,False,
2026-08-23T02:19:06Z,KY,KY00065IS0011400S65SRA114,2026-08-23T02:18:09Z,13,26,FILLING,True,True,
2026-08-23T02:19:06Z,KY,KY00065IS0005900S65SRA059,2026-08-23T02:18:08Z,80,109,STEADY,True,True,
2026-08-23T02:19:06Z,KY,KY00065IS0005900N65NRA059,2026-08-17T17:24:33Z,13,113,STEADY,True,False,
2026-08-23T02:19:06Z,KY,KY00075IS0003300NWEIGHS33,2026-08-23T02:17:46Z,48,50,STEADY,True,True,
2026-08-23T02:19:06Z,KY,KY00075IS0003400SWEIGHS34,2026-08-23T02:17:50Z,LOW,40,STEADY,True,True,
2026-08-23T02:19:06Z,KY,KY00075IS0017700N75NRA177,2026-07-13T10:37:14Z,LOW,53,CLEARING,True,False,
2026-08-23T02:19:06Z,KY,KY00075IS0007500SWALTONWS,2026-08-23T02:17:56Z,42,45,STEADY,True,True,
2026-08-23T02:19:06Z,KY,KY00075IS0017700S75SRA177,2026-08-23T02:17:48Z,47,67,STEADY,True,True,
2026-08-23T02:19:06Z,KY,KY00075IS0016800SCRITENWS,2026-08-23T02:17:52Z,29,39,FILLING,True,True,
2026-08-23T02:19:06Z,KY,KY00075IS0000100N75WELCOM,2026-08-23T02:18:13Z,LOW,30,STEADY,True,True,
2026-08-23T02:19:11Z,IL,IL00064IE002500038,2026-08-23T02:18:57Z,Unknown,0,Unknown,True,False,
2026-08-23T02:19:11Z,IL,IL00055IN010400050,2026-08-23T02:18:58Z,0,0,Unknown,False,False,
2026-08-23T02:19:11Z,IL,IL00064IE008500039,2026-08-23T02:18:58Z,Unknown,0,Unknown,True,False,
2026-08-23T02:19:11Z,IL,IL00080IE005100040,2026-08-23T02:18:58Z,Unknown,39,Unknown,True,False,
2026-08-23T02:19:11Z,IL,IL00074IE015600037,2026-08-23T02:18:58Z,0,0,Unknown,False,False,
2026-08-23T02:19:11Z,IL,IL00057IS026800022,2026-08-23T02:18:58Z,Unknown,27,Unknown,True,False,
2026-08-23T02:19:11Z,IL,IL00055IN002700029,2026-08-23T02:18:58Z,Unknown,0,Unknown,True,False,
2026-08-23T02:19:11Z,IL,IL00074IW002800020,2026-08-23T02:18:58Z,Unknown,15,Unknown,True,False,
2026-08-23T02:19:11Z,IL,IL00064IW008500012,2026-08-23T02:18:58Z,Unknown,0,Unknown,True,False,
2026-08-23T02:19:11Z,IL,IL00074IW015600009,2026-08-23T02:18:58Z,0,0,Unknown,False,False,
2026-08-23T02:19:11Z,IL,IL00057IN022200048,2026-08-23T02:18:58Z,Unknown,0,Unknown,True,False,
2026-08-23T02:19:11Z,IL,IL00055IS006400017,2026-08-23T02:18:58Z,Unknown,0,Unknown,True,False,
2026-08-23T02:19:11Z,IL,IL00055IN006400027,2026-08-23T02:18:58Z,Unknown,0,Unknown,True,False,
2026-08-23T02:19:11Z,IL,IL00055IS002700019,2026-08-23T02:18:58Z,Unknown,0,Unknown,True,False,
2026-08-23T02:19:11Z,IL,IL00074IW020800052,2026-08-23T02:18:58Z,Unknown,0,Unknown,True,False,
2026-08-23T02:19:11Z,IL,IL00055IS019400021,2026-08-23T02:18:58Z,Unknown,29,Unknown,True,False,
2026-08-23T02:19:11Z,IL,IL00057IS033300046,2026-08-23T02:18:59Z,Unknown,0,Unknown,True,False,
2026-08-23T02:19:11Z,IL,IL00080IW011700016,2026-08-23T02:18:59Z,0,39,Unknown,False,False,
2026-08-23T02:19:11Z,IL,IL00070IE002700042,2026-08-23T02:18:59Z,Unknown,0,Unknown,True,False,
2026-08-23T02:19:11Z,IL,IL00057IN026800032,2026-08-23T02:18:58Z,Unknown,25,Unknown,True,False,
2026-08-23T02:19:11Z,IL,IL00055IN019400031,2026-08-23T02:18:58Z,Unknown,36,Unknown,True,False,
2026-08-23T02:19:11Z,IL,IL00057IS022200054,2026-08-23T02:18:58Z,Unknown,0,Unknown,True,False,
2026-08-23T02:19:11Z,IL,IL00072IE015200041,2026-08-23T02:15:18Z,12,16,STEADY,True,True,
2026-08-23T02:19:11Z,IL,IL00064IW013000053,2026-08-23T02:18:58Z,0,0,Unknown,False,False,
2026-08-23T02:19:11Z,IL,IL00057IS011400023,2026-08-23T02:18:58Z,Unknown,0,Unknown,True,False,
2026-08-23T02:19:11Z,IL,IL00024IW003700010,2026-08-23T02:18:58Z,Unknown,0,Unknown,True,False,
2026-08-23T02:19:11Z,IL,IL00064IW002500011,2026-08-23T02:18:59Z,Unknown,0,Unknown,True,False,
2026-08-23T02:19:11Z,IL,IL00080IW005100013,2026-08-23T02:18:59Z,Unknown,47,Unknown,True,False,
2026-08-23T02:19:11Z,IL,IL00055IN014900028,2026-08-23T02:18:59Z,Unknown,0,Unknown,True,False,
2026-08-23T02:19:11Z,IL,IL00072IW015200014,2026-08-23T02:18:59Z,Unknown,17,Unknown,True,False,
2026-08-23T02:19:11Z,IL,IL00057IN011400033,2026-08-23T02:18:59Z,Unknown,0,Unknown,True,False,
2026-08-23T02:19:11Z,IL,IL00080IE011700043,2026-08-23T02:18:59Z,Unknown,31,Unknown,True,False,
2026-08-23T02:19:11Z,IL,IL00039IN008500036,2026-08-23T02:18:59Z,Unknown,42,Unknown,True,False,
2026-08-23T02:19:11Z,IL,IL00057IN007900034,2026-08-23T02:18:59Z,Unknown,0,Unknown,True,False,
2026-08-23T02:19:11Z,IL,IL00057IN033300049,2026-08-23T02:18:59Z,Unknown,0,Unknown,True,False,
2026-08-23T02:19:11Z,IL,IL00070IE008600051,2026-08-23T02:18:59Z,0,0,Unknown,False,False,
2026-08-23T02:19:11Z,IL,IL00057IS007900047,2026-08-23T02:18:59Z,Unknown,0,Unknown,True,False,
2026-08-23T02:19:11Z,IL,IL00074IE002800030,2026-08-23T02:18:59Z,Unknown,14,Unknown,True,False,
2026-08-23T02:19:11Z,IL,IL00039IS008500026,2026-08-23T02:18:59Z,Unknown,42,Unknown,True,False,
2026-08-23T02:19:11Z,IL,IL00070IW002700015,2026-08-23T02:18:59Z,Unknown,0,Unknown,True,False,
2026-08-23T02:19:11Z,IL,IL00074IE011400005,2026-08-23T02:19:05Z,Unknown,25,Unknown,True,False,
2026-08-23T02:19:11Z,IL,IL00074IW006200004,2026-08-23T02:18:48Z,7,12,STEADY,True,True,
2026-08-23T02:19:11Z,IL,IL00070IW008700045,2026-08-23T02:15:55Z,3,15,FILLING,True,True,
2026-08-23T02:19:11Z,IL,IL00057IS016500018,2026-08-23T02:18:52Z,0,15,STEADY,True,True,
2026-08-23T02:19:11Z,IL,IL00074IW011400006,2026-08-23T02:18:54Z,15,18,STEADY,True,True,
2026-08-23T02:19:11Z,IL,IL00074IE006200001,2026-08-23T02:18:55Z,8,13,FILLING,True,True,
2026-08-23T02:19:11Z,IL,IL00070IW014900008,2026-08-23T02:18:47Z,Unknown,39,Unknown,True,False,
2026-08-23T02:19:11Z,IL,IL00057IN016500044,2026-08-23T02:19:08Z,0,15,STEADY,False,False,
2026-08-23T02:19:11Z,IL,IL00055IS010400024,2026-08-23T02:15:17Z,Unknown,0,STEADY,,False,
2026-08-23T02:19:11Z,IL,IL00057IS003200025,2026-08-23T02:15:17Z,Unknown,0,STEADY,,False,
2026-08-23T02:19:11Z,IL,IL00057IN003200035,2026-08-23T02:15:18Z,Unknown,17,STEADY,,False,
2026-08-23T02:19:11Z,IN,322,2026-08-22T22:05:00-04:00,61,75,,True,false,
2026-08-23T02:19:11Z,IN,317,2026-08-22T22:05:00-04:00,8,58,,True,true,
2026-08-23T02:19:11Z,IN,316,2026-08-22T22:05:00-04:00,20,58,,True,false,
2026-08-23T02:19:11Z,IN,315,2026-08-22T22:05:00-04:00,Unknown,36,,False,true,
2026-08-23T02:19:11Z,IN,314,2026-08-22T22:05:00-04:00,Unknown,36,,False,true,
2026-08-23T02:19:11Z,IN,313,2026-08-22T22:05:00-04:00,LOW,75,,True,true,
2026-08-23T02:19:11Z,IN,312,2026-08-22T22:05:00-04:00,LOW,75,,True,true,
2026-08-23T02:19:11Z,IN,311,2026-08-22T22:05:00-04:00,Unknown,13,,False,true,
2026-08-23T02:19:11Z,IN,310,2026-08-22T22:05:00-04:00,Unknown,13,,False,true,
2026-08-23T02:19:11Z,IN,308,2026-08-22T22:05:00-04:00,34,75,,True,true,
2026-08-23T02:19:11Z,IN,309,2026-08-22T22:05:00-04:00,109,150,,True,true,
2026-08-23T02:19:11Z,IN,318,2026-08-22T22:05:00-04:00,18,78,,True,true,
2026-08-23T02:19:11Z,IN,319,2026-08-22T22:05:00-04:00,22,78,,True,true,
2026-08-23T02:19:11Z,IN,320,2026-08-22T22:05:00-04:00,31,83,,True,true,
2026-08-23T02:19:11Z,IN,321,2026-08-22T22:05:00-04:00,21,41,,True,false,
2026-08-23T02:19:11Z,IN,300,2026-08-22T22:05:00-04:00,56,128,,True,false,
2026-08-23T02:19:11Z,IN,302,2026-08-22T22:05:00-04:00,LOW,30,,True,true,
2026-08-23T02:19:11Z,IN,301,2026-08-22T22:05:00-04:00,LOW,30,,True,true,
2026-08-23T02:19:11Z,IN,303,2026-08-22T22:05:00-04:00,93,194,,True,true,
2026-08-23T02:19:11Z,IN,304,2026-08-22T22:05:00-04:00,36,99,,True,true,
2026-08-23T02:19:11Z,IN,305,2026-08-22T22:05:00-04:00,Unknown,156,,False,true,
2026-08-23T02:19:11Z,IN,323,2026-08-22T22:05:00-04:00,20,40,,True,true,
2026-08-23T02:19:11Z,IN,702,2026-08-22T22:05:00-04:00,38,75,,True,false,
2026-08-23T02:19:11Z,IN,701,2026-08-22T22:05:00-04:00,30,60,,True,false,
2026-08-23T02:19:11Z,IN,704,2026-08-22T22:05:00-04:00,40,80,,True,false,
2026-08-23T02:19:11Z,IN,703,2026-08-22T22:05:00-04:00,55,110,,True,false,
2026-08-23T02:19:11Z,IN,706,2026-08-22T22:05:00-04:00,35,70,,True,false,
2026-08-23T02:19:11Z,IN,705,2026-08-22T22:05:00-04:00,30,60,,True,false,
2026-08-23T02:19:11Z,IN,708,2026-08-22T22:05:00-04:00,23,45,,True,false,
2026-08-23T02:19:11Z,IN,707,2026-08-22T22:05:00-04:00,20,40,,True,false,
2026-08-23T02:19:11Z,IN,324,2026-08-22T22:05:00-04:00,16,31,,True,true,
2026-08-23T02:19:11Z,KY,KY00065IS0000020N65WELCOM,2026-08-23T02:18:02Z,LOW,21,STEADY,True,True,
2026-08-23T02:19:11Z,KY,KY00065IS000020NSMARATHON,2025-12-19T00:36:53Z,10,60,STEADY,True,False,
2026-08-23T02:19:11Z,KY,KY00065IS0000340NWEIGHS34,2026-07-01T19:04:41Z,33,40,STEADY,True,False,
2026-08-23T02:19:11Z,KY,KY00065IS0011400S65SRA114,2026-08-23T02:18:09Z,13,26,FILLING,True,True,
2026-08-23T02:19:11Z,KY,KY00065IS0005900S65SRA059,2026-08-23T02:18:08Z,80,109,STEADY,True,True,
2026-08-23T02:19:11Z,KY,KY00065IS0005900N65NRA059,2026-08-17T17:24:33Z,13,113,STEADY,True,False,
2026-08-23T02:19:11Z,KY,KY00075IS0003300NWEIGHS33,2026-08-23T02:17:46Z,48,50,STEADY,True,True,
2026-08-23T02:19:11Z,KY,KY00075IS0003400SWEIGHS34,2026-08-23T02:17:50Z,LOW,40,STEADY,True,True,
2026-08-23T02:19:11Z,KY,KY00075IS0017700N75NRA177,2026-07-13T10:37:14Z,LOW,53,CLEARING,True,False,
2026-08-23T02:19:11Z,KY,KY00075IS0007500SWALTONWS,2026-08-23T02:17:56Z,42,45,STEADY,True,True,
2026-08-23T02:19:11Z,KY,KY00075IS0017700S75SRA177,2026-08-23T02:17:48Z,47,67,STEADY,True,True,
2026-08-23T02:19:11Z,KY,KY00075IS0016800SCRITENWS,2026-08-23T02:17:52Z,29,39,FILLING,True,True,
2026-08-23T02:19:11Z,KY,KY00075IS0000100N75WELCOM,2026-08-23T02:18:13Z,LOW,30,STEADY,True,True,
2026-08-23T02:19:16Z,IL,IL00064IE002500038,2026-08-23T02:18:57Z,Unknown,0,Unknown,True,False,
2026-08-23T02:19:16Z,IL,IL00055IN010400050,2026-08-23T02:18:58Z,0,0,Unknown,False,False,
2026-08-23T02:19:16Z,IL,IL00064IE008500039,2026-08-23T02:18:58Z,Unknown,0,Unknown,True,False,
2026-08-23T02:19:16Z,IL,IL00080IE005100040,2026-08-23T02:18:58Z,Unknown,39,Unknown,True,False,
2026-08-23T02:19:16Z,IL,IL00074IE015600037,2026-08-23T02:18:58Z,0,0,Unknown,False,False,
2026-08-23T02:19:16Z,IL,IL00057IS026800022,2026-08-23T02:18:58Z,Unknown,27,Unknown,True,False,
2026-08-23T02:19:16Z,IL,IL00055IN002700029,2026-08-23T02:18:58Z,Unknown,0,Unknown,True,False,
2026-08-23T02:19:16Z,IL,IL00074IW002800020,2026-08-23T02:18:58Z,Unknown,15,Unknown,True,False,
2026-08-23T02:19:16Z,IL,IL00064IW008500012,2026-08-23T02:18:58Z,Unknown,0,Unknown,True,False,
2026-08-23T02:19:16Z,IL,IL00074IW015600009,2026-08-23T02:18:58Z,0,0,Unknown,False,False,
2026-08-23T02:19:16Z,IL,IL00057IN022200048,2026-08-23T02:18:58Z,Unknown,0,Unknown,True,False,
2026-08-23T02:19:16Z,IL,IL00055IS006400017,2026-08-23T02:18:58Z,Unknown,0,Unknown,True,False,
2026-08-23T02:19:16Z,IL,IL00055IN006400027,2026-08-23T02:18:58Z,Unknown,0,Unknown,True,False,
2026-08-23T02:19:16Z,IL,IL00055IS002700019,2026-08-23T02:18:58Z,Unknown,0,Unknown,True,False,
2026-08-23T02:19:16Z,IL,IL00074IW020800052,2026-08-23T02:18:58Z,Unknown,0,Unknown,True,False,
2026-08-23T02:19:16Z,IL,IL00055IS019400021,2026-08-23T02:18:58Z,Unknown,29,Unknown,True,False,
2026-08-23T02:19:16Z,IL,IL00057IS033300046,2026-08-23T02:18:59Z,Unknown,0,Unknown,True,False,
2026-08-23T02:19:16Z,IL,IL00080IW011700016,2026-08-23T02:18:59Z,0,39,Unknown,False,False,
2026-08-23T02:19:16Z,IL,IL00070IE002700042,2026-08-23T02:18:59Z,Unknown,0,Unknown,True,False,
2026-08-23T02:19:16Z,IL,IL00057IN026800032,2026-08-23T02:18:58Z,Unknown,25,Unknown,True,False,
2026-08-23T02:19:16Z,IL,IL00055IN019400031,2026-08-23T02:18:58Z,Unknown,36,Unknown,True,False,
2026-08-23T02:19:16Z,IL,IL00057IS022200054,2026-08-23T02:18:58Z,Unknown,0,Unknown,True,False,
2026-08-23T02:19:16Z,IL,IL00072IE015200041,2026-08-23T02:15:18Z,12,16,STEADY,True,True,
2026-08-23T02:19:16Z,IL,IL00064IW013000053,2026-08-23T02:18:58Z,0,0,Unknown,False,False,
2026-08-23T02:19:16Z,IL,IL00057IS011400023,2026-08-23T02:18:58Z,Unknown,0,Unknown,True,False,
2026-08-23T02:19:16Z,IL,IL00024IW003700010,2026-08-23T02:18:58Z,Unknown,0,Unknown,True,False,
2026-08-23T02:19:16Z,IL,IL00064IW002500011,2026-08-23T02:18:59Z,Unknown,0,Unknown,True,False,
2026-08-23T02:19:16Z,IL,IL00080IW005100013,2026-08-23T02:18:59Z,Unknown,47,Unknown,True,False,
2026-08-23T02:19:16Z,IL,IL00055IN014900028,2026-08-23T02:18:59Z,Unknown,0,Unknown,True,False,
2026-08-23T02:19:16Z,IL,IL00072IW015200014,2026-08-23T02:18:59Z,Unknown,17,Unknown,True,False,
2026-08-23T02:19:16Z,IL,IL00057IN011400033,2026-08-23T02:18:59Z,Unknown,0,Unknown,True,False,
2026-08-23T02:19:16Z,IL,IL00080IE011700043,2026-08-23T02:18:59Z,Unknown,31,Unknown,True,False,
2026-08-23T02:19:16Z,IL,IL00039IN008500036,2026-08-23T02:18:59Z,Unknown,42,Unknown,True,False,
2026-08-23T02:19:16Z,IL,IL00057IN007900034,2026-08-23T02:18:59Z,Unknown,0,Unknown,True,False,
2026-08-23T02:19:16Z,IL,IL00057IN033300049,2026-08-23T02:18:59Z,Unknown,0,Unknown,True,False,
2026-08-23T02:19:16Z,IL,IL00070IE008600051,2026-08-23T02:18:59Z,0,0,Unknown,False,False,
2026-08-23T02:19:16Z,IL,IL00057IS007900047,2026-08-23T02:18:59Z,Unknown,0,Unknown,True,False,
2026-08-23T02:19:16Z,IL,IL00074IE002800030,2026-08-23T02:18:59Z,Unknown,14,Unknown,True,False,
2026-08-23T02:19:16Z,IL,IL00039IS008500026,2026-08-23T02:18:59Z,Unknown,42,Unknown,True,False,
2026-08-23T02:19:16Z,IL,IL00070IW002700015,2026-08-23T02:18:59Z,Unknown,0,Unknown,True,False,
2026-08-23T02:19:16Z,IL,IL00074IE011400005,2026-08-23T02:19:05Z,Unknown,25,Unknown,True,False,
2026-08-23T02:19:16Z,IL,IL00074IW006200004,2026-08-23T02:18:48Z,7,12,STEADY,True,True,
2026-08-23T02:19:16Z,IL,IL00070IW008700045,2026-08-23T02:15:55Z,3,15,FILLING,True,True,
2026-08-23T02:19:16Z,IL,IL00057IS016500018,2026-08-23T02:18:52Z,0,15,STEADY,True,True,
2026-08-23T02:19:16Z,IL,IL00074IW011400006,2026-08-23T02:18:54Z,15,18,STEADY,True,True,
2026-08-23T02:19:16Z,IL,IL00074IE006200001,2026-08-23T02:18:55Z,8,13,FILLING,True,True,
2026-08-23T02:19:16Z,IL,IL00070IW014900008,2026-08-23T02:18:47Z,Unknown,39,Unknown,True,False,
2026-08-23T02:19:16Z,IL,IL00057IN016500044,2026-08-23T02:19:08Z,0,15,STEADY,False,False,
2026-08-23T02:19:16Z,IL,IL00055IS010400024,2026-08-23T02:15:17Z,Unknown,0,STEADY,,False,
2026-08-23T02:19:16Z,IL,IL00057IS003200025,2026-08-23T02:15:17Z,Unknown,0,STEADY,,False,
2026-08-23T02:19:16Z,IL,IL00057IN003200035,2026-08-23T02:15:18Z,Unknown,17,STEADY,,False,
2026-08-23T02:19:16Z,IN,322,2026-08-22T22:05:00-04:00,61,75,,True,false,
2026-08-23T02:19:16Z,IN,317,2026-08-22T22:05:00-04:00,8,58,,True,true,
2026-08-23T02:19:16Z,IN,316,2026-08-22T22:05:00-04:00,20,58,,True,false,
2026-08-23T02:19:16Z,IN,315,2026-08-22T22:05:00-04:00,Unknown,36,,False,true,
2026-08-23T02:19:16Z,IN,314,2026-08-22T22:05:00-04:00,Unknown,36,,False,true,
2026-08-23T02:19:16Z,IN,313,2026-08-22T22:05:00-04:00,LOW,75,,True,true,
2026-08-23T02:19:16Z,IN,312,2026-08-22T22:05:00-04:00,LOW,75,,True,true,
2026-08-23T02:19:16Z,IN,311,2026-08-22T22:05:00-04:00,Unknown,13,,False,true,
2026-08-23T02:19:16Z,IN,310,2026-08-22T22:05:00-04:00,Unknown,13,,False,true,
2026-08-23T02:19:16Z,IN,308,2026-08-22T22:05:00-04:00,34,75,,True,true,
2026-08-23T02:19:16Z,IN,309,2026-08-22T22:05:00-04:00,109,150,,True,true,
2026-08-23T02:19:16Z,IN,318,2026-08-22T22:05:00-04:00,18,78,,True,true,
2026-08-23T02:19:16Z,IN,319,2026-08-22T22:05:00-04:00,22,78,,True,true,
2026-08-23T02:19:16Z,IN,320,2026-08-22T22:05:00-04:00,31,83,,True,true,
2026-08-23T02:19:16Z,IN,321,2026-08-22T22:05:00-04:00,21,41,,True,false,
2026-08-23T02:19:16Z,IN,300,2026-08-22T22:05:00-04:00,56,128,,True,false,
2026-08-23T02:19:16Z,IN,302,2026-08-22T22:05:00-04:00,LOW,30,,True,true,
2026-08-23T02:19:16Z,IN,301,2026-08-22T22:05:00-04:00,LOW,30,,True,true,
2026-08-23T02:19:16Z,IN,303,2026-08-22T22:05:00-04:00,93,194,,True,true,
2026-08-23T02:19:16Z,IN,304,2026-08-22T22:05:00-04:00,36,99,,True,true,
2026-08-23T02:19:16Z,IN,305,2026-08-22T22:05:00-04:00,Unknown,156,,False,true,
2026-08-23T02:19:16Z,IN,323,2026-08-22T22:05:00-04:00,20,40,,True,true,
2026-08-23T02:19:16Z,IN,702,2026-08-22T22:05:00-04:00,38,75,,True,false,
2026-08-23T02:19:16Z,IN,701,2026-08-22T22:05:00-04:00,30,60,,True,false,
2026-08-23T02:19:16Z,IN,704,2026-08-22T22:05:00-04:00,40,80,,True,false,
2026-08-23T02:19:16Z,IN,703,2026-08-22T22:05:00-04:00,55,110,,True,false,
2026-08-23T02:19:16Z,IN,706,2026-08-22T22:05:00-04:00,35,70,,True,false,
2026-08-23T02:19:16Z,IN,705,2026-08-22T22:05:00-04:00,30,60,,True,false,
2026-08-23T02:19:16Z,IN,708,2026-08-22T22:05:00-04:00,23,45,,True,false,
2026-08-23T02:19:16Z,IN,707,2026-08-22T22:05:00-04:00,20,40,,True,false,
2026-08-23T02:19:16Z,IN,324,2026-08-22T22:05:00-04:00,16,31,,True,true,
2026-08-23T02:19:16Z,KY,KY00065IS0000020N65WELCOM,2026-08-23T02:18:02Z,LOW,21,STEADY,True,True,
2026-08-23T02:19:16Z,KY,KY00065IS000020NSMARATHON,2025-12-19T00:36:53Z,10,60,STEADY,True,False,
2026-08-23T02:19:16Z,KY,KY00065IS0000340NWEIGHS34,2026-07-01T19:04:41Z,33,40,STEADY,True,False,
2026-08-23T02:19:16Z,KY,KY00065IS0011400S65SRA114,2026-08-23T02:18:09Z,13,26,FILLING,True,True,
2026-08-23T02:19:16Z,KY,KY00065IS0005900S65SRA059,2026-08-23T02:18:08Z,80,109,STEADY,True,True,
2026-08-23T02:19:16Z,KY,KY00065IS0005900N65NRA059,2026-08-17T17:24:33Z,13,113,STEADY,True,False,
2026-08-23T02:19:16Z,KY,KY00075IS0003300NWEIGHS33,2026-08-23T02:17:46Z,48,50,STEADY,True,True,
2026-08-23T02:19:16Z,KY,KY00075IS0003400SWEIGHS34,2026-08-23T02:17:50Z,LOW,40,STEADY,True,True,
2026-08-23T02:19:16Z,KY,KY00075IS0017700N75NRA177,2026-07-13T10:37:14Z,LOW,53,CLEARING,True,False,
2026-08-23T02:19:16Z,KY,KY00075IS0007500SWALTONWS,2026-08-23T02:17:56Z,42,45,STEADY,True,True,
2026-08-23T02:19:16Z,KY,KY00075IS0017700S75SRA177,2026-08-23T02:17:48Z,47,67,STEADY,True,True,
2026-08-23T02:19:16Z,KY,KY00075IS0016800SCRITENWS,2026-08-23T02:17:52Z,29,39,FILLING,True,True,
2026-08-23T02:19:16Z,KY,KY00075IS0000100N75WELCOM,2026-08-23T02:18:13Z,LOW,30,STEADY,True,True,
2026-08-23T02:19:21Z,IL,IL00064IE002500038,2026-08-23T02:19:18Z,Unknown,0,Unknown,True,False,
2026-08-23T02:19:21Z,IL,IL00072IE015200041,2026-08-23T02:15:18Z,12,16,STEADY,True,True,
2026-08-23T02:19:21Z,IL,IL00055IN010400050,2026-08-23T02:19:19Z,0,0,Unknown,False,False,
2026-08-23T02:19:21Z,IL,IL00064IE008500039,2026-08-23T02:19:19Z,Unknown,0,Unknown,True,False,
2026-08-23T02:19:21Z,IL,IL00080IE005100040,2026-08-23T02:19:19Z,Unknown,39,Unknown,True,False,
2026-08-23T02:19:21Z,IL,IL00074IE015600037,2026-08-23T02:19:19Z,0,0,Unknown,False,False,
2026-08-23T02:19:21Z,IL,IL00057IS026800022,2026-08-23T02:19:19Z,Unknown,27,Unknown,True,False,
2026-08-23T02:19:21Z,IL,IL00055IN002700029,2026-08-23T02:19:19Z,Unknown,0,Unknown,True,False,
2026-08-23T02:19:21Z,IL,IL00074IW002800020,2026-08-23T02:19:19Z,Unknown,15,Unknown,True,False,
2026-08-23T02:19:21Z,IL,IL00064IW008500012,2026-08-23T02:19:19Z,Unknown,0,Unknown,True,False,
2026-08-23T02:19:21Z,IL,IL00074IW015600009,2026-08-23T02:19:19Z,0,0,Unknown,False,False,
2026-08-23T02:19:21Z,IL,IL00057IN022200048,2026-08-23T02:19:20Z,Unknown,0,Unknown,True,False,
2026-08-23T02:19:21Z,IL,IL00055IS006400017,2026-08-23T02:19:20Z,Unknown,0,Unknown,True,False,
2026-08-23T02:19:21Z,IL,IL00055IN006400027,2026-08-23T02:19:20Z,Unknown,0,Unknown,True,False,
2026-08-23T02:19:21Z,IL,IL00055IS002700019,2026-08-23T02:19:20Z,Unknown,0,Unknown,True,False,
2026-08-23T02:19:21Z,IL,IL00070IE002700042,2026-08-23T02:19:20Z,Unknown,0,Unknown,True,False,
2026-08-23T02:19:21Z,IL,IL00057IN026800032,2026-08-23T02:19:20Z,Unknown,25,Unknown,True,False,
2026-08-23T02:19:21Z,IL,IL00055IN019400031,2026-08-23T02:19:20Z,Unknown,36,Unknown,True,False,
2026-08-23T02:19:21Z,IL,IL00057IS022200054,2026-08-23T02:19:20Z,Unknown,0,Unknown,True,False,
2026-08-23T02:19:21Z,IL,IL00064IW013000053,2026-08-23T02:19:20Z,0,0,Unknown,False,False,
2026-08-23T02:19:21Z,IL,IL00057IS011400023,2026-08-23T02:19:20Z,Unknown,0,Unknown,True,False,
2026-08-23T02:19:21Z,IL,IL00074IW020800052,2026-08-23T02:19:20Z,Unknown,0,Unknown,True,False,
2026-08-23T02:19:21Z,IL,IL00055IS019400021,2026-08-23T02:19:20Z,Unknown,29,Unknown,True,False,
2026-08-23T02:19:21Z,IL,IL00057IS033300046,2026-08-23T02:19:20Z,Unknown,0,Unknown,True,False,
2026-08-23T02:19:21Z,IL,IL00080IW011700016,2026-08-23T02:19:20Z,0,39,Unknown,False,False,
2026-08-23T02:19:21Z,IL,IL00024IW003700010,2026-08-23T02:19:20Z,Unknown,0,Unknown,True,False,
2026-08-23T02:19:21Z,IL,IL00064IW002500011,2026-08-23T02:19:20Z,Unknown,0,Unknown,True,False,
2026-08-23T02:19:21Z,IL,IL00080IW005100013,2026-08-23T02:19:20Z,Unknown,47,Unknown,True,False,
2026-08-23T02:19:21Z,IL,IL00055IN014900028,2026-08-23T02:19:20Z,Unknown,0,Unknown,True,False,
2026-08-23T02:19:21Z,IL,IL00072IW015200014,2026-08-23T02:19:20Z,Unknown,17,Unknown,True,False,
2026-08-23T02:19:21Z,IL,IL00057IN011400033,2026-08-23T02:19:20Z,Unknown,0,Unknown,True,False,
2026-08-23T02:19:21Z,IL,IL00080IE011700043,2026-08-23T02:19:21Z,Unknown,31,Unknown,True,False,
2026-08-23T02:19:21Z,IL,IL00039IN008500036,2026-08-23T02:19:21Z,Unknown,42,Unknown,True,False,
2026-08-23T02:19:21Z,IL,IL00057IN007900034,2026-08-23T02:19:21Z,Unknown,0,Unknown,True,False,
2026-08-23T02:19:21Z,IL,IL00057IN033300049,2026-08-23T02:19:21Z,Unknown,0,Unknown,True,False,
2026-08-23T02:19:21Z,IL,IL00070IE008600051,2026-08-23T02:19:21Z,0,0,Unknown,False,False,
2026-08-23T02:19:21Z,IL,IL00057IS007900047,2026-08-23T02:19:21Z,Unknown,0,Unknown,True,False,
2026-08-23T02:19:21Z,IL,IL00074IE002800030,2026-08-23T02:19:21Z,Unknown,14,Unknown,True,False,
2026-08-23T02:19:21Z,IL,IL00039IS008500026,2026-08-23T02:19:21Z,Unknown,42,Unknown,True,False,
2026-08-23T02:19:21Z,IL,IL00070IW002700015,2026-08-23T02:19:21Z,Unknown,0,Unknown,True,False,
2026-08-23T02:19:21Z,IL,IL00074IE011400005,2026-08-23T02:19:05Z,Unknown,25,Unknown,True,False,
2026-08-23T02:19:21Z,IL,IL00074IW006200004,2026-08-23T02:18:48Z,7,12,STEADY,True,True,
2026-08-23T02:19:21Z,IL,IL00070IW008700045,2026-08-23T02:15:55Z,3,15,FILLING,True,True,
2026-08-23T02:19:21Z,IL,IL00057IS016500018,2026-08-23T02:18:52Z,0,15,STEADY,True,True,
2026-08-23T02:19:21Z,IL,IL00074IW011400006,2026-08-23T02:18:54Z,15,18,STEADY,True,True,
2026-08-23T02:19:21Z,IL,IL00074IE006200001,2026-08-23T02:18:55Z,8,13,FILLING,True,True,
2026-08-23T02:19:21Z,IL,IL00070IW014900008,2026-08-23T02:18:47Z,Unknown,39,Unknown,True,False,
2026-08-23T02:19:21Z,IL,IL00057IN016500044,2026-08-23T02:19:08Z,0,15,STEADY,False,False,
2026-08-23T02:19:21Z,IL,IL00055IS010400024,2026-08-23T02:15:17Z,Unknown,0,STEADY,,False,
2026-08-23T02:19:21Z,IL,IL00057IS003200025,2026-08-23T02:15:17Z,Unknown,0,STEADY,,False,
2026-08-23T02:19:21Z,IL,IL00057IN003200035,2026-08-23T02:15:18Z,Unknown,17,STEADY,,False,
2026-08-23T02:19:21Z,IN,322,2026-08-22T22:05:00-04:00,61,75,,True,false,
2026-08-23T02:19:21Z,IN,317,2026-08-22T22:05:00-04:00,8,58,,True,true,
2026-08-23T02:19:21Z,IN,316,2026-08-22T22:05:00-04:00,20,58,,True,false,
2026-08-23T02:19:21Z,IN,315,2026-08-22T22:05:00-04:00,Unknown,36,,False,true,
2026-08-23T02:19:21Z,IN,314,2026-08-22T22:05:00-04:00,Unknown,36,,False,true,
2026-08-23T02:19:21Z,IN,313,2026-08-22T22:05:00-04:00,LOW,75,,True,true,
2026-08-23T02:19:21Z,IN,312,2026-08-22T22:05:00-04:00,LOW,75,,True,true,
2026-08-23T02:19:21Z,IN,311,2026-08-22T22:05:00-04:00,Unknown,13,,False,true,
2026-08-23T02:19:21Z,IN,310,2026-08-22T22:05:00-04:00,Unknown,13,,False,true,
2026-08-23T02:19:21Z,IN,308,2026-08-22T22:05:00-04:00,34,75,,True,true,
2026-08-23T02:19:21Z,IN,309,2026-08-22T22:05:00-04:00,109,150,,True,true,
2026-08-23T02:19:21Z,IN,318,2026-08-22T22:05:00-04:00,18,78,,True,true,
2026-08-23T02:19:21Z,IN,319,2026-08-22T22:05:00-04:00,22,78,,True,true,
2026-08-23T02:19:21Z,IN,320,2026-08-22T22:05:00-04:00,31,83,,True,true,
2026-08-23T02:19:21Z,IN,321,2026-08-22T22:05:00-04:00,21,41,,True,false,
2026-08-23T02:19:21Z,IN,300,2026-08-22T22:05:00-04:00,56,128,,True,false,
2026-08-23T02:19:21Z,IN,302,2026-08-22T22:05:00-04:00,LOW,30,,True,true,
2026-08-23T02:19:21Z,IN,301,2026-08-22T22:05:00-04:00,LOW,30,,True,true,
2026-08-23T02:19:21Z,IN,303,2026-08-22T22:05:00-04:00,93,194,,True,true,
2026-08-23T02:19:21Z,IN,304,2026-08-22T22:05:00-04:00,36,99,,True,true,
2026-08-23T02:19:21Z,IN,305,2026-08-22T22:05:00-04:00,Unknown,156,,False,true,
2026-08-23T02:19:21Z,IN,323,2026-08-22T22:05:00-04:00,20,40,,True,true,
2026-08-23T02:19:21Z,IN,702,2026-08-22T22:05:00-04:00,38,75,,True,false,
2026-08-23T02:19:21Z,IN,701,2026-08-22T22:05:00-04:00,30,60,,True,false,
2026-08-23T02:19:21Z,IN,704,2026-08-22T22:05:00-04:00,40,80,,True,false,
2026-08-23T02:19:21Z,IN,703,2026-08-22T22:05:00-04:00,55,110,,True,false,
2026-08-23T02:19:21Z,IN,706,2026-08-22T22:05:00-04:00,35,70,,True,false,
2026-08-23T02:19:21Z,IN,705,2026-08-22T22:05:00-04:00,30,60,,True,false,
2026-08-23T02:19:21Z,IN,708,2026-08-22T22:05:00-04:00,23,45,,True,false,
2026-08-23T02:19:21Z,IN,707,2026-08-22T22:05:00-04:00,20,40,,True,false,
2026-08-23T02:19:21Z,IN,324,2026-08-22T22:05:00-04:00,16,31,,True,true,
2026-08-23T02:19:21Z,KY,KY00065IS0000020N65WELCOM,2026-08-23T02:18:02Z,LOW,21,STEADY,True,True,
2026-08-23T02:19:21Z,KY,KY00065IS000020NSMARATHON,2025-12-19T00:36:53Z,10,60,STEADY,True,False,
2026-08-23T02:19:21Z,KY,KY00065IS0000340NWEIGHS34,2026-07-01T19:04:41Z,33,40,STEADY,True,False,
2026-08-23T02:19:21Z,KY,KY00065IS0011400S65SRA114,2026-08-23T02:18:09Z,13,26,FILLING,True,True,
2026-08-23T02:19:21Z,KY,KY00065IS0005900S65SRA059,2026-08-23T02:18:08Z,80,109,STEADY,True,True,
2026-08-23T02:19:21Z,KY,KY00065IS0005900N65NRA059,2026-08-17T17:24:33Z,13,113,STEADY,True,False,
2026-08-23T02:19:21Z,KY,KY00075IS0003300NWEIGHS33,2026-08-23T02:17:46Z,48,50,STEADY,True,True,
2026-08-23T02:19:21Z,KY,KY00075IS0003400SWEIGHS34,2026-08-23T02:17:50Z,LOW,40,STEADY,True,True,
2026-08-23T02:19:21Z,KY,KY00075IS0017700N75NRA177,2026-07-13T10:37:14Z,LOW,53,CLEARING,True,False,
2026-08-23T02:19:21Z,KY,KY00075IS0007500SWALTONWS,2026-08-23T02:17:56Z,42,45,STEADY,True,True,
2026-08-23T02:19:21Z,KY,KY00075IS0017700S75SRA177,2026-08-23T02:17:48Z,47,67,STEADY,True,True,
2026-08-23T02:19:21Z,KY,KY00075IS0016800SCRITENWS,2026-08-23T02:17:52Z,29,39,FILLING,True,True,
2026-08-23T02:19:21Z,KY,KY00075IS0000100N75WELCOM,2026-08-23T02:18:13Z,LOW,30,STEADY,True,True,
2026-08-23T02:19:26Z,IL,IL00064IE002500038,2026-08-23T02:19:18Z,Unknown,0,Unknown,True,False,
2026-08-23T02:19:26Z,IL,IL00072IE015200041,2026-08-23T02:15:18Z,12,16,STEADY,True,True,
2026-08-23T02:19:26Z,IL,IL00055IN010400050,2026-08-23T02:19:19Z,0,0,Unknown,False,False,
2026-08-23T02:19:26Z,IL,IL00064IE008500039,2026-08-23T02:19:19Z,Unknown,0,Unknown,True,False,
2026-08-23T02:19:26Z,IL,IL00080IE005100040,2026-08-23T02:19:19Z,Unknown,39,Unknown,True,False,
2026-08-23T02:19:26Z,IL,IL00074IE015600037,2026-08-23T02:19:19Z,0,0,Unknown,False,False,
2026-08-23T02:19:26Z,IL,IL00057IS026800022,2026-08-23T02:19:19Z,Unknown,27,Unknown,True,False,
2026-08-23T02:19:26Z,IL,IL00055IN002700029,2026-08-23T02:19:19Z,Unknown,0,Unknown,True,False,
2026-08-23T02:19:26Z,IL,IL00074IW002800020,2026-08-23T02:19:19Z,Unknown,15,Unknown,True,False,
2026-08-23T02:19:26Z,IL,IL00064IW008500012,2026-08-23T02:19:19Z,Unknown,0,Unknown,True,False,
2026-08-23T02:19:26Z,IL,IL00074IW015600009,2026-08-23T02:19:19Z,0,0,Unknown,False,False,
2026-08-23T02:19:26Z,IL,IL00057IN022200048,2026-08-23T02:19:20Z,Unknown,0,Unknown,True,False,
2026-08-23T02:19:26Z,IL,IL00055IS006400017,2026-08-23T02:19:20Z,Unknown,0,Unknown,True,False,
2026-08-23T02:19:26Z,IL,IL00055IN006400027,2026-08-23T02:19:20Z,Unknown,0,Unknown,True,False,
2026-08-23T02:19:26Z,IL,IL00055IS002700019,2026-08-23T02:19:20Z,Unknown,0,Unknown,True,False,
2026-08-23T02:19:26Z,IL,IL00070IE002700042,2026-08-23T02:19:20Z,Unknown,0,Unknown,True,False,
2026-08-23T02:19:26Z,IL,IL00057IN026800032,2026-08-23T02:19:20Z,Unknown,25,Unknown,True,False,
2026-08-23T02:19:26Z,IL,IL00055IN019400031,2026-08-23T02:19:20Z,Unknown,36,Unknown,True,False,
2026-08-23T02:19:26Z,IL,IL00057IS022200054,2026-08-23T02:19:20Z,Unknown,0,Unknown,True,False,
2026-08-23T02:19:26Z,IL,IL00064IW013000053,2026-08-23T02:19:20Z,0,0,Unknown,False,False,
2026-08-23T02:19:26Z,IL,IL00057IS011400023,2026-08-23T02:19:20Z,Unknown,0,Unknown,True,False,
2026-08-23T02:19:26Z,IL,IL00074IW020800052,2026-08-23T02:19:20Z,Unknown,0,Unknown,True,False,
2026-08-23T02:19:26Z,IL,IL00055IS019400021,2026-08-23T02:19:20Z,Unknown,29,Unknown,True,False,
2026-08-23T02:19:26Z,IL,IL00057IS033300046,2026-08-23T02:19:20Z,Unknown,0,Unknown,True,False,
2026-08-23T02:19:26Z,IL,IL00080IW011700016,2026-08-23T02:19:20Z,0,39,Unknown,False,False,
2026-08-23T02:19:26Z,IL,IL00024IW003700010,2026-08-23T02:19:20Z,Unknown,0,Unknown,True,False,
2026-08-23T02:19:26Z,IL,IL00064IW002500011,2026-08-23T02:19:20Z,Unknown,0,Unknown,True,False,
2026-08-23T02:19:26Z,IL,IL00080IW005100013,2026-08-23T02:19:20Z,Unknown,47,Unknown,True,False,
2026-08-23T02:19:26Z,IL,IL00055IN014900028,2026-08-23T02:19:20Z,Unknown,0,Unknown,True,False,
2026-08-23T02:19:26Z,IL,IL00072IW015200014,2026-08-23T02:19:20Z,Unknown,17,Unknown,True,False,
2026-08-23T02:19:26Z,IL,IL00057IN011400033,2026-08-23T02:19:20Z,Unknown,0,Unknown,True,False,
2026-08-23T02:19:26Z,IL,IL00080IE011700043,2026-08-23T02:19:21Z,Unknown,31,Unknown,True,False,
2026-08-23T02:19:26Z,IL,IL00039IN008500036,2026-08-23T02:19:21Z,Unknown,42,Unknown,True,False,
2026-08-23T02:19:26Z,IL,IL00057IN007900034,2026-08-23T02:19:21Z,Unknown,0,Unknown,True,False,
2026-08-23T02:19:26Z,IL,IL00057IN033300049,2026-08-23T02:19:21Z,Unknown,0,Unknown,True,False,
2026-08-23T02:19:26Z,IL,IL00070IE008600051,2026-08-23T02:19:21Z,0,0,Unknown,False,False,
2026-08-23T02:19:26Z,IL,IL00057IS007900047,2026-08-23T02:19:21Z,Unknown,0,Unknown,True,False,
2026-08-23T02:19:26Z,IL,IL00074IE002800030,2026-08-23T02:19:21Z,Unknown,14,Unknown,True,False,
2026-08-23T02:19:26Z,IL,IL00039IS008500026,2026-08-23T02:19:21Z,Unknown,42,Unknown,True,False,
2026-08-23T02:19:26Z,IL,IL00070IW002700015,2026-08-23T02:19:21Z,Unknown,0,Unknown,True,False,
2026-08-23T02:19:26Z,IL,IL00074IE011400005,2026-08-23T02:19:05Z,Unknown,25,Unknown,True,False,
2026-08-23T02:19:26Z,IL,IL00074IW006200004,2026-08-23T02:18:48Z,7,12,STEADY,True,True,
2026-08-23T02:19:26Z,IL,IL00070IW008700045,2026-08-23T02:15:55Z,3,15,FILLING,True,True,
2026-08-23T02:19:26Z,IL,IL00057IS016500018,2026-08-23T02:18:52Z,0,15,STEADY,True,True,
2026-08-23T02:19:26Z,IL,IL00074IW011400006,2026-08-23T02:18:54Z,15,18,STEADY,True,True,
2026-08-23T02:19:26Z,IL,IL00074IE006200001,2026-08-23T02:18:55Z,8,13,FILLING,True,True,
2026-08-23T02:19:26Z,IL,IL00070IW014900008,2026-08-23T02:18:47Z,Unknown,39,Unknown,True,False,
2026-08-23T02:19:26Z,IL,IL00057IN016500044,2026-08-23T02:19:08Z,0,15,STEADY,False,False,
2026-08-23T02:19:26Z,IL,IL00055IS010400024,2026-08-23T02:15:17Z,Unknown,0,STEADY,,False,
2026-08-23T02:19:26Z,IL,IL00057IS003200025,2026-08-23T02:15:17Z,Unknown,0,STEADY,,False,
2026-08-23T02:19:26Z,IL,IL00057IN003200035,2026-08-23T02:15:18Z,Unknown,17,STEADY,,False,
2026-08-23T02:19:26Z,IN,322,2026-08-22T22:05:00-04:00,61,75,,True,false,
2026-08-23T02:19:26Z,IN,317,2026-08-22T22:05:00-04:00,8,58,,True,true,
2026-08-23T02:19:26Z,IN,316,2026-08-22T22:05:00-04:00,20,58,,True,false,
2026-08-23T02:19:26Z,IN,315,2026-08-22T22:05:00-04:00,Unknown,36,,False,true,
2026-08-23T02:19:26Z,IN,314,2026-08-22T22:05:00-04:00,Unknown,36,,False,true,
2026-08-23T02:19:26Z,IN,313,2026-08-22T22:05:00-04:00,LOW,75,,True,true,
2026-08-23T02:19:26Z,IN,312,2026-08-22T22:05:00-04:00,LOW,75,,True,true,
2026-08-23T02:19:26Z,IN,311,2026-08-22T22:05:00-04:00,Unknown,13,,False,true,
2026-08-23T02:19:26Z,IN,310,2026-08-22T22:05:00-04:00,Unknown,13,,False,true,
2026-08-23T02:19:26Z,IN,308,2026-08-22T22:05:00-04:00,34,75,,True,true,
2026-08-23T02:19:26Z,IN,309,2026-08-22T22:05:00-04:00,109,150,,True,true,
2026-08-23T02:19:26Z,IN,318,2026-08-22T22:05:00-04:00,18,78,,True,true,
2026-08-23T02:19:26Z,IN,319,2026-08-22T22:05:00-04:00,22,78,,True,true,
2026-08-23T02:19:26Z,IN,320,2026-08-22T22:05:00-04:00,31,83,,True,true,
2026-08-23T02:19:26Z,IN,321,2026-08-22T22:05:00-04:00,21,41,,True,false,
2026-08-23T02:19:26Z,IN,300,2026-08-22T22:05:00-04:00,56,128,,True,false,
2026-08-23T02:19:26Z,IN,302,2026-08-22T22:05:00-04:00,LOW,30,,True,true,
2026-08-23T02:19:26Z,IN,301,2026-08-22T22:05:00-04:00,LOW,30,,True,true,
2026-08-23T02:19:26Z,IN,303,2026-08-22T22:05:00-04:00,93,194,,True,true,
2026-08-23T02:19:26Z,IN,304,2026-08-22T22:05:00-04:00,36,99,,True,true,
2026-08-23T02:19:26Z,IN,305,2026-08-22T22:05:00-04:00,Unknown,156,,False,true,
2026-08-23T02:19:26Z,IN,323,2026-08-22T22:05:00-04:00,20,40,,True,true,
2026-08-23T02:19:26Z,IN,702,2026-08-22T22:05:00-04:00,38,75,,True,false,
2026-08-23T02:19:26Z,IN,701,2026-08-22T22:05:00-04:00,30,60,,True,false,
2026-08-23T02:19:26Z,IN,704,2026-08-22T22:05:00-04:00,40,80,,True,false,
2026-08-23T02:19:26Z,IN,703,2026-08-22T22:05:00-04:00,55,110,,True,false,
2026-08-23T02:19:26Z,IN,706,2026-08-22T22:05:00-04:00,35,70,,True,false,
2026-08-23T02:19:26Z,IN,705,2026-08-22T22:05:00-04:00,30,60,,True,false,
2026-08-23T02:19:26Z,IN,708,2026-08-22T22:05:00-04:00,23,45,,True,false,
2026-08-23T02:19:26Z,IN,707,2026-08-22T22:05:00-04:00,20,40,,True,false,
2026-08-23T02:19:26Z,IN,324,2026-08-22T22:05:00-04:00,16,31,,True,true,
2026-08-23T02:19:26Z,KY,KY00065IS0000020N65WELCOM,2026-08-23T02:18:02Z,LOW,21,STEADY,True,True,
2026-08-23T02:19:26Z,KY,KY00065IS000020NSMARATHON,2025-12-19T00:36:53Z,10,60,STEADY,True,False,
2026-08-23T02:19:26Z,KY,KY00065IS0000340NWEIGHS34,2026-07-01T19:04:41Z,33,40,STEADY,True,False,
2026-08-23T02:19:26Z,KY,KY00065IS0011400S65SRA114,2026-08-23T02:18:09Z,13,26,FILLING,True,True,
2026-08-23T02:19:26Z,KY,KY00065IS0005900S65SRA059,2026-08-23T02:18:08Z,80,109,STEADY,True,True,
2026-08-23T02:19:26Z,KY,KY00065IS0005900N65NRA059,2026-08-17T17:24:33Z,13,113,STEADY,True,False,
2026-08-23T02:19:26Z,KY,KY00075IS0003300NWEIGHS33,2026-08-23T02:17:46Z,48,50,STEADY,True,True,
2026-08-23T02:19:26Z,KY,KY00075IS0003400SWEIGHS34,2026-08-23T02:17:50Z,LOW,40,STEADY,True,True,
2026-08-23T02:19:26Z,KY,KY00075IS0017700N75NRA177,2026-07-13T10:37:14Z,LOW,53,CLEARING,True,False,
2026-08-23T02:19:26Z,KY,KY00075IS0007500SWALTONWS,2026-08-23T02:17:56Z,42,45,STEADY,True,True,
2026-08-23T02:19:26Z,KY,KY00075IS0017700S75SRA177,2026-08-23T02:17:48Z,47,67,STEADY,True,True,
2026-08-23T02:19:26Z,KY,KY00075IS0016800SCRITENWS,2026-08-23T02:17:52Z,29,39,FILLING,True,True,
2026-08-23T02:19:26Z,KY,KY00075IS0000100N75WELCOM,2026-08-23T02:18:13Z,LOW,30,STEADY,True,True,
2026-08-23T02:19:30Z,IL,IL00064IE002500038,2026-08-23T02:19:18Z,Unknown,0,Unknown,True,False,
2026-08-23T02:19:30Z,IL,IL00072IE015200041,2026-08-23T02:15:18Z,12,16,STEADY,True,True,
2026-08-23T02:19:30Z,IL,IL00055IN010400050,2026-08-23T02:19:19Z,0,0,Unknown,False,False,
2026-08-23T02:19:30Z,IL,IL00064IE008500039,2026-08-23T02:19:19Z,Unknown,0,Unknown,True,False,
2026-08-23T02:19:30Z,IL,IL00080IE005100040,2026-08-23T02:19:19Z,Unknown,39,Unknown,True,False,
2026-08-23T02:19:30Z,IL,IL00074IE015600037,2026-08-23T02:19:19Z,0,0,Unknown,False,False,
2026-08-23T02:19:30Z,IL,IL00057IS026800022,2026-08-23T02:19:19Z,Unknown,27,Unknown,True,False,
2026-08-23T02:19:30Z,IL,IL00055IN002700029,2026-08-23T02:19:19Z,Unknown,0,Unknown,True,False,
2026-08-23T02:19:30Z,IL,IL00074IW002800020,2026-08-23T02:19:19Z,Unknown,15,Unknown,True,False,
2026-08-23T02:19:30Z,IL,IL00064IW008500012,2026-08-23T02:19:19Z,Unknown,0,Unknown,True,False,
2026-08-23T02:19:30Z,IL,IL00074IW015600009,2026-08-23T02:19:19Z,0,0,Unknown,False,False,
2026-08-23T02:19:30Z,IL,IL00057IN022200048,2026-08-23T02:19:20Z,Unknown,0,Unknown,True,False,
2026-08-23T02:19:30Z,IL,IL00055IS006400017,2026-08-23T02:19:20Z,Unknown,0,Unknown,True,False,
2026-08-23T02:19:30Z,IL,IL00055IN006400027,2026-08-23T02:19:20Z,Unknown,0,Unknown,True,False,
2026-08-23T02:19:30Z,IL,IL00055IS002700019,2026-08-23T02:19:20Z,Unknown,0,Unknown,True,False,
2026-08-23T02:19:30Z,IL,IL00070IE002700042,2026-08-23T02:19:20Z,Unknown,0,Unknown,True,False,
2026-08-23T02:19:30Z,IL,IL00057IN026800032,2026-08-23T02:19:20Z,Unknown,25,Unknown,True,False,
2026-08-23T02:19:30Z,IL,IL00055IN019400031,2026-08-23T02:19:20Z,Unknown,36,Unknown,True,False,
2026-08-23T02:19:30Z,IL,IL00057IS022200054,2026-08-23T02:19:20Z,Unknown,0,Unknown,True,False,
2026-08-23T02:19:30Z,IL,IL00064IW013000053,2026-08-23T02:19:20Z,0,0,Unknown,False,False,
2026-08-23T02:19:30Z,IL,IL00057IS011400023,2026-08-23T02:19:20Z,Unknown,0,Unknown,True,False,
2026-08-23T02:19:30Z,IL,IL00074IW020800052,2026-08-23T02:19:20Z,Unknown,0,Unknown,True,False,
2026-08-23T02:19:30Z,IL,IL00055IS019400021,2026-08-23T02:19:20Z,Unknown,29,Unknown,True,False,
2026-08-23T02:19:30Z,IL,IL00057IS033300046,2026-08-23T02:19:20Z,Unknown,0,Unknown,True,False,
2026-08-23T02:19:30Z,IL,IL00080IW011700016,2026-08-23T02:19:20Z,0,39,Unknown,False,False,
2026-08-23T02:19:30Z,IL,IL00024IW003700010,2026-08-23T02:19:20Z,Unknown,0,Unknown,True,False,
2026-08-23T02:19:30Z,IL,IL00064IW002500011,2026-08-23T02:19:20Z,Unknown,0,Unknown,True,False,
2026-08-23T02:19:30Z,IL,IL00080IW005100013,2026-08-23T02:19:20Z,Unknown,47,Unknown,True,False,
2026-08-23T02:19:30Z,IL,IL00055IN014900028,2026-08-23T02:19:20Z,Unknown,0,Unknown,True,False,
2026-08-23T02:19:30Z,IL,IL00072IW015200014,2026-08-23T02:19:20Z,Unknown,17,Unknown,True,False,
2026-08-23T02:19:30Z,IL,IL00057IN011400033,2026-08-23T02:19:20Z,Unknown,0,Unknown,True,False,
2026-08-23T02:19:30Z,IL,IL00080IE011700043,2026-08-23T02:19:21Z,Unknown,31,Unknown,True,False,
2026-08-23T02:19:30Z,IL,IL00039IN008500036,2026-08-23T02:19:21Z,Unknown,42,Unknown,True,False,
2026-08-23T02:19:30Z,IL,IL00057IN007900034,2026-08-23T02:19:21Z,Unknown,0,Unknown,True,False,
2026-08-23T02:19:30Z,IL,IL00057IN033300049,2026-08-23T02:19:21Z,Unknown,0,Unknown,True,False,
2026-08-23T02:19:30Z,IL,IL00070IE008600051,2026-08-23T02:19:21Z,0,0,Unknown,False,False,
2026-08-23T02:19:30Z,IL,IL00057IS007900047,2026-08-23T02:19:21Z,Unknown,0,Unknown,True,False,
2026-08-23T02:19:30Z,IL,IL00074IE002800030,2026-08-23T02:19:21Z,Unknown,14,Unknown,True,False,
2026-08-23T02:19:30Z,IL,IL00039IS008500026,2026-08-23T02:19:21Z,Unknown,42,Unknown,True,False,
2026-08-23T02:19:30Z,IL,IL00070IW002700015,2026-08-23T02:19:21Z,Unknown,0,Unknown,True,False,
2026-08-23T02:19:30Z,IL,IL00074IE011400005,2026-08-23T02:19:27Z,Unknown,25,Unknown,True,False,
2026-08-23T02:19:30Z,IL,IL00074IW006200004,2026-08-23T02:18:48Z,7,12,STEADY,True,True,
2026-08-23T02:19:30Z,IL,IL00070IW008700045,2026-08-23T02:15:55Z,3,15,FILLING,True,True,
2026-08-23T02:19:30Z,IL,IL00057IS016500018,2026-08-23T02:18:52Z,0,15,STEADY,True,True,
2026-08-23T02:19:30Z,IL,IL00074IW011400006,2026-08-23T02:18:54Z,15,18,STEADY,True,True,
2026-08-23T02:19:30Z,IL,IL00074IE006200001,2026-08-23T02:18:55Z,8,13,FILLING,True,True,
2026-08-23T02:19:30Z,IL,IL00070IW014900008,2026-08-23T02:18:47Z,Unknown,39,Unknown,True,False,
2026-08-23T02:19:30Z,IL,IL00057IN016500044,2026-08-23T02:19:08Z,0,15,STEADY,False,False,
2026-08-23T02:19:30Z,IL,IL00055IS010400024,2026-08-23T02:15:17Z,Unknown,0,STEADY,,False,
2026-08-23T02:19:30Z,IL,IL00057IS003200025,2026-08-23T02:15:17Z,Unknown,0,STEADY,,False,
2026-08-23T02:19:30Z,IL,IL00057IN003200035,2026-08-23T02:15:18Z,Unknown,17,STEADY,,False,
2026-08-23T02:19:30Z,IN,322,2026-08-22T22:05:00-04:00,61,75,,True,false,
2026-08-23T02:19:30Z,IN,317,2026-08-22T22:05:00-04:00,8,58,,True,true,
2026-08-23T02:19:30Z,IN,316,2026-08-22T22:05:00-04:00,20,58,,True,false,
2026-08-23T02:19:30Z,IN,315,2026-08-22T22:05:00-04:00,Unknown,36,,False,true,
2026-08-23T02:19:30Z,IN,314,2026-08-22T22:05:00-04:00,Unknown,36,,False,true,
2026-08-23T02:19:30Z,IN,313,2026-08-22T22:05:00-04:00,LOW,75,,True,true,
2026-08-23T02:19:30Z,IN,312,2026-08-22T22:05:00-04:00,LOW,75,,True,true,
2026-08-23T02:19:30Z,IN,311,2026-08-22T22:05:00-04:00,Unknown,13,,False,true,
2026-08-23T02:19:30Z,IN,310,2026-08-22T22:05:00-04:00,Unknown,13,,False,true,
2026-08-23T02:19:30Z,IN,308,2026-08-22T22:05:00-04:00,34,75,,True,true,
2026-08-23T02:19:30Z,IN,309,2026-08-22T22:05:00-04:00,109,150,,True,true,
2026-08-23T02:19:30Z,IN,318,2026-08-22T22:05:00-04:00,18,78,,True,true,
2026-08-23T02:19:30Z,IN,319,2026-08-22T22:05:00-04:00,22,78,,True,true,
2026-08-23T02:19:30Z,IN,320,2026-08-22T22:05:00-04:00,31,83,,True,true,
2026-08-23T02:19:30Z,IN,321,2026-08-22T22:05:00-04:00,21,41,,True,false,
2026-08-23T02:19:30Z,IN,300,2026-08-22T22:05:00-04:00,56,128,,True,false,
2026-08-23T02:19:30Z,IN,302,2026-08-22T22:05:00-04:00,LOW,30,,True,true,
2026-08-23T02:19:30Z,IN,301,2026-08-22T22:05:00-04:00,LOW,30,,True,true,
2026-08-23T02:19:30Z,IN,303,2026-08-22T22:05:00-04:00,93,194,,True,true,
2026-08-23T02:19:30Z,IN,304,2026-08-22T22:05:00-04:00,36,99,,True,true,
2026-08-23T02:19:30Z,IN,305,2026-08-22T22:05:00-04:00,Unknown,156,,False,true,
2026-08-23T02:19:30Z,IN,323,2026-08-22T22:05:00-04:00,20,40,,True,true,
2026-08-23T02:19:30Z,IN,702,2026-08-22T22:05:00-04:00,38,75,,True,false,
2026-08-23T02:19:30Z,IN,701,2026-08-22T22:05:00-04:00,30,60,,True,false,
2026-08-23T02:19:30Z,IN,704,2026-08-22T22:05:00-04:00,40,80,,True,false,
2026-08-23T02:19:30Z,IN,703,2026-08-22T22:05:00-04:00,55,110,,True,false,
2026-08-23T02:19:30Z,IN,706,2026-08-22T22:05:00-04:00,35,70,,True,false,
2026-08-23T02:19:30Z,IN,705,2026-08-22T22:05:00-04:00,30,60,,True,false,
2026-08-23T02:19:30Z,IN,708,2026-08-22T22:05:00-04:00,23,45,,True,false,
2026-08-23T02:19:30Z,IN,707,2026-08-22T22:05:00-04:00,20,40,,True,false,
2026-08-23T02:19:30Z,IN,324,2026-08-22T22:05:00-04:00,16,31,,True,true,
2026-08-23T02:19:30Z,KY,KY00065IS0000020N65WELCOM,2026-08-23T02:18:02Z,LOW,21,STEADY,True,True,
2026-08-23T02:19:30Z,KY,KY00065IS000020NSMARATHON,2025-12-19T00:36:53Z,10,60,STEADY,True,False,
2026-08-23T02:19:30Z,KY,KY00065IS0000340NWEIGHS34,2026-07-01T19:04:41Z,33,40,STEADY,True,False,
2026-08-23T02:19:30Z,KY,KY00065IS0011400S65SRA114,2026-08-23T02:18:09Z,13,26,FILLING,True,True,
2026-08-23T02:19:30Z,KY,KY00065IS0005900S65SRA059,2026-08-23T02:18:08Z,80,109,STEADY,True,True,
2026-08-23T02:19:30Z,KY,KY00065IS0005900N65NRA059,2026-08-17T17:24:33Z,13,113,STEADY,True,False,
2026-08-23T02:19:30Z,KY,KY00075IS0003300NWEIGHS33,2026-08-23T02:17:46Z,48,50,STEADY,True,True,
2026-08-23T02:19:30Z,KY,KY00075IS0003400SWEIGHS34,2026-08-23T02:17:50Z,LOW,40,STEADY,True,True,
2026-08-23T02:19:30Z,KY,KY00075IS0017700N75NRA177,2026-07-13T10:37:14Z,LOW,53,CLEARING,True,False,
2026-08-23T02:19:30Z,KY,KY00075IS0007500SWALTONWS,2026-08-23T02:17:56Z,42,45,STEADY,True,True,
2026-08-23T02:19:30Z,KY,KY00075IS0017700S75SRA177,2026-08-23T02:17:48Z,47,67,STEADY,True,True,
2026-08-23T02:19:30Z,KY,KY00075IS0016800SCRITENWS,2026-08-23T02:17:52Z,29,39,FILLING,True,True,
2026-08-23T02:19:30Z,KY,KY00075IS0000100N75WELCOM,2026-08-23T02:18:13Z,LOW,30,STEADY,True,True,
2026-08-23T02:19:35Z,IL,IL00064IE002500038,2026-08-23T02:19:18Z,Unknown,0,Unknown,True,False,
2026-08-23T02:19:35Z,IL,IL00072IE015200041,2026-08-23T02:15:18Z,12,16,STEADY,True,True,
2026-08-23T02:19:35Z,IL,IL00055IN010400050,2026-08-23T02:19:19Z,0,0,Unknown,False,False,
2026-08-23T02:19:35Z,IL,IL00064IE008500039,2026-08-23T02:19:19Z,Unknown,0,Unknown,True,False,
2026-08-23T02:19:35Z,IL,IL00080IE005100040,2026-08-23T02:19:19Z,Unknown,39,Unknown,True,False,
2026-08-23T02:19:35Z,IL,IL00074IE015600037,2026-08-23T02:19:19Z,0,0,Unknown,False,False,
2026-08-23T02:19:35Z,IL,IL00057IS026800022,2026-08-23T02:19:19Z,Unknown,27,Unknown,True,False,
2026-08-23T02:19:35Z,IL,IL00055IN002700029,2026-08-23T02:19:19Z,Unknown,0,Unknown,True,False,
2026-08-23T02:19:35Z,IL,IL00074IW002800020,2026-08-23T02:19:19Z,Unknown,15,Unknown,True,False,
2026-08-23T02:19:35Z,IL,IL00064IW008500012,2026-08-23T02:19:19Z,Unknown,0,Unknown,True,False,
2026-08-23T02:19:35Z,IL,IL00074IW015600009,2026-08-23T02:19:19Z,0,0,Unknown,False,False,
2026-08-23T02:19:35Z,IL,IL00057IN022200048,2026-08-23T02:19:20Z,Unknown,0,Unknown,True,False,
2026-08-23T02:19:35Z,IL,IL00055IS006400017,2026-08-23T02:19:20Z,Unknown,0,Unknown,True,False,
2026-08-23T02:19:35Z,IL,IL00055IN006400027,2026-08-23T02:19:20Z,Unknown,0,Unknown,True,False,
2026-08-23T02:19:35Z,IL,IL00055IS002700019,2026-08-23T02:19:20Z,Unknown,0,Unknown,True,False,
2026-08-23T02:19:35Z,IL,IL00070IE002700042,2026-08-23T02:19:20Z,Unknown,0,Unknown,True,False,
2026-08-23T02:19:35Z,IL,IL00057IN026800032,2026-08-23T02:19:20Z,Unknown,25,Unknown,True,False,
2026-08-23T02:19:35Z,IL,IL00055IN019400031,2026-08-23T02:19:20Z,Unknown,36,Unknown,True,False,
2026-08-23T02:19:35Z,IL,IL00057IS022200054,2026-08-23T02:19:20Z,Unknown,0,Unknown,True,False,
2026-08-23T02:19:35Z,IL,IL00064IW013000053,2026-08-23T02:19:20Z,0,0,Unknown,False,False,
2026-08-23T02:19:35Z,IL,IL00057IS011400023,2026-08-23T02:19:20Z,Unknown,0,Unknown,True,False,
2026-08-23T02:19:35Z,IL,IL00074IW020800052,2026-08-23T02:19:20Z,Unknown,0,Unknown,True,False,
2026-08-23T02:19:35Z,IL,IL00055IS019400021,2026-08-23T02:19:20Z,Unknown,29,Unknown,True,False,
2026-08-23T02:19:35Z,IL,IL00057IS033300046,2026-08-23T02:19:20Z,Unknown,0,Unknown,True,False,
2026-08-23T02:19:35Z,IL,IL00080IW011700016,2026-08-23T02:19:20Z,0,39,Unknown,False,False,
2026-08-23T02:19:35Z,IL,IL00024IW003700010,2026-08-23T02:19:20Z,Unknown,0,Unknown,True,False,
2026-08-23T02:19:35Z,IL,IL00064IW002500011,2026-08-23T02:19:20Z,Unknown,0,Unknown,True,False,
2026-08-23T02:19:35Z,IL,IL00080IW005100013,2026-08-23T02:19:20Z,Unknown,47,Unknown,True,False,
2026-08-23T02:19:35Z,IL,IL00055IN014900028,2026-08-23T02:19:20Z,Unknown,0,Unknown,True,False,
2026-08-23T02:19:35Z,IL,IL00072IW015200014,2026-08-23T02:19:20Z,Unknown,17,Unknown,True,False,
2026-08-23T02:19:35Z,IL,IL00057IN011400033,2026-08-23T02:19:20Z,Unknown,0,Unknown,True,False,
2026-08-23T02:19:35Z,IL,IL00080IE011700043,2026-08-23T02:19:21Z,Unknown,31,Unknown,True,False,
2026-08-23T02:19:35Z,IL,IL00039IN008500036,2026-08-23T02:19:21Z,Unknown,42,Unknown,True,False,
2026-08-23T02:19:35Z,IL,IL00057IN007900034,2026-08-23T02:19:21Z,Unknown,0,Unknown,True,False,
2026-08-23T02:19:35Z,IL,IL00057IN033300049,2026-08-23T02:19:21Z,Unknown,0,Unknown,True,False,
2026-08-23T02:19:35Z,IL,IL00070IE008600051,2026-08-23T02:19:21Z,0,0,Unknown,False,False,
2026-08-23T02:19:35Z,IL,IL00057IS007900047,2026-08-23T02:19:21Z,Unknown,0,Unknown,True,False,
2026-08-23T02:19:35Z,IL,IL00074IE002800030,2026-08-23T02:19:21Z,Unknown,14,Unknown,True,False,
2026-08-23T02:19:35Z,IL,IL00039IS008500026,2026-08-23T02:19:21Z,Unknown,42,Unknown,True,False,
2026-08-23T02:19:35Z,IL,IL00070IW002700015,2026-08-23T02:19:21Z,Unknown,0,Unknown,True,False,
2026-08-23T02:19:35Z,IL,IL00074IE011400005,2026-08-23T02:19:27Z,Unknown,25,Unknown,True,False,
2026-08-23T02:19:35Z,IL,IL00074IW006200004,2026-08-23T02:18:48Z,7,12,STEADY,True,True,
2026-08-23T02:19:35Z,IL,IL00070IW008700045,2026-08-23T02:15:55Z,3,15,FILLING,True,True,
2026-08-23T02:19:35Z,IL,IL00057IS016500018,2026-08-23T02:18:52Z,0,15,STEADY,True,True,
2026-08-23T02:19:35Z,IL,IL00074IW011400006,2026-08-23T02:18:54Z,15,18,STEADY,True,True,
2026-08-23T02:19:35Z,IL,IL00074IE006200001,2026-08-23T02:18:55Z,8,13,FILLING,True,True,
2026-08-23T02:19:35Z,IL,IL00070IW014900008,2026-08-23T02:18:47Z,Unknown,39,Unknown,True,False,
2026-08-23T02:19:35Z,IL,IL00057IN016500044,2026-08-23T02:19:08Z,0,15,STEADY,False,False,
2026-08-23T02:19:35Z,IL,IL00055IS010400024,2026-08-23T02:15:17Z,Unknown,0,STEADY,,False,
2026-08-23T02:19:35Z,IL,IL00057IS003200025,2026-08-23T02:15:17Z,Unknown,0,STEADY,,False,
2026-08-23T02:19:35Z,IL,IL00057IN003200035,2026-08-23T02:15:18Z,Unknown,17,STEADY,,False,
2026-08-23T02:19:35Z,IN,322,2026-08-22T22:05:00-04:00,61,75,,True,false,
2026-08-23T02:19:35Z,IN,317,2026-08-22T22:05:00-04:00,8,58,,True,true,
2026-08-23T02:19:35Z,IN,316,2026-08-22T22:05:00-04:00,20,58,,True,false,
2026-08-23T02:19:35Z,IN,315,2026-08-22T22:05:00-04:00,Unknown,36,,False,true,
2026-08-23T02:19:35Z,IN,314,2026-08-22T22:05:00-04:00,Unknown,36,,False,true,
2026-08-23T02:19:35Z,IN,313,2026-08-22T22:05:00-04:00,LOW,75,,True,true,
2026-08-23T02:19:35Z,IN,312,2026-08-22T22:05:00-04:00,LOW,75,,True,true,
2026-08-23T02:19:35Z,IN,311,2026-08-22T22:05:00-04:00,Unknown,13,,False,true,
2026-08-23T02:19:35Z,IN,310,2026-08-22T22:05:00-04:00,Unknown,13,,False,true,
2026-08-23T02:19:35Z,IN,308,2026-08-22T22:05:00-04:00,34,75,,True,true,
2026-08-23T02:19:35Z,IN,309,2026-08-22T22:05:00-04:00,109,150,,True,true,
2026-08-23T02:19:35Z,IN,318,2026-08-22T22:05:00-04:00,18,78,,True,true,
2026-08-23T02:19:35Z,IN,319,2026-08-22T22:05:00-04:00,22,78,,True,true,
2026-08-23T02:19:35Z,IN,320,2026-08-22T22:05:00-04:00,31,83,,True,true,
2026-08-23T02:19:35Z,IN,321,2026-08-22T22:05:00-04:00,21,41,,True,false,
2026-08-23T02:19:35Z,IN,300,2026-08-22T22:05:00-04:00,56,128,,True,false,
2026-08-23T02:19:35Z,IN,302,2026-08-22T22:05:00-04:00,LOW,30,,True,true,
2026-08-23T02:19:35Z,IN,301,2026-08-22T22:05:00-04:00,LOW,30,,True,true,
2026-08-23T02:19:35Z,IN,303,2026-08-22T22:05:00-04:00,93,194,,True,true,
2026-08-23T02:19:35Z,IN,304,2026-08-22T22:05:00-04:00,36,99,,True,true,
2026-08-23T02:19:35Z,IN,305,2026-08-22T22:05:00-04:00,Unknown,156,,False,true,
2026-08-23T02:19:35Z,IN,323,2026-08-22T22:05:00-04:00,20,40,,True,true,
2026-08-23T02:19:35Z,IN,702,2026-08-22T22:05:00-04:00,38,75,,True,false,
2026-08-23T02:19:35Z,IN,701,2026-08-22T22:05:00-04:00,30,60,,True,false,
2026-08-23T02:19:35Z,IN,704,2026-08-22T22:05:00-04:00,40,80,,True,false,
2026-08-23T02:19:35Z,IN,703,2026-08-22T22:05:00-04:00,55,110,,True,false,
2026-08-23T02:19:35Z,IN,706,2026-08-22T22:05:00-04:00,35,70,,True,false,
2026-08-23T02:19:35Z,IN,705,2026-08-22T22:05:00-04:00,30,60,,True,false,
2026-08-23T02:19:35Z,IN,708,2026-08-22T22:05:00-04:00,23,45,,True,false,
2026-08-23T02:19:35Z,IN,707,2026-08-22T22:05:00-04:00,20,40,,True,false,
2026-08-23T02:19:35Z,IN,324,2026-08-22T22:05:00-04:00,16,31,,True,true,
2026-08-23T02:19:35Z,KY,KY00065IS0000020N65WELCOM,2026-08-23T02:18:02Z,LOW,21,STEADY,True,True,
2026-08-23T02:19:35Z,KY,KY00065IS000020NSMARATHON,2025-12-19T00:36:53Z,10,60,STEADY,True,False,
2026-08-23T02:19:35Z,KY,KY00065IS0000340NWEIGHS34,2026-07-01T19:04:41Z,33,40,STEADY,True,False,
2026-08-23T02:19:35Z,KY,KY00065IS0011400S65SRA114,2026-08-23T02:18:09Z,13,26,FILLING,True,True,
2026-08-23T02:19:35Z,KY,KY00065IS0005900S65SRA059,2026-08-23T02:18:08Z,80,109,STEADY,True,True,
2026-08-23T02:19:35Z,KY,KY00065IS0005900N65NRA059,2026-08-17T17:24:33Z,13,113,STEADY,True,False,
2026-08-23T02:19:35Z,KY,KY00075IS0003300NWEIGHS33,2026-08-23T02:17:46Z,48,50,STEADY,True,True,
2026-08-23T02:19:35Z,KY,KY00075IS0003400SWEIGHS34,2026-08-23T02:17:50Z,LOW,40,STEADY,True,True,
2026-08-23T02:19:35Z,KY,KY00075IS0017700N75NRA177,2026-07-13T10:37:14Z,LOW,53,CLEARING,True,False,
2026-08-23T02:19:35Z,KY,KY00075IS0007500SWALTONWS,2026-08-23T02:17:56Z,42,45,STEADY,True,True,
2026-08-23T02:19:35Z,KY,KY00075IS0017700S75SRA177,2026-08-23T02:17:48Z,47,67,STEADY,True,True,
2026-08-23T02:19:35Z,KY,KY00075IS0016800SCRITENWS,2026-08-23T02:17:52Z,29,39,FILLING,True,True,
2026-08-23T02:19:35Z,KY,KY00075IS0000100N75WELCOM,2026-08-23T02:18:13Z,LOW,30,STEADY,True,True,
2026-08-23T02:19:40Z,IL,IL00024IW003700010,2026-08-23T02:19:38Z,Unknown,0,Unknown,True,False,
2026-08-23T02:19:40Z,IL,IL00064IW002500011,2026-08-23T02:19:38Z,Unknown,0,Unknown,True,False,
2026-08-23T02:19:40Z,IL,IL00080IW005100013,2026-08-23T02:19:38Z,Unknown,47,Unknown,True,False,
2026-08-23T02:19:40Z,IL,IL00055IN014900028,2026-08-23T02:19:38Z,Unknown,0,Unknown,True,False,
2026-08-23T02:19:40Z,IL,IL00072IW015200014,2026-08-23T02:19:38Z,Unknown,17,Unknown,True,False,
2026-08-23T02:19:40Z,IL,IL00057IN011400033,2026-08-23T02:19:38Z,Unknown,0,Unknown,True,False,
2026-08-23T02:19:40Z,IL,IL00080IE011700043,2026-08-23T02:19:38Z,Unknown,31,Unknown,True,False,
2026-08-23T02:19:40Z,IL,IL00039IN008500036,2026-08-23T02:19:38Z,Unknown,42,Unknown,True,False,
2026-08-23T02:19:40Z,IL,IL00057IN007900034,2026-08-23T02:19:39Z,Unknown,0,Unknown,True,False,
2026-08-23T02:19:40Z,IL,IL00057IN033300049,2026-08-23T02:19:39Z,Unknown,0,Unknown,True,False,
2026-08-23T02:19:40Z,IL,IL00070IE008600051,2026-08-23T02:19:39Z,0,0,Unknown,False,False,
2026-08-23T02:19:40Z,IL,IL00057IS007900047,2026-08-23T02:19:39Z,Unknown,0,Unknown,True,False,
2026-08-23T02:19:40Z,IL,IL00074IE002800030,2026-08-23T02:19:39Z,Unknown,14,Unknown,True,False,
2026-08-23T02:19:40Z,IL,IL00039IS008500026,2026-08-23T02:19:39Z,Unknown,42,Unknown,True,False,
2026-08-23T02:19:40Z,IL,IL00070IW002700015,2026-08-23T02:19:39Z,Unknown,0,Unknown,True,False,
2026-08-23T02:19:40Z,IL,IL00072IE015200041,2026-08-23T02:15:18Z,12,16,STEADY,True,True,
2026-08-23T02:19:40Z,IL,IL00064IE002500038,2026-08-23T02:19:37Z,Unknown,0,Unknown,True,False,
2026-08-23T02:19:40Z,IL,IL00055IN010400050,2026-08-23T02:19:37Z,0,0,Unknown,False,False,
2026-08-23T02:19:40Z,IL,IL00064IE008500039,2026-08-23T02:19:37Z,Unknown,0,Unknown,True,False,
2026-08-23T02:19:40Z,IL,IL00080IE005100040,2026-08-23T02:19:37Z,Unknown,39,Unknown,True,False,
2026-08-23T02:19:40Z,IL,IL00074IE015600037,2026-08-23T02:19:37Z,0,0,Unknown,False,False,
2026-08-23T02:19:40Z,IL,IL00057IS026800022,2026-08-23T02:19:37Z,Unknown,27,Unknown,True,False,
2026-08-23T02:19:40Z,IL,IL00055IN002700029,2026-08-23T02:19:37Z,Unknown,0,Unknown,True,False,
2026-08-23T02:19:40Z,IL,IL00074IW002800020,2026-08-23T02:19:37Z,Unknown,15,Unknown,True,False,
2026-08-23T02:19:40Z,IL,IL00064IW008500012,2026-08-23T02:19:37Z,Unknown,0,Unknown,True,False,
2026-08-23T02:19:40Z,IL,IL00074IW015600009,2026-08-23T02:19:37Z,0,0,Unknown,False,False,
2026-08-23T02:19:40Z,IL,IL00057IN022200048,2026-08-23T02:19:37Z,Unknown,0,Unknown,True,False,
2026-08-23T02:19:40Z,IL,IL00055IS006400017,2026-08-23T02:19:38Z,Unknown,0,Unknown,True,False,
2026-08-23T02:19:40Z,IL,IL00055IN006400027,2026-08-23T02:19:38Z,Unknown,0,Unknown,True,False,
2026-08-23T02:19:40Z,IL,IL00055IS002700019,2026-08-23T02:19:38Z,Unknown,0,Unknown,True,False,
2026-08-23T02:19:40Z,IL,IL00070IE002700042,2026-08-23T02:19:38Z,Unknown,0,Unknown,True,False,
2026-08-23T02:19:40Z,IL,IL00057IN026800032,2026-08-23T02:19:38Z,Unknown,25,Unknown,True,False,
2026-08-23T02:19:40Z,IL,IL00055IN019400031,2026-08-23T02:19:38Z,Unknown,36,Unknown,True,False,
2026-08-23T02:19:40Z,IL,IL00057IS022200054,2026-08-23T02:19:38Z,Unknown,0,Unknown,True,False,
2026-08-23T02:19:40Z,IL,IL00064IW013000053,2026-08-23T02:19:38Z,0,0,Unknown,False,False,
2026-08-23T02:19:40Z,IL,IL00057IS011400023,2026-08-23T02:19:38Z,Unknown,0,Unknown,True,False,
2026-08-23T02:19:40Z,IL,IL00074IW020800052,2026-08-23T02:19:38Z,Unknown,0,Unknown,True,False,
2026-08-23T02:19:40Z,IL,IL00055IS019400021,2026-08-23T02:19:38Z,Unknown,29,Unknown,True,False,
2026-08-23T02:19:40Z,IL,IL00057IS033300046,2026-08-23T02:19:38Z,Unknown,0,Unknown,True,False,
2026-08-23T02:19:40Z,IL,IL00080IW011700016,2026-08-23T02:19:38Z,0,39,Unknown,False,False,
2026-08-23T02:19:40Z,IL,IL00074IE011400005,2026-08-23T02:19:27Z,Unknown,25,Unknown,True,False,
2026-08-23T02:19:40Z,IL,IL00074IW006200004,2026-08-23T02:18:48Z,7,12,STEADY,True,True,
2026-08-23T02:19:40Z,IL,IL00070IW008700045,2026-08-23T02:15:55Z,3,15,FILLING,True,True,
2026-08-23T02:19:40Z,IL,IL00057IS016500018,2026-08-23T02:18:52Z,0,15,STEADY,True,True,
2026-08-23T02:19:40Z,IL,IL00074IW011400006,2026-08-23T02:18:54Z,15,18,STEADY,True,True,
2026-08-23T02:19:40Z,IL,IL00074IE006200001,2026-08-23T02:18:55Z,8,13,FILLING,True,True,
2026-08-23T02:19:40Z,IL,IL00070IW014900008,2026-08-23T02:18:47Z,Unknown,39,Unknown,True,False,
2026-08-23T02:19:40Z,IL,IL00057IN016500044,2026-08-23T02:19:08Z,0,15,STEADY,False,False,
2026-08-23T02:19:40Z,IL,IL00055IS010400024,2026-08-23T02:15:17Z,Unknown,0,STEADY,,False,
2026-08-23T02:19:40Z,IL,IL00057IS003200025,2026-08-23T02:15:17Z,Unknown,0,STEADY,,False,
2026-08-23T02:19:40Z,IL,IL00057IN003200035,2026-08-23T02:15:18Z,Unknown,17,STEADY,,False,
2026-08-23T02:19:40Z,IN,322,2026-08-22T22:05:00-04:00,61,75,,True,false,
2026-08-23T02:19:40Z,IN,317,2026-08-22T22:05:00-04:00,8,58,,True,true,
2026-08-23T02:19:40Z,IN,316,2026-08-22T22:05:00-04:00,20,58,,True,false,
2026-08-23T02:19:40Z,IN,315,2026-08-22T22:05:00-04:00,Unknown,36,,False,true,
2026-08-23T02:19:40Z,IN,314,2026-08-22T22:05:00-04:00,Unknown,36,,False,true,
2026-08-23T02:19:40Z,IN,313,2026-08-22T22:05:00-04:00,LOW,75,,True,true,
2026-08-23T02:19:40Z,IN,312,2026-08-22T22:05:00-04:00,LOW,75,,True,true,
2026-08-23T02:19:40Z,IN,311,2026-08-22T22:05:00-04:00,Unknown,13,,False,true,
2026-08-23T02:19:40Z,IN,310,2026-08-22T22:05:00-04:00,Unknown,13,,False,true,
2026-08-23T02:19:40Z,IN,308,2026-08-22T22:05:00-04:00,34,75,,True,true,
2026-08-23T02:19:40Z,IN,309,2026-08-22T22:05:00-04:00,109,150,,True,true,
2026-08-23T02:19:40Z,IN,318,2026-08-22T22:05:00-04:00,18,78,,True,true,
2026-08-23T02:19:40Z,IN,319,2026-08-22T22:05:00-04:00,22,78,,True,true,
2026-08-23T02:19:40Z,IN,320,2026-08-22T22:05:00-04:00,31,83,,True,true,
2026-08-23T02:19:40Z,IN,321,2026-08-22T22:05:00-04:00,21,41,,True,false,
2026-08-23T02:19:40Z,IN,300,2026-08-22T22:05:00-04:00,56,128,,True,false,
2026-08-23T02:19:40Z,IN,302,2026-08-22T22:05:00-04:00,LOW,30,,True,true,
2026-08-23T02:19:40Z,IN,301,2026-08-22T22:05:00-04:00,LOW,30,,True,true,
2026-08-23T02:19:40Z,IN,303,2026-08-22T22:05:00-04:00,93,194,,True,true,
2026-08-23T02:19:40Z,IN,304,2026-08-22T22:05:00-04:00,36,99,,True,true,
2026-08-23T02:19:40Z,IN,305,2026-08-22T22:05:00-04:00,Unknown,156,,False,true,
2026-08-23T02:19:40Z,IN,323,2026-08-22T22:05:00-04:00,20,40,,True,true,
2026-08-23T02:19:40Z,IN,702,2026-08-22T22:05:00-04:00,38,75,,True,false,
2026-08-23T02:19:40Z,IN,701,2026-08-22T22:05:00-04:00,30,60,,True,false,
2026-08-23T02:19:40Z,IN,704,2026-08-22T22:05:00-04:00,40,80,,True,false,
2026-08-23T02:19:40Z,IN,703,2026-08-22T22:05:00-04:00,55,110,,True,false,
2026-08-23T02:19:40Z,IN,706,2026-08-22T22:05:00-04:00,35,70,,True,false,
2026-08-23T02:19:40Z,IN,705,2026-08-22T22:05:00-04:00,30,60,,True,false,
2026-08-23T02:19:40Z,IN,708,2026-08-22T22:05:00-04:00,23,45,,True,false,
2026-08-23T02:19:40Z,IN,707,2026-08-22T22:05:00-04:00,20,40,,True,false,
2026-08-23T02:19:40Z,IN,324,2026-08-22T22:05:00-04:00,16,31,,True,true,
2026-08-23T02:19:40Z,KY,KY00065IS0000020N65WELCOM,2026-08-23T02:18:02Z,LOW,21,STEADY,True,True,
2026-08-23T02:19:40Z,KY,KY00065IS000020NSMARATHON,2025-12-19T00:36:53Z,10,60,STEADY,True,False,
2026-08-23T02:19:40Z,KY,KY00065IS0000340NWEIGHS34,2026-07-01T19:04:41Z,33,40,STEADY,True,False,
2026-08-23T02:19:40Z,KY,KY00065IS0011400S65SRA114,2026-08-23T02:18:09Z,13,26,FILLING,True,True,
2026-08-23T02:19:40Z,KY,KY00065IS0005900S65SRA059,2026-08-23T02:18:08Z,80,109,STEADY,True,True,
2026-08-23T02:19:40Z,KY,KY00065IS0005900N65NRA059,2026-08-17T17:24:33Z,13,113,STEADY,True,False,
2026-08-23T02:19:40Z,KY,KY00075IS0003300NWEIGHS33,2026-08-23T02:17:46Z,48,50,STEADY,True,True,
2026-08-23T02:19:40Z,KY,KY00075IS0003400SWEIGHS34,2026-08-23T02:17:50Z,LOW,40,STEADY,True,True,
2026-08-23T02:19:40Z,KY,KY00075IS0017700N75NRA177,2026-07-13T10:37:14Z,LOW,53,CLEARING,True,False,
2026-08-23T02:19:40Z,KY,KY00075IS0007500SWALTONWS,2026-08-23T02:17:56Z,42,45,STEADY,True,True,
2026-08-23T02:19:40Z,KY,KY00075IS0017700S75SRA177,2026-08-23T02:17:48Z,47,67,STEADY,True,True,
2026-08-23T02:19:40Z,KY,KY00075IS0016800SCRITENWS,2026-08-23T02:17:52Z,29,39,FILLING,True,True,
2026-08-23T02:19:40Z,KY,KY00075IS0000100N75WELCOM,2026-08-23T02:18:13Z,LOW,30,STEADY,True,True,
2026-08-23T02:19:44Z,IL,IL00024IW003700010,2026-08-23T02:19:38Z,Unknown,0,Unknown,True,False,
2026-08-23T02:19:44Z,IL,IL00064IW002500011,2026-08-23T02:19:38Z,Unknown,0,Unknown,True,False,
2026-08-23T02:19:44Z,IL,IL00080IW005100013,2026-08-23T02:19:38Z,Unknown,47,Unknown,True,False,
2026-08-23T02:19:44Z,IL,IL00055IN014900028,2026-08-23T02:19:38Z,Unknown,0,Unknown,True,False,
2026-08-23T02:19:44Z,IL,IL00072IW015200014,2026-08-23T02:19:38Z,Unknown,17,Unknown,True,False,
2026-08-23T02:19:44Z,IL,IL00057IN011400033,2026-08-23T02:19:38Z,Unknown,0,Unknown,True,False,
2026-08-23T02:19:44Z,IL,IL00080IE011700043,2026-08-23T02:19:38Z,Unknown,31,Unknown,True,False,
2026-08-23T02:19:44Z,IL,IL00039IN008500036,2026-08-23T02:19:38Z,Unknown,42,Unknown,True,False,
2026-08-23T02:19:44Z,IL,IL00057IN007900034,2026-08-23T02:19:39Z,Unknown,0,Unknown,True,False,
2026-08-23T02:19:44Z,IL,IL00057IN033300049,2026-08-23T02:19:39Z,Unknown,0,Unknown,True,False,
2026-08-23T02:19:44Z,IL,IL00070IE008600051,2026-08-23T02:19:39Z,0,0,Unknown,False,False,
2026-08-23T02:19:44Z,IL,IL00057IS007900047,2026-08-23T02:19:39Z,Unknown,0,Unknown,True,False,
2026-08-23T02:19:44Z,IL,IL00074IE002800030,2026-08-23T02:19:39Z,Unknown,14,Unknown,True,False,
2026-08-23T02:19:44Z,IL,IL00039IS008500026,2026-08-23T02:19:39Z,Unknown,42,Unknown,True,False,
2026-08-23T02:19:44Z,IL,IL00070IW002700015,2026-08-23T02:19:39Z,Unknown,0,Unknown,True,False,
2026-08-23T02:19:44Z,IL,IL00072IE015200041,2026-08-23T02:15:18Z,12,16,STEADY,True,True,
2026-08-23T02:19:44Z,IL,IL00064IE002500038,2026-08-23T02:19:37Z,Unknown,0,Unknown,True,False,
2026-08-23T02:19:44Z,IL,IL00055IN010400050,2026-08-23T02:19:37Z,0,0,Unknown,False,False,
2026-08-23T02:19:44Z,IL,IL00064IE008500039,2026-08-23T02:19:37Z,Unknown,0,Unknown,True,False,
2026-08-23T02:19:44Z,IL,IL00080IE005100040,2026-08-23T02:19:37Z,Unknown,39,Unknown,True,False,
2026-08-23T02:19:44Z,IL,IL00074IE015600037,2026-08-23T02:19:37Z,0,0,Unknown,False,False,
2026-08-23T02:19:44Z,IL,IL00057IS026800022,2026-08-23T02:19:37Z,Unknown,27,Unknown,True,False,
2026-08-23T02:19:44Z,IL,IL00055IN002700029,2026-08-23T02:19:37Z,Unknown,0,Unknown,True,False,
2026-08-23T02:19:44Z,IL,IL00074IW002800020,2026-08-23T02:19:37Z,Unknown,15,Unknown,True,False,
2026-08-23T02:19:44Z,IL,IL00064IW008500012,2026-08-23T02:19:37Z,Unknown,0,Unknown,True,False,
2026-08-23T02:19:44Z,IL,IL00074IW015600009,2026-08-23T02:19:37Z,0,0,Unknown,False,False,
2026-08-23T02:19:44Z,IL,IL00057IN022200048,2026-08-23T02:19:37Z,Unknown,0,Unknown,True,False,
2026-08-23T02:19:44Z,IL,IL00055IS006400017,2026-08-23T02:19:38Z,Unknown,0,Unknown,True,False,
2026-08-23T02:19:44Z,IL,IL00055IN006400027,2026-08-23T02:19:38Z,Unknown,0,Unknown,True,False,
2026-08-23T02:19:44Z,IL,IL00055IS002700019,2026-08-23T02:19:38Z,Unknown,0,Unknown,True,False,
2026-08-23T02:19:44Z,IL,IL00070IE002700042,2026-08-23T02:19:38Z,Unknown,0,Unknown,True,False,
2026-08-23T02:19:44Z,IL,IL00057IN026800032,2026-08-23T02:19:38Z,Unknown,25,Unknown,True,False,
2026-08-23T02:19:44Z,IL,IL00055IN019400031,2026-08-23T02:19:38Z,Unknown,36,Unknown,True,False,
2026-08-23T02:19:44Z,IL,IL00057IS022200054,2026-08-23T02:19:38Z,Unknown,0,Unknown,True,False,
2026-08-23T02:19:44Z,IL,IL00064IW013000053,2026-08-23T02:19:38Z,0,0,Unknown,False,False,
2026-08-23T02:19:44Z,IL,IL00057IS011400023,2026-08-23T02:19:38Z,Unknown,0,Unknown,True,False,
2026-08-23T02:19:44Z,IL,IL00074IW020800052,2026-08-23T02:19:38Z,Unknown,0,Unknown,True,False,
2026-08-23T02:19:44Z,IL,IL00055IS019400021,2026-08-23T02:19:38Z,Unknown,29,Unknown,True,False,
2026-08-23T02:19:44Z,IL,IL00057IS033300046,2026-08-23T02:19:38Z,Unknown,0,Unknown,True,False,
2026-08-23T02:19:44Z,IL,IL00080IW011700016,2026-08-23T02:19:38Z,0,39,Unknown,False,False,
2026-08-23T02:19:44Z,IL,IL00074IE011400005,2026-08-23T02:19:41Z,Unknown,25,Unknown,True,False,
2026-08-23T02:19:44Z,IL,IL00074IW006200004,2026-08-23T02:19:42Z,7,12,STEADY,True,True,
2026-08-23T02:19:44Z,IL,IL00070IW008700045,2026-08-23T02:15:55Z,3,15,FILLING,True,True,
2026-08-23T02:19:44Z,IL,IL00057IS016500018,2026-08-23T02:18:52Z,0,15,STEADY,True,True,
2026-08-23T02:19:44Z,IL,IL00074IW011400006,2026-08-23T02:18:54Z,15,18,STEADY,True,True,
2026-08-23T02:19:44Z,IL,IL00074IE006200001,2026-08-23T02:18:55Z,8,13,FILLING,True,True,
2026-08-23T02:19:44Z,IL,IL00070IW014900008,2026-08-23T02:18:47Z,Unknown,39,Unknown,True,False,
2026-08-23T02:19:44Z,IL,IL00057IN016500044,2026-08-23T02:19:08Z,0,15,STEADY,False,False,
2026-08-23T02:19:44Z,IL,IL00055IS010400024,2026-08-23T02:15:17Z,Unknown,0,STEADY,,False,
2026-08-23T02:19:44Z,IL,IL00057IS003200025,2026-08-23T02:15:17Z,Unknown,0,STEADY,,False,
2026-08-23T02:19:44Z,IL,IL00057IN003200035,2026-08-23T02:15:18Z,Unknown,17,STEADY,,False,
2026-08-23T02:19:44Z,IN,322,2026-08-22T22:05:00-04:00,61,75,,True,false,
2026-08-23T02:19:44Z,IN,317,2026-08-22T22:05:00-04:00,8,58,,True,true,
2026-08-23T02:19:44Z,IN,316,2026-08-22T22:05:00-04:00,20,58,,True,false,
2026-08-23T02:19:44Z,IN,315,2026-08-22T22:05:00-04:00,Unknown,36,,False,true,
2026-08-23T02:19:44Z,IN,314,2026-08-22T22:05:00-04:00,Unknown,36,,False,true,
2026-08-23T02:19:44Z,IN,313,2026-08-22T22:05:00-04:00,LOW,75,,True,true,
2026-08-23T02:19:44Z,IN,312,2026-08-22T22:05:00-04:00,LOW,75,,True,true,
2026-08-23T02:19:44Z,IN,311,2026-08-22T22:05:00-04:00,Unknown,13,,False,true,
2026-08-23T02:19:44Z,IN,310,2026-08-22T22:05:00-04:00,Unknown,13,,False,true,
2026-08-23T02:19:44Z,IN,308,2026-08-22T22:05:00-04:00,34,75,,True,true,
2026-08-23T02:19:44Z,IN,309,2026-08-22T22:05:00-04:00,109,150,,True,true,
2026-08-23T02:19:44Z,IN,318,2026-08-22T22:05:00-04:00,18,78,,True,true,
2026-08-23T02:19:44Z,IN,319,2026-08-22T22:05:00-04:00,22,78,,True,true,
2026-08-23T02:19:44Z,IN,320,2026-08-22T22:05:00-04:00,31,83,,True,true,
2026-08-23T02:19:44Z,IN,321,2026-08-22T22:05:00-04:00,21,41,,True,false,
2026-08-23T02:19:44Z,IN,300,2026-08-22T22:05:00-04:00,56,128,,True,false,
2026-08-23T02:19:44Z,IN,302,2026-08-22T22:05:00-04:00,LOW,30,,True,true,
2026-08-23T02:19:44Z,IN,301,2026-08-22T22:05:00-04:00,LOW,30,,True,true,
2026-08-23T02:19:44Z,IN,303,2026-08-22T22:05:00-04:00,93,194,,True,true,
2026-08-23T02:19:44Z,IN,304,2026-08-22T22:05:00-04:00,36,99,,True,true,
2026-08-23T02:19:44Z,IN,305,2026-08-22T22:05:00-04:00,Unknown,156,,False,true,
2026-08-23T02:19:44Z,IN,323,2026-08-22T22:05:00-04:00,20,40,,True,true,
2026-08-23T02:19:44Z,IN,702,2026-08-22T22:05:00-04:00,38,75,,True,false,
2026-08-23T02:19:44Z,IN,701,2026-08-22T22:05:00-04:00,30,60,,True,false,
2026-08-23T02:19:44Z,IN,704,2026-08-22T22:05:00-04:00,40,80,,True,false,
2026-08-23T02:19:44Z,IN,703,2026-08-22T22:05:00-04:00,55,110,,True,false,
2026-08-23T02:19:44Z,IN,706,2026-08-22T22:05:00-04:00,35,70,,True,false,
2026-08-23T02:19:44Z,IN,705,2026-08-22T22:05:00-04:00,30,60,,True,false,
2026-08-23T02:19:44Z,IN,708,2026-08-22T22:05:00-04:00,23,45,,True,false,
2026-08-23T02:19:44Z,IN,707,2026-08-22T22:05:00-04:00,20,40,,True,false,
2026-08-23T02:19:44Z,IN,324,2026-08-22T22:05:00-04:00,16,31,,True,true,
2026-08-23T02:19:44Z,KY,KY00065IS0000020N65WELCOM,2026-08-23T02:18:02Z,LOW,21,STEADY,True,True,
2026-08-23T02:19:44Z,KY,KY00065IS000020NSMARATHON,2025-12-19T00:36:53Z,10,60,STEADY,True,False,
2026-08-23T02:19:44Z,KY,KY00065IS0000340NWEIGHS34,2026-07-01T19:04:41Z,33,40,STEADY,True,False,
2026-08-23T02:19:44Z,KY,KY00065IS0011400S65SRA114,2026-08-23T02:18:09Z,13,26,FILLING,True,True,
2026-08-23T02:19:44Z,KY,KY00065IS0005900S65SRA059,2026-08-23T02:18:08Z,80,109,STEADY,True,True,
2026-08-23T02:19:44Z,KY,KY00065IS0005900N65NRA059,2026-08-17T17:24:33Z,13,113,STEADY,True,False,
2026-08-23T02:19:44Z,KY,KY00075IS0003300NWEIGHS33,2026-08-23T02:17:46Z,48,50,STEADY,True,True,
2026-08-23T02:19:44Z,KY,KY00075IS0003400SWEIGHS34,2026-08-23T02:17:50Z,LOW,40,STEADY,True,True,
2026-08-23T02:19:44Z,KY,KY00075IS0017700N75NRA177,2026-07-13T10:37:14Z,LOW,53,CLEARING,True,False,
2026-08-23T02:19:44Z,KY,KY00075IS0007500SWALTONWS,2026-08-23T02:17:56Z,42,45,STEADY,True,True,
2026-08-23T02:19:44Z,KY,KY00075IS0017700S75SRA177,2026-08-23T02:17:48Z,47,67,STEADY,True,True,
2026-08-23T02:19:44Z,KY,KY00075IS0016800SCRITENWS,2026-08-23T02:17:52Z,29,39,FILLING,True,True,
2026-08-23T02:19:44Z,KY,KY00075IS0000100N75WELCOM,2026-08-23T02:18:13Z,LOW,30,STEADY,True,True,
