polled_at_utc,state,site_id,lat,lng,temp_f,short_forecast,precip_pct,wind_mph,snow,ice,is_rain,is_heavy_rain,state_severe_alert,m_weather_delta
2026-09-28T00:10:44Z,IL,IL00064IW008500012,38.2766,-88.8012,69,Mostly Cloudy,0,3,False,False,False,False,True,0.2
2026-09-28T00:10:44Z,IL,IL00057IN026800032,40.5505,-88.0605,66,Partly Cloudy,0,5,False,False,False,False,True,0.2
2026-09-28T00:10:44Z,IL,IL00070IE008600051,39.0651,-88.6745,70,Mostly Cloudy,0,3,False,False,False,False,True,0.2
2026-09-28T00:10:44Z,IL,IL00072IW015200014,39.9888,-88.7852,69,Partly Cloudy,0,7,False,False,False,False,True,0.2
2026-09-28T00:10:44Z,IL,IL00055IS019400021,40.8371,-88.6833,66,Mostly Cloudy,1,5,False,False,False,False,True,0.2
2026-09-28T00:10:44Z,IL,IL00057IN007900034,38.0297,-88.9203,70,Mostly Cloudy,0,2,False,False,False,False,True,0.2
2026-09-28T00:10:44Z,IL,IL00057IS007900047,38.0962,-88.9138,71,Mostly Cloudy,0,3,False,False,False,False,True,0.2
2026-09-28T00:10:44Z,IL,IL00055IN006400027,39.3465,-89.6408,67,Mostly Cloudy,1,3,False,False,False,False,True,0.2
2026-09-28T00:10:44Z,IL,IL00039IN008500036,41.7236,-89.0062,64,Mostly Cloudy,0,5,False,False,False,False,True,0.2
2026-09-28T00:10:44Z,IL,IL00070IE002700042,38.7849,-89.7023,68,Mostly Cloudy,1,3,False,False,False,False,True,0.2
2026-09-28T00:10:44Z,IL,IL00074IE015600037,40.2732,-88.6762,67,Partly Cloudy,0,6,False,False,False,False,True,0.2
2026-09-28T00:10:44Z,IL,IL00080IE005100040,41.3938,-89.5665,70,Partly Cloudy,3,5,False,False,False,False,True,0.2
2026-09-28T00:10:44Z,IL,IL00055IN019400031,40.8234,-88.6875,66,Mostly Cloudy,1,5,False,False,False,False,True,0.2
2026-09-28T00:10:44Z,IL,IL00064IW013000053,38.2322,-87.9882,67,Mostly Cloudy,0,2,False,False,False,False,True,0.2
2026-09-28T00:10:44Z,IL,IL00055IS002700019,38.8723,-89.8511,68,Mostly Cloudy,1,3,False,False,False,False,True,0.2
2026-09-28T00:10:44Z,IL,IL00057IS033300046,41.3918,-87.7749,61,Partly Cloudy,0,5,False,False,False,False,True,0.2
2026-09-28T00:10:44Z,IL,IL00064IE008500039,38.273,-88.8496,69,Mostly Cloudy,0,3,False,False,False,False,True,0.2
2026-09-28T00:10:44Z,IL,IL00074IW002800020,41.2141,-90.3308,68,Mostly Cloudy,3,5,False,False,False,False,True,0.2
2026-09-28T00:10:44Z,IL,IL00055IN014900028,40.3599,-89.1099,68,Partly Cloudy,0,6,False,False,False,False,True,0.2
2026-09-28T00:10:44Z,IL,IL00080IW005100013,41.3937,-89.5591,71,Partly Cloudy,3,5,False,False,False,False,True,0.2
2026-09-28T00:10:44Z,IL,IL00080IW011700016,41.4473,-88.3285,65,Mostly Cloudy,0,5,False,False,False,False,True,0.2
2026-09-28T00:10:44Z,IL,IL00074IW015600009,40.2711,-88.6701,67,Partly Cloudy,0,6,False,False,False,False,True,0.2
2026-09-28T00:10:44Z,IL,IL00070IW002700015,38.7884,-89.6889,68,Mostly Cloudy,1,3,False,False,False,False,True,0.2
2026-09-28T00:10:44Z,IL,IL00057IS026800022,40.5613,-88.0615,66,Partly Cloudy,0,5,False,False,False,False,True,0.2
2026-09-28T00:10:44Z,IL,IL00080IE011700043,41.4314,-88.3454,66,Mostly Cloudy,0,5,False,False,False,False,True,0.2
2026-09-28T00:10:44Z,IL,IL00024IW003700010,37.1593,-88.6798,71,Mostly Cloudy,1,2,False,False,False,False,True,0.2
2026-09-28T00:10:44Z,IL,IL00055IN010400050,39.8627,-89.5948,70,Mostly Cloudy,0,5,False,False,False,False,True,0.2
2026-09-28T00:10:44Z,IL,IL00057IS011400023,38.5965,-88.9677,69,Mostly Cloudy,1,2,False,False,False,False,True,0.2
2026-09-28T00:10:44Z,IL,IL00057IN011400033,38.5963,-88.9638,69,Mostly Cloudy,1,2,False,False,False,False,True,0.2
2026-09-28T00:10:44Z,IL,IL00057IN022200048,39.9218,-88.299,68,Partly Cloudy,0,6,False,False,False,False,True,0.2
2026-09-28T00:10:44Z,IL,IL00057IN033300049,41.3892,-87.7729,61,Partly Cloudy,0,5,False,False,False,False,True,0.2
2026-09-28T00:10:44Z,IL,IL00039IS008500026,41.7285,-89.0105,64,Mostly Cloudy,0,5,False,False,False,False,True,0.2
2026-09-28T00:10:44Z,IL,IL00057IS022200054,39.9314,-88.3043,68,Partly Cloudy,0,6,False,False,False,False,True,0.2
2026-09-28T00:10:44Z,IL,IL00072IE015200041,39.9923,-88.7827,69,Partly Cloudy,0,7,False,False,False,False,True,0.2
2026-09-28T00:10:44Z,IL,IL00074IW006200004,40.8802,-90.0895,66,Mostly Cloudy,0,5,False,False,False,False,True,0.2
2026-09-28T00:10:44Z,IL,IL00074IE011400005,40.6125,-89.245,67,Partly Cloudy,0,5,False,False,False,False,True,0.2
2026-09-28T00:10:44Z,IL,IL00074IW020800052,40.1298,-87.7441,68,Partly Cloudy,0,3,False,False,False,False,True,0.2
2026-09-28T00:10:44Z,IL,IL00055IN002700029,38.8649,-89.8532,68,Mostly Cloudy,1,3,False,False,False,False,True,0.2
2026-09-28T00:10:44Z,IL,IL00055IS006400017,39.3523,-89.6447,67,Mostly Cloudy,1,3,False,False,False,False,True,0.2
2026-09-28T00:10:44Z,IL,IL00064IW002500011,38.5491,-89.7633,69,Mostly Cloudy,1,3,False,False,False,False,True,0.2
2026-09-28T00:10:44Z,IL,IL00074IE002800030,41.2334,-90.333,68,Mostly Cloudy,3,5,False,False,False,False,True,0.2
2026-09-28T00:10:44Z,IL,IL00064IE002500038,38.5481,-89.7731,69,Mostly Cloudy,1,3,False,False,False,False,True,0.2
2026-09-28T00:10:44Z,IL,IL00070IW008700045,39.0679,-88.6704,70,Mostly Cloudy,0,3,False,False,False,False,True,0.2
2026-09-28T00:10:44Z,IL,IL00057IS016500018,39.1993,-88.502,70,Mostly Cloudy,0,5,False,False,False,False,True,0.2
2026-09-28T00:10:44Z,IL,IL00074IW011400006,40.6111,-89.2323,67,Partly Cloudy,0,5,False,False,False,False,True,0.2
2026-09-28T00:10:44Z,IL,IL00074IE006200001,40.8788,-90.0936,66,Mostly Cloudy,0,5,False,False,False,False,True,0.2
2026-09-28T00:10:44Z,IL,IL00070IW014900008,39.4228,-87.6617,68,Partly Cloudy,0,3,False,False,False,False,True,0.2
2026-09-28T00:10:44Z,IL,IL00057IN016500044,39.1898,-88.5031,70,Mostly Cloudy,0,5,False,False,False,False,True,0.2
2026-09-28T00:10:44Z,IL,IL00055IS010400024,39.8871,-89.5966,70,Mostly Cloudy,0,5,False,False,False,False,True,0.2
2026-09-28T00:10:44Z,IL,IL00057IS003200025,37.4699,-89.1329,69,Partly Cloudy,2,2,False,False,False,False,True,0.2
2026-09-28T00:10:44Z,IL,IL00057IN003200035,37.4661,-89.1324,69,Partly Cloudy,2,2,False,False,False,False,True,0.2
2026-09-28T00:10:44Z,KY,KY00065IS0000020N65WELCOM,36.6434,-86.5687,70,Partly Cloudy,0,5,False,False,False,False,False,0.0
2026-09-28T00:10:44Z,KY,KY00065IS000020NSMARATHON,36.6612,-86.5553,70,Partly Cloudy,0,5,False,False,False,False,False,0.0
2026-09-28T00:10:44Z,KY,KY00065IS0000340NWEIGHS34,36.6868,-86.5379,71,Partly Cloudy,0,5,False,False,False,False,False,0.0
2026-09-28T00:10:44Z,KY,KY00065IS0011400S65SRA114,37.9464,-85.6905,71,Mostly Clear,0,5,False,False,False,False,False,0.0
2026-09-28T00:10:44Z,KY,KY00065IS0005900S65SRA059,37.239,-85.9297,69,Mostly Clear,0,2,False,False,False,False,False,0.0
2026-09-28T00:10:44Z,KY,KY00065IS0005900N65NRA059,37.2384,-85.9271,69,Mostly Clear,0,2,False,False,False,False,False,0.0
2026-09-28T00:10:44Z,KY,KY00075IS0003300NWEIGHS33,37.0422,-84.0968,61,Clear,0,3,False,False,False,False,False,0.0
2026-09-28T00:10:44Z,KY,KY00075IS0003400SWEIGHS34,37.048,-84.0997,61,Clear,0,3,False,False,False,False,False,0.0
2026-09-28T00:10:44Z,KY,KY00075IS0017700N75NRA177,38.937,-84.6309,62,Clear,0,5,False,False,False,False,False,0.0
2026-09-28T00:10:44Z,KY,KY00075IS0007500SWALTONWS,38.8653,-84.6476,65,Clear,0,5,False,False,False,False,False,0.0
2026-09-28T00:10:44Z,KY,KY00075IS0017700S75SRA177,38.9388,-84.6339,62,Clear,0,5,False,False,False,False,False,0.0
2026-09-28T00:10:44Z,KY,KY00075IS0016800SCRITENWS,38.8196,-84.6015,64,Clear,0,5,False,False,False,False,False,0.0
2026-09-28T00:10:44Z,KY,KY00075IS0000100N75WELCOM,36.6162,-84.1054,59,Mostly Clear,0,2,False,False,False,False,False,0.0
2026-09-28T00:25:44Z,IL,IL00064IW008500012,38.2766,-88.8012,69,Mostly Cloudy,0,3,False,False,False,False,True,0.2
2026-09-28T00:25:44Z,IL,IL00057IN026800032,40.5505,-88.0605,66,Partly Cloudy,0,5,False,False,False,False,True,0.2
2026-09-28T00:25:44Z,IL,IL00070IE008600051,39.0651,-88.6745,70,Mostly Cloudy,0,3,False,False,False,False,True,0.2
2026-09-28T00:25:44Z,IL,IL00072IW015200014,39.9888,-88.7852,69,Partly Cloudy,0,7,False,False,False,False,True,0.2
2026-09-28T00:25:44Z,IL,IL00055IS019400021,40.8371,-88.6833,66,Mostly Cloudy,1,5,False,False,False,False,True,0.2
2026-09-28T00:25:44Z,IL,IL00057IN007900034,38.0297,-88.9203,70,Mostly Cloudy,0,2,False,False,False,False,True,0.2
2026-09-28T00:25:44Z,IL,IL00057IS007900047,38.0962,-88.9138,71,Mostly Cloudy,0,3,False,False,False,False,True,0.2
2026-09-28T00:25:44Z,IL,IL00055IN006400027,39.3465,-89.6408,67,Mostly Cloudy,1,3,False,False,False,False,True,0.2
2026-09-28T00:25:44Z,IL,IL00039IN008500036,41.7236,-89.0062,64,Mostly Cloudy,0,5,False,False,False,False,True,0.2
2026-09-28T00:25:44Z,IL,IL00070IE002700042,38.7849,-89.7023,68,Mostly Cloudy,1,3,False,False,False,False,True,0.2
2026-09-28T00:25:44Z,IL,IL00074IE015600037,40.2732,-88.6762,67,Partly Cloudy,0,6,False,False,False,False,True,0.2
2026-09-28T00:25:44Z,IL,IL00080IE005100040,41.3938,-89.5665,70,Partly Cloudy,3,5,False,False,False,False,True,0.2
2026-09-28T00:25:44Z,IL,IL00055IN019400031,40.8234,-88.6875,66,Mostly Cloudy,1,5,False,False,False,False,True,0.2
2026-09-28T00:25:44Z,IL,IL00064IW013000053,38.2322,-87.9882,67,Mostly Cloudy,0,2,False,False,False,False,True,0.2
2026-09-28T00:25:44Z,IL,IL00055IS002700019,38.8723,-89.8511,68,Mostly Cloudy,1,3,False,False,False,False,True,0.2
2026-09-28T00:25:44Z,IL,IL00057IS033300046,41.3918,-87.7749,61,Partly Cloudy,0,5,False,False,False,False,True,0.2
2026-09-28T00:25:44Z,IL,IL00064IE008500039,38.273,-88.8496,69,Mostly Cloudy,0,3,False,False,False,False,True,0.2
2026-09-28T00:25:44Z,IL,IL00074IW002800020,41.2141,-90.3308,68,Mostly Cloudy,3,5,False,False,False,False,True,0.2
2026-09-28T00:25:44Z,IL,IL00055IN014900028,40.3599,-89.1099,68,Partly Cloudy,0,6,False,False,False,False,True,0.2
2026-09-28T00:25:44Z,IL,IL00080IW005100013,41.3937,-89.5591,71,Partly Cloudy,3,5,False,False,False,False,True,0.2
2026-09-28T00:25:44Z,IL,IL00080IW011700016,41.4473,-88.3285,65,Mostly Cloudy,0,5,False,False,False,False,True,0.2
2026-09-28T00:25:44Z,IL,IL00074IW015600009,40.2711,-88.6701,67,Partly Cloudy,0,6,False,False,False,False,True,0.2
2026-09-28T00:25:44Z,IL,IL00070IW002700015,38.7884,-89.6889,68,Mostly Cloudy,1,3,False,False,False,False,True,0.2
2026-09-28T00:25:44Z,IL,IL00057IS026800022,40.5613,-88.0615,66,Partly Cloudy,0,5,False,False,False,False,True,0.2
2026-09-28T00:25:44Z,IL,IL00080IE011700043,41.4314,-88.3454,66,Mostly Cloudy,0,5,False,False,False,False,True,0.2
2026-09-28T00:25:44Z,IL,IL00024IW003700010,37.1593,-88.6798,71,Mostly Cloudy,1,2,False,False,False,False,True,0.2
2026-09-28T00:25:44Z,IL,IL00055IN010400050,39.8627,-89.5948,70,Mostly Cloudy,0,5,False,False,False,False,True,0.2
2026-09-28T00:25:44Z,IL,IL00057IS011400023,38.5965,-88.9677,69,Mostly Cloudy,1,2,False,False,False,False,True,0.2
2026-09-28T00:25:44Z,IL,IL00057IN011400033,38.5963,-88.9638,69,Mostly Cloudy,1,2,False,False,False,False,True,0.2
2026-09-28T00:25:44Z,IL,IL00057IN022200048,39.9218,-88.299,68,Partly Cloudy,0,6,False,False,False,False,True,0.2
2026-09-28T00:25:44Z,IL,IL00057IN033300049,41.3892,-87.7729,61,Partly Cloudy,0,5,False,False,False,False,True,0.2
2026-09-28T00:25:44Z,IL,IL00039IS008500026,41.7285,-89.0105,64,Mostly Cloudy,0,5,False,False,False,False,True,0.2
2026-09-28T00:25:44Z,IL,IL00057IS022200054,39.9314,-88.3043,68,Partly Cloudy,0,6,False,False,False,False,True,0.2
2026-09-28T00:25:44Z,IL,IL00072IE015200041,39.9923,-88.7827,69,Partly Cloudy,0,7,False,False,False,False,True,0.2
2026-09-28T00:25:44Z,IL,IL00074IW006200004,40.8802,-90.0895,66,Mostly Cloudy,0,5,False,False,False,False,True,0.2
2026-09-28T00:25:44Z,IL,IL00074IE011400005,40.6125,-89.245,67,Partly Cloudy,0,5,False,False,False,False,True,0.2
2026-09-28T00:25:44Z,IL,IL00074IW020800052,40.1298,-87.7441,68,Partly Cloudy,0,3,False,False,False,False,True,0.2
2026-09-28T00:25:44Z,IL,IL00055IN002700029,38.8649,-89.8532,68,Mostly Cloudy,1,3,False,False,False,False,True,0.2
2026-09-28T00:25:44Z,IL,IL00055IS006400017,39.3523,-89.6447,67,Mostly Cloudy,1,3,False,False,False,False,True,0.2
2026-09-28T00:25:44Z,IL,IL00064IW002500011,38.5491,-89.7633,69,Mostly Cloudy,1,3,False,False,False,False,True,0.2
2026-09-28T00:25:44Z,IL,IL00074IE002800030,41.2334,-90.333,68,Mostly Cloudy,3,5,False,False,False,False,True,0.2
2026-09-28T00:25:44Z,IL,IL00064IE002500038,38.5481,-89.7731,69,Mostly Cloudy,1,3,False,False,False,False,True,0.2
2026-09-28T00:25:44Z,IL,IL00070IW008700045,39.0679,-88.6704,70,Mostly Cloudy,0,3,False,False,False,False,True,0.2
2026-09-28T00:25:44Z,IL,IL00057IS016500018,39.1993,-88.502,70,Mostly Cloudy,0,5,False,False,False,False,True,0.2
2026-09-28T00:25:44Z,IL,IL00074IW011400006,40.6111,-89.2323,67,Partly Cloudy,0,5,False,False,False,False,True,0.2
2026-09-28T00:25:44Z,IL,IL00074IE006200001,40.8788,-90.0936,66,Mostly Cloudy,0,5,False,False,False,False,True,0.2
2026-09-28T00:25:44Z,IL,IL00070IW014900008,39.4228,-87.6617,68,Partly Cloudy,0,3,False,False,False,False,True,0.2
2026-09-28T00:25:44Z,IL,IL00057IN016500044,39.1898,-88.5031,70,Mostly Cloudy,0,5,False,False,False,False,True,0.2
2026-09-28T00:25:44Z,IL,IL00055IS010400024,39.8871,-89.5966,70,Mostly Cloudy,0,5,False,False,False,False,True,0.2
2026-09-28T00:25:44Z,IL,IL00057IS003200025,37.4699,-89.1329,69,Partly Cloudy,2,2,False,False,False,False,True,0.2
2026-09-28T00:25:44Z,IL,IL00057IN003200035,37.4661,-89.1324,69,Partly Cloudy,2,2,False,False,False,False,True,0.2
2026-09-28T00:25:44Z,KY,KY00065IS0000020N65WELCOM,36.6434,-86.5687,70,Partly Cloudy,0,5,False,False,False,False,False,0.0
2026-09-28T00:25:44Z,KY,KY00065IS000020NSMARATHON,36.6612,-86.5553,70,Partly Cloudy,0,5,False,False,False,False,False,0.0
2026-09-28T00:25:44Z,KY,KY00065IS0000340NWEIGHS34,36.6868,-86.5379,71,Partly Cloudy,0,5,False,False,False,False,False,0.0
2026-09-28T00:25:44Z,KY,KY00065IS0011400S65SRA114,37.9464,-85.6905,71,Mostly Clear,0,5,False,False,False,False,False,0.0
2026-09-28T00:25:44Z,KY,KY00065IS0005900S65SRA059,37.239,-85.9297,69,Mostly Clear,0,2,False,False,False,False,False,0.0
2026-09-28T00:25:44Z,KY,KY00065IS0005900N65NRA059,37.2384,-85.9271,69,Mostly Clear,0,2,False,False,False,False,False,0.0
2026-09-28T00:25:44Z,KY,KY00075IS0003300NWEIGHS33,37.0422,-84.0968,61,Clear,0,3,False,False,False,False,False,0.0
2026-09-28T00:25:44Z,KY,KY00075IS0003400SWEIGHS34,37.048,-84.0997,61,Clear,0,3,False,False,False,False,False,0.0
2026-09-28T00:25:44Z,KY,KY00075IS0017700N75NRA177,38.937,-84.6309,62,Clear,0,5,False,False,False,False,False,0.0
2026-09-28T00:25:44Z,KY,KY00075IS0007500SWALTONWS,38.8653,-84.6476,65,Clear,0,5,False,False,False,False,False,0.0
2026-09-28T00:25:44Z,KY,KY00075IS0017700S75SRA177,38.9388,-84.6339,62,Clear,0,5,False,False,False,False,False,0.0
2026-09-28T00:25:44Z,KY,KY00075IS0016800SCRITENWS,38.8196,-84.6015,64,Clear,0,5,False,False,False,False,False,0.0
2026-09-28T00:25:44Z,KY,KY00075IS0000100N75WELCOM,36.6162,-84.1054,59,Mostly Clear,0,2,False,False,False,False,False,0.0
2026-09-28T00:40:44Z,IL,IL00064IW008500012,38.2766,-88.8012,69,Mostly Cloudy,0,3,False,False,False,False,True,0.2
2026-09-28T00:40:44Z,IL,IL00057IN026800032,40.5505,-88.0605,66,Partly Cloudy,0,5,False,False,False,False,True,0.2
2026-09-28T00:40:44Z,IL,IL00070IE008600051,39.0651,-88.6745,70,Mostly Cloudy,0,3,False,False,False,False,True,0.2
2026-09-28T00:40:44Z,IL,IL00072IW015200014,39.9888,-88.7852,73,Partly Cloudy,0,7,False,False,False,False,True,0.2
2026-09-28T00:40:44Z,IL,IL00055IS019400021,40.8371,-88.6833,66,Mostly Cloudy,1,5,False,False,False,False,True,0.2
2026-09-28T00:40:44Z,IL,IL00057IN007900034,38.0297,-88.9203,70,Mostly Cloudy,0,2,False,False,False,False,True,0.2
2026-09-28T00:40:44Z,IL,IL00057IS007900047,38.0962,-88.9138,71,Mostly Cloudy,0,3,False,False,False,False,True,0.2
2026-09-28T00:40:44Z,IL,IL00055IN006400027,39.3465,-89.6408,67,Mostly Cloudy,1,3,False,False,False,False,True,0.2
2026-09-28T00:40:44Z,IL,IL00039IN008500036,41.7236,-89.0062,64,Mostly Cloudy,0,5,False,False,False,False,True,0.2
2026-09-28T00:40:44Z,IL,IL00070IE002700042,38.7849,-89.7023,68,Mostly Cloudy,1,3,False,False,False,False,True,0.2
2026-09-28T00:40:44Z,IL,IL00074IE015600037,40.2732,-88.6762,67,Partly Cloudy,0,6,False,False,False,False,True,0.2
2026-09-28T00:40:44Z,IL,IL00080IE005100040,41.3938,-89.5665,70,Partly Cloudy,3,5,False,False,False,False,True,0.2
2026-09-28T00:40:44Z,IL,IL00055IN019400031,40.8234,-88.6875,66,Mostly Cloudy,1,5,False,False,False,False,True,0.2
2026-09-28T00:40:44Z,IL,IL00064IW013000053,38.2322,-87.9882,67,Mostly Cloudy,0,2,False,False,False,False,True,0.2
2026-09-28T00:40:44Z,IL,IL00055IS002700019,38.8723,-89.8511,71,Mostly Cloudy,1,5,False,False,False,False,True,0.2
2026-09-28T00:40:44Z,IL,IL00057IS033300046,41.3918,-87.7749,61,Partly Cloudy,0,5,False,False,False,False,True,0.2
2026-09-28T00:40:44Z,IL,IL00064IE008500039,38.273,-88.8496,69,Mostly Cloudy,0,3,False,False,False,False,True,0.2
2026-09-28T00:40:44Z,IL,IL00074IW002800020,41.2141,-90.3308,68,Mostly Cloudy,3,5,False,False,False,False,True,0.2
2026-09-28T00:40:44Z,IL,IL00055IN014900028,40.3599,-89.1099,68,Partly Cloudy,0,6,False,False,False,False,True,0.2
2026-09-28T00:40:44Z,IL,IL00080IW005100013,41.3937,-89.5591,71,Partly Cloudy,3,5,False,False,False,False,True,0.2
2026-09-28T00:40:44Z,IL,IL00080IW011700016,41.4473,-88.3285,65,Mostly Cloudy,0,5,False,False,False,False,True,0.2
2026-09-28T00:40:44Z,IL,IL00074IW015600009,40.2711,-88.6701,67,Partly Cloudy,0,6,False,False,False,False,True,0.2
2026-09-28T00:40:44Z,IL,IL00070IW002700015,38.7884,-89.6889,68,Mostly Cloudy,1,3,False,False,False,False,True,0.2
2026-09-28T00:40:44Z,IL,IL00057IS026800022,40.5613,-88.0615,66,Partly Cloudy,0,5,False,False,False,False,True,0.2
2026-09-28T00:40:44Z,IL,IL00080IE011700043,41.4314,-88.3454,66,Mostly Cloudy,0,5,False,False,False,False,True,0.2
2026-09-28T00:40:44Z,IL,IL00024IW003700010,37.1593,-88.6798,71,Mostly Cloudy,1,2,False,False,False,False,True,0.2
2026-09-28T00:40:44Z,IL,IL00055IN010400050,39.8627,-89.5948,70,Mostly Cloudy,0,5,False,False,False,False,True,0.2
2026-09-28T00:40:44Z,IL,IL00057IS011400023,38.5965,-88.9677,69,Mostly Cloudy,1,2,False,False,False,False,True,0.2
2026-09-28T00:40:44Z,IL,IL00057IN011400033,38.5963,-88.9638,69,Mostly Cloudy,1,2,False,False,False,False,True,0.2
2026-09-28T00:40:44Z,IL,IL00057IN022200048,39.9218,-88.299,68,Partly Cloudy,0,6,False,False,False,False,True,0.2
2026-09-28T00:40:44Z,IL,IL00057IN033300049,41.3892,-87.7729,61,Partly Cloudy,0,5,False,False,False,False,True,0.2
2026-09-28T00:40:44Z,IL,IL00039IS008500026,41.7285,-89.0105,64,Mostly Cloudy,0,5,False,False,False,False,True,0.2
2026-09-28T00:40:44Z,IL,IL00057IS022200054,39.9314,-88.3043,68,Partly Cloudy,0,6,False,False,False,False,True,0.2
2026-09-28T00:40:44Z,IL,IL00072IE015200041,39.9923,-88.7827,73,Partly Cloudy,0,7,False,False,False,False,True,0.2
2026-09-28T00:40:44Z,IL,IL00074IW006200004,40.8802,-90.0895,66,Mostly Cloudy,0,5,False,False,False,False,True,0.2
2026-09-28T00:40:44Z,IL,IL00074IE011400005,40.6125,-89.245,67,Partly Cloudy,0,5,False,False,False,False,True,0.2
2026-09-28T00:40:44Z,IL,IL00074IW020800052,40.1298,-87.7441,68,Partly Cloudy,0,3,False,False,False,False,True,0.2
2026-09-28T00:40:44Z,IL,IL00055IN002700029,38.8649,-89.8532,71,Mostly Cloudy,1,5,False,False,False,False,True,0.2
2026-09-28T00:40:44Z,IL,IL00055IS006400017,39.3523,-89.6447,67,Mostly Cloudy,1,3,False,False,False,False,True,0.2
2026-09-28T00:40:44Z,IL,IL00064IW002500011,38.5491,-89.7633,72,Mostly Cloudy,2,3,False,False,False,False,True,0.2
2026-09-28T00:40:44Z,IL,IL00074IE002800030,41.2334,-90.333,68,Mostly Cloudy,3,5,False,False,False,False,True,0.2
2026-09-28T00:40:44Z,IL,IL00064IE002500038,38.5481,-89.7731,69,Mostly Cloudy,1,3,False,False,False,False,True,0.2
2026-09-28T00:40:44Z,IL,IL00070IW008700045,39.0679,-88.6704,70,Mostly Cloudy,0,3,False,False,False,False,True,0.2
2026-09-28T00:40:44Z,IL,IL00057IS016500018,39.1993,-88.502,70,Mostly Cloudy,0,5,False,False,False,False,True,0.2
2026-09-28T00:40:44Z,IL,IL00074IW011400006,40.6111,-89.2323,67,Partly Cloudy,0,5,False,False,False,False,True,0.2
2026-09-28T00:40:44Z,IL,IL00074IE006200001,40.8788,-90.0936,66,Mostly Cloudy,0,5,False,False,False,False,True,0.2
2026-09-28T00:40:44Z,IL,IL00070IW014900008,39.4228,-87.6617,68,Partly Cloudy,0,3,False,False,False,False,True,0.2
2026-09-28T00:40:44Z,IL,IL00057IN016500044,39.1898,-88.5031,70,Mostly Cloudy,0,5,False,False,False,False,True,0.2
2026-09-28T00:40:44Z,IL,IL00055IS010400024,39.8871,-89.5966,70,Mostly Cloudy,0,5,False,False,False,False,True,0.2
2026-09-28T00:40:44Z,IL,IL00057IS003200025,37.4699,-89.1329,69,Partly Cloudy,2,2,False,False,False,False,True,0.2
2026-09-28T00:40:44Z,IL,IL00057IN003200035,37.4661,-89.1324,69,Partly Cloudy,2,2,False,False,False,False,True,0.2
2026-09-28T00:40:44Z,KY,KY00065IS0000020N65WELCOM,36.6434,-86.5687,70,Partly Cloudy,0,5,False,False,False,False,False,0.0
2026-09-28T00:40:44Z,KY,KY00065IS000020NSMARATHON,36.6612,-86.5553,70,Partly Cloudy,0,5,False,False,False,False,False,0.0
2026-09-28T00:40:44Z,KY,KY00065IS0000340NWEIGHS34,36.6868,-86.5379,71,Partly Cloudy,0,5,False,False,False,False,False,0.0
2026-09-28T00:40:44Z,KY,KY00065IS0011400S65SRA114,37.9464,-85.6905,71,Mostly Clear,0,5,False,False,False,False,False,0.0
2026-09-28T00:40:44Z,KY,KY00065IS0005900S65SRA059,37.239,-85.9297,69,Mostly Clear,0,2,False,False,False,False,False,0.0
2026-09-28T00:40:44Z,KY,KY00065IS0005900N65NRA059,37.2384,-85.9271,69,Mostly Clear,0,2,False,False,False,False,False,0.0
2026-09-28T00:40:44Z,KY,KY00075IS0003300NWEIGHS33,37.0422,-84.0968,61,Clear,0,3,False,False,False,False,False,0.0
2026-09-28T00:40:44Z,KY,KY00075IS0003400SWEIGHS34,37.048,-84.0997,61,Clear,0,3,False,False,False,False,False,0.0
2026-09-28T00:40:44Z,KY,KY00075IS0017700N75NRA177,38.937,-84.6309,62,Clear,0,5,False,False,False,False,False,0.0
2026-09-28T00:40:44Z,KY,KY00075IS0007500SWALTONWS,38.8653,-84.6476,65,Clear,0,5,False,False,False,False,False,0.0
2026-09-28T00:40:44Z,KY,KY00075IS0017700S75SRA177,38.9388,-84.6339,62,Clear,0,5,False,False,False,False,False,0.0
2026-09-28T00:40:44Z,KY,KY00075IS0016800SCRITENWS,38.8196,-84.6015,64,Clear,0,5,False,False,False,False,False,0.0
2026-09-28T00:40:44Z,KY,KY00075IS0000100N75WELCOM,36.6162,-84.1054,59,Mostly Clear,0,2,False,False,False,False,False,0.0
2026-09-28T00:55:44Z,IL,IL00064IW008500012,38.2766,-88.8012,69,Mostly Cloudy,0,3,False,False,False,False,True,0.2
2026-09-28T00:55:44Z,IL,IL00057IN026800032,40.5505,-88.0605,66,Partly Cloudy,0,5,False,False,False,False,True,0.2
2026-09-28T00:55:44Z,IL,IL00070IE008600051,39.0651,-88.6745,70,Mostly Cloudy,0,3,False,False,False,False,True,0.2
2026-09-28T00:55:44Z,IL,IL00072IW015200014,39.9888,-88.7852,69,Partly Cloudy,0,7,False,False,False,False,True,0.2
2026-09-28T00:55:44Z,IL,IL00055IS019400021,40.8371,-88.6833,66,Mostly Cloudy,1,5,False,False,False,False,True,0.2
2026-09-28T00:55:44Z,IL,IL00057IN007900034,38.0297,-88.9203,70,Mostly Cloudy,0,2,False,False,False,False,True,0.2
2026-09-28T00:55:44Z,IL,IL00057IS007900047,38.0962,-88.9138,71,Mostly Cloudy,0,3,False,False,False,False,True,0.2
2026-09-28T00:55:44Z,IL,IL00055IN006400027,39.3465,-89.6408,67,Mostly Cloudy,1,3,False,False,False,False,True,0.2
2026-09-28T00:55:44Z,IL,IL00039IN008500036,41.7236,-89.0062,64,Mostly Cloudy,0,5,False,False,False,False,True,0.2
2026-09-28T00:55:44Z,IL,IL00070IE002700042,38.7849,-89.7023,68,Mostly Cloudy,1,3,False,False,False,False,True,0.2
2026-09-28T00:55:44Z,IL,IL00074IE015600037,40.2732,-88.6762,67,Partly Cloudy,0,6,False,False,False,False,True,0.2
2026-09-28T00:55:44Z,IL,IL00080IE005100040,41.3938,-89.5665,70,Partly Cloudy,3,5,False,False,False,False,True,0.2
2026-09-28T00:55:44Z,IL,IL00055IN019400031,40.8234,-88.6875,66,Mostly Cloudy,1,5,False,False,False,False,True,0.2
2026-09-28T00:55:44Z,IL,IL00064IW013000053,38.2322,-87.9882,67,Mostly Cloudy,0,2,False,False,False,False,True,0.2
2026-09-28T00:55:44Z,IL,IL00055IS002700019,38.8723,-89.8511,68,Mostly Cloudy,1,3,False,False,False,False,True,0.2
2026-09-28T00:55:44Z,IL,IL00057IS033300046,41.3918,-87.7749,61,Partly Cloudy,0,5,False,False,False,False,True,0.2
2026-09-28T00:55:44Z,IL,IL00064IE008500039,38.273,-88.8496,69,Mostly Cloudy,0,3,False,False,False,False,True,0.2
2026-09-28T00:55:44Z,IL,IL00074IW002800020,41.2141,-90.3308,68,Mostly Cloudy,3,5,False,False,False,False,True,0.2
2026-09-28T00:55:44Z,IL,IL00055IN014900028,40.3599,-89.1099,68,Partly Cloudy,0,6,False,False,False,False,True,0.2
2026-09-28T00:55:44Z,IL,IL00080IW005100013,41.3937,-89.5591,71,Partly Cloudy,3,5,False,False,False,False,True,0.2
2026-09-28T00:55:44Z,IL,IL00080IW011700016,41.4473,-88.3285,65,Mostly Cloudy,0,5,False,False,False,False,True,0.2
2026-09-28T00:55:44Z,IL,IL00074IW015600009,40.2711,-88.6701,67,Partly Cloudy,0,6,False,False,False,False,True,0.2
2026-09-28T00:55:44Z,IL,IL00070IW002700015,38.7884,-89.6889,68,Mostly Cloudy,1,3,False,False,False,False,True,0.2
2026-09-28T00:55:44Z,IL,IL00057IS026800022,40.5613,-88.0615,66,Partly Cloudy,0,5,False,False,False,False,True,0.2
2026-09-28T00:55:44Z,IL,IL00080IE011700043,41.4314,-88.3454,66,Mostly Cloudy,0,5,False,False,False,False,True,0.2
2026-09-28T00:55:44Z,IL,IL00024IW003700010,37.1593,-88.6798,71,Mostly Cloudy,1,2,False,False,False,False,True,0.2
2026-09-28T00:55:44Z,IL,IL00055IN010400050,39.8627,-89.5948,70,Mostly Cloudy,0,5,False,False,False,False,True,0.2
2026-09-28T00:55:44Z,IL,IL00057IS011400023,38.5965,-88.9677,69,Mostly Cloudy,1,2,False,False,False,False,True,0.2
2026-09-28T00:55:44Z,IL,IL00057IN011400033,38.5963,-88.9638,69,Mostly Cloudy,1,2,False,False,False,False,True,0.2
2026-09-28T00:55:44Z,IL,IL00057IN022200048,39.9218,-88.299,68,Partly Cloudy,0,6,False,False,False,False,True,0.2
2026-09-28T00:55:44Z,IL,IL00057IN033300049,41.3892,-87.7729,61,Partly Cloudy,0,5,False,False,False,False,True,0.2
2026-09-28T00:55:44Z,IL,IL00039IS008500026,41.7285,-89.0105,64,Mostly Cloudy,0,5,False,False,False,False,True,0.2
2026-09-28T00:55:44Z,IL,IL00057IS022200054,39.9314,-88.3043,68,Partly Cloudy,0,6,False,False,False,False,True,0.2
2026-09-28T00:55:44Z,IL,IL00072IE015200041,39.9923,-88.7827,69,Partly Cloudy,0,7,False,False,False,False,True,0.2
2026-09-28T00:55:44Z,IL,IL00074IW006200004,40.8802,-90.0895,66,Mostly Cloudy,0,5,False,False,False,False,True,0.2
2026-09-28T00:55:44Z,IL,IL00074IE011400005,40.6125,-89.245,67,Partly Cloudy,0,5,False,False,False,False,True,0.2
2026-09-28T00:55:44Z,IL,IL00074IW020800052,40.1298,-87.7441,68,Partly Cloudy,0,3,False,False,False,False,True,0.2
2026-09-28T00:55:44Z,IL,IL00055IN002700029,38.8649,-89.8532,68,Mostly Cloudy,1,3,False,False,False,False,True,0.2
2026-09-28T00:55:44Z,IL,IL00055IS006400017,39.3523,-89.6447,67,Mostly Cloudy,1,3,False,False,False,False,True,0.2
2026-09-28T00:55:44Z,IL,IL00064IW002500011,38.5491,-89.7633,69,Mostly Cloudy,1,3,False,False,False,False,True,0.2
2026-09-28T00:55:44Z,IL,IL00074IE002800030,41.2334,-90.333,68,Mostly Cloudy,3,5,False,False,False,False,True,0.2
2026-09-28T00:55:44Z,IL,IL00064IE002500038,38.5481,-89.7731,69,Mostly Cloudy,1,3,False,False,False,False,True,0.2
2026-09-28T00:55:44Z,IL,IL00070IW008700045,39.0679,-88.6704,70,Mostly Cloudy,0,3,False,False,False,False,True,0.2
2026-09-28T00:55:44Z,IL,IL00057IS016500018,39.1993,-88.502,70,Mostly Cloudy,0,5,False,False,False,False,True,0.2
2026-09-28T00:55:44Z,IL,IL00074IW011400006,40.6111,-89.2323,67,Partly Cloudy,0,5,False,False,False,False,True,0.2
2026-09-28T00:55:44Z,IL,IL00074IE006200001,40.8788,-90.0936,66,Mostly Cloudy,0,5,False,False,False,False,True,0.2
2026-09-28T00:55:44Z,IL,IL00070IW014900008,39.4228,-87.6617,68,Partly Cloudy,0,3,False,False,False,False,True,0.2
2026-09-28T00:55:44Z,IL,IL00057IN016500044,39.1898,-88.5031,70,Mostly Cloudy,0,5,False,False,False,False,True,0.2
2026-09-28T00:55:44Z,IL,IL00055IS010400024,39.8871,-89.5966,70,Mostly Cloudy,0,5,False,False,False,False,True,0.2
2026-09-28T00:55:44Z,IL,IL00057IS003200025,37.4699,-89.1329,69,Partly Cloudy,2,2,False,False,False,False,True,0.2
2026-09-28T00:55:44Z,IL,IL00057IN003200035,37.4661,-89.1324,69,Partly Cloudy,2,2,False,False,False,False,True,0.2
2026-09-28T00:55:44Z,KY,KY00065IS0000020N65WELCOM,36.6434,-86.5687,70,Partly Cloudy,0,5,False,False,False,False,False,0.0
2026-09-28T00:55:44Z,KY,KY00065IS000020NSMARATHON,36.6612,-86.5553,70,Partly Cloudy,0,5,False,False,False,False,False,0.0
2026-09-28T00:55:44Z,KY,KY00065IS0000340NWEIGHS34,36.6868,-86.5379,71,Partly Cloudy,0,5,False,False,False,False,False,0.0
2026-09-28T00:55:44Z,KY,KY00065IS0011400S65SRA114,37.9464,-85.6905,71,Mostly Clear,0,5,False,False,False,False,False,0.0
2026-09-28T00:55:44Z,KY,KY00065IS0005900S65SRA059,37.239,-85.9297,69,Mostly Clear,0,2,False,False,False,False,False,0.0
2026-09-28T00:55:44Z,KY,KY00065IS0005900N65NRA059,37.2384,-85.9271,69,Mostly Clear,0,2,False,False,False,False,False,0.0
2026-09-28T00:55:44Z,KY,KY00075IS0003300NWEIGHS33,37.0422,-84.0968,61,Clear,0,3,False,False,False,False,False,0.0
2026-09-28T00:55:44Z,KY,KY00075IS0003400SWEIGHS34,37.048,-84.0997,61,Clear,0,3,False,False,False,False,False,0.0
2026-09-28T00:55:44Z,KY,KY00075IS0017700N75NRA177,38.937,-84.6309,62,Clear,0,5,False,False,False,False,False,0.0
2026-09-28T00:55:44Z,KY,KY00075IS0007500SWALTONWS,38.8653,-84.6476,65,Clear,0,5,False,False,False,False,False,0.0
2026-09-28T00:55:44Z,KY,KY00075IS0017700S75SRA177,38.9388,-84.6339,62,Clear,0,5,False,False,False,False,False,0.0
2026-09-28T00:55:44Z,KY,KY00075IS0016800SCRITENWS,38.8196,-84.6015,64,Clear,0,5,False,False,False,False,False,0.0
2026-09-28T00:55:44Z,KY,KY00075IS0000100N75WELCOM,36.6162,-84.1054,59,Mostly Clear,0,2,False,False,False,False,False,0.0
2026-09-28T01:10:44Z,IL,IL00064IW008500012,38.2766,-88.8012,65,Mostly Cloudy,0,2,False,False,False,False,True,0.2
2026-09-28T01:10:44Z,IL,IL00057IN026800032,40.5505,-88.0605,61,Mostly Cloudy,0,5,False,False,False,False,True,0.2
2026-09-28T01:10:44Z,IL,IL00070IE008600051,39.0651,-88.6745,65,Mostly Cloudy,0,3,False,False,False,False,True,0.2
2026-09-28T01:10:44Z,IL,IL00072IW015200014,39.9888,-88.7852,66,Partly Cloudy,0,6,False,False,False,False,True,0.2
2026-09-28T01:10:44Z,IL,IL00055IS019400021,40.8371,-88.6833,62,Mostly Cloudy,0,5,False,False,False,False,True,0.2
2026-09-28T01:10:44Z,IL,IL00057IN007900034,38.0297,-88.9203,67,Partly Cloudy,0,3,False,False,False,False,True,0.2
2026-09-28T01:10:44Z,IL,IL00057IS007900047,38.0962,-88.9138,69,Partly Cloudy,0,3,False,False,False,False,True,0.2
2026-09-28T01:10:44Z,IL,IL00055IN006400027,39.3465,-89.6408,67,Mostly Cloudy,1,3,False,False,False,False,True,0.2
2026-09-28T01:10:44Z,IL,IL00039IN008500036,41.7236,-89.0062,64,Mostly Cloudy,0,5,False,False,False,False,True,0.2
2026-09-28T01:10:44Z,IL,IL00070IE002700042,38.7849,-89.7023,66,Mostly Cloudy,1,3,False,False,False,False,True,0.2
2026-09-28T01:10:44Z,IL,IL00074IE015600037,40.2732,-88.6762,64,Partly Cloudy,0,6,False,False,False,False,True,0.2
2026-09-28T01:10:44Z,IL,IL00080IE005100040,41.3938,-89.5665,63,Mostly Cloudy,0,5,False,False,False,False,True,0.2
2026-09-28T01:10:44Z,IL,IL00055IN019400031,40.8234,-88.6875,66,Mostly Cloudy,1,5,False,False,False,False,True,0.2
2026-09-28T01:10:44Z,IL,IL00064IW013000053,38.2322,-87.9882,67,Mostly Cloudy,0,2,False,False,False,False,True,0.2
2026-09-28T01:10:44Z,IL,IL00055IS002700019,38.8723,-89.8511,66,Mostly Cloudy,1,3,False,False,False,False,True,0.2
2026-09-28T01:10:44Z,IL,IL00057IS033300046,41.3918,-87.7749,57,Mostly Cloudy,0,5,False,False,False,False,True,0.2
2026-09-28T01:10:44Z,IL,IL00064IE008500039,38.273,-88.8496,66,Mostly Cloudy,0,2,False,False,False,False,True,0.2
2026-09-28T01:10:44Z,IL,IL00074IW002800020,41.2141,-90.3308,64,Partly Cloudy,1,5,False,False,False,False,True,0.2
2026-09-28T01:10:44Z,IL,IL00055IN014900028,40.3599,-89.1099,64,Partly Cloudy,0,6,False,False,False,False,True,0.2
2026-09-28T01:10:44Z,IL,IL00080IW005100013,41.3937,-89.5591,71,Partly Cloudy,3,5,False,False,False,False,True,0.2
2026-09-28T01:10:44Z,IL,IL00080IW011700016,41.4473,-88.3285,65,Mostly Cloudy,0,5,False,False,False,False,True,0.2
2026-09-28T01:10:44Z,IL,IL00074IW015600009,40.2711,-88.6701,64,Partly Cloudy,0,6,False,False,False,False,True,0.2
2026-09-28T01:10:44Z,IL,IL00070IW002700015,38.7884,-89.6889,66,Mostly Cloudy,1,3,False,False,False,False,True,0.2
2026-09-28T01:10:44Z,IL,IL00057IS026800022,40.5613,-88.0615,61,Mostly Cloudy,0,5,False,False,False,False,True,0.2
2026-09-28T01:10:44Z,IL,IL00080IE011700043,41.4314,-88.3454,61,Mostly Cloudy,0,5,False,False,False,False,True,0.2
2026-09-28T01:10:44Z,IL,IL00024IW003700010,37.1593,-88.6798,66,Mostly Cloudy,0,1,False,False,False,False,True,0.2
2026-09-28T01:10:44Z,IL,IL00055IN010400050,39.8627,-89.5948,65,Mostly Cloudy,0,5,False,False,False,False,True,0.2
2026-09-28T01:10:44Z,IL,IL00057IS011400023,38.5965,-88.9677,66,Mostly Cloudy,0,1,False,False,False,False,True,0.2
2026-09-28T01:10:44Z,IL,IL00057IN011400033,38.5963,-88.9638,66,Mostly Cloudy,0,1,False,False,False,False,True,0.2
2026-09-28T01:10:44Z,IL,IL00057IN022200048,39.9218,-88.299,65,Partly Cloudy,0,6,False,False,False,False,True,0.2
2026-09-28T01:10:44Z,IL,IL00057IN033300049,41.3892,-87.7729,61,Partly Cloudy,0,5,False,False,False,False,True,0.2
2026-09-28T01:10:44Z,IL,IL00039IS008500026,41.7285,-89.0105,64,Mostly Cloudy,0,5,False,False,False,False,True,0.2
2026-09-28T01:10:44Z,IL,IL00057IS022200054,39.9314,-88.3043,68,Partly Cloudy,0,6,False,False,False,False,True,0.2
2026-09-28T01:10:44Z,IL,IL00072IE015200041,39.9923,-88.7827,66,Partly Cloudy,0,6,False,False,False,False,True,0.2
2026-09-28T01:10:44Z,IL,IL00074IW006200004,40.8802,-90.0895,63,Mostly Cloudy,1,3,False,False,False,False,True,0.2
2026-09-28T01:10:44Z,IL,IL00074IE011400005,40.6125,-89.245,63,Partly Cloudy,0,6,False,False,False,False,True,0.2
2026-09-28T01:10:44Z,IL,IL00074IW020800052,40.1298,-87.7441,68,Partly Cloudy,0,3,False,False,False,False,True,0.2
2026-09-28T01:10:44Z,IL,IL00055IN002700029,38.8649,-89.8532,66,Mostly Cloudy,1,3,False,False,False,False,True,0.2
2026-09-28T01:10:44Z,IL,IL00055IS006400017,39.3523,-89.6447,65,Mostly Cloudy,1,3,False,False,False,False,True,0.2
2026-09-28T01:10:44Z,IL,IL00064IW002500011,38.5491,-89.7633,69,Mostly Cloudy,1,3,False,False,False,False,True,0.2
2026-09-28T01:10:44Z,IL,IL00074IE002800030,41.2334,-90.333,68,Mostly Cloudy,3,5,False,False,False,False,True,0.2
2026-09-28T01:10:44Z,IL,IL00064IE002500038,38.5481,-89.7731,66,Mostly Cloudy,1,3,False,False,False,False,True,0.2
2026-09-28T01:10:44Z,IL,IL00070IW008700045,39.0679,-88.6704,65,Mostly Cloudy,0,3,False,False,False,False,True,0.2
2026-09-28T01:10:44Z,IL,IL00057IS016500018,39.1993,-88.502,70,Mostly Cloudy,0,5,False,False,False,False,True,0.2
2026-09-28T01:10:44Z,IL,IL00074IW011400006,40.6111,-89.2323,63,Partly Cloudy,0,6,False,False,False,False,True,0.2
2026-09-28T01:10:44Z,IL,IL00074IE006200001,40.8788,-90.0936,63,Mostly Cloudy,1,3,False,False,False,False,True,0.2
2026-09-28T01:10:44Z,IL,IL00070IW014900008,39.4228,-87.6617,68,Partly Cloudy,0,3,False,False,False,False,True,0.2
2026-09-28T01:10:44Z,IL,IL00057IN016500044,39.1898,-88.5031,70,Mostly Cloudy,0,5,False,False,False,False,True,0.2
2026-09-28T01:10:44Z,IL,IL00055IS010400024,39.8871,-89.5966,70,Mostly Cloudy,0,5,False,False,False,False,True,0.2
2026-09-28T01:10:44Z,IL,IL00057IS003200025,37.4699,-89.1329,67,Partly Cloudy,1,1,False,False,False,False,True,0.2
2026-09-28T01:10:44Z,IL,IL00057IN003200035,37.4661,-89.1324,67,Partly Cloudy,1,1,False,False,False,False,True,0.2
2026-09-28T01:10:44Z,KY,KY00065IS0000020N65WELCOM,36.6434,-86.5687,70,Partly Cloudy,0,5,False,False,False,False,False,0.0
2026-09-28T01:10:44Z,KY,KY00065IS000020NSMARATHON,36.6612,-86.5553,67,Partly Cloudy,0,5,False,False,False,False,False,0.0
2026-09-28T01:10:44Z,KY,KY00065IS0000340NWEIGHS34,36.6868,-86.5379,68,Partly Cloudy,0,5,False,False,False,False,False,0.0
2026-09-28T01:10:44Z,KY,KY00065IS0011400S65SRA114,37.9464,-85.6905,68,Mostly Clear,0,5,False,False,False,False,False,0.0
2026-09-28T01:10:44Z,KY,KY00065IS0005900S65SRA059,37.239,-85.9297,65,Mostly Clear,0,1,False,False,False,False,False,0.0
2026-09-28T01:10:44Z,KY,KY00065IS0005900N65NRA059,37.2384,-85.9271,65,Mostly Clear,0,1,False,False,False,False,False,0.0
2026-09-28T01:10:44Z,KY,KY00075IS0003300NWEIGHS33,37.0422,-84.0968,59,Clear,0,2,False,False,False,False,False,0.0
2026-09-28T01:10:44Z,KY,KY00075IS0003400SWEIGHS34,37.048,-84.0997,59,Clear,0,2,False,False,False,False,False,0.0
2026-09-28T01:10:44Z,KY,KY00075IS0017700N75NRA177,38.937,-84.6309,61,Clear,0,5,False,False,False,False,False,0.0
2026-09-28T01:10:44Z,KY,KY00075IS0007500SWALTONWS,38.8653,-84.6476,61,Clear,0,5,False,False,False,False,False,0.0
2026-09-28T01:10:44Z,KY,KY00075IS0017700S75SRA177,38.9388,-84.6339,61,Clear,0,5,False,False,False,False,False,0.0
2026-09-28T01:10:44Z,KY,KY00075IS0016800SCRITENWS,38.8196,-84.6015,61,Clear,0,5,False,False,False,False,False,0.0
2026-09-28T01:10:44Z,KY,KY00075IS0000100N75WELCOM,36.6162,-84.1054,59,Mostly Clear,0,2,False,False,False,False,False,0.0
2026-09-28T01:25:44Z,IL,IL00064IW008500012,38.2766,-88.8012,67,Partly Cloudy,0,2,False,False,False,False,True,0.2
2026-09-28T01:25:44Z,IL,IL00057IN026800032,40.5505,-88.0605,66,Partly Cloudy,0,5,False,False,False,False,True,0.2
2026-09-28T01:25:44Z,IL,IL00070IE008600051,39.0651,-88.6745,70,Mostly Cloudy,0,3,False,False,False,False,True,0.2
2026-09-28T01:25:44Z,IL,IL00072IW015200014,39.9888,-88.7852,69,Partly Cloudy,0,7,False,False,False,False,True,0.2
2026-09-28T01:25:44Z,IL,IL00055IS019400021,40.8371,-88.6833,66,Mostly Cloudy,1,5,False,False,False,False,True,0.2
2026-09-28T01:25:44Z,IL,IL00057IN007900034,38.0297,-88.9203,70,Mostly Cloudy,0,2,False,False,False,False,True,0.2
2026-09-28T01:25:44Z,IL,IL00057IS007900047,38.0962,-88.9138,68,Mostly Cloudy,0,2,False,False,False,False,True,0.2
2026-09-28T01:25:44Z,IL,IL00055IN006400027,39.3465,-89.6408,66,Mostly Cloudy,1,3,False,False,False,False,True,0.2
2026-09-28T01:25:44Z,IL,IL00039IN008500036,41.7236,-89.0062,64,Mostly Cloudy,0,5,False,False,False,False,True,0.2
2026-09-28T01:25:44Z,IL,IL00070IE002700042,38.7849,-89.7023,68,Mostly Cloudy,1,3,False,False,False,False,True,0.2
2026-09-28T01:25:44Z,IL,IL00074IE015600037,40.2732,-88.6762,67,Partly Cloudy,0,6,False,False,False,False,True,0.2
2026-09-28T01:25:44Z,IL,IL00080IE005100040,41.3938,-89.5665,70,Partly Cloudy,3,5,False,False,False,False,True,0.2
2026-09-28T01:25:44Z,IL,IL00055IN019400031,40.8234,-88.6875,66,Mostly Cloudy,1,5,False,False,False,False,True,0.2
2026-09-28T01:25:44Z,IL,IL00064IW013000053,38.2322,-87.9882,67,Mostly Cloudy,0,2,False,False,False,False,True,0.2
2026-09-28T01:25:44Z,IL,IL00055IS002700019,38.8723,-89.8511,68,Mostly Cloudy,1,3,False,False,False,False,True,0.2
2026-09-28T01:25:44Z,IL,IL00057IS033300046,41.3918,-87.7749,61,Partly Cloudy,0,5,False,False,False,False,True,0.2
2026-09-28T01:25:44Z,IL,IL00064IE008500039,38.273,-88.8496,69,Mostly Cloudy,0,3,False,False,False,False,True,0.2
2026-09-28T01:25:44Z,IL,IL00074IW002800020,41.2141,-90.3308,68,Mostly Cloudy,3,5,False,False,False,False,True,0.2
2026-09-28T01:25:44Z,IL,IL00055IN014900028,40.3599,-89.1099,64,Partly Cloudy,0,6,False,False,False,False,True,0.2
2026-09-28T01:25:44Z,IL,IL00080IW005100013,41.3937,-89.5591,71,Partly Cloudy,3,5,False,False,False,False,True,0.2
2026-09-28T01:25:44Z,IL,IL00080IW011700016,41.4473,-88.3285,65,Mostly Cloudy,0,5,False,False,False,False,True,0.2
2026-09-28T01:25:44Z,IL,IL00074IW015600009,40.2711,-88.6701,67,Partly Cloudy,0,6,False,False,False,False,True,0.2
2026-09-28T01:25:44Z,IL,IL00070IW002700015,38.7884,-89.6889,66,Mostly Cloudy,1,3,False,False,False,False,True,0.2
2026-09-28T01:25:44Z,IL,IL00057IS026800022,40.5613,-88.0615,66,Partly Cloudy,0,5,False,False,False,False,True,0.2
2026-09-28T01:25:44Z,IL,IL00080IE011700043,41.4314,-88.3454,66,Mostly Cloudy,0,5,False,False,False,False,True,0.2
2026-09-28T01:25:44Z,IL,IL00024IW003700010,37.1593,-88.6798,71,Mostly Cloudy,1,2,False,False,False,False,True,0.2
2026-09-28T01:25:44Z,IL,IL00055IN010400050,39.8627,-89.5948,70,Mostly Cloudy,0,5,False,False,False,False,True,0.2
2026-09-28T01:25:44Z,IL,IL00057IS011400023,38.5965,-88.9677,69,Mostly Cloudy,1,2,False,False,False,False,True,0.2
2026-09-28T01:25:44Z,IL,IL00057IN011400033,38.5963,-88.9638,69,Mostly Cloudy,1,2,False,False,False,False,True,0.2
2026-09-28T01:25:44Z,IL,IL00057IN022200048,39.9218,-88.299,68,Partly Cloudy,0,6,False,False,False,False,True,0.2
2026-09-28T01:25:44Z,IL,IL00057IN033300049,41.3892,-87.7729,61,Partly Cloudy,0,5,False,False,False,False,True,0.2
2026-09-28T01:25:44Z,IL,IL00039IS008500026,41.7285,-89.0105,64,Mostly Cloudy,0,5,False,False,False,False,True,0.2
2026-09-28T01:25:44Z,IL,IL00057IS022200054,39.9314,-88.3043,68,Partly Cloudy,0,6,False,False,False,False,True,0.2
2026-09-28T01:25:44Z,IL,IL00072IE015200041,39.9923,-88.7827,69,Partly Cloudy,0,7,False,False,False,False,True,0.2
2026-09-28T01:25:44Z,IL,IL00074IW006200004,40.8802,-90.0895,63,Mostly Cloudy,1,3,False,False,False,False,True,0.2
2026-09-28T01:25:44Z,IL,IL00074IE011400005,40.6125,-89.245,67,Partly Cloudy,0,5,False,False,False,False,True,0.2
2026-09-28T01:25:44Z,IL,IL00074IW020800052,40.1298,-87.7441,63,Partly Cloudy,0,3,False,False,False,False,True,0.2
2026-09-28T01:25:44Z,IL,IL00055IN002700029,38.8649,-89.8532,68,Mostly Cloudy,1,3,False,False,False,False,True,0.2
2026-09-28T01:25:44Z,IL,IL00055IS006400017,39.3523,-89.6447,67,Mostly Cloudy,1,3,False,False,False,False,True,0.2
2026-09-28T01:25:44Z,IL,IL00064IW002500011,38.5491,-89.7633,69,Mostly Cloudy,1,3,False,False,False,False,True,0.2
2026-09-28T01:25:44Z,IL,IL00074IE002800030,41.2334,-90.333,68,Mostly Cloudy,3,5,False,False,False,False,True,0.2
2026-09-28T01:25:44Z,IL,IL00064IE002500038,38.5481,-89.7731,69,Mostly Cloudy,1,3,False,False,False,False,True,0.2
2026-09-28T01:25:44Z,IL,IL00070IW008700045,39.0679,-88.6704,70,Mostly Cloudy,0,3,False,False,False,False,True,0.2
2026-09-28T01:25:44Z,IL,IL00057IS016500018,39.1993,-88.502,70,Mostly Cloudy,0,5,False,False,False,False,True,0.2
2026-09-28T01:25:44Z,IL,IL00074IW011400006,40.6111,-89.2323,67,Partly Cloudy,0,5,False,False,False,False,True,0.2
2026-09-28T01:25:44Z,IL,IL00074IE006200001,40.8788,-90.0936,63,Mostly Cloudy,1,3,False,False,False,False,True,0.2
2026-09-28T01:25:44Z,IL,IL00070IW014900008,39.4228,-87.6617,68,Partly Cloudy,0,3,False,False,False,False,True,0.2
2026-09-28T01:25:44Z,IL,IL00057IN016500044,39.1898,-88.5031,65,Mostly Cloudy,0,5,False,False,False,False,True,0.2
2026-09-28T01:25:44Z,IL,IL00055IS010400024,39.8871,-89.5966,70,Mostly Cloudy,0,5,False,False,False,False,True,0.2
2026-09-28T01:25:44Z,IL,IL00057IS003200025,37.4699,-89.1329,69,Partly Cloudy,2,2,False,False,False,False,True,0.2
2026-09-28T01:25:44Z,IL,IL00057IN003200035,37.4661,-89.1324,69,Partly Cloudy,2,2,False,False,False,False,True,0.2
2026-09-28T01:25:44Z,KY,KY00065IS0000020N65WELCOM,36.6434,-86.5687,70,Partly Cloudy,0,5,False,False,False,False,False,0.0
2026-09-28T01:25:44Z,KY,KY00065IS000020NSMARATHON,36.6612,-86.5553,70,Partly Cloudy,0,5,False,False,False,False,False,0.0
2026-09-28T01:25:44Z,KY,KY00065IS0000340NWEIGHS34,36.6868,-86.5379,71,Partly Cloudy,0,5,False,False,False,False,False,0.0
2026-09-28T01:25:44Z,KY,KY00065IS0011400S65SRA114,37.9464,-85.6905,71,Mostly Clear,0,5,False,False,False,False,False,0.0
2026-09-28T01:25:44Z,KY,KY00065IS0005900S65SRA059,37.239,-85.9297,69,Mostly Clear,0,2,False,False,False,False,False,0.0
2026-09-28T01:25:44Z,KY,KY00065IS0005900N65NRA059,37.2384,-85.9271,69,Mostly Clear,0,2,False,False,False,False,False,0.0
2026-09-28T01:25:44Z,KY,KY00075IS0003300NWEIGHS33,37.0422,-84.0968,61,Clear,0,3,False,False,False,False,False,0.0
2026-09-28T01:25:44Z,KY,KY00075IS0003400SWEIGHS34,37.048,-84.0997,61,Clear,0,3,False,False,False,False,False,0.0
2026-09-28T01:25:44Z,KY,KY00075IS0017700N75NRA177,38.937,-84.6309,62,Clear,0,5,False,False,False,False,False,0.0
2026-09-28T01:25:44Z,KY,KY00075IS0007500SWALTONWS,38.8653,-84.6476,65,Clear,0,5,False,False,False,False,False,0.0
2026-09-28T01:25:44Z,KY,KY00075IS0017700S75SRA177,38.9388,-84.6339,62,Clear,0,5,False,False,False,False,False,0.0
2026-09-28T01:25:44Z,KY,KY00075IS0016800SCRITENWS,38.8196,-84.6015,64,Clear,0,5,False,False,False,False,False,0.0
2026-09-28T01:25:44Z,KY,KY00075IS0000100N75WELCOM,36.6162,-84.1054,59,Mostly Clear,0,2,False,False,False,False,False,0.0
2026-09-28T01:40:44Z,IL,IL00064IW008500012,38.2766,-88.8012,69,Mostly Cloudy,0,3,False,False,False,False,True,0.2
2026-09-28T01:40:44Z,IL,IL00057IN026800032,40.5505,-88.0605,66,Partly Cloudy,0,5,False,False,False,False,True,0.2
2026-09-28T01:40:44Z,IL,IL00070IE008600051,39.0651,-88.6745,70,Mostly Cloudy,0,3,False,False,False,False,True,0.2
2026-09-28T01:40:44Z,IL,IL00072IW015200014,39.9888,-88.7852,69,Partly Cloudy,0,7,False,False,False,False,True,0.2
2026-09-28T01:40:44Z,IL,IL00055IS019400021,40.8371,-88.6833,66,Mostly Cloudy,1,5,False,False,False,False,True,0.2
2026-09-28T01:40:44Z,IL,IL00057IN007900034,38.0297,-88.9203,70,Mostly Cloudy,0,2,False,False,False,False,True,0.2
2026-09-28T01:40:44Z,IL,IL00057IS007900047,38.0962,-88.9138,68,Mostly Cloudy,0,2,False,False,False,False,True,0.2
2026-09-28T01:40:44Z,IL,IL00055IN006400027,39.3465,-89.6408,67,Mostly Cloudy,1,3,False,False,False,False,True,0.2
2026-09-28T01:40:44Z,IL,IL00039IN008500036,41.7236,-89.0062,64,Mostly Cloudy,0,5,False,False,False,False,True,0.2
2026-09-28T01:40:44Z,IL,IL00070IE002700042,38.7849,-89.7023,68,Mostly Cloudy,1,3,False,False,False,False,True,0.2
2026-09-28T01:40:44Z,IL,IL00074IE015600037,40.2732,-88.6762,67,Partly Cloudy,0,6,False,False,False,False,True,0.2
2026-09-28T01:40:44Z,IL,IL00080IE005100040,41.3938,-89.5665,70,Partly Cloudy,3,5,False,False,False,False,True,0.2
2026-09-28T01:40:44Z,IL,IL00055IN019400031,40.8234,-88.6875,66,Mostly Cloudy,1,5,False,False,False,False,True,0.2
2026-09-28T01:40:44Z,IL,IL00064IW013000053,38.2322,-87.9882,67,Mostly Cloudy,0,2,False,False,False,False,True,0.2
2026-09-28T01:40:44Z,IL,IL00055IS002700019,38.8723,-89.8511,68,Mostly Cloudy,1,3,False,False,False,False,True,0.2
2026-09-28T01:40:44Z,IL,IL00057IS033300046,41.3918,-87.7749,61,Partly Cloudy,0,5,False,False,False,False,True,0.2
2026-09-28T01:40:44Z,IL,IL00064IE008500039,38.273,-88.8496,69,Mostly Cloudy,0,3,False,False,False,False,True,0.2
2026-09-28T01:40:44Z,IL,IL00074IW002800020,41.2141,-90.3308,68,Mostly Cloudy,3,5,False,False,False,False,True,0.2
2026-09-28T01:40:44Z,IL,IL00055IN014900028,40.3599,-89.1099,64,Partly Cloudy,0,6,False,False,False,False,True,0.2
2026-09-28T01:40:44Z,IL,IL00080IW005100013,41.3937,-89.5591,71,Partly Cloudy,3,5,False,False,False,False,True,0.2
2026-09-28T01:40:44Z,IL,IL00080IW011700016,41.4473,-88.3285,65,Mostly Cloudy,0,5,False,False,False,False,True,0.2
2026-09-28T01:40:44Z,IL,IL00074IW015600009,40.2711,-88.6701,67,Partly Cloudy,0,6,False,False,False,False,True,0.2
2026-09-28T01:40:44Z,IL,IL00070IW002700015,38.7884,-89.6889,66,Mostly Cloudy,1,3,False,False,False,False,True,0.2
2026-09-28T01:40:44Z,IL,IL00057IS026800022,40.5613,-88.0615,61,Mostly Cloudy,0,5,False,False,False,False,True,0.2
2026-09-28T01:40:44Z,IL,IL00080IE011700043,41.4314,-88.3454,66,Mostly Cloudy,0,5,False,False,False,False,True,0.2
2026-09-28T01:40:44Z,IL,IL00024IW003700010,37.1593,-88.6798,71,Mostly Cloudy,1,2,False,False,False,False,True,0.2
2026-09-28T01:40:44Z,IL,IL00055IN010400050,39.8627,-89.5948,70,Mostly Cloudy,0,5,False,False,False,False,True,0.2
2026-09-28T01:40:44Z,IL,IL00057IS011400023,38.5965,-88.9677,69,Mostly Cloudy,1,2,False,False,False,False,True,0.2
2026-09-28T01:40:44Z,IL,IL00057IN011400033,38.5963,-88.9638,69,Mostly Cloudy,1,2,False,False,False,False,True,0.2
2026-09-28T01:40:44Z,IL,IL00057IN022200048,39.9218,-88.299,68,Partly Cloudy,0,6,False,False,False,False,True,0.2
2026-09-28T01:40:44Z,IL,IL00057IN033300049,41.3892,-87.7729,61,Partly Cloudy,0,5,False,False,False,False,True,0.2
2026-09-28T01:40:44Z,IL,IL00039IS008500026,41.7285,-89.0105,64,Mostly Cloudy,0,5,False,False,False,False,True,0.2
2026-09-28T01:40:44Z,IL,IL00057IS022200054,39.9314,-88.3043,68,Partly Cloudy,0,6,False,False,False,False,True,0.2
2026-09-28T01:40:44Z,IL,IL00072IE015200041,39.9923,-88.7827,69,Partly Cloudy,0,7,False,False,False,False,True,0.2
2026-09-28T01:40:44Z,IL,IL00074IW006200004,40.8802,-90.0895,66,Mostly Cloudy,0,5,False,False,False,False,True,0.2
2026-09-28T01:40:44Z,IL,IL00074IE011400005,40.6125,-89.245,63,Partly Cloudy,0,6,False,False,False,False,True,0.2
2026-09-28T01:40:44Z,IL,IL00074IW020800052,40.1298,-87.7441,68,Partly Cloudy,0,3,False,False,False,False,True,0.2
2026-09-28T01:40:44Z,IL,IL00055IN002700029,38.8649,-89.8532,68,Mostly Cloudy,1,3,False,False,False,False,True,0.2
2026-09-28T01:40:44Z,IL,IL00055IS006400017,39.3523,-89.6447,67,Mostly Cloudy,1,3,False,False,False,False,True,0.2
2026-09-28T01:40:44Z,IL,IL00064IW002500011,38.5491,-89.7633,69,Mostly Cloudy,1,3,False,False,False,False,True,0.2
2026-09-28T01:40:44Z,IL,IL00074IE002800030,41.2334,-90.333,68,Mostly Cloudy,3,5,False,False,False,False,True,0.2
2026-09-28T01:40:44Z,IL,IL00064IE002500038,38.5481,-89.7731,69,Mostly Cloudy,1,3,False,False,False,False,True,0.2
2026-09-28T01:40:44Z,IL,IL00070IW008700045,39.0679,-88.6704,70,Mostly Cloudy,0,3,False,False,False,False,True,0.2
2026-09-28T01:40:44Z,IL,IL00057IS016500018,39.1993,-88.502,70,Mostly Cloudy,0,5,False,False,False,False,True,0.2
2026-09-28T01:40:44Z,IL,IL00074IW011400006,40.6111,-89.2323,67,Partly Cloudy,0,5,False,False,False,False,True,0.2
2026-09-28T01:40:44Z,IL,IL00074IE006200001,40.8788,-90.0936,66,Mostly Cloudy,0,5,False,False,False,False,True,0.2
2026-09-28T01:40:44Z,IL,IL00070IW014900008,39.4228,-87.6617,68,Partly Cloudy,0,3,False,False,False,False,True,0.2
2026-09-28T01:40:44Z,IL,IL00057IN016500044,39.1898,-88.5031,65,Mostly Cloudy,0,5,False,False,False,False,True,0.2
2026-09-28T01:40:44Z,IL,IL00055IS010400024,39.8871,-89.5966,70,Mostly Cloudy,0,5,False,False,False,False,True,0.2
2026-09-28T01:40:44Z,IL,IL00057IS003200025,37.4699,-89.1329,69,Partly Cloudy,2,2,False,False,False,False,True,0.2
2026-09-28T01:40:44Z,IL,IL00057IN003200035,37.4661,-89.1324,69,Partly Cloudy,2,2,False,False,False,False,True,0.2
2026-09-28T01:40:44Z,KY,KY00065IS0000020N65WELCOM,36.6434,-86.5687,70,Partly Cloudy,0,5,False,False,False,False,False,0.0
2026-09-28T01:40:44Z,KY,KY00065IS000020NSMARATHON,36.6612,-86.5553,70,Partly Cloudy,0,5,False,False,False,False,False,0.0
2026-09-28T01:40:44Z,KY,KY00065IS0000340NWEIGHS34,36.6868,-86.5379,71,Partly Cloudy,0,5,False,False,False,False,False,0.0
2026-09-28T01:40:44Z,KY,KY00065IS0011400S65SRA114,37.9464,-85.6905,71,Mostly Clear,0,5,False,False,False,False,False,0.0
2026-09-28T01:40:44Z,KY,KY00065IS0005900S65SRA059,37.239,-85.9297,69,Mostly Clear,0,2,False,False,False,False,False,0.0
2026-09-28T01:40:44Z,KY,KY00065IS0005900N65NRA059,37.2384,-85.9271,69,Mostly Clear,0,2,False,False,False,False,False,0.0
2026-09-28T01:40:44Z,KY,KY00075IS0003300NWEIGHS33,37.0422,-84.0968,61,Clear,0,3,False,False,False,False,False,0.0
2026-09-28T01:40:44Z,KY,KY00075IS0003400SWEIGHS34,37.048,-84.0997,61,Clear,0,3,False,False,False,False,False,0.0
2026-09-28T01:40:44Z,KY,KY00075IS0017700N75NRA177,38.937,-84.6309,62,Clear,0,5,False,False,False,False,False,0.0
2026-09-28T01:40:44Z,KY,KY00075IS0007500SWALTONWS,38.8653,-84.6476,65,Clear,0,5,False,False,False,False,False,0.0
2026-09-28T01:40:44Z,KY,KY00075IS0017700S75SRA177,38.9388,-84.6339,62,Clear,0,5,False,False,False,False,False,0.0
2026-09-28T01:40:44Z,KY,KY00075IS0016800SCRITENWS,38.8196,-84.6015,64,Clear,0,5,False,False,False,False,False,0.0
2026-09-28T01:40:44Z,KY,KY00075IS0000100N75WELCOM,36.6162,-84.1054,59,Mostly Clear,0,2,False,False,False,False,False,0.0
2026-09-28T01:55:44Z,IL,IL00064IW008500012,38.2766,-88.8012,67,Partly Cloudy,0,2,False,False,False,False,True,0.2
2026-09-28T01:55:44Z,IL,IL00057IN026800032,40.5505,-88.0605,61,Mostly Cloudy,0,5,False,False,False,False,True,0.2
2026-09-28T01:55:44Z,IL,IL00070IE008600051,39.0651,-88.6745,65,Mostly Cloudy,0,3,False,False,False,False,True,0.2
2026-09-28T01:55:44Z,IL,IL00072IW015200014,39.9888,-88.7852,66,Partly Cloudy,0,6,False,False,False,False,True,0.2
2026-09-28T01:55:44Z,IL,IL00055IS019400021,40.8371,-88.6833,62,Mostly Cloudy,0,5,False,False,False,False,True,0.2
2026-09-28T01:55:44Z,IL,IL00057IN007900034,38.0297,-88.9203,67,Mostly Cloudy,0,1,False,False,False,False,True,0.2
2026-09-28T01:55:44Z,IL,IL00057IS007900047,38.0962,-88.9138,68,Mostly Cloudy,0,2,False,False,False,False,True,0.2
2026-09-28T01:55:44Z,IL,IL00055IN006400027,39.3465,-89.6408,66,Mostly Cloudy,1,3,False,False,False,False,True,0.2
2026-09-28T01:55:44Z,IL,IL00039IN008500036,41.7236,-89.0062,60,Mostly Cloudy,0,5,False,False,False,False,True,0.2
2026-09-28T01:55:44Z,IL,IL00070IE002700042,38.7849,-89.7023,67,Mostly Cloudy,1,3,False,False,False,False,True,0.2
2026-09-28T01:55:44Z,IL,IL00074IE015600037,40.2732,-88.6762,64,Partly Cloudy,0,6,False,False,False,False,True,0.2
2026-09-28T01:55:44Z,IL,IL00080IE005100040,41.3938,-89.5665,63,Mostly Cloudy,0,5,False,False,False,False,True,0.2
2026-09-28T01:55:44Z,IL,IL00055IN019400031,40.8234,-88.6875,62,Mostly Cloudy,0,5,False,False,False,False,True,0.2
2026-09-28T01:55:44Z,IL,IL00064IW013000053,38.2322,-87.9882,64,Partly Cloudy,0,1,False,False,False,False,True,0.2
2026-09-28T01:55:44Z,IL,IL00055IS002700019,38.8723,-89.8511,66,Mostly Cloudy,1,3,False,False,False,False,True,0.2
2026-09-28T01:55:44Z,IL,IL00057IS033300046,41.3918,-87.7749,57,Mostly Cloudy,0,5,False,False,False,False,True,0.2
2026-09-28T01:55:44Z,IL,IL00064IE008500039,38.273,-88.8496,68,Mostly Cloudy,0,2,False,False,False,False,True,0.2
2026-09-28T01:55:44Z,IL,IL00074IW002800020,41.2141,-90.3308,64,Partly Cloudy,1,5,False,False,False,False,True,0.2
2026-09-28T01:55:44Z,IL,IL00055IN014900028,40.3599,-89.1099,64,Partly Cloudy,0,6,False,False,False,False,True,0.2
2026-09-28T01:55:44Z,IL,IL00080IW005100013,41.3937,-89.5591,64,Mostly Cloudy,0,5,False,False,False,False,True,0.2
2026-09-28T01:55:44Z,IL,IL00080IW011700016,41.4473,-88.3285,61,Mostly Cloudy,0,5,False,False,False,False,True,0.2
2026-09-28T01:55:44Z,IL,IL00074IW015600009,40.2711,-88.6701,64,Partly Cloudy,0,6,False,False,False,False,True,0.2
2026-09-28T01:55:44Z,IL,IL00070IW002700015,38.7884,-89.6889,66,Mostly Cloudy,1,3,False,False,False,False,True,0.2
2026-09-28T01:55:44Z,IL,IL00057IS026800022,40.5613,-88.0615,61,Mostly Cloudy,0,5,False,False,False,False,True,0.2
2026-09-28T01:55:44Z,IL,IL00080IE011700043,41.4314,-88.3454,61,Mostly Cloudy,0,5,False,False,False,False,True,0.2
2026-09-28T01:55:44Z,IL,IL00024IW003700010,37.1593,-88.6798,68,Partly Cloudy,0,1,False,False,False,False,True,0.2
2026-09-28T01:55:44Z,IL,IL00055IN010400050,39.8627,-89.5948,65,Mostly Cloudy,0,5,False,False,False,False,True,0.2
2026-09-28T01:55:44Z,IL,IL00057IS011400023,38.5965,-88.9677,66,Mostly Cloudy,0,1,False,False,False,False,True,0.2
2026-09-28T01:55:44Z,IL,IL00057IN011400033,38.5963,-88.9638,66,Mostly Cloudy,0,1,False,False,False,False,True,0.2
2026-09-28T01:55:44Z,IL,IL00057IN022200048,39.9218,-88.299,65,Partly Cloudy,0,6,False,False,False,False,True,0.2
2026-09-28T01:55:44Z,IL,IL00057IN033300049,41.3892,-87.7729,57,Mostly Cloudy,0,5,False,False,False,False,True,0.2
2026-09-28T01:55:44Z,IL,IL00039IS008500026,41.7285,-89.0105,60,Mostly Cloudy,0,5,False,False,False,False,True,0.2
2026-09-28T01:55:44Z,IL,IL00057IS022200054,39.9314,-88.3043,65,Partly Cloudy,0,6,False,False,False,False,True,0.2
2026-09-28T01:55:44Z,IL,IL00072IE015200041,39.9923,-88.7827,66,Partly Cloudy,0,6,False,False,False,False,True,0.2
2026-09-28T01:55:44Z,IL,IL00074IW006200004,40.8802,-90.0895,63,Mostly Cloudy,1,3,False,False,False,False,True,0.2
2026-09-28T01:55:44Z,IL,IL00074IE011400005,40.6125,-89.245,63,Partly Cloudy,0,6,False,False,False,False,True,0.2
2026-09-28T01:55:44Z,IL,IL00074IW020800052,40.1298,-87.7441,63,Partly Cloudy,0,3,False,False,False,False,True,0.2
2026-09-28T01:55:44Z,IL,IL00055IN002700029,38.8649,-89.8532,66,Mostly Cloudy,1,3,False,False,False,False,True,0.2
2026-09-28T01:55:44Z,IL,IL00055IS006400017,39.3523,-89.6447,65,Mostly Cloudy,1,3,False,False,False,False,True,0.2
2026-09-28T01:55:44Z,IL,IL00064IW002500011,38.5491,-89.7633,67,Mostly Cloudy,1,3,False,False,False,False,True,0.2
2026-09-28T01:55:44Z,IL,IL00074IE002800030,41.2334,-90.333,64,Partly Cloudy,1,5,False,False,False,False,True,0.2
2026-09-28T01:55:44Z,IL,IL00064IE002500038,38.5481,-89.7731,67,Mostly Cloudy,1,3,False,False,False,False,True,0.2
2026-09-28T01:55:44Z,IL,IL00070IW008700045,39.0679,-88.6704,65,Mostly Cloudy,0,3,False,False,False,False,True,0.2
2026-09-28T01:55:44Z,IL,IL00057IS016500018,39.1993,-88.502,65,Mostly Cloudy,0,5,False,False,False,False,True,0.2
2026-09-28T01:55:44Z,IL,IL00074IW011400006,40.6111,-89.2323,63,Partly Cloudy,0,6,False,False,False,False,True,0.2
2026-09-28T01:55:44Z,IL,IL00074IE006200001,40.8788,-90.0936,63,Mostly Cloudy,1,3,False,False,False,False,True,0.2
2026-09-28T01:55:44Z,IL,IL00070IW014900008,39.4228,-87.6617,63,Partly Cloudy,0,5,False,False,False,False,True,0.2
2026-09-28T01:55:44Z,IL,IL00057IN016500044,39.1898,-88.5031,65,Mostly Cloudy,0,5,False,False,False,False,True,0.2
2026-09-28T01:55:44Z,IL,IL00055IS010400024,39.8871,-89.5966,65,Mostly Cloudy,0,5,False,False,False,False,True,0.2
2026-09-28T01:55:44Z,IL,IL00057IS003200025,37.4699,-89.1329,65,Partly Cloudy,1,1,False,False,False,False,True,0.2
2026-09-28T01:55:44Z,IL,IL00057IN003200035,37.4661,-89.1324,65,Partly Cloudy,1,1,False,False,False,False,True,0.2
2026-09-28T01:55:44Z,KY,KY00065IS0000020N65WELCOM,36.6434,-86.5687,67,Partly Cloudy,0,5,False,False,False,False,False,0.0
2026-09-28T01:55:44Z,KY,KY00065IS000020NSMARATHON,36.6612,-86.5553,67,Partly Cloudy,0,5,False,False,False,False,False,0.0
2026-09-28T01:55:44Z,KY,KY00065IS0000340NWEIGHS34,36.6868,-86.5379,68,Partly Cloudy,0,5,False,False,False,False,False,0.0
2026-09-28T01:55:44Z,KY,KY00065IS0011400S65SRA114,37.9464,-85.6905,68,Mostly Clear,0,5,False,False,False,False,False,0.0
2026-09-28T01:55:44Z,KY,KY00065IS0005900S65SRA059,37.239,-85.9297,65,Mostly Clear,0,1,False,False,False,False,False,0.0
2026-09-28T01:55:44Z,KY,KY00065IS0005900N65NRA059,37.2384,-85.9271,65,Mostly Clear,0,1,False,False,False,False,False,0.0
2026-09-28T01:55:44Z,KY,KY00075IS0003300NWEIGHS33,37.0422,-84.0968,59,Clear,0,2,False,False,False,False,False,0.0
2026-09-28T01:55:44Z,KY,KY00075IS0003400SWEIGHS34,37.048,-84.0997,59,Clear,0,2,False,False,False,False,False,0.0
2026-09-28T01:55:44Z,KY,KY00075IS0017700N75NRA177,38.937,-84.6309,61,Clear,0,5,False,False,False,False,False,0.0
2026-09-28T01:55:44Z,KY,KY00075IS0007500SWALTONWS,38.8653,-84.6476,61,Clear,0,5,False,False,False,False,False,0.0
2026-09-28T01:55:44Z,KY,KY00075IS0017700S75SRA177,38.9388,-84.6339,61,Clear,0,5,False,False,False,False,False,0.0
2026-09-28T01:55:44Z,KY,KY00075IS0016800SCRITENWS,38.8196,-84.6015,61,Clear,0,5,False,False,False,False,False,0.0
2026-09-28T01:55:44Z,KY,KY00075IS0000100N75WELCOM,36.6162,-84.1054,58,Mostly Clear,0,1,False,False,False,False,False,0.0
2026-09-28T02:10:44Z,IL,IL00064IW008500012,38.2766,-88.8012,64,Mostly Cloudy,0,2,False,False,False,False,True,0.2
2026-09-28T02:10:44Z,IL,IL00057IN026800032,40.5505,-88.0605,61,Mostly Cloudy,0,5,False,False,False,False,True,0.2
2026-09-28T02:10:44Z,IL,IL00070IE008600051,39.0651,-88.6745,65,Mostly Cloudy,0,3,False,False,False,False,True,0.2
2026-09-28T02:10:44Z,IL,IL00072IW015200014,39.9888,-88.7852,66,Partly Cloudy,0,6,False,False,False,False,True,0.2
2026-09-28T02:10:44Z,IL,IL00055IS019400021,40.8371,-88.6833,62,Mostly Cloudy,0,5,False,False,False,False,True,0.2
2026-09-28T02:10:44Z,IL,IL00057IN007900034,38.0297,-88.9203,67,Mostly Cloudy,0,1,False,False,False,False,True,0.2
2026-09-28T02:10:44Z,IL,IL00057IS007900047,38.0962,-88.9138,68,Mostly Cloudy,0,2,False,False,False,False,True,0.2
2026-09-28T02:10:44Z,IL,IL00055IN006400027,39.3465,-89.6408,66,Mostly Cloudy,1,3,False,False,False,False,True,0.2
2026-09-28T02:10:44Z,IL,IL00039IN008500036,41.7236,-89.0062,60,Mostly Cloudy,0,5,False,False,False,False,True,0.2
2026-09-28T02:10:44Z,IL,IL00070IE002700042,38.7849,-89.7023,67,Mostly Cloudy,1,3,False,False,False,False,True,0.2
2026-09-28T02:10:44Z,IL,IL00074IE015600037,40.2732,-88.6762,62,Partly Cloudy,0,6,False,False,False,False,True,0.2
2026-09-28T02:10:44Z,IL,IL00080IE005100040,41.3938,-89.5665,63,Mostly Cloudy,0,5,False,False,False,False,True,0.2
2026-09-28T02:10:44Z,IL,IL00055IN019400031,40.8234,-88.6875,62,Mostly Cloudy,0,5,False,False,False,False,True,0.2
2026-09-28T02:10:44Z,IL,IL00064IW013000053,38.2322,-87.9882,63,Partly Cloudy,0,1,False,False,False,False,True,0.2
2026-09-28T02:10:44Z,IL,IL00055IS002700019,38.8723,-89.8511,63,Mostly Cloudy,1,3,False,False,False,False,True,0.2
2026-09-28T02:10:44Z,IL,IL00057IS033300046,41.3918,-87.7749,57,Mostly Cloudy,0,5,False,False,False,False,True,0.2
2026-09-28T02:10:44Z,IL,IL00064IE008500039,38.273,-88.8496,68,Mostly Cloudy,0,2,False,False,False,False,True,0.2
2026-09-28T02:10:44Z,IL,IL00074IW002800020,41.2141,-90.3308,64,Partly Cloudy,1,5,False,False,False,False,True,0.2
2026-09-28T02:10:44Z,IL,IL00055IN014900028,40.3599,-89.1099,64,Partly Cloudy,0,6,False,False,False,False,True,0.2
2026-09-28T02:10:44Z,IL,IL00080IW005100013,41.3937,-89.5591,64,Mostly Cloudy,0,5,False,False,False,False,True,0.2
2026-09-28T02:10:44Z,IL,IL00080IW011700016,41.4473,-88.3285,61,Mostly Cloudy,0,5,False,False,False,False,True,0.2
2026-09-28T02:10:44Z,IL,IL00074IW015600009,40.2711,-88.6701,64,Partly Cloudy,0,6,False,False,False,False,True,0.2
2026-09-28T02:10:44Z,IL,IL00070IW002700015,38.7884,-89.6889,66,Mostly Cloudy,1,3,False,False,False,False,True,0.2
2026-09-28T02:10:44Z,IL,IL00057IS026800022,40.5613,-88.0615,61,Mostly Cloudy,0,5,False,False,False,False,True,0.2
2026-09-28T02:10:44Z,IL,IL00080IE011700043,41.4314,-88.3454,61,Mostly Cloudy,0,5,False,False,False,False,True,0.2
2026-09-28T02:10:44Z,IL,IL00024IW003700010,37.1593,-88.6798,68,Partly Cloudy,0,1,False,False,False,False,True,0.2
2026-09-28T02:10:44Z,IL,IL00055IN010400050,39.8627,-89.5948,65,Mostly Cloudy,0,5,False,False,False,False,True,0.2
2026-09-28T02:10:44Z,IL,IL00057IS011400023,38.5965,-88.9677,66,Mostly Cloudy,0,1,False,False,False,False,True,0.2
2026-09-28T02:10:44Z,IL,IL00057IN011400033,38.5963,-88.9638,66,Mostly Cloudy,0,1,False,False,False,False,True,0.2
2026-09-28T02:10:44Z,IL,IL00057IN022200048,39.9218,-88.299,65,Partly Cloudy,0,6,False,False,False,False,True,0.2
2026-09-28T02:10:44Z,IL,IL00057IN033300049,41.3892,-87.7729,57,Mostly Cloudy,0,5,False,False,False,False,True,0.2
2026-09-28T02:10:44Z,IL,IL00039IS008500026,41.7285,-89.0105,60,Mostly Cloudy,0,5,False,False,False,False,True,0.2
2026-09-28T02:10:44Z,IL,IL00057IS022200054,39.9314,-88.3043,65,Partly Cloudy,0,6,False,False,False,False,True,0.2
2026-09-28T02:10:44Z,IL,IL00072IE015200041,39.9923,-88.7827,66,Partly Cloudy,0,6,False,False,False,False,True,0.2
2026-09-28T02:10:44Z,IL,IL00074IW006200004,40.8802,-90.0895,63,Mostly Cloudy,1,3,False,False,False,False,True,0.2
2026-09-28T02:10:44Z,IL,IL00074IE011400005,40.6125,-89.245,63,Partly Cloudy,0,6,False,False,False,False,True,0.2
2026-09-28T02:10:44Z,IL,IL00074IW020800052,40.1298,-87.7441,63,Partly Cloudy,0,3,False,False,False,False,True,0.2
2026-09-28T02:10:44Z,IL,IL00055IN002700029,38.8649,-89.8532,66,Mostly Cloudy,1,3,False,False,False,False,True,0.2
2026-09-28T02:10:44Z,IL,IL00055IS006400017,39.3523,-89.6447,63,Mostly Cloudy,0,3,False,False,False,False,True,0.2
2026-09-28T02:10:44Z,IL,IL00064IW002500011,38.5491,-89.7633,67,Mostly Cloudy,1,3,False,False,False,False,True,0.2
2026-09-28T02:10:44Z,IL,IL00074IE002800030,41.2334,-90.333,64,Partly Cloudy,1,5,False,False,False,False,True,0.2
2026-09-28T02:10:44Z,IL,IL00064IE002500038,38.5481,-89.7731,67,Mostly Cloudy,1,3,False,False,False,False,True,0.2
2026-09-28T02:10:44Z,IL,IL00070IW008700045,39.0679,-88.6704,65,Mostly Cloudy,0,3,False,False,False,False,True,0.2
2026-09-28T02:10:44Z,IL,IL00057IS016500018,39.1993,-88.502,65,Mostly Cloudy,0,5,False,False,False,False,True,0.2
2026-09-28T02:10:44Z,IL,IL00074IW011400006,40.6111,-89.2323,63,Partly Cloudy,0,6,False,False,False,False,True,0.2
2026-09-28T02:10:44Z,IL,IL00074IE006200001,40.8788,-90.0936,63,Mostly Cloudy,1,3,False,False,False,False,True,0.2
2026-09-28T02:10:44Z,IL,IL00070IW014900008,39.4228,-87.6617,63,Partly Cloudy,0,5,False,False,False,False,True,0.2
2026-09-28T02:10:44Z,IL,IL00057IN016500044,39.1898,-88.5031,65,Mostly Cloudy,0,5,False,False,False,False,True,0.2
2026-09-28T02:10:44Z,IL,IL00055IS010400024,39.8871,-89.5966,65,Mostly Cloudy,0,5,False,False,False,False,True,0.2
2026-09-28T02:10:44Z,IL,IL00057IS003200025,37.4699,-89.1329,65,Partly Cloudy,1,1,False,False,False,False,True,0.2
2026-09-28T02:10:44Z,IL,IL00057IN003200035,37.4661,-89.1324,65,Partly Cloudy,1,1,False,False,False,False,True,0.2
2026-09-28T02:10:44Z,KY,KY00065IS0000020N65WELCOM,36.6434,-86.5687,67,Partly Cloudy,0,5,False,False,False,False,False,0.0
2026-09-28T02:10:44Z,KY,KY00065IS000020NSMARATHON,36.6612,-86.5553,67,Partly Cloudy,0,5,False,False,False,False,False,0.0
2026-09-28T02:10:44Z,KY,KY00065IS0000340NWEIGHS34,36.6868,-86.5379,68,Partly Cloudy,0,5,False,False,False,False,False,0.0
2026-09-28T02:10:44Z,KY,KY00065IS0011400S65SRA114,37.9464,-85.6905,68,Mostly Clear,0,5,False,False,False,False,False,0.0
2026-09-28T02:10:44Z,KY,KY00065IS0005900S65SRA059,37.239,-85.9297,65,Mostly Clear,0,1,False,False,False,False,False,0.0
2026-09-28T02:10:44Z,KY,KY00065IS0005900N65NRA059,37.2384,-85.9271,65,Mostly Clear,0,1,False,False,False,False,False,0.0
2026-09-28T02:10:44Z,KY,KY00075IS0003300NWEIGHS33,37.0422,-84.0968,59,Clear,0,2,False,False,False,False,False,0.0
2026-09-28T02:10:44Z,KY,KY00075IS0003400SWEIGHS34,37.048,-84.0997,59,Clear,0,2,False,False,False,False,False,0.0
2026-09-28T02:10:44Z,KY,KY00075IS0017700N75NRA177,38.937,-84.6309,61,Clear,0,5,False,False,False,False,False,0.0
2026-09-28T02:10:44Z,KY,KY00075IS0007500SWALTONWS,38.8653,-84.6476,61,Clear,0,5,False,False,False,False,False,0.0
2026-09-28T02:10:44Z,KY,KY00075IS0017700S75SRA177,38.9388,-84.6339,61,Clear,0,5,False,False,False,False,False,0.0
2026-09-28T02:10:44Z,KY,KY00075IS0016800SCRITENWS,38.8196,-84.6015,61,Clear,0,5,False,False,False,False,False,0.0
2026-09-28T02:10:44Z,KY,KY00075IS0000100N75WELCOM,36.6162,-84.1054,58,Mostly Clear,0,1,False,False,False,False,False,0.0
2026-09-28T02:25:44Z,IL,IL00064IW008500012,38.2766,-88.8012,64,Mostly Cloudy,0,2,False,False,False,False,True,0.2
2026-09-28T02:25:44Z,IL,IL00057IN026800032,40.5505,-88.0605,61,Mostly Cloudy,0,5,False,False,False,False,True,0.2
2026-09-28T02:25:44Z,IL,IL00070IE008600051,39.0651,-88.6745,65,Mostly Cloudy,0,3,False,False,False,False,True,0.2
2026-09-28T02:25:44Z,IL,IL00072IW015200014,39.9888,-88.7852,66,Partly Cloudy,0,6,False,False,False,False,True,0.2
2026-09-28T02:25:44Z,IL,IL00055IS019400021,40.8371,-88.6833,62,Mostly Cloudy,0,5,False,False,False,False,True,0.2
2026-09-28T02:25:44Z,IL,IL00057IN007900034,38.0297,-88.9203,67,Mostly Cloudy,0,1,False,False,False,False,True,0.2
2026-09-28T02:25:44Z,IL,IL00057IS007900047,38.0962,-88.9138,67,Mostly Cloudy,0,2,False,False,False,False,True,0.2
2026-09-28T02:25:44Z,IL,IL00055IN006400027,39.3465,-89.6408,66,Mostly Cloudy,1,3,False,False,False,False,True,0.2
2026-09-28T02:25:44Z,IL,IL00039IN008500036,41.7236,-89.0062,60,Mostly Cloudy,0,5,False,False,False,False,True,0.2
2026-09-28T02:25:44Z,IL,IL00070IE002700042,38.7849,-89.7023,67,Mostly Cloudy,1,3,False,False,False,False,True,0.2
2026-09-28T02:25:44Z,IL,IL00074IE015600037,40.2732,-88.6762,64,Partly Cloudy,0,6,False,False,False,False,True,0.2
2026-09-28T02:25:44Z,IL,IL00080IE005100040,41.3938,-89.5665,63,Mostly Cloudy,0,5,False,False,False,False,True,0.2
2026-09-28T02:25:44Z,IL,IL00055IN019400031,40.8234,-88.6875,62,Mostly Cloudy,0,5,False,False,False,False,True,0.2
2026-09-28T02:25:44Z,IL,IL00064IW013000053,38.2322,-87.9882,63,Partly Cloudy,0,1,False,False,False,False,True,0.2
2026-09-28T02:25:44Z,IL,IL00055IS002700019,38.8723,-89.8511,66,Mostly Cloudy,1,3,False,False,False,False,True,0.2
2026-09-28T02:25:44Z,IL,IL00057IS033300046,41.3918,-87.7749,57,Mostly Cloudy,0,5,False,False,False,False,True,0.2
2026-09-28T02:25:44Z,IL,IL00064IE008500039,38.273,-88.8496,68,Mostly Cloudy,0,2,False,False,False,False,True,0.2
2026-09-28T02:25:44Z,IL,IL00074IW002800020,41.2141,-90.3308,64,Partly Cloudy,1,5,False,False,False,False,True,0.2
2026-09-28T02:25:44Z,IL,IL00055IN014900028,40.3599,-89.1099,64,Partly Cloudy,0,6,False,False,False,False,True,0.2
2026-09-28T02:25:44Z,IL,IL00080IW005100013,41.3937,-89.5591,64,Mostly Cloudy,0,5,False,False,False,False,True,0.2
2026-09-28T02:25:44Z,IL,IL00080IW011700016,41.4473,-88.3285,61,Mostly Cloudy,0,5,False,False,False,False,True,0.2
2026-09-28T02:25:44Z,IL,IL00074IW015600009,40.2711,-88.6701,64,Partly Cloudy,0,6,False,False,False,False,True,0.2
2026-09-28T02:25:44Z,IL,IL00070IW002700015,38.7884,-89.6889,64,Mostly Cloudy,1,3,False,False,False,False,True,0.2
2026-09-28T02:25:44Z,IL,IL00057IS026800022,40.5613,-88.0615,61,Mostly Cloudy,0,5,False,False,False,False,True,0.2
2026-09-28T02:25:44Z,IL,IL00080IE011700043,41.4314,-88.3454,61,Mostly Cloudy,0,5,False,False,False,False,True,0.2
2026-09-28T02:25:44Z,IL,IL00024IW003700010,37.1593,-88.6798,68,Partly Cloudy,0,1,False,False,False,False,True,0.2
2026-09-28T02:25:44Z,IL,IL00055IN010400050,39.8627,-89.5948,65,Mostly Cloudy,0,5,False,False,False,False,True,0.2
2026-09-28T02:25:44Z,IL,IL00057IS011400023,38.5965,-88.9677,66,Mostly Cloudy,0,1,False,False,False,False,True,0.2
2026-09-28T02:25:44Z,IL,IL00057IN011400033,38.5963,-88.9638,66,Mostly Cloudy,0,1,False,False,False,False,True,0.2
2026-09-28T02:25:44Z,IL,IL00057IN022200048,39.9218,-88.299,65,Partly Cloudy,0,6,False,False,False,False,True,0.2
2026-09-28T02:25:44Z,IL,IL00057IN033300049,41.3892,-87.7729,57,Mostly Cloudy,0,5,False,False,False,False,True,0.2
2026-09-28T02:25:44Z,IL,IL00039IS008500026,41.7285,-89.0105,60,Mostly Cloudy,0,5,False,False,False,False,True,0.2
2026-09-28T02:25:44Z,IL,IL00057IS022200054,39.9314,-88.3043,65,Partly Cloudy,0,6,False,False,False,False,True,0.2
2026-09-28T02:25:44Z,IL,IL00072IE015200041,39.9923,-88.7827,66,Partly Cloudy,0,6,False,False,False,False,True,0.2
2026-09-28T02:25:44Z,IL,IL00074IW006200004,40.8802,-90.0895,63,Mostly Cloudy,1,3,False,False,False,False,True,0.2
2026-09-28T02:25:44Z,IL,IL00074IE011400005,40.6125,-89.245,63,Partly Cloudy,0,6,False,False,False,False,True,0.2
2026-09-28T02:25:44Z,IL,IL00074IW020800052,40.1298,-87.7441,63,Partly Cloudy,0,3,False,False,False,False,True,0.2
2026-09-28T02:25:44Z,IL,IL00055IN002700029,38.8649,-89.8532,63,Mostly Cloudy,1,3,False,False,False,False,True,0.2
2026-09-28T02:25:44Z,IL,IL00055IS006400017,39.3523,-89.6447,65,Mostly Cloudy,1,3,False,False,False,False,True,0.2
2026-09-28T02:25:44Z,IL,IL00064IW002500011,38.5491,-89.7633,67,Mostly Cloudy,1,3,False,False,False,False,True,0.2
2026-09-28T02:25:44Z,IL,IL00074IE002800030,41.2334,-90.333,64,Partly Cloudy,1,5,False,False,False,False,True,0.2
2026-09-28T02:25:44Z,IL,IL00064IE002500038,38.5481,-89.7731,67,Mostly Cloudy,1,3,False,False,False,False,True,0.2
2026-09-28T02:25:44Z,IL,IL00070IW008700045,39.0679,-88.6704,65,Mostly Cloudy,0,3,False,False,False,False,True,0.2
2026-09-28T02:25:44Z,IL,IL00057IS016500018,39.1993,-88.502,65,Mostly Cloudy,0,5,False,False,False,False,True,0.2
2026-09-28T02:25:44Z,IL,IL00074IW011400006,40.6111,-89.2323,63,Partly Cloudy,0,6,False,False,False,False,True,0.2
2026-09-28T02:25:44Z,IL,IL00074IE006200001,40.8788,-90.0936,63,Mostly Cloudy,1,3,False,False,False,False,True,0.2
2026-09-28T02:25:44Z,IL,IL00070IW014900008,39.4228,-87.6617,63,Partly Cloudy,0,5,False,False,False,False,True,0.2
2026-09-28T02:25:44Z,IL,IL00057IN016500044,39.1898,-88.5031,63,Mostly Cloudy,0,5,False,False,False,False,True,0.2
2026-09-28T02:25:44Z,IL,IL00055IS010400024,39.8871,-89.5966,65,Mostly Cloudy,0,5,False,False,False,False,True,0.2
2026-09-28T02:25:44Z,IL,IL00057IS003200025,37.4699,-89.1329,65,Partly Cloudy,1,1,False,False,False,False,True,0.2
2026-09-28T02:25:44Z,IL,IL00057IN003200035,37.4661,-89.1324,65,Partly Cloudy,1,1,False,False,False,False,True,0.2
2026-09-28T02:25:44Z,KY,KY00065IS0000020N65WELCOM,36.6434,-86.5687,67,Partly Cloudy,0,5,False,False,False,False,False,0.0
2026-09-28T02:25:44Z,KY,KY00065IS000020NSMARATHON,36.6612,-86.5553,67,Partly Cloudy,0,5,False,False,False,False,False,0.0
2026-09-28T02:25:44Z,KY,KY00065IS0000340NWEIGHS34,36.6868,-86.5379,68,Partly Cloudy,0,5,False,False,False,False,False,0.0
2026-09-28T02:25:44Z,KY,KY00065IS0011400S65SRA114,37.9464,-85.6905,68,Mostly Clear,0,5,False,False,False,False,False,0.0
2026-09-28T02:25:44Z,KY,KY00065IS0005900S65SRA059,37.239,-85.9297,65,Mostly Clear,0,1,False,False,False,False,False,0.0
2026-09-28T02:25:44Z,KY,KY00065IS0005900N65NRA059,37.2384,-85.9271,65,Mostly Clear,0,1,False,False,False,False,False,0.0
2026-09-28T02:25:44Z,KY,KY00075IS0003300NWEIGHS33,37.0422,-84.0968,59,Clear,0,2,False,False,False,False,False,0.0
2026-09-28T02:25:44Z,KY,KY00075IS0003400SWEIGHS34,37.048,-84.0997,59,Clear,0,2,False,False,False,False,False,0.0
2026-09-28T02:25:44Z,KY,KY00075IS0017700N75NRA177,38.937,-84.6309,61,Clear,0,5,False,False,False,False,False,0.0
2026-09-28T02:25:44Z,KY,KY00075IS0007500SWALTONWS,38.8653,-84.6476,61,Clear,0,5,False,False,False,False,False,0.0
2026-09-28T02:25:44Z,KY,KY00075IS0017700S75SRA177,38.9388,-84.6339,61,Clear,0,5,False,False,False,False,False,0.0
2026-09-28T02:25:44Z,KY,KY00075IS0016800SCRITENWS,38.8196,-84.6015,61,Clear,0,5,False,False,False,False,False,0.0
2026-09-28T02:25:44Z,KY,KY00075IS0000100N75WELCOM,36.6162,-84.1054,58,Mostly Clear,0,1,False,False,False,False,False,0.0
2026-09-28T02:40:44Z,IL,IL00064IW008500012,38.2766,-88.8012,64,Mostly Cloudy,0,2,False,False,False,False,True,0.2
2026-09-28T02:40:44Z,IL,IL00057IN026800032,40.5505,-88.0605,57,Partly Cloudy,0,5,False,False,False,False,True,0.2
2026-09-28T02:40:44Z,IL,IL00070IE008600051,39.0651,-88.6745,62,Mostly Cloudy,0,3,False,False,False,False,True,0.2
2026-09-28T02:40:44Z,IL,IL00072IW015200014,39.9888,-88.7852,66,Partly Cloudy,0,6,False,False,False,False,True,0.2
2026-09-28T02:40:44Z,IL,IL00055IS019400021,40.8371,-88.6833,53,Partly Cloudy,0,5,False,False,False,False,True,0.2
2026-09-28T02:40:44Z,IL,IL00057IN007900034,38.0297,-88.9203,65,Mostly Cloudy,0,2,False,False,False,False,True,0.2
2026-09-28T02:40:44Z,IL,IL00057IS007900047,38.0962,-88.9138,67,Mostly Cloudy,0,2,False,False,False,False,True,0.2
2026-09-28T02:40:44Z,IL,IL00055IN006400027,39.3465,-89.6408,63,Mostly Cloudy,0,3,False,False,False,False,True,0.2
2026-09-28T02:40:44Z,IL,IL00039IN008500036,41.7236,-89.0062,56,Partly Cloudy,0,5,False,False,False,False,True,0.2
2026-09-28T02:40:44Z,IL,IL00070IE002700042,38.7849,-89.7023,64,Mostly Cloudy,1,3,False,False,False,False,True,0.2
2026-09-28T02:40:44Z,IL,IL00074IE015600037,40.2732,-88.6762,62,Partly Cloudy,0,6,False,False,False,False,True,0.2
2026-09-28T02:40:44Z,IL,IL00080IE005100040,41.3938,-89.5665,61,Mostly Cloudy,0,5,False,False,False,False,True,0.2
2026-09-28T02:40:44Z,IL,IL00055IN019400031,40.8234,-88.6875,53,Partly Cloudy,0,5,False,False,False,False,True,0.2
2026-09-28T02:40:44Z,IL,IL00064IW013000053,38.2322,-87.9882,63,Partly Cloudy,0,1,False,False,False,False,True,0.2
2026-09-28T02:40:44Z,IL,IL00055IS002700019,38.8723,-89.8511,66,Mostly Cloudy,1,3,False,False,False,False,True,0.2
2026-09-28T02:40:44Z,IL,IL00057IS033300046,41.3918,-87.7749,55,Mostly Cloudy,0,5,False,False,False,False,True,0.2
2026-09-28T02:40:44Z,IL,IL00064IE008500039,38.273,-88.8496,65,Mostly Cloudy,0,2,False,False,False,False,True,0.2
2026-09-28T02:40:44Z,IL,IL00074IW002800020,41.2141,-90.3308,63,Mostly Cloudy,1,5,False,False,False,False,True,0.2
2026-09-28T02:40:44Z,IL,IL00055IN014900028,40.3599,-89.1099,61,Partly Cloudy,0,6,False,False,False,False,True,0.2
2026-09-28T02:40:44Z,IL,IL00080IW005100013,41.3937,-89.5591,62,Mostly Cloudy,0,5,False,False,False,False,True,0.2
2026-09-28T02:40:44Z,IL,IL00080IW011700016,41.4473,-88.3285,61,Mostly Cloudy,0,5,False,False,False,False,True,0.2
2026-09-28T02:40:44Z,IL,IL00074IW015600009,40.2711,-88.6701,61,Partly Cloudy,0,6,False,False,False,False,True,0.2
2026-09-28T02:40:44Z,IL,IL00070IW002700015,38.7884,-89.6889,64,Mostly Cloudy,1,3,False,False,False,False,True,0.2
2026-09-28T02:40:44Z,IL,IL00057IS026800022,40.5613,-88.0615,57,Partly Cloudy,0,5,False,False,False,False,True,0.2
2026-09-28T02:40:44Z,IL,IL00080IE011700043,41.4314,-88.3454,56,Partly Cloudy,0,5,False,False,False,False,True,0.2
2026-09-28T02:40:44Z,IL,IL00024IW003700010,37.1593,-88.6798,65,Partly Cloudy,0,1,False,False,False,False,True,0.2
2026-09-28T02:40:44Z,IL,IL00055IN010400050,39.8627,-89.5948,63,Mostly Cloudy,0,5,False,False,False,False,True,0.2
2026-09-28T02:40:44Z,IL,IL00057IS011400023,38.5965,-88.9677,63,Mostly Cloudy,0,1,False,False,False,False,True,0.2
2026-09-28T02:40:44Z,IL,IL00057IN011400033,38.5963,-88.9638,63,Mostly Cloudy,0,1,False,False,False,False,True,0.2
2026-09-28T02:40:44Z,IL,IL00057IN022200048,39.9218,-88.299,58,Partly Cloudy,0,6,False,False,False,False,True,0.2
2026-09-28T02:40:44Z,IL,IL00057IN033300049,41.3892,-87.7729,54,Mostly Cloudy,0,5,False,False,False,False,True,0.2
2026-09-28T02:40:44Z,IL,IL00039IS008500026,41.7285,-89.0105,56,Partly Cloudy,0,5,False,False,False,False,True,0.2
2026-09-28T02:40:44Z,IL,IL00057IS022200054,39.9314,-88.3043,58,Partly Cloudy,0,6,False,False,False,False,True,0.2
2026-09-28T02:40:44Z,IL,IL00072IE015200041,39.9923,-88.7827,66,Partly Cloudy,0,6,False,False,False,False,True,0.2
2026-09-28T02:40:44Z,IL,IL00074IW006200004,40.8802,-90.0895,62,Mostly Cloudy,1,3,False,False,False,False,True,0.2
2026-09-28T02:40:44Z,IL,IL00074IE011400005,40.6125,-89.245,61,Partly Cloudy,0,5,False,False,False,False,True,0.2
2026-09-28T02:40:44Z,IL,IL00074IW020800052,40.1298,-87.7441,59,Partly Cloudy,0,5,False,False,False,False,True,0.2
2026-09-28T02:40:44Z,IL,IL00055IN002700029,38.8649,-89.8532,66,Mostly Cloudy,1,3,False,False,False,False,True,0.2
2026-09-28T02:40:44Z,IL,IL00055IS006400017,39.3523,-89.6447,63,Mostly Cloudy,0,3,False,False,False,False,True,0.2
2026-09-28T02:40:44Z,IL,IL00064IW002500011,38.5491,-89.7633,67,Mostly Cloudy,1,3,False,False,False,False,True,0.2
2026-09-28T02:40:44Z,IL,IL00074IE002800030,41.2334,-90.333,64,Partly Cloudy,1,5,False,False,False,False,True,0.2
2026-09-28T02:40:44Z,IL,IL00064IE002500038,38.5481,-89.7731,64,Mostly Cloudy,1,2,False,False,False,False,True,0.2
2026-09-28T02:40:44Z,IL,IL00070IW008700045,39.0679,-88.6704,62,Mostly Cloudy,0,3,False,False,False,False,True,0.2
2026-09-28T02:40:44Z,IL,IL00057IS016500018,39.1993,-88.502,59,Partly Cloudy,0,5,False,False,False,False,True,0.2
2026-09-28T02:40:44Z,IL,IL00074IW011400006,40.6111,-89.2323,61,Partly Cloudy,0,5,False,False,False,False,True,0.2
2026-09-28T02:40:44Z,IL,IL00074IE006200001,40.8788,-90.0936,62,Mostly Cloudy,1,3,False,False,False,False,True,0.2
2026-09-28T02:40:44Z,IL,IL00070IW014900008,39.4228,-87.6617,56,Partly Cloudy,0,5,False,False,False,False,True,0.2
2026-09-28T02:40:44Z,IL,IL00057IN016500044,39.1898,-88.5031,63,Mostly Cloudy,0,5,False,False,False,False,True,0.2
2026-09-28T02:40:44Z,IL,IL00055IS010400024,39.8871,-89.5966,62,Mostly Cloudy,0,3,False,False,False,False,True,0.2
2026-09-28T02:40:44Z,IL,IL00057IS003200025,37.4699,-89.1329,64,Partly Cloudy,1,1,False,False,False,False,True,0.2
2026-09-28T02:40:44Z,IL,IL00057IN003200035,37.4661,-89.1324,64,Partly Cloudy,1,1,False,False,False,False,True,0.2
2026-09-28T02:40:44Z,KY,KY00065IS0000020N65WELCOM,36.6434,-86.5687,67,Partly Cloudy,0,5,False,False,False,False,False,0.0
2026-09-28T02:40:44Z,KY,KY00065IS000020NSMARATHON,36.6612,-86.5553,64,Partly Cloudy,0,3,False,False,False,False,False,0.0
2026-09-28T02:40:44Z,KY,KY00065IS0000340NWEIGHS34,36.6868,-86.5379,64,Partly Cloudy,0,3,False,False,False,False,False,0.0
2026-09-28T02:40:44Z,KY,KY00065IS0011400S65SRA114,37.9464,-85.6905,66,Clear,0,3,False,False,False,False,False,0.0
2026-09-28T02:40:44Z,KY,KY00065IS0005900S65SRA059,37.239,-85.9297,63,Mostly Clear,0,1,False,False,False,False,False,0.0
2026-09-28T02:40:44Z,KY,KY00065IS0005900N65NRA059,37.2384,-85.9271,63,Mostly Clear,0,1,False,False,False,False,False,0.0
2026-09-28T02:40:44Z,KY,KY00075IS0003300NWEIGHS33,37.0422,-84.0968,58,Clear,0,2,False,False,False,False,False,0.0
2026-09-28T02:40:44Z,KY,KY00075IS0003400SWEIGHS34,37.048,-84.0997,58,Clear,0,2,False,False,False,False,False,0.0
2026-09-28T02:40:44Z,KY,KY00075IS0017700N75NRA177,38.937,-84.6309,59,Clear,0,5,False,False,False,False,False,0.0
2026-09-28T02:40:44Z,KY,KY00075IS0007500SWALTONWS,38.8653,-84.6476,59,Clear,0,5,False,False,False,False,False,0.0
2026-09-28T02:40:44Z,KY,KY00075IS0017700S75SRA177,38.9388,-84.6339,59,Clear,0,5,False,False,False,False,False,0.0
2026-09-28T02:40:44Z,KY,KY00075IS0016800SCRITENWS,38.8196,-84.6015,59,Clear,0,5,False,False,False,False,False,0.0
2026-09-28T02:40:44Z,KY,KY00075IS0000100N75WELCOM,36.6162,-84.1054,56,Mostly Clear,0,1,False,False,False,False,False,0.0
2026-09-28T02:55:44Z,IL,IL00064IW008500012,38.2766,-88.8012,64,Mostly Cloudy,0,2,False,False,False,False,True,0.2
2026-09-28T02:55:44Z,IL,IL00057IN026800032,40.5505,-88.0605,57,Partly Cloudy,0,5,False,False,False,False,True,0.2
2026-09-28T02:55:44Z,IL,IL00070IE008600051,39.0651,-88.6745,62,Mostly Cloudy,0,3,False,False,False,False,True,0.2
2026-09-28T02:55:44Z,IL,IL00072IW015200014,39.9888,-88.7852,62,Partly Cloudy,0,6,False,False,False,False,True,0.2
2026-09-28T02:55:44Z,IL,IL00055IS019400021,40.8371,-88.6833,53,Partly Cloudy,0,5,False,False,False,False,True,0.2
2026-09-28T02:55:44Z,IL,IL00057IN007900034,38.0297,-88.9203,65,Mostly Cloudy,0,2,False,False,False,False,True,0.2
2026-09-28T02:55:44Z,IL,IL00057IS007900047,38.0962,-88.9138,67,Mostly Cloudy,0,2,False,False,False,False,True,0.2
2026-09-28T02:55:44Z,IL,IL00055IN006400027,39.3465,-89.6408,63,Mostly Cloudy,0,3,False,False,False,False,True,0.2
2026-09-28T02:55:44Z,IL,IL00039IN008500036,41.7236,-89.0062,56,Partly Cloudy,0,5,False,False,False,False,True,0.2
2026-09-28T02:55:44Z,IL,IL00070IE002700042,38.7849,-89.7023,64,Mostly Cloudy,1,3,False,False,False,False,True,0.2
2026-09-28T02:55:44Z,IL,IL00074IE015600037,40.2732,-88.6762,62,Partly Cloudy,0,6,False,False,False,False,True,0.2
2026-09-28T02:55:44Z,IL,IL00080IE005100040,41.3938,-89.5665,61,Mostly Cloudy,0,5,False,False,False,False,True,0.2
2026-09-28T02:55:44Z,IL,IL00055IN019400031,40.8234,-88.6875,53,Partly Cloudy,0,5,False,False,False,False,True,0.2
2026-09-28T02:55:44Z,IL,IL00064IW013000053,38.2322,-87.9882,63,Partly Cloudy,0,1,False,False,False,False,True,0.2
2026-09-28T02:55:44Z,IL,IL00055IS002700019,38.8723,-89.8511,63,Mostly Cloudy,1,3,False,False,False,False,True,0.2
2026-09-28T02:55:44Z,IL,IL00057IS033300046,41.3918,-87.7749,55,Mostly Cloudy,0,5,False,False,False,False,True,0.2
2026-09-28T02:55:44Z,IL,IL00064IE008500039,38.273,-88.8496,65,Mostly Cloudy,0,2,False,False,False,False,True,0.2
2026-09-28T02:55:44Z,IL,IL00074IW002800020,41.2141,-90.3308,63,Mostly Cloudy,1,5,False,False,False,False,True,0.2
2026-09-28T02:55:44Z,IL,IL00055IN014900028,40.3599,-89.1099,62,Partly Cloudy,0,6,False,False,False,False,True,0.2
2026-09-28T02:55:44Z,IL,IL00080IW005100013,41.3937,-89.5591,62,Mostly Cloudy,0,5,False,False,False,False,True,0.2
2026-09-28T02:55:44Z,IL,IL00080IW011700016,41.4473,-88.3285,56,Partly Cloudy,0,5,False,False,False,False,True,0.2
2026-09-28T02:55:44Z,IL,IL00074IW015600009,40.2711,-88.6701,61,Partly Cloudy,0,6,False,False,False,False,True,0.2
2026-09-28T02:55:44Z,IL,IL00070IW002700015,38.7884,-89.6889,64,Mostly Cloudy,1,3,False,False,False,False,True,0.2
2026-09-28T02:55:44Z,IL,IL00057IS026800022,40.5613,-88.0615,57,Partly Cloudy,0,5,False,False,False,False,True,0.2
2026-09-28T02:55:44Z,IL,IL00080IE011700043,41.4314,-88.3454,56,Partly Cloudy,0,5,False,False,False,False,True,0.2
2026-09-28T02:55:44Z,IL,IL00024IW003700010,37.1593,-88.6798,65,Partly Cloudy,0,1,False,False,False,False,True,0.2
2026-09-28T02:55:44Z,IL,IL00055IN010400050,39.8627,-89.5948,63,Mostly Cloudy,0,5,False,False,False,False,True,0.2
2026-09-28T02:55:44Z,IL,IL00057IS011400023,38.5965,-88.9677,63,Mostly Cloudy,0,1,False,False,False,False,True,0.2
2026-09-28T02:55:44Z,IL,IL00057IN011400033,38.5963,-88.9638,63,Mostly Cloudy,0,1,False,False,False,False,True,0.2
2026-09-28T02:55:44Z,IL,IL00057IN022200048,39.9218,-88.299,58,Partly Cloudy,0,6,False,False,False,False,True,0.2
2026-09-28T02:55:44Z,IL,IL00057IN033300049,41.3892,-87.7729,54,Mostly Cloudy,0,5,False,False,False,False,True,0.2
2026-09-28T02:55:44Z,IL,IL00039IS008500026,41.7285,-89.0105,56,Partly Cloudy,0,5,False,False,False,False,True,0.2
2026-09-28T02:55:44Z,IL,IL00057IS022200054,39.9314,-88.3043,58,Partly Cloudy,0,6,False,False,False,False,True,0.2
2026-09-28T02:55:44Z,IL,IL00072IE015200041,39.9923,-88.7827,62,Partly Cloudy,0,6,False,False,False,False,True,0.2
2026-09-28T02:55:44Z,IL,IL00074IW006200004,40.8802,-90.0895,62,Mostly Cloudy,1,3,False,False,False,False,True,0.2
2026-09-28T02:55:44Z,IL,IL00074IE011400005,40.6125,-89.245,61,Partly Cloudy,0,5,False,False,False,False,True,0.2
2026-09-28T02:55:44Z,IL,IL00074IW020800052,40.1298,-87.7441,59,Partly Cloudy,0,5,False,False,False,False,True,0.2
2026-09-28T02:55:44Z,IL,IL00055IN002700029,38.8649,-89.8532,63,Mostly Cloudy,1,3,False,False,False,False,True,0.2
2026-09-28T02:55:44Z,IL,IL00055IS006400017,39.3523,-89.6447,63,Mostly Cloudy,0,3,False,False,False,False,True,0.2
2026-09-28T02:55:44Z,IL,IL00064IW002500011,38.5491,-89.7633,64,Mostly Cloudy,1,2,False,False,False,False,True,0.2
2026-09-28T02:55:44Z,IL,IL00074IE002800030,41.2334,-90.333,63,Mostly Cloudy,1,5,False,False,False,False,True,0.2
2026-09-28T02:55:44Z,IL,IL00064IE002500038,38.5481,-89.7731,64,Mostly Cloudy,1,2,False,False,False,False,True,0.2
2026-09-28T02:55:44Z,IL,IL00070IW008700045,39.0679,-88.6704,62,Mostly Cloudy,0,3,False,False,False,False,True,0.2
2026-09-28T02:55:44Z,IL,IL00057IS016500018,39.1993,-88.502,59,Partly Cloudy,0,5,False,False,False,False,True,0.2
2026-09-28T02:55:44Z,IL,IL00074IW011400006,40.6111,-89.2323,61,Partly Cloudy,0,5,False,False,False,False,True,0.2
2026-09-28T02:55:44Z,IL,IL00074IE006200001,40.8788,-90.0936,62,Mostly Cloudy,1,3,False,False,False,False,True,0.2
2026-09-28T02:55:44Z,IL,IL00070IW014900008,39.4228,-87.6617,56,Partly Cloudy,0,5,False,False,False,False,True,0.2
2026-09-28T02:55:44Z,IL,IL00057IN016500044,39.1898,-88.5031,59,Mostly Cloudy,0,5,False,False,False,False,True,0.2
2026-09-28T02:55:44Z,IL,IL00055IS010400024,39.8871,-89.5966,62,Mostly Cloudy,0,3,False,False,False,False,True,0.2
2026-09-28T02:55:44Z,IL,IL00057IS003200025,37.4699,-89.1329,64,Partly Cloudy,1,1,False,False,False,False,True,0.2
2026-09-28T02:55:44Z,IL,IL00057IN003200035,37.4661,-89.1324,64,Partly Cloudy,1,1,False,False,False,False,True,0.2
2026-09-28T02:55:44Z,KY,KY00065IS0000020N65WELCOM,36.6434,-86.5687,64,Partly Cloudy,0,5,False,False,False,False,False,0.0
2026-09-28T02:55:44Z,KY,KY00065IS000020NSMARATHON,36.6612,-86.5553,64,Partly Cloudy,0,3,False,False,False,False,False,0.0
2026-09-28T02:55:44Z,KY,KY00065IS0000340NWEIGHS34,36.6868,-86.5379,64,Partly Cloudy,0,3,False,False,False,False,False,0.0
2026-09-28T02:55:44Z,KY,KY00065IS0011400S65SRA114,37.9464,-85.6905,66,Clear,0,3,False,False,False,False,False,0.0
2026-09-28T02:55:44Z,KY,KY00065IS0005900S65SRA059,37.239,-85.9297,63,Mostly Clear,0,1,False,False,False,False,False,0.0
2026-09-28T02:55:44Z,KY,KY00065IS0005900N65NRA059,37.2384,-85.9271,63,Mostly Clear,0,1,False,False,False,False,False,0.0
2026-09-28T02:55:44Z,KY,KY00075IS0003300NWEIGHS33,37.0422,-84.0968,58,Clear,0,2,False,False,False,False,False,0.0
2026-09-28T02:55:44Z,KY,KY00075IS0003400SWEIGHS34,37.048,-84.0997,58,Clear,0,2,False,False,False,False,False,0.0
2026-09-28T02:55:44Z,KY,KY00075IS0017700N75NRA177,38.937,-84.6309,59,Clear,0,5,False,False,False,False,False,0.0
2026-09-28T02:55:44Z,KY,KY00075IS0007500SWALTONWS,38.8653,-84.6476,59,Clear,0,5,False,False,False,False,False,0.0
2026-09-28T02:55:44Z,KY,KY00075IS0017700S75SRA177,38.9388,-84.6339,59,Clear,0,5,False,False,False,False,False,0.0
2026-09-28T02:55:44Z,KY,KY00075IS0016800SCRITENWS,38.8196,-84.6015,59,Clear,0,5,False,False,False,False,False,0.0
2026-09-28T02:55:44Z,KY,KY00075IS0000100N75WELCOM,36.6162,-84.1054,56,Mostly Clear,0,1,False,False,False,False,False,0.0
2026-09-28T03:10:44Z,IL,IL00064IW008500012,38.2766,-88.8012,64,Mostly Cloudy,0,2,False,False,False,False,True,0.2
2026-09-28T03:10:44Z,IL,IL00057IN026800032,40.5505,-88.0605,57,Partly Cloudy,0,5,False,False,False,False,True,0.2
2026-09-28T03:10:44Z,IL,IL00070IE008600051,39.0651,-88.6745,62,Mostly Cloudy,0,3,False,False,False,False,True,0.2
2026-09-28T03:10:44Z,IL,IL00072IW015200014,39.9888,-88.7852,62,Partly Cloudy,0,6,False,False,False,False,True,0.2
2026-09-28T03:10:44Z,IL,IL00055IS019400021,40.8371,-88.6833,53,Partly Cloudy,0,5,False,False,False,False,True,0.2
2026-09-28T03:10:44Z,IL,IL00057IN007900034,38.0297,-88.9203,65,Mostly Cloudy,0,2,False,False,False,False,True,0.2
2026-09-28T03:10:44Z,IL,IL00057IS007900047,38.0962,-88.9138,67,Mostly Cloudy,0,2,False,False,False,False,True,0.2
2026-09-28T03:10:44Z,IL,IL00055IN006400027,39.3465,-89.6408,63,Mostly Cloudy,0,3,False,False,False,False,True,0.2
2026-09-28T03:10:44Z,IL,IL00039IN008500036,41.7236,-89.0062,56,Partly Cloudy,0,5,False,False,False,False,True,0.2
2026-09-28T03:10:44Z,IL,IL00070IE002700042,38.7849,-89.7023,64,Mostly Cloudy,1,3,False,False,False,False,True,0.2
2026-09-28T03:10:44Z,IL,IL00074IE015600037,40.2732,-88.6762,62,Partly Cloudy,0,6,False,False,False,False,True,0.2
2026-09-28T03:10:44Z,IL,IL00080IE005100040,41.3938,-89.5665,61,Mostly Cloudy,0,5,False,False,False,False,True,0.2
2026-09-28T03:10:44Z,IL,IL00055IN019400031,40.8234,-88.6875,53,Partly Cloudy,0,5,False,False,False,False,True,0.2
2026-09-28T03:10:44Z,IL,IL00064IW013000053,38.2322,-87.9882,63,Partly Cloudy,0,1,False,False,False,False,True,0.2
2026-09-28T03:10:44Z,IL,IL00055IS002700019,38.8723,-89.8511,63,Mostly Cloudy,1,3,False,False,False,False,True,0.2
2026-09-28T03:10:44Z,IL,IL00057IS033300046,41.3918,-87.7749,55,Mostly Cloudy,0,5,False,False,False,False,True,0.2
2026-09-28T03:10:44Z,IL,IL00064IE008500039,38.273,-88.8496,65,Mostly Cloudy,0,2,False,False,False,False,True,0.2
2026-09-28T03:10:44Z,IL,IL00074IW002800020,41.2141,-90.3308,63,Mostly Cloudy,1,5,False,False,False,False,True,0.2
2026-09-28T03:10:44Z,IL,IL00055IN014900028,40.3599,-89.1099,62,Partly Cloudy,0,6,False,False,False,False,True,0.2
2026-09-28T03:10:44Z,IL,IL00080IW005100013,41.3937,-89.5591,62,Mostly Cloudy,0,5,False,False,False,False,True,0.2
2026-09-28T03:10:44Z,IL,IL00080IW011700016,41.4473,-88.3285,56,Partly Cloudy,0,5,False,False,False,False,True,0.2
2026-09-28T03:10:44Z,IL,IL00074IW015600009,40.2711,-88.6701,61,Partly Cloudy,0,6,False,False,False,False,True,0.2
2026-09-28T03:10:44Z,IL,IL00070IW002700015,38.7884,-89.6889,64,Mostly Cloudy,1,3,False,False,False,False,True,0.2
2026-09-28T03:10:44Z,IL,IL00057IS026800022,40.5613,-88.0615,57,Partly Cloudy,0,5,False,False,False,False,True,0.2
2026-09-28T03:10:44Z,IL,IL00080IE011700043,41.4314,-88.3454,56,Partly Cloudy,0,5,False,False,False,False,True,0.2
2026-09-28T03:10:44Z,IL,IL00024IW003700010,37.1593,-88.6798,65,Partly Cloudy,0,1,False,False,False,False,True,0.2
2026-09-28T03:10:44Z,IL,IL00055IN010400050,39.8627,-89.5948,63,Mostly Cloudy,0,5,False,False,False,False,True,0.2
2026-09-28T03:10:44Z,IL,IL00057IS011400023,38.5965,-88.9677,63,Mostly Cloudy,0,1,False,False,False,False,True,0.2
2026-09-28T03:10:44Z,IL,IL00057IN011400033,38.5963,-88.9638,63,Mostly Cloudy,0,1,False,False,False,False,True,0.2
2026-09-28T03:10:44Z,IL,IL00057IN022200048,39.9218,-88.299,58,Partly Cloudy,0,6,False,False,False,False,True,0.2
2026-09-28T03:10:44Z,IL,IL00057IN033300049,41.3892,-87.7729,54,Mostly Cloudy,0,5,False,False,False,False,True,0.2
2026-09-28T03:10:44Z,IL,IL00039IS008500026,41.7285,-89.0105,56,Partly Cloudy,0,5,False,False,False,False,True,0.2
2026-09-28T03:10:44Z,IL,IL00057IS022200054,39.9314,-88.3043,58,Partly Cloudy,0,6,False,False,False,False,True,0.2
2026-09-28T03:10:44Z,IL,IL00072IE015200041,39.9923,-88.7827,62,Partly Cloudy,0,6,False,False,False,False,True,0.2
2026-09-28T03:10:44Z,IL,IL00074IW006200004,40.8802,-90.0895,62,Mostly Cloudy,1,3,False,False,False,False,True,0.2
2026-09-28T03:10:44Z,IL,IL00074IE011400005,40.6125,-89.245,61,Partly Cloudy,0,5,False,False,False,False,True,0.2
2026-09-28T03:10:44Z,IL,IL00074IW020800052,40.1298,-87.7441,59,Partly Cloudy,0,5,False,False,False,False,True,0.2
2026-09-28T03:10:44Z,IL,IL00055IN002700029,38.8649,-89.8532,63,Mostly Cloudy,1,3,False,False,False,False,True,0.2
2026-09-28T03:10:44Z,IL,IL00055IS006400017,39.3523,-89.6447,63,Mostly Cloudy,0,3,False,False,False,False,True,0.2
2026-09-28T03:10:44Z,IL,IL00064IW002500011,38.5491,-89.7633,64,Mostly Cloudy,1,2,False,False,False,False,True,0.2
2026-09-28T03:10:44Z,IL,IL00074IE002800030,41.2334,-90.333,63,Mostly Cloudy,1,5,False,False,False,False,True,0.2
2026-09-28T03:10:44Z,IL,IL00064IE002500038,38.5481,-89.7731,64,Mostly Cloudy,1,2,False,False,False,False,True,0.2
2026-09-28T03:10:44Z,IL,IL00070IW008700045,39.0679,-88.6704,62,Mostly Cloudy,0,3,False,False,False,False,True,0.2
2026-09-28T03:10:44Z,IL,IL00057IS016500018,39.1993,-88.502,59,Partly Cloudy,0,5,False,False,False,False,True,0.2
2026-09-28T03:10:44Z,IL,IL00074IW011400006,40.6111,-89.2323,61,Partly Cloudy,0,5,False,False,False,False,True,0.2
2026-09-28T03:10:44Z,IL,IL00074IE006200001,40.8788,-90.0936,62,Mostly Cloudy,1,3,False,False,False,False,True,0.2
2026-09-28T03:10:44Z,IL,IL00070IW014900008,39.4228,-87.6617,56,Partly Cloudy,0,5,False,False,False,False,True,0.2
2026-09-28T03:10:44Z,IL,IL00057IN016500044,39.1898,-88.5031,59,Mostly Cloudy,0,5,False,False,False,False,True,0.2
2026-09-28T03:10:44Z,IL,IL00055IS010400024,39.8871,-89.5966,62,Mostly Cloudy,0,3,False,False,False,False,True,0.2
2026-09-28T03:10:44Z,IL,IL00057IS003200025,37.4699,-89.1329,64,Partly Cloudy,1,1,False,False,False,False,True,0.2
2026-09-28T03:10:44Z,IL,IL00057IN003200035,37.4661,-89.1324,64,Partly Cloudy,1,1,False,False,False,False,True,0.2
2026-09-28T03:10:44Z,KY,KY00065IS0000020N65WELCOM,36.6434,-86.5687,64,Partly Cloudy,0,5,False,False,False,False,False,0.0
2026-09-28T03:10:44Z,KY,KY00065IS000020NSMARATHON,36.6612,-86.5553,64,Partly Cloudy,0,3,False,False,False,False,False,0.0
2026-09-28T03:10:44Z,KY,KY00065IS0000340NWEIGHS34,36.6868,-86.5379,64,Partly Cloudy,0,3,False,False,False,False,False,0.0
2026-09-28T03:10:44Z,KY,KY00065IS0011400S65SRA114,37.9464,-85.6905,66,Clear,0,3,False,False,False,False,False,0.0
2026-09-28T03:10:44Z,KY,KY00065IS0005900S65SRA059,37.239,-85.9297,63,Mostly Clear,0,1,False,False,False,False,False,0.0
2026-09-28T03:10:44Z,KY,KY00065IS0005900N65NRA059,37.2384,-85.9271,63,Mostly Clear,0,1,False,False,False,False,False,0.0
2026-09-28T03:10:44Z,KY,KY00075IS0003300NWEIGHS33,37.0422,-84.0968,58,Clear,0,2,False,False,False,False,False,0.0
2026-09-28T03:10:44Z,KY,KY00075IS0003400SWEIGHS34,37.048,-84.0997,58,Clear,0,2,False,False,False,False,False,0.0
2026-09-28T03:10:44Z,KY,KY00075IS0017700N75NRA177,38.937,-84.6309,59,Clear,0,5,False,False,False,False,False,0.0
2026-09-28T03:10:44Z,KY,KY00075IS0007500SWALTONWS,38.8653,-84.6476,59,Clear,0,5,False,False,False,False,False,0.0
2026-09-28T03:10:44Z,KY,KY00075IS0017700S75SRA177,38.9388,-84.6339,59,Clear,0,5,False,False,False,False,False,0.0
2026-09-28T03:10:44Z,KY,KY00075IS0016800SCRITENWS,38.8196,-84.6015,59,Clear,0,5,False,False,False,False,False,0.0
2026-09-28T03:10:44Z,KY,KY00075IS0000100N75WELCOM,36.6162,-84.1054,56,Mostly Clear,0,1,False,False,False,False,False,0.0
2026-09-28T03:10:57Z,IL,IL00064IW008500012,38.2766,-88.8012,64,Mostly Cloudy,0,2,False,False,False,False,True,0.2
2026-09-28T03:10:57Z,IL,IL00057IN026800032,40.5505,-88.0605,57,Partly Cloudy,0,5,False,False,False,False,True,0.2
2026-09-28T03:10:57Z,IL,IL00070IE008600051,39.0651,-88.6745,62,Mostly Cloudy,0,3,False,False,False,False,True,0.2
2026-09-28T03:10:57Z,IL,IL00072IW015200014,39.9888,-88.7852,62,Partly Cloudy,0,6,False,False,False,False,True,0.2
2026-09-28T03:10:57Z,IL,IL00055IS019400021,40.8371,-88.6833,53,Partly Cloudy,0,5,False,False,False,False,True,0.2
2026-09-28T03:10:57Z,IL,IL00057IN007900034,38.0297,-88.9203,65,Mostly Cloudy,0,2,False,False,False,False,True,0.2
2026-09-28T03:10:57Z,IL,IL00057IS007900047,38.0962,-88.9138,67,Mostly Cloudy,0,2,False,False,False,False,True,0.2
2026-09-28T03:10:57Z,IL,IL00055IN006400027,39.3465,-89.6408,63,Mostly Cloudy,0,3,False,False,False,False,True,0.2
2026-09-28T03:10:57Z,IL,IL00039IN008500036,41.7236,-89.0062,56,Partly Cloudy,0,5,False,False,False,False,True,0.2
2026-09-28T03:10:57Z,IL,IL00070IE002700042,38.7849,-89.7023,64,Mostly Cloudy,1,3,False,False,False,False,True,0.2
2026-09-28T03:10:57Z,IL,IL00074IE015600037,40.2732,-88.6762,62,Partly Cloudy,0,6,False,False,False,False,True,0.2
2026-09-28T03:10:57Z,IL,IL00080IE005100040,41.3938,-89.5665,61,Mostly Cloudy,0,5,False,False,False,False,True,0.2
2026-09-28T03:10:57Z,IL,IL00055IN019400031,40.8234,-88.6875,53,Partly Cloudy,0,5,False,False,False,False,True,0.2
2026-09-28T03:10:57Z,IL,IL00064IW013000053,38.2322,-87.9882,63,Partly Cloudy,0,1,False,False,False,False,True,0.2
2026-09-28T03:10:57Z,IL,IL00055IS002700019,38.8723,-89.8511,63,Mostly Cloudy,1,3,False,False,False,False,True,0.2
2026-09-28T03:10:57Z,IL,IL00057IS033300046,41.3918,-87.7749,55,Mostly Cloudy,0,5,False,False,False,False,True,0.2
2026-09-28T03:10:57Z,IL,IL00064IE008500039,38.273,-88.8496,65,Mostly Cloudy,0,2,False,False,False,False,True,0.2
2026-09-28T03:10:57Z,IL,IL00074IW002800020,41.2141,-90.3308,63,Mostly Cloudy,1,5,False,False,False,False,True,0.2
2026-09-28T03:10:57Z,IL,IL00055IN014900028,40.3599,-89.1099,62,Partly Cloudy,0,6,False,False,False,False,True,0.2
2026-09-28T03:10:57Z,IL,IL00080IW005100013,41.3937,-89.5591,62,Mostly Cloudy,0,5,False,False,False,False,True,0.2
2026-09-28T03:10:57Z,IL,IL00080IW011700016,41.4473,-88.3285,56,Partly Cloudy,0,5,False,False,False,False,True,0.2
2026-09-28T03:10:57Z,IL,IL00074IW015600009,40.2711,-88.6701,61,Partly Cloudy,0,6,False,False,False,False,True,0.2
2026-09-28T03:10:57Z,IL,IL00070IW002700015,38.7884,-89.6889,64,Mostly Cloudy,1,3,False,False,False,False,True,0.2
2026-09-28T03:10:57Z,IL,IL00057IS026800022,40.5613,-88.0615,57,Partly Cloudy,0,5,False,False,False,False,True,0.2
2026-09-28T03:10:57Z,IL,IL00080IE011700043,41.4314,-88.3454,56,Partly Cloudy,0,5,False,False,False,False,True,0.2
2026-09-28T03:10:57Z,IL,IL00024IW003700010,37.1593,-88.6798,65,Partly Cloudy,0,1,False,False,False,False,True,0.2
2026-09-28T03:10:57Z,IL,IL00055IN010400050,39.8627,-89.5948,63,Mostly Cloudy,0,5,False,False,False,False,True,0.2
2026-09-28T03:10:57Z,IL,IL00057IS011400023,38.5965,-88.9677,63,Mostly Cloudy,0,1,False,False,False,False,True,0.2
2026-09-28T03:10:57Z,IL,IL00057IN011400033,38.5963,-88.9638,63,Mostly Cloudy,0,1,False,False,False,False,True,0.2
2026-09-28T03:10:57Z,IL,IL00057IN022200048,39.9218,-88.299,58,Partly Cloudy,0,6,False,False,False,False,True,0.2
2026-09-28T03:10:57Z,IL,IL00057IN033300049,41.3892,-87.7729,54,Mostly Cloudy,0,5,False,False,False,False,True,0.2
2026-09-28T03:10:57Z,IL,IL00039IS008500026,41.7285,-89.0105,56,Partly Cloudy,0,5,False,False,False,False,True,0.2
2026-09-28T03:10:57Z,IL,IL00057IS022200054,39.9314,-88.3043,58,Partly Cloudy,0,6,False,False,False,False,True,0.2
2026-09-28T03:10:57Z,IL,IL00072IE015200041,39.9923,-88.7827,62,Partly Cloudy,0,6,False,False,False,False,True,0.2
2026-09-28T03:10:57Z,IL,IL00074IW006200004,40.8802,-90.0895,62,Mostly Cloudy,1,3,False,False,False,False,True,0.2
2026-09-28T03:10:57Z,IL,IL00074IE011400005,40.6125,-89.245,61,Partly Cloudy,0,5,False,False,False,False,True,0.2
2026-09-28T03:10:57Z,IL,IL00074IW020800052,40.1298,-87.7441,59,Partly Cloudy,0,5,False,False,False,False,True,0.2
2026-09-28T03:10:57Z,IL,IL00055IN002700029,38.8649,-89.8532,63,Mostly Cloudy,1,3,False,False,False,False,True,0.2
2026-09-28T03:10:57Z,IL,IL00055IS006400017,39.3523,-89.6447,63,Mostly Cloudy,0,3,False,False,False,False,True,0.2
2026-09-28T03:10:57Z,IL,IL00064IW002500011,38.5491,-89.7633,64,Mostly Cloudy,1,2,False,False,False,False,True,0.2
2026-09-28T03:10:57Z,IL,IL00074IE002800030,41.2334,-90.333,63,Mostly Cloudy,1,5,False,False,False,False,True,0.2
2026-09-28T03:10:57Z,IL,IL00064IE002500038,38.5481,-89.7731,64,Mostly Cloudy,1,2,False,False,False,False,True,0.2
2026-09-28T03:10:57Z,IL,IL00070IW008700045,39.0679,-88.6704,62,Mostly Cloudy,0,3,False,False,False,False,True,0.2
2026-09-28T03:10:57Z,IL,IL00057IS016500018,39.1993,-88.502,59,Partly Cloudy,0,5,False,False,False,False,True,0.2
2026-09-28T03:10:57Z,IL,IL00074IW011400006,40.6111,-89.2323,61,Partly Cloudy,0,5,False,False,False,False,True,0.2
2026-09-28T03:10:57Z,IL,IL00074IE006200001,40.8788,-90.0936,62,Mostly Cloudy,1,3,False,False,False,False,True,0.2
2026-09-28T03:10:57Z,IL,IL00070IW014900008,39.4228,-87.6617,56,Partly Cloudy,0,5,False,False,False,False,True,0.2
2026-09-28T03:10:57Z,IL,IL00057IN016500044,39.1898,-88.5031,59,Mostly Cloudy,0,5,False,False,False,False,True,0.2
2026-09-28T03:10:57Z,IL,IL00055IS010400024,39.8871,-89.5966,62,Mostly Cloudy,0,3,False,False,False,False,True,0.2
2026-09-28T03:10:57Z,IL,IL00057IS003200025,37.4699,-89.1329,64,Partly Cloudy,1,1,False,False,False,False,True,0.2
2026-09-28T03:10:57Z,IL,IL00057IN003200035,37.4661,-89.1324,64,Partly Cloudy,1,1,False,False,False,False,True,0.2
2026-09-28T03:10:57Z,IN,322,38.195,-87.8597,61,Partly Cloudy,0,2,False,False,False,False,False,0.0
2026-09-28T03:10:57Z,IN,317,38.5852,-85.7768,59,Clear,0,2,False,False,False,False,False,0.0
2026-09-28T03:10:57Z,IN,316,38.5859,-85.7809,59,Clear,0,2,False,False,False,False,False,0.0
2026-09-28T03:10:57Z,IN,315,39.2602,-85.9521,57,Clear,0,3,False,False,False,False,False,0.0
2026-09-28T03:10:57Z,IN,314,39.2767,-85.9569,57,Clear,0,3,False,False,False,False,False,0.0
2026-09-28T03:10:57Z,IN,313,40.1578,-86.5387,55,Clear,0,5,False,False,False,False,False,0.0
2026-09-28T03:10:57Z,IN,312,40.1722,-86.5522,56,Clear,0,5,False,False,False,False,False,0.0
2026-09-28T03:10:57Z,IN,311,40.6992,-87.0628,54,Partly Cloudy,0,5,False,False,False,False,False,0.0
2026-09-28T03:10:57Z,IN,310,40.6984,-87.0646,54,Partly Cloudy,0,5,False,False,False,False,False,0.0
2026-09-28T03:10:57Z,IN,308,41.1653,-87.271,50,Partly Cloudy,0,5,False,False,False,False,False,0.0
2026-09-28T03:10:57Z,IN,309,41.1666,-87.2749,50,Partly Cloudy,0,5,False,False,False,False,False,0.0
2026-09-28T03:10:57Z,IN,318,40.3543,-85.5576,54,Clear,0,3,False,False,False,False,False,0.0
2026-09-28T03:10:57Z,IN,319,40.3569,-85.56,54,Clear,0,3,False,False,False,False,False,0.0
2026-09-28T03:10:57Z,IN,320,41.2963,-85.0863,55,Clear,0,5,False,False,False,False,False,0.0
2026-09-28T03:10:57Z,IN,321,41.5803,-85.0597,55,Clear,0,5,False,False,False,False,False,0.0
2026-09-28T03:10:57Z,IN,300,39.4417,-87.5002,58,Partly Cloudy,0,3,False,False,False,False,False,0.0
2026-09-28T03:10:57Z,IN,302,39.6517,-86.3967,58,Clear,0,5,False,False,False,False,False,0.0
2026-09-28T03:10:57Z,IN,301,39.6541,-86.4005,58,Clear,0,5,False,False,False,False,False,0.0
2026-09-28T03:10:57Z,IN,303,39.8243,-85.7039,55,Clear,0,5,False,False,False,False,False,0.0
2026-09-28T03:10:57Z,IN,304,39.8266,-85.704,55,Clear,0,5,False,False,False,False,False,0.0
2026-09-28T03:10:57Z,IN,305,39.8605,-85.0259,53,Clear,0,3,False,False,False,False,False,0.0
2026-09-28T03:10:57Z,IN,323,39.29,-85.1688,54,Mostly Clear,0,2,False,False,False,False,False,0.0
2026-09-28T03:10:57Z,IN,702,41.7472,-85.3285,55,Mostly Clear,0,5,False,False,False,False,False,0.0
2026-09-28T03:10:57Z,IN,701,41.5889,-87.2173,56,Partly Cloudy,0,5,False,False,False,False,False,0.0
2026-09-28T03:10:57Z,IN,704,41.7058,-86.6212,53,Mostly Cloudy,0,5,False,False,False,False,False,0.0
2026-09-28T03:10:57Z,IN,703,41.7071,-86.6235,53,Mostly Cloudy,0,5,False,False,False,False,False,0.0
2026-09-28T03:10:57Z,IN,705,41.733,-86.0057,55,Partly Cloudy,0,5,False,False,False,False,False,0.0
2026-09-28T03:10:57Z,IN,708,41.7472,-85.3285,55,Mostly Clear,0,5,False,False,False,False,False,0.0
2026-09-28T03:10:57Z,IN,707,41.7453,-85.3287,55,Mostly Clear,0,5,False,False,False,False,False,0.0
2026-09-28T03:10:57Z,IN,324,41.7353,-86.7933,53,Mostly Cloudy,0,0,False,False,False,False,False,0.0
2026-09-28T03:10:57Z,KY,KY00065IS0000020N65WELCOM,36.6434,-86.5687,64,Partly Cloudy,0,5,False,False,False,False,False,0.0
2026-09-28T03:10:57Z,KY,KY00065IS000020NSMARATHON,36.6612,-86.5553,64,Partly Cloudy,0,3,False,False,False,False,False,0.0
2026-09-28T03:10:57Z,KY,KY00065IS0000340NWEIGHS34,36.6868,-86.5379,64,Partly Cloudy,0,3,False,False,False,False,False,0.0
2026-09-28T03:10:57Z,KY,KY00065IS0011400S65SRA114,37.9464,-85.6905,66,Clear,0,3,False,False,False,False,False,0.0
2026-09-28T03:10:57Z,KY,KY00065IS0005900S65SRA059,37.239,-85.9297,63,Mostly Clear,0,1,False,False,False,False,False,0.0
2026-09-28T03:10:57Z,KY,KY00065IS0005900N65NRA059,37.2384,-85.9271,63,Mostly Clear,0,1,False,False,False,False,False,0.0
2026-09-28T03:10:57Z,KY,KY00075IS0003300NWEIGHS33,37.0422,-84.0968,58,Clear,0,2,False,False,False,False,False,0.0
2026-09-28T03:10:57Z,KY,KY00075IS0003400SWEIGHS34,37.048,-84.0997,58,Clear,0,2,False,False,False,False,False,0.0
2026-09-28T03:10:57Z,KY,KY00075IS0017700N75NRA177,38.937,-84.6309,59,Clear,0,5,False,False,False,False,False,0.0
2026-09-28T03:10:57Z,KY,KY00075IS0007500SWALTONWS,38.8653,-84.6476,59,Clear,0,5,False,False,False,False,False,0.0
2026-09-28T03:10:57Z,KY,KY00075IS0017700S75SRA177,38.9388,-84.6339,59,Clear,0,5,False,False,False,False,False,0.0
2026-09-28T03:10:57Z,KY,KY00075IS0016800SCRITENWS,38.8196,-84.6015,59,Clear,0,5,False,False,False,False,False,0.0
2026-09-28T03:10:57Z,KY,KY00075IS0000100N75WELCOM,36.6162,-84.1054,56,Mostly Clear,0,1,False,False,False,False,False,0.0
2026-09-28T03:11:02Z,IL,IL00064IW008500012,38.2766,-88.8012,64,Mostly Cloudy,0,2,False,False,False,False,True,0.2
2026-09-28T03:11:02Z,IL,IL00057IN026800032,40.5505,-88.0605,57,Partly Cloudy,0,5,False,False,False,False,True,0.2
2026-09-28T03:11:02Z,IL,IL00070IE008600051,39.0651,-88.6745,62,Mostly Cloudy,0,3,False,False,False,False,True,0.2
2026-09-28T03:11:02Z,IL,IL00072IW015200014,39.9888,-88.7852,62,Partly Cloudy,0,6,False,False,False,False,True,0.2
2026-09-28T03:11:02Z,IL,IL00055IS019400021,40.8371,-88.6833,53,Partly Cloudy,0,5,False,False,False,False,True,0.2
2026-09-28T03:11:02Z,IL,IL00057IN007900034,38.0297,-88.9203,65,Mostly Cloudy,0,2,False,False,False,False,True,0.2
2026-09-28T03:11:02Z,IL,IL00057IS007900047,38.0962,-88.9138,67,Mostly Cloudy,0,2,False,False,False,False,True,0.2
2026-09-28T03:11:02Z,IL,IL00055IN006400027,39.3465,-89.6408,63,Mostly Cloudy,0,3,False,False,False,False,True,0.2
2026-09-28T03:11:02Z,IL,IL00039IN008500036,41.7236,-89.0062,56,Partly Cloudy,0,5,False,False,False,False,True,0.2
2026-09-28T03:11:02Z,IL,IL00070IE002700042,38.7849,-89.7023,64,Mostly Cloudy,1,3,False,False,False,False,True,0.2
2026-09-28T03:11:02Z,IL,IL00074IE015600037,40.2732,-88.6762,62,Partly Cloudy,0,6,False,False,False,False,True,0.2
2026-09-28T03:11:02Z,IL,IL00080IE005100040,41.3938,-89.5665,61,Mostly Cloudy,0,5,False,False,False,False,True,0.2
2026-09-28T03:11:02Z,IL,IL00055IN019400031,40.8234,-88.6875,53,Partly Cloudy,0,5,False,False,False,False,True,0.2
2026-09-28T03:11:02Z,IL,IL00064IW013000053,38.2322,-87.9882,63,Partly Cloudy,0,1,False,False,False,False,True,0.2
2026-09-28T03:11:02Z,IL,IL00055IS002700019,38.8723,-89.8511,63,Mostly Cloudy,1,3,False,False,False,False,True,0.2
2026-09-28T03:11:02Z,IL,IL00057IS033300046,41.3918,-87.7749,55,Mostly Cloudy,0,5,False,False,False,False,True,0.2
2026-09-28T03:11:02Z,IL,IL00064IE008500039,38.273,-88.8496,65,Mostly Cloudy,0,2,False,False,False,False,True,0.2
2026-09-28T03:11:02Z,IL,IL00074IW002800020,41.2141,-90.3308,63,Mostly Cloudy,1,5,False,False,False,False,True,0.2
2026-09-28T03:11:02Z,IL,IL00055IN014900028,40.3599,-89.1099,62,Partly Cloudy,0,6,False,False,False,False,True,0.2
2026-09-28T03:11:02Z,IL,IL00080IW005100013,41.3937,-89.5591,62,Mostly Cloudy,0,5,False,False,False,False,True,0.2
2026-09-28T03:11:02Z,IL,IL00080IW011700016,41.4473,-88.3285,56,Partly Cloudy,0,5,False,False,False,False,True,0.2
2026-09-28T03:11:02Z,IL,IL00074IW015600009,40.2711,-88.6701,61,Partly Cloudy,0,6,False,False,False,False,True,0.2
2026-09-28T03:11:02Z,IL,IL00070IW002700015,38.7884,-89.6889,64,Mostly Cloudy,1,3,False,False,False,False,True,0.2
2026-09-28T03:11:02Z,IL,IL00057IS026800022,40.5613,-88.0615,57,Partly Cloudy,0,5,False,False,False,False,True,0.2
2026-09-28T03:11:02Z,IL,IL00080IE011700043,41.4314,-88.3454,56,Partly Cloudy,0,5,False,False,False,False,True,0.2
2026-09-28T03:11:02Z,IL,IL00024IW003700010,37.1593,-88.6798,65,Partly Cloudy,0,1,False,False,False,False,True,0.2
2026-09-28T03:11:02Z,IL,IL00055IN010400050,39.8627,-89.5948,63,Mostly Cloudy,0,5,False,False,False,False,True,0.2
2026-09-28T03:11:02Z,IL,IL00057IS011400023,38.5965,-88.9677,63,Mostly Cloudy,0,1,False,False,False,False,True,0.2
2026-09-28T03:11:02Z,IL,IL00057IN011400033,38.5963,-88.9638,63,Mostly Cloudy,0,1,False,False,False,False,True,0.2
2026-09-28T03:11:02Z,IL,IL00057IN022200048,39.9218,-88.299,58,Partly Cloudy,0,6,False,False,False,False,True,0.2
2026-09-28T03:11:02Z,IL,IL00057IN033300049,41.3892,-87.7729,54,Mostly Cloudy,0,5,False,False,False,False,True,0.2
2026-09-28T03:11:02Z,IL,IL00039IS008500026,41.7285,-89.0105,56,Partly Cloudy,0,5,False,False,False,False,True,0.2
2026-09-28T03:11:02Z,IL,IL00057IS022200054,39.9314,-88.3043,58,Partly Cloudy,0,6,False,False,False,False,True,0.2
2026-09-28T03:11:02Z,IL,IL00072IE015200041,39.9923,-88.7827,62,Partly Cloudy,0,6,False,False,False,False,True,0.2
2026-09-28T03:11:02Z,IL,IL00074IW006200004,40.8802,-90.0895,62,Mostly Cloudy,1,3,False,False,False,False,True,0.2
2026-09-28T03:11:02Z,IL,IL00074IE011400005,40.6125,-89.245,61,Partly Cloudy,0,5,False,False,False,False,True,0.2
2026-09-28T03:11:02Z,IL,IL00074IW020800052,40.1298,-87.7441,59,Partly Cloudy,0,5,False,False,False,False,True,0.2
2026-09-28T03:11:02Z,IL,IL00055IN002700029,38.8649,-89.8532,63,Mostly Cloudy,1,3,False,False,False,False,True,0.2
2026-09-28T03:11:02Z,IL,IL00055IS006400017,39.3523,-89.6447,63,Mostly Cloudy,0,3,False,False,False,False,True,0.2
2026-09-28T03:11:02Z,IL,IL00064IW002500011,38.5491,-89.7633,64,Mostly Cloudy,1,2,False,False,False,False,True,0.2
2026-09-28T03:11:02Z,IL,IL00074IE002800030,41.2334,-90.333,63,Mostly Cloudy,1,5,False,False,False,False,True,0.2
2026-09-28T03:11:02Z,IL,IL00064IE002500038,38.5481,-89.7731,64,Mostly Cloudy,1,2,False,False,False,False,True,0.2
2026-09-28T03:11:02Z,IL,IL00070IW008700045,39.0679,-88.6704,62,Mostly Cloudy,0,3,False,False,False,False,True,0.2
2026-09-28T03:11:02Z,IL,IL00057IS016500018,39.1993,-88.502,59,Partly Cloudy,0,5,False,False,False,False,True,0.2
2026-09-28T03:11:02Z,IL,IL00074IW011400006,40.6111,-89.2323,61,Partly Cloudy,0,5,False,False,False,False,True,0.2
2026-09-28T03:11:02Z,IL,IL00074IE006200001,40.8788,-90.0936,62,Mostly Cloudy,1,3,False,False,False,False,True,0.2
2026-09-28T03:11:02Z,IL,IL00070IW014900008,39.4228,-87.6617,56,Partly Cloudy,0,5,False,False,False,False,True,0.2
2026-09-28T03:11:02Z,IL,IL00057IN016500044,39.1898,-88.5031,59,Mostly Cloudy,0,5,False,False,False,False,True,0.2
2026-09-28T03:11:02Z,IL,IL00055IS010400024,39.8871,-89.5966,62,Mostly Cloudy,0,3,False,False,False,False,True,0.2
2026-09-28T03:11:02Z,IL,IL00057IS003200025,37.4699,-89.1329,64,Partly Cloudy,1,1,False,False,False,False,True,0.2
2026-09-28T03:11:02Z,IL,IL00057IN003200035,37.4661,-89.1324,64,Partly Cloudy,1,1,False,False,False,False,True,0.2
2026-09-28T03:11:02Z,IN,322,38.195,-87.8597,61,Partly Cloudy,0,2,False,False,False,False,False,0.0
2026-09-28T03:11:02Z,IN,317,38.5852,-85.7768,59,Clear,0,2,False,False,False,False,False,0.0
2026-09-28T03:11:02Z,IN,316,38.5859,-85.7809,59,Clear,0,2,False,False,False,False,False,0.0
2026-09-28T03:11:02Z,IN,315,39.2602,-85.9521,57,Clear,0,3,False,False,False,False,False,0.0
2026-09-28T03:11:02Z,IN,314,39.2767,-85.9569,57,Clear,0,3,False,False,False,False,False,0.0
2026-09-28T03:11:02Z,IN,313,40.1578,-86.5387,55,Clear,0,5,False,False,False,False,False,0.0
2026-09-28T03:11:02Z,IN,312,40.1722,-86.5522,56,Clear,0,5,False,False,False,False,False,0.0
2026-09-28T03:11:02Z,IN,311,40.6992,-87.0628,54,Partly Cloudy,0,5,False,False,False,False,False,0.0
2026-09-28T03:11:02Z,IN,310,40.6984,-87.0646,54,Partly Cloudy,0,5,False,False,False,False,False,0.0
2026-09-28T03:11:02Z,IN,308,41.1653,-87.271,50,Partly Cloudy,0,5,False,False,False,False,False,0.0
2026-09-28T03:11:02Z,IN,309,41.1666,-87.2749,50,Partly Cloudy,0,5,False,False,False,False,False,0.0
2026-09-28T03:11:02Z,IN,318,40.3543,-85.5576,54,Clear,0,3,False,False,False,False,False,0.0
2026-09-28T03:11:02Z,IN,319,40.3569,-85.56,54,Clear,0,3,False,False,False,False,False,0.0
2026-09-28T03:11:02Z,IN,320,41.2963,-85.0863,55,Clear,0,5,False,False,False,False,False,0.0
2026-09-28T03:11:02Z,IN,321,41.5803,-85.0597,55,Clear,0,5,False,False,False,False,False,0.0
2026-09-28T03:11:02Z,IN,300,39.4417,-87.5002,58,Partly Cloudy,0,3,False,False,False,False,False,0.0
2026-09-28T03:11:02Z,IN,302,39.6517,-86.3967,58,Clear,0,5,False,False,False,False,False,0.0
2026-09-28T03:11:02Z,IN,301,39.6541,-86.4005,58,Clear,0,5,False,False,False,False,False,0.0
2026-09-28T03:11:02Z,IN,303,39.8243,-85.7039,55,Clear,0,5,False,False,False,False,False,0.0
2026-09-28T03:11:02Z,IN,304,39.8266,-85.704,55,Clear,0,5,False,False,False,False,False,0.0
2026-09-28T03:11:02Z,IN,305,39.8605,-85.0259,53,Clear,0,3,False,False,False,False,False,0.0
2026-09-28T03:11:02Z,IN,323,39.29,-85.1688,54,Mostly Clear,0,2,False,False,False,False,False,0.0
2026-09-28T03:11:02Z,IN,702,41.7472,-85.3285,55,Mostly Clear,0,5,False,False,False,False,False,0.0
2026-09-28T03:11:02Z,IN,701,41.5889,-87.2173,56,Partly Cloudy,0,5,False,False,False,False,False,0.0
2026-09-28T03:11:02Z,IN,704,41.7058,-86.6212,53,Mostly Cloudy,0,5,False,False,False,False,False,0.0
2026-09-28T03:11:02Z,IN,703,41.7071,-86.6235,53,Mostly Cloudy,0,5,False,False,False,False,False,0.0
2026-09-28T03:11:02Z,IN,705,41.733,-86.0057,55,Partly Cloudy,0,5,False,False,False,False,False,0.0
2026-09-28T03:11:02Z,IN,708,41.7472,-85.3285,55,Mostly Clear,0,5,False,False,False,False,False,0.0
2026-09-28T03:11:02Z,IN,707,41.7453,-85.3287,55,Mostly Clear,0,5,False,False,False,False,False,0.0
2026-09-28T03:11:02Z,IN,324,41.7353,-86.7933,53,Mostly Cloudy,0,0,False,False,False,False,False,0.0
2026-09-28T03:11:02Z,KY,KY00065IS0000020N65WELCOM,36.6434,-86.5687,64,Partly Cloudy,0,5,False,False,False,False,False,0.0
2026-09-28T03:11:02Z,KY,KY00065IS000020NSMARATHON,36.6612,-86.5553,64,Partly Cloudy,0,3,False,False,False,False,False,0.0
2026-09-28T03:11:02Z,KY,KY00065IS0000340NWEIGHS34,36.6868,-86.5379,64,Partly Cloudy,0,3,False,False,False,False,False,0.0
2026-09-28T03:11:02Z,KY,KY00065IS0011400S65SRA114,37.9464,-85.6905,66,Clear,0,3,False,False,False,False,False,0.0
2026-09-28T03:11:02Z,KY,KY00065IS0005900S65SRA059,37.239,-85.9297,63,Mostly Clear,0,1,False,False,False,False,False,0.0
2026-09-28T03:11:02Z,KY,KY00065IS0005900N65NRA059,37.2384,-85.9271,63,Mostly Clear,0,1,False,False,False,False,False,0.0
2026-09-28T03:11:02Z,KY,KY00075IS0003300NWEIGHS33,37.0422,-84.0968,58,Clear,0,2,False,False,False,False,False,0.0
2026-09-28T03:11:02Z,KY,KY00075IS0003400SWEIGHS34,37.048,-84.0997,58,Clear,0,2,False,False,False,False,False,0.0
2026-09-28T03:11:02Z,KY,KY00075IS0017700N75NRA177,38.937,-84.6309,59,Clear,0,5,False,False,False,False,False,0.0
2026-09-28T03:11:02Z,KY,KY00075IS0007500SWALTONWS,38.8653,-84.6476,59,Clear,0,5,False,False,False,False,False,0.0
2026-09-28T03:11:02Z,KY,KY00075IS0017700S75SRA177,38.9388,-84.6339,59,Clear,0,5,False,False,False,False,False,0.0
2026-09-28T03:11:02Z,KY,KY00075IS0016800SCRITENWS,38.8196,-84.6015,59,Clear,0,5,False,False,False,False,False,0.0
2026-09-28T03:11:02Z,KY,KY00075IS0000100N75WELCOM,36.6162,-84.1054,56,Mostly Clear,0,1,False,False,False,False,False,0.0
2026-09-28T03:11:06Z,IL,IL00064IW008500012,38.2766,-88.8012,62,Mostly Cloudy,0,2,False,False,False,False,True,0.2
2026-09-28T03:11:06Z,IL,IL00057IN026800032,40.5505,-88.0605,57,Partly Cloudy,0,5,False,False,False,False,True,0.2
2026-09-28T03:11:06Z,IL,IL00070IE008600051,39.0651,-88.6745,62,Mostly Cloudy,0,3,False,False,False,False,True,0.2
2026-09-28T03:11:06Z,IL,IL00072IW015200014,39.9888,-88.7852,61,Partly Cloudy,0,7,False,False,False,False,True,0.2
2026-09-28T03:11:06Z,IL,IL00055IS019400021,40.8371,-88.6833,53,Partly Cloudy,0,5,False,False,False,False,True,0.2
2026-09-28T03:11:06Z,IL,IL00057IN007900034,38.0297,-88.9203,65,Mostly Cloudy,0,2,False,False,False,False,True,0.2
2026-09-28T03:11:06Z,IL,IL00057IS007900047,38.0962,-88.9138,67,Mostly Cloudy,0,2,False,False,False,False,True,0.2
2026-09-28T03:11:06Z,IL,IL00055IN006400027,39.3465,-89.6408,63,Mostly Cloudy,0,3,False,False,False,False,True,0.2
2026-09-28T03:11:06Z,IL,IL00039IN008500036,41.7236,-89.0062,56,Partly Cloudy,0,5,False,False,False,False,True,0.2
2026-09-28T03:11:06Z,IL,IL00070IE002700042,38.7849,-89.7023,64,Mostly Cloudy,1,3,False,False,False,False,True,0.2
2026-09-28T03:11:06Z,IL,IL00074IE015600037,40.2732,-88.6762,60,Partly Cloudy,0,7,False,False,False,False,True,0.2
2026-09-28T03:11:06Z,IL,IL00080IE005100040,41.3938,-89.5665,61,Mostly Cloudy,0,5,False,False,False,False,True,0.2
2026-09-28T03:11:06Z,IL,IL00055IN019400031,40.8234,-88.6875,53,Partly Cloudy,0,5,False,False,False,False,True,0.2
2026-09-28T03:11:06Z,IL,IL00064IW013000053,38.2322,-87.9882,61,Partly Cloudy,0,2,False,False,False,False,True,0.2
2026-09-28T03:11:06Z,IL,IL00055IS002700019,38.8723,-89.8511,62,Mostly Cloudy,1,3,False,False,False,False,True,0.2
2026-09-28T03:11:06Z,IL,IL00057IS033300046,41.3918,-87.7749,55,Mostly Cloudy,0,5,False,False,False,False,True,0.2
2026-09-28T03:11:06Z,IL,IL00064IE008500039,38.273,-88.8496,65,Mostly Cloudy,0,2,False,False,False,False,True,0.2
2026-09-28T03:11:06Z,IL,IL00074IW002800020,41.2141,-90.3308,63,Mostly Cloudy,1,5,False,False,False,False,True,0.2
2026-09-28T03:11:06Z,IL,IL00055IN014900028,40.3599,-89.1099,61,Partly Cloudy,0,6,False,False,False,False,True,0.2
2026-09-28T03:11:06Z,IL,IL00080IW005100013,41.3937,-89.5591,62,Mostly Cloudy,0,5,False,False,False,False,True,0.2
2026-09-28T03:11:06Z,IL,IL00080IW011700016,41.4473,-88.3285,56,Partly Cloudy,0,5,False,False,False,False,True,0.2
2026-09-28T03:11:06Z,IL,IL00074IW015600009,40.2711,-88.6701,61,Partly Cloudy,0,6,False,False,False,False,True,0.2
2026-09-28T03:11:06Z,IL,IL00070IW002700015,38.7884,-89.6889,64,Mostly Cloudy,1,3,False,False,False,False,True,0.2
2026-09-28T03:11:06Z,IL,IL00057IS026800022,40.5613,-88.0615,57,Partly Cloudy,0,5,False,False,False,False,True,0.2
2026-09-28T03:11:06Z,IL,IL00080IE011700043,41.4314,-88.3454,56,Partly Cloudy,0,5,False,False,False,False,True,0.2
2026-09-28T03:11:06Z,IL,IL00024IW003700010,37.1593,-88.6798,65,Partly Cloudy,0,1,False,False,False,False,True,0.2
2026-09-28T03:11:06Z,IL,IL00055IN010400050,39.8627,-89.5948,63,Mostly Cloudy,0,5,False,False,False,False,True,0.2
2026-09-28T03:11:06Z,IL,IL00057IS011400023,38.5965,-88.9677,63,Mostly Cloudy,0,1,False,False,False,False,True,0.2
2026-09-28T03:11:06Z,IL,IL00057IN011400033,38.5963,-88.9638,63,Mostly Cloudy,0,1,False,False,False,False,True,0.2
2026-09-28T03:11:06Z,IL,IL00057IN022200048,39.9218,-88.299,58,Partly Cloudy,0,6,False,False,False,False,True,0.2
2026-09-28T03:11:06Z,IL,IL00057IN033300049,41.3892,-87.7729,54,Mostly Cloudy,0,5,False,False,False,False,True,0.2
2026-09-28T03:11:06Z,IL,IL00039IS008500026,41.7285,-89.0105,56,Partly Cloudy,0,5,False,False,False,False,True,0.2
2026-09-28T03:11:06Z,IL,IL00057IS022200054,39.9314,-88.3043,58,Partly Cloudy,0,6,False,False,False,False,True,0.2
2026-09-28T03:11:06Z,IL,IL00072IE015200041,39.9923,-88.7827,61,Partly Cloudy,0,7,False,False,False,False,True,0.2
2026-09-28T03:11:06Z,IL,IL00074IW006200004,40.8802,-90.0895,62,Mostly Cloudy,1,3,False,False,False,False,True,0.2
2026-09-28T03:11:06Z,IL,IL00074IE011400005,40.6125,-89.245,61,Partly Cloudy,0,5,False,False,False,False,True,0.2
2026-09-28T03:11:06Z,IL,IL00074IW020800052,40.1298,-87.7441,59,Partly Cloudy,0,5,False,False,False,False,True,0.2
2026-09-28T03:11:06Z,IL,IL00055IN002700029,38.8649,-89.8532,62,Mostly Cloudy,1,3,False,False,False,False,True,0.2
2026-09-28T03:11:06Z,IL,IL00055IS006400017,39.3523,-89.6447,60,Mostly Cloudy,0,3,False,False,False,False,True,0.2
2026-09-28T03:11:06Z,IL,IL00064IW002500011,38.5491,-89.7633,63,Mostly Cloudy,1,3,False,False,False,False,True,0.2
2026-09-28T03:11:06Z,IL,IL00074IE002800030,41.2334,-90.333,63,Mostly Cloudy,1,5,False,False,False,False,True,0.2
2026-09-28T03:11:06Z,IL,IL00064IE002500038,38.5481,-89.7731,64,Mostly Cloudy,1,2,False,False,False,False,True,0.2
2026-09-28T03:11:06Z,IL,IL00070IW008700045,39.0679,-88.6704,62,Mostly Cloudy,0,3,False,False,False,False,True,0.2
2026-09-28T03:11:06Z,IL,IL00057IS016500018,39.1993,-88.502,59,Partly Cloudy,0,5,False,False,False,False,True,0.2
2026-09-28T03:11:06Z,IL,IL00074IW011400006,40.6111,-89.2323,61,Partly Cloudy,0,5,False,False,False,False,True,0.2
2026-09-28T03:11:06Z,IL,IL00074IE006200001,40.8788,-90.0936,62,Mostly Cloudy,1,3,False,False,False,False,True,0.2
2026-09-28T03:11:06Z,IL,IL00070IW014900008,39.4228,-87.6617,56,Partly Cloudy,0,5,False,False,False,False,True,0.2
2026-09-28T03:11:06Z,IL,IL00057IN016500044,39.1898,-88.5031,63,Mostly Cloudy,0,5,False,False,False,False,True,0.2
2026-09-28T03:11:06Z,IL,IL00055IS010400024,39.8871,-89.5966,62,Mostly Cloudy,0,3,False,False,False,False,True,0.2
2026-09-28T03:11:06Z,IL,IL00057IS003200025,37.4699,-89.1329,64,Partly Cloudy,1,1,False,False,False,False,True,0.2
2026-09-28T03:11:06Z,IL,IL00057IN003200035,37.4661,-89.1324,64,Partly Cloudy,1,1,False,False,False,False,True,0.2
2026-09-28T03:11:06Z,KY,KY00065IS0000020N65WELCOM,36.6434,-86.5687,61,Partly Cloudy,0,5,False,False,False,False,False,0.0
2026-09-28T03:11:06Z,KY,KY00065IS000020NSMARATHON,36.6612,-86.5553,64,Partly Cloudy,0,3,False,False,False,False,False,0.0
2026-09-28T03:11:06Z,KY,KY00065IS0000340NWEIGHS34,36.6868,-86.5379,64,Partly Cloudy,0,3,False,False,False,False,False,0.0
2026-09-28T03:11:06Z,KY,KY00065IS0011400S65SRA114,37.9464,-85.6905,66,Clear,0,3,False,False,False,False,False,0.0
2026-09-28T03:11:06Z,KY,KY00065IS0005900S65SRA059,37.239,-85.9297,63,Mostly Clear,0,1,False,False,False,False,False,0.0
2026-09-28T03:11:06Z,KY,KY00065IS0005900N65NRA059,37.2384,-85.9271,63,Mostly Clear,0,1,False,False,False,False,False,0.0
2026-09-28T03:11:06Z,KY,KY00075IS0003300NWEIGHS33,37.0422,-84.0968,58,Clear,0,2,False,False,False,False,False,0.0
2026-09-28T03:11:06Z,KY,KY00075IS0003400SWEIGHS34,37.048,-84.0997,58,Clear,0,2,False,False,False,False,False,0.0
2026-09-28T03:11:06Z,KY,KY00075IS0017700N75NRA177,38.937,-84.6309,59,Clear,0,5,False,False,False,False,False,0.0
2026-09-28T03:11:06Z,KY,KY00075IS0007500SWALTONWS,38.8653,-84.6476,59,Clear,0,5,False,False,False,False,False,0.0
2026-09-28T03:11:06Z,KY,KY00075IS0017700S75SRA177,38.9388,-84.6339,59,Clear,0,5,False,False,False,False,False,0.0
2026-09-28T03:11:06Z,KY,KY00075IS0016800SCRITENWS,38.8196,-84.6015,59,Clear,0,5,False,False,False,False,False,0.0
2026-09-28T03:11:06Z,KY,KY00075IS0000100N75WELCOM,36.6162,-84.1054,56,Mostly Clear,0,1,False,False,False,False,False,0.0
2026-09-28T03:11:19Z,IL,IL00064IW008500012,38.2766,-88.8012,62,Mostly Cloudy,0,2,False,False,False,False,True,0.2
2026-09-28T03:11:19Z,IL,IL00057IN026800032,40.5505,-88.0605,57,Partly Cloudy,0,5,False,False,False,False,True,0.2
2026-09-28T03:11:19Z,IL,IL00070IE008600051,39.0651,-88.6745,62,Mostly Cloudy,0,3,False,False,False,False,True,0.2
2026-09-28T03:11:19Z,IL,IL00072IW015200014,39.9888,-88.7852,61,Partly Cloudy,0,7,False,False,False,False,True,0.2
2026-09-28T03:11:19Z,IL,IL00055IS019400021,40.8371,-88.6833,53,Partly Cloudy,0,5,False,False,False,False,True,0.2
2026-09-28T03:11:19Z,IL,IL00057IN007900034,38.0297,-88.9203,65,Mostly Cloudy,0,2,False,False,False,False,True,0.2
2026-09-28T03:11:19Z,IL,IL00057IS007900047,38.0962,-88.9138,67,Mostly Cloudy,0,2,False,False,False,False,True,0.2
2026-09-28T03:11:19Z,IL,IL00055IN006400027,39.3465,-89.6408,63,Mostly Cloudy,0,3,False,False,False,False,True,0.2
2026-09-28T03:11:19Z,IL,IL00039IN008500036,41.7236,-89.0062,56,Partly Cloudy,0,5,False,False,False,False,True,0.2
2026-09-28T03:11:19Z,IL,IL00070IE002700042,38.7849,-89.7023,64,Mostly Cloudy,1,3,False,False,False,False,True,0.2
2026-09-28T03:11:19Z,IL,IL00074IE015600037,40.2732,-88.6762,60,Partly Cloudy,0,7,False,False,False,False,True,0.2
2026-09-28T03:11:19Z,IL,IL00080IE005100040,41.3938,-89.5665,61,Mostly Cloudy,0,5,False,False,False,False,True,0.2
2026-09-28T03:11:19Z,IL,IL00055IN019400031,40.8234,-88.6875,53,Partly Cloudy,0,5,False,False,False,False,True,0.2
2026-09-28T03:11:19Z,IL,IL00064IW013000053,38.2322,-87.9882,61,Partly Cloudy,0,2,False,False,False,False,True,0.2
2026-09-28T03:11:19Z,IL,IL00055IS002700019,38.8723,-89.8511,62,Mostly Cloudy,1,3,False,False,False,False,True,0.2
2026-09-28T03:11:19Z,IL,IL00057IS033300046,41.3918,-87.7749,55,Mostly Cloudy,0,5,False,False,False,False,True,0.2
2026-09-28T03:11:19Z,IL,IL00064IE008500039,38.273,-88.8496,65,Mostly Cloudy,0,2,False,False,False,False,True,0.2
2026-09-28T03:11:19Z,IL,IL00074IW002800020,41.2141,-90.3308,63,Mostly Cloudy,1,5,False,False,False,False,True,0.2
2026-09-28T03:11:19Z,IL,IL00055IN014900028,40.3599,-89.1099,61,Partly Cloudy,0,6,False,False,False,False,True,0.2
2026-09-28T03:11:19Z,IL,IL00080IW005100013,41.3937,-89.5591,62,Mostly Cloudy,0,5,False,False,False,False,True,0.2
2026-09-28T03:11:19Z,IL,IL00080IW011700016,41.4473,-88.3285,56,Partly Cloudy,0,5,False,False,False,False,True,0.2
2026-09-28T03:11:19Z,IL,IL00074IW015600009,40.2711,-88.6701,61,Partly Cloudy,0,6,False,False,False,False,True,0.2
2026-09-28T03:11:19Z,IL,IL00070IW002700015,38.7884,-89.6889,64,Mostly Cloudy,1,3,False,False,False,False,True,0.2
2026-09-28T03:11:19Z,IL,IL00057IS026800022,40.5613,-88.0615,57,Partly Cloudy,0,5,False,False,False,False,True,0.2
2026-09-28T03:11:19Z,IL,IL00080IE011700043,41.4314,-88.3454,56,Partly Cloudy,0,5,False,False,False,False,True,0.2
2026-09-28T03:11:19Z,IL,IL00024IW003700010,37.1593,-88.6798,65,Partly Cloudy,0,1,False,False,False,False,True,0.2
2026-09-28T03:11:19Z,IL,IL00055IN010400050,39.8627,-89.5948,63,Mostly Cloudy,0,5,False,False,False,False,True,0.2
2026-09-28T03:11:19Z,IL,IL00057IS011400023,38.5965,-88.9677,63,Mostly Cloudy,0,1,False,False,False,False,True,0.2
2026-09-28T03:11:19Z,IL,IL00057IN011400033,38.5963,-88.9638,63,Mostly Cloudy,0,1,False,False,False,False,True,0.2
2026-09-28T03:11:19Z,IL,IL00057IN022200048,39.9218,-88.299,58,Partly Cloudy,0,6,False,False,False,False,True,0.2
2026-09-28T03:11:19Z,IL,IL00057IN033300049,41.3892,-87.7729,54,Mostly Cloudy,0,5,False,False,False,False,True,0.2
2026-09-28T03:11:19Z,IL,IL00039IS008500026,41.7285,-89.0105,56,Partly Cloudy,0,5,False,False,False,False,True,0.2
2026-09-28T03:11:19Z,IL,IL00057IS022200054,39.9314,-88.3043,58,Partly Cloudy,0,6,False,False,False,False,True,0.2
2026-09-28T03:11:19Z,IL,IL00072IE015200041,39.9923,-88.7827,61,Partly Cloudy,0,7,False,False,False,False,True,0.2
2026-09-28T03:11:19Z,IL,IL00074IW006200004,40.8802,-90.0895,62,Mostly Cloudy,1,3,False,False,False,False,True,0.2
2026-09-28T03:11:19Z,IL,IL00074IE011400005,40.6125,-89.245,61,Partly Cloudy,0,5,False,False,False,False,True,0.2
2026-09-28T03:11:19Z,IL,IL00074IW020800052,40.1298,-87.7441,59,Partly Cloudy,0,5,False,False,False,False,True,0.2
2026-09-28T03:11:19Z,IL,IL00055IN002700029,38.8649,-89.8532,62,Mostly Cloudy,1,3,False,False,False,False,True,0.2
2026-09-28T03:11:19Z,IL,IL00055IS006400017,39.3523,-89.6447,60,Mostly Cloudy,0,3,False,False,False,False,True,0.2
2026-09-28T03:11:19Z,IL,IL00064IW002500011,38.5491,-89.7633,63,Mostly Cloudy,1,3,False,False,False,False,True,0.2
2026-09-28T03:11:19Z,IL,IL00074IE002800030,41.2334,-90.333,63,Mostly Cloudy,1,5,False,False,False,False,True,0.2
2026-09-28T03:11:19Z,IL,IL00064IE002500038,38.5481,-89.7731,64,Mostly Cloudy,1,2,False,False,False,False,True,0.2
2026-09-28T03:11:19Z,IL,IL00070IW008700045,39.0679,-88.6704,62,Mostly Cloudy,0,3,False,False,False,False,True,0.2
2026-09-28T03:11:19Z,IL,IL00057IS016500018,39.1993,-88.502,59,Partly Cloudy,0,5,False,False,False,False,True,0.2
2026-09-28T03:11:19Z,IL,IL00074IW011400006,40.6111,-89.2323,61,Partly Cloudy,0,5,False,False,False,False,True,0.2
2026-09-28T03:11:19Z,IL,IL00074IE006200001,40.8788,-90.0936,62,Mostly Cloudy,1,3,False,False,False,False,True,0.2
2026-09-28T03:11:19Z,IL,IL00070IW014900008,39.4228,-87.6617,56,Partly Cloudy,0,5,False,False,False,False,True,0.2
2026-09-28T03:11:19Z,IL,IL00057IN016500044,39.1898,-88.5031,63,Mostly Cloudy,0,5,False,False,False,False,True,0.2
2026-09-28T03:11:19Z,IL,IL00055IS010400024,39.8871,-89.5966,62,Mostly Cloudy,0,3,False,False,False,False,True,0.2
2026-09-28T03:11:19Z,IL,IL00057IS003200025,37.4699,-89.1329,64,Partly Cloudy,1,1,False,False,False,False,True,0.2
2026-09-28T03:11:19Z,IL,IL00057IN003200035,37.4661,-89.1324,64,Partly Cloudy,1,1,False,False,False,False,True,0.2
2026-09-28T03:11:19Z,IN,322,38.195,-87.8597,61,Partly Cloudy,0,2,False,False,False,False,False,0.0
2026-09-28T03:11:19Z,IN,317,38.5852,-85.7768,59,Clear,0,2,False,False,False,False,False,0.0
2026-09-28T03:11:19Z,IN,316,38.5859,-85.7809,59,Clear,0,2,False,False,False,False,False,0.0
2026-09-28T03:11:19Z,IN,315,39.2602,-85.9521,57,Clear,0,3,False,False,False,False,False,0.0
2026-09-28T03:11:19Z,IN,314,39.2767,-85.9569,57,Clear,0,3,False,False,False,False,False,0.0
2026-09-28T03:11:19Z,IN,313,40.1578,-86.5387,55,Clear,0,5,False,False,False,False,False,0.0
2026-09-28T03:11:19Z,IN,312,40.1722,-86.5522,56,Clear,0,5,False,False,False,False,False,0.0
2026-09-28T03:11:19Z,IN,311,40.6992,-87.0628,54,Partly Cloudy,0,5,False,False,False,False,False,0.0
2026-09-28T03:11:19Z,IN,310,40.6984,-87.0646,54,Partly Cloudy,0,5,False,False,False,False,False,0.0
2026-09-28T03:11:19Z,IN,308,41.1653,-87.271,50,Partly Cloudy,0,5,False,False,False,False,False,0.0
2026-09-28T03:11:19Z,IN,309,41.1666,-87.2749,50,Partly Cloudy,0,5,False,False,False,False,False,0.0
2026-09-28T03:11:19Z,IN,318,40.3543,-85.5576,54,Clear,0,3,False,False,False,False,False,0.0
2026-09-28T03:11:19Z,IN,319,40.3569,-85.56,54,Clear,0,3,False,False,False,False,False,0.0
2026-09-28T03:11:19Z,IN,320,41.2963,-85.0863,55,Clear,0,5,False,False,False,False,False,0.0
2026-09-28T03:11:19Z,IN,321,41.5803,-85.0597,55,Clear,0,5,False,False,False,False,False,0.0
2026-09-28T03:11:19Z,IN,300,39.4417,-87.5002,58,Partly Cloudy,0,3,False,False,False,False,False,0.0
2026-09-28T03:11:19Z,IN,302,39.6517,-86.3967,58,Clear,0,5,False,False,False,False,False,0.0
2026-09-28T03:11:19Z,IN,301,39.6541,-86.4005,58,Clear,0,5,False,False,False,False,False,0.0
2026-09-28T03:11:19Z,IN,303,39.8243,-85.7039,55,Clear,0,5,False,False,False,False,False,0.0
2026-09-28T03:11:19Z,IN,304,39.8266,-85.704,55,Clear,0,5,False,False,False,False,False,0.0
2026-09-28T03:11:19Z,IN,305,39.8605,-85.0259,53,Clear,0,3,False,False,False,False,False,0.0
2026-09-28T03:11:19Z,IN,323,39.29,-85.1688,54,Mostly Clear,0,2,False,False,False,False,False,0.0
2026-09-28T03:11:19Z,IN,702,41.7472,-85.3285,55,Mostly Clear,0,5,False,False,False,False,False,0.0
2026-09-28T03:11:19Z,IN,701,41.5889,-87.2173,56,Partly Cloudy,0,5,False,False,False,False,False,0.0
2026-09-28T03:11:19Z,IN,704,41.7058,-86.6212,53,Mostly Cloudy,0,5,False,False,False,False,False,0.0
2026-09-28T03:11:19Z,IN,703,41.7071,-86.6235,53,Mostly Cloudy,0,5,False,False,False,False,False,0.0
2026-09-28T03:11:19Z,IN,705,41.733,-86.0057,55,Partly Cloudy,0,5,False,False,False,False,False,0.0
2026-09-28T03:11:19Z,IN,708,41.7472,-85.3285,55,Mostly Clear,0,5,False,False,False,False,False,0.0
2026-09-28T03:11:19Z,IN,707,41.7453,-85.3287,55,Mostly Clear,0,5,False,False,False,False,False,0.0
2026-09-28T03:11:19Z,IN,324,41.7353,-86.7933,53,Mostly Cloudy,0,0,False,False,False,False,False,0.0
2026-09-28T03:11:19Z,KY,KY00065IS0000020N65WELCOM,36.6434,-86.5687,61,Partly Cloudy,0,5,False,False,False,False,False,0.0
2026-09-28T03:11:19Z,KY,KY00065IS000020NSMARATHON,36.6612,-86.5553,64,Partly Cloudy,0,3,False,False,False,False,False,0.0
2026-09-28T03:11:19Z,KY,KY00065IS0000340NWEIGHS34,36.6868,-86.5379,64,Partly Cloudy,0,3,False,False,False,False,False,0.0
2026-09-28T03:11:19Z,KY,KY00065IS0011400S65SRA114,37.9464,-85.6905,66,Clear,0,3,False,False,False,False,False,0.0
2026-09-28T03:11:19Z,KY,KY00065IS0005900S65SRA059,37.239,-85.9297,63,Mostly Clear,0,1,False,False,False,False,False,0.0
2026-09-28T03:11:19Z,KY,KY00065IS0005900N65NRA059,37.2384,-85.9271,63,Mostly Clear,0,1,False,False,False,False,False,0.0
2026-09-28T03:11:19Z,KY,KY00075IS0003300NWEIGHS33,37.0422,-84.0968,58,Clear,0,2,False,False,False,False,False,0.0
2026-09-28T03:11:19Z,KY,KY00075IS0003400SWEIGHS34,37.048,-84.0997,58,Clear,0,2,False,False,False,False,False,0.0
2026-09-28T03:11:19Z,KY,KY00075IS0017700N75NRA177,38.937,-84.6309,59,Clear,0,5,False,False,False,False,False,0.0
2026-09-28T03:11:19Z,KY,KY00075IS0007500SWALTONWS,38.8653,-84.6476,59,Clear,0,5,False,False,False,False,False,0.0
2026-09-28T03:11:19Z,KY,KY00075IS0017700S75SRA177,38.9388,-84.6339,59,Clear,0,5,False,False,False,False,False,0.0
2026-09-28T03:11:19Z,KY,KY00075IS0016800SCRITENWS,38.8196,-84.6015,59,Clear,0,5,False,False,False,False,False,0.0
2026-09-28T03:11:19Z,KY,KY00075IS0000100N75WELCOM,36.6162,-84.1054,56,Mostly Clear,0,1,False,False,False,False,False,0.0
2026-09-28T03:11:23Z,IL,IL00064IW008500012,38.2766,-88.8012,62,Mostly Cloudy,0,2,False,False,False,False,True,0.2
2026-09-28T03:11:23Z,IL,IL00057IN026800032,40.5505,-88.0605,57,Partly Cloudy,0,5,False,False,False,False,True,0.2
2026-09-28T03:11:23Z,IL,IL00070IE008600051,39.0651,-88.6745,62,Mostly Cloudy,0,3,False,False,False,False,True,0.2
2026-09-28T03:11:23Z,IL,IL00072IW015200014,39.9888,-88.7852,61,Partly Cloudy,0,7,False,False,False,False,True,0.2
2026-09-28T03:11:23Z,IL,IL00055IS019400021,40.8371,-88.6833,53,Partly Cloudy,0,5,False,False,False,False,True,0.2
2026-09-28T03:11:23Z,IL,IL00057IN007900034,38.0297,-88.9203,65,Mostly Cloudy,0,2,False,False,False,False,True,0.2
2026-09-28T03:11:23Z,IL,IL00057IS007900047,38.0962,-88.9138,67,Mostly Cloudy,0,2,False,False,False,False,True,0.2
2026-09-28T03:11:23Z,IL,IL00055IN006400027,39.3465,-89.6408,63,Mostly Cloudy,0,3,False,False,False,False,True,0.2
2026-09-28T03:11:23Z,IL,IL00039IN008500036,41.7236,-89.0062,56,Partly Cloudy,0,5,False,False,False,False,True,0.2
2026-09-28T03:11:23Z,IL,IL00070IE002700042,38.7849,-89.7023,64,Mostly Cloudy,1,3,False,False,False,False,True,0.2
2026-09-28T03:11:23Z,IL,IL00074IE015600037,40.2732,-88.6762,60,Partly Cloudy,0,7,False,False,False,False,True,0.2
2026-09-28T03:11:23Z,IL,IL00080IE005100040,41.3938,-89.5665,61,Mostly Cloudy,0,5,False,False,False,False,True,0.2
2026-09-28T03:11:23Z,IL,IL00055IN019400031,40.8234,-88.6875,53,Partly Cloudy,0,5,False,False,False,False,True,0.2
2026-09-28T03:11:23Z,IL,IL00064IW013000053,38.2322,-87.9882,61,Partly Cloudy,0,2,False,False,False,False,True,0.2
2026-09-28T03:11:23Z,IL,IL00055IS002700019,38.8723,-89.8511,62,Mostly Cloudy,1,3,False,False,False,False,True,0.2
2026-09-28T03:11:23Z,IL,IL00057IS033300046,41.3918,-87.7749,55,Mostly Cloudy,0,5,False,False,False,False,True,0.2
2026-09-28T03:11:23Z,IL,IL00064IE008500039,38.273,-88.8496,65,Mostly Cloudy,0,2,False,False,False,False,True,0.2
2026-09-28T03:11:23Z,IL,IL00074IW002800020,41.2141,-90.3308,63,Mostly Cloudy,1,5,False,False,False,False,True,0.2
2026-09-28T03:11:23Z,IL,IL00055IN014900028,40.3599,-89.1099,61,Partly Cloudy,0,6,False,False,False,False,True,0.2
2026-09-28T03:11:23Z,IL,IL00080IW005100013,41.3937,-89.5591,62,Mostly Cloudy,0,5,False,False,False,False,True,0.2
2026-09-28T03:11:23Z,IL,IL00080IW011700016,41.4473,-88.3285,56,Partly Cloudy,0,5,False,False,False,False,True,0.2
2026-09-28T03:11:23Z,IL,IL00074IW015600009,40.2711,-88.6701,61,Partly Cloudy,0,6,False,False,False,False,True,0.2
2026-09-28T03:11:23Z,IL,IL00070IW002700015,38.7884,-89.6889,64,Mostly Cloudy,1,3,False,False,False,False,True,0.2
2026-09-28T03:11:23Z,IL,IL00057IS026800022,40.5613,-88.0615,57,Partly Cloudy,0,5,False,False,False,False,True,0.2
2026-09-28T03:11:23Z,IL,IL00080IE011700043,41.4314,-88.3454,56,Partly Cloudy,0,5,False,False,False,False,True,0.2
2026-09-28T03:11:23Z,IL,IL00024IW003700010,37.1593,-88.6798,65,Partly Cloudy,0,1,False,False,False,False,True,0.2
2026-09-28T03:11:23Z,IL,IL00055IN010400050,39.8627,-89.5948,63,Mostly Cloudy,0,5,False,False,False,False,True,0.2
2026-09-28T03:11:23Z,IL,IL00057IS011400023,38.5965,-88.9677,63,Mostly Cloudy,0,1,False,False,False,False,True,0.2
2026-09-28T03:11:23Z,IL,IL00057IN011400033,38.5963,-88.9638,63,Mostly Cloudy,0,1,False,False,False,False,True,0.2
2026-09-28T03:11:23Z,IL,IL00057IN022200048,39.9218,-88.299,58,Partly Cloudy,0,6,False,False,False,False,True,0.2
2026-09-28T03:11:23Z,IL,IL00057IN033300049,41.3892,-87.7729,54,Mostly Cloudy,0,5,False,False,False,False,True,0.2
2026-09-28T03:11:23Z,IL,IL00039IS008500026,41.7285,-89.0105,56,Partly Cloudy,0,5,False,False,False,False,True,0.2
2026-09-28T03:11:23Z,IL,IL00057IS022200054,39.9314,-88.3043,58,Partly Cloudy,0,6,False,False,False,False,True,0.2
2026-09-28T03:11:23Z,IL,IL00072IE015200041,39.9923,-88.7827,61,Partly Cloudy,0,7,False,False,False,False,True,0.2
2026-09-28T03:11:23Z,IL,IL00074IW006200004,40.8802,-90.0895,62,Mostly Cloudy,1,3,False,False,False,False,True,0.2
2026-09-28T03:11:23Z,IL,IL00074IE011400005,40.6125,-89.245,61,Partly Cloudy,0,5,False,False,False,False,True,0.2
2026-09-28T03:11:23Z,IL,IL00074IW020800052,40.1298,-87.7441,59,Partly Cloudy,0,5,False,False,False,False,True,0.2
2026-09-28T03:11:23Z,IL,IL00055IN002700029,38.8649,-89.8532,62,Mostly Cloudy,1,3,False,False,False,False,True,0.2
2026-09-28T03:11:23Z,IL,IL00055IS006400017,39.3523,-89.6447,60,Mostly Cloudy,0,3,False,False,False,False,True,0.2
2026-09-28T03:11:23Z,IL,IL00064IW002500011,38.5491,-89.7633,63,Mostly Cloudy,1,3,False,False,False,False,True,0.2
2026-09-28T03:11:23Z,IL,IL00074IE002800030,41.2334,-90.333,63,Mostly Cloudy,1,5,False,False,False,False,True,0.2
2026-09-28T03:11:23Z,IL,IL00064IE002500038,38.5481,-89.7731,64,Mostly Cloudy,1,2,False,False,False,False,True,0.2
2026-09-28T03:11:23Z,IL,IL00070IW008700045,39.0679,-88.6704,62,Mostly Cloudy,0,3,False,False,False,False,True,0.2
2026-09-28T03:11:23Z,IL,IL00057IS016500018,39.1993,-88.502,59,Partly Cloudy,0,5,False,False,False,False,True,0.2
2026-09-28T03:11:23Z,IL,IL00074IW011400006,40.6111,-89.2323,61,Partly Cloudy,0,5,False,False,False,False,True,0.2
2026-09-28T03:11:23Z,IL,IL00074IE006200001,40.8788,-90.0936,62,Mostly Cloudy,1,3,False,False,False,False,True,0.2
2026-09-28T03:11:23Z,IL,IL00070IW014900008,39.4228,-87.6617,56,Partly Cloudy,0,5,False,False,False,False,True,0.2
2026-09-28T03:11:23Z,IL,IL00057IN016500044,39.1898,-88.5031,63,Mostly Cloudy,0,5,False,False,False,False,True,0.2
2026-09-28T03:11:23Z,IL,IL00055IS010400024,39.8871,-89.5966,62,Mostly Cloudy,0,3,False,False,False,False,True,0.2
2026-09-28T03:11:23Z,IL,IL00057IS003200025,37.4699,-89.1329,64,Partly Cloudy,1,1,False,False,False,False,True,0.2
2026-09-28T03:11:23Z,IL,IL00057IN003200035,37.4661,-89.1324,64,Partly Cloudy,1,1,False,False,False,False,True,0.2
2026-09-28T03:11:23Z,IN,322,38.195,-87.8597,61,Partly Cloudy,0,2,False,False,False,False,False,0.0
2026-09-28T03:11:23Z,IN,317,38.5852,-85.7768,59,Clear,0,2,False,False,False,False,False,0.0
2026-09-28T03:11:23Z,IN,316,38.5859,-85.7809,59,Clear,0,2,False,False,False,False,False,0.0
2026-09-28T03:11:23Z,IN,315,39.2602,-85.9521,57,Clear,0,3,False,False,False,False,False,0.0
2026-09-28T03:11:23Z,IN,314,39.2767,-85.9569,57,Clear,0,3,False,False,False,False,False,0.0
2026-09-28T03:11:23Z,IN,313,40.1578,-86.5387,55,Clear,0,5,False,False,False,False,False,0.0
2026-09-28T03:11:23Z,IN,312,40.1722,-86.5522,56,Clear,0,5,False,False,False,False,False,0.0
2026-09-28T03:11:23Z,IN,311,40.6992,-87.0628,54,Partly Cloudy,0,5,False,False,False,False,False,0.0
2026-09-28T03:11:23Z,IN,310,40.6984,-87.0646,54,Partly Cloudy,0,5,False,False,False,False,False,0.0
2026-09-28T03:11:23Z,IN,308,41.1653,-87.271,50,Partly Cloudy,0,5,False,False,False,False,False,0.0
2026-09-28T03:11:23Z,IN,309,41.1666,-87.2749,50,Partly Cloudy,0,5,False,False,False,False,False,0.0
2026-09-28T03:11:23Z,IN,318,40.3543,-85.5576,54,Clear,0,3,False,False,False,False,False,0.0
2026-09-28T03:11:23Z,IN,319,40.3569,-85.56,54,Clear,0,3,False,False,False,False,False,0.0
2026-09-28T03:11:23Z,IN,320,41.2963,-85.0863,55,Clear,0,5,False,False,False,False,False,0.0
2026-09-28T03:11:23Z,IN,321,41.5803,-85.0597,55,Clear,0,5,False,False,False,False,False,0.0
2026-09-28T03:11:23Z,IN,300,39.4417,-87.5002,58,Partly Cloudy,0,3,False,False,False,False,False,0.0
2026-09-28T03:11:23Z,IN,302,39.6517,-86.3967,58,Clear,0,5,False,False,False,False,False,0.0
2026-09-28T03:11:23Z,IN,301,39.6541,-86.4005,58,Clear,0,5,False,False,False,False,False,0.0
2026-09-28T03:11:23Z,IN,303,39.8243,-85.7039,55,Clear,0,5,False,False,False,False,False,0.0
2026-09-28T03:11:23Z,IN,304,39.8266,-85.704,55,Clear,0,5,False,False,False,False,False,0.0
2026-09-28T03:11:23Z,IN,305,39.8605,-85.0259,53,Clear,0,3,False,False,False,False,False,0.0
2026-09-28T03:11:23Z,IN,323,39.29,-85.1688,54,Mostly Clear,0,2,False,False,False,False,False,0.0
2026-09-28T03:11:23Z,IN,702,41.7472,-85.3285,55,Mostly Clear,0,5,False,False,False,False,False,0.0
2026-09-28T03:11:23Z,IN,701,41.5889,-87.2173,56,Partly Cloudy,0,5,False,False,False,False,False,0.0
2026-09-28T03:11:23Z,IN,704,41.7058,-86.6212,53,Mostly Cloudy,0,5,False,False,False,False,False,0.0
2026-09-28T03:11:23Z,IN,703,41.7071,-86.6235,53,Mostly Cloudy,0,5,False,False,False,False,False,0.0
2026-09-28T03:11:23Z,IN,705,41.733,-86.0057,55,Partly Cloudy,0,5,False,False,False,False,False,0.0
2026-09-28T03:11:23Z,IN,708,41.7472,-85.3285,55,Mostly Clear,0,5,False,False,False,False,False,0.0
2026-09-28T03:11:23Z,IN,707,41.7453,-85.3287,55,Mostly Clear,0,5,False,False,False,False,False,0.0
2026-09-28T03:11:23Z,IN,324,41.7353,-86.7933,53,Mostly Cloudy,0,0,False,False,False,False,False,0.0
2026-09-28T03:11:23Z,KY,KY00065IS0000020N65WELCOM,36.6434,-86.5687,61,Partly Cloudy,0,5,False,False,False,False,False,0.0
2026-09-28T03:11:23Z,KY,KY00065IS000020NSMARATHON,36.6612,-86.5553,64,Partly Cloudy,0,3,False,False,False,False,False,0.0
2026-09-28T03:11:23Z,KY,KY00065IS0000340NWEIGHS34,36.6868,-86.5379,64,Partly Cloudy,0,3,False,False,False,False,False,0.0
2026-09-28T03:11:23Z,KY,KY00065IS0011400S65SRA114,37.9464,-85.6905,66,Clear,0,3,False,False,False,False,False,0.0
2026-09-28T03:11:23Z,KY,KY00065IS0005900S65SRA059,37.239,-85.9297,63,Mostly Clear,0,1,False,False,False,False,False,0.0
2026-09-28T03:11:23Z,KY,KY00065IS0005900N65NRA059,37.2384,-85.9271,63,Mostly Clear,0,1,False,False,False,False,False,0.0
2026-09-28T03:11:23Z,KY,KY00075IS0003300NWEIGHS33,37.0422,-84.0968,58,Clear,0,2,False,False,False,False,False,0.0
2026-09-28T03:11:23Z,KY,KY00075IS0003400SWEIGHS34,37.048,-84.0997,58,Clear,0,2,False,False,False,False,False,0.0
2026-09-28T03:11:23Z,KY,KY00075IS0017700N75NRA177,38.937,-84.6309,59,Clear,0,5,False,False,False,False,False,0.0
2026-09-28T03:11:23Z,KY,KY00075IS0007500SWALTONWS,38.8653,-84.6476,59,Clear,0,5,False,False,False,False,False,0.0
2026-09-28T03:11:23Z,KY,KY00075IS0017700S75SRA177,38.9388,-84.6339,59,Clear,0,5,False,False,False,False,False,0.0
2026-09-28T03:11:23Z,KY,KY00075IS0016800SCRITENWS,38.8196,-84.6015,59,Clear,0,5,False,False,False,False,False,0.0
2026-09-28T03:11:23Z,KY,KY00075IS0000100N75WELCOM,36.6162,-84.1054,56,Mostly Clear,0,1,False,False,False,False,False,0.0
2026-09-28T03:11:28Z,IL,IL00064IW008500012,38.2766,-88.8012,62,Mostly Cloudy,0,2,False,False,False,False,True,0.2
2026-09-28T03:11:28Z,IL,IL00057IN026800032,40.5505,-88.0605,57,Partly Cloudy,0,5,False,False,False,False,True,0.2
2026-09-28T03:11:28Z,IL,IL00070IE008600051,39.0651,-88.6745,62,Mostly Cloudy,0,3,False,False,False,False,True,0.2
2026-09-28T03:11:28Z,IL,IL00072IW015200014,39.9888,-88.7852,61,Partly Cloudy,0,7,False,False,False,False,True,0.2
2026-09-28T03:11:28Z,IL,IL00055IS019400021,40.8371,-88.6833,53,Partly Cloudy,0,5,False,False,False,False,True,0.2
2026-09-28T03:11:28Z,IL,IL00057IN007900034,38.0297,-88.9203,65,Mostly Cloudy,0,2,False,False,False,False,True,0.2
2026-09-28T03:11:28Z,IL,IL00057IS007900047,38.0962,-88.9138,67,Mostly Cloudy,0,2,False,False,False,False,True,0.2
2026-09-28T03:11:28Z,IL,IL00055IN006400027,39.3465,-89.6408,63,Mostly Cloudy,0,3,False,False,False,False,True,0.2
2026-09-28T03:11:28Z,IL,IL00039IN008500036,41.7236,-89.0062,56,Partly Cloudy,0,5,False,False,False,False,True,0.2
2026-09-28T03:11:28Z,IL,IL00070IE002700042,38.7849,-89.7023,64,Mostly Cloudy,1,3,False,False,False,False,True,0.2
2026-09-28T03:11:28Z,IL,IL00074IE015600037,40.2732,-88.6762,60,Partly Cloudy,0,7,False,False,False,False,True,0.2
2026-09-28T03:11:28Z,IL,IL00080IE005100040,41.3938,-89.5665,61,Mostly Cloudy,0,5,False,False,False,False,True,0.2
2026-09-28T03:11:28Z,IL,IL00055IN019400031,40.8234,-88.6875,53,Partly Cloudy,0,5,False,False,False,False,True,0.2
2026-09-28T03:11:28Z,IL,IL00064IW013000053,38.2322,-87.9882,61,Partly Cloudy,0,2,False,False,False,False,True,0.2
2026-09-28T03:11:28Z,IL,IL00055IS002700019,38.8723,-89.8511,62,Mostly Cloudy,1,3,False,False,False,False,True,0.2
2026-09-28T03:11:28Z,IL,IL00057IS033300046,41.3918,-87.7749,55,Mostly Cloudy,0,5,False,False,False,False,True,0.2
2026-09-28T03:11:28Z,IL,IL00064IE008500039,38.273,-88.8496,65,Mostly Cloudy,0,2,False,False,False,False,True,0.2
2026-09-28T03:11:28Z,IL,IL00074IW002800020,41.2141,-90.3308,63,Mostly Cloudy,1,5,False,False,False,False,True,0.2
2026-09-28T03:11:28Z,IL,IL00055IN014900028,40.3599,-89.1099,61,Partly Cloudy,0,6,False,False,False,False,True,0.2
2026-09-28T03:11:28Z,IL,IL00080IW005100013,41.3937,-89.5591,62,Mostly Cloudy,0,5,False,False,False,False,True,0.2
2026-09-28T03:11:28Z,IL,IL00080IW011700016,41.4473,-88.3285,56,Partly Cloudy,0,5,False,False,False,False,True,0.2
2026-09-28T03:11:28Z,IL,IL00074IW015600009,40.2711,-88.6701,61,Partly Cloudy,0,6,False,False,False,False,True,0.2
2026-09-28T03:11:28Z,IL,IL00070IW002700015,38.7884,-89.6889,64,Mostly Cloudy,1,3,False,False,False,False,True,0.2
2026-09-28T03:11:28Z,IL,IL00057IS026800022,40.5613,-88.0615,57,Partly Cloudy,0,5,False,False,False,False,True,0.2
2026-09-28T03:11:28Z,IL,IL00080IE011700043,41.4314,-88.3454,56,Partly Cloudy,0,5,False,False,False,False,True,0.2
2026-09-28T03:11:28Z,IL,IL00024IW003700010,37.1593,-88.6798,65,Partly Cloudy,0,1,False,False,False,False,True,0.2
2026-09-28T03:11:28Z,IL,IL00055IN010400050,39.8627,-89.5948,63,Mostly Cloudy,0,5,False,False,False,False,True,0.2
2026-09-28T03:11:28Z,IL,IL00057IS011400023,38.5965,-88.9677,63,Mostly Cloudy,0,1,False,False,False,False,True,0.2
2026-09-28T03:11:28Z,IL,IL00057IN011400033,38.5963,-88.9638,63,Mostly Cloudy,0,1,False,False,False,False,True,0.2
2026-09-28T03:11:28Z,IL,IL00057IN022200048,39.9218,-88.299,58,Partly Cloudy,0,6,False,False,False,False,True,0.2
2026-09-28T03:11:28Z,IL,IL00057IN033300049,41.3892,-87.7729,54,Mostly Cloudy,0,5,False,False,False,False,True,0.2
2026-09-28T03:11:28Z,IL,IL00039IS008500026,41.7285,-89.0105,56,Partly Cloudy,0,5,False,False,False,False,True,0.2
2026-09-28T03:11:28Z,IL,IL00057IS022200054,39.9314,-88.3043,58,Partly Cloudy,0,6,False,False,False,False,True,0.2
2026-09-28T03:11:28Z,IL,IL00072IE015200041,39.9923,-88.7827,61,Partly Cloudy,0,7,False,False,False,False,True,0.2
2026-09-28T03:11:28Z,IL,IL00074IW006200004,40.8802,-90.0895,62,Mostly Cloudy,1,3,False,False,False,False,True,0.2
2026-09-28T03:11:28Z,IL,IL00074IE011400005,40.6125,-89.245,61,Partly Cloudy,0,5,False,False,False,False,True,0.2
2026-09-28T03:11:28Z,IL,IL00074IW020800052,40.1298,-87.7441,59,Partly Cloudy,0,5,False,False,False,False,True,0.2
2026-09-28T03:11:28Z,IL,IL00055IN002700029,38.8649,-89.8532,62,Mostly Cloudy,1,3,False,False,False,False,True,0.2
2026-09-28T03:11:28Z,IL,IL00055IS006400017,39.3523,-89.6447,60,Mostly Cloudy,0,3,False,False,False,False,True,0.2
2026-09-28T03:11:28Z,IL,IL00064IW002500011,38.5491,-89.7633,63,Mostly Cloudy,1,3,False,False,False,False,True,0.2
2026-09-28T03:11:28Z,IL,IL00074IE002800030,41.2334,-90.333,63,Mostly Cloudy,1,5,False,False,False,False,True,0.2
2026-09-28T03:11:28Z,IL,IL00064IE002500038,38.5481,-89.7731,64,Mostly Cloudy,1,2,False,False,False,False,True,0.2
2026-09-28T03:11:28Z,IL,IL00070IW008700045,39.0679,-88.6704,62,Mostly Cloudy,0,3,False,False,False,False,True,0.2
2026-09-28T03:11:28Z,IL,IL00057IS016500018,39.1993,-88.502,59,Partly Cloudy,0,5,False,False,False,False,True,0.2
2026-09-28T03:11:28Z,IL,IL00074IW011400006,40.6111,-89.2323,61,Partly Cloudy,0,5,False,False,False,False,True,0.2
2026-09-28T03:11:28Z,IL,IL00074IE006200001,40.8788,-90.0936,62,Mostly Cloudy,1,3,False,False,False,False,True,0.2
2026-09-28T03:11:28Z,IL,IL00070IW014900008,39.4228,-87.6617,56,Partly Cloudy,0,5,False,False,False,False,True,0.2
2026-09-28T03:11:28Z,IL,IL00057IN016500044,39.1898,-88.5031,63,Mostly Cloudy,0,5,False,False,False,False,True,0.2
2026-09-28T03:11:28Z,IL,IL00055IS010400024,39.8871,-89.5966,62,Mostly Cloudy,0,3,False,False,False,False,True,0.2
2026-09-28T03:11:28Z,IL,IL00057IS003200025,37.4699,-89.1329,64,Partly Cloudy,1,1,False,False,False,False,True,0.2
2026-09-28T03:11:28Z,IL,IL00057IN003200035,37.4661,-89.1324,64,Partly Cloudy,1,1,False,False,False,False,True,0.2
2026-09-28T03:11:28Z,IN,322,38.195,-87.8597,61,Partly Cloudy,0,2,False,False,False,False,False,0.0
2026-09-28T03:11:28Z,IN,317,38.5852,-85.7768,59,Clear,0,2,False,False,False,False,False,0.0
2026-09-28T03:11:28Z,IN,316,38.5859,-85.7809,59,Clear,0,2,False,False,False,False,False,0.0
2026-09-28T03:11:28Z,IN,315,39.2602,-85.9521,57,Clear,0,3,False,False,False,False,False,0.0
2026-09-28T03:11:28Z,IN,314,39.2767,-85.9569,57,Clear,0,3,False,False,False,False,False,0.0
2026-09-28T03:11:28Z,IN,313,40.1578,-86.5387,55,Clear,0,5,False,False,False,False,False,0.0
2026-09-28T03:11:28Z,IN,312,40.1722,-86.5522,56,Clear,0,5,False,False,False,False,False,0.0
2026-09-28T03:11:28Z,IN,311,40.6992,-87.0628,54,Partly Cloudy,0,5,False,False,False,False,False,0.0
2026-09-28T03:11:28Z,IN,310,40.6984,-87.0646,54,Partly Cloudy,0,5,False,False,False,False,False,0.0
2026-09-28T03:11:28Z,IN,308,41.1653,-87.271,50,Partly Cloudy,0,5,False,False,False,False,False,0.0
2026-09-28T03:11:28Z,IN,309,41.1666,-87.2749,50,Partly Cloudy,0,5,False,False,False,False,False,0.0
2026-09-28T03:11:28Z,IN,318,40.3543,-85.5576,54,Clear,0,3,False,False,False,False,False,0.0
2026-09-28T03:11:28Z,IN,319,40.3569,-85.56,54,Clear,0,3,False,False,False,False,False,0.0
2026-09-28T03:11:28Z,IN,320,41.2963,-85.0863,55,Clear,0,5,False,False,False,False,False,0.0
2026-09-28T03:11:28Z,IN,321,41.5803,-85.0597,55,Clear,0,5,False,False,False,False,False,0.0
2026-09-28T03:11:28Z,IN,300,39.4417,-87.5002,58,Partly Cloudy,0,3,False,False,False,False,False,0.0
2026-09-28T03:11:28Z,IN,302,39.6517,-86.3967,58,Clear,0,5,False,False,False,False,False,0.0
2026-09-28T03:11:28Z,IN,301,39.6541,-86.4005,58,Clear,0,5,False,False,False,False,False,0.0
2026-09-28T03:11:28Z,IN,303,39.8243,-85.7039,55,Clear,0,5,False,False,False,False,False,0.0
2026-09-28T03:11:28Z,IN,304,39.8266,-85.704,55,Clear,0,5,False,False,False,False,False,0.0
2026-09-28T03:11:28Z,IN,305,39.8605,-85.0259,53,Clear,0,3,False,False,False,False,False,0.0
2026-09-28T03:11:28Z,IN,323,39.29,-85.1688,54,Mostly Clear,0,2,False,False,False,False,False,0.0
2026-09-28T03:11:28Z,IN,702,41.7472,-85.3285,55,Mostly Clear,0,5,False,False,False,False,False,0.0
2026-09-28T03:11:28Z,IN,701,41.5889,-87.2173,56,Partly Cloudy,0,5,False,False,False,False,False,0.0
2026-09-28T03:11:28Z,IN,704,41.7058,-86.6212,53,Mostly Cloudy,0,5,False,False,False,False,False,0.0
2026-09-28T03:11:28Z,IN,703,41.7071,-86.6235,53,Mostly Cloudy,0,5,False,False,False,False,False,0.0
2026-09-28T03:11:28Z,IN,705,41.733,-86.0057,55,Partly Cloudy,0,5,False,False,False,False,False,0.0
2026-09-28T03:11:28Z,IN,708,41.7472,-85.3285,55,Mostly Clear,0,5,False,False,False,False,False,0.0
2026-09-28T03:11:28Z,IN,707,41.7453,-85.3287,55,Mostly Clear,0,5,False,False,False,False,False,0.0
2026-09-28T03:11:28Z,IN,324,41.7353,-86.7933,53,Mostly Cloudy,0,0,False,False,False,False,False,0.0
2026-09-28T03:11:28Z,KY,KY00065IS0000020N65WELCOM,36.6434,-86.5687,61,Partly Cloudy,0,5,False,False,False,False,False,0.0
2026-09-28T03:11:28Z,KY,KY00065IS000020NSMARATHON,36.6612,-86.5553,64,Partly Cloudy,0,3,False,False,False,False,False,0.0
2026-09-28T03:11:28Z,KY,KY00065IS0000340NWEIGHS34,36.6868,-86.5379,64,Partly Cloudy,0,3,False,False,False,False,False,0.0
2026-09-28T03:11:28Z,KY,KY00065IS0011400S65SRA114,37.9464,-85.6905,66,Clear,0,3,False,False,False,False,False,0.0
2026-09-28T03:11:28Z,KY,KY00065IS0005900S65SRA059,37.239,-85.9297,63,Mostly Clear,0,1,False,False,False,False,False,0.0
2026-09-28T03:11:28Z,KY,KY00065IS0005900N65NRA059,37.2384,-85.9271,63,Mostly Clear,0,1,False,False,False,False,False,0.0
2026-09-28T03:11:28Z,KY,KY00075IS0003300NWEIGHS33,37.0422,-84.0968,58,Clear,0,2,False,False,False,False,False,0.0
2026-09-28T03:11:28Z,KY,KY00075IS0003400SWEIGHS34,37.048,-84.0997,58,Clear,0,2,False,False,False,False,False,0.0
2026-09-28T03:11:28Z,KY,KY00075IS0017700N75NRA177,38.937,-84.6309,59,Clear,0,5,False,False,False,False,False,0.0
2026-09-28T03:11:28Z,KY,KY00075IS0007500SWALTONWS,38.8653,-84.6476,59,Clear,0,5,False,False,False,False,False,0.0
2026-09-28T03:11:28Z,KY,KY00075IS0017700S75SRA177,38.9388,-84.6339,59,Clear,0,5,False,False,False,False,False,0.0
2026-09-28T03:11:28Z,KY,KY00075IS0016800SCRITENWS,38.8196,-84.6015,59,Clear,0,5,False,False,False,False,False,0.0
2026-09-28T03:11:28Z,KY,KY00075IS0000100N75WELCOM,36.6162,-84.1054,56,Mostly Clear,0,1,False,False,False,False,False,0.0
2026-09-28T03:11:32Z,IL,IL00064IW008500012,38.2766,-88.8012,62,Mostly Cloudy,0,2,False,False,False,False,True,0.2
2026-09-28T03:11:32Z,IL,IL00057IN026800032,40.5505,-88.0605,57,Partly Cloudy,0,5,False,False,False,False,True,0.2
2026-09-28T03:11:32Z,IL,IL00070IE008600051,39.0651,-88.6745,62,Mostly Cloudy,0,3,False,False,False,False,True,0.2
2026-09-28T03:11:32Z,IL,IL00072IW015200014,39.9888,-88.7852,61,Partly Cloudy,0,7,False,False,False,False,True,0.2
2026-09-28T03:11:32Z,IL,IL00055IS019400021,40.8371,-88.6833,53,Partly Cloudy,0,5,False,False,False,False,True,0.2
2026-09-28T03:11:32Z,IL,IL00057IN007900034,38.0297,-88.9203,65,Mostly Cloudy,0,2,False,False,False,False,True,0.2
2026-09-28T03:11:32Z,IL,IL00057IS007900047,38.0962,-88.9138,67,Mostly Cloudy,0,2,False,False,False,False,True,0.2
2026-09-28T03:11:32Z,IL,IL00055IN006400027,39.3465,-89.6408,63,Mostly Cloudy,0,3,False,False,False,False,True,0.2
2026-09-28T03:11:32Z,IL,IL00039IN008500036,41.7236,-89.0062,56,Partly Cloudy,0,5,False,False,False,False,True,0.2
2026-09-28T03:11:32Z,IL,IL00070IE002700042,38.7849,-89.7023,64,Mostly Cloudy,1,3,False,False,False,False,True,0.2
2026-09-28T03:11:32Z,IL,IL00074IE015600037,40.2732,-88.6762,60,Partly Cloudy,0,7,False,False,False,False,True,0.2
2026-09-28T03:11:32Z,IL,IL00080IE005100040,41.3938,-89.5665,61,Mostly Cloudy,0,5,False,False,False,False,True,0.2
2026-09-28T03:11:32Z,IL,IL00055IN019400031,40.8234,-88.6875,53,Partly Cloudy,0,5,False,False,False,False,True,0.2
2026-09-28T03:11:32Z,IL,IL00064IW013000053,38.2322,-87.9882,61,Partly Cloudy,0,2,False,False,False,False,True,0.2
2026-09-28T03:11:32Z,IL,IL00055IS002700019,38.8723,-89.8511,62,Mostly Cloudy,1,3,False,False,False,False,True,0.2
2026-09-28T03:11:32Z,IL,IL00057IS033300046,41.3918,-87.7749,55,Mostly Cloudy,0,5,False,False,False,False,True,0.2
2026-09-28T03:11:32Z,IL,IL00064IE008500039,38.273,-88.8496,65,Mostly Cloudy,0,2,False,False,False,False,True,0.2
2026-09-28T03:11:32Z,IL,IL00074IW002800020,41.2141,-90.3308,63,Mostly Cloudy,1,5,False,False,False,False,True,0.2
2026-09-28T03:11:32Z,IL,IL00055IN014900028,40.3599,-89.1099,61,Partly Cloudy,0,6,False,False,False,False,True,0.2
2026-09-28T03:11:32Z,IL,IL00080IW005100013,41.3937,-89.5591,62,Mostly Cloudy,0,5,False,False,False,False,True,0.2
2026-09-28T03:11:32Z,IL,IL00080IW011700016,41.4473,-88.3285,56,Partly Cloudy,0,5,False,False,False,False,True,0.2
2026-09-28T03:11:32Z,IL,IL00074IW015600009,40.2711,-88.6701,61,Partly Cloudy,0,6,False,False,False,False,True,0.2
2026-09-28T03:11:32Z,IL,IL00070IW002700015,38.7884,-89.6889,64,Mostly Cloudy,1,3,False,False,False,False,True,0.2
2026-09-28T03:11:32Z,IL,IL00057IS026800022,40.5613,-88.0615,57,Partly Cloudy,0,5,False,False,False,False,True,0.2
2026-09-28T03:11:32Z,IL,IL00080IE011700043,41.4314,-88.3454,56,Partly Cloudy,0,5,False,False,False,False,True,0.2
2026-09-28T03:11:32Z,IL,IL00024IW003700010,37.1593,-88.6798,65,Partly Cloudy,0,1,False,False,False,False,True,0.2
2026-09-28T03:11:32Z,IL,IL00055IN010400050,39.8627,-89.5948,63,Mostly Cloudy,0,5,False,False,False,False,True,0.2
2026-09-28T03:11:32Z,IL,IL00057IS011400023,38.5965,-88.9677,63,Mostly Cloudy,0,1,False,False,False,False,True,0.2
2026-09-28T03:11:32Z,IL,IL00057IN011400033,38.5963,-88.9638,63,Mostly Cloudy,0,1,False,False,False,False,True,0.2
2026-09-28T03:11:32Z,IL,IL00057IN022200048,39.9218,-88.299,58,Partly Cloudy,0,6,False,False,False,False,True,0.2
2026-09-28T03:11:32Z,IL,IL00057IN033300049,41.3892,-87.7729,54,Mostly Cloudy,0,5,False,False,False,False,True,0.2
2026-09-28T03:11:32Z,IL,IL00039IS008500026,41.7285,-89.0105,56,Partly Cloudy,0,5,False,False,False,False,True,0.2
2026-09-28T03:11:32Z,IL,IL00057IS022200054,39.9314,-88.3043,58,Partly Cloudy,0,6,False,False,False,False,True,0.2
2026-09-28T03:11:32Z,IL,IL00072IE015200041,39.9923,-88.7827,61,Partly Cloudy,0,7,False,False,False,False,True,0.2
2026-09-28T03:11:32Z,IL,IL00074IW006200004,40.8802,-90.0895,62,Mostly Cloudy,1,3,False,False,False,False,True,0.2
2026-09-28T03:11:32Z,IL,IL00074IE011400005,40.6125,-89.245,61,Partly Cloudy,0,5,False,False,False,False,True,0.2
2026-09-28T03:11:32Z,IL,IL00074IW020800052,40.1298,-87.7441,59,Partly Cloudy,0,5,False,False,False,False,True,0.2
2026-09-28T03:11:32Z,IL,IL00055IN002700029,38.8649,-89.8532,62,Mostly Cloudy,1,3,False,False,False,False,True,0.2
2026-09-28T03:11:32Z,IL,IL00055IS006400017,39.3523,-89.6447,60,Mostly Cloudy,0,3,False,False,False,False,True,0.2
2026-09-28T03:11:32Z,IL,IL00064IW002500011,38.5491,-89.7633,63,Mostly Cloudy,1,3,False,False,False,False,True,0.2
2026-09-28T03:11:32Z,IL,IL00074IE002800030,41.2334,-90.333,63,Mostly Cloudy,1,5,False,False,False,False,True,0.2
2026-09-28T03:11:32Z,IL,IL00064IE002500038,38.5481,-89.7731,64,Mostly Cloudy,1,2,False,False,False,False,True,0.2
2026-09-28T03:11:32Z,IL,IL00070IW008700045,39.0679,-88.6704,62,Mostly Cloudy,0,3,False,False,False,False,True,0.2
2026-09-28T03:11:32Z,IL,IL00057IS016500018,39.1993,-88.502,59,Partly Cloudy,0,5,False,False,False,False,True,0.2
2026-09-28T03:11:32Z,IL,IL00074IW011400006,40.6111,-89.2323,61,Partly Cloudy,0,5,False,False,False,False,True,0.2
2026-09-28T03:11:32Z,IL,IL00074IE006200001,40.8788,-90.0936,62,Mostly Cloudy,1,3,False,False,False,False,True,0.2
2026-09-28T03:11:32Z,IL,IL00070IW014900008,39.4228,-87.6617,56,Partly Cloudy,0,5,False,False,False,False,True,0.2
2026-09-28T03:11:32Z,IL,IL00057IN016500044,39.1898,-88.5031,63,Mostly Cloudy,0,5,False,False,False,False,True,0.2
2026-09-28T03:11:32Z,IL,IL00055IS010400024,39.8871,-89.5966,62,Mostly Cloudy,0,3,False,False,False,False,True,0.2
2026-09-28T03:11:32Z,IL,IL00057IS003200025,37.4699,-89.1329,64,Partly Cloudy,1,1,False,False,False,False,True,0.2
2026-09-28T03:11:32Z,IL,IL00057IN003200035,37.4661,-89.1324,64,Partly Cloudy,1,1,False,False,False,False,True,0.2
2026-09-28T03:11:32Z,IN,322,38.195,-87.8597,61,Partly Cloudy,0,2,False,False,False,False,False,0.0
2026-09-28T03:11:32Z,IN,317,38.5852,-85.7768,59,Clear,0,2,False,False,False,False,False,0.0
2026-09-28T03:11:32Z,IN,316,38.5859,-85.7809,59,Clear,0,2,False,False,False,False,False,0.0
2026-09-28T03:11:32Z,IN,315,39.2602,-85.9521,57,Clear,0,3,False,False,False,False,False,0.0
2026-09-28T03:11:32Z,IN,314,39.2767,-85.9569,57,Clear,0,3,False,False,False,False,False,0.0
2026-09-28T03:11:32Z,IN,313,40.1578,-86.5387,55,Clear,0,5,False,False,False,False,False,0.0
2026-09-28T03:11:32Z,IN,312,40.1722,-86.5522,56,Clear,0,5,False,False,False,False,False,0.0
2026-09-28T03:11:32Z,IN,311,40.6992,-87.0628,54,Partly Cloudy,0,5,False,False,False,False,False,0.0
2026-09-28T03:11:32Z,IN,310,40.6984,-87.0646,54,Partly Cloudy,0,5,False,False,False,False,False,0.0
2026-09-28T03:11:32Z,IN,308,41.1653,-87.271,50,Partly Cloudy,0,5,False,False,False,False,False,0.0
2026-09-28T03:11:32Z,IN,309,41.1666,-87.2749,50,Partly Cloudy,0,5,False,False,False,False,False,0.0
2026-09-28T03:11:32Z,IN,318,40.3543,-85.5576,54,Clear,0,3,False,False,False,False,False,0.0
2026-09-28T03:11:32Z,IN,319,40.3569,-85.56,54,Clear,0,3,False,False,False,False,False,0.0
2026-09-28T03:11:32Z,IN,320,41.2963,-85.0863,55,Clear,0,5,False,False,False,False,False,0.0
2026-09-28T03:11:32Z,IN,321,41.5803,-85.0597,55,Clear,0,5,False,False,False,False,False,0.0
2026-09-28T03:11:32Z,IN,300,39.4417,-87.5002,58,Partly Cloudy,0,3,False,False,False,False,False,0.0
2026-09-28T03:11:32Z,IN,302,39.6517,-86.3967,58,Clear,0,5,False,False,False,False,False,0.0
2026-09-28T03:11:32Z,IN,301,39.6541,-86.4005,58,Clear,0,5,False,False,False,False,False,0.0
2026-09-28T03:11:32Z,IN,303,39.8243,-85.7039,55,Clear,0,5,False,False,False,False,False,0.0
2026-09-28T03:11:32Z,IN,304,39.8266,-85.704,55,Clear,0,5,False,False,False,False,False,0.0
2026-09-28T03:11:32Z,IN,305,39.8605,-85.0259,53,Clear,0,3,False,False,False,False,False,0.0
2026-09-28T03:11:32Z,IN,323,39.29,-85.1688,54,Mostly Clear,0,2,False,False,False,False,False,0.0
2026-09-28T03:11:32Z,IN,702,41.7472,-85.3285,55,Mostly Clear,0,5,False,False,False,False,False,0.0
2026-09-28T03:11:32Z,IN,701,41.5889,-87.2173,56,Partly Cloudy,0,5,False,False,False,False,False,0.0
2026-09-28T03:11:32Z,IN,704,41.7058,-86.6212,53,Mostly Cloudy,0,5,False,False,False,False,False,0.0
2026-09-28T03:11:32Z,IN,703,41.7071,-86.6235,53,Mostly Cloudy,0,5,False,False,False,False,False,0.0
2026-09-28T03:11:32Z,IN,705,41.733,-86.0057,55,Partly Cloudy,0,5,False,False,False,False,False,0.0
2026-09-28T03:11:32Z,IN,708,41.7472,-85.3285,55,Mostly Clear,0,5,False,False,False,False,False,0.0
2026-09-28T03:11:32Z,IN,707,41.7453,-85.3287,55,Mostly Clear,0,5,False,False,False,False,False,0.0
2026-09-28T03:11:32Z,IN,324,41.7353,-86.7933,53,Mostly Cloudy,0,0,False,False,False,False,False,0.0
2026-09-28T03:11:32Z,KY,KY00065IS0000020N65WELCOM,36.6434,-86.5687,61,Partly Cloudy,0,5,False,False,False,False,False,0.0
2026-09-28T03:11:32Z,KY,KY00065IS000020NSMARATHON,36.6612,-86.5553,64,Partly Cloudy,0,3,False,False,False,False,False,0.0
2026-09-28T03:11:32Z,KY,KY00065IS0000340NWEIGHS34,36.6868,-86.5379,64,Partly Cloudy,0,3,False,False,False,False,False,0.0
2026-09-28T03:11:32Z,KY,KY00065IS0011400S65SRA114,37.9464,-85.6905,66,Clear,0,3,False,False,False,False,False,0.0
2026-09-28T03:11:32Z,KY,KY00065IS0005900S65SRA059,37.239,-85.9297,63,Mostly Clear,0,1,False,False,False,False,False,0.0
2026-09-28T03:11:32Z,KY,KY00065IS0005900N65NRA059,37.2384,-85.9271,63,Mostly Clear,0,1,False,False,False,False,False,0.0
2026-09-28T03:11:32Z,KY,KY00075IS0003300NWEIGHS33,37.0422,-84.0968,58,Clear,0,2,False,False,False,False,False,0.0
2026-09-28T03:11:32Z,KY,KY00075IS0003400SWEIGHS34,37.048,-84.0997,58,Clear,0,2,False,False,False,False,False,0.0
2026-09-28T03:11:32Z,KY,KY00075IS0017700N75NRA177,38.937,-84.6309,59,Clear,0,5,False,False,False,False,False,0.0
2026-09-28T03:11:32Z,KY,KY00075IS0007500SWALTONWS,38.8653,-84.6476,59,Clear,0,5,False,False,False,False,False,0.0
2026-09-28T03:11:32Z,KY,KY00075IS0017700S75SRA177,38.9388,-84.6339,59,Clear,0,5,False,False,False,False,False,0.0
2026-09-28T03:11:32Z,KY,KY00075IS0016800SCRITENWS,38.8196,-84.6015,59,Clear,0,5,False,False,False,False,False,0.0
2026-09-28T03:11:32Z,KY,KY00075IS0000100N75WELCOM,36.6162,-84.1054,56,Mostly Clear,0,1,False,False,False,False,False,0.0
2026-09-28T03:11:36Z,IL,IL00064IW008500012,38.2766,-88.8012,62,Mostly Cloudy,0,2,False,False,False,False,True,0.2
2026-09-28T03:11:36Z,IL,IL00057IN026800032,40.5505,-88.0605,57,Partly Cloudy,0,5,False,False,False,False,True,0.2
2026-09-28T03:11:36Z,IL,IL00070IE008600051,39.0651,-88.6745,62,Mostly Cloudy,0,3,False,False,False,False,True,0.2
2026-09-28T03:11:36Z,IL,IL00072IW015200014,39.9888,-88.7852,61,Partly Cloudy,0,7,False,False,False,False,True,0.2
2026-09-28T03:11:36Z,IL,IL00055IS019400021,40.8371,-88.6833,53,Partly Cloudy,0,5,False,False,False,False,True,0.2
2026-09-28T03:11:36Z,IL,IL00057IN007900034,38.0297,-88.9203,65,Mostly Cloudy,0,2,False,False,False,False,True,0.2
2026-09-28T03:11:36Z,IL,IL00057IS007900047,38.0962,-88.9138,67,Mostly Cloudy,0,2,False,False,False,False,True,0.2
2026-09-28T03:11:36Z,IL,IL00055IN006400027,39.3465,-89.6408,63,Mostly Cloudy,0,3,False,False,False,False,True,0.2
2026-09-28T03:11:36Z,IL,IL00039IN008500036,41.7236,-89.0062,56,Partly Cloudy,0,5,False,False,False,False,True,0.2
2026-09-28T03:11:36Z,IL,IL00070IE002700042,38.7849,-89.7023,64,Mostly Cloudy,1,3,False,False,False,False,True,0.2
2026-09-28T03:11:36Z,IL,IL00074IE015600037,40.2732,-88.6762,60,Partly Cloudy,0,7,False,False,False,False,True,0.2
2026-09-28T03:11:36Z,IL,IL00080IE005100040,41.3938,-89.5665,61,Mostly Cloudy,0,5,False,False,False,False,True,0.2
2026-09-28T03:11:36Z,IL,IL00055IN019400031,40.8234,-88.6875,53,Partly Cloudy,0,5,False,False,False,False,True,0.2
2026-09-28T03:11:36Z,IL,IL00064IW013000053,38.2322,-87.9882,61,Partly Cloudy,0,2,False,False,False,False,True,0.2
2026-09-28T03:11:36Z,IL,IL00055IS002700019,38.8723,-89.8511,62,Mostly Cloudy,1,3,False,False,False,False,True,0.2
2026-09-28T03:11:36Z,IL,IL00057IS033300046,41.3918,-87.7749,55,Mostly Cloudy,0,5,False,False,False,False,True,0.2
2026-09-28T03:11:36Z,IL,IL00064IE008500039,38.273,-88.8496,65,Mostly Cloudy,0,2,False,False,False,False,True,0.2
2026-09-28T03:11:36Z,IL,IL00074IW002800020,41.2141,-90.3308,63,Mostly Cloudy,1,5,False,False,False,False,True,0.2
2026-09-28T03:11:36Z,IL,IL00055IN014900028,40.3599,-89.1099,61,Partly Cloudy,0,6,False,False,False,False,True,0.2
2026-09-28T03:11:36Z,IL,IL00080IW005100013,41.3937,-89.5591,62,Mostly Cloudy,0,5,False,False,False,False,True,0.2
2026-09-28T03:11:36Z,IL,IL00080IW011700016,41.4473,-88.3285,56,Partly Cloudy,0,5,False,False,False,False,True,0.2
2026-09-28T03:11:36Z,IL,IL00074IW015600009,40.2711,-88.6701,61,Partly Cloudy,0,6,False,False,False,False,True,0.2
2026-09-28T03:11:36Z,IL,IL00070IW002700015,38.7884,-89.6889,64,Mostly Cloudy,1,3,False,False,False,False,True,0.2
2026-09-28T03:11:36Z,IL,IL00057IS026800022,40.5613,-88.0615,57,Partly Cloudy,0,5,False,False,False,False,True,0.2
2026-09-28T03:11:36Z,IL,IL00080IE011700043,41.4314,-88.3454,56,Partly Cloudy,0,5,False,False,False,False,True,0.2
2026-09-28T03:11:36Z,IL,IL00024IW003700010,37.1593,-88.6798,65,Partly Cloudy,0,1,False,False,False,False,True,0.2
2026-09-28T03:11:36Z,IL,IL00055IN010400050,39.8627,-89.5948,63,Mostly Cloudy,0,5,False,False,False,False,True,0.2
2026-09-28T03:11:36Z,IL,IL00057IS011400023,38.5965,-88.9677,63,Mostly Cloudy,0,1,False,False,False,False,True,0.2
2026-09-28T03:11:36Z,IL,IL00057IN011400033,38.5963,-88.9638,63,Mostly Cloudy,0,1,False,False,False,False,True,0.2
2026-09-28T03:11:36Z,IL,IL00057IN022200048,39.9218,-88.299,58,Partly Cloudy,0,6,False,False,False,False,True,0.2
2026-09-28T03:11:36Z,IL,IL00057IN033300049,41.3892,-87.7729,54,Mostly Cloudy,0,5,False,False,False,False,True,0.2
2026-09-28T03:11:36Z,IL,IL00039IS008500026,41.7285,-89.0105,56,Partly Cloudy,0,5,False,False,False,False,True,0.2
2026-09-28T03:11:36Z,IL,IL00057IS022200054,39.9314,-88.3043,58,Partly Cloudy,0,6,False,False,False,False,True,0.2
2026-09-28T03:11:36Z,IL,IL00072IE015200041,39.9923,-88.7827,61,Partly Cloudy,0,7,False,False,False,False,True,0.2
2026-09-28T03:11:36Z,IL,IL00074IW006200004,40.8802,-90.0895,62,Mostly Cloudy,1,3,False,False,False,False,True,0.2
2026-09-28T03:11:36Z,IL,IL00074IE011400005,40.6125,-89.245,61,Partly Cloudy,0,5,False,False,False,False,True,0.2
2026-09-28T03:11:36Z,IL,IL00074IW020800052,40.1298,-87.7441,59,Partly Cloudy,0,5,False,False,False,False,True,0.2
2026-09-28T03:11:36Z,IL,IL00055IN002700029,38.8649,-89.8532,62,Mostly Cloudy,1,3,False,False,False,False,True,0.2
2026-09-28T03:11:36Z,IL,IL00055IS006400017,39.3523,-89.6447,60,Mostly Cloudy,0,3,False,False,False,False,True,0.2
2026-09-28T03:11:36Z,IL,IL00064IW002500011,38.5491,-89.7633,63,Mostly Cloudy,1,3,False,False,False,False,True,0.2
2026-09-28T03:11:36Z,IL,IL00074IE002800030,41.2334,-90.333,63,Mostly Cloudy,1,5,False,False,False,False,True,0.2
2026-09-28T03:11:36Z,IL,IL00064IE002500038,38.5481,-89.7731,64,Mostly Cloudy,1,2,False,False,False,False,True,0.2
2026-09-28T03:11:36Z,IL,IL00070IW008700045,39.0679,-88.6704,62,Mostly Cloudy,0,3,False,False,False,False,True,0.2
2026-09-28T03:11:36Z,IL,IL00057IS016500018,39.1993,-88.502,59,Partly Cloudy,0,5,False,False,False,False,True,0.2
2026-09-28T03:11:36Z,IL,IL00074IW011400006,40.6111,-89.2323,61,Partly Cloudy,0,5,False,False,False,False,True,0.2
2026-09-28T03:11:36Z,IL,IL00074IE006200001,40.8788,-90.0936,62,Mostly Cloudy,1,3,False,False,False,False,True,0.2
2026-09-28T03:11:36Z,IL,IL00070IW014900008,39.4228,-87.6617,56,Partly Cloudy,0,5,False,False,False,False,True,0.2
2026-09-28T03:11:36Z,IL,IL00057IN016500044,39.1898,-88.5031,63,Mostly Cloudy,0,5,False,False,False,False,True,0.2
2026-09-28T03:11:36Z,IL,IL00055IS010400024,39.8871,-89.5966,62,Mostly Cloudy,0,3,False,False,False,False,True,0.2
2026-09-28T03:11:36Z,IL,IL00057IS003200025,37.4699,-89.1329,64,Partly Cloudy,1,1,False,False,False,False,True,0.2
2026-09-28T03:11:36Z,IL,IL00057IN003200035,37.4661,-89.1324,64,Partly Cloudy,1,1,False,False,False,False,True,0.2
2026-09-28T03:11:36Z,IN,322,38.195,-87.8597,61,Partly Cloudy,0,2,False,False,False,False,False,0.0
2026-09-28T03:11:36Z,IN,317,38.5852,-85.7768,59,Clear,0,2,False,False,False,False,False,0.0
2026-09-28T03:11:36Z,IN,316,38.5859,-85.7809,59,Clear,0,2,False,False,False,False,False,0.0
2026-09-28T03:11:36Z,IN,315,39.2602,-85.9521,57,Clear,0,3,False,False,False,False,False,0.0
2026-09-28T03:11:36Z,IN,314,39.2767,-85.9569,57,Clear,0,3,False,False,False,False,False,0.0
2026-09-28T03:11:36Z,IN,313,40.1578,-86.5387,55,Clear,0,5,False,False,False,False,False,0.0
2026-09-28T03:11:36Z,IN,312,40.1722,-86.5522,56,Clear,0,5,False,False,False,False,False,0.0
2026-09-28T03:11:36Z,IN,311,40.6992,-87.0628,54,Partly Cloudy,0,5,False,False,False,False,False,0.0
2026-09-28T03:11:36Z,IN,310,40.6984,-87.0646,54,Partly Cloudy,0,5,False,False,False,False,False,0.0
2026-09-28T03:11:36Z,IN,308,41.1653,-87.271,50,Partly Cloudy,0,5,False,False,False,False,False,0.0
2026-09-28T03:11:36Z,IN,309,41.1666,-87.2749,50,Partly Cloudy,0,5,False,False,False,False,False,0.0
2026-09-28T03:11:36Z,IN,318,40.3543,-85.5576,54,Clear,0,3,False,False,False,False,False,0.0
2026-09-28T03:11:36Z,IN,319,40.3569,-85.56,54,Clear,0,3,False,False,False,False,False,0.0
2026-09-28T03:11:36Z,IN,320,41.2963,-85.0863,55,Clear,0,5,False,False,False,False,False,0.0
2026-09-28T03:11:36Z,IN,321,41.5803,-85.0597,55,Clear,0,5,False,False,False,False,False,0.0
2026-09-28T03:11:36Z,IN,300,39.4417,-87.5002,58,Partly Cloudy,0,3,False,False,False,False,False,0.0
2026-09-28T03:11:36Z,IN,302,39.6517,-86.3967,58,Clear,0,5,False,False,False,False,False,0.0
2026-09-28T03:11:36Z,IN,301,39.6541,-86.4005,58,Clear,0,5,False,False,False,False,False,0.0
2026-09-28T03:11:36Z,IN,303,39.8243,-85.7039,55,Clear,0,5,False,False,False,False,False,0.0
2026-09-28T03:11:36Z,IN,304,39.8266,-85.704,55,Clear,0,5,False,False,False,False,False,0.0
2026-09-28T03:11:36Z,IN,305,39.8605,-85.0259,53,Clear,0,3,False,False,False,False,False,0.0
2026-09-28T03:11:36Z,IN,323,39.29,-85.1688,54,Mostly Clear,0,2,False,False,False,False,False,0.0
2026-09-28T03:11:36Z,IN,702,41.7472,-85.3285,55,Mostly Clear,0,5,False,False,False,False,False,0.0
2026-09-28T03:11:36Z,IN,701,41.5889,-87.2173,56,Partly Cloudy,0,5,False,False,False,False,False,0.0
2026-09-28T03:11:36Z,IN,704,41.7058,-86.6212,53,Mostly Cloudy,0,5,False,False,False,False,False,0.0
2026-09-28T03:11:36Z,IN,703,41.7071,-86.6235,53,Mostly Cloudy,0,5,False,False,False,False,False,0.0
2026-09-28T03:11:36Z,IN,705,41.733,-86.0057,55,Partly Cloudy,0,5,False,False,False,False,False,0.0
2026-09-28T03:11:36Z,IN,708,41.7472,-85.3285,55,Mostly Clear,0,5,False,False,False,False,False,0.0
2026-09-28T03:11:36Z,IN,707,41.7453,-85.3287,55,Mostly Clear,0,5,False,False,False,False,False,0.0
2026-09-28T03:11:36Z,IN,324,41.7353,-86.7933,53,Mostly Cloudy,0,0,False,False,False,False,False,0.0
2026-09-28T03:11:36Z,KY,KY00065IS0000020N65WELCOM,36.6434,-86.5687,61,Partly Cloudy,0,5,False,False,False,False,False,0.0
2026-09-28T03:11:36Z,KY,KY00065IS000020NSMARATHON,36.6612,-86.5553,64,Partly Cloudy,0,3,False,False,False,False,False,0.0
2026-09-28T03:11:36Z,KY,KY00065IS0000340NWEIGHS34,36.6868,-86.5379,64,Partly Cloudy,0,3,False,False,False,False,False,0.0
2026-09-28T03:11:36Z,KY,KY00065IS0011400S65SRA114,37.9464,-85.6905,66,Clear,0,3,False,False,False,False,False,0.0
2026-09-28T03:11:36Z,KY,KY00065IS0005900S65SRA059,37.239,-85.9297,63,Mostly Clear,0,1,False,False,False,False,False,0.0
2026-09-28T03:11:36Z,KY,KY00065IS0005900N65NRA059,37.2384,-85.9271,63,Mostly Clear,0,1,False,False,False,False,False,0.0
2026-09-28T03:11:36Z,KY,KY00075IS0003300NWEIGHS33,37.0422,-84.0968,58,Clear,0,2,False,False,False,False,False,0.0
2026-09-28T03:11:36Z,KY,KY00075IS0003400SWEIGHS34,37.048,-84.0997,58,Clear,0,2,False,False,False,False,False,0.0
2026-09-28T03:11:36Z,KY,KY00075IS0017700N75NRA177,38.937,-84.6309,59,Clear,0,5,False,False,False,False,False,0.0
2026-09-28T03:11:36Z,KY,KY00075IS0007500SWALTONWS,38.8653,-84.6476,59,Clear,0,5,False,False,False,False,False,0.0
2026-09-28T03:11:36Z,KY,KY00075IS0017700S75SRA177,38.9388,-84.6339,59,Clear,0,5,False,False,False,False,False,0.0
2026-09-28T03:11:36Z,KY,KY00075IS0016800SCRITENWS,38.8196,-84.6015,59,Clear,0,5,False,False,False,False,False,0.0
2026-09-28T03:11:36Z,KY,KY00075IS0000100N75WELCOM,36.6162,-84.1054,56,Mostly Clear,0,1,False,False,False,False,False,0.0
2026-09-28T03:11:40Z,IL,IL00064IW008500012,38.2766,-88.8012,62,Mostly Cloudy,0,2,False,False,False,False,True,0.2
2026-09-28T03:11:40Z,IL,IL00057IN026800032,40.5505,-88.0605,57,Partly Cloudy,0,5,False,False,False,False,True,0.2
2026-09-28T03:11:40Z,IL,IL00070IE008600051,39.0651,-88.6745,62,Mostly Cloudy,0,3,False,False,False,False,True,0.2
2026-09-28T03:11:40Z,IL,IL00072IW015200014,39.9888,-88.7852,61,Partly Cloudy,0,7,False,False,False,False,True,0.2
2026-09-28T03:11:40Z,IL,IL00055IS019400021,40.8371,-88.6833,53,Partly Cloudy,0,5,False,False,False,False,True,0.2
2026-09-28T03:11:40Z,IL,IL00057IN007900034,38.0297,-88.9203,65,Mostly Cloudy,0,2,False,False,False,False,True,0.2
2026-09-28T03:11:40Z,IL,IL00057IS007900047,38.0962,-88.9138,67,Mostly Cloudy,0,2,False,False,False,False,True,0.2
2026-09-28T03:11:40Z,IL,IL00055IN006400027,39.3465,-89.6408,63,Mostly Cloudy,0,3,False,False,False,False,True,0.2
2026-09-28T03:11:40Z,IL,IL00039IN008500036,41.7236,-89.0062,56,Partly Cloudy,0,5,False,False,False,False,True,0.2
2026-09-28T03:11:40Z,IL,IL00070IE002700042,38.7849,-89.7023,64,Mostly Cloudy,1,3,False,False,False,False,True,0.2
2026-09-28T03:11:40Z,IL,IL00074IE015600037,40.2732,-88.6762,60,Partly Cloudy,0,7,False,False,False,False,True,0.2
2026-09-28T03:11:40Z,IL,IL00080IE005100040,41.3938,-89.5665,61,Mostly Cloudy,0,5,False,False,False,False,True,0.2
2026-09-28T03:11:40Z,IL,IL00055IN019400031,40.8234,-88.6875,53,Partly Cloudy,0,5,False,False,False,False,True,0.2
2026-09-28T03:11:40Z,IL,IL00064IW013000053,38.2322,-87.9882,61,Partly Cloudy,0,2,False,False,False,False,True,0.2
2026-09-28T03:11:40Z,IL,IL00055IS002700019,38.8723,-89.8511,62,Mostly Cloudy,1,3,False,False,False,False,True,0.2
2026-09-28T03:11:40Z,IL,IL00057IS033300046,41.3918,-87.7749,55,Mostly Cloudy,0,5,False,False,False,False,True,0.2
2026-09-28T03:11:40Z,IL,IL00064IE008500039,38.273,-88.8496,65,Mostly Cloudy,0,2,False,False,False,False,True,0.2
2026-09-28T03:11:40Z,IL,IL00074IW002800020,41.2141,-90.3308,63,Mostly Cloudy,1,5,False,False,False,False,True,0.2
2026-09-28T03:11:40Z,IL,IL00055IN014900028,40.3599,-89.1099,61,Partly Cloudy,0,6,False,False,False,False,True,0.2
2026-09-28T03:11:40Z,IL,IL00080IW005100013,41.3937,-89.5591,62,Mostly Cloudy,0,5,False,False,False,False,True,0.2
2026-09-28T03:11:40Z,IL,IL00080IW011700016,41.4473,-88.3285,56,Partly Cloudy,0,5,False,False,False,False,True,0.2
2026-09-28T03:11:40Z,IL,IL00074IW015600009,40.2711,-88.6701,61,Partly Cloudy,0,6,False,False,False,False,True,0.2
2026-09-28T03:11:40Z,IL,IL00070IW002700015,38.7884,-89.6889,64,Mostly Cloudy,1,3,False,False,False,False,True,0.2
2026-09-28T03:11:40Z,IL,IL00057IS026800022,40.5613,-88.0615,57,Partly Cloudy,0,5,False,False,False,False,True,0.2
2026-09-28T03:11:40Z,IL,IL00080IE011700043,41.4314,-88.3454,56,Partly Cloudy,0,5,False,False,False,False,True,0.2
2026-09-28T03:11:40Z,IL,IL00024IW003700010,37.1593,-88.6798,65,Partly Cloudy,0,1,False,False,False,False,True,0.2
2026-09-28T03:11:40Z,IL,IL00055IN010400050,39.8627,-89.5948,63,Mostly Cloudy,0,5,False,False,False,False,True,0.2
2026-09-28T03:11:40Z,IL,IL00057IS011400023,38.5965,-88.9677,63,Mostly Cloudy,0,1,False,False,False,False,True,0.2
2026-09-28T03:11:40Z,IL,IL00057IN011400033,38.5963,-88.9638,63,Mostly Cloudy,0,1,False,False,False,False,True,0.2
2026-09-28T03:11:40Z,IL,IL00057IN022200048,39.9218,-88.299,58,Partly Cloudy,0,6,False,False,False,False,True,0.2
2026-09-28T03:11:40Z,IL,IL00057IN033300049,41.3892,-87.7729,54,Mostly Cloudy,0,5,False,False,False,False,True,0.2
2026-09-28T03:11:40Z,IL,IL00039IS008500026,41.7285,-89.0105,56,Partly Cloudy,0,5,False,False,False,False,True,0.2
2026-09-28T03:11:40Z,IL,IL00057IS022200054,39.9314,-88.3043,58,Partly Cloudy,0,6,False,False,False,False,True,0.2
2026-09-28T03:11:40Z,IL,IL00072IE015200041,39.9923,-88.7827,61,Partly Cloudy,0,7,False,False,False,False,True,0.2
2026-09-28T03:11:40Z,IL,IL00074IW006200004,40.8802,-90.0895,62,Mostly Cloudy,1,3,False,False,False,False,True,0.2
2026-09-28T03:11:40Z,IL,IL00074IE011400005,40.6125,-89.245,61,Partly Cloudy,0,5,False,False,False,False,True,0.2
2026-09-28T03:11:40Z,IL,IL00074IW020800052,40.1298,-87.7441,59,Partly Cloudy,0,5,False,False,False,False,True,0.2
2026-09-28T03:11:40Z,IL,IL00055IN002700029,38.8649,-89.8532,62,Mostly Cloudy,1,3,False,False,False,False,True,0.2
2026-09-28T03:11:40Z,IL,IL00055IS006400017,39.3523,-89.6447,60,Mostly Cloudy,0,3,False,False,False,False,True,0.2
2026-09-28T03:11:40Z,IL,IL00064IW002500011,38.5491,-89.7633,63,Mostly Cloudy,1,3,False,False,False,False,True,0.2
2026-09-28T03:11:40Z,IL,IL00074IE002800030,41.2334,-90.333,63,Mostly Cloudy,1,5,False,False,False,False,True,0.2
2026-09-28T03:11:40Z,IL,IL00064IE002500038,38.5481,-89.7731,64,Mostly Cloudy,1,2,False,False,False,False,True,0.2
2026-09-28T03:11:40Z,IL,IL00070IW008700045,39.0679,-88.6704,62,Mostly Cloudy,0,3,False,False,False,False,True,0.2
2026-09-28T03:11:40Z,IL,IL00057IS016500018,39.1993,-88.502,59,Partly Cloudy,0,5,False,False,False,False,True,0.2
2026-09-28T03:11:40Z,IL,IL00074IW011400006,40.6111,-89.2323,61,Partly Cloudy,0,5,False,False,False,False,True,0.2
2026-09-28T03:11:40Z,IL,IL00074IE006200001,40.8788,-90.0936,62,Mostly Cloudy,1,3,False,False,False,False,True,0.2
2026-09-28T03:11:40Z,IL,IL00070IW014900008,39.4228,-87.6617,56,Partly Cloudy,0,5,False,False,False,False,True,0.2
2026-09-28T03:11:40Z,IL,IL00057IN016500044,39.1898,-88.5031,63,Mostly Cloudy,0,5,False,False,False,False,True,0.2
2026-09-28T03:11:40Z,IL,IL00055IS010400024,39.8871,-89.5966,62,Mostly Cloudy,0,3,False,False,False,False,True,0.2
2026-09-28T03:11:40Z,IL,IL00057IS003200025,37.4699,-89.1329,64,Partly Cloudy,1,1,False,False,False,False,True,0.2
2026-09-28T03:11:40Z,IL,IL00057IN003200035,37.4661,-89.1324,64,Partly Cloudy,1,1,False,False,False,False,True,0.2
2026-09-28T03:11:40Z,IN,322,38.195,-87.8597,61,Partly Cloudy,0,2,False,False,False,False,False,0.0
2026-09-28T03:11:40Z,IN,317,38.5852,-85.7768,59,Clear,0,2,False,False,False,False,False,0.0
2026-09-28T03:11:40Z,IN,316,38.5859,-85.7809,59,Clear,0,2,False,False,False,False,False,0.0
2026-09-28T03:11:40Z,IN,315,39.2602,-85.9521,57,Clear,0,3,False,False,False,False,False,0.0
2026-09-28T03:11:40Z,IN,314,39.2767,-85.9569,57,Clear,0,3,False,False,False,False,False,0.0
2026-09-28T03:11:40Z,IN,313,40.1578,-86.5387,55,Clear,0,5,False,False,False,False,False,0.0
2026-09-28T03:11:40Z,IN,312,40.1722,-86.5522,56,Clear,0,5,False,False,False,False,False,0.0
2026-09-28T03:11:40Z,IN,311,40.6992,-87.0628,54,Partly Cloudy,0,5,False,False,False,False,False,0.0
2026-09-28T03:11:40Z,IN,310,40.6984,-87.0646,54,Partly Cloudy,0,5,False,False,False,False,False,0.0
2026-09-28T03:11:40Z,IN,308,41.1653,-87.271,50,Partly Cloudy,0,5,False,False,False,False,False,0.0
2026-09-28T03:11:40Z,IN,309,41.1666,-87.2749,50,Partly Cloudy,0,5,False,False,False,False,False,0.0
2026-09-28T03:11:40Z,IN,318,40.3543,-85.5576,54,Clear,0,3,False,False,False,False,False,0.0
2026-09-28T03:11:40Z,IN,319,40.3569,-85.56,54,Clear,0,3,False,False,False,False,False,0.0
2026-09-28T03:11:40Z,IN,320,41.2963,-85.0863,55,Clear,0,5,False,False,False,False,False,0.0
2026-09-28T03:11:40Z,IN,321,41.5803,-85.0597,55,Clear,0,5,False,False,False,False,False,0.0
2026-09-28T03:11:40Z,IN,300,39.4417,-87.5002,58,Partly Cloudy,0,3,False,False,False,False,False,0.0
2026-09-28T03:11:40Z,IN,302,39.6517,-86.3967,58,Clear,0,5,False,False,False,False,False,0.0
2026-09-28T03:11:40Z,IN,301,39.6541,-86.4005,58,Clear,0,5,False,False,False,False,False,0.0
2026-09-28T03:11:40Z,IN,303,39.8243,-85.7039,55,Clear,0,5,False,False,False,False,False,0.0
2026-09-28T03:11:40Z,IN,304,39.8266,-85.704,55,Clear,0,5,False,False,False,False,False,0.0
2026-09-28T03:11:40Z,IN,305,39.8605,-85.0259,53,Clear,0,3,False,False,False,False,False,0.0
2026-09-28T03:11:40Z,IN,323,39.29,-85.1688,54,Mostly Clear,0,2,False,False,False,False,False,0.0
2026-09-28T03:11:40Z,IN,702,41.7472,-85.3285,55,Mostly Clear,0,5,False,False,False,False,False,0.0
2026-09-28T03:11:40Z,IN,701,41.5889,-87.2173,56,Partly Cloudy,0,5,False,False,False,False,False,0.0
2026-09-28T03:11:40Z,IN,704,41.7058,-86.6212,53,Mostly Cloudy,0,5,False,False,False,False,False,0.0
2026-09-28T03:11:40Z,IN,703,41.7071,-86.6235,53,Mostly Cloudy,0,5,False,False,False,False,False,0.0
2026-09-28T03:11:40Z,IN,705,41.733,-86.0057,55,Partly Cloudy,0,5,False,False,False,False,False,0.0
2026-09-28T03:11:40Z,IN,708,41.7472,-85.3285,55,Mostly Clear,0,5,False,False,False,False,False,0.0
2026-09-28T03:11:40Z,IN,707,41.7453,-85.3287,55,Mostly Clear,0,5,False,False,False,False,False,0.0
2026-09-28T03:11:40Z,IN,324,41.7353,-86.7933,53,Mostly Cloudy,0,0,False,False,False,False,False,0.0
2026-09-28T03:11:40Z,KY,KY00065IS0000020N65WELCOM,36.6434,-86.5687,61,Partly Cloudy,0,5,False,False,False,False,False,0.0
2026-09-28T03:11:40Z,KY,KY00065IS000020NSMARATHON,36.6612,-86.5553,64,Partly Cloudy,0,3,False,False,False,False,False,0.0
2026-09-28T03:11:40Z,KY,KY00065IS0000340NWEIGHS34,36.6868,-86.5379,64,Partly Cloudy,0,3,False,False,False,False,False,0.0
2026-09-28T03:11:40Z,KY,KY00065IS0011400S65SRA114,37.9464,-85.6905,66,Clear,0,3,False,False,False,False,False,0.0
2026-09-28T03:11:40Z,KY,KY00065IS0005900S65SRA059,37.239,-85.9297,63,Mostly Clear,0,1,False,False,False,False,False,0.0
2026-09-28T03:11:40Z,KY,KY00065IS0005900N65NRA059,37.2384,-85.9271,63,Mostly Clear,0,1,False,False,False,False,False,0.0
2026-09-28T03:11:40Z,KY,KY00075IS0003300NWEIGHS33,37.0422,-84.0968,58,Clear,0,2,False,False,False,False,False,0.0
2026-09-28T03:11:40Z,KY,KY00075IS0003400SWEIGHS34,37.048,-84.0997,58,Clear,0,2,False,False,False,False,False,0.0
2026-09-28T03:11:40Z,KY,KY00075IS0017700N75NRA177,38.937,-84.6309,59,Clear,0,5,False,False,False,False,False,0.0
2026-09-28T03:11:40Z,KY,KY00075IS0007500SWALTONWS,38.8653,-84.6476,59,Clear,0,5,False,False,False,False,False,0.0
2026-09-28T03:11:40Z,KY,KY00075IS0017700S75SRA177,38.9388,-84.6339,59,Clear,0,5,False,False,False,False,False,0.0
2026-09-28T03:11:40Z,KY,KY00075IS0016800SCRITENWS,38.8196,-84.6015,59,Clear,0,5,False,False,False,False,False,0.0
2026-09-28T03:11:40Z,KY,KY00075IS0000100N75WELCOM,36.6162,-84.1054,56,Mostly Clear,0,1,False,False,False,False,False,0.0
2026-09-28T03:11:44Z,IL,IL00064IW008500012,38.2766,-88.8012,62,Mostly Cloudy,0,2,False,False,False,False,True,0.2
2026-09-28T03:11:44Z,IL,IL00057IN026800032,40.5505,-88.0605,57,Partly Cloudy,0,5,False,False,False,False,True,0.2
2026-09-28T03:11:44Z,IL,IL00070IE008600051,39.0651,-88.6745,62,Mostly Cloudy,0,3,False,False,False,False,True,0.2
2026-09-28T03:11:44Z,IL,IL00072IW015200014,39.9888,-88.7852,61,Partly Cloudy,0,7,False,False,False,False,True,0.2
2026-09-28T03:11:44Z,IL,IL00055IS019400021,40.8371,-88.6833,53,Partly Cloudy,0,5,False,False,False,False,True,0.2
2026-09-28T03:11:44Z,IL,IL00057IN007900034,38.0297,-88.9203,65,Mostly Cloudy,0,2,False,False,False,False,True,0.2
2026-09-28T03:11:44Z,IL,IL00057IS007900047,38.0962,-88.9138,67,Mostly Cloudy,0,2,False,False,False,False,True,0.2
2026-09-28T03:11:44Z,IL,IL00055IN006400027,39.3465,-89.6408,63,Mostly Cloudy,0,3,False,False,False,False,True,0.2
2026-09-28T03:11:44Z,IL,IL00039IN008500036,41.7236,-89.0062,56,Partly Cloudy,0,5,False,False,False,False,True,0.2
2026-09-28T03:11:44Z,IL,IL00070IE002700042,38.7849,-89.7023,64,Mostly Cloudy,1,3,False,False,False,False,True,0.2
2026-09-28T03:11:44Z,IL,IL00074IE015600037,40.2732,-88.6762,60,Partly Cloudy,0,7,False,False,False,False,True,0.2
2026-09-28T03:11:44Z,IL,IL00080IE005100040,41.3938,-89.5665,61,Mostly Cloudy,0,5,False,False,False,False,True,0.2
2026-09-28T03:11:44Z,IL,IL00055IN019400031,40.8234,-88.6875,53,Partly Cloudy,0,5,False,False,False,False,True,0.2
2026-09-28T03:11:44Z,IL,IL00064IW013000053,38.2322,-87.9882,61,Partly Cloudy,0,2,False,False,False,False,True,0.2
2026-09-28T03:11:44Z,IL,IL00055IS002700019,38.8723,-89.8511,62,Mostly Cloudy,1,3,False,False,False,False,True,0.2
2026-09-28T03:11:44Z,IL,IL00057IS033300046,41.3918,-87.7749,55,Mostly Cloudy,0,5,False,False,False,False,True,0.2
2026-09-28T03:11:44Z,IL,IL00064IE008500039,38.273,-88.8496,65,Mostly Cloudy,0,2,False,False,False,False,True,0.2
2026-09-28T03:11:44Z,IL,IL00074IW002800020,41.2141,-90.3308,63,Mostly Cloudy,1,5,False,False,False,False,True,0.2
2026-09-28T03:11:44Z,IL,IL00055IN014900028,40.3599,-89.1099,61,Partly Cloudy,0,6,False,False,False,False,True,0.2
2026-09-28T03:11:44Z,IL,IL00080IW005100013,41.3937,-89.5591,62,Mostly Cloudy,0,5,False,False,False,False,True,0.2
2026-09-28T03:11:44Z,IL,IL00080IW011700016,41.4473,-88.3285,56,Partly Cloudy,0,5,False,False,False,False,True,0.2
2026-09-28T03:11:44Z,IL,IL00074IW015600009,40.2711,-88.6701,61,Partly Cloudy,0,6,False,False,False,False,True,0.2
2026-09-28T03:11:44Z,IL,IL00070IW002700015,38.7884,-89.6889,64,Mostly Cloudy,1,3,False,False,False,False,True,0.2
2026-09-28T03:11:44Z,IL,IL00057IS026800022,40.5613,-88.0615,57,Partly Cloudy,0,5,False,False,False,False,True,0.2
2026-09-28T03:11:44Z,IL,IL00080IE011700043,41.4314,-88.3454,56,Partly Cloudy,0,5,False,False,False,False,True,0.2
2026-09-28T03:11:44Z,IL,IL00024IW003700010,37.1593,-88.6798,65,Partly Cloudy,0,1,False,False,False,False,True,0.2
2026-09-28T03:11:44Z,IL,IL00055IN010400050,39.8627,-89.5948,63,Mostly Cloudy,0,5,False,False,False,False,True,0.2
2026-09-28T03:11:44Z,IL,IL00057IS011400023,38.5965,-88.9677,63,Mostly Cloudy,0,1,False,False,False,False,True,0.2
2026-09-28T03:11:44Z,IL,IL00057IN011400033,38.5963,-88.9638,63,Mostly Cloudy,0,1,False,False,False,False,True,0.2
2026-09-28T03:11:44Z,IL,IL00057IN022200048,39.9218,-88.299,58,Partly Cloudy,0,6,False,False,False,False,True,0.2
2026-09-28T03:11:44Z,IL,IL00057IN033300049,41.3892,-87.7729,54,Mostly Cloudy,0,5,False,False,False,False,True,0.2
2026-09-28T03:11:44Z,IL,IL00039IS008500026,41.7285,-89.0105,56,Partly Cloudy,0,5,False,False,False,False,True,0.2
2026-09-28T03:11:44Z,IL,IL00057IS022200054,39.9314,-88.3043,58,Partly Cloudy,0,6,False,False,False,False,True,0.2
2026-09-28T03:11:44Z,IL,IL00072IE015200041,39.9923,-88.7827,61,Partly Cloudy,0,7,False,False,False,False,True,0.2
2026-09-28T03:11:44Z,IL,IL00074IW006200004,40.8802,-90.0895,62,Mostly Cloudy,1,3,False,False,False,False,True,0.2
2026-09-28T03:11:44Z,IL,IL00074IE011400005,40.6125,-89.245,61,Partly Cloudy,0,5,False,False,False,False,True,0.2
2026-09-28T03:11:44Z,IL,IL00074IW020800052,40.1298,-87.7441,59,Partly Cloudy,0,5,False,False,False,False,True,0.2
2026-09-28T03:11:44Z,IL,IL00055IN002700029,38.8649,-89.8532,62,Mostly Cloudy,1,3,False,False,False,False,True,0.2
2026-09-28T03:11:44Z,IL,IL00055IS006400017,39.3523,-89.6447,60,Mostly Cloudy,0,3,False,False,False,False,True,0.2
2026-09-28T03:11:44Z,IL,IL00064IW002500011,38.5491,-89.7633,63,Mostly Cloudy,1,3,False,False,False,False,True,0.2
2026-09-28T03:11:44Z,IL,IL00074IE002800030,41.2334,-90.333,63,Mostly Cloudy,1,5,False,False,False,False,True,0.2
2026-09-28T03:11:44Z,IL,IL00064IE002500038,38.5481,-89.7731,64,Mostly Cloudy,1,2,False,False,False,False,True,0.2
2026-09-28T03:11:44Z,IL,IL00070IW008700045,39.0679,-88.6704,62,Mostly Cloudy,0,3,False,False,False,False,True,0.2
2026-09-28T03:11:44Z,IL,IL00057IS016500018,39.1993,-88.502,59,Partly Cloudy,0,5,False,False,False,False,True,0.2
2026-09-28T03:11:44Z,IL,IL00074IW011400006,40.6111,-89.2323,61,Partly Cloudy,0,5,False,False,False,False,True,0.2
2026-09-28T03:11:44Z,IL,IL00074IE006200001,40.8788,-90.0936,62,Mostly Cloudy,1,3,False,False,False,False,True,0.2
2026-09-28T03:11:44Z,IL,IL00070IW014900008,39.4228,-87.6617,56,Partly Cloudy,0,5,False,False,False,False,True,0.2
2026-09-28T03:11:44Z,IL,IL00057IN016500044,39.1898,-88.5031,63,Mostly Cloudy,0,5,False,False,False,False,True,0.2
2026-09-28T03:11:44Z,IL,IL00055IS010400024,39.8871,-89.5966,62,Mostly Cloudy,0,3,False,False,False,False,True,0.2
2026-09-28T03:11:44Z,IL,IL00057IS003200025,37.4699,-89.1329,64,Partly Cloudy,1,1,False,False,False,False,True,0.2
2026-09-28T03:11:44Z,IL,IL00057IN003200035,37.4661,-89.1324,64,Partly Cloudy,1,1,False,False,False,False,True,0.2
2026-09-28T03:11:44Z,IN,322,38.195,-87.8597,61,Partly Cloudy,0,2,False,False,False,False,False,0.0
2026-09-28T03:11:44Z,IN,317,38.5852,-85.7768,59,Clear,0,2,False,False,False,False,False,0.0
2026-09-28T03:11:44Z,IN,316,38.5859,-85.7809,59,Clear,0,2,False,False,False,False,False,0.0
2026-09-28T03:11:44Z,IN,315,39.2602,-85.9521,57,Clear,0,3,False,False,False,False,False,0.0
2026-09-28T03:11:44Z,IN,314,39.2767,-85.9569,57,Clear,0,3,False,False,False,False,False,0.0
2026-09-28T03:11:44Z,IN,313,40.1578,-86.5387,55,Clear,0,5,False,False,False,False,False,0.0
2026-09-28T03:11:44Z,IN,312,40.1722,-86.5522,56,Clear,0,5,False,False,False,False,False,0.0
2026-09-28T03:11:44Z,IN,311,40.6992,-87.0628,54,Partly Cloudy,0,5,False,False,False,False,False,0.0
2026-09-28T03:11:44Z,IN,310,40.6984,-87.0646,54,Partly Cloudy,0,5,False,False,False,False,False,0.0
2026-09-28T03:11:44Z,IN,308,41.1653,-87.271,50,Partly Cloudy,0,5,False,False,False,False,False,0.0
2026-09-28T03:11:44Z,IN,309,41.1666,-87.2749,50,Partly Cloudy,0,5,False,False,False,False,False,0.0
2026-09-28T03:11:44Z,IN,318,40.3543,-85.5576,54,Clear,0,3,False,False,False,False,False,0.0
2026-09-28T03:11:44Z,IN,319,40.3569,-85.56,54,Clear,0,3,False,False,False,False,False,0.0
2026-09-28T03:11:44Z,IN,320,41.2963,-85.0863,55,Clear,0,5,False,False,False,False,False,0.0
2026-09-28T03:11:44Z,IN,321,41.5803,-85.0597,55,Clear,0,5,False,False,False,False,False,0.0
2026-09-28T03:11:44Z,IN,300,39.4417,-87.5002,58,Partly Cloudy,0,3,False,False,False,False,False,0.0
2026-09-28T03:11:44Z,IN,302,39.6517,-86.3967,58,Clear,0,5,False,False,False,False,False,0.0
2026-09-28T03:11:44Z,IN,301,39.6541,-86.4005,58,Clear,0,5,False,False,False,False,False,0.0
2026-09-28T03:11:44Z,IN,303,39.8243,-85.7039,55,Clear,0,5,False,False,False,False,False,0.0
2026-09-28T03:11:44Z,IN,304,39.8266,-85.704,55,Clear,0,5,False,False,False,False,False,0.0
2026-09-28T03:11:44Z,IN,305,39.8605,-85.0259,53,Clear,0,3,False,False,False,False,False,0.0
2026-09-28T03:11:44Z,IN,323,39.29,-85.1688,54,Mostly Clear,0,2,False,False,False,False,False,0.0
2026-09-28T03:11:44Z,IN,702,41.7472,-85.3285,55,Mostly Clear,0,5,False,False,False,False,False,0.0
2026-09-28T03:11:44Z,IN,701,41.5889,-87.2173,56,Partly Cloudy,0,5,False,False,False,False,False,0.0
2026-09-28T03:11:44Z,IN,704,41.7058,-86.6212,53,Mostly Cloudy,0,5,False,False,False,False,False,0.0
2026-09-28T03:11:44Z,IN,703,41.7071,-86.6235,53,Mostly Cloudy,0,5,False,False,False,False,False,0.0
2026-09-28T03:11:44Z,IN,705,41.733,-86.0057,55,Partly Cloudy,0,5,False,False,False,False,False,0.0
2026-09-28T03:11:44Z,IN,708,41.7472,-85.3285,55,Mostly Clear,0,5,False,False,False,False,False,0.0
2026-09-28T03:11:44Z,IN,707,41.7453,-85.3287,55,Mostly Clear,0,5,False,False,False,False,False,0.0
2026-09-28T03:11:44Z,IN,324,41.7353,-86.7933,53,Mostly Cloudy,0,0,False,False,False,False,False,0.0
2026-09-28T03:11:44Z,KY,KY00065IS0000020N65WELCOM,36.6434,-86.5687,61,Partly Cloudy,0,5,False,False,False,False,False,0.0
2026-09-28T03:11:44Z,KY,KY00065IS000020NSMARATHON,36.6612,-86.5553,64,Partly Cloudy,0,3,False,False,False,False,False,0.0
2026-09-28T03:11:44Z,KY,KY00065IS0000340NWEIGHS34,36.6868,-86.5379,64,Partly Cloudy,0,3,False,False,False,False,False,0.0
2026-09-28T03:11:44Z,KY,KY00065IS0011400S65SRA114,37.9464,-85.6905,66,Clear,0,3,False,False,False,False,False,0.0
2026-09-28T03:11:44Z,KY,KY00065IS0005900S65SRA059,37.239,-85.9297,63,Mostly Clear,0,1,False,False,False,False,False,0.0
2026-09-28T03:11:44Z,KY,KY00065IS0005900N65NRA059,37.2384,-85.9271,63,Mostly Clear,0,1,False,False,False,False,False,0.0
2026-09-28T03:11:44Z,KY,KY00075IS0003300NWEIGHS33,37.0422,-84.0968,58,Clear,0,2,False,False,False,False,False,0.0
2026-09-28T03:11:44Z,KY,KY00075IS0003400SWEIGHS34,37.048,-84.0997,58,Clear,0,2,False,False,False,False,False,0.0
2026-09-28T03:11:44Z,KY,KY00075IS0017700N75NRA177,38.937,-84.6309,59,Clear,0,5,False,False,False,False,False,0.0
2026-09-28T03:11:44Z,KY,KY00075IS0007500SWALTONWS,38.8653,-84.6476,59,Clear,0,5,False,False,False,False,False,0.0
2026-09-28T03:11:44Z,KY,KY00075IS0017700S75SRA177,38.9388,-84.6339,59,Clear,0,5,False,False,False,False,False,0.0
2026-09-28T03:11:44Z,KY,KY00075IS0016800SCRITENWS,38.8196,-84.6015,59,Clear,0,5,False,False,False,False,False,0.0
2026-09-28T03:11:44Z,KY,KY00075IS0000100N75WELCOM,36.6162,-84.1054,56,Mostly Clear,0,1,False,False,False,False,False,0.0
2026-09-28T03:11:48Z,IL,IL00064IW008500012,38.2766,-88.8012,62,Mostly Cloudy,0,2,False,False,False,False,True,0.2
2026-09-28T03:11:48Z,IL,IL00057IN026800032,40.5505,-88.0605,57,Partly Cloudy,0,5,False,False,False,False,True,0.2
2026-09-28T03:11:48Z,IL,IL00070IE008600051,39.0651,-88.6745,62,Mostly Cloudy,0,3,False,False,False,False,True,0.2
2026-09-28T03:11:48Z,IL,IL00072IW015200014,39.9888,-88.7852,61,Partly Cloudy,0,7,False,False,False,False,True,0.2
2026-09-28T03:11:48Z,IL,IL00055IS019400021,40.8371,-88.6833,53,Partly Cloudy,0,5,False,False,False,False,True,0.2
2026-09-28T03:11:48Z,IL,IL00057IN007900034,38.0297,-88.9203,65,Mostly Cloudy,0,2,False,False,False,False,True,0.2
2026-09-28T03:11:48Z,IL,IL00057IS007900047,38.0962,-88.9138,67,Mostly Cloudy,0,2,False,False,False,False,True,0.2
2026-09-28T03:11:48Z,IL,IL00055IN006400027,39.3465,-89.6408,63,Mostly Cloudy,0,3,False,False,False,False,True,0.2
2026-09-28T03:11:48Z,IL,IL00039IN008500036,41.7236,-89.0062,56,Partly Cloudy,0,5,False,False,False,False,True,0.2
2026-09-28T03:11:48Z,IL,IL00070IE002700042,38.7849,-89.7023,64,Mostly Cloudy,1,3,False,False,False,False,True,0.2
2026-09-28T03:11:48Z,IL,IL00074IE015600037,40.2732,-88.6762,60,Partly Cloudy,0,7,False,False,False,False,True,0.2
2026-09-28T03:11:48Z,IL,IL00080IE005100040,41.3938,-89.5665,61,Mostly Cloudy,0,5,False,False,False,False,True,0.2
2026-09-28T03:11:48Z,IL,IL00055IN019400031,40.8234,-88.6875,53,Partly Cloudy,0,5,False,False,False,False,True,0.2
2026-09-28T03:11:48Z,IL,IL00064IW013000053,38.2322,-87.9882,61,Partly Cloudy,0,2,False,False,False,False,True,0.2
2026-09-28T03:11:48Z,IL,IL00055IS002700019,38.8723,-89.8511,62,Mostly Cloudy,1,3,False,False,False,False,True,0.2
2026-09-28T03:11:48Z,IL,IL00057IS033300046,41.3918,-87.7749,55,Mostly Cloudy,0,5,False,False,False,False,True,0.2
2026-09-28T03:11:48Z,IL,IL00064IE008500039,38.273,-88.8496,65,Mostly Cloudy,0,2,False,False,False,False,True,0.2
2026-09-28T03:11:48Z,IL,IL00074IW002800020,41.2141,-90.3308,63,Mostly Cloudy,1,5,False,False,False,False,True,0.2
2026-09-28T03:11:48Z,IL,IL00055IN014900028,40.3599,-89.1099,61,Partly Cloudy,0,6,False,False,False,False,True,0.2
2026-09-28T03:11:48Z,IL,IL00080IW005100013,41.3937,-89.5591,62,Mostly Cloudy,0,5,False,False,False,False,True,0.2
2026-09-28T03:11:48Z,IL,IL00080IW011700016,41.4473,-88.3285,56,Partly Cloudy,0,5,False,False,False,False,True,0.2
2026-09-28T03:11:48Z,IL,IL00074IW015600009,40.2711,-88.6701,61,Partly Cloudy,0,6,False,False,False,False,True,0.2
2026-09-28T03:11:48Z,IL,IL00070IW002700015,38.7884,-89.6889,64,Mostly Cloudy,1,3,False,False,False,False,True,0.2
2026-09-28T03:11:48Z,IL,IL00057IS026800022,40.5613,-88.0615,57,Partly Cloudy,0,5,False,False,False,False,True,0.2
2026-09-28T03:11:48Z,IL,IL00080IE011700043,41.4314,-88.3454,56,Partly Cloudy,0,5,False,False,False,False,True,0.2
2026-09-28T03:11:48Z,IL,IL00024IW003700010,37.1593,-88.6798,65,Partly Cloudy,0,1,False,False,False,False,True,0.2
2026-09-28T03:11:48Z,IL,IL00055IN010400050,39.8627,-89.5948,63,Mostly Cloudy,0,5,False,False,False,False,True,0.2
2026-09-28T03:11:48Z,IL,IL00057IS011400023,38.5965,-88.9677,63,Mostly Cloudy,0,1,False,False,False,False,True,0.2
2026-09-28T03:11:48Z,IL,IL00057IN011400033,38.5963,-88.9638,63,Mostly Cloudy,0,1,False,False,False,False,True,0.2
2026-09-28T03:11:48Z,IL,IL00057IN022200048,39.9218,-88.299,58,Partly Cloudy,0,6,False,False,False,False,True,0.2
2026-09-28T03:11:48Z,IL,IL00057IN033300049,41.3892,-87.7729,54,Mostly Cloudy,0,5,False,False,False,False,True,0.2
2026-09-28T03:11:48Z,IL,IL00039IS008500026,41.7285,-89.0105,56,Partly Cloudy,0,5,False,False,False,False,True,0.2
2026-09-28T03:11:48Z,IL,IL00057IS022200054,39.9314,-88.3043,58,Partly Cloudy,0,6,False,False,False,False,True,0.2
2026-09-28T03:11:48Z,IL,IL00072IE015200041,39.9923,-88.7827,61,Partly Cloudy,0,7,False,False,False,False,True,0.2
2026-09-28T03:11:48Z,IL,IL00074IW006200004,40.8802,-90.0895,62,Mostly Cloudy,1,3,False,False,False,False,True,0.2
2026-09-28T03:11:48Z,IL,IL00074IE011400005,40.6125,-89.245,61,Partly Cloudy,0,5,False,False,False,False,True,0.2
2026-09-28T03:11:48Z,IL,IL00074IW020800052,40.1298,-87.7441,59,Partly Cloudy,0,5,False,False,False,False,True,0.2
2026-09-28T03:11:48Z,IL,IL00055IN002700029,38.8649,-89.8532,62,Mostly Cloudy,1,3,False,False,False,False,True,0.2
2026-09-28T03:11:48Z,IL,IL00055IS006400017,39.3523,-89.6447,60,Mostly Cloudy,0,3,False,False,False,False,True,0.2
2026-09-28T03:11:48Z,IL,IL00064IW002500011,38.5491,-89.7633,63,Mostly Cloudy,1,3,False,False,False,False,True,0.2
2026-09-28T03:11:48Z,IL,IL00074IE002800030,41.2334,-90.333,63,Mostly Cloudy,1,5,False,False,False,False,True,0.2
2026-09-28T03:11:48Z,IL,IL00064IE002500038,38.5481,-89.7731,64,Mostly Cloudy,1,2,False,False,False,False,True,0.2
2026-09-28T03:11:48Z,IL,IL00070IW008700045,39.0679,-88.6704,62,Mostly Cloudy,0,3,False,False,False,False,True,0.2
2026-09-28T03:11:48Z,IL,IL00057IS016500018,39.1993,-88.502,59,Partly Cloudy,0,5,False,False,False,False,True,0.2
2026-09-28T03:11:48Z,IL,IL00074IW011400006,40.6111,-89.2323,61,Partly Cloudy,0,5,False,False,False,False,True,0.2
2026-09-28T03:11:48Z,IL,IL00074IE006200001,40.8788,-90.0936,62,Mostly Cloudy,1,3,False,False,False,False,True,0.2
2026-09-28T03:11:48Z,IL,IL00070IW014900008,39.4228,-87.6617,56,Partly Cloudy,0,5,False,False,False,False,True,0.2
2026-09-28T03:11:48Z,IL,IL00057IN016500044,39.1898,-88.5031,63,Mostly Cloudy,0,5,False,False,False,False,True,0.2
2026-09-28T03:11:48Z,IL,IL00055IS010400024,39.8871,-89.5966,62,Mostly Cloudy,0,3,False,False,False,False,True,0.2
2026-09-28T03:11:48Z,IL,IL00057IS003200025,37.4699,-89.1329,64,Partly Cloudy,1,1,False,False,False,False,True,0.2
2026-09-28T03:11:48Z,IL,IL00057IN003200035,37.4661,-89.1324,64,Partly Cloudy,1,1,False,False,False,False,True,0.2
2026-09-28T03:11:48Z,IN,322,38.195,-87.8597,61,Partly Cloudy,0,2,False,False,False,False,False,0.0
2026-09-28T03:11:48Z,IN,317,38.5852,-85.7768,59,Clear,0,2,False,False,False,False,False,0.0
2026-09-28T03:11:48Z,IN,316,38.5859,-85.7809,59,Clear,0,2,False,False,False,False,False,0.0
2026-09-28T03:11:48Z,IN,315,39.2602,-85.9521,57,Clear,0,3,False,False,False,False,False,0.0
2026-09-28T03:11:48Z,IN,314,39.2767,-85.9569,57,Clear,0,3,False,False,False,False,False,0.0
2026-09-28T03:11:48Z,IN,313,40.1578,-86.5387,55,Clear,0,5,False,False,False,False,False,0.0
2026-09-28T03:11:48Z,IN,312,40.1722,-86.5522,56,Clear,0,5,False,False,False,False,False,0.0
2026-09-28T03:11:48Z,IN,311,40.6992,-87.0628,54,Partly Cloudy,0,5,False,False,False,False,False,0.0
2026-09-28T03:11:48Z,IN,310,40.6984,-87.0646,54,Partly Cloudy,0,5,False,False,False,False,False,0.0
2026-09-28T03:11:48Z,IN,308,41.1653,-87.271,50,Partly Cloudy,0,5,False,False,False,False,False,0.0
2026-09-28T03:11:48Z,IN,309,41.1666,-87.2749,50,Partly Cloudy,0,5,False,False,False,False,False,0.0
2026-09-28T03:11:48Z,IN,318,40.3543,-85.5576,54,Clear,0,3,False,False,False,False,False,0.0
2026-09-28T03:11:48Z,IN,319,40.3569,-85.56,54,Clear,0,3,False,False,False,False,False,0.0
2026-09-28T03:11:48Z,IN,320,41.2963,-85.0863,55,Clear,0,5,False,False,False,False,False,0.0
2026-09-28T03:11:48Z,IN,321,41.5803,-85.0597,55,Clear,0,5,False,False,False,False,False,0.0
2026-09-28T03:11:48Z,IN,300,39.4417,-87.5002,58,Partly Cloudy,0,3,False,False,False,False,False,0.0
2026-09-28T03:11:48Z,IN,302,39.6517,-86.3967,58,Clear,0,5,False,False,False,False,False,0.0
2026-09-28T03:11:48Z,IN,301,39.6541,-86.4005,58,Clear,0,5,False,False,False,False,False,0.0
2026-09-28T03:11:48Z,IN,303,39.8243,-85.7039,55,Clear,0,5,False,False,False,False,False,0.0
2026-09-28T03:11:48Z,IN,304,39.8266,-85.704,55,Clear,0,5,False,False,False,False,False,0.0
2026-09-28T03:11:48Z,IN,305,39.8605,-85.0259,53,Clear,0,3,False,False,False,False,False,0.0
2026-09-28T03:11:48Z,IN,323,39.29,-85.1688,54,Mostly Clear,0,2,False,False,False,False,False,0.0
2026-09-28T03:11:48Z,IN,702,41.7472,-85.3285,55,Mostly Clear,0,5,False,False,False,False,False,0.0
2026-09-28T03:11:48Z,IN,701,41.5889,-87.2173,56,Partly Cloudy,0,5,False,False,False,False,False,0.0
2026-09-28T03:11:48Z,IN,704,41.7058,-86.6212,53,Mostly Cloudy,0,5,False,False,False,False,False,0.0
2026-09-28T03:11:48Z,IN,703,41.7071,-86.6235,53,Mostly Cloudy,0,5,False,False,False,False,False,0.0
2026-09-28T03:11:48Z,IN,705,41.733,-86.0057,55,Partly Cloudy,0,5,False,False,False,False,False,0.0
2026-09-28T03:11:48Z,IN,708,41.7472,-85.3285,55,Mostly Clear,0,5,False,False,False,False,False,0.0
2026-09-28T03:11:48Z,IN,707,41.7453,-85.3287,55,Mostly Clear,0,5,False,False,False,False,False,0.0
2026-09-28T03:11:48Z,IN,324,41.7353,-86.7933,53,Mostly Cloudy,0,0,False,False,False,False,False,0.0
2026-09-28T03:11:48Z,KY,KY00065IS0000020N65WELCOM,36.6434,-86.5687,61,Partly Cloudy,0,5,False,False,False,False,False,0.0
2026-09-28T03:11:48Z,KY,KY00065IS000020NSMARATHON,36.6612,-86.5553,64,Partly Cloudy,0,3,False,False,False,False,False,0.0
2026-09-28T03:11:48Z,KY,KY00065IS0000340NWEIGHS34,36.6868,-86.5379,64,Partly Cloudy,0,3,False,False,False,False,False,0.0
2026-09-28T03:11:48Z,KY,KY00065IS0011400S65SRA114,37.9464,-85.6905,66,Clear,0,3,False,False,False,False,False,0.0
2026-09-28T03:11:48Z,KY,KY00065IS0005900S65SRA059,37.239,-85.9297,63,Mostly Clear,0,1,False,False,False,False,False,0.0
2026-09-28T03:11:48Z,KY,KY00065IS0005900N65NRA059,37.2384,-85.9271,63,Mostly Clear,0,1,False,False,False,False,False,0.0
2026-09-28T03:11:48Z,KY,KY00075IS0003300NWEIGHS33,37.0422,-84.0968,58,Clear,0,2,False,False,False,False,False,0.0
2026-09-28T03:11:48Z,KY,KY00075IS0003400SWEIGHS34,37.048,-84.0997,58,Clear,0,2,False,False,False,False,False,0.0
2026-09-28T03:11:48Z,KY,KY00075IS0017700N75NRA177,38.937,-84.6309,59,Clear,0,5,False,False,False,False,False,0.0
2026-09-28T03:11:48Z,KY,KY00075IS0007500SWALTONWS,38.8653,-84.6476,59,Clear,0,5,False,False,False,False,False,0.0
2026-09-28T03:11:48Z,KY,KY00075IS0017700S75SRA177,38.9388,-84.6339,59,Clear,0,5,False,False,False,False,False,0.0
2026-09-28T03:11:48Z,KY,KY00075IS0016800SCRITENWS,38.8196,-84.6015,59,Clear,0,5,False,False,False,False,False,0.0
2026-09-28T03:11:48Z,KY,KY00075IS0000100N75WELCOM,36.6162,-84.1054,56,Mostly Clear,0,1,False,False,False,False,False,0.0
2026-09-28T03:11:52Z,IL,IL00064IW008500012,38.2766,-88.8012,64,Mostly Cloudy,0,2,False,False,False,False,True,0.2
2026-09-28T03:11:52Z,IL,IL00057IN026800032,40.5505,-88.0605,57,Partly Cloudy,0,5,False,False,False,False,True,0.2
2026-09-28T03:11:52Z,IL,IL00070IE008600051,39.0651,-88.6745,62,Mostly Cloudy,0,3,False,False,False,False,True,0.2
2026-09-28T03:11:52Z,IL,IL00072IW015200014,39.9888,-88.7852,62,Partly Cloudy,0,6,False,False,False,False,True,0.2
2026-09-28T03:11:52Z,IL,IL00055IS019400021,40.8371,-88.6833,53,Partly Cloudy,0,5,False,False,False,False,True,0.2
2026-09-28T03:11:52Z,IL,IL00057IN007900034,38.0297,-88.9203,65,Mostly Cloudy,0,2,False,False,False,False,True,0.2
2026-09-28T03:11:52Z,IL,IL00057IS007900047,38.0962,-88.9138,67,Mostly Cloudy,0,2,False,False,False,False,True,0.2
2026-09-28T03:11:52Z,IL,IL00055IN006400027,39.3465,-89.6408,63,Mostly Cloudy,0,3,False,False,False,False,True,0.2
2026-09-28T03:11:52Z,IL,IL00039IN008500036,41.7236,-89.0062,56,Partly Cloudy,0,5,False,False,False,False,True,0.2
2026-09-28T03:11:52Z,IL,IL00070IE002700042,38.7849,-89.7023,64,Mostly Cloudy,1,3,False,False,False,False,True,0.2
2026-09-28T03:11:52Z,IL,IL00074IE015600037,40.2732,-88.6762,62,Partly Cloudy,0,6,False,False,False,False,True,0.2
2026-09-28T03:11:52Z,IL,IL00080IE005100040,41.3938,-89.5665,61,Mostly Cloudy,0,5,False,False,False,False,True,0.2
2026-09-28T03:11:52Z,IL,IL00055IN019400031,40.8234,-88.6875,53,Partly Cloudy,0,5,False,False,False,False,True,0.2
2026-09-28T03:11:52Z,IL,IL00064IW013000053,38.2322,-87.9882,63,Partly Cloudy,0,1,False,False,False,False,True,0.2
2026-09-28T03:11:52Z,IL,IL00055IS002700019,38.8723,-89.8511,63,Mostly Cloudy,1,3,False,False,False,False,True,0.2
2026-09-28T03:11:52Z,IL,IL00057IS033300046,41.3918,-87.7749,55,Mostly Cloudy,0,5,False,False,False,False,True,0.2
2026-09-28T03:11:52Z,IL,IL00064IE008500039,38.273,-88.8496,65,Mostly Cloudy,0,2,False,False,False,False,True,0.2
2026-09-28T03:11:52Z,IL,IL00074IW002800020,41.2141,-90.3308,63,Mostly Cloudy,1,5,False,False,False,False,True,0.2
2026-09-28T03:11:52Z,IL,IL00055IN014900028,40.3599,-89.1099,62,Partly Cloudy,0,6,False,False,False,False,True,0.2
2026-09-28T03:11:52Z,IL,IL00080IW005100013,41.3937,-89.5591,62,Mostly Cloudy,0,5,False,False,False,False,True,0.2
2026-09-28T03:11:52Z,IL,IL00080IW011700016,41.4473,-88.3285,56,Partly Cloudy,0,5,False,False,False,False,True,0.2
2026-09-28T03:11:52Z,IL,IL00074IW015600009,40.2711,-88.6701,61,Partly Cloudy,0,6,False,False,False,False,True,0.2
2026-09-28T03:11:52Z,IL,IL00070IW002700015,38.7884,-89.6889,64,Mostly Cloudy,1,3,False,False,False,False,True,0.2
2026-09-28T03:11:52Z,IL,IL00057IS026800022,40.5613,-88.0615,57,Partly Cloudy,0,5,False,False,False,False,True,0.2
2026-09-28T03:11:52Z,IL,IL00080IE011700043,41.4314,-88.3454,56,Partly Cloudy,0,5,False,False,False,False,True,0.2
2026-09-28T03:11:52Z,IL,IL00024IW003700010,37.1593,-88.6798,65,Partly Cloudy,0,1,False,False,False,False,True,0.2
2026-09-28T03:11:52Z,IL,IL00055IN010400050,39.8627,-89.5948,63,Mostly Cloudy,0,5,False,False,False,False,True,0.2
2026-09-28T03:11:52Z,IL,IL00057IS011400023,38.5965,-88.9677,63,Mostly Cloudy,0,1,False,False,False,False,True,0.2
2026-09-28T03:11:52Z,IL,IL00057IN011400033,38.5963,-88.9638,63,Mostly Cloudy,0,1,False,False,False,False,True,0.2
2026-09-28T03:11:52Z,IL,IL00057IN022200048,39.9218,-88.299,58,Partly Cloudy,0,6,False,False,False,False,True,0.2
2026-09-28T03:11:52Z,IL,IL00057IN033300049,41.3892,-87.7729,54,Mostly Cloudy,0,5,False,False,False,False,True,0.2
2026-09-28T03:11:52Z,IL,IL00039IS008500026,41.7285,-89.0105,56,Partly Cloudy,0,5,False,False,False,False,True,0.2
2026-09-28T03:11:52Z,IL,IL00057IS022200054,39.9314,-88.3043,58,Partly Cloudy,0,6,False,False,False,False,True,0.2
2026-09-28T03:11:52Z,IL,IL00072IE015200041,39.9923,-88.7827,62,Partly Cloudy,0,6,False,False,False,False,True,0.2
2026-09-28T03:11:52Z,IL,IL00074IW006200004,40.8802,-90.0895,62,Mostly Cloudy,1,3,False,False,False,False,True,0.2
2026-09-28T03:11:52Z,IL,IL00074IE011400005,40.6125,-89.245,61,Partly Cloudy,0,5,False,False,False,False,True,0.2
2026-09-28T03:11:52Z,IL,IL00074IW020800052,40.1298,-87.7441,59,Partly Cloudy,0,5,False,False,False,False,True,0.2
2026-09-28T03:11:52Z,IL,IL00055IN002700029,38.8649,-89.8532,63,Mostly Cloudy,1,3,False,False,False,False,True,0.2
2026-09-28T03:11:52Z,IL,IL00055IS006400017,39.3523,-89.6447,63,Mostly Cloudy,0,3,False,False,False,False,True,0.2
2026-09-28T03:11:52Z,IL,IL00064IW002500011,38.5491,-89.7633,64,Mostly Cloudy,1,2,False,False,False,False,True,0.2
2026-09-28T03:11:52Z,IL,IL00074IE002800030,41.2334,-90.333,63,Mostly Cloudy,1,5,False,False,False,False,True,0.2
2026-09-28T03:11:52Z,IL,IL00064IE002500038,38.5481,-89.7731,64,Mostly Cloudy,1,2,False,False,False,False,True,0.2
2026-09-28T03:11:52Z,IL,IL00070IW008700045,39.0679,-88.6704,62,Mostly Cloudy,0,3,False,False,False,False,True,0.2
2026-09-28T03:11:52Z,IL,IL00057IS016500018,39.1993,-88.502,59,Partly Cloudy,0,5,False,False,False,False,True,0.2
2026-09-28T03:11:52Z,IL,IL00074IW011400006,40.6111,-89.2323,61,Partly Cloudy,0,5,False,False,False,False,True,0.2
2026-09-28T03:11:52Z,IL,IL00074IE006200001,40.8788,-90.0936,62,Mostly Cloudy,1,3,False,False,False,False,True,0.2
2026-09-28T03:11:52Z,IL,IL00070IW014900008,39.4228,-87.6617,56,Partly Cloudy,0,5,False,False,False,False,True,0.2
2026-09-28T03:11:52Z,IL,IL00057IN016500044,39.1898,-88.5031,59,Mostly Cloudy,0,5,False,False,False,False,True,0.2
2026-09-28T03:11:52Z,IL,IL00055IS010400024,39.8871,-89.5966,62,Mostly Cloudy,0,3,False,False,False,False,True,0.2
2026-09-28T03:11:52Z,IL,IL00057IS003200025,37.4699,-89.1329,64,Partly Cloudy,1,1,False,False,False,False,True,0.2
2026-09-28T03:11:52Z,IL,IL00057IN003200035,37.4661,-89.1324,64,Partly Cloudy,1,1,False,False,False,False,True,0.2
2026-09-28T03:11:52Z,IN,322,38.195,-87.8597,61,Partly Cloudy,0,2,False,False,False,False,False,0.0
2026-09-28T03:11:52Z,IN,317,38.5852,-85.7768,59,Clear,0,2,False,False,False,False,False,0.0
2026-09-28T03:11:52Z,IN,316,38.5859,-85.7809,59,Clear,0,2,False,False,False,False,False,0.0
2026-09-28T03:11:52Z,IN,315,39.2602,-85.9521,57,Clear,0,3,False,False,False,False,False,0.0
2026-09-28T03:11:52Z,IN,314,39.2767,-85.9569,57,Clear,0,3,False,False,False,False,False,0.0
2026-09-28T03:11:52Z,IN,313,40.1578,-86.5387,55,Clear,0,5,False,False,False,False,False,0.0
2026-09-28T03:11:52Z,IN,312,40.1722,-86.5522,56,Clear,0,5,False,False,False,False,False,0.0
2026-09-28T03:11:52Z,IN,311,40.6992,-87.0628,54,Partly Cloudy,0,5,False,False,False,False,False,0.0
2026-09-28T03:11:52Z,IN,310,40.6984,-87.0646,54,Partly Cloudy,0,5,False,False,False,False,False,0.0
2026-09-28T03:11:52Z,IN,308,41.1653,-87.271,50,Partly Cloudy,0,5,False,False,False,False,False,0.0
2026-09-28T03:11:52Z,IN,309,41.1666,-87.2749,50,Partly Cloudy,0,5,False,False,False,False,False,0.0
2026-09-28T03:11:52Z,IN,318,40.3543,-85.5576,54,Clear,0,3,False,False,False,False,False,0.0
2026-09-28T03:11:52Z,IN,319,40.3569,-85.56,54,Clear,0,3,False,False,False,False,False,0.0
2026-09-28T03:11:52Z,IN,320,41.2963,-85.0863,55,Clear,0,5,False,False,False,False,False,0.0
2026-09-28T03:11:52Z,IN,321,41.5803,-85.0597,55,Clear,0,5,False,False,False,False,False,0.0
2026-09-28T03:11:52Z,IN,300,39.4417,-87.5002,58,Partly Cloudy,0,3,False,False,False,False,False,0.0
2026-09-28T03:11:52Z,IN,302,39.6517,-86.3967,58,Clear,0,5,False,False,False,False,False,0.0
2026-09-28T03:11:52Z,IN,301,39.6541,-86.4005,58,Clear,0,5,False,False,False,False,False,0.0
2026-09-28T03:11:52Z,IN,303,39.8243,-85.7039,55,Clear,0,5,False,False,False,False,False,0.0
2026-09-28T03:11:52Z,IN,304,39.8266,-85.704,55,Clear,0,5,False,False,False,False,False,0.0
2026-09-28T03:11:52Z,IN,305,39.8605,-85.0259,53,Clear,0,3,False,False,False,False,False,0.0
2026-09-28T03:11:52Z,IN,323,39.29,-85.1688,54,Mostly Clear,0,2,False,False,False,False,False,0.0
2026-09-28T03:11:52Z,IN,702,41.7472,-85.3285,55,Mostly Clear,0,5,False,False,False,False,False,0.0
2026-09-28T03:11:52Z,IN,701,41.5889,-87.2173,56,Partly Cloudy,0,5,False,False,False,False,False,0.0
2026-09-28T03:11:52Z,IN,704,41.7058,-86.6212,53,Mostly Cloudy,0,5,False,False,False,False,False,0.0
2026-09-28T03:11:52Z,IN,703,41.7071,-86.6235,53,Mostly Cloudy,0,5,False,False,False,False,False,0.0
2026-09-28T03:11:52Z,IN,705,41.733,-86.0057,55,Partly Cloudy,0,5,False,False,False,False,False,0.0
2026-09-28T03:11:52Z,IN,708,41.7472,-85.3285,55,Mostly Clear,0,5,False,False,False,False,False,0.0
2026-09-28T03:11:52Z,IN,707,41.7453,-85.3287,55,Mostly Clear,0,5,False,False,False,False,False,0.0
2026-09-28T03:11:52Z,IN,324,41.7353,-86.7933,53,Mostly Cloudy,0,0,False,False,False,False,False,0.0
2026-09-28T03:11:52Z,KY,KY00065IS0000020N65WELCOM,36.6434,-86.5687,64,Partly Cloudy,0,5,False,False,False,False,False,0.0
2026-09-28T03:11:52Z,KY,KY00065IS000020NSMARATHON,36.6612,-86.5553,64,Partly Cloudy,0,3,False,False,False,False,False,0.0
2026-09-28T03:11:52Z,KY,KY00065IS0000340NWEIGHS34,36.6868,-86.5379,64,Partly Cloudy,0,3,False,False,False,False,False,0.0
2026-09-28T03:11:52Z,KY,KY00065IS0011400S65SRA114,37.9464,-85.6905,66,Clear,0,3,False,False,False,False,False,0.0
2026-09-28T03:11:52Z,KY,KY00065IS0005900S65SRA059,37.239,-85.9297,63,Mostly Clear,0,1,False,False,False,False,False,0.0
2026-09-28T03:11:52Z,KY,KY00065IS0005900N65NRA059,37.2384,-85.9271,63,Mostly Clear,0,1,False,False,False,False,False,0.0
2026-09-28T03:11:52Z,KY,KY00075IS0003300NWEIGHS33,37.0422,-84.0968,58,Clear,0,2,False,False,False,False,False,0.0
2026-09-28T03:11:52Z,KY,KY00075IS0003400SWEIGHS34,37.048,-84.0997,58,Clear,0,2,False,False,False,False,False,0.0
2026-09-28T03:11:52Z,KY,KY00075IS0017700N75NRA177,38.937,-84.6309,59,Clear,0,5,False,False,False,False,False,0.0
2026-09-28T03:11:52Z,KY,KY00075IS0007500SWALTONWS,38.8653,-84.6476,59,Clear,0,5,False,False,False,False,False,0.0
2026-09-28T03:11:52Z,KY,KY00075IS0017700S75SRA177,38.9388,-84.6339,59,Clear,0,5,False,False,False,False,False,0.0
2026-09-28T03:11:52Z,KY,KY00075IS0016800SCRITENWS,38.8196,-84.6015,59,Clear,0,5,False,False,False,False,False,0.0
2026-09-28T03:11:52Z,KY,KY00075IS0000100N75WELCOM,36.6162,-84.1054,56,Mostly Clear,0,1,False,False,False,False,False,0.0
2026-09-28T03:11:56Z,IL,IL00064IW008500012,38.2766,-88.8012,64,Mostly Cloudy,0,2,False,False,False,False,True,0.2
2026-09-28T03:11:56Z,IL,IL00057IN026800032,40.5505,-88.0605,57,Partly Cloudy,0,5,False,False,False,False,True,0.2
2026-09-28T03:11:56Z,IL,IL00070IE008600051,39.0651,-88.6745,62,Mostly Cloudy,0,3,False,False,False,False,True,0.2
2026-09-28T03:11:56Z,IL,IL00072IW015200014,39.9888,-88.7852,62,Partly Cloudy,0,6,False,False,False,False,True,0.2
2026-09-28T03:11:56Z,IL,IL00055IS019400021,40.8371,-88.6833,53,Partly Cloudy,0,5,False,False,False,False,True,0.2
2026-09-28T03:11:56Z,IL,IL00057IN007900034,38.0297,-88.9203,65,Mostly Cloudy,0,2,False,False,False,False,True,0.2
2026-09-28T03:11:56Z,IL,IL00057IS007900047,38.0962,-88.9138,67,Mostly Cloudy,0,2,False,False,False,False,True,0.2
2026-09-28T03:11:56Z,IL,IL00055IN006400027,39.3465,-89.6408,63,Mostly Cloudy,0,3,False,False,False,False,True,0.2
2026-09-28T03:11:56Z,IL,IL00039IN008500036,41.7236,-89.0062,56,Partly Cloudy,0,5,False,False,False,False,True,0.2
2026-09-28T03:11:56Z,IL,IL00070IE002700042,38.7849,-89.7023,64,Mostly Cloudy,1,3,False,False,False,False,True,0.2
2026-09-28T03:11:56Z,IL,IL00074IE015600037,40.2732,-88.6762,62,Partly Cloudy,0,6,False,False,False,False,True,0.2
2026-09-28T03:11:56Z,IL,IL00080IE005100040,41.3938,-89.5665,61,Mostly Cloudy,0,5,False,False,False,False,True,0.2
2026-09-28T03:11:56Z,IL,IL00055IN019400031,40.8234,-88.6875,53,Partly Cloudy,0,5,False,False,False,False,True,0.2
2026-09-28T03:11:56Z,IL,IL00064IW013000053,38.2322,-87.9882,63,Partly Cloudy,0,1,False,False,False,False,True,0.2
2026-09-28T03:11:56Z,IL,IL00055IS002700019,38.8723,-89.8511,63,Mostly Cloudy,1,3,False,False,False,False,True,0.2
2026-09-28T03:11:56Z,IL,IL00057IS033300046,41.3918,-87.7749,55,Mostly Cloudy,0,5,False,False,False,False,True,0.2
2026-09-28T03:11:56Z,IL,IL00064IE008500039,38.273,-88.8496,65,Mostly Cloudy,0,2,False,False,False,False,True,0.2
2026-09-28T03:11:56Z,IL,IL00074IW002800020,41.2141,-90.3308,63,Mostly Cloudy,1,5,False,False,False,False,True,0.2
2026-09-28T03:11:56Z,IL,IL00055IN014900028,40.3599,-89.1099,62,Partly Cloudy,0,6,False,False,False,False,True,0.2
2026-09-28T03:11:56Z,IL,IL00080IW005100013,41.3937,-89.5591,62,Mostly Cloudy,0,5,False,False,False,False,True,0.2
2026-09-28T03:11:56Z,IL,IL00080IW011700016,41.4473,-88.3285,56,Partly Cloudy,0,5,False,False,False,False,True,0.2
2026-09-28T03:11:56Z,IL,IL00074IW015600009,40.2711,-88.6701,61,Partly Cloudy,0,6,False,False,False,False,True,0.2
2026-09-28T03:11:56Z,IL,IL00070IW002700015,38.7884,-89.6889,64,Mostly Cloudy,1,3,False,False,False,False,True,0.2
2026-09-28T03:11:56Z,IL,IL00057IS026800022,40.5613,-88.0615,57,Partly Cloudy,0,5,False,False,False,False,True,0.2
2026-09-28T03:11:56Z,IL,IL00080IE011700043,41.4314,-88.3454,56,Partly Cloudy,0,5,False,False,False,False,True,0.2
2026-09-28T03:11:56Z,IL,IL00024IW003700010,37.1593,-88.6798,65,Partly Cloudy,0,1,False,False,False,False,True,0.2
2026-09-28T03:11:56Z,IL,IL00055IN010400050,39.8627,-89.5948,63,Mostly Cloudy,0,5,False,False,False,False,True,0.2
2026-09-28T03:11:56Z,IL,IL00057IS011400023,38.5965,-88.9677,63,Mostly Cloudy,0,1,False,False,False,False,True,0.2
2026-09-28T03:11:56Z,IL,IL00057IN011400033,38.5963,-88.9638,63,Mostly Cloudy,0,1,False,False,False,False,True,0.2
2026-09-28T03:11:56Z,IL,IL00057IN022200048,39.9218,-88.299,58,Partly Cloudy,0,6,False,False,False,False,True,0.2
2026-09-28T03:11:56Z,IL,IL00057IN033300049,41.3892,-87.7729,54,Mostly Cloudy,0,5,False,False,False,False,True,0.2
2026-09-28T03:11:56Z,IL,IL00039IS008500026,41.7285,-89.0105,56,Partly Cloudy,0,5,False,False,False,False,True,0.2
2026-09-28T03:11:56Z,IL,IL00057IS022200054,39.9314,-88.3043,58,Partly Cloudy,0,6,False,False,False,False,True,0.2
2026-09-28T03:11:56Z,IL,IL00072IE015200041,39.9923,-88.7827,62,Partly Cloudy,0,6,False,False,False,False,True,0.2
2026-09-28T03:11:56Z,IL,IL00074IW006200004,40.8802,-90.0895,62,Mostly Cloudy,1,3,False,False,False,False,True,0.2
2026-09-28T03:11:56Z,IL,IL00074IE011400005,40.6125,-89.245,61,Partly Cloudy,0,5,False,False,False,False,True,0.2
2026-09-28T03:11:56Z,IL,IL00074IW020800052,40.1298,-87.7441,59,Partly Cloudy,0,5,False,False,False,False,True,0.2
2026-09-28T03:11:56Z,IL,IL00055IN002700029,38.8649,-89.8532,63,Mostly Cloudy,1,3,False,False,False,False,True,0.2
2026-09-28T03:11:56Z,IL,IL00055IS006400017,39.3523,-89.6447,63,Mostly Cloudy,0,3,False,False,False,False,True,0.2
2026-09-28T03:11:56Z,IL,IL00064IW002500011,38.5491,-89.7633,64,Mostly Cloudy,1,2,False,False,False,False,True,0.2
2026-09-28T03:11:56Z,IL,IL00074IE002800030,41.2334,-90.333,63,Mostly Cloudy,1,5,False,False,False,False,True,0.2
2026-09-28T03:11:56Z,IL,IL00064IE002500038,38.5481,-89.7731,64,Mostly Cloudy,1,2,False,False,False,False,True,0.2
2026-09-28T03:11:56Z,IL,IL00070IW008700045,39.0679,-88.6704,62,Mostly Cloudy,0,3,False,False,False,False,True,0.2
2026-09-28T03:11:56Z,IL,IL00057IS016500018,39.1993,-88.502,59,Partly Cloudy,0,5,False,False,False,False,True,0.2
2026-09-28T03:11:56Z,IL,IL00074IW011400006,40.6111,-89.2323,61,Partly Cloudy,0,5,False,False,False,False,True,0.2
2026-09-28T03:11:56Z,IL,IL00074IE006200001,40.8788,-90.0936,62,Mostly Cloudy,1,3,False,False,False,False,True,0.2
2026-09-28T03:11:56Z,IL,IL00070IW014900008,39.4228,-87.6617,56,Partly Cloudy,0,5,False,False,False,False,True,0.2
2026-09-28T03:11:56Z,IL,IL00057IN016500044,39.1898,-88.5031,59,Mostly Cloudy,0,5,False,False,False,False,True,0.2
2026-09-28T03:11:56Z,IL,IL00055IS010400024,39.8871,-89.5966,62,Mostly Cloudy,0,3,False,False,False,False,True,0.2
2026-09-28T03:11:56Z,IL,IL00057IS003200025,37.4699,-89.1329,64,Partly Cloudy,1,1,False,False,False,False,True,0.2
2026-09-28T03:11:56Z,IL,IL00057IN003200035,37.4661,-89.1324,64,Partly Cloudy,1,1,False,False,False,False,True,0.2
2026-09-28T03:11:56Z,IN,322,38.195,-87.8597,61,Partly Cloudy,0,2,False,False,False,False,False,0.0
2026-09-28T03:11:56Z,IN,317,38.5852,-85.7768,59,Clear,0,2,False,False,False,False,False,0.0
2026-09-28T03:11:56Z,IN,316,38.5859,-85.7809,59,Clear,0,2,False,False,False,False,False,0.0
2026-09-28T03:11:56Z,IN,315,39.2602,-85.9521,57,Clear,0,3,False,False,False,False,False,0.0
2026-09-28T03:11:56Z,IN,314,39.2767,-85.9569,57,Clear,0,3,False,False,False,False,False,0.0
2026-09-28T03:11:56Z,IN,313,40.1578,-86.5387,55,Clear,0,5,False,False,False,False,False,0.0
2026-09-28T03:11:56Z,IN,312,40.1722,-86.5522,56,Clear,0,5,False,False,False,False,False,0.0
2026-09-28T03:11:56Z,IN,311,40.6992,-87.0628,54,Partly Cloudy,0,5,False,False,False,False,False,0.0
2026-09-28T03:11:56Z,IN,310,40.6984,-87.0646,54,Partly Cloudy,0,5,False,False,False,False,False,0.0
2026-09-28T03:11:56Z,IN,308,41.1653,-87.271,50,Partly Cloudy,0,5,False,False,False,False,False,0.0
2026-09-28T03:11:56Z,IN,309,41.1666,-87.2749,50,Partly Cloudy,0,5,False,False,False,False,False,0.0
2026-09-28T03:11:56Z,IN,318,40.3543,-85.5576,54,Clear,0,3,False,False,False,False,False,0.0
2026-09-28T03:11:56Z,IN,319,40.3569,-85.56,54,Clear,0,3,False,False,False,False,False,0.0
2026-09-28T03:11:56Z,IN,320,41.2963,-85.0863,55,Clear,0,5,False,False,False,False,False,0.0
2026-09-28T03:11:56Z,IN,321,41.5803,-85.0597,55,Clear,0,5,False,False,False,False,False,0.0
2026-09-28T03:11:56Z,IN,300,39.4417,-87.5002,58,Partly Cloudy,0,3,False,False,False,False,False,0.0
2026-09-28T03:11:56Z,IN,302,39.6517,-86.3967,58,Clear,0,5,False,False,False,False,False,0.0
2026-09-28T03:11:56Z,IN,301,39.6541,-86.4005,58,Clear,0,5,False,False,False,False,False,0.0
2026-09-28T03:11:56Z,IN,303,39.8243,-85.7039,55,Clear,0,5,False,False,False,False,False,0.0
2026-09-28T03:11:56Z,IN,304,39.8266,-85.704,55,Clear,0,5,False,False,False,False,False,0.0
2026-09-28T03:11:56Z,IN,305,39.8605,-85.0259,53,Clear,0,3,False,False,False,False,False,0.0
2026-09-28T03:11:56Z,IN,323,39.29,-85.1688,54,Mostly Clear,0,2,False,False,False,False,False,0.0
2026-09-28T03:11:56Z,IN,702,41.7472,-85.3285,55,Mostly Clear,0,5,False,False,False,False,False,0.0
2026-09-28T03:11:56Z,IN,701,41.5889,-87.2173,56,Partly Cloudy,0,5,False,False,False,False,False,0.0
2026-09-28T03:11:56Z,IN,704,41.7058,-86.6212,53,Mostly Cloudy,0,5,False,False,False,False,False,0.0
2026-09-28T03:11:56Z,IN,703,41.7071,-86.6235,53,Mostly Cloudy,0,5,False,False,False,False,False,0.0
2026-09-28T03:11:56Z,IN,705,41.733,-86.0057,55,Partly Cloudy,0,5,False,False,False,False,False,0.0
2026-09-28T03:11:56Z,IN,708,41.7472,-85.3285,55,Mostly Clear,0,5,False,False,False,False,False,0.0
2026-09-28T03:11:56Z,IN,707,41.7453,-85.3287,55,Mostly Clear,0,5,False,False,False,False,False,0.0
2026-09-28T03:11:56Z,IN,324,41.7353,-86.7933,53,Mostly Cloudy,0,0,False,False,False,False,False,0.0
2026-09-28T03:11:56Z,KY,KY00065IS0000020N65WELCOM,36.6434,-86.5687,64,Partly Cloudy,0,5,False,False,False,False,False,0.0
2026-09-28T03:11:56Z,KY,KY00065IS000020NSMARATHON,36.6612,-86.5553,64,Partly Cloudy,0,3,False,False,False,False,False,0.0
2026-09-28T03:11:56Z,KY,KY00065IS0000340NWEIGHS34,36.6868,-86.5379,64,Partly Cloudy,0,3,False,False,False,False,False,0.0
2026-09-28T03:11:56Z,KY,KY00065IS0011400S65SRA114,37.9464,-85.6905,66,Clear,0,3,False,False,False,False,False,0.0
2026-09-28T03:11:56Z,KY,KY00065IS0005900S65SRA059,37.239,-85.9297,63,Mostly Clear,0,1,False,False,False,False,False,0.0
2026-09-28T03:11:56Z,KY,KY00065IS0005900N65NRA059,37.2384,-85.9271,63,Mostly Clear,0,1,False,False,False,False,False,0.0
2026-09-28T03:11:56Z,KY,KY00075IS0003300NWEIGHS33,37.0422,-84.0968,58,Clear,0,2,False,False,False,False,False,0.0
2026-09-28T03:11:56Z,KY,KY00075IS0003400SWEIGHS34,37.048,-84.0997,58,Clear,0,2,False,False,False,False,False,0.0
2026-09-28T03:11:56Z,KY,KY00075IS0017700N75NRA177,38.937,-84.6309,59,Clear,0,5,False,False,False,False,False,0.0
2026-09-28T03:11:56Z,KY,KY00075IS0007500SWALTONWS,38.8653,-84.6476,59,Clear,0,5,False,False,False,False,False,0.0
2026-09-28T03:11:56Z,KY,KY00075IS0017700S75SRA177,38.9388,-84.6339,59,Clear,0,5,False,False,False,False,False,0.0
2026-09-28T03:11:56Z,KY,KY00075IS0016800SCRITENWS,38.8196,-84.6015,59,Clear,0,5,False,False,False,False,False,0.0
2026-09-28T03:11:56Z,KY,KY00075IS0000100N75WELCOM,36.6162,-84.1054,56,Mostly Clear,0,1,False,False,False,False,False,0.0
2026-09-28T03:12:01Z,IL,IL00064IW008500012,38.2766,-88.8012,64,Mostly Cloudy,0,2,False,False,False,False,True,0.2
2026-09-28T03:12:01Z,IL,IL00057IN026800032,40.5505,-88.0605,57,Partly Cloudy,0,5,False,False,False,False,True,0.2
2026-09-28T03:12:01Z,IL,IL00070IE008600051,39.0651,-88.6745,62,Mostly Cloudy,0,3,False,False,False,False,True,0.2
2026-09-28T03:12:01Z,IL,IL00072IW015200014,39.9888,-88.7852,62,Partly Cloudy,0,6,False,False,False,False,True,0.2
2026-09-28T03:12:01Z,IL,IL00055IS019400021,40.8371,-88.6833,53,Partly Cloudy,0,5,False,False,False,False,True,0.2
2026-09-28T03:12:01Z,IL,IL00057IN007900034,38.0297,-88.9203,65,Mostly Cloudy,0,2,False,False,False,False,True,0.2
2026-09-28T03:12:01Z,IL,IL00057IS007900047,38.0962,-88.9138,67,Mostly Cloudy,0,2,False,False,False,False,True,0.2
2026-09-28T03:12:01Z,IL,IL00055IN006400027,39.3465,-89.6408,63,Mostly Cloudy,0,3,False,False,False,False,True,0.2
2026-09-28T03:12:01Z,IL,IL00039IN008500036,41.7236,-89.0062,56,Partly Cloudy,0,5,False,False,False,False,True,0.2
2026-09-28T03:12:01Z,IL,IL00070IE002700042,38.7849,-89.7023,64,Mostly Cloudy,1,3,False,False,False,False,True,0.2
2026-09-28T03:12:01Z,IL,IL00074IE015600037,40.2732,-88.6762,62,Partly Cloudy,0,6,False,False,False,False,True,0.2
2026-09-28T03:12:01Z,IL,IL00080IE005100040,41.3938,-89.5665,61,Mostly Cloudy,0,5,False,False,False,False,True,0.2
2026-09-28T03:12:01Z,IL,IL00055IN019400031,40.8234,-88.6875,53,Partly Cloudy,0,5,False,False,False,False,True,0.2
2026-09-28T03:12:01Z,IL,IL00064IW013000053,38.2322,-87.9882,63,Partly Cloudy,0,1,False,False,False,False,True,0.2
2026-09-28T03:12:01Z,IL,IL00055IS002700019,38.8723,-89.8511,63,Mostly Cloudy,1,3,False,False,False,False,True,0.2
2026-09-28T03:12:01Z,IL,IL00057IS033300046,41.3918,-87.7749,55,Mostly Cloudy,0,5,False,False,False,False,True,0.2
2026-09-28T03:12:01Z,IL,IL00064IE008500039,38.273,-88.8496,65,Mostly Cloudy,0,2,False,False,False,False,True,0.2
2026-09-28T03:12:01Z,IL,IL00074IW002800020,41.2141,-90.3308,63,Mostly Cloudy,1,5,False,False,False,False,True,0.2
2026-09-28T03:12:01Z,IL,IL00055IN014900028,40.3599,-89.1099,62,Partly Cloudy,0,6,False,False,False,False,True,0.2
2026-09-28T03:12:01Z,IL,IL00080IW005100013,41.3937,-89.5591,62,Mostly Cloudy,0,5,False,False,False,False,True,0.2
2026-09-28T03:12:01Z,IL,IL00080IW011700016,41.4473,-88.3285,56,Partly Cloudy,0,5,False,False,False,False,True,0.2
2026-09-28T03:12:01Z,IL,IL00074IW015600009,40.2711,-88.6701,61,Partly Cloudy,0,6,False,False,False,False,True,0.2
2026-09-28T03:12:01Z,IL,IL00070IW002700015,38.7884,-89.6889,64,Mostly Cloudy,1,3,False,False,False,False,True,0.2
2026-09-28T03:12:01Z,IL,IL00057IS026800022,40.5613,-88.0615,57,Partly Cloudy,0,5,False,False,False,False,True,0.2
2026-09-28T03:12:01Z,IL,IL00080IE011700043,41.4314,-88.3454,56,Partly Cloudy,0,5,False,False,False,False,True,0.2
2026-09-28T03:12:01Z,IL,IL00024IW003700010,37.1593,-88.6798,65,Partly Cloudy,0,1,False,False,False,False,True,0.2
2026-09-28T03:12:01Z,IL,IL00055IN010400050,39.8627,-89.5948,63,Mostly Cloudy,0,5,False,False,False,False,True,0.2
2026-09-28T03:12:01Z,IL,IL00057IS011400023,38.5965,-88.9677,63,Mostly Cloudy,0,1,False,False,False,False,True,0.2
2026-09-28T03:12:01Z,IL,IL00057IN011400033,38.5963,-88.9638,63,Mostly Cloudy,0,1,False,False,False,False,True,0.2
2026-09-28T03:12:01Z,IL,IL00057IN022200048,39.9218,-88.299,58,Partly Cloudy,0,6,False,False,False,False,True,0.2
2026-09-28T03:12:01Z,IL,IL00057IN033300049,41.3892,-87.7729,54,Mostly Cloudy,0,5,False,False,False,False,True,0.2
2026-09-28T03:12:01Z,IL,IL00039IS008500026,41.7285,-89.0105,56,Partly Cloudy,0,5,False,False,False,False,True,0.2
2026-09-28T03:12:01Z,IL,IL00057IS022200054,39.9314,-88.3043,58,Partly Cloudy,0,6,False,False,False,False,True,0.2
2026-09-28T03:12:01Z,IL,IL00072IE015200041,39.9923,-88.7827,62,Partly Cloudy,0,6,False,False,False,False,True,0.2
2026-09-28T03:12:01Z,IL,IL00074IW006200004,40.8802,-90.0895,62,Mostly Cloudy,1,3,False,False,False,False,True,0.2
2026-09-28T03:12:01Z,IL,IL00074IE011400005,40.6125,-89.245,61,Partly Cloudy,0,5,False,False,False,False,True,0.2
2026-09-28T03:12:01Z,IL,IL00074IW020800052,40.1298,-87.7441,59,Partly Cloudy,0,5,False,False,False,False,True,0.2
2026-09-28T03:12:01Z,IL,IL00055IN002700029,38.8649,-89.8532,63,Mostly Cloudy,1,3,False,False,False,False,True,0.2
2026-09-28T03:12:01Z,IL,IL00055IS006400017,39.3523,-89.6447,63,Mostly Cloudy,0,3,False,False,False,False,True,0.2
2026-09-28T03:12:01Z,IL,IL00064IW002500011,38.5491,-89.7633,64,Mostly Cloudy,1,2,False,False,False,False,True,0.2
2026-09-28T03:12:01Z,IL,IL00074IE002800030,41.2334,-90.333,63,Mostly Cloudy,1,5,False,False,False,False,True,0.2
2026-09-28T03:12:01Z,IL,IL00064IE002500038,38.5481,-89.7731,64,Mostly Cloudy,1,2,False,False,False,False,True,0.2
2026-09-28T03:12:01Z,IL,IL00070IW008700045,39.0679,-88.6704,62,Mostly Cloudy,0,3,False,False,False,False,True,0.2
2026-09-28T03:12:01Z,IL,IL00057IS016500018,39.1993,-88.502,59,Partly Cloudy,0,5,False,False,False,False,True,0.2
2026-09-28T03:12:01Z,IL,IL00074IW011400006,40.6111,-89.2323,61,Partly Cloudy,0,5,False,False,False,False,True,0.2
2026-09-28T03:12:01Z,IL,IL00074IE006200001,40.8788,-90.0936,62,Mostly Cloudy,1,3,False,False,False,False,True,0.2
2026-09-28T03:12:01Z,IL,IL00070IW014900008,39.4228,-87.6617,56,Partly Cloudy,0,5,False,False,False,False,True,0.2
2026-09-28T03:12:01Z,IL,IL00057IN016500044,39.1898,-88.5031,59,Mostly Cloudy,0,5,False,False,False,False,True,0.2
2026-09-28T03:12:01Z,IL,IL00055IS010400024,39.8871,-89.5966,62,Mostly Cloudy,0,3,False,False,False,False,True,0.2
2026-09-28T03:12:01Z,IL,IL00057IS003200025,37.4699,-89.1329,64,Partly Cloudy,1,1,False,False,False,False,True,0.2
2026-09-28T03:12:01Z,IL,IL00057IN003200035,37.4661,-89.1324,64,Partly Cloudy,1,1,False,False,False,False,True,0.2
2026-09-28T03:12:01Z,IN,322,38.195,-87.8597,61,Partly Cloudy,0,2,False,False,False,False,False,0.0
2026-09-28T03:12:01Z,IN,317,38.5852,-85.7768,59,Clear,0,2,False,False,False,False,False,0.0
2026-09-28T03:12:01Z,IN,316,38.5859,-85.7809,59,Clear,0,2,False,False,False,False,False,0.0
2026-09-28T03:12:01Z,IN,315,39.2602,-85.9521,57,Clear,0,3,False,False,False,False,False,0.0
2026-09-28T03:12:01Z,IN,314,39.2767,-85.9569,57,Clear,0,3,False,False,False,False,False,0.0
2026-09-28T03:12:01Z,IN,313,40.1578,-86.5387,55,Clear,0,5,False,False,False,False,False,0.0
2026-09-28T03:12:01Z,IN,312,40.1722,-86.5522,56,Clear,0,5,False,False,False,False,False,0.0
2026-09-28T03:12:01Z,IN,311,40.6992,-87.0628,54,Partly Cloudy,0,5,False,False,False,False,False,0.0
2026-09-28T03:12:01Z,IN,310,40.6984,-87.0646,54,Partly Cloudy,0,5,False,False,False,False,False,0.0
2026-09-28T03:12:01Z,IN,308,41.1653,-87.271,50,Partly Cloudy,0,5,False,False,False,False,False,0.0
2026-09-28T03:12:01Z,IN,309,41.1666,-87.2749,50,Partly Cloudy,0,5,False,False,False,False,False,0.0
2026-09-28T03:12:01Z,IN,318,40.3543,-85.5576,54,Clear,0,3,False,False,False,False,False,0.0
2026-09-28T03:12:01Z,IN,319,40.3569,-85.56,54,Clear,0,3,False,False,False,False,False,0.0
2026-09-28T03:12:01Z,IN,320,41.2963,-85.0863,55,Clear,0,5,False,False,False,False,False,0.0
2026-09-28T03:12:01Z,IN,321,41.5803,-85.0597,55,Clear,0,5,False,False,False,False,False,0.0
2026-09-28T03:12:01Z,IN,300,39.4417,-87.5002,58,Partly Cloudy,0,3,False,False,False,False,False,0.0
2026-09-28T03:12:01Z,IN,302,39.6517,-86.3967,58,Clear,0,5,False,False,False,False,False,0.0
2026-09-28T03:12:01Z,IN,301,39.6541,-86.4005,58,Clear,0,5,False,False,False,False,False,0.0
2026-09-28T03:12:01Z,IN,303,39.8243,-85.7039,55,Clear,0,5,False,False,False,False,False,0.0
2026-09-28T03:12:01Z,IN,304,39.8266,-85.704,55,Clear,0,5,False,False,False,False,False,0.0
2026-09-28T03:12:01Z,IN,305,39.8605,-85.0259,53,Clear,0,3,False,False,False,False,False,0.0
2026-09-28T03:12:01Z,IN,323,39.29,-85.1688,54,Mostly Clear,0,2,False,False,False,False,False,0.0
2026-09-28T03:12:01Z,IN,702,41.7472,-85.3285,55,Mostly Clear,0,5,False,False,False,False,False,0.0
2026-09-28T03:12:01Z,IN,701,41.5889,-87.2173,56,Partly Cloudy,0,5,False,False,False,False,False,0.0
2026-09-28T03:12:01Z,IN,704,41.7058,-86.6212,53,Mostly Cloudy,0,5,False,False,False,False,False,0.0
2026-09-28T03:12:01Z,IN,703,41.7071,-86.6235,53,Mostly Cloudy,0,5,False,False,False,False,False,0.0
2026-09-28T03:12:01Z,IN,705,41.733,-86.0057,55,Partly Cloudy,0,5,False,False,False,False,False,0.0
2026-09-28T03:12:01Z,IN,708,41.7472,-85.3285,55,Mostly Clear,0,5,False,False,False,False,False,0.0
2026-09-28T03:12:01Z,IN,707,41.7453,-85.3287,55,Mostly Clear,0,5,False,False,False,False,False,0.0
2026-09-28T03:12:01Z,IN,324,41.7353,-86.7933,53,Mostly Cloudy,0,0,False,False,False,False,False,0.0
2026-09-28T03:12:01Z,KY,KY00065IS0000020N65WELCOM,36.6434,-86.5687,64,Partly Cloudy,0,5,False,False,False,False,False,0.0
2026-09-28T03:12:01Z,KY,KY00065IS000020NSMARATHON,36.6612,-86.5553,64,Partly Cloudy,0,3,False,False,False,False,False,0.0
2026-09-28T03:12:01Z,KY,KY00065IS0000340NWEIGHS34,36.6868,-86.5379,64,Partly Cloudy,0,3,False,False,False,False,False,0.0
2026-09-28T03:12:01Z,KY,KY00065IS0011400S65SRA114,37.9464,-85.6905,66,Clear,0,3,False,False,False,False,False,0.0
2026-09-28T03:12:01Z,KY,KY00065IS0005900S65SRA059,37.239,-85.9297,63,Mostly Clear,0,1,False,False,False,False,False,0.0
2026-09-28T03:12:01Z,KY,KY00065IS0005900N65NRA059,37.2384,-85.9271,63,Mostly Clear,0,1,False,False,False,False,False,0.0
2026-09-28T03:12:01Z,KY,KY00075IS0003300NWEIGHS33,37.0422,-84.0968,58,Clear,0,2,False,False,False,False,False,0.0
2026-09-28T03:12:01Z,KY,KY00075IS0003400SWEIGHS34,37.048,-84.0997,58,Clear,0,2,False,False,False,False,False,0.0
2026-09-28T03:12:01Z,KY,KY00075IS0017700N75NRA177,38.937,-84.6309,59,Clear,0,5,False,False,False,False,False,0.0
2026-09-28T03:12:01Z,KY,KY00075IS0007500SWALTONWS,38.8653,-84.6476,59,Clear,0,5,False,False,False,False,False,0.0
2026-09-28T03:12:01Z,KY,KY00075IS0017700S75SRA177,38.9388,-84.6339,59,Clear,0,5,False,False,False,False,False,0.0
2026-09-28T03:12:01Z,KY,KY00075IS0016800SCRITENWS,38.8196,-84.6015,59,Clear,0,5,False,False,False,False,False,0.0
2026-09-28T03:12:01Z,KY,KY00075IS0000100N75WELCOM,36.6162,-84.1054,56,Mostly Clear,0,1,False,False,False,False,False,0.0
2026-09-28T03:12:05Z,IL,IL00064IW008500012,38.2766,-88.8012,64,Mostly Cloudy,0,2,False,False,False,False,True,0.2
2026-09-28T03:12:05Z,IL,IL00057IN026800032,40.5505,-88.0605,57,Partly Cloudy,0,5,False,False,False,False,True,0.2
2026-09-28T03:12:05Z,IL,IL00070IE008600051,39.0651,-88.6745,62,Mostly Cloudy,0,3,False,False,False,False,True,0.2
2026-09-28T03:12:05Z,IL,IL00072IW015200014,39.9888,-88.7852,62,Partly Cloudy,0,6,False,False,False,False,True,0.2
2026-09-28T03:12:05Z,IL,IL00055IS019400021,40.8371,-88.6833,53,Partly Cloudy,0,5,False,False,False,False,True,0.2
2026-09-28T03:12:05Z,IL,IL00057IN007900034,38.0297,-88.9203,65,Mostly Cloudy,0,2,False,False,False,False,True,0.2
2026-09-28T03:12:05Z,IL,IL00057IS007900047,38.0962,-88.9138,67,Mostly Cloudy,0,2,False,False,False,False,True,0.2
2026-09-28T03:12:05Z,IL,IL00055IN006400027,39.3465,-89.6408,63,Mostly Cloudy,0,3,False,False,False,False,True,0.2
2026-09-28T03:12:05Z,IL,IL00039IN008500036,41.7236,-89.0062,56,Partly Cloudy,0,5,False,False,False,False,True,0.2
2026-09-28T03:12:05Z,IL,IL00070IE002700042,38.7849,-89.7023,64,Mostly Cloudy,1,3,False,False,False,False,True,0.2
2026-09-28T03:12:05Z,IL,IL00074IE015600037,40.2732,-88.6762,62,Partly Cloudy,0,6,False,False,False,False,True,0.2
2026-09-28T03:12:05Z,IL,IL00080IE005100040,41.3938,-89.5665,61,Mostly Cloudy,0,5,False,False,False,False,True,0.2
2026-09-28T03:12:05Z,IL,IL00055IN019400031,40.8234,-88.6875,53,Partly Cloudy,0,5,False,False,False,False,True,0.2
2026-09-28T03:12:05Z,IL,IL00064IW013000053,38.2322,-87.9882,63,Partly Cloudy,0,1,False,False,False,False,True,0.2
2026-09-28T03:12:05Z,IL,IL00055IS002700019,38.8723,-89.8511,63,Mostly Cloudy,1,3,False,False,False,False,True,0.2
2026-09-28T03:12:05Z,IL,IL00057IS033300046,41.3918,-87.7749,55,Mostly Cloudy,0,5,False,False,False,False,True,0.2
2026-09-28T03:12:05Z,IL,IL00064IE008500039,38.273,-88.8496,65,Mostly Cloudy,0,2,False,False,False,False,True,0.2
2026-09-28T03:12:05Z,IL,IL00074IW002800020,41.2141,-90.3308,63,Mostly Cloudy,1,5,False,False,False,False,True,0.2
2026-09-28T03:12:05Z,IL,IL00055IN014900028,40.3599,-89.1099,62,Partly Cloudy,0,6,False,False,False,False,True,0.2
2026-09-28T03:12:05Z,IL,IL00080IW005100013,41.3937,-89.5591,62,Mostly Cloudy,0,5,False,False,False,False,True,0.2
2026-09-28T03:12:05Z,IL,IL00080IW011700016,41.4473,-88.3285,56,Partly Cloudy,0,5,False,False,False,False,True,0.2
2026-09-28T03:12:05Z,IL,IL00074IW015600009,40.2711,-88.6701,61,Partly Cloudy,0,6,False,False,False,False,True,0.2
2026-09-28T03:12:05Z,IL,IL00070IW002700015,38.7884,-89.6889,64,Mostly Cloudy,1,3,False,False,False,False,True,0.2
2026-09-28T03:12:05Z,IL,IL00057IS026800022,40.5613,-88.0615,57,Partly Cloudy,0,5,False,False,False,False,True,0.2
2026-09-28T03:12:05Z,IL,IL00080IE011700043,41.4314,-88.3454,56,Partly Cloudy,0,5,False,False,False,False,True,0.2
2026-09-28T03:12:05Z,IL,IL00024IW003700010,37.1593,-88.6798,65,Partly Cloudy,0,1,False,False,False,False,True,0.2
2026-09-28T03:12:05Z,IL,IL00055IN010400050,39.8627,-89.5948,63,Mostly Cloudy,0,5,False,False,False,False,True,0.2
2026-09-28T03:12:05Z,IL,IL00057IS011400023,38.5965,-88.9677,63,Mostly Cloudy,0,1,False,False,False,False,True,0.2
2026-09-28T03:12:05Z,IL,IL00057IN011400033,38.5963,-88.9638,63,Mostly Cloudy,0,1,False,False,False,False,True,0.2
2026-09-28T03:12:05Z,IL,IL00057IN022200048,39.9218,-88.299,58,Partly Cloudy,0,6,False,False,False,False,True,0.2
2026-09-28T03:12:05Z,IL,IL00057IN033300049,41.3892,-87.7729,54,Mostly Cloudy,0,5,False,False,False,False,True,0.2
2026-09-28T03:12:05Z,IL,IL00039IS008500026,41.7285,-89.0105,56,Partly Cloudy,0,5,False,False,False,False,True,0.2
2026-09-28T03:12:05Z,IL,IL00057IS022200054,39.9314,-88.3043,58,Partly Cloudy,0,6,False,False,False,False,True,0.2
2026-09-28T03:12:05Z,IL,IL00072IE015200041,39.9923,-88.7827,62,Partly Cloudy,0,6,False,False,False,False,True,0.2
2026-09-28T03:12:05Z,IL,IL00074IW006200004,40.8802,-90.0895,62,Mostly Cloudy,1,3,False,False,False,False,True,0.2
2026-09-28T03:12:05Z,IL,IL00074IE011400005,40.6125,-89.245,61,Partly Cloudy,0,5,False,False,False,False,True,0.2
2026-09-28T03:12:05Z,IL,IL00074IW020800052,40.1298,-87.7441,59,Partly Cloudy,0,5,False,False,False,False,True,0.2
2026-09-28T03:12:05Z,IL,IL00055IN002700029,38.8649,-89.8532,63,Mostly Cloudy,1,3,False,False,False,False,True,0.2
2026-09-28T03:12:05Z,IL,IL00055IS006400017,39.3523,-89.6447,63,Mostly Cloudy,0,3,False,False,False,False,True,0.2
2026-09-28T03:12:05Z,IL,IL00064IW002500011,38.5491,-89.7633,64,Mostly Cloudy,1,2,False,False,False,False,True,0.2
2026-09-28T03:12:05Z,IL,IL00074IE002800030,41.2334,-90.333,63,Mostly Cloudy,1,5,False,False,False,False,True,0.2
2026-09-28T03:12:05Z,IL,IL00064IE002500038,38.5481,-89.7731,64,Mostly Cloudy,1,2,False,False,False,False,True,0.2
2026-09-28T03:12:05Z,IL,IL00070IW008700045,39.0679,-88.6704,62,Mostly Cloudy,0,3,False,False,False,False,True,0.2
2026-09-28T03:12:05Z,IL,IL00057IS016500018,39.1993,-88.502,59,Partly Cloudy,0,5,False,False,False,False,True,0.2
2026-09-28T03:12:05Z,IL,IL00074IW011400006,40.6111,-89.2323,61,Partly Cloudy,0,5,False,False,False,False,True,0.2
2026-09-28T03:12:05Z,IL,IL00074IE006200001,40.8788,-90.0936,62,Mostly Cloudy,1,3,False,False,False,False,True,0.2
2026-09-28T03:12:05Z,IL,IL00070IW014900008,39.4228,-87.6617,56,Partly Cloudy,0,5,False,False,False,False,True,0.2
2026-09-28T03:12:05Z,IL,IL00057IN016500044,39.1898,-88.5031,59,Mostly Cloudy,0,5,False,False,False,False,True,0.2
2026-09-28T03:12:05Z,IL,IL00055IS010400024,39.8871,-89.5966,62,Mostly Cloudy,0,3,False,False,False,False,True,0.2
2026-09-28T03:12:05Z,IL,IL00057IS003200025,37.4699,-89.1329,64,Partly Cloudy,1,1,False,False,False,False,True,0.2
2026-09-28T03:12:05Z,IL,IL00057IN003200035,37.4661,-89.1324,64,Partly Cloudy,1,1,False,False,False,False,True,0.2
2026-09-28T03:12:05Z,IN,322,38.195,-87.8597,61,Partly Cloudy,0,2,False,False,False,False,False,0.0
2026-09-28T03:12:05Z,IN,317,38.5852,-85.7768,59,Clear,0,2,False,False,False,False,False,0.0
2026-09-28T03:12:05Z,IN,316,38.5859,-85.7809,59,Clear,0,2,False,False,False,False,False,0.0
2026-09-28T03:12:05Z,IN,315,39.2602,-85.9521,57,Clear,0,3,False,False,False,False,False,0.0
2026-09-28T03:12:05Z,IN,314,39.2767,-85.9569,57,Clear,0,3,False,False,False,False,False,0.0
2026-09-28T03:12:05Z,IN,313,40.1578,-86.5387,55,Clear,0,5,False,False,False,False,False,0.0
2026-09-28T03:12:05Z,IN,312,40.1722,-86.5522,56,Clear,0,5,False,False,False,False,False,0.0
2026-09-28T03:12:05Z,IN,311,40.6992,-87.0628,54,Partly Cloudy,0,5,False,False,False,False,False,0.0
2026-09-28T03:12:05Z,IN,310,40.6984,-87.0646,54,Partly Cloudy,0,5,False,False,False,False,False,0.0
2026-09-28T03:12:05Z,IN,308,41.1653,-87.271,50,Partly Cloudy,0,5,False,False,False,False,False,0.0
2026-09-28T03:12:05Z,IN,309,41.1666,-87.2749,50,Partly Cloudy,0,5,False,False,False,False,False,0.0
2026-09-28T03:12:05Z,IN,318,40.3543,-85.5576,54,Clear,0,3,False,False,False,False,False,0.0
2026-09-28T03:12:05Z,IN,319,40.3569,-85.56,54,Clear,0,3,False,False,False,False,False,0.0
2026-09-28T03:12:05Z,IN,320,41.2963,-85.0863,55,Clear,0,5,False,False,False,False,False,0.0
2026-09-28T03:12:05Z,IN,321,41.5803,-85.0597,55,Clear,0,5,False,False,False,False,False,0.0
2026-09-28T03:12:05Z,IN,300,39.4417,-87.5002,58,Partly Cloudy,0,3,False,False,False,False,False,0.0
2026-09-28T03:12:05Z,IN,302,39.6517,-86.3967,58,Clear,0,5,False,False,False,False,False,0.0
2026-09-28T03:12:05Z,IN,301,39.6541,-86.4005,58,Clear,0,5,False,False,False,False,False,0.0
2026-09-28T03:12:05Z,IN,303,39.8243,-85.7039,55,Clear,0,5,False,False,False,False,False,0.0
2026-09-28T03:12:05Z,IN,304,39.8266,-85.704,55,Clear,0,5,False,False,False,False,False,0.0
2026-09-28T03:12:05Z,IN,305,39.8605,-85.0259,53,Clear,0,3,False,False,False,False,False,0.0
2026-09-28T03:12:05Z,IN,323,39.29,-85.1688,54,Mostly Clear,0,2,False,False,False,False,False,0.0
2026-09-28T03:12:05Z,IN,702,41.7472,-85.3285,55,Mostly Clear,0,5,False,False,False,False,False,0.0
2026-09-28T03:12:05Z,IN,701,41.5889,-87.2173,56,Partly Cloudy,0,5,False,False,False,False,False,0.0
2026-09-28T03:12:05Z,IN,704,41.7058,-86.6212,53,Mostly Cloudy,0,5,False,False,False,False,False,0.0
2026-09-28T03:12:05Z,IN,703,41.7071,-86.6235,53,Mostly Cloudy,0,5,False,False,False,False,False,0.0
2026-09-28T03:12:05Z,IN,705,41.733,-86.0057,55,Partly Cloudy,0,5,False,False,False,False,False,0.0
2026-09-28T03:12:05Z,IN,708,41.7472,-85.3285,55,Mostly Clear,0,5,False,False,False,False,False,0.0
2026-09-28T03:12:05Z,IN,707,41.7453,-85.3287,55,Mostly Clear,0,5,False,False,False,False,False,0.0
2026-09-28T03:12:05Z,IN,324,41.7353,-86.7933,53,Mostly Cloudy,0,0,False,False,False,False,False,0.0
2026-09-28T03:12:05Z,KY,KY00065IS0000020N65WELCOM,36.6434,-86.5687,64,Partly Cloudy,0,5,False,False,False,False,False,0.0
2026-09-28T03:12:05Z,KY,KY00065IS000020NSMARATHON,36.6612,-86.5553,64,Partly Cloudy,0,3,False,False,False,False,False,0.0
2026-09-28T03:12:05Z,KY,KY00065IS0000340NWEIGHS34,36.6868,-86.5379,64,Partly Cloudy,0,3,False,False,False,False,False,0.0
2026-09-28T03:12:05Z,KY,KY00065IS0011400S65SRA114,37.9464,-85.6905,66,Clear,0,3,False,False,False,False,False,0.0
2026-09-28T03:12:05Z,KY,KY00065IS0005900S65SRA059,37.239,-85.9297,63,Mostly Clear,0,1,False,False,False,False,False,0.0
2026-09-28T03:12:05Z,KY,KY00065IS0005900N65NRA059,37.2384,-85.9271,63,Mostly Clear,0,1,False,False,False,False,False,0.0
2026-09-28T03:12:05Z,KY,KY00075IS0003300NWEIGHS33,37.0422,-84.0968,58,Clear,0,2,False,False,False,False,False,0.0
2026-09-28T03:12:05Z,KY,KY00075IS0003400SWEIGHS34,37.048,-84.0997,58,Clear,0,2,False,False,False,False,False,0.0
2026-09-28T03:12:05Z,KY,KY00075IS0017700N75NRA177,38.937,-84.6309,59,Clear,0,5,False,False,False,False,False,0.0
2026-09-28T03:12:05Z,KY,KY00075IS0007500SWALTONWS,38.8653,-84.6476,59,Clear,0,5,False,False,False,False,False,0.0
2026-09-28T03:12:05Z,KY,KY00075IS0017700S75SRA177,38.9388,-84.6339,59,Clear,0,5,False,False,False,False,False,0.0
2026-09-28T03:12:05Z,KY,KY00075IS0016800SCRITENWS,38.8196,-84.6015,59,Clear,0,5,False,False,False,False,False,0.0
2026-09-28T03:12:05Z,KY,KY00075IS0000100N75WELCOM,36.6162,-84.1054,56,Mostly Clear,0,1,False,False,False,False,False,0.0
2026-09-28T03:12:09Z,IL,IL00064IW008500012,38.2766,-88.8012,64,Mostly Cloudy,0,2,False,False,False,False,True,0.2
2026-09-28T03:12:09Z,IL,IL00057IN026800032,40.5505,-88.0605,57,Partly Cloudy,0,5,False,False,False,False,True,0.2
2026-09-28T03:12:09Z,IL,IL00070IE008600051,39.0651,-88.6745,62,Mostly Cloudy,0,3,False,False,False,False,True,0.2
2026-09-28T03:12:09Z,IL,IL00072IW015200014,39.9888,-88.7852,62,Partly Cloudy,0,6,False,False,False,False,True,0.2
2026-09-28T03:12:09Z,IL,IL00055IS019400021,40.8371,-88.6833,53,Partly Cloudy,0,5,False,False,False,False,True,0.2
2026-09-28T03:12:09Z,IL,IL00057IN007900034,38.0297,-88.9203,65,Mostly Cloudy,0,2,False,False,False,False,True,0.2
2026-09-28T03:12:09Z,IL,IL00057IS007900047,38.0962,-88.9138,67,Mostly Cloudy,0,2,False,False,False,False,True,0.2
2026-09-28T03:12:09Z,IL,IL00055IN006400027,39.3465,-89.6408,63,Mostly Cloudy,0,3,False,False,False,False,True,0.2
2026-09-28T03:12:09Z,IL,IL00039IN008500036,41.7236,-89.0062,56,Partly Cloudy,0,5,False,False,False,False,True,0.2
2026-09-28T03:12:09Z,IL,IL00070IE002700042,38.7849,-89.7023,64,Mostly Cloudy,1,3,False,False,False,False,True,0.2
2026-09-28T03:12:09Z,IL,IL00074IE015600037,40.2732,-88.6762,62,Partly Cloudy,0,6,False,False,False,False,True,0.2
2026-09-28T03:12:09Z,IL,IL00080IE005100040,41.3938,-89.5665,61,Mostly Cloudy,0,5,False,False,False,False,True,0.2
2026-09-28T03:12:09Z,IL,IL00055IN019400031,40.8234,-88.6875,53,Partly Cloudy,0,5,False,False,False,False,True,0.2
2026-09-28T03:12:09Z,IL,IL00064IW013000053,38.2322,-87.9882,63,Partly Cloudy,0,1,False,False,False,False,True,0.2
2026-09-28T03:12:09Z,IL,IL00055IS002700019,38.8723,-89.8511,63,Mostly Cloudy,1,3,False,False,False,False,True,0.2
2026-09-28T03:12:09Z,IL,IL00057IS033300046,41.3918,-87.7749,55,Mostly Cloudy,0,5,False,False,False,False,True,0.2
2026-09-28T03:12:09Z,IL,IL00064IE008500039,38.273,-88.8496,65,Mostly Cloudy,0,2,False,False,False,False,True,0.2
2026-09-28T03:12:09Z,IL,IL00074IW002800020,41.2141,-90.3308,63,Mostly Cloudy,1,5,False,False,False,False,True,0.2
2026-09-28T03:12:09Z,IL,IL00055IN014900028,40.3599,-89.1099,62,Partly Cloudy,0,6,False,False,False,False,True,0.2
2026-09-28T03:12:09Z,IL,IL00080IW005100013,41.3937,-89.5591,62,Mostly Cloudy,0,5,False,False,False,False,True,0.2
2026-09-28T03:12:09Z,IL,IL00080IW011700016,41.4473,-88.3285,56,Partly Cloudy,0,5,False,False,False,False,True,0.2
2026-09-28T03:12:09Z,IL,IL00074IW015600009,40.2711,-88.6701,61,Partly Cloudy,0,6,False,False,False,False,True,0.2
2026-09-28T03:12:09Z,IL,IL00070IW002700015,38.7884,-89.6889,64,Mostly Cloudy,1,3,False,False,False,False,True,0.2
2026-09-28T03:12:09Z,IL,IL00057IS026800022,40.5613,-88.0615,57,Partly Cloudy,0,5,False,False,False,False,True,0.2
2026-09-28T03:12:09Z,IL,IL00080IE011700043,41.4314,-88.3454,56,Partly Cloudy,0,5,False,False,False,False,True,0.2
2026-09-28T03:12:09Z,IL,IL00024IW003700010,37.1593,-88.6798,65,Partly Cloudy,0,1,False,False,False,False,True,0.2
2026-09-28T03:12:09Z,IL,IL00055IN010400050,39.8627,-89.5948,63,Mostly Cloudy,0,5,False,False,False,False,True,0.2
2026-09-28T03:12:09Z,IL,IL00057IS011400023,38.5965,-88.9677,63,Mostly Cloudy,0,1,False,False,False,False,True,0.2
2026-09-28T03:12:09Z,IL,IL00057IN011400033,38.5963,-88.9638,63,Mostly Cloudy,0,1,False,False,False,False,True,0.2
2026-09-28T03:12:09Z,IL,IL00057IN022200048,39.9218,-88.299,58,Partly Cloudy,0,6,False,False,False,False,True,0.2
2026-09-28T03:12:09Z,IL,IL00057IN033300049,41.3892,-87.7729,54,Mostly Cloudy,0,5,False,False,False,False,True,0.2
2026-09-28T03:12:09Z,IL,IL00039IS008500026,41.7285,-89.0105,56,Partly Cloudy,0,5,False,False,False,False,True,0.2
2026-09-28T03:12:09Z,IL,IL00057IS022200054,39.9314,-88.3043,58,Partly Cloudy,0,6,False,False,False,False,True,0.2
2026-09-28T03:12:09Z,IL,IL00072IE015200041,39.9923,-88.7827,62,Partly Cloudy,0,6,False,False,False,False,True,0.2
2026-09-28T03:12:09Z,IL,IL00074IW006200004,40.8802,-90.0895,62,Mostly Cloudy,1,3,False,False,False,False,True,0.2
2026-09-28T03:12:09Z,IL,IL00074IE011400005,40.6125,-89.245,61,Partly Cloudy,0,5,False,False,False,False,True,0.2
2026-09-28T03:12:09Z,IL,IL00074IW020800052,40.1298,-87.7441,59,Partly Cloudy,0,5,False,False,False,False,True,0.2
2026-09-28T03:12:09Z,IL,IL00055IN002700029,38.8649,-89.8532,63,Mostly Cloudy,1,3,False,False,False,False,True,0.2
2026-09-28T03:12:09Z,IL,IL00055IS006400017,39.3523,-89.6447,63,Mostly Cloudy,0,3,False,False,False,False,True,0.2
2026-09-28T03:12:09Z,IL,IL00064IW002500011,38.5491,-89.7633,64,Mostly Cloudy,1,2,False,False,False,False,True,0.2
2026-09-28T03:12:09Z,IL,IL00074IE002800030,41.2334,-90.333,63,Mostly Cloudy,1,5,False,False,False,False,True,0.2
2026-09-28T03:12:09Z,IL,IL00064IE002500038,38.5481,-89.7731,64,Mostly Cloudy,1,2,False,False,False,False,True,0.2
2026-09-28T03:12:09Z,IL,IL00070IW008700045,39.0679,-88.6704,62,Mostly Cloudy,0,3,False,False,False,False,True,0.2
2026-09-28T03:12:09Z,IL,IL00057IS016500018,39.1993,-88.502,59,Partly Cloudy,0,5,False,False,False,False,True,0.2
2026-09-28T03:12:09Z,IL,IL00074IW011400006,40.6111,-89.2323,61,Partly Cloudy,0,5,False,False,False,False,True,0.2
2026-09-28T03:12:09Z,IL,IL00074IE006200001,40.8788,-90.0936,62,Mostly Cloudy,1,3,False,False,False,False,True,0.2
2026-09-28T03:12:09Z,IL,IL00070IW014900008,39.4228,-87.6617,56,Partly Cloudy,0,5,False,False,False,False,True,0.2
2026-09-28T03:12:09Z,IL,IL00057IN016500044,39.1898,-88.5031,59,Mostly Cloudy,0,5,False,False,False,False,True,0.2
2026-09-28T03:12:09Z,IL,IL00055IS010400024,39.8871,-89.5966,62,Mostly Cloudy,0,3,False,False,False,False,True,0.2
2026-09-28T03:12:09Z,IL,IL00057IS003200025,37.4699,-89.1329,64,Partly Cloudy,1,1,False,False,False,False,True,0.2
2026-09-28T03:12:09Z,IL,IL00057IN003200035,37.4661,-89.1324,64,Partly Cloudy,1,1,False,False,False,False,True,0.2
2026-09-28T03:12:09Z,IN,322,38.195,-87.8597,61,Partly Cloudy,0,2,False,False,False,False,False,0.0
2026-09-28T03:12:09Z,IN,317,38.5852,-85.7768,59,Clear,0,2,False,False,False,False,False,0.0
2026-09-28T03:12:09Z,IN,316,38.5859,-85.7809,59,Clear,0,2,False,False,False,False,False,0.0
2026-09-28T03:12:09Z,IN,315,39.2602,-85.9521,57,Clear,0,3,False,False,False,False,False,0.0
2026-09-28T03:12:09Z,IN,314,39.2767,-85.9569,57,Clear,0,3,False,False,False,False,False,0.0
2026-09-28T03:12:09Z,IN,313,40.1578,-86.5387,55,Clear,0,5,False,False,False,False,False,0.0
2026-09-28T03:12:09Z,IN,312,40.1722,-86.5522,56,Clear,0,5,False,False,False,False,False,0.0
2026-09-28T03:12:09Z,IN,311,40.6992,-87.0628,54,Partly Cloudy,0,5,False,False,False,False,False,0.0
2026-09-28T03:12:09Z,IN,310,40.6984,-87.0646,54,Partly Cloudy,0,5,False,False,False,False,False,0.0
2026-09-28T03:12:09Z,IN,308,41.1653,-87.271,50,Partly Cloudy,0,5,False,False,False,False,False,0.0
2026-09-28T03:12:09Z,IN,309,41.1666,-87.2749,50,Partly Cloudy,0,5,False,False,False,False,False,0.0
2026-09-28T03:12:09Z,IN,318,40.3543,-85.5576,54,Clear,0,3,False,False,False,False,False,0.0
2026-09-28T03:12:09Z,IN,319,40.3569,-85.56,54,Clear,0,3,False,False,False,False,False,0.0
2026-09-28T03:12:09Z,IN,320,41.2963,-85.0863,55,Clear,0,5,False,False,False,False,False,0.0
2026-09-28T03:12:09Z,IN,321,41.5803,-85.0597,55,Clear,0,5,False,False,False,False,False,0.0
2026-09-28T03:12:09Z,IN,300,39.4417,-87.5002,58,Partly Cloudy,0,3,False,False,False,False,False,0.0
2026-09-28T03:12:09Z,IN,302,39.6517,-86.3967,58,Clear,0,5,False,False,False,False,False,0.0
2026-09-28T03:12:09Z,IN,301,39.6541,-86.4005,58,Clear,0,5,False,False,False,False,False,0.0
2026-09-28T03:12:09Z,IN,303,39.8243,-85.7039,55,Clear,0,5,False,False,False,False,False,0.0
2026-09-28T03:12:09Z,IN,304,39.8266,-85.704,55,Clear,0,5,False,False,False,False,False,0.0
2026-09-28T03:12:09Z,IN,305,39.8605,-85.0259,53,Clear,0,3,False,False,False,False,False,0.0
2026-09-28T03:12:09Z,IN,323,39.29,-85.1688,54,Mostly Clear,0,2,False,False,False,False,False,0.0
2026-09-28T03:12:09Z,IN,702,41.7472,-85.3285,55,Mostly Clear,0,5,False,False,False,False,False,0.0
2026-09-28T03:12:09Z,IN,701,41.5889,-87.2173,56,Partly Cloudy,0,5,False,False,False,False,False,0.0
2026-09-28T03:12:09Z,IN,704,41.7058,-86.6212,53,Mostly Cloudy,0,5,False,False,False,False,False,0.0
2026-09-28T03:12:09Z,IN,703,41.7071,-86.6235,53,Mostly Cloudy,0,5,False,False,False,False,False,0.0
2026-09-28T03:12:09Z,IN,705,41.733,-86.0057,55,Partly Cloudy,0,5,False,False,False,False,False,0.0
2026-09-28T03:12:09Z,IN,708,41.7472,-85.3285,55,Mostly Clear,0,5,False,False,False,False,False,0.0
2026-09-28T03:12:09Z,IN,707,41.7453,-85.3287,55,Mostly Clear,0,5,False,False,False,False,False,0.0
2026-09-28T03:12:09Z,IN,324,41.7353,-86.7933,53,Mostly Cloudy,0,0,False,False,False,False,False,0.0
2026-09-28T03:12:09Z,KY,KY00065IS0000020N65WELCOM,36.6434,-86.5687,64,Partly Cloudy,0,5,False,False,False,False,False,0.0
2026-09-28T03:12:09Z,KY,KY00065IS000020NSMARATHON,36.6612,-86.5553,64,Partly Cloudy,0,3,False,False,False,False,False,0.0
2026-09-28T03:12:09Z,KY,KY00065IS0000340NWEIGHS34,36.6868,-86.5379,64,Partly Cloudy,0,3,False,False,False,False,False,0.0
2026-09-28T03:12:09Z,KY,KY00065IS0011400S65SRA114,37.9464,-85.6905,66,Clear,0,3,False,False,False,False,False,0.0
2026-09-28T03:12:09Z,KY,KY00065IS0005900S65SRA059,37.239,-85.9297,63,Mostly Clear,0,1,False,False,False,False,False,0.0
2026-09-28T03:12:09Z,KY,KY00065IS0005900N65NRA059,37.2384,-85.9271,63,Mostly Clear,0,1,False,False,False,False,False,0.0
2026-09-28T03:12:09Z,KY,KY00075IS0003300NWEIGHS33,37.0422,-84.0968,58,Clear,0,2,False,False,False,False,False,0.0
2026-09-28T03:12:09Z,KY,KY00075IS0003400SWEIGHS34,37.048,-84.0997,58,Clear,0,2,False,False,False,False,False,0.0
2026-09-28T03:12:09Z,KY,KY00075IS0017700N75NRA177,38.937,-84.6309,59,Clear,0,5,False,False,False,False,False,0.0
2026-09-28T03:12:09Z,KY,KY00075IS0007500SWALTONWS,38.8653,-84.6476,59,Clear,0,5,False,False,False,False,False,0.0
2026-09-28T03:12:09Z,KY,KY00075IS0017700S75SRA177,38.9388,-84.6339,59,Clear,0,5,False,False,False,False,False,0.0
2026-09-28T03:12:09Z,KY,KY00075IS0016800SCRITENWS,38.8196,-84.6015,59,Clear,0,5,False,False,False,False,False,0.0
2026-09-28T03:12:09Z,KY,KY00075IS0000100N75WELCOM,36.6162,-84.1054,56,Mostly Clear,0,1,False,False,False,False,False,0.0
2026-09-28T03:12:13Z,IL,IL00064IW008500012,38.2766,-88.8012,62,Mostly Cloudy,0,2,False,False,False,False,True,0.2
2026-09-28T03:12:13Z,IL,IL00057IN026800032,40.5505,-88.0605,57,Partly Cloudy,0,5,False,False,False,False,True,0.2
2026-09-28T03:12:13Z,IL,IL00070IE008600051,39.0651,-88.6745,62,Mostly Cloudy,0,3,False,False,False,False,True,0.2
2026-09-28T03:12:13Z,IL,IL00072IW015200014,39.9888,-88.7852,61,Partly Cloudy,0,7,False,False,False,False,True,0.2
2026-09-28T03:12:13Z,IL,IL00055IS019400021,40.8371,-88.6833,53,Partly Cloudy,0,5,False,False,False,False,True,0.2
2026-09-28T03:12:13Z,IL,IL00057IN007900034,38.0297,-88.9203,65,Mostly Cloudy,0,2,False,False,False,False,True,0.2
2026-09-28T03:12:13Z,IL,IL00057IS007900047,38.0962,-88.9138,67,Mostly Cloudy,0,2,False,False,False,False,True,0.2
2026-09-28T03:12:13Z,IL,IL00055IN006400027,39.3465,-89.6408,63,Mostly Cloudy,0,3,False,False,False,False,True,0.2
2026-09-28T03:12:13Z,IL,IL00039IN008500036,41.7236,-89.0062,56,Partly Cloudy,0,5,False,False,False,False,True,0.2
2026-09-28T03:12:13Z,IL,IL00070IE002700042,38.7849,-89.7023,64,Mostly Cloudy,1,3,False,False,False,False,True,0.2
2026-09-28T03:12:13Z,IL,IL00074IE015600037,40.2732,-88.6762,60,Partly Cloudy,0,7,False,False,False,False,True,0.2
2026-09-28T03:12:13Z,IL,IL00080IE005100040,41.3938,-89.5665,61,Mostly Cloudy,0,5,False,False,False,False,True,0.2
2026-09-28T03:12:13Z,IL,IL00055IN019400031,40.8234,-88.6875,53,Partly Cloudy,0,5,False,False,False,False,True,0.2
2026-09-28T03:12:13Z,IL,IL00064IW013000053,38.2322,-87.9882,61,Partly Cloudy,0,2,False,False,False,False,True,0.2
2026-09-28T03:12:13Z,IL,IL00055IS002700019,38.8723,-89.8511,62,Mostly Cloudy,1,3,False,False,False,False,True,0.2
2026-09-28T03:12:13Z,IL,IL00057IS033300046,41.3918,-87.7749,55,Mostly Cloudy,0,5,False,False,False,False,True,0.2
2026-09-28T03:12:13Z,IL,IL00064IE008500039,38.273,-88.8496,65,Mostly Cloudy,0,2,False,False,False,False,True,0.2
2026-09-28T03:12:13Z,IL,IL00074IW002800020,41.2141,-90.3308,63,Mostly Cloudy,1,5,False,False,False,False,True,0.2
2026-09-28T03:12:13Z,IL,IL00055IN014900028,40.3599,-89.1099,61,Partly Cloudy,0,6,False,False,False,False,True,0.2
2026-09-28T03:12:13Z,IL,IL00080IW005100013,41.3937,-89.5591,62,Mostly Cloudy,0,5,False,False,False,False,True,0.2
2026-09-28T03:12:13Z,IL,IL00080IW011700016,41.4473,-88.3285,56,Partly Cloudy,0,5,False,False,False,False,True,0.2
2026-09-28T03:12:13Z,IL,IL00074IW015600009,40.2711,-88.6701,61,Partly Cloudy,0,6,False,False,False,False,True,0.2
2026-09-28T03:12:13Z,IL,IL00070IW002700015,38.7884,-89.6889,64,Mostly Cloudy,1,3,False,False,False,False,True,0.2
2026-09-28T03:12:13Z,IL,IL00057IS026800022,40.5613,-88.0615,57,Partly Cloudy,0,5,False,False,False,False,True,0.2
2026-09-28T03:12:13Z,IL,IL00080IE011700043,41.4314,-88.3454,56,Partly Cloudy,0,5,False,False,False,False,True,0.2
2026-09-28T03:12:13Z,IL,IL00024IW003700010,37.1593,-88.6798,65,Partly Cloudy,0,1,False,False,False,False,True,0.2
2026-09-28T03:12:13Z,IL,IL00055IN010400050,39.8627,-89.5948,63,Mostly Cloudy,0,5,False,False,False,False,True,0.2
2026-09-28T03:12:13Z,IL,IL00057IS011400023,38.5965,-88.9677,63,Mostly Cloudy,0,1,False,False,False,False,True,0.2
2026-09-28T03:12:13Z,IL,IL00057IN011400033,38.5963,-88.9638,63,Mostly Cloudy,0,1,False,False,False,False,True,0.2
2026-09-28T03:12:13Z,IL,IL00057IN022200048,39.9218,-88.299,58,Partly Cloudy,0,6,False,False,False,False,True,0.2
2026-09-28T03:12:13Z,IL,IL00057IN033300049,41.3892,-87.7729,54,Mostly Cloudy,0,5,False,False,False,False,True,0.2
2026-09-28T03:12:13Z,IL,IL00039IS008500026,41.7285,-89.0105,56,Partly Cloudy,0,5,False,False,False,False,True,0.2
2026-09-28T03:12:13Z,IL,IL00057IS022200054,39.9314,-88.3043,58,Partly Cloudy,0,6,False,False,False,False,True,0.2
2026-09-28T03:12:13Z,IL,IL00072IE015200041,39.9923,-88.7827,61,Partly Cloudy,0,7,False,False,False,False,True,0.2
2026-09-28T03:12:13Z,IL,IL00074IW006200004,40.8802,-90.0895,62,Mostly Cloudy,1,3,False,False,False,False,True,0.2
2026-09-28T03:12:13Z,IL,IL00074IE011400005,40.6125,-89.245,61,Partly Cloudy,0,5,False,False,False,False,True,0.2
2026-09-28T03:12:13Z,IL,IL00074IW020800052,40.1298,-87.7441,59,Partly Cloudy,0,5,False,False,False,False,True,0.2
2026-09-28T03:12:13Z,IL,IL00055IN002700029,38.8649,-89.8532,62,Mostly Cloudy,1,3,False,False,False,False,True,0.2
2026-09-28T03:12:13Z,IL,IL00055IS006400017,39.3523,-89.6447,60,Mostly Cloudy,0,3,False,False,False,False,True,0.2
2026-09-28T03:12:13Z,IL,IL00064IW002500011,38.5491,-89.7633,63,Mostly Cloudy,1,3,False,False,False,False,True,0.2
2026-09-28T03:12:13Z,IL,IL00074IE002800030,41.2334,-90.333,63,Mostly Cloudy,1,5,False,False,False,False,True,0.2
2026-09-28T03:12:13Z,IL,IL00064IE002500038,38.5481,-89.7731,64,Mostly Cloudy,1,2,False,False,False,False,True,0.2
2026-09-28T03:12:13Z,IL,IL00070IW008700045,39.0679,-88.6704,62,Mostly Cloudy,0,3,False,False,False,False,True,0.2
2026-09-28T03:12:13Z,IL,IL00057IS016500018,39.1993,-88.502,59,Partly Cloudy,0,5,False,False,False,False,True,0.2
2026-09-28T03:12:13Z,IL,IL00074IW011400006,40.6111,-89.2323,61,Partly Cloudy,0,5,False,False,False,False,True,0.2
2026-09-28T03:12:13Z,IL,IL00074IE006200001,40.8788,-90.0936,62,Mostly Cloudy,1,3,False,False,False,False,True,0.2
2026-09-28T03:12:13Z,IL,IL00070IW014900008,39.4228,-87.6617,56,Partly Cloudy,0,5,False,False,False,False,True,0.2
2026-09-28T03:12:13Z,IL,IL00057IN016500044,39.1898,-88.5031,63,Mostly Cloudy,0,5,False,False,False,False,True,0.2
2026-09-28T03:12:13Z,IL,IL00055IS010400024,39.8871,-89.5966,62,Mostly Cloudy,0,3,False,False,False,False,True,0.2
2026-09-28T03:12:13Z,IL,IL00057IS003200025,37.4699,-89.1329,64,Partly Cloudy,1,1,False,False,False,False,True,0.2
2026-09-28T03:12:13Z,IL,IL00057IN003200035,37.4661,-89.1324,64,Partly Cloudy,1,1,False,False,False,False,True,0.2
2026-09-28T03:12:13Z,IN,322,38.195,-87.8597,61,Partly Cloudy,0,2,False,False,False,False,False,0.0
2026-09-28T03:12:13Z,IN,317,38.5852,-85.7768,59,Clear,0,2,False,False,False,False,False,0.0
2026-09-28T03:12:13Z,IN,316,38.5859,-85.7809,59,Clear,0,2,False,False,False,False,False,0.0
2026-09-28T03:12:13Z,IN,315,39.2602,-85.9521,57,Clear,0,3,False,False,False,False,False,0.0
2026-09-28T03:12:13Z,IN,314,39.2767,-85.9569,57,Clear,0,3,False,False,False,False,False,0.0
2026-09-28T03:12:13Z,IN,313,40.1578,-86.5387,55,Clear,0,5,False,False,False,False,False,0.0
2026-09-28T03:12:13Z,IN,312,40.1722,-86.5522,56,Clear,0,5,False,False,False,False,False,0.0
2026-09-28T03:12:13Z,IN,311,40.6992,-87.0628,54,Partly Cloudy,0,5,False,False,False,False,False,0.0
2026-09-28T03:12:13Z,IN,310,40.6984,-87.0646,54,Partly Cloudy,0,5,False,False,False,False,False,0.0
2026-09-28T03:12:13Z,IN,308,41.1653,-87.271,50,Partly Cloudy,0,5,False,False,False,False,False,0.0
2026-09-28T03:12:13Z,IN,309,41.1666,-87.2749,50,Partly Cloudy,0,5,False,False,False,False,False,0.0
2026-09-28T03:12:13Z,IN,318,40.3543,-85.5576,54,Clear,0,3,False,False,False,False,False,0.0
2026-09-28T03:12:13Z,IN,319,40.3569,-85.56,54,Clear,0,3,False,False,False,False,False,0.0
2026-09-28T03:12:13Z,IN,320,41.2963,-85.0863,55,Clear,0,5,False,False,False,False,False,0.0
2026-09-28T03:12:13Z,IN,321,41.5803,-85.0597,55,Clear,0,5,False,False,False,False,False,0.0
2026-09-28T03:12:13Z,IN,300,39.4417,-87.5002,58,Partly Cloudy,0,3,False,False,False,False,False,0.0
2026-09-28T03:12:13Z,IN,302,39.6517,-86.3967,58,Clear,0,5,False,False,False,False,False,0.0
2026-09-28T03:12:13Z,IN,301,39.6541,-86.4005,58,Clear,0,5,False,False,False,False,False,0.0
2026-09-28T03:12:13Z,IN,303,39.8243,-85.7039,55,Clear,0,5,False,False,False,False,False,0.0
2026-09-28T03:12:13Z,IN,304,39.8266,-85.704,55,Clear,0,5,False,False,False,False,False,0.0
2026-09-28T03:12:13Z,IN,305,39.8605,-85.0259,53,Clear,0,3,False,False,False,False,False,0.0
2026-09-28T03:12:13Z,IN,323,39.29,-85.1688,54,Mostly Clear,0,2,False,False,False,False,False,0.0
2026-09-28T03:12:13Z,IN,702,41.7472,-85.3285,55,Mostly Clear,0,5,False,False,False,False,False,0.0
2026-09-28T03:12:13Z,IN,701,41.5889,-87.2173,56,Partly Cloudy,0,5,False,False,False,False,False,0.0
2026-09-28T03:12:13Z,IN,704,41.7058,-86.6212,53,Mostly Cloudy,0,5,False,False,False,False,False,0.0
2026-09-28T03:12:13Z,IN,703,41.7071,-86.6235,53,Mostly Cloudy,0,5,False,False,False,False,False,0.0
2026-09-28T03:12:13Z,IN,705,41.733,-86.0057,55,Partly Cloudy,0,5,False,False,False,False,False,0.0
2026-09-28T03:12:13Z,IN,708,41.7472,-85.3285,55,Mostly Clear,0,5,False,False,False,False,False,0.0
2026-09-28T03:12:13Z,IN,707,41.7453,-85.3287,55,Mostly Clear,0,5,False,False,False,False,False,0.0
2026-09-28T03:12:13Z,IN,324,41.7353,-86.7933,53,Mostly Cloudy,0,0,False,False,False,False,False,0.0
2026-09-28T03:12:13Z,KY,KY00065IS0000020N65WELCOM,36.6434,-86.5687,61,Partly Cloudy,0,5,False,False,False,False,False,0.0
2026-09-28T03:12:13Z,KY,KY00065IS000020NSMARATHON,36.6612,-86.5553,64,Partly Cloudy,0,3,False,False,False,False,False,0.0
2026-09-28T03:12:13Z,KY,KY00065IS0000340NWEIGHS34,36.6868,-86.5379,64,Partly Cloudy,0,3,False,False,False,False,False,0.0
2026-09-28T03:12:13Z,KY,KY00065IS0011400S65SRA114,37.9464,-85.6905,66,Clear,0,3,False,False,False,False,False,0.0
2026-09-28T03:12:13Z,KY,KY00065IS0005900S65SRA059,37.239,-85.9297,63,Mostly Clear,0,1,False,False,False,False,False,0.0
2026-09-28T03:12:13Z,KY,KY00065IS0005900N65NRA059,37.2384,-85.9271,63,Mostly Clear,0,1,False,False,False,False,False,0.0
2026-09-28T03:12:13Z,KY,KY00075IS0003300NWEIGHS33,37.0422,-84.0968,58,Clear,0,2,False,False,False,False,False,0.0
2026-09-28T03:12:13Z,KY,KY00075IS0003400SWEIGHS34,37.048,-84.0997,58,Clear,0,2,False,False,False,False,False,0.0
2026-09-28T03:12:13Z,KY,KY00075IS0017700N75NRA177,38.937,-84.6309,59,Clear,0,5,False,False,False,False,False,0.0
2026-09-28T03:12:13Z,KY,KY00075IS0007500SWALTONWS,38.8653,-84.6476,59,Clear,0,5,False,False,False,False,False,0.0
2026-09-28T03:12:13Z,KY,KY00075IS0017700S75SRA177,38.9388,-84.6339,59,Clear,0,5,False,False,False,False,False,0.0
2026-09-28T03:12:13Z,KY,KY00075IS0016800SCRITENWS,38.8196,-84.6015,59,Clear,0,5,False,False,False,False,False,0.0
2026-09-28T03:12:13Z,KY,KY00075IS0000100N75WELCOM,36.6162,-84.1054,56,Mostly Clear,0,1,False,False,False,False,False,0.0
2026-09-28T03:12:17Z,IL,IL00064IW008500012,38.2766,-88.8012,62,Mostly Cloudy,0,2,False,False,False,False,True,0.2
2026-09-28T03:12:17Z,IL,IL00057IN026800032,40.5505,-88.0605,57,Partly Cloudy,0,5,False,False,False,False,True,0.2
2026-09-28T03:12:17Z,IL,IL00070IE008600051,39.0651,-88.6745,62,Mostly Cloudy,0,3,False,False,False,False,True,0.2
2026-09-28T03:12:17Z,IL,IL00072IW015200014,39.9888,-88.7852,61,Partly Cloudy,0,7,False,False,False,False,True,0.2
2026-09-28T03:12:17Z,IL,IL00055IS019400021,40.8371,-88.6833,53,Partly Cloudy,0,5,False,False,False,False,True,0.2
2026-09-28T03:12:17Z,IL,IL00057IN007900034,38.0297,-88.9203,65,Mostly Cloudy,0,2,False,False,False,False,True,0.2
2026-09-28T03:12:17Z,IL,IL00057IS007900047,38.0962,-88.9138,67,Mostly Cloudy,0,2,False,False,False,False,True,0.2
2026-09-28T03:12:17Z,IL,IL00055IN006400027,39.3465,-89.6408,63,Mostly Cloudy,0,3,False,False,False,False,True,0.2
2026-09-28T03:12:17Z,IL,IL00039IN008500036,41.7236,-89.0062,56,Partly Cloudy,0,5,False,False,False,False,True,0.2
2026-09-28T03:12:17Z,IL,IL00070IE002700042,38.7849,-89.7023,64,Mostly Cloudy,1,3,False,False,False,False,True,0.2
2026-09-28T03:12:17Z,IL,IL00074IE015600037,40.2732,-88.6762,60,Partly Cloudy,0,7,False,False,False,False,True,0.2
2026-09-28T03:12:17Z,IL,IL00080IE005100040,41.3938,-89.5665,61,Mostly Cloudy,0,5,False,False,False,False,True,0.2
2026-09-28T03:12:17Z,IL,IL00055IN019400031,40.8234,-88.6875,53,Partly Cloudy,0,5,False,False,False,False,True,0.2
2026-09-28T03:12:17Z,IL,IL00064IW013000053,38.2322,-87.9882,61,Partly Cloudy,0,2,False,False,False,False,True,0.2
2026-09-28T03:12:17Z,IL,IL00055IS002700019,38.8723,-89.8511,62,Mostly Cloudy,1,3,False,False,False,False,True,0.2
2026-09-28T03:12:17Z,IL,IL00057IS033300046,41.3918,-87.7749,55,Mostly Cloudy,0,5,False,False,False,False,True,0.2
2026-09-28T03:12:17Z,IL,IL00064IE008500039,38.273,-88.8496,65,Mostly Cloudy,0,2,False,False,False,False,True,0.2
2026-09-28T03:12:17Z,IL,IL00074IW002800020,41.2141,-90.3308,63,Mostly Cloudy,1,5,False,False,False,False,True,0.2
2026-09-28T03:12:17Z,IL,IL00055IN014900028,40.3599,-89.1099,61,Partly Cloudy,0,6,False,False,False,False,True,0.2
2026-09-28T03:12:17Z,IL,IL00080IW005100013,41.3937,-89.5591,62,Mostly Cloudy,0,5,False,False,False,False,True,0.2
2026-09-28T03:12:17Z,IL,IL00080IW011700016,41.4473,-88.3285,56,Partly Cloudy,0,5,False,False,False,False,True,0.2
2026-09-28T03:12:17Z,IL,IL00074IW015600009,40.2711,-88.6701,61,Partly Cloudy,0,6,False,False,False,False,True,0.2
2026-09-28T03:12:17Z,IL,IL00070IW002700015,38.7884,-89.6889,64,Mostly Cloudy,1,3,False,False,False,False,True,0.2
2026-09-28T03:12:17Z,IL,IL00057IS026800022,40.5613,-88.0615,57,Partly Cloudy,0,5,False,False,False,False,True,0.2
2026-09-28T03:12:17Z,IL,IL00080IE011700043,41.4314,-88.3454,56,Partly Cloudy,0,5,False,False,False,False,True,0.2
2026-09-28T03:12:17Z,IL,IL00024IW003700010,37.1593,-88.6798,65,Partly Cloudy,0,1,False,False,False,False,True,0.2
2026-09-28T03:12:17Z,IL,IL00055IN010400050,39.8627,-89.5948,63,Mostly Cloudy,0,5,False,False,False,False,True,0.2
2026-09-28T03:12:17Z,IL,IL00057IS011400023,38.5965,-88.9677,63,Mostly Cloudy,0,1,False,False,False,False,True,0.2
2026-09-28T03:12:17Z,IL,IL00057IN011400033,38.5963,-88.9638,63,Mostly Cloudy,0,1,False,False,False,False,True,0.2
2026-09-28T03:12:17Z,IL,IL00057IN022200048,39.9218,-88.299,58,Partly Cloudy,0,6,False,False,False,False,True,0.2
2026-09-28T03:12:17Z,IL,IL00057IN033300049,41.3892,-87.7729,54,Mostly Cloudy,0,5,False,False,False,False,True,0.2
2026-09-28T03:12:17Z,IL,IL00039IS008500026,41.7285,-89.0105,56,Partly Cloudy,0,5,False,False,False,False,True,0.2
2026-09-28T03:12:17Z,IL,IL00057IS022200054,39.9314,-88.3043,58,Partly Cloudy,0,6,False,False,False,False,True,0.2
2026-09-28T03:12:17Z,IL,IL00072IE015200041,39.9923,-88.7827,61,Partly Cloudy,0,7,False,False,False,False,True,0.2
2026-09-28T03:12:17Z,IL,IL00074IW006200004,40.8802,-90.0895,62,Mostly Cloudy,1,3,False,False,False,False,True,0.2
2026-09-28T03:12:17Z,IL,IL00074IE011400005,40.6125,-89.245,61,Partly Cloudy,0,5,False,False,False,False,True,0.2
2026-09-28T03:12:17Z,IL,IL00074IW020800052,40.1298,-87.7441,59,Partly Cloudy,0,5,False,False,False,False,True,0.2
2026-09-28T03:12:17Z,IL,IL00055IN002700029,38.8649,-89.8532,62,Mostly Cloudy,1,3,False,False,False,False,True,0.2
2026-09-28T03:12:17Z,IL,IL00055IS006400017,39.3523,-89.6447,60,Mostly Cloudy,0,3,False,False,False,False,True,0.2
2026-09-28T03:12:17Z,IL,IL00064IW002500011,38.5491,-89.7633,63,Mostly Cloudy,1,3,False,False,False,False,True,0.2
2026-09-28T03:12:17Z,IL,IL00074IE002800030,41.2334,-90.333,63,Mostly Cloudy,1,5,False,False,False,False,True,0.2
2026-09-28T03:12:17Z,IL,IL00064IE002500038,38.5481,-89.7731,64,Mostly Cloudy,1,2,False,False,False,False,True,0.2
2026-09-28T03:12:17Z,IL,IL00070IW008700045,39.0679,-88.6704,62,Mostly Cloudy,0,3,False,False,False,False,True,0.2
2026-09-28T03:12:17Z,IL,IL00057IS016500018,39.1993,-88.502,59,Partly Cloudy,0,5,False,False,False,False,True,0.2
2026-09-28T03:12:17Z,IL,IL00074IW011400006,40.6111,-89.2323,61,Partly Cloudy,0,5,False,False,False,False,True,0.2
2026-09-28T03:12:17Z,IL,IL00074IE006200001,40.8788,-90.0936,62,Mostly Cloudy,1,3,False,False,False,False,True,0.2
2026-09-28T03:12:17Z,IL,IL00070IW014900008,39.4228,-87.6617,56,Partly Cloudy,0,5,False,False,False,False,True,0.2
2026-09-28T03:12:17Z,IL,IL00057IN016500044,39.1898,-88.5031,63,Mostly Cloudy,0,5,False,False,False,False,True,0.2
2026-09-28T03:12:17Z,IL,IL00055IS010400024,39.8871,-89.5966,62,Mostly Cloudy,0,3,False,False,False,False,True,0.2
2026-09-28T03:12:17Z,IL,IL00057IS003200025,37.4699,-89.1329,64,Partly Cloudy,1,1,False,False,False,False,True,0.2
2026-09-28T03:12:17Z,IL,IL00057IN003200035,37.4661,-89.1324,64,Partly Cloudy,1,1,False,False,False,False,True,0.2
2026-09-28T03:12:17Z,IN,322,38.195,-87.8597,61,Partly Cloudy,0,2,False,False,False,False,False,0.0
2026-09-28T03:12:17Z,IN,317,38.5852,-85.7768,59,Clear,0,2,False,False,False,False,False,0.0
2026-09-28T03:12:17Z,IN,316,38.5859,-85.7809,59,Clear,0,2,False,False,False,False,False,0.0
2026-09-28T03:12:17Z,IN,315,39.2602,-85.9521,57,Clear,0,3,False,False,False,False,False,0.0
2026-09-28T03:12:17Z,IN,314,39.2767,-85.9569,57,Clear,0,3,False,False,False,False,False,0.0
2026-09-28T03:12:17Z,IN,313,40.1578,-86.5387,55,Clear,0,5,False,False,False,False,False,0.0
2026-09-28T03:12:17Z,IN,312,40.1722,-86.5522,56,Clear,0,5,False,False,False,False,False,0.0
2026-09-28T03:12:17Z,IN,311,40.6992,-87.0628,54,Partly Cloudy,0,5,False,False,False,False,False,0.0
2026-09-28T03:12:17Z,IN,310,40.6984,-87.0646,54,Partly Cloudy,0,5,False,False,False,False,False,0.0
2026-09-28T03:12:17Z,IN,308,41.1653,-87.271,50,Partly Cloudy,0,5,False,False,False,False,False,0.0
2026-09-28T03:12:17Z,IN,309,41.1666,-87.2749,50,Partly Cloudy,0,5,False,False,False,False,False,0.0
2026-09-28T03:12:17Z,IN,318,40.3543,-85.5576,54,Clear,0,3,False,False,False,False,False,0.0
2026-09-28T03:12:17Z,IN,319,40.3569,-85.56,54,Clear,0,3,False,False,False,False,False,0.0
2026-09-28T03:12:17Z,IN,320,41.2963,-85.0863,55,Clear,0,5,False,False,False,False,False,0.0
2026-09-28T03:12:17Z,IN,321,41.5803,-85.0597,55,Clear,0,5,False,False,False,False,False,0.0
2026-09-28T03:12:17Z,IN,300,39.4417,-87.5002,58,Partly Cloudy,0,3,False,False,False,False,False,0.0
2026-09-28T03:12:17Z,IN,302,39.6517,-86.3967,58,Clear,0,5,False,False,False,False,False,0.0
2026-09-28T03:12:17Z,IN,301,39.6541,-86.4005,58,Clear,0,5,False,False,False,False,False,0.0
2026-09-28T03:12:17Z,IN,303,39.8243,-85.7039,55,Clear,0,5,False,False,False,False,False,0.0
2026-09-28T03:12:17Z,IN,304,39.8266,-85.704,55,Clear,0,5,False,False,False,False,False,0.0
2026-09-28T03:12:17Z,IN,305,39.8605,-85.0259,53,Clear,0,3,False,False,False,False,False,0.0
2026-09-28T03:12:17Z,IN,323,39.29,-85.1688,54,Mostly Clear,0,2,False,False,False,False,False,0.0
2026-09-28T03:12:17Z,IN,702,41.7472,-85.3285,55,Mostly Clear,0,5,False,False,False,False,False,0.0
2026-09-28T03:12:17Z,IN,701,41.5889,-87.2173,56,Partly Cloudy,0,5,False,False,False,False,False,0.0
2026-09-28T03:12:17Z,IN,704,41.7058,-86.6212,53,Mostly Cloudy,0,5,False,False,False,False,False,0.0
2026-09-28T03:12:17Z,IN,703,41.7071,-86.6235,53,Mostly Cloudy,0,5,False,False,False,False,False,0.0
2026-09-28T03:12:17Z,IN,705,41.733,-86.0057,55,Partly Cloudy,0,5,False,False,False,False,False,0.0
2026-09-28T03:12:17Z,IN,708,41.7472,-85.3285,55,Mostly Clear,0,5,False,False,False,False,False,0.0
2026-09-28T03:12:17Z,IN,707,41.7453,-85.3287,55,Mostly Clear,0,5,False,False,False,False,False,0.0
2026-09-28T03:12:17Z,IN,324,41.7353,-86.7933,53,Mostly Cloudy,0,0,False,False,False,False,False,0.0
2026-09-28T03:12:17Z,KY,KY00065IS0000020N65WELCOM,36.6434,-86.5687,61,Partly Cloudy,0,5,False,False,False,False,False,0.0
2026-09-28T03:12:17Z,KY,KY00065IS000020NSMARATHON,36.6612,-86.5553,64,Partly Cloudy,0,3,False,False,False,False,False,0.0
2026-09-28T03:12:17Z,KY,KY00065IS0000340NWEIGHS34,36.6868,-86.5379,64,Partly Cloudy,0,3,False,False,False,False,False,0.0
2026-09-28T03:12:17Z,KY,KY00065IS0011400S65SRA114,37.9464,-85.6905,66,Clear,0,3,False,False,False,False,False,0.0
2026-09-28T03:12:17Z,KY,KY00065IS0005900S65SRA059,37.239,-85.9297,63,Mostly Clear,0,1,False,False,False,False,False,0.0
2026-09-28T03:12:17Z,KY,KY00065IS0005900N65NRA059,37.2384,-85.9271,63,Mostly Clear,0,1,False,False,False,False,False,0.0
2026-09-28T03:12:17Z,KY,KY00075IS0003300NWEIGHS33,37.0422,-84.0968,58,Clear,0,2,False,False,False,False,False,0.0
2026-09-28T03:12:17Z,KY,KY00075IS0003400SWEIGHS34,37.048,-84.0997,58,Clear,0,2,False,False,False,False,False,0.0
2026-09-28T03:12:17Z,KY,KY00075IS0017700N75NRA177,38.937,-84.6309,59,Clear,0,5,False,False,False,False,False,0.0
2026-09-28T03:12:17Z,KY,KY00075IS0007500SWALTONWS,38.8653,-84.6476,59,Clear,0,5,False,False,False,False,False,0.0
2026-09-28T03:12:17Z,KY,KY00075IS0017700S75SRA177,38.9388,-84.6339,59,Clear,0,5,False,False,False,False,False,0.0
2026-09-28T03:12:17Z,KY,KY00075IS0016800SCRITENWS,38.8196,-84.6015,59,Clear,0,5,False,False,False,False,False,0.0
2026-09-28T03:12:17Z,KY,KY00075IS0000100N75WELCOM,36.6162,-84.1054,56,Mostly Clear,0,1,False,False,False,False,False,0.0
2026-09-28T03:12:21Z,IL,IL00064IW008500012,38.2766,-88.8012,62,Mostly Cloudy,0,2,False,False,False,False,True,0.2
2026-09-28T03:12:21Z,IL,IL00057IN026800032,40.5505,-88.0605,57,Partly Cloudy,0,5,False,False,False,False,True,0.2
2026-09-28T03:12:21Z,IL,IL00070IE008600051,39.0651,-88.6745,62,Mostly Cloudy,0,3,False,False,False,False,True,0.2
2026-09-28T03:12:21Z,IL,IL00072IW015200014,39.9888,-88.7852,61,Partly Cloudy,0,7,False,False,False,False,True,0.2
2026-09-28T03:12:21Z,IL,IL00055IS019400021,40.8371,-88.6833,53,Partly Cloudy,0,5,False,False,False,False,True,0.2
2026-09-28T03:12:21Z,IL,IL00057IN007900034,38.0297,-88.9203,65,Mostly Cloudy,0,2,False,False,False,False,True,0.2
2026-09-28T03:12:21Z,IL,IL00057IS007900047,38.0962,-88.9138,67,Mostly Cloudy,0,2,False,False,False,False,True,0.2
2026-09-28T03:12:21Z,IL,IL00055IN006400027,39.3465,-89.6408,63,Mostly Cloudy,0,3,False,False,False,False,True,0.2
2026-09-28T03:12:21Z,IL,IL00039IN008500036,41.7236,-89.0062,56,Partly Cloudy,0,5,False,False,False,False,True,0.2
2026-09-28T03:12:21Z,IL,IL00070IE002700042,38.7849,-89.7023,64,Mostly Cloudy,1,3,False,False,False,False,True,0.2
2026-09-28T03:12:21Z,IL,IL00074IE015600037,40.2732,-88.6762,60,Partly Cloudy,0,7,False,False,False,False,True,0.2
2026-09-28T03:12:21Z,IL,IL00080IE005100040,41.3938,-89.5665,61,Mostly Cloudy,0,5,False,False,False,False,True,0.2
2026-09-28T03:12:21Z,IL,IL00055IN019400031,40.8234,-88.6875,53,Partly Cloudy,0,5,False,False,False,False,True,0.2
2026-09-28T03:12:21Z,IL,IL00064IW013000053,38.2322,-87.9882,61,Partly Cloudy,0,2,False,False,False,False,True,0.2
2026-09-28T03:12:21Z,IL,IL00055IS002700019,38.8723,-89.8511,62,Mostly Cloudy,1,3,False,False,False,False,True,0.2
2026-09-28T03:12:21Z,IL,IL00057IS033300046,41.3918,-87.7749,55,Mostly Cloudy,0,5,False,False,False,False,True,0.2
2026-09-28T03:12:21Z,IL,IL00064IE008500039,38.273,-88.8496,65,Mostly Cloudy,0,2,False,False,False,False,True,0.2
2026-09-28T03:12:21Z,IL,IL00074IW002800020,41.2141,-90.3308,63,Mostly Cloudy,1,5,False,False,False,False,True,0.2
2026-09-28T03:12:21Z,IL,IL00055IN014900028,40.3599,-89.1099,61,Partly Cloudy,0,6,False,False,False,False,True,0.2
2026-09-28T03:12:21Z,IL,IL00080IW005100013,41.3937,-89.5591,62,Mostly Cloudy,0,5,False,False,False,False,True,0.2
2026-09-28T03:12:21Z,IL,IL00080IW011700016,41.4473,-88.3285,56,Partly Cloudy,0,5,False,False,False,False,True,0.2
2026-09-28T03:12:21Z,IL,IL00074IW015600009,40.2711,-88.6701,61,Partly Cloudy,0,6,False,False,False,False,True,0.2
2026-09-28T03:12:21Z,IL,IL00070IW002700015,38.7884,-89.6889,64,Mostly Cloudy,1,3,False,False,False,False,True,0.2
2026-09-28T03:12:21Z,IL,IL00057IS026800022,40.5613,-88.0615,57,Partly Cloudy,0,5,False,False,False,False,True,0.2
2026-09-28T03:12:21Z,IL,IL00080IE011700043,41.4314,-88.3454,56,Partly Cloudy,0,5,False,False,False,False,True,0.2
2026-09-28T03:12:21Z,IL,IL00024IW003700010,37.1593,-88.6798,65,Partly Cloudy,0,1,False,False,False,False,True,0.2
2026-09-28T03:12:21Z,IL,IL00055IN010400050,39.8627,-89.5948,63,Mostly Cloudy,0,5,False,False,False,False,True,0.2
2026-09-28T03:12:21Z,IL,IL00057IS011400023,38.5965,-88.9677,63,Mostly Cloudy,0,1,False,False,False,False,True,0.2
2026-09-28T03:12:21Z,IL,IL00057IN011400033,38.5963,-88.9638,63,Mostly Cloudy,0,1,False,False,False,False,True,0.2
2026-09-28T03:12:21Z,IL,IL00057IN022200048,39.9218,-88.299,58,Partly Cloudy,0,6,False,False,False,False,True,0.2
2026-09-28T03:12:21Z,IL,IL00057IN033300049,41.3892,-87.7729,54,Mostly Cloudy,0,5,False,False,False,False,True,0.2
2026-09-28T03:12:21Z,IL,IL00039IS008500026,41.7285,-89.0105,56,Partly Cloudy,0,5,False,False,False,False,True,0.2
2026-09-28T03:12:21Z,IL,IL00057IS022200054,39.9314,-88.3043,58,Partly Cloudy,0,6,False,False,False,False,True,0.2
2026-09-28T03:12:21Z,IL,IL00072IE015200041,39.9923,-88.7827,61,Partly Cloudy,0,7,False,False,False,False,True,0.2
2026-09-28T03:12:21Z,IL,IL00074IW006200004,40.8802,-90.0895,62,Mostly Cloudy,1,3,False,False,False,False,True,0.2
2026-09-28T03:12:21Z,IL,IL00074IE011400005,40.6125,-89.245,61,Partly Cloudy,0,5,False,False,False,False,True,0.2
2026-09-28T03:12:21Z,IL,IL00074IW020800052,40.1298,-87.7441,59,Partly Cloudy,0,5,False,False,False,False,True,0.2
2026-09-28T03:12:21Z,IL,IL00055IN002700029,38.8649,-89.8532,62,Mostly Cloudy,1,3,False,False,False,False,True,0.2
2026-09-28T03:12:21Z,IL,IL00055IS006400017,39.3523,-89.6447,60,Mostly Cloudy,0,3,False,False,False,False,True,0.2
2026-09-28T03:12:21Z,IL,IL00064IW002500011,38.5491,-89.7633,63,Mostly Cloudy,1,3,False,False,False,False,True,0.2
2026-09-28T03:12:21Z,IL,IL00074IE002800030,41.2334,-90.333,63,Mostly Cloudy,1,5,False,False,False,False,True,0.2
2026-09-28T03:12:21Z,IL,IL00064IE002500038,38.5481,-89.7731,64,Mostly Cloudy,1,2,False,False,False,False,True,0.2
2026-09-28T03:12:21Z,IL,IL00070IW008700045,39.0679,-88.6704,62,Mostly Cloudy,0,3,False,False,False,False,True,0.2
2026-09-28T03:12:21Z,IL,IL00057IS016500018,39.1993,-88.502,59,Partly Cloudy,0,5,False,False,False,False,True,0.2
2026-09-28T03:12:21Z,IL,IL00074IW011400006,40.6111,-89.2323,61,Partly Cloudy,0,5,False,False,False,False,True,0.2
2026-09-28T03:12:21Z,IL,IL00074IE006200001,40.8788,-90.0936,62,Mostly Cloudy,1,3,False,False,False,False,True,0.2
2026-09-28T03:12:21Z,IL,IL00070IW014900008,39.4228,-87.6617,56,Partly Cloudy,0,5,False,False,False,False,True,0.2
2026-09-28T03:12:21Z,IL,IL00057IN016500044,39.1898,-88.5031,63,Mostly Cloudy,0,5,False,False,False,False,True,0.2
2026-09-28T03:12:21Z,IL,IL00055IS010400024,39.8871,-89.5966,62,Mostly Cloudy,0,3,False,False,False,False,True,0.2
2026-09-28T03:12:21Z,IL,IL00057IS003200025,37.4699,-89.1329,64,Partly Cloudy,1,1,False,False,False,False,True,0.2
2026-09-28T03:12:21Z,IL,IL00057IN003200035,37.4661,-89.1324,64,Partly Cloudy,1,1,False,False,False,False,True,0.2
2026-09-28T03:12:21Z,IN,322,38.195,-87.8597,61,Partly Cloudy,0,2,False,False,False,False,False,0.0
2026-09-28T03:12:21Z,IN,317,38.5852,-85.7768,59,Clear,0,2,False,False,False,False,False,0.0
2026-09-28T03:12:21Z,IN,316,38.5859,-85.7809,59,Clear,0,2,False,False,False,False,False,0.0
2026-09-28T03:12:21Z,IN,315,39.2602,-85.9521,57,Clear,0,3,False,False,False,False,False,0.0
2026-09-28T03:12:21Z,IN,314,39.2767,-85.9569,57,Clear,0,3,False,False,False,False,False,0.0
2026-09-28T03:12:21Z,IN,313,40.1578,-86.5387,55,Clear,0,5,False,False,False,False,False,0.0
2026-09-28T03:12:21Z,IN,312,40.1722,-86.5522,56,Clear,0,5,False,False,False,False,False,0.0
2026-09-28T03:12:21Z,IN,311,40.6992,-87.0628,54,Partly Cloudy,0,5,False,False,False,False,False,0.0
2026-09-28T03:12:21Z,IN,310,40.6984,-87.0646,54,Partly Cloudy,0,5,False,False,False,False,False,0.0
2026-09-28T03:12:21Z,IN,308,41.1653,-87.271,50,Partly Cloudy,0,5,False,False,False,False,False,0.0
2026-09-28T03:12:21Z,IN,309,41.1666,-87.2749,50,Partly Cloudy,0,5,False,False,False,False,False,0.0
2026-09-28T03:12:21Z,IN,318,40.3543,-85.5576,54,Clear,0,3,False,False,False,False,False,0.0
2026-09-28T03:12:21Z,IN,319,40.3569,-85.56,54,Clear,0,3,False,False,False,False,False,0.0
2026-09-28T03:12:21Z,IN,320,41.2963,-85.0863,55,Clear,0,5,False,False,False,False,False,0.0
2026-09-28T03:12:21Z,IN,321,41.5803,-85.0597,55,Clear,0,5,False,False,False,False,False,0.0
2026-09-28T03:12:21Z,IN,300,39.4417,-87.5002,58,Partly Cloudy,0,3,False,False,False,False,False,0.0
2026-09-28T03:12:21Z,IN,302,39.6517,-86.3967,58,Clear,0,5,False,False,False,False,False,0.0
2026-09-28T03:12:21Z,IN,301,39.6541,-86.4005,58,Clear,0,5,False,False,False,False,False,0.0
2026-09-28T03:12:21Z,IN,303,39.8243,-85.7039,55,Clear,0,5,False,False,False,False,False,0.0
2026-09-28T03:12:21Z,IN,304,39.8266,-85.704,55,Clear,0,5,False,False,False,False,False,0.0
2026-09-28T03:12:21Z,IN,305,39.8605,-85.0259,53,Clear,0,3,False,False,False,False,False,0.0
2026-09-28T03:12:21Z,IN,323,39.29,-85.1688,54,Mostly Clear,0,2,False,False,False,False,False,0.0
2026-09-28T03:12:21Z,IN,702,41.7472,-85.3285,55,Mostly Clear,0,5,False,False,False,False,False,0.0
2026-09-28T03:12:21Z,IN,701,41.5889,-87.2173,56,Partly Cloudy,0,5,False,False,False,False,False,0.0
2026-09-28T03:12:21Z,IN,704,41.7058,-86.6212,53,Mostly Cloudy,0,5,False,False,False,False,False,0.0
2026-09-28T03:12:21Z,IN,703,41.7071,-86.6235,53,Mostly Cloudy,0,5,False,False,False,False,False,0.0
2026-09-28T03:12:21Z,IN,705,41.733,-86.0057,55,Partly Cloudy,0,5,False,False,False,False,False,0.0
2026-09-28T03:12:21Z,IN,708,41.7472,-85.3285,55,Mostly Clear,0,5,False,False,False,False,False,0.0
2026-09-28T03:12:21Z,IN,707,41.7453,-85.3287,55,Mostly Clear,0,5,False,False,False,False,False,0.0
2026-09-28T03:12:21Z,IN,324,41.7353,-86.7933,53,Mostly Cloudy,0,0,False,False,False,False,False,0.0
2026-09-28T03:12:21Z,KY,KY00065IS0000020N65WELCOM,36.6434,-86.5687,61,Partly Cloudy,0,5,False,False,False,False,False,0.0
2026-09-28T03:12:21Z,KY,KY00065IS000020NSMARATHON,36.6612,-86.5553,64,Partly Cloudy,0,3,False,False,False,False,False,0.0
2026-09-28T03:12:21Z,KY,KY00065IS0000340NWEIGHS34,36.6868,-86.5379,64,Partly Cloudy,0,3,False,False,False,False,False,0.0
2026-09-28T03:12:21Z,KY,KY00065IS0011400S65SRA114,37.9464,-85.6905,66,Clear,0,3,False,False,False,False,False,0.0
2026-09-28T03:12:21Z,KY,KY00065IS0005900S65SRA059,37.239,-85.9297,63,Mostly Clear,0,1,False,False,False,False,False,0.0
2026-09-28T03:12:21Z,KY,KY00065IS0005900N65NRA059,37.2384,-85.9271,63,Mostly Clear,0,1,False,False,False,False,False,0.0
2026-09-28T03:12:21Z,KY,KY00075IS0003300NWEIGHS33,37.0422,-84.0968,58,Clear,0,2,False,False,False,False,False,0.0
2026-09-28T03:12:21Z,KY,KY00075IS0003400SWEIGHS34,37.048,-84.0997,58,Clear,0,2,False,False,False,False,False,0.0
2026-09-28T03:12:21Z,KY,KY00075IS0017700N75NRA177,38.937,-84.6309,59,Clear,0,5,False,False,False,False,False,0.0
2026-09-28T03:12:21Z,KY,KY00075IS0007500SWALTONWS,38.8653,-84.6476,59,Clear,0,5,False,False,False,False,False,0.0
2026-09-28T03:12:21Z,KY,KY00075IS0017700S75SRA177,38.9388,-84.6339,59,Clear,0,5,False,False,False,False,False,0.0
2026-09-28T03:12:21Z,KY,KY00075IS0016800SCRITENWS,38.8196,-84.6015,59,Clear,0,5,False,False,False,False,False,0.0
2026-09-28T03:12:21Z,KY,KY00075IS0000100N75WELCOM,36.6162,-84.1054,56,Mostly Clear,0,1,False,False,False,False,False,0.0
2026-09-28T03:12:25Z,IL,IL00064IW008500012,38.2766,-88.8012,62,Mostly Cloudy,0,2,False,False,False,False,True,0.2
2026-09-28T03:12:25Z,IL,IL00057IN026800032,40.5505,-88.0605,57,Partly Cloudy,0,5,False,False,False,False,True,0.2
2026-09-28T03:12:25Z,IL,IL00070IE008600051,39.0651,-88.6745,62,Mostly Cloudy,0,3,False,False,False,False,True,0.2
2026-09-28T03:12:25Z,IL,IL00072IW015200014,39.9888,-88.7852,61,Partly Cloudy,0,7,False,False,False,False,True,0.2
2026-09-28T03:12:25Z,IL,IL00055IS019400021,40.8371,-88.6833,53,Partly Cloudy,0,5,False,False,False,False,True,0.2
2026-09-28T03:12:25Z,IL,IL00057IN007900034,38.0297,-88.9203,65,Mostly Cloudy,0,2,False,False,False,False,True,0.2
2026-09-28T03:12:25Z,IL,IL00057IS007900047,38.0962,-88.9138,67,Mostly Cloudy,0,2,False,False,False,False,True,0.2
2026-09-28T03:12:25Z,IL,IL00055IN006400027,39.3465,-89.6408,63,Mostly Cloudy,0,3,False,False,False,False,True,0.2
2026-09-28T03:12:25Z,IL,IL00039IN008500036,41.7236,-89.0062,56,Partly Cloudy,0,5,False,False,False,False,True,0.2
2026-09-28T03:12:25Z,IL,IL00070IE002700042,38.7849,-89.7023,64,Mostly Cloudy,1,3,False,False,False,False,True,0.2
2026-09-28T03:12:25Z,IL,IL00074IE015600037,40.2732,-88.6762,60,Partly Cloudy,0,7,False,False,False,False,True,0.2
2026-09-28T03:12:25Z,IL,IL00080IE005100040,41.3938,-89.5665,61,Mostly Cloudy,0,5,False,False,False,False,True,0.2
2026-09-28T03:12:25Z,IL,IL00055IN019400031,40.8234,-88.6875,53,Partly Cloudy,0,5,False,False,False,False,True,0.2
2026-09-28T03:12:25Z,IL,IL00064IW013000053,38.2322,-87.9882,61,Partly Cloudy,0,2,False,False,False,False,True,0.2
2026-09-28T03:12:25Z,IL,IL00055IS002700019,38.8723,-89.8511,62,Mostly Cloudy,1,3,False,False,False,False,True,0.2
2026-09-28T03:12:25Z,IL,IL00057IS033300046,41.3918,-87.7749,55,Mostly Cloudy,0,5,False,False,False,False,True,0.2
2026-09-28T03:12:25Z,IL,IL00064IE008500039,38.273,-88.8496,65,Mostly Cloudy,0,2,False,False,False,False,True,0.2
2026-09-28T03:12:25Z,IL,IL00074IW002800020,41.2141,-90.3308,63,Mostly Cloudy,1,5,False,False,False,False,True,0.2
2026-09-28T03:12:25Z,IL,IL00055IN014900028,40.3599,-89.1099,61,Partly Cloudy,0,6,False,False,False,False,True,0.2
2026-09-28T03:12:25Z,IL,IL00080IW005100013,41.3937,-89.5591,62,Mostly Cloudy,0,5,False,False,False,False,True,0.2
2026-09-28T03:12:25Z,IL,IL00080IW011700016,41.4473,-88.3285,56,Partly Cloudy,0,5,False,False,False,False,True,0.2
2026-09-28T03:12:25Z,IL,IL00074IW015600009,40.2711,-88.6701,61,Partly Cloudy,0,6,False,False,False,False,True,0.2
2026-09-28T03:12:25Z,IL,IL00070IW002700015,38.7884,-89.6889,64,Mostly Cloudy,1,3,False,False,False,False,True,0.2
2026-09-28T03:12:25Z,IL,IL00057IS026800022,40.5613,-88.0615,57,Partly Cloudy,0,5,False,False,False,False,True,0.2
2026-09-28T03:12:25Z,IL,IL00080IE011700043,41.4314,-88.3454,56,Partly Cloudy,0,5,False,False,False,False,True,0.2
2026-09-28T03:12:25Z,IL,IL00024IW003700010,37.1593,-88.6798,65,Partly Cloudy,0,1,False,False,False,False,True,0.2
2026-09-28T03:12:25Z,IL,IL00055IN010400050,39.8627,-89.5948,63,Mostly Cloudy,0,5,False,False,False,False,True,0.2
2026-09-28T03:12:25Z,IL,IL00057IS011400023,38.5965,-88.9677,63,Mostly Cloudy,0,1,False,False,False,False,True,0.2
2026-09-28T03:12:25Z,IL,IL00057IN011400033,38.5963,-88.9638,63,Mostly Cloudy,0,1,False,False,False,False,True,0.2
2026-09-28T03:12:25Z,IL,IL00057IN022200048,39.9218,-88.299,58,Partly Cloudy,0,6,False,False,False,False,True,0.2
2026-09-28T03:12:25Z,IL,IL00057IN033300049,41.3892,-87.7729,54,Mostly Cloudy,0,5,False,False,False,False,True,0.2
2026-09-28T03:12:25Z,IL,IL00039IS008500026,41.7285,-89.0105,56,Partly Cloudy,0,5,False,False,False,False,True,0.2
2026-09-28T03:12:25Z,IL,IL00057IS022200054,39.9314,-88.3043,58,Partly Cloudy,0,6,False,False,False,False,True,0.2
2026-09-28T03:12:25Z,IL,IL00072IE015200041,39.9923,-88.7827,61,Partly Cloudy,0,7,False,False,False,False,True,0.2
2026-09-28T03:12:25Z,IL,IL00074IW006200004,40.8802,-90.0895,62,Mostly Cloudy,1,3,False,False,False,False,True,0.2
2026-09-28T03:12:25Z,IL,IL00074IE011400005,40.6125,-89.245,61,Partly Cloudy,0,5,False,False,False,False,True,0.2
2026-09-28T03:12:25Z,IL,IL00074IW020800052,40.1298,-87.7441,59,Partly Cloudy,0,5,False,False,False,False,True,0.2
2026-09-28T03:12:25Z,IL,IL00055IN002700029,38.8649,-89.8532,62,Mostly Cloudy,1,3,False,False,False,False,True,0.2
2026-09-28T03:12:25Z,IL,IL00055IS006400017,39.3523,-89.6447,60,Mostly Cloudy,0,3,False,False,False,False,True,0.2
2026-09-28T03:12:25Z,IL,IL00064IW002500011,38.5491,-89.7633,63,Mostly Cloudy,1,3,False,False,False,False,True,0.2
2026-09-28T03:12:25Z,IL,IL00074IE002800030,41.2334,-90.333,63,Mostly Cloudy,1,5,False,False,False,False,True,0.2
2026-09-28T03:12:25Z,IL,IL00064IE002500038,38.5481,-89.7731,64,Mostly Cloudy,1,2,False,False,False,False,True,0.2
2026-09-28T03:12:25Z,IL,IL00070IW008700045,39.0679,-88.6704,62,Mostly Cloudy,0,3,False,False,False,False,True,0.2
2026-09-28T03:12:25Z,IL,IL00057IS016500018,39.1993,-88.502,59,Partly Cloudy,0,5,False,False,False,False,True,0.2
2026-09-28T03:12:25Z,IL,IL00074IW011400006,40.6111,-89.2323,61,Partly Cloudy,0,5,False,False,False,False,True,0.2
2026-09-28T03:12:25Z,IL,IL00074IE006200001,40.8788,-90.0936,62,Mostly Cloudy,1,3,False,False,False,False,True,0.2
2026-09-28T03:12:25Z,IL,IL00070IW014900008,39.4228,-87.6617,56,Partly Cloudy,0,5,False,False,False,False,True,0.2
2026-09-28T03:12:25Z,IL,IL00057IN016500044,39.1898,-88.5031,63,Mostly Cloudy,0,5,False,False,False,False,True,0.2
2026-09-28T03:12:25Z,IL,IL00055IS010400024,39.8871,-89.5966,62,Mostly Cloudy,0,3,False,False,False,False,True,0.2
2026-09-28T03:12:25Z,IL,IL00057IS003200025,37.4699,-89.1329,64,Partly Cloudy,1,1,False,False,False,False,True,0.2
2026-09-28T03:12:25Z,IL,IL00057IN003200035,37.4661,-89.1324,64,Partly Cloudy,1,1,False,False,False,False,True,0.2
2026-09-28T03:12:25Z,IN,322,38.195,-87.8597,61,Partly Cloudy,0,2,False,False,False,False,False,0.0
2026-09-28T03:12:25Z,IN,317,38.5852,-85.7768,59,Clear,0,2,False,False,False,False,False,0.0
2026-09-28T03:12:25Z,IN,316,38.5859,-85.7809,59,Clear,0,2,False,False,False,False,False,0.0
2026-09-28T03:12:25Z,IN,315,39.2602,-85.9521,57,Clear,0,3,False,False,False,False,False,0.0
2026-09-28T03:12:25Z,IN,314,39.2767,-85.9569,57,Clear,0,3,False,False,False,False,False,0.0
2026-09-28T03:12:25Z,IN,313,40.1578,-86.5387,55,Clear,0,5,False,False,False,False,False,0.0
2026-09-28T03:12:25Z,IN,312,40.1722,-86.5522,56,Clear,0,5,False,False,False,False,False,0.0
2026-09-28T03:12:25Z,IN,311,40.6992,-87.0628,54,Partly Cloudy,0,5,False,False,False,False,False,0.0
2026-09-28T03:12:25Z,IN,310,40.6984,-87.0646,54,Partly Cloudy,0,5,False,False,False,False,False,0.0
2026-09-28T03:12:25Z,IN,308,41.1653,-87.271,50,Partly Cloudy,0,5,False,False,False,False,False,0.0
2026-09-28T03:12:25Z,IN,309,41.1666,-87.2749,50,Partly Cloudy,0,5,False,False,False,False,False,0.0
2026-09-28T03:12:25Z,IN,318,40.3543,-85.5576,54,Clear,0,3,False,False,False,False,False,0.0
2026-09-28T03:12:25Z,IN,319,40.3569,-85.56,54,Clear,0,3,False,False,False,False,False,0.0
2026-09-28T03:12:25Z,IN,320,41.2963,-85.0863,55,Clear,0,5,False,False,False,False,False,0.0
2026-09-28T03:12:25Z,IN,321,41.5803,-85.0597,55,Clear,0,5,False,False,False,False,False,0.0
2026-09-28T03:12:25Z,IN,300,39.4417,-87.5002,58,Partly Cloudy,0,3,False,False,False,False,False,0.0
2026-09-28T03:12:25Z,IN,302,39.6517,-86.3967,58,Clear,0,5,False,False,False,False,False,0.0
2026-09-28T03:12:25Z,IN,301,39.6541,-86.4005,58,Clear,0,5,False,False,False,False,False,0.0
2026-09-28T03:12:25Z,IN,303,39.8243,-85.7039,55,Clear,0,5,False,False,False,False,False,0.0
2026-09-28T03:12:25Z,IN,304,39.8266,-85.704,55,Clear,0,5,False,False,False,False,False,0.0
2026-09-28T03:12:25Z,IN,305,39.8605,-85.0259,53,Clear,0,3,False,False,False,False,False,0.0
2026-09-28T03:12:25Z,IN,323,39.29,-85.1688,54,Mostly Clear,0,2,False,False,False,False,False,0.0
2026-09-28T03:12:25Z,IN,702,41.7472,-85.3285,55,Mostly Clear,0,5,False,False,False,False,False,0.0
2026-09-28T03:12:25Z,IN,701,41.5889,-87.2173,56,Partly Cloudy,0,5,False,False,False,False,False,0.0
2026-09-28T03:12:25Z,IN,704,41.7058,-86.6212,53,Mostly Cloudy,0,5,False,False,False,False,False,0.0
2026-09-28T03:12:25Z,IN,703,41.7071,-86.6235,53,Mostly Cloudy,0,5,False,False,False,False,False,0.0
2026-09-28T03:12:25Z,IN,705,41.733,-86.0057,55,Partly Cloudy,0,5,False,False,False,False,False,0.0
2026-09-28T03:12:25Z,IN,708,41.7472,-85.3285,55,Mostly Clear,0,5,False,False,False,False,False,0.0
2026-09-28T03:12:25Z,IN,707,41.7453,-85.3287,55,Mostly Clear,0,5,False,False,False,False,False,0.0
2026-09-28T03:12:25Z,IN,324,41.7353,-86.7933,53,Mostly Cloudy,0,0,False,False,False,False,False,0.0
2026-09-28T03:12:25Z,KY,KY00065IS0000020N65WELCOM,36.6434,-86.5687,61,Partly Cloudy,0,5,False,False,False,False,False,0.0
2026-09-28T03:12:25Z,KY,KY00065IS000020NSMARATHON,36.6612,-86.5553,64,Partly Cloudy,0,3,False,False,False,False,False,0.0
2026-09-28T03:12:25Z,KY,KY00065IS0000340NWEIGHS34,36.6868,-86.5379,64,Partly Cloudy,0,3,False,False,False,False,False,0.0
2026-09-28T03:12:25Z,KY,KY00065IS0011400S65SRA114,37.9464,-85.6905,66,Clear,0,3,False,False,False,False,False,0.0
2026-09-28T03:12:25Z,KY,KY00065IS0005900S65SRA059,37.239,-85.9297,63,Mostly Clear,0,1,False,False,False,False,False,0.0
2026-09-28T03:12:25Z,KY,KY00065IS0005900N65NRA059,37.2384,-85.9271,63,Mostly Clear,0,1,False,False,False,False,False,0.0
2026-09-28T03:12:25Z,KY,KY00075IS0003300NWEIGHS33,37.0422,-84.0968,58,Clear,0,2,False,False,False,False,False,0.0
2026-09-28T03:12:25Z,KY,KY00075IS0003400SWEIGHS34,37.048,-84.0997,58,Clear,0,2,False,False,False,False,False,0.0
2026-09-28T03:12:25Z,KY,KY00075IS0017700N75NRA177,38.937,-84.6309,59,Clear,0,5,False,False,False,False,False,0.0
2026-09-28T03:12:25Z,KY,KY00075IS0007500SWALTONWS,38.8653,-84.6476,59,Clear,0,5,False,False,False,False,False,0.0
2026-09-28T03:12:25Z,KY,KY00075IS0017700S75SRA177,38.9388,-84.6339,59,Clear,0,5,False,False,False,False,False,0.0
2026-09-28T03:12:25Z,KY,KY00075IS0016800SCRITENWS,38.8196,-84.6015,59,Clear,0,5,False,False,False,False,False,0.0
2026-09-28T03:12:25Z,KY,KY00075IS0000100N75WELCOM,36.6162,-84.1054,56,Mostly Clear,0,1,False,False,False,False,False,0.0
2026-09-28T03:12:30Z,IL,IL00064IW008500012,38.2766,-88.8012,62,Mostly Cloudy,0,2,False,False,False,False,True,0.2
2026-09-28T03:12:30Z,IL,IL00057IN026800032,40.5505,-88.0605,57,Partly Cloudy,0,5,False,False,False,False,True,0.2
2026-09-28T03:12:30Z,IL,IL00070IE008600051,39.0651,-88.6745,62,Mostly Cloudy,0,3,False,False,False,False,True,0.2
2026-09-28T03:12:30Z,IL,IL00072IW015200014,39.9888,-88.7852,61,Partly Cloudy,0,7,False,False,False,False,True,0.2
2026-09-28T03:12:30Z,IL,IL00055IS019400021,40.8371,-88.6833,53,Partly Cloudy,0,5,False,False,False,False,True,0.2
2026-09-28T03:12:30Z,IL,IL00057IN007900034,38.0297,-88.9203,65,Mostly Cloudy,0,2,False,False,False,False,True,0.2
2026-09-28T03:12:30Z,IL,IL00057IS007900047,38.0962,-88.9138,67,Mostly Cloudy,0,2,False,False,False,False,True,0.2
2026-09-28T03:12:30Z,IL,IL00055IN006400027,39.3465,-89.6408,63,Mostly Cloudy,0,3,False,False,False,False,True,0.2
2026-09-28T03:12:30Z,IL,IL00039IN008500036,41.7236,-89.0062,56,Partly Cloudy,0,5,False,False,False,False,True,0.2
2026-09-28T03:12:30Z,IL,IL00070IE002700042,38.7849,-89.7023,64,Mostly Cloudy,1,3,False,False,False,False,True,0.2
2026-09-28T03:12:30Z,IL,IL00074IE015600037,40.2732,-88.6762,60,Partly Cloudy,0,7,False,False,False,False,True,0.2
2026-09-28T03:12:30Z,IL,IL00080IE005100040,41.3938,-89.5665,61,Mostly Cloudy,0,5,False,False,False,False,True,0.2
2026-09-28T03:12:30Z,IL,IL00055IN019400031,40.8234,-88.6875,53,Partly Cloudy,0,5,False,False,False,False,True,0.2
2026-09-28T03:12:30Z,IL,IL00064IW013000053,38.2322,-87.9882,61,Partly Cloudy,0,2,False,False,False,False,True,0.2
2026-09-28T03:12:30Z,IL,IL00055IS002700019,38.8723,-89.8511,62,Mostly Cloudy,1,3,False,False,False,False,True,0.2
2026-09-28T03:12:30Z,IL,IL00057IS033300046,41.3918,-87.7749,55,Mostly Cloudy,0,5,False,False,False,False,True,0.2
2026-09-28T03:12:30Z,IL,IL00064IE008500039,38.273,-88.8496,65,Mostly Cloudy,0,2,False,False,False,False,True,0.2
2026-09-28T03:12:30Z,IL,IL00074IW002800020,41.2141,-90.3308,63,Mostly Cloudy,1,5,False,False,False,False,True,0.2
2026-09-28T03:12:30Z,IL,IL00055IN014900028,40.3599,-89.1099,61,Partly Cloudy,0,6,False,False,False,False,True,0.2
2026-09-28T03:12:30Z,IL,IL00080IW005100013,41.3937,-89.5591,62,Mostly Cloudy,0,5,False,False,False,False,True,0.2
2026-09-28T03:12:30Z,IL,IL00080IW011700016,41.4473,-88.3285,56,Partly Cloudy,0,5,False,False,False,False,True,0.2
2026-09-28T03:12:30Z,IL,IL00074IW015600009,40.2711,-88.6701,61,Partly Cloudy,0,6,False,False,False,False,True,0.2
2026-09-28T03:12:30Z,IL,IL00070IW002700015,38.7884,-89.6889,64,Mostly Cloudy,1,3,False,False,False,False,True,0.2
2026-09-28T03:12:30Z,IL,IL00057IS026800022,40.5613,-88.0615,57,Partly Cloudy,0,5,False,False,False,False,True,0.2
2026-09-28T03:12:30Z,IL,IL00080IE011700043,41.4314,-88.3454,56,Partly Cloudy,0,5,False,False,False,False,True,0.2
2026-09-28T03:12:30Z,IL,IL00024IW003700010,37.1593,-88.6798,65,Partly Cloudy,0,1,False,False,False,False,True,0.2
2026-09-28T03:12:30Z,IL,IL00055IN010400050,39.8627,-89.5948,63,Mostly Cloudy,0,5,False,False,False,False,True,0.2
2026-09-28T03:12:30Z,IL,IL00057IS011400023,38.5965,-88.9677,63,Mostly Cloudy,0,1,False,False,False,False,True,0.2
2026-09-28T03:12:30Z,IL,IL00057IN011400033,38.5963,-88.9638,63,Mostly Cloudy,0,1,False,False,False,False,True,0.2
2026-09-28T03:12:30Z,IL,IL00057IN022200048,39.9218,-88.299,58,Partly Cloudy,0,6,False,False,False,False,True,0.2
2026-09-28T03:12:30Z,IL,IL00057IN033300049,41.3892,-87.7729,54,Mostly Cloudy,0,5,False,False,False,False,True,0.2
2026-09-28T03:12:30Z,IL,IL00039IS008500026,41.7285,-89.0105,56,Partly Cloudy,0,5,False,False,False,False,True,0.2
2026-09-28T03:12:30Z,IL,IL00057IS022200054,39.9314,-88.3043,58,Partly Cloudy,0,6,False,False,False,False,True,0.2
2026-09-28T03:12:30Z,IL,IL00072IE015200041,39.9923,-88.7827,61,Partly Cloudy,0,7,False,False,False,False,True,0.2
2026-09-28T03:12:30Z,IL,IL00074IW006200004,40.8802,-90.0895,62,Mostly Cloudy,1,3,False,False,False,False,True,0.2
2026-09-28T03:12:30Z,IL,IL00074IE011400005,40.6125,-89.245,61,Partly Cloudy,0,5,False,False,False,False,True,0.2
2026-09-28T03:12:30Z,IL,IL00074IW020800052,40.1298,-87.7441,59,Partly Cloudy,0,5,False,False,False,False,True,0.2
2026-09-28T03:12:30Z,IL,IL00055IN002700029,38.8649,-89.8532,62,Mostly Cloudy,1,3,False,False,False,False,True,0.2
2026-09-28T03:12:30Z,IL,IL00055IS006400017,39.3523,-89.6447,60,Mostly Cloudy,0,3,False,False,False,False,True,0.2
2026-09-28T03:12:30Z,IL,IL00064IW002500011,38.5491,-89.7633,63,Mostly Cloudy,1,3,False,False,False,False,True,0.2
2026-09-28T03:12:30Z,IL,IL00074IE002800030,41.2334,-90.333,63,Mostly Cloudy,1,5,False,False,False,False,True,0.2
2026-09-28T03:12:30Z,IL,IL00064IE002500038,38.5481,-89.7731,64,Mostly Cloudy,1,2,False,False,False,False,True,0.2
2026-09-28T03:12:30Z,IL,IL00070IW008700045,39.0679,-88.6704,62,Mostly Cloudy,0,3,False,False,False,False,True,0.2
2026-09-28T03:12:30Z,IL,IL00057IS016500018,39.1993,-88.502,59,Partly Cloudy,0,5,False,False,False,False,True,0.2
2026-09-28T03:12:30Z,IL,IL00074IW011400006,40.6111,-89.2323,61,Partly Cloudy,0,5,False,False,False,False,True,0.2
2026-09-28T03:12:30Z,IL,IL00074IE006200001,40.8788,-90.0936,62,Mostly Cloudy,1,3,False,False,False,False,True,0.2
2026-09-28T03:12:30Z,IL,IL00070IW014900008,39.4228,-87.6617,56,Partly Cloudy,0,5,False,False,False,False,True,0.2
2026-09-28T03:12:30Z,IL,IL00057IN016500044,39.1898,-88.5031,63,Mostly Cloudy,0,5,False,False,False,False,True,0.2
2026-09-28T03:12:30Z,IL,IL00055IS010400024,39.8871,-89.5966,62,Mostly Cloudy,0,3,False,False,False,False,True,0.2
2026-09-28T03:12:30Z,IL,IL00057IS003200025,37.4699,-89.1329,64,Partly Cloudy,1,1,False,False,False,False,True,0.2
2026-09-28T03:12:30Z,IL,IL00057IN003200035,37.4661,-89.1324,64,Partly Cloudy,1,1,False,False,False,False,True,0.2
2026-09-28T03:12:30Z,IN,322,38.195,-87.8597,61,Partly Cloudy,0,2,False,False,False,False,False,0.0
2026-09-28T03:12:30Z,IN,317,38.5852,-85.7768,59,Clear,0,2,False,False,False,False,False,0.0
2026-09-28T03:12:30Z,IN,316,38.5859,-85.7809,59,Clear,0,2,False,False,False,False,False,0.0
2026-09-28T03:12:30Z,IN,315,39.2602,-85.9521,57,Clear,0,3,False,False,False,False,False,0.0
2026-09-28T03:12:30Z,IN,314,39.2767,-85.9569,57,Clear,0,3,False,False,False,False,False,0.0
2026-09-28T03:12:30Z,IN,313,40.1578,-86.5387,55,Clear,0,5,False,False,False,False,False,0.0
2026-09-28T03:12:30Z,IN,312,40.1722,-86.5522,56,Clear,0,5,False,False,False,False,False,0.0
2026-09-28T03:12:30Z,IN,311,40.6992,-87.0628,54,Partly Cloudy,0,5,False,False,False,False,False,0.0
2026-09-28T03:12:30Z,IN,310,40.6984,-87.0646,54,Partly Cloudy,0,5,False,False,False,False,False,0.0
2026-09-28T03:12:30Z,IN,308,41.1653,-87.271,50,Partly Cloudy,0,5,False,False,False,False,False,0.0
2026-09-28T03:12:30Z,IN,309,41.1666,-87.2749,50,Partly Cloudy,0,5,False,False,False,False,False,0.0
2026-09-28T03:12:30Z,IN,318,40.3543,-85.5576,54,Clear,0,3,False,False,False,False,False,0.0
2026-09-28T03:12:30Z,IN,319,40.3569,-85.56,54,Clear,0,3,False,False,False,False,False,0.0
2026-09-28T03:12:30Z,IN,320,41.2963,-85.0863,55,Clear,0,5,False,False,False,False,False,0.0
2026-09-28T03:12:30Z,IN,321,41.5803,-85.0597,55,Clear,0,5,False,False,False,False,False,0.0
2026-09-28T03:12:30Z,IN,300,39.4417,-87.5002,58,Partly Cloudy,0,3,False,False,False,False,False,0.0
2026-09-28T03:12:30Z,IN,302,39.6517,-86.3967,58,Clear,0,5,False,False,False,False,False,0.0
2026-09-28T03:12:30Z,IN,301,39.6541,-86.4005,58,Clear,0,5,False,False,False,False,False,0.0
2026-09-28T03:12:30Z,IN,303,39.8243,-85.7039,55,Clear,0,5,False,False,False,False,False,0.0
2026-09-28T03:12:30Z,IN,304,39.8266,-85.704,55,Clear,0,5,False,False,False,False,False,0.0
2026-09-28T03:12:30Z,IN,305,39.8605,-85.0259,53,Clear,0,3,False,False,False,False,False,0.0
2026-09-28T03:12:30Z,IN,323,39.29,-85.1688,54,Mostly Clear,0,2,False,False,False,False,False,0.0
2026-09-28T03:12:30Z,IN,702,41.7472,-85.3285,55,Mostly Clear,0,5,False,False,False,False,False,0.0
2026-09-28T03:12:30Z,IN,701,41.5889,-87.2173,56,Partly Cloudy,0,5,False,False,False,False,False,0.0
2026-09-28T03:12:30Z,IN,704,41.7058,-86.6212,53,Mostly Cloudy,0,5,False,False,False,False,False,0.0
2026-09-28T03:12:30Z,IN,703,41.7071,-86.6235,53,Mostly Cloudy,0,5,False,False,False,False,False,0.0
2026-09-28T03:12:30Z,IN,705,41.733,-86.0057,55,Partly Cloudy,0,5,False,False,False,False,False,0.0
2026-09-28T03:12:30Z,IN,708,41.7472,-85.3285,55,Mostly Clear,0,5,False,False,False,False,False,0.0
2026-09-28T03:12:30Z,IN,707,41.7453,-85.3287,55,Mostly Clear,0,5,False,False,False,False,False,0.0
2026-09-28T03:12:30Z,IN,324,41.7353,-86.7933,53,Mostly Cloudy,0,0,False,False,False,False,False,0.0
2026-09-28T03:12:30Z,KY,KY00065IS0000020N65WELCOM,36.6434,-86.5687,61,Partly Cloudy,0,5,False,False,False,False,False,0.0
2026-09-28T03:12:30Z,KY,KY00065IS000020NSMARATHON,36.6612,-86.5553,64,Partly Cloudy,0,3,False,False,False,False,False,0.0
2026-09-28T03:12:30Z,KY,KY00065IS0000340NWEIGHS34,36.6868,-86.5379,64,Partly Cloudy,0,3,False,False,False,False,False,0.0
2026-09-28T03:12:30Z,KY,KY00065IS0011400S65SRA114,37.9464,-85.6905,66,Clear,0,3,False,False,False,False,False,0.0
2026-09-28T03:12:30Z,KY,KY00065IS0005900S65SRA059,37.239,-85.9297,63,Mostly Clear,0,1,False,False,False,False,False,0.0
2026-09-28T03:12:30Z,KY,KY00065IS0005900N65NRA059,37.2384,-85.9271,63,Mostly Clear,0,1,False,False,False,False,False,0.0
2026-09-28T03:12:30Z,KY,KY00075IS0003300NWEIGHS33,37.0422,-84.0968,58,Clear,0,2,False,False,False,False,False,0.0
2026-09-28T03:12:30Z,KY,KY00075IS0003400SWEIGHS34,37.048,-84.0997,58,Clear,0,2,False,False,False,False,False,0.0
2026-09-28T03:12:30Z,KY,KY00075IS0017700N75NRA177,38.937,-84.6309,59,Clear,0,5,False,False,False,False,False,0.0
2026-09-28T03:12:30Z,KY,KY00075IS0007500SWALTONWS,38.8653,-84.6476,59,Clear,0,5,False,False,False,False,False,0.0
2026-09-28T03:12:30Z,KY,KY00075IS0017700S75SRA177,38.9388,-84.6339,59,Clear,0,5,False,False,False,False,False,0.0
2026-09-28T03:12:30Z,KY,KY00075IS0016800SCRITENWS,38.8196,-84.6015,59,Clear,0,5,False,False,False,False,False,0.0
2026-09-28T03:12:30Z,KY,KY00075IS0000100N75WELCOM,36.6162,-84.1054,56,Mostly Clear,0,1,False,False,False,False,False,0.0
2026-09-28T03:12:34Z,IL,IL00064IW008500012,38.2766,-88.8012,64,Mostly Cloudy,0,2,False,False,False,False,True,0.2
2026-09-28T03:12:34Z,IL,IL00057IN026800032,40.5505,-88.0605,57,Partly Cloudy,0,5,False,False,False,False,True,0.2
2026-09-28T03:12:34Z,IL,IL00070IE008600051,39.0651,-88.6745,62,Mostly Cloudy,0,3,False,False,False,False,True,0.2
2026-09-28T03:12:34Z,IL,IL00072IW015200014,39.9888,-88.7852,62,Partly Cloudy,0,6,False,False,False,False,True,0.2
2026-09-28T03:12:34Z,IL,IL00055IS019400021,40.8371,-88.6833,53,Partly Cloudy,0,5,False,False,False,False,True,0.2
2026-09-28T03:12:34Z,IL,IL00057IN007900034,38.0297,-88.9203,65,Mostly Cloudy,0,2,False,False,False,False,True,0.2
2026-09-28T03:12:34Z,IL,IL00057IS007900047,38.0962,-88.9138,67,Mostly Cloudy,0,2,False,False,False,False,True,0.2
2026-09-28T03:12:34Z,IL,IL00055IN006400027,39.3465,-89.6408,63,Mostly Cloudy,0,3,False,False,False,False,True,0.2
2026-09-28T03:12:34Z,IL,IL00039IN008500036,41.7236,-89.0062,56,Partly Cloudy,0,5,False,False,False,False,True,0.2
2026-09-28T03:12:34Z,IL,IL00070IE002700042,38.7849,-89.7023,64,Mostly Cloudy,1,3,False,False,False,False,True,0.2
2026-09-28T03:12:34Z,IL,IL00074IE015600037,40.2732,-88.6762,62,Partly Cloudy,0,6,False,False,False,False,True,0.2
2026-09-28T03:12:34Z,IL,IL00080IE005100040,41.3938,-89.5665,61,Mostly Cloudy,0,5,False,False,False,False,True,0.2
2026-09-28T03:12:34Z,IL,IL00055IN019400031,40.8234,-88.6875,53,Partly Cloudy,0,5,False,False,False,False,True,0.2
2026-09-28T03:12:34Z,IL,IL00064IW013000053,38.2322,-87.9882,63,Partly Cloudy,0,1,False,False,False,False,True,0.2
2026-09-28T03:12:34Z,IL,IL00055IS002700019,38.8723,-89.8511,63,Mostly Cloudy,1,3,False,False,False,False,True,0.2
2026-09-28T03:12:34Z,IL,IL00057IS033300046,41.3918,-87.7749,55,Mostly Cloudy,0,5,False,False,False,False,True,0.2
2026-09-28T03:12:34Z,IL,IL00064IE008500039,38.273,-88.8496,65,Mostly Cloudy,0,2,False,False,False,False,True,0.2
2026-09-28T03:12:34Z,IL,IL00074IW002800020,41.2141,-90.3308,63,Mostly Cloudy,1,5,False,False,False,False,True,0.2
2026-09-28T03:12:34Z,IL,IL00055IN014900028,40.3599,-89.1099,62,Partly Cloudy,0,6,False,False,False,False,True,0.2
2026-09-28T03:12:34Z,IL,IL00080IW005100013,41.3937,-89.5591,62,Mostly Cloudy,0,5,False,False,False,False,True,0.2
2026-09-28T03:12:34Z,IL,IL00080IW011700016,41.4473,-88.3285,56,Partly Cloudy,0,5,False,False,False,False,True,0.2
2026-09-28T03:12:34Z,IL,IL00074IW015600009,40.2711,-88.6701,61,Partly Cloudy,0,6,False,False,False,False,True,0.2
2026-09-28T03:12:34Z,IL,IL00070IW002700015,38.7884,-89.6889,64,Mostly Cloudy,1,3,False,False,False,False,True,0.2
2026-09-28T03:12:34Z,IL,IL00057IS026800022,40.5613,-88.0615,57,Partly Cloudy,0,5,False,False,False,False,True,0.2
2026-09-28T03:12:34Z,IL,IL00080IE011700043,41.4314,-88.3454,56,Partly Cloudy,0,5,False,False,False,False,True,0.2
2026-09-28T03:12:34Z,IL,IL00024IW003700010,37.1593,-88.6798,65,Partly Cloudy,0,1,False,False,False,False,True,0.2
2026-09-28T03:12:34Z,IL,IL00055IN010400050,39.8627,-89.5948,63,Mostly Cloudy,0,5,False,False,False,False,True,0.2
2026-09-28T03:12:34Z,IL,IL00057IS011400023,38.5965,-88.9677,63,Mostly Cloudy,0,1,False,False,False,False,True,0.2
2026-09-28T03:12:34Z,IL,IL00057IN011400033,38.5963,-88.9638,63,Mostly Cloudy,0,1,False,False,False,False,True,0.2
2026-09-28T03:12:34Z,IL,IL00057IN022200048,39.9218,-88.299,58,Partly Cloudy,0,6,False,False,False,False,True,0.2
2026-09-28T03:12:34Z,IL,IL00057IN033300049,41.3892,-87.7729,54,Mostly Cloudy,0,5,False,False,False,False,True,0.2
2026-09-28T03:12:34Z,IL,IL00039IS008500026,41.7285,-89.0105,56,Partly Cloudy,0,5,False,False,False,False,True,0.2
2026-09-28T03:12:34Z,IL,IL00057IS022200054,39.9314,-88.3043,58,Partly Cloudy,0,6,False,False,False,False,True,0.2
2026-09-28T03:12:34Z,IL,IL00072IE015200041,39.9923,-88.7827,62,Partly Cloudy,0,6,False,False,False,False,True,0.2
2026-09-28T03:12:34Z,IL,IL00074IW006200004,40.8802,-90.0895,62,Mostly Cloudy,1,3,False,False,False,False,True,0.2
2026-09-28T03:12:34Z,IL,IL00074IE011400005,40.6125,-89.245,61,Partly Cloudy,0,5,False,False,False,False,True,0.2
2026-09-28T03:12:34Z,IL,IL00074IW020800052,40.1298,-87.7441,59,Partly Cloudy,0,5,False,False,False,False,True,0.2
2026-09-28T03:12:34Z,IL,IL00055IN002700029,38.8649,-89.8532,63,Mostly Cloudy,1,3,False,False,False,False,True,0.2
2026-09-28T03:12:34Z,IL,IL00055IS006400017,39.3523,-89.6447,63,Mostly Cloudy,0,3,False,False,False,False,True,0.2
2026-09-28T03:12:34Z,IL,IL00064IW002500011,38.5491,-89.7633,64,Mostly Cloudy,1,2,False,False,False,False,True,0.2
2026-09-28T03:12:34Z,IL,IL00074IE002800030,41.2334,-90.333,63,Mostly Cloudy,1,5,False,False,False,False,True,0.2
2026-09-28T03:12:34Z,IL,IL00064IE002500038,38.5481,-89.7731,64,Mostly Cloudy,1,2,False,False,False,False,True,0.2
2026-09-28T03:12:34Z,IL,IL00070IW008700045,39.0679,-88.6704,62,Mostly Cloudy,0,3,False,False,False,False,True,0.2
2026-09-28T03:12:34Z,IL,IL00057IS016500018,39.1993,-88.502,59,Partly Cloudy,0,5,False,False,False,False,True,0.2
2026-09-28T03:12:34Z,IL,IL00074IW011400006,40.6111,-89.2323,61,Partly Cloudy,0,5,False,False,False,False,True,0.2
2026-09-28T03:12:34Z,IL,IL00074IE006200001,40.8788,-90.0936,62,Mostly Cloudy,1,3,False,False,False,False,True,0.2
2026-09-28T03:12:34Z,IL,IL00070IW014900008,39.4228,-87.6617,56,Partly Cloudy,0,5,False,False,False,False,True,0.2
2026-09-28T03:12:34Z,IL,IL00057IN016500044,39.1898,-88.5031,59,Mostly Cloudy,0,5,False,False,False,False,True,0.2
2026-09-28T03:12:34Z,IL,IL00055IS010400024,39.8871,-89.5966,62,Mostly Cloudy,0,3,False,False,False,False,True,0.2
2026-09-28T03:12:34Z,IL,IL00057IS003200025,37.4699,-89.1329,64,Partly Cloudy,1,1,False,False,False,False,True,0.2
2026-09-28T03:12:34Z,IL,IL00057IN003200035,37.4661,-89.1324,64,Partly Cloudy,1,1,False,False,False,False,True,0.2
2026-09-28T03:12:34Z,IN,322,38.195,-87.8597,61,Partly Cloudy,0,2,False,False,False,False,False,0.0
2026-09-28T03:12:34Z,IN,317,38.5852,-85.7768,59,Clear,0,2,False,False,False,False,False,0.0
2026-09-28T03:12:34Z,IN,316,38.5859,-85.7809,59,Clear,0,2,False,False,False,False,False,0.0
2026-09-28T03:12:34Z,IN,315,39.2602,-85.9521,57,Clear,0,3,False,False,False,False,False,0.0
2026-09-28T03:12:34Z,IN,314,39.2767,-85.9569,57,Clear,0,3,False,False,False,False,False,0.0
2026-09-28T03:12:34Z,IN,313,40.1578,-86.5387,55,Clear,0,5,False,False,False,False,False,0.0
2026-09-28T03:12:34Z,IN,312,40.1722,-86.5522,56,Clear,0,5,False,False,False,False,False,0.0
2026-09-28T03:12:34Z,IN,311,40.6992,-87.0628,54,Partly Cloudy,0,5,False,False,False,False,False,0.0
2026-09-28T03:12:34Z,IN,310,40.6984,-87.0646,54,Partly Cloudy,0,5,False,False,False,False,False,0.0
2026-09-28T03:12:34Z,IN,308,41.1653,-87.271,50,Partly Cloudy,0,5,False,False,False,False,False,0.0
2026-09-28T03:12:34Z,IN,309,41.1666,-87.2749,50,Partly Cloudy,0,5,False,False,False,False,False,0.0
2026-09-28T03:12:34Z,IN,318,40.3543,-85.5576,54,Clear,0,3,False,False,False,False,False,0.0
2026-09-28T03:12:34Z,IN,319,40.3569,-85.56,54,Clear,0,3,False,False,False,False,False,0.0
2026-09-28T03:12:34Z,IN,320,41.2963,-85.0863,55,Clear,0,5,False,False,False,False,False,0.0
2026-09-28T03:12:34Z,IN,321,41.5803,-85.0597,55,Clear,0,5,False,False,False,False,False,0.0
2026-09-28T03:12:34Z,IN,300,39.4417,-87.5002,58,Partly Cloudy,0,3,False,False,False,False,False,0.0
2026-09-28T03:12:34Z,IN,302,39.6517,-86.3967,58,Clear,0,5,False,False,False,False,False,0.0
2026-09-28T03:12:34Z,IN,301,39.6541,-86.4005,58,Clear,0,5,False,False,False,False,False,0.0
2026-09-28T03:12:34Z,IN,303,39.8243,-85.7039,55,Clear,0,5,False,False,False,False,False,0.0
2026-09-28T03:12:34Z,IN,304,39.8266,-85.704,55,Clear,0,5,False,False,False,False,False,0.0
2026-09-28T03:12:34Z,IN,305,39.8605,-85.0259,53,Clear,0,3,False,False,False,False,False,0.0
2026-09-28T03:12:34Z,IN,323,39.29,-85.1688,54,Mostly Clear,0,2,False,False,False,False,False,0.0
2026-09-28T03:12:34Z,IN,702,41.7472,-85.3285,55,Mostly Clear,0,5,False,False,False,False,False,0.0
2026-09-28T03:12:34Z,IN,701,41.5889,-87.2173,56,Partly Cloudy,0,5,False,False,False,False,False,0.0
2026-09-28T03:12:34Z,IN,704,41.7058,-86.6212,53,Mostly Cloudy,0,5,False,False,False,False,False,0.0
2026-09-28T03:12:34Z,IN,703,41.7071,-86.6235,53,Mostly Cloudy,0,5,False,False,False,False,False,0.0
2026-09-28T03:12:34Z,IN,705,41.733,-86.0057,55,Partly Cloudy,0,5,False,False,False,False,False,0.0
2026-09-28T03:12:34Z,IN,708,41.7472,-85.3285,55,Mostly Clear,0,5,False,False,False,False,False,0.0
2026-09-28T03:12:34Z,IN,707,41.7453,-85.3287,55,Mostly Clear,0,5,False,False,False,False,False,0.0
2026-09-28T03:12:34Z,IN,324,41.7353,-86.7933,53,Mostly Cloudy,0,0,False,False,False,False,False,0.0
2026-09-28T03:12:34Z,KY,KY00065IS0000020N65WELCOM,36.6434,-86.5687,64,Partly Cloudy,0,5,False,False,False,False,False,0.0
2026-09-28T03:12:34Z,KY,KY00065IS000020NSMARATHON,36.6612,-86.5553,64,Partly Cloudy,0,3,False,False,False,False,False,0.0
2026-09-28T03:12:34Z,KY,KY00065IS0000340NWEIGHS34,36.6868,-86.5379,64,Partly Cloudy,0,3,False,False,False,False,False,0.0
2026-09-28T03:12:34Z,KY,KY00065IS0011400S65SRA114,37.9464,-85.6905,66,Clear,0,3,False,False,False,False,False,0.0
2026-09-28T03:12:34Z,KY,KY00065IS0005900S65SRA059,37.239,-85.9297,63,Mostly Clear,0,1,False,False,False,False,False,0.0
2026-09-28T03:12:34Z,KY,KY00065IS0005900N65NRA059,37.2384,-85.9271,63,Mostly Clear,0,1,False,False,False,False,False,0.0
2026-09-28T03:12:34Z,KY,KY00075IS0003300NWEIGHS33,37.0422,-84.0968,58,Clear,0,2,False,False,False,False,False,0.0
2026-09-28T03:12:34Z,KY,KY00075IS0003400SWEIGHS34,37.048,-84.0997,58,Clear,0,2,False,False,False,False,False,0.0
2026-09-28T03:12:34Z,KY,KY00075IS0017700N75NRA177,38.937,-84.6309,59,Clear,0,5,False,False,False,False,False,0.0
2026-09-28T03:12:34Z,KY,KY00075IS0007500SWALTONWS,38.8653,-84.6476,59,Clear,0,5,False,False,False,False,False,0.0
2026-09-28T03:12:34Z,KY,KY00075IS0017700S75SRA177,38.9388,-84.6339,59,Clear,0,5,False,False,False,False,False,0.0
2026-09-28T03:12:34Z,KY,KY00075IS0016800SCRITENWS,38.8196,-84.6015,59,Clear,0,5,False,False,False,False,False,0.0
2026-09-28T03:12:34Z,KY,KY00075IS0000100N75WELCOM,36.6162,-84.1054,56,Mostly Clear,0,1,False,False,False,False,False,0.0
2026-09-28T03:12:38Z,IL,IL00064IW008500012,38.2766,-88.8012,64,Mostly Cloudy,0,2,False,False,False,False,True,0.2
2026-09-28T03:12:38Z,IL,IL00057IN026800032,40.5505,-88.0605,57,Partly Cloudy,0,5,False,False,False,False,True,0.2
2026-09-28T03:12:38Z,IL,IL00070IE008600051,39.0651,-88.6745,62,Mostly Cloudy,0,3,False,False,False,False,True,0.2
2026-09-28T03:12:38Z,IL,IL00072IW015200014,39.9888,-88.7852,62,Partly Cloudy,0,6,False,False,False,False,True,0.2
2026-09-28T03:12:38Z,IL,IL00055IS019400021,40.8371,-88.6833,53,Partly Cloudy,0,5,False,False,False,False,True,0.2
2026-09-28T03:12:38Z,IL,IL00057IN007900034,38.0297,-88.9203,65,Mostly Cloudy,0,2,False,False,False,False,True,0.2
2026-09-28T03:12:38Z,IL,IL00057IS007900047,38.0962,-88.9138,67,Mostly Cloudy,0,2,False,False,False,False,True,0.2
2026-09-28T03:12:38Z,IL,IL00055IN006400027,39.3465,-89.6408,63,Mostly Cloudy,0,3,False,False,False,False,True,0.2
2026-09-28T03:12:38Z,IL,IL00039IN008500036,41.7236,-89.0062,56,Partly Cloudy,0,5,False,False,False,False,True,0.2
2026-09-28T03:12:38Z,IL,IL00070IE002700042,38.7849,-89.7023,64,Mostly Cloudy,1,3,False,False,False,False,True,0.2
2026-09-28T03:12:38Z,IL,IL00074IE015600037,40.2732,-88.6762,62,Partly Cloudy,0,6,False,False,False,False,True,0.2
2026-09-28T03:12:38Z,IL,IL00080IE005100040,41.3938,-89.5665,61,Mostly Cloudy,0,5,False,False,False,False,True,0.2
2026-09-28T03:12:38Z,IL,IL00055IN019400031,40.8234,-88.6875,53,Partly Cloudy,0,5,False,False,False,False,True,0.2
2026-09-28T03:12:38Z,IL,IL00064IW013000053,38.2322,-87.9882,63,Partly Cloudy,0,1,False,False,False,False,True,0.2
2026-09-28T03:12:38Z,IL,IL00055IS002700019,38.8723,-89.8511,63,Mostly Cloudy,1,3,False,False,False,False,True,0.2
2026-09-28T03:12:38Z,IL,IL00057IS033300046,41.3918,-87.7749,55,Mostly Cloudy,0,5,False,False,False,False,True,0.2
2026-09-28T03:12:38Z,IL,IL00064IE008500039,38.273,-88.8496,65,Mostly Cloudy,0,2,False,False,False,False,True,0.2
2026-09-28T03:12:38Z,IL,IL00074IW002800020,41.2141,-90.3308,63,Mostly Cloudy,1,5,False,False,False,False,True,0.2
2026-09-28T03:12:38Z,IL,IL00055IN014900028,40.3599,-89.1099,62,Partly Cloudy,0,6,False,False,False,False,True,0.2
2026-09-28T03:12:38Z,IL,IL00080IW005100013,41.3937,-89.5591,62,Mostly Cloudy,0,5,False,False,False,False,True,0.2
2026-09-28T03:12:38Z,IL,IL00080IW011700016,41.4473,-88.3285,56,Partly Cloudy,0,5,False,False,False,False,True,0.2
2026-09-28T03:12:38Z,IL,IL00074IW015600009,40.2711,-88.6701,61,Partly Cloudy,0,6,False,False,False,False,True,0.2
2026-09-28T03:12:38Z,IL,IL00070IW002700015,38.7884,-89.6889,64,Mostly Cloudy,1,3,False,False,False,False,True,0.2
2026-09-28T03:12:38Z,IL,IL00057IS026800022,40.5613,-88.0615,57,Partly Cloudy,0,5,False,False,False,False,True,0.2
2026-09-28T03:12:38Z,IL,IL00080IE011700043,41.4314,-88.3454,56,Partly Cloudy,0,5,False,False,False,False,True,0.2
2026-09-28T03:12:38Z,IL,IL00024IW003700010,37.1593,-88.6798,65,Partly Cloudy,0,1,False,False,False,False,True,0.2
2026-09-28T03:12:38Z,IL,IL00055IN010400050,39.8627,-89.5948,63,Mostly Cloudy,0,5,False,False,False,False,True,0.2
2026-09-28T03:12:38Z,IL,IL00057IS011400023,38.5965,-88.9677,63,Mostly Cloudy,0,1,False,False,False,False,True,0.2
2026-09-28T03:12:38Z,IL,IL00057IN011400033,38.5963,-88.9638,63,Mostly Cloudy,0,1,False,False,False,False,True,0.2
2026-09-28T03:12:38Z,IL,IL00057IN022200048,39.9218,-88.299,58,Partly Cloudy,0,6,False,False,False,False,True,0.2
2026-09-28T03:12:38Z,IL,IL00057IN033300049,41.3892,-87.7729,54,Mostly Cloudy,0,5,False,False,False,False,True,0.2
2026-09-28T03:12:38Z,IL,IL00039IS008500026,41.7285,-89.0105,56,Partly Cloudy,0,5,False,False,False,False,True,0.2
2026-09-28T03:12:38Z,IL,IL00057IS022200054,39.9314,-88.3043,58,Partly Cloudy,0,6,False,False,False,False,True,0.2
2026-09-28T03:12:38Z,IL,IL00072IE015200041,39.9923,-88.7827,62,Partly Cloudy,0,6,False,False,False,False,True,0.2
2026-09-28T03:12:38Z,IL,IL00074IW006200004,40.8802,-90.0895,62,Mostly Cloudy,1,3,False,False,False,False,True,0.2
2026-09-28T03:12:38Z,IL,IL00074IE011400005,40.6125,-89.245,61,Partly Cloudy,0,5,False,False,False,False,True,0.2
2026-09-28T03:12:38Z,IL,IL00074IW020800052,40.1298,-87.7441,59,Partly Cloudy,0,5,False,False,False,False,True,0.2
2026-09-28T03:12:38Z,IL,IL00055IN002700029,38.8649,-89.8532,63,Mostly Cloudy,1,3,False,False,False,False,True,0.2
2026-09-28T03:12:38Z,IL,IL00055IS006400017,39.3523,-89.6447,63,Mostly Cloudy,0,3,False,False,False,False,True,0.2
2026-09-28T03:12:38Z,IL,IL00064IW002500011,38.5491,-89.7633,64,Mostly Cloudy,1,2,False,False,False,False,True,0.2
2026-09-28T03:12:38Z,IL,IL00074IE002800030,41.2334,-90.333,63,Mostly Cloudy,1,5,False,False,False,False,True,0.2
2026-09-28T03:12:38Z,IL,IL00064IE002500038,38.5481,-89.7731,64,Mostly Cloudy,1,2,False,False,False,False,True,0.2
2026-09-28T03:12:38Z,IL,IL00070IW008700045,39.0679,-88.6704,62,Mostly Cloudy,0,3,False,False,False,False,True,0.2
2026-09-28T03:12:38Z,IL,IL00057IS016500018,39.1993,-88.502,59,Partly Cloudy,0,5,False,False,False,False,True,0.2
2026-09-28T03:12:38Z,IL,IL00074IW011400006,40.6111,-89.2323,61,Partly Cloudy,0,5,False,False,False,False,True,0.2
2026-09-28T03:12:38Z,IL,IL00074IE006200001,40.8788,-90.0936,62,Mostly Cloudy,1,3,False,False,False,False,True,0.2
2026-09-28T03:12:38Z,IL,IL00070IW014900008,39.4228,-87.6617,56,Partly Cloudy,0,5,False,False,False,False,True,0.2
2026-09-28T03:12:38Z,IL,IL00057IN016500044,39.1898,-88.5031,59,Mostly Cloudy,0,5,False,False,False,False,True,0.2
2026-09-28T03:12:38Z,IL,IL00055IS010400024,39.8871,-89.5966,62,Mostly Cloudy,0,3,False,False,False,False,True,0.2
2026-09-28T03:12:38Z,IL,IL00057IS003200025,37.4699,-89.1329,64,Partly Cloudy,1,1,False,False,False,False,True,0.2
2026-09-28T03:12:38Z,IL,IL00057IN003200035,37.4661,-89.1324,64,Partly Cloudy,1,1,False,False,False,False,True,0.2
2026-09-28T03:12:38Z,IN,322,38.195,-87.8597,61,Partly Cloudy,0,2,False,False,False,False,False,0.0
2026-09-28T03:12:38Z,IN,317,38.5852,-85.7768,59,Clear,0,2,False,False,False,False,False,0.0
2026-09-28T03:12:38Z,IN,316,38.5859,-85.7809,59,Clear,0,2,False,False,False,False,False,0.0
2026-09-28T03:12:38Z,IN,315,39.2602,-85.9521,57,Clear,0,3,False,False,False,False,False,0.0
2026-09-28T03:12:38Z,IN,314,39.2767,-85.9569,57,Clear,0,3,False,False,False,False,False,0.0
2026-09-28T03:12:38Z,IN,313,40.1578,-86.5387,55,Clear,0,5,False,False,False,False,False,0.0
2026-09-28T03:12:38Z,IN,312,40.1722,-86.5522,56,Clear,0,5,False,False,False,False,False,0.0
2026-09-28T03:12:38Z,IN,311,40.6992,-87.0628,54,Partly Cloudy,0,5,False,False,False,False,False,0.0
2026-09-28T03:12:38Z,IN,310,40.6984,-87.0646,54,Partly Cloudy,0,5,False,False,False,False,False,0.0
2026-09-28T03:12:38Z,IN,308,41.1653,-87.271,50,Partly Cloudy,0,5,False,False,False,False,False,0.0
2026-09-28T03:12:38Z,IN,309,41.1666,-87.2749,50,Partly Cloudy,0,5,False,False,False,False,False,0.0
2026-09-28T03:12:38Z,IN,318,40.3543,-85.5576,54,Clear,0,3,False,False,False,False,False,0.0
2026-09-28T03:12:38Z,IN,319,40.3569,-85.56,54,Clear,0,3,False,False,False,False,False,0.0
2026-09-28T03:12:38Z,IN,320,41.2963,-85.0863,55,Clear,0,5,False,False,False,False,False,0.0
2026-09-28T03:12:38Z,IN,321,41.5803,-85.0597,55,Clear,0,5,False,False,False,False,False,0.0
2026-09-28T03:12:38Z,IN,300,39.4417,-87.5002,58,Partly Cloudy,0,3,False,False,False,False,False,0.0
2026-09-28T03:12:38Z,IN,302,39.6517,-86.3967,58,Clear,0,5,False,False,False,False,False,0.0
2026-09-28T03:12:38Z,IN,301,39.6541,-86.4005,58,Clear,0,5,False,False,False,False,False,0.0
2026-09-28T03:12:38Z,IN,303,39.8243,-85.7039,55,Clear,0,5,False,False,False,False,False,0.0
2026-09-28T03:12:38Z,IN,304,39.8266,-85.704,55,Clear,0,5,False,False,False,False,False,0.0
2026-09-28T03:12:38Z,IN,305,39.8605,-85.0259,53,Clear,0,3,False,False,False,False,False,0.0
2026-09-28T03:12:38Z,IN,323,39.29,-85.1688,54,Mostly Clear,0,2,False,False,False,False,False,0.0
2026-09-28T03:12:38Z,IN,702,41.7472,-85.3285,55,Mostly Clear,0,5,False,False,False,False,False,0.0
2026-09-28T03:12:38Z,IN,701,41.5889,-87.2173,56,Partly Cloudy,0,5,False,False,False,False,False,0.0
2026-09-28T03:12:38Z,IN,704,41.7058,-86.6212,53,Mostly Cloudy,0,5,False,False,False,False,False,0.0
2026-09-28T03:12:38Z,IN,703,41.7071,-86.6235,53,Mostly Cloudy,0,5,False,False,False,False,False,0.0
2026-09-28T03:12:38Z,IN,705,41.733,-86.0057,55,Partly Cloudy,0,5,False,False,False,False,False,0.0
2026-09-28T03:12:38Z,IN,708,41.7472,-85.3285,55,Mostly Clear,0,5,False,False,False,False,False,0.0
2026-09-28T03:12:38Z,IN,707,41.7453,-85.3287,55,Mostly Clear,0,5,False,False,False,False,False,0.0
2026-09-28T03:12:38Z,IN,324,41.7353,-86.7933,53,Mostly Cloudy,0,0,False,False,False,False,False,0.0
2026-09-28T03:12:38Z,KY,KY00065IS0000020N65WELCOM,36.6434,-86.5687,64,Partly Cloudy,0,5,False,False,False,False,False,0.0
2026-09-28T03:12:38Z,KY,KY00065IS000020NSMARATHON,36.6612,-86.5553,64,Partly Cloudy,0,3,False,False,False,False,False,0.0
2026-09-28T03:12:38Z,KY,KY00065IS0000340NWEIGHS34,36.6868,-86.5379,64,Partly Cloudy,0,3,False,False,False,False,False,0.0
2026-09-28T03:12:38Z,KY,KY00065IS0011400S65SRA114,37.9464,-85.6905,66,Clear,0,3,False,False,False,False,False,0.0
2026-09-28T03:12:38Z,KY,KY00065IS0005900S65SRA059,37.239,-85.9297,63,Mostly Clear,0,1,False,False,False,False,False,0.0
2026-09-28T03:12:38Z,KY,KY00065IS0005900N65NRA059,37.2384,-85.9271,63,Mostly Clear,0,1,False,False,False,False,False,0.0
2026-09-28T03:12:38Z,KY,KY00075IS0003300NWEIGHS33,37.0422,-84.0968,58,Clear,0,2,False,False,False,False,False,0.0
2026-09-28T03:12:38Z,KY,KY00075IS0003400SWEIGHS34,37.048,-84.0997,58,Clear,0,2,False,False,False,False,False,0.0
2026-09-28T03:12:38Z,KY,KY00075IS0017700N75NRA177,38.937,-84.6309,59,Clear,0,5,False,False,False,False,False,0.0
2026-09-28T03:12:38Z,KY,KY00075IS0007500SWALTONWS,38.8653,-84.6476,59,Clear,0,5,False,False,False,False,False,0.0
2026-09-28T03:12:38Z,KY,KY00075IS0017700S75SRA177,38.9388,-84.6339,59,Clear,0,5,False,False,False,False,False,0.0
2026-09-28T03:12:38Z,KY,KY00075IS0016800SCRITENWS,38.8196,-84.6015,59,Clear,0,5,False,False,False,False,False,0.0
2026-09-28T03:12:38Z,KY,KY00075IS0000100N75WELCOM,36.6162,-84.1054,56,Mostly Clear,0,1,False,False,False,False,False,0.0
2026-09-28T03:12:42Z,IL,IL00064IW008500012,38.2766,-88.8012,64,Mostly Cloudy,0,2,False,False,False,False,True,0.2
2026-09-28T03:12:42Z,IL,IL00057IN026800032,40.5505,-88.0605,57,Partly Cloudy,0,5,False,False,False,False,True,0.2
2026-09-28T03:12:42Z,IL,IL00070IE008600051,39.0651,-88.6745,62,Mostly Cloudy,0,3,False,False,False,False,True,0.2
2026-09-28T03:12:42Z,IL,IL00072IW015200014,39.9888,-88.7852,62,Partly Cloudy,0,6,False,False,False,False,True,0.2
2026-09-28T03:12:42Z,IL,IL00055IS019400021,40.8371,-88.6833,53,Partly Cloudy,0,5,False,False,False,False,True,0.2
2026-09-28T03:12:42Z,IL,IL00057IN007900034,38.0297,-88.9203,65,Mostly Cloudy,0,2,False,False,False,False,True,0.2
2026-09-28T03:12:42Z,IL,IL00057IS007900047,38.0962,-88.9138,67,Mostly Cloudy,0,2,False,False,False,False,True,0.2
2026-09-28T03:12:42Z,IL,IL00055IN006400027,39.3465,-89.6408,63,Mostly Cloudy,0,3,False,False,False,False,True,0.2
2026-09-28T03:12:42Z,IL,IL00039IN008500036,41.7236,-89.0062,56,Partly Cloudy,0,5,False,False,False,False,True,0.2
2026-09-28T03:12:42Z,IL,IL00070IE002700042,38.7849,-89.7023,64,Mostly Cloudy,1,3,False,False,False,False,True,0.2
2026-09-28T03:12:42Z,IL,IL00074IE015600037,40.2732,-88.6762,62,Partly Cloudy,0,6,False,False,False,False,True,0.2
2026-09-28T03:12:42Z,IL,IL00080IE005100040,41.3938,-89.5665,61,Mostly Cloudy,0,5,False,False,False,False,True,0.2
2026-09-28T03:12:42Z,IL,IL00055IN019400031,40.8234,-88.6875,53,Partly Cloudy,0,5,False,False,False,False,True,0.2
2026-09-28T03:12:42Z,IL,IL00064IW013000053,38.2322,-87.9882,63,Partly Cloudy,0,1,False,False,False,False,True,0.2
2026-09-28T03:12:42Z,IL,IL00055IS002700019,38.8723,-89.8511,63,Mostly Cloudy,1,3,False,False,False,False,True,0.2
2026-09-28T03:12:42Z,IL,IL00057IS033300046,41.3918,-87.7749,55,Mostly Cloudy,0,5,False,False,False,False,True,0.2
2026-09-28T03:12:42Z,IL,IL00064IE008500039,38.273,-88.8496,65,Mostly Cloudy,0,2,False,False,False,False,True,0.2
2026-09-28T03:12:42Z,IL,IL00074IW002800020,41.2141,-90.3308,63,Mostly Cloudy,1,5,False,False,False,False,True,0.2
2026-09-28T03:12:42Z,IL,IL00055IN014900028,40.3599,-89.1099,62,Partly Cloudy,0,6,False,False,False,False,True,0.2
2026-09-28T03:12:42Z,IL,IL00080IW005100013,41.3937,-89.5591,62,Mostly Cloudy,0,5,False,False,False,False,True,0.2
2026-09-28T03:12:42Z,IL,IL00080IW011700016,41.4473,-88.3285,56,Partly Cloudy,0,5,False,False,False,False,True,0.2
2026-09-28T03:12:42Z,IL,IL00074IW015600009,40.2711,-88.6701,61,Partly Cloudy,0,6,False,False,False,False,True,0.2
2026-09-28T03:12:42Z,IL,IL00070IW002700015,38.7884,-89.6889,64,Mostly Cloudy,1,3,False,False,False,False,True,0.2
2026-09-28T03:12:42Z,IL,IL00057IS026800022,40.5613,-88.0615,57,Partly Cloudy,0,5,False,False,False,False,True,0.2
2026-09-28T03:12:42Z,IL,IL00080IE011700043,41.4314,-88.3454,56,Partly Cloudy,0,5,False,False,False,False,True,0.2
2026-09-28T03:12:42Z,IL,IL00024IW003700010,37.1593,-88.6798,65,Partly Cloudy,0,1,False,False,False,False,True,0.2
2026-09-28T03:12:42Z,IL,IL00055IN010400050,39.8627,-89.5948,63,Mostly Cloudy,0,5,False,False,False,False,True,0.2
2026-09-28T03:12:42Z,IL,IL00057IS011400023,38.5965,-88.9677,63,Mostly Cloudy,0,1,False,False,False,False,True,0.2
2026-09-28T03:12:42Z,IL,IL00057IN011400033,38.5963,-88.9638,63,Mostly Cloudy,0,1,False,False,False,False,True,0.2
2026-09-28T03:12:42Z,IL,IL00057IN022200048,39.9218,-88.299,58,Partly Cloudy,0,6,False,False,False,False,True,0.2
2026-09-28T03:12:42Z,IL,IL00057IN033300049,41.3892,-87.7729,54,Mostly Cloudy,0,5,False,False,False,False,True,0.2
2026-09-28T03:12:42Z,IL,IL00039IS008500026,41.7285,-89.0105,56,Partly Cloudy,0,5,False,False,False,False,True,0.2
2026-09-28T03:12:42Z,IL,IL00057IS022200054,39.9314,-88.3043,58,Partly Cloudy,0,6,False,False,False,False,True,0.2
2026-09-28T03:12:42Z,IL,IL00072IE015200041,39.9923,-88.7827,62,Partly Cloudy,0,6,False,False,False,False,True,0.2
2026-09-28T03:12:42Z,IL,IL00074IW006200004,40.8802,-90.0895,62,Mostly Cloudy,1,3,False,False,False,False,True,0.2
2026-09-28T03:12:42Z,IL,IL00074IE011400005,40.6125,-89.245,61,Partly Cloudy,0,5,False,False,False,False,True,0.2
2026-09-28T03:12:42Z,IL,IL00074IW020800052,40.1298,-87.7441,59,Partly Cloudy,0,5,False,False,False,False,True,0.2
2026-09-28T03:12:42Z,IL,IL00055IN002700029,38.8649,-89.8532,63,Mostly Cloudy,1,3,False,False,False,False,True,0.2
2026-09-28T03:12:42Z,IL,IL00055IS006400017,39.3523,-89.6447,63,Mostly Cloudy,0,3,False,False,False,False,True,0.2
2026-09-28T03:12:42Z,IL,IL00064IW002500011,38.5491,-89.7633,64,Mostly Cloudy,1,2,False,False,False,False,True,0.2
2026-09-28T03:12:42Z,IL,IL00074IE002800030,41.2334,-90.333,63,Mostly Cloudy,1,5,False,False,False,False,True,0.2
2026-09-28T03:12:42Z,IL,IL00064IE002500038,38.5481,-89.7731,64,Mostly Cloudy,1,2,False,False,False,False,True,0.2
2026-09-28T03:12:42Z,IL,IL00070IW008700045,39.0679,-88.6704,62,Mostly Cloudy,0,3,False,False,False,False,True,0.2
2026-09-28T03:12:42Z,IL,IL00057IS016500018,39.1993,-88.502,59,Partly Cloudy,0,5,False,False,False,False,True,0.2
2026-09-28T03:12:42Z,IL,IL00074IW011400006,40.6111,-89.2323,61,Partly Cloudy,0,5,False,False,False,False,True,0.2
2026-09-28T03:12:42Z,IL,IL00074IE006200001,40.8788,-90.0936,62,Mostly Cloudy,1,3,False,False,False,False,True,0.2
2026-09-28T03:12:42Z,IL,IL00070IW014900008,39.4228,-87.6617,56,Partly Cloudy,0,5,False,False,False,False,True,0.2
2026-09-28T03:12:42Z,IL,IL00057IN016500044,39.1898,-88.5031,59,Mostly Cloudy,0,5,False,False,False,False,True,0.2
2026-09-28T03:12:42Z,IL,IL00055IS010400024,39.8871,-89.5966,62,Mostly Cloudy,0,3,False,False,False,False,True,0.2
2026-09-28T03:12:42Z,IL,IL00057IS003200025,37.4699,-89.1329,64,Partly Cloudy,1,1,False,False,False,False,True,0.2
2026-09-28T03:12:42Z,IL,IL00057IN003200035,37.4661,-89.1324,64,Partly Cloudy,1,1,False,False,False,False,True,0.2
2026-09-28T03:12:42Z,IN,322,38.195,-87.8597,61,Partly Cloudy,0,2,False,False,False,False,False,0.0
2026-09-28T03:12:42Z,IN,317,38.5852,-85.7768,59,Clear,0,2,False,False,False,False,False,0.0
2026-09-28T03:12:42Z,IN,316,38.5859,-85.7809,59,Clear,0,2,False,False,False,False,False,0.0
2026-09-28T03:12:42Z,IN,315,39.2602,-85.9521,57,Clear,0,3,False,False,False,False,False,0.0
2026-09-28T03:12:42Z,IN,314,39.2767,-85.9569,57,Clear,0,3,False,False,False,False,False,0.0
2026-09-28T03:12:42Z,IN,313,40.1578,-86.5387,55,Clear,0,5,False,False,False,False,False,0.0
2026-09-28T03:12:42Z,IN,312,40.1722,-86.5522,56,Clear,0,5,False,False,False,False,False,0.0
2026-09-28T03:12:42Z,IN,311,40.6992,-87.0628,54,Partly Cloudy,0,5,False,False,False,False,False,0.0
2026-09-28T03:12:42Z,IN,310,40.6984,-87.0646,54,Partly Cloudy,0,5,False,False,False,False,False,0.0
2026-09-28T03:12:42Z,IN,308,41.1653,-87.271,50,Partly Cloudy,0,5,False,False,False,False,False,0.0
2026-09-28T03:12:42Z,IN,309,41.1666,-87.2749,50,Partly Cloudy,0,5,False,False,False,False,False,0.0
2026-09-28T03:12:42Z,IN,318,40.3543,-85.5576,54,Clear,0,3,False,False,False,False,False,0.0
2026-09-28T03:12:42Z,IN,319,40.3569,-85.56,54,Clear,0,3,False,False,False,False,False,0.0
2026-09-28T03:12:42Z,IN,320,41.2963,-85.0863,55,Clear,0,5,False,False,False,False,False,0.0
2026-09-28T03:12:42Z,IN,321,41.5803,-85.0597,55,Clear,0,5,False,False,False,False,False,0.0
2026-09-28T03:12:42Z,IN,300,39.4417,-87.5002,58,Partly Cloudy,0,3,False,False,False,False,False,0.0
2026-09-28T03:12:42Z,IN,302,39.6517,-86.3967,58,Clear,0,5,False,False,False,False,False,0.0
2026-09-28T03:12:42Z,IN,301,39.6541,-86.4005,58,Clear,0,5,False,False,False,False,False,0.0
2026-09-28T03:12:42Z,IN,303,39.8243,-85.7039,55,Clear,0,5,False,False,False,False,False,0.0
2026-09-28T03:12:42Z,IN,304,39.8266,-85.704,55,Clear,0,5,False,False,False,False,False,0.0
2026-09-28T03:12:42Z,IN,305,39.8605,-85.0259,53,Clear,0,3,False,False,False,False,False,0.0
2026-09-28T03:12:42Z,IN,323,39.29,-85.1688,54,Mostly Clear,0,2,False,False,False,False,False,0.0
2026-09-28T03:12:42Z,IN,702,41.7472,-85.3285,55,Mostly Clear,0,5,False,False,False,False,False,0.0
2026-09-28T03:12:42Z,IN,701,41.5889,-87.2173,56,Partly Cloudy,0,5,False,False,False,False,False,0.0
2026-09-28T03:12:42Z,IN,704,41.7058,-86.6212,53,Mostly Cloudy,0,5,False,False,False,False,False,0.0
2026-09-28T03:12:42Z,IN,703,41.7071,-86.6235,53,Mostly Cloudy,0,5,False,False,False,False,False,0.0
2026-09-28T03:12:42Z,IN,705,41.733,-86.0057,55,Partly Cloudy,0,5,False,False,False,False,False,0.0
2026-09-28T03:12:42Z,IN,708,41.7472,-85.3285,55,Mostly Clear,0,5,False,False,False,False,False,0.0
2026-09-28T03:12:42Z,IN,707,41.7453,-85.3287,55,Mostly Clear,0,5,False,False,False,False,False,0.0
2026-09-28T03:12:42Z,IN,324,41.7353,-86.7933,53,Mostly Cloudy,0,0,False,False,False,False,False,0.0
2026-09-28T03:12:42Z,KY,KY00065IS0000020N65WELCOM,36.6434,-86.5687,64,Partly Cloudy,0,5,False,False,False,False,False,0.0
2026-09-28T03:12:42Z,KY,KY00065IS000020NSMARATHON,36.6612,-86.5553,64,Partly Cloudy,0,3,False,False,False,False,False,0.0
2026-09-28T03:12:42Z,KY,KY00065IS0000340NWEIGHS34,36.6868,-86.5379,64,Partly Cloudy,0,3,False,False,False,False,False,0.0
2026-09-28T03:12:42Z,KY,KY00065IS0011400S65SRA114,37.9464,-85.6905,66,Clear,0,3,False,False,False,False,False,0.0
2026-09-28T03:12:42Z,KY,KY00065IS0005900S65SRA059,37.239,-85.9297,63,Mostly Clear,0,1,False,False,False,False,False,0.0
2026-09-28T03:12:42Z,KY,KY00065IS0005900N65NRA059,37.2384,-85.9271,63,Mostly Clear,0,1,False,False,False,False,False,0.0
2026-09-28T03:12:42Z,KY,KY00075IS0003300NWEIGHS33,37.0422,-84.0968,58,Clear,0,2,False,False,False,False,False,0.0
2026-09-28T03:12:42Z,KY,KY00075IS0003400SWEIGHS34,37.048,-84.0997,58,Clear,0,2,False,False,False,False,False,0.0
2026-09-28T03:12:42Z,KY,KY00075IS0017700N75NRA177,38.937,-84.6309,59,Clear,0,5,False,False,False,False,False,0.0
2026-09-28T03:12:42Z,KY,KY00075IS0007500SWALTONWS,38.8653,-84.6476,59,Clear,0,5,False,False,False,False,False,0.0
2026-09-28T03:12:42Z,KY,KY00075IS0017700S75SRA177,38.9388,-84.6339,59,Clear,0,5,False,False,False,False,False,0.0
2026-09-28T03:12:42Z,KY,KY00075IS0016800SCRITENWS,38.8196,-84.6015,59,Clear,0,5,False,False,False,False,False,0.0
2026-09-28T03:12:42Z,KY,KY00075IS0000100N75WELCOM,36.6162,-84.1054,56,Mostly Clear,0,1,False,False,False,False,False,0.0
2026-09-28T03:12:46Z,IL,IL00064IW008500012,38.2766,-88.8012,64,Mostly Cloudy,0,2,False,False,False,False,True,0.2
2026-09-28T03:12:46Z,IL,IL00057IN026800032,40.5505,-88.0605,57,Partly Cloudy,0,5,False,False,False,False,True,0.2
2026-09-28T03:12:46Z,IL,IL00070IE008600051,39.0651,-88.6745,62,Mostly Cloudy,0,3,False,False,False,False,True,0.2
2026-09-28T03:12:46Z,IL,IL00072IW015200014,39.9888,-88.7852,62,Partly Cloudy,0,6,False,False,False,False,True,0.2
2026-09-28T03:12:46Z,IL,IL00055IS019400021,40.8371,-88.6833,53,Partly Cloudy,0,5,False,False,False,False,True,0.2
2026-09-28T03:12:46Z,IL,IL00057IN007900034,38.0297,-88.9203,65,Mostly Cloudy,0,2,False,False,False,False,True,0.2
2026-09-28T03:12:46Z,IL,IL00057IS007900047,38.0962,-88.9138,67,Mostly Cloudy,0,2,False,False,False,False,True,0.2
2026-09-28T03:12:46Z,IL,IL00055IN006400027,39.3465,-89.6408,63,Mostly Cloudy,0,3,False,False,False,False,True,0.2
2026-09-28T03:12:46Z,IL,IL00039IN008500036,41.7236,-89.0062,56,Partly Cloudy,0,5,False,False,False,False,True,0.2
2026-09-28T03:12:46Z,IL,IL00070IE002700042,38.7849,-89.7023,64,Mostly Cloudy,1,3,False,False,False,False,True,0.2
2026-09-28T03:12:46Z,IL,IL00074IE015600037,40.2732,-88.6762,62,Partly Cloudy,0,6,False,False,False,False,True,0.2
2026-09-28T03:12:46Z,IL,IL00080IE005100040,41.3938,-89.5665,61,Mostly Cloudy,0,5,False,False,False,False,True,0.2
2026-09-28T03:12:46Z,IL,IL00055IN019400031,40.8234,-88.6875,53,Partly Cloudy,0,5,False,False,False,False,True,0.2
2026-09-28T03:12:46Z,IL,IL00064IW013000053,38.2322,-87.9882,63,Partly Cloudy,0,1,False,False,False,False,True,0.2
2026-09-28T03:12:46Z,IL,IL00055IS002700019,38.8723,-89.8511,63,Mostly Cloudy,1,3,False,False,False,False,True,0.2
2026-09-28T03:12:46Z,IL,IL00057IS033300046,41.3918,-87.7749,55,Mostly Cloudy,0,5,False,False,False,False,True,0.2
2026-09-28T03:12:46Z,IL,IL00064IE008500039,38.273,-88.8496,65,Mostly Cloudy,0,2,False,False,False,False,True,0.2
2026-09-28T03:12:46Z,IL,IL00074IW002800020,41.2141,-90.3308,63,Mostly Cloudy,1,5,False,False,False,False,True,0.2
2026-09-28T03:12:46Z,IL,IL00055IN014900028,40.3599,-89.1099,62,Partly Cloudy,0,6,False,False,False,False,True,0.2
2026-09-28T03:12:46Z,IL,IL00080IW005100013,41.3937,-89.5591,62,Mostly Cloudy,0,5,False,False,False,False,True,0.2
2026-09-28T03:12:46Z,IL,IL00080IW011700016,41.4473,-88.3285,56,Partly Cloudy,0,5,False,False,False,False,True,0.2
2026-09-28T03:12:46Z,IL,IL00074IW015600009,40.2711,-88.6701,61,Partly Cloudy,0,6,False,False,False,False,True,0.2
2026-09-28T03:12:46Z,IL,IL00070IW002700015,38.7884,-89.6889,64,Mostly Cloudy,1,3,False,False,False,False,True,0.2
2026-09-28T03:12:46Z,IL,IL00057IS026800022,40.5613,-88.0615,57,Partly Cloudy,0,5,False,False,False,False,True,0.2
2026-09-28T03:12:46Z,IL,IL00080IE011700043,41.4314,-88.3454,56,Partly Cloudy,0,5,False,False,False,False,True,0.2
2026-09-28T03:12:46Z,IL,IL00024IW003700010,37.1593,-88.6798,65,Partly Cloudy,0,1,False,False,False,False,True,0.2
2026-09-28T03:12:46Z,IL,IL00055IN010400050,39.8627,-89.5948,63,Mostly Cloudy,0,5,False,False,False,False,True,0.2
2026-09-28T03:12:46Z,IL,IL00057IS011400023,38.5965,-88.9677,63,Mostly Cloudy,0,1,False,False,False,False,True,0.2
2026-09-28T03:12:46Z,IL,IL00057IN011400033,38.5963,-88.9638,63,Mostly Cloudy,0,1,False,False,False,False,True,0.2
2026-09-28T03:12:46Z,IL,IL00057IN022200048,39.9218,-88.299,58,Partly Cloudy,0,6,False,False,False,False,True,0.2
2026-09-28T03:12:46Z,IL,IL00057IN033300049,41.3892,-87.7729,54,Mostly Cloudy,0,5,False,False,False,False,True,0.2
2026-09-28T03:12:46Z,IL,IL00039IS008500026,41.7285,-89.0105,56,Partly Cloudy,0,5,False,False,False,False,True,0.2
2026-09-28T03:12:46Z,IL,IL00057IS022200054,39.9314,-88.3043,58,Partly Cloudy,0,6,False,False,False,False,True,0.2
2026-09-28T03:12:46Z,IL,IL00072IE015200041,39.9923,-88.7827,62,Partly Cloudy,0,6,False,False,False,False,True,0.2
2026-09-28T03:12:46Z,IL,IL00074IW006200004,40.8802,-90.0895,62,Mostly Cloudy,1,3,False,False,False,False,True,0.2
2026-09-28T03:12:46Z,IL,IL00074IE011400005,40.6125,-89.245,61,Partly Cloudy,0,5,False,False,False,False,True,0.2
2026-09-28T03:12:46Z,IL,IL00074IW020800052,40.1298,-87.7441,59,Partly Cloudy,0,5,False,False,False,False,True,0.2
2026-09-28T03:12:46Z,IL,IL00055IN002700029,38.8649,-89.8532,63,Mostly Cloudy,1,3,False,False,False,False,True,0.2
2026-09-28T03:12:46Z,IL,IL00055IS006400017,39.3523,-89.6447,63,Mostly Cloudy,0,3,False,False,False,False,True,0.2
2026-09-28T03:12:46Z,IL,IL00064IW002500011,38.5491,-89.7633,64,Mostly Cloudy,1,2,False,False,False,False,True,0.2
2026-09-28T03:12:46Z,IL,IL00074IE002800030,41.2334,-90.333,63,Mostly Cloudy,1,5,False,False,False,False,True,0.2
2026-09-28T03:12:46Z,IL,IL00064IE002500038,38.5481,-89.7731,64,Mostly Cloudy,1,2,False,False,False,False,True,0.2
2026-09-28T03:12:46Z,IL,IL00070IW008700045,39.0679,-88.6704,62,Mostly Cloudy,0,3,False,False,False,False,True,0.2
2026-09-28T03:12:46Z,IL,IL00057IS016500018,39.1993,-88.502,59,Partly Cloudy,0,5,False,False,False,False,True,0.2
2026-09-28T03:12:46Z,IL,IL00074IW011400006,40.6111,-89.2323,61,Partly Cloudy,0,5,False,False,False,False,True,0.2
2026-09-28T03:12:46Z,IL,IL00074IE006200001,40.8788,-90.0936,62,Mostly Cloudy,1,3,False,False,False,False,True,0.2
2026-09-28T03:12:46Z,IL,IL00070IW014900008,39.4228,-87.6617,56,Partly Cloudy,0,5,False,False,False,False,True,0.2
2026-09-28T03:12:46Z,IL,IL00057IN016500044,39.1898,-88.5031,59,Mostly Cloudy,0,5,False,False,False,False,True,0.2
2026-09-28T03:12:46Z,IL,IL00055IS010400024,39.8871,-89.5966,62,Mostly Cloudy,0,3,False,False,False,False,True,0.2
2026-09-28T03:12:46Z,IL,IL00057IS003200025,37.4699,-89.1329,64,Partly Cloudy,1,1,False,False,False,False,True,0.2
2026-09-28T03:12:46Z,IL,IL00057IN003200035,37.4661,-89.1324,64,Partly Cloudy,1,1,False,False,False,False,True,0.2
2026-09-28T03:12:46Z,IN,322,38.195,-87.8597,61,Partly Cloudy,0,2,False,False,False,False,False,0.0
2026-09-28T03:12:46Z,IN,317,38.5852,-85.7768,59,Clear,0,2,False,False,False,False,False,0.0
2026-09-28T03:12:46Z,IN,316,38.5859,-85.7809,59,Clear,0,2,False,False,False,False,False,0.0
2026-09-28T03:12:46Z,IN,315,39.2602,-85.9521,57,Clear,0,3,False,False,False,False,False,0.0
2026-09-28T03:12:46Z,IN,314,39.2767,-85.9569,57,Clear,0,3,False,False,False,False,False,0.0
2026-09-28T03:12:46Z,IN,313,40.1578,-86.5387,55,Clear,0,5,False,False,False,False,False,0.0
2026-09-28T03:12:46Z,IN,312,40.1722,-86.5522,56,Clear,0,5,False,False,False,False,False,0.0
2026-09-28T03:12:46Z,IN,311,40.6992,-87.0628,54,Partly Cloudy,0,5,False,False,False,False,False,0.0
2026-09-28T03:12:46Z,IN,310,40.6984,-87.0646,54,Partly Cloudy,0,5,False,False,False,False,False,0.0
2026-09-28T03:12:46Z,IN,308,41.1653,-87.271,50,Partly Cloudy,0,5,False,False,False,False,False,0.0
2026-09-28T03:12:46Z,IN,309,41.1666,-87.2749,50,Partly Cloudy,0,5,False,False,False,False,False,0.0
2026-09-28T03:12:46Z,IN,318,40.3543,-85.5576,54,Clear,0,3,False,False,False,False,False,0.0
2026-09-28T03:12:46Z,IN,319,40.3569,-85.56,54,Clear,0,3,False,False,False,False,False,0.0
2026-09-28T03:12:46Z,IN,320,41.2963,-85.0863,55,Clear,0,5,False,False,False,False,False,0.0
2026-09-28T03:12:46Z,IN,321,41.5803,-85.0597,55,Clear,0,5,False,False,False,False,False,0.0
2026-09-28T03:12:46Z,IN,300,39.4417,-87.5002,58,Partly Cloudy,0,3,False,False,False,False,False,0.0
2026-09-28T03:12:46Z,IN,302,39.6517,-86.3967,58,Clear,0,5,False,False,False,False,False,0.0
2026-09-28T03:12:46Z,IN,301,39.6541,-86.4005,58,Clear,0,5,False,False,False,False,False,0.0
2026-09-28T03:12:46Z,IN,303,39.8243,-85.7039,55,Clear,0,5,False,False,False,False,False,0.0
2026-09-28T03:12:46Z,IN,304,39.8266,-85.704,55,Clear,0,5,False,False,False,False,False,0.0
2026-09-28T03:12:46Z,IN,305,39.8605,-85.0259,53,Clear,0,3,False,False,False,False,False,0.0
2026-09-28T03:12:46Z,IN,323,39.29,-85.1688,54,Mostly Clear,0,2,False,False,False,False,False,0.0
2026-09-28T03:12:46Z,IN,702,41.7472,-85.3285,55,Mostly Clear,0,5,False,False,False,False,False,0.0
2026-09-28T03:12:46Z,IN,701,41.5889,-87.2173,56,Partly Cloudy,0,5,False,False,False,False,False,0.0
2026-09-28T03:12:46Z,IN,704,41.7058,-86.6212,53,Mostly Cloudy,0,5,False,False,False,False,False,0.0
2026-09-28T03:12:46Z,IN,703,41.7071,-86.6235,53,Mostly Cloudy,0,5,False,False,False,False,False,0.0
2026-09-28T03:12:46Z,IN,705,41.733,-86.0057,55,Partly Cloudy,0,5,False,False,False,False,False,0.0
2026-09-28T03:12:46Z,IN,708,41.7472,-85.3285,55,Mostly Clear,0,5,False,False,False,False,False,0.0
2026-09-28T03:12:46Z,IN,707,41.7453,-85.3287,55,Mostly Clear,0,5,False,False,False,False,False,0.0
2026-09-28T03:12:46Z,IN,324,41.7353,-86.7933,53,Mostly Cloudy,0,0,False,False,False,False,False,0.0
2026-09-28T03:12:46Z,KY,KY00065IS0000020N65WELCOM,36.6434,-86.5687,64,Partly Cloudy,0,5,False,False,False,False,False,0.0
2026-09-28T03:12:46Z,KY,KY00065IS000020NSMARATHON,36.6612,-86.5553,64,Partly Cloudy,0,3,False,False,False,False,False,0.0
2026-09-28T03:12:46Z,KY,KY00065IS0000340NWEIGHS34,36.6868,-86.5379,64,Partly Cloudy,0,3,False,False,False,False,False,0.0
2026-09-28T03:12:46Z,KY,KY00065IS0011400S65SRA114,37.9464,-85.6905,66,Clear,0,3,False,False,False,False,False,0.0
2026-09-28T03:12:46Z,KY,KY00065IS0005900S65SRA059,37.239,-85.9297,63,Mostly Clear,0,1,False,False,False,False,False,0.0
2026-09-28T03:12:46Z,KY,KY00065IS0005900N65NRA059,37.2384,-85.9271,63,Mostly Clear,0,1,False,False,False,False,False,0.0
2026-09-28T03:12:46Z,KY,KY00075IS0003300NWEIGHS33,37.0422,-84.0968,58,Clear,0,2,False,False,False,False,False,0.0
2026-09-28T03:12:46Z,KY,KY00075IS0003400SWEIGHS34,37.048,-84.0997,58,Clear,0,2,False,False,False,False,False,0.0
2026-09-28T03:12:46Z,KY,KY00075IS0017700N75NRA177,38.937,-84.6309,59,Clear,0,5,False,False,False,False,False,0.0
2026-09-28T03:12:46Z,KY,KY00075IS0007500SWALTONWS,38.8653,-84.6476,59,Clear,0,5,False,False,False,False,False,0.0
2026-09-28T03:12:46Z,KY,KY00075IS0017700S75SRA177,38.9388,-84.6339,59,Clear,0,5,False,False,False,False,False,0.0
2026-09-28T03:12:46Z,KY,KY00075IS0016800SCRITENWS,38.8196,-84.6015,59,Clear,0,5,False,False,False,False,False,0.0
2026-09-28T03:12:46Z,KY,KY00075IS0000100N75WELCOM,36.6162,-84.1054,56,Mostly Clear,0,1,False,False,False,False,False,0.0
2026-09-28T03:12:50Z,IL,IL00064IW008500012,38.2766,-88.8012,64,Mostly Cloudy,0,2,False,False,False,False,True,0.2
2026-09-28T03:12:50Z,IL,IL00057IN026800032,40.5505,-88.0605,57,Partly Cloudy,0,5,False,False,False,False,True,0.2
2026-09-28T03:12:50Z,IL,IL00070IE008600051,39.0651,-88.6745,62,Mostly Cloudy,0,3,False,False,False,False,True,0.2
2026-09-28T03:12:50Z,IL,IL00072IW015200014,39.9888,-88.7852,62,Partly Cloudy,0,6,False,False,False,False,True,0.2
2026-09-28T03:12:50Z,IL,IL00055IS019400021,40.8371,-88.6833,53,Partly Cloudy,0,5,False,False,False,False,True,0.2
2026-09-28T03:12:50Z,IL,IL00057IN007900034,38.0297,-88.9203,65,Mostly Cloudy,0,2,False,False,False,False,True,0.2
2026-09-28T03:12:50Z,IL,IL00057IS007900047,38.0962,-88.9138,67,Mostly Cloudy,0,2,False,False,False,False,True,0.2
2026-09-28T03:12:50Z,IL,IL00055IN006400027,39.3465,-89.6408,63,Mostly Cloudy,0,3,False,False,False,False,True,0.2
2026-09-28T03:12:50Z,IL,IL00039IN008500036,41.7236,-89.0062,56,Partly Cloudy,0,5,False,False,False,False,True,0.2
2026-09-28T03:12:50Z,IL,IL00070IE002700042,38.7849,-89.7023,64,Mostly Cloudy,1,3,False,False,False,False,True,0.2
2026-09-28T03:12:50Z,IL,IL00074IE015600037,40.2732,-88.6762,62,Partly Cloudy,0,6,False,False,False,False,True,0.2
2026-09-28T03:12:50Z,IL,IL00080IE005100040,41.3938,-89.5665,61,Mostly Cloudy,0,5,False,False,False,False,True,0.2
2026-09-28T03:12:50Z,IL,IL00055IN019400031,40.8234,-88.6875,53,Partly Cloudy,0,5,False,False,False,False,True,0.2
2026-09-28T03:12:50Z,IL,IL00064IW013000053,38.2322,-87.9882,63,Partly Cloudy,0,1,False,False,False,False,True,0.2
2026-09-28T03:12:50Z,IL,IL00055IS002700019,38.8723,-89.8511,63,Mostly Cloudy,1,3,False,False,False,False,True,0.2
2026-09-28T03:12:50Z,IL,IL00057IS033300046,41.3918,-87.7749,55,Mostly Cloudy,0,5,False,False,False,False,True,0.2
2026-09-28T03:12:50Z,IL,IL00064IE008500039,38.273,-88.8496,65,Mostly Cloudy,0,2,False,False,False,False,True,0.2
2026-09-28T03:12:50Z,IL,IL00074IW002800020,41.2141,-90.3308,63,Mostly Cloudy,1,5,False,False,False,False,True,0.2
2026-09-28T03:12:50Z,IL,IL00055IN014900028,40.3599,-89.1099,62,Partly Cloudy,0,6,False,False,False,False,True,0.2
2026-09-28T03:12:50Z,IL,IL00080IW005100013,41.3937,-89.5591,62,Mostly Cloudy,0,5,False,False,False,False,True,0.2
2026-09-28T03:12:50Z,IL,IL00080IW011700016,41.4473,-88.3285,56,Partly Cloudy,0,5,False,False,False,False,True,0.2
2026-09-28T03:12:50Z,IL,IL00074IW015600009,40.2711,-88.6701,61,Partly Cloudy,0,6,False,False,False,False,True,0.2
2026-09-28T03:12:50Z,IL,IL00070IW002700015,38.7884,-89.6889,64,Mostly Cloudy,1,3,False,False,False,False,True,0.2
2026-09-28T03:12:50Z,IL,IL00057IS026800022,40.5613,-88.0615,57,Partly Cloudy,0,5,False,False,False,False,True,0.2
2026-09-28T03:12:50Z,IL,IL00080IE011700043,41.4314,-88.3454,56,Partly Cloudy,0,5,False,False,False,False,True,0.2
2026-09-28T03:12:50Z,IL,IL00024IW003700010,37.1593,-88.6798,65,Partly Cloudy,0,1,False,False,False,False,True,0.2
2026-09-28T03:12:50Z,IL,IL00055IN010400050,39.8627,-89.5948,63,Mostly Cloudy,0,5,False,False,False,False,True,0.2
2026-09-28T03:12:50Z,IL,IL00057IS011400023,38.5965,-88.9677,63,Mostly Cloudy,0,1,False,False,False,False,True,0.2
2026-09-28T03:12:50Z,IL,IL00057IN011400033,38.5963,-88.9638,63,Mostly Cloudy,0,1,False,False,False,False,True,0.2
2026-09-28T03:12:50Z,IL,IL00057IN022200048,39.9218,-88.299,58,Partly Cloudy,0,6,False,False,False,False,True,0.2
2026-09-28T03:12:50Z,IL,IL00057IN033300049,41.3892,-87.7729,54,Mostly Cloudy,0,5,False,False,False,False,True,0.2
2026-09-28T03:12:50Z,IL,IL00039IS008500026,41.7285,-89.0105,56,Partly Cloudy,0,5,False,False,False,False,True,0.2
2026-09-28T03:12:50Z,IL,IL00057IS022200054,39.9314,-88.3043,58,Partly Cloudy,0,6,False,False,False,False,True,0.2
2026-09-28T03:12:50Z,IL,IL00072IE015200041,39.9923,-88.7827,62,Partly Cloudy,0,6,False,False,False,False,True,0.2
2026-09-28T03:12:50Z,IL,IL00074IW006200004,40.8802,-90.0895,62,Mostly Cloudy,1,3,False,False,False,False,True,0.2
2026-09-28T03:12:50Z,IL,IL00074IE011400005,40.6125,-89.245,61,Partly Cloudy,0,5,False,False,False,False,True,0.2
2026-09-28T03:12:50Z,IL,IL00074IW020800052,40.1298,-87.7441,59,Partly Cloudy,0,5,False,False,False,False,True,0.2
2026-09-28T03:12:50Z,IL,IL00055IN002700029,38.8649,-89.8532,63,Mostly Cloudy,1,3,False,False,False,False,True,0.2
2026-09-28T03:12:50Z,IL,IL00055IS006400017,39.3523,-89.6447,63,Mostly Cloudy,0,3,False,False,False,False,True,0.2
2026-09-28T03:12:50Z,IL,IL00064IW002500011,38.5491,-89.7633,64,Mostly Cloudy,1,2,False,False,False,False,True,0.2
2026-09-28T03:12:50Z,IL,IL00074IE002800030,41.2334,-90.333,63,Mostly Cloudy,1,5,False,False,False,False,True,0.2
2026-09-28T03:12:50Z,IL,IL00064IE002500038,38.5481,-89.7731,64,Mostly Cloudy,1,2,False,False,False,False,True,0.2
2026-09-28T03:12:50Z,IL,IL00070IW008700045,39.0679,-88.6704,62,Mostly Cloudy,0,3,False,False,False,False,True,0.2
2026-09-28T03:12:50Z,IL,IL00057IS016500018,39.1993,-88.502,59,Partly Cloudy,0,5,False,False,False,False,True,0.2
2026-09-28T03:12:50Z,IL,IL00074IW011400006,40.6111,-89.2323,61,Partly Cloudy,0,5,False,False,False,False,True,0.2
2026-09-28T03:12:50Z,IL,IL00074IE006200001,40.8788,-90.0936,62,Mostly Cloudy,1,3,False,False,False,False,True,0.2
2026-09-28T03:12:50Z,IL,IL00070IW014900008,39.4228,-87.6617,56,Partly Cloudy,0,5,False,False,False,False,True,0.2
2026-09-28T03:12:50Z,IL,IL00057IN016500044,39.1898,-88.5031,59,Mostly Cloudy,0,5,False,False,False,False,True,0.2
2026-09-28T03:12:50Z,IL,IL00055IS010400024,39.8871,-89.5966,62,Mostly Cloudy,0,3,False,False,False,False,True,0.2
2026-09-28T03:12:50Z,IL,IL00057IS003200025,37.4699,-89.1329,64,Partly Cloudy,1,1,False,False,False,False,True,0.2
2026-09-28T03:12:50Z,IL,IL00057IN003200035,37.4661,-89.1324,64,Partly Cloudy,1,1,False,False,False,False,True,0.2
2026-09-28T03:12:50Z,KY,KY00065IS0000020N65WELCOM,36.6434,-86.5687,64,Partly Cloudy,0,5,False,False,False,False,False,0.0
2026-09-28T03:12:50Z,KY,KY00065IS000020NSMARATHON,36.6612,-86.5553,64,Partly Cloudy,0,3,False,False,False,False,False,0.0
2026-09-28T03:12:50Z,KY,KY00065IS0000340NWEIGHS34,36.6868,-86.5379,64,Partly Cloudy,0,3,False,False,False,False,False,0.0
2026-09-28T03:12:50Z,KY,KY00065IS0011400S65SRA114,37.9464,-85.6905,66,Clear,0,3,False,False,False,False,False,0.0
2026-09-28T03:12:50Z,KY,KY00065IS0005900S65SRA059,37.239,-85.9297,63,Mostly Clear,0,1,False,False,False,False,False,0.0
2026-09-28T03:12:50Z,KY,KY00065IS0005900N65NRA059,37.2384,-85.9271,63,Mostly Clear,0,1,False,False,False,False,False,0.0
2026-09-28T03:12:50Z,KY,KY00075IS0003300NWEIGHS33,37.0422,-84.0968,58,Clear,0,2,False,False,False,False,False,0.0
2026-09-28T03:12:50Z,KY,KY00075IS0003400SWEIGHS34,37.048,-84.0997,58,Clear,0,2,False,False,False,False,False,0.0
2026-09-28T03:12:50Z,KY,KY00075IS0017700N75NRA177,38.937,-84.6309,59,Clear,0,5,False,False,False,False,False,0.0
2026-09-28T03:12:50Z,KY,KY00075IS0007500SWALTONWS,38.8653,-84.6476,59,Clear,0,5,False,False,False,False,False,0.0
2026-09-28T03:12:50Z,KY,KY00075IS0017700S75SRA177,38.9388,-84.6339,59,Clear,0,5,False,False,False,False,False,0.0
2026-09-28T03:12:50Z,KY,KY00075IS0016800SCRITENWS,38.8196,-84.6015,59,Clear,0,5,False,False,False,False,False,0.0
2026-09-28T03:12:50Z,KY,KY00075IS0000100N75WELCOM,36.6162,-84.1054,56,Mostly Clear,0,1,False,False,False,False,False,0.0
2026-09-28T03:13:03Z,IL,IL00064IW008500012,38.2766,-88.8012,64,Mostly Cloudy,0,2,False,False,False,False,True,0.2
2026-09-28T03:13:03Z,IL,IL00057IN026800032,40.5505,-88.0605,57,Partly Cloudy,0,5,False,False,False,False,True,0.2
2026-09-28T03:13:03Z,IL,IL00070IE008600051,39.0651,-88.6745,62,Mostly Cloudy,0,3,False,False,False,False,True,0.2
2026-09-28T03:13:03Z,IL,IL00072IW015200014,39.9888,-88.7852,62,Partly Cloudy,0,6,False,False,False,False,True,0.2
2026-09-28T03:13:03Z,IL,IL00055IS019400021,40.8371,-88.6833,53,Partly Cloudy,0,5,False,False,False,False,True,0.2
2026-09-28T03:13:03Z,IL,IL00057IN007900034,38.0297,-88.9203,65,Mostly Cloudy,0,2,False,False,False,False,True,0.2
2026-09-28T03:13:03Z,IL,IL00057IS007900047,38.0962,-88.9138,67,Mostly Cloudy,0,2,False,False,False,False,True,0.2
2026-09-28T03:13:03Z,IL,IL00055IN006400027,39.3465,-89.6408,63,Mostly Cloudy,0,3,False,False,False,False,True,0.2
2026-09-28T03:13:03Z,IL,IL00039IN008500036,41.7236,-89.0062,56,Partly Cloudy,0,5,False,False,False,False,True,0.2
2026-09-28T03:13:03Z,IL,IL00070IE002700042,38.7849,-89.7023,64,Mostly Cloudy,1,3,False,False,False,False,True,0.2
2026-09-28T03:13:03Z,IL,IL00074IE015600037,40.2732,-88.6762,62,Partly Cloudy,0,6,False,False,False,False,True,0.2
2026-09-28T03:13:03Z,IL,IL00080IE005100040,41.3938,-89.5665,61,Mostly Cloudy,0,5,False,False,False,False,True,0.2
2026-09-28T03:13:03Z,IL,IL00055IN019400031,40.8234,-88.6875,53,Partly Cloudy,0,5,False,False,False,False,True,0.2
2026-09-28T03:13:03Z,IL,IL00064IW013000053,38.2322,-87.9882,63,Partly Cloudy,0,1,False,False,False,False,True,0.2
2026-09-28T03:13:03Z,IL,IL00055IS002700019,38.8723,-89.8511,63,Mostly Cloudy,1,3,False,False,False,False,True,0.2
2026-09-28T03:13:03Z,IL,IL00057IS033300046,41.3918,-87.7749,55,Mostly Cloudy,0,5,False,False,False,False,True,0.2
2026-09-28T03:13:03Z,IL,IL00064IE008500039,38.273,-88.8496,65,Mostly Cloudy,0,2,False,False,False,False,True,0.2
2026-09-28T03:13:03Z,IL,IL00074IW002800020,41.2141,-90.3308,63,Mostly Cloudy,1,5,False,False,False,False,True,0.2
2026-09-28T03:13:03Z,IL,IL00055IN014900028,40.3599,-89.1099,62,Partly Cloudy,0,6,False,False,False,False,True,0.2
2026-09-28T03:13:03Z,IL,IL00080IW005100013,41.3937,-89.5591,62,Mostly Cloudy,0,5,False,False,False,False,True,0.2
2026-09-28T03:13:03Z,IL,IL00080IW011700016,41.4473,-88.3285,56,Partly Cloudy,0,5,False,False,False,False,True,0.2
2026-09-28T03:13:03Z,IL,IL00074IW015600009,40.2711,-88.6701,61,Partly Cloudy,0,6,False,False,False,False,True,0.2
2026-09-28T03:13:03Z,IL,IL00070IW002700015,38.7884,-89.6889,64,Mostly Cloudy,1,3,False,False,False,False,True,0.2
2026-09-28T03:13:03Z,IL,IL00057IS026800022,40.5613,-88.0615,57,Partly Cloudy,0,5,False,False,False,False,True,0.2
2026-09-28T03:13:03Z,IL,IL00080IE011700043,41.4314,-88.3454,56,Partly Cloudy,0,5,False,False,False,False,True,0.2
2026-09-28T03:13:03Z,IL,IL00024IW003700010,37.1593,-88.6798,65,Partly Cloudy,0,1,False,False,False,False,True,0.2
2026-09-28T03:13:03Z,IL,IL00055IN010400050,39.8627,-89.5948,63,Mostly Cloudy,0,5,False,False,False,False,True,0.2
2026-09-28T03:13:03Z,IL,IL00057IS011400023,38.5965,-88.9677,63,Mostly Cloudy,0,1,False,False,False,False,True,0.2
2026-09-28T03:13:03Z,IL,IL00057IN011400033,38.5963,-88.9638,63,Mostly Cloudy,0,1,False,False,False,False,True,0.2
2026-09-28T03:13:03Z,IL,IL00057IN022200048,39.9218,-88.299,58,Partly Cloudy,0,6,False,False,False,False,True,0.2
2026-09-28T03:13:03Z,IL,IL00057IN033300049,41.3892,-87.7729,54,Mostly Cloudy,0,5,False,False,False,False,True,0.2
2026-09-28T03:13:03Z,IL,IL00039IS008500026,41.7285,-89.0105,56,Partly Cloudy,0,5,False,False,False,False,True,0.2
2026-09-28T03:13:03Z,IL,IL00057IS022200054,39.9314,-88.3043,58,Partly Cloudy,0,6,False,False,False,False,True,0.2
2026-09-28T03:13:03Z,IL,IL00072IE015200041,39.9923,-88.7827,62,Partly Cloudy,0,6,False,False,False,False,True,0.2
2026-09-28T03:13:03Z,IL,IL00074IW006200004,40.8802,-90.0895,62,Mostly Cloudy,1,3,False,False,False,False,True,0.2
2026-09-28T03:13:03Z,IL,IL00074IE011400005,40.6125,-89.245,61,Partly Cloudy,0,5,False,False,False,False,True,0.2
2026-09-28T03:13:03Z,IL,IL00074IW020800052,40.1298,-87.7441,59,Partly Cloudy,0,5,False,False,False,False,True,0.2
2026-09-28T03:13:03Z,IL,IL00055IN002700029,38.8649,-89.8532,63,Mostly Cloudy,1,3,False,False,False,False,True,0.2
2026-09-28T03:13:03Z,IL,IL00055IS006400017,39.3523,-89.6447,63,Mostly Cloudy,0,3,False,False,False,False,True,0.2
2026-09-28T03:13:03Z,IL,IL00064IW002500011,38.5491,-89.7633,64,Mostly Cloudy,1,2,False,False,False,False,True,0.2
2026-09-28T03:13:03Z,IL,IL00074IE002800030,41.2334,-90.333,63,Mostly Cloudy,1,5,False,False,False,False,True,0.2
2026-09-28T03:13:03Z,IL,IL00064IE002500038,38.5481,-89.7731,64,Mostly Cloudy,1,2,False,False,False,False,True,0.2
2026-09-28T03:13:03Z,IL,IL00070IW008700045,39.0679,-88.6704,62,Mostly Cloudy,0,3,False,False,False,False,True,0.2
2026-09-28T03:13:03Z,IL,IL00057IS016500018,39.1993,-88.502,59,Partly Cloudy,0,5,False,False,False,False,True,0.2
2026-09-28T03:13:03Z,IL,IL00074IW011400006,40.6111,-89.2323,61,Partly Cloudy,0,5,False,False,False,False,True,0.2
2026-09-28T03:13:03Z,IL,IL00074IE006200001,40.8788,-90.0936,62,Mostly Cloudy,1,3,False,False,False,False,True,0.2
2026-09-28T03:13:03Z,IL,IL00070IW014900008,39.4228,-87.6617,56,Partly Cloudy,0,5,False,False,False,False,True,0.2
2026-09-28T03:13:03Z,IL,IL00057IN016500044,39.1898,-88.5031,59,Mostly Cloudy,0,5,False,False,False,False,True,0.2
2026-09-28T03:13:03Z,IL,IL00055IS010400024,39.8871,-89.5966,62,Mostly Cloudy,0,3,False,False,False,False,True,0.2
2026-09-28T03:13:03Z,IL,IL00057IS003200025,37.4699,-89.1329,64,Partly Cloudy,1,1,False,False,False,False,True,0.2
2026-09-28T03:13:03Z,IL,IL00057IN003200035,37.4661,-89.1324,64,Partly Cloudy,1,1,False,False,False,False,True,0.2
2026-09-28T03:13:03Z,IN,322,38.195,-87.8597,61,Partly Cloudy,0,2,False,False,False,False,False,0.0
2026-09-28T03:13:03Z,IN,317,38.5852,-85.7768,59,Clear,0,2,False,False,False,False,False,0.0
2026-09-28T03:13:03Z,IN,316,38.5859,-85.7809,59,Clear,0,2,False,False,False,False,False,0.0
2026-09-28T03:13:03Z,IN,315,39.2602,-85.9521,57,Clear,0,3,False,False,False,False,False,0.0
2026-09-28T03:13:03Z,IN,314,39.2767,-85.9569,57,Clear,0,3,False,False,False,False,False,0.0
2026-09-28T03:13:03Z,IN,313,40.1578,-86.5387,55,Clear,0,5,False,False,False,False,False,0.0
2026-09-28T03:13:03Z,IN,312,40.1722,-86.5522,56,Clear,0,5,False,False,False,False,False,0.0
2026-09-28T03:13:03Z,IN,311,40.6992,-87.0628,54,Partly Cloudy,0,5,False,False,False,False,False,0.0
2026-09-28T03:13:03Z,IN,310,40.6984,-87.0646,54,Partly Cloudy,0,5,False,False,False,False,False,0.0
2026-09-28T03:13:03Z,IN,308,41.1653,-87.271,50,Partly Cloudy,0,5,False,False,False,False,False,0.0
2026-09-28T03:13:03Z,IN,309,41.1666,-87.2749,50,Partly Cloudy,0,5,False,False,False,False,False,0.0
2026-09-28T03:13:03Z,IN,318,40.3543,-85.5576,54,Clear,0,3,False,False,False,False,False,0.0
2026-09-28T03:13:03Z,IN,319,40.3569,-85.56,54,Clear,0,3,False,False,False,False,False,0.0
2026-09-28T03:13:03Z,IN,320,41.2963,-85.0863,55,Clear,0,5,False,False,False,False,False,0.0
2026-09-28T03:13:03Z,IN,321,41.5803,-85.0597,55,Clear,0,5,False,False,False,False,False,0.0
2026-09-28T03:13:03Z,IN,300,39.4417,-87.5002,58,Partly Cloudy,0,3,False,False,False,False,False,0.0
2026-09-28T03:13:03Z,IN,302,39.6517,-86.3967,58,Clear,0,5,False,False,False,False,False,0.0
2026-09-28T03:13:03Z,IN,301,39.6541,-86.4005,58,Clear,0,5,False,False,False,False,False,0.0
2026-09-28T03:13:03Z,IN,303,39.8243,-85.7039,55,Clear,0,5,False,False,False,False,False,0.0
2026-09-28T03:13:03Z,IN,304,39.8266,-85.704,55,Clear,0,5,False,False,False,False,False,0.0
2026-09-28T03:13:03Z,IN,305,39.8605,-85.0259,53,Clear,0,3,False,False,False,False,False,0.0
2026-09-28T03:13:03Z,IN,323,39.29,-85.1688,54,Mostly Clear,0,2,False,False,False,False,False,0.0
2026-09-28T03:13:03Z,IN,702,41.7472,-85.3285,55,Mostly Clear,0,5,False,False,False,False,False,0.0
2026-09-28T03:13:03Z,IN,701,41.5889,-87.2173,56,Partly Cloudy,0,5,False,False,False,False,False,0.0
2026-09-28T03:13:03Z,IN,704,41.7058,-86.6212,53,Mostly Cloudy,0,5,False,False,False,False,False,0.0
2026-09-28T03:13:03Z,IN,703,41.7071,-86.6235,53,Mostly Cloudy,0,5,False,False,False,False,False,0.0
2026-09-28T03:13:03Z,IN,705,41.733,-86.0057,55,Partly Cloudy,0,5,False,False,False,False,False,0.0
2026-09-28T03:13:03Z,IN,708,41.7472,-85.3285,55,Mostly Clear,0,5,False,False,False,False,False,0.0
2026-09-28T03:13:03Z,IN,707,41.7453,-85.3287,55,Mostly Clear,0,5,False,False,False,False,False,0.0
2026-09-28T03:13:03Z,IN,324,41.7353,-86.7933,53,Mostly Cloudy,0,0,False,False,False,False,False,0.0
2026-09-28T03:13:03Z,KY,KY00065IS0000020N65WELCOM,36.6434,-86.5687,64,Partly Cloudy,0,5,False,False,False,False,False,0.0
2026-09-28T03:13:03Z,KY,KY00065IS000020NSMARATHON,36.6612,-86.5553,64,Partly Cloudy,0,3,False,False,False,False,False,0.0
2026-09-28T03:13:03Z,KY,KY00065IS0000340NWEIGHS34,36.6868,-86.5379,64,Partly Cloudy,0,3,False,False,False,False,False,0.0
2026-09-28T03:13:03Z,KY,KY00065IS0011400S65SRA114,37.9464,-85.6905,66,Clear,0,3,False,False,False,False,False,0.0
2026-09-28T03:13:03Z,KY,KY00065IS0005900S65SRA059,37.239,-85.9297,63,Mostly Clear,0,1,False,False,False,False,False,0.0
2026-09-28T03:13:03Z,KY,KY00065IS0005900N65NRA059,37.2384,-85.9271,63,Mostly Clear,0,1,False,False,False,False,False,0.0
2026-09-28T03:13:03Z,KY,KY00075IS0003300NWEIGHS33,37.0422,-84.0968,58,Clear,0,2,False,False,False,False,False,0.0
2026-09-28T03:13:03Z,KY,KY00075IS0003400SWEIGHS34,37.048,-84.0997,58,Clear,0,2,False,False,False,False,False,0.0
2026-09-28T03:13:03Z,KY,KY00075IS0017700N75NRA177,38.937,-84.6309,59,Clear,0,5,False,False,False,False,False,0.0
2026-09-28T03:13:03Z,KY,KY00075IS0007500SWALTONWS,38.8653,-84.6476,59,Clear,0,5,False,False,False,False,False,0.0
2026-09-28T03:13:03Z,KY,KY00075IS0017700S75SRA177,38.9388,-84.6339,59,Clear,0,5,False,False,False,False,False,0.0
2026-09-28T03:13:03Z,KY,KY00075IS0016800SCRITENWS,38.8196,-84.6015,59,Clear,0,5,False,False,False,False,False,0.0
2026-09-28T03:13:03Z,KY,KY00075IS0000100N75WELCOM,36.6162,-84.1054,56,Mostly Clear,0,1,False,False,False,False,False,0.0
2026-09-28T03:13:07Z,IL,IL00064IW008500012,38.2766,-88.8012,64,Mostly Cloudy,0,2,False,False,False,False,True,0.2
2026-09-28T03:13:07Z,IL,IL00057IN026800032,40.5505,-88.0605,57,Partly Cloudy,0,5,False,False,False,False,True,0.2
2026-09-28T03:13:07Z,IL,IL00070IE008600051,39.0651,-88.6745,62,Mostly Cloudy,0,3,False,False,False,False,True,0.2
2026-09-28T03:13:07Z,IL,IL00072IW015200014,39.9888,-88.7852,62,Partly Cloudy,0,6,False,False,False,False,True,0.2
2026-09-28T03:13:07Z,IL,IL00055IS019400021,40.8371,-88.6833,53,Partly Cloudy,0,5,False,False,False,False,True,0.2
2026-09-28T03:13:07Z,IL,IL00057IN007900034,38.0297,-88.9203,65,Mostly Cloudy,0,2,False,False,False,False,True,0.2
2026-09-28T03:13:07Z,IL,IL00057IS007900047,38.0962,-88.9138,67,Mostly Cloudy,0,2,False,False,False,False,True,0.2
2026-09-28T03:13:07Z,IL,IL00055IN006400027,39.3465,-89.6408,63,Mostly Cloudy,0,3,False,False,False,False,True,0.2
2026-09-28T03:13:07Z,IL,IL00039IN008500036,41.7236,-89.0062,56,Partly Cloudy,0,5,False,False,False,False,True,0.2
2026-09-28T03:13:07Z,IL,IL00070IE002700042,38.7849,-89.7023,64,Mostly Cloudy,1,3,False,False,False,False,True,0.2
2026-09-28T03:13:07Z,IL,IL00074IE015600037,40.2732,-88.6762,62,Partly Cloudy,0,6,False,False,False,False,True,0.2
2026-09-28T03:13:07Z,IL,IL00080IE005100040,41.3938,-89.5665,61,Mostly Cloudy,0,5,False,False,False,False,True,0.2
2026-09-28T03:13:07Z,IL,IL00055IN019400031,40.8234,-88.6875,53,Partly Cloudy,0,5,False,False,False,False,True,0.2
2026-09-28T03:13:07Z,IL,IL00064IW013000053,38.2322,-87.9882,63,Partly Cloudy,0,1,False,False,False,False,True,0.2
2026-09-28T03:13:07Z,IL,IL00055IS002700019,38.8723,-89.8511,63,Mostly Cloudy,1,3,False,False,False,False,True,0.2
2026-09-28T03:13:07Z,IL,IL00057IS033300046,41.3918,-87.7749,55,Mostly Cloudy,0,5,False,False,False,False,True,0.2
2026-09-28T03:13:07Z,IL,IL00064IE008500039,38.273,-88.8496,65,Mostly Cloudy,0,2,False,False,False,False,True,0.2
2026-09-28T03:13:07Z,IL,IL00074IW002800020,41.2141,-90.3308,63,Mostly Cloudy,1,5,False,False,False,False,True,0.2
2026-09-28T03:13:07Z,IL,IL00055IN014900028,40.3599,-89.1099,62,Partly Cloudy,0,6,False,False,False,False,True,0.2
2026-09-28T03:13:07Z,IL,IL00080IW005100013,41.3937,-89.5591,62,Mostly Cloudy,0,5,False,False,False,False,True,0.2
2026-09-28T03:13:07Z,IL,IL00080IW011700016,41.4473,-88.3285,56,Partly Cloudy,0,5,False,False,False,False,True,0.2
2026-09-28T03:13:07Z,IL,IL00074IW015600009,40.2711,-88.6701,61,Partly Cloudy,0,6,False,False,False,False,True,0.2
2026-09-28T03:13:07Z,IL,IL00070IW002700015,38.7884,-89.6889,64,Mostly Cloudy,1,3,False,False,False,False,True,0.2
2026-09-28T03:13:07Z,IL,IL00057IS026800022,40.5613,-88.0615,57,Partly Cloudy,0,5,False,False,False,False,True,0.2
2026-09-28T03:13:07Z,IL,IL00080IE011700043,41.4314,-88.3454,56,Partly Cloudy,0,5,False,False,False,False,True,0.2
2026-09-28T03:13:07Z,IL,IL00024IW003700010,37.1593,-88.6798,65,Partly Cloudy,0,1,False,False,False,False,True,0.2
2026-09-28T03:13:07Z,IL,IL00055IN010400050,39.8627,-89.5948,63,Mostly Cloudy,0,5,False,False,False,False,True,0.2
2026-09-28T03:13:07Z,IL,IL00057IS011400023,38.5965,-88.9677,63,Mostly Cloudy,0,1,False,False,False,False,True,0.2
2026-09-28T03:13:07Z,IL,IL00057IN011400033,38.5963,-88.9638,63,Mostly Cloudy,0,1,False,False,False,False,True,0.2
2026-09-28T03:13:07Z,IL,IL00057IN022200048,39.9218,-88.299,58,Partly Cloudy,0,6,False,False,False,False,True,0.2
2026-09-28T03:13:07Z,IL,IL00057IN033300049,41.3892,-87.7729,54,Mostly Cloudy,0,5,False,False,False,False,True,0.2
2026-09-28T03:13:07Z,IL,IL00039IS008500026,41.7285,-89.0105,56,Partly Cloudy,0,5,False,False,False,False,True,0.2
2026-09-28T03:13:07Z,IL,IL00057IS022200054,39.9314,-88.3043,58,Partly Cloudy,0,6,False,False,False,False,True,0.2
2026-09-28T03:13:07Z,IL,IL00072IE015200041,39.9923,-88.7827,62,Partly Cloudy,0,6,False,False,False,False,True,0.2
2026-09-28T03:13:07Z,IL,IL00074IW006200004,40.8802,-90.0895,62,Mostly Cloudy,1,3,False,False,False,False,True,0.2
2026-09-28T03:13:07Z,IL,IL00074IE011400005,40.6125,-89.245,61,Partly Cloudy,0,5,False,False,False,False,True,0.2
2026-09-28T03:13:07Z,IL,IL00074IW020800052,40.1298,-87.7441,59,Partly Cloudy,0,5,False,False,False,False,True,0.2
2026-09-28T03:13:07Z,IL,IL00055IN002700029,38.8649,-89.8532,63,Mostly Cloudy,1,3,False,False,False,False,True,0.2
2026-09-28T03:13:07Z,IL,IL00055IS006400017,39.3523,-89.6447,63,Mostly Cloudy,0,3,False,False,False,False,True,0.2
2026-09-28T03:13:07Z,IL,IL00064IW002500011,38.5491,-89.7633,64,Mostly Cloudy,1,2,False,False,False,False,True,0.2
2026-09-28T03:13:07Z,IL,IL00074IE002800030,41.2334,-90.333,63,Mostly Cloudy,1,5,False,False,False,False,True,0.2
2026-09-28T03:13:07Z,IL,IL00064IE002500038,38.5481,-89.7731,64,Mostly Cloudy,1,2,False,False,False,False,True,0.2
2026-09-28T03:13:07Z,IL,IL00070IW008700045,39.0679,-88.6704,62,Mostly Cloudy,0,3,False,False,False,False,True,0.2
2026-09-28T03:13:07Z,IL,IL00057IS016500018,39.1993,-88.502,59,Partly Cloudy,0,5,False,False,False,False,True,0.2
2026-09-28T03:13:07Z,IL,IL00074IW011400006,40.6111,-89.2323,61,Partly Cloudy,0,5,False,False,False,False,True,0.2
2026-09-28T03:13:07Z,IL,IL00074IE006200001,40.8788,-90.0936,62,Mostly Cloudy,1,3,False,False,False,False,True,0.2
2026-09-28T03:13:07Z,IL,IL00070IW014900008,39.4228,-87.6617,56,Partly Cloudy,0,5,False,False,False,False,True,0.2
2026-09-28T03:13:07Z,IL,IL00057IN016500044,39.1898,-88.5031,59,Mostly Cloudy,0,5,False,False,False,False,True,0.2
2026-09-28T03:13:07Z,IL,IL00055IS010400024,39.8871,-89.5966,62,Mostly Cloudy,0,3,False,False,False,False,True,0.2
2026-09-28T03:13:07Z,IL,IL00057IS003200025,37.4699,-89.1329,64,Partly Cloudy,1,1,False,False,False,False,True,0.2
2026-09-28T03:13:07Z,IL,IL00057IN003200035,37.4661,-89.1324,64,Partly Cloudy,1,1,False,False,False,False,True,0.2
2026-09-28T03:13:07Z,IN,322,38.195,-87.8597,61,Partly Cloudy,0,2,False,False,False,False,False,0.0
2026-09-28T03:13:07Z,IN,317,38.5852,-85.7768,59,Clear,0,2,False,False,False,False,False,0.0
2026-09-28T03:13:07Z,IN,316,38.5859,-85.7809,59,Clear,0,2,False,False,False,False,False,0.0
2026-09-28T03:13:07Z,IN,315,39.2602,-85.9521,57,Clear,0,3,False,False,False,False,False,0.0
2026-09-28T03:13:07Z,IN,314,39.2767,-85.9569,57,Clear,0,3,False,False,False,False,False,0.0
2026-09-28T03:13:07Z,IN,313,40.1578,-86.5387,55,Clear,0,5,False,False,False,False,False,0.0
2026-09-28T03:13:07Z,IN,312,40.1722,-86.5522,56,Clear,0,5,False,False,False,False,False,0.0
2026-09-28T03:13:07Z,IN,311,40.6992,-87.0628,54,Partly Cloudy,0,5,False,False,False,False,False,0.0
2026-09-28T03:13:07Z,IN,310,40.6984,-87.0646,54,Partly Cloudy,0,5,False,False,False,False,False,0.0
2026-09-28T03:13:07Z,IN,308,41.1653,-87.271,50,Partly Cloudy,0,5,False,False,False,False,False,0.0
2026-09-28T03:13:07Z,IN,309,41.1666,-87.2749,50,Partly Cloudy,0,5,False,False,False,False,False,0.0
2026-09-28T03:13:07Z,IN,318,40.3543,-85.5576,54,Clear,0,3,False,False,False,False,False,0.0
2026-09-28T03:13:07Z,IN,319,40.3569,-85.56,54,Clear,0,3,False,False,False,False,False,0.0
2026-09-28T03:13:07Z,IN,320,41.2963,-85.0863,55,Clear,0,5,False,False,False,False,False,0.0
2026-09-28T03:13:07Z,IN,321,41.5803,-85.0597,55,Clear,0,5,False,False,False,False,False,0.0
2026-09-28T03:13:07Z,IN,300,39.4417,-87.5002,58,Partly Cloudy,0,3,False,False,False,False,False,0.0
2026-09-28T03:13:07Z,IN,302,39.6517,-86.3967,58,Clear,0,5,False,False,False,False,False,0.0
2026-09-28T03:13:07Z,IN,301,39.6541,-86.4005,58,Clear,0,5,False,False,False,False,False,0.0
2026-09-28T03:13:07Z,IN,303,39.8243,-85.7039,55,Clear,0,5,False,False,False,False,False,0.0
2026-09-28T03:13:07Z,IN,304,39.8266,-85.704,55,Clear,0,5,False,False,False,False,False,0.0
2026-09-28T03:13:07Z,IN,305,39.8605,-85.0259,53,Clear,0,3,False,False,False,False,False,0.0
2026-09-28T03:13:07Z,IN,323,39.29,-85.1688,54,Mostly Clear,0,2,False,False,False,False,False,0.0
2026-09-28T03:13:07Z,IN,702,41.7472,-85.3285,55,Mostly Clear,0,5,False,False,False,False,False,0.0
2026-09-28T03:13:07Z,IN,701,41.5889,-87.2173,56,Partly Cloudy,0,5,False,False,False,False,False,0.0
2026-09-28T03:13:07Z,IN,704,41.7058,-86.6212,53,Mostly Cloudy,0,5,False,False,False,False,False,0.0
2026-09-28T03:13:07Z,IN,703,41.7071,-86.6235,53,Mostly Cloudy,0,5,False,False,False,False,False,0.0
2026-09-28T03:13:07Z,IN,705,41.733,-86.0057,55,Partly Cloudy,0,5,False,False,False,False,False,0.0
2026-09-28T03:13:07Z,IN,708,41.7472,-85.3285,55,Mostly Clear,0,5,False,False,False,False,False,0.0
2026-09-28T03:13:07Z,IN,707,41.7453,-85.3287,55,Mostly Clear,0,5,False,False,False,False,False,0.0
2026-09-28T03:13:07Z,IN,324,41.7353,-86.7933,53,Mostly Cloudy,0,0,False,False,False,False,False,0.0
2026-09-28T03:13:07Z,KY,KY00065IS0000020N65WELCOM,36.6434,-86.5687,64,Partly Cloudy,0,5,False,False,False,False,False,0.0
2026-09-28T03:13:07Z,KY,KY00065IS000020NSMARATHON,36.6612,-86.5553,64,Partly Cloudy,0,3,False,False,False,False,False,0.0
2026-09-28T03:13:07Z,KY,KY00065IS0000340NWEIGHS34,36.6868,-86.5379,64,Partly Cloudy,0,3,False,False,False,False,False,0.0
2026-09-28T03:13:07Z,KY,KY00065IS0011400S65SRA114,37.9464,-85.6905,66,Clear,0,3,False,False,False,False,False,0.0
2026-09-28T03:13:07Z,KY,KY00065IS0005900S65SRA059,37.239,-85.9297,63,Mostly Clear,0,1,False,False,False,False,False,0.0
2026-09-28T03:13:07Z,KY,KY00065IS0005900N65NRA059,37.2384,-85.9271,63,Mostly Clear,0,1,False,False,False,False,False,0.0
2026-09-28T03:13:07Z,KY,KY00075IS0003300NWEIGHS33,37.0422,-84.0968,58,Clear,0,2,False,False,False,False,False,0.0
2026-09-28T03:13:07Z,KY,KY00075IS0003400SWEIGHS34,37.048,-84.0997,58,Clear,0,2,False,False,False,False,False,0.0
2026-09-28T03:13:07Z,KY,KY00075IS0017700N75NRA177,38.937,-84.6309,59,Clear,0,5,False,False,False,False,False,0.0
2026-09-28T03:13:07Z,KY,KY00075IS0007500SWALTONWS,38.8653,-84.6476,59,Clear,0,5,False,False,False,False,False,0.0
2026-09-28T03:13:07Z,KY,KY00075IS0017700S75SRA177,38.9388,-84.6339,59,Clear,0,5,False,False,False,False,False,0.0
2026-09-28T03:13:07Z,KY,KY00075IS0016800SCRITENWS,38.8196,-84.6015,59,Clear,0,5,False,False,False,False,False,0.0
2026-09-28T03:13:07Z,KY,KY00075IS0000100N75WELCOM,36.6162,-84.1054,56,Mostly Clear,0,1,False,False,False,False,False,0.0
2026-09-28T03:13:11Z,IL,IL00064IW008500012,38.2766,-88.8012,64,Mostly Cloudy,0,2,False,False,False,False,True,0.2
2026-09-28T03:13:11Z,IL,IL00057IN026800032,40.5505,-88.0605,57,Partly Cloudy,0,5,False,False,False,False,True,0.2
2026-09-28T03:13:11Z,IL,IL00070IE008600051,39.0651,-88.6745,62,Mostly Cloudy,0,3,False,False,False,False,True,0.2
2026-09-28T03:13:11Z,IL,IL00072IW015200014,39.9888,-88.7852,62,Partly Cloudy,0,6,False,False,False,False,True,0.2
2026-09-28T03:13:11Z,IL,IL00055IS019400021,40.8371,-88.6833,53,Partly Cloudy,0,5,False,False,False,False,True,0.2
2026-09-28T03:13:11Z,IL,IL00057IN007900034,38.0297,-88.9203,65,Mostly Cloudy,0,2,False,False,False,False,True,0.2
2026-09-28T03:13:11Z,IL,IL00057IS007900047,38.0962,-88.9138,67,Mostly Cloudy,0,2,False,False,False,False,True,0.2
2026-09-28T03:13:11Z,IL,IL00055IN006400027,39.3465,-89.6408,63,Mostly Cloudy,0,3,False,False,False,False,True,0.2
2026-09-28T03:13:11Z,IL,IL00039IN008500036,41.7236,-89.0062,56,Partly Cloudy,0,5,False,False,False,False,True,0.2
2026-09-28T03:13:11Z,IL,IL00070IE002700042,38.7849,-89.7023,64,Mostly Cloudy,1,3,False,False,False,False,True,0.2
2026-09-28T03:13:11Z,IL,IL00074IE015600037,40.2732,-88.6762,62,Partly Cloudy,0,6,False,False,False,False,True,0.2
2026-09-28T03:13:11Z,IL,IL00080IE005100040,41.3938,-89.5665,61,Mostly Cloudy,0,5,False,False,False,False,True,0.2
2026-09-28T03:13:11Z,IL,IL00055IN019400031,40.8234,-88.6875,53,Partly Cloudy,0,5,False,False,False,False,True,0.2
2026-09-28T03:13:11Z,IL,IL00064IW013000053,38.2322,-87.9882,63,Partly Cloudy,0,1,False,False,False,False,True,0.2
2026-09-28T03:13:11Z,IL,IL00055IS002700019,38.8723,-89.8511,63,Mostly Cloudy,1,3,False,False,False,False,True,0.2
2026-09-28T03:13:11Z,IL,IL00057IS033300046,41.3918,-87.7749,55,Mostly Cloudy,0,5,False,False,False,False,True,0.2
2026-09-28T03:13:11Z,IL,IL00064IE008500039,38.273,-88.8496,65,Mostly Cloudy,0,2,False,False,False,False,True,0.2
2026-09-28T03:13:11Z,IL,IL00074IW002800020,41.2141,-90.3308,63,Mostly Cloudy,1,5,False,False,False,False,True,0.2
2026-09-28T03:13:11Z,IL,IL00055IN014900028,40.3599,-89.1099,62,Partly Cloudy,0,6,False,False,False,False,True,0.2
2026-09-28T03:13:11Z,IL,IL00080IW005100013,41.3937,-89.5591,62,Mostly Cloudy,0,5,False,False,False,False,True,0.2
2026-09-28T03:13:11Z,IL,IL00080IW011700016,41.4473,-88.3285,56,Partly Cloudy,0,5,False,False,False,False,True,0.2
2026-09-28T03:13:11Z,IL,IL00074IW015600009,40.2711,-88.6701,61,Partly Cloudy,0,6,False,False,False,False,True,0.2
2026-09-28T03:13:11Z,IL,IL00070IW002700015,38.7884,-89.6889,64,Mostly Cloudy,1,3,False,False,False,False,True,0.2
2026-09-28T03:13:11Z,IL,IL00057IS026800022,40.5613,-88.0615,57,Partly Cloudy,0,5,False,False,False,False,True,0.2
2026-09-28T03:13:11Z,IL,IL00080IE011700043,41.4314,-88.3454,56,Partly Cloudy,0,5,False,False,False,False,True,0.2
2026-09-28T03:13:11Z,IL,IL00024IW003700010,37.1593,-88.6798,65,Partly Cloudy,0,1,False,False,False,False,True,0.2
2026-09-28T03:13:11Z,IL,IL00055IN010400050,39.8627,-89.5948,63,Mostly Cloudy,0,5,False,False,False,False,True,0.2
2026-09-28T03:13:11Z,IL,IL00057IS011400023,38.5965,-88.9677,63,Mostly Cloudy,0,1,False,False,False,False,True,0.2
2026-09-28T03:13:11Z,IL,IL00057IN011400033,38.5963,-88.9638,63,Mostly Cloudy,0,1,False,False,False,False,True,0.2
2026-09-28T03:13:11Z,IL,IL00057IN022200048,39.9218,-88.299,58,Partly Cloudy,0,6,False,False,False,False,True,0.2
2026-09-28T03:13:11Z,IL,IL00057IN033300049,41.3892,-87.7729,54,Mostly Cloudy,0,5,False,False,False,False,True,0.2
2026-09-28T03:13:11Z,IL,IL00039IS008500026,41.7285,-89.0105,56,Partly Cloudy,0,5,False,False,False,False,True,0.2
2026-09-28T03:13:11Z,IL,IL00057IS022200054,39.9314,-88.3043,58,Partly Cloudy,0,6,False,False,False,False,True,0.2
2026-09-28T03:13:11Z,IL,IL00072IE015200041,39.9923,-88.7827,62,Partly Cloudy,0,6,False,False,False,False,True,0.2
2026-09-28T03:13:11Z,IL,IL00074IW006200004,40.8802,-90.0895,62,Mostly Cloudy,1,3,False,False,False,False,True,0.2
2026-09-28T03:13:11Z,IL,IL00074IE011400005,40.6125,-89.245,61,Partly Cloudy,0,5,False,False,False,False,True,0.2
2026-09-28T03:13:11Z,IL,IL00074IW020800052,40.1298,-87.7441,59,Partly Cloudy,0,5,False,False,False,False,True,0.2
2026-09-28T03:13:11Z,IL,IL00055IN002700029,38.8649,-89.8532,63,Mostly Cloudy,1,3,False,False,False,False,True,0.2
2026-09-28T03:13:11Z,IL,IL00055IS006400017,39.3523,-89.6447,63,Mostly Cloudy,0,3,False,False,False,False,True,0.2
2026-09-28T03:13:11Z,IL,IL00064IW002500011,38.5491,-89.7633,64,Mostly Cloudy,1,2,False,False,False,False,True,0.2
2026-09-28T03:13:11Z,IL,IL00074IE002800030,41.2334,-90.333,63,Mostly Cloudy,1,5,False,False,False,False,True,0.2
2026-09-28T03:13:11Z,IL,IL00064IE002500038,38.5481,-89.7731,64,Mostly Cloudy,1,2,False,False,False,False,True,0.2
2026-09-28T03:13:11Z,IL,IL00070IW008700045,39.0679,-88.6704,62,Mostly Cloudy,0,3,False,False,False,False,True,0.2
2026-09-28T03:13:11Z,IL,IL00057IS016500018,39.1993,-88.502,59,Partly Cloudy,0,5,False,False,False,False,True,0.2
2026-09-28T03:13:11Z,IL,IL00074IW011400006,40.6111,-89.2323,61,Partly Cloudy,0,5,False,False,False,False,True,0.2
2026-09-28T03:13:11Z,IL,IL00074IE006200001,40.8788,-90.0936,62,Mostly Cloudy,1,3,False,False,False,False,True,0.2
2026-09-28T03:13:11Z,IL,IL00070IW014900008,39.4228,-87.6617,56,Partly Cloudy,0,5,False,False,False,False,True,0.2
2026-09-28T03:13:11Z,IL,IL00057IN016500044,39.1898,-88.5031,59,Mostly Cloudy,0,5,False,False,False,False,True,0.2
2026-09-28T03:13:11Z,IL,IL00055IS010400024,39.8871,-89.5966,62,Mostly Cloudy,0,3,False,False,False,False,True,0.2
2026-09-28T03:13:11Z,IL,IL00057IS003200025,37.4699,-89.1329,64,Partly Cloudy,1,1,False,False,False,False,True,0.2
2026-09-28T03:13:11Z,IL,IL00057IN003200035,37.4661,-89.1324,64,Partly Cloudy,1,1,False,False,False,False,True,0.2
2026-09-28T03:13:11Z,IN,322,38.195,-87.8597,61,Partly Cloudy,0,2,False,False,False,False,False,0.0
2026-09-28T03:13:11Z,IN,317,38.5852,-85.7768,59,Clear,0,2,False,False,False,False,False,0.0
2026-09-28T03:13:11Z,IN,316,38.5859,-85.7809,59,Clear,0,2,False,False,False,False,False,0.0
2026-09-28T03:13:11Z,IN,315,39.2602,-85.9521,57,Clear,0,3,False,False,False,False,False,0.0
2026-09-28T03:13:11Z,IN,314,39.2767,-85.9569,57,Clear,0,3,False,False,False,False,False,0.0
2026-09-28T03:13:11Z,IN,313,40.1578,-86.5387,55,Clear,0,5,False,False,False,False,False,0.0
2026-09-28T03:13:11Z,IN,312,40.1722,-86.5522,56,Clear,0,5,False,False,False,False,False,0.0
2026-09-28T03:13:11Z,IN,311,40.6992,-87.0628,54,Partly Cloudy,0,5,False,False,False,False,False,0.0
2026-09-28T03:13:11Z,IN,310,40.6984,-87.0646,54,Partly Cloudy,0,5,False,False,False,False,False,0.0
2026-09-28T03:13:11Z,IN,308,41.1653,-87.271,50,Partly Cloudy,0,5,False,False,False,False,False,0.0
2026-09-28T03:13:11Z,IN,309,41.1666,-87.2749,50,Partly Cloudy,0,5,False,False,False,False,False,0.0
2026-09-28T03:13:11Z,IN,318,40.3543,-85.5576,54,Clear,0,3,False,False,False,False,False,0.0
2026-09-28T03:13:11Z,IN,319,40.3569,-85.56,54,Clear,0,3,False,False,False,False,False,0.0
2026-09-28T03:13:11Z,IN,320,41.2963,-85.0863,55,Clear,0,5,False,False,False,False,False,0.0
2026-09-28T03:13:11Z,IN,321,41.5803,-85.0597,55,Clear,0,5,False,False,False,False,False,0.0
2026-09-28T03:13:11Z,IN,300,39.4417,-87.5002,58,Partly Cloudy,0,3,False,False,False,False,False,0.0
2026-09-28T03:13:11Z,IN,302,39.6517,-86.3967,58,Clear,0,5,False,False,False,False,False,0.0
2026-09-28T03:13:11Z,IN,301,39.6541,-86.4005,58,Clear,0,5,False,False,False,False,False,0.0
2026-09-28T03:13:11Z,IN,303,39.8243,-85.7039,55,Clear,0,5,False,False,False,False,False,0.0
2026-09-28T03:13:11Z,IN,304,39.8266,-85.704,55,Clear,0,5,False,False,False,False,False,0.0
2026-09-28T03:13:11Z,IN,305,39.8605,-85.0259,53,Clear,0,3,False,False,False,False,False,0.0
2026-09-28T03:13:11Z,IN,323,39.29,-85.1688,54,Mostly Clear,0,2,False,False,False,False,False,0.0
2026-09-28T03:13:11Z,IN,702,41.7472,-85.3285,55,Mostly Clear,0,5,False,False,False,False,False,0.0
2026-09-28T03:13:11Z,IN,701,41.5889,-87.2173,56,Partly Cloudy,0,5,False,False,False,False,False,0.0
2026-09-28T03:13:11Z,IN,704,41.7058,-86.6212,53,Mostly Cloudy,0,5,False,False,False,False,False,0.0
2026-09-28T03:13:11Z,IN,703,41.7071,-86.6235,53,Mostly Cloudy,0,5,False,False,False,False,False,0.0
2026-09-28T03:13:11Z,IN,705,41.733,-86.0057,55,Partly Cloudy,0,5,False,False,False,False,False,0.0
2026-09-28T03:13:11Z,IN,708,41.7472,-85.3285,55,Mostly Clear,0,5,False,False,False,False,False,0.0
2026-09-28T03:13:11Z,IN,707,41.7453,-85.3287,55,Mostly Clear,0,5,False,False,False,False,False,0.0
2026-09-28T03:13:11Z,IN,324,41.7353,-86.7933,53,Mostly Cloudy,0,0,False,False,False,False,False,0.0
2026-09-28T03:13:11Z,KY,KY00065IS0000020N65WELCOM,36.6434,-86.5687,64,Partly Cloudy,0,5,False,False,False,False,False,0.0
2026-09-28T03:13:11Z,KY,KY00065IS000020NSMARATHON,36.6612,-86.5553,64,Partly Cloudy,0,3,False,False,False,False,False,0.0
2026-09-28T03:13:11Z,KY,KY00065IS0000340NWEIGHS34,36.6868,-86.5379,64,Partly Cloudy,0,3,False,False,False,False,False,0.0
2026-09-28T03:13:11Z,KY,KY00065IS0011400S65SRA114,37.9464,-85.6905,66,Clear,0,3,False,False,False,False,False,0.0
2026-09-28T03:13:11Z,KY,KY00065IS0005900S65SRA059,37.239,-85.9297,63,Mostly Clear,0,1,False,False,False,False,False,0.0
2026-09-28T03:13:11Z,KY,KY00065IS0005900N65NRA059,37.2384,-85.9271,63,Mostly Clear,0,1,False,False,False,False,False,0.0
2026-09-28T03:13:11Z,KY,KY00075IS0003300NWEIGHS33,37.0422,-84.0968,58,Clear,0,2,False,False,False,False,False,0.0
2026-09-28T03:13:11Z,KY,KY00075IS0003400SWEIGHS34,37.048,-84.0997,58,Clear,0,2,False,False,False,False,False,0.0
2026-09-28T03:13:11Z,KY,KY00075IS0017700N75NRA177,38.937,-84.6309,59,Clear,0,5,False,False,False,False,False,0.0
2026-09-28T03:13:11Z,KY,KY00075IS0007500SWALTONWS,38.8653,-84.6476,59,Clear,0,5,False,False,False,False,False,0.0
2026-09-28T03:13:11Z,KY,KY00075IS0017700S75SRA177,38.9388,-84.6339,59,Clear,0,5,False,False,False,False,False,0.0
2026-09-28T03:13:11Z,KY,KY00075IS0016800SCRITENWS,38.8196,-84.6015,59,Clear,0,5,False,False,False,False,False,0.0
2026-09-28T03:13:11Z,KY,KY00075IS0000100N75WELCOM,36.6162,-84.1054,56,Mostly Clear,0,1,False,False,False,False,False,0.0
2026-09-28T03:13:15Z,IL,IL00064IW008500012,38.2766,-88.8012,62,Mostly Cloudy,0,2,False,False,False,False,True,0.2
2026-09-28T03:13:15Z,IL,IL00057IN026800032,40.5505,-88.0605,57,Partly Cloudy,0,5,False,False,False,False,True,0.2
2026-09-28T03:13:15Z,IL,IL00070IE008600051,39.0651,-88.6745,62,Mostly Cloudy,0,3,False,False,False,False,True,0.2
2026-09-28T03:13:15Z,IL,IL00072IW015200014,39.9888,-88.7852,61,Partly Cloudy,0,7,False,False,False,False,True,0.2
2026-09-28T03:13:15Z,IL,IL00055IS019400021,40.8371,-88.6833,53,Partly Cloudy,0,5,False,False,False,False,True,0.2
2026-09-28T03:13:15Z,IL,IL00057IN007900034,38.0297,-88.9203,65,Mostly Cloudy,0,2,False,False,False,False,True,0.2
2026-09-28T03:13:15Z,IL,IL00057IS007900047,38.0962,-88.9138,67,Mostly Cloudy,0,2,False,False,False,False,True,0.2
2026-09-28T03:13:15Z,IL,IL00055IN006400027,39.3465,-89.6408,63,Mostly Cloudy,0,3,False,False,False,False,True,0.2
2026-09-28T03:13:15Z,IL,IL00039IN008500036,41.7236,-89.0062,56,Partly Cloudy,0,5,False,False,False,False,True,0.2
2026-09-28T03:13:15Z,IL,IL00070IE002700042,38.7849,-89.7023,64,Mostly Cloudy,1,3,False,False,False,False,True,0.2
2026-09-28T03:13:15Z,IL,IL00074IE015600037,40.2732,-88.6762,60,Partly Cloudy,0,7,False,False,False,False,True,0.2
2026-09-28T03:13:15Z,IL,IL00080IE005100040,41.3938,-89.5665,61,Mostly Cloudy,0,5,False,False,False,False,True,0.2
2026-09-28T03:13:15Z,IL,IL00055IN019400031,40.8234,-88.6875,53,Partly Cloudy,0,5,False,False,False,False,True,0.2
2026-09-28T03:13:15Z,IL,IL00064IW013000053,38.2322,-87.9882,61,Partly Cloudy,0,2,False,False,False,False,True,0.2
2026-09-28T03:13:15Z,IL,IL00055IS002700019,38.8723,-89.8511,62,Mostly Cloudy,1,3,False,False,False,False,True,0.2
2026-09-28T03:13:15Z,IL,IL00057IS033300046,41.3918,-87.7749,55,Mostly Cloudy,0,5,False,False,False,False,True,0.2
2026-09-28T03:13:15Z,IL,IL00064IE008500039,38.273,-88.8496,65,Mostly Cloudy,0,2,False,False,False,False,True,0.2
2026-09-28T03:13:15Z,IL,IL00074IW002800020,41.2141,-90.3308,63,Mostly Cloudy,1,5,False,False,False,False,True,0.2
2026-09-28T03:13:15Z,IL,IL00055IN014900028,40.3599,-89.1099,61,Partly Cloudy,0,6,False,False,False,False,True,0.2
2026-09-28T03:13:15Z,IL,IL00080IW005100013,41.3937,-89.5591,62,Mostly Cloudy,0,5,False,False,False,False,True,0.2
2026-09-28T03:13:15Z,IL,IL00080IW011700016,41.4473,-88.3285,56,Partly Cloudy,0,5,False,False,False,False,True,0.2
2026-09-28T03:13:15Z,IL,IL00074IW015600009,40.2711,-88.6701,61,Partly Cloudy,0,6,False,False,False,False,True,0.2
2026-09-28T03:13:15Z,IL,IL00070IW002700015,38.7884,-89.6889,64,Mostly Cloudy,1,3,False,False,False,False,True,0.2
2026-09-28T03:13:15Z,IL,IL00057IS026800022,40.5613,-88.0615,57,Partly Cloudy,0,5,False,False,False,False,True,0.2
2026-09-28T03:13:15Z,IL,IL00080IE011700043,41.4314,-88.3454,56,Partly Cloudy,0,5,False,False,False,False,True,0.2
2026-09-28T03:13:15Z,IL,IL00024IW003700010,37.1593,-88.6798,65,Partly Cloudy,0,1,False,False,False,False,True,0.2
2026-09-28T03:13:15Z,IL,IL00055IN010400050,39.8627,-89.5948,63,Mostly Cloudy,0,5,False,False,False,False,True,0.2
2026-09-28T03:13:15Z,IL,IL00057IS011400023,38.5965,-88.9677,63,Mostly Cloudy,0,1,False,False,False,False,True,0.2
2026-09-28T03:13:15Z,IL,IL00057IN011400033,38.5963,-88.9638,63,Mostly Cloudy,0,1,False,False,False,False,True,0.2
2026-09-28T03:13:15Z,IL,IL00057IN022200048,39.9218,-88.299,58,Partly Cloudy,0,6,False,False,False,False,True,0.2
2026-09-28T03:13:15Z,IL,IL00057IN033300049,41.3892,-87.7729,54,Mostly Cloudy,0,5,False,False,False,False,True,0.2
2026-09-28T03:13:15Z,IL,IL00039IS008500026,41.7285,-89.0105,56,Partly Cloudy,0,5,False,False,False,False,True,0.2
2026-09-28T03:13:15Z,IL,IL00057IS022200054,39.9314,-88.3043,58,Partly Cloudy,0,6,False,False,False,False,True,0.2
2026-09-28T03:13:15Z,IL,IL00072IE015200041,39.9923,-88.7827,61,Partly Cloudy,0,7,False,False,False,False,True,0.2
2026-09-28T03:13:15Z,IL,IL00074IW006200004,40.8802,-90.0895,62,Mostly Cloudy,1,3,False,False,False,False,True,0.2
2026-09-28T03:13:15Z,IL,IL00074IE011400005,40.6125,-89.245,61,Partly Cloudy,0,5,False,False,False,False,True,0.2
2026-09-28T03:13:15Z,IL,IL00074IW020800052,40.1298,-87.7441,59,Partly Cloudy,0,5,False,False,False,False,True,0.2
2026-09-28T03:13:15Z,IL,IL00055IN002700029,38.8649,-89.8532,62,Mostly Cloudy,1,3,False,False,False,False,True,0.2
2026-09-28T03:13:15Z,IL,IL00055IS006400017,39.3523,-89.6447,60,Mostly Cloudy,0,3,False,False,False,False,True,0.2
2026-09-28T03:13:15Z,IL,IL00064IW002500011,38.5491,-89.7633,63,Mostly Cloudy,1,3,False,False,False,False,True,0.2
2026-09-28T03:13:15Z,IL,IL00074IE002800030,41.2334,-90.333,63,Mostly Cloudy,1,5,False,False,False,False,True,0.2
2026-09-28T03:13:15Z,IL,IL00064IE002500038,38.5481,-89.7731,64,Mostly Cloudy,1,2,False,False,False,False,True,0.2
2026-09-28T03:13:15Z,IL,IL00070IW008700045,39.0679,-88.6704,62,Mostly Cloudy,0,3,False,False,False,False,True,0.2
2026-09-28T03:13:15Z,IL,IL00057IS016500018,39.1993,-88.502,59,Partly Cloudy,0,5,False,False,False,False,True,0.2
2026-09-28T03:13:15Z,IL,IL00074IW011400006,40.6111,-89.2323,61,Partly Cloudy,0,5,False,False,False,False,True,0.2
2026-09-28T03:13:15Z,IL,IL00074IE006200001,40.8788,-90.0936,62,Mostly Cloudy,1,3,False,False,False,False,True,0.2
2026-09-28T03:13:15Z,IL,IL00070IW014900008,39.4228,-87.6617,56,Partly Cloudy,0,5,False,False,False,False,True,0.2
2026-09-28T03:13:15Z,IL,IL00057IN016500044,39.1898,-88.5031,63,Mostly Cloudy,0,5,False,False,False,False,True,0.2
2026-09-28T03:13:15Z,IL,IL00055IS010400024,39.8871,-89.5966,62,Mostly Cloudy,0,3,False,False,False,False,True,0.2
2026-09-28T03:13:15Z,IL,IL00057IS003200025,37.4699,-89.1329,64,Partly Cloudy,1,1,False,False,False,False,True,0.2
2026-09-28T03:13:15Z,IL,IL00057IN003200035,37.4661,-89.1324,64,Partly Cloudy,1,1,False,False,False,False,True,0.2
2026-09-28T03:13:15Z,KY,KY00065IS0000020N65WELCOM,36.6434,-86.5687,61,Partly Cloudy,0,5,False,False,False,False,False,0.0
2026-09-28T03:13:15Z,KY,KY00065IS000020NSMARATHON,36.6612,-86.5553,64,Partly Cloudy,0,3,False,False,False,False,False,0.0
2026-09-28T03:13:15Z,KY,KY00065IS0000340NWEIGHS34,36.6868,-86.5379,64,Partly Cloudy,0,3,False,False,False,False,False,0.0
2026-09-28T03:13:15Z,KY,KY00065IS0011400S65SRA114,37.9464,-85.6905,66,Clear,0,3,False,False,False,False,False,0.0
2026-09-28T03:13:15Z,KY,KY00065IS0005900S65SRA059,37.239,-85.9297,63,Mostly Clear,0,1,False,False,False,False,False,0.0
2026-09-28T03:13:15Z,KY,KY00065IS0005900N65NRA059,37.2384,-85.9271,63,Mostly Clear,0,1,False,False,False,False,False,0.0
2026-09-28T03:13:15Z,KY,KY00075IS0003300NWEIGHS33,37.0422,-84.0968,58,Clear,0,2,False,False,False,False,False,0.0
2026-09-28T03:13:15Z,KY,KY00075IS0003400SWEIGHS34,37.048,-84.0997,58,Clear,0,2,False,False,False,False,False,0.0
2026-09-28T03:13:15Z,KY,KY00075IS0017700N75NRA177,38.937,-84.6309,59,Clear,0,5,False,False,False,False,False,0.0
2026-09-28T03:13:15Z,KY,KY00075IS0007500SWALTONWS,38.8653,-84.6476,59,Clear,0,5,False,False,False,False,False,0.0
2026-09-28T03:13:15Z,KY,KY00075IS0017700S75SRA177,38.9388,-84.6339,59,Clear,0,5,False,False,False,False,False,0.0
2026-09-28T03:13:15Z,KY,KY00075IS0016800SCRITENWS,38.8196,-84.6015,59,Clear,0,5,False,False,False,False,False,0.0
2026-09-28T03:13:15Z,KY,KY00075IS0000100N75WELCOM,36.6162,-84.1054,56,Mostly Clear,0,1,False,False,False,False,False,0.0
2026-09-28T03:13:27Z,IL,IL00064IW008500012,38.2766,-88.8012,62,Mostly Cloudy,0,2,False,False,False,False,True,0.2
2026-09-28T03:13:27Z,IL,IL00057IN026800032,40.5505,-88.0605,57,Partly Cloudy,0,5,False,False,False,False,True,0.2
2026-09-28T03:13:27Z,IL,IL00070IE008600051,39.0651,-88.6745,62,Mostly Cloudy,0,3,False,False,False,False,True,0.2
2026-09-28T03:13:27Z,IL,IL00072IW015200014,39.9888,-88.7852,61,Partly Cloudy,0,7,False,False,False,False,True,0.2
2026-09-28T03:13:27Z,IL,IL00055IS019400021,40.8371,-88.6833,53,Partly Cloudy,0,5,False,False,False,False,True,0.2
2026-09-28T03:13:27Z,IL,IL00057IN007900034,38.0297,-88.9203,65,Mostly Cloudy,0,2,False,False,False,False,True,0.2
2026-09-28T03:13:27Z,IL,IL00057IS007900047,38.0962,-88.9138,67,Mostly Cloudy,0,2,False,False,False,False,True,0.2
2026-09-28T03:13:27Z,IL,IL00055IN006400027,39.3465,-89.6408,63,Mostly Cloudy,0,3,False,False,False,False,True,0.2
2026-09-28T03:13:27Z,IL,IL00039IN008500036,41.7236,-89.0062,56,Partly Cloudy,0,5,False,False,False,False,True,0.2
2026-09-28T03:13:27Z,IL,IL00070IE002700042,38.7849,-89.7023,64,Mostly Cloudy,1,3,False,False,False,False,True,0.2
2026-09-28T03:13:27Z,IL,IL00074IE015600037,40.2732,-88.6762,60,Partly Cloudy,0,7,False,False,False,False,True,0.2
2026-09-28T03:13:27Z,IL,IL00080IE005100040,41.3938,-89.5665,61,Mostly Cloudy,0,5,False,False,False,False,True,0.2
2026-09-28T03:13:27Z,IL,IL00055IN019400031,40.8234,-88.6875,53,Partly Cloudy,0,5,False,False,False,False,True,0.2
2026-09-28T03:13:27Z,IL,IL00064IW013000053,38.2322,-87.9882,61,Partly Cloudy,0,2,False,False,False,False,True,0.2
2026-09-28T03:13:27Z,IL,IL00055IS002700019,38.8723,-89.8511,62,Mostly Cloudy,1,3,False,False,False,False,True,0.2
2026-09-28T03:13:27Z,IL,IL00057IS033300046,41.3918,-87.7749,55,Mostly Cloudy,0,5,False,False,False,False,True,0.2
2026-09-28T03:13:27Z,IL,IL00064IE008500039,38.273,-88.8496,65,Mostly Cloudy,0,2,False,False,False,False,True,0.2
2026-09-28T03:13:27Z,IL,IL00074IW002800020,41.2141,-90.3308,63,Mostly Cloudy,1,5,False,False,False,False,True,0.2
2026-09-28T03:13:27Z,IL,IL00055IN014900028,40.3599,-89.1099,61,Partly Cloudy,0,6,False,False,False,False,True,0.2
2026-09-28T03:13:27Z,IL,IL00080IW005100013,41.3937,-89.5591,62,Mostly Cloudy,0,5,False,False,False,False,True,0.2
2026-09-28T03:13:27Z,IL,IL00080IW011700016,41.4473,-88.3285,56,Partly Cloudy,0,5,False,False,False,False,True,0.2
2026-09-28T03:13:27Z,IL,IL00074IW015600009,40.2711,-88.6701,61,Partly Cloudy,0,6,False,False,False,False,True,0.2
2026-09-28T03:13:27Z,IL,IL00070IW002700015,38.7884,-89.6889,64,Mostly Cloudy,1,3,False,False,False,False,True,0.2
2026-09-28T03:13:27Z,IL,IL00057IS026800022,40.5613,-88.0615,57,Partly Cloudy,0,5,False,False,False,False,True,0.2
2026-09-28T03:13:27Z,IL,IL00080IE011700043,41.4314,-88.3454,56,Partly Cloudy,0,5,False,False,False,False,True,0.2
2026-09-28T03:13:27Z,IL,IL00024IW003700010,37.1593,-88.6798,65,Partly Cloudy,0,1,False,False,False,False,True,0.2
2026-09-28T03:13:27Z,IL,IL00055IN010400050,39.8627,-89.5948,63,Mostly Cloudy,0,5,False,False,False,False,True,0.2
2026-09-28T03:13:27Z,IL,IL00057IS011400023,38.5965,-88.9677,63,Mostly Cloudy,0,1,False,False,False,False,True,0.2
2026-09-28T03:13:27Z,IL,IL00057IN011400033,38.5963,-88.9638,63,Mostly Cloudy,0,1,False,False,False,False,True,0.2
2026-09-28T03:13:27Z,IL,IL00057IN022200048,39.9218,-88.299,58,Partly Cloudy,0,6,False,False,False,False,True,0.2
2026-09-28T03:13:27Z,IL,IL00057IN033300049,41.3892,-87.7729,54,Mostly Cloudy,0,5,False,False,False,False,True,0.2
2026-09-28T03:13:27Z,IL,IL00039IS008500026,41.7285,-89.0105,56,Partly Cloudy,0,5,False,False,False,False,True,0.2
2026-09-28T03:13:27Z,IL,IL00057IS022200054,39.9314,-88.3043,58,Partly Cloudy,0,6,False,False,False,False,True,0.2
2026-09-28T03:13:27Z,IL,IL00072IE015200041,39.9923,-88.7827,61,Partly Cloudy,0,7,False,False,False,False,True,0.2
2026-09-28T03:13:27Z,IL,IL00074IW006200004,40.8802,-90.0895,62,Mostly Cloudy,1,3,False,False,False,False,True,0.2
2026-09-28T03:13:27Z,IL,IL00074IE011400005,40.6125,-89.245,61,Partly Cloudy,0,5,False,False,False,False,True,0.2
2026-09-28T03:13:27Z,IL,IL00074IW020800052,40.1298,-87.7441,59,Partly Cloudy,0,5,False,False,False,False,True,0.2
2026-09-28T03:13:27Z,IL,IL00055IN002700029,38.8649,-89.8532,62,Mostly Cloudy,1,3,False,False,False,False,True,0.2
2026-09-28T03:13:27Z,IL,IL00055IS006400017,39.3523,-89.6447,60,Mostly Cloudy,0,3,False,False,False,False,True,0.2
2026-09-28T03:13:27Z,IL,IL00064IW002500011,38.5491,-89.7633,63,Mostly Cloudy,1,3,False,False,False,False,True,0.2
2026-09-28T03:13:27Z,IL,IL00074IE002800030,41.2334,-90.333,63,Mostly Cloudy,1,5,False,False,False,False,True,0.2
2026-09-28T03:13:27Z,IL,IL00064IE002500038,38.5481,-89.7731,64,Mostly Cloudy,1,2,False,False,False,False,True,0.2
2026-09-28T03:13:27Z,IL,IL00070IW008700045,39.0679,-88.6704,62,Mostly Cloudy,0,3,False,False,False,False,True,0.2
2026-09-28T03:13:27Z,IL,IL00057IS016500018,39.1993,-88.502,59,Partly Cloudy,0,5,False,False,False,False,True,0.2
2026-09-28T03:13:27Z,IL,IL00074IW011400006,40.6111,-89.2323,61,Partly Cloudy,0,5,False,False,False,False,True,0.2
2026-09-28T03:13:27Z,IL,IL00074IE006200001,40.8788,-90.0936,62,Mostly Cloudy,1,3,False,False,False,False,True,0.2
2026-09-28T03:13:27Z,IL,IL00070IW014900008,39.4228,-87.6617,56,Partly Cloudy,0,5,False,False,False,False,True,0.2
2026-09-28T03:13:27Z,IL,IL00057IN016500044,39.1898,-88.5031,63,Mostly Cloudy,0,5,False,False,False,False,True,0.2
2026-09-28T03:13:27Z,IL,IL00055IS010400024,39.8871,-89.5966,62,Mostly Cloudy,0,3,False,False,False,False,True,0.2
2026-09-28T03:13:27Z,IL,IL00057IS003200025,37.4699,-89.1329,64,Partly Cloudy,1,1,False,False,False,False,True,0.2
2026-09-28T03:13:27Z,IL,IL00057IN003200035,37.4661,-89.1324,64,Partly Cloudy,1,1,False,False,False,False,True,0.2
2026-09-28T03:13:27Z,IN,322,38.195,-87.8597,61,Partly Cloudy,0,2,False,False,False,False,False,0.0
2026-09-28T03:13:27Z,IN,317,38.5852,-85.7768,59,Clear,0,2,False,False,False,False,False,0.0
2026-09-28T03:13:27Z,IN,316,38.5859,-85.7809,59,Clear,0,2,False,False,False,False,False,0.0
2026-09-28T03:13:27Z,IN,315,39.2602,-85.9521,57,Clear,0,3,False,False,False,False,False,0.0
2026-09-28T03:13:27Z,IN,314,39.2767,-85.9569,57,Clear,0,3,False,False,False,False,False,0.0
2026-09-28T03:13:27Z,IN,313,40.1578,-86.5387,55,Clear,0,5,False,False,False,False,False,0.0
2026-09-28T03:13:27Z,IN,312,40.1722,-86.5522,56,Clear,0,5,False,False,False,False,False,0.0
2026-09-28T03:13:27Z,IN,311,40.6992,-87.0628,54,Partly Cloudy,0,5,False,False,False,False,False,0.0
2026-09-28T03:13:27Z,IN,310,40.6984,-87.0646,54,Partly Cloudy,0,5,False,False,False,False,False,0.0
2026-09-28T03:13:27Z,IN,308,41.1653,-87.271,50,Partly Cloudy,0,5,False,False,False,False,False,0.0
2026-09-28T03:13:27Z,IN,309,41.1666,-87.2749,50,Partly Cloudy,0,5,False,False,False,False,False,0.0
2026-09-28T03:13:27Z,IN,318,40.3543,-85.5576,54,Clear,0,3,False,False,False,False,False,0.0
2026-09-28T03:13:27Z,IN,319,40.3569,-85.56,54,Clear,0,3,False,False,False,False,False,0.0
2026-09-28T03:13:27Z,IN,320,41.2963,-85.0863,55,Clear,0,5,False,False,False,False,False,0.0
2026-09-28T03:13:27Z,IN,321,41.5803,-85.0597,55,Clear,0,5,False,False,False,False,False,0.0
2026-09-28T03:13:27Z,IN,300,39.4417,-87.5002,58,Partly Cloudy,0,3,False,False,False,False,False,0.0
2026-09-28T03:13:27Z,IN,302,39.6517,-86.3967,58,Clear,0,5,False,False,False,False,False,0.0
2026-09-28T03:13:27Z,IN,301,39.6541,-86.4005,58,Clear,0,5,False,False,False,False,False,0.0
2026-09-28T03:13:27Z,IN,303,39.8243,-85.7039,55,Clear,0,5,False,False,False,False,False,0.0
2026-09-28T03:13:27Z,IN,304,39.8266,-85.704,55,Clear,0,5,False,False,False,False,False,0.0
2026-09-28T03:13:27Z,IN,305,39.8605,-85.0259,53,Clear,0,3,False,False,False,False,False,0.0
2026-09-28T03:13:27Z,IN,323,39.29,-85.1688,54,Mostly Clear,0,2,False,False,False,False,False,0.0
2026-09-28T03:13:27Z,IN,702,41.7472,-85.3285,55,Mostly Clear,0,5,False,False,False,False,False,0.0
2026-09-28T03:13:27Z,IN,701,41.5889,-87.2173,56,Partly Cloudy,0,5,False,False,False,False,False,0.0
2026-09-28T03:13:27Z,IN,704,41.7058,-86.6212,53,Mostly Cloudy,0,5,False,False,False,False,False,0.0
2026-09-28T03:13:27Z,IN,703,41.7071,-86.6235,53,Mostly Cloudy,0,5,False,False,False,False,False,0.0
2026-09-28T03:13:27Z,IN,705,41.733,-86.0057,55,Partly Cloudy,0,5,False,False,False,False,False,0.0
2026-09-28T03:13:27Z,IN,708,41.7472,-85.3285,55,Mostly Clear,0,5,False,False,False,False,False,0.0
2026-09-28T03:13:27Z,IN,707,41.7453,-85.3287,55,Mostly Clear,0,5,False,False,False,False,False,0.0
2026-09-28T03:13:27Z,IN,324,41.7353,-86.7933,53,Mostly Cloudy,0,0,False,False,False,False,False,0.0
2026-09-28T03:13:27Z,KY,KY00065IS0000020N65WELCOM,36.6434,-86.5687,61,Partly Cloudy,0,5,False,False,False,False,False,0.0
2026-09-28T03:13:27Z,KY,KY00065IS000020NSMARATHON,36.6612,-86.5553,64,Partly Cloudy,0,3,False,False,False,False,False,0.0
2026-09-28T03:13:27Z,KY,KY00065IS0000340NWEIGHS34,36.6868,-86.5379,64,Partly Cloudy,0,3,False,False,False,False,False,0.0
2026-09-28T03:13:27Z,KY,KY00065IS0011400S65SRA114,37.9464,-85.6905,66,Clear,0,3,False,False,False,False,False,0.0
2026-09-28T03:13:27Z,KY,KY00065IS0005900S65SRA059,37.239,-85.9297,63,Mostly Clear,0,1,False,False,False,False,False,0.0
2026-09-28T03:13:27Z,KY,KY00065IS0005900N65NRA059,37.2384,-85.9271,63,Mostly Clear,0,1,False,False,False,False,False,0.0
2026-09-28T03:13:27Z,KY,KY00075IS0003300NWEIGHS33,37.0422,-84.0968,58,Clear,0,2,False,False,False,False,False,0.0
2026-09-28T03:13:27Z,KY,KY00075IS0003400SWEIGHS34,37.048,-84.0997,58,Clear,0,2,False,False,False,False,False,0.0
2026-09-28T03:13:27Z,KY,KY00075IS0017700N75NRA177,38.937,-84.6309,59,Clear,0,5,False,False,False,False,False,0.0
2026-09-28T03:13:27Z,KY,KY00075IS0007500SWALTONWS,38.8653,-84.6476,59,Clear,0,5,False,False,False,False,False,0.0
2026-09-28T03:13:27Z,KY,KY00075IS0017700S75SRA177,38.9388,-84.6339,59,Clear,0,5,False,False,False,False,False,0.0
2026-09-28T03:13:27Z,KY,KY00075IS0016800SCRITENWS,38.8196,-84.6015,59,Clear,0,5,False,False,False,False,False,0.0
2026-09-28T03:13:27Z,KY,KY00075IS0000100N75WELCOM,36.6162,-84.1054,56,Mostly Clear,0,1,False,False,False,False,False,0.0
2026-09-28T03:13:31Z,IL,IL00064IW008500012,38.2766,-88.8012,62,Mostly Cloudy,0,2,False,False,False,False,True,0.2
2026-09-28T03:13:31Z,IL,IL00057IN026800032,40.5505,-88.0605,57,Partly Cloudy,0,5,False,False,False,False,True,0.2
2026-09-28T03:13:31Z,IL,IL00070IE008600051,39.0651,-88.6745,62,Mostly Cloudy,0,3,False,False,False,False,True,0.2
2026-09-28T03:13:31Z,IL,IL00072IW015200014,39.9888,-88.7852,61,Partly Cloudy,0,7,False,False,False,False,True,0.2
2026-09-28T03:13:31Z,IL,IL00055IS019400021,40.8371,-88.6833,53,Partly Cloudy,0,5,False,False,False,False,True,0.2
2026-09-28T03:13:31Z,IL,IL00057IN007900034,38.0297,-88.9203,65,Mostly Cloudy,0,2,False,False,False,False,True,0.2
2026-09-28T03:13:31Z,IL,IL00057IS007900047,38.0962,-88.9138,67,Mostly Cloudy,0,2,False,False,False,False,True,0.2
2026-09-28T03:13:31Z,IL,IL00055IN006400027,39.3465,-89.6408,63,Mostly Cloudy,0,3,False,False,False,False,True,0.2
2026-09-28T03:13:31Z,IL,IL00039IN008500036,41.7236,-89.0062,56,Partly Cloudy,0,5,False,False,False,False,True,0.2
2026-09-28T03:13:31Z,IL,IL00070IE002700042,38.7849,-89.7023,64,Mostly Cloudy,1,3,False,False,False,False,True,0.2
2026-09-28T03:13:31Z,IL,IL00074IE015600037,40.2732,-88.6762,60,Partly Cloudy,0,7,False,False,False,False,True,0.2
2026-09-28T03:13:31Z,IL,IL00080IE005100040,41.3938,-89.5665,61,Mostly Cloudy,0,5,False,False,False,False,True,0.2
2026-09-28T03:13:31Z,IL,IL00055IN019400031,40.8234,-88.6875,53,Partly Cloudy,0,5,False,False,False,False,True,0.2
2026-09-28T03:13:31Z,IL,IL00064IW013000053,38.2322,-87.9882,61,Partly Cloudy,0,2,False,False,False,False,True,0.2
2026-09-28T03:13:31Z,IL,IL00055IS002700019,38.8723,-89.8511,62,Mostly Cloudy,1,3,False,False,False,False,True,0.2
2026-09-28T03:13:31Z,IL,IL00057IS033300046,41.3918,-87.7749,55,Mostly Cloudy,0,5,False,False,False,False,True,0.2
2026-09-28T03:13:31Z,IL,IL00064IE008500039,38.273,-88.8496,65,Mostly Cloudy,0,2,False,False,False,False,True,0.2
2026-09-28T03:13:31Z,IL,IL00074IW002800020,41.2141,-90.3308,63,Mostly Cloudy,1,5,False,False,False,False,True,0.2
2026-09-28T03:13:31Z,IL,IL00055IN014900028,40.3599,-89.1099,61,Partly Cloudy,0,6,False,False,False,False,True,0.2
2026-09-28T03:13:31Z,IL,IL00080IW005100013,41.3937,-89.5591,62,Mostly Cloudy,0,5,False,False,False,False,True,0.2
2026-09-28T03:13:31Z,IL,IL00080IW011700016,41.4473,-88.3285,56,Partly Cloudy,0,5,False,False,False,False,True,0.2
2026-09-28T03:13:31Z,IL,IL00074IW015600009,40.2711,-88.6701,61,Partly Cloudy,0,6,False,False,False,False,True,0.2
2026-09-28T03:13:31Z,IL,IL00070IW002700015,38.7884,-89.6889,64,Mostly Cloudy,1,3,False,False,False,False,True,0.2
2026-09-28T03:13:31Z,IL,IL00057IS026800022,40.5613,-88.0615,57,Partly Cloudy,0,5,False,False,False,False,True,0.2
2026-09-28T03:13:31Z,IL,IL00080IE011700043,41.4314,-88.3454,56,Partly Cloudy,0,5,False,False,False,False,True,0.2
2026-09-28T03:13:31Z,IL,IL00024IW003700010,37.1593,-88.6798,65,Partly Cloudy,0,1,False,False,False,False,True,0.2
2026-09-28T03:13:31Z,IL,IL00055IN010400050,39.8627,-89.5948,63,Mostly Cloudy,0,5,False,False,False,False,True,0.2
2026-09-28T03:13:31Z,IL,IL00057IS011400023,38.5965,-88.9677,63,Mostly Cloudy,0,1,False,False,False,False,True,0.2
2026-09-28T03:13:31Z,IL,IL00057IN011400033,38.5963,-88.9638,63,Mostly Cloudy,0,1,False,False,False,False,True,0.2
2026-09-28T03:13:31Z,IL,IL00057IN022200048,39.9218,-88.299,58,Partly Cloudy,0,6,False,False,False,False,True,0.2
2026-09-28T03:13:31Z,IL,IL00057IN033300049,41.3892,-87.7729,54,Mostly Cloudy,0,5,False,False,False,False,True,0.2
2026-09-28T03:13:31Z,IL,IL00039IS008500026,41.7285,-89.0105,56,Partly Cloudy,0,5,False,False,False,False,True,0.2
2026-09-28T03:13:31Z,IL,IL00057IS022200054,39.9314,-88.3043,58,Partly Cloudy,0,6,False,False,False,False,True,0.2
2026-09-28T03:13:31Z,IL,IL00072IE015200041,39.9923,-88.7827,61,Partly Cloudy,0,7,False,False,False,False,True,0.2
2026-09-28T03:13:31Z,IL,IL00074IW006200004,40.8802,-90.0895,62,Mostly Cloudy,1,3,False,False,False,False,True,0.2
2026-09-28T03:13:31Z,IL,IL00074IE011400005,40.6125,-89.245,61,Partly Cloudy,0,5,False,False,False,False,True,0.2
2026-09-28T03:13:31Z,IL,IL00074IW020800052,40.1298,-87.7441,59,Partly Cloudy,0,5,False,False,False,False,True,0.2
2026-09-28T03:13:31Z,IL,IL00055IN002700029,38.8649,-89.8532,62,Mostly Cloudy,1,3,False,False,False,False,True,0.2
2026-09-28T03:13:31Z,IL,IL00055IS006400017,39.3523,-89.6447,60,Mostly Cloudy,0,3,False,False,False,False,True,0.2
2026-09-28T03:13:31Z,IL,IL00064IW002500011,38.5491,-89.7633,63,Mostly Cloudy,1,3,False,False,False,False,True,0.2
2026-09-28T03:13:31Z,IL,IL00074IE002800030,41.2334,-90.333,63,Mostly Cloudy,1,5,False,False,False,False,True,0.2
2026-09-28T03:13:31Z,IL,IL00064IE002500038,38.5481,-89.7731,64,Mostly Cloudy,1,2,False,False,False,False,True,0.2
2026-09-28T03:13:31Z,IL,IL00070IW008700045,39.0679,-88.6704,62,Mostly Cloudy,0,3,False,False,False,False,True,0.2
2026-09-28T03:13:31Z,IL,IL00057IS016500018,39.1993,-88.502,59,Partly Cloudy,0,5,False,False,False,False,True,0.2
2026-09-28T03:13:31Z,IL,IL00074IW011400006,40.6111,-89.2323,61,Partly Cloudy,0,5,False,False,False,False,True,0.2
2026-09-28T03:13:31Z,IL,IL00074IE006200001,40.8788,-90.0936,62,Mostly Cloudy,1,3,False,False,False,False,True,0.2
2026-09-28T03:13:31Z,IL,IL00070IW014900008,39.4228,-87.6617,56,Partly Cloudy,0,5,False,False,False,False,True,0.2
2026-09-28T03:13:31Z,IL,IL00057IN016500044,39.1898,-88.5031,63,Mostly Cloudy,0,5,False,False,False,False,True,0.2
2026-09-28T03:13:31Z,IL,IL00055IS010400024,39.8871,-89.5966,62,Mostly Cloudy,0,3,False,False,False,False,True,0.2
2026-09-28T03:13:31Z,IL,IL00057IS003200025,37.4699,-89.1329,64,Partly Cloudy,1,1,False,False,False,False,True,0.2
2026-09-28T03:13:31Z,IL,IL00057IN003200035,37.4661,-89.1324,64,Partly Cloudy,1,1,False,False,False,False,True,0.2
2026-09-28T03:13:31Z,IN,322,38.195,-87.8597,61,Partly Cloudy,0,2,False,False,False,False,False,0.0
2026-09-28T03:13:31Z,IN,317,38.5852,-85.7768,59,Clear,0,2,False,False,False,False,False,0.0
2026-09-28T03:13:31Z,IN,316,38.5859,-85.7809,59,Clear,0,2,False,False,False,False,False,0.0
2026-09-28T03:13:31Z,IN,315,39.2602,-85.9521,57,Clear,0,3,False,False,False,False,False,0.0
2026-09-28T03:13:31Z,IN,314,39.2767,-85.9569,57,Clear,0,3,False,False,False,False,False,0.0
2026-09-28T03:13:31Z,IN,313,40.1578,-86.5387,55,Clear,0,5,False,False,False,False,False,0.0
2026-09-28T03:13:31Z,IN,312,40.1722,-86.5522,56,Clear,0,5,False,False,False,False,False,0.0
2026-09-28T03:13:31Z,IN,311,40.6992,-87.0628,54,Partly Cloudy,0,5,False,False,False,False,False,0.0
2026-09-28T03:13:31Z,IN,310,40.6984,-87.0646,54,Partly Cloudy,0,5,False,False,False,False,False,0.0
2026-09-28T03:13:31Z,IN,308,41.1653,-87.271,50,Partly Cloudy,0,5,False,False,False,False,False,0.0
2026-09-28T03:13:31Z,IN,309,41.1666,-87.2749,50,Partly Cloudy,0,5,False,False,False,False,False,0.0
2026-09-28T03:13:31Z,IN,318,40.3543,-85.5576,54,Clear,0,3,False,False,False,False,False,0.0
2026-09-28T03:13:31Z,IN,319,40.3569,-85.56,54,Clear,0,3,False,False,False,False,False,0.0
2026-09-28T03:13:31Z,IN,320,41.2963,-85.0863,55,Clear,0,5,False,False,False,False,False,0.0
2026-09-28T03:13:31Z,IN,321,41.5803,-85.0597,55,Clear,0,5,False,False,False,False,False,0.0
2026-09-28T03:13:31Z,IN,300,39.4417,-87.5002,58,Partly Cloudy,0,3,False,False,False,False,False,0.0
2026-09-28T03:13:31Z,IN,302,39.6517,-86.3967,58,Clear,0,5,False,False,False,False,False,0.0
2026-09-28T03:13:31Z,IN,301,39.6541,-86.4005,58,Clear,0,5,False,False,False,False,False,0.0
2026-09-28T03:13:31Z,IN,303,39.8243,-85.7039,55,Clear,0,5,False,False,False,False,False,0.0
2026-09-28T03:13:31Z,IN,304,39.8266,-85.704,55,Clear,0,5,False,False,False,False,False,0.0
2026-09-28T03:13:31Z,IN,305,39.8605,-85.0259,53,Clear,0,3,False,False,False,False,False,0.0
2026-09-28T03:13:31Z,IN,323,39.29,-85.1688,54,Mostly Clear,0,2,False,False,False,False,False,0.0
2026-09-28T03:13:31Z,IN,702,41.7472,-85.3285,55,Mostly Clear,0,5,False,False,False,False,False,0.0
2026-09-28T03:13:31Z,IN,701,41.5889,-87.2173,56,Partly Cloudy,0,5,False,False,False,False,False,0.0
2026-09-28T03:13:31Z,IN,704,41.7058,-86.6212,53,Mostly Cloudy,0,5,False,False,False,False,False,0.0
2026-09-28T03:13:31Z,IN,703,41.7071,-86.6235,53,Mostly Cloudy,0,5,False,False,False,False,False,0.0
2026-09-28T03:13:31Z,IN,705,41.733,-86.0057,55,Partly Cloudy,0,5,False,False,False,False,False,0.0
2026-09-28T03:13:31Z,IN,708,41.7472,-85.3285,55,Mostly Clear,0,5,False,False,False,False,False,0.0
2026-09-28T03:13:31Z,IN,707,41.7453,-85.3287,55,Mostly Clear,0,5,False,False,False,False,False,0.0
2026-09-28T03:13:31Z,IN,324,41.7353,-86.7933,53,Mostly Cloudy,0,0,False,False,False,False,False,0.0
2026-09-28T03:13:31Z,KY,KY00065IS0000020N65WELCOM,36.6434,-86.5687,61,Partly Cloudy,0,5,False,False,False,False,False,0.0
2026-09-28T03:13:31Z,KY,KY00065IS000020NSMARATHON,36.6612,-86.5553,64,Partly Cloudy,0,3,False,False,False,False,False,0.0
2026-09-28T03:13:31Z,KY,KY00065IS0000340NWEIGHS34,36.6868,-86.5379,64,Partly Cloudy,0,3,False,False,False,False,False,0.0
2026-09-28T03:13:31Z,KY,KY00065IS0011400S65SRA114,37.9464,-85.6905,66,Clear,0,3,False,False,False,False,False,0.0
2026-09-28T03:13:31Z,KY,KY00065IS0005900S65SRA059,37.239,-85.9297,63,Mostly Clear,0,1,False,False,False,False,False,0.0
2026-09-28T03:13:31Z,KY,KY00065IS0005900N65NRA059,37.2384,-85.9271,63,Mostly Clear,0,1,False,False,False,False,False,0.0
2026-09-28T03:13:31Z,KY,KY00075IS0003300NWEIGHS33,37.0422,-84.0968,58,Clear,0,2,False,False,False,False,False,0.0
2026-09-28T03:13:31Z,KY,KY00075IS0003400SWEIGHS34,37.048,-84.0997,58,Clear,0,2,False,False,False,False,False,0.0
2026-09-28T03:13:31Z,KY,KY00075IS0017700N75NRA177,38.937,-84.6309,59,Clear,0,5,False,False,False,False,False,0.0
2026-09-28T03:13:31Z,KY,KY00075IS0007500SWALTONWS,38.8653,-84.6476,59,Clear,0,5,False,False,False,False,False,0.0
2026-09-28T03:13:31Z,KY,KY00075IS0017700S75SRA177,38.9388,-84.6339,59,Clear,0,5,False,False,False,False,False,0.0
2026-09-28T03:13:31Z,KY,KY00075IS0016800SCRITENWS,38.8196,-84.6015,59,Clear,0,5,False,False,False,False,False,0.0
2026-09-28T03:13:31Z,KY,KY00075IS0000100N75WELCOM,36.6162,-84.1054,56,Mostly Clear,0,1,False,False,False,False,False,0.0
2026-09-28T03:13:35Z,IL,IL00064IW008500012,38.2766,-88.8012,62,Mostly Cloudy,0,2,False,False,False,False,True,0.2
2026-09-28T03:13:35Z,IL,IL00057IN026800032,40.5505,-88.0605,57,Partly Cloudy,0,5,False,False,False,False,True,0.2
2026-09-28T03:13:35Z,IL,IL00070IE008600051,39.0651,-88.6745,62,Mostly Cloudy,0,3,False,False,False,False,True,0.2
2026-09-28T03:13:35Z,IL,IL00072IW015200014,39.9888,-88.7852,61,Partly Cloudy,0,7,False,False,False,False,True,0.2
2026-09-28T03:13:35Z,IL,IL00055IS019400021,40.8371,-88.6833,53,Partly Cloudy,0,5,False,False,False,False,True,0.2
2026-09-28T03:13:35Z,IL,IL00057IN007900034,38.0297,-88.9203,65,Mostly Cloudy,0,2,False,False,False,False,True,0.2
2026-09-28T03:13:35Z,IL,IL00057IS007900047,38.0962,-88.9138,67,Mostly Cloudy,0,2,False,False,False,False,True,0.2
2026-09-28T03:13:35Z,IL,IL00055IN006400027,39.3465,-89.6408,63,Mostly Cloudy,0,3,False,False,False,False,True,0.2
2026-09-28T03:13:35Z,IL,IL00039IN008500036,41.7236,-89.0062,56,Partly Cloudy,0,5,False,False,False,False,True,0.2
2026-09-28T03:13:35Z,IL,IL00070IE002700042,38.7849,-89.7023,64,Mostly Cloudy,1,3,False,False,False,False,True,0.2
2026-09-28T03:13:35Z,IL,IL00074IE015600037,40.2732,-88.6762,60,Partly Cloudy,0,7,False,False,False,False,True,0.2
2026-09-28T03:13:35Z,IL,IL00080IE005100040,41.3938,-89.5665,61,Mostly Cloudy,0,5,False,False,False,False,True,0.2
2026-09-28T03:13:35Z,IL,IL00055IN019400031,40.8234,-88.6875,53,Partly Cloudy,0,5,False,False,False,False,True,0.2
2026-09-28T03:13:35Z,IL,IL00064IW013000053,38.2322,-87.9882,61,Partly Cloudy,0,2,False,False,False,False,True,0.2
2026-09-28T03:13:35Z,IL,IL00055IS002700019,38.8723,-89.8511,62,Mostly Cloudy,1,3,False,False,False,False,True,0.2
2026-09-28T03:13:35Z,IL,IL00057IS033300046,41.3918,-87.7749,55,Mostly Cloudy,0,5,False,False,False,False,True,0.2
2026-09-28T03:13:35Z,IL,IL00064IE008500039,38.273,-88.8496,65,Mostly Cloudy,0,2,False,False,False,False,True,0.2
2026-09-28T03:13:35Z,IL,IL00074IW002800020,41.2141,-90.3308,63,Mostly Cloudy,1,5,False,False,False,False,True,0.2
2026-09-28T03:13:35Z,IL,IL00055IN014900028,40.3599,-89.1099,61,Partly Cloudy,0,6,False,False,False,False,True,0.2
2026-09-28T03:13:35Z,IL,IL00080IW005100013,41.3937,-89.5591,62,Mostly Cloudy,0,5,False,False,False,False,True,0.2
2026-09-28T03:13:35Z,IL,IL00080IW011700016,41.4473,-88.3285,56,Partly Cloudy,0,5,False,False,False,False,True,0.2
2026-09-28T03:13:35Z,IL,IL00074IW015600009,40.2711,-88.6701,61,Partly Cloudy,0,6,False,False,False,False,True,0.2
2026-09-28T03:13:35Z,IL,IL00070IW002700015,38.7884,-89.6889,64,Mostly Cloudy,1,3,False,False,False,False,True,0.2
2026-09-28T03:13:35Z,IL,IL00057IS026800022,40.5613,-88.0615,57,Partly Cloudy,0,5,False,False,False,False,True,0.2
2026-09-28T03:13:35Z,IL,IL00080IE011700043,41.4314,-88.3454,56,Partly Cloudy,0,5,False,False,False,False,True,0.2
2026-09-28T03:13:35Z,IL,IL00024IW003700010,37.1593,-88.6798,65,Partly Cloudy,0,1,False,False,False,False,True,0.2
2026-09-28T03:13:35Z,IL,IL00055IN010400050,39.8627,-89.5948,63,Mostly Cloudy,0,5,False,False,False,False,True,0.2
2026-09-28T03:13:35Z,IL,IL00057IS011400023,38.5965,-88.9677,63,Mostly Cloudy,0,1,False,False,False,False,True,0.2
2026-09-28T03:13:35Z,IL,IL00057IN011400033,38.5963,-88.9638,63,Mostly Cloudy,0,1,False,False,False,False,True,0.2
2026-09-28T03:13:35Z,IL,IL00057IN022200048,39.9218,-88.299,58,Partly Cloudy,0,6,False,False,False,False,True,0.2
2026-09-28T03:13:35Z,IL,IL00057IN033300049,41.3892,-87.7729,54,Mostly Cloudy,0,5,False,False,False,False,True,0.2
2026-09-28T03:13:35Z,IL,IL00039IS008500026,41.7285,-89.0105,56,Partly Cloudy,0,5,False,False,False,False,True,0.2
2026-09-28T03:13:35Z,IL,IL00057IS022200054,39.9314,-88.3043,58,Partly Cloudy,0,6,False,False,False,False,True,0.2
2026-09-28T03:13:35Z,IL,IL00072IE015200041,39.9923,-88.7827,61,Partly Cloudy,0,7,False,False,False,False,True,0.2
2026-09-28T03:13:35Z,IL,IL00074IW006200004,40.8802,-90.0895,62,Mostly Cloudy,1,3,False,False,False,False,True,0.2
2026-09-28T03:13:35Z,IL,IL00074IE011400005,40.6125,-89.245,61,Partly Cloudy,0,5,False,False,False,False,True,0.2
2026-09-28T03:13:35Z,IL,IL00074IW020800052,40.1298,-87.7441,59,Partly Cloudy,0,5,False,False,False,False,True,0.2
2026-09-28T03:13:35Z,IL,IL00055IN002700029,38.8649,-89.8532,62,Mostly Cloudy,1,3,False,False,False,False,True,0.2
2026-09-28T03:13:35Z,IL,IL00055IS006400017,39.3523,-89.6447,60,Mostly Cloudy,0,3,False,False,False,False,True,0.2
2026-09-28T03:13:35Z,IL,IL00064IW002500011,38.5491,-89.7633,63,Mostly Cloudy,1,3,False,False,False,False,True,0.2
2026-09-28T03:13:35Z,IL,IL00074IE002800030,41.2334,-90.333,63,Mostly Cloudy,1,5,False,False,False,False,True,0.2
2026-09-28T03:13:35Z,IL,IL00064IE002500038,38.5481,-89.7731,64,Mostly Cloudy,1,2,False,False,False,False,True,0.2
2026-09-28T03:13:35Z,IL,IL00070IW008700045,39.0679,-88.6704,62,Mostly Cloudy,0,3,False,False,False,False,True,0.2
2026-09-28T03:13:35Z,IL,IL00057IS016500018,39.1993,-88.502,59,Partly Cloudy,0,5,False,False,False,False,True,0.2
2026-09-28T03:13:35Z,IL,IL00074IW011400006,40.6111,-89.2323,61,Partly Cloudy,0,5,False,False,False,False,True,0.2
2026-09-28T03:13:35Z,IL,IL00074IE006200001,40.8788,-90.0936,62,Mostly Cloudy,1,3,False,False,False,False,True,0.2
2026-09-28T03:13:35Z,IL,IL00070IW014900008,39.4228,-87.6617,56,Partly Cloudy,0,5,False,False,False,False,True,0.2
2026-09-28T03:13:35Z,IL,IL00057IN016500044,39.1898,-88.5031,63,Mostly Cloudy,0,5,False,False,False,False,True,0.2
2026-09-28T03:13:35Z,IL,IL00055IS010400024,39.8871,-89.5966,62,Mostly Cloudy,0,3,False,False,False,False,True,0.2
2026-09-28T03:13:35Z,IL,IL00057IS003200025,37.4699,-89.1329,64,Partly Cloudy,1,1,False,False,False,False,True,0.2
2026-09-28T03:13:35Z,IL,IL00057IN003200035,37.4661,-89.1324,64,Partly Cloudy,1,1,False,False,False,False,True,0.2
2026-09-28T03:13:35Z,IN,322,38.195,-87.8597,61,Partly Cloudy,0,2,False,False,False,False,False,0.0
2026-09-28T03:13:35Z,IN,317,38.5852,-85.7768,59,Clear,0,2,False,False,False,False,False,0.0
2026-09-28T03:13:35Z,IN,316,38.5859,-85.7809,59,Clear,0,2,False,False,False,False,False,0.0
2026-09-28T03:13:35Z,IN,315,39.2602,-85.9521,57,Clear,0,3,False,False,False,False,False,0.0
2026-09-28T03:13:35Z,IN,314,39.2767,-85.9569,57,Clear,0,3,False,False,False,False,False,0.0
2026-09-28T03:13:35Z,IN,313,40.1578,-86.5387,55,Clear,0,5,False,False,False,False,False,0.0
2026-09-28T03:13:35Z,IN,312,40.1722,-86.5522,56,Clear,0,5,False,False,False,False,False,0.0
2026-09-28T03:13:35Z,IN,311,40.6992,-87.0628,54,Partly Cloudy,0,5,False,False,False,False,False,0.0
2026-09-28T03:13:35Z,IN,310,40.6984,-87.0646,54,Partly Cloudy,0,5,False,False,False,False,False,0.0
2026-09-28T03:13:35Z,IN,308,41.1653,-87.271,50,Partly Cloudy,0,5,False,False,False,False,False,0.0
2026-09-28T03:13:35Z,IN,309,41.1666,-87.2749,50,Partly Cloudy,0,5,False,False,False,False,False,0.0
2026-09-28T03:13:35Z,IN,318,40.3543,-85.5576,54,Clear,0,3,False,False,False,False,False,0.0
2026-09-28T03:13:35Z,IN,319,40.3569,-85.56,54,Clear,0,3,False,False,False,False,False,0.0
2026-09-28T03:13:35Z,IN,320,41.2963,-85.0863,55,Clear,0,5,False,False,False,False,False,0.0
2026-09-28T03:13:35Z,IN,321,41.5803,-85.0597,55,Clear,0,5,False,False,False,False,False,0.0
2026-09-28T03:13:35Z,IN,300,39.4417,-87.5002,58,Partly Cloudy,0,3,False,False,False,False,False,0.0
2026-09-28T03:13:35Z,IN,302,39.6517,-86.3967,58,Clear,0,5,False,False,False,False,False,0.0
2026-09-28T03:13:35Z,IN,301,39.6541,-86.4005,58,Clear,0,5,False,False,False,False,False,0.0
2026-09-28T03:13:35Z,IN,303,39.8243,-85.7039,55,Clear,0,5,False,False,False,False,False,0.0
2026-09-28T03:13:35Z,IN,304,39.8266,-85.704,55,Clear,0,5,False,False,False,False,False,0.0
2026-09-28T03:13:35Z,IN,305,39.8605,-85.0259,53,Clear,0,3,False,False,False,False,False,0.0
2026-09-28T03:13:35Z,IN,323,39.29,-85.1688,54,Mostly Clear,0,2,False,False,False,False,False,0.0
2026-09-28T03:13:35Z,IN,702,41.7472,-85.3285,55,Mostly Clear,0,5,False,False,False,False,False,0.0
2026-09-28T03:13:35Z,IN,701,41.5889,-87.2173,56,Partly Cloudy,0,5,False,False,False,False,False,0.0
2026-09-28T03:13:35Z,IN,704,41.7058,-86.6212,53,Mostly Cloudy,0,5,False,False,False,False,False,0.0
2026-09-28T03:13:35Z,IN,703,41.7071,-86.6235,53,Mostly Cloudy,0,5,False,False,False,False,False,0.0
2026-09-28T03:13:35Z,IN,705,41.733,-86.0057,55,Partly Cloudy,0,5,False,False,False,False,False,0.0
2026-09-28T03:13:35Z,IN,708,41.7472,-85.3285,55,Mostly Clear,0,5,False,False,False,False,False,0.0
2026-09-28T03:13:35Z,IN,707,41.7453,-85.3287,55,Mostly Clear,0,5,False,False,False,False,False,0.0
2026-09-28T03:13:35Z,IN,324,41.7353,-86.7933,53,Mostly Cloudy,0,0,False,False,False,False,False,0.0
2026-09-28T03:13:35Z,KY,KY00065IS0000020N65WELCOM,36.6434,-86.5687,61,Partly Cloudy,0,5,False,False,False,False,False,0.0
2026-09-28T03:13:35Z,KY,KY00065IS000020NSMARATHON,36.6612,-86.5553,64,Partly Cloudy,0,3,False,False,False,False,False,0.0
2026-09-28T03:13:35Z,KY,KY00065IS0000340NWEIGHS34,36.6868,-86.5379,64,Partly Cloudy,0,3,False,False,False,False,False,0.0
2026-09-28T03:13:35Z,KY,KY00065IS0011400S65SRA114,37.9464,-85.6905,66,Clear,0,3,False,False,False,False,False,0.0
2026-09-28T03:13:35Z,KY,KY00065IS0005900S65SRA059,37.239,-85.9297,63,Mostly Clear,0,1,False,False,False,False,False,0.0
2026-09-28T03:13:35Z,KY,KY00065IS0005900N65NRA059,37.2384,-85.9271,63,Mostly Clear,0,1,False,False,False,False,False,0.0
2026-09-28T03:13:35Z,KY,KY00075IS0003300NWEIGHS33,37.0422,-84.0968,58,Clear,0,2,False,False,False,False,False,0.0
2026-09-28T03:13:35Z,KY,KY00075IS0003400SWEIGHS34,37.048,-84.0997,58,Clear,0,2,False,False,False,False,False,0.0
2026-09-28T03:13:35Z,KY,KY00075IS0017700N75NRA177,38.937,-84.6309,59,Clear,0,5,False,False,False,False,False,0.0
2026-09-28T03:13:35Z,KY,KY00075IS0007500SWALTONWS,38.8653,-84.6476,59,Clear,0,5,False,False,False,False,False,0.0
2026-09-28T03:13:35Z,KY,KY00075IS0017700S75SRA177,38.9388,-84.6339,59,Clear,0,5,False,False,False,False,False,0.0
2026-09-28T03:13:35Z,KY,KY00075IS0016800SCRITENWS,38.8196,-84.6015,59,Clear,0,5,False,False,False,False,False,0.0
2026-09-28T03:13:35Z,KY,KY00075IS0000100N75WELCOM,36.6162,-84.1054,56,Mostly Clear,0,1,False,False,False,False,False,0.0
2026-09-28T03:13:39Z,IL,IL00064IW008500012,38.2766,-88.8012,62,Mostly Cloudy,0,2,False,False,False,False,True,0.2
2026-09-28T03:13:39Z,IL,IL00057IN026800032,40.5505,-88.0605,57,Partly Cloudy,0,5,False,False,False,False,True,0.2
2026-09-28T03:13:39Z,IL,IL00070IE008600051,39.0651,-88.6745,62,Mostly Cloudy,0,3,False,False,False,False,True,0.2
2026-09-28T03:13:39Z,IL,IL00072IW015200014,39.9888,-88.7852,61,Partly Cloudy,0,7,False,False,False,False,True,0.2
2026-09-28T03:13:39Z,IL,IL00055IS019400021,40.8371,-88.6833,53,Partly Cloudy,0,5,False,False,False,False,True,0.2
2026-09-28T03:13:39Z,IL,IL00057IN007900034,38.0297,-88.9203,65,Mostly Cloudy,0,2,False,False,False,False,True,0.2
2026-09-28T03:13:39Z,IL,IL00057IS007900047,38.0962,-88.9138,67,Mostly Cloudy,0,2,False,False,False,False,True,0.2
2026-09-28T03:13:39Z,IL,IL00055IN006400027,39.3465,-89.6408,63,Mostly Cloudy,0,3,False,False,False,False,True,0.2
2026-09-28T03:13:39Z,IL,IL00039IN008500036,41.7236,-89.0062,56,Partly Cloudy,0,5,False,False,False,False,True,0.2
2026-09-28T03:13:39Z,IL,IL00070IE002700042,38.7849,-89.7023,64,Mostly Cloudy,1,3,False,False,False,False,True,0.2
2026-09-28T03:13:39Z,IL,IL00074IE015600037,40.2732,-88.6762,60,Partly Cloudy,0,7,False,False,False,False,True,0.2
2026-09-28T03:13:39Z,IL,IL00080IE005100040,41.3938,-89.5665,61,Mostly Cloudy,0,5,False,False,False,False,True,0.2
2026-09-28T03:13:39Z,IL,IL00055IN019400031,40.8234,-88.6875,53,Partly Cloudy,0,5,False,False,False,False,True,0.2
2026-09-28T03:13:39Z,IL,IL00064IW013000053,38.2322,-87.9882,61,Partly Cloudy,0,2,False,False,False,False,True,0.2
2026-09-28T03:13:39Z,IL,IL00055IS002700019,38.8723,-89.8511,62,Mostly Cloudy,1,3,False,False,False,False,True,0.2
2026-09-28T03:13:39Z,IL,IL00057IS033300046,41.3918,-87.7749,55,Mostly Cloudy,0,5,False,False,False,False,True,0.2
2026-09-28T03:13:39Z,IL,IL00064IE008500039,38.273,-88.8496,65,Mostly Cloudy,0,2,False,False,False,False,True,0.2
2026-09-28T03:13:39Z,IL,IL00074IW002800020,41.2141,-90.3308,63,Mostly Cloudy,1,5,False,False,False,False,True,0.2
2026-09-28T03:13:39Z,IL,IL00055IN014900028,40.3599,-89.1099,61,Partly Cloudy,0,6,False,False,False,False,True,0.2
2026-09-28T03:13:39Z,IL,IL00080IW005100013,41.3937,-89.5591,62,Mostly Cloudy,0,5,False,False,False,False,True,0.2
2026-09-28T03:13:39Z,IL,IL00080IW011700016,41.4473,-88.3285,56,Partly Cloudy,0,5,False,False,False,False,True,0.2
2026-09-28T03:13:39Z,IL,IL00074IW015600009,40.2711,-88.6701,61,Partly Cloudy,0,6,False,False,False,False,True,0.2
2026-09-28T03:13:39Z,IL,IL00070IW002700015,38.7884,-89.6889,64,Mostly Cloudy,1,3,False,False,False,False,True,0.2
2026-09-28T03:13:39Z,IL,IL00057IS026800022,40.5613,-88.0615,57,Partly Cloudy,0,5,False,False,False,False,True,0.2
2026-09-28T03:13:39Z,IL,IL00080IE011700043,41.4314,-88.3454,56,Partly Cloudy,0,5,False,False,False,False,True,0.2
2026-09-28T03:13:39Z,IL,IL00024IW003700010,37.1593,-88.6798,65,Partly Cloudy,0,1,False,False,False,False,True,0.2
2026-09-28T03:13:39Z,IL,IL00055IN010400050,39.8627,-89.5948,63,Mostly Cloudy,0,5,False,False,False,False,True,0.2
2026-09-28T03:13:39Z,IL,IL00057IS011400023,38.5965,-88.9677,63,Mostly Cloudy,0,1,False,False,False,False,True,0.2
2026-09-28T03:13:39Z,IL,IL00057IN011400033,38.5963,-88.9638,63,Mostly Cloudy,0,1,False,False,False,False,True,0.2
2026-09-28T03:13:39Z,IL,IL00057IN022200048,39.9218,-88.299,58,Partly Cloudy,0,6,False,False,False,False,True,0.2
2026-09-28T03:13:39Z,IL,IL00057IN033300049,41.3892,-87.7729,54,Mostly Cloudy,0,5,False,False,False,False,True,0.2
2026-09-28T03:13:39Z,IL,IL00039IS008500026,41.7285,-89.0105,56,Partly Cloudy,0,5,False,False,False,False,True,0.2
2026-09-28T03:13:39Z,IL,IL00057IS022200054,39.9314,-88.3043,58,Partly Cloudy,0,6,False,False,False,False,True,0.2
2026-09-28T03:13:39Z,IL,IL00072IE015200041,39.9923,-88.7827,61,Partly Cloudy,0,7,False,False,False,False,True,0.2
2026-09-28T03:13:39Z,IL,IL00074IW006200004,40.8802,-90.0895,62,Mostly Cloudy,1,3,False,False,False,False,True,0.2
2026-09-28T03:13:39Z,IL,IL00074IE011400005,40.6125,-89.245,61,Partly Cloudy,0,5,False,False,False,False,True,0.2
2026-09-28T03:13:39Z,IL,IL00074IW020800052,40.1298,-87.7441,59,Partly Cloudy,0,5,False,False,False,False,True,0.2
2026-09-28T03:13:39Z,IL,IL00055IN002700029,38.8649,-89.8532,62,Mostly Cloudy,1,3,False,False,False,False,True,0.2
2026-09-28T03:13:39Z,IL,IL00055IS006400017,39.3523,-89.6447,60,Mostly Cloudy,0,3,False,False,False,False,True,0.2
2026-09-28T03:13:39Z,IL,IL00064IW002500011,38.5491,-89.7633,63,Mostly Cloudy,1,3,False,False,False,False,True,0.2
2026-09-28T03:13:39Z,IL,IL00074IE002800030,41.2334,-90.333,63,Mostly Cloudy,1,5,False,False,False,False,True,0.2
2026-09-28T03:13:39Z,IL,IL00064IE002500038,38.5481,-89.7731,64,Mostly Cloudy,1,2,False,False,False,False,True,0.2
2026-09-28T03:13:39Z,IL,IL00070IW008700045,39.0679,-88.6704,62,Mostly Cloudy,0,3,False,False,False,False,True,0.2
2026-09-28T03:13:39Z,IL,IL00057IS016500018,39.1993,-88.502,59,Partly Cloudy,0,5,False,False,False,False,True,0.2
2026-09-28T03:13:39Z,IL,IL00074IW011400006,40.6111,-89.2323,61,Partly Cloudy,0,5,False,False,False,False,True,0.2
2026-09-28T03:13:39Z,IL,IL00074IE006200001,40.8788,-90.0936,62,Mostly Cloudy,1,3,False,False,False,False,True,0.2
2026-09-28T03:13:39Z,IL,IL00070IW014900008,39.4228,-87.6617,56,Partly Cloudy,0,5,False,False,False,False,True,0.2
2026-09-28T03:13:39Z,IL,IL00057IN016500044,39.1898,-88.5031,63,Mostly Cloudy,0,5,False,False,False,False,True,0.2
2026-09-28T03:13:39Z,IL,IL00055IS010400024,39.8871,-89.5966,62,Mostly Cloudy,0,3,False,False,False,False,True,0.2
2026-09-28T03:13:39Z,IL,IL00057IS003200025,37.4699,-89.1329,64,Partly Cloudy,1,1,False,False,False,False,True,0.2
2026-09-28T03:13:39Z,IL,IL00057IN003200035,37.4661,-89.1324,64,Partly Cloudy,1,1,False,False,False,False,True,0.2
2026-09-28T03:13:39Z,IN,322,38.195,-87.8597,61,Partly Cloudy,0,2,False,False,False,False,False,0.0
2026-09-28T03:13:39Z,IN,317,38.5852,-85.7768,59,Clear,0,2,False,False,False,False,False,0.0
2026-09-28T03:13:39Z,IN,316,38.5859,-85.7809,59,Clear,0,2,False,False,False,False,False,0.0
2026-09-28T03:13:39Z,IN,315,39.2602,-85.9521,57,Clear,0,3,False,False,False,False,False,0.0
2026-09-28T03:13:39Z,IN,314,39.2767,-85.9569,57,Clear,0,3,False,False,False,False,False,0.0
2026-09-28T03:13:39Z,IN,313,40.1578,-86.5387,55,Clear,0,5,False,False,False,False,False,0.0
2026-09-28T03:13:39Z,IN,312,40.1722,-86.5522,56,Clear,0,5,False,False,False,False,False,0.0
2026-09-28T03:13:39Z,IN,311,40.6992,-87.0628,54,Partly Cloudy,0,5,False,False,False,False,False,0.0
2026-09-28T03:13:39Z,IN,310,40.6984,-87.0646,54,Partly Cloudy,0,5,False,False,False,False,False,0.0
2026-09-28T03:13:39Z,IN,308,41.1653,-87.271,50,Partly Cloudy,0,5,False,False,False,False,False,0.0
2026-09-28T03:13:39Z,IN,309,41.1666,-87.2749,50,Partly Cloudy,0,5,False,False,False,False,False,0.0
2026-09-28T03:13:39Z,IN,318,40.3543,-85.5576,54,Clear,0,3,False,False,False,False,False,0.0
2026-09-28T03:13:39Z,IN,319,40.3569,-85.56,54,Clear,0,3,False,False,False,False,False,0.0
2026-09-28T03:13:39Z,IN,320,41.2963,-85.0863,55,Clear,0,5,False,False,False,False,False,0.0
2026-09-28T03:13:39Z,IN,321,41.5803,-85.0597,55,Clear,0,5,False,False,False,False,False,0.0
2026-09-28T03:13:39Z,IN,300,39.4417,-87.5002,58,Partly Cloudy,0,3,False,False,False,False,False,0.0
2026-09-28T03:13:39Z,IN,302,39.6517,-86.3967,58,Clear,0,5,False,False,False,False,False,0.0
2026-09-28T03:13:39Z,IN,301,39.6541,-86.4005,58,Clear,0,5,False,False,False,False,False,0.0
2026-09-28T03:13:39Z,IN,303,39.8243,-85.7039,55,Clear,0,5,False,False,False,False,False,0.0
2026-09-28T03:13:39Z,IN,304,39.8266,-85.704,55,Clear,0,5,False,False,False,False,False,0.0
2026-09-28T03:13:39Z,IN,305,39.8605,-85.0259,53,Clear,0,3,False,False,False,False,False,0.0
2026-09-28T03:13:39Z,IN,323,39.29,-85.1688,54,Mostly Clear,0,2,False,False,False,False,False,0.0
2026-09-28T03:13:39Z,IN,702,41.7472,-85.3285,55,Mostly Clear,0,5,False,False,False,False,False,0.0
2026-09-28T03:13:39Z,IN,701,41.5889,-87.2173,56,Partly Cloudy,0,5,False,False,False,False,False,0.0
2026-09-28T03:13:39Z,IN,704,41.7058,-86.6212,53,Mostly Cloudy,0,5,False,False,False,False,False,0.0
2026-09-28T03:13:39Z,IN,703,41.7071,-86.6235,53,Mostly Cloudy,0,5,False,False,False,False,False,0.0
2026-09-28T03:13:39Z,IN,705,41.733,-86.0057,55,Partly Cloudy,0,5,False,False,False,False,False,0.0
2026-09-28T03:13:39Z,IN,708,41.7472,-85.3285,55,Mostly Clear,0,5,False,False,False,False,False,0.0
2026-09-28T03:13:39Z,IN,707,41.7453,-85.3287,55,Mostly Clear,0,5,False,False,False,False,False,0.0
2026-09-28T03:13:39Z,IN,324,41.7353,-86.7933,53,Mostly Cloudy,0,0,False,False,False,False,False,0.0
2026-09-28T03:13:39Z,KY,KY00065IS0000020N65WELCOM,36.6434,-86.5687,61,Partly Cloudy,0,5,False,False,False,False,False,0.0
2026-09-28T03:13:39Z,KY,KY00065IS000020NSMARATHON,36.6612,-86.5553,64,Partly Cloudy,0,3,False,False,False,False,False,0.0
2026-09-28T03:13:39Z,KY,KY00065IS0000340NWEIGHS34,36.6868,-86.5379,64,Partly Cloudy,0,3,False,False,False,False,False,0.0
2026-09-28T03:13:39Z,KY,KY00065IS0011400S65SRA114,37.9464,-85.6905,66,Clear,0,3,False,False,False,False,False,0.0
2026-09-28T03:13:39Z,KY,KY00065IS0005900S65SRA059,37.239,-85.9297,63,Mostly Clear,0,1,False,False,False,False,False,0.0
2026-09-28T03:13:39Z,KY,KY00065IS0005900N65NRA059,37.2384,-85.9271,63,Mostly Clear,0,1,False,False,False,False,False,0.0
2026-09-28T03:13:39Z,KY,KY00075IS0003300NWEIGHS33,37.0422,-84.0968,58,Clear,0,2,False,False,False,False,False,0.0
2026-09-28T03:13:39Z,KY,KY00075IS0003400SWEIGHS34,37.048,-84.0997,58,Clear,0,2,False,False,False,False,False,0.0
2026-09-28T03:13:39Z,KY,KY00075IS0017700N75NRA177,38.937,-84.6309,59,Clear,0,5,False,False,False,False,False,0.0
2026-09-28T03:13:39Z,KY,KY00075IS0007500SWALTONWS,38.8653,-84.6476,59,Clear,0,5,False,False,False,False,False,0.0
2026-09-28T03:13:39Z,KY,KY00075IS0017700S75SRA177,38.9388,-84.6339,59,Clear,0,5,False,False,False,False,False,0.0
2026-09-28T03:13:39Z,KY,KY00075IS0016800SCRITENWS,38.8196,-84.6015,59,Clear,0,5,False,False,False,False,False,0.0
2026-09-28T03:13:39Z,KY,KY00075IS0000100N75WELCOM,36.6162,-84.1054,56,Mostly Clear,0,1,False,False,False,False,False,0.0
2026-09-28T03:13:43Z,IL,IL00064IW008500012,38.2766,-88.8012,62,Mostly Cloudy,0,2,False,False,False,False,True,0.2
2026-09-28T03:13:43Z,IL,IL00057IN026800032,40.5505,-88.0605,57,Partly Cloudy,0,5,False,False,False,False,True,0.2
2026-09-28T03:13:43Z,IL,IL00070IE008600051,39.0651,-88.6745,62,Mostly Cloudy,0,3,False,False,False,False,True,0.2
2026-09-28T03:13:43Z,IL,IL00072IW015200014,39.9888,-88.7852,61,Partly Cloudy,0,7,False,False,False,False,True,0.2
2026-09-28T03:13:43Z,IL,IL00055IS019400021,40.8371,-88.6833,53,Partly Cloudy,0,5,False,False,False,False,True,0.2
2026-09-28T03:13:43Z,IL,IL00057IN007900034,38.0297,-88.9203,65,Mostly Cloudy,0,2,False,False,False,False,True,0.2
2026-09-28T03:13:43Z,IL,IL00057IS007900047,38.0962,-88.9138,67,Mostly Cloudy,0,2,False,False,False,False,True,0.2
2026-09-28T03:13:43Z,IL,IL00055IN006400027,39.3465,-89.6408,63,Mostly Cloudy,0,3,False,False,False,False,True,0.2
2026-09-28T03:13:43Z,IL,IL00039IN008500036,41.7236,-89.0062,56,Partly Cloudy,0,5,False,False,False,False,True,0.2
2026-09-28T03:13:43Z,IL,IL00070IE002700042,38.7849,-89.7023,64,Mostly Cloudy,1,3,False,False,False,False,True,0.2
2026-09-28T03:13:43Z,IL,IL00074IE015600037,40.2732,-88.6762,60,Partly Cloudy,0,7,False,False,False,False,True,0.2
2026-09-28T03:13:43Z,IL,IL00080IE005100040,41.3938,-89.5665,61,Mostly Cloudy,0,5,False,False,False,False,True,0.2
2026-09-28T03:13:43Z,IL,IL00055IN019400031,40.8234,-88.6875,53,Partly Cloudy,0,5,False,False,False,False,True,0.2
2026-09-28T03:13:43Z,IL,IL00064IW013000053,38.2322,-87.9882,61,Partly Cloudy,0,2,False,False,False,False,True,0.2
2026-09-28T03:13:43Z,IL,IL00055IS002700019,38.8723,-89.8511,62,Mostly Cloudy,1,3,False,False,False,False,True,0.2
2026-09-28T03:13:43Z,IL,IL00057IS033300046,41.3918,-87.7749,55,Mostly Cloudy,0,5,False,False,False,False,True,0.2
2026-09-28T03:13:43Z,IL,IL00064IE008500039,38.273,-88.8496,65,Mostly Cloudy,0,2,False,False,False,False,True,0.2
2026-09-28T03:13:43Z,IL,IL00074IW002800020,41.2141,-90.3308,63,Mostly Cloudy,1,5,False,False,False,False,True,0.2
2026-09-28T03:13:43Z,IL,IL00055IN014900028,40.3599,-89.1099,61,Partly Cloudy,0,6,False,False,False,False,True,0.2
2026-09-28T03:13:43Z,IL,IL00080IW005100013,41.3937,-89.5591,62,Mostly Cloudy,0,5,False,False,False,False,True,0.2
2026-09-28T03:13:43Z,IL,IL00080IW011700016,41.4473,-88.3285,56,Partly Cloudy,0,5,False,False,False,False,True,0.2
2026-09-28T03:13:43Z,IL,IL00074IW015600009,40.2711,-88.6701,61,Partly Cloudy,0,6,False,False,False,False,True,0.2
2026-09-28T03:13:43Z,IL,IL00070IW002700015,38.7884,-89.6889,64,Mostly Cloudy,1,3,False,False,False,False,True,0.2
2026-09-28T03:13:43Z,IL,IL00057IS026800022,40.5613,-88.0615,57,Partly Cloudy,0,5,False,False,False,False,True,0.2
2026-09-28T03:13:43Z,IL,IL00080IE011700043,41.4314,-88.3454,56,Partly Cloudy,0,5,False,False,False,False,True,0.2
2026-09-28T03:13:43Z,IL,IL00024IW003700010,37.1593,-88.6798,65,Partly Cloudy,0,1,False,False,False,False,True,0.2
2026-09-28T03:13:43Z,IL,IL00055IN010400050,39.8627,-89.5948,63,Mostly Cloudy,0,5,False,False,False,False,True,0.2
2026-09-28T03:13:43Z,IL,IL00057IS011400023,38.5965,-88.9677,63,Mostly Cloudy,0,1,False,False,False,False,True,0.2
2026-09-28T03:13:43Z,IL,IL00057IN011400033,38.5963,-88.9638,63,Mostly Cloudy,0,1,False,False,False,False,True,0.2
2026-09-28T03:13:43Z,IL,IL00057IN022200048,39.9218,-88.299,58,Partly Cloudy,0,6,False,False,False,False,True,0.2
2026-09-28T03:13:43Z,IL,IL00057IN033300049,41.3892,-87.7729,54,Mostly Cloudy,0,5,False,False,False,False,True,0.2
2026-09-28T03:13:43Z,IL,IL00039IS008500026,41.7285,-89.0105,56,Partly Cloudy,0,5,False,False,False,False,True,0.2
2026-09-28T03:13:43Z,IL,IL00057IS022200054,39.9314,-88.3043,58,Partly Cloudy,0,6,False,False,False,False,True,0.2
2026-09-28T03:13:43Z,IL,IL00072IE015200041,39.9923,-88.7827,61,Partly Cloudy,0,7,False,False,False,False,True,0.2
2026-09-28T03:13:43Z,IL,IL00074IW006200004,40.8802,-90.0895,62,Mostly Cloudy,1,3,False,False,False,False,True,0.2
2026-09-28T03:13:43Z,IL,IL00074IE011400005,40.6125,-89.245,61,Partly Cloudy,0,5,False,False,False,False,True,0.2
2026-09-28T03:13:43Z,IL,IL00074IW020800052,40.1298,-87.7441,59,Partly Cloudy,0,5,False,False,False,False,True,0.2
2026-09-28T03:13:43Z,IL,IL00055IN002700029,38.8649,-89.8532,62,Mostly Cloudy,1,3,False,False,False,False,True,0.2
2026-09-28T03:13:43Z,IL,IL00055IS006400017,39.3523,-89.6447,60,Mostly Cloudy,0,3,False,False,False,False,True,0.2
2026-09-28T03:13:43Z,IL,IL00064IW002500011,38.5491,-89.7633,63,Mostly Cloudy,1,3,False,False,False,False,True,0.2
2026-09-28T03:13:43Z,IL,IL00074IE002800030,41.2334,-90.333,63,Mostly Cloudy,1,5,False,False,False,False,True,0.2
2026-09-28T03:13:43Z,IL,IL00064IE002500038,38.5481,-89.7731,64,Mostly Cloudy,1,2,False,False,False,False,True,0.2
2026-09-28T03:13:43Z,IL,IL00070IW008700045,39.0679,-88.6704,62,Mostly Cloudy,0,3,False,False,False,False,True,0.2
2026-09-28T03:13:43Z,IL,IL00057IS016500018,39.1993,-88.502,59,Partly Cloudy,0,5,False,False,False,False,True,0.2
2026-09-28T03:13:43Z,IL,IL00074IW011400006,40.6111,-89.2323,61,Partly Cloudy,0,5,False,False,False,False,True,0.2
2026-09-28T03:13:43Z,IL,IL00074IE006200001,40.8788,-90.0936,62,Mostly Cloudy,1,3,False,False,False,False,True,0.2
2026-09-28T03:13:43Z,IL,IL00070IW014900008,39.4228,-87.6617,56,Partly Cloudy,0,5,False,False,False,False,True,0.2
2026-09-28T03:13:43Z,IL,IL00057IN016500044,39.1898,-88.5031,63,Mostly Cloudy,0,5,False,False,False,False,True,0.2
2026-09-28T03:13:43Z,IL,IL00055IS010400024,39.8871,-89.5966,62,Mostly Cloudy,0,3,False,False,False,False,True,0.2
2026-09-28T03:13:43Z,IL,IL00057IS003200025,37.4699,-89.1329,64,Partly Cloudy,1,1,False,False,False,False,True,0.2
2026-09-28T03:13:43Z,IL,IL00057IN003200035,37.4661,-89.1324,64,Partly Cloudy,1,1,False,False,False,False,True,0.2
2026-09-28T03:13:43Z,KY,KY00065IS0000020N65WELCOM,36.6434,-86.5687,61,Partly Cloudy,0,5,False,False,False,False,False,0.0
2026-09-28T03:13:43Z,KY,KY00065IS000020NSMARATHON,36.6612,-86.5553,64,Partly Cloudy,0,3,False,False,False,False,False,0.0
2026-09-28T03:13:43Z,KY,KY00065IS0000340NWEIGHS34,36.6868,-86.5379,64,Partly Cloudy,0,3,False,False,False,False,False,0.0
2026-09-28T03:13:43Z,KY,KY00065IS0011400S65SRA114,37.9464,-85.6905,66,Clear,0,3,False,False,False,False,False,0.0
2026-09-28T03:13:43Z,KY,KY00065IS0005900S65SRA059,37.239,-85.9297,63,Mostly Clear,0,1,False,False,False,False,False,0.0
2026-09-28T03:13:43Z,KY,KY00065IS0005900N65NRA059,37.2384,-85.9271,63,Mostly Clear,0,1,False,False,False,False,False,0.0
2026-09-28T03:13:43Z,KY,KY00075IS0003300NWEIGHS33,37.0422,-84.0968,58,Clear,0,2,False,False,False,False,False,0.0
2026-09-28T03:13:43Z,KY,KY00075IS0003400SWEIGHS34,37.048,-84.0997,58,Clear,0,2,False,False,False,False,False,0.0
2026-09-28T03:13:43Z,KY,KY00075IS0017700N75NRA177,38.937,-84.6309,59,Clear,0,5,False,False,False,False,False,0.0
2026-09-28T03:13:43Z,KY,KY00075IS0007500SWALTONWS,38.8653,-84.6476,59,Clear,0,5,False,False,False,False,False,0.0
2026-09-28T03:13:43Z,KY,KY00075IS0017700S75SRA177,38.9388,-84.6339,59,Clear,0,5,False,False,False,False,False,0.0
2026-09-28T03:13:43Z,KY,KY00075IS0016800SCRITENWS,38.8196,-84.6015,59,Clear,0,5,False,False,False,False,False,0.0
2026-09-28T03:13:43Z,KY,KY00075IS0000100N75WELCOM,36.6162,-84.1054,56,Mostly Clear,0,1,False,False,False,False,False,0.0
2026-09-28T03:13:55Z,IL,IL00064IW008500012,38.2766,-88.8012,62,Mostly Cloudy,0,2,False,False,False,False,True,0.2
2026-09-28T03:13:55Z,IL,IL00057IN026800032,40.5505,-88.0605,57,Partly Cloudy,0,5,False,False,False,False,True,0.2
2026-09-28T03:13:55Z,IL,IL00070IE008600051,39.0651,-88.6745,62,Mostly Cloudy,0,3,False,False,False,False,True,0.2
2026-09-28T03:13:55Z,IL,IL00072IW015200014,39.9888,-88.7852,61,Partly Cloudy,0,7,False,False,False,False,True,0.2
2026-09-28T03:13:55Z,IL,IL00055IS019400021,40.8371,-88.6833,53,Partly Cloudy,0,5,False,False,False,False,True,0.2
2026-09-28T03:13:55Z,IL,IL00057IN007900034,38.0297,-88.9203,65,Mostly Cloudy,0,2,False,False,False,False,True,0.2
2026-09-28T03:13:55Z,IL,IL00057IS007900047,38.0962,-88.9138,67,Mostly Cloudy,0,2,False,False,False,False,True,0.2
2026-09-28T03:13:55Z,IL,IL00055IN006400027,39.3465,-89.6408,63,Mostly Cloudy,0,3,False,False,False,False,True,0.2
2026-09-28T03:13:55Z,IL,IL00039IN008500036,41.7236,-89.0062,56,Partly Cloudy,0,5,False,False,False,False,True,0.2
2026-09-28T03:13:55Z,IL,IL00070IE002700042,38.7849,-89.7023,64,Mostly Cloudy,1,3,False,False,False,False,True,0.2
2026-09-28T03:13:55Z,IL,IL00074IE015600037,40.2732,-88.6762,60,Partly Cloudy,0,7,False,False,False,False,True,0.2
2026-09-28T03:13:55Z,IL,IL00080IE005100040,41.3938,-89.5665,61,Mostly Cloudy,0,5,False,False,False,False,True,0.2
2026-09-28T03:13:55Z,IL,IL00055IN019400031,40.8234,-88.6875,53,Partly Cloudy,0,5,False,False,False,False,True,0.2
2026-09-28T03:13:55Z,IL,IL00064IW013000053,38.2322,-87.9882,61,Partly Cloudy,0,2,False,False,False,False,True,0.2
2026-09-28T03:13:55Z,IL,IL00055IS002700019,38.8723,-89.8511,62,Mostly Cloudy,1,3,False,False,False,False,True,0.2
2026-09-28T03:13:55Z,IL,IL00057IS033300046,41.3918,-87.7749,55,Mostly Cloudy,0,5,False,False,False,False,True,0.2
2026-09-28T03:13:55Z,IL,IL00064IE008500039,38.273,-88.8496,65,Mostly Cloudy,0,2,False,False,False,False,True,0.2
2026-09-28T03:13:55Z,IL,IL00074IW002800020,41.2141,-90.3308,63,Mostly Cloudy,1,5,False,False,False,False,True,0.2
2026-09-28T03:13:55Z,IL,IL00055IN014900028,40.3599,-89.1099,61,Partly Cloudy,0,6,False,False,False,False,True,0.2
2026-09-28T03:13:55Z,IL,IL00080IW005100013,41.3937,-89.5591,62,Mostly Cloudy,0,5,False,False,False,False,True,0.2
2026-09-28T03:13:55Z,IL,IL00080IW011700016,41.4473,-88.3285,56,Partly Cloudy,0,5,False,False,False,False,True,0.2
2026-09-28T03:13:55Z,IL,IL00074IW015600009,40.2711,-88.6701,61,Partly Cloudy,0,6,False,False,False,False,True,0.2
2026-09-28T03:13:55Z,IL,IL00070IW002700015,38.7884,-89.6889,64,Mostly Cloudy,1,3,False,False,False,False,True,0.2
2026-09-28T03:13:55Z,IL,IL00057IS026800022,40.5613,-88.0615,57,Partly Cloudy,0,5,False,False,False,False,True,0.2
2026-09-28T03:13:55Z,IL,IL00080IE011700043,41.4314,-88.3454,56,Partly Cloudy,0,5,False,False,False,False,True,0.2
2026-09-28T03:13:55Z,IL,IL00024IW003700010,37.1593,-88.6798,65,Partly Cloudy,0,1,False,False,False,False,True,0.2
2026-09-28T03:13:55Z,IL,IL00055IN010400050,39.8627,-89.5948,63,Mostly Cloudy,0,5,False,False,False,False,True,0.2
2026-09-28T03:13:55Z,IL,IL00057IS011400023,38.5965,-88.9677,63,Mostly Cloudy,0,1,False,False,False,False,True,0.2
2026-09-28T03:13:55Z,IL,IL00057IN011400033,38.5963,-88.9638,63,Mostly Cloudy,0,1,False,False,False,False,True,0.2
2026-09-28T03:13:55Z,IL,IL00057IN022200048,39.9218,-88.299,58,Partly Cloudy,0,6,False,False,False,False,True,0.2
2026-09-28T03:13:55Z,IL,IL00057IN033300049,41.3892,-87.7729,54,Mostly Cloudy,0,5,False,False,False,False,True,0.2
2026-09-28T03:13:55Z,IL,IL00039IS008500026,41.7285,-89.0105,56,Partly Cloudy,0,5,False,False,False,False,True,0.2
2026-09-28T03:13:55Z,IL,IL00057IS022200054,39.9314,-88.3043,58,Partly Cloudy,0,6,False,False,False,False,True,0.2
2026-09-28T03:13:55Z,IL,IL00072IE015200041,39.9923,-88.7827,61,Partly Cloudy,0,7,False,False,False,False,True,0.2
2026-09-28T03:13:55Z,IL,IL00074IW006200004,40.8802,-90.0895,62,Mostly Cloudy,1,3,False,False,False,False,True,0.2
2026-09-28T03:13:55Z,IL,IL00074IE011400005,40.6125,-89.245,61,Partly Cloudy,0,5,False,False,False,False,True,0.2
2026-09-28T03:13:55Z,IL,IL00074IW020800052,40.1298,-87.7441,59,Partly Cloudy,0,5,False,False,False,False,True,0.2
2026-09-28T03:13:55Z,IL,IL00055IN002700029,38.8649,-89.8532,62,Mostly Cloudy,1,3,False,False,False,False,True,0.2
2026-09-28T03:13:55Z,IL,IL00055IS006400017,39.3523,-89.6447,60,Mostly Cloudy,0,3,False,False,False,False,True,0.2
2026-09-28T03:13:55Z,IL,IL00064IW002500011,38.5491,-89.7633,63,Mostly Cloudy,1,3,False,False,False,False,True,0.2
2026-09-28T03:13:55Z,IL,IL00074IE002800030,41.2334,-90.333,63,Mostly Cloudy,1,5,False,False,False,False,True,0.2
2026-09-28T03:13:55Z,IL,IL00064IE002500038,38.5481,-89.7731,64,Mostly Cloudy,1,2,False,False,False,False,True,0.2
2026-09-28T03:13:55Z,IL,IL00070IW008700045,39.0679,-88.6704,62,Mostly Cloudy,0,3,False,False,False,False,True,0.2
2026-09-28T03:13:55Z,IL,IL00057IS016500018,39.1993,-88.502,59,Partly Cloudy,0,5,False,False,False,False,True,0.2
2026-09-28T03:13:55Z,IL,IL00074IW011400006,40.6111,-89.2323,61,Partly Cloudy,0,5,False,False,False,False,True,0.2
2026-09-28T03:13:55Z,IL,IL00074IE006200001,40.8788,-90.0936,62,Mostly Cloudy,1,3,False,False,False,False,True,0.2
2026-09-28T03:13:55Z,IL,IL00070IW014900008,39.4228,-87.6617,56,Partly Cloudy,0,5,False,False,False,False,True,0.2
2026-09-28T03:13:55Z,IL,IL00057IN016500044,39.1898,-88.5031,63,Mostly Cloudy,0,5,False,False,False,False,True,0.2
2026-09-28T03:13:55Z,IL,IL00055IS010400024,39.8871,-89.5966,62,Mostly Cloudy,0,3,False,False,False,False,True,0.2
2026-09-28T03:13:55Z,IL,IL00057IS003200025,37.4699,-89.1329,64,Partly Cloudy,1,1,False,False,False,False,True,0.2
2026-09-28T03:13:55Z,IL,IL00057IN003200035,37.4661,-89.1324,64,Partly Cloudy,1,1,False,False,False,False,True,0.2
2026-09-28T03:13:55Z,IN,322,38.195,-87.8597,61,Partly Cloudy,0,2,False,False,False,False,False,0.0
2026-09-28T03:13:55Z,IN,317,38.5852,-85.7768,59,Clear,0,2,False,False,False,False,False,0.0
2026-09-28T03:13:55Z,IN,316,38.5859,-85.7809,59,Clear,0,2,False,False,False,False,False,0.0
2026-09-28T03:13:55Z,IN,315,39.2602,-85.9521,57,Clear,0,3,False,False,False,False,False,0.0
2026-09-28T03:13:55Z,IN,314,39.2767,-85.9569,57,Clear,0,3,False,False,False,False,False,0.0
2026-09-28T03:13:55Z,IN,313,40.1578,-86.5387,55,Clear,0,5,False,False,False,False,False,0.0
2026-09-28T03:13:55Z,IN,312,40.1722,-86.5522,56,Clear,0,5,False,False,False,False,False,0.0
2026-09-28T03:13:55Z,IN,311,40.6992,-87.0628,54,Partly Cloudy,0,5,False,False,False,False,False,0.0
2026-09-28T03:13:55Z,IN,310,40.6984,-87.0646,54,Partly Cloudy,0,5,False,False,False,False,False,0.0
2026-09-28T03:13:55Z,IN,308,41.1653,-87.271,50,Partly Cloudy,0,5,False,False,False,False,False,0.0
2026-09-28T03:13:55Z,IN,309,41.1666,-87.2749,50,Partly Cloudy,0,5,False,False,False,False,False,0.0
2026-09-28T03:13:55Z,IN,318,40.3543,-85.5576,54,Clear,0,3,False,False,False,False,False,0.0
2026-09-28T03:13:55Z,IN,319,40.3569,-85.56,54,Clear,0,3,False,False,False,False,False,0.0
2026-09-28T03:13:55Z,IN,320,41.2963,-85.0863,55,Clear,0,5,False,False,False,False,False,0.0
2026-09-28T03:13:55Z,IN,321,41.5803,-85.0597,55,Clear,0,5,False,False,False,False,False,0.0
2026-09-28T03:13:55Z,IN,300,39.4417,-87.5002,58,Partly Cloudy,0,3,False,False,False,False,False,0.0
2026-09-28T03:13:55Z,IN,302,39.6517,-86.3967,58,Clear,0,5,False,False,False,False,False,0.0
2026-09-28T03:13:55Z,IN,301,39.6541,-86.4005,58,Clear,0,5,False,False,False,False,False,0.0
2026-09-28T03:13:55Z,IN,303,39.8243,-85.7039,55,Clear,0,5,False,False,False,False,False,0.0
2026-09-28T03:13:55Z,IN,304,39.8266,-85.704,55,Clear,0,5,False,False,False,False,False,0.0
2026-09-28T03:13:55Z,IN,305,39.8605,-85.0259,53,Clear,0,3,False,False,False,False,False,0.0
2026-09-28T03:13:55Z,IN,323,39.29,-85.1688,54,Mostly Clear,0,2,False,False,False,False,False,0.0
2026-09-28T03:13:55Z,IN,702,41.7472,-85.3285,55,Mostly Clear,0,5,False,False,False,False,False,0.0
2026-09-28T03:13:55Z,IN,701,41.5889,-87.2173,56,Partly Cloudy,0,5,False,False,False,False,False,0.0
2026-09-28T03:13:55Z,IN,704,41.7058,-86.6212,53,Mostly Cloudy,0,5,False,False,False,False,False,0.0
2026-09-28T03:13:55Z,IN,703,41.7071,-86.6235,53,Mostly Cloudy,0,5,False,False,False,False,False,0.0
2026-09-28T03:13:55Z,IN,705,41.733,-86.0057,55,Partly Cloudy,0,5,False,False,False,False,False,0.0
2026-09-28T03:13:55Z,IN,708,41.7472,-85.3285,55,Mostly Clear,0,5,False,False,False,False,False,0.0
2026-09-28T03:13:55Z,IN,707,41.7453,-85.3287,55,Mostly Clear,0,5,False,False,False,False,False,0.0
2026-09-28T03:13:55Z,IN,324,41.7353,-86.7933,53,Mostly Cloudy,0,0,False,False,False,False,False,0.0
2026-09-28T03:13:55Z,KY,KY00065IS0000020N65WELCOM,36.6434,-86.5687,61,Partly Cloudy,0,5,False,False,False,False,False,0.0
2026-09-28T03:13:55Z,KY,KY00065IS000020NSMARATHON,36.6612,-86.5553,64,Partly Cloudy,0,3,False,False,False,False,False,0.0
2026-09-28T03:13:55Z,KY,KY00065IS0000340NWEIGHS34,36.6868,-86.5379,64,Partly Cloudy,0,3,False,False,False,False,False,0.0
2026-09-28T03:13:55Z,KY,KY00065IS0011400S65SRA114,37.9464,-85.6905,66,Clear,0,3,False,False,False,False,False,0.0
2026-09-28T03:13:55Z,KY,KY00065IS0005900S65SRA059,37.239,-85.9297,63,Mostly Clear,0,1,False,False,False,False,False,0.0
2026-09-28T03:13:55Z,KY,KY00065IS0005900N65NRA059,37.2384,-85.9271,63,Mostly Clear,0,1,False,False,False,False,False,0.0
2026-09-28T03:13:55Z,KY,KY00075IS0003300NWEIGHS33,37.0422,-84.0968,58,Clear,0,2,False,False,False,False,False,0.0
2026-09-28T03:13:55Z,KY,KY00075IS0003400SWEIGHS34,37.048,-84.0997,58,Clear,0,2,False,False,False,False,False,0.0
2026-09-28T03:13:55Z,KY,KY00075IS0017700N75NRA177,38.937,-84.6309,59,Clear,0,5,False,False,False,False,False,0.0
2026-09-28T03:13:55Z,KY,KY00075IS0007500SWALTONWS,38.8653,-84.6476,59,Clear,0,5,False,False,False,False,False,0.0
2026-09-28T03:13:55Z,KY,KY00075IS0017700S75SRA177,38.9388,-84.6339,59,Clear,0,5,False,False,False,False,False,0.0
2026-09-28T03:13:55Z,KY,KY00075IS0016800SCRITENWS,38.8196,-84.6015,59,Clear,0,5,False,False,False,False,False,0.0
2026-09-28T03:13:55Z,KY,KY00075IS0000100N75WELCOM,36.6162,-84.1054,56,Mostly Clear,0,1,False,False,False,False,False,0.0
2026-09-28T03:13:59Z,IL,IL00064IW008500012,38.2766,-88.8012,62,Mostly Cloudy,0,2,False,False,False,False,True,0.2
2026-09-28T03:13:59Z,IL,IL00057IN026800032,40.5505,-88.0605,57,Partly Cloudy,0,5,False,False,False,False,True,0.2
2026-09-28T03:13:59Z,IL,IL00070IE008600051,39.0651,-88.6745,62,Mostly Cloudy,0,3,False,False,False,False,True,0.2
2026-09-28T03:13:59Z,IL,IL00072IW015200014,39.9888,-88.7852,61,Partly Cloudy,0,7,False,False,False,False,True,0.2
2026-09-28T03:13:59Z,IL,IL00055IS019400021,40.8371,-88.6833,53,Partly Cloudy,0,5,False,False,False,False,True,0.2
2026-09-28T03:13:59Z,IL,IL00057IN007900034,38.0297,-88.9203,65,Mostly Cloudy,0,2,False,False,False,False,True,0.2
2026-09-28T03:13:59Z,IL,IL00057IS007900047,38.0962,-88.9138,67,Mostly Cloudy,0,2,False,False,False,False,True,0.2
2026-09-28T03:13:59Z,IL,IL00055IN006400027,39.3465,-89.6408,63,Mostly Cloudy,0,3,False,False,False,False,True,0.2
2026-09-28T03:13:59Z,IL,IL00039IN008500036,41.7236,-89.0062,56,Partly Cloudy,0,5,False,False,False,False,True,0.2
2026-09-28T03:13:59Z,IL,IL00070IE002700042,38.7849,-89.7023,64,Mostly Cloudy,1,3,False,False,False,False,True,0.2
2026-09-28T03:13:59Z,IL,IL00074IE015600037,40.2732,-88.6762,60,Partly Cloudy,0,7,False,False,False,False,True,0.2
2026-09-28T03:13:59Z,IL,IL00080IE005100040,41.3938,-89.5665,61,Mostly Cloudy,0,5,False,False,False,False,True,0.2
2026-09-28T03:13:59Z,IL,IL00055IN019400031,40.8234,-88.6875,53,Partly Cloudy,0,5,False,False,False,False,True,0.2
2026-09-28T03:13:59Z,IL,IL00064IW013000053,38.2322,-87.9882,61,Partly Cloudy,0,2,False,False,False,False,True,0.2
2026-09-28T03:13:59Z,IL,IL00055IS002700019,38.8723,-89.8511,62,Mostly Cloudy,1,3,False,False,False,False,True,0.2
2026-09-28T03:13:59Z,IL,IL00057IS033300046,41.3918,-87.7749,55,Mostly Cloudy,0,5,False,False,False,False,True,0.2
2026-09-28T03:13:59Z,IL,IL00064IE008500039,38.273,-88.8496,65,Mostly Cloudy,0,2,False,False,False,False,True,0.2
2026-09-28T03:13:59Z,IL,IL00074IW002800020,41.2141,-90.3308,63,Mostly Cloudy,1,5,False,False,False,False,True,0.2
2026-09-28T03:13:59Z,IL,IL00055IN014900028,40.3599,-89.1099,61,Partly Cloudy,0,6,False,False,False,False,True,0.2
2026-09-28T03:13:59Z,IL,IL00080IW005100013,41.3937,-89.5591,62,Mostly Cloudy,0,5,False,False,False,False,True,0.2
2026-09-28T03:13:59Z,IL,IL00080IW011700016,41.4473,-88.3285,56,Partly Cloudy,0,5,False,False,False,False,True,0.2
2026-09-28T03:13:59Z,IL,IL00074IW015600009,40.2711,-88.6701,61,Partly Cloudy,0,6,False,False,False,False,True,0.2
2026-09-28T03:13:59Z,IL,IL00070IW002700015,38.7884,-89.6889,64,Mostly Cloudy,1,3,False,False,False,False,True,0.2
2026-09-28T03:13:59Z,IL,IL00057IS026800022,40.5613,-88.0615,57,Partly Cloudy,0,5,False,False,False,False,True,0.2
2026-09-28T03:13:59Z,IL,IL00080IE011700043,41.4314,-88.3454,56,Partly Cloudy,0,5,False,False,False,False,True,0.2
2026-09-28T03:13:59Z,IL,IL00024IW003700010,37.1593,-88.6798,65,Partly Cloudy,0,1,False,False,False,False,True,0.2
2026-09-28T03:13:59Z,IL,IL00055IN010400050,39.8627,-89.5948,63,Mostly Cloudy,0,5,False,False,False,False,True,0.2
2026-09-28T03:13:59Z,IL,IL00057IS011400023,38.5965,-88.9677,63,Mostly Cloudy,0,1,False,False,False,False,True,0.2
2026-09-28T03:13:59Z,IL,IL00057IN011400033,38.5963,-88.9638,63,Mostly Cloudy,0,1,False,False,False,False,True,0.2
2026-09-28T03:13:59Z,IL,IL00057IN022200048,39.9218,-88.299,58,Partly Cloudy,0,6,False,False,False,False,True,0.2
2026-09-28T03:13:59Z,IL,IL00057IN033300049,41.3892,-87.7729,54,Mostly Cloudy,0,5,False,False,False,False,True,0.2
2026-09-28T03:13:59Z,IL,IL00039IS008500026,41.7285,-89.0105,56,Partly Cloudy,0,5,False,False,False,False,True,0.2
2026-09-28T03:13:59Z,IL,IL00057IS022200054,39.9314,-88.3043,58,Partly Cloudy,0,6,False,False,False,False,True,0.2
2026-09-28T03:13:59Z,IL,IL00072IE015200041,39.9923,-88.7827,61,Partly Cloudy,0,7,False,False,False,False,True,0.2
2026-09-28T03:13:59Z,IL,IL00074IW006200004,40.8802,-90.0895,62,Mostly Cloudy,1,3,False,False,False,False,True,0.2
2026-09-28T03:13:59Z,IL,IL00074IE011400005,40.6125,-89.245,61,Partly Cloudy,0,5,False,False,False,False,True,0.2
2026-09-28T03:13:59Z,IL,IL00074IW020800052,40.1298,-87.7441,59,Partly Cloudy,0,5,False,False,False,False,True,0.2
2026-09-28T03:13:59Z,IL,IL00055IN002700029,38.8649,-89.8532,62,Mostly Cloudy,1,3,False,False,False,False,True,0.2
2026-09-28T03:13:59Z,IL,IL00055IS006400017,39.3523,-89.6447,60,Mostly Cloudy,0,3,False,False,False,False,True,0.2
2026-09-28T03:13:59Z,IL,IL00064IW002500011,38.5491,-89.7633,63,Mostly Cloudy,1,3,False,False,False,False,True,0.2
2026-09-28T03:13:59Z,IL,IL00074IE002800030,41.2334,-90.333,63,Mostly Cloudy,1,5,False,False,False,False,True,0.2
2026-09-28T03:13:59Z,IL,IL00064IE002500038,38.5481,-89.7731,64,Mostly Cloudy,1,2,False,False,False,False,True,0.2
2026-09-28T03:13:59Z,IL,IL00070IW008700045,39.0679,-88.6704,62,Mostly Cloudy,0,3,False,False,False,False,True,0.2
2026-09-28T03:13:59Z,IL,IL00057IS016500018,39.1993,-88.502,59,Partly Cloudy,0,5,False,False,False,False,True,0.2
2026-09-28T03:13:59Z,IL,IL00074IW011400006,40.6111,-89.2323,61,Partly Cloudy,0,5,False,False,False,False,True,0.2
2026-09-28T03:13:59Z,IL,IL00074IE006200001,40.8788,-90.0936,62,Mostly Cloudy,1,3,False,False,False,False,True,0.2
2026-09-28T03:13:59Z,IL,IL00070IW014900008,39.4228,-87.6617,56,Partly Cloudy,0,5,False,False,False,False,True,0.2
2026-09-28T03:13:59Z,IL,IL00057IN016500044,39.1898,-88.5031,63,Mostly Cloudy,0,5,False,False,False,False,True,0.2
2026-09-28T03:13:59Z,IL,IL00055IS010400024,39.8871,-89.5966,62,Mostly Cloudy,0,3,False,False,False,False,True,0.2
2026-09-28T03:13:59Z,IL,IL00057IS003200025,37.4699,-89.1329,64,Partly Cloudy,1,1,False,False,False,False,True,0.2
2026-09-28T03:13:59Z,IL,IL00057IN003200035,37.4661,-89.1324,64,Partly Cloudy,1,1,False,False,False,False,True,0.2
2026-09-28T03:13:59Z,IN,322,38.195,-87.8597,61,Partly Cloudy,0,2,False,False,False,False,False,0.0
2026-09-28T03:13:59Z,IN,317,38.5852,-85.7768,59,Clear,0,2,False,False,False,False,False,0.0
2026-09-28T03:13:59Z,IN,316,38.5859,-85.7809,59,Clear,0,2,False,False,False,False,False,0.0
2026-09-28T03:13:59Z,IN,315,39.2602,-85.9521,57,Clear,0,3,False,False,False,False,False,0.0
2026-09-28T03:13:59Z,IN,314,39.2767,-85.9569,57,Clear,0,3,False,False,False,False,False,0.0
2026-09-28T03:13:59Z,IN,313,40.1578,-86.5387,55,Clear,0,5,False,False,False,False,False,0.0
2026-09-28T03:13:59Z,IN,312,40.1722,-86.5522,56,Clear,0,5,False,False,False,False,False,0.0
2026-09-28T03:13:59Z,IN,311,40.6992,-87.0628,54,Partly Cloudy,0,5,False,False,False,False,False,0.0
2026-09-28T03:13:59Z,IN,310,40.6984,-87.0646,54,Partly Cloudy,0,5,False,False,False,False,False,0.0
2026-09-28T03:13:59Z,IN,308,41.1653,-87.271,50,Partly Cloudy,0,5,False,False,False,False,False,0.0
2026-09-28T03:13:59Z,IN,309,41.1666,-87.2749,50,Partly Cloudy,0,5,False,False,False,False,False,0.0
2026-09-28T03:13:59Z,IN,318,40.3543,-85.5576,54,Clear,0,3,False,False,False,False,False,0.0
2026-09-28T03:13:59Z,IN,319,40.3569,-85.56,54,Clear,0,3,False,False,False,False,False,0.0
2026-09-28T03:13:59Z,IN,320,41.2963,-85.0863,55,Clear,0,5,False,False,False,False,False,0.0
2026-09-28T03:13:59Z,IN,321,41.5803,-85.0597,55,Clear,0,5,False,False,False,False,False,0.0
2026-09-28T03:13:59Z,IN,300,39.4417,-87.5002,58,Partly Cloudy,0,3,False,False,False,False,False,0.0
2026-09-28T03:13:59Z,IN,302,39.6517,-86.3967,58,Clear,0,5,False,False,False,False,False,0.0
2026-09-28T03:13:59Z,IN,301,39.6541,-86.4005,58,Clear,0,5,False,False,False,False,False,0.0
2026-09-28T03:13:59Z,IN,303,39.8243,-85.7039,55,Clear,0,5,False,False,False,False,False,0.0
2026-09-28T03:13:59Z,IN,304,39.8266,-85.704,55,Clear,0,5,False,False,False,False,False,0.0
2026-09-28T03:13:59Z,IN,305,39.8605,-85.0259,53,Clear,0,3,False,False,False,False,False,0.0
2026-09-28T03:13:59Z,IN,323,39.29,-85.1688,54,Mostly Clear,0,2,False,False,False,False,False,0.0
2026-09-28T03:13:59Z,IN,702,41.7472,-85.3285,55,Mostly Clear,0,5,False,False,False,False,False,0.0
2026-09-28T03:13:59Z,IN,701,41.5889,-87.2173,56,Partly Cloudy,0,5,False,False,False,False,False,0.0
2026-09-28T03:13:59Z,IN,704,41.7058,-86.6212,53,Mostly Cloudy,0,5,False,False,False,False,False,0.0
2026-09-28T03:13:59Z,IN,703,41.7071,-86.6235,53,Mostly Cloudy,0,5,False,False,False,False,False,0.0
2026-09-28T03:13:59Z,IN,705,41.733,-86.0057,55,Partly Cloudy,0,5,False,False,False,False,False,0.0
2026-09-28T03:13:59Z,IN,708,41.7472,-85.3285,55,Mostly Clear,0,5,False,False,False,False,False,0.0
2026-09-28T03:13:59Z,IN,707,41.7453,-85.3287,55,Mostly Clear,0,5,False,False,False,False,False,0.0
2026-09-28T03:13:59Z,IN,324,41.7353,-86.7933,53,Mostly Cloudy,0,0,False,False,False,False,False,0.0
2026-09-28T03:13:59Z,KY,KY00065IS0000020N65WELCOM,36.6434,-86.5687,61,Partly Cloudy,0,5,False,False,False,False,False,0.0
2026-09-28T03:13:59Z,KY,KY00065IS000020NSMARATHON,36.6612,-86.5553,64,Partly Cloudy,0,3,False,False,False,False,False,0.0
2026-09-28T03:13:59Z,KY,KY00065IS0000340NWEIGHS34,36.6868,-86.5379,64,Partly Cloudy,0,3,False,False,False,False,False,0.0
2026-09-28T03:13:59Z,KY,KY00065IS0011400S65SRA114,37.9464,-85.6905,66,Clear,0,3,False,False,False,False,False,0.0
2026-09-28T03:13:59Z,KY,KY00065IS0005900S65SRA059,37.239,-85.9297,63,Mostly Clear,0,1,False,False,False,False,False,0.0
2026-09-28T03:13:59Z,KY,KY00065IS0005900N65NRA059,37.2384,-85.9271,63,Mostly Clear,0,1,False,False,False,False,False,0.0
2026-09-28T03:13:59Z,KY,KY00075IS0003300NWEIGHS33,37.0422,-84.0968,58,Clear,0,2,False,False,False,False,False,0.0
2026-09-28T03:13:59Z,KY,KY00075IS0003400SWEIGHS34,37.048,-84.0997,58,Clear,0,2,False,False,False,False,False,0.0
2026-09-28T03:13:59Z,KY,KY00075IS0017700N75NRA177,38.937,-84.6309,59,Clear,0,5,False,False,False,False,False,0.0
2026-09-28T03:13:59Z,KY,KY00075IS0007500SWALTONWS,38.8653,-84.6476,59,Clear,0,5,False,False,False,False,False,0.0
2026-09-28T03:13:59Z,KY,KY00075IS0017700S75SRA177,38.9388,-84.6339,59,Clear,0,5,False,False,False,False,False,0.0
2026-09-28T03:13:59Z,KY,KY00075IS0016800SCRITENWS,38.8196,-84.6015,59,Clear,0,5,False,False,False,False,False,0.0
2026-09-28T03:13:59Z,KY,KY00075IS0000100N75WELCOM,36.6162,-84.1054,56,Mostly Clear,0,1,False,False,False,False,False,0.0
2026-09-28T03:14:03Z,IL,IL00064IW008500012,38.2766,-88.8012,62,Mostly Cloudy,0,2,False,False,False,False,True,0.2
2026-09-28T03:14:03Z,IL,IL00057IN026800032,40.5505,-88.0605,57,Partly Cloudy,0,5,False,False,False,False,True,0.2
2026-09-28T03:14:03Z,IL,IL00070IE008600051,39.0651,-88.6745,62,Mostly Cloudy,0,3,False,False,False,False,True,0.2
2026-09-28T03:14:03Z,IL,IL00072IW015200014,39.9888,-88.7852,61,Partly Cloudy,0,7,False,False,False,False,True,0.2
2026-09-28T03:14:03Z,IL,IL00055IS019400021,40.8371,-88.6833,53,Partly Cloudy,0,5,False,False,False,False,True,0.2
2026-09-28T03:14:03Z,IL,IL00057IN007900034,38.0297,-88.9203,65,Mostly Cloudy,0,2,False,False,False,False,True,0.2
2026-09-28T03:14:03Z,IL,IL00057IS007900047,38.0962,-88.9138,67,Mostly Cloudy,0,2,False,False,False,False,True,0.2
2026-09-28T03:14:03Z,IL,IL00055IN006400027,39.3465,-89.6408,63,Mostly Cloudy,0,3,False,False,False,False,True,0.2
2026-09-28T03:14:03Z,IL,IL00039IN008500036,41.7236,-89.0062,56,Partly Cloudy,0,5,False,False,False,False,True,0.2
2026-09-28T03:14:03Z,IL,IL00070IE002700042,38.7849,-89.7023,64,Mostly Cloudy,1,3,False,False,False,False,True,0.2
2026-09-28T03:14:03Z,IL,IL00074IE015600037,40.2732,-88.6762,60,Partly Cloudy,0,7,False,False,False,False,True,0.2
2026-09-28T03:14:03Z,IL,IL00080IE005100040,41.3938,-89.5665,61,Mostly Cloudy,0,5,False,False,False,False,True,0.2
2026-09-28T03:14:03Z,IL,IL00055IN019400031,40.8234,-88.6875,53,Partly Cloudy,0,5,False,False,False,False,True,0.2
2026-09-28T03:14:03Z,IL,IL00064IW013000053,38.2322,-87.9882,61,Partly Cloudy,0,2,False,False,False,False,True,0.2
2026-09-28T03:14:03Z,IL,IL00055IS002700019,38.8723,-89.8511,62,Mostly Cloudy,1,3,False,False,False,False,True,0.2
2026-09-28T03:14:03Z,IL,IL00057IS033300046,41.3918,-87.7749,55,Mostly Cloudy,0,5,False,False,False,False,True,0.2
2026-09-28T03:14:03Z,IL,IL00064IE008500039,38.273,-88.8496,65,Mostly Cloudy,0,2,False,False,False,False,True,0.2
2026-09-28T03:14:03Z,IL,IL00074IW002800020,41.2141,-90.3308,63,Mostly Cloudy,1,5,False,False,False,False,True,0.2
2026-09-28T03:14:03Z,IL,IL00055IN014900028,40.3599,-89.1099,61,Partly Cloudy,0,6,False,False,False,False,True,0.2
2026-09-28T03:14:03Z,IL,IL00080IW005100013,41.3937,-89.5591,62,Mostly Cloudy,0,5,False,False,False,False,True,0.2
2026-09-28T03:14:03Z,IL,IL00080IW011700016,41.4473,-88.3285,56,Partly Cloudy,0,5,False,False,False,False,True,0.2
2026-09-28T03:14:03Z,IL,IL00074IW015600009,40.2711,-88.6701,61,Partly Cloudy,0,6,False,False,False,False,True,0.2
2026-09-28T03:14:03Z,IL,IL00070IW002700015,38.7884,-89.6889,64,Mostly Cloudy,1,3,False,False,False,False,True,0.2
2026-09-28T03:14:03Z,IL,IL00057IS026800022,40.5613,-88.0615,57,Partly Cloudy,0,5,False,False,False,False,True,0.2
2026-09-28T03:14:03Z,IL,IL00080IE011700043,41.4314,-88.3454,56,Partly Cloudy,0,5,False,False,False,False,True,0.2
2026-09-28T03:14:03Z,IL,IL00024IW003700010,37.1593,-88.6798,65,Partly Cloudy,0,1,False,False,False,False,True,0.2
2026-09-28T03:14:03Z,IL,IL00055IN010400050,39.8627,-89.5948,63,Mostly Cloudy,0,5,False,False,False,False,True,0.2
2026-09-28T03:14:03Z,IL,IL00057IS011400023,38.5965,-88.9677,63,Mostly Cloudy,0,1,False,False,False,False,True,0.2
2026-09-28T03:14:03Z,IL,IL00057IN011400033,38.5963,-88.9638,63,Mostly Cloudy,0,1,False,False,False,False,True,0.2
2026-09-28T03:14:03Z,IL,IL00057IN022200048,39.9218,-88.299,58,Partly Cloudy,0,6,False,False,False,False,True,0.2
2026-09-28T03:14:03Z,IL,IL00057IN033300049,41.3892,-87.7729,54,Mostly Cloudy,0,5,False,False,False,False,True,0.2
2026-09-28T03:14:03Z,IL,IL00039IS008500026,41.7285,-89.0105,56,Partly Cloudy,0,5,False,False,False,False,True,0.2
2026-09-28T03:14:03Z,IL,IL00057IS022200054,39.9314,-88.3043,58,Partly Cloudy,0,6,False,False,False,False,True,0.2
2026-09-28T03:14:03Z,IL,IL00072IE015200041,39.9923,-88.7827,61,Partly Cloudy,0,7,False,False,False,False,True,0.2
2026-09-28T03:14:03Z,IL,IL00074IW006200004,40.8802,-90.0895,62,Mostly Cloudy,1,3,False,False,False,False,True,0.2
2026-09-28T03:14:03Z,IL,IL00074IE011400005,40.6125,-89.245,61,Partly Cloudy,0,5,False,False,False,False,True,0.2
2026-09-28T03:14:03Z,IL,IL00074IW020800052,40.1298,-87.7441,59,Partly Cloudy,0,5,False,False,False,False,True,0.2
2026-09-28T03:14:03Z,IL,IL00055IN002700029,38.8649,-89.8532,62,Mostly Cloudy,1,3,False,False,False,False,True,0.2
2026-09-28T03:14:03Z,IL,IL00055IS006400017,39.3523,-89.6447,60,Mostly Cloudy,0,3,False,False,False,False,True,0.2
2026-09-28T03:14:03Z,IL,IL00064IW002500011,38.5491,-89.7633,63,Mostly Cloudy,1,3,False,False,False,False,True,0.2
2026-09-28T03:14:03Z,IL,IL00074IE002800030,41.2334,-90.333,63,Mostly Cloudy,1,5,False,False,False,False,True,0.2
2026-09-28T03:14:03Z,IL,IL00064IE002500038,38.5481,-89.7731,64,Mostly Cloudy,1,2,False,False,False,False,True,0.2
2026-09-28T03:14:03Z,IL,IL00070IW008700045,39.0679,-88.6704,62,Mostly Cloudy,0,3,False,False,False,False,True,0.2
2026-09-28T03:14:03Z,IL,IL00057IS016500018,39.1993,-88.502,59,Partly Cloudy,0,5,False,False,False,False,True,0.2
2026-09-28T03:14:03Z,IL,IL00074IW011400006,40.6111,-89.2323,61,Partly Cloudy,0,5,False,False,False,False,True,0.2
2026-09-28T03:14:03Z,IL,IL00074IE006200001,40.8788,-90.0936,62,Mostly Cloudy,1,3,False,False,False,False,True,0.2
2026-09-28T03:14:03Z,IL,IL00070IW014900008,39.4228,-87.6617,56,Partly Cloudy,0,5,False,False,False,False,True,0.2
2026-09-28T03:14:03Z,IL,IL00057IN016500044,39.1898,-88.5031,63,Mostly Cloudy,0,5,False,False,False,False,True,0.2
2026-09-28T03:14:03Z,IL,IL00055IS010400024,39.8871,-89.5966,62,Mostly Cloudy,0,3,False,False,False,False,True,0.2
2026-09-28T03:14:03Z,IL,IL00057IS003200025,37.4699,-89.1329,64,Partly Cloudy,1,1,False,False,False,False,True,0.2
2026-09-28T03:14:03Z,IL,IL00057IN003200035,37.4661,-89.1324,64,Partly Cloudy,1,1,False,False,False,False,True,0.2
2026-09-28T03:14:03Z,IN,322,38.195,-87.8597,61,Partly Cloudy,0,2,False,False,False,False,False,0.0
2026-09-28T03:14:03Z,IN,317,38.5852,-85.7768,59,Clear,0,2,False,False,False,False,False,0.0
2026-09-28T03:14:03Z,IN,316,38.5859,-85.7809,59,Clear,0,2,False,False,False,False,False,0.0
2026-09-28T03:14:03Z,IN,315,39.2602,-85.9521,57,Clear,0,3,False,False,False,False,False,0.0
2026-09-28T03:14:03Z,IN,314,39.2767,-85.9569,57,Clear,0,3,False,False,False,False,False,0.0
2026-09-28T03:14:03Z,IN,313,40.1578,-86.5387,55,Clear,0,5,False,False,False,False,False,0.0
2026-09-28T03:14:03Z,IN,312,40.1722,-86.5522,56,Clear,0,5,False,False,False,False,False,0.0
2026-09-28T03:14:03Z,IN,311,40.6992,-87.0628,54,Partly Cloudy,0,5,False,False,False,False,False,0.0
2026-09-28T03:14:03Z,IN,310,40.6984,-87.0646,54,Partly Cloudy,0,5,False,False,False,False,False,0.0
2026-09-28T03:14:03Z,IN,308,41.1653,-87.271,50,Partly Cloudy,0,5,False,False,False,False,False,0.0
2026-09-28T03:14:03Z,IN,309,41.1666,-87.2749,50,Partly Cloudy,0,5,False,False,False,False,False,0.0
2026-09-28T03:14:03Z,IN,318,40.3543,-85.5576,54,Clear,0,3,False,False,False,False,False,0.0
2026-09-28T03:14:03Z,IN,319,40.3569,-85.56,54,Clear,0,3,False,False,False,False,False,0.0
2026-09-28T03:14:03Z,IN,320,41.2963,-85.0863,55,Clear,0,5,False,False,False,False,False,0.0
2026-09-28T03:14:03Z,IN,321,41.5803,-85.0597,55,Clear,0,5,False,False,False,False,False,0.0
2026-09-28T03:14:03Z,IN,300,39.4417,-87.5002,58,Partly Cloudy,0,3,False,False,False,False,False,0.0
2026-09-28T03:14:03Z,IN,302,39.6517,-86.3967,58,Clear,0,5,False,False,False,False,False,0.0
2026-09-28T03:14:03Z,IN,301,39.6541,-86.4005,58,Clear,0,5,False,False,False,False,False,0.0
2026-09-28T03:14:03Z,IN,303,39.8243,-85.7039,55,Clear,0,5,False,False,False,False,False,0.0
2026-09-28T03:14:03Z,IN,304,39.8266,-85.704,55,Clear,0,5,False,False,False,False,False,0.0
2026-09-28T03:14:03Z,IN,305,39.8605,-85.0259,53,Clear,0,3,False,False,False,False,False,0.0
2026-09-28T03:14:03Z,IN,323,39.29,-85.1688,54,Mostly Clear,0,2,False,False,False,False,False,0.0
2026-09-28T03:14:03Z,IN,702,41.7472,-85.3285,55,Mostly Clear,0,5,False,False,False,False,False,0.0
2026-09-28T03:14:03Z,IN,701,41.5889,-87.2173,56,Partly Cloudy,0,5,False,False,False,False,False,0.0
2026-09-28T03:14:03Z,IN,704,41.7058,-86.6212,53,Mostly Cloudy,0,5,False,False,False,False,False,0.0
2026-09-28T03:14:03Z,IN,703,41.7071,-86.6235,53,Mostly Cloudy,0,5,False,False,False,False,False,0.0
2026-09-28T03:14:03Z,IN,705,41.733,-86.0057,55,Partly Cloudy,0,5,False,False,False,False,False,0.0
2026-09-28T03:14:03Z,IN,708,41.7472,-85.3285,55,Mostly Clear,0,5,False,False,False,False,False,0.0
2026-09-28T03:14:03Z,IN,707,41.7453,-85.3287,55,Mostly Clear,0,5,False,False,False,False,False,0.0
2026-09-28T03:14:03Z,IN,324,41.7353,-86.7933,53,Mostly Cloudy,0,0,False,False,False,False,False,0.0
2026-09-28T03:14:03Z,KY,KY00065IS0000020N65WELCOM,36.6434,-86.5687,61,Partly Cloudy,0,5,False,False,False,False,False,0.0
2026-09-28T03:14:03Z,KY,KY00065IS000020NSMARATHON,36.6612,-86.5553,64,Partly Cloudy,0,3,False,False,False,False,False,0.0
2026-09-28T03:14:03Z,KY,KY00065IS0000340NWEIGHS34,36.6868,-86.5379,64,Partly Cloudy,0,3,False,False,False,False,False,0.0
2026-09-28T03:14:03Z,KY,KY00065IS0011400S65SRA114,37.9464,-85.6905,66,Clear,0,3,False,False,False,False,False,0.0
2026-09-28T03:14:03Z,KY,KY00065IS0005900S65SRA059,37.239,-85.9297,63,Mostly Clear,0,1,False,False,False,False,False,0.0
2026-09-28T03:14:03Z,KY,KY00065IS0005900N65NRA059,37.2384,-85.9271,63,Mostly Clear,0,1,False,False,False,False,False,0.0
2026-09-28T03:14:03Z,KY,KY00075IS0003300NWEIGHS33,37.0422,-84.0968,58,Clear,0,2,False,False,False,False,False,0.0
2026-09-28T03:14:03Z,KY,KY00075IS0003400SWEIGHS34,37.048,-84.0997,58,Clear,0,2,False,False,False,False,False,0.0
2026-09-28T03:14:03Z,KY,KY00075IS0017700N75NRA177,38.937,-84.6309,59,Clear,0,5,False,False,False,False,False,0.0
2026-09-28T03:14:03Z,KY,KY00075IS0007500SWALTONWS,38.8653,-84.6476,59,Clear,0,5,False,False,False,False,False,0.0
2026-09-28T03:14:03Z,KY,KY00075IS0017700S75SRA177,38.9388,-84.6339,59,Clear,0,5,False,False,False,False,False,0.0
2026-09-28T03:14:03Z,KY,KY00075IS0016800SCRITENWS,38.8196,-84.6015,59,Clear,0,5,False,False,False,False,False,0.0
2026-09-28T03:14:03Z,KY,KY00075IS0000100N75WELCOM,36.6162,-84.1054,56,Mostly Clear,0,1,False,False,False,False,False,0.0
2026-09-28T03:14:07Z,IL,IL00064IW008500012,38.2766,-88.8012,62,Mostly Cloudy,0,2,False,False,False,False,True,0.2
2026-09-28T03:14:07Z,IL,IL00057IN026800032,40.5505,-88.0605,57,Partly Cloudy,0,5,False,False,False,False,True,0.2
2026-09-28T03:14:07Z,IL,IL00070IE008600051,39.0651,-88.6745,62,Mostly Cloudy,0,3,False,False,False,False,True,0.2
2026-09-28T03:14:07Z,IL,IL00072IW015200014,39.9888,-88.7852,61,Partly Cloudy,0,7,False,False,False,False,True,0.2
2026-09-28T03:14:07Z,IL,IL00055IS019400021,40.8371,-88.6833,53,Partly Cloudy,0,5,False,False,False,False,True,0.2
2026-09-28T03:14:07Z,IL,IL00057IN007900034,38.0297,-88.9203,65,Mostly Cloudy,0,2,False,False,False,False,True,0.2
2026-09-28T03:14:07Z,IL,IL00057IS007900047,38.0962,-88.9138,67,Mostly Cloudy,0,2,False,False,False,False,True,0.2
2026-09-28T03:14:07Z,IL,IL00055IN006400027,39.3465,-89.6408,63,Mostly Cloudy,0,3,False,False,False,False,True,0.2
2026-09-28T03:14:07Z,IL,IL00039IN008500036,41.7236,-89.0062,56,Partly Cloudy,0,5,False,False,False,False,True,0.2
2026-09-28T03:14:07Z,IL,IL00070IE002700042,38.7849,-89.7023,64,Mostly Cloudy,1,3,False,False,False,False,True,0.2
2026-09-28T03:14:07Z,IL,IL00074IE015600037,40.2732,-88.6762,60,Partly Cloudy,0,7,False,False,False,False,True,0.2
2026-09-28T03:14:07Z,IL,IL00080IE005100040,41.3938,-89.5665,61,Mostly Cloudy,0,5,False,False,False,False,True,0.2
2026-09-28T03:14:07Z,IL,IL00055IN019400031,40.8234,-88.6875,53,Partly Cloudy,0,5,False,False,False,False,True,0.2
2026-09-28T03:14:07Z,IL,IL00064IW013000053,38.2322,-87.9882,61,Partly Cloudy,0,2,False,False,False,False,True,0.2
2026-09-28T03:14:07Z,IL,IL00055IS002700019,38.8723,-89.8511,62,Mostly Cloudy,1,3,False,False,False,False,True,0.2
2026-09-28T03:14:07Z,IL,IL00057IS033300046,41.3918,-87.7749,55,Mostly Cloudy,0,5,False,False,False,False,True,0.2
2026-09-28T03:14:07Z,IL,IL00064IE008500039,38.273,-88.8496,65,Mostly Cloudy,0,2,False,False,False,False,True,0.2
2026-09-28T03:14:07Z,IL,IL00074IW002800020,41.2141,-90.3308,63,Mostly Cloudy,1,5,False,False,False,False,True,0.2
2026-09-28T03:14:07Z,IL,IL00055IN014900028,40.3599,-89.1099,61,Partly Cloudy,0,6,False,False,False,False,True,0.2
2026-09-28T03:14:07Z,IL,IL00080IW005100013,41.3937,-89.5591,62,Mostly Cloudy,0,5,False,False,False,False,True,0.2
2026-09-28T03:14:07Z,IL,IL00080IW011700016,41.4473,-88.3285,56,Partly Cloudy,0,5,False,False,False,False,True,0.2
2026-09-28T03:14:07Z,IL,IL00074IW015600009,40.2711,-88.6701,61,Partly Cloudy,0,6,False,False,False,False,True,0.2
2026-09-28T03:14:07Z,IL,IL00070IW002700015,38.7884,-89.6889,64,Mostly Cloudy,1,3,False,False,False,False,True,0.2
2026-09-28T03:14:07Z,IL,IL00057IS026800022,40.5613,-88.0615,57,Partly Cloudy,0,5,False,False,False,False,True,0.2
2026-09-28T03:14:07Z,IL,IL00080IE011700043,41.4314,-88.3454,56,Partly Cloudy,0,5,False,False,False,False,True,0.2
2026-09-28T03:14:07Z,IL,IL00024IW003700010,37.1593,-88.6798,65,Partly Cloudy,0,1,False,False,False,False,True,0.2
2026-09-28T03:14:07Z,IL,IL00055IN010400050,39.8627,-89.5948,63,Mostly Cloudy,0,5,False,False,False,False,True,0.2
2026-09-28T03:14:07Z,IL,IL00057IS011400023,38.5965,-88.9677,63,Mostly Cloudy,0,1,False,False,False,False,True,0.2
2026-09-28T03:14:07Z,IL,IL00057IN011400033,38.5963,-88.9638,63,Mostly Cloudy,0,1,False,False,False,False,True,0.2
2026-09-28T03:14:07Z,IL,IL00057IN022200048,39.9218,-88.299,58,Partly Cloudy,0,6,False,False,False,False,True,0.2
2026-09-28T03:14:07Z,IL,IL00057IN033300049,41.3892,-87.7729,54,Mostly Cloudy,0,5,False,False,False,False,True,0.2
2026-09-28T03:14:07Z,IL,IL00039IS008500026,41.7285,-89.0105,56,Partly Cloudy,0,5,False,False,False,False,True,0.2
2026-09-28T03:14:07Z,IL,IL00057IS022200054,39.9314,-88.3043,58,Partly Cloudy,0,6,False,False,False,False,True,0.2
2026-09-28T03:14:07Z,IL,IL00072IE015200041,39.9923,-88.7827,61,Partly Cloudy,0,7,False,False,False,False,True,0.2
2026-09-28T03:14:07Z,IL,IL00074IW006200004,40.8802,-90.0895,62,Mostly Cloudy,1,3,False,False,False,False,True,0.2
2026-09-28T03:14:07Z,IL,IL00074IE011400005,40.6125,-89.245,61,Partly Cloudy,0,5,False,False,False,False,True,0.2
2026-09-28T03:14:07Z,IL,IL00074IW020800052,40.1298,-87.7441,59,Partly Cloudy,0,5,False,False,False,False,True,0.2
2026-09-28T03:14:07Z,IL,IL00055IN002700029,38.8649,-89.8532,62,Mostly Cloudy,1,3,False,False,False,False,True,0.2
2026-09-28T03:14:07Z,IL,IL00055IS006400017,39.3523,-89.6447,60,Mostly Cloudy,0,3,False,False,False,False,True,0.2
2026-09-28T03:14:07Z,IL,IL00064IW002500011,38.5491,-89.7633,63,Mostly Cloudy,1,3,False,False,False,False,True,0.2
2026-09-28T03:14:07Z,IL,IL00074IE002800030,41.2334,-90.333,63,Mostly Cloudy,1,5,False,False,False,False,True,0.2
2026-09-28T03:14:07Z,IL,IL00064IE002500038,38.5481,-89.7731,64,Mostly Cloudy,1,2,False,False,False,False,True,0.2
2026-09-28T03:14:07Z,IL,IL00070IW008700045,39.0679,-88.6704,62,Mostly Cloudy,0,3,False,False,False,False,True,0.2
2026-09-28T03:14:07Z,IL,IL00057IS016500018,39.1993,-88.502,59,Partly Cloudy,0,5,False,False,False,False,True,0.2
2026-09-28T03:14:07Z,IL,IL00074IW011400006,40.6111,-89.2323,61,Partly Cloudy,0,5,False,False,False,False,True,0.2
2026-09-28T03:14:07Z,IL,IL00074IE006200001,40.8788,-90.0936,62,Mostly Cloudy,1,3,False,False,False,False,True,0.2
2026-09-28T03:14:07Z,IL,IL00070IW014900008,39.4228,-87.6617,56,Partly Cloudy,0,5,False,False,False,False,True,0.2
2026-09-28T03:14:07Z,IL,IL00057IN016500044,39.1898,-88.5031,63,Mostly Cloudy,0,5,False,False,False,False,True,0.2
2026-09-28T03:14:07Z,IL,IL00055IS010400024,39.8871,-89.5966,62,Mostly Cloudy,0,3,False,False,False,False,True,0.2
2026-09-28T03:14:07Z,IL,IL00057IS003200025,37.4699,-89.1329,64,Partly Cloudy,1,1,False,False,False,False,True,0.2
2026-09-28T03:14:07Z,IL,IL00057IN003200035,37.4661,-89.1324,64,Partly Cloudy,1,1,False,False,False,False,True,0.2
2026-09-28T03:14:07Z,IN,322,38.195,-87.8597,61,Partly Cloudy,0,2,False,False,False,False,False,0.0
2026-09-28T03:14:07Z,IN,317,38.5852,-85.7768,59,Clear,0,2,False,False,False,False,False,0.0
2026-09-28T03:14:07Z,IN,316,38.5859,-85.7809,59,Clear,0,2,False,False,False,False,False,0.0
2026-09-28T03:14:07Z,IN,315,39.2602,-85.9521,57,Clear,0,3,False,False,False,False,False,0.0
2026-09-28T03:14:07Z,IN,314,39.2767,-85.9569,57,Clear,0,3,False,False,False,False,False,0.0
2026-09-28T03:14:07Z,IN,313,40.1578,-86.5387,55,Clear,0,5,False,False,False,False,False,0.0
2026-09-28T03:14:07Z,IN,312,40.1722,-86.5522,56,Clear,0,5,False,False,False,False,False,0.0
2026-09-28T03:14:07Z,IN,311,40.6992,-87.0628,54,Partly Cloudy,0,5,False,False,False,False,False,0.0
2026-09-28T03:14:07Z,IN,310,40.6984,-87.0646,54,Partly Cloudy,0,5,False,False,False,False,False,0.0
2026-09-28T03:14:07Z,IN,308,41.1653,-87.271,50,Partly Cloudy,0,5,False,False,False,False,False,0.0
2026-09-28T03:14:07Z,IN,309,41.1666,-87.2749,50,Partly Cloudy,0,5,False,False,False,False,False,0.0
2026-09-28T03:14:07Z,IN,318,40.3543,-85.5576,54,Clear,0,3,False,False,False,False,False,0.0
2026-09-28T03:14:07Z,IN,319,40.3569,-85.56,54,Clear,0,3,False,False,False,False,False,0.0
2026-09-28T03:14:07Z,IN,320,41.2963,-85.0863,55,Clear,0,5,False,False,False,False,False,0.0
2026-09-28T03:14:07Z,IN,321,41.5803,-85.0597,55,Clear,0,5,False,False,False,False,False,0.0
2026-09-28T03:14:07Z,IN,300,39.4417,-87.5002,58,Partly Cloudy,0,3,False,False,False,False,False,0.0
2026-09-28T03:14:07Z,IN,302,39.6517,-86.3967,58,Clear,0,5,False,False,False,False,False,0.0
2026-09-28T03:14:07Z,IN,301,39.6541,-86.4005,58,Clear,0,5,False,False,False,False,False,0.0
2026-09-28T03:14:07Z,IN,303,39.8243,-85.7039,55,Clear,0,5,False,False,False,False,False,0.0
2026-09-28T03:14:07Z,IN,304,39.8266,-85.704,55,Clear,0,5,False,False,False,False,False,0.0
2026-09-28T03:14:07Z,IN,305,39.8605,-85.0259,53,Clear,0,3,False,False,False,False,False,0.0
2026-09-28T03:14:07Z,IN,323,39.29,-85.1688,54,Mostly Clear,0,2,False,False,False,False,False,0.0
2026-09-28T03:14:07Z,IN,702,41.7472,-85.3285,55,Mostly Clear,0,5,False,False,False,False,False,0.0
2026-09-28T03:14:07Z,IN,701,41.5889,-87.2173,56,Partly Cloudy,0,5,False,False,False,False,False,0.0
2026-09-28T03:14:07Z,IN,704,41.7058,-86.6212,53,Mostly Cloudy,0,5,False,False,False,False,False,0.0
2026-09-28T03:14:07Z,IN,703,41.7071,-86.6235,53,Mostly Cloudy,0,5,False,False,False,False,False,0.0
2026-09-28T03:14:07Z,IN,705,41.733,-86.0057,55,Partly Cloudy,0,5,False,False,False,False,False,0.0
2026-09-28T03:14:07Z,IN,708,41.7472,-85.3285,55,Mostly Clear,0,5,False,False,False,False,False,0.0
2026-09-28T03:14:07Z,IN,707,41.7453,-85.3287,55,Mostly Clear,0,5,False,False,False,False,False,0.0
2026-09-28T03:14:07Z,IN,324,41.7353,-86.7933,53,Mostly Cloudy,0,0,False,False,False,False,False,0.0
2026-09-28T03:14:07Z,KY,KY00065IS0000020N65WELCOM,36.6434,-86.5687,61,Partly Cloudy,0,5,False,False,False,False,False,0.0
2026-09-28T03:14:07Z,KY,KY00065IS000020NSMARATHON,36.6612,-86.5553,64,Partly Cloudy,0,3,False,False,False,False,False,0.0
2026-09-28T03:14:07Z,KY,KY00065IS0000340NWEIGHS34,36.6868,-86.5379,64,Partly Cloudy,0,3,False,False,False,False,False,0.0
2026-09-28T03:14:07Z,KY,KY00065IS0011400S65SRA114,37.9464,-85.6905,66,Clear,0,3,False,False,False,False,False,0.0
2026-09-28T03:14:07Z,KY,KY00065IS0005900S65SRA059,37.239,-85.9297,63,Mostly Clear,0,1,False,False,False,False,False,0.0
2026-09-28T03:14:07Z,KY,KY00065IS0005900N65NRA059,37.2384,-85.9271,63,Mostly Clear,0,1,False,False,False,False,False,0.0
2026-09-28T03:14:07Z,KY,KY00075IS0003300NWEIGHS33,37.0422,-84.0968,58,Clear,0,2,False,False,False,False,False,0.0
2026-09-28T03:14:07Z,KY,KY00075IS0003400SWEIGHS34,37.048,-84.0997,58,Clear,0,2,False,False,False,False,False,0.0
2026-09-28T03:14:07Z,KY,KY00075IS0017700N75NRA177,38.937,-84.6309,59,Clear,0,5,False,False,False,False,False,0.0
2026-09-28T03:14:07Z,KY,KY00075IS0007500SWALTONWS,38.8653,-84.6476,59,Clear,0,5,False,False,False,False,False,0.0
2026-09-28T03:14:07Z,KY,KY00075IS0017700S75SRA177,38.9388,-84.6339,59,Clear,0,5,False,False,False,False,False,0.0
2026-09-28T03:14:07Z,KY,KY00075IS0016800SCRITENWS,38.8196,-84.6015,59,Clear,0,5,False,False,False,False,False,0.0
2026-09-28T03:14:07Z,KY,KY00075IS0000100N75WELCOM,36.6162,-84.1054,56,Mostly Clear,0,1,False,False,False,False,False,0.0
2026-09-28T03:14:11Z,IL,IL00064IW008500012,38.2766,-88.8012,64,Mostly Cloudy,0,2,False,False,False,False,True,0.2
2026-09-28T03:14:11Z,IL,IL00057IN026800032,40.5505,-88.0605,57,Partly Cloudy,0,5,False,False,False,False,True,0.2
2026-09-28T03:14:11Z,IL,IL00070IE008600051,39.0651,-88.6745,62,Mostly Cloudy,0,3,False,False,False,False,True,0.2
2026-09-28T03:14:11Z,IL,IL00072IW015200014,39.9888,-88.7852,62,Partly Cloudy,0,6,False,False,False,False,True,0.2
2026-09-28T03:14:11Z,IL,IL00055IS019400021,40.8371,-88.6833,53,Partly Cloudy,0,5,False,False,False,False,True,0.2
2026-09-28T03:14:11Z,IL,IL00057IN007900034,38.0297,-88.9203,65,Mostly Cloudy,0,2,False,False,False,False,True,0.2
2026-09-28T03:14:11Z,IL,IL00057IS007900047,38.0962,-88.9138,67,Mostly Cloudy,0,2,False,False,False,False,True,0.2
2026-09-28T03:14:11Z,IL,IL00055IN006400027,39.3465,-89.6408,63,Mostly Cloudy,0,3,False,False,False,False,True,0.2
2026-09-28T03:14:11Z,IL,IL00039IN008500036,41.7236,-89.0062,56,Partly Cloudy,0,5,False,False,False,False,True,0.2
2026-09-28T03:14:11Z,IL,IL00070IE002700042,38.7849,-89.7023,64,Mostly Cloudy,1,3,False,False,False,False,True,0.2
2026-09-28T03:14:11Z,IL,IL00074IE015600037,40.2732,-88.6762,62,Partly Cloudy,0,6,False,False,False,False,True,0.2
2026-09-28T03:14:11Z,IL,IL00080IE005100040,41.3938,-89.5665,61,Mostly Cloudy,0,5,False,False,False,False,True,0.2
2026-09-28T03:14:11Z,IL,IL00055IN019400031,40.8234,-88.6875,53,Partly Cloudy,0,5,False,False,False,False,True,0.2
2026-09-28T03:14:11Z,IL,IL00064IW013000053,38.2322,-87.9882,63,Partly Cloudy,0,1,False,False,False,False,True,0.2
2026-09-28T03:14:11Z,IL,IL00055IS002700019,38.8723,-89.8511,63,Mostly Cloudy,1,3,False,False,False,False,True,0.2
2026-09-28T03:14:11Z,IL,IL00057IS033300046,41.3918,-87.7749,55,Mostly Cloudy,0,5,False,False,False,False,True,0.2
2026-09-28T03:14:11Z,IL,IL00064IE008500039,38.273,-88.8496,65,Mostly Cloudy,0,2,False,False,False,False,True,0.2
2026-09-28T03:14:11Z,IL,IL00074IW002800020,41.2141,-90.3308,63,Mostly Cloudy,1,5,False,False,False,False,True,0.2
2026-09-28T03:14:11Z,IL,IL00055IN014900028,40.3599,-89.1099,62,Partly Cloudy,0,6,False,False,False,False,True,0.2
2026-09-28T03:14:11Z,IL,IL00080IW005100013,41.3937,-89.5591,62,Mostly Cloudy,0,5,False,False,False,False,True,0.2
2026-09-28T03:14:11Z,IL,IL00080IW011700016,41.4473,-88.3285,56,Partly Cloudy,0,5,False,False,False,False,True,0.2
2026-09-28T03:14:11Z,IL,IL00074IW015600009,40.2711,-88.6701,61,Partly Cloudy,0,6,False,False,False,False,True,0.2
2026-09-28T03:14:11Z,IL,IL00070IW002700015,38.7884,-89.6889,64,Mostly Cloudy,1,3,False,False,False,False,True,0.2
2026-09-28T03:14:11Z,IL,IL00057IS026800022,40.5613,-88.0615,57,Partly Cloudy,0,5,False,False,False,False,True,0.2
2026-09-28T03:14:11Z,IL,IL00080IE011700043,41.4314,-88.3454,56,Partly Cloudy,0,5,False,False,False,False,True,0.2
2026-09-28T03:14:11Z,IL,IL00024IW003700010,37.1593,-88.6798,65,Partly Cloudy,0,1,False,False,False,False,True,0.2
2026-09-28T03:14:11Z,IL,IL00055IN010400050,39.8627,-89.5948,63,Mostly Cloudy,0,5,False,False,False,False,True,0.2
2026-09-28T03:14:11Z,IL,IL00057IS011400023,38.5965,-88.9677,63,Mostly Cloudy,0,1,False,False,False,False,True,0.2
2026-09-28T03:14:11Z,IL,IL00057IN011400033,38.5963,-88.9638,63,Mostly Cloudy,0,1,False,False,False,False,True,0.2
2026-09-28T03:14:11Z,IL,IL00057IN022200048,39.9218,-88.299,58,Partly Cloudy,0,6,False,False,False,False,True,0.2
2026-09-28T03:14:11Z,IL,IL00057IN033300049,41.3892,-87.7729,54,Mostly Cloudy,0,5,False,False,False,False,True,0.2
2026-09-28T03:14:11Z,IL,IL00039IS008500026,41.7285,-89.0105,56,Partly Cloudy,0,5,False,False,False,False,True,0.2
2026-09-28T03:14:11Z,IL,IL00057IS022200054,39.9314,-88.3043,58,Partly Cloudy,0,6,False,False,False,False,True,0.2
2026-09-28T03:14:11Z,IL,IL00072IE015200041,39.9923,-88.7827,62,Partly Cloudy,0,6,False,False,False,False,True,0.2
2026-09-28T03:14:11Z,IL,IL00074IW006200004,40.8802,-90.0895,62,Mostly Cloudy,1,3,False,False,False,False,True,0.2
2026-09-28T03:14:11Z,IL,IL00074IE011400005,40.6125,-89.245,61,Partly Cloudy,0,5,False,False,False,False,True,0.2
2026-09-28T03:14:11Z,IL,IL00074IW020800052,40.1298,-87.7441,59,Partly Cloudy,0,5,False,False,False,False,True,0.2
2026-09-28T03:14:11Z,IL,IL00055IN002700029,38.8649,-89.8532,63,Mostly Cloudy,1,3,False,False,False,False,True,0.2
2026-09-28T03:14:11Z,IL,IL00055IS006400017,39.3523,-89.6447,63,Mostly Cloudy,0,3,False,False,False,False,True,0.2
2026-09-28T03:14:11Z,IL,IL00064IW002500011,38.5491,-89.7633,64,Mostly Cloudy,1,2,False,False,False,False,True,0.2
2026-09-28T03:14:11Z,IL,IL00074IE002800030,41.2334,-90.333,63,Mostly Cloudy,1,5,False,False,False,False,True,0.2
2026-09-28T03:14:11Z,IL,IL00064IE002500038,38.5481,-89.7731,64,Mostly Cloudy,1,2,False,False,False,False,True,0.2
2026-09-28T03:14:11Z,IL,IL00070IW008700045,39.0679,-88.6704,62,Mostly Cloudy,0,3,False,False,False,False,True,0.2
2026-09-28T03:14:11Z,IL,IL00057IS016500018,39.1993,-88.502,59,Partly Cloudy,0,5,False,False,False,False,True,0.2
2026-09-28T03:14:11Z,IL,IL00074IW011400006,40.6111,-89.2323,61,Partly Cloudy,0,5,False,False,False,False,True,0.2
2026-09-28T03:14:11Z,IL,IL00074IE006200001,40.8788,-90.0936,62,Mostly Cloudy,1,3,False,False,False,False,True,0.2
2026-09-28T03:14:11Z,IL,IL00070IW014900008,39.4228,-87.6617,56,Partly Cloudy,0,5,False,False,False,False,True,0.2
2026-09-28T03:14:11Z,IL,IL00057IN016500044,39.1898,-88.5031,59,Mostly Cloudy,0,5,False,False,False,False,True,0.2
2026-09-28T03:14:11Z,IL,IL00055IS010400024,39.8871,-89.5966,62,Mostly Cloudy,0,3,False,False,False,False,True,0.2
2026-09-28T03:14:11Z,IL,IL00057IS003200025,37.4699,-89.1329,64,Partly Cloudy,1,1,False,False,False,False,True,0.2
2026-09-28T03:14:11Z,IL,IL00057IN003200035,37.4661,-89.1324,64,Partly Cloudy,1,1,False,False,False,False,True,0.2
2026-09-28T03:14:11Z,IN,322,38.195,-87.8597,61,Partly Cloudy,0,2,False,False,False,False,False,0.0
2026-09-28T03:14:11Z,IN,317,38.5852,-85.7768,59,Clear,0,2,False,False,False,False,False,0.0
2026-09-28T03:14:11Z,IN,316,38.5859,-85.7809,59,Clear,0,2,False,False,False,False,False,0.0
2026-09-28T03:14:11Z,IN,315,39.2602,-85.9521,57,Clear,0,3,False,False,False,False,False,0.0
2026-09-28T03:14:11Z,IN,314,39.2767,-85.9569,57,Clear,0,3,False,False,False,False,False,0.0
2026-09-28T03:14:11Z,IN,313,40.1578,-86.5387,55,Clear,0,5,False,False,False,False,False,0.0
2026-09-28T03:14:11Z,IN,312,40.1722,-86.5522,56,Clear,0,5,False,False,False,False,False,0.0
2026-09-28T03:14:11Z,IN,311,40.6992,-87.0628,54,Partly Cloudy,0,5,False,False,False,False,False,0.0
2026-09-28T03:14:11Z,IN,310,40.6984,-87.0646,54,Partly Cloudy,0,5,False,False,False,False,False,0.0
2026-09-28T03:14:11Z,IN,308,41.1653,-87.271,50,Partly Cloudy,0,5,False,False,False,False,False,0.0
2026-09-28T03:14:11Z,IN,309,41.1666,-87.2749,50,Partly Cloudy,0,5,False,False,False,False,False,0.0
2026-09-28T03:14:11Z,IN,318,40.3543,-85.5576,54,Clear,0,3,False,False,False,False,False,0.0
2026-09-28T03:14:11Z,IN,319,40.3569,-85.56,54,Clear,0,3,False,False,False,False,False,0.0
2026-09-28T03:14:11Z,IN,320,41.2963,-85.0863,55,Clear,0,5,False,False,False,False,False,0.0
2026-09-28T03:14:11Z,IN,321,41.5803,-85.0597,55,Clear,0,5,False,False,False,False,False,0.0
2026-09-28T03:14:11Z,IN,300,39.4417,-87.5002,58,Partly Cloudy,0,3,False,False,False,False,False,0.0
2026-09-28T03:14:11Z,IN,302,39.6517,-86.3967,58,Clear,0,5,False,False,False,False,False,0.0
2026-09-28T03:14:11Z,IN,301,39.6541,-86.4005,58,Clear,0,5,False,False,False,False,False,0.0
2026-09-28T03:14:11Z,IN,303,39.8243,-85.7039,55,Clear,0,5,False,False,False,False,False,0.0
2026-09-28T03:14:11Z,IN,304,39.8266,-85.704,55,Clear,0,5,False,False,False,False,False,0.0
2026-09-28T03:14:11Z,IN,305,39.8605,-85.0259,53,Clear,0,3,False,False,False,False,False,0.0
2026-09-28T03:14:11Z,IN,323,39.29,-85.1688,54,Mostly Clear,0,2,False,False,False,False,False,0.0
2026-09-28T03:14:11Z,IN,702,41.7472,-85.3285,55,Mostly Clear,0,5,False,False,False,False,False,0.0
2026-09-28T03:14:11Z,IN,701,41.5889,-87.2173,56,Partly Cloudy,0,5,False,False,False,False,False,0.0
2026-09-28T03:14:11Z,IN,704,41.7058,-86.6212,53,Mostly Cloudy,0,5,False,False,False,False,False,0.0
2026-09-28T03:14:11Z,IN,703,41.7071,-86.6235,53,Mostly Cloudy,0,5,False,False,False,False,False,0.0
2026-09-28T03:14:11Z,IN,705,41.733,-86.0057,55,Partly Cloudy,0,5,False,False,False,False,False,0.0
2026-09-28T03:14:11Z,IN,708,41.7472,-85.3285,55,Mostly Clear,0,5,False,False,False,False,False,0.0
2026-09-28T03:14:11Z,IN,707,41.7453,-85.3287,55,Mostly Clear,0,5,False,False,False,False,False,0.0
2026-09-28T03:14:11Z,IN,324,41.7353,-86.7933,53,Mostly Cloudy,0,0,False,False,False,False,False,0.0
2026-09-28T03:14:11Z,KY,KY00065IS0000020N65WELCOM,36.6434,-86.5687,64,Partly Cloudy,0,5,False,False,False,False,False,0.0
2026-09-28T03:14:11Z,KY,KY00065IS000020NSMARATHON,36.6612,-86.5553,64,Partly Cloudy,0,3,False,False,False,False,False,0.0
2026-09-28T03:14:11Z,KY,KY00065IS0000340NWEIGHS34,36.6868,-86.5379,64,Partly Cloudy,0,3,False,False,False,False,False,0.0
2026-09-28T03:14:11Z,KY,KY00065IS0011400S65SRA114,37.9464,-85.6905,66,Clear,0,3,False,False,False,False,False,0.0
2026-09-28T03:14:11Z,KY,KY00065IS0005900S65SRA059,37.239,-85.9297,63,Mostly Clear,0,1,False,False,False,False,False,0.0
2026-09-28T03:14:11Z,KY,KY00065IS0005900N65NRA059,37.2384,-85.9271,63,Mostly Clear,0,1,False,False,False,False,False,0.0
2026-09-28T03:14:11Z,KY,KY00075IS0003300NWEIGHS33,37.0422,-84.0968,58,Clear,0,2,False,False,False,False,False,0.0
2026-09-28T03:14:11Z,KY,KY00075IS0003400SWEIGHS34,37.048,-84.0997,58,Clear,0,2,False,False,False,False,False,0.0
2026-09-28T03:14:11Z,KY,KY00075IS0017700N75NRA177,38.937,-84.6309,59,Clear,0,5,False,False,False,False,False,0.0
2026-09-28T03:14:11Z,KY,KY00075IS0007500SWALTONWS,38.8653,-84.6476,59,Clear,0,5,False,False,False,False,False,0.0
2026-09-28T03:14:11Z,KY,KY00075IS0017700S75SRA177,38.9388,-84.6339,59,Clear,0,5,False,False,False,False,False,0.0
2026-09-28T03:14:11Z,KY,KY00075IS0016800SCRITENWS,38.8196,-84.6015,59,Clear,0,5,False,False,False,False,False,0.0
2026-09-28T03:14:11Z,KY,KY00075IS0000100N75WELCOM,36.6162,-84.1054,56,Mostly Clear,0,1,False,False,False,False,False,0.0
2026-09-28T03:14:15Z,IL,IL00064IW008500012,38.2766,-88.8012,64,Mostly Cloudy,0,2,False,False,False,False,True,0.2
2026-09-28T03:14:15Z,IL,IL00057IN026800032,40.5505,-88.0605,57,Partly Cloudy,0,5,False,False,False,False,True,0.2
2026-09-28T03:14:15Z,IL,IL00070IE008600051,39.0651,-88.6745,62,Mostly Cloudy,0,3,False,False,False,False,True,0.2
2026-09-28T03:14:15Z,IL,IL00072IW015200014,39.9888,-88.7852,62,Partly Cloudy,0,6,False,False,False,False,True,0.2
2026-09-28T03:14:15Z,IL,IL00055IS019400021,40.8371,-88.6833,53,Partly Cloudy,0,5,False,False,False,False,True,0.2
2026-09-28T03:14:15Z,IL,IL00057IN007900034,38.0297,-88.9203,65,Mostly Cloudy,0,2,False,False,False,False,True,0.2
2026-09-28T03:14:15Z,IL,IL00057IS007900047,38.0962,-88.9138,67,Mostly Cloudy,0,2,False,False,False,False,True,0.2
2026-09-28T03:14:15Z,IL,IL00055IN006400027,39.3465,-89.6408,63,Mostly Cloudy,0,3,False,False,False,False,True,0.2
2026-09-28T03:14:15Z,IL,IL00039IN008500036,41.7236,-89.0062,56,Partly Cloudy,0,5,False,False,False,False,True,0.2
2026-09-28T03:14:15Z,IL,IL00070IE002700042,38.7849,-89.7023,64,Mostly Cloudy,1,3,False,False,False,False,True,0.2
2026-09-28T03:14:15Z,IL,IL00074IE015600037,40.2732,-88.6762,62,Partly Cloudy,0,6,False,False,False,False,True,0.2
2026-09-28T03:14:15Z,IL,IL00080IE005100040,41.3938,-89.5665,61,Mostly Cloudy,0,5,False,False,False,False,True,0.2
2026-09-28T03:14:15Z,IL,IL00055IN019400031,40.8234,-88.6875,53,Partly Cloudy,0,5,False,False,False,False,True,0.2
2026-09-28T03:14:15Z,IL,IL00064IW013000053,38.2322,-87.9882,63,Partly Cloudy,0,1,False,False,False,False,True,0.2
2026-09-28T03:14:15Z,IL,IL00055IS002700019,38.8723,-89.8511,63,Mostly Cloudy,1,3,False,False,False,False,True,0.2
2026-09-28T03:14:15Z,IL,IL00057IS033300046,41.3918,-87.7749,55,Mostly Cloudy,0,5,False,False,False,False,True,0.2
2026-09-28T03:14:15Z,IL,IL00064IE008500039,38.273,-88.8496,65,Mostly Cloudy,0,2,False,False,False,False,True,0.2
2026-09-28T03:14:15Z,IL,IL00074IW002800020,41.2141,-90.3308,63,Mostly Cloudy,1,5,False,False,False,False,True,0.2
2026-09-28T03:14:15Z,IL,IL00055IN014900028,40.3599,-89.1099,62,Partly Cloudy,0,6,False,False,False,False,True,0.2
2026-09-28T03:14:15Z,IL,IL00080IW005100013,41.3937,-89.5591,62,Mostly Cloudy,0,5,False,False,False,False,True,0.2
2026-09-28T03:14:15Z,IL,IL00080IW011700016,41.4473,-88.3285,56,Partly Cloudy,0,5,False,False,False,False,True,0.2
2026-09-28T03:14:15Z,IL,IL00074IW015600009,40.2711,-88.6701,61,Partly Cloudy,0,6,False,False,False,False,True,0.2
2026-09-28T03:14:15Z,IL,IL00070IW002700015,38.7884,-89.6889,64,Mostly Cloudy,1,3,False,False,False,False,True,0.2
2026-09-28T03:14:15Z,IL,IL00057IS026800022,40.5613,-88.0615,57,Partly Cloudy,0,5,False,False,False,False,True,0.2
2026-09-28T03:14:15Z,IL,IL00080IE011700043,41.4314,-88.3454,56,Partly Cloudy,0,5,False,False,False,False,True,0.2
2026-09-28T03:14:15Z,IL,IL00024IW003700010,37.1593,-88.6798,65,Partly Cloudy,0,1,False,False,False,False,True,0.2
2026-09-28T03:14:15Z,IL,IL00055IN010400050,39.8627,-89.5948,63,Mostly Cloudy,0,5,False,False,False,False,True,0.2
2026-09-28T03:14:15Z,IL,IL00057IS011400023,38.5965,-88.9677,63,Mostly Cloudy,0,1,False,False,False,False,True,0.2
2026-09-28T03:14:15Z,IL,IL00057IN011400033,38.5963,-88.9638,63,Mostly Cloudy,0,1,False,False,False,False,True,0.2
2026-09-28T03:14:15Z,IL,IL00057IN022200048,39.9218,-88.299,58,Partly Cloudy,0,6,False,False,False,False,True,0.2
2026-09-28T03:14:15Z,IL,IL00057IN033300049,41.3892,-87.7729,54,Mostly Cloudy,0,5,False,False,False,False,True,0.2
2026-09-28T03:14:15Z,IL,IL00039IS008500026,41.7285,-89.0105,56,Partly Cloudy,0,5,False,False,False,False,True,0.2
2026-09-28T03:14:15Z,IL,IL00057IS022200054,39.9314,-88.3043,58,Partly Cloudy,0,6,False,False,False,False,True,0.2
2026-09-28T03:14:15Z,IL,IL00072IE015200041,39.9923,-88.7827,62,Partly Cloudy,0,6,False,False,False,False,True,0.2
2026-09-28T03:14:15Z,IL,IL00074IW006200004,40.8802,-90.0895,62,Mostly Cloudy,1,3,False,False,False,False,True,0.2
2026-09-28T03:14:15Z,IL,IL00074IE011400005,40.6125,-89.245,61,Partly Cloudy,0,5,False,False,False,False,True,0.2
2026-09-28T03:14:15Z,IL,IL00074IW020800052,40.1298,-87.7441,59,Partly Cloudy,0,5,False,False,False,False,True,0.2
2026-09-28T03:14:15Z,IL,IL00055IN002700029,38.8649,-89.8532,63,Mostly Cloudy,1,3,False,False,False,False,True,0.2
2026-09-28T03:14:15Z,IL,IL00055IS006400017,39.3523,-89.6447,63,Mostly Cloudy,0,3,False,False,False,False,True,0.2
2026-09-28T03:14:15Z,IL,IL00064IW002500011,38.5491,-89.7633,64,Mostly Cloudy,1,2,False,False,False,False,True,0.2
2026-09-28T03:14:15Z,IL,IL00074IE002800030,41.2334,-90.333,63,Mostly Cloudy,1,5,False,False,False,False,True,0.2
2026-09-28T03:14:15Z,IL,IL00064IE002500038,38.5481,-89.7731,64,Mostly Cloudy,1,2,False,False,False,False,True,0.2
2026-09-28T03:14:15Z,IL,IL00070IW008700045,39.0679,-88.6704,62,Mostly Cloudy,0,3,False,False,False,False,True,0.2
2026-09-28T03:14:15Z,IL,IL00057IS016500018,39.1993,-88.502,59,Partly Cloudy,0,5,False,False,False,False,True,0.2
2026-09-28T03:14:15Z,IL,IL00074IW011400006,40.6111,-89.2323,61,Partly Cloudy,0,5,False,False,False,False,True,0.2
2026-09-28T03:14:15Z,IL,IL00074IE006200001,40.8788,-90.0936,62,Mostly Cloudy,1,3,False,False,False,False,True,0.2
2026-09-28T03:14:15Z,IL,IL00070IW014900008,39.4228,-87.6617,56,Partly Cloudy,0,5,False,False,False,False,True,0.2
2026-09-28T03:14:15Z,IL,IL00057IN016500044,39.1898,-88.5031,59,Mostly Cloudy,0,5,False,False,False,False,True,0.2
2026-09-28T03:14:15Z,IL,IL00055IS010400024,39.8871,-89.5966,62,Mostly Cloudy,0,3,False,False,False,False,True,0.2
2026-09-28T03:14:15Z,IL,IL00057IS003200025,37.4699,-89.1329,64,Partly Cloudy,1,1,False,False,False,False,True,0.2
2026-09-28T03:14:15Z,IL,IL00057IN003200035,37.4661,-89.1324,64,Partly Cloudy,1,1,False,False,False,False,True,0.2
2026-09-28T03:14:15Z,IN,322,38.195,-87.8597,61,Partly Cloudy,0,2,False,False,False,False,False,0.0
2026-09-28T03:14:15Z,IN,317,38.5852,-85.7768,59,Clear,0,2,False,False,False,False,False,0.0
2026-09-28T03:14:15Z,IN,316,38.5859,-85.7809,59,Clear,0,2,False,False,False,False,False,0.0
2026-09-28T03:14:15Z,IN,315,39.2602,-85.9521,57,Clear,0,3,False,False,False,False,False,0.0
2026-09-28T03:14:15Z,IN,314,39.2767,-85.9569,57,Clear,0,3,False,False,False,False,False,0.0
2026-09-28T03:14:15Z,IN,313,40.1578,-86.5387,55,Clear,0,5,False,False,False,False,False,0.0
2026-09-28T03:14:15Z,IN,312,40.1722,-86.5522,56,Clear,0,5,False,False,False,False,False,0.0
2026-09-28T03:14:15Z,IN,311,40.6992,-87.0628,54,Partly Cloudy,0,5,False,False,False,False,False,0.0
2026-09-28T03:14:15Z,IN,310,40.6984,-87.0646,54,Partly Cloudy,0,5,False,False,False,False,False,0.0
2026-09-28T03:14:15Z,IN,308,41.1653,-87.271,50,Partly Cloudy,0,5,False,False,False,False,False,0.0
2026-09-28T03:14:15Z,IN,309,41.1666,-87.2749,50,Partly Cloudy,0,5,False,False,False,False,False,0.0
2026-09-28T03:14:15Z,IN,318,40.3543,-85.5576,54,Clear,0,3,False,False,False,False,False,0.0
2026-09-28T03:14:15Z,IN,319,40.3569,-85.56,54,Clear,0,3,False,False,False,False,False,0.0
2026-09-28T03:14:15Z,IN,320,41.2963,-85.0863,55,Clear,0,5,False,False,False,False,False,0.0
2026-09-28T03:14:15Z,IN,321,41.5803,-85.0597,55,Clear,0,5,False,False,False,False,False,0.0
2026-09-28T03:14:15Z,IN,300,39.4417,-87.5002,58,Partly Cloudy,0,3,False,False,False,False,False,0.0
2026-09-28T03:14:15Z,IN,302,39.6517,-86.3967,58,Clear,0,5,False,False,False,False,False,0.0
2026-09-28T03:14:15Z,IN,301,39.6541,-86.4005,58,Clear,0,5,False,False,False,False,False,0.0
2026-09-28T03:14:15Z,IN,303,39.8243,-85.7039,55,Clear,0,5,False,False,False,False,False,0.0
2026-09-28T03:14:15Z,IN,304,39.8266,-85.704,55,Clear,0,5,False,False,False,False,False,0.0
2026-09-28T03:14:15Z,IN,305,39.8605,-85.0259,53,Clear,0,3,False,False,False,False,False,0.0
2026-09-28T03:14:15Z,IN,323,39.29,-85.1688,54,Mostly Clear,0,2,False,False,False,False,False,0.0
2026-09-28T03:14:15Z,IN,702,41.7472,-85.3285,55,Mostly Clear,0,5,False,False,False,False,False,0.0
2026-09-28T03:14:15Z,IN,701,41.5889,-87.2173,56,Partly Cloudy,0,5,False,False,False,False,False,0.0
2026-09-28T03:14:15Z,IN,704,41.7058,-86.6212,53,Mostly Cloudy,0,5,False,False,False,False,False,0.0
2026-09-28T03:14:15Z,IN,703,41.7071,-86.6235,53,Mostly Cloudy,0,5,False,False,False,False,False,0.0
2026-09-28T03:14:15Z,IN,705,41.733,-86.0057,55,Partly Cloudy,0,5,False,False,False,False,False,0.0
2026-09-28T03:14:15Z,IN,708,41.7472,-85.3285,55,Mostly Clear,0,5,False,False,False,False,False,0.0
2026-09-28T03:14:15Z,IN,707,41.7453,-85.3287,55,Mostly Clear,0,5,False,False,False,False,False,0.0
2026-09-28T03:14:15Z,IN,324,41.7353,-86.7933,53,Mostly Cloudy,0,0,False,False,False,False,False,0.0
2026-09-28T03:14:15Z,KY,KY00065IS0000020N65WELCOM,36.6434,-86.5687,64,Partly Cloudy,0,5,False,False,False,False,False,0.0
2026-09-28T03:14:15Z,KY,KY00065IS000020NSMARATHON,36.6612,-86.5553,64,Partly Cloudy,0,3,False,False,False,False,False,0.0
2026-09-28T03:14:15Z,KY,KY00065IS0000340NWEIGHS34,36.6868,-86.5379,64,Partly Cloudy,0,3,False,False,False,False,False,0.0
2026-09-28T03:14:15Z,KY,KY00065IS0011400S65SRA114,37.9464,-85.6905,66,Clear,0,3,False,False,False,False,False,0.0
2026-09-28T03:14:15Z,KY,KY00065IS0005900S65SRA059,37.239,-85.9297,63,Mostly Clear,0,1,False,False,False,False,False,0.0
2026-09-28T03:14:15Z,KY,KY00065IS0005900N65NRA059,37.2384,-85.9271,63,Mostly Clear,0,1,False,False,False,False,False,0.0
2026-09-28T03:14:15Z,KY,KY00075IS0003300NWEIGHS33,37.0422,-84.0968,58,Clear,0,2,False,False,False,False,False,0.0
2026-09-28T03:14:15Z,KY,KY00075IS0003400SWEIGHS34,37.048,-84.0997,58,Clear,0,2,False,False,False,False,False,0.0
2026-09-28T03:14:15Z,KY,KY00075IS0017700N75NRA177,38.937,-84.6309,59,Clear,0,5,False,False,False,False,False,0.0
2026-09-28T03:14:15Z,KY,KY00075IS0007500SWALTONWS,38.8653,-84.6476,59,Clear,0,5,False,False,False,False,False,0.0
2026-09-28T03:14:15Z,KY,KY00075IS0017700S75SRA177,38.9388,-84.6339,59,Clear,0,5,False,False,False,False,False,0.0
2026-09-28T03:14:15Z,KY,KY00075IS0016800SCRITENWS,38.8196,-84.6015,59,Clear,0,5,False,False,False,False,False,0.0
2026-09-28T03:14:15Z,KY,KY00075IS0000100N75WELCOM,36.6162,-84.1054,56,Mostly Clear,0,1,False,False,False,False,False,0.0
2026-09-28T03:14:19Z,IL,IL00064IW008500012,38.2766,-88.8012,64,Mostly Cloudy,0,2,False,False,False,False,True,0.2
2026-09-28T03:14:19Z,IL,IL00057IN026800032,40.5505,-88.0605,57,Partly Cloudy,0,5,False,False,False,False,True,0.2
2026-09-28T03:14:19Z,IL,IL00070IE008600051,39.0651,-88.6745,62,Mostly Cloudy,0,3,False,False,False,False,True,0.2
2026-09-28T03:14:19Z,IL,IL00072IW015200014,39.9888,-88.7852,62,Partly Cloudy,0,6,False,False,False,False,True,0.2
2026-09-28T03:14:19Z,IL,IL00055IS019400021,40.8371,-88.6833,53,Partly Cloudy,0,5,False,False,False,False,True,0.2
2026-09-28T03:14:19Z,IL,IL00057IN007900034,38.0297,-88.9203,65,Mostly Cloudy,0,2,False,False,False,False,True,0.2
2026-09-28T03:14:19Z,IL,IL00057IS007900047,38.0962,-88.9138,67,Mostly Cloudy,0,2,False,False,False,False,True,0.2
2026-09-28T03:14:19Z,IL,IL00055IN006400027,39.3465,-89.6408,63,Mostly Cloudy,0,3,False,False,False,False,True,0.2
2026-09-28T03:14:19Z,IL,IL00039IN008500036,41.7236,-89.0062,56,Partly Cloudy,0,5,False,False,False,False,True,0.2
2026-09-28T03:14:19Z,IL,IL00070IE002700042,38.7849,-89.7023,64,Mostly Cloudy,1,3,False,False,False,False,True,0.2
2026-09-28T03:14:19Z,IL,IL00074IE015600037,40.2732,-88.6762,62,Partly Cloudy,0,6,False,False,False,False,True,0.2
2026-09-28T03:14:19Z,IL,IL00080IE005100040,41.3938,-89.5665,61,Mostly Cloudy,0,5,False,False,False,False,True,0.2
2026-09-28T03:14:19Z,IL,IL00055IN019400031,40.8234,-88.6875,53,Partly Cloudy,0,5,False,False,False,False,True,0.2
2026-09-28T03:14:19Z,IL,IL00064IW013000053,38.2322,-87.9882,63,Partly Cloudy,0,1,False,False,False,False,True,0.2
2026-09-28T03:14:19Z,IL,IL00055IS002700019,38.8723,-89.8511,63,Mostly Cloudy,1,3,False,False,False,False,True,0.2
2026-09-28T03:14:19Z,IL,IL00057IS033300046,41.3918,-87.7749,55,Mostly Cloudy,0,5,False,False,False,False,True,0.2
2026-09-28T03:14:19Z,IL,IL00064IE008500039,38.273,-88.8496,65,Mostly Cloudy,0,2,False,False,False,False,True,0.2
2026-09-28T03:14:19Z,IL,IL00074IW002800020,41.2141,-90.3308,63,Mostly Cloudy,1,5,False,False,False,False,True,0.2
2026-09-28T03:14:19Z,IL,IL00055IN014900028,40.3599,-89.1099,62,Partly Cloudy,0,6,False,False,False,False,True,0.2
2026-09-28T03:14:19Z,IL,IL00080IW005100013,41.3937,-89.5591,62,Mostly Cloudy,0,5,False,False,False,False,True,0.2
2026-09-28T03:14:19Z,IL,IL00080IW011700016,41.4473,-88.3285,56,Partly Cloudy,0,5,False,False,False,False,True,0.2
2026-09-28T03:14:19Z,IL,IL00074IW015600009,40.2711,-88.6701,61,Partly Cloudy,0,6,False,False,False,False,True,0.2
2026-09-28T03:14:19Z,IL,IL00070IW002700015,38.7884,-89.6889,64,Mostly Cloudy,1,3,False,False,False,False,True,0.2
2026-09-28T03:14:19Z,IL,IL00057IS026800022,40.5613,-88.0615,57,Partly Cloudy,0,5,False,False,False,False,True,0.2
2026-09-28T03:14:19Z,IL,IL00080IE011700043,41.4314,-88.3454,56,Partly Cloudy,0,5,False,False,False,False,True,0.2
2026-09-28T03:14:19Z,IL,IL00024IW003700010,37.1593,-88.6798,65,Partly Cloudy,0,1,False,False,False,False,True,0.2
2026-09-28T03:14:19Z,IL,IL00055IN010400050,39.8627,-89.5948,63,Mostly Cloudy,0,5,False,False,False,False,True,0.2
2026-09-28T03:14:19Z,IL,IL00057IS011400023,38.5965,-88.9677,63,Mostly Cloudy,0,1,False,False,False,False,True,0.2
2026-09-28T03:14:19Z,IL,IL00057IN011400033,38.5963,-88.9638,63,Mostly Cloudy,0,1,False,False,False,False,True,0.2
2026-09-28T03:14:19Z,IL,IL00057IN022200048,39.9218,-88.299,58,Partly Cloudy,0,6,False,False,False,False,True,0.2
2026-09-28T03:14:19Z,IL,IL00057IN033300049,41.3892,-87.7729,54,Mostly Cloudy,0,5,False,False,False,False,True,0.2
2026-09-28T03:14:19Z,IL,IL00039IS008500026,41.7285,-89.0105,56,Partly Cloudy,0,5,False,False,False,False,True,0.2
2026-09-28T03:14:19Z,IL,IL00057IS022200054,39.9314,-88.3043,58,Partly Cloudy,0,6,False,False,False,False,True,0.2
2026-09-28T03:14:19Z,IL,IL00072IE015200041,39.9923,-88.7827,62,Partly Cloudy,0,6,False,False,False,False,True,0.2
2026-09-28T03:14:19Z,IL,IL00074IW006200004,40.8802,-90.0895,62,Mostly Cloudy,1,3,False,False,False,False,True,0.2
2026-09-28T03:14:19Z,IL,IL00074IE011400005,40.6125,-89.245,61,Partly Cloudy,0,5,False,False,False,False,True,0.2
2026-09-28T03:14:19Z,IL,IL00074IW020800052,40.1298,-87.7441,59,Partly Cloudy,0,5,False,False,False,False,True,0.2
2026-09-28T03:14:19Z,IL,IL00055IN002700029,38.8649,-89.8532,63,Mostly Cloudy,1,3,False,False,False,False,True,0.2
2026-09-28T03:14:19Z,IL,IL00055IS006400017,39.3523,-89.6447,63,Mostly Cloudy,0,3,False,False,False,False,True,0.2
2026-09-28T03:14:19Z,IL,IL00064IW002500011,38.5491,-89.7633,64,Mostly Cloudy,1,2,False,False,False,False,True,0.2
2026-09-28T03:14:19Z,IL,IL00074IE002800030,41.2334,-90.333,63,Mostly Cloudy,1,5,False,False,False,False,True,0.2
2026-09-28T03:14:19Z,IL,IL00064IE002500038,38.5481,-89.7731,64,Mostly Cloudy,1,2,False,False,False,False,True,0.2
2026-09-28T03:14:19Z,IL,IL00070IW008700045,39.0679,-88.6704,62,Mostly Cloudy,0,3,False,False,False,False,True,0.2
2026-09-28T03:14:19Z,IL,IL00057IS016500018,39.1993,-88.502,59,Partly Cloudy,0,5,False,False,False,False,True,0.2
2026-09-28T03:14:19Z,IL,IL00074IW011400006,40.6111,-89.2323,61,Partly Cloudy,0,5,False,False,False,False,True,0.2
2026-09-28T03:14:19Z,IL,IL00074IE006200001,40.8788,-90.0936,62,Mostly Cloudy,1,3,False,False,False,False,True,0.2
2026-09-28T03:14:19Z,IL,IL00070IW014900008,39.4228,-87.6617,56,Partly Cloudy,0,5,False,False,False,False,True,0.2
2026-09-28T03:14:19Z,IL,IL00057IN016500044,39.1898,-88.5031,59,Mostly Cloudy,0,5,False,False,False,False,True,0.2
2026-09-28T03:14:19Z,IL,IL00055IS010400024,39.8871,-89.5966,62,Mostly Cloudy,0,3,False,False,False,False,True,0.2
2026-09-28T03:14:19Z,IL,IL00057IS003200025,37.4699,-89.1329,64,Partly Cloudy,1,1,False,False,False,False,True,0.2
2026-09-28T03:14:19Z,IL,IL00057IN003200035,37.4661,-89.1324,64,Partly Cloudy,1,1,False,False,False,False,True,0.2
2026-09-28T03:14:19Z,IN,322,38.195,-87.8597,61,Partly Cloudy,0,2,False,False,False,False,False,0.0
2026-09-28T03:14:19Z,IN,317,38.5852,-85.7768,59,Clear,0,2,False,False,False,False,False,0.0
2026-09-28T03:14:19Z,IN,316,38.5859,-85.7809,59,Clear,0,2,False,False,False,False,False,0.0
2026-09-28T03:14:19Z,IN,315,39.2602,-85.9521,57,Clear,0,3,False,False,False,False,False,0.0
2026-09-28T03:14:19Z,IN,314,39.2767,-85.9569,57,Clear,0,3,False,False,False,False,False,0.0
2026-09-28T03:14:19Z,IN,313,40.1578,-86.5387,55,Clear,0,5,False,False,False,False,False,0.0
2026-09-28T03:14:19Z,IN,312,40.1722,-86.5522,56,Clear,0,5,False,False,False,False,False,0.0
2026-09-28T03:14:19Z,IN,311,40.6992,-87.0628,54,Partly Cloudy,0,5,False,False,False,False,False,0.0
2026-09-28T03:14:19Z,IN,310,40.6984,-87.0646,54,Partly Cloudy,0,5,False,False,False,False,False,0.0
2026-09-28T03:14:19Z,IN,308,41.1653,-87.271,50,Partly Cloudy,0,5,False,False,False,False,False,0.0
2026-09-28T03:14:19Z,IN,309,41.1666,-87.2749,50,Partly Cloudy,0,5,False,False,False,False,False,0.0
2026-09-28T03:14:19Z,IN,318,40.3543,-85.5576,54,Clear,0,3,False,False,False,False,False,0.0
2026-09-28T03:14:19Z,IN,319,40.3569,-85.56,54,Clear,0,3,False,False,False,False,False,0.0
2026-09-28T03:14:19Z,IN,320,41.2963,-85.0863,55,Clear,0,5,False,False,False,False,False,0.0
2026-09-28T03:14:19Z,IN,321,41.5803,-85.0597,55,Clear,0,5,False,False,False,False,False,0.0
2026-09-28T03:14:19Z,IN,300,39.4417,-87.5002,58,Partly Cloudy,0,3,False,False,False,False,False,0.0
2026-09-28T03:14:19Z,IN,302,39.6517,-86.3967,58,Clear,0,5,False,False,False,False,False,0.0
2026-09-28T03:14:19Z,IN,301,39.6541,-86.4005,58,Clear,0,5,False,False,False,False,False,0.0
2026-09-28T03:14:19Z,IN,303,39.8243,-85.7039,55,Clear,0,5,False,False,False,False,False,0.0
2026-09-28T03:14:19Z,IN,304,39.8266,-85.704,55,Clear,0,5,False,False,False,False,False,0.0
2026-09-28T03:14:19Z,IN,305,39.8605,-85.0259,53,Clear,0,3,False,False,False,False,False,0.0
2026-09-28T03:14:19Z,IN,323,39.29,-85.1688,54,Mostly Clear,0,2,False,False,False,False,False,0.0
2026-09-28T03:14:19Z,IN,702,41.7472,-85.3285,55,Mostly Clear,0,5,False,False,False,False,False,0.0
2026-09-28T03:14:19Z,IN,701,41.5889,-87.2173,56,Partly Cloudy,0,5,False,False,False,False,False,0.0
2026-09-28T03:14:19Z,IN,704,41.7058,-86.6212,53,Mostly Cloudy,0,5,False,False,False,False,False,0.0
2026-09-28T03:14:19Z,IN,703,41.7071,-86.6235,53,Mostly Cloudy,0,5,False,False,False,False,False,0.0
2026-09-28T03:14:19Z,IN,705,41.733,-86.0057,55,Partly Cloudy,0,5,False,False,False,False,False,0.0
2026-09-28T03:14:19Z,IN,708,41.7472,-85.3285,55,Mostly Clear,0,5,False,False,False,False,False,0.0
2026-09-28T03:14:19Z,IN,707,41.7453,-85.3287,55,Mostly Clear,0,5,False,False,False,False,False,0.0
2026-09-28T03:14:19Z,IN,324,41.7353,-86.7933,53,Mostly Cloudy,0,0,False,False,False,False,False,0.0
2026-09-28T03:14:19Z,KY,KY00065IS0000020N65WELCOM,36.6434,-86.5687,64,Partly Cloudy,0,5,False,False,False,False,False,0.0
2026-09-28T03:14:19Z,KY,KY00065IS000020NSMARATHON,36.6612,-86.5553,64,Partly Cloudy,0,3,False,False,False,False,False,0.0
2026-09-28T03:14:19Z,KY,KY00065IS0000340NWEIGHS34,36.6868,-86.5379,64,Partly Cloudy,0,3,False,False,False,False,False,0.0
2026-09-28T03:14:19Z,KY,KY00065IS0011400S65SRA114,37.9464,-85.6905,66,Clear,0,3,False,False,False,False,False,0.0
2026-09-28T03:14:19Z,KY,KY00065IS0005900S65SRA059,37.239,-85.9297,63,Mostly Clear,0,1,False,False,False,False,False,0.0
2026-09-28T03:14:19Z,KY,KY00065IS0005900N65NRA059,37.2384,-85.9271,63,Mostly Clear,0,1,False,False,False,False,False,0.0
2026-09-28T03:14:19Z,KY,KY00075IS0003300NWEIGHS33,37.0422,-84.0968,58,Clear,0,2,False,False,False,False,False,0.0
2026-09-28T03:14:19Z,KY,KY00075IS0003400SWEIGHS34,37.048,-84.0997,58,Clear,0,2,False,False,False,False,False,0.0
2026-09-28T03:14:19Z,KY,KY00075IS0017700N75NRA177,38.937,-84.6309,59,Clear,0,5,False,False,False,False,False,0.0
2026-09-28T03:14:19Z,KY,KY00075IS0007500SWALTONWS,38.8653,-84.6476,59,Clear,0,5,False,False,False,False,False,0.0
2026-09-28T03:14:19Z,KY,KY00075IS0017700S75SRA177,38.9388,-84.6339,59,Clear,0,5,False,False,False,False,False,0.0
2026-09-28T03:14:19Z,KY,KY00075IS0016800SCRITENWS,38.8196,-84.6015,59,Clear,0,5,False,False,False,False,False,0.0
2026-09-28T03:14:19Z,KY,KY00075IS0000100N75WELCOM,36.6162,-84.1054,56,Mostly Clear,0,1,False,False,False,False,False,0.0
2026-09-28T03:14:23Z,IL,IL00064IW008500012,38.2766,-88.8012,64,Mostly Cloudy,0,2,False,False,False,False,True,0.2
2026-09-28T03:14:23Z,IL,IL00057IN026800032,40.5505,-88.0605,57,Partly Cloudy,0,5,False,False,False,False,True,0.2
2026-09-28T03:14:23Z,IL,IL00070IE008600051,39.0651,-88.6745,62,Mostly Cloudy,0,3,False,False,False,False,True,0.2
2026-09-28T03:14:23Z,IL,IL00072IW015200014,39.9888,-88.7852,62,Partly Cloudy,0,6,False,False,False,False,True,0.2
2026-09-28T03:14:23Z,IL,IL00055IS019400021,40.8371,-88.6833,53,Partly Cloudy,0,5,False,False,False,False,True,0.2
2026-09-28T03:14:23Z,IL,IL00057IN007900034,38.0297,-88.9203,65,Mostly Cloudy,0,2,False,False,False,False,True,0.2
2026-09-28T03:14:23Z,IL,IL00057IS007900047,38.0962,-88.9138,67,Mostly Cloudy,0,2,False,False,False,False,True,0.2
2026-09-28T03:14:23Z,IL,IL00055IN006400027,39.3465,-89.6408,63,Mostly Cloudy,0,3,False,False,False,False,True,0.2
2026-09-28T03:14:23Z,IL,IL00039IN008500036,41.7236,-89.0062,56,Partly Cloudy,0,5,False,False,False,False,True,0.2
2026-09-28T03:14:23Z,IL,IL00070IE002700042,38.7849,-89.7023,64,Mostly Cloudy,1,3,False,False,False,False,True,0.2
2026-09-28T03:14:23Z,IL,IL00074IE015600037,40.2732,-88.6762,62,Partly Cloudy,0,6,False,False,False,False,True,0.2
2026-09-28T03:14:23Z,IL,IL00080IE005100040,41.3938,-89.5665,61,Mostly Cloudy,0,5,False,False,False,False,True,0.2
2026-09-28T03:14:23Z,IL,IL00055IN019400031,40.8234,-88.6875,53,Partly Cloudy,0,5,False,False,False,False,True,0.2
2026-09-28T03:14:23Z,IL,IL00064IW013000053,38.2322,-87.9882,63,Partly Cloudy,0,1,False,False,False,False,True,0.2
2026-09-28T03:14:23Z,IL,IL00055IS002700019,38.8723,-89.8511,63,Mostly Cloudy,1,3,False,False,False,False,True,0.2
2026-09-28T03:14:23Z,IL,IL00057IS033300046,41.3918,-87.7749,55,Mostly Cloudy,0,5,False,False,False,False,True,0.2
2026-09-28T03:14:23Z,IL,IL00064IE008500039,38.273,-88.8496,65,Mostly Cloudy,0,2,False,False,False,False,True,0.2
2026-09-28T03:14:23Z,IL,IL00074IW002800020,41.2141,-90.3308,63,Mostly Cloudy,1,5,False,False,False,False,True,0.2
2026-09-28T03:14:23Z,IL,IL00055IN014900028,40.3599,-89.1099,62,Partly Cloudy,0,6,False,False,False,False,True,0.2
2026-09-28T03:14:23Z,IL,IL00080IW005100013,41.3937,-89.5591,62,Mostly Cloudy,0,5,False,False,False,False,True,0.2
2026-09-28T03:14:23Z,IL,IL00080IW011700016,41.4473,-88.3285,56,Partly Cloudy,0,5,False,False,False,False,True,0.2
2026-09-28T03:14:23Z,IL,IL00074IW015600009,40.2711,-88.6701,61,Partly Cloudy,0,6,False,False,False,False,True,0.2
2026-09-28T03:14:23Z,IL,IL00070IW002700015,38.7884,-89.6889,64,Mostly Cloudy,1,3,False,False,False,False,True,0.2
2026-09-28T03:14:23Z,IL,IL00057IS026800022,40.5613,-88.0615,57,Partly Cloudy,0,5,False,False,False,False,True,0.2
2026-09-28T03:14:23Z,IL,IL00080IE011700043,41.4314,-88.3454,56,Partly Cloudy,0,5,False,False,False,False,True,0.2
2026-09-28T03:14:23Z,IL,IL00024IW003700010,37.1593,-88.6798,65,Partly Cloudy,0,1,False,False,False,False,True,0.2
2026-09-28T03:14:23Z,IL,IL00055IN010400050,39.8627,-89.5948,63,Mostly Cloudy,0,5,False,False,False,False,True,0.2
2026-09-28T03:14:23Z,IL,IL00057IS011400023,38.5965,-88.9677,63,Mostly Cloudy,0,1,False,False,False,False,True,0.2
2026-09-28T03:14:23Z,IL,IL00057IN011400033,38.5963,-88.9638,63,Mostly Cloudy,0,1,False,False,False,False,True,0.2
2026-09-28T03:14:23Z,IL,IL00057IN022200048,39.9218,-88.299,58,Partly Cloudy,0,6,False,False,False,False,True,0.2
2026-09-28T03:14:23Z,IL,IL00057IN033300049,41.3892,-87.7729,54,Mostly Cloudy,0,5,False,False,False,False,True,0.2
2026-09-28T03:14:23Z,IL,IL00039IS008500026,41.7285,-89.0105,56,Partly Cloudy,0,5,False,False,False,False,True,0.2
2026-09-28T03:14:23Z,IL,IL00057IS022200054,39.9314,-88.3043,58,Partly Cloudy,0,6,False,False,False,False,True,0.2
2026-09-28T03:14:23Z,IL,IL00072IE015200041,39.9923,-88.7827,62,Partly Cloudy,0,6,False,False,False,False,True,0.2
2026-09-28T03:14:23Z,IL,IL00074IW006200004,40.8802,-90.0895,62,Mostly Cloudy,1,3,False,False,False,False,True,0.2
2026-09-28T03:14:23Z,IL,IL00074IE011400005,40.6125,-89.245,61,Partly Cloudy,0,5,False,False,False,False,True,0.2
2026-09-28T03:14:23Z,IL,IL00074IW020800052,40.1298,-87.7441,59,Partly Cloudy,0,5,False,False,False,False,True,0.2
2026-09-28T03:14:23Z,IL,IL00055IN002700029,38.8649,-89.8532,63,Mostly Cloudy,1,3,False,False,False,False,True,0.2
2026-09-28T03:14:23Z,IL,IL00055IS006400017,39.3523,-89.6447,63,Mostly Cloudy,0,3,False,False,False,False,True,0.2
2026-09-28T03:14:23Z,IL,IL00064IW002500011,38.5491,-89.7633,64,Mostly Cloudy,1,2,False,False,False,False,True,0.2
2026-09-28T03:14:23Z,IL,IL00074IE002800030,41.2334,-90.333,63,Mostly Cloudy,1,5,False,False,False,False,True,0.2
2026-09-28T03:14:23Z,IL,IL00064IE002500038,38.5481,-89.7731,64,Mostly Cloudy,1,2,False,False,False,False,True,0.2
2026-09-28T03:14:23Z,IL,IL00070IW008700045,39.0679,-88.6704,62,Mostly Cloudy,0,3,False,False,False,False,True,0.2
2026-09-28T03:14:23Z,IL,IL00057IS016500018,39.1993,-88.502,59,Partly Cloudy,0,5,False,False,False,False,True,0.2
2026-09-28T03:14:23Z,IL,IL00074IW011400006,40.6111,-89.2323,61,Partly Cloudy,0,5,False,False,False,False,True,0.2
2026-09-28T03:14:23Z,IL,IL00074IE006200001,40.8788,-90.0936,62,Mostly Cloudy,1,3,False,False,False,False,True,0.2
2026-09-28T03:14:23Z,IL,IL00070IW014900008,39.4228,-87.6617,56,Partly Cloudy,0,5,False,False,False,False,True,0.2
2026-09-28T03:14:23Z,IL,IL00057IN016500044,39.1898,-88.5031,59,Mostly Cloudy,0,5,False,False,False,False,True,0.2
2026-09-28T03:14:23Z,IL,IL00055IS010400024,39.8871,-89.5966,62,Mostly Cloudy,0,3,False,False,False,False,True,0.2
2026-09-28T03:14:23Z,IL,IL00057IS003200025,37.4699,-89.1329,64,Partly Cloudy,1,1,False,False,False,False,True,0.2
2026-09-28T03:14:23Z,IL,IL00057IN003200035,37.4661,-89.1324,64,Partly Cloudy,1,1,False,False,False,False,True,0.2
2026-09-28T03:14:23Z,IN,322,38.195,-87.8597,61,Partly Cloudy,0,2,False,False,False,False,False,0.0
2026-09-28T03:14:23Z,IN,317,38.5852,-85.7768,59,Clear,0,2,False,False,False,False,False,0.0
2026-09-28T03:14:23Z,IN,316,38.5859,-85.7809,59,Clear,0,2,False,False,False,False,False,0.0
2026-09-28T03:14:23Z,IN,315,39.2602,-85.9521,57,Clear,0,3,False,False,False,False,False,0.0
2026-09-28T03:14:23Z,IN,314,39.2767,-85.9569,57,Clear,0,3,False,False,False,False,False,0.0
2026-09-28T03:14:23Z,IN,313,40.1578,-86.5387,55,Clear,0,5,False,False,False,False,False,0.0
2026-09-28T03:14:23Z,IN,312,40.1722,-86.5522,56,Clear,0,5,False,False,False,False,False,0.0
2026-09-28T03:14:23Z,IN,311,40.6992,-87.0628,54,Partly Cloudy,0,5,False,False,False,False,False,0.0
2026-09-28T03:14:23Z,IN,310,40.6984,-87.0646,54,Partly Cloudy,0,5,False,False,False,False,False,0.0
2026-09-28T03:14:23Z,IN,308,41.1653,-87.271,50,Partly Cloudy,0,5,False,False,False,False,False,0.0
2026-09-28T03:14:23Z,IN,309,41.1666,-87.2749,50,Partly Cloudy,0,5,False,False,False,False,False,0.0
2026-09-28T03:14:23Z,IN,318,40.3543,-85.5576,54,Clear,0,3,False,False,False,False,False,0.0
2026-09-28T03:14:23Z,IN,319,40.3569,-85.56,54,Clear,0,3,False,False,False,False,False,0.0
2026-09-28T03:14:23Z,IN,320,41.2963,-85.0863,55,Clear,0,5,False,False,False,False,False,0.0
2026-09-28T03:14:23Z,IN,321,41.5803,-85.0597,55,Clear,0,5,False,False,False,False,False,0.0
2026-09-28T03:14:23Z,IN,300,39.4417,-87.5002,58,Partly Cloudy,0,3,False,False,False,False,False,0.0
2026-09-28T03:14:23Z,IN,302,39.6517,-86.3967,58,Clear,0,5,False,False,False,False,False,0.0
2026-09-28T03:14:23Z,IN,301,39.6541,-86.4005,58,Clear,0,5,False,False,False,False,False,0.0
2026-09-28T03:14:23Z,IN,303,39.8243,-85.7039,55,Clear,0,5,False,False,False,False,False,0.0
2026-09-28T03:14:23Z,IN,304,39.8266,-85.704,55,Clear,0,5,False,False,False,False,False,0.0
2026-09-28T03:14:23Z,IN,305,39.8605,-85.0259,53,Clear,0,3,False,False,False,False,False,0.0
2026-09-28T03:14:23Z,IN,323,39.29,-85.1688,54,Mostly Clear,0,2,False,False,False,False,False,0.0
2026-09-28T03:14:23Z,IN,702,41.7472,-85.3285,55,Mostly Clear,0,5,False,False,False,False,False,0.0
2026-09-28T03:14:23Z,IN,701,41.5889,-87.2173,56,Partly Cloudy,0,5,False,False,False,False,False,0.0
2026-09-28T03:14:23Z,IN,704,41.7058,-86.6212,53,Mostly Cloudy,0,5,False,False,False,False,False,0.0
2026-09-28T03:14:23Z,IN,703,41.7071,-86.6235,53,Mostly Cloudy,0,5,False,False,False,False,False,0.0
2026-09-28T03:14:23Z,IN,705,41.733,-86.0057,55,Partly Cloudy,0,5,False,False,False,False,False,0.0
2026-09-28T03:14:23Z,IN,708,41.7472,-85.3285,55,Mostly Clear,0,5,False,False,False,False,False,0.0
2026-09-28T03:14:23Z,IN,707,41.7453,-85.3287,55,Mostly Clear,0,5,False,False,False,False,False,0.0
2026-09-28T03:14:23Z,IN,324,41.7353,-86.7933,53,Mostly Cloudy,0,0,False,False,False,False,False,0.0
2026-09-28T03:14:23Z,KY,KY00065IS0000020N65WELCOM,36.6434,-86.5687,64,Partly Cloudy,0,5,False,False,False,False,False,0.0
2026-09-28T03:14:23Z,KY,KY00065IS000020NSMARATHON,36.6612,-86.5553,64,Partly Cloudy,0,3,False,False,False,False,False,0.0
2026-09-28T03:14:23Z,KY,KY00065IS0000340NWEIGHS34,36.6868,-86.5379,64,Partly Cloudy,0,3,False,False,False,False,False,0.0
2026-09-28T03:14:23Z,KY,KY00065IS0011400S65SRA114,37.9464,-85.6905,66,Clear,0,3,False,False,False,False,False,0.0
2026-09-28T03:14:23Z,KY,KY00065IS0005900S65SRA059,37.239,-85.9297,63,Mostly Clear,0,1,False,False,False,False,False,0.0
2026-09-28T03:14:23Z,KY,KY00065IS0005900N65NRA059,37.2384,-85.9271,63,Mostly Clear,0,1,False,False,False,False,False,0.0
2026-09-28T03:14:23Z,KY,KY00075IS0003300NWEIGHS33,37.0422,-84.0968,58,Clear,0,2,False,False,False,False,False,0.0
2026-09-28T03:14:23Z,KY,KY00075IS0003400SWEIGHS34,37.048,-84.0997,58,Clear,0,2,False,False,False,False,False,0.0
2026-09-28T03:14:23Z,KY,KY00075IS0017700N75NRA177,38.937,-84.6309,59,Clear,0,5,False,False,False,False,False,0.0
2026-09-28T03:14:23Z,KY,KY00075IS0007500SWALTONWS,38.8653,-84.6476,59,Clear,0,5,False,False,False,False,False,0.0
2026-09-28T03:14:23Z,KY,KY00075IS0017700S75SRA177,38.9388,-84.6339,59,Clear,0,5,False,False,False,False,False,0.0
2026-09-28T03:14:23Z,KY,KY00075IS0016800SCRITENWS,38.8196,-84.6015,59,Clear,0,5,False,False,False,False,False,0.0
2026-09-28T03:14:23Z,KY,KY00075IS0000100N75WELCOM,36.6162,-84.1054,56,Mostly Clear,0,1,False,False,False,False,False,0.0
2026-09-28T03:14:27Z,IL,IL00064IW008500012,38.2766,-88.8012,64,Mostly Cloudy,0,2,False,False,False,False,True,0.2
2026-09-28T03:14:27Z,IL,IL00057IN026800032,40.5505,-88.0605,57,Partly Cloudy,0,5,False,False,False,False,True,0.2
2026-09-28T03:14:27Z,IL,IL00070IE008600051,39.0651,-88.6745,62,Mostly Cloudy,0,3,False,False,False,False,True,0.2
2026-09-28T03:14:27Z,IL,IL00072IW015200014,39.9888,-88.7852,62,Partly Cloudy,0,6,False,False,False,False,True,0.2
2026-09-28T03:14:27Z,IL,IL00055IS019400021,40.8371,-88.6833,53,Partly Cloudy,0,5,False,False,False,False,True,0.2
2026-09-28T03:14:27Z,IL,IL00057IN007900034,38.0297,-88.9203,65,Mostly Cloudy,0,2,False,False,False,False,True,0.2
2026-09-28T03:14:27Z,IL,IL00057IS007900047,38.0962,-88.9138,67,Mostly Cloudy,0,2,False,False,False,False,True,0.2
2026-09-28T03:14:27Z,IL,IL00055IN006400027,39.3465,-89.6408,63,Mostly Cloudy,0,3,False,False,False,False,True,0.2
2026-09-28T03:14:27Z,IL,IL00039IN008500036,41.7236,-89.0062,56,Partly Cloudy,0,5,False,False,False,False,True,0.2
2026-09-28T03:14:27Z,IL,IL00070IE002700042,38.7849,-89.7023,64,Mostly Cloudy,1,3,False,False,False,False,True,0.2
2026-09-28T03:14:27Z,IL,IL00074IE015600037,40.2732,-88.6762,62,Partly Cloudy,0,6,False,False,False,False,True,0.2
2026-09-28T03:14:27Z,IL,IL00080IE005100040,41.3938,-89.5665,61,Mostly Cloudy,0,5,False,False,False,False,True,0.2
2026-09-28T03:14:27Z,IL,IL00055IN019400031,40.8234,-88.6875,53,Partly Cloudy,0,5,False,False,False,False,True,0.2
2026-09-28T03:14:27Z,IL,IL00064IW013000053,38.2322,-87.9882,63,Partly Cloudy,0,1,False,False,False,False,True,0.2
2026-09-28T03:14:27Z,IL,IL00055IS002700019,38.8723,-89.8511,63,Mostly Cloudy,1,3,False,False,False,False,True,0.2
2026-09-28T03:14:27Z,IL,IL00057IS033300046,41.3918,-87.7749,55,Mostly Cloudy,0,5,False,False,False,False,True,0.2
2026-09-28T03:14:27Z,IL,IL00064IE008500039,38.273,-88.8496,65,Mostly Cloudy,0,2,False,False,False,False,True,0.2
2026-09-28T03:14:27Z,IL,IL00074IW002800020,41.2141,-90.3308,63,Mostly Cloudy,1,5,False,False,False,False,True,0.2
2026-09-28T03:14:27Z,IL,IL00055IN014900028,40.3599,-89.1099,62,Partly Cloudy,0,6,False,False,False,False,True,0.2
2026-09-28T03:14:27Z,IL,IL00080IW005100013,41.3937,-89.5591,62,Mostly Cloudy,0,5,False,False,False,False,True,0.2
2026-09-28T03:14:27Z,IL,IL00080IW011700016,41.4473,-88.3285,56,Partly Cloudy,0,5,False,False,False,False,True,0.2
2026-09-28T03:14:27Z,IL,IL00074IW015600009,40.2711,-88.6701,61,Partly Cloudy,0,6,False,False,False,False,True,0.2
2026-09-28T03:14:27Z,IL,IL00070IW002700015,38.7884,-89.6889,64,Mostly Cloudy,1,3,False,False,False,False,True,0.2
2026-09-28T03:14:27Z,IL,IL00057IS026800022,40.5613,-88.0615,57,Partly Cloudy,0,5,False,False,False,False,True,0.2
2026-09-28T03:14:27Z,IL,IL00080IE011700043,41.4314,-88.3454,56,Partly Cloudy,0,5,False,False,False,False,True,0.2
2026-09-28T03:14:27Z,IL,IL00024IW003700010,37.1593,-88.6798,65,Partly Cloudy,0,1,False,False,False,False,True,0.2
2026-09-28T03:14:27Z,IL,IL00055IN010400050,39.8627,-89.5948,63,Mostly Cloudy,0,5,False,False,False,False,True,0.2
2026-09-28T03:14:27Z,IL,IL00057IS011400023,38.5965,-88.9677,63,Mostly Cloudy,0,1,False,False,False,False,True,0.2
2026-09-28T03:14:27Z,IL,IL00057IN011400033,38.5963,-88.9638,63,Mostly Cloudy,0,1,False,False,False,False,True,0.2
2026-09-28T03:14:27Z,IL,IL00057IN022200048,39.9218,-88.299,58,Partly Cloudy,0,6,False,False,False,False,True,0.2
2026-09-28T03:14:27Z,IL,IL00057IN033300049,41.3892,-87.7729,54,Mostly Cloudy,0,5,False,False,False,False,True,0.2
2026-09-28T03:14:27Z,IL,IL00039IS008500026,41.7285,-89.0105,56,Partly Cloudy,0,5,False,False,False,False,True,0.2
2026-09-28T03:14:27Z,IL,IL00057IS022200054,39.9314,-88.3043,58,Partly Cloudy,0,6,False,False,False,False,True,0.2
2026-09-28T03:14:27Z,IL,IL00072IE015200041,39.9923,-88.7827,62,Partly Cloudy,0,6,False,False,False,False,True,0.2
2026-09-28T03:14:27Z,IL,IL00074IW006200004,40.8802,-90.0895,62,Mostly Cloudy,1,3,False,False,False,False,True,0.2
2026-09-28T03:14:27Z,IL,IL00074IE011400005,40.6125,-89.245,61,Partly Cloudy,0,5,False,False,False,False,True,0.2
2026-09-28T03:14:27Z,IL,IL00074IW020800052,40.1298,-87.7441,59,Partly Cloudy,0,5,False,False,False,False,True,0.2
2026-09-28T03:14:27Z,IL,IL00055IN002700029,38.8649,-89.8532,63,Mostly Cloudy,1,3,False,False,False,False,True,0.2
2026-09-28T03:14:27Z,IL,IL00055IS006400017,39.3523,-89.6447,63,Mostly Cloudy,0,3,False,False,False,False,True,0.2
2026-09-28T03:14:27Z,IL,IL00064IW002500011,38.5491,-89.7633,64,Mostly Cloudy,1,2,False,False,False,False,True,0.2
2026-09-28T03:14:27Z,IL,IL00074IE002800030,41.2334,-90.333,63,Mostly Cloudy,1,5,False,False,False,False,True,0.2
2026-09-28T03:14:27Z,IL,IL00064IE002500038,38.5481,-89.7731,64,Mostly Cloudy,1,2,False,False,False,False,True,0.2
2026-09-28T03:14:27Z,IL,IL00070IW008700045,39.0679,-88.6704,62,Mostly Cloudy,0,3,False,False,False,False,True,0.2
2026-09-28T03:14:27Z,IL,IL00057IS016500018,39.1993,-88.502,59,Partly Cloudy,0,5,False,False,False,False,True,0.2
2026-09-28T03:14:27Z,IL,IL00074IW011400006,40.6111,-89.2323,61,Partly Cloudy,0,5,False,False,False,False,True,0.2
2026-09-28T03:14:27Z,IL,IL00074IE006200001,40.8788,-90.0936,62,Mostly Cloudy,1,3,False,False,False,False,True,0.2
2026-09-28T03:14:27Z,IL,IL00070IW014900008,39.4228,-87.6617,56,Partly Cloudy,0,5,False,False,False,False,True,0.2
2026-09-28T03:14:27Z,IL,IL00057IN016500044,39.1898,-88.5031,59,Mostly Cloudy,0,5,False,False,False,False,True,0.2
2026-09-28T03:14:27Z,IL,IL00055IS010400024,39.8871,-89.5966,62,Mostly Cloudy,0,3,False,False,False,False,True,0.2
2026-09-28T03:14:27Z,IL,IL00057IS003200025,37.4699,-89.1329,64,Partly Cloudy,1,1,False,False,False,False,True,0.2
2026-09-28T03:14:27Z,IL,IL00057IN003200035,37.4661,-89.1324,64,Partly Cloudy,1,1,False,False,False,False,True,0.2
2026-09-28T03:14:27Z,IN,322,38.195,-87.8597,61,Partly Cloudy,0,2,False,False,False,False,False,0.0
2026-09-28T03:14:27Z,IN,317,38.5852,-85.7768,59,Clear,0,2,False,False,False,False,False,0.0
2026-09-28T03:14:27Z,IN,316,38.5859,-85.7809,59,Clear,0,2,False,False,False,False,False,0.0
2026-09-28T03:14:27Z,IN,315,39.2602,-85.9521,57,Clear,0,3,False,False,False,False,False,0.0
2026-09-28T03:14:27Z,IN,314,39.2767,-85.9569,57,Clear,0,3,False,False,False,False,False,0.0
2026-09-28T03:14:27Z,IN,313,40.1578,-86.5387,55,Clear,0,5,False,False,False,False,False,0.0
2026-09-28T03:14:27Z,IN,312,40.1722,-86.5522,56,Clear,0,5,False,False,False,False,False,0.0
2026-09-28T03:14:27Z,IN,311,40.6992,-87.0628,54,Partly Cloudy,0,5,False,False,False,False,False,0.0
2026-09-28T03:14:27Z,IN,310,40.6984,-87.0646,54,Partly Cloudy,0,5,False,False,False,False,False,0.0
2026-09-28T03:14:27Z,IN,308,41.1653,-87.271,50,Partly Cloudy,0,5,False,False,False,False,False,0.0
2026-09-28T03:14:27Z,IN,309,41.1666,-87.2749,50,Partly Cloudy,0,5,False,False,False,False,False,0.0
2026-09-28T03:14:27Z,IN,318,40.3543,-85.5576,54,Clear,0,3,False,False,False,False,False,0.0
2026-09-28T03:14:27Z,IN,319,40.3569,-85.56,54,Clear,0,3,False,False,False,False,False,0.0
2026-09-28T03:14:27Z,IN,320,41.2963,-85.0863,55,Clear,0,5,False,False,False,False,False,0.0
2026-09-28T03:14:27Z,IN,321,41.5803,-85.0597,55,Clear,0,5,False,False,False,False,False,0.0
2026-09-28T03:14:27Z,IN,300,39.4417,-87.5002,58,Partly Cloudy,0,3,False,False,False,False,False,0.0
2026-09-28T03:14:27Z,IN,302,39.6517,-86.3967,58,Clear,0,5,False,False,False,False,False,0.0
2026-09-28T03:14:27Z,IN,301,39.6541,-86.4005,58,Clear,0,5,False,False,False,False,False,0.0
2026-09-28T03:14:27Z,IN,303,39.8243,-85.7039,55,Clear,0,5,False,False,False,False,False,0.0
2026-09-28T03:14:27Z,IN,304,39.8266,-85.704,55,Clear,0,5,False,False,False,False,False,0.0
2026-09-28T03:14:27Z,IN,305,39.8605,-85.0259,53,Clear,0,3,False,False,False,False,False,0.0
2026-09-28T03:14:27Z,IN,323,39.29,-85.1688,54,Mostly Clear,0,2,False,False,False,False,False,0.0
2026-09-28T03:14:27Z,IN,702,41.7472,-85.3285,55,Mostly Clear,0,5,False,False,False,False,False,0.0
2026-09-28T03:14:27Z,IN,701,41.5889,-87.2173,56,Partly Cloudy,0,5,False,False,False,False,False,0.0
2026-09-28T03:14:27Z,IN,704,41.7058,-86.6212,53,Mostly Cloudy,0,5,False,False,False,False,False,0.0
2026-09-28T03:14:27Z,IN,703,41.7071,-86.6235,53,Mostly Cloudy,0,5,False,False,False,False,False,0.0
2026-09-28T03:14:27Z,IN,705,41.733,-86.0057,55,Partly Cloudy,0,5,False,False,False,False,False,0.0
2026-09-28T03:14:27Z,IN,708,41.7472,-85.3285,55,Mostly Clear,0,5,False,False,False,False,False,0.0
2026-09-28T03:14:27Z,IN,707,41.7453,-85.3287,55,Mostly Clear,0,5,False,False,False,False,False,0.0
2026-09-28T03:14:27Z,IN,324,41.7353,-86.7933,53,Mostly Cloudy,0,0,False,False,False,False,False,0.0
2026-09-28T03:14:27Z,KY,KY00065IS0000020N65WELCOM,36.6434,-86.5687,64,Partly Cloudy,0,5,False,False,False,False,False,0.0
2026-09-28T03:14:27Z,KY,KY00065IS000020NSMARATHON,36.6612,-86.5553,64,Partly Cloudy,0,3,False,False,False,False,False,0.0
2026-09-28T03:14:27Z,KY,KY00065IS0000340NWEIGHS34,36.6868,-86.5379,64,Partly Cloudy,0,3,False,False,False,False,False,0.0
2026-09-28T03:14:27Z,KY,KY00065IS0011400S65SRA114,37.9464,-85.6905,66,Clear,0,3,False,False,False,False,False,0.0
2026-09-28T03:14:27Z,KY,KY00065IS0005900S65SRA059,37.239,-85.9297,63,Mostly Clear,0,1,False,False,False,False,False,0.0
2026-09-28T03:14:27Z,KY,KY00065IS0005900N65NRA059,37.2384,-85.9271,63,Mostly Clear,0,1,False,False,False,False,False,0.0
2026-09-28T03:14:27Z,KY,KY00075IS0003300NWEIGHS33,37.0422,-84.0968,58,Clear,0,2,False,False,False,False,False,0.0
2026-09-28T03:14:27Z,KY,KY00075IS0003400SWEIGHS34,37.048,-84.0997,58,Clear,0,2,False,False,False,False,False,0.0
2026-09-28T03:14:27Z,KY,KY00075IS0017700N75NRA177,38.937,-84.6309,59,Clear,0,5,False,False,False,False,False,0.0
2026-09-28T03:14:27Z,KY,KY00075IS0007500SWALTONWS,38.8653,-84.6476,59,Clear,0,5,False,False,False,False,False,0.0
2026-09-28T03:14:27Z,KY,KY00075IS0017700S75SRA177,38.9388,-84.6339,59,Clear,0,5,False,False,False,False,False,0.0
2026-09-28T03:14:27Z,KY,KY00075IS0016800SCRITENWS,38.8196,-84.6015,59,Clear,0,5,False,False,False,False,False,0.0
2026-09-28T03:14:27Z,KY,KY00075IS0000100N75WELCOM,36.6162,-84.1054,56,Mostly Clear,0,1,False,False,False,False,False,0.0
2026-09-28T03:14:31Z,IL,IL00064IW008500012,38.2766,-88.8012,62,Mostly Cloudy,0,2,False,False,False,False,True,0.2
2026-09-28T03:14:31Z,IL,IL00057IN026800032,40.5505,-88.0605,57,Partly Cloudy,0,5,False,False,False,False,True,0.2
2026-09-28T03:14:31Z,IL,IL00070IE008600051,39.0651,-88.6745,62,Mostly Cloudy,0,3,False,False,False,False,True,0.2
2026-09-28T03:14:31Z,IL,IL00072IW015200014,39.9888,-88.7852,61,Partly Cloudy,0,7,False,False,False,False,True,0.2
2026-09-28T03:14:31Z,IL,IL00055IS019400021,40.8371,-88.6833,53,Partly Cloudy,0,5,False,False,False,False,True,0.2
2026-09-28T03:14:31Z,IL,IL00057IN007900034,38.0297,-88.9203,65,Mostly Cloudy,0,2,False,False,False,False,True,0.2
2026-09-28T03:14:31Z,IL,IL00057IS007900047,38.0962,-88.9138,67,Mostly Cloudy,0,2,False,False,False,False,True,0.2
2026-09-28T03:14:31Z,IL,IL00055IN006400027,39.3465,-89.6408,63,Mostly Cloudy,0,3,False,False,False,False,True,0.2
2026-09-28T03:14:31Z,IL,IL00039IN008500036,41.7236,-89.0062,56,Partly Cloudy,0,5,False,False,False,False,True,0.2
2026-09-28T03:14:31Z,IL,IL00070IE002700042,38.7849,-89.7023,64,Mostly Cloudy,1,3,False,False,False,False,True,0.2
2026-09-28T03:14:31Z,IL,IL00074IE015600037,40.2732,-88.6762,60,Partly Cloudy,0,7,False,False,False,False,True,0.2
2026-09-28T03:14:31Z,IL,IL00080IE005100040,41.3938,-89.5665,61,Mostly Cloudy,0,5,False,False,False,False,True,0.2
2026-09-28T03:14:31Z,IL,IL00055IN019400031,40.8234,-88.6875,53,Partly Cloudy,0,5,False,False,False,False,True,0.2
2026-09-28T03:14:31Z,IL,IL00064IW013000053,38.2322,-87.9882,61,Partly Cloudy,0,2,False,False,False,False,True,0.2
2026-09-28T03:14:31Z,IL,IL00055IS002700019,38.8723,-89.8511,62,Mostly Cloudy,1,3,False,False,False,False,True,0.2
2026-09-28T03:14:31Z,IL,IL00057IS033300046,41.3918,-87.7749,55,Mostly Cloudy,0,5,False,False,False,False,True,0.2
2026-09-28T03:14:31Z,IL,IL00064IE008500039,38.273,-88.8496,65,Mostly Cloudy,0,2,False,False,False,False,True,0.2
2026-09-28T03:14:31Z,IL,IL00074IW002800020,41.2141,-90.3308,63,Mostly Cloudy,1,5,False,False,False,False,True,0.2
2026-09-28T03:14:31Z,IL,IL00055IN014900028,40.3599,-89.1099,61,Partly Cloudy,0,6,False,False,False,False,True,0.2
2026-09-28T03:14:31Z,IL,IL00080IW005100013,41.3937,-89.5591,62,Mostly Cloudy,0,5,False,False,False,False,True,0.2
2026-09-28T03:14:31Z,IL,IL00080IW011700016,41.4473,-88.3285,56,Partly Cloudy,0,5,False,False,False,False,True,0.2
2026-09-28T03:14:31Z,IL,IL00074IW015600009,40.2711,-88.6701,61,Partly Cloudy,0,6,False,False,False,False,True,0.2
2026-09-28T03:14:31Z,IL,IL00070IW002700015,38.7884,-89.6889,64,Mostly Cloudy,1,3,False,False,False,False,True,0.2
2026-09-28T03:14:31Z,IL,IL00057IS026800022,40.5613,-88.0615,57,Partly Cloudy,0,5,False,False,False,False,True,0.2
2026-09-28T03:14:31Z,IL,IL00080IE011700043,41.4314,-88.3454,56,Partly Cloudy,0,5,False,False,False,False,True,0.2
2026-09-28T03:14:31Z,IL,IL00024IW003700010,37.1593,-88.6798,65,Partly Cloudy,0,1,False,False,False,False,True,0.2
2026-09-28T03:14:31Z,IL,IL00055IN010400050,39.8627,-89.5948,63,Mostly Cloudy,0,5,False,False,False,False,True,0.2
2026-09-28T03:14:31Z,IL,IL00057IS011400023,38.5965,-88.9677,63,Mostly Cloudy,0,1,False,False,False,False,True,0.2
2026-09-28T03:14:31Z,IL,IL00057IN011400033,38.5963,-88.9638,63,Mostly Cloudy,0,1,False,False,False,False,True,0.2
2026-09-28T03:14:31Z,IL,IL00057IN022200048,39.9218,-88.299,58,Partly Cloudy,0,6,False,False,False,False,True,0.2
2026-09-28T03:14:31Z,IL,IL00057IN033300049,41.3892,-87.7729,54,Mostly Cloudy,0,5,False,False,False,False,True,0.2
2026-09-28T03:14:31Z,IL,IL00039IS008500026,41.7285,-89.0105,56,Partly Cloudy,0,5,False,False,False,False,True,0.2
2026-09-28T03:14:31Z,IL,IL00057IS022200054,39.9314,-88.3043,58,Partly Cloudy,0,6,False,False,False,False,True,0.2
2026-09-28T03:14:31Z,IL,IL00072IE015200041,39.9923,-88.7827,61,Partly Cloudy,0,7,False,False,False,False,True,0.2
2026-09-28T03:14:31Z,IL,IL00074IW006200004,40.8802,-90.0895,62,Mostly Cloudy,1,3,False,False,False,False,True,0.2
2026-09-28T03:14:31Z,IL,IL00074IE011400005,40.6125,-89.245,61,Partly Cloudy,0,5,False,False,False,False,True,0.2
2026-09-28T03:14:31Z,IL,IL00074IW020800052,40.1298,-87.7441,59,Partly Cloudy,0,5,False,False,False,False,True,0.2
2026-09-28T03:14:31Z,IL,IL00055IN002700029,38.8649,-89.8532,62,Mostly Cloudy,1,3,False,False,False,False,True,0.2
2026-09-28T03:14:31Z,IL,IL00055IS006400017,39.3523,-89.6447,60,Mostly Cloudy,0,3,False,False,False,False,True,0.2
2026-09-28T03:14:31Z,IL,IL00064IW002500011,38.5491,-89.7633,63,Mostly Cloudy,1,3,False,False,False,False,True,0.2
2026-09-28T03:14:31Z,IL,IL00074IE002800030,41.2334,-90.333,63,Mostly Cloudy,1,5,False,False,False,False,True,0.2
2026-09-28T03:14:31Z,IL,IL00064IE002500038,38.5481,-89.7731,64,Mostly Cloudy,1,2,False,False,False,False,True,0.2
2026-09-28T03:14:31Z,IL,IL00070IW008700045,39.0679,-88.6704,62,Mostly Cloudy,0,3,False,False,False,False,True,0.2
2026-09-28T03:14:31Z,IL,IL00057IS016500018,39.1993,-88.502,59,Partly Cloudy,0,5,False,False,False,False,True,0.2
2026-09-28T03:14:31Z,IL,IL00074IW011400006,40.6111,-89.2323,61,Partly Cloudy,0,5,False,False,False,False,True,0.2
2026-09-28T03:14:31Z,IL,IL00074IE006200001,40.8788,-90.0936,62,Mostly Cloudy,1,3,False,False,False,False,True,0.2
2026-09-28T03:14:31Z,IL,IL00070IW014900008,39.4228,-87.6617,56,Partly Cloudy,0,5,False,False,False,False,True,0.2
2026-09-28T03:14:31Z,IL,IL00057IN016500044,39.1898,-88.5031,63,Mostly Cloudy,0,5,False,False,False,False,True,0.2
2026-09-28T03:14:31Z,IL,IL00055IS010400024,39.8871,-89.5966,62,Mostly Cloudy,0,3,False,False,False,False,True,0.2
2026-09-28T03:14:31Z,IL,IL00057IS003200025,37.4699,-89.1329,64,Partly Cloudy,1,1,False,False,False,False,True,0.2
2026-09-28T03:14:31Z,IL,IL00057IN003200035,37.4661,-89.1324,64,Partly Cloudy,1,1,False,False,False,False,True,0.2
2026-09-28T03:14:31Z,IN,322,38.195,-87.8597,61,Partly Cloudy,0,2,False,False,False,False,False,0.0
2026-09-28T03:14:31Z,IN,317,38.5852,-85.7768,59,Clear,0,2,False,False,False,False,False,0.0
2026-09-28T03:14:31Z,IN,316,38.5859,-85.7809,59,Clear,0,2,False,False,False,False,False,0.0
2026-09-28T03:14:31Z,IN,315,39.2602,-85.9521,57,Clear,0,3,False,False,False,False,False,0.0
2026-09-28T03:14:31Z,IN,314,39.2767,-85.9569,57,Clear,0,3,False,False,False,False,False,0.0
2026-09-28T03:14:31Z,IN,313,40.1578,-86.5387,55,Clear,0,5,False,False,False,False,False,0.0
2026-09-28T03:14:31Z,IN,312,40.1722,-86.5522,56,Clear,0,5,False,False,False,False,False,0.0
2026-09-28T03:14:31Z,IN,311,40.6992,-87.0628,54,Partly Cloudy,0,5,False,False,False,False,False,0.0
2026-09-28T03:14:31Z,IN,310,40.6984,-87.0646,54,Partly Cloudy,0,5,False,False,False,False,False,0.0
2026-09-28T03:14:31Z,IN,308,41.1653,-87.271,50,Partly Cloudy,0,5,False,False,False,False,False,0.0
2026-09-28T03:14:31Z,IN,309,41.1666,-87.2749,50,Partly Cloudy,0,5,False,False,False,False,False,0.0
2026-09-28T03:14:31Z,IN,318,40.3543,-85.5576,54,Clear,0,3,False,False,False,False,False,0.0
2026-09-28T03:14:31Z,IN,319,40.3569,-85.56,54,Clear,0,3,False,False,False,False,False,0.0
2026-09-28T03:14:31Z,IN,320,41.2963,-85.0863,55,Clear,0,5,False,False,False,False,False,0.0
2026-09-28T03:14:31Z,IN,321,41.5803,-85.0597,55,Clear,0,5,False,False,False,False,False,0.0
2026-09-28T03:14:31Z,IN,300,39.4417,-87.5002,58,Partly Cloudy,0,3,False,False,False,False,False,0.0
2026-09-28T03:14:31Z,IN,302,39.6517,-86.3967,58,Clear,0,5,False,False,False,False,False,0.0
2026-09-28T03:14:31Z,IN,301,39.6541,-86.4005,58,Clear,0,5,False,False,False,False,False,0.0
2026-09-28T03:14:31Z,IN,303,39.8243,-85.7039,55,Clear,0,5,False,False,False,False,False,0.0
2026-09-28T03:14:31Z,IN,304,39.8266,-85.704,55,Clear,0,5,False,False,False,False,False,0.0
2026-09-28T03:14:31Z,IN,305,39.8605,-85.0259,53,Clear,0,3,False,False,False,False,False,0.0
2026-09-28T03:14:31Z,IN,323,39.29,-85.1688,54,Mostly Clear,0,2,False,False,False,False,False,0.0
2026-09-28T03:14:31Z,IN,702,41.7472,-85.3285,55,Mostly Clear,0,5,False,False,False,False,False,0.0
2026-09-28T03:14:31Z,IN,701,41.5889,-87.2173,56,Partly Cloudy,0,5,False,False,False,False,False,0.0
2026-09-28T03:14:31Z,IN,704,41.7058,-86.6212,53,Mostly Cloudy,0,5,False,False,False,False,False,0.0
2026-09-28T03:14:31Z,IN,703,41.7071,-86.6235,53,Mostly Cloudy,0,5,False,False,False,False,False,0.0
2026-09-28T03:14:31Z,IN,705,41.733,-86.0057,55,Partly Cloudy,0,5,False,False,False,False,False,0.0
2026-09-28T03:14:31Z,IN,708,41.7472,-85.3285,55,Mostly Clear,0,5,False,False,False,False,False,0.0
2026-09-28T03:14:31Z,IN,707,41.7453,-85.3287,55,Mostly Clear,0,5,False,False,False,False,False,0.0
2026-09-28T03:14:31Z,IN,324,41.7353,-86.7933,53,Mostly Cloudy,0,0,False,False,False,False,False,0.0
2026-09-28T03:14:31Z,KY,KY00065IS0000020N65WELCOM,36.6434,-86.5687,61,Partly Cloudy,0,5,False,False,False,False,False,0.0
2026-09-28T03:14:31Z,KY,KY00065IS000020NSMARATHON,36.6612,-86.5553,64,Partly Cloudy,0,3,False,False,False,False,False,0.0
2026-09-28T03:14:31Z,KY,KY00065IS0000340NWEIGHS34,36.6868,-86.5379,64,Partly Cloudy,0,3,False,False,False,False,False,0.0
2026-09-28T03:14:31Z,KY,KY00065IS0011400S65SRA114,37.9464,-85.6905,66,Clear,0,3,False,False,False,False,False,0.0
2026-09-28T03:14:31Z,KY,KY00065IS0005900S65SRA059,37.239,-85.9297,63,Mostly Clear,0,1,False,False,False,False,False,0.0
2026-09-28T03:14:31Z,KY,KY00065IS0005900N65NRA059,37.2384,-85.9271,63,Mostly Clear,0,1,False,False,False,False,False,0.0
2026-09-28T03:14:31Z,KY,KY00075IS0003300NWEIGHS33,37.0422,-84.0968,58,Clear,0,2,False,False,False,False,False,0.0
2026-09-28T03:14:31Z,KY,KY00075IS0003400SWEIGHS34,37.048,-84.0997,58,Clear,0,2,False,False,False,False,False,0.0
2026-09-28T03:14:31Z,KY,KY00075IS0017700N75NRA177,38.937,-84.6309,59,Clear,0,5,False,False,False,False,False,0.0
2026-09-28T03:14:31Z,KY,KY00075IS0007500SWALTONWS,38.8653,-84.6476,59,Clear,0,5,False,False,False,False,False,0.0
2026-09-28T03:14:31Z,KY,KY00075IS0017700S75SRA177,38.9388,-84.6339,59,Clear,0,5,False,False,False,False,False,0.0
2026-09-28T03:14:31Z,KY,KY00075IS0016800SCRITENWS,38.8196,-84.6015,59,Clear,0,5,False,False,False,False,False,0.0
2026-09-28T03:14:31Z,KY,KY00075IS0000100N75WELCOM,36.6162,-84.1054,56,Mostly Clear,0,1,False,False,False,False,False,0.0
2026-09-28T03:14:35Z,IL,IL00064IW008500012,38.2766,-88.8012,62,Mostly Cloudy,0,2,False,False,False,False,True,0.2
2026-09-28T03:14:35Z,IL,IL00057IN026800032,40.5505,-88.0605,57,Partly Cloudy,0,5,False,False,False,False,True,0.2
2026-09-28T03:14:35Z,IL,IL00070IE008600051,39.0651,-88.6745,62,Mostly Cloudy,0,3,False,False,False,False,True,0.2
2026-09-28T03:14:35Z,IL,IL00072IW015200014,39.9888,-88.7852,61,Partly Cloudy,0,7,False,False,False,False,True,0.2
2026-09-28T03:14:35Z,IL,IL00055IS019400021,40.8371,-88.6833,53,Partly Cloudy,0,5,False,False,False,False,True,0.2
2026-09-28T03:14:35Z,IL,IL00057IN007900034,38.0297,-88.9203,65,Mostly Cloudy,0,2,False,False,False,False,True,0.2
2026-09-28T03:14:35Z,IL,IL00057IS007900047,38.0962,-88.9138,67,Mostly Cloudy,0,2,False,False,False,False,True,0.2
2026-09-28T03:14:35Z,IL,IL00055IN006400027,39.3465,-89.6408,63,Mostly Cloudy,0,3,False,False,False,False,True,0.2
2026-09-28T03:14:35Z,IL,IL00039IN008500036,41.7236,-89.0062,56,Partly Cloudy,0,5,False,False,False,False,True,0.2
2026-09-28T03:14:35Z,IL,IL00070IE002700042,38.7849,-89.7023,64,Mostly Cloudy,1,3,False,False,False,False,True,0.2
2026-09-28T03:14:35Z,IL,IL00074IE015600037,40.2732,-88.6762,60,Partly Cloudy,0,7,False,False,False,False,True,0.2
2026-09-28T03:14:35Z,IL,IL00080IE005100040,41.3938,-89.5665,61,Mostly Cloudy,0,5,False,False,False,False,True,0.2
2026-09-28T03:14:35Z,IL,IL00055IN019400031,40.8234,-88.6875,53,Partly Cloudy,0,5,False,False,False,False,True,0.2
2026-09-28T03:14:35Z,IL,IL00064IW013000053,38.2322,-87.9882,61,Partly Cloudy,0,2,False,False,False,False,True,0.2
2026-09-28T03:14:35Z,IL,IL00055IS002700019,38.8723,-89.8511,62,Mostly Cloudy,1,3,False,False,False,False,True,0.2
2026-09-28T03:14:35Z,IL,IL00057IS033300046,41.3918,-87.7749,55,Mostly Cloudy,0,5,False,False,False,False,True,0.2
2026-09-28T03:14:35Z,IL,IL00064IE008500039,38.273,-88.8496,65,Mostly Cloudy,0,2,False,False,False,False,True,0.2
2026-09-28T03:14:35Z,IL,IL00074IW002800020,41.2141,-90.3308,63,Mostly Cloudy,1,5,False,False,False,False,True,0.2
2026-09-28T03:14:35Z,IL,IL00055IN014900028,40.3599,-89.1099,61,Partly Cloudy,0,6,False,False,False,False,True,0.2
2026-09-28T03:14:35Z,IL,IL00080IW005100013,41.3937,-89.5591,62,Mostly Cloudy,0,5,False,False,False,False,True,0.2
2026-09-28T03:14:35Z,IL,IL00080IW011700016,41.4473,-88.3285,56,Partly Cloudy,0,5,False,False,False,False,True,0.2
2026-09-28T03:14:35Z,IL,IL00074IW015600009,40.2711,-88.6701,61,Partly Cloudy,0,6,False,False,False,False,True,0.2
2026-09-28T03:14:35Z,IL,IL00070IW002700015,38.7884,-89.6889,64,Mostly Cloudy,1,3,False,False,False,False,True,0.2
2026-09-28T03:14:35Z,IL,IL00057IS026800022,40.5613,-88.0615,57,Partly Cloudy,0,5,False,False,False,False,True,0.2
2026-09-28T03:14:35Z,IL,IL00080IE011700043,41.4314,-88.3454,56,Partly Cloudy,0,5,False,False,False,False,True,0.2
2026-09-28T03:14:35Z,IL,IL00024IW003700010,37.1593,-88.6798,65,Partly Cloudy,0,1,False,False,False,False,True,0.2
2026-09-28T03:14:35Z,IL,IL00055IN010400050,39.8627,-89.5948,63,Mostly Cloudy,0,5,False,False,False,False,True,0.2
2026-09-28T03:14:35Z,IL,IL00057IS011400023,38.5965,-88.9677,63,Mostly Cloudy,0,1,False,False,False,False,True,0.2
2026-09-28T03:14:35Z,IL,IL00057IN011400033,38.5963,-88.9638,63,Mostly Cloudy,0,1,False,False,False,False,True,0.2
2026-09-28T03:14:35Z,IL,IL00057IN022200048,39.9218,-88.299,58,Partly Cloudy,0,6,False,False,False,False,True,0.2
2026-09-28T03:14:35Z,IL,IL00057IN033300049,41.3892,-87.7729,54,Mostly Cloudy,0,5,False,False,False,False,True,0.2
2026-09-28T03:14:35Z,IL,IL00039IS008500026,41.7285,-89.0105,56,Partly Cloudy,0,5,False,False,False,False,True,0.2
2026-09-28T03:14:35Z,IL,IL00057IS022200054,39.9314,-88.3043,58,Partly Cloudy,0,6,False,False,False,False,True,0.2
2026-09-28T03:14:35Z,IL,IL00072IE015200041,39.9923,-88.7827,61,Partly Cloudy,0,7,False,False,False,False,True,0.2
2026-09-28T03:14:35Z,IL,IL00074IW006200004,40.8802,-90.0895,62,Mostly Cloudy,1,3,False,False,False,False,True,0.2
2026-09-28T03:14:35Z,IL,IL00074IE011400005,40.6125,-89.245,61,Partly Cloudy,0,5,False,False,False,False,True,0.2
2026-09-28T03:14:35Z,IL,IL00074IW020800052,40.1298,-87.7441,59,Partly Cloudy,0,5,False,False,False,False,True,0.2
2026-09-28T03:14:35Z,IL,IL00055IN002700029,38.8649,-89.8532,62,Mostly Cloudy,1,3,False,False,False,False,True,0.2
2026-09-28T03:14:35Z,IL,IL00055IS006400017,39.3523,-89.6447,60,Mostly Cloudy,0,3,False,False,False,False,True,0.2
2026-09-28T03:14:35Z,IL,IL00064IW002500011,38.5491,-89.7633,63,Mostly Cloudy,1,3,False,False,False,False,True,0.2
2026-09-28T03:14:35Z,IL,IL00074IE002800030,41.2334,-90.333,63,Mostly Cloudy,1,5,False,False,False,False,True,0.2
2026-09-28T03:14:35Z,IL,IL00064IE002500038,38.5481,-89.7731,64,Mostly Cloudy,1,2,False,False,False,False,True,0.2
2026-09-28T03:14:35Z,IL,IL00070IW008700045,39.0679,-88.6704,62,Mostly Cloudy,0,3,False,False,False,False,True,0.2
2026-09-28T03:14:35Z,IL,IL00057IS016500018,39.1993,-88.502,59,Partly Cloudy,0,5,False,False,False,False,True,0.2
2026-09-28T03:14:35Z,IL,IL00074IW011400006,40.6111,-89.2323,61,Partly Cloudy,0,5,False,False,False,False,True,0.2
2026-09-28T03:14:35Z,IL,IL00074IE006200001,40.8788,-90.0936,62,Mostly Cloudy,1,3,False,False,False,False,True,0.2
2026-09-28T03:14:35Z,IL,IL00070IW014900008,39.4228,-87.6617,56,Partly Cloudy,0,5,False,False,False,False,True,0.2
2026-09-28T03:14:35Z,IL,IL00057IN016500044,39.1898,-88.5031,63,Mostly Cloudy,0,5,False,False,False,False,True,0.2
2026-09-28T03:14:35Z,IL,IL00055IS010400024,39.8871,-89.5966,62,Mostly Cloudy,0,3,False,False,False,False,True,0.2
2026-09-28T03:14:35Z,IL,IL00057IS003200025,37.4699,-89.1329,64,Partly Cloudy,1,1,False,False,False,False,True,0.2
2026-09-28T03:14:35Z,IL,IL00057IN003200035,37.4661,-89.1324,64,Partly Cloudy,1,1,False,False,False,False,True,0.2
2026-09-28T03:14:35Z,IN,322,38.195,-87.8597,61,Partly Cloudy,0,2,False,False,False,False,False,0.0
2026-09-28T03:14:35Z,IN,317,38.5852,-85.7768,59,Clear,0,2,False,False,False,False,False,0.0
2026-09-28T03:14:35Z,IN,316,38.5859,-85.7809,59,Clear,0,2,False,False,False,False,False,0.0
2026-09-28T03:14:35Z,IN,315,39.2602,-85.9521,57,Clear,0,3,False,False,False,False,False,0.0
2026-09-28T03:14:35Z,IN,314,39.2767,-85.9569,57,Clear,0,3,False,False,False,False,False,0.0
2026-09-28T03:14:35Z,IN,313,40.1578,-86.5387,55,Clear,0,5,False,False,False,False,False,0.0
2026-09-28T03:14:35Z,IN,312,40.1722,-86.5522,56,Clear,0,5,False,False,False,False,False,0.0
2026-09-28T03:14:35Z,IN,311,40.6992,-87.0628,54,Partly Cloudy,0,5,False,False,False,False,False,0.0
2026-09-28T03:14:35Z,IN,310,40.6984,-87.0646,54,Partly Cloudy,0,5,False,False,False,False,False,0.0
2026-09-28T03:14:35Z,IN,308,41.1653,-87.271,50,Partly Cloudy,0,5,False,False,False,False,False,0.0
2026-09-28T03:14:35Z,IN,309,41.1666,-87.2749,50,Partly Cloudy,0,5,False,False,False,False,False,0.0
2026-09-28T03:14:35Z,IN,318,40.3543,-85.5576,54,Clear,0,3,False,False,False,False,False,0.0
2026-09-28T03:14:35Z,IN,319,40.3569,-85.56,54,Clear,0,3,False,False,False,False,False,0.0
2026-09-28T03:14:35Z,IN,320,41.2963,-85.0863,55,Clear,0,5,False,False,False,False,False,0.0
2026-09-28T03:14:35Z,IN,321,41.5803,-85.0597,55,Clear,0,5,False,False,False,False,False,0.0
2026-09-28T03:14:35Z,IN,300,39.4417,-87.5002,58,Partly Cloudy,0,3,False,False,False,False,False,0.0
2026-09-28T03:14:35Z,IN,302,39.6517,-86.3967,58,Clear,0,5,False,False,False,False,False,0.0
2026-09-28T03:14:35Z,IN,301,39.6541,-86.4005,58,Clear,0,5,False,False,False,False,False,0.0
2026-09-28T03:14:35Z,IN,303,39.8243,-85.7039,55,Clear,0,5,False,False,False,False,False,0.0
2026-09-28T03:14:35Z,IN,304,39.8266,-85.704,55,Clear,0,5,False,False,False,False,False,0.0
2026-09-28T03:14:35Z,IN,305,39.8605,-85.0259,53,Clear,0,3,False,False,False,False,False,0.0
2026-09-28T03:14:35Z,IN,323,39.29,-85.1688,54,Mostly Clear,0,2,False,False,False,False,False,0.0
2026-09-28T03:14:35Z,IN,702,41.7472,-85.3285,55,Mostly Clear,0,5,False,False,False,False,False,0.0
2026-09-28T03:14:35Z,IN,701,41.5889,-87.2173,56,Partly Cloudy,0,5,False,False,False,False,False,0.0
2026-09-28T03:14:35Z,IN,704,41.7058,-86.6212,53,Mostly Cloudy,0,5,False,False,False,False,False,0.0
2026-09-28T03:14:35Z,IN,703,41.7071,-86.6235,53,Mostly Cloudy,0,5,False,False,False,False,False,0.0
2026-09-28T03:14:35Z,IN,705,41.733,-86.0057,55,Partly Cloudy,0,5,False,False,False,False,False,0.0
2026-09-28T03:14:35Z,IN,708,41.7472,-85.3285,55,Mostly Clear,0,5,False,False,False,False,False,0.0
2026-09-28T03:14:35Z,IN,707,41.7453,-85.3287,55,Mostly Clear,0,5,False,False,False,False,False,0.0
2026-09-28T03:14:35Z,IN,324,41.7353,-86.7933,53,Mostly Cloudy,0,0,False,False,False,False,False,0.0
2026-09-28T03:14:35Z,KY,KY00065IS0000020N65WELCOM,36.6434,-86.5687,61,Partly Cloudy,0,5,False,False,False,False,False,0.0
2026-09-28T03:14:35Z,KY,KY00065IS000020NSMARATHON,36.6612,-86.5553,64,Partly Cloudy,0,3,False,False,False,False,False,0.0
2026-09-28T03:14:35Z,KY,KY00065IS0000340NWEIGHS34,36.6868,-86.5379,64,Partly Cloudy,0,3,False,False,False,False,False,0.0
2026-09-28T03:14:35Z,KY,KY00065IS0011400S65SRA114,37.9464,-85.6905,66,Clear,0,3,False,False,False,False,False,0.0
2026-09-28T03:14:35Z,KY,KY00065IS0005900S65SRA059,37.239,-85.9297,63,Mostly Clear,0,1,False,False,False,False,False,0.0
2026-09-28T03:14:35Z,KY,KY00065IS0005900N65NRA059,37.2384,-85.9271,63,Mostly Clear,0,1,False,False,False,False,False,0.0
2026-09-28T03:14:35Z,KY,KY00075IS0003300NWEIGHS33,37.0422,-84.0968,58,Clear,0,2,False,False,False,False,False,0.0
2026-09-28T03:14:35Z,KY,KY00075IS0003400SWEIGHS34,37.048,-84.0997,58,Clear,0,2,False,False,False,False,False,0.0
2026-09-28T03:14:35Z,KY,KY00075IS0017700N75NRA177,38.937,-84.6309,59,Clear,0,5,False,False,False,False,False,0.0
2026-09-28T03:14:35Z,KY,KY00075IS0007500SWALTONWS,38.8653,-84.6476,59,Clear,0,5,False,False,False,False,False,0.0
2026-09-28T03:14:35Z,KY,KY00075IS0017700S75SRA177,38.9388,-84.6339,59,Clear,0,5,False,False,False,False,False,0.0
2026-09-28T03:14:35Z,KY,KY00075IS0016800SCRITENWS,38.8196,-84.6015,59,Clear,0,5,False,False,False,False,False,0.0
2026-09-28T03:14:35Z,KY,KY00075IS0000100N75WELCOM,36.6162,-84.1054,56,Mostly Clear,0,1,False,False,False,False,False,0.0
2026-09-28T03:14:39Z,IL,IL00064IW008500012,38.2766,-88.8012,62,Mostly Cloudy,0,2,False,False,False,False,True,0.2
2026-09-28T03:14:39Z,IL,IL00057IN026800032,40.5505,-88.0605,57,Partly Cloudy,0,5,False,False,False,False,True,0.2
2026-09-28T03:14:39Z,IL,IL00070IE008600051,39.0651,-88.6745,62,Mostly Cloudy,0,3,False,False,False,False,True,0.2
2026-09-28T03:14:39Z,IL,IL00072IW015200014,39.9888,-88.7852,61,Partly Cloudy,0,7,False,False,False,False,True,0.2
2026-09-28T03:14:39Z,IL,IL00055IS019400021,40.8371,-88.6833,53,Partly Cloudy,0,5,False,False,False,False,True,0.2
2026-09-28T03:14:39Z,IL,IL00057IN007900034,38.0297,-88.9203,65,Mostly Cloudy,0,2,False,False,False,False,True,0.2
2026-09-28T03:14:39Z,IL,IL00057IS007900047,38.0962,-88.9138,67,Mostly Cloudy,0,2,False,False,False,False,True,0.2
2026-09-28T03:14:39Z,IL,IL00055IN006400027,39.3465,-89.6408,63,Mostly Cloudy,0,3,False,False,False,False,True,0.2
2026-09-28T03:14:39Z,IL,IL00039IN008500036,41.7236,-89.0062,56,Partly Cloudy,0,5,False,False,False,False,True,0.2
2026-09-28T03:14:39Z,IL,IL00070IE002700042,38.7849,-89.7023,64,Mostly Cloudy,1,3,False,False,False,False,True,0.2
2026-09-28T03:14:39Z,IL,IL00074IE015600037,40.2732,-88.6762,60,Partly Cloudy,0,7,False,False,False,False,True,0.2
2026-09-28T03:14:39Z,IL,IL00080IE005100040,41.3938,-89.5665,61,Mostly Cloudy,0,5,False,False,False,False,True,0.2
2026-09-28T03:14:39Z,IL,IL00055IN019400031,40.8234,-88.6875,53,Partly Cloudy,0,5,False,False,False,False,True,0.2
2026-09-28T03:14:39Z,IL,IL00064IW013000053,38.2322,-87.9882,61,Partly Cloudy,0,2,False,False,False,False,True,0.2
2026-09-28T03:14:39Z,IL,IL00055IS002700019,38.8723,-89.8511,62,Mostly Cloudy,1,3,False,False,False,False,True,0.2
2026-09-28T03:14:39Z,IL,IL00057IS033300046,41.3918,-87.7749,55,Mostly Cloudy,0,5,False,False,False,False,True,0.2
2026-09-28T03:14:39Z,IL,IL00064IE008500039,38.273,-88.8496,65,Mostly Cloudy,0,2,False,False,False,False,True,0.2
2026-09-28T03:14:39Z,IL,IL00074IW002800020,41.2141,-90.3308,63,Mostly Cloudy,1,5,False,False,False,False,True,0.2
2026-09-28T03:14:39Z,IL,IL00055IN014900028,40.3599,-89.1099,61,Partly Cloudy,0,6,False,False,False,False,True,0.2
2026-09-28T03:14:39Z,IL,IL00080IW005100013,41.3937,-89.5591,62,Mostly Cloudy,0,5,False,False,False,False,True,0.2
2026-09-28T03:14:39Z,IL,IL00080IW011700016,41.4473,-88.3285,56,Partly Cloudy,0,5,False,False,False,False,True,0.2
2026-09-28T03:14:39Z,IL,IL00074IW015600009,40.2711,-88.6701,61,Partly Cloudy,0,6,False,False,False,False,True,0.2
2026-09-28T03:14:39Z,IL,IL00070IW002700015,38.7884,-89.6889,64,Mostly Cloudy,1,3,False,False,False,False,True,0.2
2026-09-28T03:14:39Z,IL,IL00057IS026800022,40.5613,-88.0615,57,Partly Cloudy,0,5,False,False,False,False,True,0.2
2026-09-28T03:14:39Z,IL,IL00080IE011700043,41.4314,-88.3454,56,Partly Cloudy,0,5,False,False,False,False,True,0.2
2026-09-28T03:14:39Z,IL,IL00024IW003700010,37.1593,-88.6798,65,Partly Cloudy,0,1,False,False,False,False,True,0.2
2026-09-28T03:14:39Z,IL,IL00055IN010400050,39.8627,-89.5948,63,Mostly Cloudy,0,5,False,False,False,False,True,0.2
2026-09-28T03:14:39Z,IL,IL00057IS011400023,38.5965,-88.9677,63,Mostly Cloudy,0,1,False,False,False,False,True,0.2
2026-09-28T03:14:39Z,IL,IL00057IN011400033,38.5963,-88.9638,63,Mostly Cloudy,0,1,False,False,False,False,True,0.2
2026-09-28T03:14:39Z,IL,IL00057IN022200048,39.9218,-88.299,58,Partly Cloudy,0,6,False,False,False,False,True,0.2
2026-09-28T03:14:39Z,IL,IL00057IN033300049,41.3892,-87.7729,54,Mostly Cloudy,0,5,False,False,False,False,True,0.2
2026-09-28T03:14:39Z,IL,IL00039IS008500026,41.7285,-89.0105,56,Partly Cloudy,0,5,False,False,False,False,True,0.2
2026-09-28T03:14:39Z,IL,IL00057IS022200054,39.9314,-88.3043,58,Partly Cloudy,0,6,False,False,False,False,True,0.2
2026-09-28T03:14:39Z,IL,IL00072IE015200041,39.9923,-88.7827,61,Partly Cloudy,0,7,False,False,False,False,True,0.2
2026-09-28T03:14:39Z,IL,IL00074IW006200004,40.8802,-90.0895,62,Mostly Cloudy,1,3,False,False,False,False,True,0.2
2026-09-28T03:14:39Z,IL,IL00074IE011400005,40.6125,-89.245,61,Partly Cloudy,0,5,False,False,False,False,True,0.2
2026-09-28T03:14:39Z,IL,IL00074IW020800052,40.1298,-87.7441,59,Partly Cloudy,0,5,False,False,False,False,True,0.2
2026-09-28T03:14:39Z,IL,IL00055IN002700029,38.8649,-89.8532,62,Mostly Cloudy,1,3,False,False,False,False,True,0.2
2026-09-28T03:14:39Z,IL,IL00055IS006400017,39.3523,-89.6447,60,Mostly Cloudy,0,3,False,False,False,False,True,0.2
2026-09-28T03:14:39Z,IL,IL00064IW002500011,38.5491,-89.7633,63,Mostly Cloudy,1,3,False,False,False,False,True,0.2
2026-09-28T03:14:39Z,IL,IL00074IE002800030,41.2334,-90.333,63,Mostly Cloudy,1,5,False,False,False,False,True,0.2
2026-09-28T03:14:39Z,IL,IL00064IE002500038,38.5481,-89.7731,64,Mostly Cloudy,1,2,False,False,False,False,True,0.2
2026-09-28T03:14:39Z,IL,IL00070IW008700045,39.0679,-88.6704,62,Mostly Cloudy,0,3,False,False,False,False,True,0.2
2026-09-28T03:14:39Z,IL,IL00057IS016500018,39.1993,-88.502,59,Partly Cloudy,0,5,False,False,False,False,True,0.2
2026-09-28T03:14:39Z,IL,IL00074IW011400006,40.6111,-89.2323,61,Partly Cloudy,0,5,False,False,False,False,True,0.2
2026-09-28T03:14:39Z,IL,IL00074IE006200001,40.8788,-90.0936,62,Mostly Cloudy,1,3,False,False,False,False,True,0.2
2026-09-28T03:14:39Z,IL,IL00070IW014900008,39.4228,-87.6617,56,Partly Cloudy,0,5,False,False,False,False,True,0.2
2026-09-28T03:14:39Z,IL,IL00057IN016500044,39.1898,-88.5031,63,Mostly Cloudy,0,5,False,False,False,False,True,0.2
2026-09-28T03:14:39Z,IL,IL00055IS010400024,39.8871,-89.5966,62,Mostly Cloudy,0,3,False,False,False,False,True,0.2
2026-09-28T03:14:39Z,IL,IL00057IS003200025,37.4699,-89.1329,64,Partly Cloudy,1,1,False,False,False,False,True,0.2
2026-09-28T03:14:39Z,IL,IL00057IN003200035,37.4661,-89.1324,64,Partly Cloudy,1,1,False,False,False,False,True,0.2
2026-09-28T03:14:39Z,IN,322,38.195,-87.8597,61,Partly Cloudy,0,2,False,False,False,False,False,0.0
2026-09-28T03:14:39Z,IN,317,38.5852,-85.7768,59,Clear,0,2,False,False,False,False,False,0.0
2026-09-28T03:14:39Z,IN,316,38.5859,-85.7809,59,Clear,0,2,False,False,False,False,False,0.0
2026-09-28T03:14:39Z,IN,315,39.2602,-85.9521,57,Clear,0,3,False,False,False,False,False,0.0
2026-09-28T03:14:39Z,IN,314,39.2767,-85.9569,57,Clear,0,3,False,False,False,False,False,0.0
2026-09-28T03:14:39Z,IN,313,40.1578,-86.5387,55,Clear,0,5,False,False,False,False,False,0.0
2026-09-28T03:14:39Z,IN,312,40.1722,-86.5522,56,Clear,0,5,False,False,False,False,False,0.0
2026-09-28T03:14:39Z,IN,311,40.6992,-87.0628,54,Partly Cloudy,0,5,False,False,False,False,False,0.0
2026-09-28T03:14:39Z,IN,310,40.6984,-87.0646,54,Partly Cloudy,0,5,False,False,False,False,False,0.0
2026-09-28T03:14:39Z,IN,308,41.1653,-87.271,50,Partly Cloudy,0,5,False,False,False,False,False,0.0
2026-09-28T03:14:39Z,IN,309,41.1666,-87.2749,50,Partly Cloudy,0,5,False,False,False,False,False,0.0
2026-09-28T03:14:39Z,IN,318,40.3543,-85.5576,54,Clear,0,3,False,False,False,False,False,0.0
2026-09-28T03:14:39Z,IN,319,40.3569,-85.56,54,Clear,0,3,False,False,False,False,False,0.0
2026-09-28T03:14:39Z,IN,320,41.2963,-85.0863,55,Clear,0,5,False,False,False,False,False,0.0
2026-09-28T03:14:39Z,IN,321,41.5803,-85.0597,55,Clear,0,5,False,False,False,False,False,0.0
2026-09-28T03:14:39Z,IN,300,39.4417,-87.5002,58,Partly Cloudy,0,3,False,False,False,False,False,0.0
2026-09-28T03:14:39Z,IN,302,39.6517,-86.3967,58,Clear,0,5,False,False,False,False,False,0.0
2026-09-28T03:14:39Z,IN,301,39.6541,-86.4005,58,Clear,0,5,False,False,False,False,False,0.0
2026-09-28T03:14:39Z,IN,303,39.8243,-85.7039,55,Clear,0,5,False,False,False,False,False,0.0
2026-09-28T03:14:39Z,IN,304,39.8266,-85.704,55,Clear,0,5,False,False,False,False,False,0.0
2026-09-28T03:14:39Z,IN,305,39.8605,-85.0259,53,Clear,0,3,False,False,False,False,False,0.0
2026-09-28T03:14:39Z,IN,323,39.29,-85.1688,54,Mostly Clear,0,2,False,False,False,False,False,0.0
2026-09-28T03:14:39Z,IN,702,41.7472,-85.3285,55,Mostly Clear,0,5,False,False,False,False,False,0.0
2026-09-28T03:14:39Z,IN,701,41.5889,-87.2173,56,Partly Cloudy,0,5,False,False,False,False,False,0.0
2026-09-28T03:14:39Z,IN,704,41.7058,-86.6212,53,Mostly Cloudy,0,5,False,False,False,False,False,0.0
2026-09-28T03:14:39Z,IN,703,41.7071,-86.6235,53,Mostly Cloudy,0,5,False,False,False,False,False,0.0
2026-09-28T03:14:39Z,IN,705,41.733,-86.0057,55,Partly Cloudy,0,5,False,False,False,False,False,0.0
2026-09-28T03:14:39Z,IN,708,41.7472,-85.3285,55,Mostly Clear,0,5,False,False,False,False,False,0.0
2026-09-28T03:14:39Z,IN,707,41.7453,-85.3287,55,Mostly Clear,0,5,False,False,False,False,False,0.0
2026-09-28T03:14:39Z,IN,324,41.7353,-86.7933,53,Mostly Cloudy,0,0,False,False,False,False,False,0.0
2026-09-28T03:14:39Z,KY,KY00065IS0000020N65WELCOM,36.6434,-86.5687,61,Partly Cloudy,0,5,False,False,False,False,False,0.0
2026-09-28T03:14:39Z,KY,KY00065IS000020NSMARATHON,36.6612,-86.5553,64,Partly Cloudy,0,3,False,False,False,False,False,0.0
2026-09-28T03:14:39Z,KY,KY00065IS0000340NWEIGHS34,36.6868,-86.5379,64,Partly Cloudy,0,3,False,False,False,False,False,0.0
2026-09-28T03:14:39Z,KY,KY00065IS0011400S65SRA114,37.9464,-85.6905,66,Clear,0,3,False,False,False,False,False,0.0
2026-09-28T03:14:39Z,KY,KY00065IS0005900S65SRA059,37.239,-85.9297,63,Mostly Clear,0,1,False,False,False,False,False,0.0
2026-09-28T03:14:39Z,KY,KY00065IS0005900N65NRA059,37.2384,-85.9271,63,Mostly Clear,0,1,False,False,False,False,False,0.0
2026-09-28T03:14:39Z,KY,KY00075IS0003300NWEIGHS33,37.0422,-84.0968,58,Clear,0,2,False,False,False,False,False,0.0
2026-09-28T03:14:39Z,KY,KY00075IS0003400SWEIGHS34,37.048,-84.0997,58,Clear,0,2,False,False,False,False,False,0.0
2026-09-28T03:14:39Z,KY,KY00075IS0017700N75NRA177,38.937,-84.6309,59,Clear,0,5,False,False,False,False,False,0.0
2026-09-28T03:14:39Z,KY,KY00075IS0007500SWALTONWS,38.8653,-84.6476,59,Clear,0,5,False,False,False,False,False,0.0
2026-09-28T03:14:39Z,KY,KY00075IS0017700S75SRA177,38.9388,-84.6339,59,Clear,0,5,False,False,False,False,False,0.0
2026-09-28T03:14:39Z,KY,KY00075IS0016800SCRITENWS,38.8196,-84.6015,59,Clear,0,5,False,False,False,False,False,0.0
2026-09-28T03:14:39Z,KY,KY00075IS0000100N75WELCOM,36.6162,-84.1054,56,Mostly Clear,0,1,False,False,False,False,False,0.0
2026-09-28T03:14:43Z,IL,IL00064IW008500012,38.2766,-88.8012,62,Mostly Cloudy,0,2,False,False,False,False,True,0.2
2026-09-28T03:14:43Z,IL,IL00057IN026800032,40.5505,-88.0605,57,Partly Cloudy,0,5,False,False,False,False,True,0.2
2026-09-28T03:14:43Z,IL,IL00070IE008600051,39.0651,-88.6745,62,Mostly Cloudy,0,3,False,False,False,False,True,0.2
2026-09-28T03:14:43Z,IL,IL00072IW015200014,39.9888,-88.7852,61,Partly Cloudy,0,7,False,False,False,False,True,0.2
2026-09-28T03:14:43Z,IL,IL00055IS019400021,40.8371,-88.6833,53,Partly Cloudy,0,5,False,False,False,False,True,0.2
2026-09-28T03:14:43Z,IL,IL00057IN007900034,38.0297,-88.9203,65,Mostly Cloudy,0,2,False,False,False,False,True,0.2
2026-09-28T03:14:43Z,IL,IL00057IS007900047,38.0962,-88.9138,67,Mostly Cloudy,0,2,False,False,False,False,True,0.2
2026-09-28T03:14:43Z,IL,IL00055IN006400027,39.3465,-89.6408,63,Mostly Cloudy,0,3,False,False,False,False,True,0.2
2026-09-28T03:14:43Z,IL,IL00039IN008500036,41.7236,-89.0062,56,Partly Cloudy,0,5,False,False,False,False,True,0.2
2026-09-28T03:14:43Z,IL,IL00070IE002700042,38.7849,-89.7023,64,Mostly Cloudy,1,3,False,False,False,False,True,0.2
2026-09-28T03:14:43Z,IL,IL00074IE015600037,40.2732,-88.6762,60,Partly Cloudy,0,7,False,False,False,False,True,0.2
2026-09-28T03:14:43Z,IL,IL00080IE005100040,41.3938,-89.5665,61,Mostly Cloudy,0,5,False,False,False,False,True,0.2
2026-09-28T03:14:43Z,IL,IL00055IN019400031,40.8234,-88.6875,53,Partly Cloudy,0,5,False,False,False,False,True,0.2
2026-09-28T03:14:43Z,IL,IL00064IW013000053,38.2322,-87.9882,61,Partly Cloudy,0,2,False,False,False,False,True,0.2
2026-09-28T03:14:43Z,IL,IL00055IS002700019,38.8723,-89.8511,62,Mostly Cloudy,1,3,False,False,False,False,True,0.2
2026-09-28T03:14:43Z,IL,IL00057IS033300046,41.3918,-87.7749,55,Mostly Cloudy,0,5,False,False,False,False,True,0.2
2026-09-28T03:14:43Z,IL,IL00064IE008500039,38.273,-88.8496,65,Mostly Cloudy,0,2,False,False,False,False,True,0.2
2026-09-28T03:14:43Z,IL,IL00074IW002800020,41.2141,-90.3308,63,Mostly Cloudy,1,5,False,False,False,False,True,0.2
2026-09-28T03:14:43Z,IL,IL00055IN014900028,40.3599,-89.1099,61,Partly Cloudy,0,6,False,False,False,False,True,0.2
2026-09-28T03:14:43Z,IL,IL00080IW005100013,41.3937,-89.5591,62,Mostly Cloudy,0,5,False,False,False,False,True,0.2
2026-09-28T03:14:43Z,IL,IL00080IW011700016,41.4473,-88.3285,56,Partly Cloudy,0,5,False,False,False,False,True,0.2
2026-09-28T03:14:43Z,IL,IL00074IW015600009,40.2711,-88.6701,61,Partly Cloudy,0,6,False,False,False,False,True,0.2
2026-09-28T03:14:43Z,IL,IL00070IW002700015,38.7884,-89.6889,64,Mostly Cloudy,1,3,False,False,False,False,True,0.2
2026-09-28T03:14:43Z,IL,IL00057IS026800022,40.5613,-88.0615,57,Partly Cloudy,0,5,False,False,False,False,True,0.2
2026-09-28T03:14:43Z,IL,IL00080IE011700043,41.4314,-88.3454,56,Partly Cloudy,0,5,False,False,False,False,True,0.2
2026-09-28T03:14:43Z,IL,IL00024IW003700010,37.1593,-88.6798,65,Partly Cloudy,0,1,False,False,False,False,True,0.2
2026-09-28T03:14:43Z,IL,IL00055IN010400050,39.8627,-89.5948,63,Mostly Cloudy,0,5,False,False,False,False,True,0.2
2026-09-28T03:14:43Z,IL,IL00057IS011400023,38.5965,-88.9677,63,Mostly Cloudy,0,1,False,False,False,False,True,0.2
2026-09-28T03:14:43Z,IL,IL00057IN011400033,38.5963,-88.9638,63,Mostly Cloudy,0,1,False,False,False,False,True,0.2
2026-09-28T03:14:43Z,IL,IL00057IN022200048,39.9218,-88.299,58,Partly Cloudy,0,6,False,False,False,False,True,0.2
2026-09-28T03:14:43Z,IL,IL00057IN033300049,41.3892,-87.7729,54,Mostly Cloudy,0,5,False,False,False,False,True,0.2
2026-09-28T03:14:43Z,IL,IL00039IS008500026,41.7285,-89.0105,56,Partly Cloudy,0,5,False,False,False,False,True,0.2
2026-09-28T03:14:43Z,IL,IL00057IS022200054,39.9314,-88.3043,58,Partly Cloudy,0,6,False,False,False,False,True,0.2
2026-09-28T03:14:43Z,IL,IL00072IE015200041,39.9923,-88.7827,61,Partly Cloudy,0,7,False,False,False,False,True,0.2
2026-09-28T03:14:43Z,IL,IL00074IW006200004,40.8802,-90.0895,62,Mostly Cloudy,1,3,False,False,False,False,True,0.2
2026-09-28T03:14:43Z,IL,IL00074IE011400005,40.6125,-89.245,61,Partly Cloudy,0,5,False,False,False,False,True,0.2
2026-09-28T03:14:43Z,IL,IL00074IW020800052,40.1298,-87.7441,59,Partly Cloudy,0,5,False,False,False,False,True,0.2
2026-09-28T03:14:43Z,IL,IL00055IN002700029,38.8649,-89.8532,62,Mostly Cloudy,1,3,False,False,False,False,True,0.2
2026-09-28T03:14:43Z,IL,IL00055IS006400017,39.3523,-89.6447,60,Mostly Cloudy,0,3,False,False,False,False,True,0.2
2026-09-28T03:14:43Z,IL,IL00064IW002500011,38.5491,-89.7633,63,Mostly Cloudy,1,3,False,False,False,False,True,0.2
2026-09-28T03:14:43Z,IL,IL00074IE002800030,41.2334,-90.333,63,Mostly Cloudy,1,5,False,False,False,False,True,0.2
2026-09-28T03:14:43Z,IL,IL00064IE002500038,38.5481,-89.7731,64,Mostly Cloudy,1,2,False,False,False,False,True,0.2
2026-09-28T03:14:43Z,IL,IL00070IW008700045,39.0679,-88.6704,62,Mostly Cloudy,0,3,False,False,False,False,True,0.2
2026-09-28T03:14:43Z,IL,IL00057IS016500018,39.1993,-88.502,59,Partly Cloudy,0,5,False,False,False,False,True,0.2
2026-09-28T03:14:43Z,IL,IL00074IW011400006,40.6111,-89.2323,61,Partly Cloudy,0,5,False,False,False,False,True,0.2
2026-09-28T03:14:43Z,IL,IL00074IE006200001,40.8788,-90.0936,62,Mostly Cloudy,1,3,False,False,False,False,True,0.2
2026-09-28T03:14:43Z,IL,IL00070IW014900008,39.4228,-87.6617,56,Partly Cloudy,0,5,False,False,False,False,True,0.2
2026-09-28T03:14:43Z,IL,IL00057IN016500044,39.1898,-88.5031,63,Mostly Cloudy,0,5,False,False,False,False,True,0.2
2026-09-28T03:14:43Z,IL,IL00055IS010400024,39.8871,-89.5966,62,Mostly Cloudy,0,3,False,False,False,False,True,0.2
2026-09-28T03:14:43Z,IL,IL00057IS003200025,37.4699,-89.1329,64,Partly Cloudy,1,1,False,False,False,False,True,0.2
2026-09-28T03:14:43Z,IL,IL00057IN003200035,37.4661,-89.1324,64,Partly Cloudy,1,1,False,False,False,False,True,0.2
2026-09-28T03:14:43Z,IN,322,38.195,-87.8597,61,Partly Cloudy,0,2,False,False,False,False,False,0.0
2026-09-28T03:14:43Z,IN,317,38.5852,-85.7768,59,Clear,0,2,False,False,False,False,False,0.0
2026-09-28T03:14:43Z,IN,316,38.5859,-85.7809,59,Clear,0,2,False,False,False,False,False,0.0
2026-09-28T03:14:43Z,IN,315,39.2602,-85.9521,57,Clear,0,3,False,False,False,False,False,0.0
2026-09-28T03:14:43Z,IN,314,39.2767,-85.9569,57,Clear,0,3,False,False,False,False,False,0.0
2026-09-28T03:14:43Z,IN,313,40.1578,-86.5387,55,Clear,0,5,False,False,False,False,False,0.0
2026-09-28T03:14:43Z,IN,312,40.1722,-86.5522,56,Clear,0,5,False,False,False,False,False,0.0
2026-09-28T03:14:43Z,IN,311,40.6992,-87.0628,54,Partly Cloudy,0,5,False,False,False,False,False,0.0
2026-09-28T03:14:43Z,IN,310,40.6984,-87.0646,54,Partly Cloudy,0,5,False,False,False,False,False,0.0
2026-09-28T03:14:43Z,IN,308,41.1653,-87.271,50,Partly Cloudy,0,5,False,False,False,False,False,0.0
2026-09-28T03:14:43Z,IN,309,41.1666,-87.2749,50,Partly Cloudy,0,5,False,False,False,False,False,0.0
2026-09-28T03:14:43Z,IN,318,40.3543,-85.5576,54,Clear,0,3,False,False,False,False,False,0.0
2026-09-28T03:14:43Z,IN,319,40.3569,-85.56,54,Clear,0,3,False,False,False,False,False,0.0
2026-09-28T03:14:43Z,IN,320,41.2963,-85.0863,55,Clear,0,5,False,False,False,False,False,0.0
2026-09-28T03:14:43Z,IN,321,41.5803,-85.0597,55,Clear,0,5,False,False,False,False,False,0.0
2026-09-28T03:14:43Z,IN,300,39.4417,-87.5002,58,Partly Cloudy,0,3,False,False,False,False,False,0.0
2026-09-28T03:14:43Z,IN,302,39.6517,-86.3967,58,Clear,0,5,False,False,False,False,False,0.0
2026-09-28T03:14:43Z,IN,301,39.6541,-86.4005,58,Clear,0,5,False,False,False,False,False,0.0
2026-09-28T03:14:43Z,IN,303,39.8243,-85.7039,55,Clear,0,5,False,False,False,False,False,0.0
2026-09-28T03:14:43Z,IN,304,39.8266,-85.704,55,Clear,0,5,False,False,False,False,False,0.0
2026-09-28T03:14:43Z,IN,305,39.8605,-85.0259,53,Clear,0,3,False,False,False,False,False,0.0
2026-09-28T03:14:43Z,IN,323,39.29,-85.1688,54,Mostly Clear,0,2,False,False,False,False,False,0.0
2026-09-28T03:14:43Z,IN,702,41.7472,-85.3285,55,Mostly Clear,0,5,False,False,False,False,False,0.0
2026-09-28T03:14:43Z,IN,701,41.5889,-87.2173,56,Partly Cloudy,0,5,False,False,False,False,False,0.0
2026-09-28T03:14:43Z,IN,704,41.7058,-86.6212,53,Mostly Cloudy,0,5,False,False,False,False,False,0.0
2026-09-28T03:14:43Z,IN,703,41.7071,-86.6235,53,Mostly Cloudy,0,5,False,False,False,False,False,0.0
2026-09-28T03:14:43Z,IN,705,41.733,-86.0057,55,Partly Cloudy,0,5,False,False,False,False,False,0.0
2026-09-28T03:14:43Z,IN,708,41.7472,-85.3285,55,Mostly Clear,0,5,False,False,False,False,False,0.0
2026-09-28T03:14:43Z,IN,707,41.7453,-85.3287,55,Mostly Clear,0,5,False,False,False,False,False,0.0
2026-09-28T03:14:43Z,IN,324,41.7353,-86.7933,53,Mostly Cloudy,0,0,False,False,False,False,False,0.0
2026-09-28T03:14:43Z,KY,KY00065IS0000020N65WELCOM,36.6434,-86.5687,61,Partly Cloudy,0,5,False,False,False,False,False,0.0
2026-09-28T03:14:43Z,KY,KY00065IS000020NSMARATHON,36.6612,-86.5553,64,Partly Cloudy,0,3,False,False,False,False,False,0.0
2026-09-28T03:14:43Z,KY,KY00065IS0000340NWEIGHS34,36.6868,-86.5379,64,Partly Cloudy,0,3,False,False,False,False,False,0.0
2026-09-28T03:14:43Z,KY,KY00065IS0011400S65SRA114,37.9464,-85.6905,66,Clear,0,3,False,False,False,False,False,0.0
2026-09-28T03:14:43Z,KY,KY00065IS0005900S65SRA059,37.239,-85.9297,63,Mostly Clear,0,1,False,False,False,False,False,0.0
2026-09-28T03:14:43Z,KY,KY00065IS0005900N65NRA059,37.2384,-85.9271,63,Mostly Clear,0,1,False,False,False,False,False,0.0
2026-09-28T03:14:43Z,KY,KY00075IS0003300NWEIGHS33,37.0422,-84.0968,58,Clear,0,2,False,False,False,False,False,0.0
2026-09-28T03:14:43Z,KY,KY00075IS0003400SWEIGHS34,37.048,-84.0997,58,Clear,0,2,False,False,False,False,False,0.0
2026-09-28T03:14:43Z,KY,KY00075IS0017700N75NRA177,38.937,-84.6309,59,Clear,0,5,False,False,False,False,False,0.0
2026-09-28T03:14:43Z,KY,KY00075IS0007500SWALTONWS,38.8653,-84.6476,59,Clear,0,5,False,False,False,False,False,0.0
2026-09-28T03:14:43Z,KY,KY00075IS0017700S75SRA177,38.9388,-84.6339,59,Clear,0,5,False,False,False,False,False,0.0
2026-09-28T03:14:43Z,KY,KY00075IS0016800SCRITENWS,38.8196,-84.6015,59,Clear,0,5,False,False,False,False,False,0.0
2026-09-28T03:14:43Z,KY,KY00075IS0000100N75WELCOM,36.6162,-84.1054,56,Mostly Clear,0,1,False,False,False,False,False,0.0
2026-09-28T03:14:48Z,IL,IL00064IW008500012,38.2766,-88.8012,62,Mostly Cloudy,0,2,False,False,False,False,True,0.2
2026-09-28T03:14:48Z,IL,IL00057IN026800032,40.5505,-88.0605,57,Partly Cloudy,0,5,False,False,False,False,True,0.2
2026-09-28T03:14:48Z,IL,IL00070IE008600051,39.0651,-88.6745,62,Mostly Cloudy,0,3,False,False,False,False,True,0.2
2026-09-28T03:14:48Z,IL,IL00072IW015200014,39.9888,-88.7852,61,Partly Cloudy,0,7,False,False,False,False,True,0.2
2026-09-28T03:14:48Z,IL,IL00055IS019400021,40.8371,-88.6833,53,Partly Cloudy,0,5,False,False,False,False,True,0.2
2026-09-28T03:14:48Z,IL,IL00057IN007900034,38.0297,-88.9203,65,Mostly Cloudy,0,2,False,False,False,False,True,0.2
2026-09-28T03:14:48Z,IL,IL00057IS007900047,38.0962,-88.9138,67,Mostly Cloudy,0,2,False,False,False,False,True,0.2
2026-09-28T03:14:48Z,IL,IL00055IN006400027,39.3465,-89.6408,63,Mostly Cloudy,0,3,False,False,False,False,True,0.2
2026-09-28T03:14:48Z,IL,IL00039IN008500036,41.7236,-89.0062,56,Partly Cloudy,0,5,False,False,False,False,True,0.2
2026-09-28T03:14:48Z,IL,IL00070IE002700042,38.7849,-89.7023,64,Mostly Cloudy,1,3,False,False,False,False,True,0.2
2026-09-28T03:14:48Z,IL,IL00074IE015600037,40.2732,-88.6762,60,Partly Cloudy,0,7,False,False,False,False,True,0.2
2026-09-28T03:14:48Z,IL,IL00080IE005100040,41.3938,-89.5665,61,Mostly Cloudy,0,5,False,False,False,False,True,0.2
2026-09-28T03:14:48Z,IL,IL00055IN019400031,40.8234,-88.6875,53,Partly Cloudy,0,5,False,False,False,False,True,0.2
2026-09-28T03:14:48Z,IL,IL00064IW013000053,38.2322,-87.9882,61,Partly Cloudy,0,2,False,False,False,False,True,0.2
2026-09-28T03:14:48Z,IL,IL00055IS002700019,38.8723,-89.8511,62,Mostly Cloudy,1,3,False,False,False,False,True,0.2
2026-09-28T03:14:48Z,IL,IL00057IS033300046,41.3918,-87.7749,55,Mostly Cloudy,0,5,False,False,False,False,True,0.2
2026-09-28T03:14:48Z,IL,IL00064IE008500039,38.273,-88.8496,65,Mostly Cloudy,0,2,False,False,False,False,True,0.2
2026-09-28T03:14:48Z,IL,IL00074IW002800020,41.2141,-90.3308,63,Mostly Cloudy,1,5,False,False,False,False,True,0.2
2026-09-28T03:14:48Z,IL,IL00055IN014900028,40.3599,-89.1099,61,Partly Cloudy,0,6,False,False,False,False,True,0.2
2026-09-28T03:14:48Z,IL,IL00080IW005100013,41.3937,-89.5591,62,Mostly Cloudy,0,5,False,False,False,False,True,0.2
2026-09-28T03:14:48Z,IL,IL00080IW011700016,41.4473,-88.3285,56,Partly Cloudy,0,5,False,False,False,False,True,0.2
2026-09-28T03:14:48Z,IL,IL00074IW015600009,40.2711,-88.6701,61,Partly Cloudy,0,6,False,False,False,False,True,0.2
2026-09-28T03:14:48Z,IL,IL00070IW002700015,38.7884,-89.6889,64,Mostly Cloudy,1,3,False,False,False,False,True,0.2
2026-09-28T03:14:48Z,IL,IL00057IS026800022,40.5613,-88.0615,57,Partly Cloudy,0,5,False,False,False,False,True,0.2
2026-09-28T03:14:48Z,IL,IL00080IE011700043,41.4314,-88.3454,56,Partly Cloudy,0,5,False,False,False,False,True,0.2
2026-09-28T03:14:48Z,IL,IL00024IW003700010,37.1593,-88.6798,65,Partly Cloudy,0,1,False,False,False,False,True,0.2
2026-09-28T03:14:48Z,IL,IL00055IN010400050,39.8627,-89.5948,63,Mostly Cloudy,0,5,False,False,False,False,True,0.2
2026-09-28T03:14:48Z,IL,IL00057IS011400023,38.5965,-88.9677,63,Mostly Cloudy,0,1,False,False,False,False,True,0.2
2026-09-28T03:14:48Z,IL,IL00057IN011400033,38.5963,-88.9638,63,Mostly Cloudy,0,1,False,False,False,False,True,0.2
2026-09-28T03:14:48Z,IL,IL00057IN022200048,39.9218,-88.299,58,Partly Cloudy,0,6,False,False,False,False,True,0.2
2026-09-28T03:14:48Z,IL,IL00057IN033300049,41.3892,-87.7729,54,Mostly Cloudy,0,5,False,False,False,False,True,0.2
2026-09-28T03:14:48Z,IL,IL00039IS008500026,41.7285,-89.0105,56,Partly Cloudy,0,5,False,False,False,False,True,0.2
2026-09-28T03:14:48Z,IL,IL00057IS022200054,39.9314,-88.3043,58,Partly Cloudy,0,6,False,False,False,False,True,0.2
2026-09-28T03:14:48Z,IL,IL00072IE015200041,39.9923,-88.7827,61,Partly Cloudy,0,7,False,False,False,False,True,0.2
2026-09-28T03:14:48Z,IL,IL00074IW006200004,40.8802,-90.0895,62,Mostly Cloudy,1,3,False,False,False,False,True,0.2
2026-09-28T03:14:48Z,IL,IL00074IE011400005,40.6125,-89.245,61,Partly Cloudy,0,5,False,False,False,False,True,0.2
2026-09-28T03:14:48Z,IL,IL00074IW020800052,40.1298,-87.7441,59,Partly Cloudy,0,5,False,False,False,False,True,0.2
2026-09-28T03:14:48Z,IL,IL00055IN002700029,38.8649,-89.8532,62,Mostly Cloudy,1,3,False,False,False,False,True,0.2
2026-09-28T03:14:48Z,IL,IL00055IS006400017,39.3523,-89.6447,60,Mostly Cloudy,0,3,False,False,False,False,True,0.2
2026-09-28T03:14:48Z,IL,IL00064IW002500011,38.5491,-89.7633,63,Mostly Cloudy,1,3,False,False,False,False,True,0.2
2026-09-28T03:14:48Z,IL,IL00074IE002800030,41.2334,-90.333,63,Mostly Cloudy,1,5,False,False,False,False,True,0.2
2026-09-28T03:14:48Z,IL,IL00064IE002500038,38.5481,-89.7731,64,Mostly Cloudy,1,2,False,False,False,False,True,0.2
2026-09-28T03:14:48Z,IL,IL00070IW008700045,39.0679,-88.6704,62,Mostly Cloudy,0,3,False,False,False,False,True,0.2
2026-09-28T03:14:48Z,IL,IL00057IS016500018,39.1993,-88.502,59,Partly Cloudy,0,5,False,False,False,False,True,0.2
2026-09-28T03:14:48Z,IL,IL00074IW011400006,40.6111,-89.2323,61,Partly Cloudy,0,5,False,False,False,False,True,0.2
2026-09-28T03:14:48Z,IL,IL00074IE006200001,40.8788,-90.0936,62,Mostly Cloudy,1,3,False,False,False,False,True,0.2
2026-09-28T03:14:48Z,IL,IL00070IW014900008,39.4228,-87.6617,56,Partly Cloudy,0,5,False,False,False,False,True,0.2
2026-09-28T03:14:48Z,IL,IL00057IN016500044,39.1898,-88.5031,63,Mostly Cloudy,0,5,False,False,False,False,True,0.2
2026-09-28T03:14:48Z,IL,IL00055IS010400024,39.8871,-89.5966,62,Mostly Cloudy,0,3,False,False,False,False,True,0.2
2026-09-28T03:14:48Z,IL,IL00057IS003200025,37.4699,-89.1329,64,Partly Cloudy,1,1,False,False,False,False,True,0.2
2026-09-28T03:14:48Z,IL,IL00057IN003200035,37.4661,-89.1324,64,Partly Cloudy,1,1,False,False,False,False,True,0.2
2026-09-28T03:14:48Z,IN,322,38.195,-87.8597,61,Partly Cloudy,0,2,False,False,False,False,False,0.0
2026-09-28T03:14:48Z,IN,317,38.5852,-85.7768,59,Clear,0,2,False,False,False,False,False,0.0
2026-09-28T03:14:48Z,IN,316,38.5859,-85.7809,59,Clear,0,2,False,False,False,False,False,0.0
2026-09-28T03:14:48Z,IN,315,39.2602,-85.9521,57,Clear,0,3,False,False,False,False,False,0.0
2026-09-28T03:14:48Z,IN,314,39.2767,-85.9569,57,Clear,0,3,False,False,False,False,False,0.0
2026-09-28T03:14:48Z,IN,313,40.1578,-86.5387,55,Clear,0,5,False,False,False,False,False,0.0
2026-09-28T03:14:48Z,IN,312,40.1722,-86.5522,56,Clear,0,5,False,False,False,False,False,0.0
2026-09-28T03:14:48Z,IN,311,40.6992,-87.0628,54,Partly Cloudy,0,5,False,False,False,False,False,0.0
2026-09-28T03:14:48Z,IN,310,40.6984,-87.0646,54,Partly Cloudy,0,5,False,False,False,False,False,0.0
2026-09-28T03:14:48Z,IN,308,41.1653,-87.271,50,Partly Cloudy,0,5,False,False,False,False,False,0.0
2026-09-28T03:14:48Z,IN,309,41.1666,-87.2749,50,Partly Cloudy,0,5,False,False,False,False,False,0.0
2026-09-28T03:14:48Z,IN,318,40.3543,-85.5576,54,Clear,0,3,False,False,False,False,False,0.0
2026-09-28T03:14:48Z,IN,319,40.3569,-85.56,54,Clear,0,3,False,False,False,False,False,0.0
2026-09-28T03:14:48Z,IN,320,41.2963,-85.0863,55,Clear,0,5,False,False,False,False,False,0.0
2026-09-28T03:14:48Z,IN,321,41.5803,-85.0597,55,Clear,0,5,False,False,False,False,False,0.0
2026-09-28T03:14:48Z,IN,300,39.4417,-87.5002,58,Partly Cloudy,0,3,False,False,False,False,False,0.0
2026-09-28T03:14:48Z,IN,302,39.6517,-86.3967,58,Clear,0,5,False,False,False,False,False,0.0
2026-09-28T03:14:48Z,IN,301,39.6541,-86.4005,58,Clear,0,5,False,False,False,False,False,0.0
2026-09-28T03:14:48Z,IN,303,39.8243,-85.7039,55,Clear,0,5,False,False,False,False,False,0.0
2026-09-28T03:14:48Z,IN,304,39.8266,-85.704,55,Clear,0,5,False,False,False,False,False,0.0
2026-09-28T03:14:48Z,IN,305,39.8605,-85.0259,53,Clear,0,3,False,False,False,False,False,0.0
2026-09-28T03:14:48Z,IN,323,39.29,-85.1688,54,Mostly Clear,0,2,False,False,False,False,False,0.0
2026-09-28T03:14:48Z,IN,702,41.7472,-85.3285,55,Mostly Clear,0,5,False,False,False,False,False,0.0
2026-09-28T03:14:48Z,IN,701,41.5889,-87.2173,56,Partly Cloudy,0,5,False,False,False,False,False,0.0
2026-09-28T03:14:48Z,IN,704,41.7058,-86.6212,53,Mostly Cloudy,0,5,False,False,False,False,False,0.0
2026-09-28T03:14:48Z,IN,703,41.7071,-86.6235,53,Mostly Cloudy,0,5,False,False,False,False,False,0.0
2026-09-28T03:14:48Z,IN,705,41.733,-86.0057,55,Partly Cloudy,0,5,False,False,False,False,False,0.0
2026-09-28T03:14:48Z,IN,708,41.7472,-85.3285,55,Mostly Clear,0,5,False,False,False,False,False,0.0
2026-09-28T03:14:48Z,IN,707,41.7453,-85.3287,55,Mostly Clear,0,5,False,False,False,False,False,0.0
2026-09-28T03:14:48Z,IN,324,41.7353,-86.7933,53,Mostly Cloudy,0,0,False,False,False,False,False,0.0
2026-09-28T03:14:48Z,KY,KY00065IS0000020N65WELCOM,36.6434,-86.5687,61,Partly Cloudy,0,5,False,False,False,False,False,0.0
2026-09-28T03:14:48Z,KY,KY00065IS000020NSMARATHON,36.6612,-86.5553,64,Partly Cloudy,0,3,False,False,False,False,False,0.0
2026-09-28T03:14:48Z,KY,KY00065IS0000340NWEIGHS34,36.6868,-86.5379,64,Partly Cloudy,0,3,False,False,False,False,False,0.0
2026-09-28T03:14:48Z,KY,KY00065IS0011400S65SRA114,37.9464,-85.6905,66,Clear,0,3,False,False,False,False,False,0.0
2026-09-28T03:14:48Z,KY,KY00065IS0005900S65SRA059,37.239,-85.9297,63,Mostly Clear,0,1,False,False,False,False,False,0.0
2026-09-28T03:14:48Z,KY,KY00065IS0005900N65NRA059,37.2384,-85.9271,63,Mostly Clear,0,1,False,False,False,False,False,0.0
2026-09-28T03:14:48Z,KY,KY00075IS0003300NWEIGHS33,37.0422,-84.0968,58,Clear,0,2,False,False,False,False,False,0.0
2026-09-28T03:14:48Z,KY,KY00075IS0003400SWEIGHS34,37.048,-84.0997,58,Clear,0,2,False,False,False,False,False,0.0
2026-09-28T03:14:48Z,KY,KY00075IS0017700N75NRA177,38.937,-84.6309,59,Clear,0,5,False,False,False,False,False,0.0
2026-09-28T03:14:48Z,KY,KY00075IS0007500SWALTONWS,38.8653,-84.6476,59,Clear,0,5,False,False,False,False,False,0.0
2026-09-28T03:14:48Z,KY,KY00075IS0017700S75SRA177,38.9388,-84.6339,59,Clear,0,5,False,False,False,False,False,0.0
2026-09-28T03:14:48Z,KY,KY00075IS0016800SCRITENWS,38.8196,-84.6015,59,Clear,0,5,False,False,False,False,False,0.0
2026-09-28T03:14:48Z,KY,KY00075IS0000100N75WELCOM,36.6162,-84.1054,56,Mostly Clear,0,1,False,False,False,False,False,0.0
2026-09-28T03:14:52Z,IL,IL00064IW008500012,38.2766,-88.8012,64,Mostly Cloudy,0,2,False,False,False,False,True,0.2
2026-09-28T03:14:52Z,IL,IL00057IN026800032,40.5505,-88.0605,57,Partly Cloudy,0,5,False,False,False,False,True,0.2
2026-09-28T03:14:52Z,IL,IL00070IE008600051,39.0651,-88.6745,62,Mostly Cloudy,0,3,False,False,False,False,True,0.2
2026-09-28T03:14:52Z,IL,IL00072IW015200014,39.9888,-88.7852,62,Partly Cloudy,0,6,False,False,False,False,True,0.2
2026-09-28T03:14:52Z,IL,IL00055IS019400021,40.8371,-88.6833,53,Partly Cloudy,0,5,False,False,False,False,True,0.2
2026-09-28T03:14:52Z,IL,IL00057IN007900034,38.0297,-88.9203,65,Mostly Cloudy,0,2,False,False,False,False,True,0.2
2026-09-28T03:14:52Z,IL,IL00057IS007900047,38.0962,-88.9138,67,Mostly Cloudy,0,2,False,False,False,False,True,0.2
2026-09-28T03:14:52Z,IL,IL00055IN006400027,39.3465,-89.6408,63,Mostly Cloudy,0,3,False,False,False,False,True,0.2
2026-09-28T03:14:52Z,IL,IL00039IN008500036,41.7236,-89.0062,56,Partly Cloudy,0,5,False,False,False,False,True,0.2
2026-09-28T03:14:52Z,IL,IL00070IE002700042,38.7849,-89.7023,64,Mostly Cloudy,1,3,False,False,False,False,True,0.2
2026-09-28T03:14:52Z,IL,IL00074IE015600037,40.2732,-88.6762,62,Partly Cloudy,0,6,False,False,False,False,True,0.2
2026-09-28T03:14:52Z,IL,IL00080IE005100040,41.3938,-89.5665,61,Mostly Cloudy,0,5,False,False,False,False,True,0.2
2026-09-28T03:14:52Z,IL,IL00055IN019400031,40.8234,-88.6875,53,Partly Cloudy,0,5,False,False,False,False,True,0.2
2026-09-28T03:14:52Z,IL,IL00064IW013000053,38.2322,-87.9882,63,Partly Cloudy,0,1,False,False,False,False,True,0.2
2026-09-28T03:14:52Z,IL,IL00055IS002700019,38.8723,-89.8511,63,Mostly Cloudy,1,3,False,False,False,False,True,0.2
2026-09-28T03:14:52Z,IL,IL00057IS033300046,41.3918,-87.7749,55,Mostly Cloudy,0,5,False,False,False,False,True,0.2
2026-09-28T03:14:52Z,IL,IL00064IE008500039,38.273,-88.8496,65,Mostly Cloudy,0,2,False,False,False,False,True,0.2
2026-09-28T03:14:52Z,IL,IL00074IW002800020,41.2141,-90.3308,63,Mostly Cloudy,1,5,False,False,False,False,True,0.2
2026-09-28T03:14:52Z,IL,IL00055IN014900028,40.3599,-89.1099,62,Partly Cloudy,0,6,False,False,False,False,True,0.2
2026-09-28T03:14:52Z,IL,IL00080IW005100013,41.3937,-89.5591,62,Mostly Cloudy,0,5,False,False,False,False,True,0.2
2026-09-28T03:14:52Z,IL,IL00080IW011700016,41.4473,-88.3285,56,Partly Cloudy,0,5,False,False,False,False,True,0.2
2026-09-28T03:14:52Z,IL,IL00074IW015600009,40.2711,-88.6701,61,Partly Cloudy,0,6,False,False,False,False,True,0.2
2026-09-28T03:14:52Z,IL,IL00070IW002700015,38.7884,-89.6889,64,Mostly Cloudy,1,3,False,False,False,False,True,0.2
2026-09-28T03:14:52Z,IL,IL00057IS026800022,40.5613,-88.0615,57,Partly Cloudy,0,5,False,False,False,False,True,0.2
2026-09-28T03:14:52Z,IL,IL00080IE011700043,41.4314,-88.3454,56,Partly Cloudy,0,5,False,False,False,False,True,0.2
2026-09-28T03:14:52Z,IL,IL00024IW003700010,37.1593,-88.6798,65,Partly Cloudy,0,1,False,False,False,False,True,0.2
2026-09-28T03:14:52Z,IL,IL00055IN010400050,39.8627,-89.5948,63,Mostly Cloudy,0,5,False,False,False,False,True,0.2
2026-09-28T03:14:52Z,IL,IL00057IS011400023,38.5965,-88.9677,63,Mostly Cloudy,0,1,False,False,False,False,True,0.2
2026-09-28T03:14:52Z,IL,IL00057IN011400033,38.5963,-88.9638,63,Mostly Cloudy,0,1,False,False,False,False,True,0.2
2026-09-28T03:14:52Z,IL,IL00057IN022200048,39.9218,-88.299,58,Partly Cloudy,0,6,False,False,False,False,True,0.2
2026-09-28T03:14:52Z,IL,IL00057IN033300049,41.3892,-87.7729,54,Mostly Cloudy,0,5,False,False,False,False,True,0.2
2026-09-28T03:14:52Z,IL,IL00039IS008500026,41.7285,-89.0105,56,Partly Cloudy,0,5,False,False,False,False,True,0.2
2026-09-28T03:14:52Z,IL,IL00057IS022200054,39.9314,-88.3043,58,Partly Cloudy,0,6,False,False,False,False,True,0.2
2026-09-28T03:14:52Z,IL,IL00072IE015200041,39.9923,-88.7827,62,Partly Cloudy,0,6,False,False,False,False,True,0.2
2026-09-28T03:14:52Z,IL,IL00074IW006200004,40.8802,-90.0895,62,Mostly Cloudy,1,3,False,False,False,False,True,0.2
2026-09-28T03:14:52Z,IL,IL00074IE011400005,40.6125,-89.245,61,Partly Cloudy,0,5,False,False,False,False,True,0.2
2026-09-28T03:14:52Z,IL,IL00074IW020800052,40.1298,-87.7441,59,Partly Cloudy,0,5,False,False,False,False,True,0.2
2026-09-28T03:14:52Z,IL,IL00055IN002700029,38.8649,-89.8532,63,Mostly Cloudy,1,3,False,False,False,False,True,0.2
2026-09-28T03:14:52Z,IL,IL00055IS006400017,39.3523,-89.6447,63,Mostly Cloudy,0,3,False,False,False,False,True,0.2
2026-09-28T03:14:52Z,IL,IL00064IW002500011,38.5491,-89.7633,64,Mostly Cloudy,1,2,False,False,False,False,True,0.2
2026-09-28T03:14:52Z,IL,IL00074IE002800030,41.2334,-90.333,63,Mostly Cloudy,1,5,False,False,False,False,True,0.2
2026-09-28T03:14:52Z,IL,IL00064IE002500038,38.5481,-89.7731,64,Mostly Cloudy,1,2,False,False,False,False,True,0.2
2026-09-28T03:14:52Z,IL,IL00070IW008700045,39.0679,-88.6704,62,Mostly Cloudy,0,3,False,False,False,False,True,0.2
2026-09-28T03:14:52Z,IL,IL00057IS016500018,39.1993,-88.502,59,Partly Cloudy,0,5,False,False,False,False,True,0.2
2026-09-28T03:14:52Z,IL,IL00074IW011400006,40.6111,-89.2323,61,Partly Cloudy,0,5,False,False,False,False,True,0.2
2026-09-28T03:14:52Z,IL,IL00074IE006200001,40.8788,-90.0936,62,Mostly Cloudy,1,3,False,False,False,False,True,0.2
2026-09-28T03:14:52Z,IL,IL00070IW014900008,39.4228,-87.6617,56,Partly Cloudy,0,5,False,False,False,False,True,0.2
2026-09-28T03:14:52Z,IL,IL00057IN016500044,39.1898,-88.5031,59,Mostly Cloudy,0,5,False,False,False,False,True,0.2
2026-09-28T03:14:52Z,IL,IL00055IS010400024,39.8871,-89.5966,62,Mostly Cloudy,0,3,False,False,False,False,True,0.2
2026-09-28T03:14:52Z,IL,IL00057IS003200025,37.4699,-89.1329,64,Partly Cloudy,1,1,False,False,False,False,True,0.2
2026-09-28T03:14:52Z,IL,IL00057IN003200035,37.4661,-89.1324,64,Partly Cloudy,1,1,False,False,False,False,True,0.2
2026-09-28T03:14:52Z,IN,322,38.195,-87.8597,61,Partly Cloudy,0,2,False,False,False,False,False,0.0
2026-09-28T03:14:52Z,IN,317,38.5852,-85.7768,59,Clear,0,2,False,False,False,False,False,0.0
2026-09-28T03:14:52Z,IN,316,38.5859,-85.7809,59,Clear,0,2,False,False,False,False,False,0.0
2026-09-28T03:14:52Z,IN,315,39.2602,-85.9521,57,Clear,0,3,False,False,False,False,False,0.0
2026-09-28T03:14:52Z,IN,314,39.2767,-85.9569,57,Clear,0,3,False,False,False,False,False,0.0
2026-09-28T03:14:52Z,IN,313,40.1578,-86.5387,55,Clear,0,5,False,False,False,False,False,0.0
2026-09-28T03:14:52Z,IN,312,40.1722,-86.5522,56,Clear,0,5,False,False,False,False,False,0.0
2026-09-28T03:14:52Z,IN,311,40.6992,-87.0628,54,Partly Cloudy,0,5,False,False,False,False,False,0.0
2026-09-28T03:14:52Z,IN,310,40.6984,-87.0646,54,Partly Cloudy,0,5,False,False,False,False,False,0.0
2026-09-28T03:14:52Z,IN,308,41.1653,-87.271,50,Partly Cloudy,0,5,False,False,False,False,False,0.0
2026-09-28T03:14:52Z,IN,309,41.1666,-87.2749,50,Partly Cloudy,0,5,False,False,False,False,False,0.0
2026-09-28T03:14:52Z,IN,318,40.3543,-85.5576,54,Clear,0,3,False,False,False,False,False,0.0
2026-09-28T03:14:52Z,IN,319,40.3569,-85.56,54,Clear,0,3,False,False,False,False,False,0.0
2026-09-28T03:14:52Z,IN,320,41.2963,-85.0863,55,Clear,0,5,False,False,False,False,False,0.0
2026-09-28T03:14:52Z,IN,321,41.5803,-85.0597,55,Clear,0,5,False,False,False,False,False,0.0
2026-09-28T03:14:52Z,IN,300,39.4417,-87.5002,58,Partly Cloudy,0,3,False,False,False,False,False,0.0
2026-09-28T03:14:52Z,IN,302,39.6517,-86.3967,58,Clear,0,5,False,False,False,False,False,0.0
2026-09-28T03:14:52Z,IN,301,39.6541,-86.4005,58,Clear,0,5,False,False,False,False,False,0.0
2026-09-28T03:14:52Z,IN,303,39.8243,-85.7039,55,Clear,0,5,False,False,False,False,False,0.0
2026-09-28T03:14:52Z,IN,304,39.8266,-85.704,55,Clear,0,5,False,False,False,False,False,0.0
2026-09-28T03:14:52Z,IN,305,39.8605,-85.0259,53,Clear,0,3,False,False,False,False,False,0.0
2026-09-28T03:14:52Z,IN,323,39.29,-85.1688,54,Mostly Clear,0,2,False,False,False,False,False,0.0
2026-09-28T03:14:52Z,IN,702,41.7472,-85.3285,55,Mostly Clear,0,5,False,False,False,False,False,0.0
2026-09-28T03:14:52Z,IN,701,41.5889,-87.2173,56,Partly Cloudy,0,5,False,False,False,False,False,0.0
2026-09-28T03:14:52Z,IN,704,41.7058,-86.6212,53,Mostly Cloudy,0,5,False,False,False,False,False,0.0
2026-09-28T03:14:52Z,IN,703,41.7071,-86.6235,53,Mostly Cloudy,0,5,False,False,False,False,False,0.0
2026-09-28T03:14:52Z,IN,705,41.733,-86.0057,55,Partly Cloudy,0,5,False,False,False,False,False,0.0
2026-09-28T03:14:52Z,IN,708,41.7472,-85.3285,55,Mostly Clear,0,5,False,False,False,False,False,0.0
2026-09-28T03:14:52Z,IN,707,41.7453,-85.3287,55,Mostly Clear,0,5,False,False,False,False,False,0.0
2026-09-28T03:14:52Z,IN,324,41.7353,-86.7933,53,Mostly Cloudy,0,0,False,False,False,False,False,0.0
2026-09-28T03:14:52Z,KY,KY00065IS0000020N65WELCOM,36.6434,-86.5687,64,Partly Cloudy,0,5,False,False,False,False,False,0.0
2026-09-28T03:14:52Z,KY,KY00065IS000020NSMARATHON,36.6612,-86.5553,64,Partly Cloudy,0,3,False,False,False,False,False,0.0
2026-09-28T03:14:52Z,KY,KY00065IS0000340NWEIGHS34,36.6868,-86.5379,64,Partly Cloudy,0,3,False,False,False,False,False,0.0
2026-09-28T03:14:52Z,KY,KY00065IS0011400S65SRA114,37.9464,-85.6905,66,Clear,0,3,False,False,False,False,False,0.0
2026-09-28T03:14:52Z,KY,KY00065IS0005900S65SRA059,37.239,-85.9297,63,Mostly Clear,0,1,False,False,False,False,False,0.0
2026-09-28T03:14:52Z,KY,KY00065IS0005900N65NRA059,37.2384,-85.9271,63,Mostly Clear,0,1,False,False,False,False,False,0.0
2026-09-28T03:14:52Z,KY,KY00075IS0003300NWEIGHS33,37.0422,-84.0968,58,Clear,0,2,False,False,False,False,False,0.0
2026-09-28T03:14:52Z,KY,KY00075IS0003400SWEIGHS34,37.048,-84.0997,58,Clear,0,2,False,False,False,False,False,0.0
2026-09-28T03:14:52Z,KY,KY00075IS0017700N75NRA177,38.937,-84.6309,59,Clear,0,5,False,False,False,False,False,0.0
2026-09-28T03:14:52Z,KY,KY00075IS0007500SWALTONWS,38.8653,-84.6476,59,Clear,0,5,False,False,False,False,False,0.0
2026-09-28T03:14:52Z,KY,KY00075IS0017700S75SRA177,38.9388,-84.6339,59,Clear,0,5,False,False,False,False,False,0.0
2026-09-28T03:14:52Z,KY,KY00075IS0016800SCRITENWS,38.8196,-84.6015,59,Clear,0,5,False,False,False,False,False,0.0
2026-09-28T03:14:52Z,KY,KY00075IS0000100N75WELCOM,36.6162,-84.1054,56,Mostly Clear,0,1,False,False,False,False,False,0.0
2026-09-28T03:14:57Z,IL,IL00064IW008500012,38.2766,-88.8012,64,Mostly Cloudy,0,2,False,False,False,False,True,0.2
2026-09-28T03:14:57Z,IL,IL00057IN026800032,40.5505,-88.0605,57,Partly Cloudy,0,5,False,False,False,False,True,0.2
2026-09-28T03:14:57Z,IL,IL00070IE008600051,39.0651,-88.6745,62,Mostly Cloudy,0,3,False,False,False,False,True,0.2
2026-09-28T03:14:57Z,IL,IL00072IW015200014,39.9888,-88.7852,62,Partly Cloudy,0,6,False,False,False,False,True,0.2
2026-09-28T03:14:57Z,IL,IL00055IS019400021,40.8371,-88.6833,53,Partly Cloudy,0,5,False,False,False,False,True,0.2
2026-09-28T03:14:57Z,IL,IL00057IN007900034,38.0297,-88.9203,65,Mostly Cloudy,0,2,False,False,False,False,True,0.2
2026-09-28T03:14:57Z,IL,IL00057IS007900047,38.0962,-88.9138,67,Mostly Cloudy,0,2,False,False,False,False,True,0.2
2026-09-28T03:14:57Z,IL,IL00055IN006400027,39.3465,-89.6408,63,Mostly Cloudy,0,3,False,False,False,False,True,0.2
2026-09-28T03:14:57Z,IL,IL00039IN008500036,41.7236,-89.0062,56,Partly Cloudy,0,5,False,False,False,False,True,0.2
2026-09-28T03:14:57Z,IL,IL00070IE002700042,38.7849,-89.7023,64,Mostly Cloudy,1,3,False,False,False,False,True,0.2
2026-09-28T03:14:57Z,IL,IL00074IE015600037,40.2732,-88.6762,62,Partly Cloudy,0,6,False,False,False,False,True,0.2
2026-09-28T03:14:57Z,IL,IL00080IE005100040,41.3938,-89.5665,61,Mostly Cloudy,0,5,False,False,False,False,True,0.2
2026-09-28T03:14:57Z,IL,IL00055IN019400031,40.8234,-88.6875,53,Partly Cloudy,0,5,False,False,False,False,True,0.2
2026-09-28T03:14:57Z,IL,IL00064IW013000053,38.2322,-87.9882,63,Partly Cloudy,0,1,False,False,False,False,True,0.2
2026-09-28T03:14:57Z,IL,IL00055IS002700019,38.8723,-89.8511,63,Mostly Cloudy,1,3,False,False,False,False,True,0.2
2026-09-28T03:14:57Z,IL,IL00057IS033300046,41.3918,-87.7749,55,Mostly Cloudy,0,5,False,False,False,False,True,0.2
2026-09-28T03:14:57Z,IL,IL00064IE008500039,38.273,-88.8496,65,Mostly Cloudy,0,2,False,False,False,False,True,0.2
2026-09-28T03:14:57Z,IL,IL00074IW002800020,41.2141,-90.3308,63,Mostly Cloudy,1,5,False,False,False,False,True,0.2
2026-09-28T03:14:57Z,IL,IL00055IN014900028,40.3599,-89.1099,62,Partly Cloudy,0,6,False,False,False,False,True,0.2
2026-09-28T03:14:57Z,IL,IL00080IW005100013,41.3937,-89.5591,62,Mostly Cloudy,0,5,False,False,False,False,True,0.2
2026-09-28T03:14:57Z,IL,IL00080IW011700016,41.4473,-88.3285,56,Partly Cloudy,0,5,False,False,False,False,True,0.2
2026-09-28T03:14:57Z,IL,IL00074IW015600009,40.2711,-88.6701,61,Partly Cloudy,0,6,False,False,False,False,True,0.2
2026-09-28T03:14:57Z,IL,IL00070IW002700015,38.7884,-89.6889,64,Mostly Cloudy,1,3,False,False,False,False,True,0.2
2026-09-28T03:14:57Z,IL,IL00057IS026800022,40.5613,-88.0615,57,Partly Cloudy,0,5,False,False,False,False,True,0.2
2026-09-28T03:14:57Z,IL,IL00080IE011700043,41.4314,-88.3454,56,Partly Cloudy,0,5,False,False,False,False,True,0.2
2026-09-28T03:14:57Z,IL,IL00024IW003700010,37.1593,-88.6798,65,Partly Cloudy,0,1,False,False,False,False,True,0.2
2026-09-28T03:14:57Z,IL,IL00055IN010400050,39.8627,-89.5948,63,Mostly Cloudy,0,5,False,False,False,False,True,0.2
2026-09-28T03:14:57Z,IL,IL00057IS011400023,38.5965,-88.9677,63,Mostly Cloudy,0,1,False,False,False,False,True,0.2
2026-09-28T03:14:57Z,IL,IL00057IN011400033,38.5963,-88.9638,63,Mostly Cloudy,0,1,False,False,False,False,True,0.2
2026-09-28T03:14:57Z,IL,IL00057IN022200048,39.9218,-88.299,58,Partly Cloudy,0,6,False,False,False,False,True,0.2
2026-09-28T03:14:57Z,IL,IL00057IN033300049,41.3892,-87.7729,54,Mostly Cloudy,0,5,False,False,False,False,True,0.2
2026-09-28T03:14:57Z,IL,IL00039IS008500026,41.7285,-89.0105,56,Partly Cloudy,0,5,False,False,False,False,True,0.2
2026-09-28T03:14:57Z,IL,IL00057IS022200054,39.9314,-88.3043,58,Partly Cloudy,0,6,False,False,False,False,True,0.2
2026-09-28T03:14:57Z,IL,IL00072IE015200041,39.9923,-88.7827,62,Partly Cloudy,0,6,False,False,False,False,True,0.2
2026-09-28T03:14:57Z,IL,IL00074IW006200004,40.8802,-90.0895,62,Mostly Cloudy,1,3,False,False,False,False,True,0.2
2026-09-28T03:14:57Z,IL,IL00074IE011400005,40.6125,-89.245,61,Partly Cloudy,0,5,False,False,False,False,True,0.2
2026-09-28T03:14:57Z,IL,IL00074IW020800052,40.1298,-87.7441,59,Partly Cloudy,0,5,False,False,False,False,True,0.2
2026-09-28T03:14:57Z,IL,IL00055IN002700029,38.8649,-89.8532,63,Mostly Cloudy,1,3,False,False,False,False,True,0.2
2026-09-28T03:14:57Z,IL,IL00055IS006400017,39.3523,-89.6447,63,Mostly Cloudy,0,3,False,False,False,False,True,0.2
2026-09-28T03:14:57Z,IL,IL00064IW002500011,38.5491,-89.7633,64,Mostly Cloudy,1,2,False,False,False,False,True,0.2
2026-09-28T03:14:57Z,IL,IL00074IE002800030,41.2334,-90.333,63,Mostly Cloudy,1,5,False,False,False,False,True,0.2
2026-09-28T03:14:57Z,IL,IL00064IE002500038,38.5481,-89.7731,64,Mostly Cloudy,1,2,False,False,False,False,True,0.2
2026-09-28T03:14:57Z,IL,IL00070IW008700045,39.0679,-88.6704,62,Mostly Cloudy,0,3,False,False,False,False,True,0.2
2026-09-28T03:14:57Z,IL,IL00057IS016500018,39.1993,-88.502,59,Partly Cloudy,0,5,False,False,False,False,True,0.2
2026-09-28T03:14:57Z,IL,IL00074IW011400006,40.6111,-89.2323,61,Partly Cloudy,0,5,False,False,False,False,True,0.2
2026-09-28T03:14:57Z,IL,IL00074IE006200001,40.8788,-90.0936,62,Mostly Cloudy,1,3,False,False,False,False,True,0.2
2026-09-28T03:14:57Z,IL,IL00070IW014900008,39.4228,-87.6617,56,Partly Cloudy,0,5,False,False,False,False,True,0.2
2026-09-28T03:14:57Z,IL,IL00057IN016500044,39.1898,-88.5031,59,Mostly Cloudy,0,5,False,False,False,False,True,0.2
2026-09-28T03:14:57Z,IL,IL00055IS010400024,39.8871,-89.5966,62,Mostly Cloudy,0,3,False,False,False,False,True,0.2
2026-09-28T03:14:57Z,IL,IL00057IS003200025,37.4699,-89.1329,64,Partly Cloudy,1,1,False,False,False,False,True,0.2
2026-09-28T03:14:57Z,IL,IL00057IN003200035,37.4661,-89.1324,64,Partly Cloudy,1,1,False,False,False,False,True,0.2
2026-09-28T03:14:57Z,IN,322,38.195,-87.8597,61,Partly Cloudy,0,2,False,False,False,False,False,0.0
2026-09-28T03:14:57Z,IN,317,38.5852,-85.7768,59,Clear,0,2,False,False,False,False,False,0.0
2026-09-28T03:14:57Z,IN,316,38.5859,-85.7809,59,Clear,0,2,False,False,False,False,False,0.0
2026-09-28T03:14:57Z,IN,315,39.2602,-85.9521,57,Clear,0,3,False,False,False,False,False,0.0
2026-09-28T03:14:57Z,IN,314,39.2767,-85.9569,57,Clear,0,3,False,False,False,False,False,0.0
2026-09-28T03:14:57Z,IN,313,40.1578,-86.5387,55,Clear,0,5,False,False,False,False,False,0.0
2026-09-28T03:14:57Z,IN,312,40.1722,-86.5522,56,Clear,0,5,False,False,False,False,False,0.0
2026-09-28T03:14:57Z,IN,311,40.6992,-87.0628,54,Partly Cloudy,0,5,False,False,False,False,False,0.0
2026-09-28T03:14:57Z,IN,310,40.6984,-87.0646,54,Partly Cloudy,0,5,False,False,False,False,False,0.0
2026-09-28T03:14:57Z,IN,308,41.1653,-87.271,50,Partly Cloudy,0,5,False,False,False,False,False,0.0
2026-09-28T03:14:57Z,IN,309,41.1666,-87.2749,50,Partly Cloudy,0,5,False,False,False,False,False,0.0
2026-09-28T03:14:57Z,IN,318,40.3543,-85.5576,54,Clear,0,3,False,False,False,False,False,0.0
2026-09-28T03:14:57Z,IN,319,40.3569,-85.56,54,Clear,0,3,False,False,False,False,False,0.0
2026-09-28T03:14:57Z,IN,320,41.2963,-85.0863,55,Clear,0,5,False,False,False,False,False,0.0
2026-09-28T03:14:57Z,IN,321,41.5803,-85.0597,55,Clear,0,5,False,False,False,False,False,0.0
2026-09-28T03:14:57Z,IN,300,39.4417,-87.5002,58,Partly Cloudy,0,3,False,False,False,False,False,0.0
2026-09-28T03:14:57Z,IN,302,39.6517,-86.3967,58,Clear,0,5,False,False,False,False,False,0.0
2026-09-28T03:14:57Z,IN,301,39.6541,-86.4005,58,Clear,0,5,False,False,False,False,False,0.0
2026-09-28T03:14:57Z,IN,303,39.8243,-85.7039,55,Clear,0,5,False,False,False,False,False,0.0
2026-09-28T03:14:57Z,IN,304,39.8266,-85.704,55,Clear,0,5,False,False,False,False,False,0.0
2026-09-28T03:14:57Z,IN,305,39.8605,-85.0259,53,Clear,0,3,False,False,False,False,False,0.0
2026-09-28T03:14:57Z,IN,323,39.29,-85.1688,54,Mostly Clear,0,2,False,False,False,False,False,0.0
2026-09-28T03:14:57Z,IN,702,41.7472,-85.3285,55,Mostly Clear,0,5,False,False,False,False,False,0.0
2026-09-28T03:14:57Z,IN,701,41.5889,-87.2173,56,Partly Cloudy,0,5,False,False,False,False,False,0.0
2026-09-28T03:14:57Z,IN,704,41.7058,-86.6212,53,Mostly Cloudy,0,5,False,False,False,False,False,0.0
2026-09-28T03:14:57Z,IN,703,41.7071,-86.6235,53,Mostly Cloudy,0,5,False,False,False,False,False,0.0
2026-09-28T03:14:57Z,IN,705,41.733,-86.0057,55,Partly Cloudy,0,5,False,False,False,False,False,0.0
2026-09-28T03:14:57Z,IN,708,41.7472,-85.3285,55,Mostly Clear,0,5,False,False,False,False,False,0.0
2026-09-28T03:14:57Z,IN,707,41.7453,-85.3287,55,Mostly Clear,0,5,False,False,False,False,False,0.0
2026-09-28T03:14:57Z,IN,324,41.7353,-86.7933,53,Mostly Cloudy,0,0,False,False,False,False,False,0.0
2026-09-28T03:14:57Z,KY,KY00065IS0000020N65WELCOM,36.6434,-86.5687,64,Partly Cloudy,0,5,False,False,False,False,False,0.0
2026-09-28T03:14:57Z,KY,KY00065IS000020NSMARATHON,36.6612,-86.5553,64,Partly Cloudy,0,3,False,False,False,False,False,0.0
2026-09-28T03:14:57Z,KY,KY00065IS0000340NWEIGHS34,36.6868,-86.5379,64,Partly Cloudy,0,3,False,False,False,False,False,0.0
2026-09-28T03:14:57Z,KY,KY00065IS0011400S65SRA114,37.9464,-85.6905,66,Clear,0,3,False,False,False,False,False,0.0
2026-09-28T03:14:57Z,KY,KY00065IS0005900S65SRA059,37.239,-85.9297,63,Mostly Clear,0,1,False,False,False,False,False,0.0
2026-09-28T03:14:57Z,KY,KY00065IS0005900N65NRA059,37.2384,-85.9271,63,Mostly Clear,0,1,False,False,False,False,False,0.0
2026-09-28T03:14:57Z,KY,KY00075IS0003300NWEIGHS33,37.0422,-84.0968,58,Clear,0,2,False,False,False,False,False,0.0
2026-09-28T03:14:57Z,KY,KY00075IS0003400SWEIGHS34,37.048,-84.0997,58,Clear,0,2,False,False,False,False,False,0.0
2026-09-28T03:14:57Z,KY,KY00075IS0017700N75NRA177,38.937,-84.6309,59,Clear,0,5,False,False,False,False,False,0.0
2026-09-28T03:14:57Z,KY,KY00075IS0007500SWALTONWS,38.8653,-84.6476,59,Clear,0,5,False,False,False,False,False,0.0
2026-09-28T03:14:57Z,KY,KY00075IS0017700S75SRA177,38.9388,-84.6339,59,Clear,0,5,False,False,False,False,False,0.0
2026-09-28T03:14:57Z,KY,KY00075IS0016800SCRITENWS,38.8196,-84.6015,59,Clear,0,5,False,False,False,False,False,0.0
2026-09-28T03:14:57Z,KY,KY00075IS0000100N75WELCOM,36.6162,-84.1054,56,Mostly Clear,0,1,False,False,False,False,False,0.0
2026-09-28T03:15:01Z,IL,IL00064IW008500012,38.2766,-88.8012,62,Mostly Cloudy,0,2,False,False,False,False,True,0.2
2026-09-28T03:15:01Z,IL,IL00057IN026800032,40.5505,-88.0605,57,Partly Cloudy,0,5,False,False,False,False,True,0.2
2026-09-28T03:15:01Z,IL,IL00070IE008600051,39.0651,-88.6745,62,Mostly Cloudy,0,3,False,False,False,False,True,0.2
2026-09-28T03:15:01Z,IL,IL00072IW015200014,39.9888,-88.7852,61,Partly Cloudy,0,7,False,False,False,False,True,0.2
2026-09-28T03:15:01Z,IL,IL00055IS019400021,40.8371,-88.6833,53,Partly Cloudy,0,5,False,False,False,False,True,0.2
2026-09-28T03:15:01Z,IL,IL00057IN007900034,38.0297,-88.9203,65,Mostly Cloudy,0,2,False,False,False,False,True,0.2
2026-09-28T03:15:01Z,IL,IL00057IS007900047,38.0962,-88.9138,67,Mostly Cloudy,0,2,False,False,False,False,True,0.2
2026-09-28T03:15:01Z,IL,IL00055IN006400027,39.3465,-89.6408,63,Mostly Cloudy,0,3,False,False,False,False,True,0.2
2026-09-28T03:15:01Z,IL,IL00039IN008500036,41.7236,-89.0062,56,Partly Cloudy,0,5,False,False,False,False,True,0.2
2026-09-28T03:15:01Z,IL,IL00070IE002700042,38.7849,-89.7023,64,Mostly Cloudy,1,3,False,False,False,False,True,0.2
2026-09-28T03:15:01Z,IL,IL00074IE015600037,40.2732,-88.6762,60,Partly Cloudy,0,7,False,False,False,False,True,0.2
2026-09-28T03:15:01Z,IL,IL00080IE005100040,41.3938,-89.5665,61,Mostly Cloudy,0,5,False,False,False,False,True,0.2
2026-09-28T03:15:01Z,IL,IL00055IN019400031,40.8234,-88.6875,53,Partly Cloudy,0,5,False,False,False,False,True,0.2
2026-09-28T03:15:01Z,IL,IL00064IW013000053,38.2322,-87.9882,61,Partly Cloudy,0,2,False,False,False,False,True,0.2
2026-09-28T03:15:01Z,IL,IL00055IS002700019,38.8723,-89.8511,62,Mostly Cloudy,1,3,False,False,False,False,True,0.2
2026-09-28T03:15:01Z,IL,IL00057IS033300046,41.3918,-87.7749,55,Mostly Cloudy,0,5,False,False,False,False,True,0.2
2026-09-28T03:15:01Z,IL,IL00064IE008500039,38.273,-88.8496,65,Mostly Cloudy,0,2,False,False,False,False,True,0.2
2026-09-28T03:15:01Z,IL,IL00074IW002800020,41.2141,-90.3308,63,Mostly Cloudy,1,5,False,False,False,False,True,0.2
2026-09-28T03:15:01Z,IL,IL00055IN014900028,40.3599,-89.1099,61,Partly Cloudy,0,6,False,False,False,False,True,0.2
2026-09-28T03:15:01Z,IL,IL00080IW005100013,41.3937,-89.5591,62,Mostly Cloudy,0,5,False,False,False,False,True,0.2
2026-09-28T03:15:01Z,IL,IL00080IW011700016,41.4473,-88.3285,56,Partly Cloudy,0,5,False,False,False,False,True,0.2
2026-09-28T03:15:01Z,IL,IL00074IW015600009,40.2711,-88.6701,61,Partly Cloudy,0,6,False,False,False,False,True,0.2
2026-09-28T03:15:01Z,IL,IL00070IW002700015,38.7884,-89.6889,64,Mostly Cloudy,1,3,False,False,False,False,True,0.2
2026-09-28T03:15:01Z,IL,IL00057IS026800022,40.5613,-88.0615,57,Partly Cloudy,0,5,False,False,False,False,True,0.2
2026-09-28T03:15:01Z,IL,IL00080IE011700043,41.4314,-88.3454,56,Partly Cloudy,0,5,False,False,False,False,True,0.2
2026-09-28T03:15:01Z,IL,IL00024IW003700010,37.1593,-88.6798,65,Partly Cloudy,0,1,False,False,False,False,True,0.2
2026-09-28T03:15:01Z,IL,IL00055IN010400050,39.8627,-89.5948,63,Mostly Cloudy,0,5,False,False,False,False,True,0.2
2026-09-28T03:15:01Z,IL,IL00057IS011400023,38.5965,-88.9677,63,Mostly Cloudy,0,1,False,False,False,False,True,0.2
2026-09-28T03:15:01Z,IL,IL00057IN011400033,38.5963,-88.9638,63,Mostly Cloudy,0,1,False,False,False,False,True,0.2
2026-09-28T03:15:01Z,IL,IL00057IN022200048,39.9218,-88.299,58,Partly Cloudy,0,6,False,False,False,False,True,0.2
2026-09-28T03:15:01Z,IL,IL00057IN033300049,41.3892,-87.7729,54,Mostly Cloudy,0,5,False,False,False,False,True,0.2
2026-09-28T03:15:01Z,IL,IL00039IS008500026,41.7285,-89.0105,56,Partly Cloudy,0,5,False,False,False,False,True,0.2
2026-09-28T03:15:01Z,IL,IL00057IS022200054,39.9314,-88.3043,58,Partly Cloudy,0,6,False,False,False,False,True,0.2
2026-09-28T03:15:01Z,IL,IL00072IE015200041,39.9923,-88.7827,61,Partly Cloudy,0,7,False,False,False,False,True,0.2
2026-09-28T03:15:01Z,IL,IL00074IW006200004,40.8802,-90.0895,62,Mostly Cloudy,1,3,False,False,False,False,True,0.2
2026-09-28T03:15:01Z,IL,IL00074IE011400005,40.6125,-89.245,61,Partly Cloudy,0,5,False,False,False,False,True,0.2
2026-09-28T03:15:01Z,IL,IL00074IW020800052,40.1298,-87.7441,59,Partly Cloudy,0,5,False,False,False,False,True,0.2
2026-09-28T03:15:01Z,IL,IL00055IN002700029,38.8649,-89.8532,62,Mostly Cloudy,1,3,False,False,False,False,True,0.2
2026-09-28T03:15:01Z,IL,IL00055IS006400017,39.3523,-89.6447,60,Mostly Cloudy,0,3,False,False,False,False,True,0.2
2026-09-28T03:15:01Z,IL,IL00064IW002500011,38.5491,-89.7633,63,Mostly Cloudy,1,3,False,False,False,False,True,0.2
2026-09-28T03:15:01Z,IL,IL00074IE002800030,41.2334,-90.333,63,Mostly Cloudy,1,5,False,False,False,False,True,0.2
2026-09-28T03:15:01Z,IL,IL00064IE002500038,38.5481,-89.7731,64,Mostly Cloudy,1,2,False,False,False,False,True,0.2
2026-09-28T03:15:01Z,IL,IL00070IW008700045,39.0679,-88.6704,62,Mostly Cloudy,0,3,False,False,False,False,True,0.2
2026-09-28T03:15:01Z,IL,IL00057IS016500018,39.1993,-88.502,59,Partly Cloudy,0,5,False,False,False,False,True,0.2
2026-09-28T03:15:01Z,IL,IL00074IW011400006,40.6111,-89.2323,61,Partly Cloudy,0,5,False,False,False,False,True,0.2
2026-09-28T03:15:01Z,IL,IL00074IE006200001,40.8788,-90.0936,62,Mostly Cloudy,1,3,False,False,False,False,True,0.2
2026-09-28T03:15:01Z,IL,IL00070IW014900008,39.4228,-87.6617,56,Partly Cloudy,0,5,False,False,False,False,True,0.2
2026-09-28T03:15:01Z,IL,IL00057IN016500044,39.1898,-88.5031,63,Mostly Cloudy,0,5,False,False,False,False,True,0.2
2026-09-28T03:15:01Z,IL,IL00055IS010400024,39.8871,-89.5966,62,Mostly Cloudy,0,3,False,False,False,False,True,0.2
2026-09-28T03:15:01Z,IL,IL00057IS003200025,37.4699,-89.1329,64,Partly Cloudy,1,1,False,False,False,False,True,0.2
2026-09-28T03:15:01Z,IL,IL00057IN003200035,37.4661,-89.1324,64,Partly Cloudy,1,1,False,False,False,False,True,0.2
2026-09-28T03:15:01Z,IN,322,38.195,-87.8597,61,Partly Cloudy,0,2,False,False,False,False,False,0.0
2026-09-28T03:15:01Z,IN,317,38.5852,-85.7768,59,Clear,0,2,False,False,False,False,False,0.0
2026-09-28T03:15:01Z,IN,316,38.5859,-85.7809,59,Clear,0,2,False,False,False,False,False,0.0
2026-09-28T03:15:01Z,IN,315,39.2602,-85.9521,57,Clear,0,3,False,False,False,False,False,0.0
2026-09-28T03:15:01Z,IN,314,39.2767,-85.9569,57,Clear,0,3,False,False,False,False,False,0.0
2026-09-28T03:15:01Z,IN,313,40.1578,-86.5387,55,Clear,0,5,False,False,False,False,False,0.0
2026-09-28T03:15:01Z,IN,312,40.1722,-86.5522,56,Clear,0,5,False,False,False,False,False,0.0
2026-09-28T03:15:01Z,IN,311,40.6992,-87.0628,54,Partly Cloudy,0,5,False,False,False,False,False,0.0
2026-09-28T03:15:01Z,IN,310,40.6984,-87.0646,54,Partly Cloudy,0,5,False,False,False,False,False,0.0
2026-09-28T03:15:01Z,IN,308,41.1653,-87.271,50,Partly Cloudy,0,5,False,False,False,False,False,0.0
2026-09-28T03:15:01Z,IN,309,41.1666,-87.2749,50,Partly Cloudy,0,5,False,False,False,False,False,0.0
2026-09-28T03:15:01Z,IN,318,40.3543,-85.5576,54,Clear,0,3,False,False,False,False,False,0.0
2026-09-28T03:15:01Z,IN,319,40.3569,-85.56,54,Clear,0,3,False,False,False,False,False,0.0
2026-09-28T03:15:01Z,IN,320,41.2963,-85.0863,55,Clear,0,5,False,False,False,False,False,0.0
2026-09-28T03:15:01Z,IN,321,41.5803,-85.0597,55,Clear,0,5,False,False,False,False,False,0.0
2026-09-28T03:15:01Z,IN,300,39.4417,-87.5002,58,Partly Cloudy,0,3,False,False,False,False,False,0.0
2026-09-28T03:15:01Z,IN,302,39.6517,-86.3967,58,Clear,0,5,False,False,False,False,False,0.0
2026-09-28T03:15:01Z,IN,301,39.6541,-86.4005,58,Clear,0,5,False,False,False,False,False,0.0
2026-09-28T03:15:01Z,IN,303,39.8243,-85.7039,55,Clear,0,5,False,False,False,False,False,0.0
2026-09-28T03:15:01Z,IN,304,39.8266,-85.704,55,Clear,0,5,False,False,False,False,False,0.0
2026-09-28T03:15:01Z,IN,305,39.8605,-85.0259,53,Clear,0,3,False,False,False,False,False,0.0
2026-09-28T03:15:01Z,IN,323,39.29,-85.1688,54,Mostly Clear,0,2,False,False,False,False,False,0.0
2026-09-28T03:15:01Z,IN,702,41.7472,-85.3285,55,Mostly Clear,0,5,False,False,False,False,False,0.0
2026-09-28T03:15:01Z,IN,701,41.5889,-87.2173,56,Partly Cloudy,0,5,False,False,False,False,False,0.0
2026-09-28T03:15:01Z,IN,704,41.7058,-86.6212,53,Mostly Cloudy,0,5,False,False,False,False,False,0.0
2026-09-28T03:15:01Z,IN,703,41.7071,-86.6235,53,Mostly Cloudy,0,5,False,False,False,False,False,0.0
2026-09-28T03:15:01Z,IN,705,41.733,-86.0057,55,Partly Cloudy,0,5,False,False,False,False,False,0.0
2026-09-28T03:15:01Z,IN,708,41.7472,-85.3285,55,Mostly Clear,0,5,False,False,False,False,False,0.0
2026-09-28T03:15:01Z,IN,707,41.7453,-85.3287,55,Mostly Clear,0,5,False,False,False,False,False,0.0
2026-09-28T03:15:01Z,IN,324,41.7353,-86.7933,53,Mostly Cloudy,0,0,False,False,False,False,False,0.0
2026-09-28T03:15:01Z,KY,KY00065IS0000020N65WELCOM,36.6434,-86.5687,61,Partly Cloudy,0,5,False,False,False,False,False,0.0
2026-09-28T03:15:01Z,KY,KY00065IS000020NSMARATHON,36.6612,-86.5553,64,Partly Cloudy,0,3,False,False,False,False,False,0.0
2026-09-28T03:15:01Z,KY,KY00065IS0000340NWEIGHS34,36.6868,-86.5379,64,Partly Cloudy,0,3,False,False,False,False,False,0.0
2026-09-28T03:15:01Z,KY,KY00065IS0011400S65SRA114,37.9464,-85.6905,66,Clear,0,3,False,False,False,False,False,0.0
2026-09-28T03:15:01Z,KY,KY00065IS0005900S65SRA059,37.239,-85.9297,63,Mostly Clear,0,1,False,False,False,False,False,0.0
2026-09-28T03:15:01Z,KY,KY00065IS0005900N65NRA059,37.2384,-85.9271,63,Mostly Clear,0,1,False,False,False,False,False,0.0
2026-09-28T03:15:01Z,KY,KY00075IS0003300NWEIGHS33,37.0422,-84.0968,58,Clear,0,2,False,False,False,False,False,0.0
2026-09-28T03:15:01Z,KY,KY00075IS0003400SWEIGHS34,37.048,-84.0997,58,Clear,0,2,False,False,False,False,False,0.0
2026-09-28T03:15:01Z,KY,KY00075IS0017700N75NRA177,38.937,-84.6309,59,Clear,0,5,False,False,False,False,False,0.0
2026-09-28T03:15:01Z,KY,KY00075IS0007500SWALTONWS,38.8653,-84.6476,59,Clear,0,5,False,False,False,False,False,0.0
2026-09-28T03:15:01Z,KY,KY00075IS0017700S75SRA177,38.9388,-84.6339,59,Clear,0,5,False,False,False,False,False,0.0
2026-09-28T03:15:01Z,KY,KY00075IS0016800SCRITENWS,38.8196,-84.6015,59,Clear,0,5,False,False,False,False,False,0.0
2026-09-28T03:15:01Z,KY,KY00075IS0000100N75WELCOM,36.6162,-84.1054,56,Mostly Clear,0,1,False,False,False,False,False,0.0
2026-09-28T03:15:06Z,IL,IL00064IW008500012,38.2766,-88.8012,62,Mostly Cloudy,0,2,False,False,False,False,True,0.2
2026-09-28T03:15:06Z,IL,IL00057IN026800032,40.5505,-88.0605,57,Partly Cloudy,0,5,False,False,False,False,True,0.2
2026-09-28T03:15:06Z,IL,IL00070IE008600051,39.0651,-88.6745,62,Mostly Cloudy,0,3,False,False,False,False,True,0.2
2026-09-28T03:15:06Z,IL,IL00072IW015200014,39.9888,-88.7852,61,Partly Cloudy,0,7,False,False,False,False,True,0.2
2026-09-28T03:15:06Z,IL,IL00055IS019400021,40.8371,-88.6833,53,Partly Cloudy,0,5,False,False,False,False,True,0.2
2026-09-28T03:15:06Z,IL,IL00057IN007900034,38.0297,-88.9203,65,Mostly Cloudy,0,2,False,False,False,False,True,0.2
2026-09-28T03:15:06Z,IL,IL00057IS007900047,38.0962,-88.9138,67,Mostly Cloudy,0,2,False,False,False,False,True,0.2
2026-09-28T03:15:06Z,IL,IL00055IN006400027,39.3465,-89.6408,63,Mostly Cloudy,0,3,False,False,False,False,True,0.2
2026-09-28T03:15:06Z,IL,IL00039IN008500036,41.7236,-89.0062,56,Partly Cloudy,0,5,False,False,False,False,True,0.2
2026-09-28T03:15:06Z,IL,IL00070IE002700042,38.7849,-89.7023,64,Mostly Cloudy,1,3,False,False,False,False,True,0.2
2026-09-28T03:15:06Z,IL,IL00074IE015600037,40.2732,-88.6762,60,Partly Cloudy,0,7,False,False,False,False,True,0.2
2026-09-28T03:15:06Z,IL,IL00080IE005100040,41.3938,-89.5665,61,Mostly Cloudy,0,5,False,False,False,False,True,0.2
2026-09-28T03:15:06Z,IL,IL00055IN019400031,40.8234,-88.6875,53,Partly Cloudy,0,5,False,False,False,False,True,0.2
2026-09-28T03:15:06Z,IL,IL00064IW013000053,38.2322,-87.9882,61,Partly Cloudy,0,2,False,False,False,False,True,0.2
2026-09-28T03:15:06Z,IL,IL00055IS002700019,38.8723,-89.8511,62,Mostly Cloudy,1,3,False,False,False,False,True,0.2
2026-09-28T03:15:06Z,IL,IL00057IS033300046,41.3918,-87.7749,55,Mostly Cloudy,0,5,False,False,False,False,True,0.2
2026-09-28T03:15:06Z,IL,IL00064IE008500039,38.273,-88.8496,65,Mostly Cloudy,0,2,False,False,False,False,True,0.2
2026-09-28T03:15:06Z,IL,IL00074IW002800020,41.2141,-90.3308,63,Mostly Cloudy,1,5,False,False,False,False,True,0.2
2026-09-28T03:15:06Z,IL,IL00055IN014900028,40.3599,-89.1099,61,Partly Cloudy,0,6,False,False,False,False,True,0.2
2026-09-28T03:15:06Z,IL,IL00080IW005100013,41.3937,-89.5591,62,Mostly Cloudy,0,5,False,False,False,False,True,0.2
2026-09-28T03:15:06Z,IL,IL00080IW011700016,41.4473,-88.3285,56,Partly Cloudy,0,5,False,False,False,False,True,0.2
2026-09-28T03:15:06Z,IL,IL00074IW015600009,40.2711,-88.6701,61,Partly Cloudy,0,6,False,False,False,False,True,0.2
2026-09-28T03:15:06Z,IL,IL00070IW002700015,38.7884,-89.6889,64,Mostly Cloudy,1,3,False,False,False,False,True,0.2
2026-09-28T03:15:06Z,IL,IL00057IS026800022,40.5613,-88.0615,57,Partly Cloudy,0,5,False,False,False,False,True,0.2
2026-09-28T03:15:06Z,IL,IL00080IE011700043,41.4314,-88.3454,56,Partly Cloudy,0,5,False,False,False,False,True,0.2
2026-09-28T03:15:06Z,IL,IL00024IW003700010,37.1593,-88.6798,65,Partly Cloudy,0,1,False,False,False,False,True,0.2
2026-09-28T03:15:06Z,IL,IL00055IN010400050,39.8627,-89.5948,63,Mostly Cloudy,0,5,False,False,False,False,True,0.2
2026-09-28T03:15:06Z,IL,IL00057IS011400023,38.5965,-88.9677,63,Mostly Cloudy,0,1,False,False,False,False,True,0.2
2026-09-28T03:15:06Z,IL,IL00057IN011400033,38.5963,-88.9638,63,Mostly Cloudy,0,1,False,False,False,False,True,0.2
2026-09-28T03:15:06Z,IL,IL00057IN022200048,39.9218,-88.299,58,Partly Cloudy,0,6,False,False,False,False,True,0.2
2026-09-28T03:15:06Z,IL,IL00057IN033300049,41.3892,-87.7729,54,Mostly Cloudy,0,5,False,False,False,False,True,0.2
2026-09-28T03:15:06Z,IL,IL00039IS008500026,41.7285,-89.0105,56,Partly Cloudy,0,5,False,False,False,False,True,0.2
2026-09-28T03:15:06Z,IL,IL00057IS022200054,39.9314,-88.3043,58,Partly Cloudy,0,6,False,False,False,False,True,0.2
2026-09-28T03:15:06Z,IL,IL00072IE015200041,39.9923,-88.7827,61,Partly Cloudy,0,7,False,False,False,False,True,0.2
2026-09-28T03:15:06Z,IL,IL00074IW006200004,40.8802,-90.0895,62,Mostly Cloudy,1,3,False,False,False,False,True,0.2
2026-09-28T03:15:06Z,IL,IL00074IE011400005,40.6125,-89.245,61,Partly Cloudy,0,5,False,False,False,False,True,0.2
2026-09-28T03:15:06Z,IL,IL00074IW020800052,40.1298,-87.7441,59,Partly Cloudy,0,5,False,False,False,False,True,0.2
2026-09-28T03:15:06Z,IL,IL00055IN002700029,38.8649,-89.8532,62,Mostly Cloudy,1,3,False,False,False,False,True,0.2
2026-09-28T03:15:06Z,IL,IL00055IS006400017,39.3523,-89.6447,60,Mostly Cloudy,0,3,False,False,False,False,True,0.2
2026-09-28T03:15:06Z,IL,IL00064IW002500011,38.5491,-89.7633,63,Mostly Cloudy,1,3,False,False,False,False,True,0.2
2026-09-28T03:15:06Z,IL,IL00074IE002800030,41.2334,-90.333,63,Mostly Cloudy,1,5,False,False,False,False,True,0.2
2026-09-28T03:15:06Z,IL,IL00064IE002500038,38.5481,-89.7731,64,Mostly Cloudy,1,2,False,False,False,False,True,0.2
2026-09-28T03:15:06Z,IL,IL00070IW008700045,39.0679,-88.6704,62,Mostly Cloudy,0,3,False,False,False,False,True,0.2
2026-09-28T03:15:06Z,IL,IL00057IS016500018,39.1993,-88.502,59,Partly Cloudy,0,5,False,False,False,False,True,0.2
2026-09-28T03:15:06Z,IL,IL00074IW011400006,40.6111,-89.2323,61,Partly Cloudy,0,5,False,False,False,False,True,0.2
2026-09-28T03:15:06Z,IL,IL00074IE006200001,40.8788,-90.0936,62,Mostly Cloudy,1,3,False,False,False,False,True,0.2
2026-09-28T03:15:06Z,IL,IL00070IW014900008,39.4228,-87.6617,56,Partly Cloudy,0,5,False,False,False,False,True,0.2
2026-09-28T03:15:06Z,IL,IL00057IN016500044,39.1898,-88.5031,63,Mostly Cloudy,0,5,False,False,False,False,True,0.2
2026-09-28T03:15:06Z,IL,IL00055IS010400024,39.8871,-89.5966,62,Mostly Cloudy,0,3,False,False,False,False,True,0.2
2026-09-28T03:15:06Z,IL,IL00057IS003200025,37.4699,-89.1329,64,Partly Cloudy,1,1,False,False,False,False,True,0.2
2026-09-28T03:15:06Z,IL,IL00057IN003200035,37.4661,-89.1324,64,Partly Cloudy,1,1,False,False,False,False,True,0.2
2026-09-28T03:15:06Z,IN,322,38.195,-87.8597,61,Partly Cloudy,0,2,False,False,False,False,False,0.0
2026-09-28T03:15:06Z,IN,317,38.5852,-85.7768,59,Clear,0,2,False,False,False,False,False,0.0
2026-09-28T03:15:06Z,IN,316,38.5859,-85.7809,59,Clear,0,2,False,False,False,False,False,0.0
2026-09-28T03:15:06Z,IN,315,39.2602,-85.9521,57,Clear,0,3,False,False,False,False,False,0.0
2026-09-28T03:15:06Z,IN,314,39.2767,-85.9569,57,Clear,0,3,False,False,False,False,False,0.0
2026-09-28T03:15:06Z,IN,313,40.1578,-86.5387,55,Clear,0,5,False,False,False,False,False,0.0
2026-09-28T03:15:06Z,IN,312,40.1722,-86.5522,56,Clear,0,5,False,False,False,False,False,0.0
2026-09-28T03:15:06Z,IN,311,40.6992,-87.0628,54,Partly Cloudy,0,5,False,False,False,False,False,0.0
2026-09-28T03:15:06Z,IN,310,40.6984,-87.0646,54,Partly Cloudy,0,5,False,False,False,False,False,0.0
2026-09-28T03:15:06Z,IN,308,41.1653,-87.271,50,Partly Cloudy,0,5,False,False,False,False,False,0.0
2026-09-28T03:15:06Z,IN,309,41.1666,-87.2749,50,Partly Cloudy,0,5,False,False,False,False,False,0.0
2026-09-28T03:15:06Z,IN,318,40.3543,-85.5576,54,Clear,0,3,False,False,False,False,False,0.0
2026-09-28T03:15:06Z,IN,319,40.3569,-85.56,54,Clear,0,3,False,False,False,False,False,0.0
2026-09-28T03:15:06Z,IN,320,41.2963,-85.0863,55,Clear,0,5,False,False,False,False,False,0.0
2026-09-28T03:15:06Z,IN,321,41.5803,-85.0597,55,Clear,0,5,False,False,False,False,False,0.0
2026-09-28T03:15:06Z,IN,300,39.4417,-87.5002,58,Partly Cloudy,0,3,False,False,False,False,False,0.0
2026-09-28T03:15:06Z,IN,302,39.6517,-86.3967,58,Clear,0,5,False,False,False,False,False,0.0
2026-09-28T03:15:06Z,IN,301,39.6541,-86.4005,58,Clear,0,5,False,False,False,False,False,0.0
2026-09-28T03:15:06Z,IN,303,39.8243,-85.7039,55,Clear,0,5,False,False,False,False,False,0.0
2026-09-28T03:15:06Z,IN,304,39.8266,-85.704,55,Clear,0,5,False,False,False,False,False,0.0
2026-09-28T03:15:06Z,IN,305,39.8605,-85.0259,53,Clear,0,3,False,False,False,False,False,0.0
2026-09-28T03:15:06Z,IN,323,39.29,-85.1688,54,Mostly Clear,0,2,False,False,False,False,False,0.0
2026-09-28T03:15:06Z,IN,702,41.7472,-85.3285,55,Mostly Clear,0,5,False,False,False,False,False,0.0
2026-09-28T03:15:06Z,IN,701,41.5889,-87.2173,56,Partly Cloudy,0,5,False,False,False,False,False,0.0
2026-09-28T03:15:06Z,IN,704,41.7058,-86.6212,53,Mostly Cloudy,0,5,False,False,False,False,False,0.0
2026-09-28T03:15:06Z,IN,703,41.7071,-86.6235,53,Mostly Cloudy,0,5,False,False,False,False,False,0.0
2026-09-28T03:15:06Z,IN,705,41.733,-86.0057,55,Partly Cloudy,0,5,False,False,False,False,False,0.0
2026-09-28T03:15:06Z,IN,708,41.7472,-85.3285,55,Mostly Clear,0,5,False,False,False,False,False,0.0
2026-09-28T03:15:06Z,IN,707,41.7453,-85.3287,55,Mostly Clear,0,5,False,False,False,False,False,0.0
2026-09-28T03:15:06Z,IN,324,41.7353,-86.7933,53,Mostly Cloudy,0,0,False,False,False,False,False,0.0
2026-09-28T03:15:06Z,KY,KY00065IS0000020N65WELCOM,36.6434,-86.5687,61,Partly Cloudy,0,5,False,False,False,False,False,0.0
2026-09-28T03:15:06Z,KY,KY00065IS000020NSMARATHON,36.6612,-86.5553,64,Partly Cloudy,0,3,False,False,False,False,False,0.0
2026-09-28T03:15:06Z,KY,KY00065IS0000340NWEIGHS34,36.6868,-86.5379,64,Partly Cloudy,0,3,False,False,False,False,False,0.0
2026-09-28T03:15:06Z,KY,KY00065IS0011400S65SRA114,37.9464,-85.6905,66,Clear,0,3,False,False,False,False,False,0.0
2026-09-28T03:15:06Z,KY,KY00065IS0005900S65SRA059,37.239,-85.9297,63,Mostly Clear,0,1,False,False,False,False,False,0.0
2026-09-28T03:15:06Z,KY,KY00065IS0005900N65NRA059,37.2384,-85.9271,63,Mostly Clear,0,1,False,False,False,False,False,0.0
2026-09-28T03:15:06Z,KY,KY00075IS0003300NWEIGHS33,37.0422,-84.0968,58,Clear,0,2,False,False,False,False,False,0.0
2026-09-28T03:15:06Z,KY,KY00075IS0003400SWEIGHS34,37.048,-84.0997,58,Clear,0,2,False,False,False,False,False,0.0
2026-09-28T03:15:06Z,KY,KY00075IS0017700N75NRA177,38.937,-84.6309,59,Clear,0,5,False,False,False,False,False,0.0
2026-09-28T03:15:06Z,KY,KY00075IS0007500SWALTONWS,38.8653,-84.6476,59,Clear,0,5,False,False,False,False,False,0.0
2026-09-28T03:15:06Z,KY,KY00075IS0017700S75SRA177,38.9388,-84.6339,59,Clear,0,5,False,False,False,False,False,0.0
2026-09-28T03:15:06Z,KY,KY00075IS0016800SCRITENWS,38.8196,-84.6015,59,Clear,0,5,False,False,False,False,False,0.0
2026-09-28T03:15:06Z,KY,KY00075IS0000100N75WELCOM,36.6162,-84.1054,56,Mostly Clear,0,1,False,False,False,False,False,0.0
2026-09-28T03:15:10Z,IL,IL00064IW008500012,38.2766,-88.8012,62,Mostly Cloudy,0,2,False,False,False,False,True,0.2
2026-09-28T03:15:10Z,IL,IL00057IN026800032,40.5505,-88.0605,57,Partly Cloudy,0,5,False,False,False,False,True,0.2
2026-09-28T03:15:10Z,IL,IL00070IE008600051,39.0651,-88.6745,62,Mostly Cloudy,0,3,False,False,False,False,True,0.2
2026-09-28T03:15:10Z,IL,IL00072IW015200014,39.9888,-88.7852,61,Partly Cloudy,0,7,False,False,False,False,True,0.2
2026-09-28T03:15:10Z,IL,IL00055IS019400021,40.8371,-88.6833,53,Partly Cloudy,0,5,False,False,False,False,True,0.2
2026-09-28T03:15:10Z,IL,IL00057IN007900034,38.0297,-88.9203,65,Mostly Cloudy,0,2,False,False,False,False,True,0.2
2026-09-28T03:15:10Z,IL,IL00057IS007900047,38.0962,-88.9138,67,Mostly Cloudy,0,2,False,False,False,False,True,0.2
2026-09-28T03:15:10Z,IL,IL00055IN006400027,39.3465,-89.6408,63,Mostly Cloudy,0,3,False,False,False,False,True,0.2
2026-09-28T03:15:10Z,IL,IL00039IN008500036,41.7236,-89.0062,56,Partly Cloudy,0,5,False,False,False,False,True,0.2
2026-09-28T03:15:10Z,IL,IL00070IE002700042,38.7849,-89.7023,64,Mostly Cloudy,1,3,False,False,False,False,True,0.2
2026-09-28T03:15:10Z,IL,IL00074IE015600037,40.2732,-88.6762,60,Partly Cloudy,0,7,False,False,False,False,True,0.2
2026-09-28T03:15:10Z,IL,IL00080IE005100040,41.3938,-89.5665,61,Mostly Cloudy,0,5,False,False,False,False,True,0.2
2026-09-28T03:15:10Z,IL,IL00055IN019400031,40.8234,-88.6875,53,Partly Cloudy,0,5,False,False,False,False,True,0.2
2026-09-28T03:15:10Z,IL,IL00064IW013000053,38.2322,-87.9882,61,Partly Cloudy,0,2,False,False,False,False,True,0.2
2026-09-28T03:15:10Z,IL,IL00055IS002700019,38.8723,-89.8511,62,Mostly Cloudy,1,3,False,False,False,False,True,0.2
2026-09-28T03:15:10Z,IL,IL00057IS033300046,41.3918,-87.7749,55,Mostly Cloudy,0,5,False,False,False,False,True,0.2
2026-09-28T03:15:10Z,IL,IL00064IE008500039,38.273,-88.8496,65,Mostly Cloudy,0,2,False,False,False,False,True,0.2
2026-09-28T03:15:10Z,IL,IL00074IW002800020,41.2141,-90.3308,63,Mostly Cloudy,1,5,False,False,False,False,True,0.2
2026-09-28T03:15:10Z,IL,IL00055IN014900028,40.3599,-89.1099,61,Partly Cloudy,0,6,False,False,False,False,True,0.2
2026-09-28T03:15:10Z,IL,IL00080IW005100013,41.3937,-89.5591,62,Mostly Cloudy,0,5,False,False,False,False,True,0.2
2026-09-28T03:15:10Z,IL,IL00080IW011700016,41.4473,-88.3285,56,Partly Cloudy,0,5,False,False,False,False,True,0.2
2026-09-28T03:15:10Z,IL,IL00074IW015600009,40.2711,-88.6701,61,Partly Cloudy,0,6,False,False,False,False,True,0.2
2026-09-28T03:15:10Z,IL,IL00070IW002700015,38.7884,-89.6889,64,Mostly Cloudy,1,3,False,False,False,False,True,0.2
2026-09-28T03:15:10Z,IL,IL00057IS026800022,40.5613,-88.0615,57,Partly Cloudy,0,5,False,False,False,False,True,0.2
2026-09-28T03:15:10Z,IL,IL00080IE011700043,41.4314,-88.3454,56,Partly Cloudy,0,5,False,False,False,False,True,0.2
2026-09-28T03:15:10Z,IL,IL00024IW003700010,37.1593,-88.6798,65,Partly Cloudy,0,1,False,False,False,False,True,0.2
2026-09-28T03:15:10Z,IL,IL00055IN010400050,39.8627,-89.5948,63,Mostly Cloudy,0,5,False,False,False,False,True,0.2
2026-09-28T03:15:10Z,IL,IL00057IS011400023,38.5965,-88.9677,63,Mostly Cloudy,0,1,False,False,False,False,True,0.2
2026-09-28T03:15:10Z,IL,IL00057IN011400033,38.5963,-88.9638,63,Mostly Cloudy,0,1,False,False,False,False,True,0.2
2026-09-28T03:15:10Z,IL,IL00057IN022200048,39.9218,-88.299,58,Partly Cloudy,0,6,False,False,False,False,True,0.2
2026-09-28T03:15:10Z,IL,IL00057IN033300049,41.3892,-87.7729,54,Mostly Cloudy,0,5,False,False,False,False,True,0.2
2026-09-28T03:15:10Z,IL,IL00039IS008500026,41.7285,-89.0105,56,Partly Cloudy,0,5,False,False,False,False,True,0.2
2026-09-28T03:15:10Z,IL,IL00057IS022200054,39.9314,-88.3043,58,Partly Cloudy,0,6,False,False,False,False,True,0.2
2026-09-28T03:15:10Z,IL,IL00072IE015200041,39.9923,-88.7827,61,Partly Cloudy,0,7,False,False,False,False,True,0.2
2026-09-28T03:15:10Z,IL,IL00074IW006200004,40.8802,-90.0895,62,Mostly Cloudy,1,3,False,False,False,False,True,0.2
2026-09-28T03:15:10Z,IL,IL00074IE011400005,40.6125,-89.245,61,Partly Cloudy,0,5,False,False,False,False,True,0.2
2026-09-28T03:15:10Z,IL,IL00074IW020800052,40.1298,-87.7441,59,Partly Cloudy,0,5,False,False,False,False,True,0.2
2026-09-28T03:15:10Z,IL,IL00055IN002700029,38.8649,-89.8532,62,Mostly Cloudy,1,3,False,False,False,False,True,0.2
2026-09-28T03:15:10Z,IL,IL00055IS006400017,39.3523,-89.6447,60,Mostly Cloudy,0,3,False,False,False,False,True,0.2
2026-09-28T03:15:10Z,IL,IL00064IW002500011,38.5491,-89.7633,63,Mostly Cloudy,1,3,False,False,False,False,True,0.2
2026-09-28T03:15:10Z,IL,IL00074IE002800030,41.2334,-90.333,63,Mostly Cloudy,1,5,False,False,False,False,True,0.2
2026-09-28T03:15:10Z,IL,IL00064IE002500038,38.5481,-89.7731,64,Mostly Cloudy,1,2,False,False,False,False,True,0.2
2026-09-28T03:15:10Z,IL,IL00070IW008700045,39.0679,-88.6704,62,Mostly Cloudy,0,3,False,False,False,False,True,0.2
2026-09-28T03:15:10Z,IL,IL00057IS016500018,39.1993,-88.502,59,Partly Cloudy,0,5,False,False,False,False,True,0.2
2026-09-28T03:15:10Z,IL,IL00074IW011400006,40.6111,-89.2323,61,Partly Cloudy,0,5,False,False,False,False,True,0.2
2026-09-28T03:15:10Z,IL,IL00074IE006200001,40.8788,-90.0936,62,Mostly Cloudy,1,3,False,False,False,False,True,0.2
2026-09-28T03:15:10Z,IL,IL00070IW014900008,39.4228,-87.6617,56,Partly Cloudy,0,5,False,False,False,False,True,0.2
2026-09-28T03:15:10Z,IL,IL00057IN016500044,39.1898,-88.5031,63,Mostly Cloudy,0,5,False,False,False,False,True,0.2
2026-09-28T03:15:10Z,IL,IL00055IS010400024,39.8871,-89.5966,62,Mostly Cloudy,0,3,False,False,False,False,True,0.2
2026-09-28T03:15:10Z,IL,IL00057IS003200025,37.4699,-89.1329,64,Partly Cloudy,1,1,False,False,False,False,True,0.2
2026-09-28T03:15:10Z,IL,IL00057IN003200035,37.4661,-89.1324,64,Partly Cloudy,1,1,False,False,False,False,True,0.2
2026-09-28T03:15:10Z,IN,322,38.195,-87.8597,61,Partly Cloudy,0,2,False,False,False,False,False,0.0
2026-09-28T03:15:10Z,IN,317,38.5852,-85.7768,59,Clear,0,2,False,False,False,False,False,0.0
2026-09-28T03:15:10Z,IN,316,38.5859,-85.7809,59,Clear,0,2,False,False,False,False,False,0.0
2026-09-28T03:15:10Z,IN,315,39.2602,-85.9521,57,Clear,0,3,False,False,False,False,False,0.0
2026-09-28T03:15:10Z,IN,314,39.2767,-85.9569,57,Clear,0,3,False,False,False,False,False,0.0
2026-09-28T03:15:10Z,IN,313,40.1578,-86.5387,55,Clear,0,5,False,False,False,False,False,0.0
2026-09-28T03:15:10Z,IN,312,40.1722,-86.5522,56,Clear,0,5,False,False,False,False,False,0.0
2026-09-28T03:15:10Z,IN,311,40.6992,-87.0628,54,Partly Cloudy,0,5,False,False,False,False,False,0.0
2026-09-28T03:15:10Z,IN,310,40.6984,-87.0646,54,Partly Cloudy,0,5,False,False,False,False,False,0.0
2026-09-28T03:15:10Z,IN,308,41.1653,-87.271,50,Partly Cloudy,0,5,False,False,False,False,False,0.0
2026-09-28T03:15:10Z,IN,309,41.1666,-87.2749,50,Partly Cloudy,0,5,False,False,False,False,False,0.0
2026-09-28T03:15:10Z,IN,318,40.3543,-85.5576,54,Clear,0,3,False,False,False,False,False,0.0
2026-09-28T03:15:10Z,IN,319,40.3569,-85.56,54,Clear,0,3,False,False,False,False,False,0.0
2026-09-28T03:15:10Z,IN,320,41.2963,-85.0863,55,Clear,0,5,False,False,False,False,False,0.0
2026-09-28T03:15:10Z,IN,321,41.5803,-85.0597,55,Clear,0,5,False,False,False,False,False,0.0
2026-09-28T03:15:10Z,IN,300,39.4417,-87.5002,58,Partly Cloudy,0,3,False,False,False,False,False,0.0
2026-09-28T03:15:10Z,IN,302,39.6517,-86.3967,58,Clear,0,5,False,False,False,False,False,0.0
2026-09-28T03:15:10Z,IN,301,39.6541,-86.4005,58,Clear,0,5,False,False,False,False,False,0.0
2026-09-28T03:15:10Z,IN,303,39.8243,-85.7039,55,Clear,0,5,False,False,False,False,False,0.0
2026-09-28T03:15:10Z,IN,304,39.8266,-85.704,55,Clear,0,5,False,False,False,False,False,0.0
2026-09-28T03:15:10Z,IN,305,39.8605,-85.0259,53,Clear,0,3,False,False,False,False,False,0.0
2026-09-28T03:15:10Z,IN,323,39.29,-85.1688,54,Mostly Clear,0,2,False,False,False,False,False,0.0
2026-09-28T03:15:10Z,IN,702,41.7472,-85.3285,55,Mostly Clear,0,5,False,False,False,False,False,0.0
2026-09-28T03:15:10Z,IN,701,41.5889,-87.2173,56,Partly Cloudy,0,5,False,False,False,False,False,0.0
2026-09-28T03:15:10Z,IN,704,41.7058,-86.6212,53,Mostly Cloudy,0,5,False,False,False,False,False,0.0
2026-09-28T03:15:10Z,IN,703,41.7071,-86.6235,53,Mostly Cloudy,0,5,False,False,False,False,False,0.0
2026-09-28T03:15:10Z,IN,705,41.733,-86.0057,55,Partly Cloudy,0,5,False,False,False,False,False,0.0
2026-09-28T03:15:10Z,IN,708,41.7472,-85.3285,55,Mostly Clear,0,5,False,False,False,False,False,0.0
2026-09-28T03:15:10Z,IN,707,41.7453,-85.3287,55,Mostly Clear,0,5,False,False,False,False,False,0.0
2026-09-28T03:15:10Z,IN,324,41.7353,-86.7933,53,Mostly Cloudy,0,0,False,False,False,False,False,0.0
2026-09-28T03:15:10Z,KY,KY00065IS0000020N65WELCOM,36.6434,-86.5687,61,Partly Cloudy,0,5,False,False,False,False,False,0.0
2026-09-28T03:15:10Z,KY,KY00065IS000020NSMARATHON,36.6612,-86.5553,64,Partly Cloudy,0,3,False,False,False,False,False,0.0
2026-09-28T03:15:10Z,KY,KY00065IS0000340NWEIGHS34,36.6868,-86.5379,64,Partly Cloudy,0,3,False,False,False,False,False,0.0
2026-09-28T03:15:10Z,KY,KY00065IS0011400S65SRA114,37.9464,-85.6905,66,Clear,0,3,False,False,False,False,False,0.0
2026-09-28T03:15:10Z,KY,KY00065IS0005900S65SRA059,37.239,-85.9297,63,Mostly Clear,0,1,False,False,False,False,False,0.0
2026-09-28T03:15:10Z,KY,KY00065IS0005900N65NRA059,37.2384,-85.9271,63,Mostly Clear,0,1,False,False,False,False,False,0.0
2026-09-28T03:15:10Z,KY,KY00075IS0003300NWEIGHS33,37.0422,-84.0968,58,Clear,0,2,False,False,False,False,False,0.0
2026-09-28T03:15:10Z,KY,KY00075IS0003400SWEIGHS34,37.048,-84.0997,58,Clear,0,2,False,False,False,False,False,0.0
2026-09-28T03:15:10Z,KY,KY00075IS0017700N75NRA177,38.937,-84.6309,59,Clear,0,5,False,False,False,False,False,0.0
2026-09-28T03:15:10Z,KY,KY00075IS0007500SWALTONWS,38.8653,-84.6476,59,Clear,0,5,False,False,False,False,False,0.0
2026-09-28T03:15:10Z,KY,KY00075IS0017700S75SRA177,38.9388,-84.6339,59,Clear,0,5,False,False,False,False,False,0.0
2026-09-28T03:15:10Z,KY,KY00075IS0016800SCRITENWS,38.8196,-84.6015,59,Clear,0,5,False,False,False,False,False,0.0
2026-09-28T03:15:10Z,KY,KY00075IS0000100N75WELCOM,36.6162,-84.1054,56,Mostly Clear,0,1,False,False,False,False,False,0.0
2026-09-28T03:15:15Z,IL,IL00064IW008500012,38.2766,-88.8012,62,Mostly Cloudy,0,2,False,False,False,False,True,0.2
2026-09-28T03:15:15Z,IL,IL00057IN026800032,40.5505,-88.0605,57,Partly Cloudy,0,5,False,False,False,False,True,0.2
2026-09-28T03:15:15Z,IL,IL00070IE008600051,39.0651,-88.6745,62,Mostly Cloudy,0,3,False,False,False,False,True,0.2
2026-09-28T03:15:15Z,IL,IL00072IW015200014,39.9888,-88.7852,61,Partly Cloudy,0,7,False,False,False,False,True,0.2
2026-09-28T03:15:15Z,IL,IL00055IS019400021,40.8371,-88.6833,53,Partly Cloudy,0,5,False,False,False,False,True,0.2
2026-09-28T03:15:15Z,IL,IL00057IN007900034,38.0297,-88.9203,65,Mostly Cloudy,0,2,False,False,False,False,True,0.2
2026-09-28T03:15:15Z,IL,IL00057IS007900047,38.0962,-88.9138,67,Mostly Cloudy,0,2,False,False,False,False,True,0.2
2026-09-28T03:15:15Z,IL,IL00055IN006400027,39.3465,-89.6408,63,Mostly Cloudy,0,3,False,False,False,False,True,0.2
2026-09-28T03:15:15Z,IL,IL00039IN008500036,41.7236,-89.0062,56,Partly Cloudy,0,5,False,False,False,False,True,0.2
2026-09-28T03:15:15Z,IL,IL00070IE002700042,38.7849,-89.7023,64,Mostly Cloudy,1,3,False,False,False,False,True,0.2
2026-09-28T03:15:15Z,IL,IL00074IE015600037,40.2732,-88.6762,60,Partly Cloudy,0,7,False,False,False,False,True,0.2
2026-09-28T03:15:15Z,IL,IL00080IE005100040,41.3938,-89.5665,61,Mostly Cloudy,0,5,False,False,False,False,True,0.2
2026-09-28T03:15:15Z,IL,IL00055IN019400031,40.8234,-88.6875,53,Partly Cloudy,0,5,False,False,False,False,True,0.2
2026-09-28T03:15:15Z,IL,IL00064IW013000053,38.2322,-87.9882,61,Partly Cloudy,0,2,False,False,False,False,True,0.2
2026-09-28T03:15:15Z,IL,IL00055IS002700019,38.8723,-89.8511,62,Mostly Cloudy,1,3,False,False,False,False,True,0.2
2026-09-28T03:15:15Z,IL,IL00057IS033300046,41.3918,-87.7749,55,Mostly Cloudy,0,5,False,False,False,False,True,0.2
2026-09-28T03:15:15Z,IL,IL00064IE008500039,38.273,-88.8496,65,Mostly Cloudy,0,2,False,False,False,False,True,0.2
2026-09-28T03:15:15Z,IL,IL00074IW002800020,41.2141,-90.3308,63,Mostly Cloudy,1,5,False,False,False,False,True,0.2
2026-09-28T03:15:15Z,IL,IL00055IN014900028,40.3599,-89.1099,61,Partly Cloudy,0,6,False,False,False,False,True,0.2
2026-09-28T03:15:15Z,IL,IL00080IW005100013,41.3937,-89.5591,62,Mostly Cloudy,0,5,False,False,False,False,True,0.2
2026-09-28T03:15:15Z,IL,IL00080IW011700016,41.4473,-88.3285,56,Partly Cloudy,0,5,False,False,False,False,True,0.2
2026-09-28T03:15:15Z,IL,IL00074IW015600009,40.2711,-88.6701,61,Partly Cloudy,0,6,False,False,False,False,True,0.2
2026-09-28T03:15:15Z,IL,IL00070IW002700015,38.7884,-89.6889,64,Mostly Cloudy,1,3,False,False,False,False,True,0.2
2026-09-28T03:15:15Z,IL,IL00057IS026800022,40.5613,-88.0615,57,Partly Cloudy,0,5,False,False,False,False,True,0.2
2026-09-28T03:15:15Z,IL,IL00080IE011700043,41.4314,-88.3454,56,Partly Cloudy,0,5,False,False,False,False,True,0.2
2026-09-28T03:15:15Z,IL,IL00024IW003700010,37.1593,-88.6798,65,Partly Cloudy,0,1,False,False,False,False,True,0.2
2026-09-28T03:15:15Z,IL,IL00055IN010400050,39.8627,-89.5948,63,Mostly Cloudy,0,5,False,False,False,False,True,0.2
2026-09-28T03:15:15Z,IL,IL00057IS011400023,38.5965,-88.9677,63,Mostly Cloudy,0,1,False,False,False,False,True,0.2
2026-09-28T03:15:15Z,IL,IL00057IN011400033,38.5963,-88.9638,63,Mostly Cloudy,0,1,False,False,False,False,True,0.2
2026-09-28T03:15:15Z,IL,IL00057IN022200048,39.9218,-88.299,58,Partly Cloudy,0,6,False,False,False,False,True,0.2
2026-09-28T03:15:15Z,IL,IL00057IN033300049,41.3892,-87.7729,54,Mostly Cloudy,0,5,False,False,False,False,True,0.2
2026-09-28T03:15:15Z,IL,IL00039IS008500026,41.7285,-89.0105,56,Partly Cloudy,0,5,False,False,False,False,True,0.2
2026-09-28T03:15:15Z,IL,IL00057IS022200054,39.9314,-88.3043,58,Partly Cloudy,0,6,False,False,False,False,True,0.2
2026-09-28T03:15:15Z,IL,IL00072IE015200041,39.9923,-88.7827,61,Partly Cloudy,0,7,False,False,False,False,True,0.2
2026-09-28T03:15:15Z,IL,IL00074IW006200004,40.8802,-90.0895,62,Mostly Cloudy,1,3,False,False,False,False,True,0.2
2026-09-28T03:15:15Z,IL,IL00074IE011400005,40.6125,-89.245,61,Partly Cloudy,0,5,False,False,False,False,True,0.2
2026-09-28T03:15:15Z,IL,IL00074IW020800052,40.1298,-87.7441,59,Partly Cloudy,0,5,False,False,False,False,True,0.2
2026-09-28T03:15:15Z,IL,IL00055IN002700029,38.8649,-89.8532,62,Mostly Cloudy,1,3,False,False,False,False,True,0.2
2026-09-28T03:15:15Z,IL,IL00055IS006400017,39.3523,-89.6447,60,Mostly Cloudy,0,3,False,False,False,False,True,0.2
2026-09-28T03:15:15Z,IL,IL00064IW002500011,38.5491,-89.7633,63,Mostly Cloudy,1,3,False,False,False,False,True,0.2
2026-09-28T03:15:15Z,IL,IL00074IE002800030,41.2334,-90.333,63,Mostly Cloudy,1,5,False,False,False,False,True,0.2
2026-09-28T03:15:15Z,IL,IL00064IE002500038,38.5481,-89.7731,64,Mostly Cloudy,1,2,False,False,False,False,True,0.2
2026-09-28T03:15:15Z,IL,IL00070IW008700045,39.0679,-88.6704,62,Mostly Cloudy,0,3,False,False,False,False,True,0.2
2026-09-28T03:15:15Z,IL,IL00057IS016500018,39.1993,-88.502,59,Partly Cloudy,0,5,False,False,False,False,True,0.2
2026-09-28T03:15:15Z,IL,IL00074IW011400006,40.6111,-89.2323,61,Partly Cloudy,0,5,False,False,False,False,True,0.2
2026-09-28T03:15:15Z,IL,IL00074IE006200001,40.8788,-90.0936,62,Mostly Cloudy,1,3,False,False,False,False,True,0.2
2026-09-28T03:15:15Z,IL,IL00070IW014900008,39.4228,-87.6617,56,Partly Cloudy,0,5,False,False,False,False,True,0.2
2026-09-28T03:15:15Z,IL,IL00057IN016500044,39.1898,-88.5031,63,Mostly Cloudy,0,5,False,False,False,False,True,0.2
2026-09-28T03:15:15Z,IL,IL00055IS010400024,39.8871,-89.5966,62,Mostly Cloudy,0,3,False,False,False,False,True,0.2
2026-09-28T03:15:15Z,IL,IL00057IS003200025,37.4699,-89.1329,64,Partly Cloudy,1,1,False,False,False,False,True,0.2
2026-09-28T03:15:15Z,IL,IL00057IN003200035,37.4661,-89.1324,64,Partly Cloudy,1,1,False,False,False,False,True,0.2
2026-09-28T03:15:15Z,IN,322,38.195,-87.8597,61,Partly Cloudy,0,2,False,False,False,False,False,0.0
2026-09-28T03:15:15Z,IN,317,38.5852,-85.7768,59,Clear,0,2,False,False,False,False,False,0.0
2026-09-28T03:15:15Z,IN,316,38.5859,-85.7809,59,Clear,0,2,False,False,False,False,False,0.0
2026-09-28T03:15:15Z,IN,315,39.2602,-85.9521,57,Clear,0,3,False,False,False,False,False,0.0
2026-09-28T03:15:15Z,IN,314,39.2767,-85.9569,57,Clear,0,3,False,False,False,False,False,0.0
2026-09-28T03:15:15Z,IN,313,40.1578,-86.5387,55,Clear,0,5,False,False,False,False,False,0.0
2026-09-28T03:15:15Z,IN,312,40.1722,-86.5522,56,Clear,0,5,False,False,False,False,False,0.0
2026-09-28T03:15:15Z,IN,311,40.6992,-87.0628,54,Partly Cloudy,0,5,False,False,False,False,False,0.0
2026-09-28T03:15:15Z,IN,310,40.6984,-87.0646,54,Partly Cloudy,0,5,False,False,False,False,False,0.0
2026-09-28T03:15:15Z,IN,308,41.1653,-87.271,50,Partly Cloudy,0,5,False,False,False,False,False,0.0
2026-09-28T03:15:15Z,IN,309,41.1666,-87.2749,50,Partly Cloudy,0,5,False,False,False,False,False,0.0
2026-09-28T03:15:15Z,IN,318,40.3543,-85.5576,54,Clear,0,3,False,False,False,False,False,0.0
2026-09-28T03:15:15Z,IN,319,40.3569,-85.56,54,Clear,0,3,False,False,False,False,False,0.0
2026-09-28T03:15:15Z,IN,320,41.2963,-85.0863,55,Clear,0,5,False,False,False,False,False,0.0
2026-09-28T03:15:15Z,IN,321,41.5803,-85.0597,55,Clear,0,5,False,False,False,False,False,0.0
2026-09-28T03:15:15Z,IN,300,39.4417,-87.5002,58,Partly Cloudy,0,3,False,False,False,False,False,0.0
2026-09-28T03:15:15Z,IN,302,39.6517,-86.3967,58,Clear,0,5,False,False,False,False,False,0.0
2026-09-28T03:15:15Z,IN,301,39.6541,-86.4005,58,Clear,0,5,False,False,False,False,False,0.0
2026-09-28T03:15:15Z,IN,303,39.8243,-85.7039,55,Clear,0,5,False,False,False,False,False,0.0
2026-09-28T03:15:15Z,IN,304,39.8266,-85.704,55,Clear,0,5,False,False,False,False,False,0.0
2026-09-28T03:15:15Z,IN,305,39.8605,-85.0259,53,Clear,0,3,False,False,False,False,False,0.0
2026-09-28T03:15:15Z,IN,323,39.29,-85.1688,54,Mostly Clear,0,2,False,False,False,False,False,0.0
2026-09-28T03:15:15Z,IN,702,41.7472,-85.3285,55,Mostly Clear,0,5,False,False,False,False,False,0.0
2026-09-28T03:15:15Z,IN,701,41.5889,-87.2173,56,Partly Cloudy,0,5,False,False,False,False,False,0.0
2026-09-28T03:15:15Z,IN,704,41.7058,-86.6212,53,Mostly Cloudy,0,5,False,False,False,False,False,0.0
2026-09-28T03:15:15Z,IN,703,41.7071,-86.6235,53,Mostly Cloudy,0,5,False,False,False,False,False,0.0
2026-09-28T03:15:15Z,IN,705,41.733,-86.0057,55,Partly Cloudy,0,5,False,False,False,False,False,0.0
2026-09-28T03:15:15Z,IN,708,41.7472,-85.3285,55,Mostly Clear,0,5,False,False,False,False,False,0.0
2026-09-28T03:15:15Z,IN,707,41.7453,-85.3287,55,Mostly Clear,0,5,False,False,False,False,False,0.0
2026-09-28T03:15:15Z,IN,324,41.7353,-86.7933,53,Mostly Cloudy,0,0,False,False,False,False,False,0.0
2026-09-28T03:15:15Z,KY,KY00065IS0000020N65WELCOM,36.6434,-86.5687,61,Partly Cloudy,0,5,False,False,False,False,False,0.0
2026-09-28T03:15:15Z,KY,KY00065IS000020NSMARATHON,36.6612,-86.5553,64,Partly Cloudy,0,3,False,False,False,False,False,0.0
2026-09-28T03:15:15Z,KY,KY00065IS0000340NWEIGHS34,36.6868,-86.5379,64,Partly Cloudy,0,3,False,False,False,False,False,0.0
2026-09-28T03:15:15Z,KY,KY00065IS0011400S65SRA114,37.9464,-85.6905,66,Clear,0,3,False,False,False,False,False,0.0
2026-09-28T03:15:15Z,KY,KY00065IS0005900S65SRA059,37.239,-85.9297,63,Mostly Clear,0,1,False,False,False,False,False,0.0
2026-09-28T03:15:15Z,KY,KY00065IS0005900N65NRA059,37.2384,-85.9271,63,Mostly Clear,0,1,False,False,False,False,False,0.0
2026-09-28T03:15:15Z,KY,KY00075IS0003300NWEIGHS33,37.0422,-84.0968,58,Clear,0,2,False,False,False,False,False,0.0
2026-09-28T03:15:15Z,KY,KY00075IS0003400SWEIGHS34,37.048,-84.0997,58,Clear,0,2,False,False,False,False,False,0.0
2026-09-28T03:15:15Z,KY,KY00075IS0017700N75NRA177,38.937,-84.6309,59,Clear,0,5,False,False,False,False,False,0.0
2026-09-28T03:15:15Z,KY,KY00075IS0007500SWALTONWS,38.8653,-84.6476,59,Clear,0,5,False,False,False,False,False,0.0
2026-09-28T03:15:15Z,KY,KY00075IS0017700S75SRA177,38.9388,-84.6339,59,Clear,0,5,False,False,False,False,False,0.0
2026-09-28T03:15:15Z,KY,KY00075IS0016800SCRITENWS,38.8196,-84.6015,59,Clear,0,5,False,False,False,False,False,0.0
2026-09-28T03:15:15Z,KY,KY00075IS0000100N75WELCOM,36.6162,-84.1054,56,Mostly Clear,0,1,False,False,False,False,False,0.0
2026-09-28T03:15:18Z,IL,IL00064IW008500012,38.2766,-88.8012,62,Mostly Cloudy,0,2,False,False,False,False,True,0.2
2026-09-28T03:15:18Z,IL,IL00057IN026800032,40.5505,-88.0605,57,Partly Cloudy,0,5,False,False,False,False,True,0.2
2026-09-28T03:15:18Z,IL,IL00070IE008600051,39.0651,-88.6745,62,Mostly Cloudy,0,3,False,False,False,False,True,0.2
2026-09-28T03:15:18Z,IL,IL00072IW015200014,39.9888,-88.7852,61,Partly Cloudy,0,7,False,False,False,False,True,0.2
2026-09-28T03:15:18Z,IL,IL00055IS019400021,40.8371,-88.6833,53,Partly Cloudy,0,5,False,False,False,False,True,0.2
2026-09-28T03:15:18Z,IL,IL00057IN007900034,38.0297,-88.9203,65,Mostly Cloudy,0,2,False,False,False,False,True,0.2
2026-09-28T03:15:18Z,IL,IL00057IS007900047,38.0962,-88.9138,67,Mostly Cloudy,0,2,False,False,False,False,True,0.2
2026-09-28T03:15:18Z,IL,IL00055IN006400027,39.3465,-89.6408,63,Mostly Cloudy,0,3,False,False,False,False,True,0.2
2026-09-28T03:15:18Z,IL,IL00039IN008500036,41.7236,-89.0062,56,Partly Cloudy,0,5,False,False,False,False,True,0.2
2026-09-28T03:15:18Z,IL,IL00070IE002700042,38.7849,-89.7023,64,Mostly Cloudy,1,3,False,False,False,False,True,0.2
2026-09-28T03:15:18Z,IL,IL00074IE015600037,40.2732,-88.6762,60,Partly Cloudy,0,7,False,False,False,False,True,0.2
2026-09-28T03:15:18Z,IL,IL00080IE005100040,41.3938,-89.5665,61,Mostly Cloudy,0,5,False,False,False,False,True,0.2
2026-09-28T03:15:18Z,IL,IL00055IN019400031,40.8234,-88.6875,53,Partly Cloudy,0,5,False,False,False,False,True,0.2
2026-09-28T03:15:18Z,IL,IL00064IW013000053,38.2322,-87.9882,61,Partly Cloudy,0,2,False,False,False,False,True,0.2
2026-09-28T03:15:18Z,IL,IL00055IS002700019,38.8723,-89.8511,62,Mostly Cloudy,1,3,False,False,False,False,True,0.2
2026-09-28T03:15:18Z,IL,IL00057IS033300046,41.3918,-87.7749,55,Mostly Cloudy,0,5,False,False,False,False,True,0.2
2026-09-28T03:15:18Z,IL,IL00064IE008500039,38.273,-88.8496,65,Mostly Cloudy,0,2,False,False,False,False,True,0.2
2026-09-28T03:15:18Z,IL,IL00074IW002800020,41.2141,-90.3308,63,Mostly Cloudy,1,5,False,False,False,False,True,0.2
2026-09-28T03:15:18Z,IL,IL00055IN014900028,40.3599,-89.1099,61,Partly Cloudy,0,6,False,False,False,False,True,0.2
2026-09-28T03:15:18Z,IL,IL00080IW005100013,41.3937,-89.5591,62,Mostly Cloudy,0,5,False,False,False,False,True,0.2
2026-09-28T03:15:18Z,IL,IL00080IW011700016,41.4473,-88.3285,56,Partly Cloudy,0,5,False,False,False,False,True,0.2
2026-09-28T03:15:18Z,IL,IL00074IW015600009,40.2711,-88.6701,61,Partly Cloudy,0,6,False,False,False,False,True,0.2
2026-09-28T03:15:18Z,IL,IL00070IW002700015,38.7884,-89.6889,64,Mostly Cloudy,1,3,False,False,False,False,True,0.2
2026-09-28T03:15:18Z,IL,IL00057IS026800022,40.5613,-88.0615,57,Partly Cloudy,0,5,False,False,False,False,True,0.2
2026-09-28T03:15:18Z,IL,IL00080IE011700043,41.4314,-88.3454,56,Partly Cloudy,0,5,False,False,False,False,True,0.2
2026-09-28T03:15:18Z,IL,IL00024IW003700010,37.1593,-88.6798,65,Partly Cloudy,0,1,False,False,False,False,True,0.2
2026-09-28T03:15:18Z,IL,IL00055IN010400050,39.8627,-89.5948,63,Mostly Cloudy,0,5,False,False,False,False,True,0.2
2026-09-28T03:15:18Z,IL,IL00057IS011400023,38.5965,-88.9677,63,Mostly Cloudy,0,1,False,False,False,False,True,0.2
2026-09-28T03:15:18Z,IL,IL00057IN011400033,38.5963,-88.9638,63,Mostly Cloudy,0,1,False,False,False,False,True,0.2
2026-09-28T03:15:18Z,IL,IL00057IN022200048,39.9218,-88.299,58,Partly Cloudy,0,6,False,False,False,False,True,0.2
2026-09-28T03:15:18Z,IL,IL00057IN033300049,41.3892,-87.7729,54,Mostly Cloudy,0,5,False,False,False,False,True,0.2
2026-09-28T03:15:18Z,IL,IL00039IS008500026,41.7285,-89.0105,56,Partly Cloudy,0,5,False,False,False,False,True,0.2
2026-09-28T03:15:18Z,IL,IL00057IS022200054,39.9314,-88.3043,58,Partly Cloudy,0,6,False,False,False,False,True,0.2
2026-09-28T03:15:18Z,IL,IL00072IE015200041,39.9923,-88.7827,61,Partly Cloudy,0,7,False,False,False,False,True,0.2
2026-09-28T03:15:18Z,IL,IL00074IW006200004,40.8802,-90.0895,62,Mostly Cloudy,1,3,False,False,False,False,True,0.2
2026-09-28T03:15:18Z,IL,IL00074IE011400005,40.6125,-89.245,61,Partly Cloudy,0,5,False,False,False,False,True,0.2
2026-09-28T03:15:18Z,IL,IL00074IW020800052,40.1298,-87.7441,59,Partly Cloudy,0,5,False,False,False,False,True,0.2
2026-09-28T03:15:18Z,IL,IL00055IN002700029,38.8649,-89.8532,62,Mostly Cloudy,1,3,False,False,False,False,True,0.2
2026-09-28T03:15:18Z,IL,IL00055IS006400017,39.3523,-89.6447,60,Mostly Cloudy,0,3,False,False,False,False,True,0.2
2026-09-28T03:15:18Z,IL,IL00064IW002500011,38.5491,-89.7633,63,Mostly Cloudy,1,3,False,False,False,False,True,0.2
2026-09-28T03:15:18Z,IL,IL00074IE002800030,41.2334,-90.333,63,Mostly Cloudy,1,5,False,False,False,False,True,0.2
2026-09-28T03:15:18Z,IL,IL00064IE002500038,38.5481,-89.7731,64,Mostly Cloudy,1,2,False,False,False,False,True,0.2
2026-09-28T03:15:18Z,IL,IL00070IW008700045,39.0679,-88.6704,62,Mostly Cloudy,0,3,False,False,False,False,True,0.2
2026-09-28T03:15:18Z,IL,IL00057IS016500018,39.1993,-88.502,59,Partly Cloudy,0,5,False,False,False,False,True,0.2
2026-09-28T03:15:18Z,IL,IL00074IW011400006,40.6111,-89.2323,61,Partly Cloudy,0,5,False,False,False,False,True,0.2
2026-09-28T03:15:18Z,IL,IL00074IE006200001,40.8788,-90.0936,62,Mostly Cloudy,1,3,False,False,False,False,True,0.2
2026-09-28T03:15:18Z,IL,IL00070IW014900008,39.4228,-87.6617,56,Partly Cloudy,0,5,False,False,False,False,True,0.2
2026-09-28T03:15:18Z,IL,IL00057IN016500044,39.1898,-88.5031,59,Mostly Cloudy,0,5,False,False,False,False,True,0.2
2026-09-28T03:15:18Z,IL,IL00055IS010400024,39.8871,-89.5966,62,Mostly Cloudy,0,3,False,False,False,False,True,0.2
2026-09-28T03:15:18Z,IL,IL00057IS003200025,37.4699,-89.1329,64,Partly Cloudy,1,1,False,False,False,False,True,0.2
2026-09-28T03:15:18Z,IL,IL00057IN003200035,37.4661,-89.1324,64,Partly Cloudy,1,1,False,False,False,False,True,0.2
2026-09-28T03:15:18Z,IN,322,38.195,-87.8597,61,Partly Cloudy,0,2,False,False,False,False,False,0.0
2026-09-28T03:15:18Z,IN,317,38.5852,-85.7768,59,Clear,0,2,False,False,False,False,False,0.0
2026-09-28T03:15:18Z,IN,316,38.5859,-85.7809,59,Clear,0,2,False,False,False,False,False,0.0
2026-09-28T03:15:18Z,IN,315,39.2602,-85.9521,57,Clear,0,3,False,False,False,False,False,0.0
2026-09-28T03:15:18Z,IN,314,39.2767,-85.9569,57,Clear,0,3,False,False,False,False,False,0.0
2026-09-28T03:15:18Z,IN,313,40.1578,-86.5387,55,Clear,0,5,False,False,False,False,False,0.0
2026-09-28T03:15:18Z,IN,312,40.1722,-86.5522,56,Clear,0,5,False,False,False,False,False,0.0
2026-09-28T03:15:18Z,IN,311,40.6992,-87.0628,54,Partly Cloudy,0,5,False,False,False,False,False,0.0
2026-09-28T03:15:18Z,IN,310,40.6984,-87.0646,54,Partly Cloudy,0,5,False,False,False,False,False,0.0
2026-09-28T03:15:18Z,IN,308,41.1653,-87.271,50,Partly Cloudy,0,5,False,False,False,False,False,0.0
2026-09-28T03:15:18Z,IN,309,41.1666,-87.2749,50,Partly Cloudy,0,5,False,False,False,False,False,0.0
2026-09-28T03:15:18Z,IN,318,40.3543,-85.5576,54,Clear,0,3,False,False,False,False,False,0.0
2026-09-28T03:15:18Z,IN,319,40.3569,-85.56,54,Clear,0,3,False,False,False,False,False,0.0
2026-09-28T03:15:18Z,IN,320,41.2963,-85.0863,55,Clear,0,5,False,False,False,False,False,0.0
2026-09-28T03:15:18Z,IN,321,41.5803,-85.0597,55,Clear,0,5,False,False,False,False,False,0.0
2026-09-28T03:15:18Z,IN,300,39.4417,-87.5002,58,Partly Cloudy,0,3,False,False,False,False,False,0.0
2026-09-28T03:15:18Z,IN,302,39.6517,-86.3967,58,Clear,0,5,False,False,False,False,False,0.0
2026-09-28T03:15:18Z,IN,301,39.6541,-86.4005,58,Clear,0,5,False,False,False,False,False,0.0
2026-09-28T03:15:18Z,IN,303,39.8243,-85.7039,55,Clear,0,5,False,False,False,False,False,0.0
2026-09-28T03:15:18Z,IN,304,39.8266,-85.704,55,Clear,0,5,False,False,False,False,False,0.0
2026-09-28T03:15:18Z,IN,305,39.8605,-85.0259,53,Clear,0,3,False,False,False,False,False,0.0
2026-09-28T03:15:18Z,IN,323,39.29,-85.1688,54,Mostly Clear,0,2,False,False,False,False,False,0.0
2026-09-28T03:15:18Z,IN,702,41.7472,-85.3285,55,Mostly Clear,0,5,False,False,False,False,False,0.0
2026-09-28T03:15:18Z,IN,701,41.5889,-87.2173,56,Partly Cloudy,0,5,False,False,False,False,False,0.0
2026-09-28T03:15:18Z,IN,704,41.7058,-86.6212,53,Mostly Cloudy,0,5,False,False,False,False,False,0.0
2026-09-28T03:15:18Z,IN,703,41.7071,-86.6235,53,Mostly Cloudy,0,5,False,False,False,False,False,0.0
2026-09-28T03:15:18Z,IN,705,41.733,-86.0057,55,Partly Cloudy,0,5,False,False,False,False,False,0.0
2026-09-28T03:15:18Z,IN,708,41.7472,-85.3285,55,Mostly Clear,0,5,False,False,False,False,False,0.0
2026-09-28T03:15:18Z,IN,707,41.7453,-85.3287,55,Mostly Clear,0,5,False,False,False,False,False,0.0
2026-09-28T03:15:18Z,IN,324,41.7353,-86.7933,53,Mostly Cloudy,0,0,False,False,False,False,False,0.0
2026-09-28T03:15:18Z,KY,KY00065IS0000020N65WELCOM,36.6434,-86.5687,61,Partly Cloudy,0,5,False,False,False,False,False,0.0
2026-09-28T03:15:18Z,KY,KY00065IS000020NSMARATHON,36.6612,-86.5553,64,Partly Cloudy,0,3,False,False,False,False,False,0.0
2026-09-28T03:15:18Z,KY,KY00065IS0000340NWEIGHS34,36.6868,-86.5379,64,Partly Cloudy,0,3,False,False,False,False,False,0.0
2026-09-28T03:15:18Z,KY,KY00065IS0011400S65SRA114,37.9464,-85.6905,66,Clear,0,3,False,False,False,False,False,0.0
2026-09-28T03:15:18Z,KY,KY00065IS0005900S65SRA059,37.239,-85.9297,63,Mostly Clear,0,1,False,False,False,False,False,0.0
2026-09-28T03:15:18Z,KY,KY00065IS0005900N65NRA059,37.2384,-85.9271,63,Mostly Clear,0,1,False,False,False,False,False,0.0
2026-09-28T03:15:18Z,KY,KY00075IS0003300NWEIGHS33,37.0422,-84.0968,58,Clear,0,2,False,False,False,False,False,0.0
2026-09-28T03:15:18Z,KY,KY00075IS0003400SWEIGHS34,37.048,-84.0997,58,Clear,0,2,False,False,False,False,False,0.0
2026-09-28T03:15:18Z,KY,KY00075IS0017700N75NRA177,38.937,-84.6309,59,Clear,0,5,False,False,False,False,False,0.0
2026-09-28T03:15:18Z,KY,KY00075IS0007500SWALTONWS,38.8653,-84.6476,59,Clear,0,5,False,False,False,False,False,0.0
2026-09-28T03:15:18Z,KY,KY00075IS0017700S75SRA177,38.9388,-84.6339,59,Clear,0,5,False,False,False,False,False,0.0
2026-09-28T03:15:18Z,KY,KY00075IS0016800SCRITENWS,38.8196,-84.6015,59,Clear,0,5,False,False,False,False,False,0.0
2026-09-28T03:15:18Z,KY,KY00075IS0000100N75WELCOM,36.6162,-84.1054,56,Mostly Clear,0,1,False,False,False,False,False,0.0
2026-09-28T03:15:23Z,IL,IL00064IW008500012,38.2766,-88.8012,64,Mostly Cloudy,0,2,False,False,False,False,True,0.2
2026-09-28T03:15:23Z,IL,IL00057IN026800032,40.5505,-88.0605,57,Partly Cloudy,0,5,False,False,False,False,True,0.2
2026-09-28T03:15:23Z,IL,IL00070IE008600051,39.0651,-88.6745,62,Mostly Cloudy,0,3,False,False,False,False,True,0.2
2026-09-28T03:15:23Z,IL,IL00072IW015200014,39.9888,-88.7852,62,Partly Cloudy,0,6,False,False,False,False,True,0.2
2026-09-28T03:15:23Z,IL,IL00055IS019400021,40.8371,-88.6833,53,Partly Cloudy,0,5,False,False,False,False,True,0.2
2026-09-28T03:15:23Z,IL,IL00057IN007900034,38.0297,-88.9203,65,Mostly Cloudy,0,2,False,False,False,False,True,0.2
2026-09-28T03:15:23Z,IL,IL00057IS007900047,38.0962,-88.9138,67,Mostly Cloudy,0,2,False,False,False,False,True,0.2
2026-09-28T03:15:23Z,IL,IL00055IN006400027,39.3465,-89.6408,63,Mostly Cloudy,0,3,False,False,False,False,True,0.2
2026-09-28T03:15:23Z,IL,IL00039IN008500036,41.7236,-89.0062,56,Partly Cloudy,0,5,False,False,False,False,True,0.2
2026-09-28T03:15:23Z,IL,IL00070IE002700042,38.7849,-89.7023,64,Mostly Cloudy,1,3,False,False,False,False,True,0.2
2026-09-28T03:15:23Z,IL,IL00074IE015600037,40.2732,-88.6762,62,Partly Cloudy,0,6,False,False,False,False,True,0.2
2026-09-28T03:15:23Z,IL,IL00080IE005100040,41.3938,-89.5665,61,Mostly Cloudy,0,5,False,False,False,False,True,0.2
2026-09-28T03:15:23Z,IL,IL00055IN019400031,40.8234,-88.6875,53,Partly Cloudy,0,5,False,False,False,False,True,0.2
2026-09-28T03:15:23Z,IL,IL00064IW013000053,38.2322,-87.9882,63,Partly Cloudy,0,1,False,False,False,False,True,0.2
2026-09-28T03:15:23Z,IL,IL00055IS002700019,38.8723,-89.8511,63,Mostly Cloudy,1,3,False,False,False,False,True,0.2
2026-09-28T03:15:23Z,IL,IL00057IS033300046,41.3918,-87.7749,55,Mostly Cloudy,0,5,False,False,False,False,True,0.2
2026-09-28T03:15:23Z,IL,IL00064IE008500039,38.273,-88.8496,65,Mostly Cloudy,0,2,False,False,False,False,True,0.2
2026-09-28T03:15:23Z,IL,IL00074IW002800020,41.2141,-90.3308,63,Mostly Cloudy,1,5,False,False,False,False,True,0.2
2026-09-28T03:15:23Z,IL,IL00055IN014900028,40.3599,-89.1099,62,Partly Cloudy,0,6,False,False,False,False,True,0.2
2026-09-28T03:15:23Z,IL,IL00080IW005100013,41.3937,-89.5591,62,Mostly Cloudy,0,5,False,False,False,False,True,0.2
2026-09-28T03:15:23Z,IL,IL00080IW011700016,41.4473,-88.3285,56,Partly Cloudy,0,5,False,False,False,False,True,0.2
2026-09-28T03:15:23Z,IL,IL00074IW015600009,40.2711,-88.6701,61,Partly Cloudy,0,6,False,False,False,False,True,0.2
2026-09-28T03:15:23Z,IL,IL00070IW002700015,38.7884,-89.6889,64,Mostly Cloudy,1,3,False,False,False,False,True,0.2
2026-09-28T03:15:23Z,IL,IL00057IS026800022,40.5613,-88.0615,57,Partly Cloudy,0,5,False,False,False,False,True,0.2
2026-09-28T03:15:23Z,IL,IL00080IE011700043,41.4314,-88.3454,56,Partly Cloudy,0,5,False,False,False,False,True,0.2
2026-09-28T03:15:23Z,IL,IL00024IW003700010,37.1593,-88.6798,65,Partly Cloudy,0,1,False,False,False,False,True,0.2
2026-09-28T03:15:23Z,IL,IL00055IN010400050,39.8627,-89.5948,63,Mostly Cloudy,0,5,False,False,False,False,True,0.2
2026-09-28T03:15:23Z,IL,IL00057IS011400023,38.5965,-88.9677,63,Mostly Cloudy,0,1,False,False,False,False,True,0.2
2026-09-28T03:15:23Z,IL,IL00057IN011400033,38.5963,-88.9638,63,Mostly Cloudy,0,1,False,False,False,False,True,0.2
2026-09-28T03:15:23Z,IL,IL00057IN022200048,39.9218,-88.299,58,Partly Cloudy,0,6,False,False,False,False,True,0.2
2026-09-28T03:15:23Z,IL,IL00057IN033300049,41.3892,-87.7729,54,Mostly Cloudy,0,5,False,False,False,False,True,0.2
2026-09-28T03:15:23Z,IL,IL00039IS008500026,41.7285,-89.0105,56,Partly Cloudy,0,5,False,False,False,False,True,0.2
2026-09-28T03:15:23Z,IL,IL00057IS022200054,39.9314,-88.3043,58,Partly Cloudy,0,6,False,False,False,False,True,0.2
2026-09-28T03:15:23Z,IL,IL00072IE015200041,39.9923,-88.7827,62,Partly Cloudy,0,6,False,False,False,False,True,0.2
2026-09-28T03:15:23Z,IL,IL00074IW006200004,40.8802,-90.0895,62,Mostly Cloudy,1,3,False,False,False,False,True,0.2
2026-09-28T03:15:23Z,IL,IL00074IE011400005,40.6125,-89.245,61,Partly Cloudy,0,5,False,False,False,False,True,0.2
2026-09-28T03:15:23Z,IL,IL00074IW020800052,40.1298,-87.7441,59,Partly Cloudy,0,5,False,False,False,False,True,0.2
2026-09-28T03:15:23Z,IL,IL00055IN002700029,38.8649,-89.8532,63,Mostly Cloudy,1,3,False,False,False,False,True,0.2
2026-09-28T03:15:23Z,IL,IL00055IS006400017,39.3523,-89.6447,63,Mostly Cloudy,0,3,False,False,False,False,True,0.2
2026-09-28T03:15:23Z,IL,IL00064IW002500011,38.5491,-89.7633,64,Mostly Cloudy,1,2,False,False,False,False,True,0.2
2026-09-28T03:15:23Z,IL,IL00074IE002800030,41.2334,-90.333,63,Mostly Cloudy,1,5,False,False,False,False,True,0.2
2026-09-28T03:15:23Z,IL,IL00064IE002500038,38.5481,-89.7731,64,Mostly Cloudy,1,2,False,False,False,False,True,0.2
2026-09-28T03:15:23Z,IL,IL00070IW008700045,39.0679,-88.6704,62,Mostly Cloudy,0,3,False,False,False,False,True,0.2
2026-09-28T03:15:23Z,IL,IL00057IS016500018,39.1993,-88.502,59,Partly Cloudy,0,5,False,False,False,False,True,0.2
2026-09-28T03:15:23Z,IL,IL00074IW011400006,40.6111,-89.2323,61,Partly Cloudy,0,5,False,False,False,False,True,0.2
2026-09-28T03:15:23Z,IL,IL00074IE006200001,40.8788,-90.0936,62,Mostly Cloudy,1,3,False,False,False,False,True,0.2
2026-09-28T03:15:23Z,IL,IL00070IW014900008,39.4228,-87.6617,56,Partly Cloudy,0,5,False,False,False,False,True,0.2
2026-09-28T03:15:23Z,IL,IL00057IN016500044,39.1898,-88.5031,59,Mostly Cloudy,0,5,False,False,False,False,True,0.2
2026-09-28T03:15:23Z,IL,IL00055IS010400024,39.8871,-89.5966,62,Mostly Cloudy,0,3,False,False,False,False,True,0.2
2026-09-28T03:15:23Z,IL,IL00057IS003200025,37.4699,-89.1329,64,Partly Cloudy,1,1,False,False,False,False,True,0.2
2026-09-28T03:15:23Z,IL,IL00057IN003200035,37.4661,-89.1324,64,Partly Cloudy,1,1,False,False,False,False,True,0.2
2026-09-28T03:15:23Z,IN,322,38.195,-87.8597,61,Partly Cloudy,0,2,False,False,False,False,False,0.0
2026-09-28T03:15:23Z,IN,317,38.5852,-85.7768,59,Clear,0,2,False,False,False,False,False,0.0
2026-09-28T03:15:23Z,IN,316,38.5859,-85.7809,59,Clear,0,2,False,False,False,False,False,0.0
2026-09-28T03:15:23Z,IN,315,39.2602,-85.9521,57,Clear,0,3,False,False,False,False,False,0.0
2026-09-28T03:15:23Z,IN,314,39.2767,-85.9569,57,Clear,0,3,False,False,False,False,False,0.0
2026-09-28T03:15:23Z,IN,313,40.1578,-86.5387,55,Clear,0,5,False,False,False,False,False,0.0
2026-09-28T03:15:23Z,IN,312,40.1722,-86.5522,56,Clear,0,5,False,False,False,False,False,0.0
2026-09-28T03:15:23Z,IN,311,40.6992,-87.0628,54,Partly Cloudy,0,5,False,False,False,False,False,0.0
2026-09-28T03:15:23Z,IN,310,40.6984,-87.0646,54,Partly Cloudy,0,5,False,False,False,False,False,0.0
2026-09-28T03:15:23Z,IN,308,41.1653,-87.271,50,Partly Cloudy,0,5,False,False,False,False,False,0.0
2026-09-28T03:15:23Z,IN,309,41.1666,-87.2749,50,Partly Cloudy,0,5,False,False,False,False,False,0.0
2026-09-28T03:15:23Z,IN,318,40.3543,-85.5576,54,Clear,0,3,False,False,False,False,False,0.0
2026-09-28T03:15:23Z,IN,319,40.3569,-85.56,54,Clear,0,3,False,False,False,False,False,0.0
2026-09-28T03:15:23Z,IN,320,41.2963,-85.0863,55,Clear,0,5,False,False,False,False,False,0.0
2026-09-28T03:15:23Z,IN,321,41.5803,-85.0597,55,Clear,0,5,False,False,False,False,False,0.0
2026-09-28T03:15:23Z,IN,300,39.4417,-87.5002,58,Partly Cloudy,0,3,False,False,False,False,False,0.0
2026-09-28T03:15:23Z,IN,302,39.6517,-86.3967,58,Clear,0,5,False,False,False,False,False,0.0
2026-09-28T03:15:23Z,IN,301,39.6541,-86.4005,58,Clear,0,5,False,False,False,False,False,0.0
2026-09-28T03:15:23Z,IN,303,39.8243,-85.7039,55,Clear,0,5,False,False,False,False,False,0.0
2026-09-28T03:15:23Z,IN,304,39.8266,-85.704,55,Clear,0,5,False,False,False,False,False,0.0
2026-09-28T03:15:23Z,IN,305,39.8605,-85.0259,53,Clear,0,3,False,False,False,False,False,0.0
2026-09-28T03:15:23Z,IN,323,39.29,-85.1688,54,Mostly Clear,0,2,False,False,False,False,False,0.0
2026-09-28T03:15:23Z,IN,702,41.7472,-85.3285,55,Mostly Clear,0,5,False,False,False,False,False,0.0
2026-09-28T03:15:23Z,IN,701,41.5889,-87.2173,56,Partly Cloudy,0,5,False,False,False,False,False,0.0
2026-09-28T03:15:23Z,IN,704,41.7058,-86.6212,53,Mostly Cloudy,0,5,False,False,False,False,False,0.0
2026-09-28T03:15:23Z,IN,703,41.7071,-86.6235,53,Mostly Cloudy,0,5,False,False,False,False,False,0.0
2026-09-28T03:15:23Z,IN,705,41.733,-86.0057,55,Partly Cloudy,0,5,False,False,False,False,False,0.0
2026-09-28T03:15:23Z,IN,708,41.7472,-85.3285,55,Mostly Clear,0,5,False,False,False,False,False,0.0
2026-09-28T03:15:23Z,IN,707,41.7453,-85.3287,55,Mostly Clear,0,5,False,False,False,False,False,0.0
2026-09-28T03:15:23Z,IN,324,41.7353,-86.7933,53,Mostly Cloudy,0,0,False,False,False,False,False,0.0
2026-09-28T03:15:23Z,KY,KY00065IS0000020N65WELCOM,36.6434,-86.5687,64,Partly Cloudy,0,5,False,False,False,False,False,0.0
2026-09-28T03:15:23Z,KY,KY00065IS000020NSMARATHON,36.6612,-86.5553,64,Partly Cloudy,0,3,False,False,False,False,False,0.0
2026-09-28T03:15:23Z,KY,KY00065IS0000340NWEIGHS34,36.6868,-86.5379,64,Partly Cloudy,0,3,False,False,False,False,False,0.0
2026-09-28T03:15:23Z,KY,KY00065IS0011400S65SRA114,37.9464,-85.6905,66,Clear,0,3,False,False,False,False,False,0.0
2026-09-28T03:15:23Z,KY,KY00065IS0005900S65SRA059,37.239,-85.9297,63,Mostly Clear,0,1,False,False,False,False,False,0.0
2026-09-28T03:15:23Z,KY,KY00065IS0005900N65NRA059,37.2384,-85.9271,63,Mostly Clear,0,1,False,False,False,False,False,0.0
2026-09-28T03:15:23Z,KY,KY00075IS0003300NWEIGHS33,37.0422,-84.0968,58,Clear,0,2,False,False,False,False,False,0.0
2026-09-28T03:15:23Z,KY,KY00075IS0003400SWEIGHS34,37.048,-84.0997,58,Clear,0,2,False,False,False,False,False,0.0
2026-09-28T03:15:23Z,KY,KY00075IS0017700N75NRA177,38.937,-84.6309,59,Clear,0,5,False,False,False,False,False,0.0
2026-09-28T03:15:23Z,KY,KY00075IS0007500SWALTONWS,38.8653,-84.6476,59,Clear,0,5,False,False,False,False,False,0.0
2026-09-28T03:15:23Z,KY,KY00075IS0017700S75SRA177,38.9388,-84.6339,59,Clear,0,5,False,False,False,False,False,0.0
2026-09-28T03:15:23Z,KY,KY00075IS0016800SCRITENWS,38.8196,-84.6015,59,Clear,0,5,False,False,False,False,False,0.0
2026-09-28T03:15:23Z,KY,KY00075IS0000100N75WELCOM,36.6162,-84.1054,56,Mostly Clear,0,1,False,False,False,False,False,0.0
2026-09-28T03:15:27Z,IL,IL00064IW008500012,38.2766,-88.8012,64,Mostly Cloudy,0,2,False,False,False,False,True,0.2
2026-09-28T03:15:27Z,IL,IL00057IN026800032,40.5505,-88.0605,57,Partly Cloudy,0,5,False,False,False,False,True,0.2
2026-09-28T03:15:27Z,IL,IL00070IE008600051,39.0651,-88.6745,62,Mostly Cloudy,0,3,False,False,False,False,True,0.2
2026-09-28T03:15:27Z,IL,IL00072IW015200014,39.9888,-88.7852,62,Partly Cloudy,0,6,False,False,False,False,True,0.2
2026-09-28T03:15:27Z,IL,IL00055IS019400021,40.8371,-88.6833,53,Partly Cloudy,0,5,False,False,False,False,True,0.2
2026-09-28T03:15:27Z,IL,IL00057IN007900034,38.0297,-88.9203,65,Mostly Cloudy,0,2,False,False,False,False,True,0.2
2026-09-28T03:15:27Z,IL,IL00057IS007900047,38.0962,-88.9138,67,Mostly Cloudy,0,2,False,False,False,False,True,0.2
2026-09-28T03:15:27Z,IL,IL00055IN006400027,39.3465,-89.6408,63,Mostly Cloudy,0,3,False,False,False,False,True,0.2
2026-09-28T03:15:27Z,IL,IL00039IN008500036,41.7236,-89.0062,56,Partly Cloudy,0,5,False,False,False,False,True,0.2
2026-09-28T03:15:27Z,IL,IL00070IE002700042,38.7849,-89.7023,64,Mostly Cloudy,1,3,False,False,False,False,True,0.2
2026-09-28T03:15:27Z,IL,IL00074IE015600037,40.2732,-88.6762,62,Partly Cloudy,0,6,False,False,False,False,True,0.2
2026-09-28T03:15:27Z,IL,IL00080IE005100040,41.3938,-89.5665,61,Mostly Cloudy,0,5,False,False,False,False,True,0.2
2026-09-28T03:15:27Z,IL,IL00055IN019400031,40.8234,-88.6875,53,Partly Cloudy,0,5,False,False,False,False,True,0.2
2026-09-28T03:15:27Z,IL,IL00064IW013000053,38.2322,-87.9882,63,Partly Cloudy,0,1,False,False,False,False,True,0.2
2026-09-28T03:15:27Z,IL,IL00055IS002700019,38.8723,-89.8511,63,Mostly Cloudy,1,3,False,False,False,False,True,0.2
2026-09-28T03:15:27Z,IL,IL00057IS033300046,41.3918,-87.7749,55,Mostly Cloudy,0,5,False,False,False,False,True,0.2
2026-09-28T03:15:27Z,IL,IL00064IE008500039,38.273,-88.8496,65,Mostly Cloudy,0,2,False,False,False,False,True,0.2
2026-09-28T03:15:27Z,IL,IL00074IW002800020,41.2141,-90.3308,63,Mostly Cloudy,1,5,False,False,False,False,True,0.2
2026-09-28T03:15:27Z,IL,IL00055IN014900028,40.3599,-89.1099,62,Partly Cloudy,0,6,False,False,False,False,True,0.2
2026-09-28T03:15:27Z,IL,IL00080IW005100013,41.3937,-89.5591,62,Mostly Cloudy,0,5,False,False,False,False,True,0.2
2026-09-28T03:15:27Z,IL,IL00080IW011700016,41.4473,-88.3285,56,Partly Cloudy,0,5,False,False,False,False,True,0.2
2026-09-28T03:15:27Z,IL,IL00074IW015600009,40.2711,-88.6701,61,Partly Cloudy,0,6,False,False,False,False,True,0.2
2026-09-28T03:15:27Z,IL,IL00070IW002700015,38.7884,-89.6889,64,Mostly Cloudy,1,3,False,False,False,False,True,0.2
2026-09-28T03:15:27Z,IL,IL00057IS026800022,40.5613,-88.0615,57,Partly Cloudy,0,5,False,False,False,False,True,0.2
2026-09-28T03:15:27Z,IL,IL00080IE011700043,41.4314,-88.3454,56,Partly Cloudy,0,5,False,False,False,False,True,0.2
2026-09-28T03:15:27Z,IL,IL00024IW003700010,37.1593,-88.6798,65,Partly Cloudy,0,1,False,False,False,False,True,0.2
2026-09-28T03:15:27Z,IL,IL00055IN010400050,39.8627,-89.5948,63,Mostly Cloudy,0,5,False,False,False,False,True,0.2
2026-09-28T03:15:27Z,IL,IL00057IS011400023,38.5965,-88.9677,63,Mostly Cloudy,0,1,False,False,False,False,True,0.2
2026-09-28T03:15:27Z,IL,IL00057IN011400033,38.5963,-88.9638,63,Mostly Cloudy,0,1,False,False,False,False,True,0.2
2026-09-28T03:15:27Z,IL,IL00057IN022200048,39.9218,-88.299,58,Partly Cloudy,0,6,False,False,False,False,True,0.2
2026-09-28T03:15:27Z,IL,IL00057IN033300049,41.3892,-87.7729,54,Mostly Cloudy,0,5,False,False,False,False,True,0.2
2026-09-28T03:15:27Z,IL,IL00039IS008500026,41.7285,-89.0105,56,Partly Cloudy,0,5,False,False,False,False,True,0.2
2026-09-28T03:15:27Z,IL,IL00057IS022200054,39.9314,-88.3043,58,Partly Cloudy,0,6,False,False,False,False,True,0.2
2026-09-28T03:15:27Z,IL,IL00072IE015200041,39.9923,-88.7827,62,Partly Cloudy,0,6,False,False,False,False,True,0.2
2026-09-28T03:15:27Z,IL,IL00074IW006200004,40.8802,-90.0895,62,Mostly Cloudy,1,3,False,False,False,False,True,0.2
2026-09-28T03:15:27Z,IL,IL00074IE011400005,40.6125,-89.245,61,Partly Cloudy,0,5,False,False,False,False,True,0.2
2026-09-28T03:15:27Z,IL,IL00074IW020800052,40.1298,-87.7441,59,Partly Cloudy,0,5,False,False,False,False,True,0.2
2026-09-28T03:15:27Z,IL,IL00055IN002700029,38.8649,-89.8532,63,Mostly Cloudy,1,3,False,False,False,False,True,0.2
2026-09-28T03:15:27Z,IL,IL00055IS006400017,39.3523,-89.6447,63,Mostly Cloudy,0,3,False,False,False,False,True,0.2
2026-09-28T03:15:27Z,IL,IL00064IW002500011,38.5491,-89.7633,64,Mostly Cloudy,1,2,False,False,False,False,True,0.2
2026-09-28T03:15:27Z,IL,IL00074IE002800030,41.2334,-90.333,63,Mostly Cloudy,1,5,False,False,False,False,True,0.2
2026-09-28T03:15:27Z,IL,IL00064IE002500038,38.5481,-89.7731,64,Mostly Cloudy,1,2,False,False,False,False,True,0.2
2026-09-28T03:15:27Z,IL,IL00070IW008700045,39.0679,-88.6704,62,Mostly Cloudy,0,3,False,False,False,False,True,0.2
2026-09-28T03:15:27Z,IL,IL00057IS016500018,39.1993,-88.502,59,Partly Cloudy,0,5,False,False,False,False,True,0.2
2026-09-28T03:15:27Z,IL,IL00074IW011400006,40.6111,-89.2323,61,Partly Cloudy,0,5,False,False,False,False,True,0.2
2026-09-28T03:15:27Z,IL,IL00074IE006200001,40.8788,-90.0936,62,Mostly Cloudy,1,3,False,False,False,False,True,0.2
2026-09-28T03:15:27Z,IL,IL00070IW014900008,39.4228,-87.6617,56,Partly Cloudy,0,5,False,False,False,False,True,0.2
2026-09-28T03:15:27Z,IL,IL00057IN016500044,39.1898,-88.5031,59,Mostly Cloudy,0,5,False,False,False,False,True,0.2
2026-09-28T03:15:27Z,IL,IL00055IS010400024,39.8871,-89.5966,62,Mostly Cloudy,0,3,False,False,False,False,True,0.2
2026-09-28T03:15:27Z,IL,IL00057IS003200025,37.4699,-89.1329,64,Partly Cloudy,1,1,False,False,False,False,True,0.2
2026-09-28T03:15:27Z,IL,IL00057IN003200035,37.4661,-89.1324,64,Partly Cloudy,1,1,False,False,False,False,True,0.2
2026-09-28T03:15:27Z,IN,322,38.195,-87.8597,61,Partly Cloudy,0,2,False,False,False,False,False,0.0
2026-09-28T03:15:27Z,IN,317,38.5852,-85.7768,59,Clear,0,2,False,False,False,False,False,0.0
2026-09-28T03:15:27Z,IN,316,38.5859,-85.7809,59,Clear,0,2,False,False,False,False,False,0.0
2026-09-28T03:15:27Z,IN,315,39.2602,-85.9521,57,Clear,0,3,False,False,False,False,False,0.0
2026-09-28T03:15:27Z,IN,314,39.2767,-85.9569,57,Clear,0,3,False,False,False,False,False,0.0
2026-09-28T03:15:27Z,IN,313,40.1578,-86.5387,55,Clear,0,5,False,False,False,False,False,0.0
2026-09-28T03:15:27Z,IN,312,40.1722,-86.5522,56,Clear,0,5,False,False,False,False,False,0.0
2026-09-28T03:15:27Z,IN,311,40.6992,-87.0628,54,Partly Cloudy,0,5,False,False,False,False,False,0.0
2026-09-28T03:15:27Z,IN,310,40.6984,-87.0646,54,Partly Cloudy,0,5,False,False,False,False,False,0.0
2026-09-28T03:15:27Z,IN,308,41.1653,-87.271,50,Partly Cloudy,0,5,False,False,False,False,False,0.0
2026-09-28T03:15:27Z,IN,309,41.1666,-87.2749,50,Partly Cloudy,0,5,False,False,False,False,False,0.0
2026-09-28T03:15:27Z,IN,318,40.3543,-85.5576,54,Clear,0,3,False,False,False,False,False,0.0
2026-09-28T03:15:27Z,IN,319,40.3569,-85.56,54,Clear,0,3,False,False,False,False,False,0.0
2026-09-28T03:15:27Z,IN,320,41.2963,-85.0863,55,Clear,0,5,False,False,False,False,False,0.0
2026-09-28T03:15:27Z,IN,321,41.5803,-85.0597,55,Clear,0,5,False,False,False,False,False,0.0
2026-09-28T03:15:27Z,IN,300,39.4417,-87.5002,58,Partly Cloudy,0,3,False,False,False,False,False,0.0
2026-09-28T03:15:27Z,IN,302,39.6517,-86.3967,58,Clear,0,5,False,False,False,False,False,0.0
2026-09-28T03:15:27Z,IN,301,39.6541,-86.4005,58,Clear,0,5,False,False,False,False,False,0.0
2026-09-28T03:15:27Z,IN,303,39.8243,-85.7039,55,Clear,0,5,False,False,False,False,False,0.0
2026-09-28T03:15:27Z,IN,304,39.8266,-85.704,55,Clear,0,5,False,False,False,False,False,0.0
2026-09-28T03:15:27Z,IN,305,39.8605,-85.0259,53,Clear,0,3,False,False,False,False,False,0.0
2026-09-28T03:15:27Z,IN,323,39.29,-85.1688,54,Mostly Clear,0,2,False,False,False,False,False,0.0
2026-09-28T03:15:27Z,IN,702,41.7472,-85.3285,55,Mostly Clear,0,5,False,False,False,False,False,0.0
2026-09-28T03:15:27Z,IN,701,41.5889,-87.2173,56,Partly Cloudy,0,5,False,False,False,False,False,0.0
2026-09-28T03:15:27Z,IN,704,41.7058,-86.6212,53,Mostly Cloudy,0,5,False,False,False,False,False,0.0
2026-09-28T03:15:27Z,IN,703,41.7071,-86.6235,53,Mostly Cloudy,0,5,False,False,False,False,False,0.0
2026-09-28T03:15:27Z,IN,705,41.733,-86.0057,55,Partly Cloudy,0,5,False,False,False,False,False,0.0
2026-09-28T03:15:27Z,IN,708,41.7472,-85.3285,55,Mostly Clear,0,5,False,False,False,False,False,0.0
2026-09-28T03:15:27Z,IN,707,41.7453,-85.3287,55,Mostly Clear,0,5,False,False,False,False,False,0.0
2026-09-28T03:15:27Z,IN,324,41.7353,-86.7933,53,Mostly Cloudy,0,0,False,False,False,False,False,0.0
2026-09-28T03:15:27Z,KY,KY00065IS0000020N65WELCOM,36.6434,-86.5687,64,Partly Cloudy,0,5,False,False,False,False,False,0.0
2026-09-28T03:15:27Z,KY,KY00065IS000020NSMARATHON,36.6612,-86.5553,64,Partly Cloudy,0,3,False,False,False,False,False,0.0
2026-09-28T03:15:27Z,KY,KY00065IS0000340NWEIGHS34,36.6868,-86.5379,64,Partly Cloudy,0,3,False,False,False,False,False,0.0
2026-09-28T03:15:27Z,KY,KY00065IS0011400S65SRA114,37.9464,-85.6905,66,Clear,0,3,False,False,False,False,False,0.0
2026-09-28T03:15:27Z,KY,KY00065IS0005900S65SRA059,37.239,-85.9297,63,Mostly Clear,0,1,False,False,False,False,False,0.0
2026-09-28T03:15:27Z,KY,KY00065IS0005900N65NRA059,37.2384,-85.9271,63,Mostly Clear,0,1,False,False,False,False,False,0.0
2026-09-28T03:15:27Z,KY,KY00075IS0003300NWEIGHS33,37.0422,-84.0968,58,Clear,0,2,False,False,False,False,False,0.0
2026-09-28T03:15:27Z,KY,KY00075IS0003400SWEIGHS34,37.048,-84.0997,58,Clear,0,2,False,False,False,False,False,0.0
2026-09-28T03:15:27Z,KY,KY00075IS0017700N75NRA177,38.937,-84.6309,59,Clear,0,5,False,False,False,False,False,0.0
2026-09-28T03:15:27Z,KY,KY00075IS0007500SWALTONWS,38.8653,-84.6476,59,Clear,0,5,False,False,False,False,False,0.0
2026-09-28T03:15:27Z,KY,KY00075IS0017700S75SRA177,38.9388,-84.6339,59,Clear,0,5,False,False,False,False,False,0.0
2026-09-28T03:15:27Z,KY,KY00075IS0016800SCRITENWS,38.8196,-84.6015,59,Clear,0,5,False,False,False,False,False,0.0
2026-09-28T03:15:27Z,KY,KY00075IS0000100N75WELCOM,36.6162,-84.1054,56,Mostly Clear,0,1,False,False,False,False,False,0.0
2026-09-28T03:15:31Z,IL,IL00064IW008500012,38.2766,-88.8012,64,Mostly Cloudy,0,2,False,False,False,False,True,0.2
2026-09-28T03:15:31Z,IL,IL00057IN026800032,40.5505,-88.0605,57,Partly Cloudy,0,5,False,False,False,False,True,0.2
2026-09-28T03:15:31Z,IL,IL00070IE008600051,39.0651,-88.6745,62,Mostly Cloudy,0,3,False,False,False,False,True,0.2
2026-09-28T03:15:31Z,IL,IL00072IW015200014,39.9888,-88.7852,62,Partly Cloudy,0,6,False,False,False,False,True,0.2
2026-09-28T03:15:31Z,IL,IL00055IS019400021,40.8371,-88.6833,53,Partly Cloudy,0,5,False,False,False,False,True,0.2
2026-09-28T03:15:31Z,IL,IL00057IN007900034,38.0297,-88.9203,65,Mostly Cloudy,0,2,False,False,False,False,True,0.2
2026-09-28T03:15:31Z,IL,IL00057IS007900047,38.0962,-88.9138,67,Mostly Cloudy,0,2,False,False,False,False,True,0.2
2026-09-28T03:15:31Z,IL,IL00055IN006400027,39.3465,-89.6408,63,Mostly Cloudy,0,3,False,False,False,False,True,0.2
2026-09-28T03:15:31Z,IL,IL00039IN008500036,41.7236,-89.0062,56,Partly Cloudy,0,5,False,False,False,False,True,0.2
2026-09-28T03:15:31Z,IL,IL00070IE002700042,38.7849,-89.7023,64,Mostly Cloudy,1,3,False,False,False,False,True,0.2
2026-09-28T03:15:31Z,IL,IL00074IE015600037,40.2732,-88.6762,62,Partly Cloudy,0,6,False,False,False,False,True,0.2
2026-09-28T03:15:31Z,IL,IL00080IE005100040,41.3938,-89.5665,61,Mostly Cloudy,0,5,False,False,False,False,True,0.2
2026-09-28T03:15:31Z,IL,IL00055IN019400031,40.8234,-88.6875,53,Partly Cloudy,0,5,False,False,False,False,True,0.2
2026-09-28T03:15:31Z,IL,IL00064IW013000053,38.2322,-87.9882,63,Partly Cloudy,0,1,False,False,False,False,True,0.2
2026-09-28T03:15:31Z,IL,IL00055IS002700019,38.8723,-89.8511,63,Mostly Cloudy,1,3,False,False,False,False,True,0.2
2026-09-28T03:15:31Z,IL,IL00057IS033300046,41.3918,-87.7749,55,Mostly Cloudy,0,5,False,False,False,False,True,0.2
2026-09-28T03:15:31Z,IL,IL00064IE008500039,38.273,-88.8496,65,Mostly Cloudy,0,2,False,False,False,False,True,0.2
2026-09-28T03:15:31Z,IL,IL00074IW002800020,41.2141,-90.3308,63,Mostly Cloudy,1,5,False,False,False,False,True,0.2
2026-09-28T03:15:31Z,IL,IL00055IN014900028,40.3599,-89.1099,62,Partly Cloudy,0,6,False,False,False,False,True,0.2
2026-09-28T03:15:31Z,IL,IL00080IW005100013,41.3937,-89.5591,62,Mostly Cloudy,0,5,False,False,False,False,True,0.2
2026-09-28T03:15:31Z,IL,IL00080IW011700016,41.4473,-88.3285,56,Partly Cloudy,0,5,False,False,False,False,True,0.2
2026-09-28T03:15:31Z,IL,IL00074IW015600009,40.2711,-88.6701,61,Partly Cloudy,0,6,False,False,False,False,True,0.2
2026-09-28T03:15:31Z,IL,IL00070IW002700015,38.7884,-89.6889,64,Mostly Cloudy,1,3,False,False,False,False,True,0.2
2026-09-28T03:15:31Z,IL,IL00057IS026800022,40.5613,-88.0615,57,Partly Cloudy,0,5,False,False,False,False,True,0.2
2026-09-28T03:15:31Z,IL,IL00080IE011700043,41.4314,-88.3454,56,Partly Cloudy,0,5,False,False,False,False,True,0.2
2026-09-28T03:15:31Z,IL,IL00024IW003700010,37.1593,-88.6798,65,Partly Cloudy,0,1,False,False,False,False,True,0.2
2026-09-28T03:15:31Z,IL,IL00055IN010400050,39.8627,-89.5948,63,Mostly Cloudy,0,5,False,False,False,False,True,0.2
2026-09-28T03:15:31Z,IL,IL00057IS011400023,38.5965,-88.9677,63,Mostly Cloudy,0,1,False,False,False,False,True,0.2
2026-09-28T03:15:31Z,IL,IL00057IN011400033,38.5963,-88.9638,63,Mostly Cloudy,0,1,False,False,False,False,True,0.2
2026-09-28T03:15:31Z,IL,IL00057IN022200048,39.9218,-88.299,58,Partly Cloudy,0,6,False,False,False,False,True,0.2
2026-09-28T03:15:31Z,IL,IL00057IN033300049,41.3892,-87.7729,54,Mostly Cloudy,0,5,False,False,False,False,True,0.2
2026-09-28T03:15:31Z,IL,IL00039IS008500026,41.7285,-89.0105,56,Partly Cloudy,0,5,False,False,False,False,True,0.2
2026-09-28T03:15:31Z,IL,IL00057IS022200054,39.9314,-88.3043,58,Partly Cloudy,0,6,False,False,False,False,True,0.2
2026-09-28T03:15:31Z,IL,IL00072IE015200041,39.9923,-88.7827,62,Partly Cloudy,0,6,False,False,False,False,True,0.2
2026-09-28T03:15:31Z,IL,IL00074IW006200004,40.8802,-90.0895,62,Mostly Cloudy,1,3,False,False,False,False,True,0.2
2026-09-28T03:15:31Z,IL,IL00074IE011400005,40.6125,-89.245,61,Partly Cloudy,0,5,False,False,False,False,True,0.2
2026-09-28T03:15:31Z,IL,IL00074IW020800052,40.1298,-87.7441,59,Partly Cloudy,0,5,False,False,False,False,True,0.2
2026-09-28T03:15:31Z,IL,IL00055IN002700029,38.8649,-89.8532,63,Mostly Cloudy,1,3,False,False,False,False,True,0.2
2026-09-28T03:15:31Z,IL,IL00055IS006400017,39.3523,-89.6447,63,Mostly Cloudy,0,3,False,False,False,False,True,0.2
2026-09-28T03:15:31Z,IL,IL00064IW002500011,38.5491,-89.7633,64,Mostly Cloudy,1,2,False,False,False,False,True,0.2
2026-09-28T03:15:31Z,IL,IL00074IE002800030,41.2334,-90.333,63,Mostly Cloudy,1,5,False,False,False,False,True,0.2
2026-09-28T03:15:31Z,IL,IL00064IE002500038,38.5481,-89.7731,64,Mostly Cloudy,1,2,False,False,False,False,True,0.2
2026-09-28T03:15:31Z,IL,IL00070IW008700045,39.0679,-88.6704,62,Mostly Cloudy,0,3,False,False,False,False,True,0.2
2026-09-28T03:15:31Z,IL,IL00057IS016500018,39.1993,-88.502,59,Partly Cloudy,0,5,False,False,False,False,True,0.2
2026-09-28T03:15:31Z,IL,IL00074IW011400006,40.6111,-89.2323,61,Partly Cloudy,0,5,False,False,False,False,True,0.2
2026-09-28T03:15:31Z,IL,IL00074IE006200001,40.8788,-90.0936,62,Mostly Cloudy,1,3,False,False,False,False,True,0.2
2026-09-28T03:15:31Z,IL,IL00070IW014900008,39.4228,-87.6617,56,Partly Cloudy,0,5,False,False,False,False,True,0.2
2026-09-28T03:15:31Z,IL,IL00057IN016500044,39.1898,-88.5031,59,Mostly Cloudy,0,5,False,False,False,False,True,0.2
2026-09-28T03:15:31Z,IL,IL00055IS010400024,39.8871,-89.5966,62,Mostly Cloudy,0,3,False,False,False,False,True,0.2
2026-09-28T03:15:31Z,IL,IL00057IS003200025,37.4699,-89.1329,64,Partly Cloudy,1,1,False,False,False,False,True,0.2
2026-09-28T03:15:31Z,IL,IL00057IN003200035,37.4661,-89.1324,64,Partly Cloudy,1,1,False,False,False,False,True,0.2
2026-09-28T03:15:31Z,IN,322,38.195,-87.8597,61,Partly Cloudy,0,2,False,False,False,False,False,0.0
2026-09-28T03:15:31Z,IN,317,38.5852,-85.7768,59,Clear,0,2,False,False,False,False,False,0.0
2026-09-28T03:15:31Z,IN,316,38.5859,-85.7809,59,Clear,0,2,False,False,False,False,False,0.0
2026-09-28T03:15:31Z,IN,315,39.2602,-85.9521,57,Clear,0,3,False,False,False,False,False,0.0
2026-09-28T03:15:31Z,IN,314,39.2767,-85.9569,57,Clear,0,3,False,False,False,False,False,0.0
2026-09-28T03:15:31Z,IN,313,40.1578,-86.5387,55,Clear,0,5,False,False,False,False,False,0.0
2026-09-28T03:15:31Z,IN,312,40.1722,-86.5522,56,Clear,0,5,False,False,False,False,False,0.0
2026-09-28T03:15:31Z,IN,311,40.6992,-87.0628,54,Partly Cloudy,0,5,False,False,False,False,False,0.0
2026-09-28T03:15:31Z,IN,310,40.6984,-87.0646,54,Partly Cloudy,0,5,False,False,False,False,False,0.0
2026-09-28T03:15:31Z,IN,308,41.1653,-87.271,50,Partly Cloudy,0,5,False,False,False,False,False,0.0
2026-09-28T03:15:31Z,IN,309,41.1666,-87.2749,50,Partly Cloudy,0,5,False,False,False,False,False,0.0
2026-09-28T03:15:31Z,IN,318,40.3543,-85.5576,54,Clear,0,3,False,False,False,False,False,0.0
2026-09-28T03:15:31Z,IN,319,40.3569,-85.56,54,Clear,0,3,False,False,False,False,False,0.0
2026-09-28T03:15:31Z,IN,320,41.2963,-85.0863,55,Clear,0,5,False,False,False,False,False,0.0
2026-09-28T03:15:31Z,IN,321,41.5803,-85.0597,55,Clear,0,5,False,False,False,False,False,0.0
2026-09-28T03:15:31Z,IN,300,39.4417,-87.5002,58,Partly Cloudy,0,3,False,False,False,False,False,0.0
2026-09-28T03:15:31Z,IN,302,39.6517,-86.3967,58,Clear,0,5,False,False,False,False,False,0.0
2026-09-28T03:15:31Z,IN,301,39.6541,-86.4005,58,Clear,0,5,False,False,False,False,False,0.0
2026-09-28T03:15:31Z,IN,303,39.8243,-85.7039,55,Clear,0,5,False,False,False,False,False,0.0
2026-09-28T03:15:31Z,IN,304,39.8266,-85.704,55,Clear,0,5,False,False,False,False,False,0.0
2026-09-28T03:15:31Z,IN,305,39.8605,-85.0259,53,Clear,0,3,False,False,False,False,False,0.0
2026-09-28T03:15:31Z,IN,323,39.29,-85.1688,54,Mostly Clear,0,2,False,False,False,False,False,0.0
2026-09-28T03:15:31Z,IN,702,41.7472,-85.3285,55,Mostly Clear,0,5,False,False,False,False,False,0.0
2026-09-28T03:15:31Z,IN,701,41.5889,-87.2173,56,Partly Cloudy,0,5,False,False,False,False,False,0.0
2026-09-28T03:15:31Z,IN,704,41.7058,-86.6212,53,Mostly Cloudy,0,5,False,False,False,False,False,0.0
2026-09-28T03:15:31Z,IN,703,41.7071,-86.6235,53,Mostly Cloudy,0,5,False,False,False,False,False,0.0
2026-09-28T03:15:31Z,IN,705,41.733,-86.0057,55,Partly Cloudy,0,5,False,False,False,False,False,0.0
2026-09-28T03:15:31Z,IN,708,41.7472,-85.3285,55,Mostly Clear,0,5,False,False,False,False,False,0.0
2026-09-28T03:15:31Z,IN,707,41.7453,-85.3287,55,Mostly Clear,0,5,False,False,False,False,False,0.0
2026-09-28T03:15:31Z,IN,324,41.7353,-86.7933,53,Mostly Cloudy,0,0,False,False,False,False,False,0.0
2026-09-28T03:15:31Z,KY,KY00065IS0000020N65WELCOM,36.6434,-86.5687,64,Partly Cloudy,0,5,False,False,False,False,False,0.0
2026-09-28T03:15:31Z,KY,KY00065IS000020NSMARATHON,36.6612,-86.5553,64,Partly Cloudy,0,3,False,False,False,False,False,0.0
2026-09-28T03:15:31Z,KY,KY00065IS0000340NWEIGHS34,36.6868,-86.5379,64,Partly Cloudy,0,3,False,False,False,False,False,0.0
2026-09-28T03:15:31Z,KY,KY00065IS0011400S65SRA114,37.9464,-85.6905,66,Clear,0,3,False,False,False,False,False,0.0
2026-09-28T03:15:31Z,KY,KY00065IS0005900S65SRA059,37.239,-85.9297,63,Mostly Clear,0,1,False,False,False,False,False,0.0
2026-09-28T03:15:31Z,KY,KY00065IS0005900N65NRA059,37.2384,-85.9271,63,Mostly Clear,0,1,False,False,False,False,False,0.0
2026-09-28T03:15:31Z,KY,KY00075IS0003300NWEIGHS33,37.0422,-84.0968,58,Clear,0,2,False,False,False,False,False,0.0
2026-09-28T03:15:31Z,KY,KY00075IS0003400SWEIGHS34,37.048,-84.0997,58,Clear,0,2,False,False,False,False,False,0.0
2026-09-28T03:15:31Z,KY,KY00075IS0017700N75NRA177,38.937,-84.6309,59,Clear,0,5,False,False,False,False,False,0.0
2026-09-28T03:15:31Z,KY,KY00075IS0007500SWALTONWS,38.8653,-84.6476,59,Clear,0,5,False,False,False,False,False,0.0
2026-09-28T03:15:31Z,KY,KY00075IS0017700S75SRA177,38.9388,-84.6339,59,Clear,0,5,False,False,False,False,False,0.0
2026-09-28T03:15:31Z,KY,KY00075IS0016800SCRITENWS,38.8196,-84.6015,59,Clear,0,5,False,False,False,False,False,0.0
2026-09-28T03:15:31Z,KY,KY00075IS0000100N75WELCOM,36.6162,-84.1054,56,Mostly Clear,0,1,False,False,False,False,False,0.0
2026-09-28T03:15:35Z,IL,IL00064IW008500012,38.2766,-88.8012,64,Mostly Cloudy,0,2,False,False,False,False,True,0.2
2026-09-28T03:15:35Z,IL,IL00057IN026800032,40.5505,-88.0605,57,Partly Cloudy,0,5,False,False,False,False,True,0.2
2026-09-28T03:15:35Z,IL,IL00070IE008600051,39.0651,-88.6745,62,Mostly Cloudy,0,3,False,False,False,False,True,0.2
2026-09-28T03:15:35Z,IL,IL00072IW015200014,39.9888,-88.7852,62,Partly Cloudy,0,6,False,False,False,False,True,0.2
2026-09-28T03:15:35Z,IL,IL00055IS019400021,40.8371,-88.6833,53,Partly Cloudy,0,5,False,False,False,False,True,0.2
2026-09-28T03:15:35Z,IL,IL00057IN007900034,38.0297,-88.9203,65,Mostly Cloudy,0,2,False,False,False,False,True,0.2
2026-09-28T03:15:35Z,IL,IL00057IS007900047,38.0962,-88.9138,67,Mostly Cloudy,0,2,False,False,False,False,True,0.2
2026-09-28T03:15:35Z,IL,IL00055IN006400027,39.3465,-89.6408,63,Mostly Cloudy,0,3,False,False,False,False,True,0.2
2026-09-28T03:15:35Z,IL,IL00039IN008500036,41.7236,-89.0062,56,Partly Cloudy,0,5,False,False,False,False,True,0.2
2026-09-28T03:15:35Z,IL,IL00070IE002700042,38.7849,-89.7023,64,Mostly Cloudy,1,3,False,False,False,False,True,0.2
2026-09-28T03:15:35Z,IL,IL00074IE015600037,40.2732,-88.6762,62,Partly Cloudy,0,6,False,False,False,False,True,0.2
2026-09-28T03:15:35Z,IL,IL00080IE005100040,41.3938,-89.5665,61,Mostly Cloudy,0,5,False,False,False,False,True,0.2
2026-09-28T03:15:35Z,IL,IL00055IN019400031,40.8234,-88.6875,53,Partly Cloudy,0,5,False,False,False,False,True,0.2
2026-09-28T03:15:35Z,IL,IL00064IW013000053,38.2322,-87.9882,63,Partly Cloudy,0,1,False,False,False,False,True,0.2
2026-09-28T03:15:35Z,IL,IL00055IS002700019,38.8723,-89.8511,63,Mostly Cloudy,1,3,False,False,False,False,True,0.2
2026-09-28T03:15:35Z,IL,IL00057IS033300046,41.3918,-87.7749,55,Mostly Cloudy,0,5,False,False,False,False,True,0.2
2026-09-28T03:15:35Z,IL,IL00064IE008500039,38.273,-88.8496,65,Mostly Cloudy,0,2,False,False,False,False,True,0.2
2026-09-28T03:15:35Z,IL,IL00074IW002800020,41.2141,-90.3308,63,Mostly Cloudy,1,5,False,False,False,False,True,0.2
2026-09-28T03:15:35Z,IL,IL00055IN014900028,40.3599,-89.1099,62,Partly Cloudy,0,6,False,False,False,False,True,0.2
2026-09-28T03:15:35Z,IL,IL00080IW005100013,41.3937,-89.5591,62,Mostly Cloudy,0,5,False,False,False,False,True,0.2
2026-09-28T03:15:35Z,IL,IL00080IW011700016,41.4473,-88.3285,56,Partly Cloudy,0,5,False,False,False,False,True,0.2
2026-09-28T03:15:35Z,IL,IL00074IW015600009,40.2711,-88.6701,61,Partly Cloudy,0,6,False,False,False,False,True,0.2
2026-09-28T03:15:35Z,IL,IL00070IW002700015,38.7884,-89.6889,64,Mostly Cloudy,1,3,False,False,False,False,True,0.2
2026-09-28T03:15:35Z,IL,IL00057IS026800022,40.5613,-88.0615,57,Partly Cloudy,0,5,False,False,False,False,True,0.2
2026-09-28T03:15:35Z,IL,IL00080IE011700043,41.4314,-88.3454,56,Partly Cloudy,0,5,False,False,False,False,True,0.2
2026-09-28T03:15:35Z,IL,IL00024IW003700010,37.1593,-88.6798,65,Partly Cloudy,0,1,False,False,False,False,True,0.2
2026-09-28T03:15:35Z,IL,IL00055IN010400050,39.8627,-89.5948,63,Mostly Cloudy,0,5,False,False,False,False,True,0.2
2026-09-28T03:15:35Z,IL,IL00057IS011400023,38.5965,-88.9677,63,Mostly Cloudy,0,1,False,False,False,False,True,0.2
2026-09-28T03:15:35Z,IL,IL00057IN011400033,38.5963,-88.9638,63,Mostly Cloudy,0,1,False,False,False,False,True,0.2
2026-09-28T03:15:35Z,IL,IL00057IN022200048,39.9218,-88.299,58,Partly Cloudy,0,6,False,False,False,False,True,0.2
2026-09-28T03:15:35Z,IL,IL00057IN033300049,41.3892,-87.7729,54,Mostly Cloudy,0,5,False,False,False,False,True,0.2
2026-09-28T03:15:35Z,IL,IL00039IS008500026,41.7285,-89.0105,56,Partly Cloudy,0,5,False,False,False,False,True,0.2
2026-09-28T03:15:35Z,IL,IL00057IS022200054,39.9314,-88.3043,58,Partly Cloudy,0,6,False,False,False,False,True,0.2
2026-09-28T03:15:35Z,IL,IL00072IE015200041,39.9923,-88.7827,62,Partly Cloudy,0,6,False,False,False,False,True,0.2
2026-09-28T03:15:35Z,IL,IL00074IW006200004,40.8802,-90.0895,62,Mostly Cloudy,1,3,False,False,False,False,True,0.2
2026-09-28T03:15:35Z,IL,IL00074IE011400005,40.6125,-89.245,61,Partly Cloudy,0,5,False,False,False,False,True,0.2
2026-09-28T03:15:35Z,IL,IL00074IW020800052,40.1298,-87.7441,59,Partly Cloudy,0,5,False,False,False,False,True,0.2
2026-09-28T03:15:35Z,IL,IL00055IN002700029,38.8649,-89.8532,63,Mostly Cloudy,1,3,False,False,False,False,True,0.2
2026-09-28T03:15:35Z,IL,IL00055IS006400017,39.3523,-89.6447,63,Mostly Cloudy,0,3,False,False,False,False,True,0.2
2026-09-28T03:15:35Z,IL,IL00064IW002500011,38.5491,-89.7633,64,Mostly Cloudy,1,2,False,False,False,False,True,0.2
2026-09-28T03:15:35Z,IL,IL00074IE002800030,41.2334,-90.333,63,Mostly Cloudy,1,5,False,False,False,False,True,0.2
2026-09-28T03:15:35Z,IL,IL00064IE002500038,38.5481,-89.7731,64,Mostly Cloudy,1,2,False,False,False,False,True,0.2
2026-09-28T03:15:35Z,IL,IL00070IW008700045,39.0679,-88.6704,62,Mostly Cloudy,0,3,False,False,False,False,True,0.2
2026-09-28T03:15:35Z,IL,IL00057IS016500018,39.1993,-88.502,59,Partly Cloudy,0,5,False,False,False,False,True,0.2
2026-09-28T03:15:35Z,IL,IL00074IW011400006,40.6111,-89.2323,61,Partly Cloudy,0,5,False,False,False,False,True,0.2
2026-09-28T03:15:35Z,IL,IL00074IE006200001,40.8788,-90.0936,62,Mostly Cloudy,1,3,False,False,False,False,True,0.2
2026-09-28T03:15:35Z,IL,IL00070IW014900008,39.4228,-87.6617,56,Partly Cloudy,0,5,False,False,False,False,True,0.2
2026-09-28T03:15:35Z,IL,IL00057IN016500044,39.1898,-88.5031,59,Mostly Cloudy,0,5,False,False,False,False,True,0.2
2026-09-28T03:15:35Z,IL,IL00055IS010400024,39.8871,-89.5966,62,Mostly Cloudy,0,3,False,False,False,False,True,0.2
2026-09-28T03:15:35Z,IL,IL00057IS003200025,37.4699,-89.1329,64,Partly Cloudy,1,1,False,False,False,False,True,0.2
2026-09-28T03:15:35Z,IL,IL00057IN003200035,37.4661,-89.1324,64,Partly Cloudy,1,1,False,False,False,False,True,0.2
2026-09-28T03:15:35Z,IN,322,38.195,-87.8597,61,Partly Cloudy,0,2,False,False,False,False,False,0.0
2026-09-28T03:15:35Z,IN,317,38.5852,-85.7768,59,Clear,0,2,False,False,False,False,False,0.0
2026-09-28T03:15:35Z,IN,316,38.5859,-85.7809,59,Clear,0,2,False,False,False,False,False,0.0
2026-09-28T03:15:35Z,IN,315,39.2602,-85.9521,57,Clear,0,3,False,False,False,False,False,0.0
2026-09-28T03:15:35Z,IN,314,39.2767,-85.9569,57,Clear,0,3,False,False,False,False,False,0.0
2026-09-28T03:15:35Z,IN,313,40.1578,-86.5387,55,Clear,0,5,False,False,False,False,False,0.0
2026-09-28T03:15:35Z,IN,312,40.1722,-86.5522,56,Clear,0,5,False,False,False,False,False,0.0
2026-09-28T03:15:35Z,IN,311,40.6992,-87.0628,54,Partly Cloudy,0,5,False,False,False,False,False,0.0
2026-09-28T03:15:35Z,IN,310,40.6984,-87.0646,54,Partly Cloudy,0,5,False,False,False,False,False,0.0
2026-09-28T03:15:35Z,IN,308,41.1653,-87.271,50,Partly Cloudy,0,5,False,False,False,False,False,0.0
2026-09-28T03:15:35Z,IN,309,41.1666,-87.2749,50,Partly Cloudy,0,5,False,False,False,False,False,0.0
2026-09-28T03:15:35Z,IN,318,40.3543,-85.5576,54,Clear,0,3,False,False,False,False,False,0.0
2026-09-28T03:15:35Z,IN,319,40.3569,-85.56,54,Clear,0,3,False,False,False,False,False,0.0
2026-09-28T03:15:35Z,IN,320,41.2963,-85.0863,55,Clear,0,5,False,False,False,False,False,0.0
2026-09-28T03:15:35Z,IN,321,41.5803,-85.0597,55,Clear,0,5,False,False,False,False,False,0.0
2026-09-28T03:15:35Z,IN,300,39.4417,-87.5002,58,Partly Cloudy,0,3,False,False,False,False,False,0.0
2026-09-28T03:15:35Z,IN,302,39.6517,-86.3967,58,Clear,0,5,False,False,False,False,False,0.0
2026-09-28T03:15:35Z,IN,301,39.6541,-86.4005,58,Clear,0,5,False,False,False,False,False,0.0
2026-09-28T03:15:35Z,IN,303,39.8243,-85.7039,55,Clear,0,5,False,False,False,False,False,0.0
2026-09-28T03:15:35Z,IN,304,39.8266,-85.704,55,Clear,0,5,False,False,False,False,False,0.0
2026-09-28T03:15:35Z,IN,305,39.8605,-85.0259,53,Clear,0,3,False,False,False,False,False,0.0
2026-09-28T03:15:35Z,IN,323,39.29,-85.1688,54,Mostly Clear,0,2,False,False,False,False,False,0.0
2026-09-28T03:15:35Z,IN,702,41.7472,-85.3285,55,Mostly Clear,0,5,False,False,False,False,False,0.0
2026-09-28T03:15:35Z,IN,701,41.5889,-87.2173,56,Partly Cloudy,0,5,False,False,False,False,False,0.0
2026-09-28T03:15:35Z,IN,704,41.7058,-86.6212,53,Mostly Cloudy,0,5,False,False,False,False,False,0.0
2026-09-28T03:15:35Z,IN,703,41.7071,-86.6235,53,Mostly Cloudy,0,5,False,False,False,False,False,0.0
2026-09-28T03:15:35Z,IN,705,41.733,-86.0057,55,Partly Cloudy,0,5,False,False,False,False,False,0.0
2026-09-28T03:15:35Z,IN,708,41.7472,-85.3285,55,Mostly Clear,0,5,False,False,False,False,False,0.0
2026-09-28T03:15:35Z,IN,707,41.7453,-85.3287,55,Mostly Clear,0,5,False,False,False,False,False,0.0
2026-09-28T03:15:35Z,IN,324,41.7353,-86.7933,53,Mostly Cloudy,0,0,False,False,False,False,False,0.0
2026-09-28T03:15:35Z,KY,KY00065IS0000020N65WELCOM,36.6434,-86.5687,64,Partly Cloudy,0,5,False,False,False,False,False,0.0
2026-09-28T03:15:35Z,KY,KY00065IS000020NSMARATHON,36.6612,-86.5553,64,Partly Cloudy,0,3,False,False,False,False,False,0.0
2026-09-28T03:15:35Z,KY,KY00065IS0000340NWEIGHS34,36.6868,-86.5379,64,Partly Cloudy,0,3,False,False,False,False,False,0.0
2026-09-28T03:15:35Z,KY,KY00065IS0011400S65SRA114,37.9464,-85.6905,66,Clear,0,3,False,False,False,False,False,0.0
2026-09-28T03:15:35Z,KY,KY00065IS0005900S65SRA059,37.239,-85.9297,63,Mostly Clear,0,1,False,False,False,False,False,0.0
2026-09-28T03:15:35Z,KY,KY00065IS0005900N65NRA059,37.2384,-85.9271,63,Mostly Clear,0,1,False,False,False,False,False,0.0
2026-09-28T03:15:35Z,KY,KY00075IS0003300NWEIGHS33,37.0422,-84.0968,58,Clear,0,2,False,False,False,False,False,0.0
2026-09-28T03:15:35Z,KY,KY00075IS0003400SWEIGHS34,37.048,-84.0997,58,Clear,0,2,False,False,False,False,False,0.0
2026-09-28T03:15:35Z,KY,KY00075IS0017700N75NRA177,38.937,-84.6309,59,Clear,0,5,False,False,False,False,False,0.0
2026-09-28T03:15:35Z,KY,KY00075IS0007500SWALTONWS,38.8653,-84.6476,59,Clear,0,5,False,False,False,False,False,0.0
2026-09-28T03:15:35Z,KY,KY00075IS0017700S75SRA177,38.9388,-84.6339,59,Clear,0,5,False,False,False,False,False,0.0
2026-09-28T03:15:35Z,KY,KY00075IS0016800SCRITENWS,38.8196,-84.6015,59,Clear,0,5,False,False,False,False,False,0.0
2026-09-28T03:15:35Z,KY,KY00075IS0000100N75WELCOM,36.6162,-84.1054,56,Mostly Clear,0,1,False,False,False,False,False,0.0
2026-09-28T03:15:40Z,IL,IL00064IW008500012,38.2766,-88.8012,64,Mostly Cloudy,0,2,False,False,False,False,True,0.2
2026-09-28T03:15:40Z,IL,IL00057IN026800032,40.5505,-88.0605,57,Partly Cloudy,0,5,False,False,False,False,True,0.2
2026-09-28T03:15:40Z,IL,IL00070IE008600051,39.0651,-88.6745,62,Mostly Cloudy,0,3,False,False,False,False,True,0.2
2026-09-28T03:15:40Z,IL,IL00072IW015200014,39.9888,-88.7852,62,Partly Cloudy,0,6,False,False,False,False,True,0.2
2026-09-28T03:15:40Z,IL,IL00055IS019400021,40.8371,-88.6833,53,Partly Cloudy,0,5,False,False,False,False,True,0.2
2026-09-28T03:15:40Z,IL,IL00057IN007900034,38.0297,-88.9203,65,Mostly Cloudy,0,2,False,False,False,False,True,0.2
2026-09-28T03:15:40Z,IL,IL00057IS007900047,38.0962,-88.9138,67,Mostly Cloudy,0,2,False,False,False,False,True,0.2
2026-09-28T03:15:40Z,IL,IL00055IN006400027,39.3465,-89.6408,63,Mostly Cloudy,0,3,False,False,False,False,True,0.2
2026-09-28T03:15:40Z,IL,IL00039IN008500036,41.7236,-89.0062,56,Partly Cloudy,0,5,False,False,False,False,True,0.2
2026-09-28T03:15:40Z,IL,IL00070IE002700042,38.7849,-89.7023,64,Mostly Cloudy,1,3,False,False,False,False,True,0.2
2026-09-28T03:15:40Z,IL,IL00074IE015600037,40.2732,-88.6762,62,Partly Cloudy,0,6,False,False,False,False,True,0.2
2026-09-28T03:15:40Z,IL,IL00080IE005100040,41.3938,-89.5665,61,Mostly Cloudy,0,5,False,False,False,False,True,0.2
2026-09-28T03:15:40Z,IL,IL00055IN019400031,40.8234,-88.6875,53,Partly Cloudy,0,5,False,False,False,False,True,0.2
2026-09-28T03:15:40Z,IL,IL00064IW013000053,38.2322,-87.9882,63,Partly Cloudy,0,1,False,False,False,False,True,0.2
2026-09-28T03:15:40Z,IL,IL00055IS002700019,38.8723,-89.8511,63,Mostly Cloudy,1,3,False,False,False,False,True,0.2
2026-09-28T03:15:40Z,IL,IL00057IS033300046,41.3918,-87.7749,55,Mostly Cloudy,0,5,False,False,False,False,True,0.2
2026-09-28T03:15:40Z,IL,IL00064IE008500039,38.273,-88.8496,65,Mostly Cloudy,0,2,False,False,False,False,True,0.2
2026-09-28T03:15:40Z,IL,IL00074IW002800020,41.2141,-90.3308,63,Mostly Cloudy,1,5,False,False,False,False,True,0.2
2026-09-28T03:15:40Z,IL,IL00055IN014900028,40.3599,-89.1099,62,Partly Cloudy,0,6,False,False,False,False,True,0.2
2026-09-28T03:15:40Z,IL,IL00080IW005100013,41.3937,-89.5591,62,Mostly Cloudy,0,5,False,False,False,False,True,0.2
2026-09-28T03:15:40Z,IL,IL00080IW011700016,41.4473,-88.3285,56,Partly Cloudy,0,5,False,False,False,False,True,0.2
2026-09-28T03:15:40Z,IL,IL00074IW015600009,40.2711,-88.6701,61,Partly Cloudy,0,6,False,False,False,False,True,0.2
2026-09-28T03:15:40Z,IL,IL00070IW002700015,38.7884,-89.6889,64,Mostly Cloudy,1,3,False,False,False,False,True,0.2
2026-09-28T03:15:40Z,IL,IL00057IS026800022,40.5613,-88.0615,57,Partly Cloudy,0,5,False,False,False,False,True,0.2
2026-09-28T03:15:40Z,IL,IL00080IE011700043,41.4314,-88.3454,56,Partly Cloudy,0,5,False,False,False,False,True,0.2
2026-09-28T03:15:40Z,IL,IL00024IW003700010,37.1593,-88.6798,65,Partly Cloudy,0,1,False,False,False,False,True,0.2
2026-09-28T03:15:40Z,IL,IL00055IN010400050,39.8627,-89.5948,63,Mostly Cloudy,0,5,False,False,False,False,True,0.2
2026-09-28T03:15:40Z,IL,IL00057IS011400023,38.5965,-88.9677,63,Mostly Cloudy,0,1,False,False,False,False,True,0.2
2026-09-28T03:15:40Z,IL,IL00057IN011400033,38.5963,-88.9638,63,Mostly Cloudy,0,1,False,False,False,False,True,0.2
2026-09-28T03:15:40Z,IL,IL00057IN022200048,39.9218,-88.299,58,Partly Cloudy,0,6,False,False,False,False,True,0.2
2026-09-28T03:15:40Z,IL,IL00057IN033300049,41.3892,-87.7729,54,Mostly Cloudy,0,5,False,False,False,False,True,0.2
2026-09-28T03:15:40Z,IL,IL00039IS008500026,41.7285,-89.0105,56,Partly Cloudy,0,5,False,False,False,False,True,0.2
2026-09-28T03:15:40Z,IL,IL00057IS022200054,39.9314,-88.3043,58,Partly Cloudy,0,6,False,False,False,False,True,0.2
2026-09-28T03:15:40Z,IL,IL00072IE015200041,39.9923,-88.7827,62,Partly Cloudy,0,6,False,False,False,False,True,0.2
2026-09-28T03:15:40Z,IL,IL00074IW006200004,40.8802,-90.0895,62,Mostly Cloudy,1,3,False,False,False,False,True,0.2
2026-09-28T03:15:40Z,IL,IL00074IE011400005,40.6125,-89.245,61,Partly Cloudy,0,5,False,False,False,False,True,0.2
2026-09-28T03:15:40Z,IL,IL00074IW020800052,40.1298,-87.7441,59,Partly Cloudy,0,5,False,False,False,False,True,0.2
2026-09-28T03:15:40Z,IL,IL00055IN002700029,38.8649,-89.8532,63,Mostly Cloudy,1,3,False,False,False,False,True,0.2
2026-09-28T03:15:40Z,IL,IL00055IS006400017,39.3523,-89.6447,63,Mostly Cloudy,0,3,False,False,False,False,True,0.2
2026-09-28T03:15:40Z,IL,IL00064IW002500011,38.5491,-89.7633,64,Mostly Cloudy,1,2,False,False,False,False,True,0.2
2026-09-28T03:15:40Z,IL,IL00074IE002800030,41.2334,-90.333,63,Mostly Cloudy,1,5,False,False,False,False,True,0.2
2026-09-28T03:15:40Z,IL,IL00064IE002500038,38.5481,-89.7731,64,Mostly Cloudy,1,2,False,False,False,False,True,0.2
2026-09-28T03:15:40Z,IL,IL00070IW008700045,39.0679,-88.6704,62,Mostly Cloudy,0,3,False,False,False,False,True,0.2
2026-09-28T03:15:40Z,IL,IL00057IS016500018,39.1993,-88.502,59,Partly Cloudy,0,5,False,False,False,False,True,0.2
2026-09-28T03:15:40Z,IL,IL00074IW011400006,40.6111,-89.2323,61,Partly Cloudy,0,5,False,False,False,False,True,0.2
2026-09-28T03:15:40Z,IL,IL00074IE006200001,40.8788,-90.0936,62,Mostly Cloudy,1,3,False,False,False,False,True,0.2
2026-09-28T03:15:40Z,IL,IL00070IW014900008,39.4228,-87.6617,56,Partly Cloudy,0,5,False,False,False,False,True,0.2
2026-09-28T03:15:40Z,IL,IL00057IN016500044,39.1898,-88.5031,59,Mostly Cloudy,0,5,False,False,False,False,True,0.2
2026-09-28T03:15:40Z,IL,IL00055IS010400024,39.8871,-89.5966,62,Mostly Cloudy,0,3,False,False,False,False,True,0.2
2026-09-28T03:15:40Z,IL,IL00057IS003200025,37.4699,-89.1329,64,Partly Cloudy,1,1,False,False,False,False,True,0.2
2026-09-28T03:15:40Z,IL,IL00057IN003200035,37.4661,-89.1324,64,Partly Cloudy,1,1,False,False,False,False,True,0.2
2026-09-28T03:15:40Z,IN,322,38.195,-87.8597,61,Partly Cloudy,0,2,False,False,False,False,False,0.0
2026-09-28T03:15:40Z,IN,317,38.5852,-85.7768,59,Clear,0,2,False,False,False,False,False,0.0
2026-09-28T03:15:40Z,IN,316,38.5859,-85.7809,59,Clear,0,2,False,False,False,False,False,0.0
2026-09-28T03:15:40Z,IN,315,39.2602,-85.9521,57,Clear,0,3,False,False,False,False,False,0.0
2026-09-28T03:15:40Z,IN,314,39.2767,-85.9569,57,Clear,0,3,False,False,False,False,False,0.0
2026-09-28T03:15:40Z,IN,313,40.1578,-86.5387,55,Clear,0,5,False,False,False,False,False,0.0
2026-09-28T03:15:40Z,IN,312,40.1722,-86.5522,56,Clear,0,5,False,False,False,False,False,0.0
2026-09-28T03:15:40Z,IN,311,40.6992,-87.0628,54,Partly Cloudy,0,5,False,False,False,False,False,0.0
2026-09-28T03:15:40Z,IN,310,40.6984,-87.0646,54,Partly Cloudy,0,5,False,False,False,False,False,0.0
2026-09-28T03:15:40Z,IN,308,41.1653,-87.271,50,Partly Cloudy,0,5,False,False,False,False,False,0.0
2026-09-28T03:15:40Z,IN,309,41.1666,-87.2749,50,Partly Cloudy,0,5,False,False,False,False,False,0.0
2026-09-28T03:15:40Z,IN,318,40.3543,-85.5576,54,Clear,0,3,False,False,False,False,False,0.0
2026-09-28T03:15:40Z,IN,319,40.3569,-85.56,54,Clear,0,3,False,False,False,False,False,0.0
2026-09-28T03:15:40Z,IN,320,41.2963,-85.0863,55,Clear,0,5,False,False,False,False,False,0.0
2026-09-28T03:15:40Z,IN,321,41.5803,-85.0597,55,Clear,0,5,False,False,False,False,False,0.0
2026-09-28T03:15:40Z,IN,300,39.4417,-87.5002,58,Partly Cloudy,0,3,False,False,False,False,False,0.0
2026-09-28T03:15:40Z,IN,302,39.6517,-86.3967,58,Clear,0,5,False,False,False,False,False,0.0
2026-09-28T03:15:40Z,IN,301,39.6541,-86.4005,58,Clear,0,5,False,False,False,False,False,0.0
2026-09-28T03:15:40Z,IN,303,39.8243,-85.7039,55,Clear,0,5,False,False,False,False,False,0.0
2026-09-28T03:15:40Z,IN,304,39.8266,-85.704,55,Clear,0,5,False,False,False,False,False,0.0
2026-09-28T03:15:40Z,IN,305,39.8605,-85.0259,53,Clear,0,3,False,False,False,False,False,0.0
2026-09-28T03:15:40Z,IN,323,39.29,-85.1688,54,Mostly Clear,0,2,False,False,False,False,False,0.0
2026-09-28T03:15:40Z,IN,702,41.7472,-85.3285,55,Mostly Clear,0,5,False,False,False,False,False,0.0
2026-09-28T03:15:40Z,IN,701,41.5889,-87.2173,56,Partly Cloudy,0,5,False,False,False,False,False,0.0
2026-09-28T03:15:40Z,IN,704,41.7058,-86.6212,53,Mostly Cloudy,0,5,False,False,False,False,False,0.0
2026-09-28T03:15:40Z,IN,703,41.7071,-86.6235,53,Mostly Cloudy,0,5,False,False,False,False,False,0.0
2026-09-28T03:15:40Z,IN,705,41.733,-86.0057,55,Partly Cloudy,0,5,False,False,False,False,False,0.0
2026-09-28T03:15:40Z,IN,708,41.7472,-85.3285,55,Mostly Clear,0,5,False,False,False,False,False,0.0
2026-09-28T03:15:40Z,IN,707,41.7453,-85.3287,55,Mostly Clear,0,5,False,False,False,False,False,0.0
2026-09-28T03:15:40Z,IN,324,41.7353,-86.7933,53,Mostly Cloudy,0,0,False,False,False,False,False,0.0
2026-09-28T03:15:40Z,KY,KY00065IS0000020N65WELCOM,36.6434,-86.5687,64,Partly Cloudy,0,5,False,False,False,False,False,0.0
2026-09-28T03:15:40Z,KY,KY00065IS000020NSMARATHON,36.6612,-86.5553,64,Partly Cloudy,0,3,False,False,False,False,False,0.0
2026-09-28T03:15:40Z,KY,KY00065IS0000340NWEIGHS34,36.6868,-86.5379,64,Partly Cloudy,0,3,False,False,False,False,False,0.0
2026-09-28T03:15:40Z,KY,KY00065IS0011400S65SRA114,37.9464,-85.6905,66,Clear,0,3,False,False,False,False,False,0.0
2026-09-28T03:15:40Z,KY,KY00065IS0005900S65SRA059,37.239,-85.9297,63,Mostly Clear,0,1,False,False,False,False,False,0.0
2026-09-28T03:15:40Z,KY,KY00065IS0005900N65NRA059,37.2384,-85.9271,63,Mostly Clear,0,1,False,False,False,False,False,0.0
2026-09-28T03:15:40Z,KY,KY00075IS0003300NWEIGHS33,37.0422,-84.0968,58,Clear,0,2,False,False,False,False,False,0.0
2026-09-28T03:15:40Z,KY,KY00075IS0003400SWEIGHS34,37.048,-84.0997,58,Clear,0,2,False,False,False,False,False,0.0
2026-09-28T03:15:40Z,KY,KY00075IS0017700N75NRA177,38.937,-84.6309,59,Clear,0,5,False,False,False,False,False,0.0
2026-09-28T03:15:40Z,KY,KY00075IS0007500SWALTONWS,38.8653,-84.6476,59,Clear,0,5,False,False,False,False,False,0.0
2026-09-28T03:15:40Z,KY,KY00075IS0017700S75SRA177,38.9388,-84.6339,59,Clear,0,5,False,False,False,False,False,0.0
2026-09-28T03:15:40Z,KY,KY00075IS0016800SCRITENWS,38.8196,-84.6015,59,Clear,0,5,False,False,False,False,False,0.0
2026-09-28T03:15:40Z,KY,KY00075IS0000100N75WELCOM,36.6162,-84.1054,56,Mostly Clear,0,1,False,False,False,False,False,0.0
