polled_at_utc,state,site_id,time_stamp,reported_available,capacity,trend,open,trust_data,low_threshold
2026-08-09T00:04:56Z,IL,IL00072IE015200041,2026-08-09T00:02:23Z,14,16,STEADY,True,True,
2026-08-09T00:04:56Z,IL,IL00057IN026800032,2026-08-09T00:04:51Z,Unknown,25,Unknown,True,False,
2026-08-09T00:04:56Z,IL,IL00057IS011400023,2026-08-09T00:04:51Z,Unknown,0,Unknown,True,False,
2026-08-09T00:04:56Z,IL,IL00064IE002500038,2026-08-09T00:04:51Z,Unknown,0,Unknown,True,False,
2026-08-09T00:04:56Z,IL,IL00055IS002700019,2026-08-09T00:04:51Z,Unknown,0,Unknown,True,False,
2026-08-09T00:04:56Z,IL,IL00057IN007900034,2026-08-09T00:04:51Z,Unknown,0,Unknown,True,False,
2026-08-09T00:04:56Z,IL,IL00057IN033300049,2026-08-09T00:04:51Z,Unknown,0,Unknown,True,False,
2026-08-09T00:04:56Z,IL,IL00055IS019400021,2026-08-09T00:04:51Z,Unknown,29,Unknown,True,False,
2026-08-09T00:04:56Z,IL,IL00070IE008600051,2026-08-09T00:04:51Z,0,0,Unknown,False,False,
2026-08-09T00:04:56Z,IL,IL00055IN006400027,2026-08-09T00:04:51Z,Unknown,0,Unknown,True,False,
2026-08-09T00:04:56Z,IL,IL00072IW015200014,2026-08-09T00:04:51Z,Unknown,17,Unknown,True,False,
2026-08-09T00:04:56Z,IL,IL00074IE015600037,2026-08-09T00:04:53Z,Unknown,0,Unknown,True,False,
2026-08-09T00:04:56Z,IL,IL00055IN002700029,2026-08-09T00:04:53Z,Unknown,0,Unknown,True,False,
2026-08-09T00:04:56Z,IL,IL00064IW008500012,2026-08-09T00:04:51Z,Unknown,0,Unknown,True,False,
2026-08-09T00:04:56Z,IL,IL00074IW020800052,2026-08-09T00:04:51Z,Unknown,0,Unknown,True,False,
2026-08-09T00:04:56Z,IL,IL00070IE002700042,2026-08-09T00:04:51Z,Unknown,0,Unknown,True,False,
2026-08-09T00:04:56Z,IL,IL00057IS026800022,2026-08-09T00:04:51Z,Unknown,27,Unknown,True,False,
2026-08-09T00:04:56Z,IL,IL00080IE005100040,2026-08-09T00:04:51Z,Unknown,39,Unknown,True,False,
2026-08-09T00:04:56Z,IL,IL00055IN014900028,2026-08-09T00:04:51Z,Unknown,0,Unknown,True,False,
2026-08-09T00:04:56Z,IL,IL00055IN019400031,2026-08-09T00:04:51Z,Unknown,36,Unknown,True,False,
2026-08-09T00:04:56Z,IL,IL00057IS007900047,2026-08-09T00:04:51Z,Unknown,0,Unknown,True,False,
2026-08-09T00:04:56Z,IL,IL00057IN022200048,2026-08-09T00:04:52Z,Unknown,0,Unknown,True,False,
2026-08-09T00:04:56Z,IL,IL00057IS022200054,2026-08-09T00:04:52Z,Unknown,0,Unknown,True,False,
2026-08-09T00:04:56Z,IL,IL00057IN011400033,2026-08-09T00:04:52Z,Unknown,0,Unknown,True,False,
2026-08-09T00:04:56Z,IL,IL00080IW005100013,2026-08-09T00:04:52Z,Unknown,47,Unknown,True,False,
2026-08-09T00:04:56Z,IL,IL00064IW002500011,2026-08-09T00:04:52Z,Unknown,0,Unknown,True,False,
2026-08-09T00:04:56Z,IL,IL00039IS008500026,2026-08-09T00:04:52Z,Unknown,42,Unknown,True,False,
2026-08-09T00:04:56Z,IL,IL00080IW011700016,2026-08-09T00:04:52Z,Unknown,39,Unknown,True,False,
2026-08-09T00:04:56Z,IL,IL00074IW015600009,2026-08-09T00:04:52Z,Unknown,0,Unknown,True,False,
2026-08-09T00:04:56Z,IL,IL00024IW003700010,2026-08-09T00:04:52Z,Unknown,0,Unknown,True,False,
2026-08-09T00:04:56Z,IL,IL00080IE011700043,2026-08-09T00:04:52Z,Unknown,31,Unknown,True,False,
2026-08-09T00:04:56Z,IL,IL00064IE008500039,2026-08-09T00:04:52Z,Unknown,0,Unknown,True,False,
2026-08-09T00:04:56Z,IL,IL00074IE002800030,2026-08-09T00:04:52Z,Unknown,14,Unknown,True,False,
2026-08-09T00:04:56Z,IL,IL00057IS033300046,2026-08-09T00:04:52Z,Unknown,0,Unknown,True,False,
2026-08-09T00:04:56Z,IL,IL00070IW002700015,2026-08-09T00:04:52Z,Unknown,0,Unknown,True,False,
2026-08-09T00:04:56Z,IL,IL00064IW013000053,2026-08-09T00:04:52Z,0,0,Unknown,False,False,
2026-08-09T00:04:56Z,IL,IL00055IS006400017,2026-08-09T00:04:52Z,Unknown,0,Unknown,True,False,
2026-08-09T00:04:56Z,IL,IL00039IN008500036,2026-08-09T00:04:53Z,Unknown,42,Unknown,True,False,
2026-08-09T00:04:56Z,IL,IL00074IE011400005,2026-08-09T00:04:25Z,17,25,FILLING,True,True,
2026-08-09T00:04:56Z,IL,IL00055IN010400050,2026-08-09T00:04:53Z,0,0,Unknown,False,False,
2026-08-09T00:04:56Z,IL,IL00074IW002800020,2026-08-09T00:04:53Z,Unknown,15,Unknown,True,False,
2026-08-09T00:04:56Z,IL,IL00074IW006200004,2026-08-09T00:04:26Z,7,12,STEADY,True,True,
2026-08-09T00:04:56Z,IL,IL00070IW008700045,2026-08-09T00:02:22Z,6,15,CLEARING,True,True,
2026-08-09T00:04:56Z,IL,IL00057IS016500018,2026-08-09T00:02:36Z,8,15,FILLING,True,True,
2026-08-09T00:04:56Z,IL,IL00074IW011400006,2026-08-09T00:04:28Z,14,18,STEADY,True,True,
2026-08-09T00:04:56Z,IL,IL00074IE006200001,2026-08-09T00:04:12Z,12,13,STEADY,True,True,
2026-08-09T00:04:56Z,IL,IL00070IW014900008,2026-08-09T00:04:16Z,Unknown,39,Unknown,True,False,
2026-08-09T00:04:56Z,IL,IL00057IN016500044,2026-08-09T00:04:56Z,0,15,STEADY,False,False,
2026-08-09T00:04:56Z,IL,IL00055IS010400024,2026-08-09T00:02:22Z,Unknown,0,STEADY,,False,
2026-08-09T00:04:56Z,IL,IL00057IS003200025,2026-08-09T00:02:22Z,Unknown,0,STEADY,,False,
2026-08-09T00:04:56Z,IL,IL00057IN003200035,2026-08-09T00:02:23Z,Unknown,17,STEADY,,False,
2026-08-09T00:04:56Z,IN,322,2026-08-08T19:50:00-04:00,62,75,,True,false,
2026-08-09T00:04:56Z,IN,317,2026-08-08T19:50:00-04:00,44,58,,True,true,
2026-08-09T00:04:56Z,IN,316,2026-08-08T19:50:00-04:00,56,58,,True,false,
2026-08-09T00:04:56Z,IN,315,2026-08-08T19:50:00-04:00,Unknown,36,,False,true,
2026-08-09T00:04:56Z,IN,314,2026-08-08T19:50:00-04:00,Unknown,36,,False,true,
2026-08-09T00:04:56Z,IN,313,2026-08-08T19:50:00-04:00,26,75,,True,true,
2026-08-09T00:04:56Z,IN,312,2026-08-08T19:50:00-04:00,41,75,,True,true,
2026-08-09T00:04:56Z,IN,311,2026-08-08T19:50:00-04:00,Unknown,13,,False,true,
2026-08-09T00:04:56Z,IN,310,2026-08-08T19:50:00-04:00,Unknown,13,,False,true,
2026-08-09T00:04:56Z,IN,308,2026-08-08T19:50:00-04:00,36,75,,True,true,
2026-08-09T00:04:56Z,IN,309,2026-08-08T19:50:00-04:00,108,150,,True,true,
2026-08-09T00:04:56Z,IN,318,2026-08-08T19:50:00-04:00,45,78,,True,true,
2026-08-09T00:04:56Z,IN,319,2026-08-08T19:50:00-04:00,76,78,,True,true,
2026-08-09T00:04:56Z,IN,320,2026-08-08T19:50:00-04:00,75,83,,True,true,
2026-08-09T00:04:56Z,IN,321,2026-08-08T19:50:00-04:00,21,41,,True,false,
2026-08-09T00:04:56Z,IN,300,2026-08-08T19:50:00-04:00,122,128,,True,false,
2026-08-09T00:04:56Z,IN,302,2026-08-08T19:50:00-04:00,25,30,,True,true,
2026-08-09T00:04:56Z,IN,301,2026-08-08T19:50:00-04:00,29,30,,True,true,
2026-08-09T00:04:56Z,IN,303,2026-08-08T19:50:00-04:00,126,194,,True,true,
2026-08-09T00:04:56Z,IN,304,2026-08-08T19:50:00-04:00,35,99,,True,true,
2026-08-09T00:04:56Z,IN,305,2026-08-08T19:50:00-04:00,Unknown,156,,False,true,
2026-08-09T00:04:56Z,IN,323,2026-08-08T19:50:00-04:00,20,40,,True,true,
2026-08-09T00:04:56Z,IN,702,2026-08-08T19:50:00-04:00,38,75,,True,false,
2026-08-09T00:04:56Z,IN,701,2026-08-08T19:50:00-04:00,30,60,,True,false,
2026-08-09T00:04:56Z,IN,704,2026-08-08T19:50:00-04:00,40,80,,True,false,
2026-08-09T00:04:56Z,IN,703,2026-08-08T19:50:00-04:00,55,110,,True,false,
2026-08-09T00:04:56Z,IN,706,2026-08-08T19:50:00-04:00,35,70,,True,false,
2026-08-09T00:04:56Z,IN,705,2026-08-08T19:50:00-04:00,30,60,,True,false,
2026-08-09T00:04:56Z,IN,708,2026-08-08T19:50:00-04:00,23,45,,True,false,
2026-08-09T00:04:56Z,IN,707,2026-08-08T19:50:00-04:00,20,40,,True,false,
2026-08-09T00:04:56Z,IN,324,2026-08-08T19:50:00-04:00,16,31,,True,true,
2026-08-09T00:04:56Z,KY,KY00065IS0000020N65WELCOM,2026-08-09T00:03:01Z,LOW,21,STEADY,True,True,
2026-08-09T00:04:56Z,KY,KY00065IS000020NSMARATHON,2025-12-19T00:36:53Z,10,60,STEADY,True,False,
2026-08-09T00:04:56Z,KY,KY00065IS0000340NWEIGHS34,2026-07-01T19:04:41Z,32,40,STEADY,True,False,
2026-08-09T00:04:56Z,KY,KY00065IS0011400S65SRA114,2026-08-09T00:03:10Z,LOW,26,FILLING,True,True,
2026-08-09T00:04:56Z,KY,KY00065IS0005900S65SRA059,2026-08-09T00:03:08Z,92,109,STEADY,True,True,
2026-08-09T00:04:56Z,KY,KY00065IS0005900N65NRA059,2026-08-09T00:03:03Z,LOW,113,STEADY,True,True,
2026-08-09T00:04:56Z,KY,KY00075IS0003300NWEIGHS33,2026-08-09T00:02:45Z,50,50,STEADY,True,False,
2026-08-09T00:04:56Z,KY,KY00075IS0003400SWEIGHS34,2026-08-09T00:02:50Z,LOW,40,STEADY,True,True,
2026-08-09T00:04:56Z,KY,KY00075IS0017700N75NRA177,2026-07-13T10:37:14Z,LOW,53,CLEARING,True,False,
2026-08-09T00:04:56Z,KY,KY00075IS0007500SWALTONWS,2026-08-09T00:02:55Z,45,45,STEADY,True,True,
2026-08-09T00:04:56Z,KY,KY00075IS0017700S75SRA177,2026-08-09T00:02:48Z,57,67,STEADY,True,True,
2026-08-09T00:04:56Z,KY,KY00075IS0016800SCRITENWS,2026-08-09T00:02:51Z,38,39,STEADY,True,True,
2026-08-09T00:04:56Z,KY,KY00075IS0000100N75WELCOM,2026-08-09T00:03:12Z,LOW,30,STEADY,True,True,
2026-08-09T00:21:43Z,IL,IL00064IW002500011,2026-08-09T00:21:34Z,Unknown,0,Unknown,True,False,
2026-08-09T00:21:43Z,IL,IL00064IW008500012,2026-08-09T00:21:34Z,Unknown,0,Unknown,True,False,
2026-08-09T00:21:43Z,IL,IL00039IN008500036,2026-08-09T00:21:34Z,Unknown,42,Unknown,True,False,
2026-08-09T00:21:43Z,IL,IL00070IE008600051,2026-08-09T00:21:34Z,0,0,Unknown,False,False,
2026-08-09T00:21:43Z,IL,IL00055IN002700029,2026-08-09T00:21:34Z,Unknown,0,Unknown,True,False,
2026-08-09T00:21:43Z,IL,IL00057IS022200054,2026-08-09T00:21:34Z,Unknown,0,Unknown,True,False,
2026-08-09T00:21:43Z,IL,IL00055IN010400050,2026-08-09T00:21:34Z,0,0,Unknown,False,False,
2026-08-09T00:21:43Z,IL,IL00055IS006400017,2026-08-09T00:21:34Z,Unknown,0,Unknown,True,False,
2026-08-09T00:21:43Z,IL,IL00072IW015200014,2026-08-09T00:21:35Z,Unknown,17,Unknown,True,False,
2026-08-09T00:21:43Z,IL,IL00057IS033300046,2026-08-09T00:21:35Z,Unknown,0,Unknown,True,False,
2026-08-09T00:21:43Z,IL,IL00064IW013000053,2026-08-09T00:21:35Z,0,0,Unknown,False,False,
2026-08-09T00:21:43Z,IL,IL00057IN033300049,2026-08-09T00:21:35Z,Unknown,0,Unknown,True,False,
2026-08-09T00:21:43Z,IL,IL00055IN019400031,2026-08-09T00:21:35Z,Unknown,36,Unknown,True,False,
2026-08-09T00:21:43Z,IL,IL00074IE015600037,2026-08-09T00:21:35Z,Unknown,0,Unknown,True,False,
2026-08-09T00:21:43Z,IL,IL00080IW011700016,2026-08-09T00:21:35Z,Unknown,39,Unknown,True,False,
2026-08-09T00:21:43Z,IL,IL00070IE002700042,2026-08-09T00:21:35Z,Unknown,0,Unknown,True,False,
2026-08-09T00:21:43Z,IL,IL00024IW003700010,2026-08-09T00:21:35Z,Unknown,0,Unknown,True,False,
2026-08-09T00:21:43Z,IL,IL00074IW015600009,2026-08-09T00:21:35Z,Unknown,0,Unknown,True,False,
2026-08-09T00:21:43Z,IL,IL00080IW005100013,2026-08-09T00:21:35Z,Unknown,47,Unknown,True,False,
2026-08-09T00:21:43Z,IL,IL00080IE005100040,2026-08-09T00:21:35Z,Unknown,39,Unknown,True,False,
2026-08-09T00:21:43Z,IL,IL00070IW002700015,2026-08-09T00:21:35Z,Unknown,0,Unknown,True,False,
2026-08-09T00:21:43Z,IL,IL00055IS019400021,2026-08-09T00:21:35Z,Unknown,29,Unknown,True,False,
2026-08-09T00:21:43Z,IL,IL00055IN014900028,2026-08-09T00:21:35Z,Unknown,0,Unknown,True,False,
2026-08-09T00:21:43Z,IL,IL00074IE002800030,2026-08-09T00:21:35Z,Unknown,14,Unknown,True,False,
2026-08-09T00:21:43Z,IL,IL00057IS011400023,2026-08-09T00:21:35Z,Unknown,0,Unknown,True,False,
2026-08-09T00:21:43Z,IL,IL00057IN022200048,2026-08-09T00:21:35Z,Unknown,0,Unknown,True,False,
2026-08-09T00:21:43Z,IL,IL00055IS002700019,2026-08-09T00:21:35Z,Unknown,0,Unknown,True,False,
2026-08-09T00:21:43Z,IL,IL00057IS007900047,2026-08-09T00:21:35Z,Unknown,0,Unknown,True,False,
2026-08-09T00:21:43Z,IL,IL00057IS026800022,2026-08-09T00:21:35Z,Unknown,27,Unknown,True,False,
2026-08-09T00:21:43Z,IL,IL00055IN006400027,2026-08-09T00:21:35Z,Unknown,0,Unknown,True,False,
2026-08-09T00:21:43Z,IL,IL00057IN026800032,2026-08-09T00:21:35Z,Unknown,25,Unknown,True,False,
2026-08-09T00:21:43Z,IL,IL00064IE002500038,2026-08-09T00:21:35Z,Unknown,0,Unknown,True,False,
2026-08-09T00:21:43Z,IL,IL00057IN007900034,2026-08-09T00:21:36Z,Unknown,0,Unknown,True,False,
2026-08-09T00:21:43Z,IL,IL00039IS008500026,2026-08-09T00:21:36Z,Unknown,42,Unknown,True,False,
2026-08-09T00:21:43Z,IL,IL00074IW020800052,2026-08-09T00:21:36Z,Unknown,0,Unknown,True,False,
2026-08-09T00:21:43Z,IL,IL00057IN011400033,2026-08-09T00:21:36Z,Unknown,0,Unknown,True,False,
2026-08-09T00:21:43Z,IL,IL00072IE015200041,2026-08-09T00:18:36Z,14,16,STEADY,True,True,
2026-08-09T00:21:43Z,IL,IL00074IE011400005,2026-08-09T00:21:37Z,18,25,CLEARING,True,True,
2026-08-09T00:21:43Z,IL,IL00064IE008500039,2026-08-09T00:21:37Z,Unknown,0,Unknown,True,False,
2026-08-09T00:21:43Z,IL,IL00080IE011700043,2026-08-09T00:21:37Z,Unknown,31,Unknown,True,False,
2026-08-09T00:21:43Z,IL,IL00074IW002800020,2026-08-09T00:21:37Z,Unknown,15,Unknown,True,False,
2026-08-09T00:21:43Z,IL,IL00074IW006200004,2026-08-09T00:21:38Z,6,12,FILLING,True,True,
2026-08-09T00:21:43Z,IL,IL00070IW008700045,2026-08-09T00:21:11Z,2,15,FILLING,True,True,
2026-08-09T00:21:43Z,IL,IL00057IS016500018,2026-08-09T00:18:35Z,11,15,CLEARING,True,True,
2026-08-09T00:21:43Z,IL,IL00074IW011400006,2026-08-09T00:20:55Z,12,18,FILLING,True,True,
2026-08-09T00:21:43Z,IL,IL00074IE006200001,2026-08-09T00:20:56Z,12,13,STEADY,True,True,
2026-08-09T00:21:43Z,IL,IL00070IW014900008,2026-08-09T00:20:29Z,Unknown,39,Unknown,True,False,
2026-08-09T00:21:43Z,IL,IL00057IN016500044,2026-08-09T00:20:01Z,0,15,STEADY,False,False,
2026-08-09T00:21:43Z,IL,IL00055IS010400024,2026-08-09T00:18:35Z,Unknown,0,STEADY,,False,
2026-08-09T00:21:43Z,IL,IL00057IS003200025,2026-08-09T00:18:35Z,Unknown,0,STEADY,,False,
2026-08-09T00:21:43Z,IL,IL00057IN003200035,2026-08-09T00:18:36Z,Unknown,17,STEADY,,False,
2026-08-09T00:21:43Z,IN,322,2026-08-08T20:10:00-04:00,61,75,,True,false,
2026-08-09T00:21:43Z,IN,317,2026-08-08T20:10:00-04:00,29,58,,True,true,
2026-08-09T00:21:43Z,IN,316,2026-08-08T20:10:00-04:00,56,58,,True,false,
2026-08-09T00:21:43Z,IN,315,2026-08-08T20:10:00-04:00,Unknown,36,,False,true,
2026-08-09T00:21:43Z,IN,314,2026-08-08T20:10:00-04:00,Unknown,36,,False,true,
2026-08-09T00:21:43Z,IN,313,2026-08-08T20:10:00-04:00,12,75,,True,true,
2026-08-09T00:21:43Z,IN,312,2026-08-08T20:10:00-04:00,16,75,,True,true,
2026-08-09T00:21:43Z,IN,311,2026-08-08T20:10:00-04:00,Unknown,13,,False,true,
2026-08-09T00:21:43Z,IN,310,2026-08-08T20:10:00-04:00,Unknown,13,,False,true,
2026-08-09T00:21:43Z,IN,308,2026-08-08T20:10:00-04:00,56,75,,True,true,
2026-08-09T00:21:43Z,IN,309,2026-08-08T20:10:00-04:00,130,150,,True,true,
2026-08-09T00:21:43Z,IN,318,2026-08-08T20:10:00-04:00,38,78,,True,true,
2026-08-09T00:21:43Z,IN,319,2026-08-08T20:10:00-04:00,38,78,,True,true,
2026-08-09T00:21:43Z,IN,320,2026-08-08T20:10:00-04:00,62,83,,True,true,
2026-08-09T00:21:43Z,IN,321,2026-08-08T20:10:00-04:00,21,41,,True,false,
2026-08-09T00:21:43Z,IN,300,2026-08-08T20:10:00-04:00,125,128,,True,false,
2026-08-09T00:21:43Z,IN,302,2026-08-08T20:10:00-04:00,LOW,30,,True,true,
2026-08-09T00:21:43Z,IN,301,2026-08-08T20:10:00-04:00,LOW,30,,True,true,
2026-08-09T00:21:43Z,IN,303,2026-08-08T20:10:00-04:00,151,194,,True,true,
2026-08-09T00:21:43Z,IN,304,2026-08-08T20:10:00-04:00,32,99,,True,true,
2026-08-09T00:21:43Z,IN,305,2026-08-08T20:10:00-04:00,Unknown,156,,False,true,
2026-08-09T00:21:43Z,IN,323,2026-08-08T20:10:00-04:00,20,40,,True,true,
2026-08-09T00:21:43Z,IN,702,2026-08-08T20:10:00-04:00,38,75,,True,false,
2026-08-09T00:21:43Z,IN,701,2026-08-08T20:10:00-04:00,30,60,,True,false,
2026-08-09T00:21:43Z,IN,704,2026-08-08T20:10:00-04:00,40,80,,True,false,
2026-08-09T00:21:43Z,IN,703,2026-08-08T20:10:00-04:00,55,110,,True,false,
2026-08-09T00:21:43Z,IN,706,2026-08-08T20:10:00-04:00,35,70,,True,false,
2026-08-09T00:21:43Z,IN,705,2026-08-08T20:10:00-04:00,30,60,,True,false,
2026-08-09T00:21:43Z,IN,708,2026-08-08T20:10:00-04:00,23,45,,True,false,
2026-08-09T00:21:43Z,IN,707,2026-08-08T20:10:00-04:00,20,40,,True,false,
2026-08-09T00:21:43Z,IN,324,2026-08-08T20:10:00-04:00,16,31,,True,true,
2026-08-09T00:21:43Z,KY,KY00065IS0000020N65WELCOM,2026-08-09T00:20:02Z,LOW,21,STEADY,True,True,
2026-08-09T00:21:43Z,KY,KY00065IS000020NSMARATHON,2025-12-19T00:36:53Z,10,60,STEADY,True,False,
2026-08-09T00:21:43Z,KY,KY00065IS0000340NWEIGHS34,2026-07-01T19:04:41Z,32,40,STEADY,True,False,
2026-08-09T00:21:43Z,KY,KY00065IS0011400S65SRA114,2026-08-09T00:20:09Z,LOW,26,STEADY,True,True,
2026-08-09T00:21:43Z,KY,KY00065IS0005900S65SRA059,2026-08-09T00:20:08Z,89,109,FILLING,True,True,
2026-08-09T00:21:43Z,KY,KY00065IS0005900N65NRA059,2026-08-09T00:20:04Z,LOW,113,STEADY,True,True,
2026-08-09T00:21:43Z,KY,KY00075IS0003300NWEIGHS33,2026-08-09T00:19:45Z,50,50,STEADY,True,False,
2026-08-09T00:21:43Z,KY,KY00075IS0003400SWEIGHS34,2026-08-09T00:19:49Z,LOW,40,STEADY,True,True,
2026-08-09T00:21:43Z,KY,KY00075IS0017700N75NRA177,2026-07-13T10:37:14Z,LOW,53,CLEARING,True,False,
2026-08-09T00:21:43Z,KY,KY00075IS0007500SWALTONWS,2026-08-09T00:19:56Z,44,45,STEADY,True,True,
2026-08-09T00:21:43Z,KY,KY00075IS0017700S75SRA177,2026-08-09T00:19:47Z,60,67,STEADY,True,True,
2026-08-09T00:21:43Z,KY,KY00075IS0016800SCRITENWS,2026-08-09T00:19:52Z,38,39,STEADY,True,True,
2026-08-09T00:21:43Z,KY,KY00075IS0000100N75WELCOM,2026-08-09T00:20:11Z,LOW,30,STEADY,True,True,
2026-08-09T00:38:21Z,IL,IL00055IS019400021,2026-08-09T00:38:16Z,Unknown,29,Unknown,True,False,
2026-08-09T00:38:21Z,IL,IL00074IE002800030,2026-08-09T00:38:15Z,Unknown,14,Unknown,True,False,
2026-08-09T00:38:21Z,IL,IL00055IS006400017,2026-08-09T00:38:15Z,Unknown,0,Unknown,True,False,
2026-08-09T00:38:21Z,IL,IL00057IN022200048,2026-08-09T00:38:16Z,Unknown,0,Unknown,True,False,
2026-08-09T00:38:21Z,IL,IL00057IS011400023,2026-08-09T00:38:15Z,Unknown,0,Unknown,True,False,
2026-08-09T00:38:21Z,IL,IL00057IN026800032,2026-08-09T00:38:16Z,Unknown,25,Unknown,True,False,
2026-08-09T00:38:21Z,IL,IL00057IN033300049,2026-08-09T00:38:16Z,Unknown,0,Unknown,True,False,
2026-08-09T00:38:21Z,IL,IL00074IE015600037,2026-08-09T00:38:16Z,Unknown,0,Unknown,True,False,
2026-08-09T00:38:21Z,IL,IL00057IN011400033,2026-08-09T00:38:16Z,Unknown,0,Unknown,True,False,
2026-08-09T00:38:21Z,IL,IL00080IE005100040,2026-08-09T00:38:16Z,Unknown,39,Unknown,True,False,
2026-08-09T00:38:21Z,IL,IL00039IS008500026,2026-08-09T00:38:16Z,Unknown,42,Unknown,True,False,
2026-08-09T00:38:21Z,IL,IL00080IE011700043,2026-08-09T00:38:16Z,Unknown,31,Unknown,True,False,
2026-08-09T00:38:21Z,IL,IL00072IE015200041,2026-08-09T00:36:57Z,14,16,STEADY,True,True,
2026-08-09T00:38:21Z,IL,IL00055IN002700029,2026-08-09T00:38:17Z,Unknown,0,Unknown,True,False,
2026-08-09T00:38:21Z,IL,IL00072IW015200014,2026-08-09T00:38:17Z,Unknown,17,Unknown,True,False,
2026-08-09T00:38:21Z,IL,IL00064IW008500012,2026-08-09T00:38:17Z,Unknown,0,Unknown,True,False,
2026-08-09T00:38:21Z,IL,IL00080IW005100013,2026-08-09T00:38:17Z,Unknown,47,Unknown,True,False,
2026-08-09T00:38:21Z,IL,IL00080IW011700016,2026-08-09T00:38:17Z,Unknown,39,Unknown,True,False,
2026-08-09T00:38:21Z,IL,IL00055IS002700019,2026-08-09T00:38:16Z,Unknown,0,Unknown,True,False,
2026-08-09T00:38:21Z,IL,IL00074IW015600009,2026-08-09T00:38:16Z,Unknown,0,Unknown,True,False,
2026-08-09T00:38:21Z,IL,IL00074IE011400005,2026-08-09T00:37:57Z,20,25,CLEARING,True,True,
2026-08-09T00:38:21Z,IL,IL00039IN008500036,2026-08-09T00:38:16Z,Unknown,42,Unknown,True,False,
2026-08-09T00:38:21Z,IL,IL00064IW002500011,2026-08-09T00:38:16Z,Unknown,0,Unknown,True,False,
2026-08-09T00:38:21Z,IL,IL00070IE002700042,2026-08-09T00:38:16Z,Unknown,0,Unknown,True,False,
2026-08-09T00:38:21Z,IL,IL00064IE008500039,2026-08-09T00:38:16Z,Unknown,0,Unknown,True,False,
2026-08-09T00:38:21Z,IL,IL00070IE008600051,2026-08-09T00:38:16Z,0,0,Unknown,False,False,
2026-08-09T00:38:21Z,IL,IL00057IS022200054,2026-08-09T00:38:16Z,Unknown,0,Unknown,True,False,
2026-08-09T00:38:21Z,IL,IL00064IE002500038,2026-08-09T00:38:16Z,Unknown,0,Unknown,True,False,
2026-08-09T00:38:21Z,IL,IL00055IN006400027,2026-08-09T00:38:16Z,Unknown,0,Unknown,True,False,
2026-08-09T00:38:21Z,IL,IL00070IW002700015,2026-08-09T00:38:16Z,Unknown,0,Unknown,True,False,
2026-08-09T00:38:21Z,IL,IL00074IW020800052,2026-08-09T00:38:16Z,Unknown,0,Unknown,True,False,
2026-08-09T00:38:21Z,IL,IL00057IS026800022,2026-08-09T00:38:17Z,Unknown,27,Unknown,True,False,
2026-08-09T00:38:21Z,IL,IL00057IN007900034,2026-08-09T00:38:17Z,Unknown,0,Unknown,True,False,
2026-08-09T00:38:21Z,IL,IL00057IS033300046,2026-08-09T00:38:17Z,Unknown,0,Unknown,True,False,
2026-08-09T00:38:21Z,IL,IL00057IS007900047,2026-08-09T00:38:17Z,Unknown,0,Unknown,True,False,
2026-08-09T00:38:21Z,IL,IL00024IW003700010,2026-08-09T00:38:17Z,Unknown,0,Unknown,True,False,
2026-08-09T00:38:21Z,IL,IL00064IW013000053,2026-08-09T00:38:17Z,0,0,Unknown,False,False,
2026-08-09T00:38:21Z,IL,IL00055IN010400050,2026-08-09T00:38:17Z,0,0,Unknown,False,False,
2026-08-09T00:38:21Z,IL,IL00055IN019400031,2026-08-09T00:38:17Z,Unknown,36,Unknown,True,False,
2026-08-09T00:38:21Z,IL,IL00055IN014900028,2026-08-09T00:38:17Z,Unknown,0,Unknown,True,False,
2026-08-09T00:38:21Z,IL,IL00074IW002800020,2026-08-09T00:38:17Z,Unknown,15,Unknown,True,False,
2026-08-09T00:38:21Z,IL,IL00074IW006200004,2026-08-09T00:37:58Z,6,12,CLEARING,True,True,
2026-08-09T00:38:21Z,IL,IL00070IW008700045,2026-08-09T00:36:10Z,1,15,FILLING,True,True,
2026-08-09T00:38:21Z,IL,IL00057IS016500018,2026-08-09T00:37:43Z,8,15,FILLING,True,True,
2026-08-09T00:38:21Z,IL,IL00074IW011400006,2026-08-09T00:38:19Z,13,18,STEADY,True,True,
2026-08-09T00:38:21Z,IL,IL00074IE006200001,2026-08-09T00:38:20Z,11,13,FILLING,True,True,
2026-08-09T00:38:21Z,IL,IL00070IW014900008,2026-08-09T00:38:05Z,Unknown,39,Unknown,True,False,
2026-08-09T00:38:21Z,IL,IL00057IN016500044,2026-08-09T00:34:58Z,0,15,STEADY,False,False,
2026-08-09T00:38:21Z,IL,IL00055IS010400024,2026-08-09T00:34:29Z,Unknown,0,STEADY,,False,
2026-08-09T00:38:21Z,IL,IL00057IS003200025,2026-08-09T00:34:29Z,Unknown,0,STEADY,,False,
2026-08-09T00:38:21Z,IL,IL00057IN003200035,2026-08-09T00:34:30Z,Unknown,17,STEADY,,False,
2026-08-09T00:38:21Z,IN,322,2026-08-08T20:25:00-04:00,59,75,,True,false,
2026-08-09T00:38:21Z,IN,317,2026-08-08T20:25:00-04:00,32,58,,True,true,
2026-08-09T00:38:21Z,IN,316,2026-08-08T20:25:00-04:00,55,58,,True,false,
2026-08-09T00:38:21Z,IN,315,2026-08-08T20:25:00-04:00,Unknown,36,,False,true,
2026-08-09T00:38:21Z,IN,314,2026-08-08T20:25:00-04:00,Unknown,36,,False,true,
2026-08-09T00:38:21Z,IN,313,2026-08-08T20:25:00-04:00,14,75,,True,true,
2026-08-09T00:38:21Z,IN,312,2026-08-08T20:25:00-04:00,15,75,,True,true,
2026-08-09T00:38:21Z,IN,311,2026-08-08T20:25:00-04:00,Unknown,13,,False,true,
2026-08-09T00:38:21Z,IN,310,2026-08-08T20:25:00-04:00,Unknown,13,,False,true,
2026-08-09T00:38:21Z,IN,308,2026-08-08T20:25:00-04:00,55,75,,True,true,
2026-08-09T00:38:21Z,IN,309,2026-08-08T20:25:00-04:00,129,150,,True,true,
2026-08-09T00:38:21Z,IN,318,2026-08-08T20:25:00-04:00,35,78,,True,true,
2026-08-09T00:38:21Z,IN,319,2026-08-08T20:25:00-04:00,35,78,,True,true,
2026-08-09T00:38:21Z,IN,320,2026-08-08T20:25:00-04:00,63,83,,True,true,
2026-08-09T00:38:21Z,IN,321,2026-08-08T20:25:00-04:00,21,41,,True,false,
2026-08-09T00:38:21Z,IN,300,2026-08-08T20:25:00-04:00,124,128,,True,false,
2026-08-09T00:38:21Z,IN,302,2026-08-08T20:25:00-04:00,LOW,30,,True,true,
2026-08-09T00:38:21Z,IN,301,2026-08-08T20:25:00-04:00,LOW,30,,True,true,
2026-08-09T00:38:21Z,IN,303,2026-08-08T20:25:00-04:00,144,194,,True,true,
2026-08-09T00:38:21Z,IN,304,2026-08-08T20:25:00-04:00,27,99,,True,true,
2026-08-09T00:38:21Z,IN,305,2026-08-08T20:25:00-04:00,Unknown,156,,False,true,
2026-08-09T00:38:21Z,IN,323,2026-08-08T20:25:00-04:00,20,40,,True,true,
2026-08-09T00:38:21Z,IN,702,2026-08-08T20:25:00-04:00,38,75,,True,false,
2026-08-09T00:38:21Z,IN,701,2026-08-08T20:25:00-04:00,30,60,,True,false,
2026-08-09T00:38:21Z,IN,704,2026-08-08T20:25:00-04:00,40,80,,True,false,
2026-08-09T00:38:21Z,IN,703,2026-08-08T20:25:00-04:00,55,110,,True,false,
2026-08-09T00:38:21Z,IN,706,2026-08-08T20:25:00-04:00,35,70,,True,false,
2026-08-09T00:38:21Z,IN,705,2026-08-08T20:25:00-04:00,30,60,,True,false,
2026-08-09T00:38:21Z,IN,708,2026-08-08T20:25:00-04:00,23,45,,True,false,
2026-08-09T00:38:21Z,IN,707,2026-08-08T20:25:00-04:00,20,40,,True,false,
2026-08-09T00:38:21Z,IN,324,2026-08-08T20:25:00-04:00,16,31,,True,true,
2026-08-09T00:38:21Z,KY,KY00065IS0000020N65WELCOM,2026-08-09T00:37:02Z,LOW,21,STEADY,True,True,
2026-08-09T00:38:21Z,KY,KY00065IS000020NSMARATHON,2025-12-19T00:36:53Z,10,60,STEADY,True,False,
2026-08-09T00:38:21Z,KY,KY00065IS0000340NWEIGHS34,2026-07-01T19:04:41Z,32,40,STEADY,True,False,
2026-08-09T00:38:21Z,KY,KY00065IS0011400S65SRA114,2026-08-09T00:37:10Z,LOW,26,STEADY,True,True,
2026-08-09T00:38:21Z,KY,KY00065IS0005900S65SRA059,2026-08-09T00:37:07Z,86,109,FILLING,True,True,
2026-08-09T00:38:21Z,KY,KY00065IS0005900N65NRA059,2026-08-09T00:37:04Z,LOW,113,STEADY,True,True,
2026-08-09T00:38:21Z,KY,KY00075IS0003300NWEIGHS33,2026-08-09T00:36:53Z,49,50,STEADY,True,True,
2026-08-09T00:38:21Z,KY,KY00075IS0003400SWEIGHS34,2026-08-09T00:36:50Z,LOW,40,STEADY,True,True,
2026-08-09T00:38:21Z,KY,KY00075IS0017700N75NRA177,2026-07-13T10:37:14Z,LOW,53,CLEARING,True,False,
2026-08-09T00:38:21Z,KY,KY00075IS0007500SWALTONWS,2026-08-09T00:36:56Z,45,45,STEADY,True,True,
2026-08-09T00:38:21Z,KY,KY00075IS0017700S75SRA177,2026-08-09T00:36:48Z,60,67,CLEARING,True,True,
2026-08-09T00:38:21Z,KY,KY00075IS0016800SCRITENWS,2026-08-09T00:36:52Z,38,39,STEADY,True,True,
2026-08-09T00:38:21Z,KY,KY00075IS0000100N75WELCOM,2026-08-09T00:37:11Z,LOW,30,STEADY,True,True,
2026-08-09T00:55:03Z,IL,IL00074IE011400005,2026-08-09T00:54:11Z,20,25,STEADY,True,True,
2026-08-09T00:55:03Z,IL,IL00072IE015200041,2026-08-09T00:51:52Z,12,16,FILLING,True,True,
2026-08-09T00:55:03Z,IL,IL00057IS033300046,2026-08-09T00:54:54Z,Unknown,0,Unknown,True,False,
2026-08-09T00:55:03Z,IL,IL00055IN006400027,2026-08-09T00:54:54Z,Unknown,0,Unknown,True,False,
2026-08-09T00:55:03Z,IL,IL00057IN026800032,2026-08-09T00:54:53Z,Unknown,25,Unknown,True,False,
2026-08-09T00:55:03Z,IL,IL00064IW013000053,2026-08-09T00:54:53Z,0,0,Unknown,False,False,
2026-08-09T00:55:03Z,IL,IL00057IN033300049,2026-08-09T00:54:53Z,Unknown,0,Unknown,True,False,
2026-08-09T00:55:03Z,IL,IL00070IW002700015,2026-08-09T00:54:53Z,Unknown,0,Unknown,True,False,
2026-08-09T00:55:03Z,IL,IL00055IS019400021,2026-08-09T00:54:53Z,Unknown,29,Unknown,True,False,
2026-08-09T00:55:03Z,IL,IL00064IE008500039,2026-08-09T00:54:53Z,Unknown,0,Unknown,True,False,
2026-08-09T00:55:03Z,IL,IL00055IS002700019,2026-08-09T00:54:53Z,Unknown,0,Unknown,True,False,
2026-08-09T00:55:03Z,IL,IL00057IS007900047,2026-08-09T00:54:54Z,Unknown,0,Unknown,True,False,
2026-08-09T00:55:03Z,IL,IL00057IN011400033,2026-08-09T00:54:54Z,Unknown,0,Unknown,True,False,
2026-08-09T00:55:03Z,IL,IL00064IW002500011,2026-08-09T00:54:54Z,Unknown,0,Unknown,True,False,
2026-08-09T00:55:03Z,IL,IL00080IE005100040,2026-08-09T00:54:54Z,Unknown,39,Unknown,True,False,
2026-08-09T00:55:03Z,IL,IL00080IW005100013,2026-08-09T00:54:54Z,Unknown,47,Unknown,True,False,
2026-08-09T00:55:03Z,IL,IL00080IE011700043,2026-08-09T00:54:54Z,Unknown,31,Unknown,True,False,
2026-08-09T00:55:03Z,IL,IL00057IN007900034,2026-08-09T00:54:54Z,Unknown,0,Unknown,True,False,
2026-08-09T00:55:03Z,IL,IL00070IE008600051,2026-08-09T00:54:54Z,0,0,Unknown,False,False,
2026-08-09T00:55:03Z,IL,IL00055IS006400017,2026-08-09T00:54:54Z,Unknown,0,Unknown,True,False,
2026-08-09T00:55:03Z,IL,IL00072IW015200014,2026-08-09T00:54:54Z,Unknown,17,Unknown,True,False,
2026-08-09T00:55:03Z,IL,IL00057IS026800022,2026-08-09T00:54:54Z,Unknown,27,Unknown,True,False,
2026-08-09T00:55:03Z,IL,IL00057IS022200054,2026-08-09T00:54:54Z,Unknown,0,Unknown,True,False,
2026-08-09T00:55:03Z,IL,IL00074IW002800020,2026-08-09T00:54:54Z,Unknown,15,Unknown,True,False,
2026-08-09T00:55:03Z,IL,IL00064IE002500038,2026-08-09T00:54:54Z,Unknown,0,Unknown,True,False,
2026-08-09T00:55:03Z,IL,IL00074IW020800052,2026-08-09T00:54:54Z,Unknown,0,Unknown,True,False,
2026-08-09T00:55:03Z,IL,IL00057IS011400023,2026-08-09T00:54:54Z,Unknown,0,Unknown,True,False,
2026-08-09T00:55:03Z,IL,IL00055IN010400050,2026-08-09T00:54:54Z,0,0,Unknown,False,False,
2026-08-09T00:55:03Z,IL,IL00064IW008500012,2026-08-09T00:54:54Z,Unknown,0,Unknown,True,False,
2026-08-09T00:55:03Z,IL,IL00039IS008500026,2026-08-09T00:54:55Z,Unknown,42,Unknown,True,False,
2026-08-09T00:55:03Z,IL,IL00070IE002700042,2026-08-09T00:54:55Z,Unknown,0,Unknown,True,False,
2026-08-09T00:55:03Z,IL,IL00074IE002800030,2026-08-09T00:54:55Z,Unknown,14,Unknown,True,False,
2026-08-09T00:55:03Z,IL,IL00057IN022200048,2026-08-09T00:54:55Z,Unknown,0,Unknown,True,False,
2026-08-09T00:55:03Z,IL,IL00039IN008500036,2026-08-09T00:54:55Z,Unknown,42,Unknown,True,False,
2026-08-09T00:55:03Z,IL,IL00080IW011700016,2026-08-09T00:54:55Z,Unknown,39,Unknown,True,False,
2026-08-09T00:55:03Z,IL,IL00074IW015600009,2026-08-09T00:54:55Z,Unknown,0,Unknown,True,False,
2026-08-09T00:55:03Z,IL,IL00055IN014900028,2026-08-09T00:54:55Z,Unknown,0,Unknown,True,False,
2026-08-09T00:55:03Z,IL,IL00024IW003700010,2026-08-09T00:54:55Z,Unknown,0,Unknown,True,False,
2026-08-09T00:55:03Z,IL,IL00074IE015600037,2026-08-09T00:54:55Z,Unknown,0,Unknown,True,False,
2026-08-09T00:55:03Z,IL,IL00055IN002700029,2026-08-09T00:54:55Z,Unknown,0,Unknown,True,False,
2026-08-09T00:55:03Z,IL,IL00055IN019400031,2026-08-09T00:54:55Z,Unknown,36,Unknown,True,False,
2026-08-09T00:55:03Z,IL,IL00074IW006200004,2026-08-09T00:54:14Z,5,12,FILLING,True,True,
2026-08-09T00:55:03Z,IL,IL00070IW008700045,2026-08-09T00:51:10Z,3,15,CLEARING,True,True,
2026-08-09T00:55:03Z,IL,IL00057IS016500018,2026-08-09T00:52:37Z,7,15,FILLING,True,True,
2026-08-09T00:55:03Z,IL,IL00074IW011400006,2026-08-09T00:54:42Z,15,18,STEADY,True,True,
2026-08-09T00:55:03Z,IL,IL00074IE006200001,2026-08-09T00:54:43Z,11,13,STEADY,True,True,
2026-08-09T00:55:03Z,IL,IL00070IW014900008,2026-08-09T00:54:02Z,Unknown,39,Unknown,True,False,
2026-08-09T00:55:03Z,IL,IL00057IN016500044,2026-08-09T00:50:41Z,0,15,STEADY,False,False,
2026-08-09T00:55:03Z,IL,IL00055IS010400024,2026-08-09T00:50:41Z,Unknown,0,STEADY,,False,
2026-08-09T00:55:03Z,IL,IL00057IS003200025,2026-08-09T00:50:41Z,Unknown,0,STEADY,,False,
2026-08-09T00:55:03Z,IL,IL00057IN003200035,2026-08-09T00:50:42Z,Unknown,17,STEADY,,False,
2026-08-09T00:55:03Z,IN,322,2026-08-08T20:40:00-04:00,60,75,,True,false,
2026-08-09T00:55:03Z,IN,317,2026-08-08T20:40:00-04:00,31,58,,True,true,
2026-08-09T00:55:03Z,IN,316,2026-08-08T20:40:00-04:00,58,58,,True,false,
2026-08-09T00:55:03Z,IN,315,2026-08-08T20:40:00-04:00,Unknown,36,,False,true,
2026-08-09T00:55:03Z,IN,314,2026-08-08T20:40:00-04:00,Unknown,36,,False,true,
2026-08-09T00:55:03Z,IN,313,2026-08-08T20:40:00-04:00,14,75,,True,true,
2026-08-09T00:55:03Z,IN,312,2026-08-08T20:40:00-04:00,16,75,,True,true,
2026-08-09T00:55:03Z,IN,311,2026-08-08T20:40:00-04:00,Unknown,13,,False,true,
2026-08-09T00:55:03Z,IN,310,2026-08-08T20:40:00-04:00,Unknown,13,,False,true,
2026-08-09T00:55:03Z,IN,308,2026-08-08T20:40:00-04:00,59,75,,True,true,
2026-08-09T00:55:03Z,IN,309,2026-08-08T20:40:00-04:00,121,150,,True,true,
2026-08-09T00:55:03Z,IN,318,2026-08-08T20:40:00-04:00,30,78,,True,true,
2026-08-09T00:55:03Z,IN,319,2026-08-08T20:40:00-04:00,36,78,,True,true,
2026-08-09T00:55:03Z,IN,320,2026-08-08T20:40:00-04:00,61,83,,True,true,
2026-08-09T00:55:03Z,IN,321,2026-08-08T20:40:00-04:00,21,41,,True,false,
2026-08-09T00:55:03Z,IN,300,2026-08-08T20:40:00-04:00,123,128,,True,false,
2026-08-09T00:55:03Z,IN,302,2026-08-08T20:40:00-04:00,LOW,30,,True,true,
2026-08-09T00:55:03Z,IN,301,2026-08-08T20:40:00-04:00,LOW,30,,True,true,
2026-08-09T00:55:03Z,IN,303,2026-08-08T20:40:00-04:00,146,194,,True,true,
2026-08-09T00:55:03Z,IN,304,2026-08-08T20:40:00-04:00,14,99,,True,true,
2026-08-09T00:55:03Z,IN,305,2026-08-08T20:40:00-04:00,Unknown,156,,False,true,
2026-08-09T00:55:03Z,IN,323,2026-08-08T20:40:00-04:00,20,40,,True,true,
2026-08-09T00:55:03Z,IN,702,2026-08-08T20:40:00-04:00,38,75,,True,false,
2026-08-09T00:55:03Z,IN,701,2026-08-08T20:40:00-04:00,30,60,,True,false,
2026-08-09T00:55:03Z,IN,704,2026-08-08T20:40:00-04:00,40,80,,True,false,
2026-08-09T00:55:03Z,IN,703,2026-08-08T20:40:00-04:00,55,110,,True,false,
2026-08-09T00:55:03Z,IN,706,2026-08-08T20:40:00-04:00,35,70,,True,false,
2026-08-09T00:55:03Z,IN,705,2026-08-08T20:40:00-04:00,30,60,,True,false,
2026-08-09T00:55:03Z,IN,708,2026-08-08T20:40:00-04:00,23,45,,True,false,
2026-08-09T00:55:03Z,IN,707,2026-08-08T20:40:00-04:00,20,40,,True,false,
2026-08-09T00:55:03Z,IN,324,2026-08-08T20:40:00-04:00,16,31,,True,true,
2026-08-09T00:55:03Z,KY,KY00065IS0000020N65WELCOM,2026-08-09T00:54:02Z,LOW,21,STEADY,True,True,
2026-08-09T00:55:03Z,KY,KY00065IS000020NSMARATHON,2025-12-19T00:36:53Z,10,60,STEADY,True,False,
2026-08-09T00:55:03Z,KY,KY00065IS0000340NWEIGHS34,2026-07-01T19:04:41Z,32,40,STEADY,True,False,
2026-08-09T00:55:03Z,KY,KY00065IS0011400S65SRA114,2026-08-09T00:54:09Z,LOW,26,STEADY,True,True,
2026-08-09T00:55:03Z,KY,KY00065IS0005900S65SRA059,2026-08-09T00:54:08Z,85,109,STEADY,True,True,
2026-08-09T00:55:03Z,KY,KY00065IS0005900N65NRA059,2026-08-09T00:54:03Z,LOW,113,STEADY,True,True,
2026-08-09T00:55:03Z,KY,KY00075IS0003300NWEIGHS33,2026-08-09T00:53:46Z,50,50,STEADY,True,False,
2026-08-09T00:55:03Z,KY,KY00075IS0003400SWEIGHS34,2026-08-09T00:53:49Z,LOW,40,STEADY,True,True,
2026-08-09T00:55:03Z,KY,KY00075IS0017700N75NRA177,2026-07-13T10:37:14Z,LOW,53,CLEARING,True,False,
2026-08-09T00:55:03Z,KY,KY00075IS0007500SWALTONWS,2026-08-09T00:53:55Z,45,45,STEADY,True,True,
2026-08-09T00:55:03Z,KY,KY00075IS0017700S75SRA177,2026-08-09T00:53:48Z,59,67,STEADY,True,True,
2026-08-09T00:55:03Z,KY,KY00075IS0016800SCRITENWS,2026-08-09T00:53:51Z,38,39,STEADY,True,True,
2026-08-09T00:55:03Z,KY,KY00075IS0000100N75WELCOM,2026-08-09T00:54:11Z,LOW,30,STEADY,True,True,
2026-08-09T01:11:41Z,IL,IL00055IN002700029,2026-08-09T01:11:27Z,Unknown,0,Unknown,True,False,
2026-08-09T01:11:41Z,IL,IL00080IW005100013,2026-08-09T01:11:27Z,Unknown,47,Unknown,True,False,
2026-08-09T01:11:41Z,IL,IL00055IN014900028,2026-08-09T01:11:27Z,Unknown,0,Unknown,True,False,
2026-08-09T01:11:41Z,IL,IL00064IE002500038,2026-08-09T01:11:27Z,Unknown,0,Unknown,True,False,
2026-08-09T01:11:41Z,IL,IL00055IS002700019,2026-08-09T01:11:27Z,Unknown,0,Unknown,True,False,
2026-08-09T01:11:41Z,IL,IL00064IE008500039,2026-08-09T01:11:27Z,Unknown,0,Unknown,True,False,
2026-08-09T01:11:41Z,IL,IL00070IE002700042,2026-08-09T01:11:27Z,Unknown,0,Unknown,True,False,
2026-08-09T01:11:41Z,IL,IL00064IW013000053,2026-08-09T01:11:27Z,0,0,Unknown,False,False,
2026-08-09T01:11:41Z,IL,IL00057IN011400033,2026-08-09T01:11:27Z,Unknown,0,Unknown,True,False,
2026-08-09T01:11:41Z,IL,IL00064IW002500011,2026-08-09T01:11:27Z,Unknown,0,Unknown,True,False,
2026-08-09T01:11:41Z,IL,IL00074IW002800020,2026-08-09T01:11:28Z,Unknown,15,Unknown,True,False,
2026-08-09T01:11:41Z,IL,IL00055IN019400031,2026-08-09T01:11:28Z,Unknown,36,Unknown,True,False,
2026-08-09T01:11:41Z,IL,IL00057IS022200054,2026-08-09T01:11:28Z,Unknown,0,Unknown,True,False,
2026-08-09T01:11:41Z,IL,IL00039IS008500026,2026-08-09T01:11:28Z,Unknown,42,Unknown,True,False,
2026-08-09T01:11:41Z,IL,IL00080IE011700043,2026-08-09T01:11:28Z,Unknown,31,Unknown,True,False,
2026-08-09T01:11:41Z,IL,IL00055IN010400050,2026-08-09T01:11:28Z,0,0,Unknown,False,False,
2026-08-09T01:11:41Z,IL,IL00057IS033300046,2026-08-09T01:11:28Z,Unknown,0,Unknown,True,False,
2026-08-09T01:11:41Z,IL,IL00039IN008500036,2026-08-09T01:11:28Z,Unknown,42,Unknown,True,False,
2026-08-09T01:11:41Z,IL,IL00057IN022200048,2026-08-09T01:11:28Z,Unknown,0,Unknown,True,False,
2026-08-09T01:11:41Z,IL,IL00057IS007900047,2026-08-09T01:11:28Z,Unknown,0,Unknown,True,False,
2026-08-09T01:11:41Z,IL,IL00055IN006400027,2026-08-09T01:11:28Z,Unknown,0,Unknown,True,False,
2026-08-09T01:11:41Z,IL,IL00057IN033300049,2026-08-09T01:11:28Z,Unknown,0,Unknown,True,False,
2026-08-09T01:11:41Z,IL,IL00057IN007900034,2026-08-09T01:11:28Z,Unknown,0,Unknown,True,False,
2026-08-09T01:11:41Z,IL,IL00057IN026800032,2026-08-09T01:11:28Z,Unknown,25,Unknown,True,False,
2026-08-09T01:11:41Z,IL,IL00072IW015200014,2026-08-09T01:11:28Z,Unknown,17,Unknown,True,False,
2026-08-09T01:11:41Z,IL,IL00074IW020800052,2026-08-09T01:11:28Z,Unknown,0,Unknown,True,False,
2026-08-09T01:11:41Z,IL,IL00064IW008500012,2026-08-09T01:11:28Z,Unknown,0,Unknown,True,False,
2026-08-09T01:11:41Z,IL,IL00055IS006400017,2026-08-09T01:11:28Z,Unknown,0,Unknown,True,False,
2026-08-09T01:11:41Z,IL,IL00070IW002700015,2026-08-09T01:11:28Z,Unknown,0,Unknown,True,False,
2026-08-09T01:11:41Z,IL,IL00057IS011400023,2026-08-09T01:11:28Z,Unknown,0,Unknown,True,False,
2026-08-09T01:11:41Z,IL,IL00080IE005100040,2026-08-09T01:11:28Z,Unknown,39,Unknown,True,False,
2026-08-09T01:11:41Z,IL,IL00074IE002800030,2026-08-09T01:11:28Z,Unknown,14,Unknown,True,False,
2026-08-09T01:11:41Z,IL,IL00024IW003700010,2026-08-09T01:11:29Z,Unknown,0,Unknown,True,False,
2026-08-09T01:11:41Z,IL,IL00057IS026800022,2026-08-09T01:11:29Z,Unknown,27,Unknown,True,False,
2026-08-09T01:11:41Z,IL,IL00074IW015600009,2026-08-09T01:11:29Z,Unknown,0,Unknown,True,False,
2026-08-09T01:11:41Z,IL,IL00070IE008600051,2026-08-09T01:11:29Z,0,0,Unknown,False,False,
2026-08-09T01:11:41Z,IL,IL00074IE015600037,2026-08-09T01:11:29Z,Unknown,0,Unknown,True,False,
2026-08-09T01:11:41Z,IL,IL00055IS019400021,2026-08-09T01:11:29Z,Unknown,29,Unknown,True,False,
2026-08-09T01:11:41Z,IL,IL00080IW011700016,2026-08-09T01:11:29Z,Unknown,39,Unknown,True,False,
2026-08-09T01:11:41Z,IL,IL00074IE011400005,2026-08-09T01:11:32Z,19,25,FILLING,True,True,
2026-08-09T01:11:41Z,IL,IL00072IE015200041,2026-08-09T01:06:56Z,13,16,CLEARING,True,True,
2026-08-09T01:11:41Z,IL,IL00074IW006200004,2026-08-09T01:10:46Z,6,12,CLEARING,True,True,
2026-08-09T01:11:41Z,IL,IL00070IW008700045,2026-08-09T01:11:14Z,2,15,STEADY,True,True,
2026-08-09T01:11:41Z,IL,IL00057IS016500018,2026-08-09T01:07:46Z,6,15,FILLING,True,True,
2026-08-09T01:11:41Z,IL,IL00074IW011400006,2026-08-09T01:11:16Z,15,18,STEADY,True,True,
2026-08-09T01:11:41Z,IL,IL00074IE006200001,2026-08-09T01:11:17Z,9,13,FILLING,True,True,
2026-08-09T01:11:41Z,IL,IL00070IW014900008,2026-08-09T01:10:21Z,Unknown,39,Unknown,True,False,
2026-08-09T01:11:41Z,IL,IL00057IN016500044,2026-08-09T01:10:15Z,0,15,STEADY,False,False,
2026-08-09T01:11:41Z,IL,IL00055IS010400024,2026-08-09T01:06:50Z,Unknown,0,STEADY,,False,
2026-08-09T01:11:41Z,IL,IL00057IS003200025,2026-08-09T01:06:50Z,Unknown,0,STEADY,,False,
2026-08-09T01:11:41Z,IL,IL00057IN003200035,2026-08-09T01:06:51Z,Unknown,17,STEADY,,False,
2026-08-09T01:11:41Z,IN,322,2026-08-08T21:00:00-04:00,64,75,,True,false,
2026-08-09T01:11:41Z,IN,317,2026-08-08T21:00:00-04:00,29,58,,True,true,
2026-08-09T01:11:41Z,IN,316,2026-08-08T21:00:00-04:00,57,58,,True,false,
2026-08-09T01:11:41Z,IN,315,2026-08-08T21:00:00-04:00,Unknown,36,,False,true,
2026-08-09T01:11:41Z,IN,314,2026-08-08T21:00:00-04:00,Unknown,36,,False,true,
2026-08-09T01:11:41Z,IN,313,2026-08-08T21:00:00-04:00,18,75,,True,true,
2026-08-09T01:11:41Z,IN,312,2026-08-08T21:00:00-04:00,14,75,,True,true,
2026-08-09T01:11:41Z,IN,311,2026-08-08T21:00:00-04:00,Unknown,13,,False,true,
2026-08-09T01:11:41Z,IN,310,2026-08-08T21:00:00-04:00,Unknown,13,,False,true,
2026-08-09T01:11:41Z,IN,308,2026-08-08T21:00:00-04:00,51,75,,True,true,
2026-08-09T01:11:41Z,IN,309,2026-08-08T21:00:00-04:00,123,150,,True,true,
2026-08-09T01:11:41Z,IN,318,2026-08-08T21:00:00-04:00,27,78,,True,true,
2026-08-09T01:11:41Z,IN,319,2026-08-08T21:00:00-04:00,39,78,,True,true,
2026-08-09T01:11:41Z,IN,320,2026-08-08T21:00:00-04:00,61,83,,True,true,
2026-08-09T01:11:41Z,IN,321,2026-08-08T21:00:00-04:00,21,41,,True,false,
2026-08-09T01:11:41Z,IN,300,2026-08-08T21:00:00-04:00,121,128,,True,false,
2026-08-09T01:11:41Z,IN,302,2026-08-08T21:00:00-04:00,LOW,30,,True,true,
2026-08-09T01:11:41Z,IN,301,2026-08-08T21:00:00-04:00,6,30,,True,true,
2026-08-09T01:11:41Z,IN,303,2026-08-08T21:00:00-04:00,144,194,,True,true,
2026-08-09T01:11:41Z,IN,304,2026-08-08T21:00:00-04:00,LOW,99,,True,true,
2026-08-09T01:11:41Z,IN,305,2026-08-08T21:00:00-04:00,Unknown,156,,False,true,
2026-08-09T01:11:41Z,IN,323,2026-08-08T21:00:00-04:00,20,40,,True,true,
2026-08-09T01:11:41Z,IN,702,2026-08-08T21:00:00-04:00,38,75,,True,false,
2026-08-09T01:11:41Z,IN,701,2026-08-08T21:00:00-04:00,30,60,,True,false,
2026-08-09T01:11:41Z,IN,704,2026-08-08T21:00:00-04:00,40,80,,True,false,
2026-08-09T01:11:41Z,IN,703,2026-08-08T21:00:00-04:00,55,110,,True,false,
2026-08-09T01:11:41Z,IN,706,2026-08-08T21:00:00-04:00,35,70,,True,false,
2026-08-09T01:11:41Z,IN,705,2026-08-08T21:00:00-04:00,30,60,,True,false,
2026-08-09T01:11:41Z,IN,708,2026-08-08T21:00:00-04:00,23,45,,True,false,
2026-08-09T01:11:41Z,IN,707,2026-08-08T21:00:00-04:00,20,40,,True,false,
2026-08-09T01:11:41Z,IN,324,2026-08-08T21:00:00-04:00,16,31,,True,true,
2026-08-09T01:11:41Z,KY,KY00065IS0000020N65WELCOM,2026-08-09T01:10:02Z,LOW,21,STEADY,True,True,
2026-08-09T01:11:41Z,KY,KY00065IS000020NSMARATHON,2025-12-19T00:36:53Z,10,60,STEADY,True,False,
2026-08-09T01:11:41Z,KY,KY00065IS0000340NWEIGHS34,2026-07-01T19:04:41Z,32,40,STEADY,True,False,
2026-08-09T01:11:41Z,KY,KY00065IS0011400S65SRA114,2026-08-09T01:10:10Z,LOW,26,STEADY,True,True,
2026-08-09T01:11:41Z,KY,KY00065IS0005900S65SRA059,2026-08-09T01:10:08Z,86,109,STEADY,True,True,
2026-08-09T01:11:41Z,KY,KY00065IS0005900N65NRA059,2026-08-09T01:10:04Z,LOW,113,STEADY,True,True,
2026-08-09T01:11:41Z,KY,KY00075IS0003300NWEIGHS33,2026-08-09T01:09:46Z,50,50,STEADY,True,False,
2026-08-09T01:11:41Z,KY,KY00075IS0003400SWEIGHS34,2026-08-09T01:09:50Z,LOW,40,STEADY,True,True,
2026-08-09T01:11:41Z,KY,KY00075IS0017700N75NRA177,2026-07-13T10:37:14Z,LOW,53,CLEARING,True,False,
2026-08-09T01:11:41Z,KY,KY00075IS0007500SWALTONWS,2026-08-09T01:09:56Z,44,45,STEADY,True,True,
2026-08-09T01:11:41Z,KY,KY00075IS0017700S75SRA177,2026-08-09T01:09:48Z,58,67,STEADY,True,True,
2026-08-09T01:11:41Z,KY,KY00075IS0016800SCRITENWS,2026-08-09T01:09:52Z,38,39,STEADY,True,True,
2026-08-09T01:11:41Z,KY,KY00075IS0000100N75WELCOM,2026-08-09T01:10:12Z,LOW,30,STEADY,True,True,
2026-08-09T01:28:09Z,IL,IL00057IS026800022,2026-08-09T01:28:07Z,Unknown,27,Unknown,True,False,
2026-08-09T01:28:09Z,IL,IL00057IS033300046,2026-08-09T01:28:07Z,Unknown,0,Unknown,True,False,
2026-08-09T01:28:09Z,IL,IL00039IS008500026,2026-08-09T01:28:08Z,Unknown,42,Unknown,True,False,
2026-08-09T01:28:09Z,IL,IL00055IN002700029,2026-08-09T01:28:08Z,Unknown,0,Unknown,True,False,
2026-08-09T01:28:09Z,IL,IL00072IE015200041,2026-08-09T01:28:09Z,13,16,CLEARING,True,True,
2026-08-09T01:28:09Z,IL,IL00080IE011700043,2026-08-09T01:28:09Z,Unknown,31,Unknown,True,False,
2026-08-09T01:28:09Z,IL,IL00074IW015600009,2026-08-09T01:28:07Z,Unknown,0,Unknown,True,False,
2026-08-09T01:28:09Z,IL,IL00080IW005100013,2026-08-09T01:28:07Z,Unknown,47,Unknown,True,False,
2026-08-09T01:28:09Z,IL,IL00072IW015200014,2026-08-09T01:28:07Z,Unknown,17,Unknown,True,False,
2026-08-09T01:28:09Z,IL,IL00064IW013000053,2026-08-09T01:28:07Z,0,0,Unknown,False,False,
2026-08-09T01:28:09Z,IL,IL00057IS022200054,2026-08-09T01:28:07Z,Unknown,0,Unknown,True,False,
2026-08-09T01:28:09Z,IL,IL00057IN022200048,2026-08-09T01:28:08Z,Unknown,0,Unknown,True,False,
2026-08-09T01:28:09Z,IL,IL00039IN008500036,2026-08-09T01:28:08Z,Unknown,42,Unknown,True,False,
2026-08-09T01:28:09Z,IL,IL00074IE011400005,2026-08-09T01:28:08Z,19,25,CLEARING,True,True,
2026-08-09T01:28:09Z,IL,IL00080IE005100040,2026-08-09T01:28:08Z,Unknown,39,Unknown,True,False,
2026-08-09T01:28:09Z,IL,IL00074IW002800020,2026-08-09T01:28:07Z,Unknown,15,Unknown,True,False,
2026-08-09T01:28:09Z,IL,IL00055IS019400021,2026-08-09T01:28:07Z,Unknown,29,Unknown,True,False,
2026-08-09T01:28:09Z,IL,IL00057IS011400023,2026-08-09T01:28:07Z,Unknown,0,Unknown,True,False,
2026-08-09T01:28:09Z,IL,IL00057IS007900047,2026-08-09T01:28:08Z,Unknown,0,Unknown,True,False,
2026-08-09T01:28:09Z,IL,IL00074IE002800030,2026-08-09T01:28:08Z,Unknown,14,Unknown,True,False,
2026-08-09T01:28:09Z,IL,IL00057IN026800032,2026-08-09T01:28:08Z,Unknown,25,Unknown,True,False,
2026-08-09T01:28:09Z,IL,IL00057IN011400033,2026-08-09T01:28:08Z,Unknown,0,Unknown,True,False,
2026-08-09T01:28:09Z,IL,IL00055IN010400050,2026-08-09T01:28:08Z,0,0,Unknown,False,False,
2026-08-09T01:28:09Z,IL,IL00057IN007900034,2026-08-09T01:28:08Z,Unknown,0,Unknown,True,False,
2026-08-09T01:28:09Z,IL,IL00074IE015600037,2026-08-09T01:28:08Z,Unknown,0,Unknown,True,False,
2026-08-09T01:28:09Z,IL,IL00064IE002500038,2026-08-09T01:28:08Z,Unknown,0,Unknown,True,False,
2026-08-09T01:28:09Z,IL,IL00070IE008600051,2026-08-09T01:28:08Z,0,0,Unknown,False,False,
2026-08-09T01:28:09Z,IL,IL00070IE002700042,2026-08-09T01:28:09Z,Unknown,0,Unknown,True,False,
2026-08-09T01:28:09Z,IL,IL00024IW003700010,2026-08-09T01:28:07Z,Unknown,0,Unknown,True,False,
2026-08-09T01:28:09Z,IL,IL00064IW002500011,2026-08-09T01:28:07Z,Unknown,0,Unknown,True,False,
2026-08-09T01:28:09Z,IL,IL00064IW008500012,2026-08-09T01:28:07Z,Unknown,0,Unknown,True,False,
2026-08-09T01:28:09Z,IL,IL00074IW020800052,2026-08-09T01:28:07Z,Unknown,0,Unknown,True,False,
2026-08-09T01:28:09Z,IL,IL00070IW002700015,2026-08-09T01:28:07Z,Unknown,0,Unknown,True,False,
2026-08-09T01:28:09Z,IL,IL00055IN006400027,2026-08-09T01:28:08Z,Unknown,0,Unknown,True,False,
2026-08-09T01:28:09Z,IL,IL00055IN014900028,2026-08-09T01:28:08Z,Unknown,0,Unknown,True,False,
2026-08-09T01:28:09Z,IL,IL00055IN019400031,2026-08-09T01:28:08Z,Unknown,36,Unknown,True,False,
2026-08-09T01:28:09Z,IL,IL00057IN033300049,2026-08-09T01:28:08Z,Unknown,0,Unknown,True,False,
2026-08-09T01:28:09Z,IL,IL00064IE008500039,2026-08-09T01:28:08Z,Unknown,0,Unknown,True,False,
2026-08-09T01:28:09Z,IL,IL00080IW011700016,2026-08-09T01:28:07Z,Unknown,39,Unknown,True,False,
2026-08-09T01:28:09Z,IL,IL00055IS006400017,2026-08-09T01:28:07Z,Unknown,0,Unknown,True,False,
2026-08-09T01:28:09Z,IL,IL00055IS002700019,2026-08-09T01:28:07Z,Unknown,0,Unknown,True,False,
2026-08-09T01:28:09Z,IL,IL00074IW006200004,2026-08-09T01:28:07Z,7,12,STEADY,True,True,
2026-08-09T01:28:09Z,IL,IL00070IW008700045,2026-08-09T01:28:07Z,2,15,STEADY,True,True,
2026-08-09T01:28:09Z,IL,IL00057IS016500018,2026-08-09T01:28:07Z,6,15,FILLING,True,True,
2026-08-09T01:28:09Z,IL,IL00074IW011400006,2026-08-09T01:28:07Z,15,18,STEADY,True,True,
2026-08-09T01:28:09Z,IL,IL00074IE006200001,2026-08-09T01:28:09Z,7,13,FILLING,True,True,
2026-08-09T01:28:09Z,IL,IL00070IW014900008,2026-08-09T01:27:50Z,Unknown,39,Unknown,True,False,
2026-08-09T01:28:09Z,IL,IL00057IN016500044,2026-08-09T01:28:08Z,0,15,STEADY,False,False,
2026-08-09T01:28:09Z,IL,IL00055IS010400024,2026-08-09T01:28:08Z,Unknown,0,STEADY,,False,
2026-08-09T01:28:09Z,IL,IL00057IS003200025,2026-08-09T01:28:08Z,Unknown,0,STEADY,,False,
2026-08-09T01:28:09Z,IL,IL00057IN003200035,2026-08-09T01:28:08Z,Unknown,17,STEADY,,False,
2026-08-09T01:28:09Z,IN,322,2026-08-08T21:15:00-04:00,67,75,,True,false,
2026-08-09T01:28:09Z,IN,317,2026-08-08T21:15:00-04:00,29,58,,True,true,
2026-08-09T01:28:09Z,IN,316,2026-08-08T21:15:00-04:00,57,58,,True,false,
2026-08-09T01:28:09Z,IN,315,2026-08-08T21:15:00-04:00,Unknown,36,,False,true,
2026-08-09T01:28:09Z,IN,314,2026-08-08T21:15:00-04:00,Unknown,36,,False,true,
2026-08-09T01:28:09Z,IN,313,2026-08-08T21:15:00-04:00,21,75,,True,true,
2026-08-09T01:28:09Z,IN,312,2026-08-08T21:15:00-04:00,7,75,,True,true,
2026-08-09T01:28:09Z,IN,311,2026-08-08T21:15:00-04:00,Unknown,13,,False,true,
2026-08-09T01:28:09Z,IN,310,2026-08-08T21:15:00-04:00,Unknown,13,,False,true,
2026-08-09T01:28:09Z,IN,308,2026-08-08T21:15:00-04:00,45,75,,True,true,
2026-08-09T01:28:09Z,IN,309,2026-08-08T21:15:00-04:00,125,150,,True,true,
2026-08-09T01:28:09Z,IN,318,2026-08-08T21:15:00-04:00,26,78,,True,true,
2026-08-09T01:28:09Z,IN,319,2026-08-08T21:15:00-04:00,39,78,,True,true,
2026-08-09T01:28:09Z,IN,320,2026-08-08T21:15:00-04:00,62,83,,True,true,
2026-08-09T01:28:09Z,IN,321,2026-08-08T21:15:00-04:00,21,41,,True,false,
2026-08-09T01:28:09Z,IN,300,2026-08-08T21:15:00-04:00,119,128,,True,false,
2026-08-09T01:28:09Z,IN,302,2026-08-08T21:15:00-04:00,LOW,30,,True,true,
2026-08-09T01:28:09Z,IN,301,2026-08-08T21:15:00-04:00,LOW,30,,True,true,
2026-08-09T01:28:09Z,IN,303,2026-08-08T21:15:00-04:00,136,194,,True,true,
2026-08-09T01:28:09Z,IN,304,2026-08-08T21:15:00-04:00,LOW,99,,True,true,
2026-08-09T01:28:09Z,IN,305,2026-08-08T21:15:00-04:00,Unknown,156,,False,true,
2026-08-09T01:28:09Z,IN,323,2026-08-08T21:15:00-04:00,20,40,,True,true,
2026-08-09T01:28:09Z,IN,702,2026-08-08T21:15:00-04:00,38,75,,True,false,
2026-08-09T01:28:09Z,IN,701,2026-08-08T21:15:00-04:00,30,60,,True,false,
2026-08-09T01:28:09Z,IN,704,2026-08-08T21:15:00-04:00,40,80,,True,false,
2026-08-09T01:28:09Z,IN,703,2026-08-08T21:15:00-04:00,55,110,,True,false,
2026-08-09T01:28:09Z,IN,706,2026-08-08T21:15:00-04:00,35,70,,True,false,
2026-08-09T01:28:09Z,IN,705,2026-08-08T21:15:00-04:00,30,60,,True,false,
2026-08-09T01:28:09Z,IN,708,2026-08-08T21:15:00-04:00,23,45,,True,false,
2026-08-09T01:28:09Z,IN,707,2026-08-08T21:15:00-04:00,20,40,,True,false,
2026-08-09T01:28:09Z,IN,324,2026-08-08T21:15:00-04:00,16,31,,True,true,
2026-08-09T01:28:09Z,KY,KY00065IS0000020N65WELCOM,2026-08-09T01:27:01Z,LOW,21,STEADY,True,True,
2026-08-09T01:28:09Z,KY,KY00065IS000020NSMARATHON,2025-12-19T00:36:53Z,10,60,STEADY,True,False,
2026-08-09T01:28:09Z,KY,KY00065IS0000340NWEIGHS34,2026-07-01T19:04:41Z,32,40,STEADY,True,False,
2026-08-09T01:28:09Z,KY,KY00065IS0011400S65SRA114,2026-08-09T01:27:09Z,LOW,26,STEADY,True,True,
2026-08-09T01:28:09Z,KY,KY00065IS0005900S65SRA059,2026-08-09T01:27:07Z,85,109,STEADY,True,True,
2026-08-09T01:28:09Z,KY,KY00065IS0005900N65NRA059,2026-08-09T01:27:04Z,LOW,113,STEADY,True,True,
2026-08-09T01:28:09Z,KY,KY00075IS0003300NWEIGHS33,2026-08-09T01:26:46Z,50,50,STEADY,True,False,
2026-08-09T01:28:09Z,KY,KY00075IS0003400SWEIGHS34,2026-08-09T01:26:49Z,LOW,40,STEADY,True,True,
2026-08-09T01:28:09Z,KY,KY00075IS0017700N75NRA177,2026-07-13T10:37:14Z,LOW,53,CLEARING,True,False,
2026-08-09T01:28:09Z,KY,KY00075IS0007500SWALTONWS,2026-08-09T01:26:55Z,43,45,STEADY,True,True,
2026-08-09T01:28:09Z,KY,KY00075IS0017700S75SRA177,2026-08-09T01:26:48Z,55,67,FILLING,True,True,
2026-08-09T01:28:09Z,KY,KY00075IS0016800SCRITENWS,2026-08-09T01:26:52Z,36,39,FILLING,True,True,
2026-08-09T01:28:09Z,KY,KY00075IS0000100N75WELCOM,2026-08-09T01:27:12Z,LOW,30,STEADY,True,True,
2026-08-09T01:44:47Z,IL,IL00074IE011400005,2026-08-09T01:44:23Z,19,25,STEADY,True,True,
2026-08-09T01:44:47Z,IL,IL00072IE015200041,2026-08-09T01:44:23Z,12,16,FILLING,True,True,
2026-08-09T01:44:47Z,IL,IL00024IW003700010,2026-08-09T01:44:45Z,Unknown,0,Unknown,True,False,
2026-08-09T01:44:47Z,IL,IL00074IW020800052,2026-08-09T01:44:45Z,Unknown,0,Unknown,True,False,
2026-08-09T01:44:47Z,IL,IL00039IN008500036,2026-08-09T01:44:45Z,Unknown,42,Unknown,True,False,
2026-08-09T01:44:47Z,IL,IL00074IW015600009,2026-08-09T01:44:45Z,Unknown,0,Unknown,True,False,
2026-08-09T01:44:47Z,IL,IL00055IS002700019,2026-08-09T01:44:45Z,Unknown,0,Unknown,True,False,
2026-08-09T01:44:47Z,IL,IL00072IW015200014,2026-08-09T01:44:45Z,Unknown,17,Unknown,True,False,
2026-08-09T01:44:47Z,IL,IL00055IN010400050,2026-08-09T01:44:45Z,0,0,Unknown,False,False,
2026-08-09T01:44:47Z,IL,IL00055IS019400021,2026-08-09T01:44:45Z,Unknown,29,Unknown,True,False,
2026-08-09T01:44:47Z,IL,IL00057IN026800032,2026-08-09T01:44:45Z,Unknown,25,Unknown,True,False,
2026-08-09T01:44:47Z,IL,IL00057IS033300046,2026-08-09T01:44:45Z,Unknown,0,Unknown,True,False,
2026-08-09T01:44:47Z,IL,IL00055IN002700029,2026-08-09T01:44:45Z,Unknown,0,Unknown,True,False,
2026-08-09T01:44:47Z,IL,IL00057IS007900047,2026-08-09T01:44:45Z,Unknown,0,Unknown,True,False,
2026-08-09T01:44:47Z,IL,IL00070IE002700042,2026-08-09T01:44:45Z,Unknown,0,Unknown,True,False,
2026-08-09T01:44:47Z,IL,IL00057IN022200048,2026-08-09T01:44:45Z,Unknown,0,Unknown,True,False,
2026-08-09T01:44:47Z,IL,IL00064IE008500039,2026-08-09T01:44:45Z,Unknown,0,Unknown,True,False,
2026-08-09T01:44:47Z,IL,IL00055IN006400027,2026-08-09T01:44:45Z,Unknown,0,Unknown,True,False,
2026-08-09T01:44:47Z,IL,IL00080IW011700016,2026-08-09T01:44:45Z,Unknown,39,Unknown,True,False,
2026-08-09T01:44:47Z,IL,IL00074IW002800020,2026-08-09T01:44:45Z,Unknown,15,Unknown,True,False,
2026-08-09T01:44:47Z,IL,IL00064IW008500012,2026-08-09T01:44:45Z,Unknown,0,Unknown,True,False,
2026-08-09T01:44:47Z,IL,IL00039IS008500026,2026-08-09T01:44:45Z,Unknown,42,Unknown,True,False,
2026-08-09T01:44:47Z,IL,IL00080IW005100013,2026-08-09T01:44:46Z,Unknown,47,Unknown,True,False,
2026-08-09T01:44:47Z,IL,IL00057IN007900034,2026-08-09T01:44:46Z,Unknown,0,Unknown,True,False,
2026-08-09T01:44:47Z,IL,IL00074IE015600037,2026-08-09T01:44:46Z,Unknown,0,Unknown,True,False,
2026-08-09T01:44:47Z,IL,IL00064IW013000053,2026-08-09T01:44:46Z,0,0,Unknown,False,False,
2026-08-09T01:44:47Z,IL,IL00080IE005100040,2026-08-09T01:44:46Z,Unknown,39,Unknown,True,False,
2026-08-09T01:44:47Z,IL,IL00080IE011700043,2026-08-09T01:44:46Z,Unknown,31,Unknown,True,False,
2026-08-09T01:44:47Z,IL,IL00055IS006400017,2026-08-09T01:44:46Z,Unknown,0,Unknown,True,False,
2026-08-09T01:44:47Z,IL,IL00064IE002500038,2026-08-09T01:44:46Z,Unknown,0,Unknown,True,False,
2026-08-09T01:44:47Z,IL,IL00057IS026800022,2026-08-09T01:44:46Z,Unknown,27,Unknown,True,False,
2026-08-09T01:44:47Z,IL,IL00057IS011400023,2026-08-09T01:44:46Z,Unknown,0,Unknown,True,False,
2026-08-09T01:44:47Z,IL,IL00055IN014900028,2026-08-09T01:44:46Z,Unknown,0,Unknown,True,False,
2026-08-09T01:44:47Z,IL,IL00074IE002800030,2026-08-09T01:44:46Z,Unknown,14,Unknown,True,False,
2026-08-09T01:44:47Z,IL,IL00064IW002500011,2026-08-09T01:44:46Z,Unknown,0,Unknown,True,False,
2026-08-09T01:44:47Z,IL,IL00070IW002700015,2026-08-09T01:44:46Z,Unknown,0,Unknown,True,False,
2026-08-09T01:44:47Z,IL,IL00057IS022200054,2026-08-09T01:44:46Z,Unknown,0,Unknown,True,False,
2026-08-09T01:44:47Z,IL,IL00055IN019400031,2026-08-09T01:44:46Z,Unknown,36,Unknown,True,False,
2026-08-09T01:44:47Z,IL,IL00057IN011400033,2026-08-09T01:44:46Z,Unknown,0,Unknown,True,False,
2026-08-09T01:44:47Z,IL,IL00057IN033300049,2026-08-09T01:44:46Z,Unknown,0,Unknown,True,False,
2026-08-09T01:44:47Z,IL,IL00070IE008600051,2026-08-09T01:44:46Z,0,0,Unknown,False,False,
2026-08-09T01:44:47Z,IL,IL00074IW006200004,2026-08-09T01:44:22Z,7,12,STEADY,True,True,
2026-08-09T01:44:47Z,IL,IL00070IW008700045,2026-08-09T01:44:21Z,2,15,CLEARING,True,True,
2026-08-09T01:44:47Z,IL,IL00057IS016500018,2026-08-09T01:44:22Z,5,15,STEADY,True,True,
2026-08-09T01:44:47Z,IL,IL00074IW011400006,2026-08-09T01:44:21Z,14,18,STEADY,True,True,
2026-08-09T01:44:47Z,IL,IL00074IE006200001,2026-08-09T01:44:23Z,8,13,CLEARING,True,True,
2026-08-09T01:44:47Z,IL,IL00070IW014900008,2026-08-09T01:43:58Z,Unknown,39,Unknown,True,False,
2026-08-09T01:44:47Z,IL,IL00057IN016500044,2026-08-09T01:44:22Z,0,15,STEADY,False,False,
2026-08-09T01:44:47Z,IL,IL00055IS010400024,2026-08-09T01:44:22Z,Unknown,0,STEADY,,False,
2026-08-09T01:44:47Z,IL,IL00057IS003200025,2026-08-09T01:44:22Z,Unknown,0,STEADY,,False,
2026-08-09T01:44:47Z,IL,IL00057IN003200035,2026-08-09T01:44:23Z,Unknown,17,STEADY,,False,
2026-08-09T01:44:47Z,IN,322,2026-08-08T21:30:00-04:00,67,75,,True,false,
2026-08-09T01:44:47Z,IN,317,2026-08-08T21:30:00-04:00,27,58,,True,true,
2026-08-09T01:44:47Z,IN,316,2026-08-08T21:30:00-04:00,56,58,,True,false,
2026-08-09T01:44:47Z,IN,315,2026-08-08T21:30:00-04:00,Unknown,36,,False,true,
2026-08-09T01:44:47Z,IN,314,2026-08-08T21:30:00-04:00,Unknown,36,,False,true,
2026-08-09T01:44:47Z,IN,313,2026-08-08T21:30:00-04:00,19,75,,True,true,
2026-08-09T01:44:47Z,IN,312,2026-08-08T21:30:00-04:00,12,75,,True,true,
2026-08-09T01:44:47Z,IN,311,2026-08-08T21:30:00-04:00,Unknown,13,,False,true,
2026-08-09T01:44:47Z,IN,310,2026-08-08T21:30:00-04:00,Unknown,13,,False,true,
2026-08-09T01:44:47Z,IN,308,2026-08-08T21:30:00-04:00,47,75,,True,true,
2026-08-09T01:44:47Z,IN,309,2026-08-08T21:30:00-04:00,123,150,,True,true,
2026-08-09T01:44:47Z,IN,318,2026-08-08T21:30:00-04:00,22,78,,True,true,
2026-08-09T01:44:47Z,IN,319,2026-08-08T21:30:00-04:00,38,78,,True,true,
2026-08-09T01:44:47Z,IN,320,2026-08-08T21:30:00-04:00,63,83,,True,true,
2026-08-09T01:44:47Z,IN,321,2026-08-08T21:30:00-04:00,21,41,,True,false,
2026-08-09T01:44:47Z,IN,300,2026-08-08T21:30:00-04:00,123,128,,True,false,
2026-08-09T01:44:47Z,IN,302,2026-08-08T21:30:00-04:00,6,30,,True,true,
2026-08-09T01:44:47Z,IN,301,2026-08-08T21:30:00-04:00,LOW,30,,True,true,
2026-08-09T01:44:47Z,IN,303,2026-08-08T21:30:00-04:00,138,194,,True,true,
2026-08-09T01:44:47Z,IN,304,2026-08-08T21:30:00-04:00,LOW,99,,True,true,
2026-08-09T01:44:47Z,IN,305,2026-08-08T21:30:00-04:00,Unknown,156,,False,true,
2026-08-09T01:44:47Z,IN,323,2026-08-08T21:30:00-04:00,20,40,,True,true,
2026-08-09T01:44:47Z,IN,702,2026-08-08T21:30:00-04:00,38,75,,True,false,
2026-08-09T01:44:47Z,IN,701,2026-08-08T21:30:00-04:00,30,60,,True,false,
2026-08-09T01:44:47Z,IN,704,2026-08-08T21:30:00-04:00,40,80,,True,false,
2026-08-09T01:44:47Z,IN,703,2026-08-08T21:30:00-04:00,55,110,,True,false,
2026-08-09T01:44:47Z,IN,706,2026-08-08T21:30:00-04:00,35,70,,True,false,
2026-08-09T01:44:47Z,IN,705,2026-08-08T21:30:00-04:00,30,60,,True,false,
2026-08-09T01:44:47Z,IN,708,2026-08-08T21:30:00-04:00,23,45,,True,false,
2026-08-09T01:44:47Z,IN,707,2026-08-08T21:30:00-04:00,20,40,,True,false,
2026-08-09T01:44:47Z,IN,324,2026-08-08T21:30:00-04:00,16,31,,True,true,
2026-08-09T01:44:47Z,KY,KY00065IS0000020N65WELCOM,2026-08-09T01:43:02Z,LOW,21,STEADY,True,True,
2026-08-09T01:44:47Z,KY,KY00065IS000020NSMARATHON,2025-12-19T00:36:53Z,10,60,STEADY,True,False,
2026-08-09T01:44:47Z,KY,KY00065IS0000340NWEIGHS34,2026-07-01T19:04:41Z,32,40,STEADY,True,False,
2026-08-09T01:44:47Z,KY,KY00065IS0011400S65SRA114,2026-08-09T01:43:09Z,LOW,26,STEADY,True,True,
2026-08-09T01:44:47Z,KY,KY00065IS0005900S65SRA059,2026-08-09T01:43:08Z,86,109,STEADY,True,True,
2026-08-09T01:44:47Z,KY,KY00065IS0005900N65NRA059,2026-08-09T01:43:04Z,LOW,113,STEADY,True,True,
2026-08-09T01:44:47Z,KY,KY00075IS0003300NWEIGHS33,2026-08-09T01:42:46Z,50,50,STEADY,True,False,
2026-08-09T01:44:47Z,KY,KY00075IS0003400SWEIGHS34,2026-08-09T01:42:49Z,LOW,40,STEADY,True,True,
2026-08-09T01:44:47Z,KY,KY00075IS0017700N75NRA177,2026-07-13T10:37:14Z,LOW,53,CLEARING,True,False,
2026-08-09T01:44:47Z,KY,KY00075IS0007500SWALTONWS,2026-08-09T01:42:56Z,41,45,STEADY,True,True,
2026-08-09T01:44:47Z,KY,KY00075IS0017700S75SRA177,2026-08-09T01:42:48Z,54,67,STEADY,True,True,
2026-08-09T01:44:47Z,KY,KY00075IS0016800SCRITENWS,2026-08-09T01:42:52Z,38,39,STEADY,True,True,
2026-08-09T01:44:47Z,KY,KY00075IS0000100N75WELCOM,2026-08-09T01:43:12Z,LOW,30,STEADY,True,True,
2026-08-09T02:01:42Z,IL,IL00055IN019400031,2026-08-09T02:01:36Z,Unknown,36,Unknown,True,False,
2026-08-09T02:01:42Z,IL,IL00057IN022200048,2026-08-09T02:01:36Z,Unknown,0,Unknown,True,False,
2026-08-09T02:01:42Z,IL,IL00039IN008500036,2026-08-09T02:01:36Z,Unknown,42,Unknown,True,False,
2026-08-09T02:01:42Z,IL,IL00070IE002700042,2026-08-09T02:01:36Z,Unknown,0,Unknown,True,False,
2026-08-09T02:01:42Z,IL,IL00064IW002500011,2026-08-09T02:01:36Z,Unknown,0,Unknown,True,False,
2026-08-09T02:01:42Z,IL,IL00064IW008500012,2026-08-09T02:01:36Z,Unknown,0,Unknown,True,False,
2026-08-09T02:01:42Z,IL,IL00074IW002800020,2026-08-09T02:01:36Z,Unknown,15,Unknown,True,False,
2026-08-09T02:01:42Z,IL,IL00055IN006400027,2026-08-09T02:01:36Z,Unknown,0,Unknown,True,False,
2026-08-09T02:01:42Z,IL,IL00072IW015200014,2026-08-09T02:01:36Z,Unknown,17,Unknown,True,False,
2026-08-09T02:01:42Z,IL,IL00064IE008500039,2026-08-09T02:01:37Z,Unknown,0,Unknown,True,False,
2026-08-09T02:01:42Z,IL,IL00057IS026800022,2026-08-09T02:01:37Z,Unknown,27,Unknown,True,False,
2026-08-09T02:01:42Z,IL,IL00055IS002700019,2026-08-09T02:01:37Z,Unknown,0,Unknown,True,False,
2026-08-09T02:01:42Z,IL,IL00057IS011400023,2026-08-09T02:01:37Z,Unknown,0,Unknown,True,False,
2026-08-09T02:01:42Z,IL,IL00055IS019400021,2026-08-09T02:01:37Z,Unknown,29,Unknown,True,False,
2026-08-09T02:01:42Z,IL,IL00057IN007900034,2026-08-09T02:01:37Z,Unknown,0,Unknown,True,False,
2026-08-09T02:01:42Z,IL,IL00070IE008600051,2026-08-09T02:01:37Z,0,0,Unknown,False,False,
2026-08-09T02:01:42Z,IL,IL00070IW002700015,2026-08-09T02:01:37Z,Unknown,0,Unknown,True,False,
2026-08-09T02:01:42Z,IL,IL00039IS008500026,2026-08-09T02:01:37Z,Unknown,42,Unknown,True,False,
2026-08-09T02:01:42Z,IL,IL00080IW011700016,2026-08-09T02:01:37Z,Unknown,39,Unknown,True,False,
2026-08-09T02:01:42Z,IL,IL00055IN002700029,2026-08-09T02:01:37Z,Unknown,0,Unknown,True,False,
2026-08-09T02:01:42Z,IL,IL00064IW013000053,2026-08-09T02:01:37Z,0,0,Unknown,False,False,
2026-08-09T02:01:42Z,IL,IL00080IW005100013,2026-08-09T02:01:37Z,Unknown,47,Unknown,True,False,
2026-08-09T02:01:42Z,IL,IL00074IE002800030,2026-08-09T02:01:37Z,Unknown,14,Unknown,True,False,
2026-08-09T02:01:42Z,IL,IL00074IW020800052,2026-08-09T02:01:37Z,Unknown,0,Unknown,True,False,
2026-08-09T02:01:42Z,IL,IL00057IN026800032,2026-08-09T02:01:37Z,Unknown,25,Unknown,True,False,
2026-08-09T02:01:42Z,IL,IL00057IS022200054,2026-08-09T02:01:37Z,Unknown,0,Unknown,True,False,
2026-08-09T02:01:42Z,IL,IL00057IS033300046,2026-08-09T02:01:37Z,Unknown,0,Unknown,True,False,
2026-08-09T02:01:42Z,IL,IL00057IS007900047,2026-08-09T02:01:37Z,Unknown,0,Unknown,True,False,
2026-08-09T02:01:42Z,IL,IL00074IW015600009,2026-08-09T02:01:37Z,Unknown,0,Unknown,True,False,
2026-08-09T02:01:42Z,IL,IL00074IE015600037,2026-08-09T02:01:37Z,Unknown,0,Unknown,True,False,
2026-08-09T02:01:42Z,IL,IL00057IN033300049,2026-08-09T02:01:38Z,Unknown,0,Unknown,True,False,
2026-08-09T02:01:42Z,IL,IL00024IW003700010,2026-08-09T02:01:38Z,Unknown,0,Unknown,True,False,
2026-08-09T02:01:42Z,IL,IL00057IN011400033,2026-08-09T02:01:38Z,Unknown,0,Unknown,True,False,
2026-08-09T02:01:42Z,IL,IL00080IE005100040,2026-08-09T02:01:38Z,Unknown,39,Unknown,True,False,
2026-08-09T02:01:42Z,IL,IL00055IS006400017,2026-08-09T02:01:38Z,Unknown,0,Unknown,True,False,
2026-08-09T02:01:42Z,IL,IL00055IN010400050,2026-08-09T02:01:38Z,0,0,Unknown,False,False,
2026-08-09T02:01:42Z,IL,IL00064IE002500038,2026-08-09T02:01:38Z,Unknown,0,Unknown,True,False,
2026-08-09T02:01:42Z,IL,IL00080IE011700043,2026-08-09T02:01:38Z,Unknown,31,Unknown,True,False,
2026-08-09T02:01:42Z,IL,IL00055IN014900028,2026-08-09T02:01:38Z,Unknown,0,Unknown,True,False,
2026-08-09T02:01:42Z,IL,IL00074IE011400005,2026-08-09T02:01:40Z,19,25,STEADY,True,True,
2026-08-09T02:01:42Z,IL,IL00072IE015200041,2026-08-09T02:00:13Z,13,16,STEADY,True,True,
2026-08-09T02:01:42Z,IL,IL00074IW006200004,2026-08-09T02:01:40Z,7,12,STEADY,True,True,
2026-08-09T02:01:42Z,IL,IL00070IW008700045,2026-08-09T02:01:26Z,2,15,FILLING,True,True,
2026-08-09T02:01:42Z,IL,IL00057IS016500018,2026-08-09T02:00:10Z,6,15,STEADY,True,True,
2026-08-09T02:01:42Z,IL,IL00074IW011400006,2026-08-09T02:01:10Z,12,18,STEADY,True,True,
2026-08-09T02:01:42Z,IL,IL00074IE006200001,2026-08-09T02:01:11Z,8,13,STEADY,True,True,
2026-08-09T02:01:42Z,IL,IL00070IW014900008,2026-08-09T02:00:06Z,Unknown,39,Unknown,True,False,
2026-08-09T02:01:42Z,IL,IL00057IN016500044,2026-08-09T02:00:29Z,0,15,STEADY,False,False,
2026-08-09T02:01:42Z,IL,IL00055IS010400024,2026-08-09T02:00:10Z,Unknown,0,STEADY,,False,
2026-08-09T02:01:42Z,IL,IL00057IS003200025,2026-08-09T02:00:10Z,Unknown,0,STEADY,,False,
2026-08-09T02:01:42Z,IL,IL00057IN003200035,2026-08-09T02:00:13Z,Unknown,17,STEADY,,False,
2026-08-09T02:01:42Z,IN,322,2026-08-08T21:50:00-04:00,67,75,,True,false,
2026-08-09T02:01:42Z,IN,317,2026-08-08T21:50:00-04:00,29,58,,True,true,
2026-08-09T02:01:42Z,IN,316,2026-08-08T21:50:00-04:00,56,58,,True,false,
2026-08-09T02:01:42Z,IN,315,2026-08-08T21:50:00-04:00,Unknown,36,,False,true,
2026-08-09T02:01:42Z,IN,314,2026-08-08T21:50:00-04:00,Unknown,36,,False,true,
2026-08-09T02:01:42Z,IN,313,2026-08-08T21:50:00-04:00,15,75,,True,true,
2026-08-09T02:01:42Z,IN,312,2026-08-08T21:50:00-04:00,8,75,,True,true,
2026-08-09T02:01:42Z,IN,311,2026-08-08T21:50:00-04:00,Unknown,13,,False,true,
2026-08-09T02:01:42Z,IN,310,2026-08-08T21:50:00-04:00,Unknown,13,,False,true,
2026-08-09T02:01:42Z,IN,308,2026-08-08T21:50:00-04:00,45,75,,True,true,
2026-08-09T02:01:42Z,IN,309,2026-08-08T21:50:00-04:00,120,150,,True,true,
2026-08-09T02:01:42Z,IN,318,2026-08-08T21:50:00-04:00,20,78,,True,true,
2026-08-09T02:01:42Z,IN,319,2026-08-08T21:50:00-04:00,38,78,,True,true,
2026-08-09T02:01:42Z,IN,320,2026-08-08T21:50:00-04:00,60,83,,True,true,
2026-08-09T02:01:42Z,IN,321,2026-08-08T21:50:00-04:00,21,41,,True,false,
2026-08-09T02:01:42Z,IN,300,2026-08-08T21:50:00-04:00,124,128,,True,false,
2026-08-09T02:01:42Z,IN,302,2026-08-08T21:50:00-04:00,11,30,,True,true,
2026-08-09T02:01:42Z,IN,301,2026-08-08T21:50:00-04:00,LOW,30,,True,true,
2026-08-09T02:01:42Z,IN,303,2026-08-08T21:50:00-04:00,131,194,,True,true,
2026-08-09T02:01:42Z,IN,304,2026-08-08T21:50:00-04:00,LOW,99,,True,true,
2026-08-09T02:01:42Z,IN,305,2026-08-08T21:50:00-04:00,Unknown,156,,False,true,
2026-08-09T02:01:42Z,IN,323,2026-08-08T21:50:00-04:00,20,40,,True,true,
2026-08-09T02:01:42Z,IN,702,2026-08-08T21:50:00-04:00,38,75,,True,false,
2026-08-09T02:01:42Z,IN,701,2026-08-08T21:50:00-04:00,30,60,,True,false,
2026-08-09T02:01:42Z,IN,704,2026-08-08T21:50:00-04:00,40,80,,True,false,
2026-08-09T02:01:42Z,IN,703,2026-08-08T21:50:00-04:00,55,110,,True,false,
2026-08-09T02:01:42Z,IN,706,2026-08-08T21:50:00-04:00,35,70,,True,false,
2026-08-09T02:01:42Z,IN,705,2026-08-08T21:50:00-04:00,30,60,,True,false,
2026-08-09T02:01:42Z,IN,708,2026-08-08T21:50:00-04:00,23,45,,True,false,
2026-08-09T02:01:42Z,IN,707,2026-08-08T21:50:00-04:00,20,40,,True,false,
2026-08-09T02:01:42Z,IN,324,2026-08-08T21:50:00-04:00,16,31,,True,true,
2026-08-09T02:01:42Z,KY,KY00065IS0000020N65WELCOM,2026-08-09T02:00:01Z,LOW,21,STEADY,True,True,
2026-08-09T02:01:42Z,KY,KY00065IS000020NSMARATHON,2025-12-19T00:36:53Z,10,60,STEADY,True,False,
2026-08-09T02:01:42Z,KY,KY00065IS0000340NWEIGHS34,2026-07-01T19:04:41Z,32,40,STEADY,True,False,
2026-08-09T02:01:42Z,KY,KY00065IS0011400S65SRA114,2026-08-09T02:00:10Z,LOW,26,STEADY,True,True,
2026-08-09T02:01:42Z,KY,KY00065IS0005900S65SRA059,2026-08-09T02:00:08Z,80,109,FILLING,True,True,
2026-08-09T02:01:42Z,KY,KY00065IS0005900N65NRA059,2026-08-09T02:00:03Z,LOW,113,STEADY,True,True,
2026-08-09T02:01:42Z,KY,KY00075IS0003300NWEIGHS33,2026-08-09T01:59:45Z,50,50,STEADY,True,False,
2026-08-09T02:01:42Z,KY,KY00075IS0003400SWEIGHS34,2026-08-09T01:59:50Z,LOW,40,STEADY,True,True,
2026-08-09T02:01:42Z,KY,KY00075IS0017700N75NRA177,2026-07-13T10:37:14Z,LOW,53,CLEARING,True,False,
2026-08-09T02:01:42Z,KY,KY00075IS0007500SWALTONWS,2026-08-09T01:59:56Z,42,45,STEADY,True,True,
2026-08-09T02:01:42Z,KY,KY00075IS0017700S75SRA177,2026-08-09T01:59:48Z,53,67,STEADY,True,True,
2026-08-09T02:01:42Z,KY,KY00075IS0016800SCRITENWS,2026-08-09T01:59:52Z,38,39,STEADY,True,True,
2026-08-09T02:01:42Z,KY,KY00075IS0000100N75WELCOM,2026-08-09T02:00:12Z,LOW,30,STEADY,True,True,
2026-08-09T02:18:31Z,IL,IL00072IE015200041,2026-08-09T02:17:16Z,13,16,STEADY,True,True,
2026-08-09T02:18:31Z,IL,IL00055IN019400031,2026-08-09T02:18:21Z,Unknown,36,Unknown,True,False,
2026-08-09T02:18:31Z,IL,IL00057IN026800032,2026-08-09T02:18:21Z,Unknown,25,Unknown,True,False,
2026-08-09T02:18:31Z,IL,IL00055IN014900028,2026-08-09T02:18:22Z,Unknown,0,Unknown,True,False,
2026-08-09T02:18:31Z,IL,IL00057IS007900047,2026-08-09T02:18:22Z,Unknown,0,Unknown,True,False,
2026-08-09T02:18:31Z,IL,IL00055IN006400027,2026-08-09T02:18:22Z,Unknown,0,Unknown,True,False,
2026-08-09T02:18:31Z,IL,IL00057IN007900034,2026-08-09T02:18:22Z,Unknown,0,Unknown,True,False,
2026-08-09T02:18:31Z,IL,IL00055IS019400021,2026-08-09T02:18:22Z,Unknown,29,Unknown,True,False,
2026-08-09T02:18:31Z,IL,IL00055IN002700029,2026-08-09T02:18:22Z,Unknown,0,Unknown,True,False,
2026-08-09T02:18:31Z,IL,IL00070IE002700042,2026-08-09T02:18:22Z,Unknown,0,Unknown,True,False,
2026-08-09T02:18:31Z,IL,IL00080IE005100040,2026-08-09T02:18:22Z,Unknown,39,Unknown,True,False,
2026-08-09T02:18:31Z,IL,IL00070IE008600051,2026-08-09T02:18:22Z,0,0,Unknown,False,False,
2026-08-09T02:18:31Z,IL,IL00057IS033300046,2026-08-09T02:18:22Z,Unknown,0,Unknown,True,False,
2026-08-09T02:18:31Z,IL,IL00055IS006400017,2026-08-09T02:18:22Z,Unknown,0,Unknown,True,False,
2026-08-09T02:18:31Z,IL,IL00064IE008500039,2026-08-09T02:18:22Z,Unknown,0,Unknown,True,False,
2026-08-09T02:18:31Z,IL,IL00074IE002800030,2026-08-09T02:18:23Z,Unknown,14,Unknown,True,False,
2026-08-09T02:18:31Z,IL,IL00057IS026800022,2026-08-09T02:18:23Z,Unknown,27,Unknown,True,False,
2026-08-09T02:18:31Z,IL,IL00064IW013000053,2026-08-09T02:18:23Z,0,0,Unknown,False,False,
2026-08-09T02:18:31Z,IL,IL00057IS011400023,2026-08-09T02:18:23Z,Unknown,0,Unknown,True,False,
2026-08-09T02:18:31Z,IL,IL00057IN022200048,2026-08-09T02:18:23Z,Unknown,0,Unknown,True,False,
2026-08-09T02:18:31Z,IL,IL00039IS008500026,2026-08-09T02:18:23Z,Unknown,42,Unknown,True,False,
2026-08-09T02:18:31Z,IL,IL00074IW015600009,2026-08-09T02:18:22Z,Unknown,0,Unknown,True,False,
2026-08-09T02:18:31Z,IL,IL00072IW015200014,2026-08-09T02:18:22Z,Unknown,17,Unknown,True,False,
2026-08-09T02:18:31Z,IL,IL00057IN011400033,2026-08-09T02:18:22Z,Unknown,0,Unknown,True,False,
2026-08-09T02:18:31Z,IL,IL00057IN033300049,2026-08-09T02:18:22Z,Unknown,0,Unknown,True,False,
2026-08-09T02:18:31Z,IL,IL00057IS022200054,2026-08-09T02:18:22Z,Unknown,0,Unknown,True,False,
2026-08-09T02:18:31Z,IL,IL00080IW011700016,2026-08-09T02:18:22Z,Unknown,39,Unknown,True,False,
2026-08-09T02:18:31Z,IL,IL00074IW002800020,2026-08-09T02:18:22Z,Unknown,15,Unknown,True,False,
2026-08-09T02:18:31Z,IL,IL00064IW008500012,2026-08-09T02:18:22Z,Unknown,0,Unknown,True,False,
2026-08-09T02:18:31Z,IL,IL00039IN008500036,2026-08-09T02:18:22Z,Unknown,42,Unknown,True,False,
2026-08-09T02:18:31Z,IL,IL00064IE002500038,2026-08-09T02:18:23Z,Unknown,0,Unknown,True,False,
2026-08-09T02:18:31Z,IL,IL00074IE015600037,2026-08-09T02:18:23Z,Unknown,0,Unknown,True,False,
2026-08-09T02:18:31Z,IL,IL00064IW002500011,2026-08-09T02:18:23Z,Unknown,0,Unknown,True,False,
2026-08-09T02:18:31Z,IL,IL00070IW002700015,2026-08-09T02:18:23Z,Unknown,0,Unknown,True,False,
2026-08-09T02:18:31Z,IL,IL00074IE011400005,2026-08-09T02:18:00Z,17,25,FILLING,True,True,
2026-08-09T02:18:31Z,IL,IL00055IS002700019,2026-08-09T02:18:23Z,Unknown,0,Unknown,True,False,
2026-08-09T02:18:31Z,IL,IL00080IW005100013,2026-08-09T02:18:23Z,Unknown,47,Unknown,True,False,
2026-08-09T02:18:31Z,IL,IL00024IW003700010,2026-08-09T02:18:23Z,Unknown,0,Unknown,True,False,
2026-08-09T02:18:31Z,IL,IL00080IE011700043,2026-08-09T02:18:23Z,Unknown,31,Unknown,True,False,
2026-08-09T02:18:31Z,IL,IL00074IW020800052,2026-08-09T02:18:23Z,Unknown,0,Unknown,True,False,
2026-08-09T02:18:31Z,IL,IL00055IN010400050,2026-08-09T02:18:23Z,0,0,Unknown,False,False,
2026-08-09T02:18:31Z,IL,IL00074IW006200004,2026-08-09T02:18:01Z,8,12,CLEARING,True,True,
2026-08-09T02:18:31Z,IL,IL00070IW008700045,2026-08-09T02:16:28Z,2,15,STEADY,True,True,
2026-08-09T02:18:31Z,IL,IL00057IS016500018,2026-08-09T02:18:04Z,6,15,STEADY,True,True,
2026-08-09T02:18:31Z,IL,IL00074IW011400006,2026-08-09T02:18:25Z,15,18,CLEARING,True,True,
2026-08-09T02:18:31Z,IL,IL00074IE006200001,2026-08-09T02:18:26Z,8,13,STEADY,True,True,
2026-08-09T02:18:31Z,IL,IL00070IW014900008,2026-08-09T02:18:11Z,Unknown,39,Unknown,True,False,
2026-08-09T02:18:31Z,IL,IL00057IN016500044,2026-08-09T02:16:24Z,0,15,STEADY,False,False,
2026-08-09T02:18:31Z,IL,IL00055IS010400024,2026-08-09T02:16:24Z,Unknown,0,STEADY,,False,
2026-08-09T02:18:31Z,IL,IL00057IS003200025,2026-08-09T02:16:24Z,Unknown,0,STEADY,,False,
2026-08-09T02:18:31Z,IL,IL00057IN003200035,2026-08-09T02:16:25Z,Unknown,17,STEADY,,False,
2026-08-09T02:18:31Z,IN,322,2026-08-08T22:05:00-04:00,66,75,,True,false,
2026-08-09T02:18:31Z,IN,317,2026-08-08T22:05:00-04:00,8,58,,True,true,
2026-08-09T02:18:31Z,IN,316,2026-08-08T22:05:00-04:00,56,58,,True,false,
2026-08-09T02:18:31Z,IN,315,2026-08-08T22:05:00-04:00,Unknown,36,,False,true,
2026-08-09T02:18:31Z,IN,314,2026-08-08T22:05:00-04:00,Unknown,36,,False,true,
2026-08-09T02:18:31Z,IN,313,2026-08-08T22:05:00-04:00,LOW,75,,True,true,
2026-08-09T02:18:31Z,IN,312,2026-08-08T22:05:00-04:00,LOW,75,,True,true,
2026-08-09T02:18:31Z,IN,311,2026-08-08T22:05:00-04:00,Unknown,13,,False,true,
2026-08-09T02:18:31Z,IN,310,2026-08-08T22:05:00-04:00,Unknown,13,,False,true,
2026-08-09T02:18:31Z,IN,308,2026-08-08T22:05:00-04:00,35,75,,True,true,
2026-08-09T02:18:31Z,IN,309,2026-08-08T22:05:00-04:00,110,150,,True,true,
2026-08-09T02:18:31Z,IN,318,2026-08-08T22:05:00-04:00,20,78,,True,true,
2026-08-09T02:18:31Z,IN,319,2026-08-08T22:05:00-04:00,13,78,,True,true,
2026-08-09T02:18:31Z,IN,320,2026-08-08T22:05:00-04:00,33,83,,True,true,
2026-08-09T02:18:31Z,IN,321,2026-08-08T22:05:00-04:00,21,41,,True,false,
2026-08-09T02:18:31Z,IN,300,2026-08-08T22:05:00-04:00,123,128,,True,false,
2026-08-09T02:18:31Z,IN,302,2026-08-08T22:05:00-04:00,LOW,30,,True,true,
2026-08-09T02:18:31Z,IN,301,2026-08-08T22:05:00-04:00,LOW,30,,True,true,
2026-08-09T02:18:31Z,IN,303,2026-08-08T22:05:00-04:00,94,194,,True,true,
2026-08-09T02:18:31Z,IN,304,2026-08-08T22:05:00-04:00,38,99,,True,true,
2026-08-09T02:18:31Z,IN,305,2026-08-08T22:05:00-04:00,Unknown,156,,False,true,
2026-08-09T02:18:31Z,IN,323,2026-08-08T22:05:00-04:00,20,40,,True,true,
2026-08-09T02:18:31Z,IN,702,2026-08-08T22:05:00-04:00,38,75,,True,false,
2026-08-09T02:18:31Z,IN,701,2026-08-08T22:05:00-04:00,30,60,,True,false,
2026-08-09T02:18:31Z,IN,704,2026-08-08T22:05:00-04:00,40,80,,True,false,
2026-08-09T02:18:31Z,IN,703,2026-08-08T22:05:00-04:00,55,110,,True,false,
2026-08-09T02:18:31Z,IN,706,2026-08-08T22:05:00-04:00,35,70,,True,false,
2026-08-09T02:18:31Z,IN,705,2026-08-08T22:05:00-04:00,30,60,,True,false,
2026-08-09T02:18:31Z,IN,708,2026-08-08T22:05:00-04:00,23,45,,True,false,
2026-08-09T02:18:31Z,IN,707,2026-08-08T22:05:00-04:00,20,40,,True,false,
2026-08-09T02:18:31Z,IN,324,2026-08-08T22:05:00-04:00,16,31,,True,true,
2026-08-09T02:18:31Z,KY,KY00065IS0000020N65WELCOM,2026-08-09T02:17:02Z,LOW,21,STEADY,True,True,
2026-08-09T02:18:31Z,KY,KY00065IS000020NSMARATHON,2025-12-19T00:36:53Z,10,60,STEADY,True,False,
2026-08-09T02:18:31Z,KY,KY00065IS0000340NWEIGHS34,2026-07-01T19:04:41Z,32,40,STEADY,True,False,
2026-08-09T02:18:31Z,KY,KY00065IS0011400S65SRA114,2026-08-09T02:17:10Z,LOW,26,STEADY,True,True,
2026-08-09T02:18:31Z,KY,KY00065IS0005900S65SRA059,2026-08-09T02:17:07Z,76,109,FILLING,True,True,
2026-08-09T02:18:31Z,KY,KY00065IS0005900N65NRA059,2026-08-09T02:17:03Z,LOW,113,STEADY,True,True,
2026-08-09T02:18:31Z,KY,KY00075IS0003300NWEIGHS33,2026-08-09T02:16:45Z,50,50,STEADY,True,False,
2026-08-09T02:18:31Z,KY,KY00075IS0003400SWEIGHS34,2026-08-09T02:16:50Z,LOW,40,STEADY,True,True,
2026-08-09T02:18:31Z,KY,KY00075IS0017700N75NRA177,2026-07-13T10:37:14Z,LOW,53,CLEARING,True,False,
2026-08-09T02:18:31Z,KY,KY00075IS0007500SWALTONWS,2026-08-09T02:16:56Z,42,45,STEADY,True,True,
2026-08-09T02:18:31Z,KY,KY00075IS0017700S75SRA177,2026-08-09T02:16:48Z,56,67,STEADY,True,True,
2026-08-09T02:18:31Z,KY,KY00075IS0016800SCRITENWS,2026-08-09T02:16:52Z,38,39,STEADY,True,True,
2026-08-09T02:18:31Z,KY,KY00075IS0000100N75WELCOM,2026-08-09T02:17:12Z,LOW,30,STEADY,True,True,
2026-08-09T02:35:01Z,IL,IL00072IE015200041,2026-08-09T02:32:37Z,13,16,STEADY,True,True,
2026-08-09T02:35:01Z,IL,IL00055IN019400031,2026-08-09T02:34:53Z,Unknown,36,Unknown,True,False,
2026-08-09T02:35:01Z,IL,IL00074IW015600009,2026-08-09T02:34:53Z,Unknown,0,Unknown,True,False,
2026-08-09T02:35:01Z,IL,IL00074IE011400005,2026-08-09T02:34:15Z,17,25,STEADY,True,True,
2026-08-09T02:35:01Z,IL,IL00057IS011400023,2026-08-09T02:34:53Z,Unknown,0,Unknown,True,False,
2026-08-09T02:35:01Z,IL,IL00072IW015200014,2026-08-09T02:34:53Z,Unknown,17,Unknown,True,False,
2026-08-09T02:35:01Z,IL,IL00057IS007900047,2026-08-09T02:34:53Z,Unknown,0,Unknown,True,False,
2026-08-09T02:35:01Z,IL,IL00070IW002700015,2026-08-09T02:34:53Z,Unknown,0,Unknown,True,False,
2026-08-09T02:35:01Z,IL,IL00057IN011400033,2026-08-09T02:34:53Z,Unknown,0,Unknown,True,False,
2026-08-09T02:35:01Z,IL,IL00055IN006400027,2026-08-09T02:34:53Z,Unknown,0,Unknown,True,False,
2026-08-09T02:35:01Z,IL,IL00080IW011700016,2026-08-09T02:34:53Z,Unknown,39,Unknown,True,False,
2026-08-09T02:35:01Z,IL,IL00055IS006400017,2026-08-09T02:34:53Z,Unknown,0,Unknown,True,False,
2026-08-09T02:35:01Z,IL,IL00074IW002800020,2026-08-09T02:34:53Z,Unknown,15,Unknown,True,False,
2026-08-09T02:35:01Z,IL,IL00055IN014900028,2026-08-09T02:34:54Z,Unknown,0,Unknown,True,False,
2026-08-09T02:35:01Z,IL,IL00055IS002700019,2026-08-09T02:34:54Z,Unknown,0,Unknown,True,False,
2026-08-09T02:35:01Z,IL,IL00057IS022200054,2026-08-09T02:34:54Z,Unknown,0,Unknown,True,False,
2026-08-09T02:35:01Z,IL,IL00057IS033300046,2026-08-09T02:34:54Z,Unknown,0,Unknown,True,False,
2026-08-09T02:35:01Z,IL,IL00057IN007900034,2026-08-09T02:34:54Z,Unknown,0,Unknown,True,False,
2026-08-09T02:35:01Z,IL,IL00055IN002700029,2026-08-09T02:34:54Z,Unknown,0,Unknown,True,False,
2026-08-09T02:35:01Z,IL,IL00057IN026800032,2026-08-09T02:34:54Z,Unknown,25,Unknown,True,False,
2026-08-09T02:35:01Z,IL,IL00039IS008500026,2026-08-09T02:34:54Z,Unknown,42,Unknown,True,False,
2026-08-09T02:35:01Z,IL,IL00070IE002700042,2026-08-09T02:34:54Z,Unknown,0,Unknown,True,False,
2026-08-09T02:35:01Z,IL,IL00080IE011700043,2026-08-09T02:34:54Z,Unknown,31,Unknown,True,False,
2026-08-09T02:35:01Z,IL,IL00074IE015600037,2026-08-09T02:34:54Z,Unknown,0,Unknown,True,False,
2026-08-09T02:35:01Z,IL,IL00080IE005100040,2026-08-09T02:34:54Z,Unknown,39,Unknown,True,False,
2026-08-09T02:35:01Z,IL,IL00070IE008600051,2026-08-09T02:34:54Z,0,0,Unknown,False,False,
2026-08-09T02:35:01Z,IL,IL00057IN022200048,2026-08-09T02:34:54Z,Unknown,0,Unknown,True,False,
2026-08-09T02:35:01Z,IL,IL00074IW020800052,2026-08-09T02:34:54Z,Unknown,0,Unknown,True,False,
2026-08-09T02:35:01Z,IL,IL00057IS026800022,2026-08-09T02:34:54Z,Unknown,27,Unknown,True,False,
2026-08-09T02:35:01Z,IL,IL00074IE002800030,2026-08-09T02:34:54Z,Unknown,14,Unknown,True,False,
2026-08-09T02:35:01Z,IL,IL00064IW008500012,2026-08-09T02:34:54Z,Unknown,0,Unknown,True,False,
2026-08-09T02:35:01Z,IL,IL00057IN033300049,2026-08-09T02:34:54Z,Unknown,0,Unknown,True,False,
2026-08-09T02:35:01Z,IL,IL00055IN010400050,2026-08-09T02:34:54Z,0,0,Unknown,False,False,
2026-08-09T02:35:01Z,IL,IL00064IE002500038,2026-08-09T02:34:55Z,Unknown,0,Unknown,True,False,
2026-08-09T02:35:01Z,IL,IL00064IE008500039,2026-08-09T02:34:55Z,Unknown,0,Unknown,True,False,
2026-08-09T02:35:01Z,IL,IL00064IW013000053,2026-08-09T02:34:55Z,0,0,Unknown,False,False,
2026-08-09T02:35:01Z,IL,IL00039IN008500036,2026-08-09T02:34:55Z,Unknown,42,Unknown,True,False,
2026-08-09T02:35:01Z,IL,IL00024IW003700010,2026-08-09T02:34:55Z,Unknown,0,Unknown,True,False,
2026-08-09T02:35:01Z,IL,IL00064IW002500011,2026-08-09T02:34:55Z,Unknown,0,Unknown,True,False,
2026-08-09T02:35:01Z,IL,IL00080IW005100013,2026-08-09T02:34:55Z,Unknown,47,Unknown,True,False,
2026-08-09T02:35:01Z,IL,IL00055IS019400021,2026-08-09T02:34:55Z,Unknown,29,Unknown,True,False,
2026-08-09T02:35:01Z,IL,IL00074IW006200004,2026-08-09T02:34:18Z,8,12,STEADY,True,True,
2026-08-09T02:35:01Z,IL,IL00070IW008700045,2026-08-09T02:32:35Z,3,15,CLEARING,True,True,
2026-08-09T02:35:01Z,IL,IL00057IS016500018,2026-08-09T02:33:08Z,7,15,STEADY,True,True,
2026-08-09T02:35:01Z,IL,IL00074IW011400006,2026-08-09T02:34:42Z,14,18,STEADY,True,True,
2026-08-09T02:35:01Z,IL,IL00074IE006200001,2026-08-09T02:34:43Z,6,13,FILLING,True,True,
2026-08-09T02:35:01Z,IL,IL00070IW014900008,2026-08-09T02:34:16Z,Unknown,39,Unknown,True,False,
2026-08-09T02:35:01Z,IL,IL00057IN016500044,2026-08-09T02:32:36Z,0,15,STEADY,False,False,
2026-08-09T02:35:01Z,IL,IL00055IS010400024,2026-08-09T02:32:36Z,Unknown,0,STEADY,,False,
2026-08-09T02:35:01Z,IL,IL00057IS003200025,2026-08-09T02:32:36Z,Unknown,0,STEADY,,False,
2026-08-09T02:35:01Z,IL,IL00057IN003200035,2026-08-09T02:32:36Z,Unknown,17,STEADY,,False,
2026-08-09T02:35:01Z,IN,322,2026-08-08T22:20:00-04:00,66,75,,True,false,
2026-08-09T02:35:01Z,IN,317,2026-08-08T22:20:00-04:00,10,58,,True,true,
2026-08-09T02:35:01Z,IN,316,2026-08-08T22:20:00-04:00,56,58,,True,false,
2026-08-09T02:35:01Z,IN,315,2026-08-08T22:20:00-04:00,Unknown,36,,False,true,
2026-08-09T02:35:01Z,IN,314,2026-08-08T22:20:00-04:00,Unknown,36,,False,true,
2026-08-09T02:35:01Z,IN,313,2026-08-08T22:20:00-04:00,LOW,75,,True,true,
2026-08-09T02:35:01Z,IN,312,2026-08-08T22:20:00-04:00,LOW,75,,True,true,
2026-08-09T02:35:01Z,IN,311,2026-08-08T22:20:00-04:00,Unknown,13,,False,true,
2026-08-09T02:35:01Z,IN,310,2026-08-08T22:20:00-04:00,Unknown,13,,False,true,
2026-08-09T02:35:01Z,IN,308,2026-08-08T22:20:00-04:00,36,75,,True,true,
2026-08-09T02:35:01Z,IN,309,2026-08-08T22:20:00-04:00,110,150,,True,true,
2026-08-09T02:35:01Z,IN,318,2026-08-08T22:20:00-04:00,17,78,,True,true,
2026-08-09T02:35:01Z,IN,319,2026-08-08T22:20:00-04:00,16,78,,True,true,
2026-08-09T02:35:01Z,IN,320,2026-08-08T22:20:00-04:00,32,83,,True,true,
2026-08-09T02:35:01Z,IN,321,2026-08-08T22:20:00-04:00,21,41,,True,false,
2026-08-09T02:35:01Z,IN,300,2026-08-08T22:20:00-04:00,115,128,,True,false,
2026-08-09T02:35:01Z,IN,302,2026-08-08T22:20:00-04:00,LOW,30,,True,true,
2026-08-09T02:35:01Z,IN,301,2026-08-08T22:20:00-04:00,LOW,30,,True,true,
2026-08-09T02:35:01Z,IN,303,2026-08-08T22:20:00-04:00,85,194,,True,true,
2026-08-09T02:35:01Z,IN,304,2026-08-08T22:20:00-04:00,29,99,,True,true,
2026-08-09T02:35:01Z,IN,305,2026-08-08T22:20:00-04:00,Unknown,156,,False,true,
2026-08-09T02:35:01Z,IN,323,2026-08-08T22:20:00-04:00,20,40,,True,true,
2026-08-09T02:35:01Z,IN,702,2026-08-08T22:20:00-04:00,38,75,,True,false,
2026-08-09T02:35:01Z,IN,701,2026-08-08T22:20:00-04:00,30,60,,True,false,
2026-08-09T02:35:01Z,IN,704,2026-08-08T22:20:00-04:00,40,80,,True,false,
2026-08-09T02:35:01Z,IN,703,2026-08-08T22:20:00-04:00,55,110,,True,false,
2026-08-09T02:35:01Z,IN,706,2026-08-08T22:20:00-04:00,35,70,,True,false,
2026-08-09T02:35:01Z,IN,705,2026-08-08T22:20:00-04:00,30,60,,True,false,
2026-08-09T02:35:01Z,IN,708,2026-08-08T22:20:00-04:00,23,45,,True,false,
2026-08-09T02:35:01Z,IN,707,2026-08-08T22:20:00-04:00,20,40,,True,false,
2026-08-09T02:35:01Z,IN,324,2026-08-08T22:20:00-04:00,16,31,,True,true,
2026-08-09T02:35:01Z,KY,KY00065IS0000020N65WELCOM,2026-08-09T02:34:02Z,LOW,21,STEADY,True,True,
2026-08-09T02:35:01Z,KY,KY00065IS000020NSMARATHON,2025-12-19T00:36:53Z,10,60,STEADY,True,False,
2026-08-09T02:35:01Z,KY,KY00065IS0000340NWEIGHS34,2026-07-01T19:04:41Z,32,40,STEADY,True,False,
2026-08-09T02:35:01Z,KY,KY00065IS0011400S65SRA114,2026-08-09T02:34:09Z,LOW,26,STEADY,True,True,
2026-08-09T02:35:01Z,KY,KY00065IS0005900S65SRA059,2026-08-09T02:34:08Z,75,109,STEADY,True,True,
2026-08-09T02:35:01Z,KY,KY00065IS0005900N65NRA059,2026-08-09T02:34:04Z,LOW,113,STEADY,True,True,
2026-08-09T02:35:01Z,KY,KY00075IS0003300NWEIGHS33,2026-08-09T02:33:46Z,50,50,STEADY,True,False,
2026-08-09T02:35:01Z,KY,KY00075IS0003400SWEIGHS34,2026-08-09T02:33:50Z,LOW,40,STEADY,True,True,
2026-08-09T02:35:01Z,KY,KY00075IS0017700N75NRA177,2026-07-13T10:37:14Z,LOW,53,CLEARING,True,False,
2026-08-09T02:35:01Z,KY,KY00075IS0007500SWALTONWS,2026-08-09T02:33:56Z,42,45,STEADY,True,True,
2026-08-09T02:35:01Z,KY,KY00075IS0017700S75SRA177,2026-08-09T02:33:48Z,53,67,STEADY,True,True,
2026-08-09T02:35:01Z,KY,KY00075IS0016800SCRITENWS,2026-08-09T02:33:51Z,38,39,STEADY,True,True,
2026-08-09T02:35:01Z,KY,KY00075IS0000100N75WELCOM,2026-08-09T02:34:12Z,LOW,30,STEADY,True,True,
2026-08-09T02:51:33Z,IL,IL00080IW005100013,2026-08-09T02:51:24Z,Unknown,47,Unknown,True,False,
2026-08-09T02:51:33Z,IL,IL00064IW013000053,2026-08-09T02:51:24Z,0,0,Unknown,False,False,
2026-08-09T02:51:33Z,IL,IL00055IS006400017,2026-08-09T02:51:24Z,Unknown,0,Unknown,True,False,
2026-08-09T02:51:33Z,IL,IL00057IN022200048,2026-08-09T02:51:24Z,Unknown,0,Unknown,True,False,
2026-08-09T02:51:33Z,IL,IL00057IN011400033,2026-08-09T02:51:24Z,Unknown,0,Unknown,True,False,
2026-08-09T02:51:33Z,IL,IL00064IE008500039,2026-08-09T02:51:24Z,Unknown,0,Unknown,True,False,
2026-08-09T02:51:33Z,IL,IL00057IS026800022,2026-08-09T02:51:24Z,Unknown,27,Unknown,True,False,
2026-08-09T02:51:33Z,IL,IL00080IE011700043,2026-08-09T02:51:24Z,Unknown,31,Unknown,True,False,
2026-08-09T02:51:33Z,IL,IL00064IE002500038,2026-08-09T02:51:24Z,Unknown,0,Unknown,True,False,
2026-08-09T02:51:33Z,IL,IL00057IN007900034,2026-08-09T02:51:24Z,Unknown,0,Unknown,True,False,
2026-08-09T02:51:33Z,IL,IL00070IE008600051,2026-08-09T02:51:24Z,0,0,Unknown,False,False,
2026-08-09T02:51:33Z,IL,IL00074IW020800052,2026-08-09T02:51:24Z,Unknown,0,Unknown,True,False,
2026-08-09T02:51:33Z,IL,IL00024IW003700010,2026-08-09T02:51:24Z,Unknown,0,Unknown,True,False,
2026-08-09T02:51:33Z,IL,IL00074IE002800030,2026-08-09T02:51:24Z,Unknown,14,Unknown,True,False,
2026-08-09T02:51:33Z,IL,IL00080IE005100040,2026-08-09T02:51:24Z,Unknown,39,Unknown,True,False,
2026-08-09T02:51:33Z,IL,IL00057IS007900047,2026-08-09T02:51:24Z,Unknown,0,Unknown,True,False,
2026-08-09T02:51:33Z,IL,IL00039IN008500036,2026-08-09T02:51:25Z,Unknown,42,Unknown,True,False,
2026-08-09T02:51:33Z,IL,IL00072IW015200014,2026-08-09T02:51:25Z,Unknown,17,Unknown,True,False,
2026-08-09T02:51:33Z,IL,IL00057IN026800032,2026-08-09T02:51:25Z,Unknown,25,Unknown,True,False,
2026-08-09T02:51:33Z,IL,IL00080IW011700016,2026-08-09T02:51:25Z,Unknown,39,Unknown,True,False,
2026-08-09T02:51:33Z,IL,IL00057IN033300049,2026-08-09T02:51:25Z,Unknown,0,Unknown,True,False,
2026-08-09T02:51:33Z,IL,IL00057IS022200054,2026-08-09T02:51:25Z,Unknown,0,Unknown,True,False,
2026-08-09T02:51:33Z,IL,IL00072IE015200041,2026-08-09T02:48:29Z,13,16,STEADY,True,True,
2026-08-09T02:51:33Z,IL,IL00070IW002700015,2026-08-09T02:51:25Z,Unknown,0,Unknown,True,False,
2026-08-09T02:51:33Z,IL,IL00074IW015600009,2026-08-09T02:51:25Z,Unknown,0,Unknown,True,False,
2026-08-09T02:51:33Z,IL,IL00064IW002500011,2026-08-09T02:51:25Z,Unknown,0,Unknown,True,False,
2026-08-09T02:51:33Z,IL,IL00055IN010400050,2026-08-09T02:51:25Z,0,0,Unknown,False,False,
2026-08-09T02:51:33Z,IL,IL00055IS019400021,2026-08-09T02:51:25Z,Unknown,29,Unknown,True,False,
2026-08-09T02:51:33Z,IL,IL00055IN014900028,2026-08-09T02:51:25Z,Unknown,0,Unknown,True,False,
2026-08-09T02:51:33Z,IL,IL00055IS002700019,2026-08-09T02:51:25Z,Unknown,0,Unknown,True,False,
2026-08-09T02:51:33Z,IL,IL00070IE002700042,2026-08-09T02:51:25Z,Unknown,0,Unknown,True,False,
2026-08-09T02:51:33Z,IL,IL00039IS008500026,2026-08-09T02:51:25Z,Unknown,42,Unknown,True,False,
2026-08-09T02:51:33Z,IL,IL00074IE015600037,2026-08-09T02:51:25Z,Unknown,0,Unknown,True,False,
2026-08-09T02:51:33Z,IL,IL00055IN002700029,2026-08-09T02:51:25Z,Unknown,0,Unknown,True,False,
2026-08-09T02:51:33Z,IL,IL00057IS011400023,2026-08-09T02:51:25Z,Unknown,0,Unknown,True,False,
2026-08-09T02:51:33Z,IL,IL00074IW002800020,2026-08-09T02:51:25Z,Unknown,15,Unknown,True,False,
2026-08-09T02:51:33Z,IL,IL00057IS033300046,2026-08-09T02:51:27Z,Unknown,0,Unknown,True,False,
2026-08-09T02:51:33Z,IL,IL00055IN006400027,2026-08-09T02:51:27Z,Unknown,0,Unknown,True,False,
2026-08-09T02:51:33Z,IL,IL00055IN019400031,2026-08-09T02:51:27Z,Unknown,36,Unknown,True,False,
2026-08-09T02:51:33Z,IL,IL00064IW008500012,2026-08-09T02:51:27Z,Unknown,0,Unknown,True,False,
2026-08-09T02:51:33Z,IL,IL00074IE011400005,2026-08-09T02:51:27Z,15,25,FILLING,True,True,
2026-08-09T02:51:33Z,IL,IL00074IW006200004,2026-08-09T02:51:28Z,7,12,STEADY,True,True,
2026-08-09T02:51:33Z,IL,IL00070IW008700045,2026-08-09T02:51:31Z,1,15,FILLING,True,True,
2026-08-09T02:51:33Z,IL,IL00057IS016500018,2026-08-09T02:48:28Z,5,15,FILLING,True,True,
2026-08-09T02:51:33Z,IL,IL00074IW011400006,2026-08-09T02:51:00Z,13,18,FILLING,True,True,
2026-08-09T02:51:33Z,IL,IL00074IE006200001,2026-08-09T02:51:01Z,6,13,STEADY,True,True,
2026-08-09T02:51:33Z,IL,IL00070IW014900008,2026-08-09T02:50:18Z,Unknown,39,Unknown,True,False,
2026-08-09T02:51:33Z,IL,IL00057IN016500044,2026-08-09T02:50:46Z,0,15,STEADY,False,False,
2026-08-09T02:51:33Z,IL,IL00055IS010400024,2026-08-09T02:48:28Z,Unknown,0,STEADY,,False,
2026-08-09T02:51:33Z,IL,IL00057IS003200025,2026-08-09T02:48:28Z,Unknown,0,STEADY,,False,
2026-08-09T02:51:33Z,IL,IL00057IN003200035,2026-08-09T02:48:28Z,Unknown,17,STEADY,,False,
2026-08-09T02:51:33Z,IN,322,2026-08-08T22:40:00-04:00,63,75,,True,false,
2026-08-09T02:51:33Z,IN,317,2026-08-08T22:40:00-04:00,8,58,,True,true,
2026-08-09T02:51:33Z,IN,316,2026-08-08T22:40:00-04:00,57,58,,True,false,
2026-08-09T02:51:33Z,IN,315,2026-08-08T22:40:00-04:00,Unknown,36,,False,true,
2026-08-09T02:51:33Z,IN,314,2026-08-08T22:40:00-04:00,Unknown,36,,False,true,
2026-08-09T02:51:33Z,IN,313,2026-08-08T22:40:00-04:00,LOW,75,,True,true,
2026-08-09T02:51:33Z,IN,312,2026-08-08T22:40:00-04:00,LOW,75,,True,true,
2026-08-09T02:51:33Z,IN,311,2026-08-08T22:40:00-04:00,Unknown,13,,False,true,
2026-08-09T02:51:33Z,IN,310,2026-08-08T22:40:00-04:00,Unknown,13,,False,true,
2026-08-09T02:51:33Z,IN,308,2026-08-08T22:40:00-04:00,34,75,,True,true,
2026-08-09T02:51:33Z,IN,309,2026-08-08T22:40:00-04:00,104,150,,True,true,
2026-08-09T02:51:33Z,IN,318,2026-08-08T22:40:00-04:00,19,78,,True,true,
2026-08-09T02:51:33Z,IN,319,2026-08-08T22:40:00-04:00,16,78,,True,true,
2026-08-09T02:51:33Z,IN,320,2026-08-08T22:40:00-04:00,35,83,,True,true,
2026-08-09T02:51:33Z,IN,321,2026-08-08T22:40:00-04:00,21,41,,True,false,
2026-08-09T02:51:33Z,IN,300,2026-08-08T22:40:00-04:00,112,128,,True,false,
2026-08-09T02:51:33Z,IN,302,2026-08-08T22:40:00-04:00,LOW,30,,True,true,
2026-08-09T02:51:33Z,IN,301,2026-08-08T22:40:00-04:00,LOW,30,,True,true,
2026-08-09T02:51:33Z,IN,303,2026-08-08T22:40:00-04:00,86,194,,True,true,
2026-08-09T02:51:33Z,IN,304,2026-08-08T22:40:00-04:00,23,99,,True,true,
2026-08-09T02:51:33Z,IN,305,2026-08-08T22:40:00-04:00,Unknown,156,,False,true,
2026-08-09T02:51:33Z,IN,323,2026-08-08T22:40:00-04:00,20,40,,True,true,
2026-08-09T02:51:33Z,IN,702,2026-08-08T22:40:00-04:00,38,75,,True,false,
2026-08-09T02:51:33Z,IN,701,2026-08-08T22:40:00-04:00,30,60,,True,false,
2026-08-09T02:51:33Z,IN,704,2026-08-08T22:40:00-04:00,40,80,,True,false,
2026-08-09T02:51:33Z,IN,703,2026-08-08T22:40:00-04:00,55,110,,True,false,
2026-08-09T02:51:33Z,IN,706,2026-08-08T22:40:00-04:00,35,70,,True,false,
2026-08-09T02:51:33Z,IN,705,2026-08-08T22:40:00-04:00,30,60,,True,false,
2026-08-09T02:51:33Z,IN,708,2026-08-08T22:40:00-04:00,23,45,,True,false,
2026-08-09T02:51:33Z,IN,707,2026-08-08T22:40:00-04:00,20,40,,True,false,
2026-08-09T02:51:33Z,IN,324,2026-08-08T22:40:00-04:00,16,31,,True,true,
2026-08-09T02:51:33Z,KY,KY00065IS0000020N65WELCOM,2026-08-09T02:50:02Z,LOW,21,STEADY,True,True,
2026-08-09T02:51:33Z,KY,KY00065IS000020NSMARATHON,2025-12-19T00:36:53Z,10,60,STEADY,True,False,
2026-08-09T02:51:33Z,KY,KY00065IS0000340NWEIGHS34,2026-07-01T19:04:41Z,32,40,STEADY,True,False,
2026-08-09T02:51:33Z,KY,KY00065IS0011400S65SRA114,2026-08-09T02:50:10Z,LOW,26,STEADY,True,True,
2026-08-09T02:51:33Z,KY,KY00065IS0005900S65SRA059,2026-08-09T02:50:08Z,74,109,FILLING,True,True,
2026-08-09T02:51:33Z,KY,KY00065IS0005900N65NRA059,2026-08-09T02:50:03Z,LOW,113,STEADY,True,True,
2026-08-09T02:51:33Z,KY,KY00075IS0003300NWEIGHS33,2026-08-09T02:49:46Z,50,50,STEADY,True,False,
2026-08-09T02:51:33Z,KY,KY00075IS0003400SWEIGHS34,2026-08-09T02:49:49Z,LOW,40,STEADY,True,True,
2026-08-09T02:51:33Z,KY,KY00075IS0017700N75NRA177,2026-07-13T10:37:14Z,LOW,53,CLEARING,True,False,
2026-08-09T02:51:33Z,KY,KY00075IS0007500SWALTONWS,2026-08-09T02:49:56Z,41,45,STEADY,True,True,
2026-08-09T02:51:33Z,KY,KY00075IS0017700S75SRA177,2026-08-09T02:49:48Z,53,67,STEADY,True,True,
2026-08-09T02:51:33Z,KY,KY00075IS0016800SCRITENWS,2026-08-09T02:49:51Z,38,39,STEADY,True,True,
2026-08-09T02:51:33Z,KY,KY00075IS0000100N75WELCOM,2026-08-09T02:50:12Z,LOW,30,STEADY,True,True,
2026-08-09T03:08:04Z,IL,IL00074IE011400005,2026-08-09T03:07:49Z,17,25,CLEARING,True,True,
2026-08-09T03:08:04Z,IL,IL00055IN006400027,2026-08-09T03:08:00Z,Unknown,0,Unknown,True,False,
2026-08-09T03:08:04Z,IL,IL00057IS026800022,2026-08-09T03:08:00Z,Unknown,27,Unknown,True,False,
2026-08-09T03:08:04Z,IL,IL00064IE008500039,2026-08-09T03:08:00Z,Unknown,0,Unknown,True,False,
2026-08-09T03:08:04Z,IL,IL00072IW015200014,2026-08-09T03:08:00Z,Unknown,17,Unknown,True,False,
2026-08-09T03:08:04Z,IL,IL00055IS002700019,2026-08-09T03:08:00Z,Unknown,0,Unknown,True,False,
2026-08-09T03:08:04Z,IL,IL00057IN033300049,2026-08-09T03:08:00Z,Unknown,0,Unknown,True,False,
2026-08-09T03:08:04Z,IL,IL00064IW008500012,2026-08-09T03:08:00Z,Unknown,0,Unknown,True,False,
2026-08-09T03:08:04Z,IL,IL00070IW002700015,2026-08-09T03:08:00Z,Unknown,0,Unknown,True,False,
2026-08-09T03:08:04Z,IL,IL00074IW020800052,2026-08-09T03:08:00Z,Unknown,0,Unknown,True,False,
2026-08-09T03:08:04Z,IL,IL00057IN022200048,2026-08-09T03:08:00Z,Unknown,0,Unknown,True,False,
2026-08-09T03:08:04Z,IL,IL00064IW002500011,2026-08-09T03:08:00Z,Unknown,0,Unknown,True,False,
2026-08-09T03:08:04Z,IL,IL00057IS022200054,2026-08-09T03:08:00Z,Unknown,0,Unknown,True,False,
2026-08-09T03:08:04Z,IL,IL00057IN011400033,2026-08-09T03:08:00Z,Unknown,0,Unknown,True,False,
2026-08-09T03:08:04Z,IL,IL00070IE008600051,2026-08-09T03:08:00Z,0,0,Unknown,False,False,
2026-08-09T03:08:04Z,IL,IL00074IE015600037,2026-08-09T03:08:00Z,Unknown,0,Unknown,True,False,
2026-08-09T03:08:04Z,IL,IL00057IS007900047,2026-08-09T03:08:00Z,Unknown,0,Unknown,True,False,
2026-08-09T03:08:04Z,IL,IL00055IN019400031,2026-08-09T03:08:00Z,Unknown,36,Unknown,True,False,
2026-08-09T03:08:04Z,IL,IL00080IE011700043,2026-08-09T03:08:00Z,Unknown,31,Unknown,True,False,
2026-08-09T03:08:04Z,IL,IL00055IS006400017,2026-08-09T03:08:00Z,Unknown,0,Unknown,True,False,
2026-08-09T03:08:04Z,IL,IL00055IS019400021,2026-08-09T03:08:00Z,Unknown,29,Unknown,True,False,
2026-08-09T03:08:04Z,IL,IL00074IW015600009,2026-08-09T03:08:00Z,Unknown,0,Unknown,True,False,
2026-08-09T03:08:04Z,IL,IL00074IW002800020,2026-08-09T03:08:00Z,Unknown,15,Unknown,True,False,
2026-08-09T03:08:04Z,IL,IL00057IN007900034,2026-08-09T03:08:01Z,Unknown,0,Unknown,True,False,
2026-08-09T03:08:04Z,IL,IL00039IS008500026,2026-08-09T03:08:01Z,Unknown,42,Unknown,True,False,
2026-08-09T03:08:04Z,IL,IL00055IN002700029,2026-08-09T03:08:01Z,Unknown,0,Unknown,True,False,
2026-08-09T03:08:04Z,IL,IL00057IS011400023,2026-08-09T03:08:01Z,Unknown,0,Unknown,True,False,
2026-08-09T03:08:04Z,IL,IL00057IS033300046,2026-08-09T03:08:01Z,Unknown,0,Unknown,True,False,
2026-08-09T03:08:04Z,IL,IL00080IW011700016,2026-08-09T03:08:01Z,Unknown,39,Unknown,True,False,
2026-08-09T03:08:04Z,IL,IL00057IN026800032,2026-08-09T03:08:01Z,Unknown,25,Unknown,True,False,
2026-08-09T03:08:04Z,IL,IL00024IW003700010,2026-08-09T03:08:01Z,Unknown,0,Unknown,True,False,
2026-08-09T03:08:04Z,IL,IL00064IE002500038,2026-08-09T03:08:01Z,Unknown,0,Unknown,True,False,
2026-08-09T03:08:04Z,IL,IL00055IN010400050,2026-08-09T03:08:01Z,0,0,Unknown,False,False,
2026-08-09T03:08:04Z,IL,IL00080IE005100040,2026-08-09T03:08:01Z,Unknown,39,Unknown,True,False,
2026-08-09T03:08:04Z,IL,IL00070IE002700042,2026-08-09T03:08:01Z,Unknown,0,Unknown,True,False,
2026-08-09T03:08:04Z,IL,IL00064IW013000053,2026-08-09T03:08:01Z,0,0,Unknown,False,False,
2026-08-09T03:08:04Z,IL,IL00074IE002800030,2026-08-09T03:08:01Z,Unknown,14,Unknown,True,False,
2026-08-09T03:08:04Z,IL,IL00055IN014900028,2026-08-09T03:08:01Z,Unknown,0,Unknown,True,False,
2026-08-09T03:08:04Z,IL,IL00039IN008500036,2026-08-09T03:08:01Z,Unknown,42,Unknown,True,False,
2026-08-09T03:08:04Z,IL,IL00080IW005100013,2026-08-09T03:08:01Z,Unknown,47,Unknown,True,False,
2026-08-09T03:08:04Z,IL,IL00072IE015200041,2026-08-09T03:07:20Z,14,16,STEADY,True,True,
2026-08-09T03:08:04Z,IL,IL00074IW006200004,2026-08-09T03:07:35Z,7,12,STEADY,True,True,
2026-08-09T03:08:04Z,IL,IL00070IW008700045,2026-08-09T03:06:25Z,1,15,STEADY,True,True,
2026-08-09T03:08:04Z,IL,IL00057IS016500018,2026-08-09T03:05:01Z,5,15,STEADY,True,True,
2026-08-09T03:08:04Z,IL,IL00074IW011400006,2026-08-09T03:08:03Z,13,18,STEADY,True,True,
2026-08-09T03:08:04Z,IL,IL00074IE006200001,2026-08-09T03:07:06Z,6,13,STEADY,True,True,
2026-08-09T03:08:04Z,IL,IL00070IW014900008,2026-08-09T03:06:51Z,Unknown,39,Unknown,True,False,
2026-08-09T03:08:04Z,IL,IL00057IN016500044,2026-08-09T03:05:40Z,0,15,STEADY,False,False,
2026-08-09T03:08:04Z,IL,IL00055IS010400024,2026-08-09T03:05:01Z,Unknown,0,STEADY,,False,
2026-08-09T03:08:04Z,IL,IL00057IS003200025,2026-08-09T03:05:01Z,Unknown,0,STEADY,,False,
2026-08-09T03:08:04Z,IL,IL00057IN003200035,2026-08-09T03:05:01Z,Unknown,17,STEADY,,False,
2026-08-09T03:08:04Z,IN,322,2026-08-08T22:55:00-04:00,63,75,,True,false,
2026-08-09T03:08:04Z,IN,317,2026-08-08T22:55:00-04:00,7,58,,True,true,
2026-08-09T03:08:04Z,IN,316,2026-08-08T22:55:00-04:00,56,58,,True,false,
2026-08-09T03:08:04Z,IN,315,2026-08-08T22:55:00-04:00,Unknown,36,,False,true,
2026-08-09T03:08:04Z,IN,314,2026-08-08T22:55:00-04:00,Unknown,36,,False,true,
2026-08-09T03:08:04Z,IN,313,2026-08-08T22:55:00-04:00,LOW,75,,True,true,
2026-08-09T03:08:04Z,IN,312,2026-08-08T22:55:00-04:00,7,75,,True,true,
2026-08-09T03:08:04Z,IN,311,2026-08-08T22:55:00-04:00,Unknown,13,,False,true,
2026-08-09T03:08:04Z,IN,310,2026-08-08T22:55:00-04:00,Unknown,13,,False,true,
2026-08-09T03:08:04Z,IN,308,2026-08-08T22:55:00-04:00,34,75,,True,true,
2026-08-09T03:08:04Z,IN,309,2026-08-08T22:55:00-04:00,98,150,,True,true,
2026-08-09T03:08:04Z,IN,318,2026-08-08T22:55:00-04:00,17,78,,True,true,
2026-08-09T03:08:04Z,IN,319,2026-08-08T22:55:00-04:00,9,78,,True,true,
2026-08-09T03:08:04Z,IN,320,2026-08-08T22:55:00-04:00,37,83,,True,true,
2026-08-09T03:08:04Z,IN,321,2026-08-08T22:55:00-04:00,21,41,,True,false,
2026-08-09T03:08:04Z,IN,300,2026-08-08T22:55:00-04:00,105,128,,True,false,
2026-08-09T03:08:04Z,IN,302,2026-08-08T22:55:00-04:00,LOW,30,,True,true,
2026-08-09T03:08:04Z,IN,301,2026-08-08T22:55:00-04:00,LOW,30,,True,true,
2026-08-09T03:08:04Z,IN,303,2026-08-08T22:55:00-04:00,83,194,,True,true,
2026-08-09T03:08:04Z,IN,304,2026-08-08T22:55:00-04:00,15,99,,True,true,
2026-08-09T03:08:04Z,IN,305,2026-08-08T22:55:00-04:00,Unknown,156,,False,true,
2026-08-09T03:08:04Z,IN,323,2026-08-08T22:55:00-04:00,20,40,,True,true,
2026-08-09T03:08:04Z,IN,702,2026-08-08T22:55:00-04:00,38,75,,True,false,
2026-08-09T03:08:04Z,IN,701,2026-08-08T22:55:00-04:00,30,60,,True,false,
2026-08-09T03:08:04Z,IN,704,2026-08-08T22:55:00-04:00,40,80,,True,false,
2026-08-09T03:08:04Z,IN,703,2026-08-08T22:55:00-04:00,55,110,,True,false,
2026-08-09T03:08:04Z,IN,706,2026-08-08T22:55:00-04:00,35,70,,True,false,
2026-08-09T03:08:04Z,IN,705,2026-08-08T22:55:00-04:00,30,60,,True,false,
2026-08-09T03:08:04Z,IN,708,2026-08-08T22:55:00-04:00,23,45,,True,false,
2026-08-09T03:08:04Z,IN,707,2026-08-08T22:55:00-04:00,20,40,,True,false,
2026-08-09T03:08:04Z,IN,324,2026-08-08T22:55:00-04:00,16,31,,True,true,
2026-08-09T03:08:04Z,KY,KY00065IS0000020N65WELCOM,2026-08-09T03:07:02Z,LOW,21,STEADY,True,True,
2026-08-09T03:08:04Z,KY,KY00065IS000020NSMARATHON,2025-12-19T00:36:53Z,10,60,STEADY,True,False,
2026-08-09T03:08:04Z,KY,KY00065IS0000340NWEIGHS34,2026-07-01T19:04:41Z,32,40,STEADY,True,False,
2026-08-09T03:08:04Z,KY,KY00065IS0011400S65SRA114,2026-08-09T03:07:09Z,LOW,26,STEADY,True,True,
2026-08-09T03:08:04Z,KY,KY00065IS0005900S65SRA059,2026-08-09T03:07:08Z,73,109,STEADY,True,True,
2026-08-09T03:08:04Z,KY,KY00065IS0005900N65NRA059,2026-08-09T03:07:03Z,LOW,113,STEADY,True,True,
2026-08-09T03:08:04Z,KY,KY00075IS0003300NWEIGHS33,2026-08-09T03:06:46Z,50,50,STEADY,True,False,
2026-08-09T03:08:04Z,KY,KY00075IS0003400SWEIGHS34,2026-08-09T03:06:50Z,LOW,40,STEADY,True,True,
2026-08-09T03:08:04Z,KY,KY00075IS0017700N75NRA177,2026-07-13T10:37:14Z,LOW,53,CLEARING,True,False,
2026-08-09T03:08:04Z,KY,KY00075IS0007500SWALTONWS,2026-08-09T03:06:56Z,43,45,STEADY,True,True,
2026-08-09T03:08:04Z,KY,KY00075IS0017700S75SRA177,2026-08-09T03:06:48Z,50,67,STEADY,True,True,
2026-08-09T03:08:04Z,KY,KY00075IS0016800SCRITENWS,2026-08-09T03:06:51Z,38,39,STEADY,True,True,
2026-08-09T03:08:04Z,KY,KY00075IS0000100N75WELCOM,2026-08-09T03:07:12Z,LOW,30,STEADY,True,True,
2026-08-09T03:24:57Z,IL,IL00072IE015200041,2026-08-09T03:22:30Z,10,16,FILLING,True,True,
2026-08-09T03:24:57Z,IL,IL00057IS011400023,2026-08-09T03:24:49Z,Unknown,0,Unknown,True,False,
2026-08-09T03:24:57Z,IL,IL00057IN022200048,2026-08-09T03:24:50Z,Unknown,0,Unknown,True,False,
2026-08-09T03:24:57Z,IL,IL00057IN026800032,2026-08-09T03:24:50Z,Unknown,25,Unknown,True,False,
2026-08-09T03:24:57Z,IL,IL00057IS026800022,2026-08-09T03:24:50Z,Unknown,27,Unknown,True,False,
2026-08-09T03:24:57Z,IL,IL00074IW020800052,2026-08-09T03:24:50Z,Unknown,0,Unknown,True,False,
2026-08-09T03:24:57Z,IL,IL00055IS019400021,2026-08-09T03:24:50Z,Unknown,29,Unknown,True,False,
2026-08-09T03:24:57Z,IL,IL00039IS008500026,2026-08-09T03:24:50Z,Unknown,42,Unknown,True,False,
2026-08-09T03:24:57Z,IL,IL00057IS033300046,2026-08-09T03:24:50Z,Unknown,0,Unknown,True,False,
2026-08-09T03:24:57Z,IL,IL00039IN008500036,2026-08-09T03:24:50Z,Unknown,42,Unknown,True,False,
2026-08-09T03:24:57Z,IL,IL00080IE011700043,2026-08-09T03:24:50Z,Unknown,31,Unknown,True,False,
2026-08-09T03:24:57Z,IL,IL00074IW015600009,2026-08-09T03:24:50Z,Unknown,0,Unknown,True,False,
2026-08-09T03:24:57Z,IL,IL00064IE002500038,2026-08-09T03:24:50Z,Unknown,0,Unknown,True,False,
2026-08-09T03:24:57Z,IL,IL00064IW008500012,2026-08-09T03:24:50Z,Unknown,0,Unknown,True,False,
2026-08-09T03:24:57Z,IL,IL00070IE008600051,2026-08-09T03:24:50Z,0,0,Unknown,False,False,
2026-08-09T03:24:57Z,IL,IL00024IW003700010,2026-08-09T03:24:50Z,Unknown,0,Unknown,True,False,
2026-08-09T03:24:57Z,IL,IL00064IW002500011,2026-08-09T03:24:50Z,Unknown,0,Unknown,True,False,
2026-08-09T03:24:57Z,IL,IL00080IW005100013,2026-08-09T03:24:50Z,Unknown,47,Unknown,True,False,
2026-08-09T03:24:57Z,IL,IL00072IW015200014,2026-08-09T03:24:50Z,Unknown,17,Unknown,True,False,
2026-08-09T03:24:57Z,IL,IL00074IE002800030,2026-08-09T03:24:50Z,Unknown,14,Unknown,True,False,
2026-08-09T03:24:57Z,IL,IL00055IN014900028,2026-08-09T03:24:50Z,Unknown,0,Unknown,True,False,
2026-08-09T03:24:57Z,IL,IL00055IN002700029,2026-08-09T03:24:50Z,Unknown,0,Unknown,True,False,
2026-08-09T03:24:57Z,IL,IL00055IN019400031,2026-08-09T03:24:51Z,Unknown,36,Unknown,True,False,
2026-08-09T03:24:57Z,IL,IL00055IN010400050,2026-08-09T03:24:51Z,0,0,Unknown,False,False,
2026-08-09T03:24:57Z,IL,IL00064IE008500039,2026-08-09T03:24:51Z,Unknown,0,Unknown,True,False,
2026-08-09T03:24:57Z,IL,IL00070IW002700015,2026-08-09T03:24:51Z,Unknown,0,Unknown,True,False,
2026-08-09T03:24:57Z,IL,IL00057IS007900047,2026-08-09T03:24:51Z,Unknown,0,Unknown,True,False,
2026-08-09T03:24:57Z,IL,IL00074IW002800020,2026-08-09T03:24:51Z,Unknown,15,Unknown,True,False,
2026-08-09T03:24:57Z,IL,IL00055IS006400017,2026-08-09T03:24:51Z,Unknown,0,Unknown,True,False,
2026-08-09T03:24:57Z,IL,IL00064IW013000053,2026-08-09T03:24:51Z,0,0,Unknown,False,False,
2026-08-09T03:24:57Z,IL,IL00057IN007900034,2026-08-09T03:24:51Z,Unknown,0,Unknown,True,False,
2026-08-09T03:24:57Z,IL,IL00074IE015600037,2026-08-09T03:24:51Z,Unknown,0,Unknown,True,False,
2026-08-09T03:24:57Z,IL,IL00055IN006400027,2026-08-09T03:24:51Z,Unknown,0,Unknown,True,False,
2026-08-09T03:24:57Z,IL,IL00057IS022200054,2026-08-09T03:24:51Z,Unknown,0,Unknown,True,False,
2026-08-09T03:24:57Z,IL,IL00070IE002700042,2026-08-09T03:24:51Z,Unknown,0,Unknown,True,False,
2026-08-09T03:24:57Z,IL,IL00057IN011400033,2026-08-09T03:24:51Z,Unknown,0,Unknown,True,False,
2026-08-09T03:24:57Z,IL,IL00057IN033300049,2026-08-09T03:24:51Z,Unknown,0,Unknown,True,False,
2026-08-09T03:24:57Z,IL,IL00055IS002700019,2026-08-09T03:24:51Z,Unknown,0,Unknown,True,False,
2026-08-09T03:24:57Z,IL,IL00080IW011700016,2026-08-09T03:24:51Z,Unknown,39,Unknown,True,False,
2026-08-09T03:24:57Z,IL,IL00074IE011400005,2026-08-09T03:24:08Z,17,25,STEADY,True,True,
2026-08-09T03:24:57Z,IL,IL00080IE005100040,2026-08-09T03:24:51Z,Unknown,39,Unknown,True,False,
2026-08-09T03:24:57Z,IL,IL00074IW006200004,2026-08-09T03:24:52Z,7,12,STEADY,True,True,
2026-08-09T03:24:57Z,IL,IL00070IW008700045,2026-08-09T03:21:34Z,3,15,CLEARING,True,True,
2026-08-09T03:24:57Z,IL,IL00057IS016500018,2026-08-09T03:23:17Z,4,15,STEADY,True,True,
2026-08-09T03:24:57Z,IL,IL00074IW011400006,2026-08-09T03:24:24Z,13,18,STEADY,True,True,
2026-08-09T03:24:57Z,IL,IL00074IE006200001,2026-08-09T03:24:25Z,5,13,FILLING,True,True,
2026-08-09T03:24:57Z,IL,IL00070IW014900008,2026-08-09T03:23:14Z,Unknown,39,Unknown,True,False,
2026-08-09T03:24:57Z,IL,IL00057IN016500044,2026-08-09T03:21:21Z,0,15,STEADY,False,False,
2026-08-09T03:24:57Z,IL,IL00055IS010400024,2026-08-09T03:21:21Z,Unknown,0,STEADY,,False,
2026-08-09T03:24:57Z,IL,IL00057IS003200025,2026-08-09T03:21:21Z,Unknown,0,STEADY,,False,
2026-08-09T03:24:57Z,IL,IL00057IN003200035,2026-08-09T03:21:22Z,Unknown,17,STEADY,,False,
2026-08-09T03:24:57Z,IN,322,2026-08-08T23:10:00-04:00,65,75,,True,false,
2026-08-09T03:24:57Z,IN,317,2026-08-08T23:10:00-04:00,8,58,,True,true,
2026-08-09T03:24:57Z,IN,316,2026-08-08T23:10:00-04:00,54,58,,True,false,
2026-08-09T03:24:57Z,IN,315,2026-08-08T23:10:00-04:00,Unknown,36,,False,true,
2026-08-09T03:24:57Z,IN,314,2026-08-08T23:10:00-04:00,Unknown,36,,False,true,
2026-08-09T03:24:57Z,IN,313,2026-08-08T23:10:00-04:00,LOW,75,,True,true,
2026-08-09T03:24:57Z,IN,312,2026-08-08T23:10:00-04:00,8,75,,True,true,
2026-08-09T03:24:57Z,IN,311,2026-08-08T23:10:00-04:00,Unknown,13,,False,true,
2026-08-09T03:24:57Z,IN,310,2026-08-08T23:10:00-04:00,Unknown,13,,False,true,
2026-08-09T03:24:57Z,IN,308,2026-08-08T23:10:00-04:00,35,75,,True,true,
2026-08-09T03:24:57Z,IN,309,2026-08-08T23:10:00-04:00,102,150,,True,true,
2026-08-09T03:24:57Z,IN,318,2026-08-08T23:10:00-04:00,16,78,,True,true,
2026-08-09T03:24:57Z,IN,319,2026-08-08T23:10:00-04:00,11,78,,True,true,
2026-08-09T03:24:57Z,IN,320,2026-08-08T23:10:00-04:00,37,83,,True,true,
2026-08-09T03:24:57Z,IN,321,2026-08-08T23:10:00-04:00,21,41,,True,false,
2026-08-09T03:24:57Z,IN,300,2026-08-08T23:10:00-04:00,105,128,,True,false,
2026-08-09T03:24:57Z,IN,302,2026-08-08T23:10:00-04:00,LOW,30,,True,true,
2026-08-09T03:24:57Z,IN,301,2026-08-08T23:10:00-04:00,LOW,30,,True,true,
2026-08-09T03:24:57Z,IN,303,2026-08-08T23:10:00-04:00,84,194,,True,true,
2026-08-09T03:24:57Z,IN,304,2026-08-08T23:10:00-04:00,10,99,,True,true,
2026-08-09T03:24:57Z,IN,305,2026-08-08T23:10:00-04:00,Unknown,156,,False,true,
2026-08-09T03:24:57Z,IN,323,2026-08-08T23:10:00-04:00,20,40,,True,true,
2026-08-09T03:24:57Z,IN,702,2026-08-08T23:10:00-04:00,38,75,,True,false,
2026-08-09T03:24:57Z,IN,701,2026-08-08T23:10:00-04:00,30,60,,True,false,
2026-08-09T03:24:57Z,IN,704,2026-08-08T23:10:00-04:00,40,80,,True,false,
2026-08-09T03:24:57Z,IN,703,2026-08-08T23:10:00-04:00,55,110,,True,false,
2026-08-09T03:24:57Z,IN,706,2026-08-08T23:10:00-04:00,35,70,,True,false,
2026-08-09T03:24:57Z,IN,705,2026-08-08T23:10:00-04:00,30,60,,True,false,
2026-08-09T03:24:57Z,IN,708,2026-08-08T23:10:00-04:00,23,45,,True,false,
2026-08-09T03:24:57Z,IN,707,2026-08-08T23:10:00-04:00,20,40,,True,false,
2026-08-09T03:24:57Z,IN,324,2026-08-08T23:10:00-04:00,16,31,,True,true,
2026-08-09T03:24:57Z,KY,KY00065IS0000020N65WELCOM,2026-08-09T03:23:01Z,LOW,21,STEADY,True,True,
2026-08-09T03:24:57Z,KY,KY00065IS000020NSMARATHON,2025-12-19T00:36:53Z,10,60,STEADY,True,False,
2026-08-09T03:24:57Z,KY,KY00065IS0000340NWEIGHS34,2026-07-01T19:04:41Z,32,40,STEADY,True,False,
2026-08-09T03:24:57Z,KY,KY00065IS0011400S65SRA114,2026-08-09T03:23:10Z,LOW,26,STEADY,True,True,
2026-08-09T03:24:57Z,KY,KY00065IS0005900S65SRA059,2026-08-09T03:23:08Z,65,109,FILLING,True,True,
2026-08-09T03:24:57Z,KY,KY00065IS0005900N65NRA059,2026-08-09T03:23:04Z,LOW,113,STEADY,True,True,
2026-08-09T03:24:57Z,KY,KY00075IS0003300NWEIGHS33,2026-08-09T03:22:46Z,50,50,STEADY,True,False,
2026-08-09T03:24:57Z,KY,KY00075IS0003400SWEIGHS34,2026-08-09T03:22:49Z,LOW,40,STEADY,True,True,
2026-08-09T03:24:57Z,KY,KY00075IS0017700N75NRA177,2026-07-13T10:37:14Z,LOW,53,CLEARING,True,False,
2026-08-09T03:24:57Z,KY,KY00075IS0007500SWALTONWS,2026-08-09T03:22:55Z,42,45,STEADY,True,True,
2026-08-09T03:24:57Z,KY,KY00075IS0017700S75SRA177,2026-08-09T03:22:47Z,49,67,FILLING,True,True,
2026-08-09T03:24:57Z,KY,KY00075IS0016800SCRITENWS,2026-08-09T03:22:52Z,37,39,STEADY,True,True,
2026-08-09T03:24:57Z,KY,KY00075IS0000100N75WELCOM,2026-08-09T03:23:11Z,LOW,30,STEADY,True,True,
2026-08-09T03:41:31Z,IL,IL00055IS006400017,2026-08-09T03:41:29Z,Unknown,0,Unknown,True,False,
2026-08-09T03:41:31Z,IL,IL00072IE015200041,2026-08-09T03:37:34Z,11,16,STEADY,True,True,
2026-08-09T03:41:31Z,IL,IL00024IW003700010,2026-08-09T03:41:18Z,Unknown,0,Unknown,True,False,
2026-08-09T03:41:31Z,IL,IL00080IW005100013,2026-08-09T03:41:18Z,Unknown,47,Unknown,True,False,
2026-08-09T03:41:31Z,IL,IL00072IW015200014,2026-08-09T03:41:18Z,Unknown,17,Unknown,True,False,
2026-08-09T03:41:31Z,IL,IL00070IW002700015,2026-08-09T03:41:19Z,Unknown,0,Unknown,True,False,
2026-08-09T03:41:31Z,IL,IL00057IN033300049,2026-08-09T03:41:19Z,Unknown,0,Unknown,True,False,
2026-08-09T03:41:31Z,IL,IL00080IW011700016,2026-08-09T03:41:19Z,Unknown,39,Unknown,True,False,
2026-08-09T03:41:31Z,IL,IL00070IE008600051,2026-08-09T03:41:17Z,0,0,Unknown,False,False,
2026-08-09T03:41:31Z,IL,IL00055IN002700029,2026-08-09T03:41:17Z,Unknown,0,Unknown,True,False,
2026-08-09T03:41:31Z,IL,IL00074IW002800020,2026-08-09T03:41:17Z,Unknown,15,Unknown,True,False,
2026-08-09T03:41:31Z,IL,IL00074IW020800052,2026-08-09T03:41:17Z,Unknown,0,Unknown,True,False,
2026-08-09T03:41:31Z,IL,IL00057IS022200054,2026-08-09T03:41:17Z,Unknown,0,Unknown,True,False,
2026-08-09T03:41:31Z,IL,IL00064IE008500039,2026-08-09T03:41:18Z,Unknown,0,Unknown,True,False,
2026-08-09T03:41:31Z,IL,IL00064IW008500012,2026-08-09T03:41:18Z,Unknown,0,Unknown,True,False,
2026-08-09T03:41:31Z,IL,IL00055IN006400027,2026-08-09T03:41:18Z,Unknown,0,Unknown,True,False,
2026-08-09T03:41:31Z,IL,IL00074IE015600037,2026-08-09T03:41:18Z,Unknown,0,Unknown,True,False,
2026-08-09T03:41:31Z,IL,IL00080IE005100040,2026-08-09T03:41:18Z,Unknown,39,Unknown,True,False,
2026-08-09T03:41:31Z,IL,IL00055IN019400031,2026-08-09T03:41:18Z,Unknown,36,Unknown,True,False,
2026-08-09T03:41:31Z,IL,IL00074IE002800030,2026-08-09T03:41:18Z,Unknown,14,Unknown,True,False,
2026-08-09T03:41:31Z,IL,IL00039IS008500026,2026-08-09T03:41:18Z,Unknown,42,Unknown,True,False,
2026-08-09T03:41:31Z,IL,IL00057IS026800022,2026-08-09T03:41:18Z,Unknown,27,Unknown,True,False,
2026-08-09T03:41:31Z,IL,IL00070IE002700042,2026-08-09T03:41:18Z,Unknown,0,Unknown,True,False,
2026-08-09T03:41:31Z,IL,IL00057IN011400033,2026-08-09T03:41:19Z,Unknown,0,Unknown,True,False,
2026-08-09T03:41:31Z,IL,IL00064IW002500011,2026-08-09T03:41:19Z,Unknown,0,Unknown,True,False,
2026-08-09T03:41:31Z,IL,IL00055IN014900028,2026-08-09T03:41:19Z,Unknown,0,Unknown,True,False,
2026-08-09T03:41:31Z,IL,IL00057IS033300046,2026-08-09T03:41:30Z,Unknown,0,Unknown,True,False,
2026-08-09T03:41:31Z,IL,IL00055IS019400021,2026-08-09T03:41:30Z,Unknown,29,Unknown,True,False,
2026-08-09T03:41:31Z,IL,IL00064IE002500038,2026-08-09T03:41:30Z,Unknown,0,Unknown,True,False,
2026-08-09T03:41:31Z,IL,IL00057IS011400023,2026-08-09T03:41:30Z,Unknown,0,Unknown,True,False,
2026-08-09T03:41:31Z,IL,IL00074IW015600009,2026-08-09T03:41:30Z,Unknown,0,Unknown,True,False,
2026-08-09T03:41:31Z,IL,IL00039IN008500036,2026-08-09T03:41:30Z,Unknown,42,Unknown,True,False,
2026-08-09T03:41:31Z,IL,IL00057IS007900047,2026-08-09T03:41:30Z,Unknown,0,Unknown,True,False,
2026-08-09T03:41:31Z,IL,IL00055IN010400050,2026-08-09T03:41:30Z,0,0,Unknown,False,False,
2026-08-09T03:41:31Z,IL,IL00057IN026800032,2026-08-09T03:41:31Z,Unknown,25,Unknown,True,False,
2026-08-09T03:41:31Z,IL,IL00057IN022200048,2026-08-09T03:41:31Z,Unknown,0,Unknown,True,False,
2026-08-09T03:41:31Z,IL,IL00080IE011700043,2026-08-09T03:41:31Z,Unknown,31,Unknown,True,False,
2026-08-09T03:41:31Z,IL,IL00055IS002700019,2026-08-09T03:41:31Z,Unknown,0,Unknown,True,False,
2026-08-09T03:41:31Z,IL,IL00064IW013000053,2026-08-09T03:41:31Z,0,0,Unknown,False,False,
2026-08-09T03:41:31Z,IL,IL00057IN007900034,2026-08-09T03:41:31Z,Unknown,0,Unknown,True,False,
2026-08-09T03:41:31Z,IL,IL00074IE011400005,2026-08-09T03:40:37Z,17,25,STEADY,True,True,
2026-08-09T03:41:31Z,IL,IL00074IW006200004,2026-08-09T03:41:08Z,7,12,STEADY,True,True,
2026-08-09T03:41:31Z,IL,IL00070IW008700045,2026-08-09T03:37:32Z,0,15,FILLING,True,True,
2026-08-09T03:41:31Z,IL,IL00057IS016500018,2026-08-09T03:38:17Z,4,15,STEADY,True,True,
2026-08-09T03:41:31Z,IL,IL00074IW011400006,2026-08-09T03:40:54Z,13,18,STEADY,True,True,
2026-08-09T03:41:31Z,IL,IL00074IE006200001,2026-08-09T03:40:55Z,5,13,STEADY,True,True,
2026-08-09T03:41:31Z,IL,IL00070IW014900008,2026-08-09T03:41:06Z,Unknown,39,Unknown,True,False,
2026-08-09T03:41:31Z,IL,IL00057IN016500044,2026-08-09T03:40:40Z,0,15,STEADY,False,False,
2026-08-09T03:41:31Z,IL,IL00055IS010400024,2026-08-09T03:37:33Z,Unknown,0,STEADY,,False,
2026-08-09T03:41:31Z,IL,IL00057IS003200025,2026-08-09T03:37:33Z,Unknown,0,STEADY,,False,
2026-08-09T03:41:31Z,IL,IL00057IN003200035,2026-08-09T03:37:34Z,Unknown,17,STEADY,,False,
2026-08-09T03:41:31Z,IN,322,2026-08-08T23:30:00-04:00,62,75,,True,false,
2026-08-09T03:41:31Z,IN,317,2026-08-08T23:30:00-04:00,8,58,,True,true,
2026-08-09T03:41:31Z,IN,316,2026-08-08T23:30:00-04:00,54,58,,True,false,
2026-08-09T03:41:31Z,IN,315,2026-08-08T23:30:00-04:00,Unknown,36,,False,true,
2026-08-09T03:41:31Z,IN,314,2026-08-08T23:30:00-04:00,Unknown,36,,False,true,
2026-08-09T03:41:31Z,IN,313,2026-08-08T23:30:00-04:00,LOW,75,,True,true,
2026-08-09T03:41:31Z,IN,312,2026-08-08T23:30:00-04:00,LOW,75,,True,true,
2026-08-09T03:41:31Z,IN,311,2026-08-08T23:30:00-04:00,Unknown,13,,False,true,
2026-08-09T03:41:31Z,IN,310,2026-08-08T23:30:00-04:00,Unknown,13,,False,true,
2026-08-09T03:41:31Z,IN,308,2026-08-08T23:30:00-04:00,27,75,,True,true,
2026-08-09T03:41:31Z,IN,309,2026-08-08T23:30:00-04:00,100,150,,True,true,
2026-08-09T03:41:31Z,IN,318,2026-08-08T23:30:00-04:00,7,78,,True,true,
2026-08-09T03:41:31Z,IN,319,2026-08-08T23:30:00-04:00,16,78,,True,true,
2026-08-09T03:41:31Z,IN,320,2026-08-08T23:30:00-04:00,37,83,,True,true,
2026-08-09T03:41:31Z,IN,321,2026-08-08T23:30:00-04:00,21,41,,True,false,
2026-08-09T03:41:31Z,IN,300,2026-08-08T23:30:00-04:00,101,128,,True,false,
2026-08-09T03:41:31Z,IN,302,2026-08-08T23:30:00-04:00,LOW,30,,True,true,
2026-08-09T03:41:31Z,IN,301,2026-08-08T23:30:00-04:00,LOW,30,,True,true,
2026-08-09T03:41:31Z,IN,303,2026-08-08T23:30:00-04:00,79,194,,True,true,
2026-08-09T03:41:31Z,IN,304,2026-08-08T23:30:00-04:00,LOW,99,,True,true,
2026-08-09T03:41:31Z,IN,305,2026-08-08T23:30:00-04:00,Unknown,156,,False,true,
2026-08-09T03:41:31Z,IN,323,2026-08-08T23:30:00-04:00,20,40,,True,true,
2026-08-09T03:41:31Z,IN,702,2026-08-08T23:30:00-04:00,38,75,,True,false,
2026-08-09T03:41:31Z,IN,701,2026-08-08T23:30:00-04:00,30,60,,True,false,
2026-08-09T03:41:31Z,IN,704,2026-08-08T23:30:00-04:00,40,80,,True,false,
2026-08-09T03:41:31Z,IN,703,2026-08-08T23:30:00-04:00,55,110,,True,false,
2026-08-09T03:41:31Z,IN,706,2026-08-08T23:30:00-04:00,35,70,,True,false,
2026-08-09T03:41:31Z,IN,705,2026-08-08T23:30:00-04:00,30,60,,True,false,
2026-08-09T03:41:31Z,IN,708,2026-08-08T23:30:00-04:00,23,45,,True,false,
2026-08-09T03:41:31Z,IN,707,2026-08-08T23:30:00-04:00,20,40,,True,false,
2026-08-09T03:41:31Z,IN,324,2026-08-08T23:30:00-04:00,16,31,,True,true,
2026-08-09T03:41:31Z,KY,KY00065IS0000020N65WELCOM,2026-08-09T03:40:02Z,LOW,21,STEADY,True,True,
2026-08-09T03:41:31Z,KY,KY00065IS000020NSMARATHON,2025-12-19T00:36:53Z,10,60,STEADY,True,False,
2026-08-09T03:41:31Z,KY,KY00065IS0000340NWEIGHS34,2026-07-01T19:04:41Z,32,40,STEADY,True,False,
2026-08-09T03:41:31Z,KY,KY00065IS0011400S65SRA114,2026-08-09T03:40:10Z,LOW,26,STEADY,True,True,
2026-08-09T03:41:31Z,KY,KY00065IS0005900S65SRA059,2026-08-09T03:40:08Z,64,109,FILLING,True,True,
2026-08-09T03:41:31Z,KY,KY00065IS0005900N65NRA059,2026-08-09T03:40:04Z,LOW,113,STEADY,True,True,
2026-08-09T03:41:31Z,KY,KY00075IS0003300NWEIGHS33,2026-08-09T03:39:46Z,50,50,STEADY,True,False,
2026-08-09T03:41:31Z,KY,KY00075IS0003400SWEIGHS34,2026-08-09T03:39:50Z,LOW,40,STEADY,True,True,
2026-08-09T03:41:31Z,KY,KY00075IS0017700N75NRA177,2026-07-13T10:37:14Z,LOW,53,CLEARING,True,False,
2026-08-09T03:41:31Z,KY,KY00075IS0007500SWALTONWS,2026-08-09T03:39:55Z,42,45,STEADY,True,True,
2026-08-09T03:41:31Z,KY,KY00075IS0017700S75SRA177,2026-08-09T03:39:48Z,49,67,STEADY,True,True,
2026-08-09T03:41:31Z,KY,KY00075IS0016800SCRITENWS,2026-08-09T03:39:52Z,37,39,STEADY,True,True,
2026-08-09T03:41:31Z,KY,KY00075IS0000100N75WELCOM,2026-08-09T03:40:12Z,LOW,30,STEADY,True,True,
2026-08-09T03:58:00Z,IL,IL00064IE002500038,2026-08-09T03:57:59Z,Unknown,0,Unknown,True,False,
2026-08-09T03:58:00Z,IL,IL00070IE008600051,2026-08-09T03:57:59Z,0,0,Unknown,False,False,
2026-08-09T03:58:00Z,IL,IL00057IS033300046,2026-08-09T03:57:59Z,Unknown,0,Unknown,True,False,
2026-08-09T03:58:00Z,IL,IL00057IS007900047,2026-08-09T03:57:59Z,Unknown,0,Unknown,True,False,
2026-08-09T03:58:00Z,IL,IL00064IE008500039,2026-08-09T03:57:59Z,Unknown,0,Unknown,True,False,
2026-08-09T03:58:00Z,IL,IL00057IN026800032,2026-08-09T03:57:59Z,Unknown,25,Unknown,True,False,
2026-08-09T03:58:00Z,IL,IL00057IN033300049,2026-08-09T03:57:59Z,Unknown,0,Unknown,True,False,
2026-08-09T03:58:00Z,IL,IL00070IW002700015,2026-08-09T03:57:59Z,Unknown,0,Unknown,True,False,
2026-08-09T03:58:00Z,IL,IL00024IW003700010,2026-08-09T03:57:59Z,Unknown,0,Unknown,True,False,
2026-08-09T03:58:00Z,IL,IL00055IN014900028,2026-08-09T03:57:59Z,Unknown,0,Unknown,True,False,
2026-08-09T03:58:00Z,IL,IL00064IW008500012,2026-08-09T03:57:59Z,Unknown,0,Unknown,True,False,
2026-08-09T03:58:00Z,IL,IL00080IE005100040,2026-08-09T03:57:59Z,Unknown,39,Unknown,True,False,
2026-08-09T03:58:00Z,IL,IL00057IN011400033,2026-08-09T03:57:59Z,Unknown,0,Unknown,True,False,
2026-08-09T03:58:00Z,IL,IL00080IW011700016,2026-08-09T03:57:59Z,Unknown,39,Unknown,True,False,
2026-08-09T03:58:00Z,IL,IL00064IW013000053,2026-08-09T03:57:59Z,0,0,Unknown,False,False,
2026-08-09T03:58:00Z,IL,IL00039IS008500026,2026-08-09T03:57:59Z,Unknown,42,Unknown,True,False,
2026-08-09T03:58:00Z,IL,IL00057IS022200054,2026-08-09T03:57:59Z,Unknown,0,Unknown,True,False,
2026-08-09T03:58:00Z,IL,IL00072IE015200041,2026-08-09T03:57:17Z,11,16,STEADY,True,True,
2026-08-09T03:58:00Z,IL,IL00055IN019400031,2026-08-09T03:57:57Z,Unknown,36,Unknown,True,False,
2026-08-09T03:58:00Z,IL,IL00055IN006400027,2026-08-09T03:57:58Z,Unknown,0,Unknown,True,False,
2026-08-09T03:58:00Z,IL,IL00055IN002700029,2026-08-09T03:57:58Z,Unknown,0,Unknown,True,False,
2026-08-09T03:58:00Z,IL,IL00074IW020800052,2026-08-09T03:57:58Z,Unknown,0,Unknown,True,False,
2026-08-09T03:58:00Z,IL,IL00057IN022200048,2026-08-09T03:57:58Z,Unknown,0,Unknown,True,False,
2026-08-09T03:58:00Z,IL,IL00039IN008500036,2026-08-09T03:57:58Z,Unknown,42,Unknown,True,False,
2026-08-09T03:58:00Z,IL,IL00064IW002500011,2026-08-09T03:57:58Z,Unknown,0,Unknown,True,False,
2026-08-09T03:58:00Z,IL,IL00080IW005100013,2026-08-09T03:57:58Z,Unknown,47,Unknown,True,False,
2026-08-09T03:58:00Z,IL,IL00055IS019400021,2026-08-09T03:57:58Z,Unknown,29,Unknown,True,False,
2026-08-09T03:58:00Z,IL,IL00074IW015600009,2026-08-09T03:57:58Z,Unknown,0,Unknown,True,False,
2026-08-09T03:58:00Z,IL,IL00070IE002700042,2026-08-09T03:57:58Z,Unknown,0,Unknown,True,False,
2026-08-09T03:58:00Z,IL,IL00057IS011400023,2026-08-09T03:57:58Z,Unknown,0,Unknown,True,False,
2026-08-09T03:58:00Z,IL,IL00055IS002700019,2026-08-09T03:57:58Z,Unknown,0,Unknown,True,False,
2026-08-09T03:58:00Z,IL,IL00057IS026800022,2026-08-09T03:57:58Z,Unknown,27,Unknown,True,False,
2026-08-09T03:58:00Z,IL,IL00074IE002800030,2026-08-09T03:57:58Z,Unknown,14,Unknown,True,False,
2026-08-09T03:58:00Z,IL,IL00057IN007900034,2026-08-09T03:57:58Z,Unknown,0,Unknown,True,False,
2026-08-09T03:58:00Z,IL,IL00055IN010400050,2026-08-09T03:57:58Z,0,0,Unknown,False,False,
2026-08-09T03:58:00Z,IL,IL00074IW002800020,2026-08-09T03:57:58Z,Unknown,15,Unknown,True,False,
2026-08-09T03:58:00Z,IL,IL00055IS006400017,2026-08-09T03:57:58Z,Unknown,0,Unknown,True,False,
2026-08-09T03:58:00Z,IL,IL00080IE011700043,2026-08-09T03:57:58Z,Unknown,31,Unknown,True,False,
2026-08-09T03:58:00Z,IL,IL00074IE015600037,2026-08-09T03:57:58Z,Unknown,0,Unknown,True,False,
2026-08-09T03:58:00Z,IL,IL00072IW015200014,2026-08-09T03:57:58Z,Unknown,17,Unknown,True,False,
2026-08-09T03:58:00Z,IL,IL00074IE011400005,2026-08-09T03:57:47Z,17,25,STEADY,True,True,
2026-08-09T03:58:00Z,IL,IL00074IW006200004,2026-08-09T03:57:20Z,7,12,STEADY,True,True,
2026-08-09T03:58:00Z,IL,IL00070IW008700045,2026-08-09T03:56:39Z,0,15,STEADY,True,True,
2026-08-09T03:58:00Z,IL,IL00057IS016500018,2026-08-09T03:53:21Z,4,15,STEADY,True,True,
2026-08-09T03:58:00Z,IL,IL00074IW011400006,2026-08-09T03:57:07Z,11,18,FILLING,True,True,
2026-08-09T03:58:00Z,IL,IL00074IE006200001,2026-08-09T03:57:08Z,4,13,STEADY,True,True,
2026-08-09T03:58:00Z,IL,IL00070IW014900008,2026-08-09T03:57:04Z,Unknown,39,Unknown,True,False,
2026-08-09T03:58:00Z,IL,IL00057IN016500044,2026-08-09T03:55:39Z,0,15,STEADY,False,False,
2026-08-09T03:58:00Z,IL,IL00055IS010400024,2026-08-09T03:53:21Z,Unknown,0,STEADY,,False,
2026-08-09T03:58:00Z,IL,IL00057IS003200025,2026-08-09T03:53:21Z,Unknown,0,STEADY,,False,
2026-08-09T03:58:00Z,IL,IL00057IN003200035,2026-08-09T03:53:22Z,Unknown,17,STEADY,,False,
2026-08-09T03:58:00Z,IN,322,2026-08-08T23:45:00-04:00,62,75,,True,false,
2026-08-09T03:58:00Z,IN,317,2026-08-08T23:45:00-04:00,8,58,,True,true,
2026-08-09T03:58:00Z,IN,316,2026-08-08T23:45:00-04:00,52,58,,True,false,
2026-08-09T03:58:00Z,IN,315,2026-08-08T23:45:00-04:00,Unknown,36,,False,true,
2026-08-09T03:58:00Z,IN,314,2026-08-08T23:45:00-04:00,Unknown,36,,False,true,
2026-08-09T03:58:00Z,IN,313,2026-08-08T23:45:00-04:00,LOW,75,,True,true,
2026-08-09T03:58:00Z,IN,312,2026-08-08T23:45:00-04:00,LOW,75,,True,true,
2026-08-09T03:58:00Z,IN,311,2026-08-08T23:45:00-04:00,Unknown,13,,False,true,
2026-08-09T03:58:00Z,IN,310,2026-08-08T23:45:00-04:00,Unknown,13,,False,true,
2026-08-09T03:58:00Z,IN,308,2026-08-08T23:45:00-04:00,29,75,,True,true,
2026-08-09T03:58:00Z,IN,309,2026-08-08T23:45:00-04:00,97,150,,True,true,
2026-08-09T03:58:00Z,IN,318,2026-08-08T23:45:00-04:00,LOW,78,,True,true,
2026-08-09T03:58:00Z,IN,319,2026-08-08T23:45:00-04:00,19,78,,True,true,
2026-08-09T03:58:00Z,IN,320,2026-08-08T23:45:00-04:00,33,83,,True,true,
2026-08-09T03:58:00Z,IN,321,2026-08-08T23:45:00-04:00,21,41,,True,false,
2026-08-09T03:58:00Z,IN,300,2026-08-08T23:45:00-04:00,94,128,,True,false,
2026-08-09T03:58:00Z,IN,302,2026-08-08T23:45:00-04:00,LOW,30,,True,true,
2026-08-09T03:58:00Z,IN,301,2026-08-08T23:45:00-04:00,LOW,30,,True,true,
2026-08-09T03:58:00Z,IN,303,2026-08-08T23:45:00-04:00,70,194,,True,true,
2026-08-09T03:58:00Z,IN,304,2026-08-08T23:45:00-04:00,LOW,99,,True,true,
2026-08-09T03:58:00Z,IN,305,2026-08-08T23:45:00-04:00,Unknown,156,,False,true,
2026-08-09T03:58:00Z,IN,323,2026-08-08T23:45:00-04:00,20,40,,True,true,
2026-08-09T03:58:00Z,IN,702,2026-08-08T23:45:00-04:00,38,75,,True,false,
2026-08-09T03:58:00Z,IN,701,2026-08-08T23:45:00-04:00,30,60,,True,false,
2026-08-09T03:58:00Z,IN,704,2026-08-08T23:45:00-04:00,40,80,,True,false,
2026-08-09T03:58:00Z,IN,703,2026-08-08T23:45:00-04:00,55,110,,True,false,
2026-08-09T03:58:00Z,IN,706,2026-08-08T23:45:00-04:00,35,70,,True,false,
2026-08-09T03:58:00Z,IN,705,2026-08-08T23:45:00-04:00,30,60,,True,false,
2026-08-09T03:58:00Z,IN,708,2026-08-08T23:45:00-04:00,23,45,,True,false,
2026-08-09T03:58:00Z,IN,707,2026-08-08T23:45:00-04:00,20,40,,True,false,
2026-08-09T03:58:00Z,IN,324,2026-08-08T23:45:00-04:00,16,31,,True,true,
2026-08-09T03:58:00Z,KY,KY00065IS0000020N65WELCOM,2026-08-09T03:56:02Z,LOW,21,STEADY,True,True,
2026-08-09T03:58:00Z,KY,KY00065IS000020NSMARATHON,2025-12-19T00:36:53Z,10,60,STEADY,True,False,
2026-08-09T03:58:00Z,KY,KY00065IS0000340NWEIGHS34,2026-07-01T19:04:41Z,32,40,STEADY,True,False,
2026-08-09T03:58:00Z,KY,KY00065IS0011400S65SRA114,2026-08-09T03:56:09Z,LOW,26,STEADY,True,True,
2026-08-09T03:58:00Z,KY,KY00065IS0005900S65SRA059,2026-08-09T03:56:07Z,63,109,STEADY,True,True,
2026-08-09T03:58:00Z,KY,KY00065IS0005900N65NRA059,2026-08-09T03:56:03Z,LOW,113,STEADY,True,True,
2026-08-09T03:58:00Z,KY,KY00075IS0003300NWEIGHS33,2026-08-09T03:55:45Z,50,50,STEADY,True,False,
2026-08-09T03:58:00Z,KY,KY00075IS0003400SWEIGHS34,2026-08-09T03:55:49Z,LOW,40,STEADY,True,True,
2026-08-09T03:58:00Z,KY,KY00075IS0017700N75NRA177,2026-07-13T10:37:14Z,LOW,53,CLEARING,True,False,
2026-08-09T03:58:00Z,KY,KY00075IS0007500SWALTONWS,2026-08-09T03:55:56Z,42,45,STEADY,True,True,
2026-08-09T03:58:00Z,KY,KY00075IS0017700S75SRA177,2026-08-09T03:55:48Z,49,67,STEADY,True,True,
2026-08-09T03:58:00Z,KY,KY00075IS0016800SCRITENWS,2026-08-09T03:55:52Z,37,39,STEADY,True,True,
2026-08-09T03:58:00Z,KY,KY00075IS0000100N75WELCOM,2026-08-09T03:56:12Z,LOW,30,STEADY,True,True,
2026-08-09T04:14:28Z,IL,IL00074IE011400005,2026-08-09T04:14:01Z,17,25,CLEARING,True,True,
2026-08-09T04:14:28Z,IL,IL00024IW003700010,2026-08-09T04:14:14Z,Unknown,0,Unknown,True,False,
2026-08-09T04:14:28Z,IL,IL00064IW002500011,2026-08-09T04:14:14Z,Unknown,0,Unknown,True,False,
2026-08-09T04:14:28Z,IL,IL00057IN011400033,2026-08-09T04:14:14Z,Unknown,0,Unknown,True,False,
2026-08-09T04:14:28Z,IL,IL00080IW011700016,2026-08-09T04:14:14Z,Unknown,39,Unknown,True,False,
2026-08-09T04:14:28Z,IL,IL00057IN026800032,2026-08-09T04:14:14Z,Unknown,25,Unknown,True,False,
2026-08-09T04:14:28Z,IL,IL00057IN033300049,2026-08-09T04:14:15Z,Unknown,0,Unknown,True,False,
2026-08-09T04:14:28Z,IL,IL00055IN002700029,2026-08-09T04:14:15Z,Unknown,0,Unknown,True,False,
2026-08-09T04:14:28Z,IL,IL00074IW020800052,2026-08-09T04:14:15Z,Unknown,0,Unknown,True,False,
2026-08-09T04:14:28Z,IL,IL00080IW005100013,2026-08-09T04:14:15Z,Unknown,47,Unknown,True,False,
2026-08-09T04:14:28Z,IL,IL00074IW002800020,2026-08-09T04:14:15Z,Unknown,15,Unknown,True,False,
2026-08-09T04:14:28Z,IL,IL00080IE011700043,2026-08-09T04:14:15Z,Unknown,31,Unknown,True,False,
2026-08-09T04:14:28Z,IL,IL00064IE008500039,2026-08-09T04:14:15Z,Unknown,0,Unknown,True,False,
2026-08-09T04:14:28Z,IL,IL00039IS008500026,2026-08-09T04:14:15Z,Unknown,42,Unknown,True,False,
2026-08-09T04:14:28Z,IL,IL00057IN022200048,2026-08-09T04:14:15Z,Unknown,0,Unknown,True,False,
2026-08-09T04:14:28Z,IL,IL00070IE002700042,2026-08-09T04:14:15Z,Unknown,0,Unknown,True,False,
2026-08-09T04:14:28Z,IL,IL00070IW002700015,2026-08-09T04:14:15Z,Unknown,0,Unknown,True,False,
2026-08-09T04:14:28Z,IL,IL00055IS019400021,2026-08-09T04:14:15Z,Unknown,29,Unknown,True,False,
2026-08-09T04:14:28Z,IL,IL00057IS033300046,2026-08-09T04:14:15Z,Unknown,0,Unknown,True,False,
2026-08-09T04:14:28Z,IL,IL00057IS007900047,2026-08-09T04:14:15Z,Unknown,0,Unknown,True,False,
2026-08-09T04:14:28Z,IL,IL00064IW013000053,2026-08-09T04:14:15Z,0,0,Unknown,False,False,
2026-08-09T04:14:28Z,IL,IL00070IE008600051,2026-08-09T04:14:15Z,0,0,Unknown,False,False,
2026-08-09T04:14:28Z,IL,IL00074IE002800030,2026-08-09T04:14:15Z,Unknown,14,Unknown,True,False,
2026-08-09T04:14:28Z,IL,IL00074IE015600037,2026-08-09T04:14:15Z,Unknown,0,Unknown,True,False,
2026-08-09T04:14:28Z,IL,IL00055IN006400027,2026-08-09T04:14:15Z,Unknown,0,Unknown,True,False,
2026-08-09T04:14:28Z,IL,IL00057IS026800022,2026-08-09T04:14:15Z,Unknown,27,Unknown,True,False,
2026-08-09T04:14:28Z,IL,IL00074IW015600009,2026-08-09T04:14:16Z,Unknown,0,Unknown,True,False,
2026-08-09T04:14:28Z,IL,IL00055IS006400017,2026-08-09T04:14:16Z,Unknown,0,Unknown,True,False,
2026-08-09T04:14:28Z,IL,IL00039IN008500036,2026-08-09T04:14:16Z,Unknown,42,Unknown,True,False,
2026-08-09T04:14:28Z,IL,IL00057IS011400023,2026-08-09T04:14:16Z,Unknown,0,Unknown,True,False,
2026-08-09T04:14:28Z,IL,IL00055IS002700019,2026-08-09T04:14:16Z,Unknown,0,Unknown,True,False,
2026-08-09T04:14:28Z,IL,IL00057IN007900034,2026-08-09T04:14:16Z,Unknown,0,Unknown,True,False,
2026-08-09T04:14:28Z,IL,IL00072IW015200014,2026-08-09T04:14:16Z,Unknown,17,Unknown,True,False,
2026-08-09T04:14:28Z,IL,IL00057IS022200054,2026-08-09T04:14:16Z,Unknown,0,Unknown,True,False,
2026-08-09T04:14:28Z,IL,IL00064IE002500038,2026-08-09T04:14:16Z,Unknown,0,Unknown,True,False,
2026-08-09T04:14:28Z,IL,IL00055IN014900028,2026-08-09T04:14:16Z,Unknown,0,Unknown,True,False,
2026-08-09T04:14:28Z,IL,IL00072IE015200041,2026-08-09T04:12:23Z,10,16,FILLING,True,True,
2026-08-09T04:14:28Z,IL,IL00055IN010400050,2026-08-09T04:14:16Z,0,0,Unknown,False,False,
2026-08-09T04:14:28Z,IL,IL00080IE005100040,2026-08-09T04:14:16Z,Unknown,39,Unknown,True,False,
2026-08-09T04:14:28Z,IL,IL00064IW008500012,2026-08-09T04:14:16Z,Unknown,0,Unknown,True,False,
2026-08-09T04:14:28Z,IL,IL00055IN019400031,2026-08-09T04:14:16Z,Unknown,36,Unknown,True,False,
2026-08-09T04:14:28Z,IL,IL00074IW006200004,2026-08-09T04:13:36Z,7,12,CLEARING,True,True,
2026-08-09T04:14:28Z,IL,IL00070IW008700045,2026-08-09T04:11:41Z,0,15,STEADY,True,True,
2026-08-09T04:14:28Z,IL,IL00057IS016500018,2026-08-09T04:13:19Z,3,15,FILLING,True,True,
2026-08-09T04:14:28Z,IL,IL00074IW011400006,2026-08-09T04:14:18Z,11,18,FILLING,True,True,
2026-08-09T04:14:28Z,IL,IL00074IE006200001,2026-08-09T04:14:19Z,4,13,STEADY,True,True,
2026-08-09T04:14:28Z,IL,IL00070IW014900008,2026-08-09T04:13:04Z,Unknown,39,Unknown,True,False,
2026-08-09T04:14:28Z,IL,IL00057IN016500044,2026-08-09T04:10:43Z,0,15,STEADY,False,False,
2026-08-09T04:14:28Z,IL,IL00055IS010400024,2026-08-09T04:09:31Z,Unknown,0,STEADY,,False,
2026-08-09T04:14:28Z,IL,IL00057IS003200025,2026-08-09T04:09:31Z,Unknown,0,STEADY,,False,
2026-08-09T04:14:28Z,IL,IL00057IN003200035,2026-08-09T04:09:31Z,Unknown,17,STEADY,,False,
2026-08-09T04:14:28Z,IN,322,2026-08-09T00:00:00-04:00,61,75,,True,false,
2026-08-09T04:14:28Z,IN,317,2026-08-09T00:00:00-04:00,7,58,,True,true,
2026-08-09T04:14:28Z,IN,316,2026-08-09T00:00:00-04:00,46,58,,True,false,
2026-08-09T04:14:28Z,IN,315,2026-08-09T00:00:00-04:00,Unknown,36,,False,true,
2026-08-09T04:14:28Z,IN,314,2026-08-09T00:00:00-04:00,Unknown,36,,False,true,
2026-08-09T04:14:28Z,IN,313,2026-08-09T00:00:00-04:00,LOW,75,,True,true,
2026-08-09T04:14:28Z,IN,312,2026-08-09T00:00:00-04:00,8,75,,True,true,
2026-08-09T04:14:28Z,IN,311,2026-08-09T00:00:00-04:00,Unknown,13,,False,true,
2026-08-09T04:14:28Z,IN,310,2026-08-09T00:00:00-04:00,Unknown,13,,False,true,
2026-08-09T04:14:28Z,IN,308,2026-08-09T00:00:00-04:00,31,75,,True,true,
2026-08-09T04:14:28Z,IN,309,2026-08-09T00:00:00-04:00,86,150,,True,true,
2026-08-09T04:14:28Z,IN,318,2026-08-09T00:00:00-04:00,LOW,78,,True,true,
2026-08-09T04:14:28Z,IN,319,2026-08-09T00:00:00-04:00,19,78,,True,true,
2026-08-09T04:14:28Z,IN,320,2026-08-09T00:00:00-04:00,32,83,,True,true,
2026-08-09T04:14:28Z,IN,321,2026-08-09T00:00:00-04:00,21,41,,True,false,
2026-08-09T04:14:28Z,IN,300,2026-08-09T00:00:00-04:00,85,128,,True,false,
2026-08-09T04:14:28Z,IN,302,2026-08-09T00:00:00-04:00,LOW,30,,True,true,
2026-08-09T04:14:28Z,IN,301,2026-08-09T00:00:00-04:00,LOW,30,,True,true,
2026-08-09T04:14:28Z,IN,303,2026-08-09T00:00:00-04:00,65,194,,True,true,
2026-08-09T04:14:28Z,IN,304,2026-08-09T00:00:00-04:00,LOW,99,,True,true,
2026-08-09T04:14:28Z,IN,305,2026-08-09T00:00:00-04:00,Unknown,156,,False,true,
2026-08-09T04:14:28Z,IN,323,2026-08-09T00:00:00-04:00,20,40,,True,true,
2026-08-09T04:14:28Z,IN,702,2026-08-09T00:00:00-04:00,38,75,,True,false,
2026-08-09T04:14:28Z,IN,701,2026-08-09T00:00:00-04:00,30,60,,True,false,
2026-08-09T04:14:28Z,IN,704,2026-08-09T00:00:00-04:00,40,80,,True,false,
2026-08-09T04:14:28Z,IN,703,2026-08-09T00:00:00-04:00,55,110,,True,false,
2026-08-09T04:14:28Z,IN,706,2026-08-09T00:00:00-04:00,35,70,,True,false,
2026-08-09T04:14:28Z,IN,705,2026-08-09T00:00:00-04:00,30,60,,True,false,
2026-08-09T04:14:28Z,IN,708,2026-08-09T00:00:00-04:00,23,45,,True,false,
2026-08-09T04:14:28Z,IN,707,2026-08-09T00:00:00-04:00,20,40,,True,false,
2026-08-09T04:14:28Z,IN,324,2026-08-09T00:00:00-04:00,16,31,,True,true,
2026-08-09T04:14:28Z,KY,KY00065IS0000020N65WELCOM,2026-08-09T04:13:01Z,LOW,21,STEADY,True,True,
2026-08-09T04:14:28Z,KY,KY00065IS000020NSMARATHON,2025-12-19T00:36:53Z,10,60,STEADY,True,False,
2026-08-09T04:14:28Z,KY,KY00065IS0000340NWEIGHS34,2026-07-01T19:04:41Z,32,40,STEADY,True,False,
2026-08-09T04:14:28Z,KY,KY00065IS0011400S65SRA114,2026-08-09T04:13:10Z,LOW,26,STEADY,True,True,
2026-08-09T04:14:28Z,KY,KY00065IS0005900S65SRA059,2026-08-09T04:13:08Z,56,109,STEADY,True,True,
2026-08-09T04:14:28Z,KY,KY00065IS0005900N65NRA059,2026-08-09T04:13:03Z,LOW,113,STEADY,True,True,
2026-08-09T04:14:28Z,KY,KY00075IS0003300NWEIGHS33,2026-08-09T04:12:46Z,50,50,STEADY,True,False,
2026-08-09T04:14:28Z,KY,KY00075IS0003400SWEIGHS34,2026-08-09T04:12:50Z,LOW,40,STEADY,True,True,
2026-08-09T04:14:28Z,KY,KY00075IS0017700N75NRA177,2026-07-13T10:37:14Z,LOW,53,CLEARING,True,False,
2026-08-09T04:14:28Z,KY,KY00075IS0007500SWALTONWS,2026-08-09T04:12:56Z,40,45,STEADY,True,True,
2026-08-09T04:14:28Z,KY,KY00075IS0017700S75SRA177,2026-08-09T04:12:48Z,47,67,STEADY,True,True,
2026-08-09T04:14:28Z,KY,KY00075IS0016800SCRITENWS,2026-08-09T04:12:52Z,37,39,STEADY,True,True,
2026-08-09T04:14:28Z,KY,KY00075IS0000100N75WELCOM,2026-08-09T04:13:12Z,LOW,30,STEADY,True,True,
2026-08-09T04:31:18Z,IL,IL00064IW002500011,2026-08-09T04:31:08Z,Unknown,0,Unknown,True,False,
2026-08-09T04:31:18Z,IL,IL00072IW015200014,2026-08-09T04:31:08Z,Unknown,17,Unknown,True,False,
2026-08-09T04:31:18Z,IL,IL00074IE002800030,2026-08-09T04:31:08Z,Unknown,14,Unknown,True,False,
2026-08-09T04:31:18Z,IL,IL00055IS002700019,2026-08-09T04:31:08Z,Unknown,0,Unknown,True,False,
2026-08-09T04:31:18Z,IL,IL00057IN007900034,2026-08-09T04:31:08Z,Unknown,0,Unknown,True,False,
2026-08-09T04:31:18Z,IL,IL00055IN019400031,2026-08-09T04:31:08Z,Unknown,36,Unknown,True,False,
2026-08-09T04:31:18Z,IL,IL00024IW003700010,2026-08-09T04:31:08Z,Unknown,0,Unknown,True,False,
2026-08-09T04:31:18Z,IL,IL00057IS007900047,2026-08-09T04:31:08Z,Unknown,0,Unknown,True,False,
2026-08-09T04:31:18Z,IL,IL00074IW020800052,2026-08-09T04:31:08Z,Unknown,0,Unknown,True,False,
2026-08-09T04:31:18Z,IL,IL00039IN008500036,2026-08-09T04:31:08Z,Unknown,42,Unknown,True,False,
2026-08-09T04:31:18Z,IL,IL00070IW002700015,2026-08-09T04:31:08Z,Unknown,0,Unknown,True,False,
2026-08-09T04:31:18Z,IL,IL00055IN014900028,2026-08-09T04:31:08Z,Unknown,0,Unknown,True,False,
2026-08-09T04:31:18Z,IL,IL00074IE015600037,2026-08-09T04:31:08Z,Unknown,0,Unknown,True,False,
2026-08-09T04:31:18Z,IL,IL00064IW013000053,2026-08-09T04:31:09Z,0,0,Unknown,False,False,
2026-08-09T04:31:18Z,IL,IL00080IW011700016,2026-08-09T04:31:09Z,Unknown,39,Unknown,True,False,
2026-08-09T04:31:18Z,IL,IL00074IE011400005,2026-08-09T04:30:57Z,16,25,FILLING,True,True,
2026-08-09T04:31:18Z,IL,IL00080IW005100013,2026-08-09T04:31:07Z,Unknown,47,Unknown,True,False,
2026-08-09T04:31:18Z,IL,IL00055IS006400017,2026-08-09T04:31:07Z,Unknown,0,Unknown,True,False,
2026-08-09T04:31:18Z,IL,IL00055IN006400027,2026-08-09T04:31:07Z,Unknown,0,Unknown,True,False,
2026-08-09T04:31:18Z,IL,IL00080IE011700043,2026-08-09T04:31:07Z,Unknown,31,Unknown,True,False,
2026-08-09T04:31:18Z,IL,IL00074IW015600009,2026-08-09T04:31:07Z,Unknown,0,Unknown,True,False,
2026-08-09T04:31:18Z,IL,IL00064IW008500012,2026-08-09T04:31:07Z,Unknown,0,Unknown,True,False,
2026-08-09T04:31:18Z,IL,IL00057IN026800032,2026-08-09T04:31:07Z,Unknown,25,Unknown,True,False,
2026-08-09T04:31:18Z,IL,IL00057IS022200054,2026-08-09T04:31:07Z,Unknown,0,Unknown,True,False,
2026-08-09T04:31:18Z,IL,IL00057IS026800022,2026-08-09T04:31:07Z,Unknown,27,Unknown,True,False,
2026-08-09T04:31:18Z,IL,IL00070IE008600051,2026-08-09T04:31:07Z,0,0,Unknown,False,False,
2026-08-09T04:31:18Z,IL,IL00070IE002700042,2026-08-09T04:31:07Z,Unknown,0,Unknown,True,False,
2026-08-09T04:31:18Z,IL,IL00057IN022200048,2026-08-09T04:31:07Z,Unknown,0,Unknown,True,False,
2026-08-09T04:31:18Z,IL,IL00064IE008500039,2026-08-09T04:31:08Z,Unknown,0,Unknown,True,False,
2026-08-09T04:31:18Z,IL,IL00055IS019400021,2026-08-09T04:31:08Z,Unknown,29,Unknown,True,False,
2026-08-09T04:31:18Z,IL,IL00057IN033300049,2026-08-09T04:31:08Z,Unknown,0,Unknown,True,False,
2026-08-09T04:31:18Z,IL,IL00057IS033300046,2026-08-09T04:31:08Z,Unknown,0,Unknown,True,False,
2026-08-09T04:31:18Z,IL,IL00080IE005100040,2026-08-09T04:31:08Z,Unknown,39,Unknown,True,False,
2026-08-09T04:31:18Z,IL,IL00064IE002500038,2026-08-09T04:31:09Z,Unknown,0,Unknown,True,False,
2026-08-09T04:31:18Z,IL,IL00074IW002800020,2026-08-09T04:31:08Z,Unknown,15,Unknown,True,False,
2026-08-09T04:31:18Z,IL,IL00057IS011400023,2026-08-09T04:31:08Z,Unknown,0,Unknown,True,False,
2026-08-09T04:31:18Z,IL,IL00055IN002700029,2026-08-09T04:31:09Z,Unknown,0,Unknown,True,False,
2026-08-09T04:31:18Z,IL,IL00057IN011400033,2026-08-09T04:31:09Z,Unknown,0,Unknown,True,False,
2026-08-09T04:31:18Z,IL,IL00072IE015200041,2026-08-09T04:30:57Z,10,16,STEADY,True,True,
2026-08-09T04:31:18Z,IL,IL00039IS008500026,2026-08-09T04:31:08Z,Unknown,42,Unknown,True,False,
2026-08-09T04:31:18Z,IL,IL00055IN010400050,2026-08-09T04:31:09Z,0,0,Unknown,False,False,
2026-08-09T04:31:18Z,IL,IL00074IW006200004,2026-08-09T04:31:02Z,7,12,STEADY,True,True,
2026-08-09T04:31:18Z,IL,IL00070IW008700045,2026-08-09T04:30:56Z,0,15,STEADY,True,True,
2026-08-09T04:31:18Z,IL,IL00057IS016500018,2026-08-09T04:30:56Z,2,15,CLEARING,True,True,
2026-08-09T04:31:18Z,IL,IL00074IW011400006,2026-08-09T04:30:56Z,10,18,FILLING,True,True,
2026-08-09T04:31:18Z,IL,IL00074IE006200001,2026-08-09T04:30:57Z,3,13,STEADY,True,True,
2026-08-09T04:31:18Z,IL,IL00070IW014900008,2026-08-09T04:30:36Z,Unknown,39,Unknown,True,False,
2026-08-09T04:31:18Z,IL,IL00057IN016500044,2026-08-09T04:30:57Z,0,15,STEADY,False,False,
2026-08-09T04:31:18Z,IL,IL00055IS010400024,2026-08-09T04:30:56Z,Unknown,0,STEADY,,False,
2026-08-09T04:31:18Z,IL,IL00057IS003200025,2026-08-09T04:30:56Z,Unknown,0,STEADY,,False,
2026-08-09T04:31:18Z,IL,IL00057IN003200035,2026-08-09T04:30:57Z,Unknown,17,STEADY,,False,
2026-08-09T04:31:18Z,IN,322,2026-08-09T00:20:00-04:00,61,75,,True,false,
2026-08-09T04:31:18Z,IN,317,2026-08-09T00:20:00-04:00,LOW,58,,True,true,
2026-08-09T04:31:18Z,IN,316,2026-08-09T00:20:00-04:00,44,58,,True,false,
2026-08-09T04:31:18Z,IN,315,2026-08-09T00:20:00-04:00,Unknown,36,,False,true,
2026-08-09T04:31:18Z,IN,314,2026-08-09T00:20:00-04:00,Unknown,36,,False,true,
2026-08-09T04:31:18Z,IN,313,2026-08-09T00:20:00-04:00,LOW,75,,True,true,
2026-08-09T04:31:18Z,IN,312,2026-08-09T00:20:00-04:00,LOW,75,,True,true,
2026-08-09T04:31:18Z,IN,311,2026-08-09T00:20:00-04:00,Unknown,13,,False,true,
2026-08-09T04:31:18Z,IN,310,2026-08-09T00:20:00-04:00,Unknown,13,,False,true,
2026-08-09T04:31:18Z,IN,308,2026-08-09T00:20:00-04:00,28,75,,True,true,
2026-08-09T04:31:18Z,IN,309,2026-08-09T00:20:00-04:00,87,150,,True,true,
2026-08-09T04:31:18Z,IN,318,2026-08-09T00:20:00-04:00,LOW,78,,True,true,
2026-08-09T04:31:18Z,IN,319,2026-08-09T00:20:00-04:00,14,78,,True,true,
2026-08-09T04:31:18Z,IN,320,2026-08-09T00:20:00-04:00,31,83,,True,true,
2026-08-09T04:31:18Z,IN,321,2026-08-09T00:20:00-04:00,21,41,,True,false,
2026-08-09T04:31:18Z,IN,300,2026-08-09T00:20:00-04:00,83,128,,True,false,
2026-08-09T04:31:18Z,IN,302,2026-08-09T00:20:00-04:00,LOW,30,,True,true,
2026-08-09T04:31:18Z,IN,301,2026-08-09T00:20:00-04:00,LOW,30,,True,true,
2026-08-09T04:31:18Z,IN,303,2026-08-09T00:20:00-04:00,61,194,,True,true,
2026-08-09T04:31:18Z,IN,304,2026-08-09T00:20:00-04:00,LOW,99,,True,true,
2026-08-09T04:31:18Z,IN,305,2026-08-09T00:20:00-04:00,Unknown,156,,False,true,
2026-08-09T04:31:18Z,IN,323,2026-08-09T00:20:00-04:00,20,40,,True,true,
2026-08-09T04:31:18Z,IN,702,2026-08-09T00:20:00-04:00,38,75,,True,false,
2026-08-09T04:31:18Z,IN,701,2026-08-09T00:20:00-04:00,30,60,,True,false,
2026-08-09T04:31:18Z,IN,704,2026-08-09T00:20:00-04:00,40,80,,True,false,
2026-08-09T04:31:18Z,IN,703,2026-08-09T00:20:00-04:00,55,110,,True,false,
2026-08-09T04:31:18Z,IN,706,2026-08-09T00:20:00-04:00,35,70,,True,false,
2026-08-09T04:31:18Z,IN,705,2026-08-09T00:20:00-04:00,30,60,,True,false,
2026-08-09T04:31:18Z,IN,708,2026-08-09T00:20:00-04:00,23,45,,True,false,
2026-08-09T04:31:18Z,IN,707,2026-08-09T00:20:00-04:00,20,40,,True,false,
2026-08-09T04:31:18Z,IN,324,2026-08-09T00:20:00-04:00,16,31,,True,true,
2026-08-09T04:31:18Z,KY,KY00065IS0000020N65WELCOM,2026-08-09T04:30:04Z,LOW,21,STEADY,True,True,
2026-08-09T04:31:18Z,KY,KY00065IS000020NSMARATHON,2025-12-19T00:36:53Z,10,60,STEADY,True,False,
2026-08-09T04:31:18Z,KY,KY00065IS0000340NWEIGHS34,2026-07-01T19:04:41Z,32,40,STEADY,True,False,
2026-08-09T04:31:18Z,KY,KY00065IS0011400S65SRA114,2026-08-09T04:30:09Z,LOW,26,STEADY,True,True,
2026-08-09T04:31:18Z,KY,KY00065IS0005900S65SRA059,2026-08-09T04:30:08Z,50,109,FILLING,True,True,
2026-08-09T04:31:18Z,KY,KY00065IS0005900N65NRA059,2026-08-09T04:30:03Z,LOW,113,STEADY,True,True,
2026-08-09T04:31:18Z,KY,KY00075IS0003300NWEIGHS33,2026-08-09T04:29:46Z,50,50,STEADY,True,False,
2026-08-09T04:31:18Z,KY,KY00075IS0003400SWEIGHS34,2026-08-09T04:29:50Z,LOW,40,STEADY,True,True,
2026-08-09T04:31:18Z,KY,KY00075IS0017700N75NRA177,2026-07-13T10:37:14Z,LOW,53,CLEARING,True,False,
2026-08-09T04:31:18Z,KY,KY00075IS0007500SWALTONWS,2026-08-09T04:29:55Z,42,45,STEADY,True,True,
2026-08-09T04:31:18Z,KY,KY00075IS0017700S75SRA177,2026-08-09T04:29:48Z,44,67,FILLING,True,True,
2026-08-09T04:31:18Z,KY,KY00075IS0016800SCRITENWS,2026-08-09T04:29:52Z,35,39,FILLING,True,True,
2026-08-09T04:31:18Z,KY,KY00075IS0000100N75WELCOM,2026-08-09T04:30:11Z,LOW,30,STEADY,True,True,
2026-08-09T04:47:49Z,IL,IL00072IE015200041,2026-08-09T04:47:17Z,11,16,STEADY,True,True,
2026-08-09T04:47:49Z,IL,IL00074IE011400005,2026-08-09T04:47:05Z,14,25,FILLING,True,True,
2026-08-09T04:47:49Z,IL,IL00072IW015200014,2026-08-09T04:47:41Z,Unknown,17,Unknown,True,False,
2026-08-09T04:47:49Z,IL,IL00074IE002800030,2026-08-09T04:47:41Z,Unknown,14,Unknown,True,False,
2026-08-09T04:47:49Z,IL,IL00064IE002500038,2026-08-09T04:47:41Z,Unknown,0,Unknown,True,False,
2026-08-09T04:47:49Z,IL,IL00055IN014900028,2026-08-09T04:47:41Z,Unknown,0,Unknown,True,False,
2026-08-09T04:47:49Z,IL,IL00070IE008600051,2026-08-09T04:47:41Z,0,0,Unknown,False,False,
2026-08-09T04:47:49Z,IL,IL00064IW002500011,2026-08-09T04:47:41Z,Unknown,0,Unknown,True,False,
2026-08-09T04:47:49Z,IL,IL00064IW008500012,2026-08-09T04:47:42Z,Unknown,0,Unknown,True,False,
2026-08-09T04:47:49Z,IL,IL00064IE008500039,2026-08-09T04:47:42Z,Unknown,0,Unknown,True,False,
2026-08-09T04:47:49Z,IL,IL00057IN026800032,2026-08-09T04:47:42Z,Unknown,25,Unknown,True,False,
2026-08-09T04:47:49Z,IL,IL00057IN022200048,2026-08-09T04:47:42Z,Unknown,0,Unknown,True,False,
2026-08-09T04:47:49Z,IL,IL00080IE011700043,2026-08-09T04:47:42Z,Unknown,31,Unknown,True,False,
2026-08-09T04:47:49Z,IL,IL00070IW002700015,2026-08-09T04:47:42Z,Unknown,0,Unknown,True,False,
2026-08-09T04:47:49Z,IL,IL00070IE002700042,2026-08-09T04:47:42Z,Unknown,0,Unknown,True,False,
2026-08-09T04:47:49Z,IL,IL00055IS006400017,2026-08-09T04:47:42Z,Unknown,0,Unknown,True,False,
2026-08-09T04:47:49Z,IL,IL00039IS008500026,2026-08-09T04:47:42Z,Unknown,42,Unknown,True,False,
2026-08-09T04:47:49Z,IL,IL00064IW013000053,2026-08-09T04:47:42Z,0,0,Unknown,False,False,
2026-08-09T04:47:49Z,IL,IL00039IN008500036,2026-08-09T04:47:42Z,Unknown,42,Unknown,True,False,
2026-08-09T04:47:49Z,IL,IL00055IN002700029,2026-08-09T04:47:42Z,Unknown,0,Unknown,True,False,
2026-08-09T04:47:49Z,IL,IL00080IE005100040,2026-08-09T04:47:42Z,Unknown,39,Unknown,True,False,
2026-08-09T04:47:49Z,IL,IL00057IN011400033,2026-08-09T04:47:42Z,Unknown,0,Unknown,True,False,
2026-08-09T04:47:49Z,IL,IL00057IS022200054,2026-08-09T04:47:42Z,Unknown,0,Unknown,True,False,
2026-08-09T04:47:49Z,IL,IL00055IN010400050,2026-08-09T04:47:42Z,0,0,Unknown,False,False,
2026-08-09T04:47:49Z,IL,IL00057IN007900034,2026-08-09T04:47:42Z,Unknown,0,Unknown,True,False,
2026-08-09T04:47:49Z,IL,IL00057IS011400023,2026-08-09T04:47:42Z,Unknown,0,Unknown,True,False,
2026-08-09T04:47:49Z,IL,IL00080IW011700016,2026-08-09T04:47:42Z,Unknown,39,Unknown,True,False,
2026-08-09T04:47:49Z,IL,IL00074IW002800020,2026-08-09T04:47:42Z,Unknown,15,Unknown,True,False,
2026-08-09T04:47:49Z,IL,IL00080IW005100013,2026-08-09T04:47:43Z,Unknown,47,Unknown,True,False,
2026-08-09T04:47:49Z,IL,IL00057IS033300046,2026-08-09T04:47:43Z,Unknown,0,Unknown,True,False,
2026-08-09T04:47:49Z,IL,IL00055IN019400031,2026-08-09T04:47:43Z,Unknown,36,Unknown,True,False,
2026-08-09T04:47:49Z,IL,IL00057IS007900047,2026-08-09T04:47:43Z,Unknown,0,Unknown,True,False,
2026-08-09T04:47:49Z,IL,IL00074IW020800052,2026-08-09T04:47:43Z,Unknown,0,Unknown,True,False,
2026-08-09T04:47:49Z,IL,IL00074IW015600009,2026-08-09T04:47:43Z,Unknown,0,Unknown,True,False,
2026-08-09T04:47:49Z,IL,IL00024IW003700010,2026-08-09T04:47:43Z,Unknown,0,Unknown,True,False,
2026-08-09T04:47:49Z,IL,IL00055IS002700019,2026-08-09T04:47:43Z,Unknown,0,Unknown,True,False,
2026-08-09T04:47:49Z,IL,IL00057IN033300049,2026-08-09T04:47:43Z,Unknown,0,Unknown,True,False,
2026-08-09T04:47:49Z,IL,IL00074IE015600037,2026-08-09T04:47:43Z,Unknown,0,Unknown,True,False,
2026-08-09T04:47:49Z,IL,IL00055IS019400021,2026-08-09T04:47:43Z,Unknown,29,Unknown,True,False,
2026-08-09T04:47:49Z,IL,IL00057IS026800022,2026-08-09T04:47:43Z,Unknown,27,Unknown,True,False,
2026-08-09T04:47:49Z,IL,IL00055IN006400027,2026-08-09T04:47:43Z,Unknown,0,Unknown,True,False,
2026-08-09T04:47:49Z,IL,IL00074IW006200004,2026-08-09T04:47:12Z,7,12,STEADY,True,True,
2026-08-09T04:47:49Z,IL,IL00070IW008700045,2026-08-09T04:47:04Z,0,15,STEADY,True,True,
2026-08-09T04:47:49Z,IL,IL00057IS016500018,2026-08-09T04:47:04Z,1,15,CLEARING,True,True,
2026-08-09T04:47:49Z,IL,IL00074IW011400006,2026-08-09T04:47:04Z,9,18,STEADY,True,True,
2026-08-09T04:47:49Z,IL,IL00074IE006200001,2026-08-09T04:47:05Z,3,13,STEADY,True,True,
2026-08-09T04:47:49Z,IL,IL00070IW014900008,2026-08-09T04:46:54Z,Unknown,39,Unknown,True,False,
2026-08-09T04:47:49Z,IL,IL00057IN016500044,2026-08-09T04:47:05Z,0,15,STEADY,False,False,
2026-08-09T04:47:49Z,IL,IL00055IS010400024,2026-08-09T04:47:05Z,Unknown,0,STEADY,,False,
2026-08-09T04:47:49Z,IL,IL00057IS003200025,2026-08-09T04:47:05Z,Unknown,0,STEADY,,False,
2026-08-09T04:47:49Z,IL,IL00057IN003200035,2026-08-09T04:47:05Z,Unknown,17,STEADY,,False,
2026-08-09T04:47:49Z,IN,322,2026-08-09T00:35:00-04:00,61,75,,True,false,
2026-08-09T04:47:49Z,IN,317,2026-08-09T00:35:00-04:00,LOW,58,,True,true,
2026-08-09T04:47:49Z,IN,316,2026-08-09T00:35:00-04:00,40,58,,True,false,
2026-08-09T04:47:49Z,IN,315,2026-08-09T00:35:00-04:00,Unknown,36,,False,true,
2026-08-09T04:47:49Z,IN,314,2026-08-09T00:35:00-04:00,Unknown,36,,False,true,
2026-08-09T04:47:49Z,IN,313,2026-08-09T00:35:00-04:00,LOW,75,,True,true,
2026-08-09T04:47:49Z,IN,312,2026-08-09T00:35:00-04:00,8,75,,True,true,
2026-08-09T04:47:49Z,IN,311,2026-08-09T00:35:00-04:00,Unknown,13,,False,true,
2026-08-09T04:47:49Z,IN,310,2026-08-09T00:35:00-04:00,Unknown,13,,False,true,
2026-08-09T04:47:49Z,IN,308,2026-08-09T00:35:00-04:00,27,75,,True,true,
2026-08-09T04:47:49Z,IN,309,2026-08-09T00:35:00-04:00,87,150,,True,true,
2026-08-09T04:47:49Z,IN,318,2026-08-09T00:35:00-04:00,LOW,78,,True,true,
2026-08-09T04:47:49Z,IN,319,2026-08-09T00:35:00-04:00,13,78,,True,true,
2026-08-09T04:47:49Z,IN,320,2026-08-09T00:35:00-04:00,28,83,,True,true,
2026-08-09T04:47:49Z,IN,321,2026-08-09T00:35:00-04:00,21,41,,True,false,
2026-08-09T04:47:49Z,IN,300,2026-08-09T00:35:00-04:00,77,128,,True,false,
2026-08-09T04:47:49Z,IN,302,2026-08-09T00:35:00-04:00,8,30,,True,true,
2026-08-09T04:47:49Z,IN,301,2026-08-09T00:35:00-04:00,LOW,30,,True,true,
2026-08-09T04:47:49Z,IN,303,2026-08-09T00:35:00-04:00,60,194,,True,true,
2026-08-09T04:47:49Z,IN,304,2026-08-09T00:35:00-04:00,LOW,99,,True,true,
2026-08-09T04:47:49Z,IN,305,2026-08-09T00:35:00-04:00,Unknown,156,,False,true,
2026-08-09T04:47:49Z,IN,323,2026-08-09T00:35:00-04:00,20,40,,True,true,
2026-08-09T04:47:49Z,IN,702,2026-08-09T00:35:00-04:00,38,75,,True,false,
2026-08-09T04:47:49Z,IN,701,2026-08-09T00:35:00-04:00,30,60,,True,false,
2026-08-09T04:47:49Z,IN,704,2026-08-09T00:35:00-04:00,40,80,,True,false,
2026-08-09T04:47:49Z,IN,703,2026-08-09T00:35:00-04:00,55,110,,True,false,
2026-08-09T04:47:49Z,IN,706,2026-08-09T00:35:00-04:00,35,70,,True,false,
2026-08-09T04:47:49Z,IN,705,2026-08-09T00:35:00-04:00,30,60,,True,false,
2026-08-09T04:47:49Z,IN,708,2026-08-09T00:35:00-04:00,23,45,,True,false,
2026-08-09T04:47:49Z,IN,707,2026-08-09T00:35:00-04:00,20,40,,True,false,
2026-08-09T04:47:49Z,IN,324,2026-08-09T00:35:00-04:00,16,31,,True,true,
2026-08-09T04:47:49Z,KY,KY00065IS0000020N65WELCOM,2026-08-09T04:46:02Z,LOW,21,STEADY,True,True,
2026-08-09T04:47:49Z,KY,KY00065IS000020NSMARATHON,2025-12-19T00:36:53Z,25,60,STEADY,True,False,
2026-08-09T04:47:49Z,KY,KY00065IS0000340NWEIGHS34,2026-07-01T19:04:41Z,38,40,STEADY,True,False,
2026-08-09T04:47:49Z,KY,KY00065IS0011400S65SRA114,2026-08-09T04:46:10Z,LOW,26,STEADY,True,True,
2026-08-09T04:47:49Z,KY,KY00065IS0005900S65SRA059,2026-08-09T04:46:07Z,LOW,109,FILLING,True,True,
2026-08-09T04:47:49Z,KY,KY00065IS0005900N65NRA059,2026-08-09T04:46:04Z,13,113,STEADY,True,True,
2026-08-09T04:47:49Z,KY,KY00075IS0003300NWEIGHS33,2026-08-09T04:45:46Z,50,50,STEADY,True,False,
2026-08-09T04:47:49Z,KY,KY00075IS0003400SWEIGHS34,2026-08-09T04:45:49Z,15,40,STEADY,True,True,
2026-08-09T04:47:49Z,KY,KY00075IS0017700N75NRA177,2026-07-13T10:37:14Z,LOW,53,CLEARING,True,False,
2026-08-09T04:47:49Z,KY,KY00075IS0007500SWALTONWS,2026-08-09T04:45:56Z,39,45,FILLING,True,True,
2026-08-09T04:47:49Z,KY,KY00075IS0017700S75SRA177,2026-08-09T04:45:47Z,36,67,FILLING,True,True,
2026-08-09T04:47:49Z,KY,KY00075IS0016800SCRITENWS,2026-08-09T04:45:51Z,35,39,FILLING,True,True,
2026-08-09T04:47:49Z,KY,KY00075IS0000100N75WELCOM,2026-08-09T04:46:11Z,LOW,30,STEADY,True,True,
2026-08-09T05:04:17Z,IL,IL00074IE011400005,2026-08-09T05:04:15Z,15,25,STEADY,True,True,
2026-08-09T05:04:17Z,IL,IL00057IN033300049,2026-08-09T05:04:15Z,Unknown,0,Unknown,True,False,
2026-08-09T05:04:17Z,IL,IL00057IN007900034,2026-08-09T05:04:15Z,Unknown,0,Unknown,True,False,
2026-08-09T05:04:17Z,IL,IL00070IE008600051,2026-08-09T05:04:15Z,0,0,Unknown,False,False,
2026-08-09T05:04:17Z,IL,IL00080IE011700043,2026-08-09T05:04:15Z,Unknown,31,Unknown,True,False,
2026-08-09T05:04:17Z,IL,IL00024IW003700010,2026-08-09T05:04:15Z,Unknown,0,Unknown,True,False,
2026-08-09T05:04:17Z,IL,IL00074IW020800052,2026-08-09T05:04:15Z,Unknown,0,Unknown,True,False,
2026-08-09T05:04:17Z,IL,IL00064IW002500011,2026-08-09T05:04:15Z,Unknown,0,Unknown,True,False,
2026-08-09T05:04:17Z,IL,IL00055IS002700019,2026-08-09T05:04:15Z,Unknown,0,Unknown,True,False,
2026-08-09T05:04:17Z,IL,IL00074IE002800030,2026-08-09T05:04:15Z,Unknown,14,Unknown,True,False,
2026-08-09T05:04:17Z,IL,IL00080IW005100013,2026-08-09T05:04:15Z,Unknown,47,Unknown,True,False,
2026-08-09T05:04:17Z,IL,IL00055IN002700029,2026-08-09T05:04:15Z,Unknown,0,Unknown,True,False,
2026-08-09T05:04:17Z,IL,IL00057IN022200048,2026-08-09T05:04:15Z,Unknown,0,Unknown,True,False,
2026-08-09T05:04:17Z,IL,IL00074IW015600009,2026-08-09T05:04:15Z,Unknown,0,Unknown,True,False,
2026-08-09T05:04:17Z,IL,IL00055IN010400050,2026-08-09T05:04:15Z,0,0,Unknown,False,False,
2026-08-09T05:04:17Z,IL,IL00074IE015600037,2026-08-09T05:04:15Z,Unknown,0,Unknown,True,False,
2026-08-09T05:04:17Z,IL,IL00070IW002700015,2026-08-09T05:04:15Z,Unknown,0,Unknown,True,False,
2026-08-09T05:04:17Z,IL,IL00080IE005100040,2026-08-09T05:04:16Z,Unknown,39,Unknown,True,False,
2026-08-09T05:04:17Z,IL,IL00074IW002800020,2026-08-09T05:04:16Z,Unknown,15,Unknown,True,False,
2026-08-09T05:04:17Z,IL,IL00080IW011700016,2026-08-09T05:04:16Z,Unknown,39,Unknown,True,False,
2026-08-09T05:04:17Z,IL,IL00055IS006400017,2026-08-09T05:04:16Z,Unknown,0,Unknown,True,False,
2026-08-09T05:04:17Z,IL,IL00057IS022200054,2026-08-09T05:04:16Z,Unknown,0,Unknown,True,False,
2026-08-09T05:04:17Z,IL,IL00055IS019400021,2026-08-09T05:04:16Z,Unknown,29,Unknown,True,False,
2026-08-09T05:04:17Z,IL,IL00057IS033300046,2026-08-09T05:04:16Z,Unknown,0,Unknown,True,False,
2026-08-09T05:04:17Z,IL,IL00057IS007900047,2026-08-09T05:04:16Z,Unknown,0,Unknown,True,False,
2026-08-09T05:04:17Z,IL,IL00039IS008500026,2026-08-09T05:04:16Z,Unknown,42,Unknown,True,False,
2026-08-09T05:04:17Z,IL,IL00072IE015200041,2026-08-09T05:03:06Z,11,16,STEADY,True,True,
2026-08-09T05:04:17Z,IL,IL00055IN014900028,2026-08-09T05:04:16Z,Unknown,0,Unknown,True,False,
2026-08-09T05:04:17Z,IL,IL00057IN026800032,2026-08-09T05:04:16Z,Unknown,25,Unknown,True,False,
2026-08-09T05:04:17Z,IL,IL00064IW013000053,2026-08-09T05:04:16Z,0,0,Unknown,False,False,
2026-08-09T05:04:17Z,IL,IL00055IN019400031,2026-08-09T05:04:16Z,Unknown,36,Unknown,True,False,
2026-08-09T05:04:17Z,IL,IL00057IN011400033,2026-08-09T05:04:16Z,Unknown,0,Unknown,True,False,
2026-08-09T05:04:17Z,IL,IL00057IS026800022,2026-08-09T05:04:16Z,Unknown,27,Unknown,True,False,
2026-08-09T05:04:17Z,IL,IL00057IS011400023,2026-08-09T05:04:16Z,Unknown,0,Unknown,True,False,
2026-08-09T05:04:17Z,IL,IL00055IN006400027,2026-08-09T05:04:16Z,Unknown,0,Unknown,True,False,
2026-08-09T05:04:17Z,IL,IL00039IN008500036,2026-08-09T05:04:16Z,Unknown,42,Unknown,True,False,
2026-08-09T05:04:17Z,IL,IL00064IE002500038,2026-08-09T05:04:16Z,Unknown,0,Unknown,True,False,
2026-08-09T05:04:17Z,IL,IL00072IW015200014,2026-08-09T05:04:16Z,Unknown,17,Unknown,True,False,
2026-08-09T05:04:17Z,IL,IL00070IE002700042,2026-08-09T05:04:16Z,Unknown,0,Unknown,True,False,
2026-08-09T05:04:17Z,IL,IL00064IW008500012,2026-08-09T05:04:16Z,Unknown,0,Unknown,True,False,
2026-08-09T05:04:17Z,IL,IL00064IE008500039,2026-08-09T05:04:17Z,Unknown,0,Unknown,True,False,
2026-08-09T05:04:17Z,IL,IL00074IW006200004,2026-08-09T05:03:37Z,7,12,STEADY,True,True,
2026-08-09T05:04:17Z,IL,IL00070IW008700045,2026-08-09T05:03:05Z,0,15,STEADY,True,True,
2026-08-09T05:04:17Z,IL,IL00057IS016500018,2026-08-09T05:03:21Z,0,15,STEADY,True,True,
2026-08-09T05:04:17Z,IL,IL00074IW011400006,2026-08-09T05:03:23Z,8,18,STEADY,True,True,
2026-08-09T05:04:17Z,IL,IL00074IE006200001,2026-08-09T05:03:24Z,3,13,STEADY,True,True,
2026-08-09T05:04:17Z,IL,IL00070IW014900008,2026-08-09T05:02:40Z,Unknown,39,Unknown,True,False,
2026-08-09T05:04:17Z,IL,IL00057IN016500044,2026-08-09T05:03:06Z,0,15,FILLING,False,False,
2026-08-09T05:04:17Z,IL,IL00055IS010400024,2026-08-09T05:03:05Z,Unknown,0,STEADY,,False,
2026-08-09T05:04:17Z,IL,IL00057IS003200025,2026-08-09T05:03:05Z,Unknown,0,STEADY,,False,
2026-08-09T05:04:17Z,IL,IL00057IN003200035,2026-08-09T05:03:06Z,Unknown,17,STEADY,,False,
2026-08-09T05:04:17Z,IN,322,2026-08-09T00:50:00-04:00,61,75,,True,false,
2026-08-09T05:04:17Z,IN,317,2026-08-09T00:50:00-04:00,LOW,58,,True,true,
2026-08-09T05:04:17Z,IN,316,2026-08-09T00:50:00-04:00,39,58,,True,false,
2026-08-09T05:04:17Z,IN,315,2026-08-09T00:50:00-04:00,Unknown,36,,False,true,
2026-08-09T05:04:17Z,IN,314,2026-08-09T00:50:00-04:00,Unknown,36,,False,true,
2026-08-09T05:04:17Z,IN,313,2026-08-09T00:50:00-04:00,LOW,75,,True,true,
2026-08-09T05:04:17Z,IN,312,2026-08-09T00:50:00-04:00,8,75,,True,true,
2026-08-09T05:04:17Z,IN,311,2026-08-09T00:50:00-04:00,Unknown,13,,False,true,
2026-08-09T05:04:17Z,IN,310,2026-08-09T00:50:00-04:00,Unknown,13,,False,true,
2026-08-09T05:04:17Z,IN,308,2026-08-09T00:50:00-04:00,26,75,,True,true,
2026-08-09T05:04:17Z,IN,309,2026-08-09T00:50:00-04:00,87,150,,True,true,
2026-08-09T05:04:17Z,IN,318,2026-08-09T00:50:00-04:00,LOW,78,,True,true,
2026-08-09T05:04:17Z,IN,319,2026-08-09T00:50:00-04:00,13,78,,True,true,
2026-08-09T05:04:17Z,IN,320,2026-08-09T00:50:00-04:00,27,83,,True,true,
2026-08-09T05:04:17Z,IN,321,2026-08-09T00:50:00-04:00,21,41,,True,false,
2026-08-09T05:04:17Z,IN,300,2026-08-09T00:50:00-04:00,76,128,,True,false,
2026-08-09T05:04:17Z,IN,302,2026-08-09T00:50:00-04:00,8,30,,True,true,
2026-08-09T05:04:17Z,IN,301,2026-08-09T00:50:00-04:00,LOW,30,,True,true,
2026-08-09T05:04:17Z,IN,303,2026-08-09T00:50:00-04:00,52,194,,True,true,
2026-08-09T05:04:17Z,IN,304,2026-08-09T00:50:00-04:00,LOW,99,,True,true,
2026-08-09T05:04:17Z,IN,305,2026-08-09T00:50:00-04:00,Unknown,156,,False,true,
2026-08-09T05:04:17Z,IN,323,2026-08-09T00:50:00-04:00,20,40,,True,true,
2026-08-09T05:04:17Z,IN,702,2026-08-09T00:50:00-04:00,38,75,,True,false,
2026-08-09T05:04:17Z,IN,701,2026-08-09T00:50:00-04:00,30,60,,True,false,
2026-08-09T05:04:17Z,IN,704,2026-08-09T00:50:00-04:00,40,80,,True,false,
2026-08-09T05:04:17Z,IN,703,2026-08-09T00:50:00-04:00,55,110,,True,false,
2026-08-09T05:04:17Z,IN,706,2026-08-09T00:50:00-04:00,35,70,,True,false,
2026-08-09T05:04:17Z,IN,705,2026-08-09T00:50:00-04:00,30,60,,True,false,
2026-08-09T05:04:17Z,IN,708,2026-08-09T00:50:00-04:00,23,45,,True,false,
2026-08-09T05:04:17Z,IN,707,2026-08-09T00:50:00-04:00,20,40,,True,false,
2026-08-09T05:04:17Z,IN,324,2026-08-09T00:50:00-04:00,16,31,,True,true,
2026-08-09T05:04:17Z,KY,KY00065IS0000020N65WELCOM,2026-08-09T05:03:01Z,LOW,21,STEADY,True,True,
2026-08-09T05:04:17Z,KY,KY00065IS000020NSMARATHON,2025-12-19T00:36:53Z,25,60,STEADY,True,False,
2026-08-09T05:04:17Z,KY,KY00065IS0000340NWEIGHS34,2026-07-01T19:04:41Z,38,40,STEADY,True,False,
2026-08-09T05:04:17Z,KY,KY00065IS0011400S65SRA114,2026-08-09T05:03:09Z,LOW,26,STEADY,True,True,
2026-08-09T05:04:17Z,KY,KY00065IS0005900S65SRA059,2026-08-09T05:03:08Z,LOW,109,FILLING,True,True,
2026-08-09T05:04:17Z,KY,KY00065IS0005900N65NRA059,2026-08-09T05:03:04Z,13,113,STEADY,True,True,
2026-08-09T05:04:17Z,KY,KY00075IS0003300NWEIGHS33,2026-08-09T05:02:46Z,50,50,STEADY,True,False,
2026-08-09T05:04:17Z,KY,KY00075IS0003400SWEIGHS34,2026-08-09T05:02:50Z,16,40,STEADY,True,True,
2026-08-09T05:04:17Z,KY,KY00075IS0017700N75NRA177,2026-07-13T10:37:14Z,LOW,53,CLEARING,True,False,
2026-08-09T05:04:17Z,KY,KY00075IS0007500SWALTONWS,2026-08-09T05:02:56Z,40,45,STEADY,True,True,
2026-08-09T05:04:17Z,KY,KY00075IS0017700S75SRA177,2026-08-09T05:02:48Z,LOW,67,FILLING,True,True,
2026-08-09T05:04:17Z,KY,KY00075IS0016800SCRITENWS,2026-08-09T05:02:52Z,31,39,FILLING,True,True,
2026-08-09T05:04:17Z,KY,KY00075IS0000100N75WELCOM,2026-08-09T05:03:12Z,LOW,30,STEADY,True,True,
2026-08-09T05:20:46Z,IL,IL00055IS019400021,2026-08-09T05:20:33Z,Unknown,29,Unknown,True,False,
2026-08-09T05:20:46Z,IL,IL00055IN014900028,2026-08-09T05:20:33Z,Unknown,0,Unknown,True,False,
2026-08-09T05:20:46Z,IL,IL00080IE011700043,2026-08-09T05:20:33Z,Unknown,31,Unknown,True,False,
2026-08-09T05:20:46Z,IL,IL00064IW013000053,2026-08-09T05:20:34Z,0,0,Unknown,False,False,
2026-08-09T05:20:46Z,IL,IL00057IN022200048,2026-08-09T05:20:34Z,Unknown,0,Unknown,True,False,
2026-08-09T05:20:46Z,IL,IL00064IE002500038,2026-08-09T05:20:34Z,Unknown,0,Unknown,True,False,
2026-08-09T05:20:46Z,IL,IL00039IS008500026,2026-08-09T05:20:34Z,Unknown,42,Unknown,True,False,
2026-08-09T05:20:46Z,IL,IL00070IE002700042,2026-08-09T05:20:34Z,Unknown,0,Unknown,True,False,
2026-08-09T05:20:46Z,IL,IL00070IW002700015,2026-08-09T05:20:34Z,Unknown,0,Unknown,True,False,
2026-08-09T05:20:46Z,IL,IL00055IS006400017,2026-08-09T05:20:34Z,Unknown,0,Unknown,True,False,
2026-08-09T05:20:46Z,IL,IL00074IE002800030,2026-08-09T05:20:34Z,Unknown,14,Unknown,True,False,
2026-08-09T05:20:46Z,IL,IL00055IN019400031,2026-08-09T05:20:34Z,Unknown,36,Unknown,True,False,
2026-08-09T05:20:46Z,IL,IL00057IN007900034,2026-08-09T05:20:34Z,Unknown,0,Unknown,True,False,
2026-08-09T05:20:46Z,IL,IL00074IE015600037,2026-08-09T05:20:34Z,Unknown,0,Unknown,True,False,
2026-08-09T05:20:46Z,IL,IL00070IE008600051,2026-08-09T05:20:34Z,0,0,Unknown,False,False,
2026-08-09T05:20:46Z,IL,IL00055IN010400050,2026-08-09T05:20:34Z,0,0,Unknown,False,False,
2026-08-09T05:20:46Z,IL,IL00057IN011400033,2026-08-09T05:20:34Z,Unknown,0,Unknown,True,False,
2026-08-09T05:20:46Z,IL,IL00039IN008500036,2026-08-09T05:20:34Z,Unknown,42,Unknown,True,False,
2026-08-09T05:20:46Z,IL,IL00057IS026800022,2026-08-09T05:20:34Z,Unknown,27,Unknown,True,False,
2026-08-09T05:20:46Z,IL,IL00057IS011400023,2026-08-09T05:20:34Z,Unknown,0,Unknown,True,False,
2026-08-09T05:20:46Z,IL,IL00057IS033300046,2026-08-09T05:20:34Z,Unknown,0,Unknown,True,False,
2026-08-09T05:20:46Z,IL,IL00057IS007900047,2026-08-09T05:20:34Z,Unknown,0,Unknown,True,False,
2026-08-09T05:20:46Z,IL,IL00080IE005100040,2026-08-09T05:20:34Z,Unknown,39,Unknown,True,False,
2026-08-09T05:20:46Z,IL,IL00024IW003700010,2026-08-09T05:20:35Z,Unknown,0,Unknown,True,False,
2026-08-09T05:20:46Z,IL,IL00064IW002500011,2026-08-09T05:20:35Z,Unknown,0,Unknown,True,False,
2026-08-09T05:20:46Z,IL,IL00072IW015200014,2026-08-09T05:20:35Z,Unknown,17,Unknown,True,False,
2026-08-09T05:20:46Z,IL,IL00055IN006400027,2026-08-09T05:20:35Z,Unknown,0,Unknown,True,False,
2026-08-09T05:20:46Z,IL,IL00057IN026800032,2026-08-09T05:20:35Z,Unknown,25,Unknown,True,False,
2026-08-09T05:20:46Z,IL,IL00080IW005100013,2026-08-09T05:20:35Z,Unknown,47,Unknown,True,False,
2026-08-09T05:20:46Z,IL,IL00080IW011700016,2026-08-09T05:20:35Z,Unknown,39,Unknown,True,False,
2026-08-09T05:20:46Z,IL,IL00055IS002700019,2026-08-09T05:20:35Z,Unknown,0,Unknown,True,False,
2026-08-09T05:20:46Z,IL,IL00074IW015600009,2026-08-09T05:20:35Z,Unknown,0,Unknown,True,False,
2026-08-09T05:20:46Z,IL,IL00064IW008500012,2026-08-09T05:20:35Z,Unknown,0,Unknown,True,False,
2026-08-09T05:20:46Z,IL,IL00074IW020800052,2026-08-09T05:20:35Z,Unknown,0,Unknown,True,False,
2026-08-09T05:20:46Z,IL,IL00057IS022200054,2026-08-09T05:20:35Z,Unknown,0,Unknown,True,False,
2026-08-09T05:20:46Z,IL,IL00057IN033300049,2026-08-09T05:20:35Z,Unknown,0,Unknown,True,False,
2026-08-09T05:20:46Z,IL,IL00055IN002700029,2026-08-09T05:20:35Z,Unknown,0,Unknown,True,False,
2026-08-09T05:20:46Z,IL,IL00074IW002800020,2026-08-09T05:20:35Z,Unknown,15,Unknown,True,False,
2026-08-09T05:20:46Z,IL,IL00064IE008500039,2026-08-09T05:20:35Z,Unknown,0,Unknown,True,False,
2026-08-09T05:20:46Z,IL,IL00074IE011400005,2026-08-09T05:20:37Z,15,25,STEADY,True,True,
2026-08-09T05:20:46Z,IL,IL00072IE015200041,2026-08-09T05:19:30Z,9,16,FILLING,True,True,
2026-08-09T05:20:46Z,IL,IL00074IW006200004,2026-08-09T05:20:38Z,8,12,CLEARING,True,True,
2026-08-09T05:20:46Z,IL,IL00070IW008700045,2026-08-09T05:19:28Z,0,15,STEADY,True,True,
2026-08-09T05:20:46Z,IL,IL00057IS016500018,2026-08-09T05:19:29Z,0,15,STEADY,True,True,
2026-08-09T05:20:46Z,IL,IL00074IW011400006,2026-08-09T05:20:40Z,9,18,STEADY,True,True,
2026-08-09T05:20:46Z,IL,IL00074IE006200001,2026-08-09T05:20:41Z,3,13,STEADY,True,True,
2026-08-09T05:20:46Z,IL,IL00070IW014900008,2026-08-09T05:18:51Z,Unknown,39,Unknown,True,False,
2026-08-09T05:20:46Z,IL,IL00057IN016500044,2026-08-09T05:20:44Z,0,15,STEADY,False,False,
2026-08-09T05:20:46Z,IL,IL00055IS010400024,2026-08-09T05:19:29Z,Unknown,0,STEADY,,False,
2026-08-09T05:20:46Z,IL,IL00057IS003200025,2026-08-09T05:19:29Z,Unknown,0,STEADY,,False,
2026-08-09T05:20:46Z,IL,IL00057IN003200035,2026-08-09T05:19:30Z,Unknown,17,STEADY,,False,
2026-08-09T05:20:46Z,IN,322,2026-08-09T01:05:00-04:00,59,75,,True,false,
2026-08-09T05:20:46Z,IN,317,2026-08-09T01:05:00-04:00,LOW,58,,True,true,
2026-08-09T05:20:46Z,IN,316,2026-08-09T01:05:00-04:00,38,58,,True,false,
2026-08-09T05:20:46Z,IN,315,2026-08-09T01:05:00-04:00,Unknown,36,,False,true,
2026-08-09T05:20:46Z,IN,314,2026-08-09T01:05:00-04:00,Unknown,36,,False,true,
2026-08-09T05:20:46Z,IN,313,2026-08-09T01:05:00-04:00,LOW,75,,True,true,
2026-08-09T05:20:46Z,IN,312,2026-08-09T01:05:00-04:00,9,75,,True,true,
2026-08-09T05:20:46Z,IN,311,2026-08-09T01:05:00-04:00,Unknown,13,,False,true,
2026-08-09T05:20:46Z,IN,310,2026-08-09T01:05:00-04:00,Unknown,13,,False,true,
2026-08-09T05:20:46Z,IN,308,2026-08-09T01:05:00-04:00,24,75,,True,true,
2026-08-09T05:20:46Z,IN,309,2026-08-09T01:05:00-04:00,88,150,,True,true,
2026-08-09T05:20:46Z,IN,318,2026-08-09T01:05:00-04:00,LOW,78,,True,true,
2026-08-09T05:20:46Z,IN,319,2026-08-09T01:05:00-04:00,9,78,,True,true,
2026-08-09T05:20:46Z,IN,320,2026-08-09T01:05:00-04:00,22,83,,True,true,
2026-08-09T05:20:46Z,IN,321,2026-08-09T01:05:00-04:00,21,41,,True,false,
2026-08-09T05:20:46Z,IN,300,2026-08-09T01:05:00-04:00,73,128,,True,false,
2026-08-09T05:20:46Z,IN,302,2026-08-09T01:05:00-04:00,LOW,30,,True,true,
2026-08-09T05:20:46Z,IN,301,2026-08-09T01:05:00-04:00,LOW,30,,True,true,
2026-08-09T05:20:46Z,IN,303,2026-08-09T01:05:00-04:00,44,194,,True,true,
2026-08-09T05:20:46Z,IN,304,2026-08-09T01:05:00-04:00,LOW,99,,True,true,
2026-08-09T05:20:46Z,IN,305,2026-08-09T01:05:00-04:00,Unknown,156,,False,true,
2026-08-09T05:20:46Z,IN,323,2026-08-09T01:05:00-04:00,20,40,,True,true,
2026-08-09T05:20:46Z,IN,702,2026-08-09T01:05:00-04:00,38,75,,True,false,
2026-08-09T05:20:46Z,IN,701,2026-08-09T01:05:00-04:00,30,60,,True,false,
2026-08-09T05:20:46Z,IN,704,2026-08-09T01:05:00-04:00,40,80,,True,false,
2026-08-09T05:20:46Z,IN,703,2026-08-09T01:05:00-04:00,55,110,,True,false,
2026-08-09T05:20:46Z,IN,706,2026-08-09T01:05:00-04:00,35,70,,True,false,
2026-08-09T05:20:46Z,IN,705,2026-08-09T01:05:00-04:00,30,60,,True,false,
2026-08-09T05:20:46Z,IN,708,2026-08-09T01:05:00-04:00,23,45,,True,false,
2026-08-09T05:20:46Z,IN,707,2026-08-09T01:05:00-04:00,20,40,,True,false,
2026-08-09T05:20:46Z,IN,324,2026-08-09T01:05:00-04:00,16,31,,True,true,
2026-08-09T05:20:46Z,KY,KY00065IS0000020N65WELCOM,2026-08-09T05:19:01Z,LOW,21,FILLING,True,True,
2026-08-09T05:20:46Z,KY,KY00065IS000020NSMARATHON,2025-12-19T00:36:53Z,25,60,STEADY,True,False,
2026-08-09T05:20:46Z,KY,KY00065IS0000340NWEIGHS34,2026-07-01T19:04:41Z,38,40,STEADY,True,False,
2026-08-09T05:20:46Z,KY,KY00065IS0011400S65SRA114,2026-08-09T05:19:09Z,LOW,26,STEADY,True,True,
2026-08-09T05:20:46Z,KY,KY00065IS0005900S65SRA059,2026-08-09T05:19:09Z,LOW,109,STEADY,True,True,
2026-08-09T05:20:46Z,KY,KY00065IS0005900N65NRA059,2026-08-09T05:19:04Z,LOW,113,STEADY,True,True,
2026-08-09T05:20:46Z,KY,KY00075IS0003300NWEIGHS33,2026-08-09T05:18:46Z,50,50,STEADY,True,False,
2026-08-09T05:20:46Z,KY,KY00075IS0003400SWEIGHS34,2026-08-09T05:18:49Z,14,40,STEADY,True,True,
2026-08-09T05:20:46Z,KY,KY00075IS0017700N75NRA177,2026-07-13T10:37:14Z,LOW,53,CLEARING,True,False,
2026-08-09T05:20:46Z,KY,KY00075IS0007500SWALTONWS,2026-08-09T05:18:56Z,39,45,STEADY,True,True,
2026-08-09T05:20:46Z,KY,KY00075IS0017700S75SRA177,2026-08-09T05:18:47Z,LOW,67,STEADY,True,True,
2026-08-09T05:20:46Z,KY,KY00075IS0016800SCRITENWS,2026-08-09T05:18:52Z,30,39,STEADY,True,True,
2026-08-09T05:20:46Z,KY,KY00075IS0000100N75WELCOM,2026-08-09T05:19:12Z,LOW,30,STEADY,True,True,
2026-08-09T05:37:36Z,IL,IL00072IE015200041,2026-08-09T05:37:22Z,9,16,STEADY,True,True,
2026-08-09T05:37:36Z,IL,IL00080IW011700016,2026-08-09T05:37:33Z,Unknown,39,Unknown,True,False,
2026-08-09T05:37:36Z,IL,IL00057IN026800032,2026-08-09T05:37:33Z,Unknown,25,Unknown,True,False,
2026-08-09T05:37:36Z,IL,IL00055IS002700019,2026-08-09T05:37:33Z,Unknown,0,Unknown,True,False,
2026-08-09T05:37:36Z,IL,IL00055IN014900028,2026-08-09T05:37:33Z,Unknown,0,Unknown,True,False,
2026-08-09T05:37:36Z,IL,IL00074IE015600037,2026-08-09T05:37:33Z,Unknown,0,Unknown,True,False,
2026-08-09T05:37:36Z,IL,IL00057IN022200048,2026-08-09T05:37:33Z,Unknown,0,Unknown,True,False,
2026-08-09T05:37:36Z,IL,IL00057IS007900047,2026-08-09T05:37:33Z,Unknown,0,Unknown,True,False,
2026-08-09T05:37:36Z,IL,IL00057IS033300046,2026-08-09T05:37:33Z,Unknown,0,Unknown,True,False,
2026-08-09T05:37:36Z,IL,IL00064IW002500011,2026-08-09T05:37:33Z,Unknown,0,Unknown,True,False,
2026-08-09T05:37:36Z,IL,IL00064IE008500039,2026-08-09T05:37:33Z,Unknown,0,Unknown,True,False,
2026-08-09T05:37:36Z,IL,IL00070IW002700015,2026-08-09T05:37:33Z,Unknown,0,Unknown,True,False,
2026-08-09T05:37:36Z,IL,IL00074IW002800020,2026-08-09T05:37:33Z,Unknown,15,Unknown,True,False,
2026-08-09T05:37:36Z,IL,IL00072IW015200014,2026-08-09T05:37:34Z,Unknown,17,Unknown,True,False,
2026-08-09T05:37:36Z,IL,IL00070IE002700042,2026-08-09T05:37:34Z,Unknown,0,Unknown,True,False,
2026-08-09T05:37:36Z,IL,IL00080IE011700043,2026-08-09T05:37:34Z,Unknown,31,Unknown,True,False,
2026-08-09T05:37:36Z,IL,IL00057IN007900034,2026-08-09T05:37:34Z,Unknown,0,Unknown,True,False,
2026-08-09T05:37:36Z,IL,IL00074IE011400005,2026-08-09T05:36:55Z,15,25,STEADY,True,True,
2026-08-09T05:37:36Z,IL,IL00055IN010400050,2026-08-09T05:37:33Z,0,0,Unknown,False,False,
2026-08-09T05:37:36Z,IL,IL00057IS022200054,2026-08-09T05:37:34Z,Unknown,0,Unknown,True,False,
2026-08-09T05:37:36Z,IL,IL00057IN033300049,2026-08-09T05:37:34Z,Unknown,0,Unknown,True,False,
2026-08-09T05:37:36Z,IL,IL00057IN011400033,2026-08-09T05:37:34Z,Unknown,0,Unknown,True,False,
2026-08-09T05:37:36Z,IL,IL00055IS019400021,2026-08-09T05:37:34Z,Unknown,29,Unknown,True,False,
2026-08-09T05:37:36Z,IL,IL00039IS008500026,2026-08-09T05:37:34Z,Unknown,42,Unknown,True,False,
2026-08-09T05:37:36Z,IL,IL00080IE005100040,2026-08-09T05:37:34Z,Unknown,39,Unknown,True,False,
2026-08-09T05:37:36Z,IL,IL00074IE002800030,2026-08-09T05:37:34Z,Unknown,14,Unknown,True,False,
2026-08-09T05:37:36Z,IL,IL00064IW008500012,2026-08-09T05:37:34Z,Unknown,0,Unknown,True,False,
2026-08-09T05:37:36Z,IL,IL00057IS026800022,2026-08-09T05:37:34Z,Unknown,27,Unknown,True,False,
2026-08-09T05:37:36Z,IL,IL00070IE008600051,2026-08-09T05:37:34Z,0,0,Unknown,False,False,
2026-08-09T05:37:36Z,IL,IL00074IW015600009,2026-08-09T05:37:34Z,Unknown,0,Unknown,True,False,
2026-08-09T05:37:36Z,IL,IL00057IS011400023,2026-08-09T05:37:34Z,Unknown,0,Unknown,True,False,
2026-08-09T05:37:36Z,IL,IL00039IN008500036,2026-08-09T05:37:34Z,Unknown,42,Unknown,True,False,
2026-08-09T05:37:36Z,IL,IL00080IW005100013,2026-08-09T05:37:34Z,Unknown,47,Unknown,True,False,
2026-08-09T05:37:36Z,IL,IL00055IN006400027,2026-08-09T05:37:34Z,Unknown,0,Unknown,True,False,
2026-08-09T05:37:36Z,IL,IL00074IW020800052,2026-08-09T05:37:34Z,Unknown,0,Unknown,True,False,
2026-08-09T05:37:36Z,IL,IL00064IW013000053,2026-08-09T05:37:35Z,0,0,Unknown,False,False,
2026-08-09T05:37:36Z,IL,IL00055IN019400031,2026-08-09T05:37:35Z,Unknown,36,Unknown,True,False,
2026-08-09T05:37:36Z,IL,IL00024IW003700010,2026-08-09T05:37:35Z,Unknown,0,Unknown,True,False,
2026-08-09T05:37:36Z,IL,IL00055IS006400017,2026-08-09T05:37:35Z,Unknown,0,Unknown,True,False,
2026-08-09T05:37:36Z,IL,IL00055IN002700029,2026-08-09T05:37:35Z,Unknown,0,Unknown,True,False,
2026-08-09T05:37:36Z,IL,IL00064IE002500038,2026-08-09T05:37:35Z,Unknown,0,Unknown,True,False,
2026-08-09T05:37:36Z,IL,IL00074IW006200004,2026-08-09T05:36:56Z,8,12,STEADY,True,True,
2026-08-09T05:37:36Z,IL,IL00070IW008700045,2026-08-09T05:36:41Z,0,15,STEADY,True,True,
2026-08-09T05:37:36Z,IL,IL00057IS016500018,2026-08-09T05:35:27Z,2,15,CLEARING,True,True,
2026-08-09T05:37:36Z,IL,IL00074IW011400006,2026-08-09T05:36:57Z,9,18,STEADY,True,True,
2026-08-09T05:37:36Z,IL,IL00074IE006200001,2026-08-09T05:36:58Z,2,13,STEADY,True,True,
2026-08-09T05:37:36Z,IL,IL00070IW014900008,2026-08-09T05:37:07Z,Unknown,39,Unknown,True,False,
2026-08-09T05:37:36Z,IL,IL00057IN016500044,2026-08-09T05:35:41Z,0,15,STEADY,False,False,
2026-08-09T05:37:36Z,IL,IL00055IS010400024,2026-08-09T05:35:27Z,Unknown,0,STEADY,,False,
2026-08-09T05:37:36Z,IL,IL00057IS003200025,2026-08-09T05:35:27Z,Unknown,0,STEADY,,False,
2026-08-09T05:37:36Z,IL,IL00057IN003200035,2026-08-09T05:35:28Z,Unknown,17,STEADY,,False,
2026-08-09T05:37:36Z,IN,322,2026-08-09T01:25:00-04:00,57,75,,True,false,
2026-08-09T05:37:36Z,IN,317,2026-08-09T01:25:00-04:00,LOW,58,,True,true,
2026-08-09T05:37:36Z,IN,316,2026-08-09T01:25:00-04:00,36,58,,True,false,
2026-08-09T05:37:36Z,IN,315,2026-08-09T01:25:00-04:00,Unknown,36,,False,true,
2026-08-09T05:37:36Z,IN,314,2026-08-09T01:25:00-04:00,Unknown,36,,False,true,
2026-08-09T05:37:36Z,IN,313,2026-08-09T01:25:00-04:00,LOW,75,,True,true,
2026-08-09T05:37:36Z,IN,312,2026-08-09T01:25:00-04:00,11,75,,True,true,
2026-08-09T05:37:36Z,IN,311,2026-08-09T01:25:00-04:00,Unknown,13,,False,true,
2026-08-09T05:37:36Z,IN,310,2026-08-09T01:25:00-04:00,Unknown,13,,False,true,
2026-08-09T05:37:36Z,IN,308,2026-08-09T01:25:00-04:00,24,75,,True,true,
2026-08-09T05:37:36Z,IN,309,2026-08-09T01:25:00-04:00,86,150,,True,true,
2026-08-09T05:37:36Z,IN,318,2026-08-09T01:25:00-04:00,LOW,78,,True,true,
2026-08-09T05:37:36Z,IN,319,2026-08-09T01:25:00-04:00,8,78,,True,true,
2026-08-09T05:37:36Z,IN,320,2026-08-09T01:25:00-04:00,23,83,,True,true,
2026-08-09T05:37:36Z,IN,321,2026-08-09T01:25:00-04:00,21,41,,True,false,
2026-08-09T05:37:36Z,IN,300,2026-08-09T01:25:00-04:00,71,128,,True,false,
2026-08-09T05:37:36Z,IN,302,2026-08-09T01:25:00-04:00,6,30,,True,true,
2026-08-09T05:37:36Z,IN,301,2026-08-09T01:25:00-04:00,LOW,30,,True,true,
2026-08-09T05:37:36Z,IN,303,2026-08-09T01:25:00-04:00,41,194,,True,true,
2026-08-09T05:37:36Z,IN,304,2026-08-09T01:25:00-04:00,LOW,99,,True,true,
2026-08-09T05:37:36Z,IN,305,2026-08-09T01:25:00-04:00,Unknown,156,,False,true,
2026-08-09T05:37:36Z,IN,323,2026-08-09T01:25:00-04:00,20,40,,True,true,
2026-08-09T05:37:36Z,IN,702,2026-08-09T01:25:00-04:00,38,75,,True,false,
2026-08-09T05:37:36Z,IN,701,2026-08-09T01:25:00-04:00,30,60,,True,false,
2026-08-09T05:37:36Z,IN,704,2026-08-09T01:25:00-04:00,40,80,,True,false,
2026-08-09T05:37:36Z,IN,703,2026-08-09T01:25:00-04:00,55,110,,True,false,
2026-08-09T05:37:36Z,IN,706,2026-08-09T01:25:00-04:00,35,70,,True,false,
2026-08-09T05:37:36Z,IN,705,2026-08-09T01:25:00-04:00,30,60,,True,false,
2026-08-09T05:37:36Z,IN,708,2026-08-09T01:25:00-04:00,23,45,,True,false,
2026-08-09T05:37:36Z,IN,707,2026-08-09T01:25:00-04:00,20,40,,True,false,
2026-08-09T05:37:36Z,IN,324,2026-08-09T01:25:00-04:00,16,31,,True,true,
2026-08-09T05:37:36Z,KY,KY00065IS0000020N65WELCOM,2026-08-09T05:36:02Z,5,21,STEADY,True,True,
2026-08-09T05:37:36Z,KY,KY00065IS000020NSMARATHON,2025-12-19T00:36:53Z,25,60,STEADY,True,False,
2026-08-09T05:37:36Z,KY,KY00065IS0000340NWEIGHS34,2026-07-01T19:04:41Z,38,40,STEADY,True,False,
2026-08-09T05:37:36Z,KY,KY00065IS0011400S65SRA114,2026-08-09T05:36:10Z,LOW,26,STEADY,True,True,
2026-08-09T05:37:36Z,KY,KY00065IS0005900S65SRA059,2026-08-09T05:36:07Z,LOW,109,STEADY,True,True,
2026-08-09T05:37:36Z,KY,KY00065IS0005900N65NRA059,2026-08-09T05:36:04Z,LOW,113,STEADY,True,True,
2026-08-09T05:37:36Z,KY,KY00075IS0003300NWEIGHS33,2026-08-09T05:35:46Z,50,50,STEADY,True,False,
2026-08-09T05:37:36Z,KY,KY00075IS0003400SWEIGHS34,2026-08-09T05:35:50Z,14,40,FILLING,True,True,
2026-08-09T05:37:36Z,KY,KY00075IS0017700N75NRA177,2026-07-13T10:37:14Z,LOW,53,CLEARING,True,False,
2026-08-09T05:37:36Z,KY,KY00075IS0007500SWALTONWS,2026-08-09T05:35:56Z,39,45,STEADY,True,True,
2026-08-09T05:37:36Z,KY,KY00075IS0017700S75SRA177,2026-08-09T05:35:47Z,LOW,67,STEADY,True,True,
2026-08-09T05:37:36Z,KY,KY00075IS0016800SCRITENWS,2026-08-09T05:35:52Z,30,39,STEADY,True,True,
2026-08-09T05:37:36Z,KY,KY00075IS0000100N75WELCOM,2026-08-09T05:36:11Z,LOW,30,STEADY,True,True,
2026-08-09T05:54:07Z,IL,IL00057IN007900034,2026-08-09T05:53:53Z,Unknown,0,Unknown,True,False,
2026-08-09T05:54:07Z,IL,IL00072IE015200041,2026-08-09T05:52:16Z,9,16,STEADY,True,True,
2026-08-09T05:54:07Z,IL,IL00055IN010400050,2026-08-09T05:53:56Z,0,0,Unknown,False,False,
2026-08-09T05:54:07Z,IL,IL00074IE015600037,2026-08-09T05:53:53Z,Unknown,0,Unknown,True,False,
2026-08-09T05:54:07Z,IL,IL00070IW002700015,2026-08-09T05:53:53Z,Unknown,0,Unknown,True,False,
2026-08-09T05:54:07Z,IL,IL00039IS008500026,2026-08-09T05:53:53Z,Unknown,42,Unknown,True,False,
2026-08-09T05:54:07Z,IL,IL00057IS011400023,2026-08-09T05:53:53Z,Unknown,0,Unknown,True,False,
2026-08-09T05:54:07Z,IL,IL00057IS033300046,2026-08-09T05:53:54Z,Unknown,0,Unknown,True,False,
2026-08-09T05:54:07Z,IL,IL00057IN033300049,2026-08-09T05:53:54Z,Unknown,0,Unknown,True,False,
2026-08-09T05:54:07Z,IL,IL00055IS002700019,2026-08-09T05:53:54Z,Unknown,0,Unknown,True,False,
2026-08-09T05:54:07Z,IL,IL00080IE005100040,2026-08-09T05:53:54Z,Unknown,39,Unknown,True,False,
2026-08-09T05:54:07Z,IL,IL00070IE002700042,2026-08-09T05:53:54Z,Unknown,0,Unknown,True,False,
2026-08-09T05:54:07Z,IL,IL00057IS026800022,2026-08-09T05:53:54Z,Unknown,27,Unknown,True,False,
2026-08-09T05:54:07Z,IL,IL00057IS022200054,2026-08-09T05:53:54Z,Unknown,0,Unknown,True,False,
2026-08-09T05:54:07Z,IL,IL00057IS007900047,2026-08-09T05:53:54Z,Unknown,0,Unknown,True,False,
2026-08-09T05:54:07Z,IL,IL00080IW005100013,2026-08-09T05:53:54Z,Unknown,47,Unknown,True,False,
2026-08-09T05:54:07Z,IL,IL00074IE011400005,2026-08-09T05:53:56Z,15,25,STEADY,True,True,
2026-08-09T05:54:07Z,IL,IL00057IN022200048,2026-08-09T05:53:56Z,Unknown,0,Unknown,True,False,
2026-08-09T05:54:07Z,IL,IL00074IE002800030,2026-08-09T05:53:56Z,Unknown,14,Unknown,True,False,
2026-08-09T05:54:07Z,IL,IL00074IW002800020,2026-08-09T05:53:56Z,Unknown,15,Unknown,True,False,
2026-08-09T05:54:07Z,IL,IL00055IN019400031,2026-08-09T05:53:56Z,Unknown,36,Unknown,True,False,
2026-08-09T05:54:07Z,IL,IL00024IW003700010,2026-08-09T05:53:56Z,Unknown,0,Unknown,True,False,
2026-08-09T05:54:07Z,IL,IL00074IW015600009,2026-08-09T05:53:56Z,Unknown,0,Unknown,True,False,
2026-08-09T05:54:07Z,IL,IL00072IW015200014,2026-08-09T05:53:56Z,Unknown,17,Unknown,True,False,
2026-08-09T05:54:07Z,IL,IL00057IN026800032,2026-08-09T05:53:56Z,Unknown,25,Unknown,True,False,
2026-08-09T05:54:07Z,IL,IL00064IE002500038,2026-08-09T05:53:56Z,Unknown,0,Unknown,True,False,
2026-08-09T05:54:07Z,IL,IL00057IN011400033,2026-08-09T05:53:56Z,Unknown,0,Unknown,True,False,
2026-08-09T05:54:07Z,IL,IL00055IS006400017,2026-08-09T05:53:56Z,Unknown,0,Unknown,True,False,
2026-08-09T05:54:07Z,IL,IL00055IS019400021,2026-08-09T05:53:56Z,Unknown,29,Unknown,True,False,
2026-08-09T05:54:07Z,IL,IL00039IN008500036,2026-08-09T05:53:56Z,Unknown,42,Unknown,True,False,
2026-08-09T05:54:07Z,IL,IL00055IN006400027,2026-08-09T05:53:56Z,Unknown,0,Unknown,True,False,
2026-08-09T05:54:07Z,IL,IL00064IE008500039,2026-08-09T05:53:56Z,Unknown,0,Unknown,True,False,
2026-08-09T05:54:07Z,IL,IL00070IE008600051,2026-08-09T05:53:56Z,0,0,Unknown,False,False,
2026-08-09T05:54:07Z,IL,IL00064IW008500012,2026-08-09T05:53:56Z,Unknown,0,Unknown,True,False,
2026-08-09T05:54:07Z,IL,IL00055IN002700029,2026-08-09T05:53:56Z,Unknown,0,Unknown,True,False,
2026-08-09T05:54:07Z,IL,IL00074IW020800052,2026-08-09T05:53:56Z,Unknown,0,Unknown,True,False,
2026-08-09T05:54:07Z,IL,IL00064IW013000053,2026-08-09T05:53:56Z,0,0,Unknown,False,False,
2026-08-09T05:54:07Z,IL,IL00055IN014900028,2026-08-09T05:53:57Z,Unknown,0,Unknown,True,False,
2026-08-09T05:54:07Z,IL,IL00080IE011700043,2026-08-09T05:53:57Z,Unknown,31,Unknown,True,False,
2026-08-09T05:54:07Z,IL,IL00064IW002500011,2026-08-09T05:53:57Z,Unknown,0,Unknown,True,False,
2026-08-09T05:54:07Z,IL,IL00080IW011700016,2026-08-09T05:53:57Z,Unknown,39,Unknown,True,False,
2026-08-09T05:54:07Z,IL,IL00074IW006200004,2026-08-09T05:53:57Z,8,12,STEADY,True,True,
2026-08-09T05:54:07Z,IL,IL00070IW008700045,2026-08-09T05:51:38Z,0,15,STEADY,True,True,
2026-08-09T05:54:07Z,IL,IL00057IS016500018,2026-08-09T05:53:18Z,0,15,STEADY,True,True,
2026-08-09T05:54:07Z,IL,IL00074IW011400006,2026-08-09T05:53:59Z,10,18,CLEARING,True,True,
2026-08-09T05:54:07Z,IL,IL00074IE006200001,2026-08-09T05:54:00Z,3,13,STEADY,True,True,
2026-08-09T05:54:07Z,IL,IL00070IW014900008,2026-08-09T05:53:19Z,Unknown,39,Unknown,True,False,
2026-08-09T05:54:07Z,IL,IL00057IN016500044,2026-08-09T05:51:35Z,0,15,STEADY,False,False,
2026-08-09T05:54:07Z,IL,IL00055IS010400024,2026-08-09T05:51:35Z,Unknown,0,STEADY,,False,
2026-08-09T05:54:07Z,IL,IL00057IS003200025,2026-08-09T05:51:35Z,Unknown,0,STEADY,,False,
2026-08-09T05:54:07Z,IL,IL00057IN003200035,2026-08-09T05:51:36Z,Unknown,17,STEADY,,False,
2026-08-09T05:54:07Z,IN,322,2026-08-09T01:40:00-04:00,57,75,,True,false,
2026-08-09T05:54:07Z,IN,317,2026-08-09T01:40:00-04:00,LOW,58,,True,true,
2026-08-09T05:54:07Z,IN,316,2026-08-09T01:40:00-04:00,33,58,,True,false,
2026-08-09T05:54:07Z,IN,315,2026-08-09T01:40:00-04:00,Unknown,36,,False,true,
2026-08-09T05:54:07Z,IN,314,2026-08-09T01:40:00-04:00,Unknown,36,,False,true,
2026-08-09T05:54:07Z,IN,313,2026-08-09T01:40:00-04:00,LOW,75,,True,true,
2026-08-09T05:54:07Z,IN,312,2026-08-09T01:40:00-04:00,11,75,,True,true,
2026-08-09T05:54:07Z,IN,311,2026-08-09T01:40:00-04:00,Unknown,13,,False,true,
2026-08-09T05:54:07Z,IN,310,2026-08-09T01:40:00-04:00,Unknown,13,,False,true,
2026-08-09T05:54:07Z,IN,308,2026-08-09T01:40:00-04:00,23,75,,True,true,
2026-08-09T05:54:07Z,IN,309,2026-08-09T01:40:00-04:00,85,150,,True,true,
2026-08-09T05:54:07Z,IN,318,2026-08-09T01:40:00-04:00,LOW,78,,True,true,
2026-08-09T05:54:07Z,IN,319,2026-08-09T01:40:00-04:00,9,78,,True,true,
2026-08-09T05:54:07Z,IN,320,2026-08-09T01:40:00-04:00,23,83,,True,true,
2026-08-09T05:54:07Z,IN,321,2026-08-09T01:40:00-04:00,21,41,,True,false,
2026-08-09T05:54:07Z,IN,300,2026-08-09T01:40:00-04:00,67,128,,True,false,
2026-08-09T05:54:07Z,IN,302,2026-08-09T01:40:00-04:00,LOW,30,,True,true,
2026-08-09T05:54:07Z,IN,301,2026-08-09T01:40:00-04:00,LOW,30,,True,true,
2026-08-09T05:54:07Z,IN,303,2026-08-09T01:40:00-04:00,38,194,,True,true,
2026-08-09T05:54:07Z,IN,304,2026-08-09T01:40:00-04:00,LOW,99,,True,true,
2026-08-09T05:54:07Z,IN,305,2026-08-09T01:40:00-04:00,Unknown,156,,False,true,
2026-08-09T05:54:07Z,IN,323,2026-08-09T01:40:00-04:00,20,40,,True,true,
2026-08-09T05:54:07Z,IN,702,2026-08-09T01:40:00-04:00,38,75,,True,false,
2026-08-09T05:54:07Z,IN,701,2026-08-09T01:40:00-04:00,30,60,,True,false,
2026-08-09T05:54:07Z,IN,704,2026-08-09T01:40:00-04:00,40,80,,True,false,
2026-08-09T05:54:07Z,IN,703,2026-08-09T01:40:00-04:00,55,110,,True,false,
2026-08-09T05:54:07Z,IN,706,2026-08-09T01:40:00-04:00,35,70,,True,false,
2026-08-09T05:54:07Z,IN,705,2026-08-09T01:40:00-04:00,30,60,,True,false,
2026-08-09T05:54:07Z,IN,708,2026-08-09T01:40:00-04:00,23,45,,True,false,
2026-08-09T05:54:07Z,IN,707,2026-08-09T01:40:00-04:00,20,40,,True,false,
2026-08-09T05:54:07Z,IN,324,2026-08-09T01:40:00-04:00,16,31,,True,true,
2026-08-09T05:54:07Z,KY,KY00065IS0000020N65WELCOM,2026-08-09T05:53:01Z,LOW,21,STEADY,True,True,
2026-08-09T05:54:07Z,KY,KY00065IS000020NSMARATHON,2025-12-19T00:36:53Z,25,60,STEADY,True,False,
2026-08-09T05:54:07Z,KY,KY00065IS0000340NWEIGHS34,2026-07-01T19:04:41Z,38,40,STEADY,True,False,
2026-08-09T05:54:07Z,KY,KY00065IS0011400S65SRA114,2026-08-09T05:53:09Z,LOW,26,STEADY,True,True,
2026-08-09T05:54:07Z,KY,KY00065IS0005900S65SRA059,2026-08-09T05:53:08Z,LOW,109,STEADY,True,True,
2026-08-09T05:54:07Z,KY,KY00065IS0005900N65NRA059,2026-08-09T05:53:04Z,LOW,113,FILLING,True,True,
2026-08-09T05:54:07Z,KY,KY00075IS0003300NWEIGHS33,2026-08-09T05:52:45Z,50,50,STEADY,True,False,
2026-08-09T05:54:07Z,KY,KY00075IS0003400SWEIGHS34,2026-08-09T05:52:49Z,14,40,STEADY,True,True,
2026-08-09T05:54:07Z,KY,KY00075IS0017700N75NRA177,2026-07-13T10:37:14Z,LOW,53,CLEARING,True,False,
2026-08-09T05:54:07Z,KY,KY00075IS0007500SWALTONWS,2026-08-09T05:52:56Z,39,45,STEADY,True,True,
2026-08-09T05:54:07Z,KY,KY00075IS0017700S75SRA177,2026-08-09T05:52:48Z,LOW,67,STEADY,True,True,
2026-08-09T05:54:07Z,KY,KY00075IS0016800SCRITENWS,2026-08-09T05:52:52Z,30,39,STEADY,True,True,
2026-08-09T05:54:07Z,KY,KY00075IS0000100N75WELCOM,2026-08-09T05:53:11Z,LOW,30,STEADY,True,True,
2026-08-09T06:10:41Z,IL,IL00070IE008600051,2026-08-09T06:10:33Z,0,0,Unknown,False,False,
2026-08-09T06:10:41Z,IL,IL00074IE011400005,2026-08-09T06:10:19Z,15,25,STEADY,True,True,
2026-08-09T06:10:41Z,IL,IL00057IS022200054,2026-08-09T06:10:33Z,Unknown,0,Unknown,True,False,
2026-08-09T06:10:41Z,IL,IL00064IW002500011,2026-08-09T06:10:33Z,Unknown,0,Unknown,True,False,
2026-08-09T06:10:41Z,IL,IL00074IE015600037,2026-08-09T06:10:33Z,Unknown,0,Unknown,True,False,
2026-08-09T06:10:41Z,IL,IL00074IW015600009,2026-08-09T06:10:33Z,Unknown,0,Unknown,True,False,
2026-08-09T06:10:41Z,IL,IL00064IW008500012,2026-08-09T06:10:33Z,Unknown,0,Unknown,True,False,
2026-08-09T06:10:41Z,IL,IL00080IE005100040,2026-08-09T06:10:33Z,Unknown,39,Unknown,True,False,
2026-08-09T06:10:41Z,IL,IL00055IS002700019,2026-08-09T06:10:33Z,Unknown,0,Unknown,True,False,
2026-08-09T06:10:41Z,IL,IL00080IW005100013,2026-08-09T06:10:33Z,Unknown,47,Unknown,True,False,
2026-08-09T06:10:41Z,IL,IL00057IN026800032,2026-08-09T06:10:33Z,Unknown,25,Unknown,True,False,
2026-08-09T06:10:41Z,IL,IL00055IN006400027,2026-08-09T06:10:34Z,Unknown,0,Unknown,True,False,
2026-08-09T06:10:41Z,IL,IL00039IN008500036,2026-08-09T06:10:34Z,Unknown,42,Unknown,True,False,
2026-08-09T06:10:41Z,IL,IL00055IS006400017,2026-08-09T06:10:34Z,Unknown,0,Unknown,True,False,
2026-08-09T06:10:41Z,IL,IL00055IN010400050,2026-08-09T06:10:34Z,0,0,Unknown,False,False,
2026-08-09T06:10:41Z,IL,IL00024IW003700010,2026-08-09T06:10:34Z,Unknown,0,Unknown,True,False,
2026-08-09T06:10:41Z,IL,IL00057IS026800022,2026-08-09T06:10:34Z,Unknown,27,Unknown,True,False,
2026-08-09T06:10:41Z,IL,IL00072IW015200014,2026-08-09T06:10:34Z,Unknown,17,Unknown,True,False,
2026-08-09T06:10:41Z,IL,IL00057IS011400023,2026-08-09T06:10:34Z,Unknown,0,Unknown,True,False,
2026-08-09T06:10:41Z,IL,IL00055IN014900028,2026-08-09T06:10:34Z,Unknown,0,Unknown,True,False,
2026-08-09T06:10:41Z,IL,IL00074IE002800030,2026-08-09T06:10:34Z,Unknown,14,Unknown,True,False,
2026-08-09T06:10:41Z,IL,IL00080IE011700043,2026-08-09T06:10:34Z,Unknown,31,Unknown,True,False,
2026-08-09T06:10:41Z,IL,IL00039IS008500026,2026-08-09T06:10:34Z,Unknown,42,Unknown,True,False,
2026-08-09T06:10:41Z,IL,IL00057IN011400033,2026-08-09T06:10:34Z,Unknown,0,Unknown,True,False,
2026-08-09T06:10:41Z,IL,IL00057IS007900047,2026-08-09T06:10:34Z,Unknown,0,Unknown,True,False,
2026-08-09T06:10:41Z,IL,IL00055IS019400021,2026-08-09T06:10:34Z,Unknown,29,Unknown,True,False,
2026-08-09T06:10:41Z,IL,IL00057IN007900034,2026-08-09T06:10:34Z,Unknown,0,Unknown,True,False,
2026-08-09T06:10:41Z,IL,IL00057IN033300049,2026-08-09T06:10:34Z,Unknown,0,Unknown,True,False,
2026-08-09T06:10:41Z,IL,IL00064IE002500038,2026-08-09T06:10:34Z,Unknown,0,Unknown,True,False,
2026-08-09T06:10:41Z,IL,IL00074IW002800020,2026-08-09T06:10:34Z,Unknown,15,Unknown,True,False,
2026-08-09T06:10:41Z,IL,IL00057IS033300046,2026-08-09T06:10:34Z,Unknown,0,Unknown,True,False,
2026-08-09T06:10:41Z,IL,IL00070IE002700042,2026-08-09T06:10:34Z,Unknown,0,Unknown,True,False,
2026-08-09T06:10:41Z,IL,IL00055IN002700029,2026-08-09T06:10:34Z,Unknown,0,Unknown,True,False,
2026-08-09T06:10:41Z,IL,IL00064IW013000053,2026-08-09T06:10:34Z,0,0,Unknown,False,False,
2026-08-09T06:10:41Z,IL,IL00055IN019400031,2026-08-09T06:10:34Z,Unknown,36,Unknown,True,False,
2026-08-09T06:10:41Z,IL,IL00080IW011700016,2026-08-09T06:10:35Z,Unknown,39,Unknown,True,False,
2026-08-09T06:10:41Z,IL,IL00064IE008500039,2026-08-09T06:10:35Z,Unknown,0,Unknown,True,False,
2026-08-09T06:10:41Z,IL,IL00070IW002700015,2026-08-09T06:10:35Z,Unknown,0,Unknown,True,False,
2026-08-09T06:10:41Z,IL,IL00057IN022200048,2026-08-09T06:10:35Z,Unknown,0,Unknown,True,False,
2026-08-09T06:10:41Z,IL,IL00074IW020800052,2026-08-09T06:10:35Z,Unknown,0,Unknown,True,False,
2026-08-09T06:10:41Z,IL,IL00072IE015200041,2026-08-09T06:07:45Z,9,16,STEADY,True,True,
2026-08-09T06:10:41Z,IL,IL00074IW006200004,2026-08-09T06:10:20Z,8,12,STEADY,True,True,
2026-08-09T06:10:41Z,IL,IL00070IW008700045,2026-08-09T06:07:43Z,0,15,STEADY,True,True,
2026-08-09T06:10:41Z,IL,IL00057IS016500018,2026-08-09T06:08:14Z,0,15,STEADY,True,True,
2026-08-09T06:10:41Z,IL,IL00074IW011400006,2026-08-09T06:10:22Z,10,18,STEADY,True,True,
2026-08-09T06:10:41Z,IL,IL00074IE006200001,2026-08-09T06:10:23Z,3,13,STEADY,True,True,
2026-08-09T06:10:41Z,IL,IL00070IW014900008,2026-08-09T06:09:27Z,Unknown,39,Unknown,True,False,
2026-08-09T06:10:41Z,IL,IL00057IN016500044,2026-08-09T06:07:44Z,0,15,STEADY,False,False,
2026-08-09T06:10:41Z,IL,IL00055IS010400024,2026-08-09T06:07:44Z,Unknown,0,STEADY,,False,
2026-08-09T06:10:41Z,IL,IL00057IS003200025,2026-08-09T06:07:44Z,Unknown,0,STEADY,,False,
2026-08-09T06:10:41Z,IL,IL00057IN003200035,2026-08-09T06:07:45Z,Unknown,17,STEADY,,False,
2026-08-09T06:10:41Z,IN,322,2026-08-09T01:55:00-04:00,54,75,,True,false,
2026-08-09T06:10:41Z,IN,317,2026-08-09T01:55:00-04:00,LOW,58,,True,true,
2026-08-09T06:10:41Z,IN,316,2026-08-09T01:55:00-04:00,35,58,,True,false,
2026-08-09T06:10:41Z,IN,315,2026-08-09T01:55:00-04:00,Unknown,36,,False,true,
2026-08-09T06:10:41Z,IN,314,2026-08-09T01:55:00-04:00,Unknown,36,,False,true,
2026-08-09T06:10:41Z,IN,313,2026-08-09T01:55:00-04:00,LOW,75,,True,true,
2026-08-09T06:10:41Z,IN,312,2026-08-09T01:55:00-04:00,14,75,,True,true,
2026-08-09T06:10:41Z,IN,311,2026-08-09T01:55:00-04:00,Unknown,13,,False,true,
2026-08-09T06:10:41Z,IN,310,2026-08-09T01:55:00-04:00,Unknown,13,,False,true,
2026-08-09T06:10:41Z,IN,308,2026-08-09T01:55:00-04:00,21,75,,True,true,
2026-08-09T06:10:41Z,IN,309,2026-08-09T01:55:00-04:00,86,150,,True,true,
2026-08-09T06:10:41Z,IN,318,2026-08-09T01:55:00-04:00,LOW,78,,True,true,
2026-08-09T06:10:41Z,IN,319,2026-08-09T01:55:00-04:00,8,78,,True,true,
2026-08-09T06:10:41Z,IN,320,2026-08-09T01:55:00-04:00,22,83,,True,true,
2026-08-09T06:10:41Z,IN,321,2026-08-09T01:55:00-04:00,21,41,,True,false,
2026-08-09T06:10:41Z,IN,300,2026-08-09T01:55:00-04:00,72,128,,True,false,
2026-08-09T06:10:41Z,IN,302,2026-08-09T01:55:00-04:00,LOW,30,,True,true,
2026-08-09T06:10:41Z,IN,301,2026-08-09T01:55:00-04:00,LOW,30,,True,true,
2026-08-09T06:10:41Z,IN,303,2026-08-09T01:55:00-04:00,LOW,194,,True,true,
2026-08-09T06:10:41Z,IN,304,2026-08-09T01:55:00-04:00,LOW,99,,True,true,
2026-08-09T06:10:41Z,IN,305,2026-08-09T01:55:00-04:00,Unknown,156,,False,true,
2026-08-09T06:10:41Z,IN,323,2026-08-09T01:55:00-04:00,20,40,,True,true,
2026-08-09T06:10:41Z,IN,702,2026-08-09T01:55:00-04:00,38,75,,True,false,
2026-08-09T06:10:41Z,IN,701,2026-08-09T01:55:00-04:00,30,60,,True,false,
2026-08-09T06:10:41Z,IN,704,2026-08-09T01:55:00-04:00,40,80,,True,false,
2026-08-09T06:10:41Z,IN,703,2026-08-09T01:55:00-04:00,55,110,,True,false,
2026-08-09T06:10:41Z,IN,706,2026-08-09T01:55:00-04:00,35,70,,True,false,
2026-08-09T06:10:41Z,IN,705,2026-08-09T01:55:00-04:00,30,60,,True,false,
2026-08-09T06:10:41Z,IN,708,2026-08-09T01:55:00-04:00,23,45,,True,false,
2026-08-09T06:10:41Z,IN,707,2026-08-09T01:55:00-04:00,20,40,,True,false,
2026-08-09T06:10:41Z,IN,324,2026-08-09T01:55:00-04:00,16,31,,True,true,
2026-08-09T06:10:41Z,KY,KY00065IS0000020N65WELCOM,2026-08-09T06:09:02Z,LOW,21,FILLING,True,True,
2026-08-09T06:10:41Z,KY,KY00065IS000020NSMARATHON,2025-12-19T00:36:53Z,25,60,STEADY,True,False,
2026-08-09T06:10:41Z,KY,KY00065IS0000340NWEIGHS34,2026-07-01T19:04:41Z,38,40,STEADY,True,False,
2026-08-09T06:10:41Z,KY,KY00065IS0011400S65SRA114,2026-08-09T06:09:10Z,LOW,26,STEADY,True,True,
2026-08-09T06:10:41Z,KY,KY00065IS0005900S65SRA059,2026-08-09T06:09:08Z,LOW,109,STEADY,True,True,
2026-08-09T06:10:41Z,KY,KY00065IS0005900N65NRA059,2026-08-09T06:09:04Z,LOW,113,STEADY,True,True,
2026-08-09T06:10:41Z,KY,KY00075IS0003300NWEIGHS33,2026-08-09T06:08:45Z,50,50,STEADY,True,False,
2026-08-09T06:10:41Z,KY,KY00075IS0003400SWEIGHS34,2026-08-09T06:08:50Z,9,40,FILLING,True,True,
2026-08-09T06:10:41Z,KY,KY00075IS0017700N75NRA177,2026-07-13T10:37:14Z,LOW,53,CLEARING,True,False,
2026-08-09T06:10:41Z,KY,KY00075IS0007500SWALTONWS,2026-08-09T06:08:56Z,39,45,STEADY,True,True,
2026-08-09T06:10:41Z,KY,KY00075IS0017700S75SRA177,2026-08-09T06:08:48Z,LOW,67,STEADY,True,True,
2026-08-09T06:10:41Z,KY,KY00075IS0016800SCRITENWS,2026-08-09T06:08:52Z,29,39,STEADY,True,True,
2026-08-09T06:10:41Z,KY,KY00075IS0000100N75WELCOM,2026-08-09T06:09:12Z,LOW,30,STEADY,True,True,
2026-08-09T06:27:09Z,IL,IL00039IS008500026,2026-08-09T06:26:58Z,Unknown,42,Unknown,True,False,
2026-08-09T06:27:09Z,IL,IL00074IE002800030,2026-08-09T06:26:58Z,Unknown,14,Unknown,True,False,
2026-08-09T06:27:09Z,IL,IL00055IN010400050,2026-08-09T06:26:58Z,0,0,Unknown,False,False,
2026-08-09T06:27:09Z,IL,IL00080IW005100013,2026-08-09T06:26:58Z,Unknown,47,Unknown,True,False,
2026-08-09T06:27:09Z,IL,IL00057IN026800032,2026-08-09T06:26:58Z,Unknown,25,Unknown,True,False,
2026-08-09T06:27:09Z,IL,IL00057IS011400023,2026-08-09T06:26:58Z,Unknown,0,Unknown,True,False,
2026-08-09T06:27:09Z,IL,IL00055IS006400017,2026-08-09T06:26:58Z,Unknown,0,Unknown,True,False,
2026-08-09T06:27:09Z,IL,IL00064IE002500038,2026-08-09T06:26:58Z,Unknown,0,Unknown,True,False,
2026-08-09T06:27:09Z,IL,IL00070IW002700015,2026-08-09T06:26:58Z,Unknown,0,Unknown,True,False,
2026-08-09T06:27:09Z,IL,IL00057IN022200048,2026-08-09T06:26:58Z,Unknown,0,Unknown,True,False,
2026-08-09T06:27:09Z,IL,IL00064IE008500039,2026-08-09T06:26:58Z,Unknown,0,Unknown,True,False,
2026-08-09T06:27:09Z,IL,IL00057IS007900047,2026-08-09T06:26:58Z,Unknown,0,Unknown,True,False,
2026-08-09T06:27:09Z,IL,IL00080IW011700016,2026-08-09T06:26:58Z,Unknown,39,Unknown,True,False,
2026-08-09T06:27:09Z,IL,IL00064IW013000053,2026-08-09T06:26:58Z,0,0,Unknown,False,False,
2026-08-09T06:27:09Z,IL,IL00057IN033300049,2026-08-09T06:26:58Z,Unknown,0,Unknown,True,False,
2026-08-09T06:27:09Z,IL,IL00074IW002800020,2026-08-09T06:26:58Z,Unknown,15,Unknown,True,False,
2026-08-09T06:27:09Z,IL,IL00074IE015600037,2026-08-09T06:26:58Z,Unknown,0,Unknown,True,False,
2026-08-09T06:27:09Z,IL,IL00070IE002700042,2026-08-09T06:26:58Z,Unknown,0,Unknown,True,False,
2026-08-09T06:27:09Z,IL,IL00055IN006400027,2026-08-09T06:26:58Z,Unknown,0,Unknown,True,False,
2026-08-09T06:27:09Z,IL,IL00024IW003700010,2026-08-09T06:26:58Z,Unknown,0,Unknown,True,False,
2026-08-09T06:27:09Z,IL,IL00064IW002500011,2026-08-09T06:26:58Z,Unknown,0,Unknown,True,False,
2026-08-09T06:27:09Z,IL,IL00074IW020800052,2026-08-09T06:26:59Z,Unknown,0,Unknown,True,False,
2026-08-09T06:27:09Z,IL,IL00057IS026800022,2026-08-09T06:26:59Z,Unknown,27,Unknown,True,False,
2026-08-09T06:27:09Z,IL,IL00057IN007900034,2026-08-09T06:26:59Z,Unknown,0,Unknown,True,False,
2026-08-09T06:27:09Z,IL,IL00057IN011400033,2026-08-09T06:26:59Z,Unknown,0,Unknown,True,False,
2026-08-09T06:27:09Z,IL,IL00057IS033300046,2026-08-09T06:26:59Z,Unknown,0,Unknown,True,False,
2026-08-09T06:27:09Z,IL,IL00070IE008600051,2026-08-09T06:26:59Z,0,0,Unknown,False,False,
2026-08-09T06:27:09Z,IL,IL00039IN008500036,2026-08-09T06:26:59Z,Unknown,42,Unknown,True,False,
2026-08-09T06:27:09Z,IL,IL00080IE005100040,2026-08-09T06:26:59Z,Unknown,39,Unknown,True,False,
2026-08-09T06:27:09Z,IL,IL00057IS022200054,2026-08-09T06:26:59Z,Unknown,0,Unknown,True,False,
2026-08-09T06:27:09Z,IL,IL00055IN014900028,2026-08-09T06:26:59Z,Unknown,0,Unknown,True,False,
2026-08-09T06:27:09Z,IL,IL00064IW008500012,2026-08-09T06:26:59Z,Unknown,0,Unknown,True,False,
2026-08-09T06:27:09Z,IL,IL00055IN002700029,2026-08-09T06:26:59Z,Unknown,0,Unknown,True,False,
2026-08-09T06:27:09Z,IL,IL00055IN019400031,2026-08-09T06:26:59Z,Unknown,36,Unknown,True,False,
2026-08-09T06:27:09Z,IL,IL00055IS019400021,2026-08-09T06:26:59Z,Unknown,29,Unknown,True,False,
2026-08-09T06:27:09Z,IL,IL00080IE011700043,2026-08-09T06:26:59Z,Unknown,31,Unknown,True,False,
2026-08-09T06:27:09Z,IL,IL00074IW015600009,2026-08-09T06:26:59Z,Unknown,0,Unknown,True,False,
2026-08-09T06:27:09Z,IL,IL00072IW015200014,2026-08-09T06:26:59Z,Unknown,17,Unknown,True,False,
2026-08-09T06:27:09Z,IL,IL00072IE015200041,2026-08-09T06:23:45Z,9,16,STEADY,True,True,
2026-08-09T06:27:09Z,IL,IL00074IE011400005,2026-08-09T06:26:47Z,13,25,FILLING,True,True,
2026-08-09T06:27:09Z,IL,IL00055IS002700019,2026-08-09T06:26:59Z,Unknown,0,Unknown,True,False,
2026-08-09T06:27:09Z,IL,IL00074IW006200004,2026-08-09T06:26:47Z,8,12,STEADY,True,True,
2026-08-09T06:27:09Z,IL,IL00070IW008700045,2026-08-09T06:26:30Z,0,15,STEADY,True,True,
2026-08-09T06:27:09Z,IL,IL00057IS016500018,2026-08-09T06:23:44Z,0,15,STEADY,True,True,
2026-08-09T06:27:09Z,IL,IL00074IW011400006,2026-08-09T06:26:32Z,8,18,FILLING,True,True,
2026-08-09T06:27:09Z,IL,IL00074IE006200001,2026-08-09T06:26:33Z,2,13,FILLING,True,True,
2026-08-09T06:27:09Z,IL,IL00070IW014900008,2026-08-09T06:25:34Z,Unknown,39,Unknown,True,False,
2026-08-09T06:27:09Z,IL,IL00057IN016500044,2026-08-09T06:25:50Z,0,15,STEADY,False,False,
2026-08-09T06:27:09Z,IL,IL00055IS010400024,2026-08-09T06:23:45Z,Unknown,0,STEADY,,False,
2026-08-09T06:27:09Z,IL,IL00057IS003200025,2026-08-09T06:23:45Z,Unknown,0,STEADY,,False,
2026-08-09T06:27:09Z,IL,IL00057IN003200035,2026-08-09T06:23:45Z,Unknown,17,STEADY,,False,
2026-08-09T06:27:09Z,IN,322,2026-08-09T02:15:00-04:00,54,75,,True,false,
2026-08-09T06:27:09Z,IN,317,2026-08-09T02:15:00-04:00,LOW,58,,True,true,
2026-08-09T06:27:09Z,IN,316,2026-08-09T02:15:00-04:00,26,58,,True,false,
2026-08-09T06:27:09Z,IN,315,2026-08-09T02:15:00-04:00,Unknown,36,,False,true,
2026-08-09T06:27:09Z,IN,314,2026-08-09T02:15:00-04:00,Unknown,36,,False,true,
2026-08-09T06:27:09Z,IN,313,2026-08-09T02:15:00-04:00,LOW,75,,True,true,
2026-08-09T06:27:09Z,IN,312,2026-08-09T02:15:00-04:00,LOW,75,,True,true,
2026-08-09T06:27:09Z,IN,311,2026-08-09T02:15:00-04:00,Unknown,13,,False,true,
2026-08-09T06:27:09Z,IN,310,2026-08-09T02:15:00-04:00,Unknown,13,,False,true,
2026-08-09T06:27:09Z,IN,308,2026-08-09T02:15:00-04:00,21,75,,True,true,
2026-08-09T06:27:09Z,IN,309,2026-08-09T02:15:00-04:00,91,150,,True,true,
2026-08-09T06:27:09Z,IN,318,2026-08-09T02:15:00-04:00,LOW,78,,True,true,
2026-08-09T06:27:09Z,IN,319,2026-08-09T02:15:00-04:00,7,78,,True,true,
2026-08-09T06:27:09Z,IN,320,2026-08-09T02:15:00-04:00,35,83,,True,true,
2026-08-09T06:27:09Z,IN,321,2026-08-09T02:15:00-04:00,21,41,,True,false,
2026-08-09T06:27:09Z,IN,300,2026-08-09T02:15:00-04:00,65,128,,True,false,
2026-08-09T06:27:09Z,IN,302,2026-08-09T02:15:00-04:00,LOW,30,,True,true,
2026-08-09T06:27:09Z,IN,301,2026-08-09T02:15:00-04:00,LOW,30,,True,true,
2026-08-09T06:27:09Z,IN,303,2026-08-09T02:15:00-04:00,LOW,194,,True,true,
2026-08-09T06:27:09Z,IN,304,2026-08-09T02:15:00-04:00,19,99,,True,true,
2026-08-09T06:27:09Z,IN,305,2026-08-09T02:15:00-04:00,Unknown,156,,False,true,
2026-08-09T06:27:09Z,IN,323,2026-08-09T02:15:00-04:00,20,40,,True,true,
2026-08-09T06:27:09Z,IN,702,2026-08-09T02:15:00-04:00,38,75,,True,false,
2026-08-09T06:27:09Z,IN,701,2026-08-09T02:15:00-04:00,30,60,,True,false,
2026-08-09T06:27:09Z,IN,704,2026-08-09T02:15:00-04:00,40,80,,True,false,
2026-08-09T06:27:09Z,IN,703,2026-08-09T02:15:00-04:00,55,110,,True,false,
2026-08-09T06:27:09Z,IN,706,2026-08-09T02:15:00-04:00,35,70,,True,false,
2026-08-09T06:27:09Z,IN,705,2026-08-09T02:15:00-04:00,30,60,,True,false,
2026-08-09T06:27:09Z,IN,708,2026-08-09T02:15:00-04:00,23,45,,True,false,
2026-08-09T06:27:09Z,IN,707,2026-08-09T02:15:00-04:00,20,40,,True,false,
2026-08-09T06:27:09Z,IN,324,2026-08-09T02:15:00-04:00,16,31,,True,true,
2026-08-09T06:27:09Z,KY,KY00065IS0000020N65WELCOM,2026-08-09T06:26:02Z,5,21,CLEARING,True,True,
2026-08-09T06:27:09Z,KY,KY00065IS000020NSMARATHON,2025-12-19T00:36:53Z,25,60,STEADY,True,False,
2026-08-09T06:27:09Z,KY,KY00065IS0000340NWEIGHS34,2026-07-01T19:04:41Z,38,40,STEADY,True,False,
2026-08-09T06:27:09Z,KY,KY00065IS0011400S65SRA114,2026-08-09T06:26:10Z,LOW,26,STEADY,True,True,
2026-08-09T06:27:09Z,KY,KY00065IS0005900S65SRA059,2026-08-09T06:26:08Z,LOW,109,STEADY,True,True,
2026-08-09T06:27:09Z,KY,KY00065IS0005900N65NRA059,2026-08-09T06:26:04Z,LOW,113,STEADY,True,True,
2026-08-09T06:27:09Z,KY,KY00075IS0003300NWEIGHS33,2026-08-09T06:25:46Z,50,50,STEADY,True,False,
2026-08-09T06:27:09Z,KY,KY00075IS0003400SWEIGHS34,2026-08-09T06:25:49Z,9,40,FILLING,True,True,
2026-08-09T06:27:09Z,KY,KY00075IS0017700N75NRA177,2026-07-13T10:37:14Z,LOW,53,CLEARING,True,False,
2026-08-09T06:27:09Z,KY,KY00075IS0007500SWALTONWS,2026-08-09T06:25:55Z,39,45,STEADY,True,True,
2026-08-09T06:27:09Z,KY,KY00075IS0017700S75SRA177,2026-08-09T06:25:48Z,LOW,67,STEADY,True,True,
2026-08-09T06:27:09Z,KY,KY00075IS0016800SCRITENWS,2026-08-09T06:25:52Z,28,39,STEADY,True,True,
2026-08-09T06:27:09Z,KY,KY00075IS0000100N75WELCOM,2026-08-09T06:26:12Z,LOW,30,STEADY,True,True,
2026-08-09T06:44:02Z,IL,IL00072IE015200041,2026-08-09T06:42:06Z,8,16,STEADY,True,True,
2026-08-09T06:44:02Z,IL,IL00055IS019400021,2026-08-09T06:43:50Z,Unknown,29,Unknown,True,False,
2026-08-09T06:44:02Z,IL,IL00074IW015600009,2026-08-09T06:43:50Z,Unknown,0,Unknown,True,False,
2026-08-09T06:44:02Z,IL,IL00039IS008500026,2026-08-09T06:43:50Z,Unknown,42,Unknown,True,False,
2026-08-09T06:44:02Z,IL,IL00055IS006400017,2026-08-09T06:43:50Z,Unknown,0,Unknown,True,False,
2026-08-09T06:44:02Z,IL,IL00080IW011700016,2026-08-09T06:43:50Z,Unknown,39,Unknown,True,False,
2026-08-09T06:44:02Z,IL,IL00057IS033300046,2026-08-09T06:43:50Z,Unknown,0,Unknown,True,False,
2026-08-09T06:44:02Z,IL,IL00072IW015200014,2026-08-09T06:43:50Z,Unknown,17,Unknown,True,False,
2026-08-09T06:44:02Z,IL,IL00055IN010400050,2026-08-09T06:43:50Z,0,0,Unknown,False,False,
2026-08-09T06:44:02Z,IL,IL00057IN011400033,2026-08-09T06:43:50Z,Unknown,0,Unknown,True,False,
2026-08-09T06:44:02Z,IL,IL00057IN026800032,2026-08-09T06:43:50Z,Unknown,25,Unknown,True,False,
2026-08-09T06:44:02Z,IL,IL00057IN033300049,2026-08-09T06:43:50Z,Unknown,0,Unknown,True,False,
2026-08-09T06:44:02Z,IL,IL00055IN006400027,2026-08-09T06:43:50Z,Unknown,0,Unknown,True,False,
2026-08-09T06:44:02Z,IL,IL00064IE002500038,2026-08-09T06:43:50Z,Unknown,0,Unknown,True,False,
2026-08-09T06:44:02Z,IL,IL00080IE005100040,2026-08-09T06:43:50Z,Unknown,39,Unknown,True,False,
2026-08-09T06:44:02Z,IL,IL00070IE008600051,2026-08-09T06:43:51Z,0,0,Unknown,False,False,
2026-08-09T06:44:02Z,IL,IL00064IE008500039,2026-08-09T06:43:51Z,Unknown,0,Unknown,True,False,
2026-08-09T06:44:02Z,IL,IL00064IW002500011,2026-08-09T06:43:51Z,Unknown,0,Unknown,True,False,
2026-08-09T06:44:02Z,IL,IL00055IS002700019,2026-08-09T06:43:51Z,Unknown,0,Unknown,True,False,
2026-08-09T06:44:02Z,IL,IL00057IS007900047,2026-08-09T06:43:51Z,Unknown,0,Unknown,True,False,
2026-08-09T06:44:02Z,IL,IL00055IN014900028,2026-08-09T06:43:51Z,Unknown,0,Unknown,True,False,
2026-08-09T06:44:02Z,IL,IL00074IE011400005,2026-08-09T06:43:26Z,12,25,STEADY,True,True,
2026-08-09T06:44:02Z,IL,IL00057IS022200054,2026-08-09T06:43:50Z,Unknown,0,Unknown,True,False,
2026-08-09T06:44:02Z,IL,IL00074IE002800030,2026-08-09T06:43:50Z,Unknown,14,Unknown,True,False,
2026-08-09T06:44:02Z,IL,IL00064IW013000053,2026-08-09T06:43:50Z,0,0,Unknown,False,False,
2026-08-09T06:44:02Z,IL,IL00057IS026800022,2026-08-09T06:43:50Z,Unknown,27,Unknown,True,False,
2026-08-09T06:44:02Z,IL,IL00057IN022200048,2026-08-09T06:43:50Z,Unknown,0,Unknown,True,False,
2026-08-09T06:44:02Z,IL,IL00024IW003700010,2026-08-09T06:43:50Z,Unknown,0,Unknown,True,False,
2026-08-09T06:44:02Z,IL,IL00039IN008500036,2026-08-09T06:43:50Z,Unknown,42,Unknown,True,False,
2026-08-09T06:44:02Z,IL,IL00064IW008500012,2026-08-09T06:43:51Z,Unknown,0,Unknown,True,False,
2026-08-09T06:44:02Z,IL,IL00074IW002800020,2026-08-09T06:43:51Z,Unknown,15,Unknown,True,False,
2026-08-09T06:44:02Z,IL,IL00055IN019400031,2026-08-09T06:43:51Z,Unknown,36,Unknown,True,False,
2026-08-09T06:44:02Z,IL,IL00080IE011700043,2026-08-09T06:43:51Z,Unknown,31,Unknown,True,False,
2026-08-09T06:44:02Z,IL,IL00080IW005100013,2026-08-09T06:43:51Z,Unknown,47,Unknown,True,False,
2026-08-09T06:44:02Z,IL,IL00055IN002700029,2026-08-09T06:43:51Z,Unknown,0,Unknown,True,False,
2026-08-09T06:44:02Z,IL,IL00070IW002700015,2026-08-09T06:43:51Z,Unknown,0,Unknown,True,False,
2026-08-09T06:44:02Z,IL,IL00057IS011400023,2026-08-09T06:43:51Z,Unknown,0,Unknown,True,False,
2026-08-09T06:44:02Z,IL,IL00074IE015600037,2026-08-09T06:43:51Z,Unknown,0,Unknown,True,False,
2026-08-09T06:44:02Z,IL,IL00057IN007900034,2026-08-09T06:43:51Z,Unknown,0,Unknown,True,False,
2026-08-09T06:44:02Z,IL,IL00070IE002700042,2026-08-09T06:43:51Z,Unknown,0,Unknown,True,False,
2026-08-09T06:44:02Z,IL,IL00074IW020800052,2026-08-09T06:43:51Z,Unknown,0,Unknown,True,False,
2026-08-09T06:44:02Z,IL,IL00074IW006200004,2026-08-09T06:43:26Z,8,12,STEADY,True,True,
2026-08-09T06:44:02Z,IL,IL00070IW008700045,2026-08-09T06:41:35Z,0,15,STEADY,True,True,
2026-08-09T06:44:02Z,IL,IL00057IS016500018,2026-08-09T06:43:08Z,0,15,STEADY,True,True,
2026-08-09T06:44:02Z,IL,IL00074IW011400006,2026-08-09T06:43:10Z,9,18,STEADY,True,True,
2026-08-09T06:44:02Z,IL,IL00074IE006200001,2026-08-09T06:43:11Z,2,13,STEADY,True,True,
2026-08-09T06:44:02Z,IL,IL00070IW014900008,2026-08-09T06:43:27Z,Unknown,39,Unknown,True,False,
2026-08-09T06:44:02Z,IL,IL00057IN016500044,2026-08-09T06:40:50Z,0,15,CLEARING,False,False,
2026-08-09T06:44:02Z,IL,IL00055IS010400024,2026-08-09T06:39:55Z,Unknown,0,STEADY,,False,
2026-08-09T06:44:02Z,IL,IL00057IS003200025,2026-08-09T06:39:55Z,Unknown,0,STEADY,,False,
2026-08-09T06:44:02Z,IL,IL00057IN003200035,2026-08-09T06:39:56Z,Unknown,17,STEADY,,False,
2026-08-09T06:44:02Z,IN,322,2026-08-09T02:30:00-04:00,55,75,,True,false,
2026-08-09T06:44:02Z,IN,317,2026-08-09T02:30:00-04:00,LOW,58,,True,true,
2026-08-09T06:44:02Z,IN,316,2026-08-09T02:30:00-04:00,25,58,,True,false,
2026-08-09T06:44:02Z,IN,315,2026-08-09T02:30:00-04:00,Unknown,36,,False,true,
2026-08-09T06:44:02Z,IN,314,2026-08-09T02:30:00-04:00,Unknown,36,,False,true,
2026-08-09T06:44:02Z,IN,313,2026-08-09T02:30:00-04:00,6,75,,True,true,
2026-08-09T06:44:02Z,IN,312,2026-08-09T02:30:00-04:00,LOW,75,,True,true,
2026-08-09T06:44:02Z,IN,311,2026-08-09T02:30:00-04:00,Unknown,13,,False,true,
2026-08-09T06:44:02Z,IN,310,2026-08-09T02:30:00-04:00,Unknown,13,,False,true,
2026-08-09T06:44:02Z,IN,308,2026-08-09T02:30:00-04:00,20,75,,True,true,
2026-08-09T06:44:02Z,IN,309,2026-08-09T02:30:00-04:00,90,150,,True,true,
2026-08-09T06:44:02Z,IN,318,2026-08-09T02:30:00-04:00,LOW,78,,True,true,
2026-08-09T06:44:02Z,IN,319,2026-08-09T02:30:00-04:00,7,78,,True,true,
2026-08-09T06:44:02Z,IN,320,2026-08-09T02:30:00-04:00,34,83,,True,true,
2026-08-09T06:44:02Z,IN,321,2026-08-09T02:30:00-04:00,21,41,,True,false,
2026-08-09T06:44:02Z,IN,300,2026-08-09T02:30:00-04:00,65,128,,True,false,
2026-08-09T06:44:02Z,IN,302,2026-08-09T02:30:00-04:00,LOW,30,,True,true,
2026-08-09T06:44:02Z,IN,301,2026-08-09T02:30:00-04:00,LOW,30,,True,true,
2026-08-09T06:44:02Z,IN,303,2026-08-09T02:30:00-04:00,LOW,194,,True,true,
2026-08-09T06:44:02Z,IN,304,2026-08-09T02:30:00-04:00,17,99,,True,true,
2026-08-09T06:44:02Z,IN,305,2026-08-09T02:30:00-04:00,Unknown,156,,False,true,
2026-08-09T06:44:02Z,IN,323,2026-08-09T02:30:00-04:00,20,40,,True,true,
2026-08-09T06:44:02Z,IN,702,2026-08-09T02:30:00-04:00,38,75,,True,false,
2026-08-09T06:44:02Z,IN,701,2026-08-09T02:30:00-04:00,30,60,,True,false,
2026-08-09T06:44:02Z,IN,704,2026-08-09T02:30:00-04:00,40,80,,True,false,
2026-08-09T06:44:02Z,IN,703,2026-08-09T02:30:00-04:00,55,110,,True,false,
2026-08-09T06:44:02Z,IN,706,2026-08-09T02:30:00-04:00,35,70,,True,false,
2026-08-09T06:44:02Z,IN,705,2026-08-09T02:30:00-04:00,30,60,,True,false,
2026-08-09T06:44:02Z,IN,708,2026-08-09T02:30:00-04:00,23,45,,True,false,
2026-08-09T06:44:02Z,IN,707,2026-08-09T02:30:00-04:00,20,40,,True,false,
2026-08-09T06:44:02Z,IN,324,2026-08-09T02:30:00-04:00,16,31,,True,true,
2026-08-09T06:44:02Z,KY,KY00065IS0000020N65WELCOM,2026-08-09T06:43:02Z,5,21,STEADY,True,True,
2026-08-09T06:44:02Z,KY,KY00065IS000020NSMARATHON,2025-12-19T00:36:53Z,25,60,STEADY,True,False,
2026-08-09T06:44:02Z,KY,KY00065IS0000340NWEIGHS34,2026-07-01T19:04:41Z,38,40,STEADY,True,False,
2026-08-09T06:44:02Z,KY,KY00065IS0011400S65SRA114,2026-08-09T06:43:09Z,LOW,26,STEADY,True,True,
2026-08-09T06:44:02Z,KY,KY00065IS0005900S65SRA059,2026-08-09T06:43:07Z,LOW,109,STEADY,True,True,
2026-08-09T06:44:02Z,KY,KY00065IS0005900N65NRA059,2026-08-09T06:43:04Z,LOW,113,STEADY,True,True,
2026-08-09T06:44:02Z,KY,KY00075IS0003300NWEIGHS33,2026-08-09T06:42:46Z,50,50,STEADY,True,False,
2026-08-09T06:44:02Z,KY,KY00075IS0003400SWEIGHS34,2026-08-09T06:42:50Z,9,40,STEADY,True,True,
2026-08-09T06:44:02Z,KY,KY00075IS0017700N75NRA177,2026-07-13T10:37:14Z,LOW,53,CLEARING,True,False,
2026-08-09T06:44:02Z,KY,KY00075IS0007500SWALTONWS,2026-08-09T06:42:56Z,39,45,STEADY,True,True,
2026-08-09T06:44:02Z,KY,KY00075IS0017700S75SRA177,2026-08-09T06:42:48Z,LOW,67,STEADY,True,True,
2026-08-09T06:44:02Z,KY,KY00075IS0016800SCRITENWS,2026-08-09T06:42:51Z,28,39,STEADY,True,True,
2026-08-09T06:44:02Z,KY,KY00075IS0000100N75WELCOM,2026-08-09T06:43:11Z,LOW,30,STEADY,True,True,
2026-08-09T07:00:34Z,IL,IL00064IW013000053,2026-08-09T07:00:25Z,0,0,Unknown,False,False,
2026-08-09T07:00:34Z,IL,IL00055IN002700029,2026-08-09T07:00:26Z,Unknown,0,Unknown,True,False,
2026-08-09T07:00:34Z,IL,IL00070IE008600051,2026-08-09T07:00:26Z,0,0,Unknown,False,False,
2026-08-09T07:00:34Z,IL,IL00080IE011700043,2026-08-09T07:00:26Z,Unknown,31,Unknown,True,False,
2026-08-09T07:00:34Z,IL,IL00055IN010400050,2026-08-09T07:00:26Z,0,0,Unknown,False,False,
2026-08-09T07:00:34Z,IL,IL00074IW015600009,2026-08-09T07:00:26Z,Unknown,0,Unknown,True,False,
2026-08-09T07:00:34Z,IL,IL00074IW020800052,2026-08-09T07:00:26Z,Unknown,0,Unknown,True,False,
2026-08-09T07:00:34Z,IL,IL00039IN008500036,2026-08-09T07:00:27Z,Unknown,42,Unknown,True,False,
2026-08-09T07:00:34Z,IL,IL00080IE005100040,2026-08-09T07:00:27Z,Unknown,39,Unknown,True,False,
2026-08-09T07:00:34Z,IL,IL00064IW008500012,2026-08-09T07:00:27Z,Unknown,0,Unknown,True,False,
2026-08-09T07:00:34Z,IL,IL00055IS002700019,2026-08-09T07:00:27Z,Unknown,0,Unknown,True,False,
2026-08-09T07:00:34Z,IL,IL00057IS022200054,2026-08-09T07:00:27Z,Unknown,0,Unknown,True,False,
2026-08-09T07:00:34Z,IL,IL00057IS011400023,2026-08-09T07:00:27Z,Unknown,0,Unknown,True,False,
2026-08-09T07:00:34Z,IL,IL00057IS007900047,2026-08-09T07:00:27Z,Unknown,0,Unknown,True,False,
2026-08-09T07:00:34Z,IL,IL00072IW015200014,2026-08-09T07:00:27Z,Unknown,17,Unknown,True,False,
2026-08-09T07:00:34Z,IL,IL00070IW002700015,2026-08-09T07:00:27Z,Unknown,0,Unknown,True,False,
2026-08-09T07:00:34Z,IL,IL00024IW003700010,2026-08-09T07:00:27Z,Unknown,0,Unknown,True,False,
2026-08-09T07:00:34Z,IL,IL00064IE008500039,2026-08-09T07:00:27Z,Unknown,0,Unknown,True,False,
2026-08-09T07:00:34Z,IL,IL00070IE002700042,2026-08-09T07:00:27Z,Unknown,0,Unknown,True,False,
2026-08-09T07:00:34Z,IL,IL00055IN019400031,2026-08-09T07:00:27Z,Unknown,36,Unknown,True,False,
2026-08-09T07:00:34Z,IL,IL00057IN011400033,2026-08-09T07:00:28Z,Unknown,0,Unknown,True,False,
2026-08-09T07:00:34Z,IL,IL00064IW002500011,2026-08-09T07:00:28Z,Unknown,0,Unknown,True,False,
2026-08-09T07:00:34Z,IL,IL00080IW005100013,2026-08-09T07:00:28Z,Unknown,47,Unknown,True,False,
2026-08-09T07:00:34Z,IL,IL00057IS026800022,2026-08-09T07:00:28Z,Unknown,27,Unknown,True,False,
2026-08-09T07:00:34Z,IL,IL00055IN006400027,2026-08-09T07:00:28Z,Unknown,0,Unknown,True,False,
2026-08-09T07:00:34Z,IL,IL00055IS019400021,2026-08-09T07:00:28Z,Unknown,29,Unknown,True,False,
2026-08-09T07:00:34Z,IL,IL00057IS033300046,2026-08-09T07:00:28Z,Unknown,0,Unknown,True,False,
2026-08-09T07:00:34Z,IL,IL00039IS008500026,2026-08-09T07:00:28Z,Unknown,42,Unknown,True,False,
2026-08-09T07:00:34Z,IL,IL00057IN007900034,2026-08-09T07:00:28Z,Unknown,0,Unknown,True,False,
2026-08-09T07:00:34Z,IL,IL00074IE015600037,2026-08-09T07:00:28Z,Unknown,0,Unknown,True,False,
2026-08-09T07:00:34Z,IL,IL00064IE002500038,2026-08-09T07:00:28Z,Unknown,0,Unknown,True,False,
2026-08-09T07:00:34Z,IL,IL00057IN033300049,2026-08-09T07:00:28Z,Unknown,0,Unknown,True,False,
2026-08-09T07:00:34Z,IL,IL00057IN026800032,2026-08-09T07:00:28Z,Unknown,25,Unknown,True,False,
2026-08-09T07:00:34Z,IL,IL00055IN014900028,2026-08-09T07:00:28Z,Unknown,0,Unknown,True,False,
2026-08-09T07:00:34Z,IL,IL00080IW011700016,2026-08-09T07:00:28Z,Unknown,39,Unknown,True,False,
2026-08-09T07:00:34Z,IL,IL00055IS006400017,2026-08-09T07:00:29Z,Unknown,0,Unknown,True,False,
2026-08-09T07:00:34Z,IL,IL00074IW002800020,2026-08-09T07:00:29Z,Unknown,15,Unknown,True,False,
2026-08-09T07:00:34Z,IL,IL00057IN022200048,2026-08-09T07:00:29Z,Unknown,0,Unknown,True,False,
2026-08-09T07:00:34Z,IL,IL00074IE002800030,2026-08-09T07:00:29Z,Unknown,14,Unknown,True,False,
2026-08-09T07:00:34Z,IL,IL00072IE015200041,2026-08-09T06:57:09Z,8,16,STEADY,True,True,
2026-08-09T07:00:34Z,IL,IL00074IE011400005,2026-08-09T06:59:47Z,13,25,CLEARING,True,True,
2026-08-09T07:00:34Z,IL,IL00074IW006200004,2026-08-09T07:00:02Z,8,12,STEADY,True,True,
2026-08-09T07:00:34Z,IL,IL00070IW008700045,2026-08-09T06:56:39Z,0,15,STEADY,True,True,
2026-08-09T07:00:34Z,IL,IL00057IS016500018,2026-08-09T06:58:12Z,1,15,CLEARING,True,True,
2026-08-09T07:00:34Z,IL,IL00074IW011400006,2026-08-09T07:00:31Z,9,18,STEADY,True,True,
2026-08-09T07:00:34Z,IL,IL00074IE006200001,2026-08-09T07:00:32Z,2,13,STEADY,True,True,
2026-08-09T07:00:34Z,IL,IL00070IW014900008,2026-08-09T06:59:21Z,Unknown,39,Unknown,True,False,
2026-08-09T07:00:34Z,IL,IL00057IN016500044,2026-08-09T06:56:00Z,0,15,STEADY,False,False,
2026-08-09T07:00:34Z,IL,IL00055IS010400024,2026-08-09T06:56:00Z,Unknown,0,STEADY,,False,
2026-08-09T07:00:34Z,IL,IL00057IS003200025,2026-08-09T06:56:00Z,Unknown,0,STEADY,,False,
2026-08-09T07:00:34Z,IL,IL00057IN003200035,2026-08-09T06:56:00Z,Unknown,17,STEADY,,False,
2026-08-09T07:00:34Z,IN,322,2026-08-09T02:45:00-04:00,55,75,,True,false,
2026-08-09T07:00:34Z,IN,317,2026-08-09T02:45:00-04:00,LOW,58,,True,true,
2026-08-09T07:00:34Z,IN,316,2026-08-09T02:45:00-04:00,24,58,,True,false,
2026-08-09T07:00:34Z,IN,315,2026-08-09T02:45:00-04:00,Unknown,36,,False,true,
2026-08-09T07:00:34Z,IN,314,2026-08-09T02:45:00-04:00,Unknown,36,,False,true,
2026-08-09T07:00:34Z,IN,313,2026-08-09T02:45:00-04:00,10,75,,True,true,
2026-08-09T07:00:34Z,IN,312,2026-08-09T02:45:00-04:00,LOW,75,,True,true,
2026-08-09T07:00:34Z,IN,311,2026-08-09T02:45:00-04:00,Unknown,13,,False,true,
2026-08-09T07:00:34Z,IN,310,2026-08-09T02:45:00-04:00,Unknown,13,,False,true,
2026-08-09T07:00:34Z,IN,308,2026-08-09T02:45:00-04:00,18,75,,True,true,
2026-08-09T07:00:34Z,IN,309,2026-08-09T02:45:00-04:00,84,150,,True,true,
2026-08-09T07:00:34Z,IN,318,2026-08-09T02:45:00-04:00,LOW,78,,True,true,
2026-08-09T07:00:34Z,IN,319,2026-08-09T02:45:00-04:00,LOW,78,,True,true,
2026-08-09T07:00:34Z,IN,320,2026-08-09T02:45:00-04:00,32,83,,True,true,
2026-08-09T07:00:34Z,IN,321,2026-08-09T02:45:00-04:00,21,41,,True,false,
2026-08-09T07:00:34Z,IN,300,2026-08-09T02:45:00-04:00,63,128,,True,false,
2026-08-09T07:00:34Z,IN,302,2026-08-09T02:45:00-04:00,LOW,30,,True,true,
2026-08-09T07:00:34Z,IN,301,2026-08-09T02:45:00-04:00,LOW,30,,True,true,
2026-08-09T07:00:34Z,IN,303,2026-08-09T02:45:00-04:00,LOW,194,,True,true,
2026-08-09T07:00:34Z,IN,304,2026-08-09T02:45:00-04:00,15,99,,True,true,
2026-08-09T07:00:34Z,IN,305,2026-08-09T02:45:00-04:00,Unknown,156,,False,true,
2026-08-09T07:00:34Z,IN,323,2026-08-09T02:45:00-04:00,20,40,,True,true,
2026-08-09T07:00:34Z,IN,702,2026-08-09T02:45:00-04:00,38,75,,True,false,
2026-08-09T07:00:34Z,IN,701,2026-08-09T02:45:00-04:00,30,60,,True,false,
2026-08-09T07:00:34Z,IN,704,2026-08-09T02:45:00-04:00,40,80,,True,false,
2026-08-09T07:00:34Z,IN,703,2026-08-09T02:45:00-04:00,55,110,,True,false,
2026-08-09T07:00:34Z,IN,706,2026-08-09T02:45:00-04:00,35,70,,True,false,
2026-08-09T07:00:34Z,IN,705,2026-08-09T02:45:00-04:00,30,60,,True,false,
2026-08-09T07:00:34Z,IN,708,2026-08-09T02:45:00-04:00,23,45,,True,false,
2026-08-09T07:00:34Z,IN,707,2026-08-09T02:45:00-04:00,20,40,,True,false,
2026-08-09T07:00:34Z,IN,324,2026-08-09T02:45:00-04:00,16,31,,True,true,
2026-08-09T07:00:34Z,KY,KY00065IS0000020N65WELCOM,2026-08-09T06:59:02Z,5,21,CLEARING,True,True,
2026-08-09T07:00:34Z,KY,KY00065IS000020NSMARATHON,2025-12-19T00:36:53Z,25,60,STEADY,True,False,
2026-08-09T07:00:34Z,KY,KY00065IS0000340NWEIGHS34,2026-07-01T19:04:41Z,38,40,STEADY,True,False,
2026-08-09T07:00:34Z,KY,KY00065IS0011400S65SRA114,2026-08-09T06:59:10Z,LOW,26,STEADY,True,True,
2026-08-09T07:00:34Z,KY,KY00065IS0005900S65SRA059,2026-08-09T06:59:07Z,LOW,109,STEADY,True,True,
2026-08-09T07:00:34Z,KY,KY00065IS0005900N65NRA059,2026-08-09T06:59:03Z,LOW,113,STEADY,True,True,
2026-08-09T07:00:34Z,KY,KY00075IS0003300NWEIGHS33,2026-08-09T06:58:46Z,50,50,STEADY,True,False,
2026-08-09T07:00:34Z,KY,KY00075IS0003400SWEIGHS34,2026-08-09T06:58:50Z,9,40,STEADY,True,True,
2026-08-09T07:00:34Z,KY,KY00075IS0017700N75NRA177,2026-07-13T10:37:14Z,LOW,53,CLEARING,True,False,
2026-08-09T07:00:34Z,KY,KY00075IS0007500SWALTONWS,2026-08-09T06:58:56Z,39,45,STEADY,True,True,
2026-08-09T07:00:34Z,KY,KY00075IS0017700S75SRA177,2026-08-09T06:58:48Z,LOW,67,STEADY,True,True,
2026-08-09T07:00:34Z,KY,KY00075IS0016800SCRITENWS,2026-08-09T06:58:51Z,27,39,STEADY,True,True,
2026-08-09T07:00:34Z,KY,KY00075IS0000100N75WELCOM,2026-08-09T06:59:12Z,LOW,30,STEADY,True,True,
2026-08-09T07:17:02Z,IL,IL00072IE015200041,2026-08-09T07:12:04Z,8,16,STEADY,True,True,
2026-08-09T07:17:02Z,IL,IL00074IE011400005,2026-08-09T07:16:26Z,13,25,STEADY,True,True,
2026-08-09T07:17:02Z,IL,IL00057IS026800022,2026-08-09T07:16:53Z,Unknown,27,Unknown,True,False,
2026-08-09T07:17:02Z,IL,IL00080IW005100013,2026-08-09T07:16:53Z,Unknown,47,Unknown,True,False,
2026-08-09T07:17:02Z,IL,IL00055IN010400050,2026-08-09T07:16:53Z,0,0,Unknown,False,False,
2026-08-09T07:17:02Z,IL,IL00057IN026800032,2026-08-09T07:16:53Z,Unknown,25,Unknown,True,False,
2026-08-09T07:17:02Z,IL,IL00074IE002800030,2026-08-09T07:16:53Z,Unknown,14,Unknown,True,False,
2026-08-09T07:17:02Z,IL,IL00057IS022200054,2026-08-09T07:16:53Z,Unknown,0,Unknown,True,False,
2026-08-09T07:17:02Z,IL,IL00055IN014900028,2026-08-09T07:16:53Z,Unknown,0,Unknown,True,False,
2026-08-09T07:17:02Z,IL,IL00055IN019400031,2026-08-09T07:16:53Z,Unknown,36,Unknown,True,False,
2026-08-09T07:17:02Z,IL,IL00070IE008600051,2026-08-09T07:16:53Z,0,0,Unknown,False,False,
2026-08-09T07:17:02Z,IL,IL00074IW015600009,2026-08-09T07:16:53Z,Unknown,0,Unknown,True,False,
2026-08-09T07:17:02Z,IL,IL00057IN022200048,2026-08-09T07:16:53Z,Unknown,0,Unknown,True,False,
2026-08-09T07:17:02Z,IL,IL00039IS008500026,2026-08-09T07:16:53Z,Unknown,42,Unknown,True,False,
2026-08-09T07:17:02Z,IL,IL00080IE005100040,2026-08-09T07:16:53Z,Unknown,39,Unknown,True,False,
2026-08-09T07:17:02Z,IL,IL00064IW002500011,2026-08-09T07:16:53Z,Unknown,0,Unknown,True,False,
2026-08-09T07:17:02Z,IL,IL00055IS006400017,2026-08-09T07:16:53Z,Unknown,0,Unknown,True,False,
2026-08-09T07:17:02Z,IL,IL00057IS011400023,2026-08-09T07:16:53Z,Unknown,0,Unknown,True,False,
2026-08-09T07:17:02Z,IL,IL00055IN002700029,2026-08-09T07:16:53Z,Unknown,0,Unknown,True,False,
2026-08-09T07:17:02Z,IL,IL00064IE008500039,2026-08-09T07:16:53Z,Unknown,0,Unknown,True,False,
2026-08-09T07:17:02Z,IL,IL00080IE011700043,2026-08-09T07:16:53Z,Unknown,31,Unknown,True,False,
2026-08-09T07:17:02Z,IL,IL00055IS002700019,2026-08-09T07:16:53Z,Unknown,0,Unknown,True,False,
2026-08-09T07:17:02Z,IL,IL00074IW020800052,2026-08-09T07:16:53Z,Unknown,0,Unknown,True,False,
2026-08-09T07:17:02Z,IL,IL00070IW002700015,2026-08-09T07:16:54Z,Unknown,0,Unknown,True,False,
2026-08-09T07:17:02Z,IL,IL00057IN011400033,2026-08-09T07:16:54Z,Unknown,0,Unknown,True,False,
2026-08-09T07:17:02Z,IL,IL00064IW008500012,2026-08-09T07:16:54Z,Unknown,0,Unknown,True,False,
2026-08-09T07:17:02Z,IL,IL00024IW003700010,2026-08-09T07:16:54Z,Unknown,0,Unknown,True,False,
2026-08-09T07:17:02Z,IL,IL00039IN008500036,2026-08-09T07:16:54Z,Unknown,42,Unknown,True,False,
2026-08-09T07:17:02Z,IL,IL00057IN033300049,2026-08-09T07:16:54Z,Unknown,0,Unknown,True,False,
2026-08-09T07:17:02Z,IL,IL00055IN006400027,2026-08-09T07:16:54Z,Unknown,0,Unknown,True,False,
2026-08-09T07:17:02Z,IL,IL00074IW002800020,2026-08-09T07:16:54Z,Unknown,15,Unknown,True,False,
2026-08-09T07:17:02Z,IL,IL00064IE002500038,2026-08-09T07:16:54Z,Unknown,0,Unknown,True,False,
2026-08-09T07:17:02Z,IL,IL00057IS033300046,2026-08-09T07:16:54Z,Unknown,0,Unknown,True,False,
2026-08-09T07:17:02Z,IL,IL00070IE002700042,2026-08-09T07:16:54Z,Unknown,0,Unknown,True,False,
2026-08-09T07:17:02Z,IL,IL00072IW015200014,2026-08-09T07:16:54Z,Unknown,17,Unknown,True,False,
2026-08-09T07:17:02Z,IL,IL00057IS007900047,2026-08-09T07:16:54Z,Unknown,0,Unknown,True,False,
2026-08-09T07:17:02Z,IL,IL00080IW011700016,2026-08-09T07:16:54Z,Unknown,39,Unknown,True,False,
2026-08-09T07:17:02Z,IL,IL00074IE015600037,2026-08-09T07:16:54Z,Unknown,0,Unknown,True,False,
2026-08-09T07:17:02Z,IL,IL00064IW013000053,2026-08-09T07:16:54Z,0,0,Unknown,False,False,
2026-08-09T07:17:02Z,IL,IL00055IS019400021,2026-08-09T07:16:54Z,Unknown,29,Unknown,True,False,
2026-08-09T07:17:02Z,IL,IL00057IN007900034,2026-08-09T07:16:54Z,Unknown,0,Unknown,True,False,
2026-08-09T07:17:02Z,IL,IL00074IW006200004,2026-08-09T07:16:11Z,8,12,STEADY,True,True,
2026-08-09T07:17:02Z,IL,IL00070IW008700045,2026-08-09T07:16:42Z,0,15,STEADY,True,True,
2026-08-09T07:17:02Z,IL,IL00057IS016500018,2026-08-09T07:13:21Z,0,15,STEADY,True,True,
2026-08-09T07:17:02Z,IL,IL00074IW011400006,2026-08-09T07:16:56Z,9,18,STEADY,True,True,
2026-08-09T07:17:02Z,IL,IL00074IE006200001,2026-08-09T07:16:57Z,2,13,STEADY,True,True,
2026-08-09T07:17:02Z,IL,IL00070IW014900008,2026-08-09T07:15:15Z,Unknown,39,Unknown,True,False,
2026-08-09T07:17:02Z,IL,IL00057IN016500044,2026-08-09T07:15:42Z,0,15,STEADY,False,False,
2026-08-09T07:17:02Z,IL,IL00055IS010400024,2026-08-09T07:11:52Z,Unknown,0,STEADY,,False,
2026-08-09T07:17:02Z,IL,IL00057IS003200025,2026-08-09T07:11:52Z,Unknown,0,STEADY,,False,
2026-08-09T07:17:02Z,IL,IL00057IN003200035,2026-08-09T07:11:52Z,Unknown,17,STEADY,,False,
2026-08-09T07:17:02Z,IN,322,2026-08-09T03:05:00-04:00,54,75,,True,false,
2026-08-09T07:17:02Z,IN,317,2026-08-09T03:05:00-04:00,5,58,,True,true,
2026-08-09T07:17:02Z,IN,316,2026-08-09T03:05:00-04:00,25,58,,True,false,
2026-08-09T07:17:02Z,IN,315,2026-08-09T03:05:00-04:00,Unknown,36,,False,true,
2026-08-09T07:17:02Z,IN,314,2026-08-09T03:05:00-04:00,Unknown,36,,False,true,
2026-08-09T07:17:02Z,IN,313,2026-08-09T03:05:00-04:00,11,75,,True,true,
2026-08-09T07:17:02Z,IN,312,2026-08-09T03:05:00-04:00,LOW,75,,True,true,
2026-08-09T07:17:02Z,IN,311,2026-08-09T03:05:00-04:00,Unknown,13,,False,true,
2026-08-09T07:17:02Z,IN,310,2026-08-09T03:05:00-04:00,Unknown,13,,False,true,
2026-08-09T07:17:02Z,IN,308,2026-08-09T03:05:00-04:00,16,75,,True,true,
2026-08-09T07:17:02Z,IN,309,2026-08-09T03:05:00-04:00,90,150,,True,true,
2026-08-09T07:17:02Z,IN,318,2026-08-09T03:05:00-04:00,LOW,78,,True,true,
2026-08-09T07:17:02Z,IN,319,2026-08-09T03:05:00-04:00,LOW,78,,True,true,
2026-08-09T07:17:02Z,IN,320,2026-08-09T03:05:00-04:00,31,83,,True,true,
2026-08-09T07:17:02Z,IN,321,2026-08-09T03:05:00-04:00,21,41,,True,false,
2026-08-09T07:17:02Z,IN,300,2026-08-09T03:05:00-04:00,60,128,,True,false,
2026-08-09T07:17:02Z,IN,302,2026-08-09T03:05:00-04:00,LOW,30,,True,true,
2026-08-09T07:17:02Z,IN,301,2026-08-09T03:05:00-04:00,LOW,30,,True,true,
2026-08-09T07:17:02Z,IN,303,2026-08-09T03:05:00-04:00,LOW,194,,True,true,
2026-08-09T07:17:02Z,IN,304,2026-08-09T03:05:00-04:00,10,99,,True,true,
2026-08-09T07:17:02Z,IN,305,2026-08-09T03:05:00-04:00,Unknown,156,,False,true,
2026-08-09T07:17:02Z,IN,323,2026-08-09T03:05:00-04:00,20,40,,True,true,
2026-08-09T07:17:02Z,IN,702,2026-08-09T03:05:00-04:00,38,75,,True,false,
2026-08-09T07:17:02Z,IN,701,2026-08-09T03:05:00-04:00,30,60,,True,false,
2026-08-09T07:17:02Z,IN,704,2026-08-09T03:05:00-04:00,40,80,,True,false,
2026-08-09T07:17:02Z,IN,703,2026-08-09T03:05:00-04:00,55,110,,True,false,
2026-08-09T07:17:02Z,IN,706,2026-08-09T03:05:00-04:00,35,70,,True,false,
2026-08-09T07:17:02Z,IN,705,2026-08-09T03:05:00-04:00,30,60,,True,false,
2026-08-09T07:17:02Z,IN,708,2026-08-09T03:05:00-04:00,23,45,,True,false,
2026-08-09T07:17:02Z,IN,707,2026-08-09T03:05:00-04:00,20,40,,True,false,
2026-08-09T07:17:02Z,IN,324,2026-08-09T03:05:00-04:00,16,31,,True,true,
2026-08-09T07:17:02Z,KY,KY00065IS0000020N65WELCOM,2026-08-09T07:16:01Z,8,21,CLEARING,True,True,
2026-08-09T07:17:02Z,KY,KY00065IS000020NSMARATHON,2025-12-19T00:36:53Z,25,60,STEADY,True,False,
2026-08-09T07:17:02Z,KY,KY00065IS0000340NWEIGHS34,2026-07-01T19:04:41Z,38,40,STEADY,True,False,
2026-08-09T07:17:02Z,KY,KY00065IS0011400S65SRA114,2026-08-09T07:16:09Z,LOW,26,STEADY,True,True,
2026-08-09T07:17:02Z,KY,KY00065IS0005900S65SRA059,2026-08-09T07:16:07Z,LOW,109,STEADY,True,True,
2026-08-09T07:17:02Z,KY,KY00065IS0005900N65NRA059,2026-08-09T07:16:03Z,LOW,113,STEADY,True,True,
2026-08-09T07:17:02Z,KY,KY00075IS0003300NWEIGHS33,2026-08-09T07:15:46Z,50,50,STEADY,True,False,
2026-08-09T07:17:02Z,KY,KY00075IS0003400SWEIGHS34,2026-08-09T07:15:49Z,8,40,STEADY,True,True,
2026-08-09T07:17:02Z,KY,KY00075IS0017700N75NRA177,2026-07-13T10:37:14Z,LOW,53,CLEARING,True,False,
2026-08-09T07:17:02Z,KY,KY00075IS0007500SWALTONWS,2026-08-09T07:15:56Z,39,45,STEADY,True,True,
2026-08-09T07:17:02Z,KY,KY00075IS0017700S75SRA177,2026-08-09T07:15:47Z,LOW,67,STEADY,True,True,
2026-08-09T07:17:02Z,KY,KY00075IS0016800SCRITENWS,2026-08-09T07:15:52Z,27,39,STEADY,True,True,
2026-08-09T07:17:02Z,KY,KY00075IS0000100N75WELCOM,2026-08-09T07:16:12Z,LOW,30,STEADY,True,True,
2026-08-09T07:33:53Z,IL,IL00072IE015200041,2026-08-09T07:33:07Z,9,16,STEADY,True,True,
2026-08-09T07:33:53Z,IL,IL00074IE011400005,2026-08-09T07:33:17Z,13,25,STEADY,True,True,
2026-08-09T07:33:53Z,IL,IL00074IE015600037,2026-08-09T07:33:46Z,Unknown,0,Unknown,True,False,
2026-08-09T07:33:53Z,IL,IL00024IW003700010,2026-08-09T07:33:46Z,Unknown,0,Unknown,True,False,
2026-08-09T07:33:53Z,IL,IL00074IW020800052,2026-08-09T07:33:46Z,Unknown,0,Unknown,True,False,
2026-08-09T07:33:53Z,IL,IL00055IN014900028,2026-08-09T07:33:46Z,Unknown,0,Unknown,True,False,
2026-08-09T07:33:53Z,IL,IL00055IN002700029,2026-08-09T07:33:46Z,Unknown,0,Unknown,True,False,
2026-08-09T07:33:53Z,IL,IL00080IE005100040,2026-08-09T07:33:46Z,Unknown,39,Unknown,True,False,
2026-08-09T07:33:53Z,IL,IL00057IS026800022,2026-08-09T07:33:46Z,Unknown,27,Unknown,True,False,
2026-08-09T07:33:53Z,IL,IL00074IW015600009,2026-08-09T07:33:46Z,Unknown,0,Unknown,True,False,
2026-08-09T07:33:53Z,IL,IL00072IW015200014,2026-08-09T07:33:46Z,Unknown,17,Unknown,True,False,
2026-08-09T07:33:53Z,IL,IL00070IW002700015,2026-08-09T07:33:46Z,Unknown,0,Unknown,True,False,
2026-08-09T07:33:53Z,IL,IL00055IS006400017,2026-08-09T07:33:46Z,Unknown,0,Unknown,True,False,
2026-08-09T07:33:53Z,IL,IL00055IN019400031,2026-08-09T07:33:46Z,Unknown,36,Unknown,True,False,
2026-08-09T07:33:53Z,IL,IL00057IN026800032,2026-08-09T07:33:46Z,Unknown,25,Unknown,True,False,
2026-08-09T07:33:53Z,IL,IL00064IE008500039,2026-08-09T07:33:46Z,Unknown,0,Unknown,True,False,
2026-08-09T07:33:53Z,IL,IL00070IE008600051,2026-08-09T07:33:46Z,0,0,Unknown,False,False,
2026-08-09T07:33:53Z,IL,IL00064IW013000053,2026-08-09T07:33:46Z,0,0,Unknown,False,False,
2026-08-09T07:33:53Z,IL,IL00080IW011700016,2026-08-09T07:33:46Z,Unknown,39,Unknown,True,False,
2026-08-09T07:33:53Z,IL,IL00055IS002700019,2026-08-09T07:33:46Z,Unknown,0,Unknown,True,False,
2026-08-09T07:33:53Z,IL,IL00057IS022200054,2026-08-09T07:33:47Z,Unknown,0,Unknown,True,False,
2026-08-09T07:33:53Z,IL,IL00074IW002800020,2026-08-09T07:33:47Z,Unknown,15,Unknown,True,False,
2026-08-09T07:33:53Z,IL,IL00057IS007900047,2026-08-09T07:33:47Z,Unknown,0,Unknown,True,False,
2026-08-09T07:33:53Z,IL,IL00057IN022200048,2026-08-09T07:33:47Z,Unknown,0,Unknown,True,False,
2026-08-09T07:33:53Z,IL,IL00074IE002800030,2026-08-09T07:33:47Z,Unknown,14,Unknown,True,False,
2026-08-09T07:33:53Z,IL,IL00057IN033300049,2026-08-09T07:33:47Z,Unknown,0,Unknown,True,False,
2026-08-09T07:33:53Z,IL,IL00055IN010400050,2026-08-09T07:33:47Z,0,0,Unknown,False,False,
2026-08-09T07:33:53Z,IL,IL00039IN008500036,2026-08-09T07:33:47Z,Unknown,42,Unknown,True,False,
2026-08-09T07:33:53Z,IL,IL00064IE002500038,2026-08-09T07:33:47Z,Unknown,0,Unknown,True,False,
2026-08-09T07:33:53Z,IL,IL00064IW002500011,2026-08-09T07:33:47Z,Unknown,0,Unknown,True,False,
2026-08-09T07:33:53Z,IL,IL00064IW008500012,2026-08-09T07:33:47Z,Unknown,0,Unknown,True,False,
2026-08-09T07:33:53Z,IL,IL00080IW005100013,2026-08-09T07:33:47Z,Unknown,47,Unknown,True,False,
2026-08-09T07:33:53Z,IL,IL00055IS019400021,2026-08-09T07:33:47Z,Unknown,29,Unknown,True,False,
2026-08-09T07:33:53Z,IL,IL00057IS011400023,2026-08-09T07:33:47Z,Unknown,0,Unknown,True,False,
2026-08-09T07:33:53Z,IL,IL00057IS033300046,2026-08-09T07:33:47Z,Unknown,0,Unknown,True,False,
2026-08-09T07:33:53Z,IL,IL00039IS008500026,2026-08-09T07:33:47Z,Unknown,42,Unknown,True,False,
2026-08-09T07:33:53Z,IL,IL00055IN006400027,2026-08-09T07:33:47Z,Unknown,0,Unknown,True,False,
2026-08-09T07:33:53Z,IL,IL00057IN011400033,2026-08-09T07:33:47Z,Unknown,0,Unknown,True,False,
2026-08-09T07:33:53Z,IL,IL00057IN007900034,2026-08-09T07:33:47Z,Unknown,0,Unknown,True,False,
2026-08-09T07:33:53Z,IL,IL00070IE002700042,2026-08-09T07:33:48Z,Unknown,0,Unknown,True,False,
2026-08-09T07:33:53Z,IL,IL00080IE011700043,2026-08-09T07:33:48Z,Unknown,31,Unknown,True,False,
2026-08-09T07:33:53Z,IL,IL00074IW006200004,2026-08-09T07:33:20Z,6,12,FILLING,True,True,
2026-08-09T07:33:53Z,IL,IL00070IW008700045,2026-08-09T07:33:06Z,0,15,STEADY,True,True,
2026-08-09T07:33:53Z,IL,IL00057IS016500018,2026-08-09T07:33:23Z,3,15,CLEARING,True,True,
2026-08-09T07:33:53Z,IL,IL00074IW011400006,2026-08-09T07:33:06Z,8,18,FILLING,True,True,
2026-08-09T07:33:53Z,IL,IL00074IE006200001,2026-08-09T07:33:07Z,2,13,STEADY,True,True,
2026-08-09T07:33:53Z,IL,IL00070IW014900008,2026-08-09T07:33:05Z,Unknown,39,Unknown,True,False,
2026-08-09T07:33:53Z,IL,IL00057IN016500044,2026-08-09T07:33:06Z,0,15,STEADY,False,False,
2026-08-09T07:33:53Z,IL,IL00055IS010400024,2026-08-09T07:33:06Z,Unknown,0,STEADY,,False,
2026-08-09T07:33:53Z,IL,IL00057IS003200025,2026-08-09T07:33:06Z,Unknown,0,STEADY,,False,
2026-08-09T07:33:53Z,IL,IL00057IN003200035,2026-08-09T07:33:07Z,Unknown,17,STEADY,,False,
2026-08-09T07:33:53Z,IN,322,2026-08-09T03:20:00-04:00,55,75,,True,false,
2026-08-09T07:33:53Z,IN,317,2026-08-09T03:20:00-04:00,5,58,,True,true,
2026-08-09T07:33:53Z,IN,316,2026-08-09T03:20:00-04:00,25,58,,True,false,
2026-08-09T07:33:53Z,IN,315,2026-08-09T03:20:00-04:00,Unknown,36,,False,true,
2026-08-09T07:33:53Z,IN,314,2026-08-09T03:20:00-04:00,Unknown,36,,False,true,
2026-08-09T07:33:53Z,IN,313,2026-08-09T03:20:00-04:00,12,75,,True,true,
2026-08-09T07:33:53Z,IN,312,2026-08-09T03:20:00-04:00,LOW,75,,True,true,
2026-08-09T07:33:53Z,IN,311,2026-08-09T03:20:00-04:00,Unknown,13,,False,true,
2026-08-09T07:33:53Z,IN,310,2026-08-09T03:20:00-04:00,Unknown,13,,False,true,
2026-08-09T07:33:53Z,IN,308,2026-08-09T03:20:00-04:00,15,75,,True,true,
2026-08-09T07:33:53Z,IN,309,2026-08-09T03:20:00-04:00,92,150,,True,true,
2026-08-09T07:33:53Z,IN,318,2026-08-09T03:20:00-04:00,LOW,78,,True,true,
2026-08-09T07:33:53Z,IN,319,2026-08-09T03:20:00-04:00,LOW,78,,True,true,
2026-08-09T07:33:53Z,IN,320,2026-08-09T03:20:00-04:00,32,83,,True,true,
2026-08-09T07:33:53Z,IN,321,2026-08-09T03:20:00-04:00,21,41,,True,false,
2026-08-09T07:33:53Z,IN,300,2026-08-09T03:20:00-04:00,56,128,,True,false,
2026-08-09T07:33:53Z,IN,302,2026-08-09T03:20:00-04:00,LOW,30,,True,true,
2026-08-09T07:33:53Z,IN,301,2026-08-09T03:20:00-04:00,LOW,30,,True,true,
2026-08-09T07:33:53Z,IN,303,2026-08-09T03:20:00-04:00,LOW,194,,True,true,
2026-08-09T07:33:53Z,IN,304,2026-08-09T03:20:00-04:00,LOW,99,,True,true,
2026-08-09T07:33:53Z,IN,305,2026-08-09T03:20:00-04:00,Unknown,156,,False,true,
2026-08-09T07:33:53Z,IN,323,2026-08-09T03:20:00-04:00,20,40,,True,true,
2026-08-09T07:33:53Z,IN,702,2026-08-09T03:20:00-04:00,38,75,,True,false,
2026-08-09T07:33:53Z,IN,701,2026-08-09T03:20:00-04:00,30,60,,True,false,
2026-08-09T07:33:53Z,IN,704,2026-08-09T03:20:00-04:00,40,80,,True,false,
2026-08-09T07:33:53Z,IN,703,2026-08-09T03:20:00-04:00,55,110,,True,false,
2026-08-09T07:33:53Z,IN,706,2026-08-09T03:20:00-04:00,35,70,,True,false,
2026-08-09T07:33:53Z,IN,705,2026-08-09T03:20:00-04:00,30,60,,True,false,
2026-08-09T07:33:53Z,IN,708,2026-08-09T03:20:00-04:00,23,45,,True,false,
2026-08-09T07:33:53Z,IN,707,2026-08-09T03:20:00-04:00,20,40,,True,false,
2026-08-09T07:33:53Z,IN,324,2026-08-09T03:20:00-04:00,16,31,,True,true,
2026-08-09T07:33:53Z,KY,KY00065IS0000020N65WELCOM,2026-08-09T07:32:01Z,7,21,CLEARING,True,True,
2026-08-09T07:33:53Z,KY,KY00065IS000020NSMARATHON,2025-12-19T00:36:53Z,25,60,STEADY,True,False,
2026-08-09T07:33:53Z,KY,KY00065IS0000340NWEIGHS34,2026-07-01T19:04:41Z,38,40,STEADY,True,False,
2026-08-09T07:33:53Z,KY,KY00065IS0011400S65SRA114,2026-08-09T07:32:10Z,LOW,26,STEADY,True,True,
2026-08-09T07:33:53Z,KY,KY00065IS0005900S65SRA059,2026-08-09T07:32:08Z,LOW,109,STEADY,True,True,
2026-08-09T07:33:53Z,KY,KY00065IS0005900N65NRA059,2026-08-09T07:32:04Z,LOW,113,STEADY,True,True,
2026-08-09T07:33:53Z,KY,KY00075IS0003300NWEIGHS33,2026-08-09T07:31:46Z,50,50,STEADY,True,False,
2026-08-09T07:33:53Z,KY,KY00075IS0003400SWEIGHS34,2026-08-09T07:31:50Z,8,40,STEADY,True,True,
2026-08-09T07:33:53Z,KY,KY00075IS0017700N75NRA177,2026-07-13T10:37:14Z,LOW,53,CLEARING,True,False,
2026-08-09T07:33:53Z,KY,KY00075IS0007500SWALTONWS,2026-08-09T07:31:56Z,39,45,STEADY,True,True,
2026-08-09T07:33:53Z,KY,KY00075IS0017700S75SRA177,2026-08-09T07:31:48Z,LOW,67,STEADY,True,True,
2026-08-09T07:33:53Z,KY,KY00075IS0016800SCRITENWS,2026-08-09T07:31:51Z,27,39,STEADY,True,True,
2026-08-09T07:33:53Z,KY,KY00075IS0000100N75WELCOM,2026-08-09T07:32:12Z,LOW,30,CLEARING,True,True,
2026-08-09T07:50:50Z,IL,IL00072IE015200041,2026-08-09T07:48:58Z,9,16,STEADY,True,True,
2026-08-09T07:50:50Z,IL,IL00074IE011400005,2026-08-09T07:50:17Z,11,25,FILLING,True,True,
2026-08-09T07:50:50Z,IL,IL00074IE002800030,2026-08-09T07:50:45Z,Unknown,14,Unknown,True,False,
2026-08-09T07:50:50Z,IL,IL00055IN010400050,2026-08-09T07:50:45Z,0,0,Unknown,False,False,
2026-08-09T07:50:50Z,IL,IL00064IE002500038,2026-08-09T07:50:46Z,Unknown,0,Unknown,True,False,
2026-08-09T07:50:50Z,IL,IL00080IW011700016,2026-08-09T07:50:46Z,Unknown,39,Unknown,True,False,
2026-08-09T07:50:50Z,IL,IL00057IS033300046,2026-08-09T07:50:46Z,Unknown,0,Unknown,True,False,
2026-08-09T07:50:50Z,IL,IL00039IN008500036,2026-08-09T07:50:46Z,Unknown,42,Unknown,True,False,
2026-08-09T07:50:50Z,IL,IL00057IS007900047,2026-08-09T07:50:46Z,Unknown,0,Unknown,True,False,
2026-08-09T07:50:50Z,IL,IL00070IE008600051,2026-08-09T07:50:46Z,0,0,Unknown,False,False,
2026-08-09T07:50:50Z,IL,IL00039IS008500026,2026-08-09T07:50:46Z,Unknown,42,Unknown,True,False,
2026-08-09T07:50:50Z,IL,IL00074IE015600037,2026-08-09T07:50:46Z,Unknown,0,Unknown,True,False,
2026-08-09T07:50:50Z,IL,IL00064IE008500039,2026-08-09T07:50:46Z,Unknown,0,Unknown,True,False,
2026-08-09T07:50:50Z,IL,IL00064IW013000053,2026-08-09T07:50:46Z,0,0,Unknown,False,False,
2026-08-09T07:50:50Z,IL,IL00070IE002700042,2026-08-09T07:50:46Z,Unknown,0,Unknown,True,False,
2026-08-09T07:50:50Z,IL,IL00064IW008500012,2026-08-09T07:50:46Z,Unknown,0,Unknown,True,False,
2026-08-09T07:50:50Z,IL,IL00057IS022200054,2026-08-09T07:50:46Z,Unknown,0,Unknown,True,False,
2026-08-09T07:50:50Z,IL,IL00057IS011400023,2026-08-09T07:50:46Z,Unknown,0,Unknown,True,False,
2026-08-09T07:50:50Z,IL,IL00055IS019400021,2026-08-09T07:50:46Z,Unknown,29,Unknown,True,False,
2026-08-09T07:50:50Z,IL,IL00057IS026800022,2026-08-09T07:50:46Z,Unknown,27,Unknown,True,False,
2026-08-09T07:50:50Z,IL,IL00055IN006400027,2026-08-09T07:50:46Z,Unknown,0,Unknown,True,False,
2026-08-09T07:50:50Z,IL,IL00080IW005100013,2026-08-09T07:50:46Z,Unknown,47,Unknown,True,False,
2026-08-09T07:50:50Z,IL,IL00055IN002700029,2026-08-09T07:50:46Z,Unknown,0,Unknown,True,False,
2026-08-09T07:50:50Z,IL,IL00057IN022200048,2026-08-09T07:50:46Z,Unknown,0,Unknown,True,False,
2026-08-09T07:50:50Z,IL,IL00064IW002500011,2026-08-09T07:50:46Z,Unknown,0,Unknown,True,False,
2026-08-09T07:50:50Z,IL,IL00057IN026800032,2026-08-09T07:50:47Z,Unknown,25,Unknown,True,False,
2026-08-09T07:50:50Z,IL,IL00072IW015200014,2026-08-09T07:50:47Z,Unknown,17,Unknown,True,False,
2026-08-09T07:50:50Z,IL,IL00055IN019400031,2026-08-09T07:50:47Z,Unknown,36,Unknown,True,False,
2026-08-09T07:50:50Z,IL,IL00074IW020800052,2026-08-09T07:50:47Z,Unknown,0,Unknown,True,False,
2026-08-09T07:50:50Z,IL,IL00057IN011400033,2026-08-09T07:50:47Z,Unknown,0,Unknown,True,False,
2026-08-09T07:50:50Z,IL,IL00055IN014900028,2026-08-09T07:50:47Z,Unknown,0,Unknown,True,False,
2026-08-09T07:50:50Z,IL,IL00070IW002700015,2026-08-09T07:50:47Z,Unknown,0,Unknown,True,False,
2026-08-09T07:50:50Z,IL,IL00055IS006400017,2026-08-09T07:50:47Z,Unknown,0,Unknown,True,False,
2026-08-09T07:50:50Z,IL,IL00055IS002700019,2026-08-09T07:50:47Z,Unknown,0,Unknown,True,False,
2026-08-09T07:50:50Z,IL,IL00080IE005100040,2026-08-09T07:50:47Z,Unknown,39,Unknown,True,False,
2026-08-09T07:50:50Z,IL,IL00074IW002800020,2026-08-09T07:50:47Z,Unknown,15,Unknown,True,False,
2026-08-09T07:50:50Z,IL,IL00074IW015600009,2026-08-09T07:50:47Z,Unknown,0,Unknown,True,False,
2026-08-09T07:50:50Z,IL,IL00024IW003700010,2026-08-09T07:50:47Z,Unknown,0,Unknown,True,False,
2026-08-09T07:50:50Z,IL,IL00080IE011700043,2026-08-09T07:50:47Z,Unknown,31,Unknown,True,False,
2026-08-09T07:50:50Z,IL,IL00057IN033300049,2026-08-09T07:50:47Z,Unknown,0,Unknown,True,False,
2026-08-09T07:50:50Z,IL,IL00057IN007900034,2026-08-09T07:50:47Z,Unknown,0,Unknown,True,False,
2026-08-09T07:50:50Z,IL,IL00074IW006200004,2026-08-09T07:50:19Z,6,12,STEADY,True,True,
2026-08-09T07:50:50Z,IL,IL00070IW008700045,2026-08-09T07:48:57Z,0,15,STEADY,True,True,
2026-08-09T07:50:50Z,IL,IL00057IS016500018,2026-08-09T07:48:57Z,3,15,STEADY,True,True,
2026-08-09T07:50:50Z,IL,IL00074IW011400006,2026-08-09T07:50:04Z,8,18,STEADY,True,True,
2026-08-09T07:50:50Z,IL,IL00074IE006200001,2026-08-09T07:50:05Z,2,13,STEADY,True,True,
2026-08-09T07:50:50Z,IL,IL00070IW014900008,2026-08-09T07:50:50Z,Unknown,39,Unknown,True,False,
2026-08-09T07:50:50Z,IL,IL00057IN016500044,2026-08-09T07:50:35Z,0,15,STEADY,False,False,
2026-08-09T07:50:50Z,IL,IL00055IS010400024,2026-08-09T07:48:57Z,Unknown,0,STEADY,,False,
2026-08-09T07:50:50Z,IL,IL00057IS003200025,2026-08-09T07:48:57Z,Unknown,0,STEADY,,False,
2026-08-09T07:50:50Z,IL,IL00057IN003200035,2026-08-09T07:48:58Z,Unknown,17,STEADY,,False,
2026-08-09T07:50:50Z,IN,322,2026-08-09T03:35:00-04:00,55,75,,True,false,
2026-08-09T07:50:50Z,IN,317,2026-08-09T03:35:00-04:00,5,58,,True,true,
2026-08-09T07:50:50Z,IN,316,2026-08-09T03:35:00-04:00,24,58,,True,false,
2026-08-09T07:50:50Z,IN,315,2026-08-09T03:35:00-04:00,Unknown,36,,False,true,
2026-08-09T07:50:50Z,IN,314,2026-08-09T03:35:00-04:00,Unknown,36,,False,true,
2026-08-09T07:50:50Z,IN,313,2026-08-09T03:35:00-04:00,9,75,,True,true,
2026-08-09T07:50:50Z,IN,312,2026-08-09T03:35:00-04:00,LOW,75,,True,true,
2026-08-09T07:50:50Z,IN,311,2026-08-09T03:35:00-04:00,Unknown,13,,False,true,
2026-08-09T07:50:50Z,IN,310,2026-08-09T03:35:00-04:00,Unknown,13,,False,true,
2026-08-09T07:50:50Z,IN,308,2026-08-09T03:35:00-04:00,14,75,,True,true,
2026-08-09T07:50:50Z,IN,309,2026-08-09T03:35:00-04:00,93,150,,True,true,
2026-08-09T07:50:50Z,IN,318,2026-08-09T03:35:00-04:00,LOW,78,,True,true,
2026-08-09T07:50:50Z,IN,319,2026-08-09T03:35:00-04:00,LOW,78,,True,true,
2026-08-09T07:50:50Z,IN,320,2026-08-09T03:35:00-04:00,33,83,,True,true,
2026-08-09T07:50:50Z,IN,321,2026-08-09T03:35:00-04:00,21,41,,True,false,
2026-08-09T07:50:50Z,IN,300,2026-08-09T03:35:00-04:00,55,128,,True,false,
2026-08-09T07:50:50Z,IN,302,2026-08-09T03:35:00-04:00,LOW,30,,True,true,
2026-08-09T07:50:50Z,IN,301,2026-08-09T03:35:00-04:00,LOW,30,,True,true,
2026-08-09T07:50:50Z,IN,303,2026-08-09T03:35:00-04:00,LOW,194,,True,true,
2026-08-09T07:50:50Z,IN,304,2026-08-09T03:35:00-04:00,LOW,99,,True,true,
2026-08-09T07:50:50Z,IN,305,2026-08-09T03:35:00-04:00,Unknown,156,,False,true,
2026-08-09T07:50:50Z,IN,323,2026-08-09T03:35:00-04:00,20,40,,True,true,
2026-08-09T07:50:50Z,IN,702,2026-08-09T03:35:00-04:00,38,75,,True,false,
2026-08-09T07:50:50Z,IN,701,2026-08-09T03:35:00-04:00,30,60,,True,false,
2026-08-09T07:50:50Z,IN,704,2026-08-09T03:35:00-04:00,40,80,,True,false,
2026-08-09T07:50:50Z,IN,703,2026-08-09T03:35:00-04:00,55,110,,True,false,
2026-08-09T07:50:50Z,IN,706,2026-08-09T03:35:00-04:00,35,70,,True,false,
2026-08-09T07:50:50Z,IN,705,2026-08-09T03:35:00-04:00,30,60,,True,false,
2026-08-09T07:50:50Z,IN,708,2026-08-09T03:35:00-04:00,23,45,,True,false,
2026-08-09T07:50:50Z,IN,707,2026-08-09T03:35:00-04:00,20,40,,True,false,
2026-08-09T07:50:50Z,IN,324,2026-08-09T03:35:00-04:00,16,31,,True,true,
2026-08-09T07:50:50Z,KY,KY00065IS0000020N65WELCOM,2026-08-09T07:49:02Z,7,21,FILLING,True,True,
2026-08-09T07:50:50Z,KY,KY00065IS000020NSMARATHON,2025-12-19T00:36:53Z,25,60,STEADY,True,False,
2026-08-09T07:50:50Z,KY,KY00065IS0000340NWEIGHS34,2026-07-01T19:04:41Z,38,40,STEADY,True,False,
2026-08-09T07:50:50Z,KY,KY00065IS0011400S65SRA114,2026-08-09T07:49:10Z,LOW,26,STEADY,True,True,
2026-08-09T07:50:50Z,KY,KY00065IS0005900S65SRA059,2026-08-09T07:49:08Z,LOW,109,STEADY,True,True,
2026-08-09T07:50:50Z,KY,KY00065IS0005900N65NRA059,2026-08-09T07:49:04Z,LOW,113,STEADY,True,True,
2026-08-09T07:50:50Z,KY,KY00075IS0003300NWEIGHS33,2026-08-09T07:48:46Z,50,50,STEADY,True,False,
2026-08-09T07:50:50Z,KY,KY00075IS0003400SWEIGHS34,2026-08-09T07:48:49Z,9,40,STEADY,True,True,
2026-08-09T07:50:50Z,KY,KY00075IS0017700N75NRA177,2026-07-13T10:37:14Z,LOW,53,CLEARING,True,False,
2026-08-09T07:50:50Z,KY,KY00075IS0007500SWALTONWS,2026-08-09T07:48:56Z,40,45,STEADY,True,True,
2026-08-09T07:50:50Z,KY,KY00075IS0017700S75SRA177,2026-08-09T07:48:48Z,LOW,67,STEADY,True,True,
2026-08-09T07:50:50Z,KY,KY00075IS0016800SCRITENWS,2026-08-09T07:48:51Z,27,39,STEADY,True,True,
2026-08-09T07:50:50Z,KY,KY00075IS0000100N75WELCOM,2026-08-09T07:49:12Z,LOW,30,STEADY,True,True,
2026-08-09T08:07:21Z,IL,IL00070IE002700042,2026-08-09T08:07:14Z,Unknown,0,Unknown,True,False,
2026-08-09T08:07:21Z,IL,IL00057IS007900047,2026-08-09T08:07:14Z,Unknown,0,Unknown,True,False,
2026-08-09T08:07:21Z,IL,IL00080IE011700043,2026-08-09T08:07:15Z,Unknown,31,Unknown,True,False,
2026-08-09T08:07:21Z,IL,IL00055IN019400031,2026-08-09T08:07:15Z,Unknown,36,Unknown,True,False,
2026-08-09T08:07:21Z,IL,IL00064IW013000053,2026-08-09T08:07:15Z,0,0,Unknown,False,False,
2026-08-09T08:07:21Z,IL,IL00074IW002800020,2026-08-09T08:07:15Z,Unknown,15,Unknown,True,False,
2026-08-09T08:07:21Z,IL,IL00074IW015600009,2026-08-09T08:07:15Z,Unknown,0,Unknown,True,False,
2026-08-09T08:07:21Z,IL,IL00074IE002800030,2026-08-09T08:07:15Z,Unknown,14,Unknown,True,False,
2026-08-09T08:07:21Z,IL,IL00057IN011400033,2026-08-09T08:07:15Z,Unknown,0,Unknown,True,False,
2026-08-09T08:07:21Z,IL,IL00055IS019400021,2026-08-09T08:07:15Z,Unknown,29,Unknown,True,False,
2026-08-09T08:07:21Z,IL,IL00057IS026800022,2026-08-09T08:07:15Z,Unknown,27,Unknown,True,False,
2026-08-09T08:07:21Z,IL,IL00057IS033300046,2026-08-09T08:07:13Z,Unknown,0,Unknown,True,False,
2026-08-09T08:07:21Z,IL,IL00055IN014900028,2026-08-09T08:07:13Z,Unknown,0,Unknown,True,False,
2026-08-09T08:07:21Z,IL,IL00064IW002500011,2026-08-09T08:07:13Z,Unknown,0,Unknown,True,False,
2026-08-09T08:07:21Z,IL,IL00057IS011400023,2026-08-09T08:07:13Z,Unknown,0,Unknown,True,False,
2026-08-09T08:07:21Z,IL,IL00070IW002700015,2026-08-09T08:07:14Z,Unknown,0,Unknown,True,False,
2026-08-09T08:07:21Z,IL,IL00080IW011700016,2026-08-09T08:07:14Z,Unknown,39,Unknown,True,False,
2026-08-09T08:07:21Z,IL,IL00070IE008600051,2026-08-09T08:07:14Z,0,0,Unknown,False,False,
2026-08-09T08:07:21Z,IL,IL00055IN006400027,2026-08-09T08:07:14Z,Unknown,0,Unknown,True,False,
2026-08-09T08:07:21Z,IL,IL00072IW015200014,2026-08-09T08:07:14Z,Unknown,17,Unknown,True,False,
2026-08-09T08:07:21Z,IL,IL00064IE002500038,2026-08-09T08:07:14Z,Unknown,0,Unknown,True,False,
2026-08-09T08:07:21Z,IL,IL00080IW005100013,2026-08-09T08:07:14Z,Unknown,47,Unknown,True,False,
2026-08-09T08:07:21Z,IL,IL00024IW003700010,2026-08-09T08:07:14Z,Unknown,0,Unknown,True,False,
2026-08-09T08:07:21Z,IL,IL00072IE015200041,2026-08-09T08:05:10Z,9,16,STEADY,True,True,
2026-08-09T08:07:21Z,IL,IL00074IW020800052,2026-08-09T08:07:14Z,Unknown,0,Unknown,True,False,
2026-08-09T08:07:21Z,IL,IL00057IN007900034,2026-08-09T08:07:14Z,Unknown,0,Unknown,True,False,
2026-08-09T08:07:21Z,IL,IL00055IN010400050,2026-08-09T08:07:14Z,0,0,Unknown,False,False,
2026-08-09T08:07:21Z,IL,IL00074IE015600037,2026-08-09T08:07:14Z,Unknown,0,Unknown,True,False,
2026-08-09T08:07:21Z,IL,IL00055IS002700019,2026-08-09T08:07:14Z,Unknown,0,Unknown,True,False,
2026-08-09T08:07:21Z,IL,IL00064IW008500012,2026-08-09T08:07:14Z,Unknown,0,Unknown,True,False,
2026-08-09T08:07:21Z,IL,IL00039IN008500036,2026-08-09T08:07:14Z,Unknown,42,Unknown,True,False,
2026-08-09T08:07:21Z,IL,IL00057IN022200048,2026-08-09T08:07:14Z,Unknown,0,Unknown,True,False,
2026-08-09T08:07:21Z,IL,IL00055IS006400017,2026-08-09T08:07:14Z,Unknown,0,Unknown,True,False,
2026-08-09T08:07:21Z,IL,IL00057IS022200054,2026-08-09T08:07:14Z,Unknown,0,Unknown,True,False,
2026-08-09T08:07:21Z,IL,IL00039IS008500026,2026-08-09T08:07:15Z,Unknown,42,Unknown,True,False,
2026-08-09T08:07:21Z,IL,IL00057IN026800032,2026-08-09T08:07:15Z,Unknown,25,Unknown,True,False,
2026-08-09T08:07:21Z,IL,IL00055IN002700029,2026-08-09T08:07:15Z,Unknown,0,Unknown,True,False,
2026-08-09T08:07:21Z,IL,IL00064IE008500039,2026-08-09T08:07:15Z,Unknown,0,Unknown,True,False,
2026-08-09T08:07:21Z,IL,IL00080IE005100040,2026-08-09T08:07:15Z,Unknown,39,Unknown,True,False,
2026-08-09T08:07:21Z,IL,IL00057IN033300049,2026-08-09T08:07:15Z,Unknown,0,Unknown,True,False,
2026-08-09T08:07:21Z,IL,IL00074IE011400005,2026-08-09T08:07:02Z,11,25,STEADY,True,True,
2026-08-09T08:07:21Z,IL,IL00074IW006200004,2026-08-09T08:07:02Z,6,12,STEADY,True,True,
2026-08-09T08:07:21Z,IL,IL00070IW008700045,2026-08-09T08:06:33Z,0,15,STEADY,True,True,
2026-08-09T08:07:21Z,IL,IL00057IS016500018,2026-08-09T08:05:08Z,3,15,STEADY,True,True,
2026-08-09T08:07:21Z,IL,IL00074IW011400006,2026-08-09T08:06:47Z,8,18,STEADY,True,True,
2026-08-09T08:07:21Z,IL,IL00074IE006200001,2026-08-09T08:06:48Z,2,13,STEADY,True,True,
2026-08-09T08:07:21Z,IL,IL00070IW014900008,2026-08-09T08:06:51Z,Unknown,39,Unknown,True,False,
2026-08-09T08:07:21Z,IL,IL00057IN016500044,2026-08-09T08:05:35Z,0,15,STEADY,False,False,
2026-08-09T08:07:21Z,IL,IL00055IS010400024,2026-08-09T08:05:09Z,Unknown,0,STEADY,,False,
2026-08-09T08:07:21Z,IL,IL00057IS003200025,2026-08-09T08:05:09Z,Unknown,0,STEADY,,False,
2026-08-09T08:07:21Z,IL,IL00057IN003200035,2026-08-09T08:05:09Z,Unknown,17,STEADY,,False,
2026-08-09T08:07:21Z,IN,322,2026-08-09T03:55:00-04:00,55,75,,True,false,
2026-08-09T08:07:21Z,IN,317,2026-08-09T03:55:00-04:00,5,58,,True,true,
2026-08-09T08:07:21Z,IN,316,2026-08-09T03:55:00-04:00,24,58,,True,false,
2026-08-09T08:07:21Z,IN,315,2026-08-09T03:55:00-04:00,Unknown,36,,False,true,
2026-08-09T08:07:21Z,IN,314,2026-08-09T03:55:00-04:00,Unknown,36,,False,true,
2026-08-09T08:07:21Z,IN,313,2026-08-09T03:55:00-04:00,LOW,75,,True,true,
2026-08-09T08:07:21Z,IN,312,2026-08-09T03:55:00-04:00,LOW,75,,True,true,
2026-08-09T08:07:21Z,IN,311,2026-08-09T03:55:00-04:00,Unknown,13,,False,true,
2026-08-09T08:07:21Z,IN,310,2026-08-09T03:55:00-04:00,Unknown,13,,False,true,
2026-08-09T08:07:21Z,IN,308,2026-08-09T03:55:00-04:00,12,75,,True,true,
2026-08-09T08:07:21Z,IN,309,2026-08-09T03:55:00-04:00,95,150,,True,true,
2026-08-09T08:07:21Z,IN,318,2026-08-09T03:55:00-04:00,LOW,78,,True,true,
2026-08-09T08:07:21Z,IN,319,2026-08-09T03:55:00-04:00,LOW,78,,True,true,
2026-08-09T08:07:21Z,IN,320,2026-08-09T03:55:00-04:00,35,83,,True,true,
2026-08-09T08:07:21Z,IN,321,2026-08-09T03:55:00-04:00,21,41,,True,false,
2026-08-09T08:07:21Z,IN,300,2026-08-09T03:55:00-04:00,52,128,,True,false,
2026-08-09T08:07:21Z,IN,302,2026-08-09T03:55:00-04:00,LOW,30,,True,true,
2026-08-09T08:07:21Z,IN,301,2026-08-09T03:55:00-04:00,LOW,30,,True,true,
2026-08-09T08:07:21Z,IN,303,2026-08-09T03:55:00-04:00,LOW,194,,True,true,
2026-08-09T08:07:21Z,IN,304,2026-08-09T03:55:00-04:00,LOW,99,,True,true,
2026-08-09T08:07:21Z,IN,305,2026-08-09T03:55:00-04:00,Unknown,156,,False,true,
2026-08-09T08:07:21Z,IN,323,2026-08-09T03:55:00-04:00,20,40,,True,true,
2026-08-09T08:07:21Z,IN,702,2026-08-09T03:55:00-04:00,38,75,,True,false,
2026-08-09T08:07:21Z,IN,701,2026-08-09T03:55:00-04:00,30,60,,True,false,
2026-08-09T08:07:21Z,IN,704,2026-08-09T03:55:00-04:00,40,80,,True,false,
2026-08-09T08:07:21Z,IN,703,2026-08-09T03:55:00-04:00,55,110,,True,false,
2026-08-09T08:07:21Z,IN,706,2026-08-09T03:55:00-04:00,35,70,,True,false,
2026-08-09T08:07:21Z,IN,705,2026-08-09T03:55:00-04:00,30,60,,True,false,
2026-08-09T08:07:21Z,IN,708,2026-08-09T03:55:00-04:00,23,45,,True,false,
2026-08-09T08:07:21Z,IN,707,2026-08-09T03:55:00-04:00,20,40,,True,false,
2026-08-09T08:07:21Z,IN,324,2026-08-09T03:55:00-04:00,16,31,,True,true,
2026-08-09T08:07:21Z,KY,KY00065IS0000020N65WELCOM,2026-08-09T08:00:01Z,7,21,STEADY,True,False,
2026-08-09T08:07:21Z,KY,KY00065IS000020NSMARATHON,2025-12-19T00:36:53Z,25,60,STEADY,True,False,
2026-08-09T08:07:21Z,KY,KY00065IS0000340NWEIGHS34,2026-07-01T19:04:41Z,38,40,STEADY,True,False,
2026-08-09T08:07:21Z,KY,KY00065IS0011400S65SRA114,2026-08-09T07:59:40Z,LOW,26,STEADY,True,False,
2026-08-09T08:07:21Z,KY,KY00065IS0005900S65SRA059,2026-08-09T07:59:38Z,LOW,109,FILLING,True,False,
2026-08-09T08:07:21Z,KY,KY00065IS0005900N65NRA059,2026-08-09T07:59:34Z,LOW,113,STEADY,True,False,
2026-08-09T08:07:21Z,KY,KY00075IS0003300NWEIGHS33,2026-08-09T07:59:46Z,50,50,STEADY,True,False,
2026-08-09T08:07:21Z,KY,KY00075IS0003400SWEIGHS34,2026-08-09T07:59:49Z,9,40,STEADY,True,False,
2026-08-09T08:07:21Z,KY,KY00075IS0017700N75NRA177,2026-07-13T10:37:14Z,LOW,53,CLEARING,True,False,
2026-08-09T08:07:21Z,KY,KY00075IS0007500SWALTONWS,2026-08-09T07:59:56Z,40,45,STEADY,True,False,
2026-08-09T08:07:21Z,KY,KY00075IS0017700S75SRA177,2026-08-09T07:59:48Z,LOW,67,STEADY,True,False,
2026-08-09T08:07:21Z,KY,KY00075IS0016800SCRITENWS,2026-08-09T07:59:52Z,27,39,STEADY,True,False,
2026-08-09T08:07:21Z,KY,KY00075IS0000100N75WELCOM,2026-08-09T07:59:41Z,LOW,30,STEADY,True,False,
