polled_at_utc,state,site_id,lat,lng,temp_f,short_forecast,precip_pct,wind_mph,snow,ice,is_rain,is_heavy_rain,state_severe_alert,m_weather_delta
2026-07-31T00:10:37Z,IL,IL00055IN006400027,39.3465,-89.6408,82,Mostly Cloudy,0,3,False,False,False,False,False,0.0
2026-07-31T00:10:37Z,IL,IL00057IN011400033,38.5963,-88.9638,84,Mostly Cloudy,0,3,False,False,False,False,False,0.0
2026-07-31T00:10:37Z,IL,IL00055IN010400050,39.8627,-89.5948,83,Partly Cloudy,0,6,False,False,False,False,False,0.0
2026-07-31T00:10:37Z,IL,IL00074IW006200004,40.8802,-90.0895,84,Partly Cloudy,0,5,False,False,False,False,False,0.0
2026-07-31T00:10:37Z,IL,IL00055IN019400031,40.8234,-88.6875,82,Mostly Cloudy,0,5,False,False,False,False,False,0.0
2026-07-31T00:10:37Z,IL,IL00070IW002700015,38.7884,-89.6889,83,Mostly Cloudy,0,5,False,False,False,False,False,0.0
2026-07-31T00:10:37Z,IL,IL00057IS033300046,41.3918,-87.7749,81,Mostly Cloudy,0,5,False,False,False,False,False,0.0
2026-07-31T00:10:37Z,IL,IL00057IS026800022,40.5613,-88.0615,82,Partly Cloudy,0,5,False,False,False,False,False,0.0
2026-07-31T00:10:37Z,IL,IL00055IN002700029,38.8649,-89.8532,84,Mostly Cloudy,0,6,False,False,False,False,False,0.0
2026-07-31T00:10:37Z,IL,IL00064IE002500038,38.5481,-89.7731,85,Mostly Cloudy,0,5,False,False,False,False,False,0.0
2026-07-31T00:10:37Z,IL,IL00064IW008500012,38.2766,-88.8012,85,Partly Cloudy,0,3,False,False,False,False,False,0.0
2026-07-31T00:10:37Z,IL,IL00074IW020800052,40.1298,-87.7441,81,Mostly Cloudy,0,1,False,False,False,False,False,0.0
2026-07-31T00:10:37Z,IL,IL00064IW013000053,38.2322,-87.9882,83,Partly Cloudy,0,2,False,False,False,False,False,0.0
2026-07-31T00:10:37Z,IL,IL00055IS002700019,38.8723,-89.8511,84,Mostly Cloudy,0,6,False,False,False,False,False,0.0
2026-07-31T00:10:37Z,IL,IL00074IE015600037,40.2732,-88.6762,82,Partly Cloudy,0,6,False,False,False,False,False,0.0
2026-07-31T00:10:37Z,IL,IL00080IW005100013,41.3937,-89.5591,83,Mostly Cloudy,0,5,False,False,False,False,False,0.0
2026-07-31T00:10:37Z,IL,IL00055IS019400021,40.8371,-88.6833,82,Mostly Cloudy,0,5,False,False,False,False,False,0.0
2026-07-31T00:10:37Z,IL,IL00070IE002700042,38.7849,-89.7023,83,Mostly Cloudy,0,5,False,False,False,False,False,0.0
2026-07-31T00:10:37Z,IL,IL00080IE011700043,41.4314,-88.3454,83,Mostly Cloudy,0,5,False,False,False,False,False,0.0
2026-07-31T00:10:37Z,IL,IL00064IW002500011,38.5491,-89.7633,85,Mostly Cloudy,0,5,False,False,False,False,False,0.0
2026-07-31T00:10:37Z,IL,IL00080IE005100040,41.3938,-89.5665,83,Partly Cloudy,0,5,False,False,False,False,False,0.0
2026-07-31T00:10:37Z,IL,IL00072IW015200014,39.9888,-88.7852,82,Partly Cloudy,0,6,False,False,False,False,False,0.0
2026-07-31T00:10:37Z,IL,IL00074IW002800020,41.2141,-90.3308,81,Mostly Cloudy,0,5,False,False,False,False,False,0.0
2026-07-31T00:10:37Z,IL,IL00055IN014900028,40.3599,-89.1099,81,Partly Cloudy,0,6,False,False,False,False,False,0.0
2026-07-31T00:10:37Z,IL,IL00057IS022200054,39.9314,-88.3043,83,Partly Cloudy,0,3,False,False,False,False,False,0.0
2026-07-31T00:10:37Z,IL,IL00070IE008600051,39.0651,-88.6745,81,Partly Cloudy,0,2,False,False,False,False,False,0.0
2026-07-31T00:10:37Z,IL,IL00024IW003700010,37.1593,-88.6798,85,Partly Cloudy,0,3,False,False,False,False,False,0.0
2026-07-31T00:10:37Z,IL,IL00055IS006400017,39.3523,-89.6447,82,Mostly Cloudy,0,3,False,False,False,False,False,0.0
2026-07-31T00:10:37Z,IL,IL00039IN008500036,41.7236,-89.0062,82,Mostly Cloudy,0,5,False,False,False,False,False,0.0
2026-07-31T00:10:37Z,IL,IL00057IN007900034,38.0297,-88.9203,86,Partly Cloudy,0,6,False,False,False,False,False,0.0
2026-07-31T00:10:37Z,IL,IL00074IE002800030,41.2334,-90.333,81,Mostly Cloudy,0,5,False,False,False,False,False,0.0
2026-07-31T00:10:37Z,IL,IL00057IN033300049,41.3892,-87.7729,81,Mostly Cloudy,0,5,False,False,False,False,False,0.0
2026-07-31T00:10:37Z,IL,IL00072IE015200041,39.9923,-88.7827,82,Partly Cloudy,0,6,False,False,False,False,False,0.0
2026-07-31T00:10:37Z,IL,IL00064IE008500039,38.273,-88.8496,85,Partly Cloudy,0,3,False,False,False,False,False,0.0
2026-07-31T00:10:37Z,IL,IL00057IS007900047,38.0962,-88.9138,85,Partly Cloudy,0,5,False,False,False,False,False,0.0
2026-07-31T00:10:37Z,IL,IL00074IW015600009,40.2711,-88.6701,82,Partly Cloudy,0,6,False,False,False,False,False,0.0
2026-07-31T00:10:37Z,IL,IL00080IW011700016,41.4473,-88.3285,83,Mostly Cloudy,0,5,False,False,False,False,False,0.0
2026-07-31T00:10:37Z,IL,IL00057IN022200048,39.9218,-88.299,83,Partly Cloudy,0,3,False,False,False,False,False,0.0
2026-07-31T00:10:37Z,IL,IL00039IS008500026,41.7285,-89.0105,82,Mostly Cloudy,0,5,False,False,False,False,False,0.0
2026-07-31T00:10:37Z,IL,IL00057IS011400023,38.5965,-88.9677,84,Mostly Cloudy,0,3,False,False,False,False,False,0.0
2026-07-31T00:10:37Z,IL,IL00057IN026800032,40.5505,-88.0605,82,Partly Cloudy,0,5,False,False,False,False,False,0.0
2026-07-31T00:10:37Z,IL,IL00070IW008700045,39.0679,-88.6704,81,Partly Cloudy,0,2,False,False,False,False,False,0.0
2026-07-31T00:10:37Z,IL,IL00057IS016500018,39.1993,-88.502,82,Partly Cloudy,0,3,False,False,False,False,False,0.0
2026-07-31T00:10:37Z,IL,IL00074IE011400005,40.6125,-89.245,82,Partly Cloudy,0,6,False,False,False,False,False,0.0
2026-07-31T00:10:37Z,IL,IL00074IW011400006,40.6111,-89.2323,82,Partly Cloudy,0,6,False,False,False,False,False,0.0
2026-07-31T00:10:37Z,IL,IL00074IE006200001,40.8788,-90.0936,84,Partly Cloudy,0,5,False,False,False,False,False,0.0
2026-07-31T00:10:37Z,IL,IL00070IW014900008,39.4228,-87.6617,82,Partly Cloudy,0,2,False,False,False,False,False,0.0
2026-07-31T00:10:37Z,IL,IL00057IN016500044,39.1898,-88.5031,82,Partly Cloudy,0,3,False,False,False,False,False,0.0
2026-07-31T00:10:37Z,IL,IL00055IS010400024,39.8871,-89.5966,83,Partly Cloudy,0,6,False,False,False,False,False,0.0
2026-07-31T00:10:37Z,IL,IL00057IS003200025,37.4699,-89.1329,86,Partly Cloudy,0,3,False,False,False,False,False,0.0
2026-07-31T00:10:37Z,IL,IL00057IN003200035,37.4661,-89.1324,86,Partly Cloudy,0,3,False,False,False,False,False,0.0
2026-07-31T00:10:37Z,KY,KY00065IS0000020N65WELCOM,36.6434,-86.5687,83,Mostly Clear,0,5,False,False,False,False,False,0.0
2026-07-31T00:10:37Z,KY,KY00065IS000020NSMARATHON,36.6612,-86.5553,83,Mostly Clear,0,5,False,False,False,False,False,0.0
2026-07-31T00:10:37Z,KY,KY00065IS0000340NWEIGHS34,36.6868,-86.5379,84,Mostly Clear,0,5,False,False,False,False,False,0.0
2026-07-31T00:10:37Z,KY,KY00065IS0011400S65SRA114,37.9464,-85.6905,84,Mostly Clear,0,3,False,False,False,False,False,0.0
2026-07-31T00:10:37Z,KY,KY00065IS0005900S65SRA059,37.239,-85.9297,83,Mostly Clear,0,2,False,False,False,False,False,0.0
2026-07-31T00:10:37Z,KY,KY00065IS0005900N65NRA059,37.2384,-85.9271,83,Mostly Clear,0,2,False,False,False,False,False,0.0
2026-07-31T00:10:37Z,KY,KY00075IS0003300NWEIGHS33,37.0422,-84.0968,79,Mostly Clear,0,6,False,False,False,False,False,0.0
2026-07-31T00:10:37Z,KY,KY00075IS0003400SWEIGHS34,37.048,-84.0997,79,Mostly Clear,0,6,False,False,False,False,False,0.0
2026-07-31T00:10:37Z,KY,KY00075IS0017700N75NRA177,38.937,-84.6309,81,Partly Cloudy,0,5,False,False,False,False,False,0.0
2026-07-31T00:10:37Z,KY,KY00075IS0007500SWALTONWS,38.8653,-84.6476,82,Mostly Clear,0,5,False,False,False,False,False,0.0
2026-07-31T00:10:37Z,KY,KY00075IS0017700S75SRA177,38.9388,-84.6339,81,Partly Cloudy,0,5,False,False,False,False,False,0.0
2026-07-31T00:10:37Z,KY,KY00075IS0016800SCRITENWS,38.8196,-84.6015,82,Mostly Clear,0,5,False,False,False,False,False,0.0
2026-07-31T00:10:37Z,KY,KY00075IS0000100N75WELCOM,36.6162,-84.1054,79,Mostly Clear,0,3,False,False,False,False,False,0.0
2026-07-31T00:27:56Z,IL,IL00055IN006400027,39.3465,-89.6408,81,Partly Cloudy,0,3,False,False,False,False,False,0.0
2026-07-31T00:27:56Z,IL,IL00057IN011400033,38.5963,-88.9638,82,Mostly Cloudy,0,2,False,False,False,False,False,0.0
2026-07-31T00:27:56Z,IL,IL00055IN010400050,39.8627,-89.5948,83,Partly Cloudy,0,5,False,False,False,False,False,0.0
2026-07-31T00:27:56Z,IL,IL00074IW006200004,40.8802,-90.0895,81,Partly Cloudy,0,5,False,False,False,False,False,0.0
2026-07-31T00:27:56Z,IL,IL00055IN019400031,40.8234,-88.6875,80,Mostly Cloudy,0,0,False,False,False,False,False,0.0
2026-07-31T00:27:56Z,IL,IL00070IW002700015,38.7884,-89.6889,83,Mostly Cloudy,0,5,False,False,False,False,False,0.0
2026-07-31T00:27:56Z,IL,IL00057IS033300046,41.3918,-87.7749,80,Mostly Cloudy,0,5,False,False,False,False,False,0.0
2026-07-31T00:27:56Z,IL,IL00057IS026800022,40.5613,-88.0615,80,Mostly Cloudy,0,5,False,False,False,False,False,0.0
2026-07-31T00:27:56Z,IL,IL00055IN002700029,38.8649,-89.8532,83,Mostly Cloudy,0,6,False,False,False,False,False,0.0
2026-07-31T00:27:56Z,IL,IL00064IE002500038,38.5481,-89.7731,84,Mostly Cloudy,0,5,False,False,False,False,False,0.0
2026-07-31T00:27:56Z,IL,IL00064IW008500012,38.2766,-88.8012,82,Mostly Cloudy,0,2,False,False,False,False,False,0.0
2026-07-31T00:27:56Z,IL,IL00074IW020800052,40.1298,-87.7441,79,Partly Cloudy,0,1,False,False,False,False,False,0.0
2026-07-31T00:27:56Z,IL,IL00064IW013000053,38.2322,-87.9882,80,Partly Cloudy,0,2,False,False,False,False,False,0.0
2026-07-31T00:27:56Z,IL,IL00055IS002700019,38.8723,-89.8511,83,Mostly Cloudy,0,6,False,False,False,False,False,0.0
2026-07-31T00:27:56Z,IL,IL00074IE015600037,40.2732,-88.6762,81,Partly Cloudy,0,6,False,False,False,False,False,0.0
2026-07-31T00:27:56Z,IL,IL00080IW005100013,41.3937,-89.5591,81,Partly Cloudy,0,5,False,False,False,False,False,0.0
2026-07-31T00:27:56Z,IL,IL00055IS019400021,40.8371,-88.6833,80,Mostly Cloudy,0,0,False,False,False,False,False,0.0
2026-07-31T00:27:56Z,IL,IL00070IE002700042,38.7849,-89.7023,82,Mostly Cloudy,0,5,False,False,False,False,False,0.0
2026-07-31T00:27:56Z,IL,IL00080IE011700043,41.4314,-88.3454,81,Mostly Cloudy,0,5,False,False,False,False,False,0.0
2026-07-31T00:27:56Z,IL,IL00064IW002500011,38.5491,-89.7633,84,Mostly Cloudy,0,5,False,False,False,False,False,0.0
2026-07-31T00:27:56Z,IL,IL00080IE005100040,41.3938,-89.5665,83,Partly Cloudy,0,5,False,False,False,False,False,0.0
2026-07-31T00:27:56Z,IL,IL00072IW015200014,39.9888,-88.7852,82,Partly Cloudy,0,6,False,False,False,False,False,0.0
2026-07-31T00:27:56Z,IL,IL00074IW002800020,41.2141,-90.3308,80,Partly Cloudy,0,5,False,False,False,False,False,0.0
2026-07-31T00:27:56Z,IL,IL00055IN014900028,40.3599,-89.1099,79,Partly Cloudy,0,6,False,False,False,False,False,0.0
2026-07-31T00:27:56Z,IL,IL00057IS022200054,39.9314,-88.3043,83,Partly Cloudy,0,3,False,False,False,False,False,0.0
2026-07-31T00:27:56Z,IL,IL00070IE008600051,39.0651,-88.6745,82,Partly Cloudy,0,2,False,False,False,False,False,0.0
2026-07-31T00:27:56Z,IL,IL00024IW003700010,37.1593,-88.6798,81,Partly Cloudy,0,2,False,False,False,False,False,0.0
2026-07-31T00:27:56Z,IL,IL00055IS006400017,39.3523,-89.6447,81,Mostly Cloudy,0,3,False,False,False,False,False,0.0
2026-07-31T00:27:56Z,IL,IL00039IN008500036,41.7236,-89.0062,82,Mostly Cloudy,0,5,False,False,False,False,False,0.0
2026-07-31T00:27:56Z,IL,IL00057IN007900034,38.0297,-88.9203,86,Partly Cloudy,0,6,False,False,False,False,False,0.0
2026-07-31T00:27:56Z,IL,IL00074IE002800030,41.2334,-90.333,80,Partly Cloudy,0,5,False,False,False,False,False,0.0
2026-07-31T00:27:56Z,IL,IL00057IN033300049,41.3892,-87.7729,80,Mostly Cloudy,0,5,False,False,False,False,False,0.0
2026-07-31T00:27:56Z,IL,IL00072IE015200041,39.9923,-88.7827,82,Partly Cloudy,0,6,False,False,False,False,False,0.0
2026-07-31T00:27:56Z,IL,IL00064IE008500039,38.273,-88.8496,85,Partly Cloudy,0,3,False,False,False,False,False,0.0
2026-07-31T00:27:56Z,IL,IL00057IS007900047,38.0962,-88.9138,83,Mostly Cloudy,0,5,False,False,False,False,False,0.0
2026-07-31T00:27:56Z,IL,IL00074IW015600009,40.2711,-88.6701,82,Partly Cloudy,0,6,False,False,False,False,False,0.0
2026-07-31T00:27:56Z,IL,IL00080IW011700016,41.4473,-88.3285,83,Mostly Cloudy,0,5,False,False,False,False,False,0.0
2026-07-31T00:27:56Z,IL,IL00057IN022200048,39.9218,-88.299,83,Partly Cloudy,0,3,False,False,False,False,False,0.0
2026-07-31T00:27:56Z,IL,IL00039IS008500026,41.7285,-89.0105,80,Mostly Cloudy,0,5,False,False,False,False,False,0.0
2026-07-31T00:27:56Z,IL,IL00057IS011400023,38.5965,-88.9677,82,Mostly Cloudy,0,2,False,False,False,False,False,0.0
2026-07-31T00:27:56Z,IL,IL00057IN026800032,40.5505,-88.0605,80,Mostly Cloudy,0,5,False,False,False,False,False,0.0
2026-07-31T00:27:56Z,IL,IL00070IW008700045,39.0679,-88.6704,82,Partly Cloudy,0,2,False,False,False,False,False,0.0
2026-07-31T00:27:56Z,IL,IL00057IS016500018,39.1993,-88.502,82,Partly Cloudy,0,2,False,False,False,False,False,0.0
2026-07-31T00:27:56Z,IL,IL00074IE011400005,40.6125,-89.245,80,Partly Cloudy,0,5,False,False,False,False,False,0.0
2026-07-31T00:27:56Z,IL,IL00074IW011400006,40.6111,-89.2323,80,Partly Cloudy,0,5,False,False,False,False,False,0.0
2026-07-31T00:27:56Z,IL,IL00074IE006200001,40.8788,-90.0936,81,Partly Cloudy,0,5,False,False,False,False,False,0.0
2026-07-31T00:27:56Z,IL,IL00070IW014900008,39.4228,-87.6617,79,Partly Cloudy,0,2,False,False,False,False,False,0.0
2026-07-31T00:27:56Z,IL,IL00057IN016500044,39.1898,-88.5031,82,Partly Cloudy,0,3,False,False,False,False,False,0.0
2026-07-31T00:27:56Z,IL,IL00055IS010400024,39.8871,-89.5966,83,Partly Cloudy,0,6,False,False,False,False,False,0.0
2026-07-31T00:27:56Z,IL,IL00057IS003200025,37.4699,-89.1329,82,Partly Cloudy,0,3,False,False,False,False,False,0.0
2026-07-31T00:27:56Z,IL,IL00057IN003200035,37.4661,-89.1324,82,Partly Cloudy,0,3,False,False,False,False,False,0.0
2026-07-31T00:27:56Z,IN,322,38.195,-87.8597,80,Partly Cloudy,0,2,False,False,False,False,False,0.0
2026-07-31T00:27:56Z,IN,317,38.5852,-85.7768,82,Mostly Clear,0,2,False,False,False,False,False,0.0
2026-07-31T00:27:56Z,IN,316,38.5859,-85.7809,82,Mostly Clear,0,2,False,False,False,False,False,0.0
2026-07-31T00:27:56Z,IN,315,39.2602,-85.9521,81,Partly Cloudy,0,2,False,False,False,False,False,0.0
2026-07-31T00:27:56Z,IN,314,39.2767,-85.9569,83,Mostly Clear,0,2,False,False,False,False,False,0.0
2026-07-31T00:27:56Z,IN,313,40.1578,-86.5387,82,Partly Cloudy,0,2,False,False,False,False,False,0.0
2026-07-31T00:27:56Z,IN,312,40.1722,-86.5522,80,Partly Cloudy,0,1,False,False,False,False,False,0.0
2026-07-31T00:27:56Z,IN,311,40.6992,-87.0628,78,Partly Cloudy,0,0,False,False,False,False,False,0.0
2026-07-31T00:27:56Z,IN,310,40.6984,-87.0646,78,Partly Cloudy,0,0,False,False,False,False,False,0.0
2026-07-31T00:27:56Z,IN,308,41.1653,-87.271,80,Mostly Cloudy,0,5,False,False,False,False,False,0.0
2026-07-31T00:27:56Z,IN,309,41.1666,-87.2749,80,Mostly Cloudy,0,5,False,False,False,False,False,0.0
2026-07-31T00:27:56Z,IN,318,40.3543,-85.5576,81,Partly Cloudy,0,3,False,False,False,False,False,0.0
2026-07-31T00:27:56Z,IN,319,40.3569,-85.56,81,Partly Cloudy,0,3,False,False,False,False,False,0.0
2026-07-31T00:27:56Z,IN,320,41.2963,-85.0863,80,Partly Cloudy,0,5,False,False,False,False,False,0.0
2026-07-31T00:27:56Z,IN,321,41.5803,-85.0597,80,Partly Cloudy,0,5,False,False,False,False,False,0.0
2026-07-31T00:27:56Z,IN,300,39.4417,-87.5002,79,Partly Cloudy,0,2,False,False,False,False,False,0.0
2026-07-31T00:27:56Z,IN,302,39.6517,-86.3967,81,Partly Cloudy,0,3,False,False,False,False,False,0.0
2026-07-31T00:27:56Z,IN,301,39.6541,-86.4005,81,Partly Cloudy,0,3,False,False,False,False,False,0.0
2026-07-31T00:27:56Z,IN,303,39.8243,-85.7039,78,Mostly Clear,0,3,False,False,False,False,False,0.0
2026-07-31T00:27:56Z,IN,304,39.8266,-85.704,81,Mostly Clear,0,3,False,False,False,False,False,0.0
2026-07-31T00:27:56Z,IN,305,39.8605,-85.0259,78,Partly Cloudy,0,2,False,False,False,False,False,0.0
2026-07-31T00:27:56Z,IN,323,39.29,-85.1688,79,Mostly Clear,0,1,False,False,False,False,False,0.0
2026-07-31T00:27:56Z,IN,702,41.7472,-85.3285,77,Mostly Clear,0,5,False,False,False,False,False,0.0
2026-07-31T00:27:56Z,IN,701,41.5889,-87.2173,79,Partly Cloudy,0,5,False,False,False,False,False,0.0
2026-07-31T00:27:56Z,IN,704,41.7058,-86.6212,79,Partly Cloudy,0,0,False,False,False,False,False,0.0
2026-07-31T00:27:56Z,IN,703,41.7071,-86.6235,79,Partly Cloudy,0,0,False,False,False,False,False,0.0
2026-07-31T00:27:56Z,IN,705,41.733,-86.0057,78,Partly Cloudy,0,5,False,False,False,False,False,0.0
2026-07-31T00:27:56Z,IN,708,41.7472,-85.3285,77,Mostly Clear,0,5,False,False,False,False,False,0.0
2026-07-31T00:27:56Z,IN,707,41.7453,-85.3287,77,Mostly Clear,0,5,False,False,False,False,False,0.0
2026-07-31T00:27:56Z,IN,324,41.7353,-86.7933,77,Partly Cloudy,0,0,False,False,False,False,False,0.0
2026-07-31T00:27:56Z,KY,KY00065IS0000020N65WELCOM,36.6434,-86.5687,80,Partly Cloudy,0,5,False,False,False,False,False,0.0
2026-07-31T00:27:56Z,KY,KY00065IS000020NSMARATHON,36.6612,-86.5553,80,Partly Cloudy,0,3,False,False,False,False,False,0.0
2026-07-31T00:27:56Z,KY,KY00065IS0000340NWEIGHS34,36.6868,-86.5379,80,Partly Cloudy,0,3,False,False,False,False,False,0.0
2026-07-31T00:27:56Z,KY,KY00065IS0011400S65SRA114,37.9464,-85.6905,82,Mostly Clear,0,2,False,False,False,False,False,0.0
2026-07-31T00:27:56Z,KY,KY00065IS0005900S65SRA059,37.239,-85.9297,80,Partly Cloudy,0,1,False,False,False,False,False,0.0
2026-07-31T00:27:56Z,KY,KY00065IS0005900N65NRA059,37.2384,-85.9271,80,Partly Cloudy,0,1,False,False,False,False,False,0.0
2026-07-31T00:27:56Z,KY,KY00075IS0003300NWEIGHS33,37.0422,-84.0968,75,Mostly Clear,0,5,False,False,False,False,False,0.0
2026-07-31T00:27:56Z,KY,KY00075IS0003400SWEIGHS34,37.048,-84.0997,79,Mostly Clear,0,6,False,False,False,False,False,0.0
2026-07-31T00:27:56Z,KY,KY00075IS0017700N75NRA177,38.937,-84.6309,79,Partly Cloudy,0,3,False,False,False,False,False,0.0
2026-07-31T00:27:56Z,KY,KY00075IS0007500SWALTONWS,38.8653,-84.6476,80,Partly Cloudy,0,3,False,False,False,False,False,0.0
2026-07-31T00:27:56Z,KY,KY00075IS0017700S75SRA177,38.9388,-84.6339,79,Partly Cloudy,0,3,False,False,False,False,False,0.0
2026-07-31T00:27:56Z,KY,KY00075IS0016800SCRITENWS,38.8196,-84.6015,80,Mostly Clear,0,3,False,False,False,False,False,0.0
2026-07-31T00:27:56Z,KY,KY00075IS0000100N75WELCOM,36.6162,-84.1054,73,Clear,0,2,False,False,False,False,False,0.0
2026-07-31T00:44:44Z,IL,IL00055IN006400027,39.3465,-89.6408,81,Partly Cloudy,0,3,False,False,False,False,False,0.0
2026-07-31T00:44:44Z,IL,IL00057IN011400033,38.5963,-88.9638,82,Mostly Cloudy,0,2,False,False,False,False,False,0.0
2026-07-31T00:44:44Z,IL,IL00055IN010400050,39.8627,-89.5948,83,Partly Cloudy,0,5,False,False,False,False,False,0.0
2026-07-31T00:44:44Z,IL,IL00074IW006200004,40.8802,-90.0895,81,Partly Cloudy,0,5,False,False,False,False,False,0.0
2026-07-31T00:44:44Z,IL,IL00055IN019400031,40.8234,-88.6875,80,Mostly Cloudy,0,0,False,False,False,False,False,0.0
2026-07-31T00:44:44Z,IL,IL00070IW002700015,38.7884,-89.6889,83,Mostly Cloudy,0,5,False,False,False,False,False,0.0
2026-07-31T00:44:44Z,IL,IL00057IS033300046,41.3918,-87.7749,80,Mostly Cloudy,0,5,False,False,False,False,False,0.0
2026-07-31T00:44:44Z,IL,IL00057IS026800022,40.5613,-88.0615,80,Mostly Cloudy,0,5,False,False,False,False,False,0.0
2026-07-31T00:44:44Z,IL,IL00055IN002700029,38.8649,-89.8532,83,Mostly Cloudy,0,6,False,False,False,False,False,0.0
2026-07-31T00:44:44Z,IL,IL00064IE002500038,38.5481,-89.7731,84,Mostly Cloudy,0,5,False,False,False,False,False,0.0
2026-07-31T00:44:44Z,IL,IL00064IW008500012,38.2766,-88.8012,82,Mostly Cloudy,0,2,False,False,False,False,False,0.0
2026-07-31T00:44:44Z,IL,IL00074IW020800052,40.1298,-87.7441,79,Partly Cloudy,0,1,False,False,False,False,False,0.0
2026-07-31T00:44:44Z,IL,IL00064IW013000053,38.2322,-87.9882,80,Partly Cloudy,0,2,False,False,False,False,False,0.0
2026-07-31T00:44:44Z,IL,IL00055IS002700019,38.8723,-89.8511,83,Mostly Cloudy,0,6,False,False,False,False,False,0.0
2026-07-31T00:44:44Z,IL,IL00074IE015600037,40.2732,-88.6762,81,Partly Cloudy,0,6,False,False,False,False,False,0.0
2026-07-31T00:44:44Z,IL,IL00080IW005100013,41.3937,-89.5591,81,Partly Cloudy,0,5,False,False,False,False,False,0.0
2026-07-31T00:44:44Z,IL,IL00055IS019400021,40.8371,-88.6833,80,Mostly Cloudy,0,0,False,False,False,False,False,0.0
2026-07-31T00:44:44Z,IL,IL00070IE002700042,38.7849,-89.7023,82,Mostly Cloudy,0,5,False,False,False,False,False,0.0
2026-07-31T00:44:44Z,IL,IL00080IE011700043,41.4314,-88.3454,81,Mostly Cloudy,0,5,False,False,False,False,False,0.0
2026-07-31T00:44:44Z,IL,IL00064IW002500011,38.5491,-89.7633,84,Mostly Cloudy,0,5,False,False,False,False,False,0.0
2026-07-31T00:44:44Z,IL,IL00080IE005100040,41.3938,-89.5665,81,Partly Cloudy,0,5,False,False,False,False,False,0.0
2026-07-31T00:44:44Z,IL,IL00072IW015200014,39.9888,-88.7852,82,Partly Cloudy,0,6,False,False,False,False,False,0.0
2026-07-31T00:44:44Z,IL,IL00074IW002800020,41.2141,-90.3308,80,Partly Cloudy,0,5,False,False,False,False,False,0.0
2026-07-31T00:44:44Z,IL,IL00055IN014900028,40.3599,-89.1099,81,Partly Cloudy,0,6,False,False,False,False,False,0.0
2026-07-31T00:44:44Z,IL,IL00057IS022200054,39.9314,-88.3043,81,Partly Cloudy,0,3,False,False,False,False,False,0.0
2026-07-31T00:44:44Z,IL,IL00070IE008600051,39.0651,-88.6745,82,Partly Cloudy,0,2,False,False,False,False,False,0.0
2026-07-31T00:44:44Z,IL,IL00024IW003700010,37.1593,-88.6798,81,Partly Cloudy,0,2,False,False,False,False,False,0.0
2026-07-31T00:44:44Z,IL,IL00055IS006400017,39.3523,-89.6447,81,Mostly Cloudy,0,3,False,False,False,False,False,0.0
2026-07-31T00:44:44Z,IL,IL00039IN008500036,41.7236,-89.0062,80,Mostly Cloudy,0,5,False,False,False,False,False,0.0
2026-07-31T00:44:44Z,IL,IL00057IN007900034,38.0297,-88.9203,83,Partly Cloudy,0,5,False,False,False,False,False,0.0
2026-07-31T00:44:44Z,IL,IL00074IE002800030,41.2334,-90.333,80,Partly Cloudy,0,5,False,False,False,False,False,0.0
2026-07-31T00:44:44Z,IL,IL00057IN033300049,41.3892,-87.7729,80,Mostly Cloudy,0,5,False,False,False,False,False,0.0
2026-07-31T00:44:44Z,IL,IL00072IE015200041,39.9923,-88.7827,82,Partly Cloudy,0,6,False,False,False,False,False,0.0
2026-07-31T00:44:44Z,IL,IL00064IE008500039,38.273,-88.8496,85,Partly Cloudy,0,3,False,False,False,False,False,0.0
2026-07-31T00:44:44Z,IL,IL00057IS007900047,38.0962,-88.9138,83,Mostly Cloudy,0,5,False,False,False,False,False,0.0
2026-07-31T00:44:44Z,IL,IL00074IW015600009,40.2711,-88.6701,80,Partly Cloudy,0,6,False,False,False,False,False,0.0
2026-07-31T00:44:44Z,IL,IL00080IW011700016,41.4473,-88.3285,81,Mostly Cloudy,0,5,False,False,False,False,False,0.0
2026-07-31T00:44:44Z,IL,IL00057IN022200048,39.9218,-88.299,83,Partly Cloudy,0,3,False,False,False,False,False,0.0
2026-07-31T00:44:44Z,IL,IL00039IS008500026,41.7285,-89.0105,80,Mostly Cloudy,0,5,False,False,False,False,False,0.0
2026-07-31T00:44:44Z,IL,IL00057IS011400023,38.5965,-88.9677,82,Mostly Cloudy,0,2,False,False,False,False,False,0.0
2026-07-31T00:44:44Z,IL,IL00057IN026800032,40.5505,-88.0605,80,Mostly Cloudy,0,5,False,False,False,False,False,0.0
2026-07-31T00:44:44Z,IL,IL00070IW008700045,39.0679,-88.6704,82,Partly Cloudy,0,2,False,False,False,False,False,0.0
2026-07-31T00:44:44Z,IL,IL00057IS016500018,39.1993,-88.502,82,Partly Cloudy,0,2,False,False,False,False,False,0.0
2026-07-31T00:44:44Z,IL,IL00074IE011400005,40.6125,-89.245,81,Partly Cloudy,0,5,False,False,False,False,False,0.0
2026-07-31T00:44:44Z,IL,IL00074IW011400006,40.6111,-89.2323,81,Partly Cloudy,0,5,False,False,False,False,False,0.0
2026-07-31T00:44:44Z,IL,IL00074IE006200001,40.8788,-90.0936,81,Partly Cloudy,0,5,False,False,False,False,False,0.0
2026-07-31T00:44:44Z,IL,IL00070IW014900008,39.4228,-87.6617,79,Partly Cloudy,0,2,False,False,False,False,False,0.0
2026-07-31T00:44:44Z,IL,IL00057IN016500044,39.1898,-88.5031,80,Partly Cloudy,0,3,False,False,False,False,False,0.0
2026-07-31T00:44:44Z,IL,IL00055IS010400024,39.8871,-89.5966,82,Partly Cloudy,0,6,False,False,False,False,False,0.0
2026-07-31T00:44:44Z,IL,IL00057IS003200025,37.4699,-89.1329,82,Partly Cloudy,0,3,False,False,False,False,False,0.0
2026-07-31T00:44:44Z,IL,IL00057IN003200035,37.4661,-89.1324,82,Partly Cloudy,0,3,False,False,False,False,False,0.0
2026-07-31T00:44:44Z,IN,322,38.195,-87.8597,80,Partly Cloudy,0,2,False,False,False,False,False,0.0
2026-07-31T00:44:44Z,IN,317,38.5852,-85.7768,82,Mostly Clear,0,2,False,False,False,False,False,0.0
2026-07-31T00:44:44Z,IN,316,38.5859,-85.7809,82,Mostly Clear,0,2,False,False,False,False,False,0.0
2026-07-31T00:44:44Z,IN,315,39.2602,-85.9521,81,Partly Cloudy,0,2,False,False,False,False,False,0.0
2026-07-31T00:44:44Z,IN,314,39.2767,-85.9569,83,Mostly Clear,0,2,False,False,False,False,False,0.0
2026-07-31T00:44:44Z,IN,313,40.1578,-86.5387,80,Partly Cloudy,0,1,False,False,False,False,False,0.0
2026-07-31T00:44:44Z,IN,312,40.1722,-86.5522,80,Partly Cloudy,0,1,False,False,False,False,False,0.0
2026-07-31T00:44:44Z,IN,311,40.6992,-87.0628,78,Partly Cloudy,0,0,False,False,False,False,False,0.0
2026-07-31T00:44:44Z,IN,310,40.6984,-87.0646,78,Partly Cloudy,0,0,False,False,False,False,False,0.0
2026-07-31T00:44:44Z,IN,308,41.1653,-87.271,80,Mostly Cloudy,0,5,False,False,False,False,False,0.0
2026-07-31T00:44:44Z,IN,309,41.1666,-87.2749,80,Mostly Cloudy,0,5,False,False,False,False,False,0.0
2026-07-31T00:44:44Z,IN,318,40.3543,-85.5576,81,Partly Cloudy,0,3,False,False,False,False,False,0.0
2026-07-31T00:44:44Z,IN,319,40.3569,-85.56,81,Partly Cloudy,0,3,False,False,False,False,False,0.0
2026-07-31T00:44:44Z,IN,320,41.2963,-85.0863,80,Partly Cloudy,0,5,False,False,False,False,False,0.0
2026-07-31T00:44:44Z,IN,321,41.5803,-85.0597,78,Partly Cloudy,0,5,False,False,False,False,False,0.0
2026-07-31T00:44:44Z,IN,300,39.4417,-87.5002,79,Partly Cloudy,0,2,False,False,False,False,False,0.0
2026-07-31T00:44:44Z,IN,302,39.6517,-86.3967,81,Partly Cloudy,0,3,False,False,False,False,False,0.0
2026-07-31T00:44:44Z,IN,301,39.6541,-86.4005,81,Partly Cloudy,0,3,False,False,False,False,False,0.0
2026-07-31T00:44:44Z,IN,303,39.8243,-85.7039,78,Mostly Clear,0,3,False,False,False,False,False,0.0
2026-07-31T00:44:44Z,IN,304,39.8266,-85.704,78,Mostly Clear,0,3,False,False,False,False,False,0.0
2026-07-31T00:44:44Z,IN,305,39.8605,-85.0259,78,Partly Cloudy,0,2,False,False,False,False,False,0.0
2026-07-31T00:44:44Z,IN,323,39.29,-85.1688,79,Mostly Clear,0,1,False,False,False,False,False,0.0
2026-07-31T00:44:44Z,IN,702,41.7472,-85.3285,77,Mostly Clear,0,5,False,False,False,False,False,0.0
2026-07-31T00:44:44Z,IN,701,41.5889,-87.2173,79,Partly Cloudy,0,5,False,False,False,False,False,0.0
2026-07-31T00:44:44Z,IN,704,41.7058,-86.6212,79,Partly Cloudy,0,0,False,False,False,False,False,0.0
2026-07-31T00:44:44Z,IN,703,41.7071,-86.6235,79,Partly Cloudy,0,0,False,False,False,False,False,0.0
2026-07-31T00:44:44Z,IN,705,41.733,-86.0057,78,Partly Cloudy,0,5,False,False,False,False,False,0.0
2026-07-31T00:44:44Z,IN,708,41.7472,-85.3285,77,Mostly Clear,0,5,False,False,False,False,False,0.0
2026-07-31T00:44:44Z,IN,707,41.7453,-85.3287,77,Mostly Clear,0,5,False,False,False,False,False,0.0
2026-07-31T00:44:44Z,IN,324,41.7353,-86.7933,77,Partly Cloudy,0,0,False,False,False,False,False,0.0
2026-07-31T00:44:44Z,KY,KY00065IS0000020N65WELCOM,36.6434,-86.5687,80,Partly Cloudy,0,5,False,False,False,False,False,0.0
2026-07-31T00:44:44Z,KY,KY00065IS000020NSMARATHON,36.6612,-86.5553,80,Partly Cloudy,0,3,False,False,False,False,False,0.0
2026-07-31T00:44:44Z,KY,KY00065IS0000340NWEIGHS34,36.6868,-86.5379,80,Partly Cloudy,0,3,False,False,False,False,False,0.0
2026-07-31T00:44:44Z,KY,KY00065IS0011400S65SRA114,37.9464,-85.6905,82,Mostly Clear,0,2,False,False,False,False,False,0.0
2026-07-31T00:44:44Z,KY,KY00065IS0005900S65SRA059,37.239,-85.9297,80,Partly Cloudy,0,1,False,False,False,False,False,0.0
2026-07-31T00:44:44Z,KY,KY00065IS0005900N65NRA059,37.2384,-85.9271,80,Partly Cloudy,0,1,False,False,False,False,False,0.0
2026-07-31T00:44:44Z,KY,KY00075IS0003300NWEIGHS33,37.0422,-84.0968,75,Mostly Clear,0,5,False,False,False,False,False,0.0
2026-07-31T00:44:44Z,KY,KY00075IS0003400SWEIGHS34,37.048,-84.0997,79,Mostly Clear,0,6,False,False,False,False,False,0.0
2026-07-31T00:44:44Z,KY,KY00075IS0017700N75NRA177,38.937,-84.6309,79,Partly Cloudy,0,3,False,False,False,False,False,0.0
2026-07-31T00:44:44Z,KY,KY00075IS0007500SWALTONWS,38.8653,-84.6476,80,Partly Cloudy,0,3,False,False,False,False,False,0.0
2026-07-31T00:44:44Z,KY,KY00075IS0017700S75SRA177,38.9388,-84.6339,79,Partly Cloudy,0,3,False,False,False,False,False,0.0
2026-07-31T00:44:44Z,KY,KY00075IS0016800SCRITENWS,38.8196,-84.6015,80,Mostly Clear,0,3,False,False,False,False,False,0.0
2026-07-31T00:44:44Z,KY,KY00075IS0000100N75WELCOM,36.6162,-84.1054,73,Clear,0,2,False,False,False,False,False,0.0
2026-07-31T01:01:23Z,IL,IL00055IN006400027,39.3465,-89.6408,78,Mostly Cloudy,0,3,False,False,False,False,False,0.0
2026-07-31T01:01:23Z,IL,IL00057IN011400033,38.5963,-88.9638,82,Mostly Cloudy,0,2,False,False,False,False,False,0.0
2026-07-31T01:01:23Z,IL,IL00055IN010400050,39.8627,-89.5948,78,Partly Cloudy,0,5,False,False,False,False,False,0.0
2026-07-31T01:01:23Z,IL,IL00074IW006200004,40.8802,-90.0895,78,Partly Cloudy,0,5,False,False,False,False,False,0.0
2026-07-31T01:01:23Z,IL,IL00055IN019400031,40.8234,-88.6875,77,Mostly Cloudy,0,5,False,False,False,False,False,0.0
2026-07-31T01:01:23Z,IL,IL00070IW002700015,38.7884,-89.6889,83,Mostly Cloudy,0,5,False,False,False,False,False,0.0
2026-07-31T01:01:23Z,IL,IL00057IS033300046,41.3918,-87.7749,76,Mostly Cloudy,0,5,False,False,False,False,False,0.0
2026-07-31T01:01:23Z,IL,IL00057IS026800022,40.5613,-88.0615,76,Mostly Cloudy,0,5,False,False,False,False,False,0.0
2026-07-31T01:01:23Z,IL,IL00055IN002700029,38.8649,-89.8532,79,Mostly Cloudy,0,5,False,False,False,False,False,0.0
2026-07-31T01:01:23Z,IL,IL00064IE002500038,38.5481,-89.7731,80,Mostly Cloudy,0,3,False,False,False,False,False,0.0
2026-07-31T01:01:23Z,IL,IL00064IW008500012,38.2766,-88.8012,79,Mostly Cloudy,0,2,False,False,False,False,False,0.0
2026-07-31T01:01:23Z,IL,IL00074IW020800052,40.1298,-87.7441,79,Partly Cloudy,0,1,False,False,False,False,False,0.0
2026-07-31T01:01:23Z,IL,IL00064IW013000053,38.2322,-87.9882,77,Partly Cloudy,0,1,False,False,False,False,False,0.0
2026-07-31T01:01:23Z,IL,IL00055IS002700019,38.8723,-89.8511,79,Mostly Cloudy,0,5,False,False,False,False,False,0.0
2026-07-31T01:01:23Z,IL,IL00074IE015600037,40.2732,-88.6762,81,Partly Cloudy,0,6,False,False,False,False,False,0.0
2026-07-31T01:01:23Z,IL,IL00080IW005100013,41.3937,-89.5591,81,Partly Cloudy,0,5,False,False,False,False,False,0.0
2026-07-31T01:01:23Z,IL,IL00055IS019400021,40.8371,-88.6833,77,Mostly Cloudy,0,5,False,False,False,False,False,0.0
2026-07-31T01:01:23Z,IL,IL00070IE002700042,38.7849,-89.7023,78,Mostly Cloudy,0,3,False,False,False,False,False,0.0
2026-07-31T01:01:23Z,IL,IL00080IE011700043,41.4314,-88.3454,81,Mostly Cloudy,0,5,False,False,False,False,False,0.0
2026-07-31T01:01:23Z,IL,IL00064IW002500011,38.5491,-89.7633,81,Mostly Cloudy,0,3,False,False,False,False,False,0.0
2026-07-31T01:01:23Z,IL,IL00080IE005100040,41.3938,-89.5665,79,Mostly Cloudy,0,5,False,False,False,False,False,0.0
2026-07-31T01:01:23Z,IL,IL00072IW015200014,39.9888,-88.7852,79,Partly Cloudy,0,5,False,False,False,False,False,0.0
2026-07-31T01:01:23Z,IL,IL00074IW002800020,41.2141,-90.3308,80,Partly Cloudy,0,5,False,False,False,False,False,0.0
2026-07-31T01:01:23Z,IL,IL00055IN014900028,40.3599,-89.1099,79,Partly Cloudy,0,6,False,False,False,False,False,0.0
2026-07-31T01:01:23Z,IL,IL00057IS022200054,39.9314,-88.3043,77,Partly Cloudy,0,3,False,False,False,False,False,0.0
2026-07-31T01:01:23Z,IL,IL00070IE008600051,39.0651,-88.6745,82,Partly Cloudy,0,2,False,False,False,False,False,0.0
2026-07-31T01:01:23Z,IL,IL00024IW003700010,37.1593,-88.6798,79,Partly Cloudy,0,2,False,False,False,False,False,0.0
2026-07-31T01:01:23Z,IL,IL00055IS006400017,39.3523,-89.6447,81,Mostly Cloudy,0,3,False,False,False,False,False,0.0
2026-07-31T01:01:23Z,IL,IL00039IN008500036,41.7236,-89.0062,76,Mostly Cloudy,0,5,False,False,False,False,False,0.0
2026-07-31T01:01:23Z,IL,IL00057IN007900034,38.0297,-88.9203,80,Mostly Cloudy,0,3,False,False,False,False,False,0.0
2026-07-31T01:01:23Z,IL,IL00074IE002800030,41.2334,-90.333,80,Partly Cloudy,0,5,False,False,False,False,False,0.0
2026-07-31T01:01:23Z,IL,IL00057IN033300049,41.3892,-87.7729,80,Mostly Cloudy,0,5,False,False,False,False,False,0.0
2026-07-31T01:01:23Z,IL,IL00072IE015200041,39.9923,-88.7827,79,Partly Cloudy,0,5,False,False,False,False,False,0.0
2026-07-31T01:01:23Z,IL,IL00064IE008500039,38.273,-88.8496,78,Mostly Cloudy,0,2,False,False,False,False,False,0.0
2026-07-31T01:01:23Z,IL,IL00057IS007900047,38.0962,-88.9138,80,Mostly Cloudy,0,3,False,False,False,False,False,0.0
2026-07-31T01:01:23Z,IL,IL00074IW015600009,40.2711,-88.6701,76,Partly Cloudy,0,5,False,False,False,False,False,0.0
2026-07-31T01:01:23Z,IL,IL00080IW011700016,41.4473,-88.3285,78,Mostly Cloudy,0,5,False,False,False,False,False,0.0
2026-07-31T01:01:23Z,IL,IL00057IN022200048,39.9218,-88.299,77,Partly Cloudy,0,3,False,False,False,False,False,0.0
2026-07-31T01:01:23Z,IL,IL00039IS008500026,41.7285,-89.0105,76,Mostly Cloudy,0,5,False,False,False,False,False,0.0
2026-07-31T01:01:23Z,IL,IL00057IS011400023,38.5965,-88.9677,82,Mostly Cloudy,0,2,False,False,False,False,False,0.0
2026-07-31T01:01:23Z,IL,IL00057IN026800032,40.5505,-88.0605,76,Mostly Cloudy,0,5,False,False,False,False,False,0.0
2026-07-31T01:01:23Z,IL,IL00070IW008700045,39.0679,-88.6704,82,Partly Cloudy,0,2,False,False,False,False,False,0.0
2026-07-31T01:01:23Z,IL,IL00057IS016500018,39.1993,-88.502,77,Partly Cloudy,0,2,False,False,False,False,False,0.0
2026-07-31T01:01:23Z,IL,IL00074IE011400005,40.6125,-89.245,80,Partly Cloudy,0,5,False,False,False,False,False,0.0
2026-07-31T01:01:23Z,IL,IL00074IW011400006,40.6111,-89.2323,80,Partly Cloudy,0,5,False,False,False,False,False,0.0
2026-07-31T01:01:23Z,IL,IL00074IE006200001,40.8788,-90.0936,78,Partly Cloudy,0,5,False,False,False,False,False,0.0
2026-07-31T01:01:23Z,IL,IL00070IW014900008,39.4228,-87.6617,76,Partly Cloudy,0,2,False,False,False,False,False,0.0
2026-07-31T01:01:23Z,IL,IL00057IN016500044,39.1898,-88.5031,77,Partly Cloudy,0,3,False,False,False,False,False,0.0
2026-07-31T01:01:23Z,IL,IL00055IS010400024,39.8871,-89.5966,78,Partly Cloudy,0,5,False,False,False,False,False,0.0
2026-07-31T01:01:23Z,IL,IL00057IS003200025,37.4699,-89.1329,79,Mostly Cloudy,0,2,False,False,False,False,False,0.0
2026-07-31T01:01:23Z,IL,IL00057IN003200035,37.4661,-89.1324,79,Mostly Cloudy,0,2,False,False,False,False,False,0.0
2026-07-31T01:01:23Z,IN,322,38.195,-87.8597,80,Partly Cloudy,0,2,False,False,False,False,False,0.0
2026-07-31T01:01:23Z,IN,317,38.5852,-85.7768,77,Partly Cloudy,0,1,False,False,False,False,False,0.0
2026-07-31T01:01:23Z,IN,316,38.5859,-85.7809,77,Partly Cloudy,0,1,False,False,False,False,False,0.0
2026-07-31T01:01:23Z,IN,315,39.2602,-85.9521,76,Partly Cloudy,0,1,False,False,False,False,False,0.0
2026-07-31T01:01:23Z,IN,314,39.2767,-85.9569,77,Partly Cloudy,0,1,False,False,False,False,False,0.0
2026-07-31T01:01:23Z,IN,313,40.1578,-86.5387,76,Partly Cloudy,0,1,False,False,False,False,False,0.0
2026-07-31T01:01:23Z,IN,312,40.1722,-86.5522,76,Partly Cloudy,0,1,False,False,False,False,False,0.0
2026-07-31T01:01:23Z,IN,311,40.6992,-87.0628,78,Partly Cloudy,0,0,False,False,False,False,False,0.0
2026-07-31T01:01:23Z,IN,310,40.6984,-87.0646,78,Partly Cloudy,0,0,False,False,False,False,False,0.0
2026-07-31T01:01:23Z,IN,308,41.1653,-87.271,80,Mostly Cloudy,0,5,False,False,False,False,False,0.0
2026-07-31T01:01:23Z,IN,309,41.1666,-87.2749,80,Mostly Cloudy,0,5,False,False,False,False,False,0.0
2026-07-31T01:01:23Z,IN,318,40.3543,-85.5576,75,Partly Cloudy,0,1,False,False,False,False,False,0.0
2026-07-31T01:01:23Z,IN,319,40.3569,-85.56,75,Partly Cloudy,0,1,False,False,False,False,False,0.0
2026-07-31T01:01:23Z,IN,320,41.2963,-85.0863,77,Partly Cloudy,0,5,False,False,False,False,False,0.0
2026-07-31T01:01:23Z,IN,321,41.5803,-85.0597,76,Partly Cloudy,0,5,False,False,False,False,False,0.0
2026-07-31T01:01:23Z,IN,300,39.4417,-87.5002,75,Partly Cloudy,0,1,False,False,False,False,False,0.0
2026-07-31T01:01:23Z,IN,302,39.6517,-86.3967,81,Partly Cloudy,0,3,False,False,False,False,False,0.0
2026-07-31T01:01:23Z,IN,301,39.6541,-86.4005,81,Partly Cloudy,0,3,False,False,False,False,False,0.0
2026-07-31T01:01:23Z,IN,303,39.8243,-85.7039,74,Partly Cloudy,0,2,False,False,False,False,False,0.0
2026-07-31T01:01:23Z,IN,304,39.8266,-85.704,74,Partly Cloudy,0,2,False,False,False,False,False,0.0
2026-07-31T01:01:23Z,IN,305,39.8605,-85.0259,78,Partly Cloudy,0,2,False,False,False,False,False,0.0
2026-07-31T01:01:23Z,IN,323,39.29,-85.1688,79,Mostly Clear,0,1,False,False,False,False,False,0.0
2026-07-31T01:01:23Z,IN,702,41.7472,-85.3285,75,Partly Cloudy,0,5,False,False,False,False,False,0.0
2026-07-31T01:01:23Z,IN,701,41.5889,-87.2173,77,Mostly Cloudy,0,5,False,False,False,False,False,0.0
2026-07-31T01:01:23Z,IN,704,41.7058,-86.6212,74,Partly Cloudy,0,0,False,False,False,False,False,0.0
2026-07-31T01:01:23Z,IN,703,41.7071,-86.6235,74,Partly Cloudy,0,0,False,False,False,False,False,0.0
2026-07-31T01:01:23Z,IN,705,41.733,-86.0057,75,Partly Cloudy,0,5,False,False,False,False,False,0.0
2026-07-31T01:01:23Z,IN,708,41.7472,-85.3285,75,Partly Cloudy,0,5,False,False,False,False,False,0.0
2026-07-31T01:01:23Z,IN,707,41.7453,-85.3287,75,Partly Cloudy,0,5,False,False,False,False,False,0.0
2026-07-31T01:01:23Z,IN,324,41.7353,-86.7933,75,Partly Cloudy,0,0,False,False,False,False,False,0.0
2026-07-31T01:01:23Z,KY,KY00065IS0000020N65WELCOM,36.6434,-86.5687,75,Partly Cloudy,0,5,False,False,False,False,False,0.0
2026-07-31T01:01:23Z,KY,KY00065IS000020NSMARATHON,36.6612,-86.5553,80,Partly Cloudy,0,3,False,False,False,False,False,0.0
2026-07-31T01:01:23Z,KY,KY00065IS0000340NWEIGHS34,36.6868,-86.5379,76,Partly Cloudy,0,2,False,False,False,False,False,0.0
2026-07-31T01:01:23Z,KY,KY00065IS0011400S65SRA114,37.9464,-85.6905,82,Mostly Clear,0,2,False,False,False,False,False,0.0
2026-07-31T01:01:23Z,KY,KY00065IS0005900S65SRA059,37.239,-85.9297,75,Partly Cloudy,0,0,False,False,False,False,False,0.0
2026-07-31T01:01:23Z,KY,KY00065IS0005900N65NRA059,37.2384,-85.9271,75,Partly Cloudy,0,0,False,False,False,False,False,0.0
2026-07-31T01:01:23Z,KY,KY00075IS0003300NWEIGHS33,37.0422,-84.0968,75,Mostly Clear,0,5,False,False,False,False,False,0.0
2026-07-31T01:01:23Z,KY,KY00075IS0003400SWEIGHS34,37.048,-84.0997,71,Mostly Clear,0,2,False,False,False,False,False,0.0
2026-07-31T01:01:23Z,KY,KY00075IS0017700N75NRA177,38.937,-84.6309,74,Mostly Clear,0,2,False,False,False,False,False,0.0
2026-07-31T01:01:23Z,KY,KY00075IS0007500SWALTONWS,38.8653,-84.6476,74,Mostly Clear,0,2,False,False,False,False,False,0.0
2026-07-31T01:01:23Z,KY,KY00075IS0017700S75SRA177,38.9388,-84.6339,74,Mostly Clear,0,2,False,False,False,False,False,0.0
2026-07-31T01:01:23Z,KY,KY00075IS0016800SCRITENWS,38.8196,-84.6015,74,Mostly Clear,0,2,False,False,False,False,False,0.0
2026-07-31T01:01:23Z,KY,KY00075IS0000100N75WELCOM,36.6162,-84.1054,69,Mostly Clear,0,0,False,False,False,False,False,0.0
2026-07-31T01:18:08Z,IL,IL00055IN006400027,39.3465,-89.6408,78,Mostly Cloudy,0,3,False,False,False,False,False,0.0
2026-07-31T01:18:08Z,IL,IL00057IN011400033,38.5963,-88.9638,82,Mostly Cloudy,0,2,False,False,False,False,False,0.0
2026-07-31T01:18:08Z,IL,IL00055IN010400050,39.8627,-89.5948,78,Partly Cloudy,0,5,False,False,False,False,False,0.0
2026-07-31T01:18:08Z,IL,IL00074IW006200004,40.8802,-90.0895,78,Partly Cloudy,0,5,False,False,False,False,False,0.0
2026-07-31T01:18:08Z,IL,IL00055IN019400031,40.8234,-88.6875,77,Mostly Cloudy,0,5,False,False,False,False,False,0.0
2026-07-31T01:18:08Z,IL,IL00070IW002700015,38.7884,-89.6889,83,Mostly Cloudy,0,5,False,False,False,False,False,0.0
2026-07-31T01:18:08Z,IL,IL00057IS033300046,41.3918,-87.7749,76,Mostly Cloudy,0,5,False,False,False,False,False,0.0
2026-07-31T01:18:08Z,IL,IL00057IS026800022,40.5613,-88.0615,76,Mostly Cloudy,0,5,False,False,False,False,False,0.0
2026-07-31T01:18:08Z,IL,IL00055IN002700029,38.8649,-89.8532,79,Mostly Cloudy,0,5,False,False,False,False,False,0.0
2026-07-31T01:18:08Z,IL,IL00064IE002500038,38.5481,-89.7731,80,Mostly Cloudy,0,3,False,False,False,False,False,0.0
2026-07-31T01:18:08Z,IL,IL00064IW008500012,38.2766,-88.8012,79,Mostly Cloudy,0,2,False,False,False,False,False,0.0
2026-07-31T01:18:08Z,IL,IL00074IW020800052,40.1298,-87.7441,79,Partly Cloudy,0,1,False,False,False,False,False,0.0
2026-07-31T01:18:08Z,IL,IL00064IW013000053,38.2322,-87.9882,77,Partly Cloudy,0,1,False,False,False,False,False,0.0
2026-07-31T01:18:08Z,IL,IL00055IS002700019,38.8723,-89.8511,79,Mostly Cloudy,0,5,False,False,False,False,False,0.0
2026-07-31T01:18:08Z,IL,IL00074IE015600037,40.2732,-88.6762,81,Partly Cloudy,0,6,False,False,False,False,False,0.0
2026-07-31T01:18:08Z,IL,IL00080IW005100013,41.3937,-89.5591,81,Partly Cloudy,0,5,False,False,False,False,False,0.0
2026-07-31T01:18:08Z,IL,IL00055IS019400021,40.8371,-88.6833,77,Mostly Cloudy,0,5,False,False,False,False,False,0.0
2026-07-31T01:18:08Z,IL,IL00070IE002700042,38.7849,-89.7023,82,Mostly Cloudy,0,5,False,False,False,False,False,0.0
2026-07-31T01:18:08Z,IL,IL00080IE011700043,41.4314,-88.3454,81,Mostly Cloudy,0,5,False,False,False,False,False,0.0
2026-07-31T01:18:08Z,IL,IL00064IW002500011,38.5491,-89.7633,81,Mostly Cloudy,0,3,False,False,False,False,False,0.0
2026-07-31T01:18:08Z,IL,IL00080IE005100040,41.3938,-89.5665,81,Partly Cloudy,0,5,False,False,False,False,False,0.0
2026-07-31T01:18:08Z,IL,IL00072IW015200014,39.9888,-88.7852,79,Partly Cloudy,0,5,False,False,False,False,False,0.0
2026-07-31T01:18:08Z,IL,IL00074IW002800020,41.2141,-90.3308,80,Partly Cloudy,0,5,False,False,False,False,False,0.0
2026-07-31T01:18:08Z,IL,IL00055IN014900028,40.3599,-89.1099,79,Partly Cloudy,0,6,False,False,False,False,False,0.0
2026-07-31T01:18:08Z,IL,IL00057IS022200054,39.9314,-88.3043,77,Partly Cloudy,0,3,False,False,False,False,False,0.0
2026-07-31T01:18:08Z,IL,IL00070IE008600051,39.0651,-88.6745,82,Partly Cloudy,0,2,False,False,False,False,False,0.0
2026-07-31T01:18:08Z,IL,IL00024IW003700010,37.1593,-88.6798,79,Partly Cloudy,0,2,False,False,False,False,False,0.0
2026-07-31T01:18:08Z,IL,IL00055IS006400017,39.3523,-89.6447,81,Mostly Cloudy,0,3,False,False,False,False,False,0.0
2026-07-31T01:18:08Z,IL,IL00039IN008500036,41.7236,-89.0062,80,Mostly Cloudy,0,5,False,False,False,False,False,0.0
2026-07-31T01:18:08Z,IL,IL00057IN007900034,38.0297,-88.9203,80,Mostly Cloudy,0,3,False,False,False,False,False,0.0
2026-07-31T01:18:08Z,IL,IL00074IE002800030,41.2334,-90.333,80,Partly Cloudy,0,5,False,False,False,False,False,0.0
2026-07-31T01:18:08Z,IL,IL00057IN033300049,41.3892,-87.7729,80,Mostly Cloudy,0,5,False,False,False,False,False,0.0
2026-07-31T01:18:08Z,IL,IL00072IE015200041,39.9923,-88.7827,79,Partly Cloudy,0,5,False,False,False,False,False,0.0
2026-07-31T01:18:08Z,IL,IL00064IE008500039,38.273,-88.8496,78,Mostly Cloudy,0,2,False,False,False,False,False,0.0
2026-07-31T01:18:08Z,IL,IL00057IS007900047,38.0962,-88.9138,80,Mostly Cloudy,0,3,False,False,False,False,False,0.0
2026-07-31T01:18:08Z,IL,IL00074IW015600009,40.2711,-88.6701,76,Partly Cloudy,0,5,False,False,False,False,False,0.0
2026-07-31T01:18:08Z,IL,IL00080IW011700016,41.4473,-88.3285,76,Mostly Cloudy,0,5,False,False,False,False,False,0.0
2026-07-31T01:18:08Z,IL,IL00057IN022200048,39.9218,-88.299,81,Partly Cloudy,0,3,False,False,False,False,False,0.0
2026-07-31T01:18:08Z,IL,IL00039IS008500026,41.7285,-89.0105,76,Mostly Cloudy,0,5,False,False,False,False,False,0.0
2026-07-31T01:18:08Z,IL,IL00057IS011400023,38.5965,-88.9677,82,Mostly Cloudy,0,2,False,False,False,False,False,0.0
2026-07-31T01:18:08Z,IL,IL00057IN026800032,40.5505,-88.0605,76,Mostly Cloudy,0,5,False,False,False,False,False,0.0
2026-07-31T01:18:08Z,IL,IL00070IW008700045,39.0679,-88.6704,82,Partly Cloudy,0,2,False,False,False,False,False,0.0
2026-07-31T01:18:08Z,IL,IL00057IS016500018,39.1993,-88.502,77,Partly Cloudy,0,2,False,False,False,False,False,0.0
2026-07-31T01:18:08Z,IL,IL00074IE011400005,40.6125,-89.245,80,Partly Cloudy,0,5,False,False,False,False,False,0.0
2026-07-31T01:18:08Z,IL,IL00074IW011400006,40.6111,-89.2323,80,Partly Cloudy,0,5,False,False,False,False,False,0.0
2026-07-31T01:18:08Z,IL,IL00074IE006200001,40.8788,-90.0936,78,Partly Cloudy,0,5,False,False,False,False,False,0.0
2026-07-31T01:18:08Z,IL,IL00070IW014900008,39.4228,-87.6617,76,Partly Cloudy,0,2,False,False,False,False,False,0.0
2026-07-31T01:18:08Z,IL,IL00057IN016500044,39.1898,-88.5031,82,Partly Cloudy,0,3,False,False,False,False,False,0.0
2026-07-31T01:18:08Z,IL,IL00055IS010400024,39.8871,-89.5966,82,Partly Cloudy,0,6,False,False,False,False,False,0.0
2026-07-31T01:18:08Z,IL,IL00057IS003200025,37.4699,-89.1329,79,Mostly Cloudy,0,2,False,False,False,False,False,0.0
2026-07-31T01:18:08Z,IL,IL00057IN003200035,37.4661,-89.1324,79,Mostly Cloudy,0,2,False,False,False,False,False,0.0
2026-07-31T01:18:08Z,IN,322,38.195,-87.8597,80,Partly Cloudy,0,2,False,False,False,False,False,0.0
2026-07-31T01:18:08Z,IN,317,38.5852,-85.7768,77,Partly Cloudy,0,1,False,False,False,False,False,0.0
2026-07-31T01:18:08Z,IN,316,38.5859,-85.7809,77,Partly Cloudy,0,1,False,False,False,False,False,0.0
2026-07-31T01:18:08Z,IN,315,39.2602,-85.9521,76,Partly Cloudy,0,1,False,False,False,False,False,0.0
2026-07-31T01:18:08Z,IN,314,39.2767,-85.9569,77,Partly Cloudy,0,1,False,False,False,False,False,0.0
2026-07-31T01:18:08Z,IN,313,40.1578,-86.5387,76,Partly Cloudy,0,1,False,False,False,False,False,0.0
2026-07-31T01:18:08Z,IN,312,40.1722,-86.5522,76,Partly Cloudy,0,1,False,False,False,False,False,0.0
2026-07-31T01:18:08Z,IN,311,40.6992,-87.0628,78,Partly Cloudy,0,0,False,False,False,False,False,0.0
2026-07-31T01:18:08Z,IN,310,40.6984,-87.0646,78,Partly Cloudy,0,0,False,False,False,False,False,0.0
2026-07-31T01:18:08Z,IN,308,41.1653,-87.271,80,Mostly Cloudy,0,5,False,False,False,False,False,0.0
2026-07-31T01:18:08Z,IN,309,41.1666,-87.2749,80,Mostly Cloudy,0,5,False,False,False,False,False,0.0
2026-07-31T01:18:08Z,IN,318,40.3543,-85.5576,75,Partly Cloudy,0,1,False,False,False,False,False,0.0
2026-07-31T01:18:08Z,IN,319,40.3569,-85.56,75,Partly Cloudy,0,1,False,False,False,False,False,0.0
2026-07-31T01:18:08Z,IN,320,41.2963,-85.0863,77,Partly Cloudy,0,5,False,False,False,False,False,0.0
2026-07-31T01:18:08Z,IN,321,41.5803,-85.0597,76,Partly Cloudy,0,5,False,False,False,False,False,0.0
2026-07-31T01:18:08Z,IN,300,39.4417,-87.5002,75,Partly Cloudy,0,1,False,False,False,False,False,0.0
2026-07-31T01:18:08Z,IN,302,39.6517,-86.3967,81,Partly Cloudy,0,3,False,False,False,False,False,0.0
2026-07-31T01:18:08Z,IN,301,39.6541,-86.4005,81,Partly Cloudy,0,3,False,False,False,False,False,0.0
2026-07-31T01:18:08Z,IN,303,39.8243,-85.7039,74,Partly Cloudy,0,2,False,False,False,False,False,0.0
2026-07-31T01:18:08Z,IN,304,39.8266,-85.704,74,Partly Cloudy,0,2,False,False,False,False,False,0.0
2026-07-31T01:18:08Z,IN,305,39.8605,-85.0259,78,Partly Cloudy,0,2,False,False,False,False,False,0.0
2026-07-31T01:18:08Z,IN,323,39.29,-85.1688,79,Mostly Clear,0,1,False,False,False,False,False,0.0
2026-07-31T01:18:08Z,IN,702,41.7472,-85.3285,75,Partly Cloudy,0,5,False,False,False,False,False,0.0
2026-07-31T01:18:08Z,IN,701,41.5889,-87.2173,77,Mostly Cloudy,0,5,False,False,False,False,False,0.0
2026-07-31T01:18:08Z,IN,704,41.7058,-86.6212,74,Partly Cloudy,0,0,False,False,False,False,False,0.0
2026-07-31T01:18:08Z,IN,703,41.7071,-86.6235,74,Partly Cloudy,0,0,False,False,False,False,False,0.0
2026-07-31T01:18:08Z,IN,705,41.733,-86.0057,75,Partly Cloudy,0,5,False,False,False,False,False,0.0
2026-07-31T01:18:08Z,IN,708,41.7472,-85.3285,75,Partly Cloudy,0,5,False,False,False,False,False,0.0
2026-07-31T01:18:08Z,IN,707,41.7453,-85.3287,75,Partly Cloudy,0,5,False,False,False,False,False,0.0
2026-07-31T01:18:08Z,IN,324,41.7353,-86.7933,75,Partly Cloudy,0,0,False,False,False,False,False,0.0
2026-07-31T01:18:08Z,KY,KY00065IS0000020N65WELCOM,36.6434,-86.5687,75,Partly Cloudy,0,5,False,False,False,False,False,0.0
2026-07-31T01:18:08Z,KY,KY00065IS000020NSMARATHON,36.6612,-86.5553,80,Partly Cloudy,0,3,False,False,False,False,False,0.0
2026-07-31T01:18:08Z,KY,KY00065IS0000340NWEIGHS34,36.6868,-86.5379,76,Partly Cloudy,0,2,False,False,False,False,False,0.0
2026-07-31T01:18:08Z,KY,KY00065IS0011400S65SRA114,37.9464,-85.6905,82,Mostly Clear,0,2,False,False,False,False,False,0.0
2026-07-31T01:18:08Z,KY,KY00065IS0005900S65SRA059,37.239,-85.9297,75,Partly Cloudy,0,0,False,False,False,False,False,0.0
2026-07-31T01:18:08Z,KY,KY00065IS0005900N65NRA059,37.2384,-85.9271,75,Partly Cloudy,0,0,False,False,False,False,False,0.0
2026-07-31T01:18:08Z,KY,KY00075IS0003300NWEIGHS33,37.0422,-84.0968,75,Mostly Clear,0,5,False,False,False,False,False,0.0
2026-07-31T01:18:08Z,KY,KY00075IS0003400SWEIGHS34,37.048,-84.0997,71,Mostly Clear,0,2,False,False,False,False,False,0.0
2026-07-31T01:18:08Z,KY,KY00075IS0017700N75NRA177,38.937,-84.6309,74,Mostly Clear,0,2,False,False,False,False,False,0.0
2026-07-31T01:18:08Z,KY,KY00075IS0007500SWALTONWS,38.8653,-84.6476,74,Mostly Clear,0,2,False,False,False,False,False,0.0
2026-07-31T01:18:08Z,KY,KY00075IS0017700S75SRA177,38.9388,-84.6339,74,Mostly Clear,0,2,False,False,False,False,False,0.0
2026-07-31T01:18:08Z,KY,KY00075IS0016800SCRITENWS,38.8196,-84.6015,74,Mostly Clear,0,2,False,False,False,False,False,0.0
2026-07-31T01:18:08Z,KY,KY00075IS0000100N75WELCOM,36.6162,-84.1054,69,Mostly Clear,0,0,False,False,False,False,False,0.0
2026-07-31T01:34:38Z,IL,IL00055IN006400027,39.3465,-89.6408,81,Partly Cloudy,0,3,False,False,False,False,False,0.0
2026-07-31T01:34:38Z,IL,IL00057IN011400033,38.5963,-88.9638,82,Mostly Cloudy,0,2,False,False,False,False,False,0.0
2026-07-31T01:34:38Z,IL,IL00055IN010400050,39.8627,-89.5948,78,Partly Cloudy,0,5,False,False,False,False,False,0.0
2026-07-31T01:34:38Z,IL,IL00074IW006200004,40.8802,-90.0895,78,Partly Cloudy,0,5,False,False,False,False,False,0.0
2026-07-31T01:34:38Z,IL,IL00055IN019400031,40.8234,-88.6875,75,Mostly Cloudy,0,5,False,False,False,False,False,0.0
2026-07-31T01:34:38Z,IL,IL00070IW002700015,38.7884,-89.6889,78,Mostly Cloudy,0,3,False,False,False,False,False,0.0
2026-07-31T01:34:38Z,IL,IL00057IS033300046,41.3918,-87.7749,76,Mostly Cloudy,0,0,False,False,False,False,False,0.0
2026-07-31T01:34:38Z,IL,IL00057IS026800022,40.5613,-88.0615,76,Mostly Cloudy,0,5,False,False,False,False,False,0.0
2026-07-31T01:34:38Z,IL,IL00055IN002700029,38.8649,-89.8532,79,Mostly Cloudy,0,5,False,False,False,False,False,0.0
2026-07-31T01:34:38Z,IL,IL00064IE002500038,38.5481,-89.7731,80,Mostly Cloudy,0,3,False,False,False,False,False,0.0
2026-07-31T01:34:38Z,IL,IL00064IW008500012,38.2766,-88.8012,79,Mostly Cloudy,0,2,False,False,False,False,False,0.0
2026-07-31T01:34:38Z,IL,IL00074IW020800052,40.1298,-87.7441,77,Mostly Cloudy,0,1,False,False,False,False,False,0.0
2026-07-31T01:34:38Z,IL,IL00064IW013000053,38.2322,-87.9882,77,Partly Cloudy,0,1,False,False,False,False,False,0.0
2026-07-31T01:34:38Z,IL,IL00055IS002700019,38.8723,-89.8511,79,Mostly Cloudy,0,5,False,False,False,False,False,0.0
2026-07-31T01:34:38Z,IL,IL00074IE015600037,40.2732,-88.6762,77,Partly Cloudy,0,5,False,False,False,False,False,0.0
2026-07-31T01:34:38Z,IL,IL00080IW005100013,41.3937,-89.5591,81,Partly Cloudy,0,5,False,False,False,False,False,0.0
2026-07-31T01:34:38Z,IL,IL00055IS019400021,40.8371,-88.6833,75,Mostly Cloudy,0,0,False,False,False,False,False,0.0
2026-07-31T01:34:38Z,IL,IL00070IE002700042,38.7849,-89.7023,82,Mostly Cloudy,0,5,False,False,False,False,False,0.0
2026-07-31T01:34:38Z,IL,IL00080IE011700043,41.4314,-88.3454,76,Mostly Cloudy,0,5,False,False,False,False,False,0.0
2026-07-31T01:34:38Z,IL,IL00064IW002500011,38.5491,-89.7633,81,Mostly Cloudy,0,3,False,False,False,False,False,0.0
2026-07-31T01:34:38Z,IL,IL00080IE005100040,41.3938,-89.5665,81,Partly Cloudy,0,5,False,False,False,False,False,0.0
2026-07-31T01:34:38Z,IL,IL00072IW015200014,39.9888,-88.7852,79,Partly Cloudy,0,5,False,False,False,False,False,0.0
2026-07-31T01:34:38Z,IL,IL00074IW002800020,41.2141,-90.3308,78,Mostly Cloudy,0,5,False,False,False,False,False,0.0
2026-07-31T01:34:38Z,IL,IL00055IN014900028,40.3599,-89.1099,81,Partly Cloudy,0,6,False,False,False,False,False,0.0
2026-07-31T01:34:38Z,IL,IL00057IS022200054,39.9314,-88.3043,81,Partly Cloudy,0,3,False,False,False,False,False,0.0
2026-07-31T01:34:38Z,IL,IL00070IE008600051,39.0651,-88.6745,77,Partly Cloudy,0,2,False,False,False,False,False,0.0
2026-07-31T01:34:38Z,IL,IL00024IW003700010,37.1593,-88.6798,81,Partly Cloudy,0,2,False,False,False,False,False,0.0
2026-07-31T01:34:38Z,IL,IL00055IS006400017,39.3523,-89.6447,81,Mostly Cloudy,0,3,False,False,False,False,False,0.0
2026-07-31T01:34:38Z,IL,IL00039IN008500036,41.7236,-89.0062,74,Mostly Cloudy,0,5,False,False,False,False,False,0.0
2026-07-31T01:34:38Z,IL,IL00057IN007900034,38.0297,-88.9203,83,Partly Cloudy,0,5,False,False,False,False,False,0.0
2026-07-31T01:34:38Z,IL,IL00074IE002800030,41.2334,-90.333,78,Mostly Cloudy,0,5,False,False,False,False,False,0.0
2026-07-31T01:34:38Z,IL,IL00057IN033300049,41.3892,-87.7729,75,Mostly Cloudy,0,0,False,False,False,False,False,0.0
2026-07-31T01:34:38Z,IL,IL00072IE015200041,39.9923,-88.7827,79,Partly Cloudy,0,5,False,False,False,False,False,0.0
2026-07-31T01:34:38Z,IL,IL00064IE008500039,38.273,-88.8496,78,Mostly Cloudy,0,2,False,False,False,False,False,0.0
2026-07-31T01:34:38Z,IL,IL00057IS007900047,38.0962,-88.9138,80,Mostly Cloudy,0,3,False,False,False,False,False,0.0
2026-07-31T01:34:38Z,IL,IL00074IW015600009,40.2711,-88.6701,76,Partly Cloudy,0,5,False,False,False,False,False,0.0
2026-07-31T01:34:38Z,IL,IL00080IW011700016,41.4473,-88.3285,76,Mostly Cloudy,0,5,False,False,False,False,False,0.0
2026-07-31T01:34:38Z,IL,IL00057IN022200048,39.9218,-88.299,81,Partly Cloudy,0,3,False,False,False,False,False,0.0
2026-07-31T01:34:38Z,IL,IL00039IS008500026,41.7285,-89.0105,74,Mostly Cloudy,0,5,False,False,False,False,False,0.0
2026-07-31T01:34:38Z,IL,IL00057IS011400023,38.5965,-88.9677,82,Mostly Cloudy,0,2,False,False,False,False,False,0.0
2026-07-31T01:34:38Z,IL,IL00057IN026800032,40.5505,-88.0605,76,Mostly Cloudy,0,5,False,False,False,False,False,0.0
2026-07-31T01:34:38Z,IL,IL00070IW008700045,39.0679,-88.6704,77,Partly Cloudy,0,2,False,False,False,False,False,0.0
2026-07-31T01:34:38Z,IL,IL00057IS016500018,39.1993,-88.502,77,Partly Cloudy,0,2,False,False,False,False,False,0.0
2026-07-31T01:34:38Z,IL,IL00074IE011400005,40.6125,-89.245,81,Partly Cloudy,0,5,False,False,False,False,False,0.0
2026-07-31T01:34:38Z,IL,IL00074IW011400006,40.6111,-89.2323,81,Partly Cloudy,0,5,False,False,False,False,False,0.0
2026-07-31T01:34:38Z,IL,IL00074IE006200001,40.8788,-90.0936,78,Partly Cloudy,0,5,False,False,False,False,False,0.0
2026-07-31T01:34:38Z,IL,IL00070IW014900008,39.4228,-87.6617,76,Partly Cloudy,0,2,False,False,False,False,False,0.0
2026-07-31T01:34:38Z,IL,IL00057IN016500044,39.1898,-88.5031,80,Partly Cloudy,0,3,False,False,False,False,False,0.0
2026-07-31T01:34:38Z,IL,IL00055IS010400024,39.8871,-89.5966,82,Partly Cloudy,0,6,False,False,False,False,False,0.0
2026-07-31T01:34:38Z,IL,IL00057IS003200025,37.4699,-89.1329,82,Partly Cloudy,0,3,False,False,False,False,False,0.0
2026-07-31T01:34:38Z,IL,IL00057IN003200035,37.4661,-89.1324,82,Partly Cloudy,0,3,False,False,False,False,False,0.0
2026-07-31T01:34:38Z,IN,322,38.195,-87.8597,80,Partly Cloudy,0,2,False,False,False,False,False,0.0
2026-07-31T01:34:38Z,IN,317,38.5852,-85.7768,77,Partly Cloudy,0,1,False,False,False,False,False,0.0
2026-07-31T01:34:38Z,IN,316,38.5859,-85.7809,77,Partly Cloudy,0,1,False,False,False,False,False,0.0
2026-07-31T01:34:38Z,IN,315,39.2602,-85.9521,76,Partly Cloudy,0,1,False,False,False,False,False,0.0
2026-07-31T01:34:38Z,IN,314,39.2767,-85.9569,77,Partly Cloudy,0,1,False,False,False,False,False,0.0
2026-07-31T01:34:38Z,IN,313,40.1578,-86.5387,80,Partly Cloudy,0,1,False,False,False,False,False,0.0
2026-07-31T01:34:38Z,IN,312,40.1722,-86.5522,76,Partly Cloudy,0,1,False,False,False,False,False,0.0
2026-07-31T01:34:38Z,IN,311,40.6992,-87.0628,78,Partly Cloudy,0,0,False,False,False,False,False,0.0
2026-07-31T01:34:38Z,IN,310,40.6984,-87.0646,78,Partly Cloudy,0,0,False,False,False,False,False,0.0
2026-07-31T01:34:38Z,IN,308,41.1653,-87.271,76,Mostly Cloudy,0,0,False,False,False,False,False,0.0
2026-07-31T01:34:38Z,IN,309,41.1666,-87.2749,76,Mostly Cloudy,0,0,False,False,False,False,False,0.0
2026-07-31T01:34:38Z,IN,318,40.3543,-85.5576,75,Partly Cloudy,0,1,False,False,False,False,False,0.0
2026-07-31T01:34:38Z,IN,319,40.3569,-85.56,75,Partly Cloudy,0,1,False,False,False,False,False,0.0
2026-07-31T01:34:38Z,IN,320,41.2963,-85.0863,77,Partly Cloudy,0,5,False,False,False,False,False,0.0
2026-07-31T01:34:38Z,IN,321,41.5803,-85.0597,78,Partly Cloudy,0,5,False,False,False,False,False,0.0
2026-07-31T01:34:38Z,IN,300,39.4417,-87.5002,75,Partly Cloudy,0,1,False,False,False,False,False,0.0
2026-07-31T01:34:38Z,IN,302,39.6517,-86.3967,81,Partly Cloudy,0,3,False,False,False,False,False,0.0
2026-07-31T01:34:38Z,IN,301,39.6541,-86.4005,81,Partly Cloudy,0,3,False,False,False,False,False,0.0
2026-07-31T01:34:38Z,IN,303,39.8243,-85.7039,74,Partly Cloudy,0,2,False,False,False,False,False,0.0
2026-07-31T01:34:38Z,IN,304,39.8266,-85.704,74,Partly Cloudy,0,2,False,False,False,False,False,0.0
2026-07-31T01:34:38Z,IN,305,39.8605,-85.0259,78,Partly Cloudy,0,2,False,False,False,False,False,0.0
2026-07-31T01:34:38Z,IN,323,39.29,-85.1688,79,Mostly Clear,0,1,False,False,False,False,False,0.0
2026-07-31T01:34:38Z,IN,702,41.7472,-85.3285,77,Mostly Clear,0,5,False,False,False,False,False,0.0
2026-07-31T01:34:38Z,IN,701,41.5889,-87.2173,75,Mostly Cloudy,0,5,False,False,False,False,False,0.0
2026-07-31T01:34:38Z,IN,704,41.7058,-86.6212,74,Partly Cloudy,0,0,False,False,False,False,False,0.0
2026-07-31T01:34:38Z,IN,703,41.7071,-86.6235,74,Partly Cloudy,0,0,False,False,False,False,False,0.0
2026-07-31T01:34:38Z,IN,705,41.733,-86.0057,75,Partly Cloudy,0,5,False,False,False,False,False,0.0
2026-07-31T01:34:38Z,IN,708,41.7472,-85.3285,77,Mostly Clear,0,5,False,False,False,False,False,0.0
2026-07-31T01:34:38Z,IN,707,41.7453,-85.3287,77,Mostly Clear,0,5,False,False,False,False,False,0.0
2026-07-31T01:34:38Z,IN,324,41.7353,-86.7933,75,Partly Cloudy,0,0,False,False,False,False,False,0.0
2026-07-31T01:34:38Z,KY,KY00065IS0000020N65WELCOM,36.6434,-86.5687,75,Partly Cloudy,0,5,False,False,False,False,False,0.0
2026-07-31T01:34:38Z,KY,KY00065IS000020NSMARATHON,36.6612,-86.5553,75,Partly Cloudy,0,3,False,False,False,False,False,0.0
2026-07-31T01:34:38Z,KY,KY00065IS0000340NWEIGHS34,36.6868,-86.5379,76,Partly Cloudy,0,2,False,False,False,False,False,0.0
2026-07-31T01:34:38Z,KY,KY00065IS0011400S65SRA114,37.9464,-85.6905,78,Partly Cloudy,0,2,False,False,False,False,False,0.0
2026-07-31T01:34:38Z,KY,KY00065IS0005900S65SRA059,37.239,-85.9297,75,Partly Cloudy,0,0,False,False,False,False,False,0.0
2026-07-31T01:34:38Z,KY,KY00065IS0005900N65NRA059,37.2384,-85.9271,75,Partly Cloudy,0,0,False,False,False,False,False,0.0
2026-07-31T01:34:38Z,KY,KY00075IS0003300NWEIGHS33,37.0422,-84.0968,75,Mostly Clear,0,5,False,False,False,False,False,0.0
2026-07-31T01:34:38Z,KY,KY00075IS0003400SWEIGHS34,37.048,-84.0997,73,Mostly Clear,0,2,False,False,False,False,False,0.0
2026-07-31T01:34:38Z,KY,KY00075IS0017700N75NRA177,38.937,-84.6309,74,Mostly Clear,0,2,False,False,False,False,False,0.0
2026-07-31T01:34:38Z,KY,KY00075IS0007500SWALTONWS,38.8653,-84.6476,74,Mostly Clear,0,2,False,False,False,False,False,0.0
2026-07-31T01:34:38Z,KY,KY00075IS0017700S75SRA177,38.9388,-84.6339,74,Mostly Clear,0,2,False,False,False,False,False,0.0
2026-07-31T01:34:38Z,KY,KY00075IS0016800SCRITENWS,38.8196,-84.6015,74,Mostly Clear,0,2,False,False,False,False,False,0.0
2026-07-31T01:34:38Z,KY,KY00075IS0000100N75WELCOM,36.6162,-84.1054,72,Mostly Clear,0,0,False,False,False,False,False,0.0
2026-07-31T01:51:17Z,IL,IL00055IN006400027,39.3465,-89.6408,78,Mostly Cloudy,0,3,False,False,False,False,False,0.0
2026-07-31T01:51:17Z,IL,IL00057IN011400033,38.5963,-88.9638,77,Mostly Cloudy,0,2,False,False,False,False,False,0.0
2026-07-31T01:51:17Z,IL,IL00055IN010400050,39.8627,-89.5948,78,Partly Cloudy,0,5,False,False,False,False,False,0.0
2026-07-31T01:51:17Z,IL,IL00074IW006200004,40.8802,-90.0895,78,Partly Cloudy,0,5,False,False,False,False,False,0.0
2026-07-31T01:51:17Z,IL,IL00055IN019400031,40.8234,-88.6875,75,Mostly Cloudy,0,5,False,False,False,False,False,0.0
2026-07-31T01:51:17Z,IL,IL00070IW002700015,38.7884,-89.6889,78,Mostly Cloudy,0,3,False,False,False,False,False,0.0
2026-07-31T01:51:17Z,IL,IL00057IS033300046,41.3918,-87.7749,76,Mostly Cloudy,0,0,False,False,False,False,False,0.0
2026-07-31T01:51:17Z,IL,IL00057IS026800022,40.5613,-88.0615,76,Mostly Cloudy,0,5,False,False,False,False,False,0.0
2026-07-31T01:51:17Z,IL,IL00055IN002700029,38.8649,-89.8532,79,Mostly Cloudy,0,5,False,False,False,False,False,0.0
2026-07-31T01:51:17Z,IL,IL00064IE002500038,38.5481,-89.7731,80,Mostly Cloudy,0,3,False,False,False,False,False,0.0
2026-07-31T01:51:17Z,IL,IL00064IW008500012,38.2766,-88.8012,79,Mostly Cloudy,0,2,False,False,False,False,False,0.0
2026-07-31T01:51:17Z,IL,IL00074IW020800052,40.1298,-87.7441,77,Mostly Cloudy,0,1,False,False,False,False,False,0.0
2026-07-31T01:51:17Z,IL,IL00064IW013000053,38.2322,-87.9882,77,Partly Cloudy,0,1,False,False,False,False,False,0.0
2026-07-31T01:51:17Z,IL,IL00055IS002700019,38.8723,-89.8511,79,Mostly Cloudy,0,5,False,False,False,False,False,0.0
2026-07-31T01:51:17Z,IL,IL00074IE015600037,40.2732,-88.6762,77,Partly Cloudy,0,5,False,False,False,False,False,0.0
2026-07-31T01:51:17Z,IL,IL00080IW005100013,41.3937,-89.5591,79,Mostly Cloudy,0,5,False,False,False,False,False,0.0
2026-07-31T01:51:17Z,IL,IL00055IS019400021,40.8371,-88.6833,75,Mostly Cloudy,0,0,False,False,False,False,False,0.0
2026-07-31T01:51:17Z,IL,IL00070IE002700042,38.7849,-89.7023,78,Mostly Cloudy,0,3,False,False,False,False,False,0.0
2026-07-31T01:51:17Z,IL,IL00080IE011700043,41.4314,-88.3454,76,Mostly Cloudy,0,5,False,False,False,False,False,0.0
2026-07-31T01:51:17Z,IL,IL00064IW002500011,38.5491,-89.7633,81,Mostly Cloudy,0,3,False,False,False,False,False,0.0
2026-07-31T01:51:17Z,IL,IL00080IE005100040,41.3938,-89.5665,79,Mostly Cloudy,0,5,False,False,False,False,False,0.0
2026-07-31T01:51:17Z,IL,IL00072IW015200014,39.9888,-88.7852,79,Partly Cloudy,0,5,False,False,False,False,False,0.0
2026-07-31T01:51:17Z,IL,IL00074IW002800020,41.2141,-90.3308,78,Mostly Cloudy,0,5,False,False,False,False,False,0.0
2026-07-31T01:51:17Z,IL,IL00055IN014900028,40.3599,-89.1099,78,Partly Cloudy,0,6,False,False,False,False,False,0.0
2026-07-31T01:51:17Z,IL,IL00057IS022200054,39.9314,-88.3043,77,Partly Cloudy,0,3,False,False,False,False,False,0.0
2026-07-31T01:51:17Z,IL,IL00070IE008600051,39.0651,-88.6745,77,Partly Cloudy,0,2,False,False,False,False,False,0.0
2026-07-31T01:51:17Z,IL,IL00024IW003700010,37.1593,-88.6798,79,Partly Cloudy,0,2,False,False,False,False,False,0.0
2026-07-31T01:51:17Z,IL,IL00055IS006400017,39.3523,-89.6447,78,Mostly Cloudy,0,3,False,False,False,False,False,0.0
2026-07-31T01:51:17Z,IL,IL00039IN008500036,41.7236,-89.0062,74,Mostly Cloudy,0,5,False,False,False,False,False,0.0
2026-07-31T01:51:17Z,IL,IL00057IN007900034,38.0297,-88.9203,80,Mostly Cloudy,0,3,False,False,False,False,False,0.0
2026-07-31T01:51:17Z,IL,IL00074IE002800030,41.2334,-90.333,78,Mostly Cloudy,0,5,False,False,False,False,False,0.0
2026-07-31T01:51:17Z,IL,IL00057IN033300049,41.3892,-87.7729,75,Mostly Cloudy,0,0,False,False,False,False,False,0.0
2026-07-31T01:51:17Z,IL,IL00072IE015200041,39.9923,-88.7827,79,Partly Cloudy,0,5,False,False,False,False,False,0.0
2026-07-31T01:51:17Z,IL,IL00064IE008500039,38.273,-88.8496,78,Mostly Cloudy,0,2,False,False,False,False,False,0.0
2026-07-31T01:51:17Z,IL,IL00057IS007900047,38.0962,-88.9138,80,Mostly Cloudy,0,3,False,False,False,False,False,0.0
2026-07-31T01:51:17Z,IL,IL00074IW015600009,40.2711,-88.6701,76,Partly Cloudy,0,5,False,False,False,False,False,0.0
2026-07-31T01:51:17Z,IL,IL00080IW011700016,41.4473,-88.3285,76,Mostly Cloudy,0,5,False,False,False,False,False,0.0
2026-07-31T01:51:17Z,IL,IL00057IN022200048,39.9218,-88.299,77,Partly Cloudy,0,3,False,False,False,False,False,0.0
2026-07-31T01:51:17Z,IL,IL00039IS008500026,41.7285,-89.0105,74,Mostly Cloudy,0,5,False,False,False,False,False,0.0
2026-07-31T01:51:17Z,IL,IL00057IS011400023,38.5965,-88.9677,77,Mostly Cloudy,0,2,False,False,False,False,False,0.0
2026-07-31T01:51:17Z,IL,IL00057IN026800032,40.5505,-88.0605,76,Mostly Cloudy,0,5,False,False,False,False,False,0.0
2026-07-31T01:51:17Z,IL,IL00070IW008700045,39.0679,-88.6704,77,Partly Cloudy,0,2,False,False,False,False,False,0.0
2026-07-31T01:51:17Z,IL,IL00057IS016500018,39.1993,-88.502,77,Partly Cloudy,0,2,False,False,False,False,False,0.0
2026-07-31T01:51:17Z,IL,IL00074IE011400005,40.6125,-89.245,78,Partly Cloudy,0,5,False,False,False,False,False,0.0
2026-07-31T01:51:17Z,IL,IL00074IW011400006,40.6111,-89.2323,78,Partly Cloudy,0,5,False,False,False,False,False,0.0
2026-07-31T01:51:17Z,IL,IL00074IE006200001,40.8788,-90.0936,78,Partly Cloudy,0,5,False,False,False,False,False,0.0
2026-07-31T01:51:17Z,IL,IL00070IW014900008,39.4228,-87.6617,76,Partly Cloudy,0,2,False,False,False,False,False,0.0
2026-07-31T01:51:17Z,IL,IL00057IN016500044,39.1898,-88.5031,77,Partly Cloudy,0,3,False,False,False,False,False,0.0
2026-07-31T01:51:17Z,IL,IL00055IS010400024,39.8871,-89.5966,78,Partly Cloudy,0,5,False,False,False,False,False,0.0
2026-07-31T01:51:17Z,IL,IL00057IS003200025,37.4699,-89.1329,79,Mostly Cloudy,0,2,False,False,False,False,False,0.0
2026-07-31T01:51:17Z,IL,IL00057IN003200035,37.4661,-89.1324,79,Mostly Cloudy,0,2,False,False,False,False,False,0.0
2026-07-31T01:51:17Z,IN,322,38.195,-87.8597,77,Partly Cloudy,0,1,False,False,False,False,False,0.0
2026-07-31T01:51:17Z,IN,317,38.5852,-85.7768,77,Partly Cloudy,0,1,False,False,False,False,False,0.0
2026-07-31T01:51:17Z,IN,316,38.5859,-85.7809,77,Partly Cloudy,0,1,False,False,False,False,False,0.0
2026-07-31T01:51:17Z,IN,315,39.2602,-85.9521,76,Partly Cloudy,0,1,False,False,False,False,False,0.0
2026-07-31T01:51:17Z,IN,314,39.2767,-85.9569,77,Partly Cloudy,0,1,False,False,False,False,False,0.0
2026-07-31T01:51:17Z,IN,313,40.1578,-86.5387,74,Partly Cloudy,0,0,False,False,False,False,False,0.0
2026-07-31T01:51:17Z,IN,312,40.1722,-86.5522,76,Partly Cloudy,0,1,False,False,False,False,False,0.0
2026-07-31T01:51:17Z,IN,311,40.6992,-87.0628,75,Partly Cloudy,0,0,False,False,False,False,False,0.0
2026-07-31T01:51:17Z,IN,310,40.6984,-87.0646,75,Partly Cloudy,0,0,False,False,False,False,False,0.0
2026-07-31T01:51:17Z,IN,308,41.1653,-87.271,76,Mostly Cloudy,0,0,False,False,False,False,False,0.0
2026-07-31T01:51:17Z,IN,309,41.1666,-87.2749,76,Mostly Cloudy,0,0,False,False,False,False,False,0.0
2026-07-31T01:51:17Z,IN,318,40.3543,-85.5576,75,Partly Cloudy,0,1,False,False,False,False,False,0.0
2026-07-31T01:51:17Z,IN,319,40.3569,-85.56,75,Partly Cloudy,0,1,False,False,False,False,False,0.0
2026-07-31T01:51:17Z,IN,320,41.2963,-85.0863,77,Partly Cloudy,0,5,False,False,False,False,False,0.0
2026-07-31T01:51:17Z,IN,321,41.5803,-85.0597,76,Partly Cloudy,0,5,False,False,False,False,False,0.0
2026-07-31T01:51:17Z,IN,300,39.4417,-87.5002,75,Partly Cloudy,0,1,False,False,False,False,False,0.0
2026-07-31T01:51:17Z,IN,302,39.6517,-86.3967,78,Partly Cloudy,0,1,False,False,False,False,False,0.0
2026-07-31T01:51:17Z,IN,301,39.6541,-86.4005,78,Partly Cloudy,0,1,False,False,False,False,False,0.0
2026-07-31T01:51:17Z,IN,303,39.8243,-85.7039,74,Partly Cloudy,0,2,False,False,False,False,False,0.0
2026-07-31T01:51:17Z,IN,304,39.8266,-85.704,74,Partly Cloudy,0,2,False,False,False,False,False,0.0
2026-07-31T01:51:17Z,IN,305,39.8605,-85.0259,74,Partly Cloudy,0,2,False,False,False,False,False,0.0
2026-07-31T01:51:17Z,IN,323,39.29,-85.1688,73,Mostly Clear,0,1,False,False,False,False,False,0.0
2026-07-31T01:51:17Z,IN,702,41.7472,-85.3285,75,Partly Cloudy,0,5,False,False,False,False,False,0.0
2026-07-31T01:51:17Z,IN,701,41.5889,-87.2173,75,Mostly Cloudy,0,5,False,False,False,False,False,0.0
2026-07-31T01:51:17Z,IN,704,41.7058,-86.6212,74,Partly Cloudy,0,0,False,False,False,False,False,0.0
2026-07-31T01:51:17Z,IN,703,41.7071,-86.6235,74,Partly Cloudy,0,0,False,False,False,False,False,0.0
2026-07-31T01:51:17Z,IN,705,41.733,-86.0057,75,Partly Cloudy,0,5,False,False,False,False,False,0.0
2026-07-31T01:51:17Z,IN,708,41.7472,-85.3285,75,Partly Cloudy,0,5,False,False,False,False,False,0.0
2026-07-31T01:51:17Z,IN,707,41.7453,-85.3287,75,Partly Cloudy,0,5,False,False,False,False,False,0.0
2026-07-31T01:51:17Z,IN,324,41.7353,-86.7933,75,Partly Cloudy,0,0,False,False,False,False,False,0.0
2026-07-31T01:51:17Z,KY,KY00065IS0000020N65WELCOM,36.6434,-86.5687,75,Partly Cloudy,0,5,False,False,False,False,False,0.0
2026-07-31T01:51:17Z,KY,KY00065IS000020NSMARATHON,36.6612,-86.5553,75,Partly Cloudy,0,3,False,False,False,False,False,0.0
2026-07-31T01:51:17Z,KY,KY00065IS0000340NWEIGHS34,36.6868,-86.5379,76,Partly Cloudy,0,2,False,False,False,False,False,0.0
2026-07-31T01:51:17Z,KY,KY00065IS0011400S65SRA114,37.9464,-85.6905,78,Partly Cloudy,0,2,False,False,False,False,False,0.0
2026-07-31T01:51:17Z,KY,KY00065IS0005900S65SRA059,37.239,-85.9297,75,Partly Cloudy,0,0,False,False,False,False,False,0.0
2026-07-31T01:51:17Z,KY,KY00065IS0005900N65NRA059,37.2384,-85.9271,75,Partly Cloudy,0,0,False,False,False,False,False,0.0
2026-07-31T01:51:17Z,KY,KY00075IS0003300NWEIGHS33,37.0422,-84.0968,73,Mostly Clear,0,2,False,False,False,False,False,0.0
2026-07-31T01:51:17Z,KY,KY00075IS0003400SWEIGHS34,37.048,-84.0997,73,Mostly Clear,0,2,False,False,False,False,False,0.0
2026-07-31T01:51:17Z,KY,KY00075IS0017700N75NRA177,38.937,-84.6309,74,Mostly Clear,0,2,False,False,False,False,False,0.0
2026-07-31T01:51:17Z,KY,KY00075IS0007500SWALTONWS,38.8653,-84.6476,74,Mostly Clear,0,2,False,False,False,False,False,0.0
2026-07-31T01:51:17Z,KY,KY00075IS0017700S75SRA177,38.9388,-84.6339,74,Mostly Clear,0,2,False,False,False,False,False,0.0
2026-07-31T01:51:17Z,KY,KY00075IS0016800SCRITENWS,38.8196,-84.6015,74,Mostly Clear,0,2,False,False,False,False,False,0.0
2026-07-31T01:51:17Z,KY,KY00075IS0000100N75WELCOM,36.6162,-84.1054,72,Mostly Clear,0,0,False,False,False,False,False,0.0
2026-07-31T02:07:56Z,IL,IL00055IN006400027,39.3465,-89.6408,78,Mostly Cloudy,0,3,False,False,False,False,False,0.0
2026-07-31T02:07:56Z,IL,IL00057IN011400033,38.5963,-88.9638,77,Mostly Cloudy,0,2,False,False,False,False,False,0.0
2026-07-31T02:07:56Z,IL,IL00055IN010400050,39.8627,-89.5948,78,Partly Cloudy,0,5,False,False,False,False,False,0.0
2026-07-31T02:07:56Z,IL,IL00074IW006200004,40.8802,-90.0895,78,Partly Cloudy,0,5,False,False,False,False,False,0.0
2026-07-31T02:07:56Z,IL,IL00055IN019400031,40.8234,-88.6875,75,Mostly Cloudy,0,5,False,False,False,False,False,0.0
2026-07-31T02:07:56Z,IL,IL00070IW002700015,38.7884,-89.6889,78,Mostly Cloudy,0,3,False,False,False,False,False,0.0
2026-07-31T02:07:56Z,IL,IL00057IS033300046,41.3918,-87.7749,76,Mostly Cloudy,0,0,False,False,False,False,False,0.0
2026-07-31T02:07:56Z,IL,IL00057IS026800022,40.5613,-88.0615,76,Mostly Cloudy,0,5,False,False,False,False,False,0.0
2026-07-31T02:07:56Z,IL,IL00055IN002700029,38.8649,-89.8532,79,Mostly Cloudy,0,5,False,False,False,False,False,0.0
2026-07-31T02:07:56Z,IL,IL00064IE002500038,38.5481,-89.7731,80,Mostly Cloudy,0,3,False,False,False,False,False,0.0
2026-07-31T02:07:56Z,IL,IL00064IW008500012,38.2766,-88.8012,79,Mostly Cloudy,0,2,False,False,False,False,False,0.0
2026-07-31T02:07:56Z,IL,IL00074IW020800052,40.1298,-87.7441,77,Mostly Cloudy,0,1,False,False,False,False,False,0.0
2026-07-31T02:07:56Z,IL,IL00064IW013000053,38.2322,-87.9882,77,Partly Cloudy,0,1,False,False,False,False,False,0.0
2026-07-31T02:07:56Z,IL,IL00055IS002700019,38.8723,-89.8511,79,Mostly Cloudy,0,5,False,False,False,False,False,0.0
2026-07-31T02:07:56Z,IL,IL00074IE015600037,40.2732,-88.6762,77,Partly Cloudy,0,5,False,False,False,False,False,0.0
2026-07-31T02:07:56Z,IL,IL00080IW005100013,41.3937,-89.5591,79,Mostly Cloudy,0,5,False,False,False,False,False,0.0
2026-07-31T02:07:56Z,IL,IL00055IS019400021,40.8371,-88.6833,75,Mostly Cloudy,0,0,False,False,False,False,False,0.0
2026-07-31T02:07:56Z,IL,IL00070IE002700042,38.7849,-89.7023,78,Mostly Cloudy,0,3,False,False,False,False,False,0.0
2026-07-31T02:07:56Z,IL,IL00080IE011700043,41.4314,-88.3454,76,Mostly Cloudy,0,5,False,False,False,False,False,0.0
2026-07-31T02:07:56Z,IL,IL00064IW002500011,38.5491,-89.7633,81,Mostly Cloudy,0,3,False,False,False,False,False,0.0
2026-07-31T02:07:56Z,IL,IL00080IE005100040,41.3938,-89.5665,79,Mostly Cloudy,0,5,False,False,False,False,False,0.0
2026-07-31T02:07:56Z,IL,IL00072IW015200014,39.9888,-88.7852,79,Partly Cloudy,0,5,False,False,False,False,False,0.0
2026-07-31T02:07:56Z,IL,IL00074IW002800020,41.2141,-90.3308,78,Mostly Cloudy,0,5,False,False,False,False,False,0.0
2026-07-31T02:07:56Z,IL,IL00055IN014900028,40.3599,-89.1099,78,Partly Cloudy,0,6,False,False,False,False,False,0.0
2026-07-31T02:07:56Z,IL,IL00057IS022200054,39.9314,-88.3043,77,Partly Cloudy,0,3,False,False,False,False,False,0.0
2026-07-31T02:07:56Z,IL,IL00070IE008600051,39.0651,-88.6745,77,Partly Cloudy,0,2,False,False,False,False,False,0.0
2026-07-31T02:07:56Z,IL,IL00024IW003700010,37.1593,-88.6798,79,Partly Cloudy,0,2,False,False,False,False,False,0.0
2026-07-31T02:07:56Z,IL,IL00055IS006400017,39.3523,-89.6447,78,Mostly Cloudy,0,3,False,False,False,False,False,0.0
2026-07-31T02:07:56Z,IL,IL00039IN008500036,41.7236,-89.0062,74,Mostly Cloudy,0,5,False,False,False,False,False,0.0
2026-07-31T02:07:56Z,IL,IL00057IN007900034,38.0297,-88.9203,80,Mostly Cloudy,0,3,False,False,False,False,False,0.0
2026-07-31T02:07:56Z,IL,IL00074IE002800030,41.2334,-90.333,78,Mostly Cloudy,0,5,False,False,False,False,False,0.0
2026-07-31T02:07:56Z,IL,IL00057IN033300049,41.3892,-87.7729,75,Mostly Cloudy,0,0,False,False,False,False,False,0.0
2026-07-31T02:07:56Z,IL,IL00072IE015200041,39.9923,-88.7827,79,Partly Cloudy,0,5,False,False,False,False,False,0.0
2026-07-31T02:07:56Z,IL,IL00064IE008500039,38.273,-88.8496,78,Mostly Cloudy,0,2,False,False,False,False,False,0.0
2026-07-31T02:07:56Z,IL,IL00057IS007900047,38.0962,-88.9138,80,Mostly Cloudy,0,3,False,False,False,False,False,0.0
2026-07-31T02:07:56Z,IL,IL00074IW015600009,40.2711,-88.6701,76,Partly Cloudy,0,5,False,False,False,False,False,0.0
2026-07-31T02:07:56Z,IL,IL00080IW011700016,41.4473,-88.3285,76,Mostly Cloudy,0,5,False,False,False,False,False,0.0
2026-07-31T02:07:56Z,IL,IL00057IN022200048,39.9218,-88.299,77,Partly Cloudy,0,3,False,False,False,False,False,0.0
2026-07-31T02:07:56Z,IL,IL00039IS008500026,41.7285,-89.0105,74,Mostly Cloudy,0,5,False,False,False,False,False,0.0
2026-07-31T02:07:56Z,IL,IL00057IS011400023,38.5965,-88.9677,77,Mostly Cloudy,0,2,False,False,False,False,False,0.0
2026-07-31T02:07:56Z,IL,IL00057IN026800032,40.5505,-88.0605,76,Mostly Cloudy,0,5,False,False,False,False,False,0.0
2026-07-31T02:07:56Z,IL,IL00070IW008700045,39.0679,-88.6704,77,Partly Cloudy,0,2,False,False,False,False,False,0.0
2026-07-31T02:07:56Z,IL,IL00057IS016500018,39.1993,-88.502,77,Partly Cloudy,0,2,False,False,False,False,False,0.0
2026-07-31T02:07:56Z,IL,IL00074IE011400005,40.6125,-89.245,78,Partly Cloudy,0,5,False,False,False,False,False,0.0
2026-07-31T02:07:56Z,IL,IL00074IW011400006,40.6111,-89.2323,78,Partly Cloudy,0,5,False,False,False,False,False,0.0
2026-07-31T02:07:56Z,IL,IL00074IE006200001,40.8788,-90.0936,78,Partly Cloudy,0,5,False,False,False,False,False,0.0
2026-07-31T02:07:56Z,IL,IL00070IW014900008,39.4228,-87.6617,76,Partly Cloudy,0,2,False,False,False,False,False,0.0
2026-07-31T02:07:56Z,IL,IL00057IN016500044,39.1898,-88.5031,77,Partly Cloudy,0,3,False,False,False,False,False,0.0
2026-07-31T02:07:56Z,IL,IL00055IS010400024,39.8871,-89.5966,78,Partly Cloudy,0,5,False,False,False,False,False,0.0
2026-07-31T02:07:56Z,IL,IL00057IS003200025,37.4699,-89.1329,79,Mostly Cloudy,0,2,False,False,False,False,False,0.0
2026-07-31T02:07:56Z,IL,IL00057IN003200035,37.4661,-89.1324,79,Mostly Cloudy,0,2,False,False,False,False,False,0.0
2026-07-31T02:07:56Z,IN,322,38.195,-87.8597,77,Partly Cloudy,0,1,False,False,False,False,False,0.0
2026-07-31T02:07:56Z,IN,317,38.5852,-85.7768,77,Partly Cloudy,0,1,False,False,False,False,False,0.0
2026-07-31T02:07:56Z,IN,316,38.5859,-85.7809,77,Partly Cloudy,0,1,False,False,False,False,False,0.0
2026-07-31T02:07:56Z,IN,315,39.2602,-85.9521,76,Partly Cloudy,0,1,False,False,False,False,False,0.0
2026-07-31T02:07:56Z,IN,314,39.2767,-85.9569,77,Partly Cloudy,0,1,False,False,False,False,False,0.0
2026-07-31T02:07:56Z,IN,313,40.1578,-86.5387,74,Partly Cloudy,0,0,False,False,False,False,False,0.0
2026-07-31T02:07:56Z,IN,312,40.1722,-86.5522,76,Partly Cloudy,0,1,False,False,False,False,False,0.0
2026-07-31T02:07:56Z,IN,311,40.6992,-87.0628,75,Partly Cloudy,0,0,False,False,False,False,False,0.0
2026-07-31T02:07:56Z,IN,310,40.6984,-87.0646,75,Partly Cloudy,0,0,False,False,False,False,False,0.0
2026-07-31T02:07:56Z,IN,308,41.1653,-87.271,76,Mostly Cloudy,0,0,False,False,False,False,False,0.0
2026-07-31T02:07:56Z,IN,309,41.1666,-87.2749,76,Mostly Cloudy,0,0,False,False,False,False,False,0.0
2026-07-31T02:07:56Z,IN,318,40.3543,-85.5576,75,Partly Cloudy,0,1,False,False,False,False,False,0.0
2026-07-31T02:07:56Z,IN,319,40.3569,-85.56,75,Partly Cloudy,0,1,False,False,False,False,False,0.0
2026-07-31T02:07:56Z,IN,320,41.2963,-85.0863,77,Partly Cloudy,0,5,False,False,False,False,False,0.0
2026-07-31T02:07:56Z,IN,321,41.5803,-85.0597,76,Partly Cloudy,0,5,False,False,False,False,False,0.0
2026-07-31T02:07:56Z,IN,300,39.4417,-87.5002,75,Partly Cloudy,0,1,False,False,False,False,False,0.0
2026-07-31T02:07:56Z,IN,302,39.6517,-86.3967,78,Partly Cloudy,0,1,False,False,False,False,False,0.0
2026-07-31T02:07:56Z,IN,301,39.6541,-86.4005,78,Partly Cloudy,0,1,False,False,False,False,False,0.0
2026-07-31T02:07:56Z,IN,303,39.8243,-85.7039,74,Partly Cloudy,0,2,False,False,False,False,False,0.0
2026-07-31T02:07:56Z,IN,304,39.8266,-85.704,74,Partly Cloudy,0,2,False,False,False,False,False,0.0
2026-07-31T02:07:56Z,IN,305,39.8605,-85.0259,74,Partly Cloudy,0,2,False,False,False,False,False,0.0
2026-07-31T02:07:56Z,IN,323,39.29,-85.1688,73,Mostly Clear,0,1,False,False,False,False,False,0.0
2026-07-31T02:07:56Z,IN,702,41.7472,-85.3285,75,Partly Cloudy,0,5,False,False,False,False,False,0.0
2026-07-31T02:07:56Z,IN,701,41.5889,-87.2173,75,Mostly Cloudy,0,5,False,False,False,False,False,0.0
2026-07-31T02:07:56Z,IN,704,41.7058,-86.6212,74,Partly Cloudy,0,0,False,False,False,False,False,0.0
2026-07-31T02:07:56Z,IN,703,41.7071,-86.6235,74,Partly Cloudy,0,0,False,False,False,False,False,0.0
2026-07-31T02:07:56Z,IN,705,41.733,-86.0057,75,Partly Cloudy,0,5,False,False,False,False,False,0.0
2026-07-31T02:07:56Z,IN,708,41.7472,-85.3285,75,Partly Cloudy,0,5,False,False,False,False,False,0.0
2026-07-31T02:07:56Z,IN,707,41.7453,-85.3287,75,Partly Cloudy,0,5,False,False,False,False,False,0.0
2026-07-31T02:07:56Z,IN,324,41.7353,-86.7933,75,Partly Cloudy,0,0,False,False,False,False,False,0.0
2026-07-31T02:07:56Z,KY,KY00065IS0000020N65WELCOM,36.6434,-86.5687,75,Partly Cloudy,0,5,False,False,False,False,False,0.0
2026-07-31T02:07:56Z,KY,KY00065IS000020NSMARATHON,36.6612,-86.5553,75,Partly Cloudy,0,3,False,False,False,False,False,0.0
2026-07-31T02:07:56Z,KY,KY00065IS0000340NWEIGHS34,36.6868,-86.5379,76,Partly Cloudy,0,2,False,False,False,False,False,0.0
2026-07-31T02:07:56Z,KY,KY00065IS0011400S65SRA114,37.9464,-85.6905,78,Partly Cloudy,0,2,False,False,False,False,False,0.0
2026-07-31T02:07:56Z,KY,KY00065IS0005900S65SRA059,37.239,-85.9297,75,Partly Cloudy,0,0,False,False,False,False,False,0.0
2026-07-31T02:07:56Z,KY,KY00065IS0005900N65NRA059,37.2384,-85.9271,75,Partly Cloudy,0,0,False,False,False,False,False,0.0
2026-07-31T02:07:56Z,KY,KY00075IS0003300NWEIGHS33,37.0422,-84.0968,73,Mostly Clear,0,2,False,False,False,False,False,0.0
2026-07-31T02:07:56Z,KY,KY00075IS0003400SWEIGHS34,37.048,-84.0997,73,Mostly Clear,0,2,False,False,False,False,False,0.0
2026-07-31T02:07:56Z,KY,KY00075IS0017700N75NRA177,38.937,-84.6309,74,Mostly Clear,0,2,False,False,False,False,False,0.0
2026-07-31T02:07:56Z,KY,KY00075IS0007500SWALTONWS,38.8653,-84.6476,74,Mostly Clear,0,2,False,False,False,False,False,0.0
2026-07-31T02:07:56Z,KY,KY00075IS0017700S75SRA177,38.9388,-84.6339,74,Mostly Clear,0,2,False,False,False,False,False,0.0
2026-07-31T02:07:56Z,KY,KY00075IS0016800SCRITENWS,38.8196,-84.6015,74,Mostly Clear,0,2,False,False,False,False,False,0.0
2026-07-31T02:07:56Z,KY,KY00075IS0000100N75WELCOM,36.6162,-84.1054,72,Mostly Clear,0,0,False,False,False,False,False,0.0
2026-07-31T02:24:26Z,IL,IL00055IN006400027,39.3465,-89.6408,78,Mostly Cloudy,0,3,False,False,False,False,False,0.0
2026-07-31T02:24:26Z,IL,IL00057IN011400033,38.5963,-88.9638,77,Mostly Cloudy,0,2,False,False,False,False,False,0.0
2026-07-31T02:24:26Z,IL,IL00055IN010400050,39.8627,-89.5948,78,Partly Cloudy,0,5,False,False,False,False,False,0.0
2026-07-31T02:24:26Z,IL,IL00074IW006200004,40.8802,-90.0895,75,Partly Cloudy,0,3,False,False,False,False,False,0.0
2026-07-31T02:24:26Z,IL,IL00055IN019400031,40.8234,-88.6875,75,Mostly Cloudy,0,5,False,False,False,False,False,0.0
2026-07-31T02:24:26Z,IL,IL00070IW002700015,38.7884,-89.6889,78,Mostly Cloudy,0,3,False,False,False,False,False,0.0
2026-07-31T02:24:26Z,IL,IL00057IS033300046,41.3918,-87.7749,76,Mostly Cloudy,0,0,False,False,False,False,False,0.0
2026-07-31T02:24:26Z,IL,IL00057IS026800022,40.5613,-88.0615,76,Mostly Cloudy,0,5,False,False,False,False,False,0.0
2026-07-31T02:24:26Z,IL,IL00055IN002700029,38.8649,-89.8532,79,Mostly Cloudy,0,5,False,False,False,False,False,0.0
2026-07-31T02:24:26Z,IL,IL00064IE002500038,38.5481,-89.7731,80,Mostly Cloudy,0,3,False,False,False,False,False,0.0
2026-07-31T02:24:26Z,IL,IL00064IW008500012,38.2766,-88.8012,79,Mostly Cloudy,0,2,False,False,False,False,False,0.0
2026-07-31T02:24:26Z,IL,IL00074IW020800052,40.1298,-87.7441,77,Mostly Cloudy,0,1,False,False,False,False,False,0.0
2026-07-31T02:24:26Z,IL,IL00064IW013000053,38.2322,-87.9882,77,Partly Cloudy,0,1,False,False,False,False,False,0.0
2026-07-31T02:24:26Z,IL,IL00055IS002700019,38.8723,-89.8511,79,Mostly Cloudy,0,5,False,False,False,False,False,0.0
2026-07-31T02:24:26Z,IL,IL00074IE015600037,40.2732,-88.6762,77,Partly Cloudy,0,5,False,False,False,False,False,0.0
2026-07-31T02:24:26Z,IL,IL00080IW005100013,41.3937,-89.5591,79,Mostly Cloudy,0,5,False,False,False,False,False,0.0
2026-07-31T02:24:26Z,IL,IL00055IS019400021,40.8371,-88.6833,75,Mostly Cloudy,0,0,False,False,False,False,False,0.0
2026-07-31T02:24:26Z,IL,IL00070IE002700042,38.7849,-89.7023,78,Mostly Cloudy,0,3,False,False,False,False,False,0.0
2026-07-31T02:24:26Z,IL,IL00080IE011700043,41.4314,-88.3454,76,Mostly Cloudy,0,5,False,False,False,False,False,0.0
2026-07-31T02:24:26Z,IL,IL00064IW002500011,38.5491,-89.7633,81,Mostly Cloudy,0,3,False,False,False,False,False,0.0
2026-07-31T02:24:26Z,IL,IL00080IE005100040,41.3938,-89.5665,79,Mostly Cloudy,0,5,False,False,False,False,False,0.0
2026-07-31T02:24:26Z,IL,IL00072IW015200014,39.9888,-88.7852,76,Partly Cloudy,0,5,False,False,False,False,False,0.0
2026-07-31T02:24:26Z,IL,IL00074IW002800020,41.2141,-90.3308,78,Mostly Cloudy,0,5,False,False,False,False,False,0.0
2026-07-31T02:24:26Z,IL,IL00055IN014900028,40.3599,-89.1099,78,Partly Cloudy,0,6,False,False,False,False,False,0.0
2026-07-31T02:24:26Z,IL,IL00057IS022200054,39.9314,-88.3043,77,Partly Cloudy,0,3,False,False,False,False,False,0.0
2026-07-31T02:24:26Z,IL,IL00070IE008600051,39.0651,-88.6745,77,Partly Cloudy,0,2,False,False,False,False,False,0.0
2026-07-31T02:24:26Z,IL,IL00024IW003700010,37.1593,-88.6798,74,Mostly Cloudy,0,2,False,False,False,False,False,0.0
2026-07-31T02:24:26Z,IL,IL00055IS006400017,39.3523,-89.6447,78,Mostly Cloudy,0,3,False,False,False,False,False,0.0
2026-07-31T02:24:26Z,IL,IL00039IN008500036,41.7236,-89.0062,74,Mostly Cloudy,0,5,False,False,False,False,False,0.0
2026-07-31T02:24:26Z,IL,IL00057IN007900034,38.0297,-88.9203,80,Mostly Cloudy,0,3,False,False,False,False,False,0.0
2026-07-31T02:24:26Z,IL,IL00074IE002800030,41.2334,-90.333,78,Mostly Cloudy,0,5,False,False,False,False,False,0.0
2026-07-31T02:24:26Z,IL,IL00057IN033300049,41.3892,-87.7729,75,Mostly Cloudy,0,0,False,False,False,False,False,0.0
2026-07-31T02:24:26Z,IL,IL00072IE015200041,39.9923,-88.7827,76,Partly Cloudy,0,5,False,False,False,False,False,0.0
2026-07-31T02:24:26Z,IL,IL00064IE008500039,38.273,-88.8496,78,Mostly Cloudy,0,2,False,False,False,False,False,0.0
2026-07-31T02:24:26Z,IL,IL00057IS007900047,38.0962,-88.9138,80,Mostly Cloudy,0,3,False,False,False,False,False,0.0
2026-07-31T02:24:26Z,IL,IL00074IW015600009,40.2711,-88.6701,73,Partly Cloudy,0,5,False,False,False,False,False,0.0
2026-07-31T02:24:26Z,IL,IL00080IW011700016,41.4473,-88.3285,72,Mostly Cloudy,0,5,False,False,False,False,False,0.0
2026-07-31T02:24:26Z,IL,IL00057IN022200048,39.9218,-88.299,77,Partly Cloudy,0,3,False,False,False,False,False,0.0
2026-07-31T02:24:26Z,IL,IL00039IS008500026,41.7285,-89.0105,74,Mostly Cloudy,0,5,False,False,False,False,False,0.0
2026-07-31T02:24:26Z,IL,IL00057IS011400023,38.5965,-88.9677,77,Mostly Cloudy,0,2,False,False,False,False,False,0.0
2026-07-31T02:24:26Z,IL,IL00057IN026800032,40.5505,-88.0605,76,Mostly Cloudy,0,5,False,False,False,False,False,0.0
2026-07-31T02:24:26Z,IL,IL00070IW008700045,39.0679,-88.6704,77,Partly Cloudy,0,2,False,False,False,False,False,0.0
2026-07-31T02:24:26Z,IL,IL00057IS016500018,39.1993,-88.502,74,Mostly Cloudy,0,2,False,False,False,False,False,0.0
2026-07-31T02:24:26Z,IL,IL00074IE011400005,40.6125,-89.245,78,Partly Cloudy,0,5,False,False,False,False,False,0.0
2026-07-31T02:24:26Z,IL,IL00074IW011400006,40.6111,-89.2323,78,Partly Cloudy,0,5,False,False,False,False,False,0.0
2026-07-31T02:24:26Z,IL,IL00074IE006200001,40.8788,-90.0936,75,Partly Cloudy,0,3,False,False,False,False,False,0.0
2026-07-31T02:24:26Z,IL,IL00070IW014900008,39.4228,-87.6617,76,Partly Cloudy,0,2,False,False,False,False,False,0.0
2026-07-31T02:24:26Z,IL,IL00057IN016500044,39.1898,-88.5031,77,Partly Cloudy,0,3,False,False,False,False,False,0.0
2026-07-31T02:24:26Z,IL,IL00055IS010400024,39.8871,-89.5966,78,Partly Cloudy,0,5,False,False,False,False,False,0.0
2026-07-31T02:24:26Z,IL,IL00057IS003200025,37.4699,-89.1329,79,Mostly Cloudy,0,2,False,False,False,False,False,0.0
2026-07-31T02:24:26Z,IL,IL00057IN003200035,37.4661,-89.1324,79,Mostly Cloudy,0,2,False,False,False,False,False,0.0
2026-07-31T02:24:26Z,IN,322,38.195,-87.8597,77,Partly Cloudy,0,1,False,False,False,False,False,0.0
2026-07-31T02:24:26Z,IN,317,38.5852,-85.7768,77,Partly Cloudy,0,1,False,False,False,False,False,0.0
2026-07-31T02:24:26Z,IN,316,38.5859,-85.7809,77,Partly Cloudy,0,1,False,False,False,False,False,0.0
2026-07-31T02:24:26Z,IN,315,39.2602,-85.9521,76,Partly Cloudy,0,1,False,False,False,False,False,0.0
2026-07-31T02:24:26Z,IN,314,39.2767,-85.9569,74,Partly Cloudy,0,0,False,False,False,False,False,0.0
2026-07-31T02:24:26Z,IN,313,40.1578,-86.5387,74,Partly Cloudy,0,0,False,False,False,False,False,0.0
2026-07-31T02:24:26Z,IN,312,40.1722,-86.5522,73,Partly Cloudy,0,0,False,False,False,False,False,0.0
2026-07-31T02:24:26Z,IN,311,40.6992,-87.0628,75,Partly Cloudy,0,0,False,False,False,False,False,0.0
2026-07-31T02:24:26Z,IN,310,40.6984,-87.0646,75,Partly Cloudy,0,0,False,False,False,False,False,0.0
2026-07-31T02:24:26Z,IN,308,41.1653,-87.271,76,Mostly Cloudy,0,0,False,False,False,False,False,0.0
2026-07-31T02:24:26Z,IN,309,41.1666,-87.2749,76,Mostly Cloudy,0,0,False,False,False,False,False,0.0
2026-07-31T02:24:26Z,IN,318,40.3543,-85.5576,73,Partly Cloudy,0,0,False,False,False,False,False,0.0
2026-07-31T02:24:26Z,IN,319,40.3569,-85.56,73,Partly Cloudy,0,0,False,False,False,False,False,0.0
2026-07-31T02:24:26Z,IN,320,41.2963,-85.0863,77,Partly Cloudy,0,5,False,False,False,False,False,0.0
2026-07-31T02:24:26Z,IN,321,41.5803,-85.0597,72,Partly Cloudy,0,5,False,False,False,False,False,0.0
2026-07-31T02:24:26Z,IN,300,39.4417,-87.5002,75,Partly Cloudy,0,1,False,False,False,False,False,0.0
2026-07-31T02:24:26Z,IN,302,39.6517,-86.3967,78,Partly Cloudy,0,1,False,False,False,False,False,0.0
2026-07-31T02:24:26Z,IN,301,39.6541,-86.4005,78,Partly Cloudy,0,1,False,False,False,False,False,0.0
2026-07-31T02:24:26Z,IN,303,39.8243,-85.7039,74,Partly Cloudy,0,2,False,False,False,False,False,0.0
2026-07-31T02:24:26Z,IN,304,39.8266,-85.704,74,Partly Cloudy,0,2,False,False,False,False,False,0.0
2026-07-31T02:24:26Z,IN,305,39.8605,-85.0259,74,Partly Cloudy,0,2,False,False,False,False,False,0.0
2026-07-31T02:24:26Z,IN,323,39.29,-85.1688,73,Mostly Clear,0,1,False,False,False,False,False,0.0
2026-07-31T02:24:26Z,IN,702,41.7472,-85.3285,72,Partly Cloudy,0,5,False,False,False,False,False,0.0
2026-07-31T02:24:26Z,IN,701,41.5889,-87.2173,75,Mostly Cloudy,0,5,False,False,False,False,False,0.0
2026-07-31T02:24:26Z,IN,704,41.7058,-86.6212,74,Partly Cloudy,0,0,False,False,False,False,False,0.0
2026-07-31T02:24:26Z,IN,703,41.7071,-86.6235,74,Partly Cloudy,0,0,False,False,False,False,False,0.0
2026-07-31T02:24:26Z,IN,705,41.733,-86.0057,75,Partly Cloudy,0,5,False,False,False,False,False,0.0
2026-07-31T02:24:26Z,IN,708,41.7472,-85.3285,72,Partly Cloudy,0,5,False,False,False,False,False,0.0
2026-07-31T02:24:26Z,IN,707,41.7453,-85.3287,72,Partly Cloudy,0,5,False,False,False,False,False,0.0
2026-07-31T02:24:26Z,IN,324,41.7353,-86.7933,75,Partly Cloudy,0,0,False,False,False,False,False,0.0
2026-07-31T02:24:26Z,KY,KY00065IS0000020N65WELCOM,36.6434,-86.5687,75,Partly Cloudy,0,5,False,False,False,False,False,0.0
2026-07-31T02:24:26Z,KY,KY00065IS000020NSMARATHON,36.6612,-86.5553,73,Partly Cloudy,0,2,False,False,False,False,False,0.0
2026-07-31T02:24:26Z,KY,KY00065IS0000340NWEIGHS34,36.6868,-86.5379,76,Partly Cloudy,0,2,False,False,False,False,False,0.0
2026-07-31T02:24:26Z,KY,KY00065IS0011400S65SRA114,37.9464,-85.6905,78,Partly Cloudy,0,2,False,False,False,False,False,0.0
2026-07-31T02:24:26Z,KY,KY00065IS0005900S65SRA059,37.239,-85.9297,75,Partly Cloudy,0,0,False,False,False,False,False,0.0
2026-07-31T02:24:26Z,KY,KY00065IS0005900N65NRA059,37.2384,-85.9271,75,Partly Cloudy,0,0,False,False,False,False,False,0.0
2026-07-31T02:24:26Z,KY,KY00075IS0003300NWEIGHS33,37.0422,-84.0968,73,Mostly Clear,0,2,False,False,False,False,False,0.0
2026-07-31T02:24:26Z,KY,KY00075IS0003400SWEIGHS34,37.048,-84.0997,73,Mostly Clear,0,2,False,False,False,False,False,0.0
2026-07-31T02:24:26Z,KY,KY00075IS0017700N75NRA177,38.937,-84.6309,72,Partly Cloudy,0,2,False,False,False,False,False,0.0
2026-07-31T02:24:26Z,KY,KY00075IS0007500SWALTONWS,38.8653,-84.6476,74,Mostly Clear,0,2,False,False,False,False,False,0.0
2026-07-31T02:24:26Z,KY,KY00075IS0017700S75SRA177,38.9388,-84.6339,72,Partly Cloudy,0,2,False,False,False,False,False,0.0
2026-07-31T02:24:26Z,KY,KY00075IS0016800SCRITENWS,38.8196,-84.6015,74,Mostly Clear,0,2,False,False,False,False,False,0.0
2026-07-31T02:24:26Z,KY,KY00075IS0000100N75WELCOM,36.6162,-84.1054,72,Mostly Clear,0,0,False,False,False,False,False,0.0
2026-07-31T02:41:03Z,IL,IL00055IN006400027,39.3465,-89.6408,78,Mostly Cloudy,0,3,False,False,False,False,False,0.0
2026-07-31T02:41:03Z,IL,IL00057IN011400033,38.5963,-88.9638,74,Mostly Cloudy,0,1,False,False,False,False,False,0.0
2026-07-31T02:41:03Z,IL,IL00055IN010400050,39.8627,-89.5948,74,Partly Cloudy,0,5,False,False,False,False,False,0.0
2026-07-31T02:41:03Z,IL,IL00074IW006200004,40.8802,-90.0895,74,Partly Cloudy,0,3,False,False,False,False,False,0.0
2026-07-31T02:41:03Z,IL,IL00055IN019400031,40.8234,-88.6875,71,Mostly Cloudy,0,5,False,False,False,False,False,0.0
2026-07-31T02:41:03Z,IL,IL00070IW002700015,38.7884,-89.6889,76,Partly Cloudy,0,5,False,False,False,False,False,0.0
2026-07-31T02:41:03Z,IL,IL00057IS033300046,41.3918,-87.7749,73,Mostly Cloudy,0,5,False,False,False,False,False,0.0
2026-07-31T02:41:03Z,IL,IL00057IS026800022,40.5613,-88.0615,72,Mostly Cloudy,0,0,False,False,False,False,False,0.0
2026-07-31T02:41:03Z,IL,IL00055IN002700029,38.8649,-89.8532,76,Partly Cloudy,0,5,False,False,False,False,False,0.0
2026-07-31T02:41:03Z,IL,IL00064IE002500038,38.5481,-89.7731,77,Mostly Cloudy,0,3,False,False,False,False,False,0.0
2026-07-31T02:41:03Z,IL,IL00064IW008500012,38.2766,-88.8012,74,Mostly Cloudy,0,2,False,False,False,False,False,0.0
2026-07-31T02:41:03Z,IL,IL00074IW020800052,40.1298,-87.7441,73,Mostly Cloudy,0,1,False,False,False,False,False,0.0
2026-07-31T02:41:03Z,IL,IL00064IW013000053,38.2322,-87.9882,74,Partly Cloudy,0,1,False,False,False,False,False,0.0
2026-07-31T02:41:03Z,IL,IL00055IS002700019,38.8723,-89.8511,76,Partly Cloudy,0,5,False,False,False,False,False,0.0
2026-07-31T02:41:03Z,IL,IL00074IE015600037,40.2732,-88.6762,77,Partly Cloudy,0,5,False,False,False,False,False,0.0
2026-07-31T02:41:03Z,IL,IL00080IW005100013,41.3937,-89.5591,74,Mostly Cloudy,0,5,False,False,False,False,False,0.0
2026-07-31T02:41:03Z,IL,IL00055IS019400021,40.8371,-88.6833,71,Mostly Cloudy,0,5,False,False,False,False,False,0.0
2026-07-31T02:41:03Z,IL,IL00070IE002700042,38.7849,-89.7023,76,Mostly Cloudy,0,5,False,False,False,False,False,0.0
2026-07-31T02:41:03Z,IL,IL00080IE011700043,41.4314,-88.3454,72,Mostly Cloudy,0,5,False,False,False,False,False,0.0
2026-07-31T02:41:03Z,IL,IL00064IW002500011,38.5491,-89.7633,77,Mostly Cloudy,0,3,False,False,False,False,False,0.0
2026-07-31T02:41:03Z,IL,IL00080IE005100040,41.3938,-89.5665,79,Mostly Cloudy,0,5,False,False,False,False,False,0.0
2026-07-31T02:41:03Z,IL,IL00072IW015200014,39.9888,-88.7852,74,Partly Cloudy,0,5,False,False,False,False,False,0.0
2026-07-31T02:41:03Z,IL,IL00074IW002800020,41.2141,-90.3308,74,Partly Cloudy,0,5,False,False,False,False,False,0.0
2026-07-31T02:41:03Z,IL,IL00055IN014900028,40.3599,-89.1099,71,Partly Cloudy,0,6,False,False,False,False,False,0.0
2026-07-31T02:41:03Z,IL,IL00057IS022200054,39.9314,-88.3043,77,Partly Cloudy,0,3,False,False,False,False,False,0.0
2026-07-31T02:41:03Z,IL,IL00070IE008600051,39.0651,-88.6745,73,Partly Cloudy,0,2,False,False,False,False,False,0.0
2026-07-31T02:41:03Z,IL,IL00024IW003700010,37.1593,-88.6798,74,Mostly Cloudy,0,2,False,False,False,False,False,0.0
2026-07-31T02:41:03Z,IL,IL00055IS006400017,39.3523,-89.6447,78,Mostly Cloudy,0,3,False,False,False,False,False,0.0
2026-07-31T02:41:03Z,IL,IL00039IN008500036,41.7236,-89.0062,71,Mostly Cloudy,0,5,False,False,False,False,False,0.0
2026-07-31T02:41:03Z,IL,IL00057IN007900034,38.0297,-88.9203,80,Mostly Cloudy,0,3,False,False,False,False,False,0.0
2026-07-31T02:41:03Z,IL,IL00074IE002800030,41.2334,-90.333,74,Partly Cloudy,0,5,False,False,False,False,False,0.0
2026-07-31T02:41:03Z,IL,IL00057IN033300049,41.3892,-87.7729,73,Mostly Cloudy,0,0,False,False,False,False,False,0.0
2026-07-31T02:41:03Z,IL,IL00072IE015200041,39.9923,-88.7827,76,Partly Cloudy,0,5,False,False,False,False,False,0.0
2026-07-31T02:41:03Z,IL,IL00064IE008500039,38.273,-88.8496,78,Mostly Cloudy,0,2,False,False,False,False,False,0.0
2026-07-31T02:41:03Z,IL,IL00057IS007900047,38.0962,-88.9138,78,Mostly Cloudy,0,3,False,False,False,False,False,0.0
2026-07-31T02:41:03Z,IL,IL00074IW015600009,40.2711,-88.6701,73,Partly Cloudy,0,5,False,False,False,False,False,0.0
2026-07-31T02:41:03Z,IL,IL00080IW011700016,41.4473,-88.3285,72,Mostly Cloudy,0,5,False,False,False,False,False,0.0
2026-07-31T02:41:03Z,IL,IL00057IN022200048,39.9218,-88.299,71,Partly Cloudy,0,3,False,False,False,False,False,0.0
2026-07-31T02:41:03Z,IL,IL00039IS008500026,41.7285,-89.0105,71,Mostly Cloudy,0,5,False,False,False,False,False,0.0
2026-07-31T02:41:03Z,IL,IL00057IS011400023,38.5965,-88.9677,74,Mostly Cloudy,0,1,False,False,False,False,False,0.0
2026-07-31T02:41:03Z,IL,IL00057IN026800032,40.5505,-88.0605,72,Mostly Cloudy,0,0,False,False,False,False,False,0.0
2026-07-31T02:41:03Z,IL,IL00070IW008700045,39.0679,-88.6704,73,Partly Cloudy,0,2,False,False,False,False,False,0.0
2026-07-31T02:41:03Z,IL,IL00057IS016500018,39.1993,-88.502,73,Mostly Cloudy,0,2,False,False,False,False,False,0.0
2026-07-31T02:41:03Z,IL,IL00074IE011400005,40.6125,-89.245,74,Partly Cloudy,0,5,False,False,False,False,False,0.0
2026-07-31T02:41:03Z,IL,IL00074IW011400006,40.6111,-89.2323,78,Partly Cloudy,0,5,False,False,False,False,False,0.0
2026-07-31T02:41:03Z,IL,IL00074IE006200001,40.8788,-90.0936,74,Partly Cloudy,0,3,False,False,False,False,False,0.0
2026-07-31T02:41:03Z,IL,IL00070IW014900008,39.4228,-87.6617,69,Partly Cloudy,0,2,False,False,False,False,False,0.0
2026-07-31T02:41:03Z,IL,IL00057IN016500044,39.1898,-88.5031,73,Mostly Cloudy,0,3,False,False,False,False,False,0.0
2026-07-31T02:41:03Z,IL,IL00055IS010400024,39.8871,-89.5966,74,Partly Cloudy,0,5,False,False,False,False,False,0.0
2026-07-31T02:41:03Z,IL,IL00057IS003200025,37.4699,-89.1329,79,Mostly Cloudy,0,2,False,False,False,False,False,0.0
2026-07-31T02:41:03Z,IL,IL00057IN003200035,37.4661,-89.1324,79,Mostly Cloudy,0,2,False,False,False,False,False,0.0
2026-07-31T02:41:03Z,IN,322,38.195,-87.8597,77,Partly Cloudy,0,1,False,False,False,False,False,0.0
2026-07-31T02:41:03Z,IN,317,38.5852,-85.7768,73,Partly Cloudy,0,1,False,False,False,False,False,0.0
2026-07-31T02:41:03Z,IN,316,38.5859,-85.7809,73,Partly Cloudy,0,1,False,False,False,False,False,0.0
2026-07-31T02:41:03Z,IN,315,39.2602,-85.9521,74,Partly Cloudy,0,0,False,False,False,False,False,0.0
2026-07-31T02:41:03Z,IN,314,39.2767,-85.9569,74,Partly Cloudy,0,0,False,False,False,False,False,0.0
2026-07-31T02:41:03Z,IN,313,40.1578,-86.5387,73,Partly Cloudy,0,0,False,False,False,False,False,0.0
2026-07-31T02:41:03Z,IN,312,40.1722,-86.5522,73,Partly Cloudy,0,0,False,False,False,False,False,0.0
2026-07-31T02:41:03Z,IN,311,40.6992,-87.0628,72,Mostly Cloudy,0,0,False,False,False,False,False,0.0
2026-07-31T02:41:03Z,IN,310,40.6984,-87.0646,72,Mostly Cloudy,0,0,False,False,False,False,False,0.0
2026-07-31T02:41:03Z,IN,308,41.1653,-87.271,73,Mostly Cloudy,0,0,False,False,False,False,False,0.0
2026-07-31T02:41:03Z,IN,309,41.1666,-87.2749,73,Mostly Cloudy,0,0,False,False,False,False,False,0.0
2026-07-31T02:41:03Z,IN,318,40.3543,-85.5576,73,Partly Cloudy,0,0,False,False,False,False,False,0.0
2026-07-31T02:41:03Z,IN,319,40.3569,-85.56,73,Partly Cloudy,0,0,False,False,False,False,False,0.0
2026-07-31T02:41:03Z,IN,320,41.2963,-85.0863,77,Partly Cloudy,0,5,False,False,False,False,False,0.0
2026-07-31T02:41:03Z,IN,321,41.5803,-85.0597,72,Partly Cloudy,0,5,False,False,False,False,False,0.0
2026-07-31T02:41:03Z,IN,300,39.4417,-87.5002,74,Partly Cloudy,0,1,False,False,False,False,False,0.0
2026-07-31T02:41:03Z,IN,302,39.6517,-86.3967,75,Mostly Cloudy,0,1,False,False,False,False,False,0.0
2026-07-31T02:41:03Z,IN,301,39.6541,-86.4005,75,Mostly Cloudy,0,1,False,False,False,False,False,0.0
2026-07-31T02:41:03Z,IN,303,39.8243,-85.7039,71,Partly Cloudy,0,0,False,False,False,False,False,0.0
2026-07-31T02:41:03Z,IN,304,39.8266,-85.704,71,Partly Cloudy,0,0,False,False,False,False,False,0.0
2026-07-31T02:41:03Z,IN,305,39.8605,-85.0259,74,Partly Cloudy,0,2,False,False,False,False,False,0.0
2026-07-31T02:41:03Z,IN,323,39.29,-85.1688,71,Partly Cloudy,0,1,False,False,False,False,False,0.0
2026-07-31T02:41:03Z,IN,702,41.7472,-85.3285,72,Partly Cloudy,0,5,False,False,False,False,False,0.0
2026-07-31T02:41:03Z,IN,701,41.5889,-87.2173,72,Mostly Cloudy,0,5,False,False,False,False,False,0.0
2026-07-31T02:41:03Z,IN,704,41.7058,-86.6212,71,Mostly Cloudy,0,0,False,False,False,False,False,0.0
2026-07-31T02:41:03Z,IN,703,41.7071,-86.6235,71,Mostly Cloudy,0,0,False,False,False,False,False,0.0
2026-07-31T02:41:03Z,IN,705,41.733,-86.0057,72,Partly Cloudy,0,0,False,False,False,False,False,0.0
2026-07-31T02:41:03Z,IN,708,41.7472,-85.3285,72,Partly Cloudy,0,5,False,False,False,False,False,0.0
2026-07-31T02:41:03Z,IN,707,41.7453,-85.3287,72,Partly Cloudy,0,5,False,False,False,False,False,0.0
2026-07-31T02:41:03Z,IN,324,41.7353,-86.7933,73,Mostly Cloudy,0,5,False,False,False,False,False,0.0
2026-07-31T02:41:03Z,KY,KY00065IS0000020N65WELCOM,36.6434,-86.5687,72,Partly Cloudy,0,0,False,False,False,False,False,0.0
2026-07-31T02:41:03Z,KY,KY00065IS000020NSMARATHON,36.6612,-86.5553,73,Partly Cloudy,0,2,False,False,False,False,False,0.0
2026-07-31T02:41:03Z,KY,KY00065IS0000340NWEIGHS34,36.6868,-86.5379,74,Partly Cloudy,0,2,False,False,False,False,False,0.0
2026-07-31T02:41:03Z,KY,KY00065IS0011400S65SRA114,37.9464,-85.6905,75,Partly Cloudy,0,1,False,False,False,False,False,0.0
2026-07-31T02:41:03Z,KY,KY00065IS0005900S65SRA059,37.239,-85.9297,73,Partly Cloudy,0,0,False,False,False,False,False,0.0
2026-07-31T02:41:03Z,KY,KY00065IS0005900N65NRA059,37.2384,-85.9271,73,Partly Cloudy,0,0,False,False,False,False,False,0.0
2026-07-31T02:41:03Z,KY,KY00075IS0003300NWEIGHS33,37.0422,-84.0968,73,Mostly Clear,0,2,False,False,False,False,False,0.0
2026-07-31T02:41:03Z,KY,KY00075IS0003400SWEIGHS34,37.048,-84.0997,68,Mostly Clear,0,1,False,False,False,False,False,0.0
2026-07-31T02:41:03Z,KY,KY00075IS0017700N75NRA177,38.937,-84.6309,72,Partly Cloudy,0,2,False,False,False,False,False,0.0
2026-07-31T02:41:03Z,KY,KY00075IS0007500SWALTONWS,38.8653,-84.6476,72,Partly Cloudy,0,2,False,False,False,False,False,0.0
2026-07-31T02:41:03Z,KY,KY00075IS0017700S75SRA177,38.9388,-84.6339,72,Partly Cloudy,0,2,False,False,False,False,False,0.0
2026-07-31T02:41:03Z,KY,KY00075IS0016800SCRITENWS,38.8196,-84.6015,72,Partly Cloudy,0,2,False,False,False,False,False,0.0
2026-07-31T02:41:03Z,KY,KY00075IS0000100N75WELCOM,36.6162,-84.1054,70,Mostly Clear,0,0,False,False,False,False,False,0.0
2026-07-31T02:58:04Z,IL,IL00055IN006400027,39.3465,-89.6408,74,Mostly Cloudy,0,3,False,False,False,False,False,0.0
2026-07-31T02:58:04Z,IL,IL00057IN011400033,38.5963,-88.9638,74,Mostly Cloudy,0,1,False,False,False,False,False,0.0
2026-07-31T02:58:04Z,IL,IL00055IN010400050,39.8627,-89.5948,74,Partly Cloudy,0,5,False,False,False,False,False,0.0
2026-07-31T02:58:04Z,IL,IL00074IW006200004,40.8802,-90.0895,75,Partly Cloudy,0,3,False,False,False,False,False,0.0
2026-07-31T02:58:04Z,IL,IL00055IN019400031,40.8234,-88.6875,71,Mostly Cloudy,0,5,False,False,False,False,False,0.0
2026-07-31T02:58:04Z,IL,IL00070IW002700015,38.7884,-89.6889,76,Partly Cloudy,0,5,False,False,False,False,False,0.0
2026-07-31T02:58:04Z,IL,IL00057IS033300046,41.3918,-87.7749,73,Mostly Cloudy,0,5,False,False,False,False,False,0.0
2026-07-31T02:58:04Z,IL,IL00057IS026800022,40.5613,-88.0615,72,Mostly Cloudy,0,0,False,False,False,False,False,0.0
2026-07-31T02:58:04Z,IL,IL00055IN002700029,38.8649,-89.8532,76,Partly Cloudy,0,5,False,False,False,False,False,0.0
2026-07-31T02:58:04Z,IL,IL00064IE002500038,38.5481,-89.7731,77,Mostly Cloudy,0,3,False,False,False,False,False,0.0
2026-07-31T02:58:04Z,IL,IL00064IW008500012,38.2766,-88.8012,74,Mostly Cloudy,0,2,False,False,False,False,False,0.0
2026-07-31T02:58:04Z,IL,IL00074IW020800052,40.1298,-87.7441,73,Mostly Cloudy,0,1,False,False,False,False,False,0.0
2026-07-31T02:58:04Z,IL,IL00064IW013000053,38.2322,-87.9882,74,Partly Cloudy,0,1,False,False,False,False,False,0.0
2026-07-31T02:58:04Z,IL,IL00055IS002700019,38.8723,-89.8511,76,Partly Cloudy,0,5,False,False,False,False,False,0.0
2026-07-31T02:58:04Z,IL,IL00074IE015600037,40.2732,-88.6762,73,Partly Cloudy,0,5,False,False,False,False,False,0.0
2026-07-31T02:58:04Z,IL,IL00080IW005100013,41.3937,-89.5591,73,Mostly Cloudy,0,5,False,False,False,False,False,0.0
2026-07-31T02:58:04Z,IL,IL00055IS019400021,40.8371,-88.6833,71,Mostly Cloudy,0,5,False,False,False,False,False,0.0
2026-07-31T02:58:04Z,IL,IL00070IE002700042,38.7849,-89.7023,76,Mostly Cloudy,0,5,False,False,False,False,False,0.0
2026-07-31T02:58:04Z,IL,IL00080IE011700043,41.4314,-88.3454,72,Mostly Cloudy,0,5,False,False,False,False,False,0.0
2026-07-31T02:58:04Z,IL,IL00064IW002500011,38.5491,-89.7633,77,Mostly Cloudy,0,3,False,False,False,False,False,0.0
2026-07-31T02:58:04Z,IL,IL00080IE005100040,41.3938,-89.5665,73,Mostly Cloudy,0,5,False,False,False,False,False,0.0
2026-07-31T02:58:04Z,IL,IL00072IW015200014,39.9888,-88.7852,76,Partly Cloudy,0,5,False,False,False,False,False,0.0
2026-07-31T02:58:04Z,IL,IL00074IW002800020,41.2141,-90.3308,74,Partly Cloudy,0,5,False,False,False,False,False,0.0
2026-07-31T02:58:04Z,IL,IL00055IN014900028,40.3599,-89.1099,71,Partly Cloudy,0,6,False,False,False,False,False,0.0
2026-07-31T02:58:04Z,IL,IL00057IS022200054,39.9314,-88.3043,71,Partly Cloudy,0,3,False,False,False,False,False,0.0
2026-07-31T02:58:04Z,IL,IL00070IE008600051,39.0651,-88.6745,73,Partly Cloudy,0,2,False,False,False,False,False,0.0
2026-07-31T02:58:04Z,IL,IL00024IW003700010,37.1593,-88.6798,74,Mostly Cloudy,0,2,False,False,False,False,False,0.0
2026-07-31T02:58:04Z,IL,IL00055IS006400017,39.3523,-89.6447,74,Mostly Cloudy,0,3,False,False,False,False,False,0.0
2026-07-31T02:58:04Z,IL,IL00039IN008500036,41.7236,-89.0062,71,Mostly Cloudy,0,5,False,False,False,False,False,0.0
2026-07-31T02:58:04Z,IL,IL00057IN007900034,38.0297,-88.9203,76,Mostly Cloudy,0,3,False,False,False,False,False,0.0
2026-07-31T02:58:04Z,IL,IL00074IE002800030,41.2334,-90.333,74,Partly Cloudy,0,5,False,False,False,False,False,0.0
2026-07-31T02:58:04Z,IL,IL00057IN033300049,41.3892,-87.7729,73,Mostly Cloudy,0,0,False,False,False,False,False,0.0
2026-07-31T02:58:04Z,IL,IL00072IE015200041,39.9923,-88.7827,76,Partly Cloudy,0,5,False,False,False,False,False,0.0
2026-07-31T02:58:04Z,IL,IL00064IE008500039,38.273,-88.8496,75,Mostly Cloudy,0,2,False,False,False,False,False,0.0
2026-07-31T02:58:04Z,IL,IL00057IS007900047,38.0962,-88.9138,78,Mostly Cloudy,0,3,False,False,False,False,False,0.0
2026-07-31T02:58:04Z,IL,IL00074IW015600009,40.2711,-88.6701,73,Partly Cloudy,0,5,False,False,False,False,False,0.0
2026-07-31T02:58:04Z,IL,IL00080IW011700016,41.4473,-88.3285,72,Mostly Cloudy,0,5,False,False,False,False,False,0.0
2026-07-31T02:58:04Z,IL,IL00057IN022200048,39.9218,-88.299,71,Partly Cloudy,0,3,False,False,False,False,False,0.0
2026-07-31T02:58:04Z,IL,IL00039IS008500026,41.7285,-89.0105,71,Mostly Cloudy,0,5,False,False,False,False,False,0.0
2026-07-31T02:58:04Z,IL,IL00057IS011400023,38.5965,-88.9677,74,Mostly Cloudy,0,1,False,False,False,False,False,0.0
2026-07-31T02:58:04Z,IL,IL00057IN026800032,40.5505,-88.0605,72,Mostly Cloudy,0,0,False,False,False,False,False,0.0
2026-07-31T02:58:04Z,IL,IL00070IW008700045,39.0679,-88.6704,73,Partly Cloudy,0,2,False,False,False,False,False,0.0
2026-07-31T02:58:04Z,IL,IL00057IS016500018,39.1993,-88.502,74,Mostly Cloudy,0,2,False,False,False,False,False,0.0
2026-07-31T02:58:04Z,IL,IL00074IE011400005,40.6125,-89.245,74,Partly Cloudy,0,5,False,False,False,False,False,0.0
2026-07-31T02:58:04Z,IL,IL00074IW011400006,40.6111,-89.2323,74,Partly Cloudy,0,5,False,False,False,False,False,0.0
2026-07-31T02:58:04Z,IL,IL00074IE006200001,40.8788,-90.0936,75,Partly Cloudy,0,3,False,False,False,False,False,0.0
2026-07-31T02:58:04Z,IL,IL00070IW014900008,39.4228,-87.6617,69,Partly Cloudy,0,2,False,False,False,False,False,0.0
2026-07-31T02:58:04Z,IL,IL00057IN016500044,39.1898,-88.5031,73,Mostly Cloudy,0,3,False,False,False,False,False,0.0
2026-07-31T02:58:04Z,IL,IL00055IS010400024,39.8871,-89.5966,74,Partly Cloudy,0,5,False,False,False,False,False,0.0
2026-07-31T02:58:04Z,IL,IL00057IS003200025,37.4699,-89.1329,76,Mostly Cloudy,0,2,False,False,False,False,False,0.0
2026-07-31T02:58:04Z,IL,IL00057IN003200035,37.4661,-89.1324,76,Mostly Cloudy,0,2,False,False,False,False,False,0.0
2026-07-31T02:58:04Z,IN,322,38.195,-87.8597,75,Partly Cloudy,0,1,False,False,False,False,False,0.0
2026-07-31T02:58:04Z,IN,317,38.5852,-85.7768,73,Partly Cloudy,0,1,False,False,False,False,False,0.0
2026-07-31T02:58:04Z,IN,316,38.5859,-85.7809,73,Partly Cloudy,0,1,False,False,False,False,False,0.0
2026-07-31T02:58:04Z,IN,315,39.2602,-85.9521,74,Partly Cloudy,0,0,False,False,False,False,False,0.0
2026-07-31T02:58:04Z,IN,314,39.2767,-85.9569,74,Partly Cloudy,0,0,False,False,False,False,False,0.0
2026-07-31T02:58:04Z,IN,313,40.1578,-86.5387,73,Partly Cloudy,0,0,False,False,False,False,False,0.0
2026-07-31T02:58:04Z,IN,312,40.1722,-86.5522,73,Partly Cloudy,0,0,False,False,False,False,False,0.0
2026-07-31T02:58:04Z,IN,311,40.6992,-87.0628,71,Mostly Cloudy,0,0,False,False,False,False,False,0.0
2026-07-31T02:58:04Z,IN,310,40.6984,-87.0646,71,Mostly Cloudy,0,0,False,False,False,False,False,0.0
2026-07-31T02:58:04Z,IN,308,41.1653,-87.271,73,Mostly Cloudy,0,0,False,False,False,False,False,0.0
2026-07-31T02:58:04Z,IN,309,41.1666,-87.2749,73,Mostly Cloudy,0,0,False,False,False,False,False,0.0
2026-07-31T02:58:04Z,IN,318,40.3543,-85.5576,73,Partly Cloudy,0,0,False,False,False,False,False,0.0
2026-07-31T02:58:04Z,IN,319,40.3569,-85.56,73,Partly Cloudy,0,0,False,False,False,False,False,0.0
2026-07-31T02:58:04Z,IN,320,41.2963,-85.0863,72,Partly Cloudy,0,5,False,False,False,False,False,0.0
2026-07-31T02:58:04Z,IN,321,41.5803,-85.0597,72,Partly Cloudy,0,5,False,False,False,False,False,0.0
2026-07-31T02:58:04Z,IN,300,39.4417,-87.5002,74,Partly Cloudy,0,1,False,False,False,False,False,0.0
2026-07-31T02:58:04Z,IN,302,39.6517,-86.3967,75,Mostly Cloudy,0,1,False,False,False,False,False,0.0
2026-07-31T02:58:04Z,IN,301,39.6541,-86.4005,75,Mostly Cloudy,0,1,False,False,False,False,False,0.0
2026-07-31T02:58:04Z,IN,303,39.8243,-85.7039,71,Partly Cloudy,0,0,False,False,False,False,False,0.0
2026-07-31T02:58:04Z,IN,304,39.8266,-85.704,71,Partly Cloudy,0,0,False,False,False,False,False,0.0
2026-07-31T02:58:04Z,IN,305,39.8605,-85.0259,71,Partly Cloudy,0,1,False,False,False,False,False,0.0
2026-07-31T02:58:04Z,IN,323,39.29,-85.1688,71,Partly Cloudy,0,1,False,False,False,False,False,0.0
2026-07-31T02:58:04Z,IN,702,41.7472,-85.3285,72,Partly Cloudy,0,5,False,False,False,False,False,0.0
2026-07-31T02:58:04Z,IN,701,41.5889,-87.2173,72,Mostly Cloudy,0,5,False,False,False,False,False,0.0
2026-07-31T02:58:04Z,IN,704,41.7058,-86.6212,71,Mostly Cloudy,0,0,False,False,False,False,False,0.0
2026-07-31T02:58:04Z,IN,703,41.7071,-86.6235,71,Mostly Cloudy,0,0,False,False,False,False,False,0.0
2026-07-31T02:58:04Z,IN,705,41.733,-86.0057,72,Partly Cloudy,0,0,False,False,False,False,False,0.0
2026-07-31T02:58:04Z,IN,708,41.7472,-85.3285,72,Partly Cloudy,0,5,False,False,False,False,False,0.0
2026-07-31T02:58:04Z,IN,707,41.7453,-85.3287,72,Partly Cloudy,0,5,False,False,False,False,False,0.0
2026-07-31T02:58:04Z,IN,324,41.7353,-86.7933,69,Mostly Cloudy,0,5,False,False,False,False,False,0.0
2026-07-31T02:58:04Z,KY,KY00065IS0000020N65WELCOM,36.6434,-86.5687,72,Partly Cloudy,0,0,False,False,False,False,False,0.0
2026-07-31T02:58:04Z,KY,KY00065IS000020NSMARATHON,36.6612,-86.5553,73,Partly Cloudy,0,2,False,False,False,False,False,0.0
2026-07-31T02:58:04Z,KY,KY00065IS0000340NWEIGHS34,36.6868,-86.5379,74,Partly Cloudy,0,2,False,False,False,False,False,0.0
2026-07-31T02:58:04Z,KY,KY00065IS0011400S65SRA114,37.9464,-85.6905,75,Partly Cloudy,0,1,False,False,False,False,False,0.0
2026-07-31T02:58:04Z,KY,KY00065IS0005900S65SRA059,37.239,-85.9297,73,Partly Cloudy,0,0,False,False,False,False,False,0.0
2026-07-31T02:58:04Z,KY,KY00065IS0005900N65NRA059,37.2384,-85.9271,73,Partly Cloudy,0,0,False,False,False,False,False,0.0
2026-07-31T02:58:04Z,KY,KY00075IS0003300NWEIGHS33,37.0422,-84.0968,70,Mostly Clear,0,1,False,False,False,False,False,0.0
2026-07-31T02:58:04Z,KY,KY00075IS0003400SWEIGHS34,37.048,-84.0997,68,Mostly Clear,0,1,False,False,False,False,False,0.0
2026-07-31T02:58:04Z,KY,KY00075IS0017700N75NRA177,38.937,-84.6309,72,Partly Cloudy,0,2,False,False,False,False,False,0.0
2026-07-31T02:58:04Z,KY,KY00075IS0007500SWALTONWS,38.8653,-84.6476,72,Partly Cloudy,0,2,False,False,False,False,False,0.0
2026-07-31T02:58:04Z,KY,KY00075IS0017700S75SRA177,38.9388,-84.6339,72,Partly Cloudy,0,2,False,False,False,False,False,0.0
2026-07-31T02:58:04Z,KY,KY00075IS0016800SCRITENWS,38.8196,-84.6015,72,Partly Cloudy,0,2,False,False,False,False,False,0.0
2026-07-31T02:58:04Z,KY,KY00075IS0000100N75WELCOM,36.6162,-84.1054,70,Mostly Clear,0,0,False,False,False,False,False,0.0
2026-07-31T03:14:59Z,IL,IL00055IN006400027,39.3465,-89.6408,74,Mostly Cloudy,0,3,False,False,False,False,False,0.0
2026-07-31T03:14:59Z,IL,IL00057IN011400033,38.5963,-88.9638,74,Mostly Cloudy,0,1,False,False,False,False,False,0.0
2026-07-31T03:14:59Z,IL,IL00055IN010400050,39.8627,-89.5948,74,Partly Cloudy,0,5,False,False,False,False,False,0.0
2026-07-31T03:14:59Z,IL,IL00074IW006200004,40.8802,-90.0895,75,Partly Cloudy,0,3,False,False,False,False,False,0.0
2026-07-31T03:14:59Z,IL,IL00055IN019400031,40.8234,-88.6875,71,Mostly Cloudy,0,5,False,False,False,False,False,0.0
2026-07-31T03:14:59Z,IL,IL00070IW002700015,38.7884,-89.6889,76,Partly Cloudy,0,5,False,False,False,False,False,0.0
2026-07-31T03:14:59Z,IL,IL00057IS033300046,41.3918,-87.7749,73,Mostly Cloudy,0,5,False,False,False,False,False,0.0
2026-07-31T03:14:59Z,IL,IL00057IS026800022,40.5613,-88.0615,72,Mostly Cloudy,0,0,False,False,False,False,False,0.0
2026-07-31T03:14:59Z,IL,IL00055IN002700029,38.8649,-89.8532,76,Partly Cloudy,0,5,False,False,False,False,False,0.0
2026-07-31T03:14:59Z,IL,IL00064IE002500038,38.5481,-89.7731,77,Mostly Cloudy,0,3,False,False,False,False,False,0.0
2026-07-31T03:14:59Z,IL,IL00064IW008500012,38.2766,-88.8012,74,Mostly Cloudy,0,2,False,False,False,False,False,0.0
2026-07-31T03:14:59Z,IL,IL00074IW020800052,40.1298,-87.7441,73,Mostly Cloudy,0,1,False,False,False,False,False,0.0
2026-07-31T03:14:59Z,IL,IL00064IW013000053,38.2322,-87.9882,74,Partly Cloudy,0,1,False,False,False,False,False,0.0
2026-07-31T03:14:59Z,IL,IL00055IS002700019,38.8723,-89.8511,76,Partly Cloudy,0,5,False,False,False,False,False,0.0
2026-07-31T03:14:59Z,IL,IL00074IE015600037,40.2732,-88.6762,73,Partly Cloudy,0,5,False,False,False,False,False,0.0
2026-07-31T03:14:59Z,IL,IL00080IW005100013,41.3937,-89.5591,73,Mostly Cloudy,0,5,False,False,False,False,False,0.0
2026-07-31T03:14:59Z,IL,IL00055IS019400021,40.8371,-88.6833,71,Mostly Cloudy,0,5,False,False,False,False,False,0.0
2026-07-31T03:14:59Z,IL,IL00070IE002700042,38.7849,-89.7023,76,Mostly Cloudy,0,5,False,False,False,False,False,0.0
2026-07-31T03:14:59Z,IL,IL00080IE011700043,41.4314,-88.3454,72,Mostly Cloudy,0,5,False,False,False,False,False,0.0
2026-07-31T03:14:59Z,IL,IL00064IW002500011,38.5491,-89.7633,77,Mostly Cloudy,0,3,False,False,False,False,False,0.0
2026-07-31T03:14:59Z,IL,IL00080IE005100040,41.3938,-89.5665,73,Mostly Cloudy,0,5,False,False,False,False,False,0.0
2026-07-31T03:14:59Z,IL,IL00072IW015200014,39.9888,-88.7852,76,Partly Cloudy,0,5,False,False,False,False,False,0.0
2026-07-31T03:14:59Z,IL,IL00074IW002800020,41.2141,-90.3308,74,Partly Cloudy,0,5,False,False,False,False,False,0.0
2026-07-31T03:14:59Z,IL,IL00055IN014900028,40.3599,-89.1099,71,Partly Cloudy,0,6,False,False,False,False,False,0.0
2026-07-31T03:14:59Z,IL,IL00057IS022200054,39.9314,-88.3043,71,Partly Cloudy,0,3,False,False,False,False,False,0.0
2026-07-31T03:14:59Z,IL,IL00070IE008600051,39.0651,-88.6745,73,Partly Cloudy,0,2,False,False,False,False,False,0.0
2026-07-31T03:14:59Z,IL,IL00024IW003700010,37.1593,-88.6798,74,Mostly Cloudy,0,2,False,False,False,False,False,0.0
2026-07-31T03:14:59Z,IL,IL00055IS006400017,39.3523,-89.6447,74,Mostly Cloudy,0,3,False,False,False,False,False,0.0
2026-07-31T03:14:59Z,IL,IL00039IN008500036,41.7236,-89.0062,71,Mostly Cloudy,0,5,False,False,False,False,False,0.0
2026-07-31T03:14:59Z,IL,IL00057IN007900034,38.0297,-88.9203,76,Mostly Cloudy,0,3,False,False,False,False,False,0.0
2026-07-31T03:14:59Z,IL,IL00074IE002800030,41.2334,-90.333,74,Partly Cloudy,0,5,False,False,False,False,False,0.0
2026-07-31T03:14:59Z,IL,IL00057IN033300049,41.3892,-87.7729,73,Mostly Cloudy,0,0,False,False,False,False,False,0.0
2026-07-31T03:14:59Z,IL,IL00072IE015200041,39.9923,-88.7827,76,Partly Cloudy,0,5,False,False,False,False,False,0.0
2026-07-31T03:14:59Z,IL,IL00064IE008500039,38.273,-88.8496,75,Mostly Cloudy,0,2,False,False,False,False,False,0.0
2026-07-31T03:14:59Z,IL,IL00057IS007900047,38.0962,-88.9138,78,Mostly Cloudy,0,3,False,False,False,False,False,0.0
2026-07-31T03:14:59Z,IL,IL00074IW015600009,40.2711,-88.6701,73,Partly Cloudy,0,5,False,False,False,False,False,0.0
2026-07-31T03:14:59Z,IL,IL00080IW011700016,41.4473,-88.3285,72,Mostly Cloudy,0,5,False,False,False,False,False,0.0
2026-07-31T03:14:59Z,IL,IL00057IN022200048,39.9218,-88.299,71,Partly Cloudy,0,3,False,False,False,False,False,0.0
2026-07-31T03:14:59Z,IL,IL00039IS008500026,41.7285,-89.0105,71,Mostly Cloudy,0,5,False,False,False,False,False,0.0
2026-07-31T03:14:59Z,IL,IL00057IS011400023,38.5965,-88.9677,74,Mostly Cloudy,0,1,False,False,False,False,False,0.0
2026-07-31T03:14:59Z,IL,IL00057IN026800032,40.5505,-88.0605,72,Mostly Cloudy,0,0,False,False,False,False,False,0.0
2026-07-31T03:14:59Z,IL,IL00070IW008700045,39.0679,-88.6704,73,Partly Cloudy,0,2,False,False,False,False,False,0.0
2026-07-31T03:14:59Z,IL,IL00057IS016500018,39.1993,-88.502,74,Mostly Cloudy,0,2,False,False,False,False,False,0.0
2026-07-31T03:14:59Z,IL,IL00074IE011400005,40.6125,-89.245,74,Partly Cloudy,0,5,False,False,False,False,False,0.0
2026-07-31T03:14:59Z,IL,IL00074IW011400006,40.6111,-89.2323,74,Partly Cloudy,0,5,False,False,False,False,False,0.0
2026-07-31T03:14:59Z,IL,IL00074IE006200001,40.8788,-90.0936,75,Partly Cloudy,0,3,False,False,False,False,False,0.0
2026-07-31T03:14:59Z,IL,IL00070IW014900008,39.4228,-87.6617,69,Partly Cloudy,0,2,False,False,False,False,False,0.0
2026-07-31T03:14:59Z,IL,IL00057IN016500044,39.1898,-88.5031,73,Mostly Cloudy,0,3,False,False,False,False,False,0.0
2026-07-31T03:14:59Z,IL,IL00055IS010400024,39.8871,-89.5966,74,Partly Cloudy,0,5,False,False,False,False,False,0.0
2026-07-31T03:14:59Z,IL,IL00057IS003200025,37.4699,-89.1329,76,Mostly Cloudy,0,2,False,False,False,False,False,0.0
2026-07-31T03:14:59Z,IL,IL00057IN003200035,37.4661,-89.1324,76,Mostly Cloudy,0,2,False,False,False,False,False,0.0
2026-07-31T03:14:59Z,IN,322,38.195,-87.8597,75,Partly Cloudy,0,1,False,False,False,False,False,0.0
2026-07-31T03:14:59Z,IN,317,38.5852,-85.7768,73,Partly Cloudy,0,1,False,False,False,False,False,0.0
2026-07-31T03:14:59Z,IN,316,38.5859,-85.7809,73,Partly Cloudy,0,1,False,False,False,False,False,0.0
2026-07-31T03:14:59Z,IN,315,39.2602,-85.9521,74,Partly Cloudy,0,0,False,False,False,False,False,0.0
2026-07-31T03:14:59Z,IN,314,39.2767,-85.9569,74,Partly Cloudy,0,0,False,False,False,False,False,0.0
2026-07-31T03:14:59Z,IN,313,40.1578,-86.5387,73,Partly Cloudy,0,0,False,False,False,False,False,0.0
2026-07-31T03:14:59Z,IN,312,40.1722,-86.5522,73,Partly Cloudy,0,0,False,False,False,False,False,0.0
2026-07-31T03:14:59Z,IN,311,40.6992,-87.0628,71,Mostly Cloudy,0,0,False,False,False,False,False,0.0
2026-07-31T03:14:59Z,IN,310,40.6984,-87.0646,71,Mostly Cloudy,0,0,False,False,False,False,False,0.0
2026-07-31T03:14:59Z,IN,308,41.1653,-87.271,73,Mostly Cloudy,0,0,False,False,False,False,False,0.0
2026-07-31T03:14:59Z,IN,309,41.1666,-87.2749,73,Mostly Cloudy,0,0,False,False,False,False,False,0.0
2026-07-31T03:14:59Z,IN,318,40.3543,-85.5576,73,Partly Cloudy,0,0,False,False,False,False,False,0.0
2026-07-31T03:14:59Z,IN,319,40.3569,-85.56,73,Partly Cloudy,0,0,False,False,False,False,False,0.0
2026-07-31T03:14:59Z,IN,320,41.2963,-85.0863,72,Partly Cloudy,0,5,False,False,False,False,False,0.0
2026-07-31T03:14:59Z,IN,321,41.5803,-85.0597,72,Partly Cloudy,0,5,False,False,False,False,False,0.0
2026-07-31T03:14:59Z,IN,300,39.4417,-87.5002,74,Partly Cloudy,0,1,False,False,False,False,False,0.0
2026-07-31T03:14:59Z,IN,302,39.6517,-86.3967,75,Mostly Cloudy,0,1,False,False,False,False,False,0.0
2026-07-31T03:14:59Z,IN,301,39.6541,-86.4005,75,Mostly Cloudy,0,1,False,False,False,False,False,0.0
2026-07-31T03:14:59Z,IN,303,39.8243,-85.7039,71,Partly Cloudy,0,0,False,False,False,False,False,0.0
2026-07-31T03:14:59Z,IN,304,39.8266,-85.704,71,Partly Cloudy,0,0,False,False,False,False,False,0.0
2026-07-31T03:14:59Z,IN,305,39.8605,-85.0259,71,Partly Cloudy,0,1,False,False,False,False,False,0.0
2026-07-31T03:14:59Z,IN,323,39.29,-85.1688,71,Partly Cloudy,0,1,False,False,False,False,False,0.0
2026-07-31T03:14:59Z,IN,702,41.7472,-85.3285,72,Partly Cloudy,0,5,False,False,False,False,False,0.0
2026-07-31T03:14:59Z,IN,701,41.5889,-87.2173,72,Mostly Cloudy,0,5,False,False,False,False,False,0.0
2026-07-31T03:14:59Z,IN,704,41.7058,-86.6212,71,Mostly Cloudy,0,0,False,False,False,False,False,0.0
2026-07-31T03:14:59Z,IN,703,41.7071,-86.6235,71,Mostly Cloudy,0,0,False,False,False,False,False,0.0
2026-07-31T03:14:59Z,IN,705,41.733,-86.0057,72,Partly Cloudy,0,0,False,False,False,False,False,0.0
2026-07-31T03:14:59Z,IN,708,41.7472,-85.3285,72,Partly Cloudy,0,5,False,False,False,False,False,0.0
2026-07-31T03:14:59Z,IN,707,41.7453,-85.3287,72,Partly Cloudy,0,5,False,False,False,False,False,0.0
2026-07-31T03:14:59Z,IN,324,41.7353,-86.7933,69,Mostly Cloudy,0,5,False,False,False,False,False,0.0
2026-07-31T03:14:59Z,KY,KY00065IS0000020N65WELCOM,36.6434,-86.5687,72,Partly Cloudy,0,0,False,False,False,False,False,0.0
2026-07-31T03:14:59Z,KY,KY00065IS000020NSMARATHON,36.6612,-86.5553,73,Partly Cloudy,0,2,False,False,False,False,False,0.0
2026-07-31T03:14:59Z,KY,KY00065IS0000340NWEIGHS34,36.6868,-86.5379,74,Partly Cloudy,0,2,False,False,False,False,False,0.0
2026-07-31T03:14:59Z,KY,KY00065IS0011400S65SRA114,37.9464,-85.6905,75,Partly Cloudy,0,1,False,False,False,False,False,0.0
2026-07-31T03:14:59Z,KY,KY00065IS0005900S65SRA059,37.239,-85.9297,73,Partly Cloudy,0,0,False,False,False,False,False,0.0
2026-07-31T03:14:59Z,KY,KY00065IS0005900N65NRA059,37.2384,-85.9271,73,Partly Cloudy,0,0,False,False,False,False,False,0.0
2026-07-31T03:14:59Z,KY,KY00075IS0003300NWEIGHS33,37.0422,-84.0968,70,Mostly Clear,0,1,False,False,False,False,False,0.0
2026-07-31T03:14:59Z,KY,KY00075IS0003400SWEIGHS34,37.048,-84.0997,68,Mostly Clear,0,1,False,False,False,False,False,0.0
2026-07-31T03:14:59Z,KY,KY00075IS0017700N75NRA177,38.937,-84.6309,72,Partly Cloudy,0,2,False,False,False,False,False,0.0
2026-07-31T03:14:59Z,KY,KY00075IS0007500SWALTONWS,38.8653,-84.6476,72,Partly Cloudy,0,2,False,False,False,False,False,0.0
2026-07-31T03:14:59Z,KY,KY00075IS0017700S75SRA177,38.9388,-84.6339,72,Partly Cloudy,0,2,False,False,False,False,False,0.0
2026-07-31T03:14:59Z,KY,KY00075IS0016800SCRITENWS,38.8196,-84.6015,72,Partly Cloudy,0,2,False,False,False,False,False,0.0
2026-07-31T03:14:59Z,KY,KY00075IS0000100N75WELCOM,36.6162,-84.1054,70,Mostly Clear,0,0,False,False,False,False,False,0.0
2026-07-31T03:31:35Z,IL,IL00055IN006400027,39.3465,-89.6408,74,Mostly Cloudy,0,3,False,False,False,False,False,0.0
2026-07-31T03:31:35Z,IL,IL00057IN011400033,38.5963,-88.9638,74,Mostly Cloudy,0,1,False,False,False,False,False,0.0
2026-07-31T03:31:35Z,IL,IL00055IN010400050,39.8627,-89.5948,74,Partly Cloudy,0,5,False,False,False,False,False,0.0
2026-07-31T03:31:35Z,IL,IL00074IW006200004,40.8802,-90.0895,72,Partly Cloudy,1,3,False,False,False,False,False,0.0
2026-07-31T03:31:35Z,IL,IL00055IN019400031,40.8234,-88.6875,71,Mostly Cloudy,0,5,False,False,False,False,False,0.0
2026-07-31T03:31:35Z,IL,IL00070IW002700015,38.7884,-89.6889,76,Partly Cloudy,0,5,False,False,False,False,False,0.0
2026-07-31T03:31:35Z,IL,IL00057IS033300046,41.3918,-87.7749,73,Mostly Cloudy,0,5,False,False,False,False,False,0.0
2026-07-31T03:31:35Z,IL,IL00057IS026800022,40.5613,-88.0615,72,Mostly Cloudy,0,0,False,False,False,False,False,0.0
2026-07-31T03:31:35Z,IL,IL00055IN002700029,38.8649,-89.8532,76,Partly Cloudy,0,5,False,False,False,False,False,0.0
2026-07-31T03:31:35Z,IL,IL00064IE002500038,38.5481,-89.7731,77,Mostly Cloudy,0,3,False,False,False,False,False,0.0
2026-07-31T03:31:35Z,IL,IL00064IW008500012,38.2766,-88.8012,74,Mostly Cloudy,0,2,False,False,False,False,False,0.0
2026-07-31T03:31:35Z,IL,IL00074IW020800052,40.1298,-87.7441,73,Mostly Cloudy,0,1,False,False,False,False,False,0.0
2026-07-31T03:31:35Z,IL,IL00064IW013000053,38.2322,-87.9882,74,Partly Cloudy,0,1,False,False,False,False,False,0.0
2026-07-31T03:31:35Z,IL,IL00055IS002700019,38.8723,-89.8511,76,Partly Cloudy,0,5,False,False,False,False,False,0.0
2026-07-31T03:31:35Z,IL,IL00074IE015600037,40.2732,-88.6762,73,Partly Cloudy,0,5,False,False,False,False,False,0.0
2026-07-31T03:31:35Z,IL,IL00080IW005100013,41.3937,-89.5591,73,Mostly Cloudy,0,5,False,False,False,False,False,0.0
2026-07-31T03:31:35Z,IL,IL00055IS019400021,40.8371,-88.6833,71,Mostly Cloudy,0,5,False,False,False,False,False,0.0
2026-07-31T03:31:35Z,IL,IL00070IE002700042,38.7849,-89.7023,74,Mostly Cloudy,0,5,False,False,False,False,False,0.0
2026-07-31T03:31:35Z,IL,IL00080IE011700043,41.4314,-88.3454,72,Mostly Cloudy,0,5,False,False,False,False,False,0.0
2026-07-31T03:31:35Z,IL,IL00064IW002500011,38.5491,-89.7633,77,Mostly Cloudy,0,3,False,False,False,False,False,0.0
2026-07-31T03:31:35Z,IL,IL00080IE005100040,41.3938,-89.5665,73,Mostly Cloudy,0,5,False,False,False,False,False,0.0
2026-07-31T03:31:35Z,IL,IL00072IW015200014,39.9888,-88.7852,72,Partly Cloudy,0,5,False,False,False,False,False,0.0
2026-07-31T03:31:35Z,IL,IL00074IW002800020,41.2141,-90.3308,74,Partly Cloudy,0,5,False,False,False,False,False,0.0
2026-07-31T03:31:35Z,IL,IL00055IN014900028,40.3599,-89.1099,71,Partly Cloudy,0,6,False,False,False,False,False,0.0
2026-07-31T03:31:35Z,IL,IL00057IS022200054,39.9314,-88.3043,71,Partly Cloudy,0,3,False,False,False,False,False,0.0
2026-07-31T03:31:35Z,IL,IL00070IE008600051,39.0651,-88.6745,73,Partly Cloudy,0,2,False,False,False,False,False,0.0
2026-07-31T03:31:35Z,IL,IL00024IW003700010,37.1593,-88.6798,73,Mostly Cloudy,0,2,False,False,False,False,False,0.0
2026-07-31T03:31:35Z,IL,IL00055IS006400017,39.3523,-89.6447,74,Mostly Cloudy,0,3,False,False,False,False,False,0.0
2026-07-31T03:31:35Z,IL,IL00039IN008500036,41.7236,-89.0062,71,Mostly Cloudy,0,5,False,False,False,False,False,0.0
2026-07-31T03:31:35Z,IL,IL00057IN007900034,38.0297,-88.9203,76,Mostly Cloudy,0,3,False,False,False,False,False,0.0
2026-07-31T03:31:35Z,IL,IL00074IE002800030,41.2334,-90.333,74,Partly Cloudy,0,5,False,False,False,False,False,0.0
2026-07-31T03:31:35Z,IL,IL00057IN033300049,41.3892,-87.7729,73,Mostly Cloudy,0,0,False,False,False,False,False,0.0
2026-07-31T03:31:35Z,IL,IL00072IE015200041,39.9923,-88.7827,72,Partly Cloudy,0,5,False,False,False,False,False,0.0
2026-07-31T03:31:35Z,IL,IL00064IE008500039,38.273,-88.8496,75,Mostly Cloudy,0,2,False,False,False,False,False,0.0
2026-07-31T03:31:35Z,IL,IL00057IS007900047,38.0962,-88.9138,78,Mostly Cloudy,0,3,False,False,False,False,False,0.0
2026-07-31T03:31:35Z,IL,IL00074IW015600009,40.2711,-88.6701,71,Mostly Cloudy,0,5,False,False,False,False,False,0.0
2026-07-31T03:31:35Z,IL,IL00080IW011700016,41.4473,-88.3285,71,Mostly Cloudy,0,5,False,False,False,False,False,0.0
2026-07-31T03:31:35Z,IL,IL00057IN022200048,39.9218,-88.299,71,Partly Cloudy,0,3,False,False,False,False,False,0.0
2026-07-31T03:31:35Z,IL,IL00039IS008500026,41.7285,-89.0105,71,Mostly Cloudy,0,5,False,False,False,False,False,0.0
2026-07-31T03:31:35Z,IL,IL00057IS011400023,38.5965,-88.9677,74,Mostly Cloudy,0,1,False,False,False,False,False,0.0
2026-07-31T03:31:35Z,IL,IL00057IN026800032,40.5505,-88.0605,72,Mostly Cloudy,0,0,False,False,False,False,False,0.0
2026-07-31T03:31:35Z,IL,IL00070IW008700045,39.0679,-88.6704,73,Partly Cloudy,0,2,False,False,False,False,False,0.0
2026-07-31T03:31:35Z,IL,IL00057IS016500018,39.1993,-88.502,71,Mostly Cloudy,0,3,False,False,False,False,False,0.0
2026-07-31T03:31:35Z,IL,IL00074IE011400005,40.6125,-89.245,74,Partly Cloudy,0,5,False,False,False,False,False,0.0
2026-07-31T03:31:35Z,IL,IL00074IW011400006,40.6111,-89.2323,74,Partly Cloudy,0,5,False,False,False,False,False,0.0
2026-07-31T03:31:35Z,IL,IL00074IE006200001,40.8788,-90.0936,72,Partly Cloudy,1,3,False,False,False,False,False,0.0
2026-07-31T03:31:35Z,IL,IL00070IW014900008,39.4228,-87.6617,69,Partly Cloudy,0,2,False,False,False,False,False,0.0
2026-07-31T03:31:35Z,IL,IL00057IN016500044,39.1898,-88.5031,73,Mostly Cloudy,0,3,False,False,False,False,False,0.0
2026-07-31T03:31:35Z,IL,IL00055IS010400024,39.8871,-89.5966,74,Partly Cloudy,0,5,False,False,False,False,False,0.0
2026-07-31T03:31:35Z,IL,IL00057IS003200025,37.4699,-89.1329,76,Mostly Cloudy,0,2,False,False,False,False,False,0.0
2026-07-31T03:31:35Z,IL,IL00057IN003200035,37.4661,-89.1324,76,Mostly Cloudy,0,2,False,False,False,False,False,0.0
2026-07-31T03:31:35Z,IN,322,38.195,-87.8597,75,Partly Cloudy,0,1,False,False,False,False,False,0.0
2026-07-31T03:31:35Z,IN,317,38.5852,-85.7768,73,Partly Cloudy,0,1,False,False,False,False,False,0.0
2026-07-31T03:31:35Z,IN,316,38.5859,-85.7809,73,Partly Cloudy,0,1,False,False,False,False,False,0.0
2026-07-31T03:31:35Z,IN,315,39.2602,-85.9521,74,Partly Cloudy,0,0,False,False,False,False,False,0.0
2026-07-31T03:31:35Z,IN,314,39.2767,-85.9569,72,Mostly Cloudy,0,1,False,False,False,False,False,0.0
2026-07-31T03:31:35Z,IN,313,40.1578,-86.5387,73,Partly Cloudy,0,0,False,False,False,False,False,0.0
2026-07-31T03:31:35Z,IN,312,40.1722,-86.5522,72,Mostly Cloudy,0,0,False,False,False,False,False,0.0
2026-07-31T03:31:35Z,IN,311,40.6992,-87.0628,71,Mostly Cloudy,0,0,False,False,False,False,False,0.0
2026-07-31T03:31:35Z,IN,310,40.6984,-87.0646,71,Mostly Cloudy,0,0,False,False,False,False,False,0.0
2026-07-31T03:31:35Z,IN,308,41.1653,-87.271,73,Mostly Cloudy,0,0,False,False,False,False,False,0.0
2026-07-31T03:31:35Z,IN,309,41.1666,-87.2749,73,Mostly Cloudy,0,0,False,False,False,False,False,0.0
2026-07-31T03:31:35Z,IN,318,40.3543,-85.5576,69,Partly Cloudy,0,0,False,False,False,False,False,0.0
2026-07-31T03:31:35Z,IN,319,40.3569,-85.56,69,Partly Cloudy,0,0,False,False,False,False,False,0.0
2026-07-31T03:31:35Z,IN,320,41.2963,-85.0863,71,Partly Cloudy,0,5,False,False,False,False,False,0.0
2026-07-31T03:31:35Z,IN,321,41.5803,-85.0597,71,Partly Cloudy,0,5,False,False,False,False,False,0.0
2026-07-31T03:31:35Z,IN,300,39.4417,-87.5002,74,Partly Cloudy,0,1,False,False,False,False,False,0.0
2026-07-31T03:31:35Z,IN,302,39.6517,-86.3967,75,Mostly Cloudy,0,1,False,False,False,False,False,0.0
2026-07-31T03:31:35Z,IN,301,39.6541,-86.4005,75,Mostly Cloudy,0,1,False,False,False,False,False,0.0
2026-07-31T03:31:35Z,IN,303,39.8243,-85.7039,71,Partly Cloudy,0,0,False,False,False,False,False,0.0
2026-07-31T03:31:35Z,IN,304,39.8266,-85.704,71,Partly Cloudy,0,0,False,False,False,False,False,0.0
2026-07-31T03:31:35Z,IN,305,39.8605,-85.0259,71,Partly Cloudy,0,1,False,False,False,False,False,0.0
2026-07-31T03:31:35Z,IN,323,39.29,-85.1688,71,Partly Cloudy,0,1,False,False,False,False,False,0.0
2026-07-31T03:31:35Z,IN,702,41.7472,-85.3285,69,Mostly Clear,0,0,False,False,False,False,False,0.0
2026-07-31T03:31:35Z,IN,701,41.5889,-87.2173,72,Mostly Cloudy,0,5,False,False,False,False,False,0.0
2026-07-31T03:31:35Z,IN,704,41.7058,-86.6212,71,Mostly Cloudy,0,0,False,False,False,False,False,0.0
2026-07-31T03:31:35Z,IN,703,41.7071,-86.6235,71,Mostly Cloudy,0,0,False,False,False,False,False,0.0
2026-07-31T03:31:35Z,IN,705,41.733,-86.0057,72,Partly Cloudy,0,0,False,False,False,False,False,0.0
2026-07-31T03:31:35Z,IN,708,41.7472,-85.3285,69,Mostly Clear,0,0,False,False,False,False,False,0.0
2026-07-31T03:31:35Z,IN,707,41.7453,-85.3287,69,Mostly Clear,0,0,False,False,False,False,False,0.0
2026-07-31T03:31:35Z,IN,324,41.7353,-86.7933,69,Partly Cloudy,0,0,False,False,False,False,False,0.0
2026-07-31T03:31:35Z,KY,KY00065IS0000020N65WELCOM,36.6434,-86.5687,72,Partly Cloudy,0,0,False,False,False,False,False,0.0
2026-07-31T03:31:35Z,KY,KY00065IS000020NSMARATHON,36.6612,-86.5553,71,Partly Cloudy,0,2,False,False,False,False,False,0.0
2026-07-31T03:31:35Z,KY,KY00065IS0000340NWEIGHS34,36.6868,-86.5379,74,Partly Cloudy,0,2,False,False,False,False,False,0.0
2026-07-31T03:31:35Z,KY,KY00065IS0011400S65SRA114,37.9464,-85.6905,75,Partly Cloudy,0,1,False,False,False,False,False,0.0
2026-07-31T03:31:35Z,KY,KY00065IS0005900S65SRA059,37.239,-85.9297,73,Partly Cloudy,0,0,False,False,False,False,False,0.0
2026-07-31T03:31:35Z,KY,KY00065IS0005900N65NRA059,37.2384,-85.9271,73,Partly Cloudy,0,0,False,False,False,False,False,0.0
2026-07-31T03:31:35Z,KY,KY00075IS0003300NWEIGHS33,37.0422,-84.0968,70,Mostly Clear,0,1,False,False,False,False,False,0.0
2026-07-31T03:31:35Z,KY,KY00075IS0003400SWEIGHS34,37.048,-84.0997,68,Mostly Clear,0,1,False,False,False,False,False,0.0
2026-07-31T03:31:35Z,KY,KY00075IS0017700N75NRA177,38.937,-84.6309,71,Partly Cloudy,0,2,False,False,False,False,False,0.0
2026-07-31T03:31:35Z,KY,KY00075IS0007500SWALTONWS,38.8653,-84.6476,70,Partly Cloudy,0,1,False,False,False,False,False,0.0
2026-07-31T03:31:35Z,KY,KY00075IS0017700S75SRA177,38.9388,-84.6339,71,Partly Cloudy,0,2,False,False,False,False,False,0.0
2026-07-31T03:31:35Z,KY,KY00075IS0016800SCRITENWS,38.8196,-84.6015,72,Partly Cloudy,0,2,False,False,False,False,False,0.0
2026-07-31T03:31:35Z,KY,KY00075IS0000100N75WELCOM,36.6162,-84.1054,70,Mostly Clear,0,0,False,False,False,False,False,0.0
2026-07-31T03:48:12Z,IL,IL00055IN006400027,39.3465,-89.6408,74,Mostly Cloudy,0,3,False,False,False,False,False,0.0
2026-07-31T03:48:12Z,IL,IL00057IN011400033,38.5963,-88.9638,73,Mostly Cloudy,0,2,False,False,False,False,False,0.0
2026-07-31T03:48:12Z,IL,IL00055IN010400050,39.8627,-89.5948,73,Mostly Cloudy,1,5,False,False,False,False,False,0.0
2026-07-31T03:48:12Z,IL,IL00074IW006200004,40.8802,-90.0895,71,Partly Cloudy,1,3,False,False,False,False,False,0.0
2026-07-31T03:48:12Z,IL,IL00055IN019400031,40.8234,-88.6875,69,Mostly Cloudy,0,5,False,False,False,False,False,0.0
2026-07-31T03:48:12Z,IL,IL00070IW002700015,38.7884,-89.6889,76,Partly Cloudy,0,5,False,False,False,False,False,0.0
2026-07-31T03:48:12Z,IL,IL00057IS033300046,41.3918,-87.7749,72,Mostly Cloudy,0,0,False,False,False,False,False,0.0
2026-07-31T03:48:12Z,IL,IL00057IS026800022,40.5613,-88.0615,72,Mostly Cloudy,0,0,False,False,False,False,False,0.0
2026-07-31T03:48:12Z,IL,IL00055IN002700029,38.8649,-89.8532,76,Partly Cloudy,0,5,False,False,False,False,False,0.0
2026-07-31T03:48:12Z,IL,IL00064IE002500038,38.5481,-89.7731,77,Mostly Cloudy,0,3,False,False,False,False,False,0.0
2026-07-31T03:48:12Z,IL,IL00064IW008500012,38.2766,-88.8012,72,Mostly Cloudy,0,2,False,False,False,False,False,0.0
2026-07-31T03:48:12Z,IL,IL00074IW020800052,40.1298,-87.7441,70,Mostly Cloudy,0,1,False,False,False,False,False,0.0
2026-07-31T03:48:12Z,IL,IL00064IW013000053,38.2322,-87.9882,74,Partly Cloudy,0,1,False,False,False,False,False,0.0
2026-07-31T03:48:12Z,IL,IL00055IS002700019,38.8723,-89.8511,76,Partly Cloudy,0,5,False,False,False,False,False,0.0
2026-07-31T03:48:12Z,IL,IL00074IE015600037,40.2732,-88.6762,73,Partly Cloudy,0,5,False,False,False,False,False,0.0
2026-07-31T03:48:12Z,IL,IL00080IW005100013,41.3937,-89.5591,73,Mostly Cloudy,0,5,False,False,False,False,False,0.0
2026-07-31T03:48:12Z,IL,IL00055IS019400021,40.8371,-88.6833,69,Mostly Cloudy,0,5,False,False,False,False,False,0.0
2026-07-31T03:48:12Z,IL,IL00070IE002700042,38.7849,-89.7023,76,Mostly Cloudy,0,5,False,False,False,False,False,0.0
2026-07-31T03:48:12Z,IL,IL00080IE011700043,41.4314,-88.3454,72,Mostly Cloudy,0,5,False,False,False,False,False,0.0
2026-07-31T03:48:12Z,IL,IL00064IW002500011,38.5491,-89.7633,77,Mostly Cloudy,0,3,False,False,False,False,False,0.0
2026-07-31T03:48:12Z,IL,IL00080IE005100040,41.3938,-89.5665,73,Mostly Cloudy,0,5,False,False,False,False,False,0.0
2026-07-31T03:48:12Z,IL,IL00072IW015200014,39.9888,-88.7852,72,Partly Cloudy,0,5,False,False,False,False,False,0.0
2026-07-31T03:48:12Z,IL,IL00074IW002800020,41.2141,-90.3308,72,Mostly Cloudy,0,5,False,False,False,False,False,0.0
2026-07-31T03:48:12Z,IL,IL00055IN014900028,40.3599,-89.1099,71,Partly Cloudy,0,6,False,False,False,False,False,0.0
2026-07-31T03:48:12Z,IL,IL00057IS022200054,39.9314,-88.3043,71,Partly Cloudy,0,3,False,False,False,False,False,0.0
2026-07-31T03:48:12Z,IL,IL00070IE008600051,39.0651,-88.6745,70,Mostly Cloudy,0,3,False,False,False,False,False,0.0
2026-07-31T03:48:12Z,IL,IL00024IW003700010,37.1593,-88.6798,73,Mostly Cloudy,0,2,False,False,False,False,False,0.0
2026-07-31T03:48:12Z,IL,IL00055IS006400017,39.3523,-89.6447,74,Mostly Cloudy,0,3,False,False,False,False,False,0.0
2026-07-31T03:48:12Z,IL,IL00039IN008500036,41.7236,-89.0062,69,Mostly Cloudy,0,5,False,False,False,False,False,0.0
2026-07-31T03:48:12Z,IL,IL00057IN007900034,38.0297,-88.9203,76,Mostly Cloudy,0,3,False,False,False,False,False,0.0
2026-07-31T03:48:12Z,IL,IL00074IE002800030,41.2334,-90.333,72,Mostly Cloudy,0,5,False,False,False,False,False,0.0
2026-07-31T03:48:12Z,IL,IL00057IN033300049,41.3892,-87.7729,73,Mostly Cloudy,0,0,False,False,False,False,False,0.0
2026-07-31T03:48:12Z,IL,IL00072IE015200041,39.9923,-88.7827,72,Partly Cloudy,0,5,False,False,False,False,False,0.0
2026-07-31T03:48:12Z,IL,IL00064IE008500039,38.273,-88.8496,75,Mostly Cloudy,0,2,False,False,False,False,False,0.0
2026-07-31T03:48:12Z,IL,IL00057IS007900047,38.0962,-88.9138,78,Mostly Cloudy,0,3,False,False,False,False,False,0.0
2026-07-31T03:48:12Z,IL,IL00074IW015600009,40.2711,-88.6701,71,Mostly Cloudy,0,5,False,False,False,False,False,0.0
2026-07-31T03:48:12Z,IL,IL00080IW011700016,41.4473,-88.3285,71,Mostly Cloudy,0,5,False,False,False,False,False,0.0
2026-07-31T03:48:12Z,IL,IL00057IN022200048,39.9218,-88.299,71,Partly Cloudy,0,3,False,False,False,False,False,0.0
2026-07-31T03:48:12Z,IL,IL00039IS008500026,41.7285,-89.0105,69,Mostly Cloudy,0,5,False,False,False,False,False,0.0
2026-07-31T03:48:12Z,IL,IL00057IS011400023,38.5965,-88.9677,74,Mostly Cloudy,0,1,False,False,False,False,False,0.0
2026-07-31T03:48:12Z,IL,IL00057IN026800032,40.5505,-88.0605,72,Mostly Cloudy,0,0,False,False,False,False,False,0.0
2026-07-31T03:48:12Z,IL,IL00070IW008700045,39.0679,-88.6704,70,Mostly Cloudy,0,3,False,False,False,False,False,0.0
2026-07-31T03:48:12Z,IL,IL00057IS016500018,39.1993,-88.502,71,Mostly Cloudy,0,3,False,False,False,False,False,0.0
2026-07-31T03:48:12Z,IL,IL00074IE011400005,40.6125,-89.245,74,Partly Cloudy,0,5,False,False,False,False,False,0.0
2026-07-31T03:48:12Z,IL,IL00074IW011400006,40.6111,-89.2323,74,Partly Cloudy,0,5,False,False,False,False,False,0.0
2026-07-31T03:48:12Z,IL,IL00074IE006200001,40.8788,-90.0936,72,Partly Cloudy,1,3,False,False,False,False,False,0.0
2026-07-31T03:48:12Z,IL,IL00070IW014900008,39.4228,-87.6617,69,Partly Cloudy,0,2,False,False,False,False,False,0.0
2026-07-31T03:48:12Z,IL,IL00057IN016500044,39.1898,-88.5031,73,Mostly Cloudy,0,3,False,False,False,False,False,0.0
2026-07-31T03:48:12Z,IL,IL00055IS010400024,39.8871,-89.5966,74,Partly Cloudy,0,5,False,False,False,False,False,0.0
2026-07-31T03:48:12Z,IL,IL00057IS003200025,37.4699,-89.1329,76,Mostly Cloudy,0,2,False,False,False,False,False,0.0
2026-07-31T03:48:12Z,IL,IL00057IN003200035,37.4661,-89.1324,76,Mostly Cloudy,0,2,False,False,False,False,False,0.0
2026-07-31T03:48:12Z,IN,322,38.195,-87.8597,75,Partly Cloudy,0,1,False,False,False,False,False,0.0
2026-07-31T03:48:12Z,IN,317,38.5852,-85.7768,73,Partly Cloudy,0,1,False,False,False,False,False,0.0
2026-07-31T03:48:12Z,IN,316,38.5859,-85.7809,73,Partly Cloudy,0,1,False,False,False,False,False,0.0
2026-07-31T03:48:12Z,IN,315,39.2602,-85.9521,74,Partly Cloudy,0,0,False,False,False,False,False,0.0
2026-07-31T03:48:12Z,IN,314,39.2767,-85.9569,72,Mostly Cloudy,0,1,False,False,False,False,False,0.0
2026-07-31T03:48:12Z,IN,313,40.1578,-86.5387,73,Partly Cloudy,0,0,False,False,False,False,False,0.0
2026-07-31T03:48:12Z,IN,312,40.1722,-86.5522,72,Mostly Cloudy,0,0,False,False,False,False,False,0.0
2026-07-31T03:48:12Z,IN,311,40.6992,-87.0628,71,Mostly Cloudy,0,0,False,False,False,False,False,0.0
2026-07-31T03:48:12Z,IN,310,40.6984,-87.0646,71,Mostly Cloudy,0,0,False,False,False,False,False,0.0
2026-07-31T03:48:12Z,IN,308,41.1653,-87.271,71,Mostly Cloudy,0,0,False,False,False,False,False,0.0
2026-07-31T03:48:12Z,IN,309,41.1666,-87.2749,71,Mostly Cloudy,0,0,False,False,False,False,False,0.0
2026-07-31T03:48:12Z,IN,318,40.3543,-85.5576,69,Partly Cloudy,0,0,False,False,False,False,False,0.0
2026-07-31T03:48:12Z,IN,319,40.3569,-85.56,69,Partly Cloudy,0,0,False,False,False,False,False,0.0
2026-07-31T03:48:12Z,IN,320,41.2963,-85.0863,71,Partly Cloudy,0,5,False,False,False,False,False,0.0
2026-07-31T03:48:12Z,IN,321,41.5803,-85.0597,71,Partly Cloudy,0,5,False,False,False,False,False,0.0
2026-07-31T03:48:12Z,IN,300,39.4417,-87.5002,74,Partly Cloudy,0,1,False,False,False,False,False,0.0
2026-07-31T03:48:12Z,IN,302,39.6517,-86.3967,75,Mostly Cloudy,0,1,False,False,False,False,False,0.0
2026-07-31T03:48:12Z,IN,301,39.6541,-86.4005,75,Mostly Cloudy,0,1,False,False,False,False,False,0.0
2026-07-31T03:48:12Z,IN,303,39.8243,-85.7039,71,Partly Cloudy,0,0,False,False,False,False,False,0.0
2026-07-31T03:48:12Z,IN,304,39.8266,-85.704,71,Partly Cloudy,0,0,False,False,False,False,False,0.0
2026-07-31T03:48:12Z,IN,305,39.8605,-85.0259,71,Partly Cloudy,0,1,False,False,False,False,False,0.0
2026-07-31T03:48:12Z,IN,323,39.29,-85.1688,71,Partly Cloudy,0,1,False,False,False,False,False,0.0
2026-07-31T03:48:12Z,IN,702,41.7472,-85.3285,69,Mostly Clear,0,0,False,False,False,False,False,0.0
2026-07-31T03:48:12Z,IN,701,41.5889,-87.2173,72,Mostly Cloudy,0,5,False,False,False,False,False,0.0
2026-07-31T03:48:12Z,IN,704,41.7058,-86.6212,67,Partly Cloudy,0,0,False,False,False,False,False,0.0
2026-07-31T03:48:12Z,IN,703,41.7071,-86.6235,67,Partly Cloudy,0,0,False,False,False,False,False,0.0
2026-07-31T03:48:12Z,IN,705,41.733,-86.0057,71,Partly Cloudy,0,0,False,False,False,False,False,0.0
2026-07-31T03:48:12Z,IN,708,41.7472,-85.3285,69,Mostly Clear,0,0,False,False,False,False,False,0.0
2026-07-31T03:48:12Z,IN,707,41.7453,-85.3287,69,Mostly Clear,0,0,False,False,False,False,False,0.0
2026-07-31T03:48:12Z,IN,324,41.7353,-86.7933,69,Mostly Cloudy,0,5,False,False,False,False,False,0.0
2026-07-31T03:48:12Z,KY,KY00065IS0000020N65WELCOM,36.6434,-86.5687,72,Partly Cloudy,0,0,False,False,False,False,False,0.0
2026-07-31T03:48:12Z,KY,KY00065IS000020NSMARATHON,36.6612,-86.5553,71,Partly Cloudy,0,2,False,False,False,False,False,0.0
2026-07-31T03:48:12Z,KY,KY00065IS0000340NWEIGHS34,36.6868,-86.5379,74,Partly Cloudy,0,2,False,False,False,False,False,0.0
2026-07-31T03:48:12Z,KY,KY00065IS0011400S65SRA114,37.9464,-85.6905,73,Partly Cloudy,0,1,False,False,False,False,False,0.0
2026-07-31T03:48:12Z,KY,KY00065IS0005900S65SRA059,37.239,-85.9297,71,Partly Cloudy,0,0,False,False,False,False,False,0.0
2026-07-31T03:48:12Z,KY,KY00065IS0005900N65NRA059,37.2384,-85.9271,71,Partly Cloudy,0,0,False,False,False,False,False,0.0
2026-07-31T03:48:12Z,KY,KY00075IS0003300NWEIGHS33,37.0422,-84.0968,70,Mostly Clear,0,1,False,False,False,False,False,0.0
2026-07-31T03:48:12Z,KY,KY00075IS0003400SWEIGHS34,37.048,-84.0997,66,Mostly Clear,0,1,False,False,False,False,False,0.0
2026-07-31T03:48:12Z,KY,KY00075IS0017700N75NRA177,38.937,-84.6309,71,Partly Cloudy,0,2,False,False,False,False,False,0.0
2026-07-31T03:48:12Z,KY,KY00075IS0007500SWALTONWS,38.8653,-84.6476,70,Partly Cloudy,0,1,False,False,False,False,False,0.0
2026-07-31T03:48:12Z,KY,KY00075IS0017700S75SRA177,38.9388,-84.6339,71,Partly Cloudy,0,2,False,False,False,False,False,0.0
2026-07-31T03:48:12Z,KY,KY00075IS0016800SCRITENWS,38.8196,-84.6015,70,Partly Cloudy,0,2,False,False,False,False,False,0.0
2026-07-31T03:48:12Z,KY,KY00075IS0000100N75WELCOM,36.6162,-84.1054,70,Mostly Clear,0,0,False,False,False,False,False,0.0
