polled_at_utc,state,site_id,time_stamp,reported_available,capacity,trend,open,trust_data,low_threshold
2026-08-21T00:13:44Z,IL,IL00080IE011700043,2026-08-21T00:13:43Z,Unknown,31,Unknown,True,False,
2026-08-21T00:13:44Z,IL,IL00074IW020800052,2026-08-21T00:13:40Z,Unknown,0,Unknown,True,False,
2026-08-21T00:13:44Z,IL,IL00064IW013000053,2026-08-21T00:13:40Z,0,0,Unknown,False,False,
2026-08-21T00:13:44Z,IL,IL00080IW011700016,2026-08-21T00:13:40Z,Unknown,39,Unknown,True,False,
2026-08-21T00:13:44Z,IL,IL00057IS033300046,2026-08-21T00:13:40Z,Unknown,0,Unknown,True,False,
2026-08-21T00:13:44Z,IL,IL00057IS007900047,2026-08-21T00:13:40Z,Unknown,0,Unknown,True,False,
2026-08-21T00:13:44Z,IL,IL00055IN006400027,2026-08-21T00:13:41Z,Unknown,0,Unknown,True,False,
2026-08-21T00:13:44Z,IL,IL00055IN002700029,2026-08-21T00:13:41Z,Unknown,0,Unknown,True,False,
2026-08-21T00:13:44Z,IL,IL00057IN022200048,2026-08-21T00:13:41Z,Unknown,0,Unknown,True,False,
2026-08-21T00:13:44Z,IL,IL00055IN010400050,2026-08-21T00:13:41Z,0,0,Unknown,False,False,
2026-08-21T00:13:44Z,IL,IL00064IE008500039,2026-08-21T00:13:41Z,Unknown,0,Unknown,True,False,
2026-08-21T00:13:44Z,IL,IL00070IE002700042,2026-08-21T00:13:42Z,Unknown,0,Unknown,True,False,
2026-08-21T00:13:44Z,IL,IL00070IE008600051,2026-08-21T00:13:42Z,0,0,Unknown,False,False,
2026-08-21T00:13:44Z,IL,IL00064IW008500012,2026-08-21T00:13:40Z,Unknown,0,Unknown,True,False,
2026-08-21T00:13:44Z,IL,IL00080IW005100013,2026-08-21T00:13:40Z,Unknown,47,Unknown,True,False,
2026-08-21T00:13:44Z,IL,IL00057IS022200054,2026-08-21T00:13:40Z,Unknown,0,Unknown,True,False,
2026-08-21T00:13:44Z,IL,IL00055IS019400021,2026-08-21T00:13:40Z,Unknown,29,Unknown,True,False,
2026-08-21T00:13:44Z,IL,IL00057IS026800022,2026-08-21T00:13:40Z,Unknown,27,Unknown,True,False,
2026-08-21T00:13:44Z,IL,IL00055IN014900028,2026-08-21T00:13:41Z,Unknown,0,Unknown,True,False,
2026-08-21T00:13:44Z,IL,IL00074IE002800030,2026-08-21T00:13:41Z,Unknown,14,Unknown,True,False,
2026-08-21T00:13:44Z,IL,IL00055IN019400031,2026-08-21T00:13:41Z,Unknown,36,Unknown,True,False,
2026-08-21T00:13:44Z,IL,IL00057IN026800032,2026-08-21T00:13:41Z,Unknown,25,Unknown,True,False,
2026-08-21T00:13:44Z,IL,IL00039IN008500036,2026-08-21T00:13:41Z,Unknown,42,Unknown,True,False,
2026-08-21T00:13:44Z,IL,IL00064IE002500038,2026-08-21T00:13:41Z,Unknown,0,Unknown,True,False,
2026-08-21T00:13:44Z,IL,IL00057IS011400023,2026-08-21T00:13:40Z,Unknown,0,Unknown,True,False,
2026-08-21T00:13:44Z,IL,IL00039IS008500026,2026-08-21T00:13:41Z,Unknown,42,Unknown,True,False,
2026-08-21T00:13:44Z,IL,IL00057IN033300049,2026-08-21T00:13:41Z,Unknown,0,Unknown,True,False,
2026-08-21T00:13:44Z,IL,IL00057IN007900034,2026-08-21T00:13:41Z,Unknown,0,Unknown,True,False,
2026-08-21T00:13:44Z,IL,IL00024IW003700010,2026-08-21T00:13:40Z,Unknown,0,Unknown,True,False,
2026-08-21T00:13:44Z,IL,IL00055IS002700019,2026-08-21T00:13:40Z,Unknown,0,Unknown,True,False,
2026-08-21T00:13:44Z,IL,IL00072IE015200041,2026-08-21T00:13:42Z,9,16,FILLING,True,True,
2026-08-21T00:13:44Z,IL,IL00070IW002700015,2026-08-21T00:13:40Z,Unknown,0,Unknown,True,False,
2026-08-21T00:13:44Z,IL,IL00057IN011400033,2026-08-21T00:13:41Z,Unknown,0,Unknown,True,False,
2026-08-21T00:13:44Z,IL,IL00074IW015600009,2026-08-21T00:13:40Z,0,0,Unknown,False,False,
2026-08-21T00:13:44Z,IL,IL00072IW015200014,2026-08-21T00:13:40Z,Unknown,17,Unknown,True,False,
2026-08-21T00:13:44Z,IL,IL00074IE015600037,2026-08-21T00:13:41Z,0,0,Unknown,False,False,
2026-08-21T00:13:44Z,IL,IL00064IW002500011,2026-08-21T00:13:40Z,Unknown,0,Unknown,True,False,
2026-08-21T00:13:44Z,IL,IL00074IW002800020,2026-08-21T00:13:40Z,Unknown,15,Unknown,True,False,
2026-08-21T00:13:44Z,IL,IL00080IE005100040,2026-08-21T00:13:41Z,Unknown,39,Unknown,True,False,
2026-08-21T00:13:44Z,IL,IL00055IS006400017,2026-08-21T00:13:40Z,Unknown,0,Unknown,True,False,
2026-08-21T00:13:44Z,IL,IL00074IE011400005,2026-08-21T00:13:41Z,Unknown,25,Unknown,True,False,
2026-08-21T00:13:44Z,IL,IL00074IW006200004,2026-08-21T00:13:43Z,8,12,STEADY,True,True,
2026-08-21T00:13:44Z,IL,IL00070IW008700045,2026-08-21T00:13:40Z,2,15,CLEARING,True,True,
2026-08-21T00:13:44Z,IL,IL00057IS016500018,2026-08-21T00:13:40Z,1,15,FILLING,True,True,
2026-08-21T00:13:44Z,IL,IL00074IW011400006,2026-08-21T00:13:40Z,2,18,FILLING,True,True,
2026-08-21T00:13:44Z,IL,IL00074IE006200001,2026-08-21T00:13:42Z,8,13,STEADY,True,True,
2026-08-21T00:13:44Z,IL,IL00070IW014900008,2026-08-21T00:13:17Z,Unknown,39,Unknown,True,False,
2026-08-21T00:13:44Z,IL,IL00057IN016500044,2026-08-21T00:13:41Z,0,15,STEADY,False,False,
2026-08-21T00:13:44Z,IL,IL00055IS010400024,2026-08-21T00:13:40Z,Unknown,0,STEADY,,False,
2026-08-21T00:13:44Z,IL,IL00057IS003200025,2026-08-21T00:13:40Z,Unknown,0,STEADY,,False,
2026-08-21T00:13:44Z,IL,IL00057IN003200035,2026-08-21T00:13:41Z,Unknown,17,STEADY,,False,
2026-08-21T00:13:44Z,IN,322,2026-08-20T20:00:00-04:00,69,75,,True,false,
2026-08-21T00:13:44Z,IN,317,2026-08-20T20:00:00-04:00,18,58,,True,true,
2026-08-21T00:13:44Z,IN,316,2026-08-20T20:00:00-04:00,46,58,,True,false,
2026-08-21T00:13:44Z,IN,315,2026-08-20T20:00:00-04:00,Unknown,36,,False,true,
2026-08-21T00:13:44Z,IN,314,2026-08-20T20:00:00-04:00,Unknown,36,,False,true,
2026-08-21T00:13:44Z,IN,313,2026-08-20T20:00:00-04:00,LOW,75,,True,true,
2026-08-21T00:13:44Z,IN,312,2026-08-20T20:00:00-04:00,LOW,75,,True,true,
2026-08-21T00:13:44Z,IN,311,2026-08-20T20:00:00-04:00,Unknown,13,,False,true,
2026-08-21T00:13:44Z,IN,310,2026-08-20T20:00:00-04:00,Unknown,13,,False,true,
2026-08-21T00:13:44Z,IN,308,2026-08-20T20:00:00-04:00,35,75,,True,true,
2026-08-21T00:13:44Z,IN,309,2026-08-20T20:00:00-04:00,110,150,,True,true,
2026-08-21T00:13:44Z,IN,318,2026-08-20T20:00:00-04:00,21,78,,True,true,
2026-08-21T00:13:44Z,IN,319,2026-08-20T20:00:00-04:00,15,78,,True,true,
2026-08-21T00:13:44Z,IN,320,2026-08-20T20:00:00-04:00,43,83,,True,true,
2026-08-21T00:13:44Z,IN,321,2026-08-20T20:00:00-04:00,21,41,,True,false,
2026-08-21T00:13:44Z,IN,300,2026-08-20T20:00:00-04:00,87,128,,True,false,
2026-08-21T00:13:44Z,IN,302,2026-08-20T20:00:00-04:00,LOW,30,,True,true,
2026-08-21T00:13:44Z,IN,301,2026-08-20T20:00:00-04:00,LOW,30,,True,true,
2026-08-21T00:13:44Z,IN,303,2026-08-20T20:00:00-04:00,94,194,,True,true,
2026-08-21T00:13:44Z,IN,304,2026-08-20T20:00:00-04:00,19,99,,True,true,
2026-08-21T00:13:44Z,IN,305,2026-08-20T20:00:00-04:00,Unknown,156,,False,true,
2026-08-21T00:13:44Z,IN,323,2026-08-20T20:00:00-04:00,20,40,,True,true,
2026-08-21T00:13:44Z,IN,702,2026-08-20T20:00:00-04:00,38,75,,True,false,
2026-08-21T00:13:44Z,IN,701,2026-08-20T20:00:00-04:00,30,60,,True,false,
2026-08-21T00:13:44Z,IN,704,2026-08-20T20:00:00-04:00,40,80,,True,false,
2026-08-21T00:13:44Z,IN,703,2026-08-20T20:00:00-04:00,55,110,,True,false,
2026-08-21T00:13:44Z,IN,706,2026-08-20T20:00:00-04:00,35,70,,True,false,
2026-08-21T00:13:44Z,IN,705,2026-08-20T20:00:00-04:00,30,60,,True,false,
2026-08-21T00:13:44Z,IN,708,2026-08-20T20:00:00-04:00,23,45,,True,false,
2026-08-21T00:13:44Z,IN,707,2026-08-20T20:00:00-04:00,20,40,,True,false,
2026-08-21T00:13:44Z,IN,324,2026-08-20T20:00:00-04:00,16,31,,True,true,
2026-08-21T00:13:44Z,KY,KY00065IS0000020N65WELCOM,2026-08-21T00:12:02Z,LOW,21,STEADY,True,True,
2026-08-21T00:13:44Z,KY,KY00065IS000020NSMARATHON,2025-12-19T00:36:53Z,32,60,STEADY,True,False,
2026-08-21T00:13:44Z,KY,KY00065IS0000340NWEIGHS34,2026-07-01T19:04:41Z,35,40,STEADY,True,False,
2026-08-21T00:13:44Z,KY,KY00065IS0011400S65SRA114,2026-08-21T00:12:10Z,LOW,26,STEADY,True,True,
2026-08-21T00:13:44Z,KY,KY00065IS0005900S65SRA059,2026-08-21T00:12:07Z,94,109,FILLING,True,True,
2026-08-21T00:13:44Z,KY,KY00065IS0005900N65NRA059,2026-08-17T17:24:33Z,92,113,STEADY,True,False,
2026-08-21T00:13:44Z,KY,KY00075IS0003300NWEIGHS33,2026-08-21T00:11:46Z,50,50,STEADY,True,False,
2026-08-21T00:13:44Z,KY,KY00075IS0003400SWEIGHS34,2026-08-21T00:11:50Z,LOW,40,STEADY,True,True,
2026-08-21T00:13:44Z,KY,KY00075IS0017700N75NRA177,2026-07-13T10:37:14Z,LOW,53,CLEARING,True,False,
2026-08-21T00:13:44Z,KY,KY00075IS0007500SWALTONWS,2026-08-21T00:11:56Z,38,45,STEADY,True,True,
2026-08-21T00:13:44Z,KY,KY00075IS0017700S75SRA177,2026-08-21T00:11:48Z,LOW,67,STEADY,True,True,
2026-08-21T00:13:44Z,KY,KY00075IS0016800SCRITENWS,2026-08-21T00:11:52Z,32,39,CLEARING,True,True,
2026-08-21T00:13:44Z,KY,KY00075IS0000100N75WELCOM,2026-08-21T00:12:12Z,LOW,30,STEADY,True,True,
2026-08-21T00:28:44Z,IL,IL00072IE015200041,2026-08-21T00:24:50Z,12,16,CLEARING,True,True,
2026-08-21T00:28:44Z,IL,IL00064IE002500038,2026-08-21T00:28:31Z,Unknown,0,Unknown,True,False,
2026-08-21T00:28:44Z,IL,IL00057IS033300046,2026-08-21T00:28:31Z,Unknown,0,Unknown,True,False,
2026-08-21T00:28:44Z,IL,IL00070IW002700015,2026-08-21T00:28:31Z,Unknown,0,Unknown,True,False,
2026-08-21T00:28:44Z,IL,IL00080IE011700043,2026-08-21T00:28:31Z,Unknown,31,Unknown,True,False,
2026-08-21T00:28:44Z,IL,IL00064IW013000053,2026-08-21T00:28:31Z,0,0,Unknown,False,False,
2026-08-21T00:28:44Z,IL,IL00057IN022200048,2026-08-21T00:28:31Z,Unknown,0,Unknown,True,False,
2026-08-21T00:28:44Z,IL,IL00074IW020800052,2026-08-21T00:28:31Z,Unknown,0,Unknown,True,False,
2026-08-21T00:28:44Z,IL,IL00055IS002700019,2026-08-21T00:28:31Z,Unknown,0,Unknown,True,False,
2026-08-21T00:28:44Z,IL,IL00080IW005100013,2026-08-21T00:28:32Z,Unknown,47,Unknown,True,False,
2026-08-21T00:28:44Z,IL,IL00039IS008500026,2026-08-21T00:28:32Z,Unknown,42,Unknown,True,False,
2026-08-21T00:28:44Z,IL,IL00055IN014900028,2026-08-21T00:28:32Z,Unknown,0,Unknown,True,False,
2026-08-21T00:28:44Z,IL,IL00057IN033300049,2026-08-21T00:28:32Z,Unknown,0,Unknown,True,False,
2026-08-21T00:28:44Z,IL,IL00055IN010400050,2026-08-21T00:28:32Z,0,0,Unknown,False,False,
2026-08-21T00:28:44Z,IL,IL00055IN006400027,2026-08-21T00:28:32Z,Unknown,0,Unknown,True,False,
2026-08-21T00:28:44Z,IL,IL00057IN026800032,2026-08-21T00:28:32Z,Unknown,25,Unknown,True,False,
2026-08-21T00:28:44Z,IL,IL00064IE008500039,2026-08-21T00:28:32Z,Unknown,0,Unknown,True,False,
2026-08-21T00:28:44Z,IL,IL00057IS007900047,2026-08-21T00:28:32Z,Unknown,0,Unknown,True,False,
2026-08-21T00:28:44Z,IL,IL00057IS011400023,2026-08-21T00:28:32Z,Unknown,0,Unknown,True,False,
2026-08-21T00:28:44Z,IL,IL00055IS019400021,2026-08-21T00:28:33Z,Unknown,29,Unknown,True,False,
2026-08-21T00:28:44Z,IL,IL00074IE002800030,2026-08-21T00:28:33Z,Unknown,14,Unknown,True,False,
2026-08-21T00:28:44Z,IL,IL00057IN007900034,2026-08-21T00:28:33Z,Unknown,0,Unknown,True,False,
2026-08-21T00:28:44Z,IL,IL00070IE002700042,2026-08-21T00:28:33Z,Unknown,0,Unknown,True,False,
2026-08-21T00:28:44Z,IL,IL00024IW003700010,2026-08-21T00:28:33Z,Unknown,0,Unknown,True,False,
2026-08-21T00:28:44Z,IL,IL00057IS022200054,2026-08-21T00:28:32Z,Unknown,0,Unknown,True,False,
2026-08-21T00:28:44Z,IL,IL00074IE015600037,2026-08-21T00:28:32Z,0,0,Unknown,False,False,
2026-08-21T00:28:44Z,IL,IL00057IN011400033,2026-08-21T00:28:32Z,Unknown,0,Unknown,True,False,
2026-08-21T00:28:44Z,IL,IL00064IW008500012,2026-08-21T00:28:32Z,Unknown,0,Unknown,True,False,
2026-08-21T00:28:44Z,IL,IL00039IN008500036,2026-08-21T00:28:32Z,Unknown,42,Unknown,True,False,
2026-08-21T00:28:44Z,IL,IL00055IN019400031,2026-08-21T00:28:32Z,Unknown,36,Unknown,True,False,
2026-08-21T00:28:44Z,IL,IL00074IW015600009,2026-08-21T00:28:32Z,0,0,Unknown,False,False,
2026-08-21T00:28:44Z,IL,IL00057IS026800022,2026-08-21T00:28:32Z,Unknown,27,Unknown,True,False,
2026-08-21T00:28:44Z,IL,IL00080IW011700016,2026-08-21T00:28:32Z,Unknown,39,Unknown,True,False,
2026-08-21T00:28:44Z,IL,IL00070IE008600051,2026-08-21T00:28:32Z,0,0,Unknown,False,False,
2026-08-21T00:28:44Z,IL,IL00072IW015200014,2026-08-21T00:28:32Z,Unknown,17,Unknown,True,False,
2026-08-21T00:28:44Z,IL,IL00055IN002700029,2026-08-21T00:28:32Z,Unknown,0,Unknown,True,False,
2026-08-21T00:28:44Z,IL,IL00064IW002500011,2026-08-21T00:28:33Z,Unknown,0,Unknown,True,False,
2026-08-21T00:28:44Z,IL,IL00074IW002800020,2026-08-21T00:28:33Z,Unknown,15,Unknown,True,False,
2026-08-21T00:28:44Z,IL,IL00080IE005100040,2026-08-21T00:28:33Z,Unknown,39,Unknown,True,False,
2026-08-21T00:28:44Z,IL,IL00055IS006400017,2026-08-21T00:28:33Z,Unknown,0,Unknown,True,False,
2026-08-21T00:28:44Z,IL,IL00074IE011400005,2026-08-21T00:28:39Z,Unknown,25,Unknown,True,False,
2026-08-21T00:28:44Z,IL,IL00074IW006200004,2026-08-21T00:28:40Z,7,12,FILLING,True,True,
2026-08-21T00:28:44Z,IL,IL00070IW008700045,2026-08-21T00:26:09Z,2,15,STEADY,True,True,
2026-08-21T00:28:44Z,IL,IL00057IS016500018,2026-08-21T00:26:12Z,2,15,CLEARING,True,True,
2026-08-21T00:28:44Z,IL,IL00074IW011400006,2026-08-21T00:28:42Z,3,18,STEADY,True,True,
2026-08-21T00:28:44Z,IL,IL00074IE006200001,2026-08-21T00:28:43Z,8,13,STEADY,True,True,
2026-08-21T00:28:44Z,IL,IL00070IW014900008,2026-08-21T00:28:21Z,Unknown,39,Unknown,True,False,
2026-08-21T00:28:44Z,IL,IL00057IN016500044,2026-08-21T00:24:43Z,0,15,STEADY,False,False,
2026-08-21T00:28:44Z,IL,IL00055IS010400024,2026-08-21T00:24:43Z,Unknown,0,STEADY,,False,
2026-08-21T00:28:44Z,IL,IL00057IS003200025,2026-08-21T00:24:43Z,Unknown,0,STEADY,,False,
2026-08-21T00:28:44Z,IL,IL00057IN003200035,2026-08-21T00:24:44Z,Unknown,17,STEADY,,False,
2026-08-21T00:28:44Z,IN,322,2026-08-20T20:15:00-04:00,72,75,,True,false,
2026-08-21T00:28:44Z,IN,317,2026-08-20T20:15:00-04:00,19,58,,True,true,
2026-08-21T00:28:44Z,IN,316,2026-08-20T20:15:00-04:00,44,58,,True,false,
2026-08-21T00:28:44Z,IN,315,2026-08-20T20:15:00-04:00,Unknown,36,,False,true,
2026-08-21T00:28:44Z,IN,314,2026-08-20T20:15:00-04:00,Unknown,36,,False,true,
2026-08-21T00:28:44Z,IN,313,2026-08-20T20:15:00-04:00,9,75,,True,true,
2026-08-21T00:28:44Z,IN,312,2026-08-20T20:15:00-04:00,LOW,75,,True,true,
2026-08-21T00:28:44Z,IN,311,2026-08-20T20:15:00-04:00,Unknown,13,,False,true,
2026-08-21T00:28:44Z,IN,310,2026-08-20T20:15:00-04:00,Unknown,13,,False,true,
2026-08-21T00:28:44Z,IN,308,2026-08-20T20:15:00-04:00,32,75,,True,true,
2026-08-21T00:28:44Z,IN,309,2026-08-20T20:15:00-04:00,93,150,,True,true,
2026-08-21T00:28:44Z,IN,318,2026-08-20T20:15:00-04:00,13,78,,True,true,
2026-08-21T00:28:44Z,IN,319,2026-08-20T20:15:00-04:00,14,78,,True,true,
2026-08-21T00:28:44Z,IN,320,2026-08-20T20:15:00-04:00,43,83,,True,true,
2026-08-21T00:28:44Z,IN,321,2026-08-20T20:15:00-04:00,21,41,,True,false,
2026-08-21T00:28:44Z,IN,300,2026-08-20T20:15:00-04:00,83,128,,True,false,
2026-08-21T00:28:44Z,IN,302,2026-08-20T20:15:00-04:00,LOW,30,,True,true,
2026-08-21T00:28:44Z,IN,301,2026-08-20T20:15:00-04:00,LOW,30,,True,true,
2026-08-21T00:28:44Z,IN,303,2026-08-20T20:15:00-04:00,86,194,,True,true,
2026-08-21T00:28:44Z,IN,304,2026-08-20T20:15:00-04:00,LOW,99,,True,true,
2026-08-21T00:28:44Z,IN,305,2026-08-20T20:15:00-04:00,Unknown,156,,False,true,
2026-08-21T00:28:44Z,IN,323,2026-08-20T20:15:00-04:00,20,40,,True,true,
2026-08-21T00:28:44Z,IN,702,2026-08-20T20:15:00-04:00,38,75,,True,false,
2026-08-21T00:28:44Z,IN,701,2026-08-20T20:15:00-04:00,30,60,,True,false,
2026-08-21T00:28:44Z,IN,704,2026-08-20T20:15:00-04:00,40,80,,True,false,
2026-08-21T00:28:44Z,IN,703,2026-08-20T20:15:00-04:00,55,110,,True,false,
2026-08-21T00:28:44Z,IN,706,2026-08-20T20:15:00-04:00,35,70,,True,false,
2026-08-21T00:28:44Z,IN,705,2026-08-20T20:15:00-04:00,30,60,,True,false,
2026-08-21T00:28:44Z,IN,708,2026-08-20T20:15:00-04:00,23,45,,True,false,
2026-08-21T00:28:44Z,IN,707,2026-08-20T20:15:00-04:00,20,40,,True,false,
2026-08-21T00:28:44Z,IN,324,2026-08-20T20:15:00-04:00,16,31,,True,true,
2026-08-21T00:28:44Z,KY,KY00065IS0000020N65WELCOM,2026-08-21T00:27:01Z,LOW,21,STEADY,True,True,
2026-08-21T00:28:44Z,KY,KY00065IS000020NSMARATHON,2025-12-19T00:36:53Z,32,60,STEADY,True,False,
2026-08-21T00:28:44Z,KY,KY00065IS0000340NWEIGHS34,2026-07-01T19:04:41Z,35,40,STEADY,True,False,
2026-08-21T00:28:44Z,KY,KY00065IS0011400S65SRA114,2026-08-21T00:27:10Z,LOW,26,STEADY,True,True,
2026-08-21T00:28:44Z,KY,KY00065IS0005900S65SRA059,2026-08-21T00:27:07Z,90,109,FILLING,True,True,
2026-08-21T00:28:44Z,KY,KY00065IS0005900N65NRA059,2026-08-17T17:24:33Z,92,113,STEADY,True,False,
2026-08-21T00:28:44Z,KY,KY00075IS0003300NWEIGHS33,2026-08-21T00:26:46Z,50,50,STEADY,True,False,
2026-08-21T00:28:44Z,KY,KY00075IS0003400SWEIGHS34,2026-08-21T00:26:50Z,LOW,40,STEADY,True,True,
2026-08-21T00:28:44Z,KY,KY00075IS0017700N75NRA177,2026-07-13T10:37:14Z,LOW,53,CLEARING,True,False,
2026-08-21T00:28:44Z,KY,KY00075IS0007500SWALTONWS,2026-08-21T00:26:56Z,37,45,STEADY,True,True,
2026-08-21T00:28:44Z,KY,KY00075IS0017700S75SRA177,2026-08-21T00:26:48Z,LOW,67,STEADY,True,True,
2026-08-21T00:28:44Z,KY,KY00075IS0016800SCRITENWS,2026-08-21T00:26:52Z,31,39,FILLING,True,True,
2026-08-21T00:28:44Z,KY,KY00075IS0000100N75WELCOM,2026-08-21T00:27:12Z,LOW,30,STEADY,True,True,
2026-08-21T00:28:49Z,IL,IL00072IE015200041,2026-08-21T00:24:50Z,12,16,CLEARING,True,True,
2026-08-21T00:28:49Z,IL,IL00064IE002500038,2026-08-21T00:28:31Z,Unknown,0,Unknown,True,False,
2026-08-21T00:28:49Z,IL,IL00057IS033300046,2026-08-21T00:28:31Z,Unknown,0,Unknown,True,False,
2026-08-21T00:28:49Z,IL,IL00070IW002700015,2026-08-21T00:28:31Z,Unknown,0,Unknown,True,False,
2026-08-21T00:28:49Z,IL,IL00080IE011700043,2026-08-21T00:28:31Z,Unknown,31,Unknown,True,False,
2026-08-21T00:28:49Z,IL,IL00064IW013000053,2026-08-21T00:28:31Z,0,0,Unknown,False,False,
2026-08-21T00:28:49Z,IL,IL00057IN022200048,2026-08-21T00:28:31Z,Unknown,0,Unknown,True,False,
2026-08-21T00:28:49Z,IL,IL00074IW020800052,2026-08-21T00:28:31Z,Unknown,0,Unknown,True,False,
2026-08-21T00:28:49Z,IL,IL00055IS002700019,2026-08-21T00:28:31Z,Unknown,0,Unknown,True,False,
2026-08-21T00:28:49Z,IL,IL00080IW005100013,2026-08-21T00:28:32Z,Unknown,47,Unknown,True,False,
2026-08-21T00:28:49Z,IL,IL00039IS008500026,2026-08-21T00:28:32Z,Unknown,42,Unknown,True,False,
2026-08-21T00:28:49Z,IL,IL00055IN014900028,2026-08-21T00:28:32Z,Unknown,0,Unknown,True,False,
2026-08-21T00:28:49Z,IL,IL00057IN033300049,2026-08-21T00:28:32Z,Unknown,0,Unknown,True,False,
2026-08-21T00:28:49Z,IL,IL00055IN010400050,2026-08-21T00:28:32Z,0,0,Unknown,False,False,
2026-08-21T00:28:49Z,IL,IL00055IN006400027,2026-08-21T00:28:32Z,Unknown,0,Unknown,True,False,
2026-08-21T00:28:49Z,IL,IL00057IN026800032,2026-08-21T00:28:32Z,Unknown,25,Unknown,True,False,
2026-08-21T00:28:49Z,IL,IL00064IE008500039,2026-08-21T00:28:32Z,Unknown,0,Unknown,True,False,
2026-08-21T00:28:49Z,IL,IL00057IS007900047,2026-08-21T00:28:32Z,Unknown,0,Unknown,True,False,
2026-08-21T00:28:49Z,IL,IL00057IS011400023,2026-08-21T00:28:32Z,Unknown,0,Unknown,True,False,
2026-08-21T00:28:49Z,IL,IL00055IS019400021,2026-08-21T00:28:33Z,Unknown,29,Unknown,True,False,
2026-08-21T00:28:49Z,IL,IL00074IE002800030,2026-08-21T00:28:33Z,Unknown,14,Unknown,True,False,
2026-08-21T00:28:49Z,IL,IL00057IN007900034,2026-08-21T00:28:33Z,Unknown,0,Unknown,True,False,
2026-08-21T00:28:49Z,IL,IL00070IE002700042,2026-08-21T00:28:33Z,Unknown,0,Unknown,True,False,
2026-08-21T00:28:49Z,IL,IL00024IW003700010,2026-08-21T00:28:33Z,Unknown,0,Unknown,True,False,
2026-08-21T00:28:49Z,IL,IL00057IS022200054,2026-08-21T00:28:32Z,Unknown,0,Unknown,True,False,
2026-08-21T00:28:49Z,IL,IL00074IE015600037,2026-08-21T00:28:32Z,0,0,Unknown,False,False,
2026-08-21T00:28:49Z,IL,IL00057IN011400033,2026-08-21T00:28:32Z,Unknown,0,Unknown,True,False,
2026-08-21T00:28:49Z,IL,IL00064IW008500012,2026-08-21T00:28:32Z,Unknown,0,Unknown,True,False,
2026-08-21T00:28:49Z,IL,IL00039IN008500036,2026-08-21T00:28:32Z,Unknown,42,Unknown,True,False,
2026-08-21T00:28:49Z,IL,IL00055IN019400031,2026-08-21T00:28:32Z,Unknown,36,Unknown,True,False,
2026-08-21T00:28:49Z,IL,IL00074IW015600009,2026-08-21T00:28:32Z,0,0,Unknown,False,False,
2026-08-21T00:28:49Z,IL,IL00057IS026800022,2026-08-21T00:28:32Z,Unknown,27,Unknown,True,False,
2026-08-21T00:28:49Z,IL,IL00080IW011700016,2026-08-21T00:28:32Z,Unknown,39,Unknown,True,False,
2026-08-21T00:28:49Z,IL,IL00070IE008600051,2026-08-21T00:28:32Z,0,0,Unknown,False,False,
2026-08-21T00:28:49Z,IL,IL00072IW015200014,2026-08-21T00:28:32Z,Unknown,17,Unknown,True,False,
2026-08-21T00:28:49Z,IL,IL00055IN002700029,2026-08-21T00:28:32Z,Unknown,0,Unknown,True,False,
2026-08-21T00:28:49Z,IL,IL00064IW002500011,2026-08-21T00:28:33Z,Unknown,0,Unknown,True,False,
2026-08-21T00:28:49Z,IL,IL00074IW002800020,2026-08-21T00:28:33Z,Unknown,15,Unknown,True,False,
2026-08-21T00:28:49Z,IL,IL00080IE005100040,2026-08-21T00:28:33Z,Unknown,39,Unknown,True,False,
2026-08-21T00:28:49Z,IL,IL00055IS006400017,2026-08-21T00:28:33Z,Unknown,0,Unknown,True,False,
2026-08-21T00:28:49Z,IL,IL00074IE011400005,2026-08-21T00:28:39Z,Unknown,25,Unknown,True,False,
2026-08-21T00:28:49Z,IL,IL00074IW006200004,2026-08-21T00:28:40Z,7,12,FILLING,True,True,
2026-08-21T00:28:49Z,IL,IL00070IW008700045,2026-08-21T00:26:09Z,2,15,STEADY,True,True,
2026-08-21T00:28:49Z,IL,IL00057IS016500018,2026-08-21T00:26:12Z,2,15,CLEARING,True,True,
2026-08-21T00:28:49Z,IL,IL00074IW011400006,2026-08-21T00:28:42Z,3,18,STEADY,True,True,
2026-08-21T00:28:49Z,IL,IL00074IE006200001,2026-08-21T00:28:43Z,8,13,STEADY,True,True,
2026-08-21T00:28:49Z,IL,IL00070IW014900008,2026-08-21T00:28:21Z,Unknown,39,Unknown,True,False,
2026-08-21T00:28:49Z,IL,IL00057IN016500044,2026-08-21T00:28:46Z,0,15,FILLING,False,False,
2026-08-21T00:28:49Z,IL,IL00055IS010400024,2026-08-21T00:24:43Z,Unknown,0,STEADY,,False,
2026-08-21T00:28:49Z,IL,IL00057IS003200025,2026-08-21T00:24:43Z,Unknown,0,STEADY,,False,
2026-08-21T00:28:49Z,IL,IL00057IN003200035,2026-08-21T00:24:44Z,Unknown,17,STEADY,,False,
2026-08-21T00:28:49Z,IN,322,2026-08-20T20:15:00-04:00,72,75,,True,false,
2026-08-21T00:28:49Z,IN,317,2026-08-20T20:15:00-04:00,19,58,,True,true,
2026-08-21T00:28:49Z,IN,316,2026-08-20T20:15:00-04:00,44,58,,True,false,
2026-08-21T00:28:49Z,IN,315,2026-08-20T20:15:00-04:00,Unknown,36,,False,true,
2026-08-21T00:28:49Z,IN,314,2026-08-20T20:15:00-04:00,Unknown,36,,False,true,
2026-08-21T00:28:49Z,IN,313,2026-08-20T20:15:00-04:00,9,75,,True,true,
2026-08-21T00:28:49Z,IN,312,2026-08-20T20:15:00-04:00,LOW,75,,True,true,
2026-08-21T00:28:49Z,IN,311,2026-08-20T20:15:00-04:00,Unknown,13,,False,true,
2026-08-21T00:28:49Z,IN,310,2026-08-20T20:15:00-04:00,Unknown,13,,False,true,
2026-08-21T00:28:49Z,IN,308,2026-08-20T20:15:00-04:00,32,75,,True,true,
2026-08-21T00:28:49Z,IN,309,2026-08-20T20:15:00-04:00,93,150,,True,true,
2026-08-21T00:28:49Z,IN,318,2026-08-20T20:15:00-04:00,13,78,,True,true,
2026-08-21T00:28:49Z,IN,319,2026-08-20T20:15:00-04:00,14,78,,True,true,
2026-08-21T00:28:49Z,IN,320,2026-08-20T20:15:00-04:00,43,83,,True,true,
2026-08-21T00:28:49Z,IN,321,2026-08-20T20:15:00-04:00,21,41,,True,false,
2026-08-21T00:28:49Z,IN,300,2026-08-20T20:15:00-04:00,83,128,,True,false,
2026-08-21T00:28:49Z,IN,302,2026-08-20T20:15:00-04:00,LOW,30,,True,true,
2026-08-21T00:28:49Z,IN,301,2026-08-20T20:15:00-04:00,LOW,30,,True,true,
2026-08-21T00:28:49Z,IN,303,2026-08-20T20:15:00-04:00,86,194,,True,true,
2026-08-21T00:28:49Z,IN,304,2026-08-20T20:15:00-04:00,LOW,99,,True,true,
2026-08-21T00:28:49Z,IN,305,2026-08-20T20:15:00-04:00,Unknown,156,,False,true,
2026-08-21T00:28:49Z,IN,323,2026-08-20T20:15:00-04:00,20,40,,True,true,
2026-08-21T00:28:49Z,IN,702,2026-08-20T20:15:00-04:00,38,75,,True,false,
2026-08-21T00:28:49Z,IN,701,2026-08-20T20:15:00-04:00,30,60,,True,false,
2026-08-21T00:28:49Z,IN,704,2026-08-20T20:15:00-04:00,40,80,,True,false,
2026-08-21T00:28:49Z,IN,703,2026-08-20T20:15:00-04:00,55,110,,True,false,
2026-08-21T00:28:49Z,IN,706,2026-08-20T20:15:00-04:00,35,70,,True,false,
2026-08-21T00:28:49Z,IN,705,2026-08-20T20:15:00-04:00,30,60,,True,false,
2026-08-21T00:28:49Z,IN,708,2026-08-20T20:15:00-04:00,23,45,,True,false,
2026-08-21T00:28:49Z,IN,707,2026-08-20T20:15:00-04:00,20,40,,True,false,
2026-08-21T00:28:49Z,IN,324,2026-08-20T20:15:00-04:00,16,31,,True,true,
2026-08-21T00:28:49Z,KY,KY00065IS0000020N65WELCOM,2026-08-21T00:27:01Z,LOW,21,STEADY,True,True,
2026-08-21T00:28:49Z,KY,KY00065IS000020NSMARATHON,2025-12-19T00:36:53Z,32,60,STEADY,True,False,
2026-08-21T00:28:49Z,KY,KY00065IS0000340NWEIGHS34,2026-07-01T19:04:41Z,35,40,STEADY,True,False,
2026-08-21T00:28:49Z,KY,KY00065IS0011400S65SRA114,2026-08-21T00:27:10Z,LOW,26,STEADY,True,True,
2026-08-21T00:28:49Z,KY,KY00065IS0005900S65SRA059,2026-08-21T00:27:07Z,90,109,FILLING,True,True,
2026-08-21T00:28:49Z,KY,KY00065IS0005900N65NRA059,2026-08-17T17:24:33Z,92,113,STEADY,True,False,
2026-08-21T00:28:49Z,KY,KY00075IS0003300NWEIGHS33,2026-08-21T00:26:46Z,50,50,STEADY,True,False,
2026-08-21T00:28:49Z,KY,KY00075IS0003400SWEIGHS34,2026-08-21T00:26:50Z,LOW,40,STEADY,True,True,
2026-08-21T00:28:49Z,KY,KY00075IS0017700N75NRA177,2026-07-13T10:37:14Z,LOW,53,CLEARING,True,False,
2026-08-21T00:28:49Z,KY,KY00075IS0007500SWALTONWS,2026-08-21T00:26:56Z,37,45,STEADY,True,True,
2026-08-21T00:28:49Z,KY,KY00075IS0017700S75SRA177,2026-08-21T00:26:48Z,LOW,67,STEADY,True,True,
2026-08-21T00:28:49Z,KY,KY00075IS0016800SCRITENWS,2026-08-21T00:26:52Z,31,39,FILLING,True,True,
2026-08-21T00:28:49Z,KY,KY00075IS0000100N75WELCOM,2026-08-21T00:27:12Z,LOW,30,STEADY,True,True,
2026-08-21T00:28:53Z,IL,IL00072IE015200041,2026-08-21T00:24:50Z,12,16,CLEARING,True,True,
2026-08-21T00:28:53Z,IL,IL00064IE002500038,2026-08-21T00:28:31Z,Unknown,0,Unknown,True,False,
2026-08-21T00:28:53Z,IL,IL00057IS033300046,2026-08-21T00:28:31Z,Unknown,0,Unknown,True,False,
2026-08-21T00:28:53Z,IL,IL00070IW002700015,2026-08-21T00:28:31Z,Unknown,0,Unknown,True,False,
2026-08-21T00:28:53Z,IL,IL00080IE011700043,2026-08-21T00:28:31Z,Unknown,31,Unknown,True,False,
2026-08-21T00:28:53Z,IL,IL00064IW013000053,2026-08-21T00:28:31Z,0,0,Unknown,False,False,
2026-08-21T00:28:53Z,IL,IL00057IN022200048,2026-08-21T00:28:31Z,Unknown,0,Unknown,True,False,
2026-08-21T00:28:53Z,IL,IL00074IW020800052,2026-08-21T00:28:31Z,Unknown,0,Unknown,True,False,
2026-08-21T00:28:53Z,IL,IL00055IS002700019,2026-08-21T00:28:31Z,Unknown,0,Unknown,True,False,
2026-08-21T00:28:53Z,IL,IL00080IW005100013,2026-08-21T00:28:32Z,Unknown,47,Unknown,True,False,
2026-08-21T00:28:53Z,IL,IL00039IS008500026,2026-08-21T00:28:32Z,Unknown,42,Unknown,True,False,
2026-08-21T00:28:53Z,IL,IL00055IN014900028,2026-08-21T00:28:32Z,Unknown,0,Unknown,True,False,
2026-08-21T00:28:53Z,IL,IL00057IN033300049,2026-08-21T00:28:32Z,Unknown,0,Unknown,True,False,
2026-08-21T00:28:53Z,IL,IL00055IN010400050,2026-08-21T00:28:32Z,0,0,Unknown,False,False,
2026-08-21T00:28:53Z,IL,IL00055IN006400027,2026-08-21T00:28:32Z,Unknown,0,Unknown,True,False,
2026-08-21T00:28:53Z,IL,IL00057IN026800032,2026-08-21T00:28:32Z,Unknown,25,Unknown,True,False,
2026-08-21T00:28:53Z,IL,IL00064IE008500039,2026-08-21T00:28:32Z,Unknown,0,Unknown,True,False,
2026-08-21T00:28:53Z,IL,IL00057IS007900047,2026-08-21T00:28:32Z,Unknown,0,Unknown,True,False,
2026-08-21T00:28:53Z,IL,IL00057IS011400023,2026-08-21T00:28:32Z,Unknown,0,Unknown,True,False,
2026-08-21T00:28:53Z,IL,IL00055IS019400021,2026-08-21T00:28:33Z,Unknown,29,Unknown,True,False,
2026-08-21T00:28:53Z,IL,IL00074IE002800030,2026-08-21T00:28:33Z,Unknown,14,Unknown,True,False,
2026-08-21T00:28:53Z,IL,IL00057IN007900034,2026-08-21T00:28:33Z,Unknown,0,Unknown,True,False,
2026-08-21T00:28:53Z,IL,IL00070IE002700042,2026-08-21T00:28:33Z,Unknown,0,Unknown,True,False,
2026-08-21T00:28:53Z,IL,IL00024IW003700010,2026-08-21T00:28:33Z,Unknown,0,Unknown,True,False,
2026-08-21T00:28:53Z,IL,IL00057IS022200054,2026-08-21T00:28:32Z,Unknown,0,Unknown,True,False,
2026-08-21T00:28:53Z,IL,IL00074IE015600037,2026-08-21T00:28:32Z,0,0,Unknown,False,False,
2026-08-21T00:28:53Z,IL,IL00057IN011400033,2026-08-21T00:28:32Z,Unknown,0,Unknown,True,False,
2026-08-21T00:28:53Z,IL,IL00064IW008500012,2026-08-21T00:28:32Z,Unknown,0,Unknown,True,False,
2026-08-21T00:28:53Z,IL,IL00039IN008500036,2026-08-21T00:28:32Z,Unknown,42,Unknown,True,False,
2026-08-21T00:28:53Z,IL,IL00055IN019400031,2026-08-21T00:28:32Z,Unknown,36,Unknown,True,False,
2026-08-21T00:28:53Z,IL,IL00074IW015600009,2026-08-21T00:28:32Z,0,0,Unknown,False,False,
2026-08-21T00:28:53Z,IL,IL00057IS026800022,2026-08-21T00:28:32Z,Unknown,27,Unknown,True,False,
2026-08-21T00:28:53Z,IL,IL00080IW011700016,2026-08-21T00:28:32Z,Unknown,39,Unknown,True,False,
2026-08-21T00:28:53Z,IL,IL00070IE008600051,2026-08-21T00:28:32Z,0,0,Unknown,False,False,
2026-08-21T00:28:53Z,IL,IL00072IW015200014,2026-08-21T00:28:32Z,Unknown,17,Unknown,True,False,
2026-08-21T00:28:53Z,IL,IL00055IN002700029,2026-08-21T00:28:32Z,Unknown,0,Unknown,True,False,
2026-08-21T00:28:53Z,IL,IL00064IW002500011,2026-08-21T00:28:33Z,Unknown,0,Unknown,True,False,
2026-08-21T00:28:53Z,IL,IL00074IW002800020,2026-08-21T00:28:33Z,Unknown,15,Unknown,True,False,
2026-08-21T00:28:53Z,IL,IL00080IE005100040,2026-08-21T00:28:33Z,Unknown,39,Unknown,True,False,
2026-08-21T00:28:53Z,IL,IL00055IS006400017,2026-08-21T00:28:33Z,Unknown,0,Unknown,True,False,
2026-08-21T00:28:53Z,IL,IL00074IE011400005,2026-08-21T00:28:39Z,Unknown,25,Unknown,True,False,
2026-08-21T00:28:53Z,IL,IL00074IW006200004,2026-08-21T00:28:40Z,7,12,FILLING,True,True,
2026-08-21T00:28:53Z,IL,IL00070IW008700045,2026-08-21T00:26:09Z,2,15,STEADY,True,True,
2026-08-21T00:28:53Z,IL,IL00057IS016500018,2026-08-21T00:26:12Z,2,15,CLEARING,True,True,
2026-08-21T00:28:53Z,IL,IL00074IW011400006,2026-08-21T00:28:42Z,3,18,STEADY,True,True,
2026-08-21T00:28:53Z,IL,IL00074IE006200001,2026-08-21T00:28:43Z,8,13,STEADY,True,True,
2026-08-21T00:28:53Z,IL,IL00070IW014900008,2026-08-21T00:28:21Z,Unknown,39,Unknown,True,False,
2026-08-21T00:28:53Z,IL,IL00057IN016500044,2026-08-21T00:28:46Z,0,15,FILLING,False,False,
2026-08-21T00:28:53Z,IL,IL00055IS010400024,2026-08-21T00:24:43Z,Unknown,0,STEADY,,False,
2026-08-21T00:28:53Z,IL,IL00057IS003200025,2026-08-21T00:24:43Z,Unknown,0,STEADY,,False,
2026-08-21T00:28:53Z,IL,IL00057IN003200035,2026-08-21T00:24:44Z,Unknown,17,STEADY,,False,
2026-08-21T00:28:53Z,IN,322,2026-08-20T20:15:00-04:00,72,75,,True,false,
2026-08-21T00:28:53Z,IN,317,2026-08-20T20:15:00-04:00,19,58,,True,true,
2026-08-21T00:28:53Z,IN,316,2026-08-20T20:15:00-04:00,44,58,,True,false,
2026-08-21T00:28:53Z,IN,315,2026-08-20T20:15:00-04:00,Unknown,36,,False,true,
2026-08-21T00:28:53Z,IN,314,2026-08-20T20:15:00-04:00,Unknown,36,,False,true,
2026-08-21T00:28:53Z,IN,313,2026-08-20T20:15:00-04:00,9,75,,True,true,
2026-08-21T00:28:53Z,IN,312,2026-08-20T20:15:00-04:00,LOW,75,,True,true,
2026-08-21T00:28:53Z,IN,311,2026-08-20T20:15:00-04:00,Unknown,13,,False,true,
2026-08-21T00:28:53Z,IN,310,2026-08-20T20:15:00-04:00,Unknown,13,,False,true,
2026-08-21T00:28:53Z,IN,308,2026-08-20T20:15:00-04:00,32,75,,True,true,
2026-08-21T00:28:53Z,IN,309,2026-08-20T20:15:00-04:00,93,150,,True,true,
2026-08-21T00:28:53Z,IN,318,2026-08-20T20:15:00-04:00,13,78,,True,true,
2026-08-21T00:28:53Z,IN,319,2026-08-20T20:15:00-04:00,14,78,,True,true,
2026-08-21T00:28:53Z,IN,320,2026-08-20T20:15:00-04:00,43,83,,True,true,
2026-08-21T00:28:53Z,IN,321,2026-08-20T20:15:00-04:00,21,41,,True,false,
2026-08-21T00:28:53Z,IN,300,2026-08-20T20:15:00-04:00,83,128,,True,false,
2026-08-21T00:28:53Z,IN,302,2026-08-20T20:15:00-04:00,LOW,30,,True,true,
2026-08-21T00:28:53Z,IN,301,2026-08-20T20:15:00-04:00,LOW,30,,True,true,
2026-08-21T00:28:53Z,IN,303,2026-08-20T20:15:00-04:00,86,194,,True,true,
2026-08-21T00:28:53Z,IN,304,2026-08-20T20:15:00-04:00,LOW,99,,True,true,
2026-08-21T00:28:53Z,IN,305,2026-08-20T20:15:00-04:00,Unknown,156,,False,true,
2026-08-21T00:28:53Z,IN,323,2026-08-20T20:15:00-04:00,20,40,,True,true,
2026-08-21T00:28:53Z,IN,702,2026-08-20T20:15:00-04:00,38,75,,True,false,
2026-08-21T00:28:53Z,IN,701,2026-08-20T20:15:00-04:00,30,60,,True,false,
2026-08-21T00:28:53Z,IN,704,2026-08-20T20:15:00-04:00,40,80,,True,false,
2026-08-21T00:28:53Z,IN,703,2026-08-20T20:15:00-04:00,55,110,,True,false,
2026-08-21T00:28:53Z,IN,706,2026-08-20T20:15:00-04:00,35,70,,True,false,
2026-08-21T00:28:53Z,IN,705,2026-08-20T20:15:00-04:00,30,60,,True,false,
2026-08-21T00:28:53Z,IN,708,2026-08-20T20:15:00-04:00,23,45,,True,false,
2026-08-21T00:28:53Z,IN,707,2026-08-20T20:15:00-04:00,20,40,,True,false,
2026-08-21T00:28:53Z,IN,324,2026-08-20T20:15:00-04:00,16,31,,True,true,
2026-08-21T00:28:53Z,KY,KY00065IS0000020N65WELCOM,2026-08-21T00:27:01Z,LOW,21,STEADY,True,True,
2026-08-21T00:28:53Z,KY,KY00065IS000020NSMARATHON,2025-12-19T00:36:53Z,32,60,STEADY,True,False,
2026-08-21T00:28:53Z,KY,KY00065IS0000340NWEIGHS34,2026-07-01T19:04:41Z,35,40,STEADY,True,False,
2026-08-21T00:28:53Z,KY,KY00065IS0011400S65SRA114,2026-08-21T00:27:10Z,LOW,26,STEADY,True,True,
2026-08-21T00:28:53Z,KY,KY00065IS0005900S65SRA059,2026-08-21T00:27:07Z,90,109,FILLING,True,True,
2026-08-21T00:28:53Z,KY,KY00065IS0005900N65NRA059,2026-08-17T17:24:33Z,92,113,STEADY,True,False,
2026-08-21T00:28:53Z,KY,KY00075IS0003300NWEIGHS33,2026-08-21T00:26:46Z,50,50,STEADY,True,False,
2026-08-21T00:28:53Z,KY,KY00075IS0003400SWEIGHS34,2026-08-21T00:26:50Z,LOW,40,STEADY,True,True,
2026-08-21T00:28:53Z,KY,KY00075IS0017700N75NRA177,2026-07-13T10:37:14Z,LOW,53,CLEARING,True,False,
2026-08-21T00:28:53Z,KY,KY00075IS0007500SWALTONWS,2026-08-21T00:26:56Z,37,45,STEADY,True,True,
2026-08-21T00:28:53Z,KY,KY00075IS0017700S75SRA177,2026-08-21T00:26:48Z,LOW,67,STEADY,True,True,
2026-08-21T00:28:53Z,KY,KY00075IS0016800SCRITENWS,2026-08-21T00:26:52Z,31,39,FILLING,True,True,
2026-08-21T00:28:53Z,KY,KY00075IS0000100N75WELCOM,2026-08-21T00:27:12Z,LOW,30,STEADY,True,True,
2026-08-21T00:28:56Z,IL,IL00064IW013000053,2026-08-21T00:28:56Z,0,0,Unknown,False,False,
2026-08-21T00:28:56Z,IL,IL00057IN022200048,2026-08-21T00:28:56Z,Unknown,0,Unknown,True,False,
2026-08-21T00:28:56Z,IL,IL00074IW020800052,2026-08-21T00:28:56Z,Unknown,0,Unknown,True,False,
2026-08-21T00:28:56Z,IL,IL00055IS002700019,2026-08-21T00:28:56Z,Unknown,0,Unknown,True,False,
2026-08-21T00:28:56Z,IL,IL00080IW005100013,2026-08-21T00:28:56Z,Unknown,47,Unknown,True,False,
2026-08-21T00:28:56Z,IL,IL00039IS008500026,2026-08-21T00:28:56Z,Unknown,42,Unknown,True,False,
2026-08-21T00:28:56Z,IL,IL00055IN014900028,2026-08-21T00:28:56Z,Unknown,0,Unknown,True,False,
2026-08-21T00:28:56Z,IL,IL00057IN033300049,2026-08-21T00:28:56Z,Unknown,0,Unknown,True,False,
2026-08-21T00:28:56Z,IL,IL00072IE015200041,2026-08-21T00:24:50Z,12,16,CLEARING,True,True,
2026-08-21T00:28:56Z,IL,IL00064IE002500038,2026-08-21T00:28:56Z,Unknown,0,Unknown,True,False,
2026-08-21T00:28:56Z,IL,IL00057IS033300046,2026-08-21T00:28:56Z,Unknown,0,Unknown,True,False,
2026-08-21T00:28:56Z,IL,IL00070IW002700015,2026-08-21T00:28:56Z,Unknown,0,Unknown,True,False,
2026-08-21T00:28:56Z,IL,IL00080IE011700043,2026-08-21T00:28:56Z,Unknown,31,Unknown,True,False,
2026-08-21T00:28:56Z,IL,IL00055IN010400050,2026-08-21T00:28:32Z,0,0,Unknown,False,False,
2026-08-21T00:28:56Z,IL,IL00055IN006400027,2026-08-21T00:28:32Z,Unknown,0,Unknown,True,False,
2026-08-21T00:28:56Z,IL,IL00057IN026800032,2026-08-21T00:28:32Z,Unknown,25,Unknown,True,False,
2026-08-21T00:28:56Z,IL,IL00064IE008500039,2026-08-21T00:28:32Z,Unknown,0,Unknown,True,False,
2026-08-21T00:28:56Z,IL,IL00057IS007900047,2026-08-21T00:28:32Z,Unknown,0,Unknown,True,False,
2026-08-21T00:28:56Z,IL,IL00057IS011400023,2026-08-21T00:28:32Z,Unknown,0,Unknown,True,False,
2026-08-21T00:28:56Z,IL,IL00055IS019400021,2026-08-21T00:28:33Z,Unknown,29,Unknown,True,False,
2026-08-21T00:28:56Z,IL,IL00074IE002800030,2026-08-21T00:28:33Z,Unknown,14,Unknown,True,False,
2026-08-21T00:28:56Z,IL,IL00057IN007900034,2026-08-21T00:28:33Z,Unknown,0,Unknown,True,False,
2026-08-21T00:28:56Z,IL,IL00070IE002700042,2026-08-21T00:28:33Z,Unknown,0,Unknown,True,False,
2026-08-21T00:28:56Z,IL,IL00024IW003700010,2026-08-21T00:28:33Z,Unknown,0,Unknown,True,False,
2026-08-21T00:28:56Z,IL,IL00057IS022200054,2026-08-21T00:28:32Z,Unknown,0,Unknown,True,False,
2026-08-21T00:28:56Z,IL,IL00074IE015600037,2026-08-21T00:28:32Z,0,0,Unknown,False,False,
2026-08-21T00:28:56Z,IL,IL00057IN011400033,2026-08-21T00:28:32Z,Unknown,0,Unknown,True,False,
2026-08-21T00:28:56Z,IL,IL00064IW008500012,2026-08-21T00:28:32Z,Unknown,0,Unknown,True,False,
2026-08-21T00:28:56Z,IL,IL00039IN008500036,2026-08-21T00:28:32Z,Unknown,42,Unknown,True,False,
2026-08-21T00:28:56Z,IL,IL00055IN019400031,2026-08-21T00:28:32Z,Unknown,36,Unknown,True,False,
2026-08-21T00:28:56Z,IL,IL00074IW015600009,2026-08-21T00:28:32Z,0,0,Unknown,False,False,
2026-08-21T00:28:56Z,IL,IL00057IS026800022,2026-08-21T00:28:32Z,Unknown,27,Unknown,True,False,
2026-08-21T00:28:56Z,IL,IL00080IW011700016,2026-08-21T00:28:32Z,Unknown,39,Unknown,True,False,
2026-08-21T00:28:56Z,IL,IL00070IE008600051,2026-08-21T00:28:32Z,0,0,Unknown,False,False,
2026-08-21T00:28:56Z,IL,IL00072IW015200014,2026-08-21T00:28:32Z,Unknown,17,Unknown,True,False,
2026-08-21T00:28:56Z,IL,IL00055IN002700029,2026-08-21T00:28:32Z,Unknown,0,Unknown,True,False,
2026-08-21T00:28:56Z,IL,IL00064IW002500011,2026-08-21T00:28:33Z,Unknown,0,Unknown,True,False,
2026-08-21T00:28:56Z,IL,IL00074IW002800020,2026-08-21T00:28:33Z,Unknown,15,Unknown,True,False,
2026-08-21T00:28:56Z,IL,IL00080IE005100040,2026-08-21T00:28:33Z,Unknown,39,Unknown,True,False,
2026-08-21T00:28:56Z,IL,IL00055IS006400017,2026-08-21T00:28:33Z,Unknown,0,Unknown,True,False,
2026-08-21T00:28:56Z,IL,IL00074IE011400005,2026-08-21T00:28:39Z,Unknown,25,Unknown,True,False,
2026-08-21T00:28:56Z,IL,IL00074IW006200004,2026-08-21T00:28:40Z,7,12,FILLING,True,True,
2026-08-21T00:28:56Z,IL,IL00070IW008700045,2026-08-21T00:26:09Z,2,15,STEADY,True,True,
2026-08-21T00:28:56Z,IL,IL00057IS016500018,2026-08-21T00:26:12Z,2,15,CLEARING,True,True,
2026-08-21T00:28:56Z,IL,IL00074IW011400006,2026-08-21T00:28:42Z,3,18,STEADY,True,True,
2026-08-21T00:28:56Z,IL,IL00074IE006200001,2026-08-21T00:28:43Z,8,13,STEADY,True,True,
2026-08-21T00:28:56Z,IL,IL00070IW014900008,2026-08-21T00:28:21Z,Unknown,39,Unknown,True,False,
2026-08-21T00:28:56Z,IL,IL00057IN016500044,2026-08-21T00:28:46Z,0,15,FILLING,False,False,
2026-08-21T00:28:56Z,IL,IL00055IS010400024,2026-08-21T00:24:43Z,Unknown,0,STEADY,,False,
2026-08-21T00:28:56Z,IL,IL00057IS003200025,2026-08-21T00:24:43Z,Unknown,0,STEADY,,False,
2026-08-21T00:28:56Z,IL,IL00057IN003200035,2026-08-21T00:24:44Z,Unknown,17,STEADY,,False,
2026-08-21T00:28:56Z,IN,322,2026-08-20T20:15:00-04:00,72,75,,True,false,
2026-08-21T00:28:56Z,IN,317,2026-08-20T20:15:00-04:00,19,58,,True,true,
2026-08-21T00:28:56Z,IN,316,2026-08-20T20:15:00-04:00,44,58,,True,false,
2026-08-21T00:28:56Z,IN,315,2026-08-20T20:15:00-04:00,Unknown,36,,False,true,
2026-08-21T00:28:56Z,IN,314,2026-08-20T20:15:00-04:00,Unknown,36,,False,true,
2026-08-21T00:28:56Z,IN,313,2026-08-20T20:15:00-04:00,9,75,,True,true,
2026-08-21T00:28:56Z,IN,312,2026-08-20T20:15:00-04:00,LOW,75,,True,true,
2026-08-21T00:28:56Z,IN,311,2026-08-20T20:15:00-04:00,Unknown,13,,False,true,
2026-08-21T00:28:56Z,IN,310,2026-08-20T20:15:00-04:00,Unknown,13,,False,true,
2026-08-21T00:28:56Z,IN,308,2026-08-20T20:15:00-04:00,32,75,,True,true,
2026-08-21T00:28:56Z,IN,309,2026-08-20T20:15:00-04:00,93,150,,True,true,
2026-08-21T00:28:56Z,IN,318,2026-08-20T20:15:00-04:00,13,78,,True,true,
2026-08-21T00:28:56Z,IN,319,2026-08-20T20:15:00-04:00,14,78,,True,true,
2026-08-21T00:28:56Z,IN,320,2026-08-20T20:15:00-04:00,43,83,,True,true,
2026-08-21T00:28:56Z,IN,321,2026-08-20T20:15:00-04:00,21,41,,True,false,
2026-08-21T00:28:56Z,IN,300,2026-08-20T20:15:00-04:00,83,128,,True,false,
2026-08-21T00:28:56Z,IN,302,2026-08-20T20:15:00-04:00,LOW,30,,True,true,
2026-08-21T00:28:56Z,IN,301,2026-08-20T20:15:00-04:00,LOW,30,,True,true,
2026-08-21T00:28:56Z,IN,303,2026-08-20T20:15:00-04:00,86,194,,True,true,
2026-08-21T00:28:56Z,IN,304,2026-08-20T20:15:00-04:00,LOW,99,,True,true,
2026-08-21T00:28:56Z,IN,305,2026-08-20T20:15:00-04:00,Unknown,156,,False,true,
2026-08-21T00:28:56Z,IN,323,2026-08-20T20:15:00-04:00,20,40,,True,true,
2026-08-21T00:28:56Z,IN,702,2026-08-20T20:15:00-04:00,38,75,,True,false,
2026-08-21T00:28:56Z,IN,701,2026-08-20T20:15:00-04:00,30,60,,True,false,
2026-08-21T00:28:56Z,IN,704,2026-08-20T20:15:00-04:00,40,80,,True,false,
2026-08-21T00:28:56Z,IN,703,2026-08-20T20:15:00-04:00,55,110,,True,false,
2026-08-21T00:28:56Z,IN,706,2026-08-20T20:15:00-04:00,35,70,,True,false,
2026-08-21T00:28:56Z,IN,705,2026-08-20T20:15:00-04:00,30,60,,True,false,
2026-08-21T00:28:56Z,IN,708,2026-08-20T20:15:00-04:00,23,45,,True,false,
2026-08-21T00:28:56Z,IN,707,2026-08-20T20:15:00-04:00,20,40,,True,false,
2026-08-21T00:28:56Z,IN,324,2026-08-20T20:15:00-04:00,16,31,,True,true,
2026-08-21T00:28:56Z,KY,KY00065IS0000020N65WELCOM,2026-08-21T00:27:01Z,LOW,21,STEADY,True,True,
2026-08-21T00:28:56Z,KY,KY00065IS000020NSMARATHON,2025-12-19T00:36:53Z,32,60,STEADY,True,False,
2026-08-21T00:28:56Z,KY,KY00065IS0000340NWEIGHS34,2026-07-01T19:04:41Z,35,40,STEADY,True,False,
2026-08-21T00:28:56Z,KY,KY00065IS0011400S65SRA114,2026-08-21T00:27:10Z,LOW,26,STEADY,True,True,
2026-08-21T00:28:56Z,KY,KY00065IS0005900S65SRA059,2026-08-21T00:27:07Z,90,109,FILLING,True,True,
2026-08-21T00:28:56Z,KY,KY00065IS0005900N65NRA059,2026-08-17T17:24:33Z,92,113,STEADY,True,False,
2026-08-21T00:28:56Z,KY,KY00075IS0003300NWEIGHS33,2026-08-21T00:26:46Z,50,50,STEADY,True,False,
2026-08-21T00:28:56Z,KY,KY00075IS0003400SWEIGHS34,2026-08-21T00:26:50Z,LOW,40,STEADY,True,True,
2026-08-21T00:28:56Z,KY,KY00075IS0017700N75NRA177,2026-07-13T10:37:14Z,LOW,53,CLEARING,True,False,
2026-08-21T00:28:56Z,KY,KY00075IS0007500SWALTONWS,2026-08-21T00:26:56Z,37,45,STEADY,True,True,
2026-08-21T00:28:56Z,KY,KY00075IS0017700S75SRA177,2026-08-21T00:26:48Z,LOW,67,STEADY,True,True,
2026-08-21T00:28:56Z,KY,KY00075IS0016800SCRITENWS,2026-08-21T00:26:52Z,31,39,FILLING,True,True,
2026-08-21T00:28:56Z,KY,KY00075IS0000100N75WELCOM,2026-08-21T00:27:12Z,LOW,30,STEADY,True,True,
2026-08-21T00:29:00Z,IL,IL00064IW013000053,2026-08-21T00:28:56Z,0,0,Unknown,False,False,
2026-08-21T00:29:00Z,IL,IL00057IN022200048,2026-08-21T00:28:56Z,Unknown,0,Unknown,True,False,
2026-08-21T00:29:00Z,IL,IL00074IW020800052,2026-08-21T00:28:56Z,Unknown,0,Unknown,True,False,
2026-08-21T00:29:00Z,IL,IL00055IS002700019,2026-08-21T00:28:56Z,Unknown,0,Unknown,True,False,
2026-08-21T00:29:00Z,IL,IL00080IW005100013,2026-08-21T00:28:56Z,Unknown,47,Unknown,True,False,
2026-08-21T00:29:00Z,IL,IL00039IS008500026,2026-08-21T00:28:56Z,Unknown,42,Unknown,True,False,
2026-08-21T00:29:00Z,IL,IL00055IN014900028,2026-08-21T00:28:56Z,Unknown,0,Unknown,True,False,
2026-08-21T00:29:00Z,IL,IL00057IN033300049,2026-08-21T00:28:56Z,Unknown,0,Unknown,True,False,
2026-08-21T00:29:00Z,IL,IL00055IN010400050,2026-08-21T00:28:56Z,0,0,Unknown,False,False,
2026-08-21T00:29:00Z,IL,IL00055IN006400027,2026-08-21T00:28:56Z,Unknown,0,Unknown,True,False,
2026-08-21T00:29:00Z,IL,IL00057IN026800032,2026-08-21T00:28:56Z,Unknown,25,Unknown,True,False,
2026-08-21T00:29:00Z,IL,IL00024IW003700010,2026-08-21T00:28:57Z,Unknown,0,Unknown,True,False,
2026-08-21T00:29:00Z,IL,IL00057IS022200054,2026-08-21T00:28:57Z,Unknown,0,Unknown,True,False,
2026-08-21T00:29:00Z,IL,IL00074IE015600037,2026-08-21T00:28:57Z,0,0,Unknown,False,False,
2026-08-21T00:29:00Z,IL,IL00057IN011400033,2026-08-21T00:28:57Z,Unknown,0,Unknown,True,False,
2026-08-21T00:29:00Z,IL,IL00064IW008500012,2026-08-21T00:28:57Z,Unknown,0,Unknown,True,False,
2026-08-21T00:29:00Z,IL,IL00072IE015200041,2026-08-21T00:24:50Z,12,16,CLEARING,True,True,
2026-08-21T00:29:00Z,IL,IL00039IN008500036,2026-08-21T00:28:57Z,Unknown,42,Unknown,True,False,
2026-08-21T00:29:00Z,IL,IL00055IN019400031,2026-08-21T00:28:57Z,Unknown,36,Unknown,True,False,
2026-08-21T00:29:00Z,IL,IL00074IW015600009,2026-08-21T00:28:57Z,0,0,Unknown,False,False,
2026-08-21T00:29:00Z,IL,IL00057IS026800022,2026-08-21T00:28:57Z,Unknown,27,Unknown,True,False,
2026-08-21T00:29:00Z,IL,IL00080IW011700016,2026-08-21T00:28:57Z,Unknown,39,Unknown,True,False,
2026-08-21T00:29:00Z,IL,IL00070IE008600051,2026-08-21T00:28:57Z,0,0,Unknown,False,False,
2026-08-21T00:29:00Z,IL,IL00072IW015200014,2026-08-21T00:28:57Z,Unknown,17,Unknown,True,False,
2026-08-21T00:29:00Z,IL,IL00055IN002700029,2026-08-21T00:28:57Z,Unknown,0,Unknown,True,False,
2026-08-21T00:29:00Z,IL,IL00064IE002500038,2026-08-21T00:28:56Z,Unknown,0,Unknown,True,False,
2026-08-21T00:29:00Z,IL,IL00057IS033300046,2026-08-21T00:28:56Z,Unknown,0,Unknown,True,False,
2026-08-21T00:29:00Z,IL,IL00070IW002700015,2026-08-21T00:28:56Z,Unknown,0,Unknown,True,False,
2026-08-21T00:29:00Z,IL,IL00080IE011700043,2026-08-21T00:28:56Z,Unknown,31,Unknown,True,False,
2026-08-21T00:29:00Z,IL,IL00064IE008500039,2026-08-21T00:28:56Z,Unknown,0,Unknown,True,False,
2026-08-21T00:29:00Z,IL,IL00057IS007900047,2026-08-21T00:28:57Z,Unknown,0,Unknown,True,False,
2026-08-21T00:29:00Z,IL,IL00057IS011400023,2026-08-21T00:28:57Z,Unknown,0,Unknown,True,False,
2026-08-21T00:29:00Z,IL,IL00055IS019400021,2026-08-21T00:28:57Z,Unknown,29,Unknown,True,False,
2026-08-21T00:29:00Z,IL,IL00074IE002800030,2026-08-21T00:28:57Z,Unknown,14,Unknown,True,False,
2026-08-21T00:29:00Z,IL,IL00057IN007900034,2026-08-21T00:28:57Z,Unknown,0,Unknown,True,False,
2026-08-21T00:29:00Z,IL,IL00070IE002700042,2026-08-21T00:28:57Z,Unknown,0,Unknown,True,False,
2026-08-21T00:29:00Z,IL,IL00064IW002500011,2026-08-21T00:28:57Z,Unknown,0,Unknown,True,False,
2026-08-21T00:29:00Z,IL,IL00074IW002800020,2026-08-21T00:28:57Z,Unknown,15,Unknown,True,False,
2026-08-21T00:29:00Z,IL,IL00080IE005100040,2026-08-21T00:28:58Z,Unknown,39,Unknown,True,False,
2026-08-21T00:29:00Z,IL,IL00055IS006400017,2026-08-21T00:28:58Z,Unknown,0,Unknown,True,False,
2026-08-21T00:29:00Z,IL,IL00074IE011400005,2026-08-21T00:28:39Z,Unknown,25,Unknown,True,False,
2026-08-21T00:29:00Z,IL,IL00074IW006200004,2026-08-21T00:28:40Z,7,12,FILLING,True,True,
2026-08-21T00:29:00Z,IL,IL00070IW008700045,2026-08-21T00:26:09Z,2,15,STEADY,True,True,
2026-08-21T00:29:00Z,IL,IL00057IS016500018,2026-08-21T00:26:12Z,2,15,CLEARING,True,True,
2026-08-21T00:29:00Z,IL,IL00074IW011400006,2026-08-21T00:28:42Z,3,18,STEADY,True,True,
2026-08-21T00:29:00Z,IL,IL00074IE006200001,2026-08-21T00:28:43Z,8,13,STEADY,True,True,
2026-08-21T00:29:00Z,IL,IL00070IW014900008,2026-08-21T00:28:21Z,Unknown,39,Unknown,True,False,
2026-08-21T00:29:00Z,IL,IL00057IN016500044,2026-08-21T00:28:46Z,0,15,FILLING,False,False,
2026-08-21T00:29:00Z,IL,IL00055IS010400024,2026-08-21T00:24:43Z,Unknown,0,STEADY,,False,
2026-08-21T00:29:00Z,IL,IL00057IS003200025,2026-08-21T00:24:43Z,Unknown,0,STEADY,,False,
2026-08-21T00:29:00Z,IL,IL00057IN003200035,2026-08-21T00:24:44Z,Unknown,17,STEADY,,False,
2026-08-21T00:29:00Z,IN,322,2026-08-20T20:15:00-04:00,72,75,,True,false,
2026-08-21T00:29:00Z,IN,317,2026-08-20T20:15:00-04:00,19,58,,True,true,
2026-08-21T00:29:00Z,IN,316,2026-08-20T20:15:00-04:00,44,58,,True,false,
2026-08-21T00:29:00Z,IN,315,2026-08-20T20:15:00-04:00,Unknown,36,,False,true,
2026-08-21T00:29:00Z,IN,314,2026-08-20T20:15:00-04:00,Unknown,36,,False,true,
2026-08-21T00:29:00Z,IN,313,2026-08-20T20:15:00-04:00,9,75,,True,true,
2026-08-21T00:29:00Z,IN,312,2026-08-20T20:15:00-04:00,LOW,75,,True,true,
2026-08-21T00:29:00Z,IN,311,2026-08-20T20:15:00-04:00,Unknown,13,,False,true,
2026-08-21T00:29:00Z,IN,310,2026-08-20T20:15:00-04:00,Unknown,13,,False,true,
2026-08-21T00:29:00Z,IN,308,2026-08-20T20:15:00-04:00,32,75,,True,true,
2026-08-21T00:29:00Z,IN,309,2026-08-20T20:15:00-04:00,93,150,,True,true,
2026-08-21T00:29:00Z,IN,318,2026-08-20T20:15:00-04:00,13,78,,True,true,
2026-08-21T00:29:00Z,IN,319,2026-08-20T20:15:00-04:00,14,78,,True,true,
2026-08-21T00:29:00Z,IN,320,2026-08-20T20:15:00-04:00,43,83,,True,true,
2026-08-21T00:29:00Z,IN,321,2026-08-20T20:15:00-04:00,21,41,,True,false,
2026-08-21T00:29:00Z,IN,300,2026-08-20T20:15:00-04:00,83,128,,True,false,
2026-08-21T00:29:00Z,IN,302,2026-08-20T20:15:00-04:00,LOW,30,,True,true,
2026-08-21T00:29:00Z,IN,301,2026-08-20T20:15:00-04:00,LOW,30,,True,true,
2026-08-21T00:29:00Z,IN,303,2026-08-20T20:15:00-04:00,86,194,,True,true,
2026-08-21T00:29:00Z,IN,304,2026-08-20T20:15:00-04:00,LOW,99,,True,true,
2026-08-21T00:29:00Z,IN,305,2026-08-20T20:15:00-04:00,Unknown,156,,False,true,
2026-08-21T00:29:00Z,IN,323,2026-08-20T20:15:00-04:00,20,40,,True,true,
2026-08-21T00:29:00Z,IN,702,2026-08-20T20:15:00-04:00,38,75,,True,false,
2026-08-21T00:29:00Z,IN,701,2026-08-20T20:15:00-04:00,30,60,,True,false,
2026-08-21T00:29:00Z,IN,704,2026-08-20T20:15:00-04:00,40,80,,True,false,
2026-08-21T00:29:00Z,IN,703,2026-08-20T20:15:00-04:00,55,110,,True,false,
2026-08-21T00:29:00Z,IN,706,2026-08-20T20:15:00-04:00,35,70,,True,false,
2026-08-21T00:29:00Z,IN,705,2026-08-20T20:15:00-04:00,30,60,,True,false,
2026-08-21T00:29:00Z,IN,708,2026-08-20T20:15:00-04:00,23,45,,True,false,
2026-08-21T00:29:00Z,IN,707,2026-08-20T20:15:00-04:00,20,40,,True,false,
2026-08-21T00:29:00Z,IN,324,2026-08-20T20:15:00-04:00,16,31,,True,true,
2026-08-21T00:29:00Z,KY,KY00065IS0000020N65WELCOM,2026-08-21T00:27:01Z,LOW,21,STEADY,True,True,
2026-08-21T00:29:00Z,KY,KY00065IS000020NSMARATHON,2025-12-19T00:36:53Z,32,60,STEADY,True,False,
2026-08-21T00:29:00Z,KY,KY00065IS0000340NWEIGHS34,2026-07-01T19:04:41Z,35,40,STEADY,True,False,
2026-08-21T00:29:00Z,KY,KY00065IS0011400S65SRA114,2026-08-21T00:27:10Z,LOW,26,STEADY,True,True,
2026-08-21T00:29:00Z,KY,KY00065IS0005900S65SRA059,2026-08-21T00:27:07Z,90,109,FILLING,True,True,
2026-08-21T00:29:00Z,KY,KY00065IS0005900N65NRA059,2026-08-17T17:24:33Z,92,113,STEADY,True,False,
2026-08-21T00:29:00Z,KY,KY00075IS0003300NWEIGHS33,2026-08-21T00:26:46Z,50,50,STEADY,True,False,
2026-08-21T00:29:00Z,KY,KY00075IS0003400SWEIGHS34,2026-08-21T00:26:50Z,LOW,40,STEADY,True,True,
2026-08-21T00:29:00Z,KY,KY00075IS0017700N75NRA177,2026-07-13T10:37:14Z,LOW,53,CLEARING,True,False,
2026-08-21T00:29:00Z,KY,KY00075IS0007500SWALTONWS,2026-08-21T00:26:56Z,37,45,STEADY,True,True,
2026-08-21T00:29:00Z,KY,KY00075IS0017700S75SRA177,2026-08-21T00:26:48Z,LOW,67,STEADY,True,True,
2026-08-21T00:29:00Z,KY,KY00075IS0016800SCRITENWS,2026-08-21T00:26:52Z,31,39,FILLING,True,True,
2026-08-21T00:29:00Z,KY,KY00075IS0000100N75WELCOM,2026-08-21T00:27:12Z,LOW,30,STEADY,True,True,
2026-08-21T00:29:04Z,IL,IL00064IW013000053,2026-08-21T00:28:56Z,0,0,Unknown,False,False,
2026-08-21T00:29:04Z,IL,IL00057IN022200048,2026-08-21T00:28:56Z,Unknown,0,Unknown,True,False,
2026-08-21T00:29:04Z,IL,IL00074IW020800052,2026-08-21T00:28:56Z,Unknown,0,Unknown,True,False,
2026-08-21T00:29:04Z,IL,IL00055IS002700019,2026-08-21T00:28:56Z,Unknown,0,Unknown,True,False,
2026-08-21T00:29:04Z,IL,IL00080IW005100013,2026-08-21T00:28:56Z,Unknown,47,Unknown,True,False,
2026-08-21T00:29:04Z,IL,IL00039IS008500026,2026-08-21T00:28:56Z,Unknown,42,Unknown,True,False,
2026-08-21T00:29:04Z,IL,IL00055IN014900028,2026-08-21T00:28:56Z,Unknown,0,Unknown,True,False,
2026-08-21T00:29:04Z,IL,IL00057IN033300049,2026-08-21T00:28:56Z,Unknown,0,Unknown,True,False,
2026-08-21T00:29:04Z,IL,IL00055IN010400050,2026-08-21T00:28:56Z,0,0,Unknown,False,False,
2026-08-21T00:29:04Z,IL,IL00055IN006400027,2026-08-21T00:28:56Z,Unknown,0,Unknown,True,False,
2026-08-21T00:29:04Z,IL,IL00057IN026800032,2026-08-21T00:28:56Z,Unknown,25,Unknown,True,False,
2026-08-21T00:29:04Z,IL,IL00024IW003700010,2026-08-21T00:28:57Z,Unknown,0,Unknown,True,False,
2026-08-21T00:29:04Z,IL,IL00057IS022200054,2026-08-21T00:28:57Z,Unknown,0,Unknown,True,False,
2026-08-21T00:29:04Z,IL,IL00074IE015600037,2026-08-21T00:28:57Z,0,0,Unknown,False,False,
2026-08-21T00:29:04Z,IL,IL00057IN011400033,2026-08-21T00:28:57Z,Unknown,0,Unknown,True,False,
2026-08-21T00:29:04Z,IL,IL00064IW008500012,2026-08-21T00:28:57Z,Unknown,0,Unknown,True,False,
2026-08-21T00:29:04Z,IL,IL00072IE015200041,2026-08-21T00:24:50Z,12,16,CLEARING,True,True,
2026-08-21T00:29:04Z,IL,IL00039IN008500036,2026-08-21T00:28:57Z,Unknown,42,Unknown,True,False,
2026-08-21T00:29:04Z,IL,IL00055IN019400031,2026-08-21T00:28:57Z,Unknown,36,Unknown,True,False,
2026-08-21T00:29:04Z,IL,IL00074IW015600009,2026-08-21T00:28:57Z,0,0,Unknown,False,False,
2026-08-21T00:29:04Z,IL,IL00057IS026800022,2026-08-21T00:28:57Z,Unknown,27,Unknown,True,False,
2026-08-21T00:29:04Z,IL,IL00080IW011700016,2026-08-21T00:28:57Z,Unknown,39,Unknown,True,False,
2026-08-21T00:29:04Z,IL,IL00070IE008600051,2026-08-21T00:28:57Z,0,0,Unknown,False,False,
2026-08-21T00:29:04Z,IL,IL00072IW015200014,2026-08-21T00:28:57Z,Unknown,17,Unknown,True,False,
2026-08-21T00:29:04Z,IL,IL00055IN002700029,2026-08-21T00:28:57Z,Unknown,0,Unknown,True,False,
2026-08-21T00:29:04Z,IL,IL00064IE002500038,2026-08-21T00:28:56Z,Unknown,0,Unknown,True,False,
2026-08-21T00:29:04Z,IL,IL00057IS033300046,2026-08-21T00:28:56Z,Unknown,0,Unknown,True,False,
2026-08-21T00:29:04Z,IL,IL00070IW002700015,2026-08-21T00:28:56Z,Unknown,0,Unknown,True,False,
2026-08-21T00:29:04Z,IL,IL00080IE011700043,2026-08-21T00:28:56Z,Unknown,31,Unknown,True,False,
2026-08-21T00:29:04Z,IL,IL00064IE008500039,2026-08-21T00:28:56Z,Unknown,0,Unknown,True,False,
2026-08-21T00:29:04Z,IL,IL00057IS007900047,2026-08-21T00:28:57Z,Unknown,0,Unknown,True,False,
2026-08-21T00:29:04Z,IL,IL00057IS011400023,2026-08-21T00:28:57Z,Unknown,0,Unknown,True,False,
2026-08-21T00:29:04Z,IL,IL00055IS019400021,2026-08-21T00:28:57Z,Unknown,29,Unknown,True,False,
2026-08-21T00:29:04Z,IL,IL00074IE002800030,2026-08-21T00:28:57Z,Unknown,14,Unknown,True,False,
2026-08-21T00:29:04Z,IL,IL00057IN007900034,2026-08-21T00:28:57Z,Unknown,0,Unknown,True,False,
2026-08-21T00:29:04Z,IL,IL00070IE002700042,2026-08-21T00:28:57Z,Unknown,0,Unknown,True,False,
2026-08-21T00:29:04Z,IL,IL00064IW002500011,2026-08-21T00:28:57Z,Unknown,0,Unknown,True,False,
2026-08-21T00:29:04Z,IL,IL00074IW002800020,2026-08-21T00:28:57Z,Unknown,15,Unknown,True,False,
2026-08-21T00:29:04Z,IL,IL00080IE005100040,2026-08-21T00:28:58Z,Unknown,39,Unknown,True,False,
2026-08-21T00:29:04Z,IL,IL00055IS006400017,2026-08-21T00:28:58Z,Unknown,0,Unknown,True,False,
2026-08-21T00:29:04Z,IL,IL00074IE011400005,2026-08-21T00:28:39Z,Unknown,25,Unknown,True,False,
2026-08-21T00:29:04Z,IL,IL00074IW006200004,2026-08-21T00:28:40Z,7,12,FILLING,True,True,
2026-08-21T00:29:04Z,IL,IL00070IW008700045,2026-08-21T00:26:09Z,2,15,STEADY,True,True,
2026-08-21T00:29:04Z,IL,IL00057IS016500018,2026-08-21T00:26:12Z,2,15,CLEARING,True,True,
2026-08-21T00:29:04Z,IL,IL00074IW011400006,2026-08-21T00:28:42Z,3,18,STEADY,True,True,
2026-08-21T00:29:04Z,IL,IL00074IE006200001,2026-08-21T00:28:43Z,8,13,STEADY,True,True,
2026-08-21T00:29:04Z,IL,IL00070IW014900008,2026-08-21T00:28:21Z,Unknown,39,Unknown,True,False,
2026-08-21T00:29:04Z,IL,IL00057IN016500044,2026-08-21T00:28:46Z,0,15,FILLING,False,False,
2026-08-21T00:29:04Z,IL,IL00055IS010400024,2026-08-21T00:24:43Z,Unknown,0,STEADY,,False,
2026-08-21T00:29:04Z,IL,IL00057IS003200025,2026-08-21T00:24:43Z,Unknown,0,STEADY,,False,
2026-08-21T00:29:04Z,IL,IL00057IN003200035,2026-08-21T00:24:44Z,Unknown,17,STEADY,,False,
2026-08-21T00:29:04Z,IN,322,2026-08-20T20:15:00-04:00,72,75,,True,false,
2026-08-21T00:29:04Z,IN,317,2026-08-20T20:15:00-04:00,19,58,,True,true,
2026-08-21T00:29:04Z,IN,316,2026-08-20T20:15:00-04:00,44,58,,True,false,
2026-08-21T00:29:04Z,IN,315,2026-08-20T20:15:00-04:00,Unknown,36,,False,true,
2026-08-21T00:29:04Z,IN,314,2026-08-20T20:15:00-04:00,Unknown,36,,False,true,
2026-08-21T00:29:04Z,IN,313,2026-08-20T20:15:00-04:00,9,75,,True,true,
2026-08-21T00:29:04Z,IN,312,2026-08-20T20:15:00-04:00,LOW,75,,True,true,
2026-08-21T00:29:04Z,IN,311,2026-08-20T20:15:00-04:00,Unknown,13,,False,true,
2026-08-21T00:29:04Z,IN,310,2026-08-20T20:15:00-04:00,Unknown,13,,False,true,
2026-08-21T00:29:04Z,IN,308,2026-08-20T20:15:00-04:00,32,75,,True,true,
2026-08-21T00:29:04Z,IN,309,2026-08-20T20:15:00-04:00,93,150,,True,true,
2026-08-21T00:29:04Z,IN,318,2026-08-20T20:15:00-04:00,13,78,,True,true,
2026-08-21T00:29:04Z,IN,319,2026-08-20T20:15:00-04:00,14,78,,True,true,
2026-08-21T00:29:04Z,IN,320,2026-08-20T20:15:00-04:00,43,83,,True,true,
2026-08-21T00:29:04Z,IN,321,2026-08-20T20:15:00-04:00,21,41,,True,false,
2026-08-21T00:29:04Z,IN,300,2026-08-20T20:15:00-04:00,83,128,,True,false,
2026-08-21T00:29:04Z,IN,302,2026-08-20T20:15:00-04:00,LOW,30,,True,true,
2026-08-21T00:29:04Z,IN,301,2026-08-20T20:15:00-04:00,LOW,30,,True,true,
2026-08-21T00:29:04Z,IN,303,2026-08-20T20:15:00-04:00,86,194,,True,true,
2026-08-21T00:29:04Z,IN,304,2026-08-20T20:15:00-04:00,LOW,99,,True,true,
2026-08-21T00:29:04Z,IN,305,2026-08-20T20:15:00-04:00,Unknown,156,,False,true,
2026-08-21T00:29:04Z,IN,323,2026-08-20T20:15:00-04:00,20,40,,True,true,
2026-08-21T00:29:04Z,IN,702,2026-08-20T20:15:00-04:00,38,75,,True,false,
2026-08-21T00:29:04Z,IN,701,2026-08-20T20:15:00-04:00,30,60,,True,false,
2026-08-21T00:29:04Z,IN,704,2026-08-20T20:15:00-04:00,40,80,,True,false,
2026-08-21T00:29:04Z,IN,703,2026-08-20T20:15:00-04:00,55,110,,True,false,
2026-08-21T00:29:04Z,IN,706,2026-08-20T20:15:00-04:00,35,70,,True,false,
2026-08-21T00:29:04Z,IN,705,2026-08-20T20:15:00-04:00,30,60,,True,false,
2026-08-21T00:29:04Z,IN,708,2026-08-20T20:15:00-04:00,23,45,,True,false,
2026-08-21T00:29:04Z,IN,707,2026-08-20T20:15:00-04:00,20,40,,True,false,
2026-08-21T00:29:04Z,IN,324,2026-08-20T20:15:00-04:00,16,31,,True,true,
2026-08-21T00:29:04Z,KY,KY00065IS0000020N65WELCOM,2026-08-21T00:28:02Z,LOW,21,STEADY,True,True,
2026-08-21T00:29:04Z,KY,KY00065IS000020NSMARATHON,2025-12-19T00:36:53Z,32,60,STEADY,True,False,
2026-08-21T00:29:04Z,KY,KY00065IS0000340NWEIGHS34,2026-07-01T19:04:41Z,35,40,STEADY,True,False,
2026-08-21T00:29:04Z,KY,KY00065IS0011400S65SRA114,2026-08-21T00:28:09Z,LOW,26,STEADY,True,True,
2026-08-21T00:29:04Z,KY,KY00065IS0005900S65SRA059,2026-08-21T00:28:08Z,90,109,FILLING,True,True,
2026-08-21T00:29:04Z,KY,KY00065IS0005900N65NRA059,2026-08-17T17:24:33Z,92,113,STEADY,True,False,
2026-08-21T00:29:04Z,KY,KY00075IS0003300NWEIGHS33,2026-08-21T00:27:46Z,50,50,STEADY,True,False,
2026-08-21T00:29:04Z,KY,KY00075IS0003400SWEIGHS34,2026-08-21T00:27:49Z,LOW,40,STEADY,True,True,
2026-08-21T00:29:04Z,KY,KY00075IS0017700N75NRA177,2026-07-13T10:37:14Z,LOW,53,CLEARING,True,False,
2026-08-21T00:29:04Z,KY,KY00075IS0007500SWALTONWS,2026-08-21T00:27:56Z,35,45,STEADY,True,True,
2026-08-21T00:29:04Z,KY,KY00075IS0017700S75SRA177,2026-08-21T00:27:48Z,LOW,67,STEADY,True,True,
2026-08-21T00:29:04Z,KY,KY00075IS0016800SCRITENWS,2026-08-21T00:27:52Z,31,39,FILLING,True,True,
2026-08-21T00:29:04Z,KY,KY00075IS0000100N75WELCOM,2026-08-21T00:28:12Z,LOW,30,STEADY,True,True,
2026-08-21T00:29:08Z,IL,IL00064IW013000053,2026-08-21T00:28:56Z,0,0,Unknown,False,False,
2026-08-21T00:29:08Z,IL,IL00057IN022200048,2026-08-21T00:28:56Z,Unknown,0,Unknown,True,False,
2026-08-21T00:29:08Z,IL,IL00074IW020800052,2026-08-21T00:28:56Z,Unknown,0,Unknown,True,False,
2026-08-21T00:29:08Z,IL,IL00055IS002700019,2026-08-21T00:28:56Z,Unknown,0,Unknown,True,False,
2026-08-21T00:29:08Z,IL,IL00080IW005100013,2026-08-21T00:28:56Z,Unknown,47,Unknown,True,False,
2026-08-21T00:29:08Z,IL,IL00039IS008500026,2026-08-21T00:28:56Z,Unknown,42,Unknown,True,False,
2026-08-21T00:29:08Z,IL,IL00055IN014900028,2026-08-21T00:28:56Z,Unknown,0,Unknown,True,False,
2026-08-21T00:29:08Z,IL,IL00057IN033300049,2026-08-21T00:28:56Z,Unknown,0,Unknown,True,False,
2026-08-21T00:29:08Z,IL,IL00055IN010400050,2026-08-21T00:28:56Z,0,0,Unknown,False,False,
2026-08-21T00:29:08Z,IL,IL00055IN006400027,2026-08-21T00:28:56Z,Unknown,0,Unknown,True,False,
2026-08-21T00:29:08Z,IL,IL00057IN026800032,2026-08-21T00:28:56Z,Unknown,25,Unknown,True,False,
2026-08-21T00:29:08Z,IL,IL00024IW003700010,2026-08-21T00:28:57Z,Unknown,0,Unknown,True,False,
2026-08-21T00:29:08Z,IL,IL00057IS022200054,2026-08-21T00:28:57Z,Unknown,0,Unknown,True,False,
2026-08-21T00:29:08Z,IL,IL00074IE015600037,2026-08-21T00:28:57Z,0,0,Unknown,False,False,
2026-08-21T00:29:08Z,IL,IL00057IN011400033,2026-08-21T00:28:57Z,Unknown,0,Unknown,True,False,
2026-08-21T00:29:08Z,IL,IL00064IW008500012,2026-08-21T00:28:57Z,Unknown,0,Unknown,True,False,
2026-08-21T00:29:08Z,IL,IL00072IE015200041,2026-08-21T00:24:50Z,12,16,CLEARING,True,True,
2026-08-21T00:29:08Z,IL,IL00039IN008500036,2026-08-21T00:28:57Z,Unknown,42,Unknown,True,False,
2026-08-21T00:29:08Z,IL,IL00055IN019400031,2026-08-21T00:28:57Z,Unknown,36,Unknown,True,False,
2026-08-21T00:29:08Z,IL,IL00074IW015600009,2026-08-21T00:28:57Z,0,0,Unknown,False,False,
2026-08-21T00:29:08Z,IL,IL00057IS026800022,2026-08-21T00:28:57Z,Unknown,27,Unknown,True,False,
2026-08-21T00:29:08Z,IL,IL00080IW011700016,2026-08-21T00:28:57Z,Unknown,39,Unknown,True,False,
2026-08-21T00:29:08Z,IL,IL00070IE008600051,2026-08-21T00:28:57Z,0,0,Unknown,False,False,
2026-08-21T00:29:08Z,IL,IL00072IW015200014,2026-08-21T00:28:57Z,Unknown,17,Unknown,True,False,
2026-08-21T00:29:08Z,IL,IL00055IN002700029,2026-08-21T00:28:57Z,Unknown,0,Unknown,True,False,
2026-08-21T00:29:08Z,IL,IL00064IE002500038,2026-08-21T00:28:56Z,Unknown,0,Unknown,True,False,
2026-08-21T00:29:08Z,IL,IL00057IS033300046,2026-08-21T00:28:56Z,Unknown,0,Unknown,True,False,
2026-08-21T00:29:08Z,IL,IL00070IW002700015,2026-08-21T00:28:56Z,Unknown,0,Unknown,True,False,
2026-08-21T00:29:08Z,IL,IL00080IE011700043,2026-08-21T00:28:56Z,Unknown,31,Unknown,True,False,
2026-08-21T00:29:08Z,IL,IL00064IE008500039,2026-08-21T00:28:56Z,Unknown,0,Unknown,True,False,
2026-08-21T00:29:08Z,IL,IL00057IS007900047,2026-08-21T00:28:57Z,Unknown,0,Unknown,True,False,
2026-08-21T00:29:08Z,IL,IL00057IS011400023,2026-08-21T00:28:57Z,Unknown,0,Unknown,True,False,
2026-08-21T00:29:08Z,IL,IL00055IS019400021,2026-08-21T00:28:57Z,Unknown,29,Unknown,True,False,
2026-08-21T00:29:08Z,IL,IL00074IE002800030,2026-08-21T00:28:57Z,Unknown,14,Unknown,True,False,
2026-08-21T00:29:08Z,IL,IL00057IN007900034,2026-08-21T00:28:57Z,Unknown,0,Unknown,True,False,
2026-08-21T00:29:08Z,IL,IL00070IE002700042,2026-08-21T00:28:57Z,Unknown,0,Unknown,True,False,
2026-08-21T00:29:08Z,IL,IL00064IW002500011,2026-08-21T00:28:57Z,Unknown,0,Unknown,True,False,
2026-08-21T00:29:08Z,IL,IL00074IW002800020,2026-08-21T00:28:57Z,Unknown,15,Unknown,True,False,
2026-08-21T00:29:08Z,IL,IL00080IE005100040,2026-08-21T00:28:58Z,Unknown,39,Unknown,True,False,
2026-08-21T00:29:08Z,IL,IL00055IS006400017,2026-08-21T00:28:58Z,Unknown,0,Unknown,True,False,
2026-08-21T00:29:08Z,IL,IL00074IE011400005,2026-08-21T00:28:39Z,Unknown,25,Unknown,True,False,
2026-08-21T00:29:08Z,IL,IL00074IW006200004,2026-08-21T00:28:40Z,7,12,FILLING,True,True,
2026-08-21T00:29:08Z,IL,IL00070IW008700045,2026-08-21T00:26:09Z,2,15,STEADY,True,True,
2026-08-21T00:29:08Z,IL,IL00057IS016500018,2026-08-21T00:26:12Z,2,15,CLEARING,True,True,
2026-08-21T00:29:08Z,IL,IL00074IW011400006,2026-08-21T00:28:42Z,3,18,STEADY,True,True,
2026-08-21T00:29:08Z,IL,IL00074IE006200001,2026-08-21T00:28:43Z,8,13,STEADY,True,True,
2026-08-21T00:29:08Z,IL,IL00070IW014900008,2026-08-21T00:28:21Z,Unknown,39,Unknown,True,False,
2026-08-21T00:29:08Z,IL,IL00057IN016500044,2026-08-21T00:28:46Z,0,15,FILLING,False,False,
2026-08-21T00:29:08Z,IL,IL00055IS010400024,2026-08-21T00:24:43Z,Unknown,0,STEADY,,False,
2026-08-21T00:29:08Z,IL,IL00057IS003200025,2026-08-21T00:24:43Z,Unknown,0,STEADY,,False,
2026-08-21T00:29:08Z,IL,IL00057IN003200035,2026-08-21T00:24:44Z,Unknown,17,STEADY,,False,
2026-08-21T00:29:08Z,IN,322,2026-08-20T20:15:00-04:00,72,75,,True,false,
2026-08-21T00:29:08Z,IN,317,2026-08-20T20:15:00-04:00,19,58,,True,true,
2026-08-21T00:29:08Z,IN,316,2026-08-20T20:15:00-04:00,44,58,,True,false,
2026-08-21T00:29:08Z,IN,315,2026-08-20T20:15:00-04:00,Unknown,36,,False,true,
2026-08-21T00:29:08Z,IN,314,2026-08-20T20:15:00-04:00,Unknown,36,,False,true,
2026-08-21T00:29:08Z,IN,313,2026-08-20T20:15:00-04:00,9,75,,True,true,
2026-08-21T00:29:08Z,IN,312,2026-08-20T20:15:00-04:00,LOW,75,,True,true,
2026-08-21T00:29:08Z,IN,311,2026-08-20T20:15:00-04:00,Unknown,13,,False,true,
2026-08-21T00:29:08Z,IN,310,2026-08-20T20:15:00-04:00,Unknown,13,,False,true,
2026-08-21T00:29:08Z,IN,308,2026-08-20T20:15:00-04:00,32,75,,True,true,
2026-08-21T00:29:08Z,IN,309,2026-08-20T20:15:00-04:00,93,150,,True,true,
2026-08-21T00:29:08Z,IN,318,2026-08-20T20:15:00-04:00,13,78,,True,true,
2026-08-21T00:29:08Z,IN,319,2026-08-20T20:15:00-04:00,14,78,,True,true,
2026-08-21T00:29:08Z,IN,320,2026-08-20T20:15:00-04:00,43,83,,True,true,
2026-08-21T00:29:08Z,IN,321,2026-08-20T20:15:00-04:00,21,41,,True,false,
2026-08-21T00:29:08Z,IN,300,2026-08-20T20:15:00-04:00,83,128,,True,false,
2026-08-21T00:29:08Z,IN,302,2026-08-20T20:15:00-04:00,LOW,30,,True,true,
2026-08-21T00:29:08Z,IN,301,2026-08-20T20:15:00-04:00,LOW,30,,True,true,
2026-08-21T00:29:08Z,IN,303,2026-08-20T20:15:00-04:00,86,194,,True,true,
2026-08-21T00:29:08Z,IN,304,2026-08-20T20:15:00-04:00,LOW,99,,True,true,
2026-08-21T00:29:08Z,IN,305,2026-08-20T20:15:00-04:00,Unknown,156,,False,true,
2026-08-21T00:29:08Z,IN,323,2026-08-20T20:15:00-04:00,20,40,,True,true,
2026-08-21T00:29:08Z,IN,702,2026-08-20T20:15:00-04:00,38,75,,True,false,
2026-08-21T00:29:08Z,IN,701,2026-08-20T20:15:00-04:00,30,60,,True,false,
2026-08-21T00:29:08Z,IN,704,2026-08-20T20:15:00-04:00,40,80,,True,false,
2026-08-21T00:29:08Z,IN,703,2026-08-20T20:15:00-04:00,55,110,,True,false,
2026-08-21T00:29:08Z,IN,706,2026-08-20T20:15:00-04:00,35,70,,True,false,
2026-08-21T00:29:08Z,IN,705,2026-08-20T20:15:00-04:00,30,60,,True,false,
2026-08-21T00:29:08Z,IN,708,2026-08-20T20:15:00-04:00,23,45,,True,false,
2026-08-21T00:29:08Z,IN,707,2026-08-20T20:15:00-04:00,20,40,,True,false,
2026-08-21T00:29:08Z,IN,324,2026-08-20T20:15:00-04:00,16,31,,True,true,
2026-08-21T00:29:08Z,KY,KY00065IS0000020N65WELCOM,2026-08-21T00:28:02Z,LOW,21,STEADY,True,True,
2026-08-21T00:29:08Z,KY,KY00065IS000020NSMARATHON,2025-12-19T00:36:53Z,32,60,STEADY,True,False,
2026-08-21T00:29:08Z,KY,KY00065IS0000340NWEIGHS34,2026-07-01T19:04:41Z,35,40,STEADY,True,False,
2026-08-21T00:29:08Z,KY,KY00065IS0011400S65SRA114,2026-08-21T00:28:09Z,LOW,26,STEADY,True,True,
2026-08-21T00:29:08Z,KY,KY00065IS0005900S65SRA059,2026-08-21T00:28:08Z,90,109,FILLING,True,True,
2026-08-21T00:29:08Z,KY,KY00065IS0005900N65NRA059,2026-08-17T17:24:33Z,92,113,STEADY,True,False,
2026-08-21T00:29:08Z,KY,KY00075IS0003300NWEIGHS33,2026-08-21T00:27:46Z,50,50,STEADY,True,False,
2026-08-21T00:29:08Z,KY,KY00075IS0003400SWEIGHS34,2026-08-21T00:27:49Z,LOW,40,STEADY,True,True,
2026-08-21T00:29:08Z,KY,KY00075IS0017700N75NRA177,2026-07-13T10:37:14Z,LOW,53,CLEARING,True,False,
2026-08-21T00:29:08Z,KY,KY00075IS0007500SWALTONWS,2026-08-21T00:27:56Z,35,45,STEADY,True,True,
2026-08-21T00:29:08Z,KY,KY00075IS0017700S75SRA177,2026-08-21T00:27:48Z,LOW,67,STEADY,True,True,
2026-08-21T00:29:08Z,KY,KY00075IS0016800SCRITENWS,2026-08-21T00:27:52Z,31,39,FILLING,True,True,
2026-08-21T00:29:08Z,KY,KY00075IS0000100N75WELCOM,2026-08-21T00:28:12Z,LOW,30,STEADY,True,True,
2026-08-21T00:29:12Z,IL,IL00064IW013000053,2026-08-21T00:28:56Z,0,0,Unknown,False,False,
2026-08-21T00:29:12Z,IL,IL00057IN022200048,2026-08-21T00:28:56Z,Unknown,0,Unknown,True,False,
2026-08-21T00:29:12Z,IL,IL00074IW020800052,2026-08-21T00:28:56Z,Unknown,0,Unknown,True,False,
2026-08-21T00:29:12Z,IL,IL00055IS002700019,2026-08-21T00:28:56Z,Unknown,0,Unknown,True,False,
2026-08-21T00:29:12Z,IL,IL00080IW005100013,2026-08-21T00:28:56Z,Unknown,47,Unknown,True,False,
2026-08-21T00:29:12Z,IL,IL00039IS008500026,2026-08-21T00:28:56Z,Unknown,42,Unknown,True,False,
2026-08-21T00:29:12Z,IL,IL00055IN014900028,2026-08-21T00:28:56Z,Unknown,0,Unknown,True,False,
2026-08-21T00:29:12Z,IL,IL00057IN033300049,2026-08-21T00:28:56Z,Unknown,0,Unknown,True,False,
2026-08-21T00:29:12Z,IL,IL00055IN010400050,2026-08-21T00:28:56Z,0,0,Unknown,False,False,
2026-08-21T00:29:12Z,IL,IL00055IN006400027,2026-08-21T00:28:56Z,Unknown,0,Unknown,True,False,
2026-08-21T00:29:12Z,IL,IL00057IN026800032,2026-08-21T00:28:56Z,Unknown,25,Unknown,True,False,
2026-08-21T00:29:12Z,IL,IL00024IW003700010,2026-08-21T00:28:57Z,Unknown,0,Unknown,True,False,
2026-08-21T00:29:12Z,IL,IL00057IS022200054,2026-08-21T00:28:57Z,Unknown,0,Unknown,True,False,
2026-08-21T00:29:12Z,IL,IL00074IE015600037,2026-08-21T00:28:57Z,0,0,Unknown,False,False,
2026-08-21T00:29:12Z,IL,IL00057IN011400033,2026-08-21T00:28:57Z,Unknown,0,Unknown,True,False,
2026-08-21T00:29:12Z,IL,IL00064IW008500012,2026-08-21T00:28:57Z,Unknown,0,Unknown,True,False,
2026-08-21T00:29:12Z,IL,IL00072IE015200041,2026-08-21T00:24:50Z,12,16,CLEARING,True,True,
2026-08-21T00:29:12Z,IL,IL00039IN008500036,2026-08-21T00:28:57Z,Unknown,42,Unknown,True,False,
2026-08-21T00:29:12Z,IL,IL00055IN019400031,2026-08-21T00:28:57Z,Unknown,36,Unknown,True,False,
2026-08-21T00:29:12Z,IL,IL00074IW015600009,2026-08-21T00:28:57Z,0,0,Unknown,False,False,
2026-08-21T00:29:12Z,IL,IL00057IS026800022,2026-08-21T00:28:57Z,Unknown,27,Unknown,True,False,
2026-08-21T00:29:12Z,IL,IL00080IW011700016,2026-08-21T00:28:57Z,Unknown,39,Unknown,True,False,
2026-08-21T00:29:12Z,IL,IL00070IE008600051,2026-08-21T00:28:57Z,0,0,Unknown,False,False,
2026-08-21T00:29:12Z,IL,IL00072IW015200014,2026-08-21T00:28:57Z,Unknown,17,Unknown,True,False,
2026-08-21T00:29:12Z,IL,IL00055IN002700029,2026-08-21T00:28:57Z,Unknown,0,Unknown,True,False,
2026-08-21T00:29:12Z,IL,IL00064IE002500038,2026-08-21T00:28:56Z,Unknown,0,Unknown,True,False,
2026-08-21T00:29:12Z,IL,IL00057IS033300046,2026-08-21T00:28:56Z,Unknown,0,Unknown,True,False,
2026-08-21T00:29:12Z,IL,IL00070IW002700015,2026-08-21T00:28:56Z,Unknown,0,Unknown,True,False,
2026-08-21T00:29:12Z,IL,IL00080IE011700043,2026-08-21T00:28:56Z,Unknown,31,Unknown,True,False,
2026-08-21T00:29:12Z,IL,IL00064IE008500039,2026-08-21T00:28:56Z,Unknown,0,Unknown,True,False,
2026-08-21T00:29:12Z,IL,IL00057IS007900047,2026-08-21T00:28:57Z,Unknown,0,Unknown,True,False,
2026-08-21T00:29:12Z,IL,IL00057IS011400023,2026-08-21T00:28:57Z,Unknown,0,Unknown,True,False,
2026-08-21T00:29:12Z,IL,IL00055IS019400021,2026-08-21T00:28:57Z,Unknown,29,Unknown,True,False,
2026-08-21T00:29:12Z,IL,IL00074IE002800030,2026-08-21T00:28:57Z,Unknown,14,Unknown,True,False,
2026-08-21T00:29:12Z,IL,IL00057IN007900034,2026-08-21T00:28:57Z,Unknown,0,Unknown,True,False,
2026-08-21T00:29:12Z,IL,IL00070IE002700042,2026-08-21T00:28:57Z,Unknown,0,Unknown,True,False,
2026-08-21T00:29:12Z,IL,IL00064IW002500011,2026-08-21T00:28:57Z,Unknown,0,Unknown,True,False,
2026-08-21T00:29:12Z,IL,IL00074IW002800020,2026-08-21T00:28:57Z,Unknown,15,Unknown,True,False,
2026-08-21T00:29:12Z,IL,IL00080IE005100040,2026-08-21T00:28:58Z,Unknown,39,Unknown,True,False,
2026-08-21T00:29:12Z,IL,IL00055IS006400017,2026-08-21T00:28:58Z,Unknown,0,Unknown,True,False,
2026-08-21T00:29:12Z,IL,IL00074IE011400005,2026-08-21T00:28:39Z,Unknown,25,Unknown,True,False,
2026-08-21T00:29:12Z,IL,IL00074IW006200004,2026-08-21T00:28:40Z,7,12,FILLING,True,True,
2026-08-21T00:29:12Z,IL,IL00070IW008700045,2026-08-21T00:26:09Z,2,15,STEADY,True,True,
2026-08-21T00:29:12Z,IL,IL00057IS016500018,2026-08-21T00:26:12Z,2,15,CLEARING,True,True,
2026-08-21T00:29:12Z,IL,IL00074IW011400006,2026-08-21T00:28:42Z,3,18,STEADY,True,True,
2026-08-21T00:29:12Z,IL,IL00074IE006200001,2026-08-21T00:28:43Z,8,13,STEADY,True,True,
2026-08-21T00:29:12Z,IL,IL00070IW014900008,2026-08-21T00:28:21Z,Unknown,39,Unknown,True,False,
2026-08-21T00:29:12Z,IL,IL00057IN016500044,2026-08-21T00:28:46Z,0,15,FILLING,False,False,
2026-08-21T00:29:12Z,IL,IL00055IS010400024,2026-08-21T00:24:43Z,Unknown,0,STEADY,,False,
2026-08-21T00:29:12Z,IL,IL00057IS003200025,2026-08-21T00:24:43Z,Unknown,0,STEADY,,False,
2026-08-21T00:29:12Z,IL,IL00057IN003200035,2026-08-21T00:24:44Z,Unknown,17,STEADY,,False,
2026-08-21T00:29:12Z,IN,322,2026-08-20T20:15:00-04:00,72,75,,True,false,
2026-08-21T00:29:12Z,IN,317,2026-08-20T20:15:00-04:00,19,58,,True,true,
2026-08-21T00:29:12Z,IN,316,2026-08-20T20:15:00-04:00,44,58,,True,false,
2026-08-21T00:29:12Z,IN,315,2026-08-20T20:15:00-04:00,Unknown,36,,False,true,
2026-08-21T00:29:12Z,IN,314,2026-08-20T20:15:00-04:00,Unknown,36,,False,true,
2026-08-21T00:29:12Z,IN,313,2026-08-20T20:15:00-04:00,9,75,,True,true,
2026-08-21T00:29:12Z,IN,312,2026-08-20T20:15:00-04:00,LOW,75,,True,true,
2026-08-21T00:29:12Z,IN,311,2026-08-20T20:15:00-04:00,Unknown,13,,False,true,
2026-08-21T00:29:12Z,IN,310,2026-08-20T20:15:00-04:00,Unknown,13,,False,true,
2026-08-21T00:29:12Z,IN,308,2026-08-20T20:15:00-04:00,32,75,,True,true,
2026-08-21T00:29:12Z,IN,309,2026-08-20T20:15:00-04:00,93,150,,True,true,
2026-08-21T00:29:12Z,IN,318,2026-08-20T20:15:00-04:00,13,78,,True,true,
2026-08-21T00:29:12Z,IN,319,2026-08-20T20:15:00-04:00,14,78,,True,true,
2026-08-21T00:29:12Z,IN,320,2026-08-20T20:15:00-04:00,43,83,,True,true,
2026-08-21T00:29:12Z,IN,321,2026-08-20T20:15:00-04:00,21,41,,True,false,
2026-08-21T00:29:12Z,IN,300,2026-08-20T20:15:00-04:00,83,128,,True,false,
2026-08-21T00:29:12Z,IN,302,2026-08-20T20:15:00-04:00,LOW,30,,True,true,
2026-08-21T00:29:12Z,IN,301,2026-08-20T20:15:00-04:00,LOW,30,,True,true,
2026-08-21T00:29:12Z,IN,303,2026-08-20T20:15:00-04:00,86,194,,True,true,
2026-08-21T00:29:12Z,IN,304,2026-08-20T20:15:00-04:00,LOW,99,,True,true,
2026-08-21T00:29:12Z,IN,305,2026-08-20T20:15:00-04:00,Unknown,156,,False,true,
2026-08-21T00:29:12Z,IN,323,2026-08-20T20:15:00-04:00,20,40,,True,true,
2026-08-21T00:29:12Z,IN,702,2026-08-20T20:15:00-04:00,38,75,,True,false,
2026-08-21T00:29:12Z,IN,701,2026-08-20T20:15:00-04:00,30,60,,True,false,
2026-08-21T00:29:12Z,IN,704,2026-08-20T20:15:00-04:00,40,80,,True,false,
2026-08-21T00:29:12Z,IN,703,2026-08-20T20:15:00-04:00,55,110,,True,false,
2026-08-21T00:29:12Z,IN,706,2026-08-20T20:15:00-04:00,35,70,,True,false,
2026-08-21T00:29:12Z,IN,705,2026-08-20T20:15:00-04:00,30,60,,True,false,
2026-08-21T00:29:12Z,IN,708,2026-08-20T20:15:00-04:00,23,45,,True,false,
2026-08-21T00:29:12Z,IN,707,2026-08-20T20:15:00-04:00,20,40,,True,false,
2026-08-21T00:29:12Z,IN,324,2026-08-20T20:15:00-04:00,16,31,,True,true,
2026-08-21T00:29:12Z,KY,KY00065IS0000020N65WELCOM,2026-08-21T00:28:02Z,LOW,21,STEADY,True,True,
2026-08-21T00:29:12Z,KY,KY00065IS000020NSMARATHON,2025-12-19T00:36:53Z,32,60,STEADY,True,False,
2026-08-21T00:29:12Z,KY,KY00065IS0000340NWEIGHS34,2026-07-01T19:04:41Z,35,40,STEADY,True,False,
2026-08-21T00:29:12Z,KY,KY00065IS0011400S65SRA114,2026-08-21T00:28:09Z,LOW,26,STEADY,True,True,
2026-08-21T00:29:12Z,KY,KY00065IS0005900S65SRA059,2026-08-21T00:28:08Z,90,109,FILLING,True,True,
2026-08-21T00:29:12Z,KY,KY00065IS0005900N65NRA059,2026-08-17T17:24:33Z,92,113,STEADY,True,False,
2026-08-21T00:29:12Z,KY,KY00075IS0003300NWEIGHS33,2026-08-21T00:27:46Z,50,50,STEADY,True,False,
2026-08-21T00:29:12Z,KY,KY00075IS0003400SWEIGHS34,2026-08-21T00:27:49Z,LOW,40,STEADY,True,True,
2026-08-21T00:29:12Z,KY,KY00075IS0017700N75NRA177,2026-07-13T10:37:14Z,LOW,53,CLEARING,True,False,
2026-08-21T00:29:12Z,KY,KY00075IS0007500SWALTONWS,2026-08-21T00:27:56Z,35,45,STEADY,True,True,
2026-08-21T00:29:12Z,KY,KY00075IS0017700S75SRA177,2026-08-21T00:27:48Z,LOW,67,STEADY,True,True,
2026-08-21T00:29:12Z,KY,KY00075IS0016800SCRITENWS,2026-08-21T00:27:52Z,31,39,FILLING,True,True,
2026-08-21T00:29:12Z,KY,KY00075IS0000100N75WELCOM,2026-08-21T00:28:12Z,LOW,30,STEADY,True,True,
2026-08-21T00:29:16Z,IL,IL00064IW013000053,2026-08-21T00:28:56Z,0,0,Unknown,False,False,
2026-08-21T00:29:16Z,IL,IL00057IN022200048,2026-08-21T00:28:56Z,Unknown,0,Unknown,True,False,
2026-08-21T00:29:16Z,IL,IL00074IW020800052,2026-08-21T00:28:56Z,Unknown,0,Unknown,True,False,
2026-08-21T00:29:16Z,IL,IL00055IS002700019,2026-08-21T00:28:56Z,Unknown,0,Unknown,True,False,
2026-08-21T00:29:16Z,IL,IL00080IW005100013,2026-08-21T00:28:56Z,Unknown,47,Unknown,True,False,
2026-08-21T00:29:16Z,IL,IL00039IS008500026,2026-08-21T00:28:56Z,Unknown,42,Unknown,True,False,
2026-08-21T00:29:16Z,IL,IL00055IN014900028,2026-08-21T00:28:56Z,Unknown,0,Unknown,True,False,
2026-08-21T00:29:16Z,IL,IL00057IN033300049,2026-08-21T00:28:56Z,Unknown,0,Unknown,True,False,
2026-08-21T00:29:16Z,IL,IL00055IN010400050,2026-08-21T00:28:56Z,0,0,Unknown,False,False,
2026-08-21T00:29:16Z,IL,IL00055IN006400027,2026-08-21T00:28:56Z,Unknown,0,Unknown,True,False,
2026-08-21T00:29:16Z,IL,IL00057IN026800032,2026-08-21T00:28:56Z,Unknown,25,Unknown,True,False,
2026-08-21T00:29:16Z,IL,IL00024IW003700010,2026-08-21T00:28:57Z,Unknown,0,Unknown,True,False,
2026-08-21T00:29:16Z,IL,IL00057IS022200054,2026-08-21T00:28:57Z,Unknown,0,Unknown,True,False,
2026-08-21T00:29:16Z,IL,IL00074IE015600037,2026-08-21T00:28:57Z,0,0,Unknown,False,False,
2026-08-21T00:29:16Z,IL,IL00057IN011400033,2026-08-21T00:28:57Z,Unknown,0,Unknown,True,False,
2026-08-21T00:29:16Z,IL,IL00064IW008500012,2026-08-21T00:28:57Z,Unknown,0,Unknown,True,False,
2026-08-21T00:29:16Z,IL,IL00072IE015200041,2026-08-21T00:24:50Z,12,16,CLEARING,True,True,
2026-08-21T00:29:16Z,IL,IL00039IN008500036,2026-08-21T00:28:57Z,Unknown,42,Unknown,True,False,
2026-08-21T00:29:16Z,IL,IL00055IN019400031,2026-08-21T00:28:57Z,Unknown,36,Unknown,True,False,
2026-08-21T00:29:16Z,IL,IL00074IW015600009,2026-08-21T00:28:57Z,0,0,Unknown,False,False,
2026-08-21T00:29:16Z,IL,IL00057IS026800022,2026-08-21T00:28:57Z,Unknown,27,Unknown,True,False,
2026-08-21T00:29:16Z,IL,IL00080IW011700016,2026-08-21T00:28:57Z,Unknown,39,Unknown,True,False,
2026-08-21T00:29:16Z,IL,IL00070IE008600051,2026-08-21T00:28:57Z,0,0,Unknown,False,False,
2026-08-21T00:29:16Z,IL,IL00072IW015200014,2026-08-21T00:28:57Z,Unknown,17,Unknown,True,False,
2026-08-21T00:29:16Z,IL,IL00055IN002700029,2026-08-21T00:28:57Z,Unknown,0,Unknown,True,False,
2026-08-21T00:29:16Z,IL,IL00064IE002500038,2026-08-21T00:28:56Z,Unknown,0,Unknown,True,False,
2026-08-21T00:29:16Z,IL,IL00057IS033300046,2026-08-21T00:28:56Z,Unknown,0,Unknown,True,False,
2026-08-21T00:29:16Z,IL,IL00070IW002700015,2026-08-21T00:28:56Z,Unknown,0,Unknown,True,False,
2026-08-21T00:29:16Z,IL,IL00080IE011700043,2026-08-21T00:28:56Z,Unknown,31,Unknown,True,False,
2026-08-21T00:29:16Z,IL,IL00064IE008500039,2026-08-21T00:28:56Z,Unknown,0,Unknown,True,False,
2026-08-21T00:29:16Z,IL,IL00057IS007900047,2026-08-21T00:28:57Z,Unknown,0,Unknown,True,False,
2026-08-21T00:29:16Z,IL,IL00057IS011400023,2026-08-21T00:28:57Z,Unknown,0,Unknown,True,False,
2026-08-21T00:29:16Z,IL,IL00055IS019400021,2026-08-21T00:28:57Z,Unknown,29,Unknown,True,False,
2026-08-21T00:29:16Z,IL,IL00074IE002800030,2026-08-21T00:28:57Z,Unknown,14,Unknown,True,False,
2026-08-21T00:29:16Z,IL,IL00057IN007900034,2026-08-21T00:28:57Z,Unknown,0,Unknown,True,False,
2026-08-21T00:29:16Z,IL,IL00070IE002700042,2026-08-21T00:28:57Z,Unknown,0,Unknown,True,False,
2026-08-21T00:29:16Z,IL,IL00064IW002500011,2026-08-21T00:28:57Z,Unknown,0,Unknown,True,False,
2026-08-21T00:29:16Z,IL,IL00074IW002800020,2026-08-21T00:28:57Z,Unknown,15,Unknown,True,False,
2026-08-21T00:29:16Z,IL,IL00080IE005100040,2026-08-21T00:28:58Z,Unknown,39,Unknown,True,False,
2026-08-21T00:29:16Z,IL,IL00055IS006400017,2026-08-21T00:28:58Z,Unknown,0,Unknown,True,False,
2026-08-21T00:29:16Z,IL,IL00074IE011400005,2026-08-21T00:28:39Z,Unknown,25,Unknown,True,False,
2026-08-21T00:29:16Z,IL,IL00074IW006200004,2026-08-21T00:28:40Z,7,12,FILLING,True,True,
2026-08-21T00:29:16Z,IL,IL00070IW008700045,2026-08-21T00:26:09Z,2,15,STEADY,True,True,
2026-08-21T00:29:16Z,IL,IL00057IS016500018,2026-08-21T00:26:12Z,2,15,CLEARING,True,True,
2026-08-21T00:29:16Z,IL,IL00074IW011400006,2026-08-21T00:28:42Z,3,18,STEADY,True,True,
2026-08-21T00:29:16Z,IL,IL00074IE006200001,2026-08-21T00:28:43Z,8,13,STEADY,True,True,
2026-08-21T00:29:16Z,IL,IL00070IW014900008,2026-08-21T00:28:21Z,Unknown,39,Unknown,True,False,
2026-08-21T00:29:16Z,IL,IL00057IN016500044,2026-08-21T00:28:46Z,0,15,FILLING,False,False,
2026-08-21T00:29:16Z,IL,IL00055IS010400024,2026-08-21T00:24:43Z,Unknown,0,STEADY,,False,
2026-08-21T00:29:16Z,IL,IL00057IS003200025,2026-08-21T00:24:43Z,Unknown,0,STEADY,,False,
2026-08-21T00:29:16Z,IL,IL00057IN003200035,2026-08-21T00:24:44Z,Unknown,17,STEADY,,False,
2026-08-21T00:29:16Z,IN,322,2026-08-20T20:15:00-04:00,72,75,,True,false,
2026-08-21T00:29:16Z,IN,317,2026-08-20T20:15:00-04:00,19,58,,True,true,
2026-08-21T00:29:16Z,IN,316,2026-08-20T20:15:00-04:00,44,58,,True,false,
2026-08-21T00:29:16Z,IN,315,2026-08-20T20:15:00-04:00,Unknown,36,,False,true,
2026-08-21T00:29:16Z,IN,314,2026-08-20T20:15:00-04:00,Unknown,36,,False,true,
2026-08-21T00:29:16Z,IN,313,2026-08-20T20:15:00-04:00,9,75,,True,true,
2026-08-21T00:29:16Z,IN,312,2026-08-20T20:15:00-04:00,LOW,75,,True,true,
2026-08-21T00:29:16Z,IN,311,2026-08-20T20:15:00-04:00,Unknown,13,,False,true,
2026-08-21T00:29:16Z,IN,310,2026-08-20T20:15:00-04:00,Unknown,13,,False,true,
2026-08-21T00:29:16Z,IN,308,2026-08-20T20:15:00-04:00,32,75,,True,true,
2026-08-21T00:29:16Z,IN,309,2026-08-20T20:15:00-04:00,93,150,,True,true,
2026-08-21T00:29:16Z,IN,318,2026-08-20T20:15:00-04:00,13,78,,True,true,
2026-08-21T00:29:16Z,IN,319,2026-08-20T20:15:00-04:00,14,78,,True,true,
2026-08-21T00:29:16Z,IN,320,2026-08-20T20:15:00-04:00,43,83,,True,true,
2026-08-21T00:29:16Z,IN,321,2026-08-20T20:15:00-04:00,21,41,,True,false,
2026-08-21T00:29:16Z,IN,300,2026-08-20T20:15:00-04:00,83,128,,True,false,
2026-08-21T00:29:16Z,IN,302,2026-08-20T20:15:00-04:00,LOW,30,,True,true,
2026-08-21T00:29:16Z,IN,301,2026-08-20T20:15:00-04:00,LOW,30,,True,true,
2026-08-21T00:29:16Z,IN,303,2026-08-20T20:15:00-04:00,86,194,,True,true,
2026-08-21T00:29:16Z,IN,304,2026-08-20T20:15:00-04:00,LOW,99,,True,true,
2026-08-21T00:29:16Z,IN,305,2026-08-20T20:15:00-04:00,Unknown,156,,False,true,
2026-08-21T00:29:16Z,IN,323,2026-08-20T20:15:00-04:00,20,40,,True,true,
2026-08-21T00:29:16Z,IN,702,2026-08-20T20:15:00-04:00,38,75,,True,false,
2026-08-21T00:29:16Z,IN,701,2026-08-20T20:15:00-04:00,30,60,,True,false,
2026-08-21T00:29:16Z,IN,704,2026-08-20T20:15:00-04:00,40,80,,True,false,
2026-08-21T00:29:16Z,IN,703,2026-08-20T20:15:00-04:00,55,110,,True,false,
2026-08-21T00:29:16Z,IN,706,2026-08-20T20:15:00-04:00,35,70,,True,false,
2026-08-21T00:29:16Z,IN,705,2026-08-20T20:15:00-04:00,30,60,,True,false,
2026-08-21T00:29:16Z,IN,708,2026-08-20T20:15:00-04:00,23,45,,True,false,
2026-08-21T00:29:16Z,IN,707,2026-08-20T20:15:00-04:00,20,40,,True,false,
2026-08-21T00:29:16Z,IN,324,2026-08-20T20:15:00-04:00,16,31,,True,true,
2026-08-21T00:29:16Z,KY,KY00065IS0000020N65WELCOM,2026-08-21T00:28:02Z,LOW,21,STEADY,True,True,
2026-08-21T00:29:16Z,KY,KY00065IS000020NSMARATHON,2025-12-19T00:36:53Z,32,60,STEADY,True,False,
2026-08-21T00:29:16Z,KY,KY00065IS0000340NWEIGHS34,2026-07-01T19:04:41Z,35,40,STEADY,True,False,
2026-08-21T00:29:16Z,KY,KY00065IS0011400S65SRA114,2026-08-21T00:28:09Z,LOW,26,STEADY,True,True,
2026-08-21T00:29:16Z,KY,KY00065IS0005900S65SRA059,2026-08-21T00:28:08Z,90,109,FILLING,True,True,
2026-08-21T00:29:16Z,KY,KY00065IS0005900N65NRA059,2026-08-17T17:24:33Z,92,113,STEADY,True,False,
2026-08-21T00:29:16Z,KY,KY00075IS0003300NWEIGHS33,2026-08-21T00:27:46Z,50,50,STEADY,True,False,
2026-08-21T00:29:16Z,KY,KY00075IS0003400SWEIGHS34,2026-08-21T00:27:49Z,LOW,40,STEADY,True,True,
2026-08-21T00:29:16Z,KY,KY00075IS0017700N75NRA177,2026-07-13T10:37:14Z,LOW,53,CLEARING,True,False,
2026-08-21T00:29:16Z,KY,KY00075IS0007500SWALTONWS,2026-08-21T00:27:56Z,35,45,STEADY,True,True,
2026-08-21T00:29:16Z,KY,KY00075IS0017700S75SRA177,2026-08-21T00:27:48Z,LOW,67,STEADY,True,True,
2026-08-21T00:29:16Z,KY,KY00075IS0016800SCRITENWS,2026-08-21T00:27:52Z,31,39,FILLING,True,True,
2026-08-21T00:29:16Z,KY,KY00075IS0000100N75WELCOM,2026-08-21T00:28:12Z,LOW,30,STEADY,True,True,
2026-08-21T00:29:20Z,IL,IL00064IW013000053,2026-08-21T00:28:56Z,0,0,Unknown,False,False,
2026-08-21T00:29:20Z,IL,IL00057IN022200048,2026-08-21T00:28:56Z,Unknown,0,Unknown,True,False,
2026-08-21T00:29:20Z,IL,IL00074IW020800052,2026-08-21T00:28:56Z,Unknown,0,Unknown,True,False,
2026-08-21T00:29:20Z,IL,IL00055IS002700019,2026-08-21T00:28:56Z,Unknown,0,Unknown,True,False,
2026-08-21T00:29:20Z,IL,IL00080IW005100013,2026-08-21T00:28:56Z,Unknown,47,Unknown,True,False,
2026-08-21T00:29:20Z,IL,IL00039IS008500026,2026-08-21T00:28:56Z,Unknown,42,Unknown,True,False,
2026-08-21T00:29:20Z,IL,IL00055IN014900028,2026-08-21T00:28:56Z,Unknown,0,Unknown,True,False,
2026-08-21T00:29:20Z,IL,IL00057IN033300049,2026-08-21T00:28:56Z,Unknown,0,Unknown,True,False,
2026-08-21T00:29:20Z,IL,IL00055IN010400050,2026-08-21T00:28:56Z,0,0,Unknown,False,False,
2026-08-21T00:29:20Z,IL,IL00055IN006400027,2026-08-21T00:28:56Z,Unknown,0,Unknown,True,False,
2026-08-21T00:29:20Z,IL,IL00057IN026800032,2026-08-21T00:28:56Z,Unknown,25,Unknown,True,False,
2026-08-21T00:29:20Z,IL,IL00024IW003700010,2026-08-21T00:28:57Z,Unknown,0,Unknown,True,False,
2026-08-21T00:29:20Z,IL,IL00057IS022200054,2026-08-21T00:28:57Z,Unknown,0,Unknown,True,False,
2026-08-21T00:29:20Z,IL,IL00074IE015600037,2026-08-21T00:28:57Z,0,0,Unknown,False,False,
2026-08-21T00:29:20Z,IL,IL00057IN011400033,2026-08-21T00:28:57Z,Unknown,0,Unknown,True,False,
2026-08-21T00:29:20Z,IL,IL00064IW008500012,2026-08-21T00:28:57Z,Unknown,0,Unknown,True,False,
2026-08-21T00:29:20Z,IL,IL00072IE015200041,2026-08-21T00:24:50Z,12,16,CLEARING,True,True,
2026-08-21T00:29:20Z,IL,IL00039IN008500036,2026-08-21T00:28:57Z,Unknown,42,Unknown,True,False,
2026-08-21T00:29:20Z,IL,IL00055IN019400031,2026-08-21T00:28:57Z,Unknown,36,Unknown,True,False,
2026-08-21T00:29:20Z,IL,IL00074IW015600009,2026-08-21T00:28:57Z,0,0,Unknown,False,False,
2026-08-21T00:29:20Z,IL,IL00057IS026800022,2026-08-21T00:28:57Z,Unknown,27,Unknown,True,False,
2026-08-21T00:29:20Z,IL,IL00080IW011700016,2026-08-21T00:28:57Z,Unknown,39,Unknown,True,False,
2026-08-21T00:29:20Z,IL,IL00070IE008600051,2026-08-21T00:28:57Z,0,0,Unknown,False,False,
2026-08-21T00:29:20Z,IL,IL00072IW015200014,2026-08-21T00:28:57Z,Unknown,17,Unknown,True,False,
2026-08-21T00:29:20Z,IL,IL00055IN002700029,2026-08-21T00:28:57Z,Unknown,0,Unknown,True,False,
2026-08-21T00:29:20Z,IL,IL00064IE002500038,2026-08-21T00:28:56Z,Unknown,0,Unknown,True,False,
2026-08-21T00:29:20Z,IL,IL00057IS033300046,2026-08-21T00:28:56Z,Unknown,0,Unknown,True,False,
2026-08-21T00:29:20Z,IL,IL00070IW002700015,2026-08-21T00:28:56Z,Unknown,0,Unknown,True,False,
2026-08-21T00:29:20Z,IL,IL00080IE011700043,2026-08-21T00:28:56Z,Unknown,31,Unknown,True,False,
2026-08-21T00:29:20Z,IL,IL00064IE008500039,2026-08-21T00:28:56Z,Unknown,0,Unknown,True,False,
2026-08-21T00:29:20Z,IL,IL00057IS007900047,2026-08-21T00:28:57Z,Unknown,0,Unknown,True,False,
2026-08-21T00:29:20Z,IL,IL00057IS011400023,2026-08-21T00:28:57Z,Unknown,0,Unknown,True,False,
2026-08-21T00:29:20Z,IL,IL00055IS019400021,2026-08-21T00:28:57Z,Unknown,29,Unknown,True,False,
2026-08-21T00:29:20Z,IL,IL00074IE002800030,2026-08-21T00:28:57Z,Unknown,14,Unknown,True,False,
2026-08-21T00:29:20Z,IL,IL00057IN007900034,2026-08-21T00:28:57Z,Unknown,0,Unknown,True,False,
2026-08-21T00:29:20Z,IL,IL00070IE002700042,2026-08-21T00:28:57Z,Unknown,0,Unknown,True,False,
2026-08-21T00:29:20Z,IL,IL00064IW002500011,2026-08-21T00:28:57Z,Unknown,0,Unknown,True,False,
2026-08-21T00:29:20Z,IL,IL00074IW002800020,2026-08-21T00:28:57Z,Unknown,15,Unknown,True,False,
2026-08-21T00:29:20Z,IL,IL00080IE005100040,2026-08-21T00:28:58Z,Unknown,39,Unknown,True,False,
2026-08-21T00:29:20Z,IL,IL00055IS006400017,2026-08-21T00:28:58Z,Unknown,0,Unknown,True,False,
2026-08-21T00:29:20Z,IL,IL00074IE011400005,2026-08-21T00:29:19Z,Unknown,25,Unknown,True,False,
2026-08-21T00:29:20Z,IL,IL00074IW006200004,2026-08-21T00:28:40Z,7,12,FILLING,True,True,
2026-08-21T00:29:20Z,IL,IL00070IW008700045,2026-08-21T00:26:09Z,2,15,STEADY,True,True,
2026-08-21T00:29:20Z,IL,IL00057IS016500018,2026-08-21T00:26:12Z,2,15,CLEARING,True,True,
2026-08-21T00:29:20Z,IL,IL00074IW011400006,2026-08-21T00:28:42Z,3,18,STEADY,True,True,
2026-08-21T00:29:20Z,IL,IL00074IE006200001,2026-08-21T00:28:43Z,8,13,STEADY,True,True,
2026-08-21T00:29:20Z,IL,IL00070IW014900008,2026-08-21T00:28:21Z,Unknown,39,Unknown,True,False,
2026-08-21T00:29:20Z,IL,IL00057IN016500044,2026-08-21T00:28:46Z,0,15,FILLING,False,False,
2026-08-21T00:29:20Z,IL,IL00055IS010400024,2026-08-21T00:24:43Z,Unknown,0,STEADY,,False,
2026-08-21T00:29:20Z,IL,IL00057IS003200025,2026-08-21T00:24:43Z,Unknown,0,STEADY,,False,
2026-08-21T00:29:20Z,IL,IL00057IN003200035,2026-08-21T00:24:44Z,Unknown,17,STEADY,,False,
2026-08-21T00:29:20Z,IN,322,2026-08-20T20:15:00-04:00,72,75,,True,false,
2026-08-21T00:29:20Z,IN,317,2026-08-20T20:15:00-04:00,19,58,,True,true,
2026-08-21T00:29:20Z,IN,316,2026-08-20T20:15:00-04:00,44,58,,True,false,
2026-08-21T00:29:20Z,IN,315,2026-08-20T20:15:00-04:00,Unknown,36,,False,true,
2026-08-21T00:29:20Z,IN,314,2026-08-20T20:15:00-04:00,Unknown,36,,False,true,
2026-08-21T00:29:20Z,IN,313,2026-08-20T20:15:00-04:00,9,75,,True,true,
2026-08-21T00:29:20Z,IN,312,2026-08-20T20:15:00-04:00,LOW,75,,True,true,
2026-08-21T00:29:20Z,IN,311,2026-08-20T20:15:00-04:00,Unknown,13,,False,true,
2026-08-21T00:29:20Z,IN,310,2026-08-20T20:15:00-04:00,Unknown,13,,False,true,
2026-08-21T00:29:20Z,IN,308,2026-08-20T20:15:00-04:00,32,75,,True,true,
2026-08-21T00:29:20Z,IN,309,2026-08-20T20:15:00-04:00,93,150,,True,true,
2026-08-21T00:29:20Z,IN,318,2026-08-20T20:15:00-04:00,13,78,,True,true,
2026-08-21T00:29:20Z,IN,319,2026-08-20T20:15:00-04:00,14,78,,True,true,
2026-08-21T00:29:20Z,IN,320,2026-08-20T20:15:00-04:00,43,83,,True,true,
2026-08-21T00:29:20Z,IN,321,2026-08-20T20:15:00-04:00,21,41,,True,false,
2026-08-21T00:29:20Z,IN,300,2026-08-20T20:15:00-04:00,83,128,,True,false,
2026-08-21T00:29:20Z,IN,302,2026-08-20T20:15:00-04:00,LOW,30,,True,true,
2026-08-21T00:29:20Z,IN,301,2026-08-20T20:15:00-04:00,LOW,30,,True,true,
2026-08-21T00:29:20Z,IN,303,2026-08-20T20:15:00-04:00,86,194,,True,true,
2026-08-21T00:29:20Z,IN,304,2026-08-20T20:15:00-04:00,LOW,99,,True,true,
2026-08-21T00:29:20Z,IN,305,2026-08-20T20:15:00-04:00,Unknown,156,,False,true,
2026-08-21T00:29:20Z,IN,323,2026-08-20T20:15:00-04:00,20,40,,True,true,
2026-08-21T00:29:20Z,IN,702,2026-08-20T20:15:00-04:00,38,75,,True,false,
2026-08-21T00:29:20Z,IN,701,2026-08-20T20:15:00-04:00,30,60,,True,false,
2026-08-21T00:29:20Z,IN,704,2026-08-20T20:15:00-04:00,40,80,,True,false,
2026-08-21T00:29:20Z,IN,703,2026-08-20T20:15:00-04:00,55,110,,True,false,
2026-08-21T00:29:20Z,IN,706,2026-08-20T20:15:00-04:00,35,70,,True,false,
2026-08-21T00:29:20Z,IN,705,2026-08-20T20:15:00-04:00,30,60,,True,false,
2026-08-21T00:29:20Z,IN,708,2026-08-20T20:15:00-04:00,23,45,,True,false,
2026-08-21T00:29:20Z,IN,707,2026-08-20T20:15:00-04:00,20,40,,True,false,
2026-08-21T00:29:20Z,IN,324,2026-08-20T20:15:00-04:00,16,31,,True,true,
2026-08-21T00:29:20Z,KY,KY00065IS0000020N65WELCOM,2026-08-21T00:28:02Z,LOW,21,STEADY,True,True,
2026-08-21T00:29:20Z,KY,KY00065IS000020NSMARATHON,2025-12-19T00:36:53Z,32,60,STEADY,True,False,
2026-08-21T00:29:20Z,KY,KY00065IS0000340NWEIGHS34,2026-07-01T19:04:41Z,35,40,STEADY,True,False,
2026-08-21T00:29:20Z,KY,KY00065IS0011400S65SRA114,2026-08-21T00:28:09Z,LOW,26,STEADY,True,True,
2026-08-21T00:29:20Z,KY,KY00065IS0005900S65SRA059,2026-08-21T00:28:08Z,90,109,FILLING,True,True,
2026-08-21T00:29:20Z,KY,KY00065IS0005900N65NRA059,2026-08-17T17:24:33Z,92,113,STEADY,True,False,
2026-08-21T00:29:20Z,KY,KY00075IS0003300NWEIGHS33,2026-08-21T00:27:46Z,50,50,STEADY,True,False,
2026-08-21T00:29:20Z,KY,KY00075IS0003400SWEIGHS34,2026-08-21T00:27:49Z,LOW,40,STEADY,True,True,
2026-08-21T00:29:20Z,KY,KY00075IS0017700N75NRA177,2026-07-13T10:37:14Z,LOW,53,CLEARING,True,False,
2026-08-21T00:29:20Z,KY,KY00075IS0007500SWALTONWS,2026-08-21T00:27:56Z,35,45,STEADY,True,True,
2026-08-21T00:29:20Z,KY,KY00075IS0017700S75SRA177,2026-08-21T00:27:48Z,LOW,67,STEADY,True,True,
2026-08-21T00:29:20Z,KY,KY00075IS0016800SCRITENWS,2026-08-21T00:27:52Z,31,39,FILLING,True,True,
2026-08-21T00:29:20Z,KY,KY00075IS0000100N75WELCOM,2026-08-21T00:28:12Z,LOW,30,STEADY,True,True,
2026-08-21T00:29:24Z,IL,IL00064IW013000053,2026-08-21T00:28:56Z,0,0,Unknown,False,False,
2026-08-21T00:29:24Z,IL,IL00057IN022200048,2026-08-21T00:28:56Z,Unknown,0,Unknown,True,False,
2026-08-21T00:29:24Z,IL,IL00074IW020800052,2026-08-21T00:28:56Z,Unknown,0,Unknown,True,False,
2026-08-21T00:29:24Z,IL,IL00055IS002700019,2026-08-21T00:28:56Z,Unknown,0,Unknown,True,False,
2026-08-21T00:29:24Z,IL,IL00080IW005100013,2026-08-21T00:28:56Z,Unknown,47,Unknown,True,False,
2026-08-21T00:29:24Z,IL,IL00039IS008500026,2026-08-21T00:28:56Z,Unknown,42,Unknown,True,False,
2026-08-21T00:29:24Z,IL,IL00055IN014900028,2026-08-21T00:28:56Z,Unknown,0,Unknown,True,False,
2026-08-21T00:29:24Z,IL,IL00057IN033300049,2026-08-21T00:28:56Z,Unknown,0,Unknown,True,False,
2026-08-21T00:29:24Z,IL,IL00055IN010400050,2026-08-21T00:28:56Z,0,0,Unknown,False,False,
2026-08-21T00:29:24Z,IL,IL00055IN006400027,2026-08-21T00:28:56Z,Unknown,0,Unknown,True,False,
2026-08-21T00:29:24Z,IL,IL00057IN026800032,2026-08-21T00:28:56Z,Unknown,25,Unknown,True,False,
2026-08-21T00:29:24Z,IL,IL00024IW003700010,2026-08-21T00:28:57Z,Unknown,0,Unknown,True,False,
2026-08-21T00:29:24Z,IL,IL00057IS022200054,2026-08-21T00:28:57Z,Unknown,0,Unknown,True,False,
2026-08-21T00:29:24Z,IL,IL00074IE015600037,2026-08-21T00:28:57Z,0,0,Unknown,False,False,
2026-08-21T00:29:24Z,IL,IL00057IN011400033,2026-08-21T00:28:57Z,Unknown,0,Unknown,True,False,
2026-08-21T00:29:24Z,IL,IL00064IW008500012,2026-08-21T00:28:57Z,Unknown,0,Unknown,True,False,
2026-08-21T00:29:24Z,IL,IL00072IE015200041,2026-08-21T00:24:50Z,12,16,CLEARING,True,True,
2026-08-21T00:29:24Z,IL,IL00039IN008500036,2026-08-21T00:28:57Z,Unknown,42,Unknown,True,False,
2026-08-21T00:29:24Z,IL,IL00055IN019400031,2026-08-21T00:28:57Z,Unknown,36,Unknown,True,False,
2026-08-21T00:29:24Z,IL,IL00074IW015600009,2026-08-21T00:28:57Z,0,0,Unknown,False,False,
2026-08-21T00:29:24Z,IL,IL00057IS026800022,2026-08-21T00:28:57Z,Unknown,27,Unknown,True,False,
2026-08-21T00:29:24Z,IL,IL00080IW011700016,2026-08-21T00:28:57Z,Unknown,39,Unknown,True,False,
2026-08-21T00:29:24Z,IL,IL00070IE008600051,2026-08-21T00:28:57Z,0,0,Unknown,False,False,
2026-08-21T00:29:24Z,IL,IL00072IW015200014,2026-08-21T00:28:57Z,Unknown,17,Unknown,True,False,
2026-08-21T00:29:24Z,IL,IL00055IN002700029,2026-08-21T00:28:57Z,Unknown,0,Unknown,True,False,
2026-08-21T00:29:24Z,IL,IL00064IE002500038,2026-08-21T00:28:56Z,Unknown,0,Unknown,True,False,
2026-08-21T00:29:24Z,IL,IL00057IS033300046,2026-08-21T00:28:56Z,Unknown,0,Unknown,True,False,
2026-08-21T00:29:24Z,IL,IL00070IW002700015,2026-08-21T00:28:56Z,Unknown,0,Unknown,True,False,
2026-08-21T00:29:24Z,IL,IL00080IE011700043,2026-08-21T00:28:56Z,Unknown,31,Unknown,True,False,
2026-08-21T00:29:24Z,IL,IL00064IE008500039,2026-08-21T00:28:56Z,Unknown,0,Unknown,True,False,
2026-08-21T00:29:24Z,IL,IL00057IS007900047,2026-08-21T00:28:57Z,Unknown,0,Unknown,True,False,
2026-08-21T00:29:24Z,IL,IL00057IS011400023,2026-08-21T00:28:57Z,Unknown,0,Unknown,True,False,
2026-08-21T00:29:24Z,IL,IL00055IS019400021,2026-08-21T00:28:57Z,Unknown,29,Unknown,True,False,
2026-08-21T00:29:24Z,IL,IL00074IE002800030,2026-08-21T00:28:57Z,Unknown,14,Unknown,True,False,
2026-08-21T00:29:24Z,IL,IL00057IN007900034,2026-08-21T00:28:57Z,Unknown,0,Unknown,True,False,
2026-08-21T00:29:24Z,IL,IL00070IE002700042,2026-08-21T00:28:57Z,Unknown,0,Unknown,True,False,
2026-08-21T00:29:24Z,IL,IL00064IW002500011,2026-08-21T00:28:57Z,Unknown,0,Unknown,True,False,
2026-08-21T00:29:24Z,IL,IL00074IW002800020,2026-08-21T00:28:57Z,Unknown,15,Unknown,True,False,
2026-08-21T00:29:24Z,IL,IL00080IE005100040,2026-08-21T00:28:58Z,Unknown,39,Unknown,True,False,
2026-08-21T00:29:24Z,IL,IL00055IS006400017,2026-08-21T00:28:58Z,Unknown,0,Unknown,True,False,
2026-08-21T00:29:24Z,IL,IL00074IE011400005,2026-08-21T00:29:19Z,Unknown,25,Unknown,True,False,
2026-08-21T00:29:24Z,IL,IL00074IW006200004,2026-08-21T00:28:40Z,7,12,FILLING,True,True,
2026-08-21T00:29:24Z,IL,IL00070IW008700045,2026-08-21T00:26:09Z,2,15,STEADY,True,True,
2026-08-21T00:29:24Z,IL,IL00057IS016500018,2026-08-21T00:26:12Z,2,15,CLEARING,True,True,
2026-08-21T00:29:24Z,IL,IL00074IW011400006,2026-08-21T00:28:42Z,3,18,STEADY,True,True,
2026-08-21T00:29:24Z,IL,IL00074IE006200001,2026-08-21T00:28:43Z,8,13,STEADY,True,True,
2026-08-21T00:29:24Z,IL,IL00070IW014900008,2026-08-21T00:28:21Z,Unknown,39,Unknown,True,False,
2026-08-21T00:29:24Z,IL,IL00057IN016500044,2026-08-21T00:28:46Z,0,15,FILLING,False,False,
2026-08-21T00:29:24Z,IL,IL00055IS010400024,2026-08-21T00:24:43Z,Unknown,0,STEADY,,False,
2026-08-21T00:29:24Z,IL,IL00057IS003200025,2026-08-21T00:24:43Z,Unknown,0,STEADY,,False,
2026-08-21T00:29:24Z,IL,IL00057IN003200035,2026-08-21T00:24:44Z,Unknown,17,STEADY,,False,
2026-08-21T00:29:24Z,IN,322,2026-08-20T20:15:00-04:00,72,75,,True,false,
2026-08-21T00:29:24Z,IN,317,2026-08-20T20:15:00-04:00,19,58,,True,true,
2026-08-21T00:29:24Z,IN,316,2026-08-20T20:15:00-04:00,44,58,,True,false,
2026-08-21T00:29:24Z,IN,315,2026-08-20T20:15:00-04:00,Unknown,36,,False,true,
2026-08-21T00:29:24Z,IN,314,2026-08-20T20:15:00-04:00,Unknown,36,,False,true,
2026-08-21T00:29:24Z,IN,313,2026-08-20T20:15:00-04:00,9,75,,True,true,
2026-08-21T00:29:24Z,IN,312,2026-08-20T20:15:00-04:00,LOW,75,,True,true,
2026-08-21T00:29:24Z,IN,311,2026-08-20T20:15:00-04:00,Unknown,13,,False,true,
2026-08-21T00:29:24Z,IN,310,2026-08-20T20:15:00-04:00,Unknown,13,,False,true,
2026-08-21T00:29:24Z,IN,308,2026-08-20T20:15:00-04:00,32,75,,True,true,
2026-08-21T00:29:24Z,IN,309,2026-08-20T20:15:00-04:00,93,150,,True,true,
2026-08-21T00:29:24Z,IN,318,2026-08-20T20:15:00-04:00,13,78,,True,true,
2026-08-21T00:29:24Z,IN,319,2026-08-20T20:15:00-04:00,14,78,,True,true,
2026-08-21T00:29:24Z,IN,320,2026-08-20T20:15:00-04:00,43,83,,True,true,
2026-08-21T00:29:24Z,IN,321,2026-08-20T20:15:00-04:00,21,41,,True,false,
2026-08-21T00:29:24Z,IN,300,2026-08-20T20:15:00-04:00,83,128,,True,false,
2026-08-21T00:29:24Z,IN,302,2026-08-20T20:15:00-04:00,LOW,30,,True,true,
2026-08-21T00:29:24Z,IN,301,2026-08-20T20:15:00-04:00,LOW,30,,True,true,
2026-08-21T00:29:24Z,IN,303,2026-08-20T20:15:00-04:00,86,194,,True,true,
2026-08-21T00:29:24Z,IN,304,2026-08-20T20:15:00-04:00,LOW,99,,True,true,
2026-08-21T00:29:24Z,IN,305,2026-08-20T20:15:00-04:00,Unknown,156,,False,true,
2026-08-21T00:29:24Z,IN,323,2026-08-20T20:15:00-04:00,20,40,,True,true,
2026-08-21T00:29:24Z,IN,702,2026-08-20T20:15:00-04:00,38,75,,True,false,
2026-08-21T00:29:24Z,IN,701,2026-08-20T20:15:00-04:00,30,60,,True,false,
2026-08-21T00:29:24Z,IN,704,2026-08-20T20:15:00-04:00,40,80,,True,false,
2026-08-21T00:29:24Z,IN,703,2026-08-20T20:15:00-04:00,55,110,,True,false,
2026-08-21T00:29:24Z,IN,706,2026-08-20T20:15:00-04:00,35,70,,True,false,
2026-08-21T00:29:24Z,IN,705,2026-08-20T20:15:00-04:00,30,60,,True,false,
2026-08-21T00:29:24Z,IN,708,2026-08-20T20:15:00-04:00,23,45,,True,false,
2026-08-21T00:29:24Z,IN,707,2026-08-20T20:15:00-04:00,20,40,,True,false,
2026-08-21T00:29:24Z,IN,324,2026-08-20T20:15:00-04:00,16,31,,True,true,
2026-08-21T00:29:24Z,KY,KY00065IS0000020N65WELCOM,2026-08-21T00:28:02Z,LOW,21,STEADY,True,True,
2026-08-21T00:29:24Z,KY,KY00065IS000020NSMARATHON,2025-12-19T00:36:53Z,32,60,STEADY,True,False,
2026-08-21T00:29:24Z,KY,KY00065IS0000340NWEIGHS34,2026-07-01T19:04:41Z,35,40,STEADY,True,False,
2026-08-21T00:29:24Z,KY,KY00065IS0011400S65SRA114,2026-08-21T00:28:09Z,LOW,26,STEADY,True,True,
2026-08-21T00:29:24Z,KY,KY00065IS0005900S65SRA059,2026-08-21T00:28:08Z,90,109,FILLING,True,True,
2026-08-21T00:29:24Z,KY,KY00065IS0005900N65NRA059,2026-08-17T17:24:33Z,92,113,STEADY,True,False,
2026-08-21T00:29:24Z,KY,KY00075IS0003300NWEIGHS33,2026-08-21T00:27:46Z,50,50,STEADY,True,False,
2026-08-21T00:29:24Z,KY,KY00075IS0003400SWEIGHS34,2026-08-21T00:27:49Z,LOW,40,STEADY,True,True,
2026-08-21T00:29:24Z,KY,KY00075IS0017700N75NRA177,2026-07-13T10:37:14Z,LOW,53,CLEARING,True,False,
2026-08-21T00:29:24Z,KY,KY00075IS0007500SWALTONWS,2026-08-21T00:27:56Z,35,45,STEADY,True,True,
2026-08-21T00:29:24Z,KY,KY00075IS0017700S75SRA177,2026-08-21T00:27:48Z,LOW,67,STEADY,True,True,
2026-08-21T00:29:24Z,KY,KY00075IS0016800SCRITENWS,2026-08-21T00:27:52Z,31,39,FILLING,True,True,
2026-08-21T00:29:24Z,KY,KY00075IS0000100N75WELCOM,2026-08-21T00:28:12Z,LOW,30,STEADY,True,True,
2026-08-21T00:29:28Z,IL,IL00064IW013000053,2026-08-21T00:28:56Z,0,0,Unknown,False,False,
2026-08-21T00:29:28Z,IL,IL00057IN022200048,2026-08-21T00:28:56Z,Unknown,0,Unknown,True,False,
2026-08-21T00:29:28Z,IL,IL00074IW020800052,2026-08-21T00:28:56Z,Unknown,0,Unknown,True,False,
2026-08-21T00:29:28Z,IL,IL00055IS002700019,2026-08-21T00:28:56Z,Unknown,0,Unknown,True,False,
2026-08-21T00:29:28Z,IL,IL00080IW005100013,2026-08-21T00:28:56Z,Unknown,47,Unknown,True,False,
2026-08-21T00:29:28Z,IL,IL00039IS008500026,2026-08-21T00:28:56Z,Unknown,42,Unknown,True,False,
2026-08-21T00:29:28Z,IL,IL00055IN014900028,2026-08-21T00:28:56Z,Unknown,0,Unknown,True,False,
2026-08-21T00:29:28Z,IL,IL00057IN033300049,2026-08-21T00:28:56Z,Unknown,0,Unknown,True,False,
2026-08-21T00:29:28Z,IL,IL00055IN010400050,2026-08-21T00:28:56Z,0,0,Unknown,False,False,
2026-08-21T00:29:28Z,IL,IL00055IN006400027,2026-08-21T00:28:56Z,Unknown,0,Unknown,True,False,
2026-08-21T00:29:28Z,IL,IL00057IN026800032,2026-08-21T00:28:56Z,Unknown,25,Unknown,True,False,
2026-08-21T00:29:28Z,IL,IL00024IW003700010,2026-08-21T00:28:57Z,Unknown,0,Unknown,True,False,
2026-08-21T00:29:28Z,IL,IL00057IS022200054,2026-08-21T00:28:57Z,Unknown,0,Unknown,True,False,
2026-08-21T00:29:28Z,IL,IL00074IE015600037,2026-08-21T00:28:57Z,0,0,Unknown,False,False,
2026-08-21T00:29:28Z,IL,IL00057IN011400033,2026-08-21T00:28:57Z,Unknown,0,Unknown,True,False,
2026-08-21T00:29:28Z,IL,IL00064IW008500012,2026-08-21T00:28:57Z,Unknown,0,Unknown,True,False,
2026-08-21T00:29:28Z,IL,IL00072IE015200041,2026-08-21T00:24:50Z,12,16,CLEARING,True,True,
2026-08-21T00:29:28Z,IL,IL00039IN008500036,2026-08-21T00:28:57Z,Unknown,42,Unknown,True,False,
2026-08-21T00:29:28Z,IL,IL00055IN019400031,2026-08-21T00:28:57Z,Unknown,36,Unknown,True,False,
2026-08-21T00:29:28Z,IL,IL00074IW015600009,2026-08-21T00:28:57Z,0,0,Unknown,False,False,
2026-08-21T00:29:28Z,IL,IL00057IS026800022,2026-08-21T00:28:57Z,Unknown,27,Unknown,True,False,
2026-08-21T00:29:28Z,IL,IL00080IW011700016,2026-08-21T00:28:57Z,Unknown,39,Unknown,True,False,
2026-08-21T00:29:28Z,IL,IL00070IE008600051,2026-08-21T00:28:57Z,0,0,Unknown,False,False,
2026-08-21T00:29:28Z,IL,IL00072IW015200014,2026-08-21T00:28:57Z,Unknown,17,Unknown,True,False,
2026-08-21T00:29:28Z,IL,IL00055IN002700029,2026-08-21T00:28:57Z,Unknown,0,Unknown,True,False,
2026-08-21T00:29:28Z,IL,IL00064IE002500038,2026-08-21T00:28:56Z,Unknown,0,Unknown,True,False,
2026-08-21T00:29:28Z,IL,IL00057IS033300046,2026-08-21T00:28:56Z,Unknown,0,Unknown,True,False,
2026-08-21T00:29:28Z,IL,IL00070IW002700015,2026-08-21T00:28:56Z,Unknown,0,Unknown,True,False,
2026-08-21T00:29:28Z,IL,IL00080IE011700043,2026-08-21T00:28:56Z,Unknown,31,Unknown,True,False,
2026-08-21T00:29:28Z,IL,IL00064IE008500039,2026-08-21T00:28:56Z,Unknown,0,Unknown,True,False,
2026-08-21T00:29:28Z,IL,IL00057IS007900047,2026-08-21T00:28:57Z,Unknown,0,Unknown,True,False,
2026-08-21T00:29:28Z,IL,IL00057IS011400023,2026-08-21T00:28:57Z,Unknown,0,Unknown,True,False,
2026-08-21T00:29:28Z,IL,IL00055IS019400021,2026-08-21T00:28:57Z,Unknown,29,Unknown,True,False,
2026-08-21T00:29:28Z,IL,IL00074IE002800030,2026-08-21T00:28:57Z,Unknown,14,Unknown,True,False,
2026-08-21T00:29:28Z,IL,IL00057IN007900034,2026-08-21T00:28:57Z,Unknown,0,Unknown,True,False,
2026-08-21T00:29:28Z,IL,IL00070IE002700042,2026-08-21T00:28:57Z,Unknown,0,Unknown,True,False,
2026-08-21T00:29:28Z,IL,IL00064IW002500011,2026-08-21T00:28:57Z,Unknown,0,Unknown,True,False,
2026-08-21T00:29:28Z,IL,IL00074IW002800020,2026-08-21T00:28:57Z,Unknown,15,Unknown,True,False,
2026-08-21T00:29:28Z,IL,IL00080IE005100040,2026-08-21T00:28:58Z,Unknown,39,Unknown,True,False,
2026-08-21T00:29:28Z,IL,IL00055IS006400017,2026-08-21T00:28:58Z,Unknown,0,Unknown,True,False,
2026-08-21T00:29:28Z,IL,IL00074IE011400005,2026-08-21T00:29:19Z,Unknown,25,Unknown,True,False,
2026-08-21T00:29:28Z,IL,IL00074IW006200004,2026-08-21T00:28:40Z,7,12,FILLING,True,True,
2026-08-21T00:29:28Z,IL,IL00070IW008700045,2026-08-21T00:26:09Z,2,15,STEADY,True,True,
2026-08-21T00:29:28Z,IL,IL00057IS016500018,2026-08-21T00:26:12Z,2,15,CLEARING,True,True,
2026-08-21T00:29:28Z,IL,IL00074IW011400006,2026-08-21T00:28:42Z,3,18,STEADY,True,True,
2026-08-21T00:29:28Z,IL,IL00074IE006200001,2026-08-21T00:28:43Z,8,13,STEADY,True,True,
2026-08-21T00:29:28Z,IL,IL00070IW014900008,2026-08-21T00:28:21Z,Unknown,39,Unknown,True,False,
2026-08-21T00:29:28Z,IL,IL00057IN016500044,2026-08-21T00:28:46Z,0,15,FILLING,False,False,
2026-08-21T00:29:28Z,IL,IL00055IS010400024,2026-08-21T00:24:43Z,Unknown,0,STEADY,,False,
2026-08-21T00:29:28Z,IL,IL00057IS003200025,2026-08-21T00:24:43Z,Unknown,0,STEADY,,False,
2026-08-21T00:29:28Z,IL,IL00057IN003200035,2026-08-21T00:24:44Z,Unknown,17,STEADY,,False,
2026-08-21T00:29:28Z,IN,322,2026-08-20T20:15:00-04:00,72,75,,True,false,
2026-08-21T00:29:28Z,IN,317,2026-08-20T20:15:00-04:00,19,58,,True,true,
2026-08-21T00:29:28Z,IN,316,2026-08-20T20:15:00-04:00,44,58,,True,false,
2026-08-21T00:29:28Z,IN,315,2026-08-20T20:15:00-04:00,Unknown,36,,False,true,
2026-08-21T00:29:28Z,IN,314,2026-08-20T20:15:00-04:00,Unknown,36,,False,true,
2026-08-21T00:29:28Z,IN,313,2026-08-20T20:15:00-04:00,9,75,,True,true,
2026-08-21T00:29:28Z,IN,312,2026-08-20T20:15:00-04:00,LOW,75,,True,true,
2026-08-21T00:29:28Z,IN,311,2026-08-20T20:15:00-04:00,Unknown,13,,False,true,
2026-08-21T00:29:28Z,IN,310,2026-08-20T20:15:00-04:00,Unknown,13,,False,true,
2026-08-21T00:29:28Z,IN,308,2026-08-20T20:15:00-04:00,32,75,,True,true,
2026-08-21T00:29:28Z,IN,309,2026-08-20T20:15:00-04:00,93,150,,True,true,
2026-08-21T00:29:28Z,IN,318,2026-08-20T20:15:00-04:00,13,78,,True,true,
2026-08-21T00:29:28Z,IN,319,2026-08-20T20:15:00-04:00,14,78,,True,true,
2026-08-21T00:29:28Z,IN,320,2026-08-20T20:15:00-04:00,43,83,,True,true,
2026-08-21T00:29:28Z,IN,321,2026-08-20T20:15:00-04:00,21,41,,True,false,
2026-08-21T00:29:28Z,IN,300,2026-08-20T20:15:00-04:00,83,128,,True,false,
2026-08-21T00:29:28Z,IN,302,2026-08-20T20:15:00-04:00,LOW,30,,True,true,
2026-08-21T00:29:28Z,IN,301,2026-08-20T20:15:00-04:00,LOW,30,,True,true,
2026-08-21T00:29:28Z,IN,303,2026-08-20T20:15:00-04:00,86,194,,True,true,
2026-08-21T00:29:28Z,IN,304,2026-08-20T20:15:00-04:00,LOW,99,,True,true,
2026-08-21T00:29:28Z,IN,305,2026-08-20T20:15:00-04:00,Unknown,156,,False,true,
2026-08-21T00:29:28Z,IN,323,2026-08-20T20:15:00-04:00,20,40,,True,true,
2026-08-21T00:29:28Z,IN,702,2026-08-20T20:15:00-04:00,38,75,,True,false,
2026-08-21T00:29:28Z,IN,701,2026-08-20T20:15:00-04:00,30,60,,True,false,
2026-08-21T00:29:28Z,IN,704,2026-08-20T20:15:00-04:00,40,80,,True,false,
2026-08-21T00:29:28Z,IN,703,2026-08-20T20:15:00-04:00,55,110,,True,false,
2026-08-21T00:29:28Z,IN,706,2026-08-20T20:15:00-04:00,35,70,,True,false,
2026-08-21T00:29:28Z,IN,705,2026-08-20T20:15:00-04:00,30,60,,True,false,
2026-08-21T00:29:28Z,IN,708,2026-08-20T20:15:00-04:00,23,45,,True,false,
2026-08-21T00:29:28Z,IN,707,2026-08-20T20:15:00-04:00,20,40,,True,false,
2026-08-21T00:29:28Z,IN,324,2026-08-20T20:15:00-04:00,16,31,,True,true,
2026-08-21T00:29:28Z,KY,KY00065IS0000020N65WELCOM,2026-08-21T00:28:02Z,LOW,21,STEADY,True,True,
2026-08-21T00:29:28Z,KY,KY00065IS000020NSMARATHON,2025-12-19T00:36:53Z,32,60,STEADY,True,False,
2026-08-21T00:29:28Z,KY,KY00065IS0000340NWEIGHS34,2026-07-01T19:04:41Z,35,40,STEADY,True,False,
2026-08-21T00:29:28Z,KY,KY00065IS0011400S65SRA114,2026-08-21T00:28:09Z,LOW,26,STEADY,True,True,
2026-08-21T00:29:28Z,KY,KY00065IS0005900S65SRA059,2026-08-21T00:28:08Z,90,109,FILLING,True,True,
2026-08-21T00:29:28Z,KY,KY00065IS0005900N65NRA059,2026-08-17T17:24:33Z,92,113,STEADY,True,False,
2026-08-21T00:29:28Z,KY,KY00075IS0003300NWEIGHS33,2026-08-21T00:27:46Z,50,50,STEADY,True,False,
2026-08-21T00:29:28Z,KY,KY00075IS0003400SWEIGHS34,2026-08-21T00:27:49Z,LOW,40,STEADY,True,True,
2026-08-21T00:29:28Z,KY,KY00075IS0017700N75NRA177,2026-07-13T10:37:14Z,LOW,53,CLEARING,True,False,
2026-08-21T00:29:28Z,KY,KY00075IS0007500SWALTONWS,2026-08-21T00:27:56Z,35,45,STEADY,True,True,
2026-08-21T00:29:28Z,KY,KY00075IS0017700S75SRA177,2026-08-21T00:27:48Z,LOW,67,STEADY,True,True,
2026-08-21T00:29:28Z,KY,KY00075IS0016800SCRITENWS,2026-08-21T00:27:52Z,31,39,FILLING,True,True,
2026-08-21T00:29:28Z,KY,KY00075IS0000100N75WELCOM,2026-08-21T00:28:12Z,LOW,30,STEADY,True,True,
2026-08-21T00:29:31Z,IL,IL00072IE015200041,2026-08-21T00:24:50Z,12,16,CLEARING,True,True,
2026-08-21T00:29:31Z,IL,IL00064IW013000053,2026-08-21T00:29:29Z,0,0,Unknown,False,False,
2026-08-21T00:29:31Z,IL,IL00057IN022200048,2026-08-21T00:29:30Z,Unknown,0,Unknown,True,False,
2026-08-21T00:29:31Z,IL,IL00074IW020800052,2026-08-21T00:29:30Z,Unknown,0,Unknown,True,False,
2026-08-21T00:29:31Z,IL,IL00055IS002700019,2026-08-21T00:29:30Z,Unknown,0,Unknown,True,False,
2026-08-21T00:29:31Z,IL,IL00080IW005100013,2026-08-21T00:29:30Z,Unknown,47,Unknown,True,False,
2026-08-21T00:29:31Z,IL,IL00039IS008500026,2026-08-21T00:29:30Z,Unknown,42,Unknown,True,False,
2026-08-21T00:29:31Z,IL,IL00055IN014900028,2026-08-21T00:29:30Z,Unknown,0,Unknown,True,False,
2026-08-21T00:29:31Z,IL,IL00057IN033300049,2026-08-21T00:29:30Z,Unknown,0,Unknown,True,False,
2026-08-21T00:29:31Z,IL,IL00055IN010400050,2026-08-21T00:29:30Z,0,0,Unknown,False,False,
2026-08-21T00:29:31Z,IL,IL00055IN006400027,2026-08-21T00:29:30Z,Unknown,0,Unknown,True,False,
2026-08-21T00:29:31Z,IL,IL00057IN026800032,2026-08-21T00:29:30Z,Unknown,25,Unknown,True,False,
2026-08-21T00:29:31Z,IL,IL00024IW003700010,2026-08-21T00:29:30Z,Unknown,0,Unknown,True,False,
2026-08-21T00:29:31Z,IL,IL00057IS022200054,2026-08-21T00:29:30Z,Unknown,0,Unknown,True,False,
2026-08-21T00:29:31Z,IL,IL00074IE015600037,2026-08-21T00:29:30Z,0,0,Unknown,False,False,
2026-08-21T00:29:31Z,IL,IL00057IN011400033,2026-08-21T00:29:30Z,Unknown,0,Unknown,True,False,
2026-08-21T00:29:31Z,IL,IL00064IW008500012,2026-08-21T00:29:30Z,Unknown,0,Unknown,True,False,
2026-08-21T00:29:31Z,IL,IL00039IN008500036,2026-08-21T00:29:31Z,Unknown,42,Unknown,True,False,
2026-08-21T00:29:31Z,IL,IL00055IN019400031,2026-08-21T00:29:31Z,Unknown,36,Unknown,True,False,
2026-08-21T00:29:31Z,IL,IL00074IW015600009,2026-08-21T00:29:31Z,0,0,Unknown,False,False,
2026-08-21T00:29:31Z,IL,IL00057IS026800022,2026-08-21T00:29:31Z,Unknown,27,Unknown,True,False,
2026-08-21T00:29:31Z,IL,IL00080IW011700016,2026-08-21T00:29:31Z,Unknown,39,Unknown,True,False,
2026-08-21T00:29:31Z,IL,IL00070IE008600051,2026-08-21T00:29:31Z,0,0,Unknown,False,False,
2026-08-21T00:29:31Z,IL,IL00072IW015200014,2026-08-21T00:29:31Z,Unknown,17,Unknown,True,False,
2026-08-21T00:29:31Z,IL,IL00055IN002700029,2026-08-21T00:29:31Z,Unknown,0,Unknown,True,False,
2026-08-21T00:29:31Z,IL,IL00064IE002500038,2026-08-21T00:29:31Z,Unknown,0,Unknown,True,False,
2026-08-21T00:29:31Z,IL,IL00057IS033300046,2026-08-21T00:29:31Z,Unknown,0,Unknown,True,False,
2026-08-21T00:29:31Z,IL,IL00070IW002700015,2026-08-21T00:29:31Z,Unknown,0,Unknown,True,False,
2026-08-21T00:29:31Z,IL,IL00080IE011700043,2026-08-21T00:29:31Z,Unknown,31,Unknown,True,False,
2026-08-21T00:29:31Z,IL,IL00064IE008500039,2026-08-21T00:29:31Z,Unknown,0,Unknown,True,False,
2026-08-21T00:29:31Z,IL,IL00057IS007900047,2026-08-21T00:29:31Z,Unknown,0,Unknown,True,False,
2026-08-21T00:29:31Z,IL,IL00057IS011400023,2026-08-21T00:29:31Z,Unknown,0,Unknown,True,False,
2026-08-21T00:29:31Z,IL,IL00055IS019400021,2026-08-21T00:29:31Z,Unknown,29,Unknown,True,False,
2026-08-21T00:29:31Z,IL,IL00074IE002800030,2026-08-21T00:29:31Z,Unknown,14,Unknown,True,False,
2026-08-21T00:29:31Z,IL,IL00057IN007900034,2026-08-21T00:29:31Z,Unknown,0,Unknown,True,False,
2026-08-21T00:29:31Z,IL,IL00070IE002700042,2026-08-21T00:29:31Z,Unknown,0,Unknown,True,False,
2026-08-21T00:29:31Z,IL,IL00064IW002500011,2026-08-21T00:28:57Z,Unknown,0,Unknown,True,False,
2026-08-21T00:29:31Z,IL,IL00074IW002800020,2026-08-21T00:28:57Z,Unknown,15,Unknown,True,False,
2026-08-21T00:29:31Z,IL,IL00080IE005100040,2026-08-21T00:28:58Z,Unknown,39,Unknown,True,False,
2026-08-21T00:29:31Z,IL,IL00055IS006400017,2026-08-21T00:28:58Z,Unknown,0,Unknown,True,False,
2026-08-21T00:29:31Z,IL,IL00074IE011400005,2026-08-21T00:29:19Z,Unknown,25,Unknown,True,False,
2026-08-21T00:29:31Z,IL,IL00074IW006200004,2026-08-21T00:28:40Z,7,12,FILLING,True,True,
2026-08-21T00:29:31Z,IL,IL00070IW008700045,2026-08-21T00:26:09Z,2,15,STEADY,True,True,
2026-08-21T00:29:31Z,IL,IL00057IS016500018,2026-08-21T00:26:12Z,2,15,CLEARING,True,True,
2026-08-21T00:29:31Z,IL,IL00074IW011400006,2026-08-21T00:28:42Z,3,18,STEADY,True,True,
2026-08-21T00:29:31Z,IL,IL00074IE006200001,2026-08-21T00:28:43Z,8,13,STEADY,True,True,
2026-08-21T00:29:31Z,IL,IL00070IW014900008,2026-08-21T00:28:21Z,Unknown,39,Unknown,True,False,
2026-08-21T00:29:31Z,IL,IL00057IN016500044,2026-08-21T00:28:46Z,0,15,FILLING,False,False,
2026-08-21T00:29:31Z,IL,IL00055IS010400024,2026-08-21T00:24:43Z,Unknown,0,STEADY,,False,
2026-08-21T00:29:31Z,IL,IL00057IS003200025,2026-08-21T00:24:43Z,Unknown,0,STEADY,,False,
2026-08-21T00:29:31Z,IL,IL00057IN003200035,2026-08-21T00:24:44Z,Unknown,17,STEADY,,False,
2026-08-21T00:29:31Z,IN,322,2026-08-20T20:15:00-04:00,72,75,,True,false,
2026-08-21T00:29:31Z,IN,317,2026-08-20T20:15:00-04:00,19,58,,True,true,
2026-08-21T00:29:31Z,IN,316,2026-08-20T20:15:00-04:00,44,58,,True,false,
2026-08-21T00:29:31Z,IN,315,2026-08-20T20:15:00-04:00,Unknown,36,,False,true,
2026-08-21T00:29:31Z,IN,314,2026-08-20T20:15:00-04:00,Unknown,36,,False,true,
2026-08-21T00:29:31Z,IN,313,2026-08-20T20:15:00-04:00,9,75,,True,true,
2026-08-21T00:29:31Z,IN,312,2026-08-20T20:15:00-04:00,LOW,75,,True,true,
2026-08-21T00:29:31Z,IN,311,2026-08-20T20:15:00-04:00,Unknown,13,,False,true,
2026-08-21T00:29:31Z,IN,310,2026-08-20T20:15:00-04:00,Unknown,13,,False,true,
2026-08-21T00:29:31Z,IN,308,2026-08-20T20:15:00-04:00,32,75,,True,true,
2026-08-21T00:29:31Z,IN,309,2026-08-20T20:15:00-04:00,93,150,,True,true,
2026-08-21T00:29:31Z,IN,318,2026-08-20T20:15:00-04:00,13,78,,True,true,
2026-08-21T00:29:31Z,IN,319,2026-08-20T20:15:00-04:00,14,78,,True,true,
2026-08-21T00:29:31Z,IN,320,2026-08-20T20:15:00-04:00,43,83,,True,true,
2026-08-21T00:29:31Z,IN,321,2026-08-20T20:15:00-04:00,21,41,,True,false,
2026-08-21T00:29:31Z,IN,300,2026-08-20T20:15:00-04:00,83,128,,True,false,
2026-08-21T00:29:31Z,IN,302,2026-08-20T20:15:00-04:00,LOW,30,,True,true,
2026-08-21T00:29:31Z,IN,301,2026-08-20T20:15:00-04:00,LOW,30,,True,true,
2026-08-21T00:29:31Z,IN,303,2026-08-20T20:15:00-04:00,86,194,,True,true,
2026-08-21T00:29:31Z,IN,304,2026-08-20T20:15:00-04:00,LOW,99,,True,true,
2026-08-21T00:29:31Z,IN,305,2026-08-20T20:15:00-04:00,Unknown,156,,False,true,
2026-08-21T00:29:31Z,IN,323,2026-08-20T20:15:00-04:00,20,40,,True,true,
2026-08-21T00:29:31Z,IN,702,2026-08-20T20:15:00-04:00,38,75,,True,false,
2026-08-21T00:29:31Z,IN,701,2026-08-20T20:15:00-04:00,30,60,,True,false,
2026-08-21T00:29:31Z,IN,704,2026-08-20T20:15:00-04:00,40,80,,True,false,
2026-08-21T00:29:31Z,IN,703,2026-08-20T20:15:00-04:00,55,110,,True,false,
2026-08-21T00:29:31Z,IN,706,2026-08-20T20:15:00-04:00,35,70,,True,false,
2026-08-21T00:29:31Z,IN,705,2026-08-20T20:15:00-04:00,30,60,,True,false,
2026-08-21T00:29:31Z,IN,708,2026-08-20T20:15:00-04:00,23,45,,True,false,
2026-08-21T00:29:31Z,IN,707,2026-08-20T20:15:00-04:00,20,40,,True,false,
2026-08-21T00:29:31Z,IN,324,2026-08-20T20:15:00-04:00,16,31,,True,true,
2026-08-21T00:29:31Z,KY,KY00065IS0000020N65WELCOM,2026-08-21T00:28:02Z,LOW,21,STEADY,True,True,
2026-08-21T00:29:31Z,KY,KY00065IS000020NSMARATHON,2025-12-19T00:36:53Z,32,60,STEADY,True,False,
2026-08-21T00:29:31Z,KY,KY00065IS0000340NWEIGHS34,2026-07-01T19:04:41Z,35,40,STEADY,True,False,
2026-08-21T00:29:31Z,KY,KY00065IS0011400S65SRA114,2026-08-21T00:28:09Z,LOW,26,STEADY,True,True,
2026-08-21T00:29:31Z,KY,KY00065IS0005900S65SRA059,2026-08-21T00:28:08Z,90,109,FILLING,True,True,
2026-08-21T00:29:31Z,KY,KY00065IS0005900N65NRA059,2026-08-17T17:24:33Z,92,113,STEADY,True,False,
2026-08-21T00:29:31Z,KY,KY00075IS0003300NWEIGHS33,2026-08-21T00:27:46Z,50,50,STEADY,True,False,
2026-08-21T00:29:31Z,KY,KY00075IS0003400SWEIGHS34,2026-08-21T00:27:49Z,LOW,40,STEADY,True,True,
2026-08-21T00:29:31Z,KY,KY00075IS0017700N75NRA177,2026-07-13T10:37:14Z,LOW,53,CLEARING,True,False,
2026-08-21T00:29:31Z,KY,KY00075IS0007500SWALTONWS,2026-08-21T00:27:56Z,35,45,STEADY,True,True,
2026-08-21T00:29:31Z,KY,KY00075IS0017700S75SRA177,2026-08-21T00:27:48Z,LOW,67,STEADY,True,True,
2026-08-21T00:29:31Z,KY,KY00075IS0016800SCRITENWS,2026-08-21T00:27:52Z,31,39,FILLING,True,True,
2026-08-21T00:29:31Z,KY,KY00075IS0000100N75WELCOM,2026-08-21T00:28:12Z,LOW,30,STEADY,True,True,
