polled_at_utc,state,site_id,lat,lng,temp_f,short_forecast,precip_pct,wind_mph,snow,ice,is_rain,is_heavy_rain,state_severe_alert,m_weather_delta
2026-07-25T00:02:55Z,IL,IL00074IW006200004,40.8802,-90.0895,76,Mostly Cloudy,7,5,False,False,False,False,False,0.0
2026-07-25T00:02:55Z,IL,IL00064IE002500038,38.5481,-89.7731,73,Scattered Rain Showers,32,3,False,False,True,False,False,0.05
2026-07-25T00:02:55Z,IL,IL00080IE011700043,41.4314,-88.3454,77,Partly Cloudy,1,5,False,False,False,False,False,0.0
2026-07-25T00:02:55Z,IL,IL00024IW003700010,37.1593,-88.6798,74,Slight Chance Rain Showers,23,0,False,False,True,False,False,0.05
2026-07-25T00:02:55Z,IL,IL00057IS007900047,38.0962,-88.9138,74,Chance Rain Showers,26,0,False,False,True,False,False,0.05
2026-07-25T00:02:55Z,IL,IL00057IN033300049,41.3892,-87.7729,75,Partly Cloudy,1,5,False,False,False,False,False,0.0
2026-07-25T00:02:55Z,IL,IL00074IW020800052,40.1298,-87.7441,77,Mostly Cloudy,7,0,False,False,False,False,False,0.0
2026-07-25T00:02:55Z,IL,IL00074IE002800030,41.2334,-90.333,76,Partly Cloudy,4,5,False,False,False,False,False,0.0
2026-07-25T00:02:55Z,IL,IL00039IS008500026,41.7285,-89.0105,76,Partly Cloudy,2,5,False,False,False,False,False,0.0
2026-07-25T00:02:55Z,IL,IL00055IN002700029,38.8649,-89.8532,73,Scattered Rain Showers,32,5,False,False,True,False,False,0.05
2026-07-25T00:02:55Z,IL,IL00080IE005100040,41.3938,-89.5665,76,Mostly Clear,1,5,False,False,False,False,False,0.0
2026-07-25T00:02:55Z,IL,IL00055IN019400031,40.8234,-88.6875,75,Partly Cloudy,8,0,False,False,False,False,False,0.0
2026-07-25T00:02:55Z,IL,IL00057IN011400033,38.5963,-88.9638,75,Isolated Rain Showers,21,1,False,False,True,False,False,0.05
2026-07-25T00:02:55Z,IL,IL00064IE008500039,38.273,-88.8496,75,Chance Rain Showers,27,0,False,False,True,False,False,0.05
2026-07-25T00:02:55Z,IL,IL00055IS006400017,39.3523,-89.6447,72,Isolated Rain Showers,24,2,False,False,True,False,False,0.05
2026-07-25T00:02:55Z,IL,IL00072IW015200014,39.9888,-88.7852,77,Mostly Cloudy,10,5,False,False,False,False,False,0.0
2026-07-25T00:02:55Z,IL,IL00055IN010400050,39.8627,-89.5948,77,Isolated Rain Showers,16,3,False,False,True,False,False,0.05
2026-07-25T00:02:55Z,IL,IL00057IN022200048,39.9218,-88.299,77,Mostly Cloudy,8,3,False,False,False,False,False,0.0
2026-07-25T00:02:55Z,IL,IL00055IN006400027,39.3465,-89.6408,72,Isolated Rain Showers,24,2,False,False,True,False,False,0.05
2026-07-25T00:02:55Z,IL,IL00074IE015600037,40.2732,-88.6762,76,Mostly Cloudy,8,5,False,False,False,False,False,0.0
2026-07-25T00:02:55Z,IL,IL00070IE002700042,38.7849,-89.7023,73,Scattered Rain Showers,29,3,False,False,True,False,False,0.05
2026-07-25T00:02:55Z,IL,IL00080IW011700016,41.4473,-88.3285,77,Partly Cloudy,1,5,False,False,False,False,False,0.0
2026-07-25T00:02:55Z,IL,IL00039IN008500036,41.7236,-89.0062,76,Partly Cloudy,2,5,False,False,False,False,False,0.0
2026-07-25T00:02:55Z,IL,IL00070IE008600051,39.0651,-88.6745,77,Isolated Rain Showers,18,1,False,False,True,False,False,0.05
2026-07-25T00:02:55Z,IL,IL00064IW008500012,38.2766,-88.8012,75,Chance Rain Showers,27,0,False,False,True,False,False,0.05
2026-07-25T00:02:55Z,IL,IL00070IW002700015,38.7884,-89.6889,73,Scattered Rain Showers,28,3,False,False,True,False,False,0.05
2026-07-25T00:02:55Z,IL,IL00055IS019400021,40.8371,-88.6833,75,Partly Cloudy,8,0,False,False,False,False,False,0.0
2026-07-25T00:02:55Z,IL,IL00057IS033300046,41.3918,-87.7749,76,Partly Cloudy,1,5,False,False,False,False,False,0.0
2026-07-25T00:02:55Z,IL,IL00072IE015200041,39.9923,-88.7827,77,Mostly Cloudy,10,5,False,False,False,False,False,0.0
2026-07-25T00:02:55Z,IL,IL00055IN014900028,40.3599,-89.1099,77,Mostly Cloudy,9,5,False,False,False,False,False,0.0
2026-07-25T00:02:55Z,IL,IL00057IS026800022,40.5613,-88.0615,76,Mostly Cloudy,8,0,False,False,False,False,False,0.0
2026-07-25T00:02:55Z,IL,IL00057IS022200054,39.9314,-88.3043,77,Mostly Cloudy,8,3,False,False,False,False,False,0.0
2026-07-25T00:02:55Z,IL,IL00057IN007900034,38.0297,-88.9203,74,Chance Rain Showers,26,1,False,False,True,False,False,0.05
2026-07-25T00:02:55Z,IL,IL00080IW005100013,41.3937,-89.5591,75,Mostly Clear,1,5,False,False,False,False,False,0.0
2026-07-25T00:02:55Z,IL,IL00064IW013000053,38.2322,-87.9882,76,Chance Rain Showers,27,0,False,False,True,False,False,0.05
2026-07-25T00:02:55Z,IL,IL00074IW015600009,40.2711,-88.6701,76,Mostly Cloudy,8,5,False,False,False,False,False,0.0
2026-07-25T00:02:55Z,IL,IL00074IW002800020,41.2141,-90.3308,76,Partly Cloudy,4,5,False,False,False,False,False,0.0
2026-07-25T00:02:55Z,IL,IL00055IS002700019,38.8723,-89.8511,73,Scattered Rain Showers,32,5,False,False,True,False,False,0.05
2026-07-25T00:02:55Z,IL,IL00064IW002500011,38.5491,-89.7633,73,Scattered Rain Showers,31,3,False,False,True,False,False,0.05
2026-07-25T00:02:55Z,IL,IL00057IS011400023,38.5965,-88.9677,75,Isolated Rain Showers,21,1,False,False,True,False,False,0.05
2026-07-25T00:02:55Z,IL,IL00057IN026800032,40.5505,-88.0605,76,Mostly Cloudy,8,0,False,False,False,False,False,0.0
2026-07-25T00:02:55Z,IL,IL00070IW008700045,39.0679,-88.6704,77,Isolated Rain Showers,18,1,False,False,True,False,False,0.05
2026-07-25T00:02:55Z,IL,IL00057IS016500018,39.1993,-88.502,77,Isolated Rain Showers,15,2,False,False,True,False,False,0.05
2026-07-25T00:02:55Z,IL,IL00074IW011400006,40.6111,-89.2323,76,Mostly Cloudy,8,3,False,False,False,False,False,0.0
2026-07-25T00:02:55Z,IL,IL00074IE011400005,40.6125,-89.245,76,Mostly Cloudy,8,3,False,False,False,False,False,0.0
2026-07-25T00:02:55Z,IL,IL00074IE006200001,40.8788,-90.0936,76,Mostly Cloudy,7,5,False,False,False,False,False,0.0
2026-07-25T00:02:55Z,IL,IL00070IW014900008,39.4228,-87.6617,77,Mostly Cloudy,6,1,False,False,False,False,False,0.0
2026-07-25T00:02:55Z,IL,IL00057IN016500044,39.1898,-88.5031,77,Isolated Rain Showers,15,2,False,False,True,False,False,0.05
2026-07-25T00:02:55Z,IL,IL00055IS010400024,39.8871,-89.5966,77,Isolated Rain Showers,16,3,False,False,True,False,False,0.05
2026-07-25T00:02:55Z,IL,IL00057IS003200025,37.4699,-89.1329,74,Slight Chance Rain Showers,23,0,False,False,True,False,False,0.05
2026-07-25T00:02:55Z,IL,IL00057IN003200035,37.4661,-89.1324,74,Slight Chance Rain Showers,23,0,False,False,True,False,False,0.05
2026-07-25T00:02:55Z,IN,322,38.195,-87.8597,77,Chance Rain Showers,27,0,False,False,True,False,False,0.05
2026-07-25T00:02:55Z,IN,317,38.5852,-85.7768,80,Mostly Cloudy,0,2,False,False,False,False,False,0.0
2026-07-25T00:02:55Z,IN,316,38.5859,-85.7809,80,Mostly Cloudy,0,2,False,False,False,False,False,0.0
2026-07-25T00:02:55Z,IN,315,39.2602,-85.9521,77,Mostly Cloudy,1,3,False,False,False,False,False,0.0
2026-07-25T00:02:55Z,IN,314,39.2767,-85.9569,77,Mostly Cloudy,1,3,False,False,False,False,False,0.0
2026-07-25T00:02:55Z,IN,313,40.1578,-86.5387,75,Mostly Cloudy,3,1,False,False,False,False,False,0.0
2026-07-25T00:02:55Z,IN,312,40.1722,-86.5522,75,Mostly Cloudy,3,1,False,False,False,False,False,0.0
2026-07-25T00:02:55Z,IN,311,40.6992,-87.0628,76,Partly Cloudy,0,0,False,False,False,False,False,0.0
2026-07-25T00:02:55Z,IN,310,40.6984,-87.0646,76,Partly Cloudy,0,0,False,False,False,False,False,0.0
2026-07-25T00:02:55Z,IN,308,41.1653,-87.271,76,Partly Cloudy,2,5,False,False,False,False,False,0.0
2026-07-25T00:02:55Z,IN,309,41.1666,-87.2749,76,Partly Cloudy,2,5,False,False,False,False,False,0.0
2026-07-25T00:02:55Z,IN,318,40.3543,-85.5576,76,Mostly Cloudy,9,2,False,False,False,False,False,0.0
2026-07-25T00:02:55Z,IN,319,40.3569,-85.56,76,Mostly Cloudy,9,2,False,False,False,False,False,0.0
2026-07-25T00:02:55Z,IN,320,41.2963,-85.0863,77,Partly Cloudy,0,0,False,False,False,False,False,0.0
2026-07-25T00:02:55Z,IN,321,41.5803,-85.0597,77,Partly Cloudy,0,0,False,False,False,False,False,0.0
2026-07-25T00:02:55Z,IN,300,39.4417,-87.5002,78,Mostly Cloudy,4,2,False,False,False,False,False,0.0
2026-07-25T00:02:55Z,IN,302,39.6517,-86.3967,78,Mostly Cloudy,1,3,False,False,False,False,False,0.0
2026-07-25T00:02:55Z,IN,301,39.6541,-86.4005,78,Mostly Cloudy,1,3,False,False,False,False,False,0.0
2026-07-25T00:02:55Z,IN,303,39.8243,-85.7039,76,Scattered Rain Showers,11,2,False,False,True,False,False,0.05
2026-07-25T00:02:55Z,IN,304,39.8266,-85.704,76,Scattered Rain Showers,11,2,False,False,True,False,False,0.05
2026-07-25T00:02:55Z,IN,305,39.8605,-85.0259,74,Mostly Cloudy,10,2,False,False,False,False,False,0.0
2026-07-25T00:02:55Z,KY,KY00065IS0000020N65WELCOM,36.6434,-86.5687,81,Mostly Cloudy,2,5,False,False,False,False,False,0.0
2026-07-25T00:02:55Z,KY,KY00065IS000020NSMARATHON,36.6612,-86.5553,81,Mostly Cloudy,2,3,False,False,False,False,False,0.0
2026-07-25T00:02:55Z,KY,KY00065IS0000340NWEIGHS34,36.6868,-86.5379,81,Mostly Cloudy,2,3,False,False,False,False,False,0.0
2026-07-25T00:02:55Z,KY,KY00065IS0011400S65SRA114,37.9464,-85.6905,82,Mostly Cloudy,0,2,False,False,False,False,False,0.0
2026-07-25T00:02:55Z,KY,KY00065IS0005900S65SRA059,37.239,-85.9297,81,Mostly Cloudy,2,1,False,False,False,False,False,0.0
2026-07-25T00:02:55Z,KY,KY00065IS0005900N65NRA059,37.2384,-85.9271,81,Mostly Cloudy,2,1,False,False,False,False,False,0.0
2026-07-25T00:02:55Z,KY,KY00075IS0003300NWEIGHS33,37.0422,-84.0968,79,Mostly Cloudy,1,7,False,False,False,False,False,0.0
2026-07-25T00:02:55Z,KY,KY00075IS0003400SWEIGHS34,37.048,-84.0997,80,Mostly Cloudy,1,5,False,False,False,False,False,0.0
2026-07-25T00:02:55Z,KY,KY00075IS0017700N75NRA177,38.937,-84.6309,77,Partly Cloudy,0,3,False,False,False,False,False,0.0
2026-07-25T00:02:55Z,KY,KY00075IS0007500SWALTONWS,38.8653,-84.6476,78,Partly Cloudy,0,3,False,False,False,False,False,0.0
2026-07-25T00:02:55Z,KY,KY00075IS0017700S75SRA177,38.9388,-84.6339,77,Partly Cloudy,0,3,False,False,False,False,False,0.0
2026-07-25T00:02:55Z,KY,KY00075IS0016800SCRITENWS,38.8196,-84.6015,79,Mostly Cloudy,0,3,False,False,False,False,False,0.0
2026-07-25T00:02:55Z,KY,KY00075IS0000100N75WELCOM,36.6162,-84.1054,80,Mostly Cloudy,2,3,False,False,False,False,False,0.0
2026-07-25T00:19:19Z,IL,IL00074IW006200004,40.8802,-90.0895,76,Mostly Cloudy,10,3,False,False,False,False,False,0.0
2026-07-25T00:19:19Z,IL,IL00064IE002500038,38.5481,-89.7731,73,Scattered Showers And Thunderstorms,30,3,False,False,True,True,False,0.1
2026-07-25T00:19:19Z,IL,IL00080IE011700043,41.4314,-88.3454,78,Mostly Clear,0,5,False,False,False,False,False,0.0
2026-07-25T00:19:19Z,IL,IL00024IW003700010,37.1593,-88.6798,73,Slight Chance Rain Showers,19,0,False,False,True,False,False,0.05
2026-07-25T00:19:19Z,IL,IL00057IS007900047,38.0962,-88.9138,73,Slight Chance Rain Showers,24,0,False,False,True,False,False,0.05
2026-07-25T00:19:19Z,IL,IL00057IN033300049,41.3892,-87.7729,76,Mostly Clear,0,5,False,False,False,False,False,0.0
2026-07-25T00:19:19Z,IL,IL00074IW020800052,40.1298,-87.7441,77,Mostly Cloudy,8,0,False,False,False,False,False,0.0
2026-07-25T00:19:19Z,IL,IL00074IE002800030,41.2334,-90.333,74,Partly Cloudy,5,5,False,False,False,False,False,0.0
2026-07-25T00:19:19Z,IL,IL00039IS008500026,41.7285,-89.0105,76,Mostly Clear,0,5,False,False,False,False,False,0.0
2026-07-25T00:19:19Z,IL,IL00055IN002700029,38.8649,-89.8532,73,Scattered Showers And Thunderstorms,30,3,False,False,True,True,False,0.1
2026-07-25T00:19:19Z,IL,IL00080IE005100040,41.3938,-89.5665,74,Mostly Clear,2,5,False,False,False,False,False,0.0
2026-07-25T00:19:19Z,IL,IL00055IN019400031,40.8234,-88.6875,76,Partly Cloudy,1,0,False,False,False,False,False,0.0
2026-07-25T00:19:19Z,IL,IL00057IN011400033,38.5963,-88.9638,74,Isolated Rain Showers,17,1,False,False,True,False,False,0.05
2026-07-25T00:19:19Z,IL,IL00064IE008500039,38.273,-88.8496,73,Slight Chance Rain Showers,23,1,False,False,True,False,False,0.05
2026-07-25T00:19:19Z,IL,IL00055IS006400017,39.3523,-89.6447,72,Isolated Rain Showers,23,2,False,False,True,False,False,0.05
2026-07-25T00:19:19Z,IL,IL00072IW015200014,39.9888,-88.7852,76,Mostly Cloudy,11,5,False,False,False,False,False,0.0
2026-07-25T00:19:19Z,IL,IL00055IN010400050,39.8627,-89.5948,76,Isolated Rain Showers,19,3,False,False,True,False,False,0.05
2026-07-25T00:19:19Z,IL,IL00057IN022200048,39.9218,-88.299,76,Mostly Cloudy,10,3,False,False,False,False,False,0.0
2026-07-25T00:19:19Z,IL,IL00055IN006400027,39.3465,-89.6408,72,Isolated Rain Showers,23,2,False,False,True,False,False,0.05
2026-07-25T00:19:19Z,IL,IL00074IE015600037,40.2732,-88.6762,75,Mostly Cloudy,9,5,False,False,False,False,False,0.0
2026-07-25T00:19:19Z,IL,IL00070IE002700042,38.7849,-89.7023,73,Scattered Showers And Thunderstorms,27,3,False,False,True,True,False,0.1
2026-07-25T00:19:19Z,IL,IL00080IW011700016,41.4473,-88.3285,77,Partly Cloudy,1,5,False,False,False,False,False,0.0
2026-07-25T00:19:19Z,IL,IL00039IN008500036,41.7236,-89.0062,76,Mostly Clear,0,5,False,False,False,False,False,0.0
2026-07-25T00:19:19Z,IL,IL00070IE008600051,39.0651,-88.6745,76,Isolated Rain Showers,20,1,False,False,True,False,False,0.05
2026-07-25T00:19:19Z,IL,IL00064IW008500012,38.2766,-88.8012,73,Slight Chance Rain Showers,23,0,False,False,True,False,False,0.05
2026-07-25T00:19:19Z,IL,IL00070IW002700015,38.7884,-89.6889,73,Scattered Showers And Thunderstorms,26,2,False,False,True,True,False,0.1
2026-07-25T00:19:19Z,IL,IL00055IS019400021,40.8371,-88.6833,76,Partly Cloudy,1,0,False,False,False,False,False,0.0
2026-07-25T00:19:19Z,IL,IL00057IS033300046,41.3918,-87.7749,76,Mostly Clear,0,5,False,False,False,False,False,0.0
2026-07-25T00:19:19Z,IL,IL00072IE015200041,39.9923,-88.7827,76,Mostly Cloudy,11,5,False,False,False,False,False,0.0
2026-07-25T00:19:19Z,IL,IL00055IN014900028,40.3599,-89.1099,76,Mostly Cloudy,10,5,False,False,False,False,False,0.0
2026-07-25T00:19:19Z,IL,IL00057IS026800022,40.5613,-88.0615,78,Partly Cloudy,1,0,False,False,False,False,False,0.0
2026-07-25T00:19:19Z,IL,IL00057IS022200054,39.9314,-88.3043,76,Mostly Cloudy,10,3,False,False,False,False,False,0.0
2026-07-25T00:19:19Z,IL,IL00057IN007900034,38.0297,-88.9203,73,Chance Rain Showers,25,0,False,False,True,False,False,0.05
2026-07-25T00:19:19Z,IL,IL00080IW005100013,41.3937,-89.5591,74,Mostly Clear,2,5,False,False,False,False,False,0.0
2026-07-25T00:19:19Z,IL,IL00064IW013000053,38.2322,-87.9882,75,Slight Chance Rain Showers,19,1,False,False,True,False,False,0.05
2026-07-25T00:19:19Z,IL,IL00074IW015600009,40.2711,-88.6701,76,Mostly Cloudy,8,5,False,False,False,False,False,0.0
2026-07-25T00:19:19Z,IL,IL00074IW002800020,41.2141,-90.3308,74,Partly Cloudy,5,5,False,False,False,False,False,0.0
2026-07-25T00:19:19Z,IL,IL00055IS002700019,38.8723,-89.8511,73,Scattered Showers And Thunderstorms,30,3,False,False,True,True,False,0.1
2026-07-25T00:19:19Z,IL,IL00064IW002500011,38.5491,-89.7633,73,Scattered Showers And Thunderstorms,29,2,False,False,True,True,False,0.1
2026-07-25T00:19:19Z,IL,IL00057IS011400023,38.5965,-88.9677,74,Isolated Rain Showers,17,1,False,False,True,False,False,0.05
2026-07-25T00:19:19Z,IL,IL00057IN026800032,40.5505,-88.0605,78,Partly Cloudy,1,0,False,False,False,False,False,0.0
2026-07-25T00:19:19Z,IL,IL00070IW008700045,39.0679,-88.6704,76,Isolated Rain Showers,20,1,False,False,True,False,False,0.05
2026-07-25T00:19:19Z,IL,IL00057IS016500018,39.1993,-88.502,77,Isolated Rain Showers,16,2,False,False,True,False,False,0.05
2026-07-25T00:19:19Z,IL,IL00074IW011400006,40.6111,-89.2323,76,Mostly Cloudy,9,3,False,False,False,False,False,0.0
2026-07-25T00:19:19Z,IL,IL00074IE011400005,40.6125,-89.245,76,Mostly Cloudy,9,3,False,False,False,False,False,0.0
2026-07-25T00:19:19Z,IL,IL00074IE006200001,40.8788,-90.0936,76,Mostly Cloudy,10,3,False,False,False,False,False,0.0
2026-07-25T00:19:19Z,IL,IL00070IW014900008,39.4228,-87.6617,76,Mostly Cloudy,7,1,False,False,False,False,False,0.0
2026-07-25T00:19:19Z,IL,IL00057IN016500044,39.1898,-88.5031,77,Isolated Rain Showers,15,2,False,False,True,False,False,0.05
2026-07-25T00:19:19Z,IL,IL00055IS010400024,39.8871,-89.5966,77,Isolated Rain Showers,16,3,False,False,True,False,False,0.05
2026-07-25T00:19:19Z,IL,IL00057IS003200025,37.4699,-89.1329,73,Chance Rain Showers,25,1,False,False,True,False,False,0.05
2026-07-25T00:19:19Z,IL,IL00057IN003200035,37.4661,-89.1324,73,Chance Rain Showers,25,1,False,False,True,False,False,0.05
2026-07-25T00:19:19Z,IN,322,38.195,-87.8597,76,Slight Chance Rain Showers,18,1,False,False,True,False,False,0.05
2026-07-25T00:19:19Z,IN,317,38.5852,-85.7768,79,Mostly Cloudy,3,2,False,False,False,False,False,0.0
2026-07-25T00:19:19Z,IN,316,38.5859,-85.7809,79,Mostly Cloudy,3,2,False,False,False,False,False,0.0
2026-07-25T00:19:19Z,IN,315,39.2602,-85.9521,77,Mostly Cloudy,2,2,False,False,False,False,False,0.0
2026-07-25T00:19:19Z,IN,314,39.2767,-85.9569,77,Mostly Cloudy,2,2,False,False,False,False,False,0.0
2026-07-25T00:19:19Z,IN,313,40.1578,-86.5387,73,Partly Cloudy,1,0,False,False,False,False,False,0.0
2026-07-25T00:19:19Z,IN,312,40.1722,-86.5522,73,Partly Cloudy,1,1,False,False,False,False,False,0.0
2026-07-25T00:19:19Z,IN,311,40.6992,-87.0628,75,Mostly Clear,0,0,False,False,False,False,False,0.0
2026-07-25T00:19:19Z,IN,310,40.6984,-87.0646,75,Mostly Clear,0,0,False,False,False,False,False,0.0
2026-07-25T00:19:19Z,IN,308,41.1653,-87.271,77,Mostly Clear,0,0,False,False,False,False,False,0.0
2026-07-25T00:19:19Z,IN,309,41.1666,-87.2749,77,Mostly Clear,0,0,False,False,False,False,False,0.0
2026-07-25T00:19:19Z,IN,318,40.3543,-85.5576,75,Partly Cloudy,0,1,False,False,False,False,False,0.0
2026-07-25T00:19:19Z,IN,319,40.3569,-85.56,75,Partly Cloudy,0,1,False,False,False,False,False,0.0
2026-07-25T00:19:19Z,IN,320,41.2963,-85.0863,76,Mostly Clear,0,0,False,False,False,False,False,0.0
2026-07-25T00:19:19Z,IN,321,41.5803,-85.0597,75,Mostly Clear,0,0,False,False,False,False,False,0.0
2026-07-25T00:19:19Z,IN,300,39.4417,-87.5002,78,Mostly Cloudy,5,2,False,False,False,False,False,0.0
2026-07-25T00:19:19Z,IN,302,39.6517,-86.3967,77,Partly Cloudy,3,3,False,False,False,False,False,0.0
2026-07-25T00:19:19Z,IN,301,39.6541,-86.4005,77,Partly Cloudy,3,3,False,False,False,False,False,0.0
2026-07-25T00:19:19Z,IN,303,39.8243,-85.7039,74,Mostly Cloudy,1,2,False,False,False,False,False,0.0
2026-07-25T00:19:19Z,IN,304,39.8266,-85.704,74,Mostly Cloudy,1,2,False,False,False,False,False,0.0
2026-07-25T00:19:19Z,IN,305,39.8605,-85.0259,73,Mostly Cloudy,8,1,False,False,False,False,False,0.0
2026-07-25T00:19:19Z,KY,KY00065IS0000020N65WELCOM,36.6434,-86.5687,78,Mostly Cloudy,9,0,False,False,False,False,False,0.0
2026-07-25T00:19:19Z,KY,KY00065IS000020NSMARATHON,36.6612,-86.5553,78,Mostly Cloudy,8,2,False,False,False,False,False,0.0
2026-07-25T00:19:19Z,KY,KY00065IS0000340NWEIGHS34,36.6868,-86.5379,79,Mostly Cloudy,8,2,False,False,False,False,False,0.0
2026-07-25T00:19:19Z,KY,KY00065IS0011400S65SRA114,37.9464,-85.6905,80,Mostly Cloudy,4,1,False,False,False,False,False,0.0
2026-07-25T00:19:19Z,KY,KY00065IS0005900S65SRA059,37.239,-85.9297,78,Mostly Cloudy,6,1,False,False,False,False,False,0.0
2026-07-25T00:19:19Z,KY,KY00065IS0005900N65NRA059,37.2384,-85.9271,78,Mostly Cloudy,6,1,False,False,False,False,False,0.0
2026-07-25T00:19:19Z,KY,KY00075IS0003300NWEIGHS33,37.0422,-84.0968,79,Mostly Cloudy,1,7,False,False,False,False,False,0.0
2026-07-25T00:19:19Z,KY,KY00075IS0003400SWEIGHS34,37.048,-84.0997,76,Mostly Cloudy,0,5,False,False,False,False,False,0.0
2026-07-25T00:19:19Z,KY,KY00075IS0017700N75NRA177,38.937,-84.6309,76,Partly Cloudy,1,3,False,False,False,False,False,0.0
2026-07-25T00:19:19Z,KY,KY00075IS0007500SWALTONWS,38.8653,-84.6476,76,Partly Cloudy,1,3,False,False,False,False,False,0.0
2026-07-25T00:19:19Z,KY,KY00075IS0017700S75SRA177,38.9388,-84.6339,76,Partly Cloudy,1,3,False,False,False,False,False,0.0
2026-07-25T00:19:19Z,KY,KY00075IS0016800SCRITENWS,38.8196,-84.6015,78,Partly Cloudy,0,3,False,False,False,False,False,0.0
2026-07-25T00:19:19Z,KY,KY00075IS0000100N75WELCOM,36.6162,-84.1054,76,Mostly Cloudy,0,1,False,False,False,False,False,0.0
2026-07-25T00:35:59Z,IL,IL00074IW006200004,40.8802,-90.0895,76,Mostly Cloudy,10,3,False,False,False,False,False,0.0
2026-07-25T00:35:59Z,IL,IL00064IE002500038,38.5481,-89.7731,73,Scattered Showers And Thunderstorms,30,3,False,False,True,True,False,0.1
2026-07-25T00:35:59Z,IL,IL00080IE011700043,41.4314,-88.3454,78,Mostly Clear,0,5,False,False,False,False,False,0.0
2026-07-25T00:35:59Z,IL,IL00024IW003700010,37.1593,-88.6798,73,Slight Chance Rain Showers,19,0,False,False,True,False,False,0.05
2026-07-25T00:35:59Z,IL,IL00057IS007900047,38.0962,-88.9138,73,Slight Chance Rain Showers,24,0,False,False,True,False,False,0.05
2026-07-25T00:35:59Z,IL,IL00057IN033300049,41.3892,-87.7729,76,Mostly Clear,0,5,False,False,False,False,False,0.0
2026-07-25T00:35:59Z,IL,IL00074IW020800052,40.1298,-87.7441,77,Mostly Cloudy,8,0,False,False,False,False,False,0.0
2026-07-25T00:35:59Z,IL,IL00074IE002800030,41.2334,-90.333,74,Partly Cloudy,5,5,False,False,False,False,False,0.0
2026-07-25T00:35:59Z,IL,IL00039IS008500026,41.7285,-89.0105,76,Mostly Clear,0,5,False,False,False,False,False,0.0
2026-07-25T00:35:59Z,IL,IL00055IN002700029,38.8649,-89.8532,73,Scattered Showers And Thunderstorms,30,3,False,False,True,True,False,0.1
2026-07-25T00:35:59Z,IL,IL00080IE005100040,41.3938,-89.5665,74,Mostly Clear,2,5,False,False,False,False,False,0.0
2026-07-25T00:35:59Z,IL,IL00055IN019400031,40.8234,-88.6875,76,Partly Cloudy,1,0,False,False,False,False,False,0.0
2026-07-25T00:35:59Z,IL,IL00057IN011400033,38.5963,-88.9638,74,Isolated Rain Showers,17,1,False,False,True,False,False,0.05
2026-07-25T00:35:59Z,IL,IL00064IE008500039,38.273,-88.8496,73,Slight Chance Rain Showers,23,1,False,False,True,False,False,0.05
2026-07-25T00:35:59Z,IL,IL00055IS006400017,39.3523,-89.6447,72,Isolated Rain Showers,23,2,False,False,True,False,False,0.05
2026-07-25T00:35:59Z,IL,IL00072IW015200014,39.9888,-88.7852,76,Mostly Cloudy,11,5,False,False,False,False,False,0.0
2026-07-25T00:35:59Z,IL,IL00055IN010400050,39.8627,-89.5948,76,Isolated Rain Showers,19,3,False,False,True,False,False,0.05
2026-07-25T00:35:59Z,IL,IL00057IN022200048,39.9218,-88.299,76,Mostly Cloudy,10,3,False,False,False,False,False,0.0
2026-07-25T00:35:59Z,IL,IL00055IN006400027,39.3465,-89.6408,72,Isolated Rain Showers,23,2,False,False,True,False,False,0.05
2026-07-25T00:35:59Z,IL,IL00074IE015600037,40.2732,-88.6762,75,Mostly Cloudy,9,5,False,False,False,False,False,0.0
2026-07-25T00:35:59Z,IL,IL00070IE002700042,38.7849,-89.7023,73,Scattered Showers And Thunderstorms,27,3,False,False,True,True,False,0.1
2026-07-25T00:35:59Z,IL,IL00080IW011700016,41.4473,-88.3285,78,Mostly Clear,0,5,False,False,False,False,False,0.0
2026-07-25T00:35:59Z,IL,IL00039IN008500036,41.7236,-89.0062,76,Mostly Clear,0,5,False,False,False,False,False,0.0
2026-07-25T00:35:59Z,IL,IL00070IE008600051,39.0651,-88.6745,76,Isolated Rain Showers,20,1,False,False,True,False,False,0.05
2026-07-25T00:35:59Z,IL,IL00064IW008500012,38.2766,-88.8012,73,Slight Chance Rain Showers,23,0,False,False,True,False,False,0.05
2026-07-25T00:35:59Z,IL,IL00070IW002700015,38.7884,-89.6889,73,Scattered Showers And Thunderstorms,26,2,False,False,True,True,False,0.1
2026-07-25T00:35:59Z,IL,IL00055IS019400021,40.8371,-88.6833,76,Partly Cloudy,1,0,False,False,False,False,False,0.0
2026-07-25T00:35:59Z,IL,IL00057IS033300046,41.3918,-87.7749,76,Mostly Clear,0,5,False,False,False,False,False,0.0
2026-07-25T00:35:59Z,IL,IL00072IE015200041,39.9923,-88.7827,76,Mostly Cloudy,11,5,False,False,False,False,False,0.0
2026-07-25T00:35:59Z,IL,IL00055IN014900028,40.3599,-89.1099,76,Mostly Cloudy,10,5,False,False,False,False,False,0.0
2026-07-25T00:35:59Z,IL,IL00057IS026800022,40.5613,-88.0615,78,Partly Cloudy,1,0,False,False,False,False,False,0.0
2026-07-25T00:35:59Z,IL,IL00057IS022200054,39.9314,-88.3043,76,Mostly Cloudy,10,3,False,False,False,False,False,0.0
2026-07-25T00:35:59Z,IL,IL00057IN007900034,38.0297,-88.9203,73,Chance Rain Showers,25,0,False,False,True,False,False,0.05
2026-07-25T00:35:59Z,IL,IL00080IW005100013,41.3937,-89.5591,74,Mostly Clear,2,5,False,False,False,False,False,0.0
2026-07-25T00:35:59Z,IL,IL00064IW013000053,38.2322,-87.9882,75,Slight Chance Rain Showers,19,1,False,False,True,False,False,0.05
2026-07-25T00:35:59Z,IL,IL00074IW015600009,40.2711,-88.6701,76,Mostly Cloudy,9,5,False,False,False,False,False,0.0
2026-07-25T00:35:59Z,IL,IL00074IW002800020,41.2141,-90.3308,74,Partly Cloudy,5,5,False,False,False,False,False,0.0
2026-07-25T00:35:59Z,IL,IL00055IS002700019,38.8723,-89.8511,73,Scattered Showers And Thunderstorms,30,3,False,False,True,True,False,0.1
2026-07-25T00:35:59Z,IL,IL00064IW002500011,38.5491,-89.7633,73,Scattered Showers And Thunderstorms,29,2,False,False,True,True,False,0.1
2026-07-25T00:35:59Z,IL,IL00057IS011400023,38.5965,-88.9677,74,Isolated Rain Showers,17,1,False,False,True,False,False,0.05
2026-07-25T00:35:59Z,IL,IL00057IN026800032,40.5505,-88.0605,78,Partly Cloudy,1,0,False,False,False,False,False,0.0
2026-07-25T00:35:59Z,IL,IL00070IW008700045,39.0679,-88.6704,76,Isolated Rain Showers,20,1,False,False,True,False,False,0.05
2026-07-25T00:35:59Z,IL,IL00057IS016500018,39.1993,-88.502,77,Isolated Rain Showers,16,2,False,False,True,False,False,0.05
2026-07-25T00:35:59Z,IL,IL00074IW011400006,40.6111,-89.2323,76,Mostly Cloudy,9,3,False,False,False,False,False,0.0
2026-07-25T00:35:59Z,IL,IL00074IE011400005,40.6125,-89.245,76,Mostly Cloudy,9,3,False,False,False,False,False,0.0
2026-07-25T00:35:59Z,IL,IL00074IE006200001,40.8788,-90.0936,76,Mostly Cloudy,10,3,False,False,False,False,False,0.0
2026-07-25T00:35:59Z,IL,IL00070IW014900008,39.4228,-87.6617,76,Mostly Cloudy,7,1,False,False,False,False,False,0.0
2026-07-25T00:35:59Z,IL,IL00057IN016500044,39.1898,-88.5031,77,Isolated Rain Showers,16,2,False,False,True,False,False,0.05
2026-07-25T00:35:59Z,IL,IL00055IS010400024,39.8871,-89.5966,76,Isolated Rain Showers,19,3,False,False,True,False,False,0.05
2026-07-25T00:35:59Z,IL,IL00057IS003200025,37.4699,-89.1329,73,Chance Rain Showers,25,1,False,False,True,False,False,0.05
2026-07-25T00:35:59Z,IL,IL00057IN003200035,37.4661,-89.1324,73,Chance Rain Showers,25,1,False,False,True,False,False,0.05
2026-07-25T00:35:59Z,IN,322,38.195,-87.8597,76,Slight Chance Rain Showers,18,1,False,False,True,False,False,0.05
2026-07-25T00:35:59Z,IN,317,38.5852,-85.7768,79,Mostly Cloudy,3,2,False,False,False,False,False,0.0
2026-07-25T00:35:59Z,IN,316,38.5859,-85.7809,79,Mostly Cloudy,3,2,False,False,False,False,False,0.0
2026-07-25T00:35:59Z,IN,315,39.2602,-85.9521,77,Mostly Cloudy,2,2,False,False,False,False,False,0.0
2026-07-25T00:35:59Z,IN,314,39.2767,-85.9569,77,Mostly Cloudy,2,2,False,False,False,False,False,0.0
2026-07-25T00:35:59Z,IN,313,40.1578,-86.5387,73,Partly Cloudy,1,0,False,False,False,False,False,0.0
2026-07-25T00:35:59Z,IN,312,40.1722,-86.5522,73,Partly Cloudy,1,1,False,False,False,False,False,0.0
2026-07-25T00:35:59Z,IN,311,40.6992,-87.0628,75,Mostly Clear,0,0,False,False,False,False,False,0.0
2026-07-25T00:35:59Z,IN,310,40.6984,-87.0646,75,Mostly Clear,0,0,False,False,False,False,False,0.0
2026-07-25T00:35:59Z,IN,308,41.1653,-87.271,77,Mostly Clear,0,0,False,False,False,False,False,0.0
2026-07-25T00:35:59Z,IN,309,41.1666,-87.2749,77,Mostly Clear,0,0,False,False,False,False,False,0.0
2026-07-25T00:35:59Z,IN,318,40.3543,-85.5576,75,Partly Cloudy,0,1,False,False,False,False,False,0.0
2026-07-25T00:35:59Z,IN,319,40.3569,-85.56,75,Partly Cloudy,0,1,False,False,False,False,False,0.0
2026-07-25T00:35:59Z,IN,320,41.2963,-85.0863,76,Mostly Clear,0,0,False,False,False,False,False,0.0
2026-07-25T00:35:59Z,IN,321,41.5803,-85.0597,75,Mostly Clear,0,0,False,False,False,False,False,0.0
2026-07-25T00:35:59Z,IN,300,39.4417,-87.5002,78,Mostly Cloudy,5,2,False,False,False,False,False,0.0
2026-07-25T00:35:59Z,IN,302,39.6517,-86.3967,77,Partly Cloudy,3,3,False,False,False,False,False,0.0
2026-07-25T00:35:59Z,IN,301,39.6541,-86.4005,77,Partly Cloudy,3,3,False,False,False,False,False,0.0
2026-07-25T00:35:59Z,IN,303,39.8243,-85.7039,74,Mostly Cloudy,1,2,False,False,False,False,False,0.0
2026-07-25T00:35:59Z,IN,304,39.8266,-85.704,74,Mostly Cloudy,1,2,False,False,False,False,False,0.0
2026-07-25T00:35:59Z,IN,305,39.8605,-85.0259,73,Mostly Cloudy,8,1,False,False,False,False,False,0.0
2026-07-25T00:35:59Z,KY,KY00065IS0000020N65WELCOM,36.6434,-86.5687,78,Mostly Cloudy,9,0,False,False,False,False,False,0.0
2026-07-25T00:35:59Z,KY,KY00065IS000020NSMARATHON,36.6612,-86.5553,78,Mostly Cloudy,8,2,False,False,False,False,False,0.0
2026-07-25T00:35:59Z,KY,KY00065IS0000340NWEIGHS34,36.6868,-86.5379,79,Mostly Cloudy,8,2,False,False,False,False,False,0.0
2026-07-25T00:35:59Z,KY,KY00065IS0011400S65SRA114,37.9464,-85.6905,80,Mostly Cloudy,4,1,False,False,False,False,False,0.0
2026-07-25T00:35:59Z,KY,KY00065IS0005900S65SRA059,37.239,-85.9297,78,Mostly Cloudy,6,1,False,False,False,False,False,0.0
2026-07-25T00:35:59Z,KY,KY00065IS0005900N65NRA059,37.2384,-85.9271,78,Mostly Cloudy,6,1,False,False,False,False,False,0.0
2026-07-25T00:35:59Z,KY,KY00075IS0003300NWEIGHS33,37.0422,-84.0968,76,Mostly Cloudy,0,5,False,False,False,False,False,0.0
2026-07-25T00:35:59Z,KY,KY00075IS0003400SWEIGHS34,37.048,-84.0997,76,Mostly Cloudy,0,5,False,False,False,False,False,0.0
2026-07-25T00:35:59Z,KY,KY00075IS0017700N75NRA177,38.937,-84.6309,76,Partly Cloudy,1,3,False,False,False,False,False,0.0
2026-07-25T00:35:59Z,KY,KY00075IS0007500SWALTONWS,38.8653,-84.6476,76,Partly Cloudy,1,3,False,False,False,False,False,0.0
2026-07-25T00:35:59Z,KY,KY00075IS0017700S75SRA177,38.9388,-84.6339,76,Partly Cloudy,1,3,False,False,False,False,False,0.0
2026-07-25T00:35:59Z,KY,KY00075IS0016800SCRITENWS,38.8196,-84.6015,78,Partly Cloudy,0,3,False,False,False,False,False,0.0
2026-07-25T00:35:59Z,KY,KY00075IS0000100N75WELCOM,36.6162,-84.1054,76,Mostly Cloudy,0,1,False,False,False,False,False,0.0
2026-07-25T00:52:40Z,IL,IL00074IW006200004,40.8802,-90.0895,76,Mostly Cloudy,10,3,False,False,False,False,False,0.0
2026-07-25T00:52:40Z,IL,IL00064IE002500038,38.5481,-89.7731,73,Scattered Showers And Thunderstorms,30,3,False,False,True,True,False,0.1
2026-07-25T00:52:40Z,IL,IL00080IE011700043,41.4314,-88.3454,78,Mostly Clear,0,5,False,False,False,False,False,0.0
2026-07-25T00:52:40Z,IL,IL00024IW003700010,37.1593,-88.6798,73,Slight Chance Rain Showers,19,0,False,False,True,False,False,0.05
2026-07-25T00:52:40Z,IL,IL00057IS007900047,38.0962,-88.9138,73,Slight Chance Rain Showers,24,0,False,False,True,False,False,0.05
2026-07-25T00:52:40Z,IL,IL00057IN033300049,41.3892,-87.7729,76,Mostly Clear,0,5,False,False,False,False,False,0.0
2026-07-25T00:52:40Z,IL,IL00074IW020800052,40.1298,-87.7441,77,Mostly Cloudy,8,0,False,False,False,False,False,0.0
2026-07-25T00:52:40Z,IL,IL00074IE002800030,41.2334,-90.333,74,Partly Cloudy,5,5,False,False,False,False,False,0.0
2026-07-25T00:52:40Z,IL,IL00039IS008500026,41.7285,-89.0105,76,Mostly Clear,0,5,False,False,False,False,False,0.0
2026-07-25T00:52:40Z,IL,IL00055IN002700029,38.8649,-89.8532,73,Scattered Showers And Thunderstorms,30,3,False,False,True,True,False,0.1
2026-07-25T00:52:40Z,IL,IL00080IE005100040,41.3938,-89.5665,74,Mostly Clear,2,5,False,False,False,False,False,0.0
2026-07-25T00:52:40Z,IL,IL00055IN019400031,40.8234,-88.6875,76,Partly Cloudy,1,0,False,False,False,False,False,0.0
2026-07-25T00:52:40Z,IL,IL00057IN011400033,38.5963,-88.9638,74,Isolated Rain Showers,17,1,False,False,True,False,False,0.05
2026-07-25T00:52:40Z,IL,IL00064IE008500039,38.273,-88.8496,73,Slight Chance Rain Showers,23,1,False,False,True,False,False,0.05
2026-07-25T00:52:40Z,IL,IL00055IS006400017,39.3523,-89.6447,72,Isolated Rain Showers,23,2,False,False,True,False,False,0.05
2026-07-25T00:52:40Z,IL,IL00072IW015200014,39.9888,-88.7852,76,Mostly Cloudy,11,5,False,False,False,False,False,0.0
2026-07-25T00:52:40Z,IL,IL00055IN010400050,39.8627,-89.5948,76,Isolated Rain Showers,19,3,False,False,True,False,False,0.05
2026-07-25T00:52:40Z,IL,IL00057IN022200048,39.9218,-88.299,76,Mostly Cloudy,10,3,False,False,False,False,False,0.0
2026-07-25T00:52:40Z,IL,IL00055IN006400027,39.3465,-89.6408,72,Isolated Rain Showers,23,2,False,False,True,False,False,0.05
2026-07-25T00:52:40Z,IL,IL00074IE015600037,40.2732,-88.6762,75,Mostly Cloudy,9,5,False,False,False,False,False,0.0
2026-07-25T00:52:40Z,IL,IL00070IE002700042,38.7849,-89.7023,73,Scattered Showers And Thunderstorms,27,3,False,False,True,True,False,0.1
2026-07-25T00:52:40Z,IL,IL00080IW011700016,41.4473,-88.3285,78,Mostly Clear,0,5,False,False,False,False,False,0.0
2026-07-25T00:52:40Z,IL,IL00039IN008500036,41.7236,-89.0062,76,Mostly Clear,0,5,False,False,False,False,False,0.0
2026-07-25T00:52:40Z,IL,IL00070IE008600051,39.0651,-88.6745,76,Isolated Rain Showers,20,1,False,False,True,False,False,0.05
2026-07-25T00:52:40Z,IL,IL00064IW008500012,38.2766,-88.8012,73,Slight Chance Rain Showers,23,0,False,False,True,False,False,0.05
2026-07-25T00:52:40Z,IL,IL00070IW002700015,38.7884,-89.6889,73,Scattered Showers And Thunderstorms,26,2,False,False,True,True,False,0.1
2026-07-25T00:52:40Z,IL,IL00055IS019400021,40.8371,-88.6833,76,Partly Cloudy,1,0,False,False,False,False,False,0.0
2026-07-25T00:52:40Z,IL,IL00057IS033300046,41.3918,-87.7749,76,Mostly Clear,0,5,False,False,False,False,False,0.0
2026-07-25T00:52:40Z,IL,IL00072IE015200041,39.9923,-88.7827,76,Mostly Cloudy,11,5,False,False,False,False,False,0.0
2026-07-25T00:52:40Z,IL,IL00055IN014900028,40.3599,-89.1099,76,Mostly Cloudy,10,5,False,False,False,False,False,0.0
2026-07-25T00:52:40Z,IL,IL00057IS026800022,40.5613,-88.0615,78,Partly Cloudy,1,0,False,False,False,False,False,0.0
2026-07-25T00:52:40Z,IL,IL00057IS022200054,39.9314,-88.3043,76,Mostly Cloudy,10,3,False,False,False,False,False,0.0
2026-07-25T00:52:40Z,IL,IL00057IN007900034,38.0297,-88.9203,73,Chance Rain Showers,25,0,False,False,True,False,False,0.05
2026-07-25T00:52:40Z,IL,IL00080IW005100013,41.3937,-89.5591,74,Mostly Clear,2,5,False,False,False,False,False,0.0
2026-07-25T00:52:40Z,IL,IL00064IW013000053,38.2322,-87.9882,75,Slight Chance Rain Showers,19,1,False,False,True,False,False,0.05
2026-07-25T00:52:40Z,IL,IL00074IW015600009,40.2711,-88.6701,76,Mostly Cloudy,9,5,False,False,False,False,False,0.0
2026-07-25T00:52:40Z,IL,IL00074IW002800020,41.2141,-90.3308,74,Partly Cloudy,5,5,False,False,False,False,False,0.0
2026-07-25T00:52:40Z,IL,IL00055IS002700019,38.8723,-89.8511,73,Scattered Showers And Thunderstorms,30,3,False,False,True,True,False,0.1
2026-07-25T00:52:40Z,IL,IL00064IW002500011,38.5491,-89.7633,73,Scattered Showers And Thunderstorms,29,2,False,False,True,True,False,0.1
2026-07-25T00:52:40Z,IL,IL00057IS011400023,38.5965,-88.9677,74,Isolated Rain Showers,17,1,False,False,True,False,False,0.05
2026-07-25T00:52:40Z,IL,IL00057IN026800032,40.5505,-88.0605,78,Partly Cloudy,1,0,False,False,False,False,False,0.0
2026-07-25T00:52:40Z,IL,IL00070IW008700045,39.0679,-88.6704,76,Isolated Rain Showers,20,1,False,False,True,False,False,0.05
2026-07-25T00:52:40Z,IL,IL00057IS016500018,39.1993,-88.502,77,Isolated Rain Showers,16,2,False,False,True,False,False,0.05
2026-07-25T00:52:40Z,IL,IL00074IW011400006,40.6111,-89.2323,76,Mostly Cloudy,9,3,False,False,False,False,False,0.0
2026-07-25T00:52:40Z,IL,IL00074IE011400005,40.6125,-89.245,76,Mostly Cloudy,9,3,False,False,False,False,False,0.0
2026-07-25T00:52:40Z,IL,IL00074IE006200001,40.8788,-90.0936,76,Mostly Cloudy,10,3,False,False,False,False,False,0.0
2026-07-25T00:52:40Z,IL,IL00070IW014900008,39.4228,-87.6617,76,Mostly Cloudy,7,1,False,False,False,False,False,0.0
2026-07-25T00:52:40Z,IL,IL00057IN016500044,39.1898,-88.5031,77,Isolated Rain Showers,16,2,False,False,True,False,False,0.05
2026-07-25T00:52:40Z,IL,IL00055IS010400024,39.8871,-89.5966,76,Isolated Rain Showers,19,3,False,False,True,False,False,0.05
2026-07-25T00:52:40Z,IL,IL00057IS003200025,37.4699,-89.1329,73,Chance Rain Showers,25,1,False,False,True,False,False,0.05
2026-07-25T00:52:40Z,IL,IL00057IN003200035,37.4661,-89.1324,73,Chance Rain Showers,25,1,False,False,True,False,False,0.05
2026-07-25T00:52:40Z,IN,322,38.195,-87.8597,76,Slight Chance Rain Showers,18,1,False,False,True,False,False,0.05
2026-07-25T00:52:40Z,IN,317,38.5852,-85.7768,79,Mostly Cloudy,3,2,False,False,False,False,False,0.0
2026-07-25T00:52:40Z,IN,316,38.5859,-85.7809,79,Mostly Cloudy,3,2,False,False,False,False,False,0.0
2026-07-25T00:52:40Z,IN,315,39.2602,-85.9521,77,Mostly Cloudy,2,2,False,False,False,False,False,0.0
2026-07-25T00:52:40Z,IN,314,39.2767,-85.9569,77,Mostly Cloudy,2,2,False,False,False,False,False,0.0
2026-07-25T00:52:40Z,IN,313,40.1578,-86.5387,73,Partly Cloudy,1,0,False,False,False,False,False,0.0
2026-07-25T00:52:40Z,IN,312,40.1722,-86.5522,73,Partly Cloudy,1,1,False,False,False,False,False,0.0
2026-07-25T00:52:40Z,IN,311,40.6992,-87.0628,75,Mostly Clear,0,0,False,False,False,False,False,0.0
2026-07-25T00:52:40Z,IN,310,40.6984,-87.0646,75,Mostly Clear,0,0,False,False,False,False,False,0.0
2026-07-25T00:52:40Z,IN,308,41.1653,-87.271,77,Mostly Clear,0,0,False,False,False,False,False,0.0
2026-07-25T00:52:40Z,IN,309,41.1666,-87.2749,77,Mostly Clear,0,0,False,False,False,False,False,0.0
2026-07-25T00:52:40Z,IN,318,40.3543,-85.5576,75,Partly Cloudy,0,1,False,False,False,False,False,0.0
2026-07-25T00:52:40Z,IN,319,40.3569,-85.56,75,Partly Cloudy,0,1,False,False,False,False,False,0.0
2026-07-25T00:52:40Z,IN,320,41.2963,-85.0863,76,Mostly Clear,0,0,False,False,False,False,False,0.0
2026-07-25T00:52:40Z,IN,321,41.5803,-85.0597,75,Mostly Clear,0,0,False,False,False,False,False,0.0
2026-07-25T00:52:40Z,IN,300,39.4417,-87.5002,78,Mostly Cloudy,5,2,False,False,False,False,False,0.0
2026-07-25T00:52:40Z,IN,302,39.6517,-86.3967,77,Partly Cloudy,3,3,False,False,False,False,False,0.0
2026-07-25T00:52:40Z,IN,301,39.6541,-86.4005,77,Partly Cloudy,3,3,False,False,False,False,False,0.0
2026-07-25T00:52:40Z,IN,303,39.8243,-85.7039,74,Mostly Cloudy,1,2,False,False,False,False,False,0.0
2026-07-25T00:52:40Z,IN,304,39.8266,-85.704,74,Mostly Cloudy,1,2,False,False,False,False,False,0.0
2026-07-25T00:52:40Z,IN,305,39.8605,-85.0259,73,Mostly Cloudy,8,1,False,False,False,False,False,0.0
2026-07-25T00:52:40Z,KY,KY00065IS0000020N65WELCOM,36.6434,-86.5687,78,Mostly Cloudy,9,0,False,False,False,False,False,0.0
2026-07-25T00:52:40Z,KY,KY00065IS000020NSMARATHON,36.6612,-86.5553,78,Mostly Cloudy,8,2,False,False,False,False,False,0.0
2026-07-25T00:52:40Z,KY,KY00065IS0000340NWEIGHS34,36.6868,-86.5379,79,Mostly Cloudy,8,2,False,False,False,False,False,0.0
2026-07-25T00:52:40Z,KY,KY00065IS0011400S65SRA114,37.9464,-85.6905,80,Mostly Cloudy,4,1,False,False,False,False,False,0.0
2026-07-25T00:52:40Z,KY,KY00065IS0005900S65SRA059,37.239,-85.9297,78,Mostly Cloudy,6,1,False,False,False,False,False,0.0
2026-07-25T00:52:40Z,KY,KY00065IS0005900N65NRA059,37.2384,-85.9271,78,Mostly Cloudy,6,1,False,False,False,False,False,0.0
2026-07-25T00:52:40Z,KY,KY00075IS0003300NWEIGHS33,37.0422,-84.0968,76,Mostly Cloudy,0,5,False,False,False,False,False,0.0
2026-07-25T00:52:40Z,KY,KY00075IS0003400SWEIGHS34,37.048,-84.0997,76,Mostly Cloudy,0,5,False,False,False,False,False,0.0
2026-07-25T00:52:40Z,KY,KY00075IS0017700N75NRA177,38.937,-84.6309,76,Partly Cloudy,1,3,False,False,False,False,False,0.0
2026-07-25T00:52:40Z,KY,KY00075IS0007500SWALTONWS,38.8653,-84.6476,76,Partly Cloudy,1,3,False,False,False,False,False,0.0
2026-07-25T00:52:40Z,KY,KY00075IS0017700S75SRA177,38.9388,-84.6339,76,Partly Cloudy,1,3,False,False,False,False,False,0.0
2026-07-25T00:52:40Z,KY,KY00075IS0016800SCRITENWS,38.8196,-84.6015,78,Partly Cloudy,0,3,False,False,False,False,False,0.0
2026-07-25T00:52:40Z,KY,KY00075IS0000100N75WELCOM,36.6162,-84.1054,76,Mostly Cloudy,0,1,False,False,False,False,False,0.0
2026-07-25T01:09:19Z,IL,IL00074IW006200004,40.8802,-90.0895,73,Mostly Cloudy,9,3,False,False,False,False,False,0.0
2026-07-25T01:09:19Z,IL,IL00064IE002500038,38.5481,-89.7731,72,Slight Chance Rain Showers,21,2,False,False,True,False,False,0.05
2026-07-25T01:09:19Z,IL,IL00080IE011700043,41.4314,-88.3454,74,Clear,0,5,False,False,False,False,False,0.0
2026-07-25T01:09:19Z,IL,IL00024IW003700010,37.1593,-88.6798,72,Slight Chance Rain Showers,15,0,False,False,True,False,False,0.05
2026-07-25T01:09:19Z,IL,IL00057IS007900047,38.0962,-88.9138,73,Slight Chance Rain Showers,22,0,False,False,True,False,False,0.05
2026-07-25T01:09:19Z,IL,IL00057IN033300049,41.3892,-87.7729,72,Mostly Clear,0,5,False,False,False,False,False,0.0
2026-07-25T01:09:19Z,IL,IL00074IW020800052,40.1298,-87.7441,73,Mostly Cloudy,5,0,False,False,False,False,False,0.0
2026-07-25T01:09:19Z,IL,IL00074IE002800030,41.2334,-90.333,73,Mostly Cloudy,6,5,False,False,False,False,False,0.0
2026-07-25T01:09:19Z,IL,IL00039IS008500026,41.7285,-89.0105,72,Mostly Clear,0,5,False,False,False,False,False,0.0
2026-07-25T01:09:19Z,IL,IL00055IN002700029,38.8649,-89.8532,71,Chance Rain Showers,25,3,False,False,True,False,False,0.05
2026-07-25T01:09:19Z,IL,IL00080IE005100040,41.3938,-89.5665,74,Mostly Clear,2,5,False,False,False,False,False,0.0
2026-07-25T01:09:19Z,IL,IL00055IN019400031,40.8234,-88.6875,73,Partly Cloudy,1,0,False,False,False,False,False,0.0
2026-07-25T01:09:19Z,IL,IL00057IN011400033,38.5963,-88.9638,72,Slight Chance Rain Showers,19,1,False,False,True,False,False,0.05
2026-07-25T01:09:19Z,IL,IL00064IE008500039,38.273,-88.8496,73,Slight Chance Rain Showers,19,0,False,False,True,False,False,0.05
2026-07-25T01:09:19Z,IL,IL00055IS006400017,39.3523,-89.6447,72,Isolated Rain Showers,23,2,False,False,True,False,False,0.05
2026-07-25T01:09:19Z,IL,IL00072IW015200014,39.9888,-88.7852,73,Mostly Cloudy,11,3,False,False,False,False,False,0.0
2026-07-25T01:09:19Z,IL,IL00055IN010400050,39.8627,-89.5948,73,Isolated Rain Showers,19,2,False,False,True,False,False,0.05
2026-07-25T01:09:19Z,IL,IL00057IN022200048,39.9218,-88.299,76,Mostly Cloudy,10,3,False,False,False,False,False,0.0
2026-07-25T01:09:19Z,IL,IL00055IN006400027,39.3465,-89.6408,71,Slight Chance Rain Showers,23,2,False,False,True,False,False,0.05
2026-07-25T01:09:19Z,IL,IL00074IE015600037,40.2732,-88.6762,73,Mostly Cloudy,8,3,False,False,False,False,False,0.0
2026-07-25T01:09:19Z,IL,IL00070IE002700042,38.7849,-89.7023,73,Scattered Showers And Thunderstorms,27,3,False,False,True,True,False,0.1
2026-07-25T01:09:19Z,IL,IL00080IW011700016,41.4473,-88.3285,78,Mostly Clear,0,5,False,False,False,False,False,0.0
2026-07-25T01:09:19Z,IL,IL00039IN008500036,41.7236,-89.0062,76,Mostly Clear,0,5,False,False,False,False,False,0.0
2026-07-25T01:09:19Z,IL,IL00070IE008600051,39.0651,-88.6745,74,Isolated Rain Showers,20,0,False,False,True,False,False,0.05
2026-07-25T01:09:19Z,IL,IL00064IW008500012,38.2766,-88.8012,73,Slight Chance Rain Showers,19,0,False,False,True,False,False,0.05
2026-07-25T01:09:19Z,IL,IL00070IW002700015,38.7884,-89.6889,72,Slight Chance Rain Showers,24,2,False,False,True,False,False,0.05
2026-07-25T01:09:19Z,IL,IL00055IS019400021,40.8371,-88.6833,73,Partly Cloudy,1,0,False,False,False,False,False,0.0
2026-07-25T01:09:19Z,IL,IL00057IS033300046,41.3918,-87.7749,72,Mostly Clear,0,5,False,False,False,False,False,0.0
2026-07-25T01:09:19Z,IL,IL00072IE015200041,39.9923,-88.7827,73,Mostly Cloudy,11,3,False,False,False,False,False,0.0
2026-07-25T01:09:19Z,IL,IL00055IN014900028,40.3599,-89.1099,73,Mostly Cloudy,9,3,False,False,False,False,False,0.0
2026-07-25T01:09:19Z,IL,IL00057IS026800022,40.5613,-88.0615,73,Partly Cloudy,1,0,False,False,False,False,False,0.0
2026-07-25T01:09:19Z,IL,IL00057IS022200054,39.9314,-88.3043,72,Mostly Cloudy,8,2,False,False,False,False,False,0.0
2026-07-25T01:09:19Z,IL,IL00057IN007900034,38.0297,-88.9203,72,Slight Chance Rain Showers,23,0,False,False,True,False,False,0.05
2026-07-25T01:09:19Z,IL,IL00080IW005100013,41.3937,-89.5591,72,Mostly Clear,2,5,False,False,False,False,False,0.0
2026-07-25T01:09:19Z,IL,IL00064IW013000053,38.2322,-87.9882,73,Mostly Cloudy,11,0,False,False,False,False,False,0.0
2026-07-25T01:09:19Z,IL,IL00074IW015600009,40.2711,-88.6701,76,Mostly Cloudy,9,5,False,False,False,False,False,0.0
2026-07-25T01:09:19Z,IL,IL00074IW002800020,41.2141,-90.3308,74,Partly Cloudy,5,5,False,False,False,False,False,0.0
2026-07-25T01:09:19Z,IL,IL00055IS002700019,38.8723,-89.8511,71,Chance Rain Showers,25,3,False,False,True,False,False,0.05
2026-07-25T01:09:19Z,IL,IL00064IW002500011,38.5491,-89.7633,72,Slight Chance Rain Showers,21,2,False,False,True,False,False,0.05
2026-07-25T01:09:19Z,IL,IL00057IS011400023,38.5965,-88.9677,72,Slight Chance Rain Showers,19,1,False,False,True,False,False,0.05
2026-07-25T01:09:19Z,IL,IL00057IN026800032,40.5505,-88.0605,73,Partly Cloudy,1,0,False,False,False,False,False,0.0
2026-07-25T01:09:19Z,IL,IL00070IW008700045,39.0679,-88.6704,74,Isolated Rain Showers,20,0,False,False,True,False,False,0.05
2026-07-25T01:09:19Z,IL,IL00057IS016500018,39.1993,-88.502,73,Isolated Rain Showers,16,1,False,False,True,False,False,0.05
2026-07-25T01:09:19Z,IL,IL00074IW011400006,40.6111,-89.2323,73,Mostly Cloudy,8,2,False,False,False,False,False,0.0
2026-07-25T01:09:19Z,IL,IL00074IE011400005,40.6125,-89.245,73,Mostly Cloudy,8,2,False,False,False,False,False,0.0
2026-07-25T01:09:19Z,IL,IL00074IE006200001,40.8788,-90.0936,76,Mostly Cloudy,10,3,False,False,False,False,False,0.0
2026-07-25T01:09:19Z,IL,IL00070IW014900008,39.4228,-87.6617,73,Mostly Cloudy,6,0,False,False,False,False,False,0.0
2026-07-25T01:09:19Z,IL,IL00057IN016500044,39.1898,-88.5031,77,Isolated Rain Showers,16,2,False,False,True,False,False,0.05
2026-07-25T01:09:19Z,IL,IL00055IS010400024,39.8871,-89.5966,76,Isolated Rain Showers,19,3,False,False,True,False,False,0.05
2026-07-25T01:09:19Z,IL,IL00057IS003200025,37.4699,-89.1329,72,Chance Rain Showers,27,0,False,False,True,False,False,0.05
2026-07-25T01:09:19Z,IL,IL00057IN003200035,37.4661,-89.1324,73,Chance Rain Showers,25,1,False,False,True,False,False,0.05
2026-07-25T01:09:19Z,IN,322,38.195,-87.8597,74,Mostly Cloudy,10,0,False,False,False,False,False,0.0
2026-07-25T01:09:19Z,IN,317,38.5852,-85.7768,72,Partly Cloudy,3,1,False,False,False,False,False,0.0
2026-07-25T01:09:19Z,IN,316,38.5859,-85.7809,72,Partly Cloudy,3,1,False,False,False,False,False,0.0
2026-07-25T01:09:19Z,IN,315,39.2602,-85.9521,74,Partly Cloudy,1,1,False,False,False,False,False,0.0
2026-07-25T01:09:19Z,IN,314,39.2767,-85.9569,77,Mostly Cloudy,2,2,False,False,False,False,False,0.0
2026-07-25T01:09:19Z,IN,313,40.1578,-86.5387,71,Partly Cloudy,1,0,False,False,False,False,False,0.0
2026-07-25T01:09:19Z,IN,312,40.1722,-86.5522,71,Partly Cloudy,1,0,False,False,False,False,False,0.0
2026-07-25T01:09:19Z,IN,311,40.6992,-87.0628,75,Mostly Clear,0,0,False,False,False,False,False,0.0
2026-07-25T01:09:19Z,IN,310,40.6984,-87.0646,71,Mostly Clear,0,0,False,False,False,False,False,0.0
2026-07-25T01:09:19Z,IN,308,41.1653,-87.271,73,Mostly Clear,0,0,False,False,False,False,False,0.0
2026-07-25T01:09:19Z,IN,309,41.1666,-87.2749,73,Mostly Clear,0,0,False,False,False,False,False,0.0
2026-07-25T01:09:19Z,IN,318,40.3543,-85.5576,69,Mostly Clear,0,0,False,False,False,False,False,0.0
2026-07-25T01:09:19Z,IN,319,40.3569,-85.56,75,Partly Cloudy,0,1,False,False,False,False,False,0.0
2026-07-25T01:09:19Z,IN,320,41.2963,-85.0863,71,Mostly Clear,0,0,False,False,False,False,False,0.0
2026-07-25T01:09:19Z,IN,321,41.5803,-85.0597,72,Mostly Clear,0,0,False,False,False,False,False,0.0
2026-07-25T01:09:19Z,IN,300,39.4417,-87.5002,73,Mostly Cloudy,6,0,False,False,False,False,False,0.0
2026-07-25T01:09:19Z,IN,302,39.6517,-86.3967,74,Mostly Cloudy,2,1,False,False,False,False,False,0.0
2026-07-25T01:09:19Z,IN,301,39.6541,-86.4005,77,Partly Cloudy,3,3,False,False,False,False,False,0.0
2026-07-25T01:09:19Z,IN,303,39.8243,-85.7039,69,Mostly Cloudy,1,1,False,False,False,False,False,0.0
2026-07-25T01:09:19Z,IN,304,39.8266,-85.704,69,Mostly Cloudy,1,1,False,False,False,False,False,0.0
2026-07-25T01:09:19Z,IN,305,39.8605,-85.0259,70,Mostly Cloudy,3,1,False,False,False,False,False,0.0
2026-07-25T01:09:19Z,KY,KY00065IS0000020N65WELCOM,36.6434,-86.5687,71,Mostly Cloudy,6,0,False,False,False,False,False,0.0
2026-07-25T01:09:19Z,KY,KY00065IS000020NSMARATHON,36.6612,-86.5553,72,Mostly Cloudy,6,2,False,False,False,False,False,0.0
2026-07-25T01:09:19Z,KY,KY00065IS0000340NWEIGHS34,36.6868,-86.5379,72,Mostly Cloudy,6,2,False,False,False,False,False,0.0
2026-07-25T01:09:19Z,KY,KY00065IS0011400S65SRA114,37.9464,-85.6905,73,Mostly Cloudy,4,2,False,False,False,False,False,0.0
2026-07-25T01:09:19Z,KY,KY00065IS0005900S65SRA059,37.239,-85.9297,72,Mostly Cloudy,5,2,False,False,False,False,False,0.0
2026-07-25T01:09:19Z,KY,KY00065IS0005900N65NRA059,37.2384,-85.9271,72,Mostly Cloudy,5,2,False,False,False,False,False,0.0
2026-07-25T01:09:19Z,KY,KY00075IS0003300NWEIGHS33,37.0422,-84.0968,76,Mostly Cloudy,0,5,False,False,False,False,False,0.0
2026-07-25T01:09:19Z,KY,KY00075IS0003400SWEIGHS34,37.048,-84.0997,73,Mostly Cloudy,5,3,False,False,False,False,False,0.0
2026-07-25T01:09:19Z,KY,KY00075IS0017700N75NRA177,38.937,-84.6309,72,Mostly Cloudy,3,3,False,False,False,False,False,0.0
2026-07-25T01:09:19Z,KY,KY00075IS0007500SWALTONWS,38.8653,-84.6476,72,Partly Cloudy,2,2,False,False,False,False,False,0.0
2026-07-25T01:09:19Z,KY,KY00075IS0017700S75SRA177,38.9388,-84.6339,72,Mostly Cloudy,3,3,False,False,False,False,False,0.0
2026-07-25T01:09:19Z,KY,KY00075IS0016800SCRITENWS,38.8196,-84.6015,72,Partly Cloudy,2,2,False,False,False,False,False,0.0
2026-07-25T01:09:19Z,KY,KY00075IS0000100N75WELCOM,36.6162,-84.1054,74,Mostly Cloudy,11,1,False,False,False,False,False,0.0
2026-07-25T01:26:07Z,IL,IL00074IW006200004,40.8802,-90.0895,76,Mostly Cloudy,10,3,False,False,False,False,False,0.0
2026-07-25T01:26:07Z,IL,IL00064IE002500038,38.5481,-89.7731,73,Scattered Showers And Thunderstorms,30,3,False,False,True,True,False,0.1
2026-07-25T01:26:07Z,IL,IL00080IE011700043,41.4314,-88.3454,78,Mostly Clear,0,5,False,False,False,False,False,0.0
2026-07-25T01:26:07Z,IL,IL00024IW003700010,37.1593,-88.6798,73,Slight Chance Rain Showers,19,0,False,False,True,False,False,0.05
2026-07-25T01:26:07Z,IL,IL00057IS007900047,38.0962,-88.9138,73,Slight Chance Rain Showers,24,0,False,False,True,False,False,0.05
2026-07-25T01:26:07Z,IL,IL00057IN033300049,41.3892,-87.7729,76,Mostly Clear,0,5,False,False,False,False,False,0.0
2026-07-25T01:26:07Z,IL,IL00074IW020800052,40.1298,-87.7441,77,Mostly Cloudy,8,0,False,False,False,False,False,0.0
2026-07-25T01:26:07Z,IL,IL00074IE002800030,41.2334,-90.333,74,Partly Cloudy,5,5,False,False,False,False,False,0.0
2026-07-25T01:26:07Z,IL,IL00039IS008500026,41.7285,-89.0105,76,Mostly Clear,0,5,False,False,False,False,False,0.0
2026-07-25T01:26:07Z,IL,IL00055IN002700029,38.8649,-89.8532,73,Scattered Showers And Thunderstorms,30,3,False,False,True,True,False,0.1
2026-07-25T01:26:07Z,IL,IL00080IE005100040,41.3938,-89.5665,73,Mostly Clear,3,5,False,False,False,False,False,0.0
2026-07-25T01:26:07Z,IL,IL00055IN019400031,40.8234,-88.6875,76,Partly Cloudy,1,0,False,False,False,False,False,0.0
2026-07-25T01:26:07Z,IL,IL00057IN011400033,38.5963,-88.9638,74,Isolated Rain Showers,17,1,False,False,True,False,False,0.05
2026-07-25T01:26:07Z,IL,IL00064IE008500039,38.273,-88.8496,73,Slight Chance Rain Showers,23,1,False,False,True,False,False,0.05
2026-07-25T01:26:07Z,IL,IL00055IS006400017,39.3523,-89.6447,71,Slight Chance Rain Showers,23,2,False,False,True,False,False,0.05
2026-07-25T01:26:07Z,IL,IL00072IW015200014,39.9888,-88.7852,76,Mostly Cloudy,11,5,False,False,False,False,False,0.0
2026-07-25T01:26:07Z,IL,IL00055IN010400050,39.8627,-89.5948,76,Isolated Rain Showers,19,3,False,False,True,False,False,0.05
2026-07-25T01:26:07Z,IL,IL00057IN022200048,39.9218,-88.299,72,Mostly Cloudy,8,2,False,False,False,False,False,0.0
2026-07-25T01:26:07Z,IL,IL00055IN006400027,39.3465,-89.6408,72,Isolated Rain Showers,23,2,False,False,True,False,False,0.05
2026-07-25T01:26:07Z,IL,IL00074IE015600037,40.2732,-88.6762,75,Mostly Cloudy,9,5,False,False,False,False,False,0.0
2026-07-25T01:26:07Z,IL,IL00070IE002700042,38.7849,-89.7023,72,Slight Chance Rain Showers,24,2,False,False,True,False,False,0.05
2026-07-25T01:26:07Z,IL,IL00080IW011700016,41.4473,-88.3285,74,Clear,0,5,False,False,False,False,False,0.0
2026-07-25T01:26:07Z,IL,IL00039IN008500036,41.7236,-89.0062,72,Mostly Clear,0,5,False,False,False,False,False,0.0
2026-07-25T01:26:07Z,IL,IL00070IE008600051,39.0651,-88.6745,76,Isolated Rain Showers,20,1,False,False,True,False,False,0.05
2026-07-25T01:26:07Z,IL,IL00064IW008500012,38.2766,-88.8012,73,Slight Chance Rain Showers,23,0,False,False,True,False,False,0.05
2026-07-25T01:26:07Z,IL,IL00070IW002700015,38.7884,-89.6889,73,Scattered Showers And Thunderstorms,26,2,False,False,True,True,False,0.1
2026-07-25T01:26:07Z,IL,IL00055IS019400021,40.8371,-88.6833,76,Partly Cloudy,1,0,False,False,False,False,False,0.0
2026-07-25T01:26:07Z,IL,IL00057IS033300046,41.3918,-87.7749,76,Mostly Clear,0,5,False,False,False,False,False,0.0
2026-07-25T01:26:07Z,IL,IL00072IE015200041,39.9923,-88.7827,76,Mostly Cloudy,11,5,False,False,False,False,False,0.0
2026-07-25T01:26:07Z,IL,IL00055IN014900028,40.3599,-89.1099,76,Mostly Cloudy,10,5,False,False,False,False,False,0.0
2026-07-25T01:26:07Z,IL,IL00057IS026800022,40.5613,-88.0615,78,Partly Cloudy,1,0,False,False,False,False,False,0.0
2026-07-25T01:26:07Z,IL,IL00057IS022200054,39.9314,-88.3043,76,Mostly Cloudy,10,3,False,False,False,False,False,0.0
2026-07-25T01:26:07Z,IL,IL00057IN007900034,38.0297,-88.9203,72,Slight Chance Rain Showers,23,0,False,False,True,False,False,0.05
2026-07-25T01:26:07Z,IL,IL00080IW005100013,41.3937,-89.5591,74,Mostly Clear,2,5,False,False,False,False,False,0.0
2026-07-25T01:26:07Z,IL,IL00064IW013000053,38.2322,-87.9882,75,Slight Chance Rain Showers,19,1,False,False,True,False,False,0.05
2026-07-25T01:26:07Z,IL,IL00074IW015600009,40.2711,-88.6701,72,Mostly Cloudy,8,3,False,False,False,False,False,0.0
2026-07-25T01:26:07Z,IL,IL00074IW002800020,41.2141,-90.3308,73,Mostly Cloudy,6,5,False,False,False,False,False,0.0
2026-07-25T01:26:07Z,IL,IL00055IS002700019,38.8723,-89.8511,73,Scattered Showers And Thunderstorms,30,3,False,False,True,True,False,0.1
2026-07-25T01:26:07Z,IL,IL00064IW002500011,38.5491,-89.7633,73,Scattered Showers And Thunderstorms,29,2,False,False,True,True,False,0.1
2026-07-25T01:26:07Z,IL,IL00057IS011400023,38.5965,-88.9677,74,Isolated Rain Showers,17,1,False,False,True,False,False,0.05
2026-07-25T01:26:07Z,IL,IL00057IN026800032,40.5505,-88.0605,78,Partly Cloudy,1,0,False,False,False,False,False,0.0
2026-07-25T01:26:07Z,IL,IL00070IW008700045,39.0679,-88.6704,76,Isolated Rain Showers,20,1,False,False,True,False,False,0.05
2026-07-25T01:26:07Z,IL,IL00057IS016500018,39.1993,-88.502,77,Isolated Rain Showers,16,2,False,False,True,False,False,0.05
2026-07-25T01:26:07Z,IL,IL00074IW011400006,40.6111,-89.2323,73,Mostly Cloudy,8,2,False,False,False,False,False,0.0
2026-07-25T01:26:07Z,IL,IL00074IE011400005,40.6125,-89.245,73,Mostly Cloudy,8,2,False,False,False,False,False,0.0
2026-07-25T01:26:07Z,IL,IL00074IE006200001,40.8788,-90.0936,73,Mostly Cloudy,9,3,False,False,False,False,False,0.0
2026-07-25T01:26:07Z,IL,IL00070IW014900008,39.4228,-87.6617,76,Mostly Cloudy,7,1,False,False,False,False,False,0.0
2026-07-25T01:26:07Z,IL,IL00057IN016500044,39.1898,-88.5031,73,Isolated Rain Showers,16,1,False,False,True,False,False,0.05
2026-07-25T01:26:07Z,IL,IL00055IS010400024,39.8871,-89.5966,73,Isolated Rain Showers,18,2,False,False,True,False,False,0.05
2026-07-25T01:26:07Z,IL,IL00057IS003200025,37.4699,-89.1329,73,Chance Rain Showers,25,1,False,False,True,False,False,0.05
2026-07-25T01:26:07Z,IL,IL00057IN003200035,37.4661,-89.1324,72,Chance Rain Showers,27,0,False,False,True,False,False,0.05
2026-07-25T01:26:07Z,IN,322,38.195,-87.8597,76,Slight Chance Rain Showers,18,1,False,False,True,False,False,0.05
2026-07-25T01:26:07Z,IN,317,38.5852,-85.7768,79,Mostly Cloudy,3,2,False,False,False,False,False,0.0
2026-07-25T01:26:07Z,IN,316,38.5859,-85.7809,79,Mostly Cloudy,3,2,False,False,False,False,False,0.0
2026-07-25T01:26:07Z,IN,315,39.2602,-85.9521,77,Mostly Cloudy,2,2,False,False,False,False,False,0.0
2026-07-25T01:26:07Z,IN,314,39.2767,-85.9569,74,Partly Cloudy,2,1,False,False,False,False,False,0.0
2026-07-25T01:26:07Z,IN,313,40.1578,-86.5387,73,Partly Cloudy,1,0,False,False,False,False,False,0.0
2026-07-25T01:26:07Z,IN,312,40.1722,-86.5522,73,Partly Cloudy,1,1,False,False,False,False,False,0.0
2026-07-25T01:26:07Z,IN,311,40.6992,-87.0628,71,Mostly Clear,0,0,False,False,False,False,False,0.0
2026-07-25T01:26:07Z,IN,310,40.6984,-87.0646,75,Mostly Clear,0,0,False,False,False,False,False,0.0
2026-07-25T01:26:07Z,IN,308,41.1653,-87.271,77,Mostly Clear,0,0,False,False,False,False,False,0.0
2026-07-25T01:26:07Z,IN,309,41.1666,-87.2749,77,Mostly Clear,0,0,False,False,False,False,False,0.0
2026-07-25T01:26:07Z,IN,318,40.3543,-85.5576,75,Partly Cloudy,0,1,False,False,False,False,False,0.0
2026-07-25T01:26:07Z,IN,319,40.3569,-85.56,69,Mostly Clear,0,0,False,False,False,False,False,0.0
2026-07-25T01:26:07Z,IN,320,41.2963,-85.0863,76,Mostly Clear,0,0,False,False,False,False,False,0.0
2026-07-25T01:26:07Z,IN,321,41.5803,-85.0597,75,Mostly Clear,0,0,False,False,False,False,False,0.0
2026-07-25T01:26:07Z,IN,300,39.4417,-87.5002,78,Mostly Cloudy,5,2,False,False,False,False,False,0.0
2026-07-25T01:26:07Z,IN,302,39.6517,-86.3967,77,Partly Cloudy,3,3,False,False,False,False,False,0.0
2026-07-25T01:26:07Z,IN,301,39.6541,-86.4005,74,Mostly Cloudy,2,1,False,False,False,False,False,0.0
2026-07-25T01:26:07Z,IN,303,39.8243,-85.7039,74,Mostly Cloudy,1,2,False,False,False,False,False,0.0
2026-07-25T01:26:07Z,IN,304,39.8266,-85.704,74,Mostly Cloudy,1,2,False,False,False,False,False,0.0
2026-07-25T01:26:07Z,IN,305,39.8605,-85.0259,73,Mostly Cloudy,8,1,False,False,False,False,False,0.0
2026-07-25T01:26:07Z,KY,KY00065IS0000020N65WELCOM,36.6434,-86.5687,78,Mostly Cloudy,9,0,False,False,False,False,False,0.0
2026-07-25T01:26:07Z,KY,KY00065IS000020NSMARATHON,36.6612,-86.5553,78,Mostly Cloudy,8,2,False,False,False,False,False,0.0
2026-07-25T01:26:07Z,KY,KY00065IS0000340NWEIGHS34,36.6868,-86.5379,79,Mostly Cloudy,8,2,False,False,False,False,False,0.0
2026-07-25T01:26:07Z,KY,KY00065IS0011400S65SRA114,37.9464,-85.6905,80,Mostly Cloudy,4,1,False,False,False,False,False,0.0
2026-07-25T01:26:07Z,KY,KY00065IS0005900S65SRA059,37.239,-85.9297,78,Mostly Cloudy,6,1,False,False,False,False,False,0.0
2026-07-25T01:26:07Z,KY,KY00065IS0005900N65NRA059,37.2384,-85.9271,78,Mostly Cloudy,6,1,False,False,False,False,False,0.0
2026-07-25T01:26:07Z,KY,KY00075IS0003300NWEIGHS33,37.0422,-84.0968,73,Mostly Cloudy,5,3,False,False,False,False,False,0.0
2026-07-25T01:26:07Z,KY,KY00075IS0003400SWEIGHS34,37.048,-84.0997,76,Mostly Cloudy,0,5,False,False,False,False,False,0.0
2026-07-25T01:26:07Z,KY,KY00075IS0017700N75NRA177,38.937,-84.6309,76,Partly Cloudy,1,3,False,False,False,False,False,0.0
2026-07-25T01:26:07Z,KY,KY00075IS0007500SWALTONWS,38.8653,-84.6476,76,Partly Cloudy,1,3,False,False,False,False,False,0.0
2026-07-25T01:26:07Z,KY,KY00075IS0017700S75SRA177,38.9388,-84.6339,76,Partly Cloudy,1,3,False,False,False,False,False,0.0
2026-07-25T01:26:07Z,KY,KY00075IS0016800SCRITENWS,38.8196,-84.6015,78,Partly Cloudy,0,3,False,False,False,False,False,0.0
2026-07-25T01:26:07Z,KY,KY00075IS0000100N75WELCOM,36.6162,-84.1054,76,Mostly Cloudy,0,1,False,False,False,False,False,0.0
2026-07-25T01:42:37Z,IL,IL00074IW006200004,40.8802,-90.0895,73,Mostly Cloudy,9,3,False,False,False,False,False,0.0
2026-07-25T01:42:37Z,IL,IL00064IE002500038,38.5481,-89.7731,72,Slight Chance Rain Showers,21,2,False,False,True,False,False,0.05
2026-07-25T01:42:37Z,IL,IL00080IE011700043,41.4314,-88.3454,74,Clear,0,5,False,False,False,False,False,0.0
2026-07-25T01:42:37Z,IL,IL00024IW003700010,37.1593,-88.6798,72,Slight Chance Rain Showers,15,0,False,False,True,False,False,0.05
2026-07-25T01:42:37Z,IL,IL00057IS007900047,38.0962,-88.9138,73,Slight Chance Rain Showers,22,0,False,False,True,False,False,0.05
2026-07-25T01:42:37Z,IL,IL00057IN033300049,41.3892,-87.7729,72,Mostly Clear,0,5,False,False,False,False,False,0.0
2026-07-25T01:42:37Z,IL,IL00074IW020800052,40.1298,-87.7441,73,Mostly Cloudy,5,0,False,False,False,False,False,0.0
2026-07-25T01:42:37Z,IL,IL00074IE002800030,41.2334,-90.333,73,Mostly Cloudy,6,5,False,False,False,False,False,0.0
2026-07-25T01:42:37Z,IL,IL00039IS008500026,41.7285,-89.0105,72,Mostly Clear,0,5,False,False,False,False,False,0.0
2026-07-25T01:42:37Z,IL,IL00055IN002700029,38.8649,-89.8532,71,Chance Rain Showers,25,3,False,False,True,False,False,0.05
2026-07-25T01:42:37Z,IL,IL00080IE005100040,41.3938,-89.5665,73,Mostly Clear,3,5,False,False,False,False,False,0.0
2026-07-25T01:42:37Z,IL,IL00055IN019400031,40.8234,-88.6875,73,Partly Cloudy,1,0,False,False,False,False,False,0.0
2026-07-25T01:42:37Z,IL,IL00057IN011400033,38.5963,-88.9638,72,Slight Chance Rain Showers,19,1,False,False,True,False,False,0.05
2026-07-25T01:42:37Z,IL,IL00064IE008500039,38.273,-88.8496,73,Slight Chance Rain Showers,19,0,False,False,True,False,False,0.05
2026-07-25T01:42:37Z,IL,IL00055IS006400017,39.3523,-89.6447,71,Slight Chance Rain Showers,23,2,False,False,True,False,False,0.05
2026-07-25T01:42:37Z,IL,IL00072IW015200014,39.9888,-88.7852,73,Mostly Cloudy,11,3,False,False,False,False,False,0.0
2026-07-25T01:42:37Z,IL,IL00055IN010400050,39.8627,-89.5948,73,Isolated Rain Showers,19,2,False,False,True,False,False,0.05
2026-07-25T01:42:37Z,IL,IL00057IN022200048,39.9218,-88.299,72,Mostly Cloudy,8,2,False,False,False,False,False,0.0
2026-07-25T01:42:37Z,IL,IL00055IN006400027,39.3465,-89.6408,71,Slight Chance Rain Showers,23,2,False,False,True,False,False,0.05
2026-07-25T01:42:37Z,IL,IL00074IE015600037,40.2732,-88.6762,73,Mostly Cloudy,8,3,False,False,False,False,False,0.0
2026-07-25T01:42:37Z,IL,IL00070IE002700042,38.7849,-89.7023,72,Slight Chance Rain Showers,24,2,False,False,True,False,False,0.05
2026-07-25T01:42:37Z,IL,IL00080IW011700016,41.4473,-88.3285,74,Clear,0,5,False,False,False,False,False,0.0
2026-07-25T01:42:37Z,IL,IL00039IN008500036,41.7236,-89.0062,72,Mostly Clear,0,5,False,False,False,False,False,0.0
2026-07-25T01:42:37Z,IL,IL00070IE008600051,39.0651,-88.6745,74,Isolated Rain Showers,20,0,False,False,True,False,False,0.05
2026-07-25T01:42:37Z,IL,IL00064IW008500012,38.2766,-88.8012,73,Slight Chance Rain Showers,19,0,False,False,True,False,False,0.05
2026-07-25T01:42:37Z,IL,IL00070IW002700015,38.7884,-89.6889,72,Slight Chance Rain Showers,24,2,False,False,True,False,False,0.05
2026-07-25T01:42:37Z,IL,IL00055IS019400021,40.8371,-88.6833,73,Partly Cloudy,1,0,False,False,False,False,False,0.0
2026-07-25T01:42:37Z,IL,IL00057IS033300046,41.3918,-87.7749,72,Mostly Clear,0,5,False,False,False,False,False,0.0
2026-07-25T01:42:37Z,IL,IL00072IE015200041,39.9923,-88.7827,73,Mostly Cloudy,11,3,False,False,False,False,False,0.0
2026-07-25T01:42:37Z,IL,IL00055IN014900028,40.3599,-89.1099,73,Mostly Cloudy,9,3,False,False,False,False,False,0.0
2026-07-25T01:42:37Z,IL,IL00057IS026800022,40.5613,-88.0615,73,Partly Cloudy,1,0,False,False,False,False,False,0.0
2026-07-25T01:42:37Z,IL,IL00057IS022200054,39.9314,-88.3043,72,Mostly Cloudy,8,2,False,False,False,False,False,0.0
2026-07-25T01:42:37Z,IL,IL00057IN007900034,38.0297,-88.9203,72,Slight Chance Rain Showers,23,0,False,False,True,False,False,0.05
2026-07-25T01:42:37Z,IL,IL00080IW005100013,41.3937,-89.5591,72,Mostly Clear,2,5,False,False,False,False,False,0.0
2026-07-25T01:42:37Z,IL,IL00064IW013000053,38.2322,-87.9882,73,Mostly Cloudy,11,0,False,False,False,False,False,0.0
2026-07-25T01:42:37Z,IL,IL00074IW015600009,40.2711,-88.6701,72,Mostly Cloudy,8,3,False,False,False,False,False,0.0
2026-07-25T01:42:37Z,IL,IL00074IW002800020,41.2141,-90.3308,73,Mostly Cloudy,6,5,False,False,False,False,False,0.0
2026-07-25T01:42:37Z,IL,IL00055IS002700019,38.8723,-89.8511,71,Chance Rain Showers,25,3,False,False,True,False,False,0.05
2026-07-25T01:42:37Z,IL,IL00064IW002500011,38.5491,-89.7633,72,Slight Chance Rain Showers,21,2,False,False,True,False,False,0.05
2026-07-25T01:42:37Z,IL,IL00057IS011400023,38.5965,-88.9677,72,Slight Chance Rain Showers,19,1,False,False,True,False,False,0.05
2026-07-25T01:42:37Z,IL,IL00057IN026800032,40.5505,-88.0605,73,Partly Cloudy,1,0,False,False,False,False,False,0.0
2026-07-25T01:42:37Z,IL,IL00070IW008700045,39.0679,-88.6704,74,Isolated Rain Showers,20,0,False,False,True,False,False,0.05
2026-07-25T01:42:37Z,IL,IL00057IS016500018,39.1993,-88.502,73,Isolated Rain Showers,16,1,False,False,True,False,False,0.05
2026-07-25T01:42:37Z,IL,IL00074IW011400006,40.6111,-89.2323,73,Mostly Cloudy,8,2,False,False,False,False,False,0.0
2026-07-25T01:42:37Z,IL,IL00074IE011400005,40.6125,-89.245,73,Mostly Cloudy,8,2,False,False,False,False,False,0.0
2026-07-25T01:42:37Z,IL,IL00074IE006200001,40.8788,-90.0936,73,Mostly Cloudy,9,3,False,False,False,False,False,0.0
2026-07-25T01:42:37Z,IL,IL00070IW014900008,39.4228,-87.6617,73,Mostly Cloudy,6,0,False,False,False,False,False,0.0
2026-07-25T01:42:37Z,IL,IL00057IN016500044,39.1898,-88.5031,73,Isolated Rain Showers,16,1,False,False,True,False,False,0.05
2026-07-25T01:42:37Z,IL,IL00055IS010400024,39.8871,-89.5966,73,Isolated Rain Showers,18,2,False,False,True,False,False,0.05
2026-07-25T01:42:37Z,IL,IL00057IS003200025,37.4699,-89.1329,72,Chance Rain Showers,27,0,False,False,True,False,False,0.05
2026-07-25T01:42:37Z,IL,IL00057IN003200035,37.4661,-89.1324,72,Chance Rain Showers,27,0,False,False,True,False,False,0.05
2026-07-25T01:42:37Z,IN,322,38.195,-87.8597,74,Mostly Cloudy,10,0,False,False,False,False,False,0.0
2026-07-25T01:42:37Z,IN,317,38.5852,-85.7768,72,Partly Cloudy,3,1,False,False,False,False,False,0.0
2026-07-25T01:42:37Z,IN,316,38.5859,-85.7809,72,Partly Cloudy,3,1,False,False,False,False,False,0.0
2026-07-25T01:42:37Z,IN,315,39.2602,-85.9521,74,Partly Cloudy,1,1,False,False,False,False,False,0.0
2026-07-25T01:42:37Z,IN,314,39.2767,-85.9569,74,Partly Cloudy,2,1,False,False,False,False,False,0.0
2026-07-25T01:42:37Z,IN,313,40.1578,-86.5387,71,Partly Cloudy,1,0,False,False,False,False,False,0.0
2026-07-25T01:42:37Z,IN,312,40.1722,-86.5522,71,Partly Cloudy,1,0,False,False,False,False,False,0.0
2026-07-25T01:42:37Z,IN,311,40.6992,-87.0628,71,Mostly Clear,0,0,False,False,False,False,False,0.0
2026-07-25T01:42:37Z,IN,310,40.6984,-87.0646,71,Mostly Clear,0,0,False,False,False,False,False,0.0
2026-07-25T01:42:37Z,IN,308,41.1653,-87.271,73,Mostly Clear,0,0,False,False,False,False,False,0.0
2026-07-25T01:42:37Z,IN,309,41.1666,-87.2749,73,Mostly Clear,0,0,False,False,False,False,False,0.0
2026-07-25T01:42:37Z,IN,318,40.3543,-85.5576,69,Mostly Clear,0,0,False,False,False,False,False,0.0
2026-07-25T01:42:37Z,IN,319,40.3569,-85.56,69,Mostly Clear,0,0,False,False,False,False,False,0.0
2026-07-25T01:42:37Z,IN,320,41.2963,-85.0863,71,Mostly Clear,0,0,False,False,False,False,False,0.0
2026-07-25T01:42:37Z,IN,321,41.5803,-85.0597,72,Mostly Clear,0,0,False,False,False,False,False,0.0
2026-07-25T01:42:37Z,IN,300,39.4417,-87.5002,73,Mostly Cloudy,6,0,False,False,False,False,False,0.0
2026-07-25T01:42:37Z,IN,302,39.6517,-86.3967,74,Mostly Cloudy,2,1,False,False,False,False,False,0.0
2026-07-25T01:42:37Z,IN,301,39.6541,-86.4005,74,Mostly Cloudy,2,1,False,False,False,False,False,0.0
2026-07-25T01:42:37Z,IN,303,39.8243,-85.7039,69,Mostly Cloudy,1,1,False,False,False,False,False,0.0
2026-07-25T01:42:37Z,IN,304,39.8266,-85.704,69,Mostly Cloudy,1,1,False,False,False,False,False,0.0
2026-07-25T01:42:37Z,IN,305,39.8605,-85.0259,70,Mostly Cloudy,3,1,False,False,False,False,False,0.0
2026-07-25T01:42:37Z,KY,KY00065IS0000020N65WELCOM,36.6434,-86.5687,71,Mostly Cloudy,6,0,False,False,False,False,False,0.0
2026-07-25T01:42:37Z,KY,KY00065IS000020NSMARATHON,36.6612,-86.5553,72,Mostly Cloudy,6,2,False,False,False,False,False,0.0
2026-07-25T01:42:37Z,KY,KY00065IS0000340NWEIGHS34,36.6868,-86.5379,72,Mostly Cloudy,6,2,False,False,False,False,False,0.0
2026-07-25T01:42:37Z,KY,KY00065IS0011400S65SRA114,37.9464,-85.6905,73,Mostly Cloudy,4,2,False,False,False,False,False,0.0
2026-07-25T01:42:37Z,KY,KY00065IS0005900S65SRA059,37.239,-85.9297,72,Mostly Cloudy,5,2,False,False,False,False,False,0.0
2026-07-25T01:42:37Z,KY,KY00065IS0005900N65NRA059,37.2384,-85.9271,72,Mostly Cloudy,5,2,False,False,False,False,False,0.0
2026-07-25T01:42:37Z,KY,KY00075IS0003300NWEIGHS33,37.0422,-84.0968,73,Mostly Cloudy,5,3,False,False,False,False,False,0.0
2026-07-25T01:42:37Z,KY,KY00075IS0003400SWEIGHS34,37.048,-84.0997,73,Mostly Cloudy,5,3,False,False,False,False,False,0.0
2026-07-25T01:42:37Z,KY,KY00075IS0017700N75NRA177,38.937,-84.6309,72,Mostly Cloudy,3,3,False,False,False,False,False,0.0
2026-07-25T01:42:37Z,KY,KY00075IS0007500SWALTONWS,38.8653,-84.6476,72,Partly Cloudy,2,2,False,False,False,False,False,0.0
2026-07-25T01:42:37Z,KY,KY00075IS0017700S75SRA177,38.9388,-84.6339,72,Mostly Cloudy,3,3,False,False,False,False,False,0.0
2026-07-25T01:42:37Z,KY,KY00075IS0016800SCRITENWS,38.8196,-84.6015,72,Partly Cloudy,2,2,False,False,False,False,False,0.0
2026-07-25T01:42:37Z,KY,KY00075IS0000100N75WELCOM,36.6162,-84.1054,74,Mostly Cloudy,11,1,False,False,False,False,False,0.0
2026-07-25T01:59:06Z,IL,IL00074IW006200004,40.8802,-90.0895,73,Mostly Cloudy,9,3,False,False,False,False,False,0.0
2026-07-25T01:59:06Z,IL,IL00064IE002500038,38.5481,-89.7731,72,Slight Chance Rain Showers,21,2,False,False,True,False,False,0.05
2026-07-25T01:59:06Z,IL,IL00080IE011700043,41.4314,-88.3454,74,Clear,0,5,False,False,False,False,False,0.0
2026-07-25T01:59:06Z,IL,IL00024IW003700010,37.1593,-88.6798,72,Slight Chance Rain Showers,15,0,False,False,True,False,False,0.05
2026-07-25T01:59:06Z,IL,IL00057IS007900047,38.0962,-88.9138,73,Slight Chance Rain Showers,22,0,False,False,True,False,False,0.05
2026-07-25T01:59:06Z,IL,IL00057IN033300049,41.3892,-87.7729,72,Mostly Clear,0,5,False,False,False,False,False,0.0
2026-07-25T01:59:06Z,IL,IL00074IW020800052,40.1298,-87.7441,73,Mostly Cloudy,5,0,False,False,False,False,False,0.0
2026-07-25T01:59:06Z,IL,IL00074IE002800030,41.2334,-90.333,73,Mostly Cloudy,6,5,False,False,False,False,False,0.0
2026-07-25T01:59:06Z,IL,IL00039IS008500026,41.7285,-89.0105,72,Mostly Clear,0,5,False,False,False,False,False,0.0
2026-07-25T01:59:06Z,IL,IL00055IN002700029,38.8649,-89.8532,71,Chance Rain Showers,25,3,False,False,True,False,False,0.05
2026-07-25T01:59:06Z,IL,IL00080IE005100040,41.3938,-89.5665,73,Mostly Clear,3,5,False,False,False,False,False,0.0
2026-07-25T01:59:06Z,IL,IL00055IN019400031,40.8234,-88.6875,73,Partly Cloudy,1,0,False,False,False,False,False,0.0
2026-07-25T01:59:06Z,IL,IL00057IN011400033,38.5963,-88.9638,72,Slight Chance Rain Showers,19,1,False,False,True,False,False,0.05
2026-07-25T01:59:06Z,IL,IL00064IE008500039,38.273,-88.8496,73,Slight Chance Rain Showers,19,0,False,False,True,False,False,0.05
2026-07-25T01:59:06Z,IL,IL00055IS006400017,39.3523,-89.6447,71,Slight Chance Rain Showers,23,2,False,False,True,False,False,0.05
2026-07-25T01:59:06Z,IL,IL00072IW015200014,39.9888,-88.7852,73,Mostly Cloudy,11,3,False,False,False,False,False,0.0
2026-07-25T01:59:06Z,IL,IL00055IN010400050,39.8627,-89.5948,73,Isolated Rain Showers,19,2,False,False,True,False,False,0.05
2026-07-25T01:59:06Z,IL,IL00057IN022200048,39.9218,-88.299,72,Mostly Cloudy,8,2,False,False,False,False,False,0.0
2026-07-25T01:59:06Z,IL,IL00055IN006400027,39.3465,-89.6408,71,Slight Chance Rain Showers,23,2,False,False,True,False,False,0.05
2026-07-25T01:59:06Z,IL,IL00074IE015600037,40.2732,-88.6762,73,Mostly Cloudy,8,3,False,False,False,False,False,0.0
2026-07-25T01:59:06Z,IL,IL00070IE002700042,38.7849,-89.7023,72,Slight Chance Rain Showers,24,2,False,False,True,False,False,0.05
2026-07-25T01:59:06Z,IL,IL00080IW011700016,41.4473,-88.3285,74,Clear,0,5,False,False,False,False,False,0.0
2026-07-25T01:59:06Z,IL,IL00039IN008500036,41.7236,-89.0062,72,Mostly Clear,0,5,False,False,False,False,False,0.0
2026-07-25T01:59:06Z,IL,IL00070IE008600051,39.0651,-88.6745,74,Isolated Rain Showers,20,0,False,False,True,False,False,0.05
2026-07-25T01:59:06Z,IL,IL00064IW008500012,38.2766,-88.8012,73,Slight Chance Rain Showers,19,0,False,False,True,False,False,0.05
2026-07-25T01:59:06Z,IL,IL00070IW002700015,38.7884,-89.6889,72,Slight Chance Rain Showers,24,2,False,False,True,False,False,0.05
2026-07-25T01:59:06Z,IL,IL00055IS019400021,40.8371,-88.6833,73,Partly Cloudy,1,0,False,False,False,False,False,0.0
2026-07-25T01:59:06Z,IL,IL00057IS033300046,41.3918,-87.7749,72,Mostly Clear,0,5,False,False,False,False,False,0.0
2026-07-25T01:59:06Z,IL,IL00072IE015200041,39.9923,-88.7827,73,Mostly Cloudy,11,3,False,False,False,False,False,0.0
2026-07-25T01:59:06Z,IL,IL00055IN014900028,40.3599,-89.1099,73,Mostly Cloudy,9,3,False,False,False,False,False,0.0
2026-07-25T01:59:06Z,IL,IL00057IS026800022,40.5613,-88.0615,73,Partly Cloudy,1,0,False,False,False,False,False,0.0
2026-07-25T01:59:06Z,IL,IL00057IS022200054,39.9314,-88.3043,72,Mostly Cloudy,8,2,False,False,False,False,False,0.0
2026-07-25T01:59:06Z,IL,IL00057IN007900034,38.0297,-88.9203,72,Slight Chance Rain Showers,23,0,False,False,True,False,False,0.05
2026-07-25T01:59:06Z,IL,IL00080IW005100013,41.3937,-89.5591,72,Mostly Clear,2,5,False,False,False,False,False,0.0
2026-07-25T01:59:06Z,IL,IL00064IW013000053,38.2322,-87.9882,73,Mostly Cloudy,11,0,False,False,False,False,False,0.0
2026-07-25T01:59:06Z,IL,IL00074IW015600009,40.2711,-88.6701,72,Mostly Cloudy,8,3,False,False,False,False,False,0.0
2026-07-25T01:59:06Z,IL,IL00074IW002800020,41.2141,-90.3308,73,Mostly Cloudy,6,5,False,False,False,False,False,0.0
2026-07-25T01:59:06Z,IL,IL00055IS002700019,38.8723,-89.8511,71,Chance Rain Showers,25,3,False,False,True,False,False,0.05
2026-07-25T01:59:06Z,IL,IL00064IW002500011,38.5491,-89.7633,72,Slight Chance Rain Showers,21,2,False,False,True,False,False,0.05
2026-07-25T01:59:06Z,IL,IL00057IS011400023,38.5965,-88.9677,72,Slight Chance Rain Showers,19,1,False,False,True,False,False,0.05
2026-07-25T01:59:06Z,IL,IL00057IN026800032,40.5505,-88.0605,73,Partly Cloudy,1,0,False,False,False,False,False,0.0
2026-07-25T01:59:06Z,IL,IL00070IW008700045,39.0679,-88.6704,74,Isolated Rain Showers,20,0,False,False,True,False,False,0.05
2026-07-25T01:59:06Z,IL,IL00057IS016500018,39.1993,-88.502,73,Isolated Rain Showers,16,1,False,False,True,False,False,0.05
2026-07-25T01:59:06Z,IL,IL00074IW011400006,40.6111,-89.2323,73,Mostly Cloudy,8,2,False,False,False,False,False,0.0
2026-07-25T01:59:06Z,IL,IL00074IE011400005,40.6125,-89.245,73,Mostly Cloudy,8,2,False,False,False,False,False,0.0
2026-07-25T01:59:06Z,IL,IL00074IE006200001,40.8788,-90.0936,73,Mostly Cloudy,9,3,False,False,False,False,False,0.0
2026-07-25T01:59:06Z,IL,IL00070IW014900008,39.4228,-87.6617,73,Mostly Cloudy,6,0,False,False,False,False,False,0.0
2026-07-25T01:59:06Z,IL,IL00057IN016500044,39.1898,-88.5031,73,Isolated Rain Showers,16,1,False,False,True,False,False,0.05
2026-07-25T01:59:06Z,IL,IL00055IS010400024,39.8871,-89.5966,73,Isolated Rain Showers,18,2,False,False,True,False,False,0.05
2026-07-25T01:59:06Z,IL,IL00057IS003200025,37.4699,-89.1329,72,Chance Rain Showers,27,0,False,False,True,False,False,0.05
2026-07-25T01:59:06Z,IL,IL00057IN003200035,37.4661,-89.1324,72,Chance Rain Showers,27,0,False,False,True,False,False,0.05
2026-07-25T01:59:06Z,KY,KY00065IS0000020N65WELCOM,36.6434,-86.5687,71,Mostly Cloudy,6,0,False,False,False,False,False,0.0
2026-07-25T01:59:06Z,KY,KY00065IS000020NSMARATHON,36.6612,-86.5553,72,Mostly Cloudy,6,2,False,False,False,False,False,0.0
2026-07-25T01:59:06Z,KY,KY00065IS0000340NWEIGHS34,36.6868,-86.5379,72,Mostly Cloudy,6,2,False,False,False,False,False,0.0
2026-07-25T01:59:06Z,KY,KY00065IS0011400S65SRA114,37.9464,-85.6905,73,Mostly Cloudy,4,2,False,False,False,False,False,0.0
2026-07-25T01:59:06Z,KY,KY00065IS0005900S65SRA059,37.239,-85.9297,72,Mostly Cloudy,5,2,False,False,False,False,False,0.0
2026-07-25T01:59:06Z,KY,KY00065IS0005900N65NRA059,37.2384,-85.9271,72,Mostly Cloudy,5,2,False,False,False,False,False,0.0
2026-07-25T01:59:06Z,KY,KY00075IS0003300NWEIGHS33,37.0422,-84.0968,73,Mostly Cloudy,5,3,False,False,False,False,False,0.0
2026-07-25T01:59:06Z,KY,KY00075IS0003400SWEIGHS34,37.048,-84.0997,73,Mostly Cloudy,5,3,False,False,False,False,False,0.0
2026-07-25T01:59:06Z,KY,KY00075IS0017700N75NRA177,38.937,-84.6309,72,Mostly Cloudy,3,3,False,False,False,False,False,0.0
2026-07-25T01:59:06Z,KY,KY00075IS0007500SWALTONWS,38.8653,-84.6476,72,Partly Cloudy,2,2,False,False,False,False,False,0.0
2026-07-25T01:59:06Z,KY,KY00075IS0017700S75SRA177,38.9388,-84.6339,72,Mostly Cloudy,3,3,False,False,False,False,False,0.0
2026-07-25T01:59:06Z,KY,KY00075IS0016800SCRITENWS,38.8196,-84.6015,72,Partly Cloudy,2,2,False,False,False,False,False,0.0
2026-07-25T01:59:06Z,KY,KY00075IS0000100N75WELCOM,36.6162,-84.1054,74,Mostly Cloudy,11,1,False,False,False,False,False,0.0
2026-07-25T02:16:29Z,IL,IL00074IW006200004,40.8802,-90.0895,70,Mostly Cloudy,9,2,False,False,False,False,False,0.0
2026-07-25T02:16:29Z,IL,IL00064IE002500038,38.5481,-89.7731,71,Slight Chance Rain Showers,24,2,False,False,True,False,False,0.05
2026-07-25T02:16:29Z,IL,IL00080IE011700043,41.4314,-88.3454,68,Mostly Clear,0,5,False,False,False,False,False,0.0
2026-07-25T02:16:29Z,IL,IL00024IW003700010,37.1593,-88.6798,71,Slight Chance Rain Showers,18,0,False,False,True,False,False,0.05
2026-07-25T02:16:29Z,IL,IL00057IS007900047,38.0962,-88.9138,71,Chance Rain Showers,27,1,False,False,True,False,False,0.05
2026-07-25T02:16:29Z,IL,IL00057IN033300049,41.3892,-87.7729,67,Mostly Clear,0,5,False,False,False,False,False,0.0
2026-07-25T02:16:29Z,IL,IL00074IW020800052,40.1298,-87.7441,69,Mostly Cloudy,3,0,False,False,False,False,False,0.0
2026-07-25T02:16:29Z,IL,IL00074IE002800030,41.2334,-90.333,71,Mostly Cloudy,5,5,False,False,False,False,False,0.0
2026-07-25T02:16:29Z,IL,IL00039IS008500026,41.7285,-89.0105,65,Mostly Clear,1,5,False,False,False,False,False,0.0
2026-07-25T02:16:29Z,IL,IL00055IN002700029,38.8649,-89.8532,70,Chance Rain Showers,28,3,False,False,True,False,False,0.05
2026-07-25T02:16:29Z,IL,IL00080IE005100040,41.3938,-89.5665,73,Mostly Clear,3,5,False,False,False,False,False,0.0
2026-07-25T02:16:29Z,IL,IL00055IN019400031,40.8234,-88.6875,67,Mostly Clear,1,5,False,False,False,False,False,0.0
2026-07-25T02:16:29Z,IL,IL00057IN011400033,38.5963,-88.9638,71,Slight Chance Rain Showers,19,1,False,False,True,False,False,0.05
2026-07-25T02:16:29Z,IL,IL00064IE008500039,38.273,-88.8496,71,Slight Chance Rain Showers,23,1,False,False,True,False,False,0.05
2026-07-25T02:16:29Z,IL,IL00055IS006400017,39.3523,-89.6447,71,Slight Chance Rain Showers,23,2,False,False,True,False,False,0.05
2026-07-25T02:16:29Z,IL,IL00072IW015200014,39.9888,-88.7852,71,Mostly Cloudy,11,3,False,False,False,False,False,0.0
2026-07-25T02:16:29Z,IL,IL00055IN010400050,39.8627,-89.5948,71,Isolated Rain Showers,18,2,False,False,True,False,False,0.05
2026-07-25T02:16:29Z,IL,IL00057IN022200048,39.9218,-88.299,69,Mostly Cloudy,7,2,False,False,False,False,False,0.0
2026-07-25T02:16:29Z,IL,IL00055IN006400027,39.3465,-89.6408,70,Slight Chance Rain Showers,21,2,False,False,True,False,False,0.05
2026-07-25T02:16:29Z,IL,IL00074IE015600037,40.2732,-88.6762,70,Mostly Cloudy,6,3,False,False,False,False,False,0.0
2026-07-25T02:16:29Z,IL,IL00070IE002700042,38.7849,-89.7023,72,Slight Chance Rain Showers,24,2,False,False,True,False,False,0.05
2026-07-25T02:16:29Z,IL,IL00080IW011700016,41.4473,-88.3285,74,Clear,0,5,False,False,False,False,False,0.0
2026-07-25T02:16:29Z,IL,IL00039IN008500036,41.7236,-89.0062,65,Mostly Clear,1,5,False,False,False,False,False,0.0
2026-07-25T02:16:29Z,IL,IL00070IE008600051,39.0651,-88.6745,71,Isolated Rain Showers,20,0,False,False,True,False,False,0.05
2026-07-25T02:16:29Z,IL,IL00064IW008500012,38.2766,-88.8012,71,Slight Chance Rain Showers,22,1,False,False,True,False,False,0.05
2026-07-25T02:16:29Z,IL,IL00070IW002700015,38.7884,-89.6889,71,Chance Rain Showers,27,2,False,False,True,False,False,0.05
2026-07-25T02:16:29Z,IL,IL00055IS019400021,40.8371,-88.6833,67,Mostly Clear,1,5,False,False,False,False,False,0.0
2026-07-25T02:16:29Z,IL,IL00057IS033300046,41.3918,-87.7749,67,Mostly Clear,0,5,False,False,False,False,False,0.0
2026-07-25T02:16:29Z,IL,IL00072IE015200041,39.9923,-88.7827,71,Mostly Cloudy,11,3,False,False,False,False,False,0.0
2026-07-25T02:16:29Z,IL,IL00055IN014900028,40.3599,-89.1099,70,Mostly Cloudy,8,3,False,False,False,False,False,0.0
2026-07-25T02:16:29Z,IL,IL00057IS026800022,40.5613,-88.0615,68,Mostly Clear,0,5,False,False,False,False,False,0.0
2026-07-25T02:16:29Z,IL,IL00057IS022200054,39.9314,-88.3043,69,Mostly Cloudy,7,2,False,False,False,False,False,0.0
2026-07-25T02:16:29Z,IL,IL00057IN007900034,38.0297,-88.9203,70,Chance Rain Showers,28,1,False,False,True,False,False,0.05
2026-07-25T02:16:29Z,IL,IL00080IW005100013,41.3937,-89.5591,69,Mostly Clear,3,5,False,False,False,False,False,0.0
2026-07-25T02:16:29Z,IL,IL00064IW013000053,38.2322,-87.9882,73,Mostly Cloudy,11,1,False,False,False,False,False,0.0
2026-07-25T02:16:29Z,IL,IL00074IW015600009,40.2711,-88.6701,72,Mostly Cloudy,8,3,False,False,False,False,False,0.0
2026-07-25T02:16:29Z,IL,IL00074IW002800020,41.2141,-90.3308,71,Mostly Cloudy,5,5,False,False,False,False,False,0.0
2026-07-25T02:16:29Z,IL,IL00055IS002700019,38.8723,-89.8511,70,Chance Rain Showers,28,3,False,False,True,False,False,0.05
2026-07-25T02:16:29Z,IL,IL00064IW002500011,38.5491,-89.7633,71,Slight Chance Rain Showers,24,2,False,False,True,False,False,0.05
2026-07-25T02:16:29Z,IL,IL00057IS011400023,38.5965,-88.9677,71,Slight Chance Rain Showers,19,1,False,False,True,False,False,0.05
2026-07-25T02:16:29Z,IL,IL00057IN026800032,40.5505,-88.0605,68,Mostly Clear,0,5,False,False,False,False,False,0.0
2026-07-25T02:16:29Z,IL,IL00070IW008700045,39.0679,-88.6704,71,Isolated Rain Showers,20,0,False,False,True,False,False,0.05
2026-07-25T02:16:29Z,IL,IL00057IS016500018,39.1993,-88.502,71,Isolated Rain Showers,16,1,False,False,True,False,False,0.05
2026-07-25T02:16:29Z,IL,IL00074IW011400006,40.6111,-89.2323,70,Mostly Cloudy,7,2,False,False,False,False,False,0.0
2026-07-25T02:16:29Z,IL,IL00074IE011400005,40.6125,-89.245,70,Mostly Cloudy,7,2,False,False,False,False,False,0.0
2026-07-25T02:16:29Z,IL,IL00074IE006200001,40.8788,-90.0936,70,Mostly Cloudy,9,2,False,False,False,False,False,0.0
2026-07-25T02:16:29Z,IL,IL00070IW014900008,39.4228,-87.6617,70,Mostly Cloudy,6,0,False,False,False,False,False,0.0
2026-07-25T02:16:29Z,IL,IL00057IN016500044,39.1898,-88.5031,73,Isolated Rain Showers,16,1,False,False,True,False,False,0.05
2026-07-25T02:16:29Z,IL,IL00055IS010400024,39.8871,-89.5966,73,Isolated Rain Showers,18,2,False,False,True,False,False,0.05
2026-07-25T02:16:29Z,IL,IL00057IS003200025,37.4699,-89.1329,71,Chance Rain Showers,30,1,False,False,True,False,False,0.05
2026-07-25T02:16:29Z,IL,IL00057IN003200035,37.4661,-89.1324,71,Chance Rain Showers,30,1,False,False,True,False,False,0.05
2026-07-25T02:16:29Z,IN,322,38.195,-87.8597,72,Mostly Cloudy,9,0,False,False,False,False,False,0.0
2026-07-25T02:16:29Z,IN,317,38.5852,-85.7768,70,Partly Cloudy,2,1,False,False,False,False,False,0.0
2026-07-25T02:16:29Z,IN,316,38.5859,-85.7809,70,Partly Cloudy,2,1,False,False,False,False,False,0.0
2026-07-25T02:16:29Z,IN,315,39.2602,-85.9521,72,Partly Cloudy,1,1,False,False,False,False,False,0.0
2026-07-25T02:16:29Z,IN,314,39.2767,-85.9569,74,Partly Cloudy,2,1,False,False,False,False,False,0.0
2026-07-25T02:16:29Z,IN,313,40.1578,-86.5387,67,Mostly Clear,0,1,False,False,False,False,False,0.0
2026-07-25T02:16:29Z,IN,312,40.1722,-86.5522,67,Mostly Clear,0,1,False,False,False,False,False,0.0
2026-07-25T02:16:29Z,IN,311,40.6992,-87.0628,69,Clear,0,0,False,False,False,False,False,0.0
2026-07-25T02:16:29Z,IN,310,40.6984,-87.0646,69,Clear,0,0,False,False,False,False,False,0.0
2026-07-25T02:16:29Z,IN,308,41.1653,-87.271,65,Mostly Clear,0,0,False,False,False,False,False,0.0
2026-07-25T02:16:29Z,IN,309,41.1666,-87.2749,65,Mostly Clear,0,0,False,False,False,False,False,0.0
2026-07-25T02:16:29Z,IN,318,40.3543,-85.5576,66,Mostly Clear,0,0,False,False,False,False,False,0.0
2026-07-25T02:16:29Z,IN,319,40.3569,-85.56,66,Mostly Clear,0,0,False,False,False,False,False,0.0
2026-07-25T02:16:29Z,IN,320,41.2963,-85.0863,67,Mostly Clear,0,0,False,False,False,False,False,0.0
2026-07-25T02:16:29Z,IN,321,41.5803,-85.0597,68,Mostly Clear,0,0,False,False,False,False,False,0.0
2026-07-25T02:16:29Z,IN,300,39.4417,-87.5002,71,Mostly Cloudy,3,1,False,False,False,False,False,0.0
2026-07-25T02:16:29Z,IN,302,39.6517,-86.3967,71,Partly Cloudy,0,2,False,False,False,False,False,0.0
2026-07-25T02:16:29Z,IN,301,39.6541,-86.4005,71,Partly Cloudy,0,2,False,False,False,False,False,0.0
2026-07-25T02:16:29Z,IN,303,39.8243,-85.7039,67,Partly Cloudy,0,1,False,False,False,False,False,0.0
2026-07-25T02:16:29Z,IN,304,39.8266,-85.704,67,Partly Cloudy,0,1,False,False,False,False,False,0.0
2026-07-25T02:16:29Z,IN,305,39.8605,-85.0259,66,Mostly Cloudy,0,1,False,False,False,False,False,0.0
2026-07-25T02:16:29Z,KY,KY00065IS0000020N65WELCOM,36.6434,-86.5687,70,Mostly Cloudy,6,0,False,False,False,False,False,0.0
2026-07-25T02:16:29Z,KY,KY00065IS000020NSMARATHON,36.6612,-86.5553,71,Mostly Cloudy,6,2,False,False,False,False,False,0.0
2026-07-25T02:16:29Z,KY,KY00065IS0000340NWEIGHS34,36.6868,-86.5379,71,Mostly Cloudy,6,2,False,False,False,False,False,0.0
2026-07-25T02:16:29Z,KY,KY00065IS0011400S65SRA114,37.9464,-85.6905,71,Partly Cloudy,3,2,False,False,False,False,False,0.0
2026-07-25T02:16:29Z,KY,KY00065IS0005900S65SRA059,37.239,-85.9297,70,Mostly Cloudy,5,2,False,False,False,False,False,0.0
2026-07-25T02:16:29Z,KY,KY00065IS0005900N65NRA059,37.2384,-85.9271,70,Mostly Cloudy,5,2,False,False,False,False,False,0.0
2026-07-25T02:16:29Z,KY,KY00075IS0003300NWEIGHS33,37.0422,-84.0968,73,Mostly Cloudy,5,3,False,False,False,False,False,0.0
2026-07-25T02:16:29Z,KY,KY00075IS0003400SWEIGHS34,37.048,-84.0997,70,Mostly Cloudy,3,1,False,False,False,False,False,0.0
2026-07-25T02:16:29Z,KY,KY00075IS0017700N75NRA177,38.937,-84.6309,70,Partly Cloudy,8,3,False,False,False,False,False,0.0
2026-07-25T02:16:29Z,KY,KY00075IS0007500SWALTONWS,38.8653,-84.6476,70,Partly Cloudy,7,2,False,False,False,False,False,0.0
2026-07-25T02:16:29Z,KY,KY00075IS0017700S75SRA177,38.9388,-84.6339,70,Partly Cloudy,8,3,False,False,False,False,False,0.0
2026-07-25T02:16:29Z,KY,KY00075IS0016800SCRITENWS,38.8196,-84.6015,70,Partly Cloudy,6,2,False,False,False,False,False,0.0
2026-07-25T02:16:29Z,KY,KY00075IS0000100N75WELCOM,36.6162,-84.1054,73,Mostly Cloudy,4,0,False,False,False,False,False,0.0
2026-07-25T02:33:15Z,IL,IL00074IW006200004,40.8802,-90.0895,70,Mostly Cloudy,9,2,False,False,False,False,False,0.0
2026-07-25T02:33:15Z,IL,IL00064IE002500038,38.5481,-89.7731,71,Slight Chance Rain Showers,24,2,False,False,True,False,False,0.05
2026-07-25T02:33:15Z,IL,IL00080IE011700043,41.4314,-88.3454,68,Mostly Clear,0,5,False,False,False,False,False,0.0
2026-07-25T02:33:15Z,IL,IL00024IW003700010,37.1593,-88.6798,71,Slight Chance Rain Showers,18,0,False,False,True,False,False,0.05
2026-07-25T02:33:15Z,IL,IL00057IS007900047,38.0962,-88.9138,71,Chance Rain Showers,27,1,False,False,True,False,False,0.05
2026-07-25T02:33:15Z,IL,IL00057IN033300049,41.3892,-87.7729,67,Mostly Clear,0,5,False,False,False,False,False,0.0
2026-07-25T02:33:15Z,IL,IL00074IW020800052,40.1298,-87.7441,69,Mostly Cloudy,3,0,False,False,False,False,False,0.0
2026-07-25T02:33:15Z,IL,IL00074IE002800030,41.2334,-90.333,71,Mostly Cloudy,5,5,False,False,False,False,False,0.0
2026-07-25T02:33:15Z,IL,IL00039IS008500026,41.7285,-89.0105,65,Mostly Clear,1,5,False,False,False,False,False,0.0
2026-07-25T02:33:15Z,IL,IL00055IN002700029,38.8649,-89.8532,70,Chance Rain Showers,28,3,False,False,True,False,False,0.05
2026-07-25T02:33:15Z,IL,IL00080IE005100040,41.3938,-89.5665,70,Mostly Clear,3,5,False,False,False,False,False,0.0
2026-07-25T02:33:15Z,IL,IL00055IN019400031,40.8234,-88.6875,67,Mostly Clear,1,5,False,False,False,False,False,0.0
2026-07-25T02:33:15Z,IL,IL00057IN011400033,38.5963,-88.9638,71,Slight Chance Rain Showers,19,1,False,False,True,False,False,0.05
2026-07-25T02:33:15Z,IL,IL00064IE008500039,38.273,-88.8496,71,Slight Chance Rain Showers,23,1,False,False,True,False,False,0.05
2026-07-25T02:33:15Z,IL,IL00055IS006400017,39.3523,-89.6447,68,Slight Chance Rain Showers,21,3,False,False,True,False,False,0.05
2026-07-25T02:33:15Z,IL,IL00072IW015200014,39.9888,-88.7852,71,Mostly Cloudy,11,3,False,False,False,False,False,0.0
2026-07-25T02:33:15Z,IL,IL00055IN010400050,39.8627,-89.5948,71,Isolated Rain Showers,18,2,False,False,True,False,False,0.05
2026-07-25T02:33:15Z,IL,IL00057IN022200048,39.9218,-88.299,69,Mostly Cloudy,7,2,False,False,False,False,False,0.0
2026-07-25T02:33:15Z,IL,IL00055IN006400027,39.3465,-89.6408,70,Slight Chance Rain Showers,21,2,False,False,True,False,False,0.05
2026-07-25T02:33:15Z,IL,IL00074IE015600037,40.2732,-88.6762,70,Mostly Cloudy,6,3,False,False,False,False,False,0.0
2026-07-25T02:33:15Z,IL,IL00070IE002700042,38.7849,-89.7023,70,Chance Rain Showers,27,3,False,False,True,False,False,0.05
2026-07-25T02:33:15Z,IL,IL00080IW011700016,41.4473,-88.3285,68,Mostly Clear,0,5,False,False,False,False,False,0.0
2026-07-25T02:33:15Z,IL,IL00039IN008500036,41.7236,-89.0062,65,Mostly Clear,1,5,False,False,False,False,False,0.0
2026-07-25T02:33:15Z,IL,IL00070IE008600051,39.0651,-88.6745,71,Isolated Rain Showers,20,0,False,False,True,False,False,0.05
2026-07-25T02:33:15Z,IL,IL00064IW008500012,38.2766,-88.8012,71,Slight Chance Rain Showers,22,1,False,False,True,False,False,0.05
2026-07-25T02:33:15Z,IL,IL00070IW002700015,38.7884,-89.6889,71,Chance Rain Showers,27,2,False,False,True,False,False,0.05
2026-07-25T02:33:15Z,IL,IL00055IS019400021,40.8371,-88.6833,67,Mostly Clear,1,5,False,False,False,False,False,0.0
2026-07-25T02:33:15Z,IL,IL00057IS033300046,41.3918,-87.7749,67,Mostly Clear,0,5,False,False,False,False,False,0.0
2026-07-25T02:33:15Z,IL,IL00072IE015200041,39.9923,-88.7827,71,Mostly Cloudy,11,3,False,False,False,False,False,0.0
2026-07-25T02:33:15Z,IL,IL00055IN014900028,40.3599,-89.1099,70,Mostly Cloudy,8,3,False,False,False,False,False,0.0
2026-07-25T02:33:15Z,IL,IL00057IS026800022,40.5613,-88.0615,68,Mostly Clear,0,5,False,False,False,False,False,0.0
2026-07-25T02:33:15Z,IL,IL00057IS022200054,39.9314,-88.3043,69,Mostly Cloudy,7,2,False,False,False,False,False,0.0
2026-07-25T02:33:15Z,IL,IL00057IN007900034,38.0297,-88.9203,70,Chance Rain Showers,28,1,False,False,True,False,False,0.05
2026-07-25T02:33:15Z,IL,IL00080IW005100013,41.3937,-89.5591,69,Mostly Clear,3,5,False,False,False,False,False,0.0
2026-07-25T02:33:15Z,IL,IL00064IW013000053,38.2322,-87.9882,73,Mostly Cloudy,11,1,False,False,False,False,False,0.0
2026-07-25T02:33:15Z,IL,IL00074IW015600009,40.2711,-88.6701,69,Mostly Cloudy,6,3,False,False,False,False,False,0.0
2026-07-25T02:33:15Z,IL,IL00074IW002800020,41.2141,-90.3308,71,Mostly Cloudy,5,5,False,False,False,False,False,0.0
2026-07-25T02:33:15Z,IL,IL00055IS002700019,38.8723,-89.8511,70,Chance Rain Showers,28,3,False,False,True,False,False,0.05
2026-07-25T02:33:15Z,IL,IL00064IW002500011,38.5491,-89.7633,71,Slight Chance Rain Showers,24,2,False,False,True,False,False,0.05
2026-07-25T02:33:15Z,IL,IL00057IS011400023,38.5965,-88.9677,71,Slight Chance Rain Showers,19,1,False,False,True,False,False,0.05
2026-07-25T02:33:15Z,IL,IL00057IN026800032,40.5505,-88.0605,68,Mostly Clear,0,5,False,False,False,False,False,0.0
2026-07-25T02:33:15Z,IL,IL00070IW008700045,39.0679,-88.6704,71,Isolated Rain Showers,20,0,False,False,True,False,False,0.05
2026-07-25T02:33:15Z,IL,IL00057IS016500018,39.1993,-88.502,71,Isolated Rain Showers,16,1,False,False,True,False,False,0.05
2026-07-25T02:33:15Z,IL,IL00074IW011400006,40.6111,-89.2323,70,Mostly Cloudy,7,2,False,False,False,False,False,0.0
2026-07-25T02:33:15Z,IL,IL00074IE011400005,40.6125,-89.245,70,Mostly Cloudy,7,2,False,False,False,False,False,0.0
2026-07-25T02:33:15Z,IL,IL00074IE006200001,40.8788,-90.0936,70,Mostly Cloudy,9,2,False,False,False,False,False,0.0
2026-07-25T02:33:15Z,IL,IL00070IW014900008,39.4228,-87.6617,70,Mostly Cloudy,6,0,False,False,False,False,False,0.0
2026-07-25T02:33:15Z,IL,IL00057IN016500044,39.1898,-88.5031,71,Isolated Rain Showers,16,1,False,False,True,False,False,0.05
2026-07-25T02:33:15Z,IL,IL00055IS010400024,39.8871,-89.5966,71,Isolated Rain Showers,18,2,False,False,True,False,False,0.05
2026-07-25T02:33:15Z,IL,IL00057IS003200025,37.4699,-89.1329,71,Chance Rain Showers,30,1,False,False,True,False,False,0.05
2026-07-25T02:33:15Z,IL,IL00057IN003200035,37.4661,-89.1324,71,Chance Rain Showers,30,1,False,False,True,False,False,0.05
2026-07-25T02:33:15Z,IN,322,38.195,-87.8597,72,Mostly Cloudy,9,0,False,False,False,False,False,0.0
2026-07-25T02:33:15Z,IN,317,38.5852,-85.7768,70,Partly Cloudy,2,1,False,False,False,False,False,0.0
2026-07-25T02:33:15Z,IN,316,38.5859,-85.7809,70,Partly Cloudy,2,1,False,False,False,False,False,0.0
2026-07-25T02:33:15Z,IN,315,39.2602,-85.9521,72,Partly Cloudy,1,1,False,False,False,False,False,0.0
2026-07-25T02:33:15Z,IN,314,39.2767,-85.9569,72,Partly Cloudy,1,1,False,False,False,False,False,0.0
2026-07-25T02:33:15Z,IN,313,40.1578,-86.5387,67,Mostly Clear,0,1,False,False,False,False,False,0.0
2026-07-25T02:33:15Z,IN,312,40.1722,-86.5522,67,Mostly Clear,0,1,False,False,False,False,False,0.0
2026-07-25T02:33:15Z,IN,311,40.6992,-87.0628,69,Clear,0,0,False,False,False,False,False,0.0
2026-07-25T02:33:15Z,IN,310,40.6984,-87.0646,69,Clear,0,0,False,False,False,False,False,0.0
2026-07-25T02:33:15Z,IN,308,41.1653,-87.271,65,Mostly Clear,0,0,False,False,False,False,False,0.0
2026-07-25T02:33:15Z,IN,309,41.1666,-87.2749,65,Mostly Clear,0,0,False,False,False,False,False,0.0
2026-07-25T02:33:15Z,IN,318,40.3543,-85.5576,66,Mostly Clear,0,0,False,False,False,False,False,0.0
2026-07-25T02:33:15Z,IN,319,40.3569,-85.56,66,Mostly Clear,0,0,False,False,False,False,False,0.0
2026-07-25T02:33:15Z,IN,320,41.2963,-85.0863,67,Mostly Clear,0,0,False,False,False,False,False,0.0
2026-07-25T02:33:15Z,IN,321,41.5803,-85.0597,68,Mostly Clear,0,0,False,False,False,False,False,0.0
2026-07-25T02:33:15Z,IN,300,39.4417,-87.5002,71,Mostly Cloudy,3,1,False,False,False,False,False,0.0
2026-07-25T02:33:15Z,IN,302,39.6517,-86.3967,71,Partly Cloudy,0,2,False,False,False,False,False,0.0
2026-07-25T02:33:15Z,IN,301,39.6541,-86.4005,71,Partly Cloudy,0,2,False,False,False,False,False,0.0
2026-07-25T02:33:15Z,IN,303,39.8243,-85.7039,67,Partly Cloudy,0,1,False,False,False,False,False,0.0
2026-07-25T02:33:15Z,IN,304,39.8266,-85.704,67,Partly Cloudy,0,1,False,False,False,False,False,0.0
2026-07-25T02:33:15Z,IN,305,39.8605,-85.0259,66,Mostly Cloudy,0,1,False,False,False,False,False,0.0
2026-07-25T02:33:15Z,KY,KY00065IS0000020N65WELCOM,36.6434,-86.5687,70,Mostly Cloudy,6,0,False,False,False,False,False,0.0
2026-07-25T02:33:15Z,KY,KY00065IS000020NSMARATHON,36.6612,-86.5553,71,Mostly Cloudy,6,2,False,False,False,False,False,0.0
2026-07-25T02:33:15Z,KY,KY00065IS0000340NWEIGHS34,36.6868,-86.5379,71,Mostly Cloudy,6,2,False,False,False,False,False,0.0
2026-07-25T02:33:15Z,KY,KY00065IS0011400S65SRA114,37.9464,-85.6905,71,Partly Cloudy,3,2,False,False,False,False,False,0.0
2026-07-25T02:33:15Z,KY,KY00065IS0005900S65SRA059,37.239,-85.9297,70,Mostly Cloudy,5,2,False,False,False,False,False,0.0
2026-07-25T02:33:15Z,KY,KY00065IS0005900N65NRA059,37.2384,-85.9271,70,Mostly Cloudy,5,2,False,False,False,False,False,0.0
2026-07-25T02:33:15Z,KY,KY00075IS0003300NWEIGHS33,37.0422,-84.0968,70,Mostly Cloudy,3,1,False,False,False,False,False,0.0
2026-07-25T02:33:15Z,KY,KY00075IS0003400SWEIGHS34,37.048,-84.0997,70,Mostly Cloudy,3,1,False,False,False,False,False,0.0
2026-07-25T02:33:15Z,KY,KY00075IS0017700N75NRA177,38.937,-84.6309,70,Partly Cloudy,8,3,False,False,False,False,False,0.0
2026-07-25T02:33:15Z,KY,KY00075IS0007500SWALTONWS,38.8653,-84.6476,70,Partly Cloudy,7,2,False,False,False,False,False,0.0
2026-07-25T02:33:15Z,KY,KY00075IS0017700S75SRA177,38.9388,-84.6339,70,Partly Cloudy,8,3,False,False,False,False,False,0.0
2026-07-25T02:33:15Z,KY,KY00075IS0016800SCRITENWS,38.8196,-84.6015,70,Partly Cloudy,6,2,False,False,False,False,False,0.0
2026-07-25T02:33:15Z,KY,KY00075IS0000100N75WELCOM,36.6162,-84.1054,73,Mostly Cloudy,4,0,False,False,False,False,False,0.0
2026-07-25T02:49:46Z,IL,IL00074IW006200004,40.8802,-90.0895,70,Mostly Cloudy,9,2,False,False,False,False,False,0.0
2026-07-25T02:49:46Z,IL,IL00064IE002500038,38.5481,-89.7731,71,Slight Chance Rain Showers,24,2,False,False,True,False,False,0.05
2026-07-25T02:49:46Z,IL,IL00080IE011700043,41.4314,-88.3454,68,Mostly Clear,0,5,False,False,False,False,False,0.0
2026-07-25T02:49:46Z,IL,IL00024IW003700010,37.1593,-88.6798,71,Slight Chance Rain Showers,18,0,False,False,True,False,False,0.05
2026-07-25T02:49:46Z,IL,IL00057IS007900047,38.0962,-88.9138,71,Chance Rain Showers,27,1,False,False,True,False,False,0.05
2026-07-25T02:49:46Z,IL,IL00057IN033300049,41.3892,-87.7729,67,Mostly Clear,0,5,False,False,False,False,False,0.0
2026-07-25T02:49:46Z,IL,IL00074IW020800052,40.1298,-87.7441,69,Mostly Cloudy,3,0,False,False,False,False,False,0.0
2026-07-25T02:49:46Z,IL,IL00074IE002800030,41.2334,-90.333,71,Mostly Cloudy,5,5,False,False,False,False,False,0.0
2026-07-25T02:49:46Z,IL,IL00039IS008500026,41.7285,-89.0105,65,Mostly Clear,1,5,False,False,False,False,False,0.0
2026-07-25T02:49:46Z,IL,IL00055IN002700029,38.8649,-89.8532,70,Chance Rain Showers,28,3,False,False,True,False,False,0.05
2026-07-25T02:49:46Z,IL,IL00080IE005100040,41.3938,-89.5665,70,Mostly Clear,3,5,False,False,False,False,False,0.0
2026-07-25T02:49:46Z,IL,IL00055IN019400031,40.8234,-88.6875,67,Mostly Clear,1,5,False,False,False,False,False,0.0
2026-07-25T02:49:46Z,IL,IL00057IN011400033,38.5963,-88.9638,71,Slight Chance Rain Showers,19,1,False,False,True,False,False,0.05
2026-07-25T02:49:46Z,IL,IL00064IE008500039,38.273,-88.8496,71,Slight Chance Rain Showers,23,1,False,False,True,False,False,0.05
2026-07-25T02:49:46Z,IL,IL00055IS006400017,39.3523,-89.6447,68,Slight Chance Rain Showers,21,3,False,False,True,False,False,0.05
2026-07-25T02:49:46Z,IL,IL00072IW015200014,39.9888,-88.7852,71,Mostly Cloudy,11,3,False,False,False,False,False,0.0
2026-07-25T02:49:46Z,IL,IL00055IN010400050,39.8627,-89.5948,71,Isolated Rain Showers,18,2,False,False,True,False,False,0.05
2026-07-25T02:49:46Z,IL,IL00057IN022200048,39.9218,-88.299,69,Mostly Cloudy,7,2,False,False,False,False,False,0.0
2026-07-25T02:49:46Z,IL,IL00055IN006400027,39.3465,-89.6408,70,Slight Chance Rain Showers,21,2,False,False,True,False,False,0.05
2026-07-25T02:49:46Z,IL,IL00074IE015600037,40.2732,-88.6762,70,Mostly Cloudy,6,3,False,False,False,False,False,0.0
2026-07-25T02:49:46Z,IL,IL00070IE002700042,38.7849,-89.7023,70,Chance Rain Showers,27,3,False,False,True,False,False,0.05
2026-07-25T02:49:46Z,IL,IL00080IW011700016,41.4473,-88.3285,68,Mostly Clear,0,5,False,False,False,False,False,0.0
2026-07-25T02:49:46Z,IL,IL00039IN008500036,41.7236,-89.0062,65,Mostly Clear,1,5,False,False,False,False,False,0.0
2026-07-25T02:49:46Z,IL,IL00070IE008600051,39.0651,-88.6745,71,Isolated Rain Showers,20,0,False,False,True,False,False,0.05
2026-07-25T02:49:46Z,IL,IL00064IW008500012,38.2766,-88.8012,71,Slight Chance Rain Showers,22,1,False,False,True,False,False,0.05
2026-07-25T02:49:46Z,IL,IL00070IW002700015,38.7884,-89.6889,71,Chance Rain Showers,27,2,False,False,True,False,False,0.05
2026-07-25T02:49:46Z,IL,IL00055IS019400021,40.8371,-88.6833,67,Mostly Clear,1,5,False,False,False,False,False,0.0
2026-07-25T02:49:46Z,IL,IL00057IS033300046,41.3918,-87.7749,67,Mostly Clear,0,5,False,False,False,False,False,0.0
2026-07-25T02:49:46Z,IL,IL00072IE015200041,39.9923,-88.7827,71,Mostly Cloudy,11,3,False,False,False,False,False,0.0
2026-07-25T02:49:46Z,IL,IL00055IN014900028,40.3599,-89.1099,70,Mostly Cloudy,8,3,False,False,False,False,False,0.0
2026-07-25T02:49:46Z,IL,IL00057IS026800022,40.5613,-88.0615,68,Mostly Clear,0,5,False,False,False,False,False,0.0
2026-07-25T02:49:46Z,IL,IL00057IS022200054,39.9314,-88.3043,69,Mostly Cloudy,7,2,False,False,False,False,False,0.0
2026-07-25T02:49:46Z,IL,IL00057IN007900034,38.0297,-88.9203,70,Chance Rain Showers,28,1,False,False,True,False,False,0.05
2026-07-25T02:49:46Z,IL,IL00080IW005100013,41.3937,-89.5591,69,Mostly Clear,3,5,False,False,False,False,False,0.0
2026-07-25T02:49:46Z,IL,IL00064IW013000053,38.2322,-87.9882,73,Mostly Cloudy,11,1,False,False,False,False,False,0.0
2026-07-25T02:49:46Z,IL,IL00074IW015600009,40.2711,-88.6701,69,Mostly Cloudy,6,3,False,False,False,False,False,0.0
2026-07-25T02:49:46Z,IL,IL00074IW002800020,41.2141,-90.3308,71,Mostly Cloudy,5,5,False,False,False,False,False,0.0
2026-07-25T02:49:46Z,IL,IL00055IS002700019,38.8723,-89.8511,70,Chance Rain Showers,28,3,False,False,True,False,False,0.05
2026-07-25T02:49:46Z,IL,IL00064IW002500011,38.5491,-89.7633,71,Slight Chance Rain Showers,24,2,False,False,True,False,False,0.05
2026-07-25T02:49:46Z,IL,IL00057IS011400023,38.5965,-88.9677,71,Slight Chance Rain Showers,19,1,False,False,True,False,False,0.05
2026-07-25T02:49:46Z,IL,IL00057IN026800032,40.5505,-88.0605,68,Mostly Clear,0,5,False,False,False,False,False,0.0
2026-07-25T02:49:46Z,IL,IL00070IW008700045,39.0679,-88.6704,71,Isolated Rain Showers,20,0,False,False,True,False,False,0.05
2026-07-25T02:49:46Z,IL,IL00057IS016500018,39.1993,-88.502,71,Isolated Rain Showers,16,1,False,False,True,False,False,0.05
2026-07-25T02:49:46Z,IL,IL00074IW011400006,40.6111,-89.2323,70,Mostly Cloudy,7,2,False,False,False,False,False,0.0
2026-07-25T02:49:46Z,IL,IL00074IE011400005,40.6125,-89.245,70,Mostly Cloudy,7,2,False,False,False,False,False,0.0
2026-07-25T02:49:46Z,IL,IL00074IE006200001,40.8788,-90.0936,70,Mostly Cloudy,9,2,False,False,False,False,False,0.0
2026-07-25T02:49:46Z,IL,IL00070IW014900008,39.4228,-87.6617,70,Mostly Cloudy,6,0,False,False,False,False,False,0.0
2026-07-25T02:49:46Z,IL,IL00057IN016500044,39.1898,-88.5031,71,Isolated Rain Showers,16,1,False,False,True,False,False,0.05
2026-07-25T02:49:46Z,IL,IL00055IS010400024,39.8871,-89.5966,71,Isolated Rain Showers,18,2,False,False,True,False,False,0.05
2026-07-25T02:49:46Z,IL,IL00057IS003200025,37.4699,-89.1329,71,Chance Rain Showers,30,1,False,False,True,False,False,0.05
2026-07-25T02:49:46Z,IL,IL00057IN003200035,37.4661,-89.1324,71,Chance Rain Showers,30,1,False,False,True,False,False,0.05
2026-07-25T02:49:46Z,IN,322,38.195,-87.8597,72,Mostly Cloudy,9,0,False,False,False,False,False,0.0
2026-07-25T02:49:46Z,IN,317,38.5852,-85.7768,70,Partly Cloudy,2,1,False,False,False,False,False,0.0
2026-07-25T02:49:46Z,IN,316,38.5859,-85.7809,70,Partly Cloudy,2,1,False,False,False,False,False,0.0
2026-07-25T02:49:46Z,IN,315,39.2602,-85.9521,72,Partly Cloudy,1,1,False,False,False,False,False,0.0
2026-07-25T02:49:46Z,IN,314,39.2767,-85.9569,72,Partly Cloudy,1,1,False,False,False,False,False,0.0
2026-07-25T02:49:46Z,IN,313,40.1578,-86.5387,67,Mostly Clear,0,1,False,False,False,False,False,0.0
2026-07-25T02:49:46Z,IN,312,40.1722,-86.5522,67,Mostly Clear,0,1,False,False,False,False,False,0.0
2026-07-25T02:49:46Z,IN,311,40.6992,-87.0628,69,Clear,0,0,False,False,False,False,False,0.0
2026-07-25T02:49:46Z,IN,310,40.6984,-87.0646,69,Clear,0,0,False,False,False,False,False,0.0
2026-07-25T02:49:46Z,IN,308,41.1653,-87.271,65,Mostly Clear,0,0,False,False,False,False,False,0.0
2026-07-25T02:49:46Z,IN,309,41.1666,-87.2749,65,Mostly Clear,0,0,False,False,False,False,False,0.0
2026-07-25T02:49:46Z,IN,318,40.3543,-85.5576,66,Mostly Clear,0,0,False,False,False,False,False,0.0
2026-07-25T02:49:46Z,IN,319,40.3569,-85.56,66,Mostly Clear,0,0,False,False,False,False,False,0.0
2026-07-25T02:49:46Z,IN,320,41.2963,-85.0863,67,Mostly Clear,0,0,False,False,False,False,False,0.0
2026-07-25T02:49:46Z,IN,321,41.5803,-85.0597,68,Mostly Clear,0,0,False,False,False,False,False,0.0
2026-07-25T02:49:46Z,IN,300,39.4417,-87.5002,71,Mostly Cloudy,3,1,False,False,False,False,False,0.0
2026-07-25T02:49:46Z,IN,302,39.6517,-86.3967,71,Partly Cloudy,0,2,False,False,False,False,False,0.0
2026-07-25T02:49:46Z,IN,301,39.6541,-86.4005,71,Partly Cloudy,0,2,False,False,False,False,False,0.0
2026-07-25T02:49:46Z,IN,303,39.8243,-85.7039,67,Partly Cloudy,0,1,False,False,False,False,False,0.0
2026-07-25T02:49:46Z,IN,304,39.8266,-85.704,67,Partly Cloudy,0,1,False,False,False,False,False,0.0
2026-07-25T02:49:46Z,IN,305,39.8605,-85.0259,66,Mostly Cloudy,0,1,False,False,False,False,False,0.0
2026-07-25T02:49:46Z,KY,KY00065IS0000020N65WELCOM,36.6434,-86.5687,70,Mostly Cloudy,6,0,False,False,False,False,False,0.0
2026-07-25T02:49:46Z,KY,KY00065IS000020NSMARATHON,36.6612,-86.5553,71,Mostly Cloudy,6,2,False,False,False,False,False,0.0
2026-07-25T02:49:46Z,KY,KY00065IS0000340NWEIGHS34,36.6868,-86.5379,71,Mostly Cloudy,6,2,False,False,False,False,False,0.0
2026-07-25T02:49:46Z,KY,KY00065IS0011400S65SRA114,37.9464,-85.6905,71,Partly Cloudy,3,2,False,False,False,False,False,0.0
2026-07-25T02:49:46Z,KY,KY00065IS0005900S65SRA059,37.239,-85.9297,70,Mostly Cloudy,5,2,False,False,False,False,False,0.0
2026-07-25T02:49:46Z,KY,KY00065IS0005900N65NRA059,37.2384,-85.9271,70,Mostly Cloudy,5,2,False,False,False,False,False,0.0
2026-07-25T02:49:46Z,KY,KY00075IS0003300NWEIGHS33,37.0422,-84.0968,70,Mostly Cloudy,3,1,False,False,False,False,False,0.0
2026-07-25T02:49:46Z,KY,KY00075IS0003400SWEIGHS34,37.048,-84.0997,70,Mostly Cloudy,3,1,False,False,False,False,False,0.0
2026-07-25T02:49:46Z,KY,KY00075IS0017700N75NRA177,38.937,-84.6309,70,Partly Cloudy,8,3,False,False,False,False,False,0.0
2026-07-25T02:49:46Z,KY,KY00075IS0007500SWALTONWS,38.8653,-84.6476,70,Partly Cloudy,7,2,False,False,False,False,False,0.0
2026-07-25T02:49:46Z,KY,KY00075IS0017700S75SRA177,38.9388,-84.6339,70,Partly Cloudy,8,3,False,False,False,False,False,0.0
2026-07-25T02:49:46Z,KY,KY00075IS0016800SCRITENWS,38.8196,-84.6015,70,Partly Cloudy,6,2,False,False,False,False,False,0.0
2026-07-25T02:49:46Z,KY,KY00075IS0000100N75WELCOM,36.6162,-84.1054,73,Mostly Cloudy,4,0,False,False,False,False,False,0.0
2026-07-25T03:06:15Z,IL,IL00074IW006200004,40.8802,-90.0895,70,Mostly Cloudy,9,2,False,False,False,False,False,0.0
2026-07-25T03:06:15Z,IL,IL00064IE002500038,38.5481,-89.7731,71,Slight Chance Rain Showers,24,2,False,False,True,False,False,0.05
2026-07-25T03:06:15Z,IL,IL00080IE011700043,41.4314,-88.3454,68,Mostly Clear,0,5,False,False,False,False,False,0.0
2026-07-25T03:06:15Z,IL,IL00024IW003700010,37.1593,-88.6798,71,Slight Chance Rain Showers,18,0,False,False,True,False,False,0.05
2026-07-25T03:06:15Z,IL,IL00057IS007900047,38.0962,-88.9138,71,Chance Rain Showers,27,1,False,False,True,False,False,0.05
2026-07-25T03:06:15Z,IL,IL00057IN033300049,41.3892,-87.7729,67,Mostly Clear,0,5,False,False,False,False,False,0.0
2026-07-25T03:06:15Z,IL,IL00074IW020800052,40.1298,-87.7441,69,Mostly Cloudy,3,0,False,False,False,False,False,0.0
2026-07-25T03:06:15Z,IL,IL00074IE002800030,41.2334,-90.333,71,Mostly Cloudy,5,5,False,False,False,False,False,0.0
2026-07-25T03:06:15Z,IL,IL00039IS008500026,41.7285,-89.0105,65,Mostly Clear,1,5,False,False,False,False,False,0.0
2026-07-25T03:06:15Z,IL,IL00055IN002700029,38.8649,-89.8532,70,Chance Rain Showers,28,3,False,False,True,False,False,0.05
2026-07-25T03:06:15Z,IL,IL00080IE005100040,41.3938,-89.5665,70,Mostly Clear,3,5,False,False,False,False,False,0.0
2026-07-25T03:06:15Z,IL,IL00055IN019400031,40.8234,-88.6875,67,Mostly Clear,1,5,False,False,False,False,False,0.0
2026-07-25T03:06:15Z,IL,IL00057IN011400033,38.5963,-88.9638,71,Slight Chance Rain Showers,19,1,False,False,True,False,False,0.05
2026-07-25T03:06:15Z,IL,IL00064IE008500039,38.273,-88.8496,71,Slight Chance Rain Showers,23,1,False,False,True,False,False,0.05
2026-07-25T03:06:15Z,IL,IL00055IS006400017,39.3523,-89.6447,68,Slight Chance Rain Showers,21,3,False,False,True,False,False,0.05
2026-07-25T03:06:15Z,IL,IL00072IW015200014,39.9888,-88.7852,71,Mostly Cloudy,11,3,False,False,False,False,False,0.0
2026-07-25T03:06:15Z,IL,IL00055IN010400050,39.8627,-89.5948,71,Isolated Rain Showers,18,2,False,False,True,False,False,0.05
2026-07-25T03:06:15Z,IL,IL00057IN022200048,39.9218,-88.299,69,Mostly Cloudy,7,2,False,False,False,False,False,0.0
2026-07-25T03:06:15Z,IL,IL00055IN006400027,39.3465,-89.6408,70,Slight Chance Rain Showers,21,2,False,False,True,False,False,0.05
2026-07-25T03:06:15Z,IL,IL00074IE015600037,40.2732,-88.6762,70,Mostly Cloudy,6,3,False,False,False,False,False,0.0
2026-07-25T03:06:15Z,IL,IL00070IE002700042,38.7849,-89.7023,70,Chance Rain Showers,27,3,False,False,True,False,False,0.05
2026-07-25T03:06:15Z,IL,IL00080IW011700016,41.4473,-88.3285,68,Mostly Clear,0,5,False,False,False,False,False,0.0
2026-07-25T03:06:15Z,IL,IL00039IN008500036,41.7236,-89.0062,65,Mostly Clear,1,5,False,False,False,False,False,0.0
2026-07-25T03:06:15Z,IL,IL00070IE008600051,39.0651,-88.6745,71,Isolated Rain Showers,20,0,False,False,True,False,False,0.05
2026-07-25T03:06:15Z,IL,IL00064IW008500012,38.2766,-88.8012,71,Slight Chance Rain Showers,22,1,False,False,True,False,False,0.05
2026-07-25T03:06:15Z,IL,IL00070IW002700015,38.7884,-89.6889,71,Chance Rain Showers,27,2,False,False,True,False,False,0.05
2026-07-25T03:06:15Z,IL,IL00055IS019400021,40.8371,-88.6833,67,Mostly Clear,1,5,False,False,False,False,False,0.0
2026-07-25T03:06:15Z,IL,IL00057IS033300046,41.3918,-87.7749,67,Mostly Clear,0,5,False,False,False,False,False,0.0
2026-07-25T03:06:15Z,IL,IL00072IE015200041,39.9923,-88.7827,71,Mostly Cloudy,11,3,False,False,False,False,False,0.0
2026-07-25T03:06:15Z,IL,IL00055IN014900028,40.3599,-89.1099,70,Mostly Cloudy,8,3,False,False,False,False,False,0.0
2026-07-25T03:06:15Z,IL,IL00057IS026800022,40.5613,-88.0615,68,Mostly Clear,0,5,False,False,False,False,False,0.0
2026-07-25T03:06:15Z,IL,IL00057IS022200054,39.9314,-88.3043,69,Mostly Cloudy,7,2,False,False,False,False,False,0.0
2026-07-25T03:06:15Z,IL,IL00057IN007900034,38.0297,-88.9203,70,Chance Rain Showers,28,1,False,False,True,False,False,0.05
2026-07-25T03:06:15Z,IL,IL00080IW005100013,41.3937,-89.5591,69,Mostly Clear,3,5,False,False,False,False,False,0.0
2026-07-25T03:06:15Z,IL,IL00064IW013000053,38.2322,-87.9882,73,Mostly Cloudy,11,1,False,False,False,False,False,0.0
2026-07-25T03:06:15Z,IL,IL00074IW015600009,40.2711,-88.6701,69,Mostly Cloudy,6,3,False,False,False,False,False,0.0
2026-07-25T03:06:15Z,IL,IL00074IW002800020,41.2141,-90.3308,71,Mostly Cloudy,5,5,False,False,False,False,False,0.0
2026-07-25T03:06:15Z,IL,IL00055IS002700019,38.8723,-89.8511,70,Chance Rain Showers,28,3,False,False,True,False,False,0.05
2026-07-25T03:06:15Z,IL,IL00064IW002500011,38.5491,-89.7633,71,Slight Chance Rain Showers,24,2,False,False,True,False,False,0.05
2026-07-25T03:06:15Z,IL,IL00057IS011400023,38.5965,-88.9677,71,Slight Chance Rain Showers,19,1,False,False,True,False,False,0.05
2026-07-25T03:06:15Z,IL,IL00057IN026800032,40.5505,-88.0605,68,Mostly Clear,0,5,False,False,False,False,False,0.0
2026-07-25T03:06:15Z,IL,IL00070IW008700045,39.0679,-88.6704,71,Isolated Rain Showers,20,0,False,False,True,False,False,0.05
2026-07-25T03:06:15Z,IL,IL00057IS016500018,39.1993,-88.502,71,Isolated Rain Showers,16,1,False,False,True,False,False,0.05
2026-07-25T03:06:15Z,IL,IL00074IW011400006,40.6111,-89.2323,70,Mostly Cloudy,7,2,False,False,False,False,False,0.0
2026-07-25T03:06:15Z,IL,IL00074IE011400005,40.6125,-89.245,70,Mostly Cloudy,7,2,False,False,False,False,False,0.0
2026-07-25T03:06:15Z,IL,IL00074IE006200001,40.8788,-90.0936,70,Mostly Cloudy,9,2,False,False,False,False,False,0.0
2026-07-25T03:06:15Z,IL,IL00070IW014900008,39.4228,-87.6617,70,Mostly Cloudy,6,0,False,False,False,False,False,0.0
2026-07-25T03:06:15Z,IL,IL00057IN016500044,39.1898,-88.5031,71,Isolated Rain Showers,16,1,False,False,True,False,False,0.05
2026-07-25T03:06:15Z,IL,IL00055IS010400024,39.8871,-89.5966,71,Isolated Rain Showers,18,2,False,False,True,False,False,0.05
2026-07-25T03:06:15Z,IL,IL00057IS003200025,37.4699,-89.1329,71,Chance Rain Showers,30,1,False,False,True,False,False,0.05
2026-07-25T03:06:15Z,IL,IL00057IN003200035,37.4661,-89.1324,71,Chance Rain Showers,30,1,False,False,True,False,False,0.05
2026-07-25T03:06:15Z,KY,KY00065IS0000020N65WELCOM,36.6434,-86.5687,70,Mostly Cloudy,6,0,False,False,False,False,False,0.0
2026-07-25T03:06:15Z,KY,KY00065IS000020NSMARATHON,36.6612,-86.5553,71,Mostly Cloudy,6,2,False,False,False,False,False,0.0
2026-07-25T03:06:15Z,KY,KY00065IS0000340NWEIGHS34,36.6868,-86.5379,71,Mostly Cloudy,6,2,False,False,False,False,False,0.0
2026-07-25T03:06:15Z,KY,KY00065IS0011400S65SRA114,37.9464,-85.6905,71,Partly Cloudy,3,2,False,False,False,False,False,0.0
2026-07-25T03:06:15Z,KY,KY00065IS0005900S65SRA059,37.239,-85.9297,70,Mostly Cloudy,5,2,False,False,False,False,False,0.0
2026-07-25T03:06:15Z,KY,KY00065IS0005900N65NRA059,37.2384,-85.9271,70,Mostly Cloudy,5,2,False,False,False,False,False,0.0
2026-07-25T03:06:15Z,KY,KY00075IS0003300NWEIGHS33,37.0422,-84.0968,70,Mostly Cloudy,3,1,False,False,False,False,False,0.0
2026-07-25T03:06:15Z,KY,KY00075IS0003400SWEIGHS34,37.048,-84.0997,70,Mostly Cloudy,3,1,False,False,False,False,False,0.0
2026-07-25T03:06:15Z,KY,KY00075IS0017700N75NRA177,38.937,-84.6309,70,Partly Cloudy,8,3,False,False,False,False,False,0.0
2026-07-25T03:06:15Z,KY,KY00075IS0007500SWALTONWS,38.8653,-84.6476,70,Partly Cloudy,7,2,False,False,False,False,False,0.0
2026-07-25T03:06:15Z,KY,KY00075IS0017700S75SRA177,38.9388,-84.6339,70,Partly Cloudy,8,3,False,False,False,False,False,0.0
2026-07-25T03:06:15Z,KY,KY00075IS0016800SCRITENWS,38.8196,-84.6015,70,Partly Cloudy,6,2,False,False,False,False,False,0.0
2026-07-25T03:06:15Z,KY,KY00075IS0000100N75WELCOM,36.6162,-84.1054,73,Mostly Cloudy,4,0,False,False,False,False,False,0.0
2026-07-25T03:23:36Z,IL,IL00074IW006200004,40.8802,-90.0895,69,Mostly Cloudy,13,2,False,False,False,False,False,0.0
2026-07-25T03:23:36Z,IL,IL00064IE002500038,38.5481,-89.7731,70,Chance Showers And Thunderstorms,28,3,False,False,True,True,False,0.1
2026-07-25T03:23:36Z,IL,IL00080IE011700043,41.4314,-88.3454,65,Mostly Clear,0,5,False,False,False,False,False,0.0
2026-07-25T03:23:36Z,IL,IL00024IW003700010,37.1593,-88.6798,71,Slight Chance Rain Showers,20,0,False,False,True,False,False,0.05
2026-07-25T03:23:36Z,IL,IL00057IS007900047,38.0962,-88.9138,72,Chance Rain Showers,30,0,False,False,True,False,False,0.05
2026-07-25T03:23:36Z,IL,IL00057IN033300049,41.3892,-87.7729,64,Mostly Clear,0,5,False,False,False,False,False,0.0
2026-07-25T03:23:36Z,IL,IL00074IW020800052,40.1298,-87.7441,68,Partly Cloudy,3,0,False,False,False,False,False,0.0
2026-07-25T03:23:36Z,IL,IL00074IE002800030,41.2334,-90.333,69,Partly Cloudy,11,5,False,False,False,False,False,0.0
2026-07-25T03:23:36Z,IL,IL00039IS008500026,41.7285,-89.0105,63,Mostly Clear,0,5,False,False,False,False,False,0.0
2026-07-25T03:23:36Z,IL,IL00055IN002700029,38.8649,-89.8532,69,Chance Showers And Thunderstorms,28,5,False,False,True,True,False,0.1
2026-07-25T03:23:36Z,IL,IL00080IE005100040,41.3938,-89.5665,70,Mostly Clear,3,5,False,False,False,False,False,0.0
2026-07-25T03:23:36Z,IL,IL00055IN019400031,40.8234,-88.6875,64,Mostly Clear,1,5,False,False,False,False,False,0.0
2026-07-25T03:23:36Z,IL,IL00057IN011400033,38.5963,-88.9638,70,Chance Showers And Thunderstorms,28,1,False,False,True,True,False,0.1
2026-07-25T03:23:36Z,IL,IL00064IE008500039,38.273,-88.8496,69,Chance Rain Showers,26,1,False,False,True,False,False,0.05
2026-07-25T03:23:36Z,IL,IL00055IS006400017,39.3523,-89.6447,68,Slight Chance Rain Showers,21,3,False,False,True,False,False,0.05
2026-07-25T03:23:36Z,IL,IL00072IW015200014,39.9888,-88.7852,70,Mostly Cloudy,11,3,False,False,False,False,False,0.0
2026-07-25T03:23:36Z,IL,IL00055IN010400050,39.8627,-89.5948,70,Isolated Rain Showers,20,2,False,False,True,False,False,0.05
2026-07-25T03:23:36Z,IL,IL00057IN022200048,39.9218,-88.299,70,Mostly Cloudy,7,2,False,False,False,False,False,0.0
2026-07-25T03:23:36Z,IL,IL00055IN006400027,39.3465,-89.6408,68,Chance Showers And Thunderstorms,28,3,False,False,True,True,False,0.1
2026-07-25T03:23:36Z,IL,IL00074IE015600037,40.2732,-88.6762,69,Mostly Cloudy,7,3,False,False,False,False,False,0.0
2026-07-25T03:23:36Z,IL,IL00070IE002700042,38.7849,-89.7023,70,Chance Rain Showers,27,3,False,False,True,False,False,0.05
2026-07-25T03:23:36Z,IL,IL00080IW011700016,41.4473,-88.3285,68,Mostly Clear,0,5,False,False,False,False,False,0.0
2026-07-25T03:23:36Z,IL,IL00039IN008500036,41.7236,-89.0062,63,Mostly Clear,0,5,False,False,False,False,False,0.0
2026-07-25T03:23:36Z,IL,IL00070IE008600051,39.0651,-88.6745,70,Isolated Rain Showers,20,0,False,False,True,False,False,0.05
2026-07-25T03:23:36Z,IL,IL00064IW008500012,38.2766,-88.8012,69,Slight Chance Rain Showers,24,1,False,False,True,False,False,0.05
2026-07-25T03:23:36Z,IL,IL00070IW002700015,38.7884,-89.6889,70,Chance Showers And Thunderstorms,28,3,False,False,True,True,False,0.1
2026-07-25T03:23:36Z,IL,IL00055IS019400021,40.8371,-88.6833,64,Mostly Clear,1,5,False,False,False,False,False,0.0
2026-07-25T03:23:36Z,IL,IL00057IS033300046,41.3918,-87.7749,64,Mostly Clear,0,5,False,False,False,False,False,0.0
2026-07-25T03:23:36Z,IL,IL00072IE015200041,39.9923,-88.7827,70,Mostly Cloudy,11,3,False,False,False,False,False,0.0
2026-07-25T03:23:36Z,IL,IL00055IN014900028,40.3599,-89.1099,68,Mostly Cloudy,10,3,False,False,False,False,False,0.0
2026-07-25T03:23:36Z,IL,IL00057IS026800022,40.5613,-88.0615,65,Mostly Clear,1,5,False,False,False,False,False,0.0
2026-07-25T03:23:36Z,IL,IL00057IS022200054,39.9314,-88.3043,70,Mostly Cloudy,7,2,False,False,False,False,False,0.0
2026-07-25T03:23:36Z,IL,IL00057IN007900034,38.0297,-88.9203,70,Chance Rain Showers,32,0,False,False,True,False,False,0.05
2026-07-25T03:23:36Z,IL,IL00080IW005100013,41.3937,-89.5591,69,Mostly Clear,6,5,False,False,False,False,False,0.0
2026-07-25T03:23:36Z,IL,IL00064IW013000053,38.2322,-87.9882,71,Mostly Cloudy,11,0,False,False,False,False,False,0.0
2026-07-25T03:23:36Z,IL,IL00074IW015600009,40.2711,-88.6701,69,Mostly Cloudy,6,3,False,False,False,False,False,0.0
2026-07-25T03:23:36Z,IL,IL00074IW002800020,41.2141,-90.3308,69,Partly Cloudy,11,5,False,False,False,False,False,0.0
2026-07-25T03:23:36Z,IL,IL00055IS002700019,38.8723,-89.8511,69,Chance Showers And Thunderstorms,28,5,False,False,True,True,False,0.1
2026-07-25T03:23:36Z,IL,IL00064IW002500011,38.5491,-89.7633,70,Chance Showers And Thunderstorms,28,5,False,False,True,True,False,0.1
2026-07-25T03:23:36Z,IL,IL00057IS011400023,38.5965,-88.9677,70,Chance Showers And Thunderstorms,28,1,False,False,True,True,False,0.1
2026-07-25T03:23:36Z,IL,IL00057IN026800032,40.5505,-88.0605,65,Mostly Clear,1,5,False,False,False,False,False,0.0
2026-07-25T03:23:36Z,IL,IL00070IW008700045,39.0679,-88.6704,70,Isolated Rain Showers,20,0,False,False,True,False,False,0.05
2026-07-25T03:23:36Z,IL,IL00057IS016500018,39.1993,-88.502,71,Isolated Rain Showers,16,1,False,False,True,False,False,0.05
2026-07-25T03:23:36Z,IL,IL00074IW011400006,40.6111,-89.2323,68,Mostly Cloudy,8,2,False,False,False,False,False,0.0
2026-07-25T03:23:36Z,IL,IL00074IE011400005,40.6125,-89.245,68,Mostly Cloudy,8,2,False,False,False,False,False,0.0
2026-07-25T03:23:36Z,IL,IL00074IE006200001,40.8788,-90.0936,69,Mostly Cloudy,13,2,False,False,False,False,False,0.0
2026-07-25T03:23:36Z,IL,IL00070IW014900008,39.4228,-87.6617,71,Mostly Cloudy,6,0,False,False,False,False,False,0.0
2026-07-25T03:23:36Z,IL,IL00057IN016500044,39.1898,-88.5031,71,Isolated Rain Showers,16,1,False,False,True,False,False,0.05
2026-07-25T03:23:36Z,IL,IL00055IS010400024,39.8871,-89.5966,71,Isolated Rain Showers,18,2,False,False,True,False,False,0.05
2026-07-25T03:23:36Z,IL,IL00057IS003200025,37.4699,-89.1329,71,Chance Rain Showers,32,0,False,False,True,False,False,0.05
2026-07-25T03:23:36Z,IL,IL00057IN003200035,37.4661,-89.1324,71,Chance Rain Showers,32,0,False,False,True,False,False,0.05
2026-07-25T03:23:36Z,IN,322,38.195,-87.8597,71,Mostly Cloudy,9,0,False,False,False,False,False,0.0
2026-07-25T03:23:36Z,IN,317,38.5852,-85.7768,69,Mostly Cloudy,2,1,False,False,False,False,False,0.0
2026-07-25T03:23:36Z,IN,316,38.5859,-85.7809,69,Mostly Cloudy,2,1,False,False,False,False,False,0.0
2026-07-25T03:23:36Z,IN,315,39.2602,-85.9521,70,Mostly Cloudy,1,0,False,False,False,False,False,0.0
2026-07-25T03:23:36Z,IN,314,39.2767,-85.9569,72,Partly Cloudy,1,1,False,False,False,False,False,0.0
2026-07-25T03:23:36Z,IN,313,40.1578,-86.5387,66,Mostly Clear,0,0,False,False,False,False,False,0.0
2026-07-25T03:23:36Z,IN,312,40.1722,-86.5522,66,Mostly Clear,0,0,False,False,False,False,False,0.0
2026-07-25T03:23:36Z,IN,311,40.6992,-87.0628,64,Clear,0,0,False,False,False,False,False,0.0
2026-07-25T03:23:36Z,IN,310,40.6984,-87.0646,64,Clear,0,0,False,False,False,False,False,0.0
2026-07-25T03:23:36Z,IN,308,41.1653,-87.271,64,Mostly Clear,0,5,False,False,False,False,False,0.0
2026-07-25T03:23:36Z,IN,309,41.1666,-87.2749,64,Mostly Clear,0,5,False,False,False,False,False,0.0
2026-07-25T03:23:36Z,IN,318,40.3543,-85.5576,65,Mostly Clear,0,0,False,False,False,False,False,0.0
2026-07-25T03:23:36Z,IN,319,40.3569,-85.56,65,Mostly Clear,0,0,False,False,False,False,False,0.0
2026-07-25T03:23:36Z,IN,320,41.2963,-85.0863,64,Mostly Clear,0,0,False,False,False,False,False,0.0
2026-07-25T03:23:36Z,IN,321,41.5803,-85.0597,64,Mostly Clear,0,0,False,False,False,False,False,0.0
2026-07-25T03:23:36Z,IN,300,39.4417,-87.5002,70,Mostly Cloudy,2,0,False,False,False,False,False,0.0
2026-07-25T03:23:36Z,IN,302,39.6517,-86.3967,69,Partly Cloudy,0,1,False,False,False,False,False,0.0
2026-07-25T03:23:36Z,IN,301,39.6541,-86.4005,69,Partly Cloudy,0,1,False,False,False,False,False,0.0
2026-07-25T03:23:36Z,IN,303,39.8243,-85.7039,66,Partly Cloudy,0,0,False,False,False,False,False,0.0
2026-07-25T03:23:36Z,IN,304,39.8266,-85.704,66,Partly Cloudy,0,0,False,False,False,False,False,0.0
2026-07-25T03:23:36Z,IN,305,39.8605,-85.0259,64,Partly Cloudy,0,1,False,False,False,False,False,0.0
2026-07-25T03:23:36Z,KY,KY00065IS0000020N65WELCOM,36.6434,-86.5687,71,Mostly Cloudy,8,0,False,False,False,False,False,0.0
2026-07-25T03:23:36Z,KY,KY00065IS000020NSMARATHON,36.6612,-86.5553,71,Mostly Cloudy,8,2,False,False,False,False,False,0.0
2026-07-25T03:23:36Z,KY,KY00065IS0000340NWEIGHS34,36.6868,-86.5379,71,Mostly Cloudy,8,2,False,False,False,False,False,0.0
2026-07-25T03:23:36Z,KY,KY00065IS0011400S65SRA114,37.9464,-85.6905,71,Mostly Cloudy,3,2,False,False,False,False,False,0.0
2026-07-25T03:23:36Z,KY,KY00065IS0005900S65SRA059,37.239,-85.9297,70,Mostly Cloudy,5,2,False,False,False,False,False,0.0
2026-07-25T03:23:36Z,KY,KY00065IS0005900N65NRA059,37.2384,-85.9271,70,Mostly Cloudy,5,2,False,False,False,False,False,0.0
2026-07-25T03:23:36Z,KY,KY00075IS0003300NWEIGHS33,37.0422,-84.0968,70,Mostly Cloudy,3,1,False,False,False,False,False,0.0
2026-07-25T03:23:36Z,KY,KY00075IS0003400SWEIGHS34,37.048,-84.0997,71,Partly Cloudy,2,0,False,False,False,False,False,0.0
2026-07-25T03:23:36Z,KY,KY00075IS0017700N75NRA177,38.937,-84.6309,69,Mostly Cloudy,1,3,False,False,False,False,False,0.0
2026-07-25T03:23:36Z,KY,KY00075IS0007500SWALTONWS,38.8653,-84.6476,69,Mostly Cloudy,1,2,False,False,False,False,False,0.0
2026-07-25T03:23:36Z,KY,KY00075IS0017700S75SRA177,38.9388,-84.6339,69,Mostly Cloudy,1,3,False,False,False,False,False,0.0
2026-07-25T03:23:36Z,KY,KY00075IS0016800SCRITENWS,38.8196,-84.6015,69,Mostly Cloudy,2,2,False,False,False,False,False,0.0
2026-07-25T03:23:36Z,KY,KY00075IS0000100N75WELCOM,36.6162,-84.1054,70,Partly Cloudy,2,1,False,False,False,False,False,0.0
2026-07-25T03:40:21Z,IL,IL00074IW006200004,40.8802,-90.0895,69,Mostly Cloudy,13,2,False,False,False,False,False,0.0
2026-07-25T03:40:21Z,IL,IL00064IE002500038,38.5481,-89.7731,70,Chance Showers And Thunderstorms,28,3,False,False,True,True,False,0.1
2026-07-25T03:40:21Z,IL,IL00080IE011700043,41.4314,-88.3454,65,Mostly Clear,0,5,False,False,False,False,False,0.0
2026-07-25T03:40:21Z,IL,IL00024IW003700010,37.1593,-88.6798,71,Slight Chance Rain Showers,20,0,False,False,True,False,False,0.05
2026-07-25T03:40:21Z,IL,IL00057IS007900047,38.0962,-88.9138,72,Chance Rain Showers,30,0,False,False,True,False,False,0.05
2026-07-25T03:40:21Z,IL,IL00057IN033300049,41.3892,-87.7729,64,Mostly Clear,0,5,False,False,False,False,False,0.0
2026-07-25T03:40:21Z,IL,IL00074IW020800052,40.1298,-87.7441,68,Partly Cloudy,3,0,False,False,False,False,False,0.0
2026-07-25T03:40:21Z,IL,IL00074IE002800030,41.2334,-90.333,69,Partly Cloudy,11,5,False,False,False,False,False,0.0
2026-07-25T03:40:21Z,IL,IL00039IS008500026,41.7285,-89.0105,63,Mostly Clear,0,5,False,False,False,False,False,0.0
2026-07-25T03:40:21Z,IL,IL00055IN002700029,38.8649,-89.8532,69,Chance Showers And Thunderstorms,28,5,False,False,True,True,False,0.1
2026-07-25T03:40:21Z,IL,IL00080IE005100040,41.3938,-89.5665,69,Mostly Clear,6,5,False,False,False,False,False,0.0
2026-07-25T03:40:21Z,IL,IL00055IN019400031,40.8234,-88.6875,64,Mostly Clear,1,5,False,False,False,False,False,0.0
2026-07-25T03:40:21Z,IL,IL00057IN011400033,38.5963,-88.9638,70,Chance Showers And Thunderstorms,28,1,False,False,True,True,False,0.1
2026-07-25T03:40:21Z,IL,IL00064IE008500039,38.273,-88.8496,69,Chance Rain Showers,26,1,False,False,True,False,False,0.05
2026-07-25T03:40:21Z,IL,IL00055IS006400017,39.3523,-89.6447,68,Chance Showers And Thunderstorms,28,3,False,False,True,True,False,0.1
2026-07-25T03:40:21Z,IL,IL00072IW015200014,39.9888,-88.7852,70,Mostly Cloudy,11,3,False,False,False,False,False,0.0
2026-07-25T03:40:21Z,IL,IL00055IN010400050,39.8627,-89.5948,70,Isolated Rain Showers,20,2,False,False,True,False,False,0.05
2026-07-25T03:40:21Z,IL,IL00057IN022200048,39.9218,-88.299,70,Mostly Cloudy,7,2,False,False,False,False,False,0.0
2026-07-25T03:40:21Z,IL,IL00055IN006400027,39.3465,-89.6408,68,Chance Showers And Thunderstorms,28,3,False,False,True,True,False,0.1
2026-07-25T03:40:21Z,IL,IL00074IE015600037,40.2732,-88.6762,69,Mostly Cloudy,7,3,False,False,False,False,False,0.0
2026-07-25T03:40:21Z,IL,IL00070IE002700042,38.7849,-89.7023,70,Chance Showers And Thunderstorms,28,3,False,False,True,True,False,0.1
2026-07-25T03:40:21Z,IL,IL00080IW011700016,41.4473,-88.3285,65,Mostly Clear,0,5,False,False,False,False,False,0.0
2026-07-25T03:40:21Z,IL,IL00039IN008500036,41.7236,-89.0062,63,Mostly Clear,0,5,False,False,False,False,False,0.0
2026-07-25T03:40:21Z,IL,IL00070IE008600051,39.0651,-88.6745,70,Isolated Rain Showers,20,0,False,False,True,False,False,0.05
2026-07-25T03:40:21Z,IL,IL00064IW008500012,38.2766,-88.8012,69,Slight Chance Rain Showers,24,1,False,False,True,False,False,0.05
2026-07-25T03:40:21Z,IL,IL00070IW002700015,38.7884,-89.6889,70,Chance Showers And Thunderstorms,28,3,False,False,True,True,False,0.1
2026-07-25T03:40:21Z,IL,IL00055IS019400021,40.8371,-88.6833,64,Mostly Clear,1,5,False,False,False,False,False,0.0
2026-07-25T03:40:21Z,IL,IL00057IS033300046,41.3918,-87.7749,64,Mostly Clear,0,5,False,False,False,False,False,0.0
2026-07-25T03:40:21Z,IL,IL00072IE015200041,39.9923,-88.7827,70,Mostly Cloudy,11,3,False,False,False,False,False,0.0
2026-07-25T03:40:21Z,IL,IL00055IN014900028,40.3599,-89.1099,68,Mostly Cloudy,10,3,False,False,False,False,False,0.0
2026-07-25T03:40:21Z,IL,IL00057IS026800022,40.5613,-88.0615,65,Mostly Clear,1,5,False,False,False,False,False,0.0
2026-07-25T03:40:21Z,IL,IL00057IS022200054,39.9314,-88.3043,70,Mostly Cloudy,7,2,False,False,False,False,False,0.0
2026-07-25T03:40:21Z,IL,IL00057IN007900034,38.0297,-88.9203,70,Chance Rain Showers,32,0,False,False,True,False,False,0.05
2026-07-25T03:40:21Z,IL,IL00080IW005100013,41.3937,-89.5591,69,Mostly Clear,6,5,False,False,False,False,False,0.0
2026-07-25T03:40:21Z,IL,IL00064IW013000053,38.2322,-87.9882,71,Mostly Cloudy,11,0,False,False,False,False,False,0.0
2026-07-25T03:40:21Z,IL,IL00074IW015600009,40.2711,-88.6701,68,Mostly Cloudy,7,3,False,False,False,False,False,0.0
2026-07-25T03:40:21Z,IL,IL00074IW002800020,41.2141,-90.3308,69,Partly Cloudy,11,5,False,False,False,False,False,0.0
2026-07-25T03:40:21Z,IL,IL00055IS002700019,38.8723,-89.8511,69,Chance Showers And Thunderstorms,28,5,False,False,True,True,False,0.1
2026-07-25T03:40:21Z,IL,IL00064IW002500011,38.5491,-89.7633,70,Chance Showers And Thunderstorms,28,5,False,False,True,True,False,0.1
2026-07-25T03:40:21Z,IL,IL00057IS011400023,38.5965,-88.9677,70,Chance Showers And Thunderstorms,28,1,False,False,True,True,False,0.1
2026-07-25T03:40:21Z,IL,IL00057IN026800032,40.5505,-88.0605,65,Mostly Clear,1,5,False,False,False,False,False,0.0
2026-07-25T03:40:21Z,IL,IL00070IW008700045,39.0679,-88.6704,70,Isolated Rain Showers,20,0,False,False,True,False,False,0.05
2026-07-25T03:40:21Z,IL,IL00057IS016500018,39.1993,-88.502,71,Isolated Rain Showers,16,1,False,False,True,False,False,0.05
2026-07-25T03:40:21Z,IL,IL00074IW011400006,40.6111,-89.2323,68,Mostly Cloudy,8,2,False,False,False,False,False,0.0
2026-07-25T03:40:21Z,IL,IL00074IE011400005,40.6125,-89.245,68,Mostly Cloudy,8,2,False,False,False,False,False,0.0
2026-07-25T03:40:21Z,IL,IL00074IE006200001,40.8788,-90.0936,69,Mostly Cloudy,13,2,False,False,False,False,False,0.0
2026-07-25T03:40:21Z,IL,IL00070IW014900008,39.4228,-87.6617,71,Mostly Cloudy,6,0,False,False,False,False,False,0.0
2026-07-25T03:40:21Z,IL,IL00057IN016500044,39.1898,-88.5031,71,Isolated Rain Showers,16,1,False,False,True,False,False,0.05
2026-07-25T03:40:21Z,IL,IL00055IS010400024,39.8871,-89.5966,71,Isolated Rain Showers,20,2,False,False,True,False,False,0.05
2026-07-25T03:40:21Z,IL,IL00057IS003200025,37.4699,-89.1329,71,Chance Rain Showers,32,0,False,False,True,False,False,0.05
2026-07-25T03:40:21Z,IL,IL00057IN003200035,37.4661,-89.1324,71,Chance Rain Showers,32,0,False,False,True,False,False,0.05
2026-07-25T03:40:21Z,IN,322,38.195,-87.8597,71,Mostly Cloudy,9,0,False,False,False,False,False,0.0
2026-07-25T03:40:21Z,IN,317,38.5852,-85.7768,69,Mostly Cloudy,2,1,False,False,False,False,False,0.0
2026-07-25T03:40:21Z,IN,316,38.5859,-85.7809,69,Mostly Cloudy,2,1,False,False,False,False,False,0.0
2026-07-25T03:40:21Z,IN,315,39.2602,-85.9521,70,Mostly Cloudy,1,0,False,False,False,False,False,0.0
2026-07-25T03:40:21Z,IN,314,39.2767,-85.9569,70,Mostly Cloudy,1,0,False,False,False,False,False,0.0
2026-07-25T03:40:21Z,IN,313,40.1578,-86.5387,66,Mostly Clear,0,0,False,False,False,False,False,0.0
2026-07-25T03:40:21Z,IN,312,40.1722,-86.5522,66,Mostly Clear,0,0,False,False,False,False,False,0.0
2026-07-25T03:40:21Z,IN,311,40.6992,-87.0628,64,Clear,0,0,False,False,False,False,False,0.0
2026-07-25T03:40:21Z,IN,310,40.6984,-87.0646,64,Clear,0,0,False,False,False,False,False,0.0
2026-07-25T03:40:21Z,IN,308,41.1653,-87.271,64,Mostly Clear,0,5,False,False,False,False,False,0.0
2026-07-25T03:40:21Z,IN,309,41.1666,-87.2749,64,Mostly Clear,0,5,False,False,False,False,False,0.0
2026-07-25T03:40:21Z,IN,318,40.3543,-85.5576,65,Mostly Clear,0,0,False,False,False,False,False,0.0
2026-07-25T03:40:21Z,IN,319,40.3569,-85.56,65,Mostly Clear,0,0,False,False,False,False,False,0.0
2026-07-25T03:40:21Z,IN,320,41.2963,-85.0863,64,Mostly Clear,0,0,False,False,False,False,False,0.0
2026-07-25T03:40:21Z,IN,321,41.5803,-85.0597,64,Mostly Clear,0,0,False,False,False,False,False,0.0
2026-07-25T03:40:21Z,IN,300,39.4417,-87.5002,70,Mostly Cloudy,2,0,False,False,False,False,False,0.0
2026-07-25T03:40:21Z,IN,302,39.6517,-86.3967,69,Partly Cloudy,0,1,False,False,False,False,False,0.0
2026-07-25T03:40:21Z,IN,301,39.6541,-86.4005,69,Partly Cloudy,0,1,False,False,False,False,False,0.0
2026-07-25T03:40:21Z,IN,303,39.8243,-85.7039,66,Partly Cloudy,0,0,False,False,False,False,False,0.0
2026-07-25T03:40:21Z,IN,304,39.8266,-85.704,66,Partly Cloudy,0,0,False,False,False,False,False,0.0
2026-07-25T03:40:21Z,IN,305,39.8605,-85.0259,64,Partly Cloudy,0,1,False,False,False,False,False,0.0
2026-07-25T03:40:21Z,KY,KY00065IS0000020N65WELCOM,36.6434,-86.5687,71,Mostly Cloudy,8,0,False,False,False,False,False,0.0
2026-07-25T03:40:21Z,KY,KY00065IS000020NSMARATHON,36.6612,-86.5553,71,Mostly Cloudy,8,2,False,False,False,False,False,0.0
2026-07-25T03:40:21Z,KY,KY00065IS0000340NWEIGHS34,36.6868,-86.5379,71,Mostly Cloudy,8,2,False,False,False,False,False,0.0
2026-07-25T03:40:21Z,KY,KY00065IS0011400S65SRA114,37.9464,-85.6905,71,Mostly Cloudy,3,2,False,False,False,False,False,0.0
2026-07-25T03:40:21Z,KY,KY00065IS0005900S65SRA059,37.239,-85.9297,70,Mostly Cloudy,5,2,False,False,False,False,False,0.0
2026-07-25T03:40:21Z,KY,KY00065IS0005900N65NRA059,37.2384,-85.9271,70,Mostly Cloudy,5,2,False,False,False,False,False,0.0
2026-07-25T03:40:21Z,KY,KY00075IS0003300NWEIGHS33,37.0422,-84.0968,70,Partly Cloudy,2,0,False,False,False,False,False,0.0
2026-07-25T03:40:21Z,KY,KY00075IS0003400SWEIGHS34,37.048,-84.0997,71,Partly Cloudy,2,0,False,False,False,False,False,0.0
2026-07-25T03:40:21Z,KY,KY00075IS0017700N75NRA177,38.937,-84.6309,69,Mostly Cloudy,1,3,False,False,False,False,False,0.0
2026-07-25T03:40:21Z,KY,KY00075IS0007500SWALTONWS,38.8653,-84.6476,69,Mostly Cloudy,1,2,False,False,False,False,False,0.0
2026-07-25T03:40:21Z,KY,KY00075IS0017700S75SRA177,38.9388,-84.6339,69,Mostly Cloudy,1,3,False,False,False,False,False,0.0
2026-07-25T03:40:21Z,KY,KY00075IS0016800SCRITENWS,38.8196,-84.6015,69,Mostly Cloudy,2,2,False,False,False,False,False,0.0
2026-07-25T03:40:21Z,KY,KY00075IS0000100N75WELCOM,36.6162,-84.1054,70,Partly Cloudy,2,1,False,False,False,False,False,0.0
2026-07-25T03:56:52Z,IL,IL00074IW006200004,40.8802,-90.0895,69,Mostly Cloudy,13,2,False,False,False,False,False,0.0
2026-07-25T03:56:52Z,IL,IL00064IE002500038,38.5481,-89.7731,70,Chance Showers And Thunderstorms,28,3,False,False,True,True,False,0.1
2026-07-25T03:56:52Z,IL,IL00080IE011700043,41.4314,-88.3454,65,Mostly Clear,0,5,False,False,False,False,False,0.0
2026-07-25T03:56:52Z,IL,IL00024IW003700010,37.1593,-88.6798,71,Slight Chance Rain Showers,20,0,False,False,True,False,False,0.05
2026-07-25T03:56:52Z,IL,IL00057IS007900047,38.0962,-88.9138,72,Chance Rain Showers,30,0,False,False,True,False,False,0.05
2026-07-25T03:56:52Z,IL,IL00057IN033300049,41.3892,-87.7729,64,Mostly Clear,0,5,False,False,False,False,False,0.0
2026-07-25T03:56:52Z,IL,IL00074IW020800052,40.1298,-87.7441,68,Partly Cloudy,3,0,False,False,False,False,False,0.0
2026-07-25T03:56:52Z,IL,IL00074IE002800030,41.2334,-90.333,69,Partly Cloudy,11,5,False,False,False,False,False,0.0
2026-07-25T03:56:52Z,IL,IL00039IS008500026,41.7285,-89.0105,63,Mostly Clear,0,5,False,False,False,False,False,0.0
2026-07-25T03:56:52Z,IL,IL00055IN002700029,38.8649,-89.8532,69,Chance Showers And Thunderstorms,28,5,False,False,True,True,False,0.1
2026-07-25T03:56:52Z,IL,IL00080IE005100040,41.3938,-89.5665,69,Mostly Clear,6,5,False,False,False,False,False,0.0
2026-07-25T03:56:52Z,IL,IL00055IN019400031,40.8234,-88.6875,64,Mostly Clear,1,5,False,False,False,False,False,0.0
2026-07-25T03:56:52Z,IL,IL00057IN011400033,38.5963,-88.9638,70,Chance Showers And Thunderstorms,28,1,False,False,True,True,False,0.1
2026-07-25T03:56:52Z,IL,IL00064IE008500039,38.273,-88.8496,69,Chance Rain Showers,26,1,False,False,True,False,False,0.05
2026-07-25T03:56:52Z,IL,IL00055IS006400017,39.3523,-89.6447,68,Chance Showers And Thunderstorms,28,3,False,False,True,True,False,0.1
2026-07-25T03:56:52Z,IL,IL00072IW015200014,39.9888,-88.7852,70,Mostly Cloudy,11,3,False,False,False,False,False,0.0
2026-07-25T03:56:52Z,IL,IL00055IN010400050,39.8627,-89.5948,70,Isolated Rain Showers,20,2,False,False,True,False,False,0.05
2026-07-25T03:56:52Z,IL,IL00057IN022200048,39.9218,-88.299,70,Mostly Cloudy,7,2,False,False,False,False,False,0.0
2026-07-25T03:56:52Z,IL,IL00055IN006400027,39.3465,-89.6408,68,Chance Showers And Thunderstorms,28,3,False,False,True,True,False,0.1
2026-07-25T03:56:52Z,IL,IL00074IE015600037,40.2732,-88.6762,69,Mostly Cloudy,7,3,False,False,False,False,False,0.0
2026-07-25T03:56:52Z,IL,IL00070IE002700042,38.7849,-89.7023,70,Chance Showers And Thunderstorms,28,3,False,False,True,True,False,0.1
2026-07-25T03:56:52Z,IL,IL00080IW011700016,41.4473,-88.3285,65,Mostly Clear,0,5,False,False,False,False,False,0.0
2026-07-25T03:56:52Z,IL,IL00039IN008500036,41.7236,-89.0062,63,Mostly Clear,0,5,False,False,False,False,False,0.0
2026-07-25T03:56:52Z,IL,IL00070IE008600051,39.0651,-88.6745,70,Isolated Rain Showers,20,0,False,False,True,False,False,0.05
2026-07-25T03:56:52Z,IL,IL00064IW008500012,38.2766,-88.8012,69,Slight Chance Rain Showers,24,1,False,False,True,False,False,0.05
2026-07-25T03:56:52Z,IL,IL00070IW002700015,38.7884,-89.6889,70,Chance Showers And Thunderstorms,28,3,False,False,True,True,False,0.1
2026-07-25T03:56:52Z,IL,IL00055IS019400021,40.8371,-88.6833,64,Mostly Clear,1,5,False,False,False,False,False,0.0
2026-07-25T03:56:52Z,IL,IL00057IS033300046,41.3918,-87.7749,64,Mostly Clear,0,5,False,False,False,False,False,0.0
2026-07-25T03:56:52Z,IL,IL00072IE015200041,39.9923,-88.7827,70,Mostly Cloudy,11,3,False,False,False,False,False,0.0
2026-07-25T03:56:52Z,IL,IL00055IN014900028,40.3599,-89.1099,68,Mostly Cloudy,10,3,False,False,False,False,False,0.0
2026-07-25T03:56:52Z,IL,IL00057IS026800022,40.5613,-88.0615,65,Mostly Clear,1,5,False,False,False,False,False,0.0
2026-07-25T03:56:52Z,IL,IL00057IS022200054,39.9314,-88.3043,70,Mostly Cloudy,7,2,False,False,False,False,False,0.0
2026-07-25T03:56:52Z,IL,IL00057IN007900034,38.0297,-88.9203,70,Chance Rain Showers,32,0,False,False,True,False,False,0.05
2026-07-25T03:56:52Z,IL,IL00080IW005100013,41.3937,-89.5591,69,Mostly Clear,6,5,False,False,False,False,False,0.0
2026-07-25T03:56:52Z,IL,IL00064IW013000053,38.2322,-87.9882,71,Mostly Cloudy,11,0,False,False,False,False,False,0.0
2026-07-25T03:56:52Z,IL,IL00074IW015600009,40.2711,-88.6701,68,Mostly Cloudy,7,3,False,False,False,False,False,0.0
2026-07-25T03:56:52Z,IL,IL00074IW002800020,41.2141,-90.3308,69,Partly Cloudy,11,5,False,False,False,False,False,0.0
2026-07-25T03:56:52Z,IL,IL00055IS002700019,38.8723,-89.8511,69,Chance Showers And Thunderstorms,28,5,False,False,True,True,False,0.1
2026-07-25T03:56:52Z,IL,IL00064IW002500011,38.5491,-89.7633,70,Chance Showers And Thunderstorms,28,5,False,False,True,True,False,0.1
2026-07-25T03:56:52Z,IL,IL00057IS011400023,38.5965,-88.9677,70,Chance Showers And Thunderstorms,28,1,False,False,True,True,False,0.1
2026-07-25T03:56:52Z,IL,IL00057IN026800032,40.5505,-88.0605,65,Mostly Clear,1,5,False,False,False,False,False,0.0
2026-07-25T03:56:52Z,IL,IL00070IW008700045,39.0679,-88.6704,70,Isolated Rain Showers,20,0,False,False,True,False,False,0.05
2026-07-25T03:56:52Z,IL,IL00057IS016500018,39.1993,-88.502,71,Isolated Rain Showers,16,1,False,False,True,False,False,0.05
2026-07-25T03:56:52Z,IL,IL00074IW011400006,40.6111,-89.2323,68,Mostly Cloudy,8,2,False,False,False,False,False,0.0
2026-07-25T03:56:52Z,IL,IL00074IE011400005,40.6125,-89.245,68,Mostly Cloudy,8,2,False,False,False,False,False,0.0
2026-07-25T03:56:52Z,IL,IL00074IE006200001,40.8788,-90.0936,69,Mostly Cloudy,13,2,False,False,False,False,False,0.0
2026-07-25T03:56:52Z,IL,IL00070IW014900008,39.4228,-87.6617,71,Mostly Cloudy,6,0,False,False,False,False,False,0.0
2026-07-25T03:56:52Z,IL,IL00057IN016500044,39.1898,-88.5031,71,Isolated Rain Showers,16,1,False,False,True,False,False,0.05
2026-07-25T03:56:52Z,IL,IL00055IS010400024,39.8871,-89.5966,71,Isolated Rain Showers,20,2,False,False,True,False,False,0.05
2026-07-25T03:56:52Z,IL,IL00057IS003200025,37.4699,-89.1329,71,Chance Rain Showers,32,0,False,False,True,False,False,0.05
2026-07-25T03:56:52Z,IL,IL00057IN003200035,37.4661,-89.1324,71,Chance Rain Showers,32,0,False,False,True,False,False,0.05
2026-07-25T03:56:52Z,IN,322,38.195,-87.8597,71,Mostly Cloudy,9,0,False,False,False,False,False,0.0
2026-07-25T03:56:52Z,IN,317,38.5852,-85.7768,69,Mostly Cloudy,2,1,False,False,False,False,False,0.0
2026-07-25T03:56:52Z,IN,316,38.5859,-85.7809,69,Mostly Cloudy,2,1,False,False,False,False,False,0.0
2026-07-25T03:56:52Z,IN,315,39.2602,-85.9521,70,Mostly Cloudy,1,0,False,False,False,False,False,0.0
2026-07-25T03:56:52Z,IN,314,39.2767,-85.9569,70,Mostly Cloudy,1,0,False,False,False,False,False,0.0
2026-07-25T03:56:52Z,IN,313,40.1578,-86.5387,66,Mostly Clear,0,0,False,False,False,False,False,0.0
2026-07-25T03:56:52Z,IN,312,40.1722,-86.5522,66,Mostly Clear,0,0,False,False,False,False,False,0.0
2026-07-25T03:56:52Z,IN,311,40.6992,-87.0628,64,Clear,0,0,False,False,False,False,False,0.0
2026-07-25T03:56:52Z,IN,310,40.6984,-87.0646,64,Clear,0,0,False,False,False,False,False,0.0
2026-07-25T03:56:52Z,IN,308,41.1653,-87.271,64,Mostly Clear,0,5,False,False,False,False,False,0.0
2026-07-25T03:56:52Z,IN,309,41.1666,-87.2749,64,Mostly Clear,0,5,False,False,False,False,False,0.0
2026-07-25T03:56:52Z,IN,318,40.3543,-85.5576,65,Mostly Clear,0,0,False,False,False,False,False,0.0
2026-07-25T03:56:52Z,IN,319,40.3569,-85.56,65,Mostly Clear,0,0,False,False,False,False,False,0.0
2026-07-25T03:56:52Z,IN,320,41.2963,-85.0863,64,Mostly Clear,0,0,False,False,False,False,False,0.0
2026-07-25T03:56:52Z,IN,321,41.5803,-85.0597,64,Mostly Clear,0,0,False,False,False,False,False,0.0
2026-07-25T03:56:52Z,IN,300,39.4417,-87.5002,70,Mostly Cloudy,2,0,False,False,False,False,False,0.0
2026-07-25T03:56:52Z,IN,302,39.6517,-86.3967,69,Partly Cloudy,0,1,False,False,False,False,False,0.0
2026-07-25T03:56:52Z,IN,301,39.6541,-86.4005,69,Partly Cloudy,0,1,False,False,False,False,False,0.0
2026-07-25T03:56:52Z,IN,303,39.8243,-85.7039,66,Partly Cloudy,0,0,False,False,False,False,False,0.0
2026-07-25T03:56:52Z,IN,304,39.8266,-85.704,66,Partly Cloudy,0,0,False,False,False,False,False,0.0
2026-07-25T03:56:52Z,IN,305,39.8605,-85.0259,64,Partly Cloudy,0,1,False,False,False,False,False,0.0
2026-07-25T03:56:52Z,KY,KY00065IS0000020N65WELCOM,36.6434,-86.5687,71,Mostly Cloudy,8,0,False,False,False,False,False,0.0
2026-07-25T03:56:52Z,KY,KY00065IS000020NSMARATHON,36.6612,-86.5553,71,Mostly Cloudy,8,2,False,False,False,False,False,0.0
2026-07-25T03:56:52Z,KY,KY00065IS0000340NWEIGHS34,36.6868,-86.5379,71,Mostly Cloudy,8,2,False,False,False,False,False,0.0
2026-07-25T03:56:52Z,KY,KY00065IS0011400S65SRA114,37.9464,-85.6905,71,Mostly Cloudy,3,2,False,False,False,False,False,0.0
2026-07-25T03:56:52Z,KY,KY00065IS0005900S65SRA059,37.239,-85.9297,70,Mostly Cloudy,5,2,False,False,False,False,False,0.0
2026-07-25T03:56:52Z,KY,KY00065IS0005900N65NRA059,37.2384,-85.9271,70,Mostly Cloudy,5,2,False,False,False,False,False,0.0
2026-07-25T03:56:52Z,KY,KY00075IS0003300NWEIGHS33,37.0422,-84.0968,70,Partly Cloudy,2,0,False,False,False,False,False,0.0
2026-07-25T03:56:52Z,KY,KY00075IS0003400SWEIGHS34,37.048,-84.0997,71,Partly Cloudy,2,0,False,False,False,False,False,0.0
2026-07-25T03:56:52Z,KY,KY00075IS0017700N75NRA177,38.937,-84.6309,69,Mostly Cloudy,1,3,False,False,False,False,False,0.0
2026-07-25T03:56:52Z,KY,KY00075IS0007500SWALTONWS,38.8653,-84.6476,69,Mostly Cloudy,1,2,False,False,False,False,False,0.0
2026-07-25T03:56:52Z,KY,KY00075IS0017700S75SRA177,38.9388,-84.6339,69,Mostly Cloudy,1,3,False,False,False,False,False,0.0
2026-07-25T03:56:52Z,KY,KY00075IS0016800SCRITENWS,38.8196,-84.6015,69,Mostly Cloudy,2,2,False,False,False,False,False,0.0
2026-07-25T03:56:52Z,KY,KY00075IS0000100N75WELCOM,36.6162,-84.1054,70,Partly Cloudy,2,1,False,False,False,False,False,0.0
2026-07-25T04:13:21Z,IL,IL00074IW006200004,40.8802,-90.0895,69,Mostly Cloudy,13,2,False,False,False,False,False,0.0
2026-07-25T04:13:21Z,IL,IL00064IE002500038,38.5481,-89.7731,70,Chance Showers And Thunderstorms,28,3,False,False,True,True,False,0.1
2026-07-25T04:13:21Z,IL,IL00080IE011700043,41.4314,-88.3454,65,Mostly Clear,0,5,False,False,False,False,False,0.0
2026-07-25T04:13:21Z,IL,IL00024IW003700010,37.1593,-88.6798,71,Slight Chance Rain Showers,20,0,False,False,True,False,False,0.05
2026-07-25T04:13:21Z,IL,IL00057IS007900047,38.0962,-88.9138,72,Chance Rain Showers,30,0,False,False,True,False,False,0.05
2026-07-25T04:13:21Z,IL,IL00057IN033300049,41.3892,-87.7729,64,Mostly Clear,0,5,False,False,False,False,False,0.0
2026-07-25T04:13:21Z,IL,IL00074IW020800052,40.1298,-87.7441,68,Partly Cloudy,3,0,False,False,False,False,False,0.0
2026-07-25T04:13:21Z,IL,IL00074IE002800030,41.2334,-90.333,69,Partly Cloudy,11,5,False,False,False,False,False,0.0
2026-07-25T04:13:21Z,IL,IL00039IS008500026,41.7285,-89.0105,63,Mostly Clear,0,5,False,False,False,False,False,0.0
2026-07-25T04:13:21Z,IL,IL00055IN002700029,38.8649,-89.8532,69,Chance Showers And Thunderstorms,28,5,False,False,True,True,False,0.1
2026-07-25T04:13:21Z,IL,IL00080IE005100040,41.3938,-89.5665,69,Mostly Clear,6,5,False,False,False,False,False,0.0
2026-07-25T04:13:21Z,IL,IL00055IN019400031,40.8234,-88.6875,64,Mostly Clear,1,5,False,False,False,False,False,0.0
2026-07-25T04:13:21Z,IL,IL00057IN011400033,38.5963,-88.9638,70,Chance Showers And Thunderstorms,28,1,False,False,True,True,False,0.1
2026-07-25T04:13:21Z,IL,IL00064IE008500039,38.273,-88.8496,69,Chance Rain Showers,26,1,False,False,True,False,False,0.05
2026-07-25T04:13:21Z,IL,IL00055IS006400017,39.3523,-89.6447,68,Chance Showers And Thunderstorms,28,3,False,False,True,True,False,0.1
2026-07-25T04:13:21Z,IL,IL00072IW015200014,39.9888,-88.7852,70,Mostly Cloudy,11,3,False,False,False,False,False,0.0
2026-07-25T04:13:21Z,IL,IL00055IN010400050,39.8627,-89.5948,70,Isolated Rain Showers,20,2,False,False,True,False,False,0.05
2026-07-25T04:13:21Z,IL,IL00057IN022200048,39.9218,-88.299,70,Mostly Cloudy,7,2,False,False,False,False,False,0.0
2026-07-25T04:13:21Z,IL,IL00055IN006400027,39.3465,-89.6408,68,Chance Showers And Thunderstorms,28,3,False,False,True,True,False,0.1
2026-07-25T04:13:21Z,IL,IL00074IE015600037,40.2732,-88.6762,69,Mostly Cloudy,7,3,False,False,False,False,False,0.0
2026-07-25T04:13:21Z,IL,IL00070IE002700042,38.7849,-89.7023,70,Chance Showers And Thunderstorms,28,3,False,False,True,True,False,0.1
2026-07-25T04:13:21Z,IL,IL00080IW011700016,41.4473,-88.3285,65,Mostly Clear,0,5,False,False,False,False,False,0.0
2026-07-25T04:13:21Z,IL,IL00039IN008500036,41.7236,-89.0062,63,Mostly Clear,0,5,False,False,False,False,False,0.0
2026-07-25T04:13:21Z,IL,IL00070IE008600051,39.0651,-88.6745,70,Isolated Rain Showers,20,0,False,False,True,False,False,0.05
2026-07-25T04:13:21Z,IL,IL00064IW008500012,38.2766,-88.8012,69,Slight Chance Rain Showers,24,1,False,False,True,False,False,0.05
2026-07-25T04:13:21Z,IL,IL00070IW002700015,38.7884,-89.6889,70,Chance Showers And Thunderstorms,28,3,False,False,True,True,False,0.1
2026-07-25T04:13:21Z,IL,IL00055IS019400021,40.8371,-88.6833,64,Mostly Clear,1,5,False,False,False,False,False,0.0
2026-07-25T04:13:21Z,IL,IL00057IS033300046,41.3918,-87.7749,64,Mostly Clear,0,5,False,False,False,False,False,0.0
2026-07-25T04:13:21Z,IL,IL00072IE015200041,39.9923,-88.7827,70,Mostly Cloudy,11,3,False,False,False,False,False,0.0
2026-07-25T04:13:21Z,IL,IL00055IN014900028,40.3599,-89.1099,68,Mostly Cloudy,10,3,False,False,False,False,False,0.0
2026-07-25T04:13:21Z,IL,IL00057IS026800022,40.5613,-88.0615,65,Mostly Clear,1,5,False,False,False,False,False,0.0
2026-07-25T04:13:21Z,IL,IL00057IS022200054,39.9314,-88.3043,70,Mostly Cloudy,7,2,False,False,False,False,False,0.0
2026-07-25T04:13:21Z,IL,IL00057IN007900034,38.0297,-88.9203,70,Chance Rain Showers,32,0,False,False,True,False,False,0.05
2026-07-25T04:13:21Z,IL,IL00080IW005100013,41.3937,-89.5591,69,Mostly Clear,6,5,False,False,False,False,False,0.0
2026-07-25T04:13:21Z,IL,IL00064IW013000053,38.2322,-87.9882,71,Mostly Cloudy,11,0,False,False,False,False,False,0.0
2026-07-25T04:13:21Z,IL,IL00074IW015600009,40.2711,-88.6701,68,Mostly Cloudy,7,3,False,False,False,False,False,0.0
2026-07-25T04:13:21Z,IL,IL00074IW002800020,41.2141,-90.3308,69,Partly Cloudy,11,5,False,False,False,False,False,0.0
2026-07-25T04:13:21Z,IL,IL00055IS002700019,38.8723,-89.8511,69,Chance Showers And Thunderstorms,28,5,False,False,True,True,False,0.1
2026-07-25T04:13:21Z,IL,IL00064IW002500011,38.5491,-89.7633,70,Chance Showers And Thunderstorms,28,5,False,False,True,True,False,0.1
2026-07-25T04:13:21Z,IL,IL00057IS011400023,38.5965,-88.9677,70,Chance Showers And Thunderstorms,28,1,False,False,True,True,False,0.1
2026-07-25T04:13:21Z,IL,IL00057IN026800032,40.5505,-88.0605,65,Mostly Clear,1,5,False,False,False,False,False,0.0
2026-07-25T04:13:21Z,IL,IL00070IW008700045,39.0679,-88.6704,70,Isolated Rain Showers,20,0,False,False,True,False,False,0.05
2026-07-25T04:13:21Z,IL,IL00057IS016500018,39.1993,-88.502,71,Isolated Rain Showers,16,1,False,False,True,False,False,0.05
2026-07-25T04:13:21Z,IL,IL00074IW011400006,40.6111,-89.2323,68,Mostly Cloudy,8,2,False,False,False,False,False,0.0
2026-07-25T04:13:21Z,IL,IL00074IE011400005,40.6125,-89.245,68,Mostly Cloudy,8,2,False,False,False,False,False,0.0
2026-07-25T04:13:21Z,IL,IL00074IE006200001,40.8788,-90.0936,69,Mostly Cloudy,13,2,False,False,False,False,False,0.0
2026-07-25T04:13:21Z,IL,IL00070IW014900008,39.4228,-87.6617,71,Mostly Cloudy,6,0,False,False,False,False,False,0.0
2026-07-25T04:13:21Z,IL,IL00057IN016500044,39.1898,-88.5031,71,Isolated Rain Showers,16,1,False,False,True,False,False,0.05
2026-07-25T04:13:21Z,IL,IL00055IS010400024,39.8871,-89.5966,71,Isolated Rain Showers,20,2,False,False,True,False,False,0.05
2026-07-25T04:13:21Z,IL,IL00057IS003200025,37.4699,-89.1329,71,Chance Rain Showers,32,0,False,False,True,False,False,0.05
2026-07-25T04:13:21Z,IL,IL00057IN003200035,37.4661,-89.1324,71,Chance Rain Showers,32,0,False,False,True,False,False,0.05
2026-07-25T04:13:21Z,IN,322,38.195,-87.8597,71,Mostly Cloudy,9,0,False,False,False,False,False,0.0
2026-07-25T04:13:21Z,IN,317,38.5852,-85.7768,69,Mostly Cloudy,2,1,False,False,False,False,False,0.0
2026-07-25T04:13:21Z,IN,316,38.5859,-85.7809,69,Mostly Cloudy,2,1,False,False,False,False,False,0.0
2026-07-25T04:13:21Z,IN,315,39.2602,-85.9521,70,Mostly Cloudy,1,0,False,False,False,False,False,0.0
2026-07-25T04:13:21Z,IN,314,39.2767,-85.9569,70,Mostly Cloudy,1,0,False,False,False,False,False,0.0
2026-07-25T04:13:21Z,IN,313,40.1578,-86.5387,66,Mostly Clear,0,0,False,False,False,False,False,0.0
2026-07-25T04:13:21Z,IN,312,40.1722,-86.5522,66,Mostly Clear,0,0,False,False,False,False,False,0.0
2026-07-25T04:13:21Z,IN,311,40.6992,-87.0628,64,Clear,0,0,False,False,False,False,False,0.0
2026-07-25T04:13:21Z,IN,310,40.6984,-87.0646,64,Clear,0,0,False,False,False,False,False,0.0
2026-07-25T04:13:21Z,IN,308,41.1653,-87.271,64,Mostly Clear,0,5,False,False,False,False,False,0.0
2026-07-25T04:13:21Z,IN,309,41.1666,-87.2749,64,Mostly Clear,0,5,False,False,False,False,False,0.0
2026-07-25T04:13:21Z,IN,318,40.3543,-85.5576,65,Mostly Clear,0,0,False,False,False,False,False,0.0
2026-07-25T04:13:21Z,IN,319,40.3569,-85.56,65,Mostly Clear,0,0,False,False,False,False,False,0.0
2026-07-25T04:13:21Z,IN,320,41.2963,-85.0863,64,Mostly Clear,0,0,False,False,False,False,False,0.0
2026-07-25T04:13:21Z,IN,321,41.5803,-85.0597,64,Mostly Clear,0,0,False,False,False,False,False,0.0
2026-07-25T04:13:21Z,IN,300,39.4417,-87.5002,70,Mostly Cloudy,2,0,False,False,False,False,False,0.0
2026-07-25T04:13:21Z,IN,302,39.6517,-86.3967,69,Partly Cloudy,0,1,False,False,False,False,False,0.0
2026-07-25T04:13:21Z,IN,301,39.6541,-86.4005,69,Partly Cloudy,0,1,False,False,False,False,False,0.0
2026-07-25T04:13:21Z,IN,303,39.8243,-85.7039,66,Partly Cloudy,0,0,False,False,False,False,False,0.0
2026-07-25T04:13:21Z,IN,304,39.8266,-85.704,66,Partly Cloudy,0,0,False,False,False,False,False,0.0
2026-07-25T04:13:21Z,IN,305,39.8605,-85.0259,64,Partly Cloudy,0,1,False,False,False,False,False,0.0
2026-07-25T04:13:21Z,KY,KY00065IS0000020N65WELCOM,36.6434,-86.5687,71,Mostly Cloudy,8,0,False,False,False,False,False,0.0
2026-07-25T04:13:21Z,KY,KY00065IS000020NSMARATHON,36.6612,-86.5553,71,Mostly Cloudy,8,2,False,False,False,False,False,0.0
2026-07-25T04:13:21Z,KY,KY00065IS0000340NWEIGHS34,36.6868,-86.5379,71,Mostly Cloudy,8,2,False,False,False,False,False,0.0
2026-07-25T04:13:21Z,KY,KY00065IS0011400S65SRA114,37.9464,-85.6905,71,Mostly Cloudy,3,2,False,False,False,False,False,0.0
2026-07-25T04:13:21Z,KY,KY00065IS0005900S65SRA059,37.239,-85.9297,70,Mostly Cloudy,5,2,False,False,False,False,False,0.0
2026-07-25T04:13:21Z,KY,KY00065IS0005900N65NRA059,37.2384,-85.9271,70,Mostly Cloudy,5,2,False,False,False,False,False,0.0
2026-07-25T04:13:21Z,KY,KY00075IS0003300NWEIGHS33,37.0422,-84.0968,70,Partly Cloudy,2,0,False,False,False,False,False,0.0
2026-07-25T04:13:21Z,KY,KY00075IS0003400SWEIGHS34,37.048,-84.0997,71,Partly Cloudy,2,0,False,False,False,False,False,0.0
2026-07-25T04:13:21Z,KY,KY00075IS0017700N75NRA177,38.937,-84.6309,69,Mostly Cloudy,1,3,False,False,False,False,False,0.0
2026-07-25T04:13:21Z,KY,KY00075IS0007500SWALTONWS,38.8653,-84.6476,69,Mostly Cloudy,1,2,False,False,False,False,False,0.0
2026-07-25T04:13:21Z,KY,KY00075IS0017700S75SRA177,38.9388,-84.6339,69,Mostly Cloudy,1,3,False,False,False,False,False,0.0
2026-07-25T04:13:21Z,KY,KY00075IS0016800SCRITENWS,38.8196,-84.6015,69,Mostly Cloudy,2,2,False,False,False,False,False,0.0
2026-07-25T04:13:21Z,KY,KY00075IS0000100N75WELCOM,36.6162,-84.1054,70,Partly Cloudy,2,1,False,False,False,False,False,0.0
2026-07-25T04:29:49Z,IL,IL00074IW006200004,40.8802,-90.0895,68,Mostly Cloudy,13,2,False,False,False,False,False,0.0
2026-07-25T04:29:49Z,IL,IL00064IE002500038,38.5481,-89.7731,70,Chance Showers And Thunderstorms,30,3,False,False,True,True,False,0.1
2026-07-25T04:29:49Z,IL,IL00080IE011700043,41.4314,-88.3454,63,Mostly Clear,0,5,False,False,False,False,False,0.0
2026-07-25T04:29:49Z,IL,IL00024IW003700010,37.1593,-88.6798,70,Slight Chance Rain Showers,16,0,False,False,True,False,False,0.05
2026-07-25T04:29:49Z,IL,IL00057IS007900047,38.0962,-88.9138,70,Slight Chance Rain Showers,18,1,False,False,True,False,False,0.05
2026-07-25T04:29:49Z,IL,IL00057IN033300049,41.3892,-87.7729,63,Mostly Clear,0,5,False,False,False,False,False,0.0
2026-07-25T04:29:49Z,IL,IL00074IW020800052,40.1298,-87.7441,66,Partly Cloudy,3,0,False,False,False,False,False,0.0
2026-07-25T04:29:49Z,IL,IL00074IE002800030,41.2334,-90.333,68,Mostly Cloudy,10,5,False,False,False,False,False,0.0
2026-07-25T04:29:49Z,IL,IL00039IS008500026,41.7285,-89.0105,62,Mostly Clear,0,5,False,False,False,False,False,0.0
2026-07-25T04:29:49Z,IL,IL00055IN002700029,38.8649,-89.8532,69,Chance Showers And Thunderstorms,30,3,False,False,True,True,False,0.1
2026-07-25T04:29:49Z,IL,IL00080IE005100040,41.3938,-89.5665,69,Mostly Clear,6,5,False,False,False,False,False,0.0
2026-07-25T04:29:49Z,IL,IL00055IN019400031,40.8234,-88.6875,63,Mostly Clear,2,5,False,False,False,False,False,0.0
2026-07-25T04:29:49Z,IL,IL00057IN011400033,38.5963,-88.9638,69,Chance Showers And Thunderstorms,30,1,False,False,True,True,False,0.1
2026-07-25T04:29:49Z,IL,IL00064IE008500039,38.273,-88.8496,69,Mostly Cloudy,9,0,False,False,False,False,False,0.0
2026-07-25T04:29:49Z,IL,IL00055IS006400017,39.3523,-89.6447,68,Chance Showers And Thunderstorms,28,3,False,False,True,True,False,0.1
2026-07-25T04:29:49Z,IL,IL00072IW015200014,39.9888,-88.7852,69,Mostly Cloudy,12,3,False,False,False,False,False,0.0
2026-07-25T04:29:49Z,IL,IL00055IN010400050,39.8627,-89.5948,69,Isolated Rain Showers,21,2,False,False,True,False,False,0.05
2026-07-25T04:29:49Z,IL,IL00057IN022200048,39.9218,-88.299,69,Mostly Cloudy,8,2,False,False,False,False,False,0.0
2026-07-25T04:29:49Z,IL,IL00055IN006400027,39.3465,-89.6408,68,Chance Showers And Thunderstorms,30,3,False,False,True,True,False,0.1
2026-07-25T04:29:49Z,IL,IL00074IE015600037,40.2732,-88.6762,67,Mostly Cloudy,7,3,False,False,False,False,False,0.0
2026-07-25T04:29:49Z,IL,IL00070IE002700042,38.7849,-89.7023,70,Chance Showers And Thunderstorms,28,3,False,False,True,True,False,0.1
2026-07-25T04:29:49Z,IL,IL00080IW011700016,41.4473,-88.3285,65,Mostly Clear,0,5,False,False,False,False,False,0.0
2026-07-25T04:29:49Z,IL,IL00039IN008500036,41.7236,-89.0062,62,Mostly Clear,0,5,False,False,False,False,False,0.0
2026-07-25T04:29:49Z,IL,IL00070IE008600051,39.0651,-88.6745,69,Isolated Rain Showers,19,0,False,False,True,False,False,0.05
2026-07-25T04:29:49Z,IL,IL00064IW008500012,38.2766,-88.8012,69,Mostly Cloudy,8,1,False,False,False,False,False,0.0
2026-07-25T04:29:49Z,IL,IL00070IW002700015,38.7884,-89.6889,69,Chance Showers And Thunderstorms,30,3,False,False,True,True,False,0.1
2026-07-25T04:29:49Z,IL,IL00055IS019400021,40.8371,-88.6833,63,Mostly Clear,2,5,False,False,False,False,False,0.0
2026-07-25T04:29:49Z,IL,IL00057IS033300046,41.3918,-87.7749,63,Mostly Clear,0,5,False,False,False,False,False,0.0
2026-07-25T04:29:49Z,IL,IL00072IE015200041,39.9923,-88.7827,69,Mostly Cloudy,12,3,False,False,False,False,False,0.0
2026-07-25T04:29:49Z,IL,IL00055IN014900028,40.3599,-89.1099,67,Mostly Cloudy,11,3,False,False,False,False,False,0.0
2026-07-25T04:29:49Z,IL,IL00057IS026800022,40.5613,-88.0615,64,Mostly Clear,1,5,False,False,False,False,False,0.0
2026-07-25T04:29:49Z,IL,IL00057IS022200054,39.9314,-88.3043,69,Mostly Cloudy,8,2,False,False,False,False,False,0.0
2026-07-25T04:29:49Z,IL,IL00057IN007900034,38.0297,-88.9203,69,Slight Chance Rain Showers,20,0,False,False,True,False,False,0.05
2026-07-25T04:29:49Z,IL,IL00080IW005100013,41.3937,-89.5591,68,Mostly Clear,5,5,False,False,False,False,False,0.0
2026-07-25T04:29:49Z,IL,IL00064IW013000053,38.2322,-87.9882,70,Mostly Cloudy,4,1,False,False,False,False,False,0.0
2026-07-25T04:29:49Z,IL,IL00074IW015600009,40.2711,-88.6701,68,Mostly Cloudy,7,3,False,False,False,False,False,0.0
2026-07-25T04:29:49Z,IL,IL00074IW002800020,41.2141,-90.3308,68,Mostly Cloudy,10,5,False,False,False,False,False,0.0
2026-07-25T04:29:49Z,IL,IL00055IS002700019,38.8723,-89.8511,69,Chance Showers And Thunderstorms,30,3,False,False,True,True,False,0.1
2026-07-25T04:29:49Z,IL,IL00064IW002500011,38.5491,-89.7633,70,Chance Showers And Thunderstorms,30,3,False,False,True,True,False,0.1
2026-07-25T04:29:49Z,IL,IL00057IS011400023,38.5965,-88.9677,69,Chance Showers And Thunderstorms,30,1,False,False,True,True,False,0.1
2026-07-25T04:29:49Z,IL,IL00057IN026800032,40.5505,-88.0605,64,Mostly Clear,1,5,False,False,False,False,False,0.0
2026-07-25T04:29:49Z,IL,IL00070IW008700045,39.0679,-88.6704,69,Isolated Rain Showers,19,0,False,False,True,False,False,0.05
2026-07-25T04:29:49Z,IL,IL00057IS016500018,39.1993,-88.502,70,Isolated Rain Showers,15,0,False,False,True,False,False,0.05
2026-07-25T04:29:49Z,IL,IL00074IW011400006,40.6111,-89.2323,67,Mostly Cloudy,8,2,False,False,False,False,False,0.0
2026-07-25T04:29:49Z,IL,IL00074IE011400005,40.6125,-89.245,67,Mostly Cloudy,8,2,False,False,False,False,False,0.0
2026-07-25T04:29:49Z,IL,IL00074IE006200001,40.8788,-90.0936,68,Mostly Cloudy,13,2,False,False,False,False,False,0.0
2026-07-25T04:29:49Z,IL,IL00070IW014900008,39.4228,-87.6617,70,Mostly Cloudy,6,0,False,False,False,False,False,0.0
2026-07-25T04:29:49Z,IL,IL00057IN016500044,39.1898,-88.5031,71,Isolated Rain Showers,16,1,False,False,True,False,False,0.05
2026-07-25T04:29:49Z,IL,IL00055IS010400024,39.8871,-89.5966,70,Isolated Rain Showers,21,2,False,False,True,False,False,0.05
2026-07-25T04:29:49Z,IL,IL00057IS003200025,37.4699,-89.1329,70,Chance Rain Showers,25,0,False,False,True,False,False,0.05
2026-07-25T04:29:49Z,IL,IL00057IN003200035,37.4661,-89.1324,70,Chance Rain Showers,25,0,False,False,True,False,False,0.05
2026-07-25T04:29:49Z,IN,322,38.195,-87.8597,70,Mostly Cloudy,3,0,False,False,False,False,False,0.0
2026-07-25T04:29:49Z,IN,317,38.5852,-85.7768,68,Mostly Cloudy,2,1,False,False,False,False,False,0.0
2026-07-25T04:29:49Z,IN,316,38.5859,-85.7809,68,Mostly Cloudy,2,1,False,False,False,False,False,0.0
2026-07-25T04:29:49Z,IN,315,39.2602,-85.9521,67,Partly Cloudy,0,0,False,False,False,False,False,0.0
2026-07-25T04:29:49Z,IN,314,39.2767,-85.9569,70,Mostly Cloudy,1,0,False,False,False,False,False,0.0
2026-07-25T04:29:49Z,IN,313,40.1578,-86.5387,64,Mostly Clear,0,0,False,False,False,False,False,0.0
2026-07-25T04:29:49Z,IN,312,40.1722,-86.5522,64,Mostly Clear,0,0,False,False,False,False,False,0.0
2026-07-25T04:29:49Z,IN,311,40.6992,-87.0628,63,Clear,0,0,False,False,False,False,False,0.0
2026-07-25T04:29:49Z,IN,310,40.6984,-87.0646,63,Clear,0,0,False,False,False,False,False,0.0
2026-07-25T04:29:49Z,IN,308,41.1653,-87.271,62,Mostly Clear,0,5,False,False,False,False,False,0.0
2026-07-25T04:29:49Z,IN,309,41.1666,-87.2749,62,Mostly Clear,0,5,False,False,False,False,False,0.0
2026-07-25T04:29:49Z,IN,318,40.3543,-85.5576,63,Mostly Clear,0,0,False,False,False,False,False,0.0
2026-07-25T04:29:49Z,IN,319,40.3569,-85.56,63,Mostly Clear,0,0,False,False,False,False,False,0.0
2026-07-25T04:29:49Z,IN,320,41.2963,-85.0863,62,Mostly Clear,0,0,False,False,False,False,False,0.0
2026-07-25T04:29:49Z,IN,321,41.5803,-85.0597,62,Mostly Clear,0,0,False,False,False,False,False,0.0
2026-07-25T04:29:49Z,IN,300,39.4417,-87.5002,68,Partly Cloudy,2,0,False,False,False,False,False,0.0
2026-07-25T04:29:49Z,IN,302,39.6517,-86.3967,67,Partly Cloudy,0,0,False,False,False,False,False,0.0
2026-07-25T04:29:49Z,IN,301,39.6541,-86.4005,67,Partly Cloudy,0,0,False,False,False,False,False,0.0
2026-07-25T04:29:49Z,IN,303,39.8243,-85.7039,64,Mostly Clear,0,0,False,False,False,False,False,0.0
2026-07-25T04:29:49Z,IN,304,39.8266,-85.704,64,Mostly Clear,0,0,False,False,False,False,False,0.0
2026-07-25T04:29:49Z,IN,305,39.8605,-85.0259,63,Mostly Clear,0,0,False,False,False,False,False,0.0
2026-07-25T04:29:49Z,KY,KY00065IS0000020N65WELCOM,36.6434,-86.5687,70,Mostly Cloudy,8,0,False,False,False,False,False,0.0
2026-07-25T04:29:49Z,KY,KY00065IS000020NSMARATHON,36.6612,-86.5553,70,Mostly Cloudy,8,1,False,False,False,False,False,0.0
2026-07-25T04:29:49Z,KY,KY00065IS0000340NWEIGHS34,36.6868,-86.5379,70,Mostly Cloudy,8,1,False,False,False,False,False,0.0
2026-07-25T04:29:49Z,KY,KY00065IS0011400S65SRA114,37.9464,-85.6905,70,Mostly Cloudy,3,1,False,False,False,False,False,0.0
2026-07-25T04:29:49Z,KY,KY00065IS0005900S65SRA059,37.239,-85.9297,69,Mostly Cloudy,6,1,False,False,False,False,False,0.0
2026-07-25T04:29:49Z,KY,KY00065IS0005900N65NRA059,37.2384,-85.9271,69,Mostly Cloudy,6,1,False,False,False,False,False,0.0
2026-07-25T04:29:49Z,KY,KY00075IS0003300NWEIGHS33,37.0422,-84.0968,70,Partly Cloudy,2,0,False,False,False,False,False,0.0
2026-07-25T04:29:49Z,KY,KY00075IS0003400SWEIGHS34,37.048,-84.0997,69,Partly Cloudy,4,0,False,False,False,False,False,0.0
2026-07-25T04:29:49Z,KY,KY00075IS0017700N75NRA177,38.937,-84.6309,68,Partly Cloudy,1,2,False,False,False,False,False,0.0
2026-07-25T04:29:49Z,KY,KY00075IS0007500SWALTONWS,38.8653,-84.6476,68,Partly Cloudy,1,2,False,False,False,False,False,0.0
2026-07-25T04:29:49Z,KY,KY00075IS0017700S75SRA177,38.9388,-84.6339,68,Partly Cloudy,1,2,False,False,False,False,False,0.0
2026-07-25T04:29:49Z,KY,KY00075IS0016800SCRITENWS,38.8196,-84.6015,68,Partly Cloudy,1,2,False,False,False,False,False,0.0
2026-07-25T04:29:49Z,KY,KY00075IS0000100N75WELCOM,36.6162,-84.1054,69,Partly Cloudy,3,0,False,False,False,False,False,0.0
2026-07-25T04:46:34Z,IL,IL00074IW006200004,40.8802,-90.0895,68,Mostly Cloudy,13,2,False,False,False,False,False,0.0
2026-07-25T04:46:34Z,IL,IL00064IE002500038,38.5481,-89.7731,70,Chance Showers And Thunderstorms,30,3,False,False,True,True,False,0.1
2026-07-25T04:46:34Z,IL,IL00080IE011700043,41.4314,-88.3454,63,Mostly Clear,0,5,False,False,False,False,False,0.0
2026-07-25T04:46:34Z,IL,IL00024IW003700010,37.1593,-88.6798,70,Slight Chance Rain Showers,16,0,False,False,True,False,False,0.05
2026-07-25T04:46:34Z,IL,IL00057IS007900047,38.0962,-88.9138,70,Slight Chance Rain Showers,18,1,False,False,True,False,False,0.05
2026-07-25T04:46:34Z,IL,IL00057IN033300049,41.3892,-87.7729,63,Mostly Clear,0,5,False,False,False,False,False,0.0
2026-07-25T04:46:34Z,IL,IL00074IW020800052,40.1298,-87.7441,66,Partly Cloudy,3,0,False,False,False,False,False,0.0
2026-07-25T04:46:34Z,IL,IL00074IE002800030,41.2334,-90.333,68,Mostly Cloudy,10,5,False,False,False,False,False,0.0
2026-07-25T04:46:34Z,IL,IL00039IS008500026,41.7285,-89.0105,62,Mostly Clear,0,5,False,False,False,False,False,0.0
2026-07-25T04:46:34Z,IL,IL00055IN002700029,38.8649,-89.8532,69,Chance Showers And Thunderstorms,30,3,False,False,True,True,False,0.1
2026-07-25T04:46:34Z,IL,IL00080IE005100040,41.3938,-89.5665,67,Mostly Clear,5,5,False,False,False,False,False,0.0
2026-07-25T04:46:34Z,IL,IL00055IN019400031,40.8234,-88.6875,63,Mostly Clear,2,5,False,False,False,False,False,0.0
2026-07-25T04:46:34Z,IL,IL00057IN011400033,38.5963,-88.9638,69,Chance Showers And Thunderstorms,30,1,False,False,True,True,False,0.1
2026-07-25T04:46:34Z,IL,IL00064IE008500039,38.273,-88.8496,69,Mostly Cloudy,9,0,False,False,False,False,False,0.0
2026-07-25T04:46:34Z,IL,IL00055IS006400017,39.3523,-89.6447,67,Chance Showers And Thunderstorms,30,3,False,False,True,True,False,0.1
2026-07-25T04:46:34Z,IL,IL00072IW015200014,39.9888,-88.7852,69,Mostly Cloudy,12,3,False,False,False,False,False,0.0
2026-07-25T04:46:34Z,IL,IL00055IN010400050,39.8627,-89.5948,69,Isolated Rain Showers,21,2,False,False,True,False,False,0.05
2026-07-25T04:46:34Z,IL,IL00057IN022200048,39.9218,-88.299,69,Mostly Cloudy,8,2,False,False,False,False,False,0.0
2026-07-25T04:46:34Z,IL,IL00055IN006400027,39.3465,-89.6408,68,Chance Showers And Thunderstorms,30,3,False,False,True,True,False,0.1
2026-07-25T04:46:34Z,IL,IL00074IE015600037,40.2732,-88.6762,67,Mostly Cloudy,7,3,False,False,False,False,False,0.0
2026-07-25T04:46:34Z,IL,IL00070IE002700042,38.7849,-89.7023,69,Chance Showers And Thunderstorms,30,3,False,False,True,True,False,0.1
2026-07-25T04:46:34Z,IL,IL00080IW011700016,41.4473,-88.3285,64,Mostly Clear,0,5,False,False,False,False,False,0.0
2026-07-25T04:46:34Z,IL,IL00039IN008500036,41.7236,-89.0062,62,Mostly Clear,0,5,False,False,False,False,False,0.0
2026-07-25T04:46:34Z,IL,IL00070IE008600051,39.0651,-88.6745,69,Isolated Rain Showers,19,0,False,False,True,False,False,0.05
2026-07-25T04:46:34Z,IL,IL00064IW008500012,38.2766,-88.8012,69,Mostly Cloudy,8,1,False,False,False,False,False,0.0
2026-07-25T04:46:34Z,IL,IL00070IW002700015,38.7884,-89.6889,69,Chance Showers And Thunderstorms,30,3,False,False,True,True,False,0.1
2026-07-25T04:46:34Z,IL,IL00055IS019400021,40.8371,-88.6833,63,Mostly Clear,2,5,False,False,False,False,False,0.0
2026-07-25T04:46:34Z,IL,IL00057IS033300046,41.3918,-87.7749,63,Mostly Clear,0,5,False,False,False,False,False,0.0
2026-07-25T04:46:34Z,IL,IL00072IE015200041,39.9923,-88.7827,69,Mostly Cloudy,12,3,False,False,False,False,False,0.0
2026-07-25T04:46:34Z,IL,IL00055IN014900028,40.3599,-89.1099,67,Mostly Cloudy,11,3,False,False,False,False,False,0.0
2026-07-25T04:46:34Z,IL,IL00057IS026800022,40.5613,-88.0615,64,Mostly Clear,1,5,False,False,False,False,False,0.0
2026-07-25T04:46:34Z,IL,IL00057IS022200054,39.9314,-88.3043,69,Mostly Cloudy,8,2,False,False,False,False,False,0.0
2026-07-25T04:46:34Z,IL,IL00057IN007900034,38.0297,-88.9203,69,Slight Chance Rain Showers,20,0,False,False,True,False,False,0.05
2026-07-25T04:46:34Z,IL,IL00080IW005100013,41.3937,-89.5591,68,Mostly Clear,5,5,False,False,False,False,False,0.0
2026-07-25T04:46:34Z,IL,IL00064IW013000053,38.2322,-87.9882,70,Mostly Cloudy,4,1,False,False,False,False,False,0.0
2026-07-25T04:46:34Z,IL,IL00074IW015600009,40.2711,-88.6701,67,Partly Cloudy,2,3,False,False,False,False,False,0.0
2026-07-25T04:46:34Z,IL,IL00074IW002800020,41.2141,-90.3308,68,Mostly Cloudy,10,5,False,False,False,False,False,0.0
2026-07-25T04:46:34Z,IL,IL00055IS002700019,38.8723,-89.8511,69,Chance Showers And Thunderstorms,30,3,False,False,True,True,False,0.1
2026-07-25T04:46:34Z,IL,IL00064IW002500011,38.5491,-89.7633,70,Chance Showers And Thunderstorms,30,3,False,False,True,True,False,0.1
2026-07-25T04:46:34Z,IL,IL00057IS011400023,38.5965,-88.9677,69,Chance Showers And Thunderstorms,30,1,False,False,True,True,False,0.1
2026-07-25T04:46:34Z,IL,IL00057IN026800032,40.5505,-88.0605,64,Mostly Clear,1,5,False,False,False,False,False,0.0
2026-07-25T04:46:34Z,IL,IL00070IW008700045,39.0679,-88.6704,69,Isolated Rain Showers,19,0,False,False,True,False,False,0.05
2026-07-25T04:46:34Z,IL,IL00057IS016500018,39.1993,-88.502,70,Isolated Rain Showers,15,0,False,False,True,False,False,0.05
2026-07-25T04:46:34Z,IL,IL00074IW011400006,40.6111,-89.2323,67,Mostly Cloudy,8,2,False,False,False,False,False,0.0
2026-07-25T04:46:34Z,IL,IL00074IE011400005,40.6125,-89.245,67,Mostly Cloudy,8,2,False,False,False,False,False,0.0
2026-07-25T04:46:34Z,IL,IL00074IE006200001,40.8788,-90.0936,68,Mostly Cloudy,13,2,False,False,False,False,False,0.0
2026-07-25T04:46:34Z,IL,IL00070IW014900008,39.4228,-87.6617,70,Mostly Cloudy,6,0,False,False,False,False,False,0.0
2026-07-25T04:46:34Z,IL,IL00057IN016500044,39.1898,-88.5031,70,Mostly Cloudy,4,1,False,False,False,False,False,0.0
2026-07-25T04:46:34Z,IL,IL00055IS010400024,39.8871,-89.5966,70,Isolated Rain Showers,21,2,False,False,True,False,False,0.05
2026-07-25T04:46:34Z,IL,IL00057IS003200025,37.4699,-89.1329,70,Chance Rain Showers,25,0,False,False,True,False,False,0.05
2026-07-25T04:46:34Z,IL,IL00057IN003200035,37.4661,-89.1324,70,Chance Rain Showers,25,0,False,False,True,False,False,0.05
2026-07-25T04:46:34Z,IN,322,38.195,-87.8597,70,Mostly Cloudy,3,0,False,False,False,False,False,0.0
2026-07-25T04:46:34Z,IN,317,38.5852,-85.7768,68,Mostly Cloudy,2,1,False,False,False,False,False,0.0
2026-07-25T04:46:34Z,IN,316,38.5859,-85.7809,68,Mostly Cloudy,2,1,False,False,False,False,False,0.0
2026-07-25T04:46:34Z,IN,315,39.2602,-85.9521,67,Partly Cloudy,0,0,False,False,False,False,False,0.0
2026-07-25T04:46:34Z,IN,314,39.2767,-85.9569,68,Partly Cloudy,0,0,False,False,False,False,False,0.0
2026-07-25T04:46:34Z,IN,313,40.1578,-86.5387,64,Mostly Clear,0,0,False,False,False,False,False,0.0
2026-07-25T04:46:34Z,IN,312,40.1722,-86.5522,64,Mostly Clear,0,0,False,False,False,False,False,0.0
2026-07-25T04:46:34Z,IN,311,40.6992,-87.0628,63,Clear,0,0,False,False,False,False,False,0.0
2026-07-25T04:46:34Z,IN,310,40.6984,-87.0646,63,Clear,0,0,False,False,False,False,False,0.0
2026-07-25T04:46:34Z,IN,308,41.1653,-87.271,62,Mostly Clear,0,5,False,False,False,False,False,0.0
2026-07-25T04:46:34Z,IN,309,41.1666,-87.2749,62,Mostly Clear,0,5,False,False,False,False,False,0.0
2026-07-25T04:46:34Z,IN,318,40.3543,-85.5576,63,Mostly Clear,0,0,False,False,False,False,False,0.0
2026-07-25T04:46:34Z,IN,319,40.3569,-85.56,63,Mostly Clear,0,0,False,False,False,False,False,0.0
2026-07-25T04:46:34Z,IN,320,41.2963,-85.0863,62,Mostly Clear,0,0,False,False,False,False,False,0.0
2026-07-25T04:46:34Z,IN,321,41.5803,-85.0597,62,Mostly Clear,0,0,False,False,False,False,False,0.0
2026-07-25T04:46:34Z,IN,300,39.4417,-87.5002,68,Partly Cloudy,2,0,False,False,False,False,False,0.0
2026-07-25T04:46:34Z,IN,302,39.6517,-86.3967,67,Partly Cloudy,0,0,False,False,False,False,False,0.0
2026-07-25T04:46:34Z,IN,301,39.6541,-86.4005,67,Partly Cloudy,0,0,False,False,False,False,False,0.0
2026-07-25T04:46:34Z,IN,303,39.8243,-85.7039,64,Mostly Clear,0,0,False,False,False,False,False,0.0
2026-07-25T04:46:34Z,IN,304,39.8266,-85.704,64,Mostly Clear,0,0,False,False,False,False,False,0.0
2026-07-25T04:46:34Z,IN,305,39.8605,-85.0259,63,Mostly Clear,0,0,False,False,False,False,False,0.0
2026-07-25T04:46:34Z,KY,KY00065IS0000020N65WELCOM,36.6434,-86.5687,70,Mostly Cloudy,8,0,False,False,False,False,False,0.0
2026-07-25T04:46:34Z,KY,KY00065IS000020NSMARATHON,36.6612,-86.5553,70,Mostly Cloudy,8,1,False,False,False,False,False,0.0
2026-07-25T04:46:34Z,KY,KY00065IS0000340NWEIGHS34,36.6868,-86.5379,70,Mostly Cloudy,8,1,False,False,False,False,False,0.0
2026-07-25T04:46:34Z,KY,KY00065IS0011400S65SRA114,37.9464,-85.6905,70,Mostly Cloudy,3,1,False,False,False,False,False,0.0
2026-07-25T04:46:34Z,KY,KY00065IS0005900S65SRA059,37.239,-85.9297,69,Mostly Cloudy,6,1,False,False,False,False,False,0.0
2026-07-25T04:46:34Z,KY,KY00065IS0005900N65NRA059,37.2384,-85.9271,69,Mostly Cloudy,6,1,False,False,False,False,False,0.0
2026-07-25T04:46:34Z,KY,KY00075IS0003300NWEIGHS33,37.0422,-84.0968,68,Partly Cloudy,4,0,False,False,False,False,False,0.0
2026-07-25T04:46:34Z,KY,KY00075IS0003400SWEIGHS34,37.048,-84.0997,69,Partly Cloudy,4,0,False,False,False,False,False,0.0
2026-07-25T04:46:34Z,KY,KY00075IS0017700N75NRA177,38.937,-84.6309,68,Partly Cloudy,1,2,False,False,False,False,False,0.0
2026-07-25T04:46:34Z,KY,KY00075IS0007500SWALTONWS,38.8653,-84.6476,68,Partly Cloudy,1,2,False,False,False,False,False,0.0
2026-07-25T04:46:34Z,KY,KY00075IS0017700S75SRA177,38.9388,-84.6339,68,Partly Cloudy,1,2,False,False,False,False,False,0.0
2026-07-25T04:46:34Z,KY,KY00075IS0016800SCRITENWS,38.8196,-84.6015,68,Partly Cloudy,1,2,False,False,False,False,False,0.0
2026-07-25T04:46:34Z,KY,KY00075IS0000100N75WELCOM,36.6162,-84.1054,69,Partly Cloudy,3,0,False,False,False,False,False,0.0
2026-07-25T05:03:05Z,IL,IL00074IW006200004,40.8802,-90.0895,68,Mostly Cloudy,13,2,False,False,False,False,False,0.0
2026-07-25T05:03:05Z,IL,IL00064IE002500038,38.5481,-89.7731,70,Chance Showers And Thunderstorms,30,3,False,False,True,True,False,0.1
2026-07-25T05:03:05Z,IL,IL00080IE011700043,41.4314,-88.3454,63,Mostly Clear,0,5,False,False,False,False,False,0.0
2026-07-25T05:03:05Z,IL,IL00024IW003700010,37.1593,-88.6798,70,Slight Chance Rain Showers,16,0,False,False,True,False,False,0.05
2026-07-25T05:03:05Z,IL,IL00057IS007900047,38.0962,-88.9138,70,Slight Chance Rain Showers,18,1,False,False,True,False,False,0.05
2026-07-25T05:03:05Z,IL,IL00057IN033300049,41.3892,-87.7729,63,Mostly Clear,0,5,False,False,False,False,False,0.0
2026-07-25T05:03:05Z,IL,IL00074IW020800052,40.1298,-87.7441,66,Partly Cloudy,3,0,False,False,False,False,False,0.0
2026-07-25T05:03:05Z,IL,IL00074IE002800030,41.2334,-90.333,68,Mostly Cloudy,10,5,False,False,False,False,False,0.0
2026-07-25T05:03:05Z,IL,IL00039IS008500026,41.7285,-89.0105,62,Mostly Clear,0,5,False,False,False,False,False,0.0
2026-07-25T05:03:05Z,IL,IL00055IN002700029,38.8649,-89.8532,69,Chance Showers And Thunderstorms,30,3,False,False,True,True,False,0.1
2026-07-25T05:03:05Z,IL,IL00080IE005100040,41.3938,-89.5665,67,Mostly Clear,5,5,False,False,False,False,False,0.0
2026-07-25T05:03:05Z,IL,IL00055IN019400031,40.8234,-88.6875,63,Mostly Clear,2,5,False,False,False,False,False,0.0
2026-07-25T05:03:05Z,IL,IL00057IN011400033,38.5963,-88.9638,69,Chance Showers And Thunderstorms,30,1,False,False,True,True,False,0.1
2026-07-25T05:03:05Z,IL,IL00064IE008500039,38.273,-88.8496,69,Mostly Cloudy,9,0,False,False,False,False,False,0.0
2026-07-25T05:03:05Z,IL,IL00055IS006400017,39.3523,-89.6447,67,Chance Showers And Thunderstorms,30,3,False,False,True,True,False,0.1
2026-07-25T05:03:05Z,IL,IL00072IW015200014,39.9888,-88.7852,69,Mostly Cloudy,12,3,False,False,False,False,False,0.0
2026-07-25T05:03:05Z,IL,IL00055IN010400050,39.8627,-89.5948,69,Isolated Rain Showers,21,2,False,False,True,False,False,0.05
2026-07-25T05:03:05Z,IL,IL00057IN022200048,39.9218,-88.299,69,Mostly Cloudy,8,2,False,False,False,False,False,0.0
2026-07-25T05:03:05Z,IL,IL00055IN006400027,39.3465,-89.6408,68,Chance Showers And Thunderstorms,30,3,False,False,True,True,False,0.1
2026-07-25T05:03:05Z,IL,IL00074IE015600037,40.2732,-88.6762,67,Mostly Cloudy,7,3,False,False,False,False,False,0.0
2026-07-25T05:03:05Z,IL,IL00070IE002700042,38.7849,-89.7023,69,Chance Showers And Thunderstorms,30,3,False,False,True,True,False,0.1
2026-07-25T05:03:05Z,IL,IL00080IW011700016,41.4473,-88.3285,64,Mostly Clear,0,5,False,False,False,False,False,0.0
2026-07-25T05:03:05Z,IL,IL00039IN008500036,41.7236,-89.0062,62,Mostly Clear,0,5,False,False,False,False,False,0.0
2026-07-25T05:03:05Z,IL,IL00070IE008600051,39.0651,-88.6745,69,Isolated Rain Showers,19,0,False,False,True,False,False,0.05
2026-07-25T05:03:05Z,IL,IL00064IW008500012,38.2766,-88.8012,69,Mostly Cloudy,8,1,False,False,False,False,False,0.0
2026-07-25T05:03:05Z,IL,IL00070IW002700015,38.7884,-89.6889,69,Chance Showers And Thunderstorms,30,3,False,False,True,True,False,0.1
2026-07-25T05:03:05Z,IL,IL00055IS019400021,40.8371,-88.6833,63,Mostly Clear,2,5,False,False,False,False,False,0.0
2026-07-25T05:03:05Z,IL,IL00057IS033300046,41.3918,-87.7749,63,Mostly Clear,0,5,False,False,False,False,False,0.0
2026-07-25T05:03:05Z,IL,IL00072IE015200041,39.9923,-88.7827,69,Mostly Cloudy,12,3,False,False,False,False,False,0.0
2026-07-25T05:03:05Z,IL,IL00055IN014900028,40.3599,-89.1099,67,Mostly Cloudy,11,3,False,False,False,False,False,0.0
2026-07-25T05:03:05Z,IL,IL00057IS026800022,40.5613,-88.0615,64,Mostly Clear,1,5,False,False,False,False,False,0.0
2026-07-25T05:03:05Z,IL,IL00057IS022200054,39.9314,-88.3043,69,Mostly Cloudy,8,2,False,False,False,False,False,0.0
2026-07-25T05:03:05Z,IL,IL00057IN007900034,38.0297,-88.9203,69,Slight Chance Rain Showers,20,0,False,False,True,False,False,0.05
2026-07-25T05:03:05Z,IL,IL00080IW005100013,41.3937,-89.5591,68,Mostly Clear,5,5,False,False,False,False,False,0.0
2026-07-25T05:03:05Z,IL,IL00064IW013000053,38.2322,-87.9882,70,Mostly Cloudy,4,1,False,False,False,False,False,0.0
2026-07-25T05:03:05Z,IL,IL00074IW015600009,40.2711,-88.6701,67,Partly Cloudy,2,3,False,False,False,False,False,0.0
2026-07-25T05:03:05Z,IL,IL00074IW002800020,41.2141,-90.3308,68,Mostly Cloudy,10,5,False,False,False,False,False,0.0
2026-07-25T05:03:05Z,IL,IL00055IS002700019,38.8723,-89.8511,69,Chance Showers And Thunderstorms,30,3,False,False,True,True,False,0.1
2026-07-25T05:03:05Z,IL,IL00064IW002500011,38.5491,-89.7633,70,Chance Showers And Thunderstorms,30,3,False,False,True,True,False,0.1
2026-07-25T05:03:05Z,IL,IL00057IS011400023,38.5965,-88.9677,69,Chance Showers And Thunderstorms,30,1,False,False,True,True,False,0.1
2026-07-25T05:03:05Z,IL,IL00057IN026800032,40.5505,-88.0605,64,Mostly Clear,1,5,False,False,False,False,False,0.0
2026-07-25T05:03:05Z,IL,IL00070IW008700045,39.0679,-88.6704,69,Isolated Rain Showers,19,0,False,False,True,False,False,0.05
2026-07-25T05:03:05Z,IL,IL00057IS016500018,39.1993,-88.502,70,Isolated Rain Showers,15,0,False,False,True,False,False,0.05
2026-07-25T05:03:05Z,IL,IL00074IW011400006,40.6111,-89.2323,67,Mostly Cloudy,8,2,False,False,False,False,False,0.0
2026-07-25T05:03:05Z,IL,IL00074IE011400005,40.6125,-89.245,67,Mostly Cloudy,8,2,False,False,False,False,False,0.0
2026-07-25T05:03:05Z,IL,IL00074IE006200001,40.8788,-90.0936,68,Mostly Cloudy,13,2,False,False,False,False,False,0.0
2026-07-25T05:03:05Z,IL,IL00070IW014900008,39.4228,-87.6617,70,Mostly Cloudy,6,0,False,False,False,False,False,0.0
2026-07-25T05:03:05Z,IL,IL00057IN016500044,39.1898,-88.5031,70,Mostly Cloudy,4,1,False,False,False,False,False,0.0
2026-07-25T05:03:05Z,IL,IL00055IS010400024,39.8871,-89.5966,70,Isolated Rain Showers,21,2,False,False,True,False,False,0.05
2026-07-25T05:03:05Z,IL,IL00057IS003200025,37.4699,-89.1329,70,Chance Rain Showers,25,0,False,False,True,False,False,0.05
2026-07-25T05:03:05Z,IL,IL00057IN003200035,37.4661,-89.1324,70,Chance Rain Showers,25,0,False,False,True,False,False,0.05
2026-07-25T05:03:05Z,IN,322,38.195,-87.8597,70,Mostly Cloudy,3,0,False,False,False,False,False,0.0
2026-07-25T05:03:05Z,IN,317,38.5852,-85.7768,68,Mostly Cloudy,2,1,False,False,False,False,False,0.0
2026-07-25T05:03:05Z,IN,316,38.5859,-85.7809,68,Mostly Cloudy,2,1,False,False,False,False,False,0.0
2026-07-25T05:03:05Z,IN,315,39.2602,-85.9521,67,Partly Cloudy,0,0,False,False,False,False,False,0.0
2026-07-25T05:03:05Z,IN,314,39.2767,-85.9569,68,Partly Cloudy,0,0,False,False,False,False,False,0.0
2026-07-25T05:03:05Z,IN,313,40.1578,-86.5387,64,Mostly Clear,0,0,False,False,False,False,False,0.0
2026-07-25T05:03:05Z,IN,312,40.1722,-86.5522,64,Mostly Clear,0,0,False,False,False,False,False,0.0
2026-07-25T05:03:05Z,IN,311,40.6992,-87.0628,63,Clear,0,0,False,False,False,False,False,0.0
2026-07-25T05:03:05Z,IN,310,40.6984,-87.0646,63,Clear,0,0,False,False,False,False,False,0.0
2026-07-25T05:03:05Z,IN,308,41.1653,-87.271,62,Mostly Clear,0,5,False,False,False,False,False,0.0
2026-07-25T05:03:05Z,IN,309,41.1666,-87.2749,62,Mostly Clear,0,5,False,False,False,False,False,0.0
2026-07-25T05:03:05Z,IN,318,40.3543,-85.5576,63,Mostly Clear,0,0,False,False,False,False,False,0.0
2026-07-25T05:03:05Z,IN,319,40.3569,-85.56,63,Mostly Clear,0,0,False,False,False,False,False,0.0
2026-07-25T05:03:05Z,IN,320,41.2963,-85.0863,62,Mostly Clear,0,0,False,False,False,False,False,0.0
2026-07-25T05:03:05Z,IN,321,41.5803,-85.0597,62,Mostly Clear,0,0,False,False,False,False,False,0.0
2026-07-25T05:03:05Z,IN,300,39.4417,-87.5002,68,Partly Cloudy,2,0,False,False,False,False,False,0.0
2026-07-25T05:03:05Z,IN,302,39.6517,-86.3967,67,Partly Cloudy,0,0,False,False,False,False,False,0.0
2026-07-25T05:03:05Z,IN,301,39.6541,-86.4005,67,Partly Cloudy,0,0,False,False,False,False,False,0.0
2026-07-25T05:03:05Z,IN,303,39.8243,-85.7039,64,Mostly Clear,0,0,False,False,False,False,False,0.0
2026-07-25T05:03:05Z,IN,304,39.8266,-85.704,64,Mostly Clear,0,0,False,False,False,False,False,0.0
2026-07-25T05:03:05Z,IN,305,39.8605,-85.0259,63,Mostly Clear,0,0,False,False,False,False,False,0.0
2026-07-25T05:03:05Z,KY,KY00065IS0000020N65WELCOM,36.6434,-86.5687,70,Mostly Cloudy,8,0,False,False,False,False,False,0.0
2026-07-25T05:03:05Z,KY,KY00065IS000020NSMARATHON,36.6612,-86.5553,70,Mostly Cloudy,8,1,False,False,False,False,False,0.0
2026-07-25T05:03:05Z,KY,KY00065IS0000340NWEIGHS34,36.6868,-86.5379,70,Mostly Cloudy,8,1,False,False,False,False,False,0.0
2026-07-25T05:03:05Z,KY,KY00065IS0011400S65SRA114,37.9464,-85.6905,70,Mostly Cloudy,3,1,False,False,False,False,False,0.0
2026-07-25T05:03:05Z,KY,KY00065IS0005900S65SRA059,37.239,-85.9297,69,Mostly Cloudy,6,1,False,False,False,False,False,0.0
2026-07-25T05:03:05Z,KY,KY00065IS0005900N65NRA059,37.2384,-85.9271,69,Mostly Cloudy,6,1,False,False,False,False,False,0.0
2026-07-25T05:03:05Z,KY,KY00075IS0003300NWEIGHS33,37.0422,-84.0968,68,Partly Cloudy,4,0,False,False,False,False,False,0.0
2026-07-25T05:03:05Z,KY,KY00075IS0003400SWEIGHS34,37.048,-84.0997,69,Partly Cloudy,4,0,False,False,False,False,False,0.0
2026-07-25T05:03:05Z,KY,KY00075IS0017700N75NRA177,38.937,-84.6309,68,Partly Cloudy,1,2,False,False,False,False,False,0.0
2026-07-25T05:03:05Z,KY,KY00075IS0007500SWALTONWS,38.8653,-84.6476,68,Partly Cloudy,1,2,False,False,False,False,False,0.0
2026-07-25T05:03:05Z,KY,KY00075IS0017700S75SRA177,38.9388,-84.6339,68,Partly Cloudy,1,2,False,False,False,False,False,0.0
2026-07-25T05:03:05Z,KY,KY00075IS0016800SCRITENWS,38.8196,-84.6015,68,Partly Cloudy,1,2,False,False,False,False,False,0.0
2026-07-25T05:03:05Z,KY,KY00075IS0000100N75WELCOM,36.6162,-84.1054,69,Partly Cloudy,3,0,False,False,False,False,False,0.0
2026-07-25T05:19:33Z,IL,IL00074IW006200004,40.8802,-90.0895,68,Mostly Cloudy,13,2,False,False,False,False,False,0.0
2026-07-25T05:19:33Z,IL,IL00064IE002500038,38.5481,-89.7731,70,Chance Showers And Thunderstorms,30,3,False,False,True,True,False,0.1
2026-07-25T05:19:33Z,IL,IL00080IE011700043,41.4314,-88.3454,63,Mostly Clear,0,5,False,False,False,False,False,0.0
2026-07-25T05:19:33Z,IL,IL00024IW003700010,37.1593,-88.6798,70,Slight Chance Rain Showers,16,0,False,False,True,False,False,0.05
2026-07-25T05:19:33Z,IL,IL00057IS007900047,38.0962,-88.9138,70,Slight Chance Rain Showers,18,1,False,False,True,False,False,0.05
2026-07-25T05:19:33Z,IL,IL00057IN033300049,41.3892,-87.7729,63,Mostly Clear,0,5,False,False,False,False,False,0.0
2026-07-25T05:19:33Z,IL,IL00074IW020800052,40.1298,-87.7441,66,Partly Cloudy,3,0,False,False,False,False,False,0.0
2026-07-25T05:19:33Z,IL,IL00074IE002800030,41.2334,-90.333,68,Mostly Cloudy,10,5,False,False,False,False,False,0.0
2026-07-25T05:19:33Z,IL,IL00039IS008500026,41.7285,-89.0105,62,Mostly Clear,0,5,False,False,False,False,False,0.0
2026-07-25T05:19:33Z,IL,IL00055IN002700029,38.8649,-89.8532,69,Chance Showers And Thunderstorms,30,3,False,False,True,True,False,0.1
2026-07-25T05:19:33Z,IL,IL00080IE005100040,41.3938,-89.5665,67,Mostly Clear,5,5,False,False,False,False,False,0.0
2026-07-25T05:19:33Z,IL,IL00055IN019400031,40.8234,-88.6875,63,Mostly Clear,2,5,False,False,False,False,False,0.0
2026-07-25T05:19:33Z,IL,IL00057IN011400033,38.5963,-88.9638,69,Chance Showers And Thunderstorms,30,1,False,False,True,True,False,0.1
2026-07-25T05:19:33Z,IL,IL00064IE008500039,38.273,-88.8496,69,Mostly Cloudy,9,0,False,False,False,False,False,0.0
2026-07-25T05:19:33Z,IL,IL00055IS006400017,39.3523,-89.6447,67,Chance Showers And Thunderstorms,30,3,False,False,True,True,False,0.1
2026-07-25T05:19:33Z,IL,IL00072IW015200014,39.9888,-88.7852,69,Mostly Cloudy,12,3,False,False,False,False,False,0.0
2026-07-25T05:19:33Z,IL,IL00055IN010400050,39.8627,-89.5948,69,Isolated Rain Showers,21,2,False,False,True,False,False,0.05
2026-07-25T05:19:33Z,IL,IL00057IN022200048,39.9218,-88.299,69,Mostly Cloudy,8,2,False,False,False,False,False,0.0
2026-07-25T05:19:33Z,IL,IL00055IN006400027,39.3465,-89.6408,68,Chance Showers And Thunderstorms,30,3,False,False,True,True,False,0.1
2026-07-25T05:19:33Z,IL,IL00074IE015600037,40.2732,-88.6762,67,Mostly Cloudy,7,3,False,False,False,False,False,0.0
2026-07-25T05:19:33Z,IL,IL00070IE002700042,38.7849,-89.7023,69,Chance Showers And Thunderstorms,30,3,False,False,True,True,False,0.1
2026-07-25T05:19:33Z,IL,IL00080IW011700016,41.4473,-88.3285,64,Mostly Clear,0,5,False,False,False,False,False,0.0
2026-07-25T05:19:33Z,IL,IL00039IN008500036,41.7236,-89.0062,62,Mostly Clear,0,5,False,False,False,False,False,0.0
2026-07-25T05:19:33Z,IL,IL00070IE008600051,39.0651,-88.6745,69,Isolated Rain Showers,19,0,False,False,True,False,False,0.05
2026-07-25T05:19:33Z,IL,IL00064IW008500012,38.2766,-88.8012,69,Mostly Cloudy,8,1,False,False,False,False,False,0.0
2026-07-25T05:19:33Z,IL,IL00070IW002700015,38.7884,-89.6889,69,Chance Showers And Thunderstorms,30,3,False,False,True,True,False,0.1
2026-07-25T05:19:33Z,IL,IL00055IS019400021,40.8371,-88.6833,63,Mostly Clear,2,5,False,False,False,False,False,0.0
2026-07-25T05:19:33Z,IL,IL00057IS033300046,41.3918,-87.7749,63,Mostly Clear,0,5,False,False,False,False,False,0.0
2026-07-25T05:19:33Z,IL,IL00072IE015200041,39.9923,-88.7827,69,Mostly Cloudy,12,3,False,False,False,False,False,0.0
2026-07-25T05:19:33Z,IL,IL00055IN014900028,40.3599,-89.1099,67,Mostly Cloudy,11,3,False,False,False,False,False,0.0
2026-07-25T05:19:33Z,IL,IL00057IS026800022,40.5613,-88.0615,64,Mostly Clear,1,5,False,False,False,False,False,0.0
2026-07-25T05:19:33Z,IL,IL00057IS022200054,39.9314,-88.3043,69,Mostly Cloudy,8,2,False,False,False,False,False,0.0
2026-07-25T05:19:33Z,IL,IL00057IN007900034,38.0297,-88.9203,69,Slight Chance Rain Showers,20,0,False,False,True,False,False,0.05
2026-07-25T05:19:33Z,IL,IL00080IW005100013,41.3937,-89.5591,68,Mostly Clear,5,5,False,False,False,False,False,0.0
2026-07-25T05:19:33Z,IL,IL00064IW013000053,38.2322,-87.9882,70,Mostly Cloudy,4,1,False,False,False,False,False,0.0
2026-07-25T05:19:33Z,IL,IL00074IW015600009,40.2711,-88.6701,67,Partly Cloudy,2,3,False,False,False,False,False,0.0
2026-07-25T05:19:33Z,IL,IL00074IW002800020,41.2141,-90.3308,68,Mostly Cloudy,10,5,False,False,False,False,False,0.0
2026-07-25T05:19:33Z,IL,IL00055IS002700019,38.8723,-89.8511,69,Chance Showers And Thunderstorms,30,3,False,False,True,True,False,0.1
2026-07-25T05:19:33Z,IL,IL00064IW002500011,38.5491,-89.7633,70,Chance Showers And Thunderstorms,30,3,False,False,True,True,False,0.1
2026-07-25T05:19:33Z,IL,IL00057IS011400023,38.5965,-88.9677,69,Chance Showers And Thunderstorms,30,1,False,False,True,True,False,0.1
2026-07-25T05:19:33Z,IL,IL00057IN026800032,40.5505,-88.0605,64,Mostly Clear,1,5,False,False,False,False,False,0.0
2026-07-25T05:19:33Z,IL,IL00070IW008700045,39.0679,-88.6704,69,Isolated Rain Showers,19,0,False,False,True,False,False,0.05
2026-07-25T05:19:33Z,IL,IL00057IS016500018,39.1993,-88.502,70,Isolated Rain Showers,15,0,False,False,True,False,False,0.05
2026-07-25T05:19:33Z,IL,IL00074IW011400006,40.6111,-89.2323,67,Mostly Cloudy,8,2,False,False,False,False,False,0.0
2026-07-25T05:19:33Z,IL,IL00074IE011400005,40.6125,-89.245,67,Mostly Cloudy,8,2,False,False,False,False,False,0.0
2026-07-25T05:19:33Z,IL,IL00074IE006200001,40.8788,-90.0936,68,Mostly Cloudy,13,2,False,False,False,False,False,0.0
2026-07-25T05:19:33Z,IL,IL00070IW014900008,39.4228,-87.6617,70,Mostly Cloudy,6,0,False,False,False,False,False,0.0
2026-07-25T05:19:33Z,IL,IL00057IN016500044,39.1898,-88.5031,70,Mostly Cloudy,4,1,False,False,False,False,False,0.0
2026-07-25T05:19:33Z,IL,IL00055IS010400024,39.8871,-89.5966,70,Isolated Rain Showers,21,2,False,False,True,False,False,0.05
2026-07-25T05:19:33Z,IL,IL00057IS003200025,37.4699,-89.1329,70,Chance Rain Showers,25,0,False,False,True,False,False,0.05
2026-07-25T05:19:33Z,IL,IL00057IN003200035,37.4661,-89.1324,70,Chance Rain Showers,25,0,False,False,True,False,False,0.05
2026-07-25T05:19:33Z,IN,322,38.195,-87.8597,70,Mostly Cloudy,3,0,False,False,False,False,False,0.0
2026-07-25T05:19:33Z,IN,317,38.5852,-85.7768,68,Mostly Cloudy,2,1,False,False,False,False,False,0.0
2026-07-25T05:19:33Z,IN,316,38.5859,-85.7809,68,Mostly Cloudy,2,1,False,False,False,False,False,0.0
2026-07-25T05:19:33Z,IN,315,39.2602,-85.9521,67,Partly Cloudy,0,0,False,False,False,False,False,0.0
2026-07-25T05:19:33Z,IN,314,39.2767,-85.9569,68,Partly Cloudy,0,0,False,False,False,False,False,0.0
2026-07-25T05:19:33Z,IN,313,40.1578,-86.5387,64,Mostly Clear,0,0,False,False,False,False,False,0.0
2026-07-25T05:19:33Z,IN,312,40.1722,-86.5522,64,Mostly Clear,0,0,False,False,False,False,False,0.0
2026-07-25T05:19:33Z,IN,311,40.6992,-87.0628,63,Clear,0,0,False,False,False,False,False,0.0
2026-07-25T05:19:33Z,IN,310,40.6984,-87.0646,63,Clear,0,0,False,False,False,False,False,0.0
2026-07-25T05:19:33Z,IN,308,41.1653,-87.271,62,Mostly Clear,0,5,False,False,False,False,False,0.0
2026-07-25T05:19:33Z,IN,309,41.1666,-87.2749,62,Mostly Clear,0,5,False,False,False,False,False,0.0
2026-07-25T05:19:33Z,IN,318,40.3543,-85.5576,63,Mostly Clear,0,0,False,False,False,False,False,0.0
2026-07-25T05:19:33Z,IN,319,40.3569,-85.56,63,Mostly Clear,0,0,False,False,False,False,False,0.0
2026-07-25T05:19:33Z,IN,320,41.2963,-85.0863,62,Mostly Clear,0,0,False,False,False,False,False,0.0
2026-07-25T05:19:33Z,IN,321,41.5803,-85.0597,62,Mostly Clear,0,0,False,False,False,False,False,0.0
2026-07-25T05:19:33Z,IN,300,39.4417,-87.5002,68,Partly Cloudy,2,0,False,False,False,False,False,0.0
2026-07-25T05:19:33Z,IN,302,39.6517,-86.3967,67,Partly Cloudy,0,0,False,False,False,False,False,0.0
2026-07-25T05:19:33Z,IN,301,39.6541,-86.4005,67,Partly Cloudy,0,0,False,False,False,False,False,0.0
2026-07-25T05:19:33Z,IN,303,39.8243,-85.7039,64,Mostly Clear,0,0,False,False,False,False,False,0.0
2026-07-25T05:19:33Z,IN,304,39.8266,-85.704,64,Mostly Clear,0,0,False,False,False,False,False,0.0
2026-07-25T05:19:33Z,IN,305,39.8605,-85.0259,63,Mostly Clear,0,0,False,False,False,False,False,0.0
2026-07-25T05:19:33Z,KY,KY00065IS0000020N65WELCOM,36.6434,-86.5687,70,Mostly Cloudy,8,0,False,False,False,False,False,0.0
2026-07-25T05:19:33Z,KY,KY00065IS000020NSMARATHON,36.6612,-86.5553,70,Mostly Cloudy,8,1,False,False,False,False,False,0.0
2026-07-25T05:19:33Z,KY,KY00065IS0000340NWEIGHS34,36.6868,-86.5379,70,Mostly Cloudy,8,1,False,False,False,False,False,0.0
2026-07-25T05:19:33Z,KY,KY00065IS0011400S65SRA114,37.9464,-85.6905,70,Mostly Cloudy,3,1,False,False,False,False,False,0.0
2026-07-25T05:19:33Z,KY,KY00065IS0005900S65SRA059,37.239,-85.9297,69,Mostly Cloudy,6,1,False,False,False,False,False,0.0
2026-07-25T05:19:33Z,KY,KY00065IS0005900N65NRA059,37.2384,-85.9271,69,Mostly Cloudy,6,1,False,False,False,False,False,0.0
2026-07-25T05:19:33Z,KY,KY00075IS0003300NWEIGHS33,37.0422,-84.0968,68,Partly Cloudy,4,0,False,False,False,False,False,0.0
2026-07-25T05:19:33Z,KY,KY00075IS0003400SWEIGHS34,37.048,-84.0997,69,Partly Cloudy,4,0,False,False,False,False,False,0.0
2026-07-25T05:19:33Z,KY,KY00075IS0017700N75NRA177,38.937,-84.6309,68,Partly Cloudy,1,2,False,False,False,False,False,0.0
2026-07-25T05:19:33Z,KY,KY00075IS0007500SWALTONWS,38.8653,-84.6476,68,Partly Cloudy,1,2,False,False,False,False,False,0.0
2026-07-25T05:19:33Z,KY,KY00075IS0017700S75SRA177,38.9388,-84.6339,68,Partly Cloudy,1,2,False,False,False,False,False,0.0
2026-07-25T05:19:33Z,KY,KY00075IS0016800SCRITENWS,38.8196,-84.6015,68,Partly Cloudy,1,2,False,False,False,False,False,0.0
2026-07-25T05:19:33Z,KY,KY00075IS0000100N75WELCOM,36.6162,-84.1054,69,Partly Cloudy,3,0,False,False,False,False,False,0.0
2026-07-25T05:36:01Z,IL,IL00074IW006200004,40.8802,-90.0895,67,Mostly Cloudy,6,3,False,False,False,False,False,0.0
2026-07-25T05:36:01Z,IL,IL00064IE002500038,38.5481,-89.7731,70,Chance Rain Showers,41,3,False,False,True,False,False,0.05
2026-07-25T05:36:01Z,IL,IL00080IE011700043,41.4314,-88.3454,63,Mostly Clear,0,5,False,False,False,False,False,0.0
2026-07-25T05:36:01Z,IL,IL00024IW003700010,37.1593,-88.6798,70,Slight Chance Rain Showers,16,0,False,False,True,False,False,0.05
2026-07-25T05:36:01Z,IL,IL00057IS007900047,38.0962,-88.9138,71,Chance Rain Showers,27,1,False,False,True,False,False,0.05
2026-07-25T05:36:01Z,IL,IL00057IN033300049,41.3892,-87.7729,63,Mostly Clear,1,0,False,False,False,False,False,0.0
2026-07-25T05:36:01Z,IL,IL00074IW020800052,40.1298,-87.7441,65,Mostly Clear,0,0,False,False,False,False,False,0.0
2026-07-25T05:36:01Z,IL,IL00074IE002800030,41.2334,-90.333,67,Slight Chance Rain Showers,15,5,False,False,True,False,False,0.05
2026-07-25T05:36:01Z,IL,IL00039IS008500026,41.7285,-89.0105,61,Mostly Clear,1,5,False,False,False,False,False,0.0
2026-07-25T05:36:01Z,IL,IL00055IN002700029,38.8649,-89.8532,68,Chance Rain Showers,45,3,False,False,True,False,False,0.05
2026-07-25T05:36:01Z,IL,IL00080IE005100040,41.3938,-89.5665,67,Mostly Clear,5,5,False,False,False,False,False,0.0
2026-07-25T05:36:01Z,IL,IL00055IN019400031,40.8234,-88.6875,63,Mostly Clear,2,0,False,False,False,False,False,0.0
2026-07-25T05:36:01Z,IL,IL00057IN011400033,38.5963,-88.9638,69,Chance Rain Showers,29,1,False,False,True,False,False,0.05
2026-07-25T05:36:01Z,IL,IL00064IE008500039,38.273,-88.8496,68,Chance Rain Showers,27,0,False,False,True,False,False,0.05
2026-07-25T05:36:01Z,IL,IL00055IS006400017,39.3523,-89.6447,67,Chance Showers And Thunderstorms,30,3,False,False,True,True,False,0.1
2026-07-25T05:36:01Z,IL,IL00072IW015200014,39.9888,-88.7852,67,Partly Cloudy,4,3,False,False,False,False,False,0.0
2026-07-25T05:36:01Z,IL,IL00055IN010400050,39.8627,-89.5948,69,Mostly Cloudy,12,2,False,False,False,False,False,0.0
2026-07-25T05:36:01Z,IL,IL00057IN022200048,39.9218,-88.299,67,Mostly Clear,2,2,False,False,False,False,False,0.0
2026-07-25T05:36:01Z,IL,IL00055IN006400027,39.3465,-89.6408,66,Chance Rain Showers,33,3,False,False,True,False,False,0.05
2026-07-25T05:36:01Z,IL,IL00074IE015600037,40.2732,-88.6762,65,Mostly Clear,2,3,False,False,False,False,False,0.0
2026-07-25T05:36:01Z,IL,IL00070IE002700042,38.7849,-89.7023,69,Chance Showers And Thunderstorms,30,3,False,False,True,True,False,0.1
2026-07-25T05:36:01Z,IL,IL00080IW011700016,41.4473,-88.3285,64,Mostly Clear,0,5,False,False,False,False,False,0.0
2026-07-25T05:36:01Z,IL,IL00039IN008500036,41.7236,-89.0062,61,Mostly Clear,1,5,False,False,False,False,False,0.0
2026-07-25T05:36:01Z,IL,IL00070IE008600051,39.0651,-88.6745,69,Mostly Cloudy,8,0,False,False,False,False,False,0.0
2026-07-25T05:36:01Z,IL,IL00064IW008500012,38.2766,-88.8012,69,Chance Rain Showers,27,0,False,False,True,False,False,0.05
2026-07-25T05:36:01Z,IL,IL00070IW002700015,38.7884,-89.6889,68,Chance Rain Showers,45,3,False,False,True,False,False,0.05
2026-07-25T05:36:01Z,IL,IL00055IS019400021,40.8371,-88.6833,63,Mostly Clear,2,0,False,False,False,False,False,0.0
2026-07-25T05:36:01Z,IL,IL00057IS033300046,41.3918,-87.7749,63,Mostly Clear,1,5,False,False,False,False,False,0.0
2026-07-25T05:36:01Z,IL,IL00072IE015200041,39.9923,-88.7827,67,Partly Cloudy,4,3,False,False,False,False,False,0.0
2026-07-25T05:36:01Z,IL,IL00055IN014900028,40.3599,-89.1099,65,Partly Cloudy,2,3,False,False,False,False,False,0.0
2026-07-25T05:36:01Z,IL,IL00057IS026800022,40.5613,-88.0615,63,Mostly Clear,1,0,False,False,False,False,False,0.0
2026-07-25T05:36:01Z,IL,IL00057IS022200054,39.9314,-88.3043,67,Mostly Clear,2,2,False,False,False,False,False,0.0
2026-07-25T05:36:01Z,IL,IL00057IN007900034,38.0297,-88.9203,68,Chance Rain Showers,27,0,False,False,True,False,False,0.05
2026-07-25T05:36:01Z,IL,IL00080IW005100013,41.3937,-89.5591,66,Mostly Clear,7,0,False,False,False,False,False,0.0
2026-07-25T05:36:01Z,IL,IL00064IW013000053,38.2322,-87.9882,70,Slight Chance Rain Showers,24,0,False,False,True,False,False,0.05
2026-07-25T05:36:01Z,IL,IL00074IW015600009,40.2711,-88.6701,67,Partly Cloudy,2,3,False,False,False,False,False,0.0
2026-07-25T05:36:01Z,IL,IL00074IW002800020,41.2141,-90.3308,67,Slight Chance Rain Showers,15,5,False,False,True,False,False,0.05
2026-07-25T05:36:01Z,IL,IL00055IS002700019,38.8723,-89.8511,68,Chance Rain Showers,45,3,False,False,True,False,False,0.05
2026-07-25T05:36:01Z,IL,IL00064IW002500011,38.5491,-89.7633,70,Chance Rain Showers,41,3,False,False,True,False,False,0.05
2026-07-25T05:36:01Z,IL,IL00057IS011400023,38.5965,-88.9677,69,Chance Rain Showers,29,1,False,False,True,False,False,0.05
2026-07-25T05:36:01Z,IL,IL00057IN026800032,40.5505,-88.0605,63,Mostly Clear,1,0,False,False,False,False,False,0.0
2026-07-25T05:36:01Z,IL,IL00070IW008700045,39.0679,-88.6704,69,Mostly Cloudy,8,0,False,False,False,False,False,0.0
2026-07-25T05:36:01Z,IL,IL00057IS016500018,39.1993,-88.502,68,Mostly Cloudy,6,1,False,False,False,False,False,0.0
2026-07-25T05:36:01Z,IL,IL00074IW011400006,40.6111,-89.2323,66,Partly Cloudy,1,2,False,False,False,False,False,0.0
2026-07-25T05:36:01Z,IL,IL00074IE011400005,40.6125,-89.245,66,Partly Cloudy,1,2,False,False,False,False,False,0.0
2026-07-25T05:36:01Z,IL,IL00074IE006200001,40.8788,-90.0936,67,Mostly Cloudy,6,3,False,False,False,False,False,0.0
2026-07-25T05:36:01Z,IL,IL00070IW014900008,39.4228,-87.6617,69,Mostly Cloudy,3,0,False,False,False,False,False,0.0
2026-07-25T05:36:01Z,IL,IL00057IN016500044,39.1898,-88.5031,70,Mostly Cloudy,4,1,False,False,False,False,False,0.0
2026-07-25T05:36:01Z,IL,IL00055IS010400024,39.8871,-89.5966,68,Mostly Cloudy,11,2,False,False,False,False,False,0.0
2026-07-25T05:36:01Z,IL,IL00057IS003200025,37.4699,-89.1329,69,Slight Chance Rain Showers,19,0,False,False,True,False,False,0.05
2026-07-25T05:36:01Z,IL,IL00057IN003200035,37.4661,-89.1324,69,Slight Chance Rain Showers,19,0,False,False,True,False,False,0.05
2026-07-25T05:36:01Z,IN,322,38.195,-87.8597,69,Slight Chance Rain Showers,22,0,False,False,True,False,False,0.05
2026-07-25T05:36:01Z,IN,317,38.5852,-85.7768,68,Mostly Cloudy,1,1,False,False,False,False,False,0.0
2026-07-25T05:36:01Z,IN,316,38.5859,-85.7809,68,Mostly Cloudy,1,1,False,False,False,False,False,0.0
2026-07-25T05:36:01Z,IN,315,39.2602,-85.9521,66,Partly Cloudy,1,1,False,False,False,False,False,0.0
2026-07-25T05:36:01Z,IN,314,39.2767,-85.9569,68,Partly Cloudy,0,0,False,False,False,False,False,0.0
2026-07-25T05:36:01Z,IN,313,40.1578,-86.5387,63,Mostly Clear,1,2,False,False,False,False,False,0.0
2026-07-25T05:36:01Z,IN,312,40.1722,-86.5522,63,Mostly Clear,1,2,False,False,False,False,False,0.0
2026-07-25T05:36:01Z,IN,311,40.6992,-87.0628,63,Clear,0,0,False,False,False,False,False,0.0
2026-07-25T05:36:01Z,IN,310,40.6984,-87.0646,63,Clear,0,0,False,False,False,False,False,0.0
2026-07-25T05:36:01Z,IN,308,41.1653,-87.271,62,Partly Cloudy,0,0,False,False,False,False,False,0.0
2026-07-25T05:36:01Z,IN,309,41.1666,-87.2749,62,Partly Cloudy,0,0,False,False,False,False,False,0.0
2026-07-25T05:36:01Z,IN,318,40.3543,-85.5576,61,Clear,0,1,False,False,False,False,False,0.0
2026-07-25T05:36:01Z,IN,319,40.3569,-85.56,61,Clear,0,1,False,False,False,False,False,0.0
2026-07-25T05:36:01Z,IN,320,41.2963,-85.0863,61,Clear,0,0,False,False,False,False,False,0.0
2026-07-25T05:36:01Z,IN,321,41.5803,-85.0597,61,Mostly Clear,0,0,False,False,False,False,False,0.0
2026-07-25T05:36:01Z,IN,300,39.4417,-87.5002,68,Partly Cloudy,2,1,False,False,False,False,False,0.0
2026-07-25T05:36:01Z,IN,302,39.6517,-86.3967,66,Mostly Clear,1,1,False,False,False,False,False,0.0
2026-07-25T05:36:01Z,IN,301,39.6541,-86.4005,66,Mostly Clear,1,1,False,False,False,False,False,0.0
2026-07-25T05:36:01Z,IN,303,39.8243,-85.7039,63,Mostly Clear,0,2,False,False,False,False,False,0.0
2026-07-25T05:36:01Z,IN,304,39.8266,-85.704,63,Mostly Clear,0,2,False,False,False,False,False,0.0
2026-07-25T05:36:01Z,IN,305,39.8605,-85.0259,61,Mostly Clear,0,0,False,False,False,False,False,0.0
2026-07-25T05:36:01Z,KY,KY00065IS0000020N65WELCOM,36.6434,-86.5687,69,Mostly Cloudy,5,0,False,False,False,False,False,0.0
2026-07-25T05:36:01Z,KY,KY00065IS000020NSMARATHON,36.6612,-86.5553,69,Mostly Cloudy,5,1,False,False,False,False,False,0.0
2026-07-25T05:36:01Z,KY,KY00065IS0000340NWEIGHS34,36.6868,-86.5379,70,Mostly Cloudy,5,1,False,False,False,False,False,0.0
2026-07-25T05:36:01Z,KY,KY00065IS0011400S65SRA114,37.9464,-85.6905,69,Mostly Cloudy,2,1,False,False,False,False,False,0.0
2026-07-25T05:36:01Z,KY,KY00065IS0005900S65SRA059,37.239,-85.9297,69,Mostly Cloudy,4,2,False,False,False,False,False,0.0
2026-07-25T05:36:01Z,KY,KY00065IS0005900N65NRA059,37.2384,-85.9271,69,Mostly Cloudy,4,2,False,False,False,False,False,0.0
2026-07-25T05:36:01Z,KY,KY00075IS0003300NWEIGHS33,37.0422,-84.0968,68,Partly Cloudy,4,0,False,False,False,False,False,0.0
2026-07-25T05:36:01Z,KY,KY00075IS0003400SWEIGHS34,37.048,-84.0997,72,Mostly Cloudy,3,1,False,False,False,False,False,0.0
2026-07-25T05:36:01Z,KY,KY00075IS0017700N75NRA177,38.937,-84.6309,66,Partly Cloudy,0,1,False,False,False,False,False,0.0
2026-07-25T05:36:01Z,KY,KY00075IS0007500SWALTONWS,38.8653,-84.6476,66,Partly Cloudy,0,1,False,False,False,False,False,0.0
2026-07-25T05:36:01Z,KY,KY00075IS0017700S75SRA177,38.9388,-84.6339,66,Partly Cloudy,0,1,False,False,False,False,False,0.0
2026-07-25T05:36:01Z,KY,KY00075IS0016800SCRITENWS,38.8196,-84.6015,66,Partly Cloudy,0,1,False,False,False,False,False,0.0
2026-07-25T05:36:01Z,KY,KY00075IS0000100N75WELCOM,36.6162,-84.1054,68,Mostly Cloudy,2,1,False,False,False,False,False,0.0
2026-07-25T05:52:50Z,IL,IL00074IW006200004,40.8802,-90.0895,67,Mostly Cloudy,6,3,False,False,False,False,False,0.0
2026-07-25T05:52:50Z,IL,IL00064IE002500038,38.5481,-89.7731,70,Chance Rain Showers,41,3,False,False,True,False,False,0.05
2026-07-25T05:52:50Z,IL,IL00080IE011700043,41.4314,-88.3454,63,Mostly Clear,0,5,False,False,False,False,False,0.0
2026-07-25T05:52:50Z,IL,IL00024IW003700010,37.1593,-88.6798,70,Slight Chance Rain Showers,16,0,False,False,True,False,False,0.05
2026-07-25T05:52:50Z,IL,IL00057IS007900047,38.0962,-88.9138,71,Chance Rain Showers,27,1,False,False,True,False,False,0.05
2026-07-25T05:52:50Z,IL,IL00057IN033300049,41.3892,-87.7729,63,Mostly Clear,1,0,False,False,False,False,False,0.0
2026-07-25T05:52:50Z,IL,IL00074IW020800052,40.1298,-87.7441,65,Mostly Clear,0,0,False,False,False,False,False,0.0
2026-07-25T05:52:50Z,IL,IL00074IE002800030,41.2334,-90.333,67,Slight Chance Rain Showers,15,5,False,False,True,False,False,0.05
2026-07-25T05:52:50Z,IL,IL00039IS008500026,41.7285,-89.0105,61,Mostly Clear,1,5,False,False,False,False,False,0.0
2026-07-25T05:52:50Z,IL,IL00055IN002700029,38.8649,-89.8532,68,Chance Rain Showers,45,3,False,False,True,False,False,0.05
2026-07-25T05:52:50Z,IL,IL00080IE005100040,41.3938,-89.5665,66,Mostly Clear,7,0,False,False,False,False,False,0.0
2026-07-25T05:52:50Z,IL,IL00055IN019400031,40.8234,-88.6875,63,Mostly Clear,2,0,False,False,False,False,False,0.0
2026-07-25T05:52:50Z,IL,IL00057IN011400033,38.5963,-88.9638,69,Chance Rain Showers,29,1,False,False,True,False,False,0.05
2026-07-25T05:52:50Z,IL,IL00064IE008500039,38.273,-88.8496,68,Chance Rain Showers,27,0,False,False,True,False,False,0.05
2026-07-25T05:52:50Z,IL,IL00055IS006400017,39.3523,-89.6447,66,Chance Rain Showers,33,3,False,False,True,False,False,0.05
2026-07-25T05:52:50Z,IL,IL00072IW015200014,39.9888,-88.7852,67,Partly Cloudy,4,3,False,False,False,False,False,0.0
2026-07-25T05:52:50Z,IL,IL00055IN010400050,39.8627,-89.5948,69,Mostly Cloudy,12,2,False,False,False,False,False,0.0
2026-07-25T05:52:50Z,IL,IL00057IN022200048,39.9218,-88.299,67,Mostly Clear,2,2,False,False,False,False,False,0.0
2026-07-25T05:52:50Z,IL,IL00055IN006400027,39.3465,-89.6408,66,Chance Rain Showers,33,3,False,False,True,False,False,0.05
2026-07-25T05:52:50Z,IL,IL00074IE015600037,40.2732,-88.6762,65,Mostly Clear,2,3,False,False,False,False,False,0.0
2026-07-25T05:52:50Z,IL,IL00070IE002700042,38.7849,-89.7023,68,Chance Rain Showers,45,3,False,False,True,False,False,0.05
2026-07-25T05:52:50Z,IL,IL00080IW011700016,41.4473,-88.3285,63,Mostly Clear,0,5,False,False,False,False,False,0.0
2026-07-25T05:52:50Z,IL,IL00039IN008500036,41.7236,-89.0062,61,Mostly Clear,1,5,False,False,False,False,False,0.0
2026-07-25T05:52:50Z,IL,IL00070IE008600051,39.0651,-88.6745,69,Mostly Cloudy,8,0,False,False,False,False,False,0.0
2026-07-25T05:52:50Z,IL,IL00064IW008500012,38.2766,-88.8012,69,Chance Rain Showers,27,0,False,False,True,False,False,0.05
2026-07-25T05:52:50Z,IL,IL00070IW002700015,38.7884,-89.6889,68,Chance Rain Showers,45,3,False,False,True,False,False,0.05
2026-07-25T05:52:50Z,IL,IL00055IS019400021,40.8371,-88.6833,63,Mostly Clear,2,0,False,False,False,False,False,0.0
2026-07-25T05:52:50Z,IL,IL00057IS033300046,41.3918,-87.7749,63,Mostly Clear,1,5,False,False,False,False,False,0.0
2026-07-25T05:52:50Z,IL,IL00072IE015200041,39.9923,-88.7827,67,Partly Cloudy,4,3,False,False,False,False,False,0.0
2026-07-25T05:52:50Z,IL,IL00055IN014900028,40.3599,-89.1099,65,Partly Cloudy,2,3,False,False,False,False,False,0.0
2026-07-25T05:52:50Z,IL,IL00057IS026800022,40.5613,-88.0615,63,Mostly Clear,1,0,False,False,False,False,False,0.0
2026-07-25T05:52:50Z,IL,IL00057IS022200054,39.9314,-88.3043,67,Mostly Clear,2,2,False,False,False,False,False,0.0
2026-07-25T05:52:50Z,IL,IL00057IN007900034,38.0297,-88.9203,68,Chance Rain Showers,27,0,False,False,True,False,False,0.05
2026-07-25T05:52:50Z,IL,IL00080IW005100013,41.3937,-89.5591,66,Mostly Clear,7,0,False,False,False,False,False,0.0
2026-07-25T05:52:50Z,IL,IL00064IW013000053,38.2322,-87.9882,70,Slight Chance Rain Showers,24,0,False,False,True,False,False,0.05
2026-07-25T05:52:50Z,IL,IL00074IW015600009,40.2711,-88.6701,65,Partly Cloudy,2,2,False,False,False,False,False,0.0
2026-07-25T05:52:50Z,IL,IL00074IW002800020,41.2141,-90.3308,67,Slight Chance Rain Showers,15,5,False,False,True,False,False,0.05
2026-07-25T05:52:50Z,IL,IL00055IS002700019,38.8723,-89.8511,68,Chance Rain Showers,45,3,False,False,True,False,False,0.05
2026-07-25T05:52:50Z,IL,IL00064IW002500011,38.5491,-89.7633,70,Chance Rain Showers,41,3,False,False,True,False,False,0.05
2026-07-25T05:52:50Z,IL,IL00057IS011400023,38.5965,-88.9677,69,Chance Rain Showers,29,1,False,False,True,False,False,0.05
2026-07-25T05:52:50Z,IL,IL00057IN026800032,40.5505,-88.0605,63,Mostly Clear,1,0,False,False,False,False,False,0.0
2026-07-25T05:52:50Z,IL,IL00070IW008700045,39.0679,-88.6704,69,Mostly Cloudy,8,0,False,False,False,False,False,0.0
2026-07-25T05:52:50Z,IL,IL00057IS016500018,39.1993,-88.502,68,Mostly Cloudy,6,1,False,False,False,False,False,0.0
2026-07-25T05:52:50Z,IL,IL00074IW011400006,40.6111,-89.2323,66,Partly Cloudy,1,2,False,False,False,False,False,0.0
2026-07-25T05:52:50Z,IL,IL00074IE011400005,40.6125,-89.245,66,Partly Cloudy,1,2,False,False,False,False,False,0.0
2026-07-25T05:52:50Z,IL,IL00074IE006200001,40.8788,-90.0936,67,Mostly Cloudy,6,3,False,False,False,False,False,0.0
2026-07-25T05:52:50Z,IL,IL00070IW014900008,39.4228,-87.6617,69,Mostly Cloudy,3,0,False,False,False,False,False,0.0
2026-07-25T05:52:50Z,IL,IL00057IN016500044,39.1898,-88.5031,68,Mostly Cloudy,10,2,False,False,False,False,False,0.0
2026-07-25T05:52:50Z,IL,IL00055IS010400024,39.8871,-89.5966,68,Mostly Cloudy,11,2,False,False,False,False,False,0.0
2026-07-25T05:52:50Z,IL,IL00057IS003200025,37.4699,-89.1329,69,Slight Chance Rain Showers,19,0,False,False,True,False,False,0.05
2026-07-25T05:52:50Z,IL,IL00057IN003200035,37.4661,-89.1324,69,Slight Chance Rain Showers,19,0,False,False,True,False,False,0.05
2026-07-25T05:52:50Z,IN,322,38.195,-87.8597,69,Slight Chance Rain Showers,22,0,False,False,True,False,False,0.05
2026-07-25T05:52:50Z,IN,317,38.5852,-85.7768,68,Mostly Cloudy,1,1,False,False,False,False,False,0.0
2026-07-25T05:52:50Z,IN,316,38.5859,-85.7809,68,Mostly Cloudy,1,1,False,False,False,False,False,0.0
2026-07-25T05:52:50Z,IN,315,39.2602,-85.9521,66,Partly Cloudy,1,1,False,False,False,False,False,0.0
2026-07-25T05:52:50Z,IN,314,39.2767,-85.9569,66,Partly Cloudy,1,1,False,False,False,False,False,0.0
2026-07-25T05:52:50Z,IN,313,40.1578,-86.5387,63,Mostly Clear,1,2,False,False,False,False,False,0.0
2026-07-25T05:52:50Z,IN,312,40.1722,-86.5522,63,Mostly Clear,1,2,False,False,False,False,False,0.0
2026-07-25T05:52:50Z,IN,311,40.6992,-87.0628,63,Clear,0,0,False,False,False,False,False,0.0
2026-07-25T05:52:50Z,IN,310,40.6984,-87.0646,63,Clear,0,0,False,False,False,False,False,0.0
2026-07-25T05:52:50Z,IN,308,41.1653,-87.271,62,Partly Cloudy,0,0,False,False,False,False,False,0.0
2026-07-25T05:52:50Z,IN,309,41.1666,-87.2749,62,Partly Cloudy,0,0,False,False,False,False,False,0.0
2026-07-25T05:52:50Z,IN,318,40.3543,-85.5576,61,Clear,0,1,False,False,False,False,False,0.0
2026-07-25T05:52:50Z,IN,319,40.3569,-85.56,61,Clear,0,1,False,False,False,False,False,0.0
2026-07-25T05:52:50Z,IN,320,41.2963,-85.0863,61,Clear,0,0,False,False,False,False,False,0.0
2026-07-25T05:52:50Z,IN,321,41.5803,-85.0597,61,Mostly Clear,0,0,False,False,False,False,False,0.0
2026-07-25T05:52:50Z,IN,300,39.4417,-87.5002,68,Partly Cloudy,2,1,False,False,False,False,False,0.0
2026-07-25T05:52:50Z,IN,302,39.6517,-86.3967,66,Mostly Clear,1,1,False,False,False,False,False,0.0
2026-07-25T05:52:50Z,IN,301,39.6541,-86.4005,66,Mostly Clear,1,1,False,False,False,False,False,0.0
2026-07-25T05:52:50Z,IN,303,39.8243,-85.7039,63,Mostly Clear,0,2,False,False,False,False,False,0.0
2026-07-25T05:52:50Z,IN,304,39.8266,-85.704,63,Mostly Clear,0,2,False,False,False,False,False,0.0
2026-07-25T05:52:50Z,IN,305,39.8605,-85.0259,61,Mostly Clear,0,0,False,False,False,False,False,0.0
2026-07-25T05:52:50Z,KY,KY00065IS0000020N65WELCOM,36.6434,-86.5687,69,Mostly Cloudy,5,0,False,False,False,False,False,0.0
2026-07-25T05:52:50Z,KY,KY00065IS000020NSMARATHON,36.6612,-86.5553,69,Mostly Cloudy,5,1,False,False,False,False,False,0.0
2026-07-25T05:52:50Z,KY,KY00065IS0000340NWEIGHS34,36.6868,-86.5379,70,Mostly Cloudy,5,1,False,False,False,False,False,0.0
2026-07-25T05:52:50Z,KY,KY00065IS0011400S65SRA114,37.9464,-85.6905,69,Mostly Cloudy,2,1,False,False,False,False,False,0.0
2026-07-25T05:52:50Z,KY,KY00065IS0005900S65SRA059,37.239,-85.9297,69,Mostly Cloudy,4,2,False,False,False,False,False,0.0
2026-07-25T05:52:50Z,KY,KY00065IS0005900N65NRA059,37.2384,-85.9271,69,Mostly Cloudy,4,2,False,False,False,False,False,0.0
2026-07-25T05:52:50Z,KY,KY00075IS0003300NWEIGHS33,37.0422,-84.0968,72,Mostly Cloudy,2,1,False,False,False,False,False,0.0
2026-07-25T05:52:50Z,KY,KY00075IS0003400SWEIGHS34,37.048,-84.0997,72,Mostly Cloudy,3,1,False,False,False,False,False,0.0
2026-07-25T05:52:50Z,KY,KY00075IS0017700N75NRA177,38.937,-84.6309,66,Partly Cloudy,0,1,False,False,False,False,False,0.0
2026-07-25T05:52:50Z,KY,KY00075IS0007500SWALTONWS,38.8653,-84.6476,66,Partly Cloudy,0,1,False,False,False,False,False,0.0
2026-07-25T05:52:50Z,KY,KY00075IS0017700S75SRA177,38.9388,-84.6339,66,Partly Cloudy,0,1,False,False,False,False,False,0.0
2026-07-25T05:52:50Z,KY,KY00075IS0016800SCRITENWS,38.8196,-84.6015,66,Partly Cloudy,0,1,False,False,False,False,False,0.0
2026-07-25T05:52:50Z,KY,KY00075IS0000100N75WELCOM,36.6162,-84.1054,68,Mostly Cloudy,2,1,False,False,False,False,False,0.0
2026-07-25T06:09:20Z,IL,IL00074IW006200004,40.8802,-90.0895,67,Mostly Cloudy,6,3,False,False,False,False,False,0.0
2026-07-25T06:09:20Z,IL,IL00064IE002500038,38.5481,-89.7731,70,Chance Rain Showers,41,3,False,False,True,False,False,0.05
2026-07-25T06:09:20Z,IL,IL00080IE011700043,41.4314,-88.3454,63,Mostly Clear,0,5,False,False,False,False,False,0.0
2026-07-25T06:09:20Z,IL,IL00024IW003700010,37.1593,-88.6798,70,Slight Chance Rain Showers,16,0,False,False,True,False,False,0.05
2026-07-25T06:09:20Z,IL,IL00057IS007900047,38.0962,-88.9138,71,Chance Rain Showers,27,1,False,False,True,False,False,0.05
2026-07-25T06:09:20Z,IL,IL00057IN033300049,41.3892,-87.7729,63,Mostly Clear,1,0,False,False,False,False,False,0.0
2026-07-25T06:09:20Z,IL,IL00074IW020800052,40.1298,-87.7441,65,Mostly Clear,0,0,False,False,False,False,False,0.0
2026-07-25T06:09:20Z,IL,IL00074IE002800030,41.2334,-90.333,67,Slight Chance Rain Showers,15,5,False,False,True,False,False,0.05
2026-07-25T06:09:20Z,IL,IL00039IS008500026,41.7285,-89.0105,61,Mostly Clear,1,5,False,False,False,False,False,0.0
2026-07-25T06:09:20Z,IL,IL00055IN002700029,38.8649,-89.8532,68,Chance Rain Showers,45,3,False,False,True,False,False,0.05
2026-07-25T06:09:20Z,IL,IL00080IE005100040,41.3938,-89.5665,66,Mostly Clear,7,0,False,False,False,False,False,0.0
2026-07-25T06:09:20Z,IL,IL00055IN019400031,40.8234,-88.6875,63,Mostly Clear,2,0,False,False,False,False,False,0.0
2026-07-25T06:09:20Z,IL,IL00057IN011400033,38.5963,-88.9638,69,Chance Rain Showers,29,1,False,False,True,False,False,0.05
2026-07-25T06:09:20Z,IL,IL00064IE008500039,38.273,-88.8496,68,Chance Rain Showers,27,0,False,False,True,False,False,0.05
2026-07-25T06:09:20Z,IL,IL00055IS006400017,39.3523,-89.6447,66,Chance Rain Showers,33,3,False,False,True,False,False,0.05
2026-07-25T06:09:20Z,IL,IL00072IW015200014,39.9888,-88.7852,67,Partly Cloudy,4,3,False,False,False,False,False,0.0
2026-07-25T06:09:20Z,IL,IL00055IN010400050,39.8627,-89.5948,69,Mostly Cloudy,12,2,False,False,False,False,False,0.0
2026-07-25T06:09:20Z,IL,IL00057IN022200048,39.9218,-88.299,67,Mostly Clear,2,2,False,False,False,False,False,0.0
2026-07-25T06:09:20Z,IL,IL00055IN006400027,39.3465,-89.6408,66,Chance Rain Showers,33,3,False,False,True,False,False,0.05
2026-07-25T06:09:20Z,IL,IL00074IE015600037,40.2732,-88.6762,65,Mostly Clear,2,3,False,False,False,False,False,0.0
2026-07-25T06:09:20Z,IL,IL00070IE002700042,38.7849,-89.7023,68,Chance Rain Showers,45,3,False,False,True,False,False,0.05
2026-07-25T06:09:20Z,IL,IL00080IW011700016,41.4473,-88.3285,63,Mostly Clear,0,5,False,False,False,False,False,0.0
2026-07-25T06:09:20Z,IL,IL00039IN008500036,41.7236,-89.0062,61,Mostly Clear,1,5,False,False,False,False,False,0.0
2026-07-25T06:09:20Z,IL,IL00070IE008600051,39.0651,-88.6745,69,Mostly Cloudy,8,0,False,False,False,False,False,0.0
2026-07-25T06:09:20Z,IL,IL00064IW008500012,38.2766,-88.8012,69,Chance Rain Showers,27,0,False,False,True,False,False,0.05
2026-07-25T06:09:20Z,IL,IL00070IW002700015,38.7884,-89.6889,68,Chance Rain Showers,45,3,False,False,True,False,False,0.05
2026-07-25T06:09:20Z,IL,IL00055IS019400021,40.8371,-88.6833,63,Mostly Clear,2,0,False,False,False,False,False,0.0
2026-07-25T06:09:20Z,IL,IL00057IS033300046,41.3918,-87.7749,63,Mostly Clear,1,5,False,False,False,False,False,0.0
2026-07-25T06:09:20Z,IL,IL00072IE015200041,39.9923,-88.7827,67,Partly Cloudy,4,3,False,False,False,False,False,0.0
2026-07-25T06:09:20Z,IL,IL00055IN014900028,40.3599,-89.1099,65,Partly Cloudy,2,3,False,False,False,False,False,0.0
2026-07-25T06:09:20Z,IL,IL00057IS026800022,40.5613,-88.0615,63,Mostly Clear,1,0,False,False,False,False,False,0.0
2026-07-25T06:09:20Z,IL,IL00057IS022200054,39.9314,-88.3043,67,Mostly Clear,2,2,False,False,False,False,False,0.0
2026-07-25T06:09:20Z,IL,IL00057IN007900034,38.0297,-88.9203,68,Chance Rain Showers,27,0,False,False,True,False,False,0.05
2026-07-25T06:09:20Z,IL,IL00080IW005100013,41.3937,-89.5591,66,Mostly Clear,7,0,False,False,False,False,False,0.0
2026-07-25T06:09:20Z,IL,IL00064IW013000053,38.2322,-87.9882,70,Slight Chance Rain Showers,24,0,False,False,True,False,False,0.05
2026-07-25T06:09:20Z,IL,IL00074IW015600009,40.2711,-88.6701,65,Partly Cloudy,2,2,False,False,False,False,False,0.0
2026-07-25T06:09:20Z,IL,IL00074IW002800020,41.2141,-90.3308,67,Slight Chance Rain Showers,15,5,False,False,True,False,False,0.05
2026-07-25T06:09:20Z,IL,IL00055IS002700019,38.8723,-89.8511,68,Chance Rain Showers,45,3,False,False,True,False,False,0.05
2026-07-25T06:09:20Z,IL,IL00064IW002500011,38.5491,-89.7633,70,Chance Rain Showers,41,3,False,False,True,False,False,0.05
2026-07-25T06:09:20Z,IL,IL00057IS011400023,38.5965,-88.9677,69,Chance Rain Showers,29,1,False,False,True,False,False,0.05
2026-07-25T06:09:20Z,IL,IL00057IN026800032,40.5505,-88.0605,63,Mostly Clear,1,0,False,False,False,False,False,0.0
2026-07-25T06:09:20Z,IL,IL00070IW008700045,39.0679,-88.6704,69,Mostly Cloudy,8,0,False,False,False,False,False,0.0
2026-07-25T06:09:20Z,IL,IL00057IS016500018,39.1993,-88.502,68,Mostly Cloudy,6,1,False,False,False,False,False,0.0
2026-07-25T06:09:20Z,IL,IL00074IW011400006,40.6111,-89.2323,66,Partly Cloudy,1,2,False,False,False,False,False,0.0
2026-07-25T06:09:20Z,IL,IL00074IE011400005,40.6125,-89.245,66,Partly Cloudy,1,2,False,False,False,False,False,0.0
2026-07-25T06:09:20Z,IL,IL00074IE006200001,40.8788,-90.0936,67,Mostly Cloudy,6,3,False,False,False,False,False,0.0
2026-07-25T06:09:20Z,IL,IL00070IW014900008,39.4228,-87.6617,69,Mostly Cloudy,3,0,False,False,False,False,False,0.0
2026-07-25T06:09:20Z,IL,IL00057IN016500044,39.1898,-88.5031,68,Mostly Cloudy,10,2,False,False,False,False,False,0.0
2026-07-25T06:09:20Z,IL,IL00055IS010400024,39.8871,-89.5966,68,Mostly Cloudy,11,2,False,False,False,False,False,0.0
2026-07-25T06:09:20Z,IL,IL00057IS003200025,37.4699,-89.1329,69,Slight Chance Rain Showers,19,0,False,False,True,False,False,0.05
2026-07-25T06:09:20Z,IL,IL00057IN003200035,37.4661,-89.1324,69,Slight Chance Rain Showers,19,0,False,False,True,False,False,0.05
2026-07-25T06:09:20Z,IN,322,38.195,-87.8597,69,Slight Chance Rain Showers,22,0,False,False,True,False,False,0.05
2026-07-25T06:09:20Z,IN,317,38.5852,-85.7768,68,Mostly Cloudy,1,1,False,False,False,False,False,0.0
2026-07-25T06:09:20Z,IN,316,38.5859,-85.7809,68,Mostly Cloudy,1,1,False,False,False,False,False,0.0
2026-07-25T06:09:20Z,IN,315,39.2602,-85.9521,66,Partly Cloudy,1,1,False,False,False,False,False,0.0
2026-07-25T06:09:20Z,IN,314,39.2767,-85.9569,66,Partly Cloudy,1,1,False,False,False,False,False,0.0
2026-07-25T06:09:20Z,IN,313,40.1578,-86.5387,63,Mostly Clear,1,2,False,False,False,False,False,0.0
2026-07-25T06:09:20Z,IN,312,40.1722,-86.5522,63,Mostly Clear,1,2,False,False,False,False,False,0.0
2026-07-25T06:09:20Z,IN,311,40.6992,-87.0628,63,Clear,0,0,False,False,False,False,False,0.0
2026-07-25T06:09:20Z,IN,310,40.6984,-87.0646,63,Clear,0,0,False,False,False,False,False,0.0
2026-07-25T06:09:20Z,IN,308,41.1653,-87.271,62,Partly Cloudy,0,0,False,False,False,False,False,0.0
2026-07-25T06:09:20Z,IN,309,41.1666,-87.2749,62,Partly Cloudy,0,0,False,False,False,False,False,0.0
2026-07-25T06:09:20Z,IN,318,40.3543,-85.5576,61,Clear,0,1,False,False,False,False,False,0.0
2026-07-25T06:09:20Z,IN,319,40.3569,-85.56,61,Clear,0,1,False,False,False,False,False,0.0
2026-07-25T06:09:20Z,IN,320,41.2963,-85.0863,61,Clear,0,0,False,False,False,False,False,0.0
2026-07-25T06:09:20Z,IN,321,41.5803,-85.0597,61,Mostly Clear,0,0,False,False,False,False,False,0.0
2026-07-25T06:09:20Z,IN,300,39.4417,-87.5002,68,Partly Cloudy,2,1,False,False,False,False,False,0.0
2026-07-25T06:09:20Z,IN,302,39.6517,-86.3967,66,Mostly Clear,1,1,False,False,False,False,False,0.0
2026-07-25T06:09:20Z,IN,301,39.6541,-86.4005,66,Mostly Clear,1,1,False,False,False,False,False,0.0
2026-07-25T06:09:20Z,IN,303,39.8243,-85.7039,63,Mostly Clear,0,2,False,False,False,False,False,0.0
2026-07-25T06:09:20Z,IN,304,39.8266,-85.704,63,Mostly Clear,0,2,False,False,False,False,False,0.0
2026-07-25T06:09:20Z,IN,305,39.8605,-85.0259,61,Mostly Clear,0,0,False,False,False,False,False,0.0
2026-07-25T06:09:20Z,KY,KY00065IS0000020N65WELCOM,36.6434,-86.5687,69,Mostly Cloudy,5,0,False,False,False,False,False,0.0
2026-07-25T06:09:20Z,KY,KY00065IS000020NSMARATHON,36.6612,-86.5553,69,Mostly Cloudy,5,1,False,False,False,False,False,0.0
2026-07-25T06:09:20Z,KY,KY00065IS0000340NWEIGHS34,36.6868,-86.5379,70,Mostly Cloudy,5,1,False,False,False,False,False,0.0
2026-07-25T06:09:20Z,KY,KY00065IS0011400S65SRA114,37.9464,-85.6905,69,Mostly Cloudy,2,1,False,False,False,False,False,0.0
2026-07-25T06:09:20Z,KY,KY00065IS0005900S65SRA059,37.239,-85.9297,69,Mostly Cloudy,4,2,False,False,False,False,False,0.0
2026-07-25T06:09:20Z,KY,KY00065IS0005900N65NRA059,37.2384,-85.9271,69,Mostly Cloudy,4,2,False,False,False,False,False,0.0
2026-07-25T06:09:20Z,KY,KY00075IS0003300NWEIGHS33,37.0422,-84.0968,72,Mostly Cloudy,2,1,False,False,False,False,False,0.0
2026-07-25T06:09:20Z,KY,KY00075IS0003400SWEIGHS34,37.048,-84.0997,72,Mostly Cloudy,3,1,False,False,False,False,False,0.0
2026-07-25T06:09:20Z,KY,KY00075IS0017700N75NRA177,38.937,-84.6309,66,Partly Cloudy,0,1,False,False,False,False,False,0.0
2026-07-25T06:09:20Z,KY,KY00075IS0007500SWALTONWS,38.8653,-84.6476,66,Partly Cloudy,0,1,False,False,False,False,False,0.0
2026-07-25T06:09:20Z,KY,KY00075IS0017700S75SRA177,38.9388,-84.6339,66,Partly Cloudy,0,1,False,False,False,False,False,0.0
2026-07-25T06:09:20Z,KY,KY00075IS0016800SCRITENWS,38.8196,-84.6015,66,Partly Cloudy,0,1,False,False,False,False,False,0.0
2026-07-25T06:09:20Z,KY,KY00075IS0000100N75WELCOM,36.6162,-84.1054,68,Mostly Cloudy,2,1,False,False,False,False,False,0.0
2026-07-25T06:25:49Z,IL,IL00074IW006200004,40.8802,-90.0895,67,Mostly Cloudy,6,3,False,False,False,False,False,0.0
2026-07-25T06:25:49Z,IL,IL00064IE002500038,38.5481,-89.7731,70,Chance Rain Showers,41,3,False,False,True,False,False,0.05
2026-07-25T06:25:49Z,IL,IL00080IE011700043,41.4314,-88.3454,63,Mostly Clear,0,5,False,False,False,False,False,0.0
2026-07-25T06:25:49Z,IL,IL00024IW003700010,37.1593,-88.6798,70,Slight Chance Rain Showers,16,0,False,False,True,False,False,0.05
2026-07-25T06:25:49Z,IL,IL00057IS007900047,38.0962,-88.9138,71,Chance Rain Showers,27,1,False,False,True,False,False,0.05
2026-07-25T06:25:49Z,IL,IL00057IN033300049,41.3892,-87.7729,63,Mostly Clear,1,0,False,False,False,False,False,0.0
2026-07-25T06:25:49Z,IL,IL00074IW020800052,40.1298,-87.7441,65,Mostly Clear,0,0,False,False,False,False,False,0.0
2026-07-25T06:25:49Z,IL,IL00074IE002800030,41.2334,-90.333,67,Slight Chance Rain Showers,15,5,False,False,True,False,False,0.05
2026-07-25T06:25:49Z,IL,IL00039IS008500026,41.7285,-89.0105,61,Mostly Clear,1,5,False,False,False,False,False,0.0
2026-07-25T06:25:49Z,IL,IL00055IN002700029,38.8649,-89.8532,68,Chance Rain Showers,45,3,False,False,True,False,False,0.05
2026-07-25T06:25:49Z,IL,IL00080IE005100040,41.3938,-89.5665,66,Mostly Clear,7,0,False,False,False,False,False,0.0
2026-07-25T06:25:49Z,IL,IL00055IN019400031,40.8234,-88.6875,63,Mostly Clear,2,0,False,False,False,False,False,0.0
2026-07-25T06:25:49Z,IL,IL00057IN011400033,38.5963,-88.9638,69,Chance Rain Showers,29,1,False,False,True,False,False,0.05
2026-07-25T06:25:49Z,IL,IL00064IE008500039,38.273,-88.8496,68,Chance Rain Showers,27,0,False,False,True,False,False,0.05
2026-07-25T06:25:49Z,IL,IL00055IS006400017,39.3523,-89.6447,66,Chance Rain Showers,33,3,False,False,True,False,False,0.05
2026-07-25T06:25:49Z,IL,IL00072IW015200014,39.9888,-88.7852,67,Partly Cloudy,4,3,False,False,False,False,False,0.0
2026-07-25T06:25:49Z,IL,IL00055IN010400050,39.8627,-89.5948,69,Mostly Cloudy,12,2,False,False,False,False,False,0.0
2026-07-25T06:25:49Z,IL,IL00057IN022200048,39.9218,-88.299,67,Mostly Clear,2,2,False,False,False,False,False,0.0
2026-07-25T06:25:49Z,IL,IL00055IN006400027,39.3465,-89.6408,66,Chance Rain Showers,33,3,False,False,True,False,False,0.05
2026-07-25T06:25:49Z,IL,IL00074IE015600037,40.2732,-88.6762,65,Mostly Clear,2,3,False,False,False,False,False,0.0
2026-07-25T06:25:49Z,IL,IL00070IE002700042,38.7849,-89.7023,68,Chance Rain Showers,45,3,False,False,True,False,False,0.05
2026-07-25T06:25:49Z,IL,IL00080IW011700016,41.4473,-88.3285,63,Mostly Clear,0,5,False,False,False,False,False,0.0
2026-07-25T06:25:49Z,IL,IL00039IN008500036,41.7236,-89.0062,61,Mostly Clear,1,5,False,False,False,False,False,0.0
2026-07-25T06:25:49Z,IL,IL00070IE008600051,39.0651,-88.6745,69,Mostly Cloudy,8,0,False,False,False,False,False,0.0
2026-07-25T06:25:49Z,IL,IL00064IW008500012,38.2766,-88.8012,69,Chance Rain Showers,27,0,False,False,True,False,False,0.05
2026-07-25T06:25:49Z,IL,IL00070IW002700015,38.7884,-89.6889,68,Chance Rain Showers,45,3,False,False,True,False,False,0.05
2026-07-25T06:25:49Z,IL,IL00055IS019400021,40.8371,-88.6833,63,Mostly Clear,2,0,False,False,False,False,False,0.0
2026-07-25T06:25:49Z,IL,IL00057IS033300046,41.3918,-87.7749,63,Mostly Clear,1,5,False,False,False,False,False,0.0
2026-07-25T06:25:49Z,IL,IL00072IE015200041,39.9923,-88.7827,67,Partly Cloudy,4,3,False,False,False,False,False,0.0
2026-07-25T06:25:49Z,IL,IL00055IN014900028,40.3599,-89.1099,65,Partly Cloudy,2,3,False,False,False,False,False,0.0
2026-07-25T06:25:49Z,IL,IL00057IS026800022,40.5613,-88.0615,63,Mostly Clear,1,0,False,False,False,False,False,0.0
2026-07-25T06:25:49Z,IL,IL00057IS022200054,39.9314,-88.3043,67,Mostly Clear,2,2,False,False,False,False,False,0.0
2026-07-25T06:25:49Z,IL,IL00057IN007900034,38.0297,-88.9203,68,Chance Rain Showers,27,0,False,False,True,False,False,0.05
2026-07-25T06:25:49Z,IL,IL00080IW005100013,41.3937,-89.5591,66,Mostly Clear,7,0,False,False,False,False,False,0.0
2026-07-25T06:25:49Z,IL,IL00064IW013000053,38.2322,-87.9882,70,Slight Chance Rain Showers,24,0,False,False,True,False,False,0.05
2026-07-25T06:25:49Z,IL,IL00074IW015600009,40.2711,-88.6701,65,Partly Cloudy,2,2,False,False,False,False,False,0.0
2026-07-25T06:25:49Z,IL,IL00074IW002800020,41.2141,-90.3308,67,Slight Chance Rain Showers,15,5,False,False,True,False,False,0.05
2026-07-25T06:25:49Z,IL,IL00055IS002700019,38.8723,-89.8511,68,Chance Rain Showers,45,3,False,False,True,False,False,0.05
2026-07-25T06:25:49Z,IL,IL00064IW002500011,38.5491,-89.7633,70,Chance Rain Showers,41,3,False,False,True,False,False,0.05
2026-07-25T06:25:49Z,IL,IL00057IS011400023,38.5965,-88.9677,69,Chance Rain Showers,29,1,False,False,True,False,False,0.05
2026-07-25T06:25:49Z,IL,IL00057IN026800032,40.5505,-88.0605,63,Mostly Clear,1,0,False,False,False,False,False,0.0
2026-07-25T06:25:49Z,IL,IL00070IW008700045,39.0679,-88.6704,69,Mostly Cloudy,8,0,False,False,False,False,False,0.0
2026-07-25T06:25:49Z,IL,IL00057IS016500018,39.1993,-88.502,68,Mostly Cloudy,6,1,False,False,False,False,False,0.0
2026-07-25T06:25:49Z,IL,IL00074IW011400006,40.6111,-89.2323,66,Partly Cloudy,1,2,False,False,False,False,False,0.0
2026-07-25T06:25:49Z,IL,IL00074IE011400005,40.6125,-89.245,66,Partly Cloudy,1,2,False,False,False,False,False,0.0
2026-07-25T06:25:49Z,IL,IL00074IE006200001,40.8788,-90.0936,67,Mostly Cloudy,6,3,False,False,False,False,False,0.0
2026-07-25T06:25:49Z,IL,IL00070IW014900008,39.4228,-87.6617,69,Mostly Cloudy,3,0,False,False,False,False,False,0.0
2026-07-25T06:25:49Z,IL,IL00057IN016500044,39.1898,-88.5031,68,Mostly Cloudy,10,2,False,False,False,False,False,0.0
2026-07-25T06:25:49Z,IL,IL00055IS010400024,39.8871,-89.5966,68,Mostly Cloudy,11,2,False,False,False,False,False,0.0
2026-07-25T06:25:49Z,IL,IL00057IS003200025,37.4699,-89.1329,69,Slight Chance Rain Showers,19,0,False,False,True,False,False,0.05
2026-07-25T06:25:49Z,IL,IL00057IN003200035,37.4661,-89.1324,69,Slight Chance Rain Showers,19,0,False,False,True,False,False,0.05
2026-07-25T06:25:49Z,IN,322,38.195,-87.8597,69,Slight Chance Rain Showers,22,0,False,False,True,False,False,0.05
2026-07-25T06:25:49Z,IN,317,38.5852,-85.7768,68,Mostly Cloudy,1,1,False,False,False,False,False,0.0
2026-07-25T06:25:49Z,IN,316,38.5859,-85.7809,68,Mostly Cloudy,1,1,False,False,False,False,False,0.0
2026-07-25T06:25:49Z,IN,315,39.2602,-85.9521,66,Partly Cloudy,1,1,False,False,False,False,False,0.0
2026-07-25T06:25:49Z,IN,314,39.2767,-85.9569,66,Partly Cloudy,1,1,False,False,False,False,False,0.0
2026-07-25T06:25:49Z,IN,313,40.1578,-86.5387,63,Mostly Clear,1,2,False,False,False,False,False,0.0
2026-07-25T06:25:49Z,IN,312,40.1722,-86.5522,63,Mostly Clear,1,2,False,False,False,False,False,0.0
2026-07-25T06:25:49Z,IN,311,40.6992,-87.0628,63,Clear,0,0,False,False,False,False,False,0.0
2026-07-25T06:25:49Z,IN,310,40.6984,-87.0646,63,Clear,0,0,False,False,False,False,False,0.0
2026-07-25T06:25:49Z,IN,308,41.1653,-87.271,62,Partly Cloudy,0,0,False,False,False,False,False,0.0
2026-07-25T06:25:49Z,IN,309,41.1666,-87.2749,62,Partly Cloudy,0,0,False,False,False,False,False,0.0
2026-07-25T06:25:49Z,IN,318,40.3543,-85.5576,61,Clear,0,1,False,False,False,False,False,0.0
2026-07-25T06:25:49Z,IN,319,40.3569,-85.56,61,Clear,0,1,False,False,False,False,False,0.0
2026-07-25T06:25:49Z,IN,320,41.2963,-85.0863,61,Clear,0,0,False,False,False,False,False,0.0
2026-07-25T06:25:49Z,IN,321,41.5803,-85.0597,61,Mostly Clear,0,0,False,False,False,False,False,0.0
2026-07-25T06:25:49Z,IN,300,39.4417,-87.5002,68,Partly Cloudy,2,1,False,False,False,False,False,0.0
2026-07-25T06:25:49Z,IN,302,39.6517,-86.3967,66,Mostly Clear,1,1,False,False,False,False,False,0.0
2026-07-25T06:25:49Z,IN,301,39.6541,-86.4005,66,Mostly Clear,1,1,False,False,False,False,False,0.0
2026-07-25T06:25:49Z,IN,303,39.8243,-85.7039,63,Mostly Clear,0,2,False,False,False,False,False,0.0
2026-07-25T06:25:49Z,IN,304,39.8266,-85.704,63,Mostly Clear,0,2,False,False,False,False,False,0.0
2026-07-25T06:25:49Z,IN,305,39.8605,-85.0259,61,Mostly Clear,0,0,False,False,False,False,False,0.0
2026-07-25T06:25:49Z,KY,KY00065IS0000020N65WELCOM,36.6434,-86.5687,69,Mostly Cloudy,5,0,False,False,False,False,False,0.0
2026-07-25T06:25:49Z,KY,KY00065IS000020NSMARATHON,36.6612,-86.5553,69,Mostly Cloudy,5,1,False,False,False,False,False,0.0
2026-07-25T06:25:49Z,KY,KY00065IS0000340NWEIGHS34,36.6868,-86.5379,70,Mostly Cloudy,5,1,False,False,False,False,False,0.0
2026-07-25T06:25:49Z,KY,KY00065IS0011400S65SRA114,37.9464,-85.6905,69,Mostly Cloudy,2,1,False,False,False,False,False,0.0
2026-07-25T06:25:49Z,KY,KY00065IS0005900S65SRA059,37.239,-85.9297,69,Mostly Cloudy,4,2,False,False,False,False,False,0.0
2026-07-25T06:25:49Z,KY,KY00065IS0005900N65NRA059,37.2384,-85.9271,69,Mostly Cloudy,4,2,False,False,False,False,False,0.0
2026-07-25T06:25:49Z,KY,KY00075IS0003300NWEIGHS33,37.0422,-84.0968,72,Mostly Cloudy,2,1,False,False,False,False,False,0.0
2026-07-25T06:25:49Z,KY,KY00075IS0003400SWEIGHS34,37.048,-84.0997,72,Mostly Cloudy,3,1,False,False,False,False,False,0.0
2026-07-25T06:25:49Z,KY,KY00075IS0017700N75NRA177,38.937,-84.6309,66,Partly Cloudy,0,1,False,False,False,False,False,0.0
2026-07-25T06:25:49Z,KY,KY00075IS0007500SWALTONWS,38.8653,-84.6476,66,Partly Cloudy,0,1,False,False,False,False,False,0.0
2026-07-25T06:25:49Z,KY,KY00075IS0017700S75SRA177,38.9388,-84.6339,66,Partly Cloudy,0,1,False,False,False,False,False,0.0
2026-07-25T06:25:49Z,KY,KY00075IS0016800SCRITENWS,38.8196,-84.6015,66,Partly Cloudy,0,1,False,False,False,False,False,0.0
2026-07-25T06:25:49Z,KY,KY00075IS0000100N75WELCOM,36.6162,-84.1054,68,Mostly Cloudy,2,1,False,False,False,False,False,0.0
